t_ms,raw,subject,gesture,attempt,reason
1453520,0,n2,grip,1,중앙값 1227 < rest 기준선 0 + 5σ(8248)
1453522,0,n2,grip,1,중앙값 1227 < rest 기준선 0 + 5σ(8248)
1453524,0,n2,grip,1,중앙값 1227 < rest 기준선 0 + 5σ(8248)
1453526,0,n2,grip,1,중앙값 1227 < rest 기준선 0 + 5σ(8248)
1453528,0,n2,grip,1,중앙값 1227 < rest 기준선 0 + 5σ(8248)
1453530,0,n2,grip,1,중앙값 1227 < rest 기준선 0 + 5σ(8248)
1453532,0,n2,grip,1,중앙값 1227 < rest 기준선 0 + 5σ(8248)
1453534,0,n2,grip,1,중앙값 1227 < rest 기준선 0 + 5σ(8248)
1453536,0,n2,grip,1,중앙값 1227 < rest 기준선 0 + 5σ(8248)
1453538,0,n2,grip,1,중앙값 1227 < rest 기준선 0 + 5σ(8248)
1453540,0,n2,grip,1,중앙값 1227 < rest 기준선 0 + 5σ(8248)
1453542,0,n2,grip,1,중앙값 1227 < rest 기준선 0 + 5σ(8248)
1453544,0,n2,grip,1,중앙값 1227 < rest 기준선 0 + 5σ(8248)
1453546,0,n2,grip,1,중앙값 1227 < rest 기준선 0 + 5σ(8248)
1453548,0,n2,grip,1,중앙값 1227 < rest 기준선 0 + 5σ(8248)
1453550,0,n2,grip,1,중앙값 1227 < rest 기준선 0 + 5σ(8248)
1453552,0,n2,grip,1,중앙값 1227 < rest 기준선 0 + 5σ(8248)
1453554,0,n2,grip,1,중앙값 1227 < rest 기준선 0 + 5σ(8248)
1453556,0,n2,grip,1,중앙값 1227 < rest 기준선 0 + 5σ(8248)
1453558,0,n2,grip,1,중앙값 1227 < rest 기준선 0 + 5σ(8248)
1453560,0,n2,grip,1,중앙값 1227 < rest 기준선 0 + 5σ(8248)
1453562,0,n2,grip,1,중앙값 1227 < rest 기준선 0 + 5σ(8248)
1453564,0,n2,grip,1,중앙값 1227 < rest 기준선 0 + 5σ(8248)
1453566,0,n2,grip,1,중앙값 1227 < rest 기준선 0 + 5σ(8248)
1453568,0,n2,grip,1,중앙값 1227 < rest 기준선 0 + 5σ(8248)
1453570,0,n2,grip,1,중앙값 1227 < rest 기준선 0 + 5σ(8248)
1453572,0,n2,grip,1,중앙값 1227 < rest 기준선 0 + 5σ(8248)
1453574,0,n2,grip,1,중앙값 1227 < rest 기준선 0 + 5σ(8248)
1453576,0,n2,grip,1,중앙값 1227 < rest 기준선 0 + 5σ(8248)
1453578,0,n2,grip,1,중앙값 1227 < rest 기준선 0 + 5σ(8248)
1453580,0,n2,grip,1,중앙값 1227 < rest 기준선 0 + 5σ(8248)
1453582,0,n2,grip,1,중앙값 1227 < rest 기준선 0 + 5σ(8248)
1453584,0,n2,grip,1,중앙값 1227 < rest 기준선 0 + 5σ(8248)
1453586,0,n2,grip,1,중앙값 1227 < rest 기준선 0 + 5σ(8248)
1453588,0,n2,grip,1,중앙값 1227 < rest 기준선 0 + 5σ(8248)
1453590,0,n2,grip,1,중앙값 1227 < rest 기준선 0 + 5σ(8248)
1453592,0,n2,grip,1,중앙값 1227 < rest 기준선 0 + 5σ(8248)
1453594,0,n2,grip,1,중앙값 1227 < rest 기준선 0 + 5σ(8248)
1453596,0,n2,grip,1,중앙값 1227 < rest 기준선 0 + 5σ(8248)
1453598,0,n2,grip,1,중앙값 1227 < rest 기준선 0 + 5σ(8248)
1453600,0,n2,grip,1,중앙값 1227 < rest 기준선 0 + 5σ(8248)
1453602,0,n2,grip,1,중앙값 1227 < rest 기준선 0 + 5σ(8248)
1453604,0,n2,grip,1,중앙값 1227 < rest 기준선 0 + 5σ(8248)
1453606,0,n2,grip,1,중앙값 1227 < rest 기준선 0 + 5σ(8248)
1453608,0,n2,grip,1,중앙값 1227 < rest 기준선 0 + 5σ(8248)
1453610,0,n2,grip,1,중앙값 1227 < rest 기준선 0 + 5σ(8248)
1453612,0,n2,grip,1,중앙값 1227 < rest 기준선 0 + 5σ(8248)
1453614,0,n2,grip,1,중앙값 1227 < rest 기준선 0 + 5σ(8248)
1453616,0,n2,grip,1,중앙값 1227 < rest 기준선 0 + 5σ(8248)
1453618,0,n2,grip,1,중앙값 1227 < rest 기준선 0 + 5σ(8248)
1453620,0,n2,grip,1,중앙값 1227 < rest 기준선 0 + 5σ(8248)
1453622,0,n2,grip,1,중앙값 1227 < rest 기준선 0 + 5σ(8248)
1453624,0,n2,grip,1,중앙값 1227 < rest 기준선 0 + 5σ(8248)
1453626,0,n2,grip,1,중앙값 1227 < rest 기준선 0 + 5σ(8248)
1453628,0,n2,grip,1,중앙값 1227 < rest 기준선 0 + 5σ(8248)
1453630,0,n2,grip,1,중앙값 1227 < rest 기준선 0 + 5σ(8248)
1453632,0,n2,grip,1,중앙값 1227 < rest 기준선 0 + 5σ(8248)
1453634,0,n2,grip,1,중앙값 1227 < rest 기준선 0 + 5σ(8248)
1453636,0,n2,grip,1,중앙값 1227 < rest 기준선 0 + 5σ(8248)
1453638,0,n2,grip,1,중앙값 1227 < rest 기준선 0 + 5σ(8248)
1453640,0,n2,grip,1,중앙값 1227 < rest 기준선 0 + 5σ(8248)
1453642,0,n2,grip,1,중앙값 1227 < rest 기준선 0 + 5σ(8248)
1453644,0,n2,grip,1,중앙값 1227 < rest 기준선 0 + 5σ(8248)
1453646,0,n2,grip,1,중앙값 1227 < rest 기준선 0 + 5σ(8248)
1453648,0,n2,grip,1,중앙값 1227 < rest 기준선 0 + 5σ(8248)
1453650,0,n2,grip,1,중앙값 1227 < rest 기준선 0 + 5σ(8248)
1453652,0,n2,grip,1,중앙값 1227 < rest 기준선 0 + 5σ(8248)
1453654,0,n2,grip,1,중앙값 1227 < rest 기준선 0 + 5σ(8248)
1453656,0,n2,grip,1,중앙값 1227 < rest 기준선 0 + 5σ(8248)
1453658,0,n2,grip,1,중앙값 1227 < rest 기준선 0 + 5σ(8248)
1453660,0,n2,grip,1,중앙값 1227 < rest 기준선 0 + 5σ(8248)
1453662,0,n2,grip,1,중앙값 1227 < rest 기준선 0 + 5σ(8248)
1453664,0,n2,grip,1,중앙값 1227 < rest 기준선 0 + 5σ(8248)
1453666,0,n2,grip,1,중앙값 1227 < rest 기준선 0 + 5σ(8248)
1453668,0,n2,grip,1,중앙값 1227 < rest 기준선 0 + 5σ(8248)
1453670,0,n2,grip,1,중앙값 1227 < rest 기준선 0 + 5σ(8248)
1453672,0,n2,grip,1,중앙값 1227 < rest 기준선 0 + 5σ(8248)
1453674,0,n2,grip,1,중앙값 1227 < rest 기준선 0 + 5σ(8248)
1453676,0,n2,grip,1,중앙값 1227 < rest 기준선 0 + 5σ(8248)
1453678,0,n2,grip,1,중앙값 1227 < rest 기준선 0 + 5σ(8248)
1453680,0,n2,grip,1,중앙값 1227 < rest 기준선 0 + 5σ(8248)
1453682,0,n2,grip,1,중앙값 1227 < rest 기준선 0 + 5σ(8248)
1453684,0,n2,grip,1,중앙값 1227 < rest 기준선 0 + 5σ(8248)
1453686,0,n2,grip,1,중앙값 1227 < rest 기준선 0 + 5σ(8248)
1453688,0,n2,grip,1,중앙값 1227 < rest 기준선 0 + 5σ(8248)
1453690,0,n2,grip,1,중앙값 1227 < rest 기준선 0 + 5σ(8248)
1453692,0,n2,grip,1,중앙값 1227 < rest 기준선 0 + 5σ(8248)
1453694,0,n2,grip,1,중앙값 1227 < rest 기준선 0 + 5σ(8248)
1453696,0,n2,grip,1,중앙값 1227 < rest 기준선 0 + 5σ(8248)
1453698,0,n2,grip,1,중앙값 1227 < rest 기준선 0 + 5σ(8248)
1453700,0,n2,grip,1,중앙값 1227 < rest 기준선 0 + 5σ(8248)
1453702,0,n2,grip,1,중앙값 1227 < rest 기준선 0 + 5σ(8248)
1453704,0,n2,grip,1,중앙값 1227 < rest 기준선 0 + 5σ(8248)
1453706,0,n2,grip,1,중앙값 1227 < rest 기준선 0 + 5σ(8248)
1453708,0,n2,grip,1,중앙값 1227 < rest 기준선 0 + 5σ(8248)
1453710,0,n2,grip,1,중앙값 1227 < rest 기준선 0 + 5σ(8248)
1453712,0,n2,grip,1,중앙값 1227 < rest 기준선 0 + 5σ(8248)
1453714,0,n2,grip,1,중앙값 1227 < rest 기준선 0 + 5σ(8248)
1453716,0,n2,grip,1,중앙값 1227 < rest 기준선 0 + 5σ(8248)
1453718,0,n2,grip,1,중앙값 1227 < rest 기준선 0 + 5σ(8248)
1453720,0,n2,grip,1,중앙값 1227 < rest 기준선 0 + 5σ(8248)
1453722,0,n2,grip,1,중앙값 1227 < rest 기준선 0 + 5σ(8248)
1453724,0,n2,grip,1,중앙값 1227 < rest 기준선 0 + 5σ(8248)
1453726,0,n2,grip,1,중앙값 1227 < rest 기준선 0 + 5σ(8248)
1453728,0,n2,grip,1,중앙값 1227 < rest 기준선 0 + 5σ(8248)
1453730,0,n2,grip,1,중앙값 1227 < rest 기준선 0 + 5σ(8248)
1453732,0,n2,grip,1,중앙값 1227 < rest 기준선 0 + 5σ(8248)
1453734,0,n2,grip,1,중앙값 1227 < rest 기준선 0 + 5σ(8248)
1453736,0,n2,grip,1,중앙값 1227 < rest 기준선 0 + 5σ(8248)
1453738,0,n2,grip,1,중앙값 1227 < rest 기준선 0 + 5σ(8248)
1453740,0,n2,grip,1,중앙값 1227 < rest 기준선 0 + 5σ(8248)
1453742,0,n2,grip,1,중앙값 1227 < rest 기준선 0 + 5σ(8248)
1453744,0,n2,grip,1,중앙값 1227 < rest 기준선 0 + 5σ(8248)
1453746,0,n2,grip,1,중앙값 1227 < rest 기준선 0 + 5σ(8248)
1453748,0,n2,grip,1,중앙값 1227 < rest 기준선 0 + 5σ(8248)
1453750,0,n2,grip,1,중앙값 1227 < rest 기준선 0 + 5σ(8248)
1453752,0,n2,grip,1,중앙값 1227 < rest 기준선 0 + 5σ(8248)
1453754,0,n2,grip,1,중앙값 1227 < rest 기준선 0 + 5σ(8248)
1453756,0,n2,grip,1,중앙값 1227 < rest 기준선 0 + 5σ(8248)
1453758,0,n2,grip,1,중앙값 1227 < rest 기준선 0 + 5σ(8248)
1453760,0,n2,grip,1,중앙값 1227 < rest 기준선 0 + 5σ(8248)
1453762,0,n2,grip,1,중앙값 1227 < rest 기준선 0 + 5σ(8248)
1453764,0,n2,grip,1,중앙값 1227 < rest 기준선 0 + 5σ(8248)
1453766,0,n2,grip,1,중앙값 1227 < rest 기준선 0 + 5σ(8248)
1453768,0,n2,grip,1,중앙값 1227 < rest 기준선 0 + 5σ(8248)
1453770,0,n2,grip,1,중앙값 1227 < rest 기준선 0 + 5σ(8248)
1453772,0,n2,grip,1,중앙값 1227 < rest 기준선 0 + 5σ(8248)
1453774,0,n2,grip,1,중앙값 1227 < rest 기준선 0 + 5σ(8248)
1453776,9,n2,grip,1,중앙값 1227 < rest 기준선 0 + 5σ(8248)
1453778,2,n2,grip,1,중앙값 1227 < rest 기준선 0 + 5σ(8248)
1453780,0,n2,grip,1,중앙값 1227 < rest 기준선 0 + 5σ(8248)
1453782,0,n2,grip,1,중앙값 1227 < rest 기준선 0 + 5σ(8248)
1453784,0,n2,grip,1,중앙값 1227 < rest 기준선 0 + 5σ(8248)
1453786,0,n2,grip,1,중앙값 1227 < rest 기준선 0 + 5σ(8248)
1453788,0,n2,grip,1,중앙값 1227 < rest 기준선 0 + 5σ(8248)
1453790,0,n2,grip,1,중앙값 1227 < rest 기준선 0 + 5σ(8248)
1453792,0,n2,grip,1,중앙값 1227 < rest 기준선 0 + 5σ(8248)
1453794,0,n2,grip,1,중앙값 1227 < rest 기준선 0 + 5σ(8248)
1453796,0,n2,grip,1,중앙값 1227 < rest 기준선 0 + 5σ(8248)
1453798,0,n2,grip,1,중앙값 1227 < rest 기준선 0 + 5σ(8248)
1453800,0,n2,grip,1,중앙값 1227 < rest 기준선 0 + 5σ(8248)
1453802,0,n2,grip,1,중앙값 1227 < rest 기준선 0 + 5σ(8248)
1453804,0,n2,grip,1,중앙값 1227 < rest 기준선 0 + 5σ(8248)
1453806,0,n2,grip,1,중앙값 1227 < rest 기준선 0 + 5σ(8248)
1453808,0,n2,grip,1,중앙값 1227 < rest 기준선 0 + 5σ(8248)
1453810,0,n2,grip,1,중앙값 1227 < rest 기준선 0 + 5σ(8248)
1453812,0,n2,grip,1,중앙값 1227 < rest 기준선 0 + 5σ(8248)
1453814,0,n2,grip,1,중앙값 1227 < rest 기준선 0 + 5σ(8248)
1453816,0,n2,grip,1,중앙값 1227 < rest 기준선 0 + 5σ(8248)
1453818,0,n2,grip,1,중앙값 1227 < rest 기준선 0 + 5σ(8248)
1453820,0,n2,grip,1,중앙값 1227 < rest 기준선 0 + 5σ(8248)
1453822,0,n2,grip,1,중앙값 1227 < rest 기준선 0 + 5σ(8248)
1453824,0,n2,grip,1,중앙값 1227 < rest 기준선 0 + 5σ(8248)
1453826,0,n2,grip,1,중앙값 1227 < rest 기준선 0 + 5σ(8248)
1453828,0,n2,grip,1,중앙값 1227 < rest 기준선 0 + 5σ(8248)
1453830,2,n2,grip,1,중앙값 1227 < rest 기준선 0 + 5σ(8248)
1453832,11,n2,grip,1,중앙값 1227 < rest 기준선 0 + 5σ(8248)
1453834,36,n2,grip,1,중앙값 1227 < rest 기준선 0 + 5σ(8248)
1453836,64,n2,grip,1,중앙값 1227 < rest 기준선 0 + 5σ(8248)
1453838,99,n2,grip,1,중앙값 1227 < rest 기준선 0 + 5σ(8248)
1453840,137,n2,grip,1,중앙값 1227 < rest 기준선 0 + 5σ(8248)
1453842,154,n2,grip,1,중앙값 1227 < rest 기준선 0 + 5σ(8248)
1453844,224,n2,grip,1,중앙값 1227 < rest 기준선 0 + 5σ(8248)
1453846,263,n2,grip,1,중앙값 1227 < rest 기준선 0 + 5σ(8248)
1453848,252,n2,grip,1,중앙값 1227 < rest 기준선 0 + 5σ(8248)
1453850,245,n2,grip,1,중앙값 1227 < rest 기준선 0 + 5σ(8248)
1453852,267,n2,grip,1,중앙값 1227 < rest 기준선 0 + 5σ(8248)
1453854,256,n2,grip,1,중앙값 1227 < rest 기준선 0 + 5σ(8248)
1453856,244,n2,grip,1,중앙값 1227 < rest 기준선 0 + 5σ(8248)
1453858,240,n2,grip,1,중앙값 1227 < rest 기준선 0 + 5σ(8248)
1453860,221,n2,grip,1,중앙값 1227 < rest 기준선 0 + 5σ(8248)
1453862,219,n2,grip,1,중앙값 1227 < rest 기준선 0 + 5σ(8248)
1453864,221,n2,grip,1,중앙값 1227 < rest 기준선 0 + 5σ(8248)
1453866,210,n2,grip,1,중앙값 1227 < rest 기준선 0 + 5σ(8248)
1453868,199,n2,grip,1,중앙값 1227 < rest 기준선 0 + 5σ(8248)
1453870,189,n2,grip,1,중앙값 1227 < rest 기준선 0 + 5σ(8248)
1453872,178,n2,grip,1,중앙값 1227 < rest 기준선 0 + 5σ(8248)
1453874,164,n2,grip,1,중앙값 1227 < rest 기준선 0 + 5σ(8248)
1453876,156,n2,grip,1,중앙값 1227 < rest 기준선 0 + 5σ(8248)
1453878,145,n2,grip,1,중앙값 1227 < rest 기준선 0 + 5σ(8248)
1453880,138,n2,grip,1,중앙값 1227 < rest 기준선 0 + 5σ(8248)
1453882,129,n2,grip,1,중앙값 1227 < rest 기준선 0 + 5σ(8248)
1453884,119,n2,grip,1,중앙값 1227 < rest 기준선 0 + 5σ(8248)
1453886,115,n2,grip,1,중앙값 1227 < rest 기준선 0 + 5σ(8248)
1453888,108,n2,grip,1,중앙값 1227 < rest 기준선 0 + 5σ(8248)
1453890,97,n2,grip,1,중앙값 1227 < rest 기준선 0 + 5σ(8248)
1453892,87,n2,grip,1,중앙값 1227 < rest 기준선 0 + 5σ(8248)
1453894,83,n2,grip,1,중앙값 1227 < rest 기준선 0 + 5σ(8248)
1453896,78,n2,grip,1,중앙값 1227 < rest 기준선 0 + 5σ(8248)
1453898,69,n2,grip,1,중앙값 1227 < rest 기준선 0 + 5σ(8248)
1453900,64,n2,grip,1,중앙값 1227 < rest 기준선 0 + 5σ(8248)
1453902,59,n2,grip,1,중앙값 1227 < rest 기준선 0 + 5σ(8248)
1453904,51,n2,grip,1,중앙값 1227 < rest 기준선 0 + 5σ(8248)
1453906,50,n2,grip,1,중앙값 1227 < rest 기준선 0 + 5σ(8248)
1453908,52,n2,grip,1,중앙값 1227 < rest 기준선 0 + 5σ(8248)
1453910,141,n2,grip,1,중앙값 1227 < rest 기준선 0 + 5σ(8248)
1453912,457,n2,grip,1,중앙값 1227 < rest 기준선 0 + 5σ(8248)
1453914,659,n2,grip,1,중앙값 1227 < rest 기준선 0 + 5σ(8248)
1453916,848,n2,grip,1,중앙값 1227 < rest 기준선 0 + 5σ(8248)
1453918,1014,n2,grip,1,중앙값 1227 < rest 기준선 0 + 5σ(8248)
1453920,1178,n2,grip,1,중앙값 1227 < rest 기준선 0 + 5σ(8248)
1453922,1333,n2,grip,1,중앙값 1227 < rest 기준선 0 + 5σ(8248)
1453924,1469,n2,grip,1,중앙값 1227 < rest 기준선 0 + 5σ(8248)
1453926,1603,n2,grip,1,중앙값 1227 < rest 기준선 0 + 5σ(8248)
1453928,1721,n2,grip,1,중앙값 1227 < rest 기준선 0 + 5σ(8248)
1453930,1844,n2,grip,1,중앙값 1227 < rest 기준선 0 + 5σ(8248)
1453932,1954,n2,grip,1,중앙값 1227 < rest 기준선 0 + 5σ(8248)
1453934,2057,n2,grip,1,중앙값 1227 < rest 기준선 0 + 5σ(8248)
1453936,2135,n2,grip,1,중앙값 1227 < rest 기준선 0 + 5σ(8248)
1453938,2224,n2,grip,1,중앙값 1227 < rest 기준선 0 + 5σ(8248)
1453940,2305,n2,grip,1,중앙값 1227 < rest 기준선 0 + 5σ(8248)
1453942,2434,n2,grip,1,중앙값 1227 < rest 기준선 0 + 5σ(8248)
1453944,2933,n2,grip,1,중앙값 1227 < rest 기준선 0 + 5σ(8248)
1453946,3820,n2,grip,1,중앙값 1227 < rest 기준선 0 + 5σ(8248)
1453948,4095,n2,grip,1,중앙값 1227 < rest 기준선 0 + 5σ(8248)
1453950,4095,n2,grip,1,중앙값 1227 < rest 기준선 0 + 5σ(8248)
1453952,4095,n2,grip,1,중앙값 1227 < rest 기준선 0 + 5σ(8248)
1453954,4095,n2,grip,1,중앙값 1227 < rest 기준선 0 + 5σ(8248)
1453956,4095,n2,grip,1,중앙값 1227 < rest 기준선 0 + 5σ(8248)
1453958,4095,n2,grip,1,중앙값 1227 < rest 기준선 0 + 5σ(8248)
1453960,4095,n2,grip,1,중앙값 1227 < rest 기준선 0 + 5σ(8248)
1453962,4095,n2,grip,1,중앙값 1227 < rest 기준선 0 + 5σ(8248)
1453964,4095,n2,grip,1,중앙값 1227 < rest 기준선 0 + 5σ(8248)
1453966,4095,n2,grip,1,중앙값 1227 < rest 기준선 0 + 5σ(8248)
1453968,4095,n2,grip,1,중앙값 1227 < rest 기준선 0 + 5σ(8248)
1453970,4095,n2,grip,1,중앙값 1227 < rest 기준선 0 + 5σ(8248)
1453972,4043,n2,grip,1,중앙값 1227 < rest 기준선 0 + 5σ(8248)
1453974,3824,n2,grip,1,중앙값 1227 < rest 기준선 0 + 5σ(8248)
1453976,3630,n2,grip,1,중앙값 1227 < rest 기준선 0 + 5σ(8248)
1453978,3478,n2,grip,1,중앙값 1227 < rest 기준선 0 + 5σ(8248)
1453980,3376,n2,grip,1,중앙값 1227 < rest 기준선 0 + 5σ(8248)
1453982,3298,n2,grip,1,중앙값 1227 < rest 기준선 0 + 5σ(8248)
1453984,3227,n2,grip,1,중앙값 1227 < rest 기준선 0 + 5σ(8248)
1453986,3184,n2,grip,1,중앙값 1227 < rest 기준선 0 + 5σ(8248)
1453988,3151,n2,grip,1,중앙값 1227 < rest 기준선 0 + 5σ(8248)
1453990,3122,n2,grip,1,중앙값 1227 < rest 기준선 0 + 5σ(8248)
1453992,3090,n2,grip,1,중앙값 1227 < rest 기준선 0 + 5σ(8248)
1453994,3067,n2,grip,1,중앙값 1227 < rest 기준선 0 + 5σ(8248)
1453996,3050,n2,grip,1,중앙값 1227 < rest 기준선 0 + 5σ(8248)
1453998,3026,n2,grip,1,중앙값 1227 < rest 기준선 0 + 5σ(8248)
1454000,3024,n2,grip,1,중앙값 1227 < rest 기준선 0 + 5σ(8248)
1454002,3017,n2,grip,1,중앙값 1227 < rest 기준선 0 + 5σ(8248)
1454004,2999,n2,grip,1,중앙값 1227 < rest 기준선 0 + 5σ(8248)
1454006,2991,n2,grip,1,중앙값 1227 < rest 기준선 0 + 5σ(8248)
1454008,2986,n2,grip,1,중앙값 1227 < rest 기준선 0 + 5σ(8248)
1454010,2985,n2,grip,1,중앙값 1227 < rest 기준선 0 + 5σ(8248)
1454012,2967,n2,grip,1,중앙값 1227 < rest 기준선 0 + 5σ(8248)
1454014,2962,n2,grip,1,중앙값 1227 < rest 기준선 0 + 5σ(8248)
1454016,2960,n2,grip,1,중앙값 1227 < rest 기준선 0 + 5σ(8248)
1454018,2960,n2,grip,1,중앙값 1227 < rest 기준선 0 + 5σ(8248)
1454020,2959,n2,grip,1,중앙값 1227 < rest 기준선 0 + 5σ(8248)
1454022,2946,n2,grip,1,중앙값 1227 < rest 기준선 0 + 5σ(8248)
1454024,2951,n2,grip,1,중앙값 1227 < rest 기준선 0 + 5σ(8248)
1454026,2947,n2,grip,1,중앙값 1227 < rest 기준선 0 + 5σ(8248)
1454028,2949,n2,grip,1,중앙값 1227 < rest 기준선 0 + 5σ(8248)
1454030,2941,n2,grip,1,중앙값 1227 < rest 기준선 0 + 5σ(8248)
1454032,2944,n2,grip,1,중앙값 1227 < rest 기준선 0 + 5σ(8248)
1454034,2931,n2,grip,1,중앙값 1227 < rest 기준선 0 + 5σ(8248)
1454036,2933,n2,grip,1,중앙값 1227 < rest 기준선 0 + 5σ(8248)
1454038,2939,n2,grip,1,중앙값 1227 < rest 기준선 0 + 5σ(8248)
1454040,2938,n2,grip,1,중앙값 1227 < rest 기준선 0 + 5σ(8248)
1454042,2932,n2,grip,1,중앙값 1227 < rest 기준선 0 + 5σ(8248)
1454044,2928,n2,grip,1,중앙값 1227 < rest 기준선 0 + 5σ(8248)
1454046,2929,n2,grip,1,중앙값 1227 < rest 기준선 0 + 5σ(8248)
1454048,2927,n2,grip,1,중앙값 1227 < rest 기준선 0 + 5σ(8248)
1454050,2928,n2,grip,1,중앙값 1227 < rest 기준선 0 + 5σ(8248)
1454052,2928,n2,grip,1,중앙값 1227 < rest 기준선 0 + 5σ(8248)
1454054,2928,n2,grip,1,중앙값 1227 < rest 기준선 0 + 5σ(8248)
1454056,2928,n2,grip,1,중앙값 1227 < rest 기준선 0 + 5σ(8248)
1454058,2927,n2,grip,1,중앙값 1227 < rest 기준선 0 + 5σ(8248)
1454060,2928,n2,grip,1,중앙값 1227 < rest 기준선 0 + 5σ(8248)
1454062,2928,n2,grip,1,중앙값 1227 < rest 기준선 0 + 5σ(8248)
1454064,2928,n2,grip,1,중앙값 1227 < rest 기준선 0 + 5σ(8248)
1454066,2927,n2,grip,1,중앙값 1227 < rest 기준선 0 + 5σ(8248)
1454068,2927,n2,grip,1,중앙값 1227 < rest 기준선 0 + 5σ(8248)
1454070,2928,n2,grip,1,중앙값 1227 < rest 기준선 0 + 5σ(8248)
1454072,2924,n2,grip,1,중앙값 1227 < rest 기준선 0 + 5σ(8248)
1454074,2928,n2,grip,1,중앙값 1227 < rest 기준선 0 + 5σ(8248)
1454076,2932,n2,grip,1,중앙값 1227 < rest 기준선 0 + 5σ(8248)
1454078,2925,n2,grip,1,중앙값 1227 < rest 기준선 0 + 5σ(8248)
1454080,2925,n2,grip,1,중앙값 1227 < rest 기준선 0 + 5σ(8248)
1454082,2932,n2,grip,1,중앙값 1227 < rest 기준선 0 + 5σ(8248)
1454084,2930,n2,grip,1,중앙값 1227 < rest 기준선 0 + 5σ(8248)
1454086,2931,n2,grip,1,중앙값 1227 < rest 기준선 0 + 5σ(8248)
1454088,2928,n2,grip,1,중앙값 1227 < rest 기준선 0 + 5σ(8248)
1454090,2929,n2,grip,1,중앙값 1227 < rest 기준선 0 + 5σ(8248)
1454092,2928,n2,grip,1,중앙값 1227 < rest 기준선 0 + 5σ(8248)
1454094,2935,n2,grip,1,중앙값 1227 < rest 기준선 0 + 5σ(8248)
1454096,2931,n2,grip,1,중앙값 1227 < rest 기준선 0 + 5σ(8248)
1454098,2934,n2,grip,1,중앙값 1227 < rest 기준선 0 + 5σ(8248)
1454100,2933,n2,grip,1,중앙값 1227 < rest 기준선 0 + 5σ(8248)
1454102,2934,n2,grip,1,중앙값 1227 < rest 기준선 0 + 5σ(8248)
1454104,2937,n2,grip,1,중앙값 1227 < rest 기준선 0 + 5σ(8248)
1454106,2930,n2,grip,1,중앙값 1227 < rest 기준선 0 + 5σ(8248)
1454108,2935,n2,grip,1,중앙값 1227 < rest 기준선 0 + 5σ(8248)
1454110,2939,n2,grip,1,중앙값 1227 < rest 기준선 0 + 5σ(8248)
1454112,2943,n2,grip,1,중앙값 1227 < rest 기준선 0 + 5σ(8248)
1454114,2941,n2,grip,1,중앙값 1227 < rest 기준선 0 + 5σ(8248)
1454116,2943,n2,grip,1,중앙값 1227 < rest 기준선 0 + 5σ(8248)
1454118,2939,n2,grip,1,중앙값 1227 < rest 기준선 0 + 5σ(8248)
1454120,2931,n2,grip,1,중앙값 1227 < rest 기준선 0 + 5σ(8248)
1454122,2931,n2,grip,1,중앙값 1227 < rest 기준선 0 + 5σ(8248)
1454124,2943,n2,grip,1,중앙값 1227 < rest 기준선 0 + 5σ(8248)
1454126,2940,n2,grip,1,중앙값 1227 < rest 기준선 0 + 5σ(8248)
1454128,2938,n2,grip,1,중앙값 1227 < rest 기준선 0 + 5σ(8248)
1454130,2943,n2,grip,1,중앙값 1227 < rest 기준선 0 + 5σ(8248)
1454132,2946,n2,grip,1,중앙값 1227 < rest 기준선 0 + 5σ(8248)
1454134,2941,n2,grip,1,중앙값 1227 < rest 기준선 0 + 5σ(8248)
1454136,2944,n2,grip,1,중앙값 1227 < rest 기준선 0 + 5σ(8248)
1454138,2947,n2,grip,1,중앙값 1227 < rest 기준선 0 + 5σ(8248)
1454140,2945,n2,grip,1,중앙값 1227 < rest 기준선 0 + 5σ(8248)
1454142,2944,n2,grip,1,중앙값 1227 < rest 기준선 0 + 5σ(8248)
1454144,2946,n2,grip,1,중앙값 1227 < rest 기준선 0 + 5σ(8248)
1454146,2944,n2,grip,1,중앙값 1227 < rest 기준선 0 + 5σ(8248)
1454148,2951,n2,grip,1,중앙값 1227 < rest 기준선 0 + 5σ(8248)
1454150,2948,n2,grip,1,중앙값 1227 < rest 기준선 0 + 5σ(8248)
1454152,2944,n2,grip,1,중앙값 1227 < rest 기준선 0 + 5σ(8248)
1454154,2946,n2,grip,1,중앙값 1227 < rest 기준선 0 + 5σ(8248)
1454156,2954,n2,grip,1,중앙값 1227 < rest 기준선 0 + 5σ(8248)
1454158,2955,n2,grip,1,중앙값 1227 < rest 기준선 0 + 5σ(8248)
1454160,2951,n2,grip,1,중앙값 1227 < rest 기준선 0 + 5σ(8248)
1454162,2949,n2,grip,1,중앙값 1227 < rest 기준선 0 + 5σ(8248)
1454164,2947,n2,grip,1,중앙값 1227 < rest 기준선 0 + 5σ(8248)
1454166,2955,n2,grip,1,중앙값 1227 < rest 기준선 0 + 5σ(8248)
1454168,2960,n2,grip,1,중앙값 1227 < rest 기준선 0 + 5σ(8248)
1454170,2960,n2,grip,1,중앙값 1227 < rest 기준선 0 + 5σ(8248)
1454172,2957,n2,grip,1,중앙값 1227 < rest 기준선 0 + 5σ(8248)
1454174,2959,n2,grip,1,중앙값 1227 < rest 기준선 0 + 5σ(8248)
1454176,2954,n2,grip,1,중앙값 1227 < rest 기준선 0 + 5σ(8248)
1454178,2960,n2,grip,1,중앙값 1227 < rest 기준선 0 + 5σ(8248)
1454180,2959,n2,grip,1,중앙값 1227 < rest 기준선 0 + 5σ(8248)
1454182,2954,n2,grip,1,중앙값 1227 < rest 기준선 0 + 5σ(8248)
1454184,2960,n2,grip,1,중앙값 1227 < rest 기준선 0 + 5σ(8248)
1454186,2957,n2,grip,1,중앙값 1227 < rest 기준선 0 + 5σ(8248)
1454188,2962,n2,grip,1,중앙값 1227 < rest 기준선 0 + 5σ(8248)
1454190,2962,n2,grip,1,중앙값 1227 < rest 기준선 0 + 5σ(8248)
1454192,2960,n2,grip,1,중앙값 1227 < rest 기준선 0 + 5σ(8248)
1454194,2963,n2,grip,1,중앙값 1227 < rest 기준선 0 + 5σ(8248)
1454196,2961,n2,grip,1,중앙값 1227 < rest 기준선 0 + 5σ(8248)
1454198,2973,n2,grip,1,중앙값 1227 < rest 기준선 0 + 5σ(8248)
1454200,2961,n2,grip,1,중앙값 1227 < rest 기준선 0 + 5σ(8248)
1454202,2966,n2,grip,1,중앙값 1227 < rest 기준선 0 + 5σ(8248)
1454204,2967,n2,grip,1,중앙값 1227 < rest 기준선 0 + 5σ(8248)
1454206,2963,n2,grip,1,중앙값 1227 < rest 기준선 0 + 5σ(8248)
1454208,2967,n2,grip,1,중앙값 1227 < rest 기준선 0 + 5σ(8248)
1454210,2970,n2,grip,1,중앙값 1227 < rest 기준선 0 + 5σ(8248)
1454212,2970,n2,grip,1,중앙값 1227 < rest 기준선 0 + 5σ(8248)
1454214,2969,n2,grip,1,중앙값 1227 < rest 기준선 0 + 5σ(8248)
1454216,2960,n2,grip,1,중앙값 1227 < rest 기준선 0 + 5σ(8248)
1454218,2967,n2,grip,1,중앙값 1227 < rest 기준선 0 + 5σ(8248)
1454220,2970,n2,grip,1,중앙값 1227 < rest 기준선 0 + 5σ(8248)
1454222,2973,n2,grip,1,중앙값 1227 < rest 기준선 0 + 5σ(8248)
1454224,2973,n2,grip,1,중앙값 1227 < rest 기준선 0 + 5σ(8248)
1454226,2969,n2,grip,1,중앙값 1227 < rest 기준선 0 + 5σ(8248)
1454228,2981,n2,grip,1,중앙값 1227 < rest 기준선 0 + 5σ(8248)
1454230,2973,n2,grip,1,중앙값 1227 < rest 기준선 0 + 5σ(8248)
1454232,2973,n2,grip,1,중앙값 1227 < rest 기준선 0 + 5σ(8248)
1454234,2976,n2,grip,1,중앙값 1227 < rest 기준선 0 + 5σ(8248)
1454236,2980,n2,grip,1,중앙값 1227 < rest 기준선 0 + 5σ(8248)
1454238,2975,n2,grip,1,중앙값 1227 < rest 기준선 0 + 5σ(8248)
1454240,2975,n2,grip,1,중앙값 1227 < rest 기준선 0 + 5σ(8248)
1454242,2979,n2,grip,1,중앙값 1227 < rest 기준선 0 + 5σ(8248)
1454244,2977,n2,grip,1,중앙값 1227 < rest 기준선 0 + 5σ(8248)
1454246,2976,n2,grip,1,중앙값 1227 < rest 기준선 0 + 5σ(8248)
1454248,2976,n2,grip,1,중앙값 1227 < rest 기준선 0 + 5σ(8248)
1454250,2979,n2,grip,1,중앙값 1227 < rest 기준선 0 + 5σ(8248)
1454252,2977,n2,grip,1,중앙값 1227 < rest 기준선 0 + 5σ(8248)
1454254,2977,n2,grip,1,중앙값 1227 < rest 기준선 0 + 5σ(8248)
1454256,2986,n2,grip,1,중앙값 1227 < rest 기준선 0 + 5σ(8248)
1454258,2983,n2,grip,1,중앙값 1227 < rest 기준선 0 + 5σ(8248)
1454260,2983,n2,grip,1,중앙값 1227 < rest 기준선 0 + 5σ(8248)
1454262,2981,n2,grip,1,중앙값 1227 < rest 기준선 0 + 5σ(8248)
1454264,2986,n2,grip,1,중앙값 1227 < rest 기준선 0 + 5σ(8248)
1454266,2989,n2,grip,1,중앙값 1227 < rest 기준선 0 + 5σ(8248)
1454268,2981,n2,grip,1,중앙값 1227 < rest 기준선 0 + 5σ(8248)
1454270,2991,n2,grip,1,중앙값 1227 < rest 기준선 0 + 5σ(8248)
1454272,2990,n2,grip,1,중앙값 1227 < rest 기준선 0 + 5σ(8248)
1454274,2994,n2,grip,1,중앙값 1227 < rest 기준선 0 + 5σ(8248)
1454276,2987,n2,grip,1,중앙값 1227 < rest 기준선 0 + 5σ(8248)
1454278,2993,n2,grip,1,중앙값 1227 < rest 기준선 0 + 5σ(8248)
1454280,2987,n2,grip,1,중앙값 1227 < rest 기준선 0 + 5σ(8248)
1454282,2992,n2,grip,1,중앙값 1227 < rest 기준선 0 + 5σ(8248)
1454284,2992,n2,grip,1,중앙값 1227 < rest 기준선 0 + 5σ(8248)
1454286,2992,n2,grip,1,중앙값 1227 < rest 기준선 0 + 5σ(8248)
1454288,2993,n2,grip,1,중앙값 1227 < rest 기준선 0 + 5σ(8248)
1454290,2995,n2,grip,1,중앙값 1227 < rest 기준선 0 + 5σ(8248)
1454292,2992,n2,grip,1,중앙값 1227 < rest 기준선 0 + 5σ(8248)
1454294,2993,n2,grip,1,중앙값 1227 < rest 기준선 0 + 5σ(8248)
1454296,2996,n2,grip,1,중앙값 1227 < rest 기준선 0 + 5σ(8248)
1454298,2994,n2,grip,1,중앙값 1227 < rest 기준선 0 + 5σ(8248)
1454300,2993,n2,grip,1,중앙값 1227 < rest 기준선 0 + 5σ(8248)
1454302,2992,n2,grip,1,중앙값 1227 < rest 기준선 0 + 5σ(8248)
1454304,2998,n2,grip,1,중앙값 1227 < rest 기준선 0 + 5σ(8248)
1454306,2999,n2,grip,1,중앙값 1227 < rest 기준선 0 + 5σ(8248)
1454308,2994,n2,grip,1,중앙값 1227 < rest 기준선 0 + 5σ(8248)
1454310,3003,n2,grip,1,중앙값 1227 < rest 기준선 0 + 5σ(8248)
1454312,2995,n2,grip,1,중앙값 1227 < rest 기준선 0 + 5σ(8248)
1454314,2992,n2,grip,1,중앙값 1227 < rest 기준선 0 + 5σ(8248)
1454316,2997,n2,grip,1,중앙값 1227 < rest 기준선 0 + 5σ(8248)
1454318,2998,n2,grip,1,중앙값 1227 < rest 기준선 0 + 5σ(8248)
1454320,3003,n2,grip,1,중앙값 1227 < rest 기준선 0 + 5σ(8248)
1454322,3006,n2,grip,1,중앙값 1227 < rest 기준선 0 + 5σ(8248)
1454324,3003,n2,grip,1,중앙값 1227 < rest 기준선 0 + 5σ(8248)
1454326,3005,n2,grip,1,중앙값 1227 < rest 기준선 0 + 5σ(8248)
1454328,3005,n2,grip,1,중앙값 1227 < rest 기준선 0 + 5σ(8248)
1454330,3002,n2,grip,1,중앙값 1227 < rest 기준선 0 + 5σ(8248)
1454332,3009,n2,grip,1,중앙값 1227 < rest 기준선 0 + 5σ(8248)
1454334,3006,n2,grip,1,중앙값 1227 < rest 기준선 0 + 5σ(8248)
1454336,3002,n2,grip,1,중앙값 1227 < rest 기준선 0 + 5σ(8248)
1454338,2997,n2,grip,1,중앙값 1227 < rest 기준선 0 + 5σ(8248)
1454340,3005,n2,grip,1,중앙값 1227 < rest 기준선 0 + 5σ(8248)
1454342,3007,n2,grip,1,중앙값 1227 < rest 기준선 0 + 5σ(8248)
1454344,3008,n2,grip,1,중앙값 1227 < rest 기준선 0 + 5σ(8248)
1454346,3005,n2,grip,1,중앙값 1227 < rest 기준선 0 + 5σ(8248)
1454348,3008,n2,grip,1,중앙값 1227 < rest 기준선 0 + 5σ(8248)
1454350,3007,n2,grip,1,중앙값 1227 < rest 기준선 0 + 5σ(8248)
1454352,3008,n2,grip,1,중앙값 1227 < rest 기준선 0 + 5σ(8248)
1454354,3011,n2,grip,1,중앙값 1227 < rest 기준선 0 + 5σ(8248)
1454356,3008,n2,grip,1,중앙값 1227 < rest 기준선 0 + 5σ(8248)
1454358,3017,n2,grip,1,중앙값 1227 < rest 기준선 0 + 5σ(8248)
1454360,3013,n2,grip,1,중앙값 1227 < rest 기준선 0 + 5σ(8248)
1454362,3007,n2,grip,1,중앙값 1227 < rest 기준선 0 + 5σ(8248)
1454364,3019,n2,grip,1,중앙값 1227 < rest 기준선 0 + 5σ(8248)
1454366,3014,n2,grip,1,중앙값 1227 < rest 기준선 0 + 5σ(8248)
1454368,3017,n2,grip,1,중앙값 1227 < rest 기준선 0 + 5σ(8248)
1454370,3015,n2,grip,1,중앙값 1227 < rest 기준선 0 + 5σ(8248)
1454372,3013,n2,grip,1,중앙값 1227 < rest 기준선 0 + 5σ(8248)
1454374,3013,n2,grip,1,중앙값 1227 < rest 기준선 0 + 5σ(8248)
1454376,3015,n2,grip,1,중앙값 1227 < rest 기준선 0 + 5σ(8248)
1454378,3020,n2,grip,1,중앙값 1227 < rest 기준선 0 + 5σ(8248)
1454380,3024,n2,grip,1,중앙값 1227 < rest 기준선 0 + 5σ(8248)
1454382,3017,n2,grip,1,중앙값 1227 < rest 기준선 0 + 5σ(8248)
1454384,3019,n2,grip,1,중앙값 1227 < rest 기준선 0 + 5σ(8248)
1454386,3011,n2,grip,1,중앙값 1227 < rest 기준선 0 + 5σ(8248)
1454388,3019,n2,grip,1,중앙값 1227 < rest 기준선 0 + 5σ(8248)
1454390,3018,n2,grip,1,중앙값 1227 < rest 기준선 0 + 5σ(8248)
1454392,3024,n2,grip,1,중앙값 1227 < rest 기준선 0 + 5σ(8248)
1454394,3022,n2,grip,1,중앙값 1227 < rest 기준선 0 + 5σ(8248)
1454396,3021,n2,grip,1,중앙값 1227 < rest 기준선 0 + 5σ(8248)
1454398,3023,n2,grip,1,중앙값 1227 < rest 기준선 0 + 5σ(8248)
1454400,3019,n2,grip,1,중앙값 1227 < rest 기준선 0 + 5σ(8248)
1454402,3024,n2,grip,1,중앙값 1227 < rest 기준선 0 + 5σ(8248)
1454404,3031,n2,grip,1,중앙값 1227 < rest 기준선 0 + 5σ(8248)
1454406,3024,n2,grip,1,중앙값 1227 < rest 기준선 0 + 5σ(8248)
1454408,3025,n2,grip,1,중앙값 1227 < rest 기준선 0 + 5σ(8248)
1454410,3034,n2,grip,1,중앙값 1227 < rest 기준선 0 + 5σ(8248)
1454412,3024,n2,grip,1,중앙값 1227 < rest 기준선 0 + 5σ(8248)
1454414,3023,n2,grip,1,중앙값 1227 < rest 기준선 0 + 5σ(8248)
1454416,3024,n2,grip,1,중앙값 1227 < rest 기준선 0 + 5σ(8248)
1454418,3025,n2,grip,1,중앙값 1227 < rest 기준선 0 + 5σ(8248)
1454420,3031,n2,grip,1,중앙값 1227 < rest 기준선 0 + 5σ(8248)
1454422,3031,n2,grip,1,중앙값 1227 < rest 기준선 0 + 5σ(8248)
1454424,3031,n2,grip,1,중앙값 1227 < rest 기준선 0 + 5σ(8248)
1454426,3029,n2,grip,1,중앙값 1227 < rest 기준선 0 + 5σ(8248)
1454428,3033,n2,grip,1,중앙값 1227 < rest 기준선 0 + 5σ(8248)
1454430,3029,n2,grip,1,중앙값 1227 < rest 기준선 0 + 5σ(8248)
1454432,3038,n2,grip,1,중앙값 1227 < rest 기준선 0 + 5σ(8248)
1454434,3028,n2,grip,1,중앙값 1227 < rest 기준선 0 + 5σ(8248)
1454436,3035,n2,grip,1,중앙값 1227 < rest 기준선 0 + 5σ(8248)
1454438,3031,n2,grip,1,중앙값 1227 < rest 기준선 0 + 5σ(8248)
1454440,3027,n2,grip,1,중앙값 1227 < rest 기준선 0 + 5σ(8248)
1454442,3037,n2,grip,1,중앙값 1227 < rest 기준선 0 + 5σ(8248)
1454444,3033,n2,grip,1,중앙값 1227 < rest 기준선 0 + 5σ(8248)
1454446,3039,n2,grip,1,중앙값 1227 < rest 기준선 0 + 5σ(8248)
1454448,3035,n2,grip,1,중앙값 1227 < rest 기준선 0 + 5σ(8248)
1454450,3039,n2,grip,1,중앙값 1227 < rest 기준선 0 + 5σ(8248)
1454452,3035,n2,grip,1,중앙값 1227 < rest 기준선 0 + 5σ(8248)
1454454,3033,n2,grip,1,중앙값 1227 < rest 기준선 0 + 5σ(8248)
1454456,3045,n2,grip,1,중앙값 1227 < rest 기준선 0 + 5σ(8248)
1454458,3040,n2,grip,1,중앙값 1227 < rest 기준선 0 + 5σ(8248)
1454460,3042,n2,grip,1,중앙값 1227 < rest 기준선 0 + 5σ(8248)
1454462,3042,n2,grip,1,중앙값 1227 < rest 기준선 0 + 5σ(8248)
1454464,3042,n2,grip,1,중앙값 1227 < rest 기준선 0 + 5σ(8248)
1454466,3038,n2,grip,1,중앙값 1227 < rest 기준선 0 + 5σ(8248)
1454468,3039,n2,grip,1,중앙값 1227 < rest 기준선 0 + 5σ(8248)
1454470,3045,n2,grip,1,중앙값 1227 < rest 기준선 0 + 5σ(8248)
1454472,3040,n2,grip,1,중앙값 1227 < rest 기준선 0 + 5σ(8248)
1454474,3043,n2,grip,1,중앙값 1227 < rest 기준선 0 + 5σ(8248)
1454476,3046,n2,grip,1,중앙값 1227 < rest 기준선 0 + 5σ(8248)
1454478,3046,n2,grip,1,중앙값 1227 < rest 기준선 0 + 5σ(8248)
1454480,3047,n2,grip,1,중앙값 1227 < rest 기준선 0 + 5σ(8248)
1454482,3039,n2,grip,1,중앙값 1227 < rest 기준선 0 + 5σ(8248)
1454484,3045,n2,grip,1,중앙값 1227 < rest 기준선 0 + 5σ(8248)
1454486,3039,n2,grip,1,중앙값 1227 < rest 기준선 0 + 5σ(8248)
1454488,3049,n2,grip,1,중앙값 1227 < rest 기준선 0 + 5σ(8248)
1454490,3050,n2,grip,1,중앙값 1227 < rest 기준선 0 + 5σ(8248)
1454492,3044,n2,grip,1,중앙값 1227 < rest 기준선 0 + 5σ(8248)
1454494,3046,n2,grip,1,중앙값 1227 < rest 기준선 0 + 5σ(8248)
1454496,3047,n2,grip,1,중앙값 1227 < rest 기준선 0 + 5σ(8248)
1454498,3051,n2,grip,1,중앙값 1227 < rest 기준선 0 + 5σ(8248)
1454500,3053,n2,grip,1,중앙값 1227 < rest 기준선 0 + 5σ(8248)
1454502,3054,n2,grip,1,중앙값 1227 < rest 기준선 0 + 5σ(8248)
1454504,3049,n2,grip,1,중앙값 1227 < rest 기준선 0 + 5σ(8248)
1454506,3049,n2,grip,1,중앙값 1227 < rest 기준선 0 + 5σ(8248)
1454508,3056,n2,grip,1,중앙값 1227 < rest 기준선 0 + 5σ(8248)
1454510,3056,n2,grip,1,중앙값 1227 < rest 기준선 0 + 5σ(8248)
1454512,3055,n2,grip,1,중앙값 1227 < rest 기준선 0 + 5σ(8248)
1454514,3056,n2,grip,1,중앙값 1227 < rest 기준선 0 + 5σ(8248)
1454516,3049,n2,grip,1,중앙값 1227 < rest 기준선 0 + 5σ(8248)
1454518,3054,n2,grip,1,중앙값 1227 < rest 기준선 0 + 5σ(8248)
1454520,3056,n2,grip,1,중앙값 1227 < rest 기준선 0 + 5σ(8248)
1454522,3055,n2,grip,1,중앙값 1227 < rest 기준선 0 + 5σ(8248)
1454524,3059,n2,grip,1,중앙값 1227 < rest 기준선 0 + 5σ(8248)
1454526,3057,n2,grip,1,중앙값 1227 < rest 기준선 0 + 5σ(8248)
1454528,3058,n2,grip,1,중앙값 1227 < rest 기준선 0 + 5σ(8248)
1454530,3059,n2,grip,1,중앙값 1227 < rest 기준선 0 + 5σ(8248)
1454532,3057,n2,grip,1,중앙값 1227 < rest 기준선 0 + 5σ(8248)
1454534,3057,n2,grip,1,중앙값 1227 < rest 기준선 0 + 5σ(8248)
1454536,3059,n2,grip,1,중앙값 1227 < rest 기준선 0 + 5σ(8248)
1454538,3056,n2,grip,1,중앙값 1227 < rest 기준선 0 + 5σ(8248)
1454540,3056,n2,grip,1,중앙값 1227 < rest 기준선 0 + 5σ(8248)
1454542,3056,n2,grip,1,중앙값 1227 < rest 기준선 0 + 5σ(8248)
1454544,511,n2,grip,1,중앙값 1227 < rest 기준선 0 + 5σ(8248)
1454546,547,n2,grip,1,중앙값 1227 < rest 기준선 0 + 5σ(8248)
1454548,653,n2,grip,1,중앙값 1227 < rest 기준선 0 + 5σ(8248)
1454550,652,n2,grip,1,중앙값 1227 < rest 기준선 0 + 5σ(8248)
1454552,714,n2,grip,1,중앙값 1227 < rest 기준선 0 + 5σ(8248)
1454554,720,n2,grip,1,중앙값 1227 < rest 기준선 0 + 5σ(8248)
1454556,784,n2,grip,1,중앙값 1227 < rest 기준선 0 + 5σ(8248)
1454558,807,n2,grip,1,중앙값 1227 < rest 기준선 0 + 5σ(8248)
1454560,933,n2,grip,1,중앙값 1227 < rest 기준선 0 + 5σ(8248)
1454562,960,n2,grip,1,중앙값 1227 < rest 기준선 0 + 5σ(8248)
1454564,1083,n2,grip,1,중앙값 1227 < rest 기준선 0 + 5σ(8248)
1454566,1057,n2,grip,1,중앙값 1227 < rest 기준선 0 + 5σ(8248)
1454568,1063,n2,grip,1,중앙값 1227 < rest 기준선 0 + 5σ(8248)
1454570,1034,n2,grip,1,중앙값 1227 < rest 기준선 0 + 5σ(8248)
1454572,1047,n2,grip,1,중앙값 1227 < rest 기준선 0 + 5σ(8248)
1454574,1142,n2,grip,1,중앙값 1227 < rest 기준선 0 + 5σ(8248)
1454576,1149,n2,grip,1,중앙값 1227 < rest 기준선 0 + 5σ(8248)
1454578,1138,n2,grip,1,중앙값 1227 < rest 기준선 0 + 5σ(8248)
1454580,1104,n2,grip,1,중앙값 1227 < rest 기준선 0 + 5σ(8248)
1454582,1073,n2,grip,1,중앙값 1227 < rest 기준선 0 + 5σ(8248)
1454584,1039,n2,grip,1,중앙값 1227 < rest 기준선 0 + 5σ(8248)
1454586,1018,n2,grip,1,중앙값 1227 < rest 기준선 0 + 5σ(8248)
1454588,1076,n2,grip,1,중앙값 1227 < rest 기준선 0 + 5σ(8248)
1454590,1075,n2,grip,1,중앙값 1227 < rest 기준선 0 + 5σ(8248)
1454592,1101,n2,grip,1,중앙값 1227 < rest 기준선 0 + 5σ(8248)
1454594,1061,n2,grip,1,중앙값 1227 < rest 기준선 0 + 5σ(8248)
1454596,1034,n2,grip,1,중앙값 1227 < rest 기준선 0 + 5σ(8248)
1454598,1001,n2,grip,1,중앙값 1227 < rest 기준선 0 + 5σ(8248)
1454600,1020,n2,grip,1,중앙값 1227 < rest 기준선 0 + 5σ(8248)
1454602,973,n2,grip,1,중앙값 1227 < rest 기준선 0 + 5σ(8248)
1454604,967,n2,grip,1,중앙값 1227 < rest 기준선 0 + 5σ(8248)
1454606,960,n2,grip,1,중앙값 1227 < rest 기준선 0 + 5σ(8248)
1454608,994,n2,grip,1,중앙값 1227 < rest 기준선 0 + 5σ(8248)
1454610,982,n2,grip,1,중앙값 1227 < rest 기준선 0 + 5σ(8248)
1454612,1019,n2,grip,1,중앙값 1227 < rest 기준선 0 + 5σ(8248)
1454614,1023,n2,grip,1,중앙값 1227 < rest 기준선 0 + 5σ(8248)
1454616,1004,n2,grip,1,중앙값 1227 < rest 기준선 0 + 5σ(8248)
1454618,1062,n2,grip,1,중앙값 1227 < rest 기준선 0 + 5σ(8248)
1454620,1099,n2,grip,1,중앙값 1227 < rest 기준선 0 + 5σ(8248)
1454622,1202,n2,grip,1,중앙값 1227 < rest 기준선 0 + 5σ(8248)
1454624,1200,n2,grip,1,중앙값 1227 < rest 기준선 0 + 5σ(8248)
1454626,1172,n2,grip,1,중앙값 1227 < rest 기준선 0 + 5σ(8248)
1454628,1137,n2,grip,1,중앙값 1227 < rest 기준선 0 + 5σ(8248)
1454630,1205,n2,grip,1,중앙값 1227 < rest 기준선 0 + 5σ(8248)
1454632,1186,n2,grip,1,중앙값 1227 < rest 기준선 0 + 5σ(8248)
1454634,1261,n2,grip,1,중앙값 1227 < rest 기준선 0 + 5σ(8248)
1454636,1263,n2,grip,1,중앙값 1227 < rest 기준선 0 + 5σ(8248)
1454638,1214,n2,grip,1,중앙값 1227 < rest 기준선 0 + 5σ(8248)
1454640,1169,n2,grip,1,중앙값 1227 < rest 기준선 0 + 5σ(8248)
1454642,1164,n2,grip,1,중앙값 1227 < rest 기준선 0 + 5σ(8248)
1454644,1125,n2,grip,1,중앙값 1227 < rest 기준선 0 + 5σ(8248)
1454646,1091,n2,grip,1,중앙값 1227 < rest 기준선 0 + 5σ(8248)
1454648,1045,n2,grip,1,중앙값 1227 < rest 기준선 0 + 5σ(8248)
1454650,1021,n2,grip,1,중앙값 1227 < rest 기준선 0 + 5σ(8248)
1454652,1002,n2,grip,1,중앙값 1227 < rest 기준선 0 + 5σ(8248)
1454654,970,n2,grip,1,중앙값 1227 < rest 기준선 0 + 5σ(8248)
1454656,938,n2,grip,1,중앙값 1227 < rest 기준선 0 + 5σ(8248)
1454658,902,n2,grip,1,중앙값 1227 < rest 기준선 0 + 5σ(8248)
1454660,858,n2,grip,1,중앙값 1227 < rest 기준선 0 + 5σ(8248)
1454662,851,n2,grip,1,중앙값 1227 < rest 기준선 0 + 5σ(8248)
1454664,851,n2,grip,1,중앙값 1227 < rest 기준선 0 + 5σ(8248)
1454666,950,n2,grip,1,중앙값 1227 < rest 기준선 0 + 5σ(8248)
1454668,971,n2,grip,1,중앙값 1227 < rest 기준선 0 + 5σ(8248)
1454670,1038,n2,grip,1,중앙값 1227 < rest 기준선 0 + 5σ(8248)
1454672,1013,n2,grip,1,중앙값 1227 < rest 기준선 0 + 5σ(8248)
1454674,1008,n2,grip,1,중앙값 1227 < rest 기준선 0 + 5σ(8248)
1454676,962,n2,grip,1,중앙값 1227 < rest 기준선 0 + 5σ(8248)
1454678,929,n2,grip,1,중앙값 1227 < rest 기준선 0 + 5σ(8248)
1454680,900,n2,grip,1,중앙값 1227 < rest 기준선 0 + 5σ(8248)
1454682,866,n2,grip,1,중앙값 1227 < rest 기준선 0 + 5σ(8248)
1454684,849,n2,grip,1,중앙값 1227 < rest 기준선 0 + 5σ(8248)
1454686,823,n2,grip,1,중앙값 1227 < rest 기준선 0 + 5σ(8248)
1454688,799,n2,grip,1,중앙값 1227 < rest 기준선 0 + 5σ(8248)
1454690,805,n2,grip,1,중앙값 1227 < rest 기준선 0 + 5σ(8248)
1454692,867,n2,grip,1,중앙값 1227 < rest 기준선 0 + 5σ(8248)
1454694,935,n2,grip,1,중앙값 1227 < rest 기준선 0 + 5σ(8248)
1454696,1087,n2,grip,1,중앙값 1227 < rest 기준선 0 + 5σ(8248)
1454698,1072,n2,grip,1,중앙값 1227 < rest 기준선 0 + 5σ(8248)
1454700,1070,n2,grip,1,중앙값 1227 < rest 기준선 0 + 5σ(8248)
1454702,1037,n2,grip,1,중앙값 1227 < rest 기준선 0 + 5σ(8248)
1454704,1051,n2,grip,1,중앙값 1227 < rest 기준선 0 + 5σ(8248)
1454706,1040,n2,grip,1,중앙값 1227 < rest 기준선 0 + 5σ(8248)
1454708,1040,n2,grip,1,중앙값 1227 < rest 기준선 0 + 5σ(8248)
1454710,991,n2,grip,1,중앙값 1227 < rest 기준선 0 + 5σ(8248)
1454712,947,n2,grip,1,중앙값 1227 < rest 기준선 0 + 5σ(8248)
1454714,944,n2,grip,1,중앙값 1227 < rest 기준선 0 + 5σ(8248)
1454716,975,n2,grip,1,중앙값 1227 < rest 기준선 0 + 5σ(8248)
1454718,1095,n2,grip,1,중앙값 1227 < rest 기준선 0 + 5σ(8248)
1454720,1122,n2,grip,1,중앙값 1227 < rest 기준선 0 + 5σ(8248)
1454722,1175,n2,grip,1,중앙값 1227 < rest 기준선 0 + 5σ(8248)
1454724,1150,n2,grip,1,중앙값 1227 < rest 기준선 0 + 5σ(8248)
1454726,1100,n2,grip,1,중앙값 1227 < rest 기준선 0 + 5σ(8248)
1454728,1070,n2,grip,1,중앙값 1227 < rest 기준선 0 + 5σ(8248)
1454730,1023,n2,grip,1,중앙값 1227 < rest 기준선 0 + 5σ(8248)
1454732,977,n2,grip,1,중앙값 1227 < rest 기준선 0 + 5σ(8248)
1454734,994,n2,grip,1,중앙값 1227 < rest 기준선 0 + 5σ(8248)
1454736,973,n2,grip,1,중앙값 1227 < rest 기준선 0 + 5σ(8248)
1454738,939,n2,grip,1,중앙값 1227 < rest 기준선 0 + 5σ(8248)
1454740,941,n2,grip,1,중앙값 1227 < rest 기준선 0 + 5σ(8248)
1454742,998,n2,grip,1,중앙값 1227 < rest 기준선 0 + 5σ(8248)
1454744,976,n2,grip,1,중앙값 1227 < rest 기준선 0 + 5σ(8248)
1454746,945,n2,grip,1,중앙값 1227 < rest 기준선 0 + 5σ(8248)
1454748,1013,n2,grip,1,중앙값 1227 < rest 기준선 0 + 5σ(8248)
1454750,1002,n2,grip,1,중앙값 1227 < rest 기준선 0 + 5σ(8248)
1454752,982,n2,grip,1,중앙값 1227 < rest 기준선 0 + 5σ(8248)
1454754,1082,n2,grip,1,중앙값 1227 < rest 기준선 0 + 5σ(8248)
1454756,1102,n2,grip,1,중앙값 1227 < rest 기준선 0 + 5σ(8248)
1454758,1125,n2,grip,1,중앙값 1227 < rest 기준선 0 + 5σ(8248)
1454760,1094,n2,grip,1,중앙값 1227 < rest 기준선 0 + 5σ(8248)
1454762,1072,n2,grip,1,중앙값 1227 < rest 기준선 0 + 5σ(8248)
1454764,1015,n2,grip,1,중앙값 1227 < rest 기준선 0 + 5σ(8248)
1454766,1008,n2,grip,1,중앙값 1227 < rest 기준선 0 + 5σ(8248)
1454768,975,n2,grip,1,중앙값 1227 < rest 기준선 0 + 5σ(8248)
1454770,980,n2,grip,1,중앙값 1227 < rest 기준선 0 + 5σ(8248)
1454772,942,n2,grip,1,중앙값 1227 < rest 기준선 0 + 5σ(8248)
1454774,923,n2,grip,1,중앙값 1227 < rest 기준선 0 + 5σ(8248)
1454776,959,n2,grip,1,중앙값 1227 < rest 기준선 0 + 5σ(8248)
1454778,1059,n2,grip,1,중앙값 1227 < rest 기준선 0 + 5σ(8248)
1454780,1099,n2,grip,1,중앙값 1227 < rest 기준선 0 + 5σ(8248)
1454782,1234,n2,grip,1,중앙값 1227 < rest 기준선 0 + 5σ(8248)
1454784,1232,n2,grip,1,중앙값 1227 < rest 기준선 0 + 5σ(8248)
1454786,1237,n2,grip,1,중앙값 1227 < rest 기준선 0 + 5σ(8248)
1454788,1183,n2,grip,1,중앙값 1227 < rest 기준선 0 + 5σ(8248)
1454790,1135,n2,grip,1,중앙값 1227 < rest 기준선 0 + 5σ(8248)
1454792,1091,n2,grip,1,중앙값 1227 < rest 기준선 0 + 5σ(8248)
1454794,1041,n2,grip,1,중앙값 1227 < rest 기준선 0 + 5σ(8248)
1454796,1040,n2,grip,1,중앙값 1227 < rest 기준선 0 + 5σ(8248)
1454798,1040,n2,grip,1,중앙값 1227 < rest 기준선 0 + 5σ(8248)
1454800,1072,n2,grip,1,중앙값 1227 < rest 기준선 0 + 5σ(8248)
1454802,1115,n2,grip,1,중앙값 1227 < rest 기준선 0 + 5σ(8248)
1454804,1160,n2,grip,1,중앙값 1227 < rest 기준선 0 + 5σ(8248)
1454806,1238,n2,grip,1,중앙값 1227 < rest 기준선 0 + 5σ(8248)
1454808,1207,n2,grip,1,중앙값 1227 < rest 기준선 0 + 5σ(8248)
1454810,1152,n2,grip,1,중앙값 1227 < rest 기준선 0 + 5σ(8248)
1454812,1126,n2,grip,1,중앙값 1227 < rest 기준선 0 + 5σ(8248)
1454814,1104,n2,grip,1,중앙값 1227 < rest 기준선 0 + 5σ(8248)
1454816,1095,n2,grip,1,중앙값 1227 < rest 기준선 0 + 5σ(8248)
1454818,1091,n2,grip,1,중앙값 1227 < rest 기준선 0 + 5σ(8248)
1454820,1183,n2,grip,1,중앙값 1227 < rest 기준선 0 + 5σ(8248)
1454822,1165,n2,grip,1,중앙값 1227 < rest 기준선 0 + 5σ(8248)
1454824,1153,n2,grip,1,중앙값 1227 < rest 기준선 0 + 5σ(8248)
1454826,1152,n2,grip,1,중앙값 1227 < rest 기준선 0 + 5σ(8248)
1454828,1200,n2,grip,1,중앙값 1227 < rest 기준선 0 + 5σ(8248)
1454830,1227,n2,grip,1,중앙값 1227 < rest 기준선 0 + 5σ(8248)
1454832,1195,n2,grip,1,중앙값 1227 < rest 기준선 0 + 5σ(8248)
1454834,1181,n2,grip,1,중앙값 1227 < rest 기준선 0 + 5σ(8248)
1454836,1179,n2,grip,1,중앙값 1227 < rest 기준선 0 + 5σ(8248)
1454838,1186,n2,grip,1,중앙값 1227 < rest 기준선 0 + 5σ(8248)
1454840,1147,n2,grip,1,중앙값 1227 < rest 기준선 0 + 5σ(8248)
1454842,1125,n2,grip,1,중앙값 1227 < rest 기준선 0 + 5σ(8248)
1454844,1104,n2,grip,1,중앙값 1227 < rest 기준선 0 + 5σ(8248)
1454846,1186,n2,grip,1,중앙값 1227 < rest 기준선 0 + 5σ(8248)
1454848,1298,n2,grip,1,중앙값 1227 < rest 기준선 0 + 5σ(8248)
1454850,1322,n2,grip,1,중앙값 1227 < rest 기준선 0 + 5σ(8248)
1454852,1377,n2,grip,1,중앙값 1227 < rest 기준선 0 + 5σ(8248)
1454854,1410,n2,grip,1,중앙값 1227 < rest 기준선 0 + 5σ(8248)
1454856,1387,n2,grip,1,중앙값 1227 < rest 기준선 0 + 5σ(8248)
1454858,1321,n2,grip,1,중앙값 1227 < rest 기준선 0 + 5σ(8248)
1454860,1269,n2,grip,1,중앙값 1227 < rest 기준선 0 + 5σ(8248)
1454862,1265,n2,grip,1,중앙값 1227 < rest 기준선 0 + 5σ(8248)
1454864,1218,n2,grip,1,중앙값 1227 < rest 기준선 0 + 5σ(8248)
1454866,1170,n2,grip,1,중앙값 1227 < rest 기준선 0 + 5σ(8248)
1454868,1235,n2,grip,1,중앙값 1227 < rest 기준선 0 + 5σ(8248)
1454870,1267,n2,grip,1,중앙값 1227 < rest 기준선 0 + 5σ(8248)
1454872,1424,n2,grip,1,중앙값 1227 < rest 기준선 0 + 5σ(8248)
1454874,1451,n2,grip,1,중앙값 1227 < rest 기준선 0 + 5σ(8248)
1454876,1419,n2,grip,1,중앙값 1227 < rest 기준선 0 + 5σ(8248)
1454878,1377,n2,grip,1,중앙값 1227 < rest 기준선 0 + 5σ(8248)
1454880,1346,n2,grip,1,중앙값 1227 < rest 기준선 0 + 5σ(8248)
1454882,1323,n2,grip,1,중앙값 1227 < rest 기준선 0 + 5σ(8248)
1454884,1278,n2,grip,1,중앙값 1227 < rest 기준선 0 + 5σ(8248)
1454886,1238,n2,grip,1,중앙값 1227 < rest 기준선 0 + 5σ(8248)
1454888,1242,n2,grip,1,중앙값 1227 < rest 기준선 0 + 5σ(8248)
1454890,1234,n2,grip,1,중앙값 1227 < rest 기준선 0 + 5σ(8248)
1454892,1215,n2,grip,1,중앙값 1227 < rest 기준선 0 + 5σ(8248)
1454894,1232,n2,grip,1,중앙값 1227 < rest 기준선 0 + 5σ(8248)
1454896,1210,n2,grip,1,중앙값 1227 < rest 기준선 0 + 5σ(8248)
1454898,1177,n2,grip,1,중앙값 1227 < rest 기준선 0 + 5σ(8248)
1454900,1203,n2,grip,1,중앙값 1227 < rest 기준선 0 + 5σ(8248)
1454902,1279,n2,grip,1,중앙값 1227 < rest 기준선 0 + 5σ(8248)
1454904,1249,n2,grip,1,중앙값 1227 < rest 기준선 0 + 5σ(8248)
1454906,1216,n2,grip,1,중앙값 1227 < rest 기준선 0 + 5σ(8248)
1454908,1231,n2,grip,1,중앙값 1227 < rest 기준선 0 + 5σ(8248)
1454910,1251,n2,grip,1,중앙값 1227 < rest 기준선 0 + 5σ(8248)
1454912,1242,n2,grip,1,중앙값 1227 < rest 기준선 0 + 5σ(8248)
1454914,1265,n2,grip,1,중앙값 1227 < rest 기준선 0 + 5σ(8248)
1454916,1227,n2,grip,1,중앙값 1227 < rest 기준선 0 + 5σ(8248)
1454918,1174,n2,grip,1,중앙값 1227 < rest 기준선 0 + 5σ(8248)
1454920,1149,n2,grip,1,중앙값 1227 < rest 기준선 0 + 5σ(8248)
1454922,1099,n2,grip,1,중앙값 1227 < rest 기준선 0 + 5σ(8248)
1454924,1053,n2,grip,1,중앙값 1227 < rest 기준선 0 + 5σ(8248)
1454926,1019,n2,grip,1,중앙값 1227 < rest 기준선 0 + 5σ(8248)
1454928,1067,n2,grip,1,중앙값 1227 < rest 기준선 0 + 5σ(8248)
1454930,1051,n2,grip,1,중앙값 1227 < rest 기준선 0 + 5σ(8248)
1454932,1072,n2,grip,1,중앙값 1227 < rest 기준선 0 + 5σ(8248)
1454934,1139,n2,grip,1,중앙값 1227 < rest 기준선 0 + 5σ(8248)
1454936,1162,n2,grip,1,중앙값 1227 < rest 기준선 0 + 5σ(8248)
1454938,1206,n2,grip,1,중앙값 1227 < rest 기준선 0 + 5σ(8248)
1454940,1185,n2,grip,1,중앙값 1227 < rest 기준선 0 + 5σ(8248)
1454942,1146,n2,grip,1,중앙값 1227 < rest 기준선 0 + 5σ(8248)
1454944,1135,n2,grip,1,중앙값 1227 < rest 기준선 0 + 5σ(8248)
1454946,1200,n2,grip,1,중앙값 1227 < rest 기준선 0 + 5σ(8248)
1454948,1232,n2,grip,1,중앙값 1227 < rest 기준선 0 + 5σ(8248)
1454950,1254,n2,grip,1,중앙값 1227 < rest 기준선 0 + 5σ(8248)
1454952,1294,n2,grip,1,중앙값 1227 < rest 기준선 0 + 5σ(8248)
1454954,1308,n2,grip,1,중앙값 1227 < rest 기준선 0 + 5σ(8248)
1454956,1316,n2,grip,1,중앙값 1227 < rest 기준선 0 + 5σ(8248)
1454958,1269,n2,grip,1,중앙값 1227 < rest 기준선 0 + 5σ(8248)
1454960,1211,n2,grip,1,중앙값 1227 < rest 기준선 0 + 5σ(8248)
1454962,1213,n2,grip,1,중앙값 1227 < rest 기준선 0 + 5σ(8248)
1454964,1185,n2,grip,1,중앙값 1227 < rest 기준선 0 + 5σ(8248)
1454966,1216,n2,grip,1,중앙값 1227 < rest 기준선 0 + 5σ(8248)
1454968,1175,n2,grip,1,중앙값 1227 < rest 기준선 0 + 5σ(8248)
1454970,1129,n2,grip,1,중앙값 1227 < rest 기준선 0 + 5σ(8248)
1454972,1154,n2,grip,1,중앙값 1227 < rest 기준선 0 + 5σ(8248)
1454974,1143,n2,grip,1,중앙값 1227 < rest 기준선 0 + 5σ(8248)
1454976,1151,n2,grip,1,중앙값 1227 < rest 기준선 0 + 5σ(8248)
1454978,1114,n2,grip,1,중앙값 1227 < rest 기준선 0 + 5σ(8248)
1454980,1093,n2,grip,1,중앙값 1227 < rest 기준선 0 + 5σ(8248)
1454982,1078,n2,grip,1,중앙값 1227 < rest 기준선 0 + 5σ(8248)
1454984,1151,n2,grip,1,중앙값 1227 < rest 기준선 0 + 5σ(8248)
1454986,1137,n2,grip,1,중앙값 1227 < rest 기준선 0 + 5σ(8248)
1454988,1152,n2,grip,1,중앙값 1227 < rest 기준선 0 + 5σ(8248)
1454990,1132,n2,grip,1,중앙값 1227 < rest 기준선 0 + 5σ(8248)
1454992,1101,n2,grip,1,중앙값 1227 < rest 기준선 0 + 5σ(8248)
1454994,1105,n2,grip,1,중앙값 1227 < rest 기준선 0 + 5σ(8248)
1454996,1088,n2,grip,1,중앙값 1227 < rest 기준선 0 + 5σ(8248)
1454998,1147,n2,grip,1,중앙값 1227 < rest 기준선 0 + 5σ(8248)
1455000,1122,n2,grip,1,중앙값 1227 < rest 기준선 0 + 5σ(8248)
1455002,1094,n2,grip,1,중앙값 1227 < rest 기준선 0 + 5σ(8248)
1455004,1067,n2,grip,1,중앙값 1227 < rest 기준선 0 + 5σ(8248)
1455006,1023,n2,grip,1,중앙값 1227 < rest 기준선 0 + 5σ(8248)
1455008,976,n2,grip,1,중앙값 1227 < rest 기준선 0 + 5σ(8248)
1455010,942,n2,grip,1,중앙값 1227 < rest 기준선 0 + 5σ(8248)
1455012,944,n2,grip,1,중앙값 1227 < rest 기준선 0 + 5σ(8248)
1455014,989,n2,grip,1,중앙값 1227 < rest 기준선 0 + 5σ(8248)
1455016,1122,n2,grip,1,중앙값 1227 < rest 기준선 0 + 5σ(8248)
1455018,1131,n2,grip,1,중앙값 1227 < rest 기준선 0 + 5σ(8248)
1455020,1089,n2,grip,1,중앙값 1227 < rest 기준선 0 + 5σ(8248)
1455022,1101,n2,grip,1,중앙값 1227 < rest 기준선 0 + 5σ(8248)
1455024,1075,n2,grip,1,중앙값 1227 < rest 기준선 0 + 5σ(8248)
1455026,1060,n2,grip,1,중앙값 1227 < rest 기준선 0 + 5σ(8248)
1455028,1040,n2,grip,1,중앙값 1227 < rest 기준선 0 + 5σ(8248)
1455030,995,n2,grip,1,중앙값 1227 < rest 기준선 0 + 5σ(8248)
1455032,958,n2,grip,1,중앙값 1227 < rest 기준선 0 + 5σ(8248)
1455034,917,n2,grip,1,중앙값 1227 < rest 기준선 0 + 5σ(8248)
1455036,885,n2,grip,1,중앙값 1227 < rest 기준선 0 + 5σ(8248)
1455038,905,n2,grip,1,중앙값 1227 < rest 기준선 0 + 5σ(8248)
1455040,918,n2,grip,1,중앙값 1227 < rest 기준선 0 + 5σ(8248)
1455042,1059,n2,grip,1,중앙값 1227 < rest 기준선 0 + 5σ(8248)
1455044,1072,n2,grip,1,중앙값 1227 < rest 기준선 0 + 5σ(8248)
1455046,1077,n2,grip,1,중앙값 1227 < rest 기준선 0 + 5σ(8248)
1455048,1065,n2,grip,1,중앙값 1227 < rest 기준선 0 + 5σ(8248)
1455050,1090,n2,grip,1,중앙값 1227 < rest 기준선 0 + 5σ(8248)
1455052,1107,n2,grip,1,중앙값 1227 < rest 기준선 0 + 5σ(8248)
1455054,1072,n2,grip,1,중앙값 1227 < rest 기준선 0 + 5σ(8248)
1455056,1066,n2,grip,1,중앙값 1227 < rest 기준선 0 + 5σ(8248)
1455058,1041,n2,grip,1,중앙값 1227 < rest 기준선 0 + 5σ(8248)
1455060,1008,n2,grip,1,중앙값 1227 < rest 기준선 0 + 5σ(8248)
1455062,986,n2,grip,1,중앙값 1227 < rest 기준선 0 + 5σ(8248)
1455064,1023,n2,grip,1,중앙값 1227 < rest 기준선 0 + 5σ(8248)
1455066,1051,n2,grip,1,중앙값 1227 < rest 기준선 0 + 5σ(8248)
1455068,1035,n2,grip,1,중앙값 1227 < rest 기준선 0 + 5σ(8248)
1455070,1023,n2,grip,1,중앙값 1227 < rest 기준선 0 + 5σ(8248)
1455072,993,n2,grip,1,중앙값 1227 < rest 기준선 0 + 5σ(8248)
1455074,990,n2,grip,1,중앙값 1227 < rest 기준선 0 + 5σ(8248)
1455076,959,n2,grip,1,중앙값 1227 < rest 기준선 0 + 5σ(8248)
1455078,987,n2,grip,1,중앙값 1227 < rest 기준선 0 + 5σ(8248)
1455080,999,n2,grip,1,중앙값 1227 < rest 기준선 0 + 5σ(8248)
1455082,992,n2,grip,1,중앙값 1227 < rest 기준선 0 + 5σ(8248)
1455084,1046,n2,grip,1,중앙값 1227 < rest 기준선 0 + 5σ(8248)
1455086,1008,n2,grip,1,중앙값 1227 < rest 기준선 0 + 5σ(8248)
1455088,974,n2,grip,1,중앙값 1227 < rest 기준선 0 + 5σ(8248)
1455090,994,n2,grip,1,중앙값 1227 < rest 기준선 0 + 5σ(8248)
1455092,1067,n2,grip,1,중앙값 1227 < rest 기준선 0 + 5σ(8248)
1455094,1125,n2,grip,1,중앙값 1227 < rest 기준선 0 + 5σ(8248)
1455096,1143,n2,grip,1,중앙값 1227 < rest 기준선 0 + 5σ(8248)
1455098,1129,n2,grip,1,중앙값 1227 < rest 기준선 0 + 5σ(8248)
1455100,1081,n2,grip,1,중앙값 1227 < rest 기준선 0 + 5σ(8248)
1455102,1043,n2,grip,1,중앙값 1227 < rest 기준선 0 + 5σ(8248)
1455104,1005,n2,grip,1,중앙값 1227 < rest 기준선 0 + 5σ(8248)
1455106,969,n2,grip,1,중앙값 1227 < rest 기준선 0 + 5σ(8248)
1455108,931,n2,grip,1,중앙값 1227 < rest 기준선 0 + 5σ(8248)
1455110,902,n2,grip,1,중앙값 1227 < rest 기준선 0 + 5σ(8248)
1455112,954,n2,grip,1,중앙값 1227 < rest 기준선 0 + 5σ(8248)
1455114,951,n2,grip,1,중앙값 1227 < rest 기준선 0 + 5σ(8248)
1455116,961,n2,grip,1,중앙값 1227 < rest 기준선 0 + 5σ(8248)
1455118,976,n2,grip,1,중앙값 1227 < rest 기준선 0 + 5σ(8248)
1455120,990,n2,grip,1,중앙값 1227 < rest 기준선 0 + 5σ(8248)
1455122,1051,n2,grip,1,중앙값 1227 < rest 기준선 0 + 5σ(8248)
1455124,1067,n2,grip,1,중앙값 1227 < rest 기준선 0 + 5σ(8248)
1455126,1059,n2,grip,1,중앙값 1227 < rest 기준선 0 + 5σ(8248)
1455128,1035,n2,grip,1,중앙값 1227 < rest 기준선 0 + 5σ(8248)
1455130,1069,n2,grip,1,중앙값 1227 < rest 기준선 0 + 5σ(8248)
1455132,1041,n2,grip,1,중앙값 1227 < rest 기준선 0 + 5σ(8248)
1455134,999,n2,grip,1,중앙값 1227 < rest 기준선 0 + 5σ(8248)
1455136,969,n2,grip,1,중앙값 1227 < rest 기준선 0 + 5σ(8248)
1455138,926,n2,grip,1,중앙값 1227 < rest 기준선 0 + 5σ(8248)
1455140,885,n2,grip,1,중앙값 1227 < rest 기준선 0 + 5σ(8248)
1455142,849,n2,grip,1,중앙값 1227 < rest 기준선 0 + 5σ(8248)
1455144,823,n2,grip,1,중앙값 1227 < rest 기준선 0 + 5σ(8248)
1455146,826,n2,grip,1,중앙값 1227 < rest 기준선 0 + 5σ(8248)
1455148,828,n2,grip,1,중앙값 1227 < rest 기준선 0 + 5σ(8248)
1455150,886,n2,grip,1,중앙값 1227 < rest 기준선 0 + 5σ(8248)
1455152,880,n2,grip,1,중앙값 1227 < rest 기준선 0 + 5σ(8248)
1455154,861,n2,grip,1,중앙값 1227 < rest 기준선 0 + 5σ(8248)
1455156,903,n2,grip,1,중앙값 1227 < rest 기준선 0 + 5σ(8248)
1455158,881,n2,grip,1,중앙값 1227 < rest 기준선 0 + 5σ(8248)
1455160,871,n2,grip,1,중앙값 1227 < rest 기준선 0 + 5σ(8248)
1455162,895,n2,grip,1,중앙값 1227 < rest 기준선 0 + 5σ(8248)
1455164,877,n2,grip,1,중앙값 1227 < rest 기준선 0 + 5σ(8248)
1455166,835,n2,grip,1,중앙값 1227 < rest 기준선 0 + 5σ(8248)
1455168,836,n2,grip,1,중앙값 1227 < rest 기준선 0 + 5σ(8248)
1455170,898,n2,grip,1,중앙값 1227 < rest 기준선 0 + 5σ(8248)
1455172,889,n2,grip,1,중앙값 1227 < rest 기준선 0 + 5σ(8248)
1455174,847,n2,grip,1,중앙값 1227 < rest 기준선 0 + 5σ(8248)
1455176,817,n2,grip,1,중앙값 1227 < rest 기준선 0 + 5σ(8248)
1455178,779,n2,grip,1,중앙값 1227 < rest 기준선 0 + 5σ(8248)
1455180,766,n2,grip,1,중앙값 1227 < rest 기준선 0 + 5σ(8248)
1455182,862,n2,grip,1,중앙값 1227 < rest 기준선 0 + 5σ(8248)
1455184,865,n2,grip,1,중앙값 1227 < rest 기준선 0 + 5σ(8248)
1455186,910,n2,grip,1,중앙값 1227 < rest 기준선 0 + 5σ(8248)
1455188,887,n2,grip,1,중앙값 1227 < rest 기준선 0 + 5σ(8248)
1455190,918,n2,grip,1,중앙값 1227 < rest 기준선 0 + 5σ(8248)
1455192,1055,n2,grip,1,중앙값 1227 < rest 기준선 0 + 5σ(8248)
1455194,1152,n2,grip,1,중앙값 1227 < rest 기준선 0 + 5σ(8248)
1455196,1203,n2,grip,1,중앙값 1227 < rest 기준선 0 + 5σ(8248)
1455198,1189,n2,grip,1,중앙값 1227 < rest 기준선 0 + 5σ(8248)
1455200,1200,n2,grip,1,중앙값 1227 < rest 기준선 0 + 5σ(8248)
1455202,1194,n2,grip,1,중앙값 1227 < rest 기준선 0 + 5σ(8248)
1455204,1181,n2,grip,1,중앙값 1227 < rest 기준선 0 + 5σ(8248)
1455206,1152,n2,grip,1,중앙값 1227 < rest 기준선 0 + 5σ(8248)
1455208,1117,n2,grip,1,중앙값 1227 < rest 기준선 0 + 5σ(8248)
1455210,1100,n2,grip,1,중앙값 1227 < rest 기준선 0 + 5σ(8248)
1455212,1059,n2,grip,1,중앙값 1227 < rest 기준선 0 + 5σ(8248)
1455214,1009,n2,grip,1,중앙값 1227 < rest 기준선 0 + 5σ(8248)
1455216,963,n2,grip,1,중앙값 1227 < rest 기준선 0 + 5σ(8248)
1455218,935,n2,grip,1,중앙값 1227 < rest 기준선 0 + 5σ(8248)
1455220,897,n2,grip,1,중앙값 1227 < rest 기준선 0 + 5σ(8248)
1455222,855,n2,grip,1,중앙값 1227 < rest 기준선 0 + 5σ(8248)
1455224,871,n2,grip,1,중앙값 1227 < rest 기준선 0 + 5σ(8248)
1455226,945,n2,grip,1,중앙값 1227 < rest 기준선 0 + 5σ(8248)
1455228,983,n2,grip,1,중앙값 1227 < rest 기준선 0 + 5σ(8248)
1455230,1023,n2,grip,1,중앙값 1227 < rest 기준선 0 + 5σ(8248)
1455232,1051,n2,grip,1,중앙값 1227 < rest 기준선 0 + 5σ(8248)
1455234,1008,n2,grip,1,중앙값 1227 < rest 기준선 0 + 5σ(8248)
1455236,960,n2,grip,1,중앙값 1227 < rest 기준선 0 + 5σ(8248)
1455238,947,n2,grip,1,중앙값 1227 < rest 기준선 0 + 5σ(8248)
1455240,913,n2,grip,1,중앙값 1227 < rest 기준선 0 + 5σ(8248)
1455242,880,n2,grip,1,중앙값 1227 < rest 기준선 0 + 5σ(8248)
1455244,839,n2,grip,1,중앙값 1227 < rest 기준선 0 + 5σ(8248)
1455246,829,n2,grip,1,중앙값 1227 < rest 기준선 0 + 5σ(8248)
1455248,797,n2,grip,1,중앙값 1227 < rest 기준선 0 + 5σ(8248)
1455250,816,n2,grip,1,중앙값 1227 < rest 기준선 0 + 5σ(8248)
1455252,815,n2,grip,1,중앙값 1227 < rest 기준선 0 + 5σ(8248)
1455254,933,n2,grip,1,중앙값 1227 < rest 기준선 0 + 5σ(8248)
1455256,946,n2,grip,1,중앙값 1227 < rest 기준선 0 + 5σ(8248)
1455258,1053,n2,grip,1,중앙값 1227 < rest 기준선 0 + 5σ(8248)
1455260,1052,n2,grip,1,중앙값 1227 < rest 기준선 0 + 5σ(8248)
1455262,1056,n2,grip,1,중앙값 1227 < rest 기준선 0 + 5σ(8248)
1455264,1051,n2,grip,1,중앙값 1227 < rest 기준선 0 + 5σ(8248)
1455266,1008,n2,grip,1,중앙값 1227 < rest 기준선 0 + 5σ(8248)
1455268,994,n2,grip,1,중앙값 1227 < rest 기준선 0 + 5σ(8248)
1455270,973,n2,grip,1,중앙값 1227 < rest 기준선 0 + 5σ(8248)
1455272,963,n2,grip,1,중앙값 1227 < rest 기준선 0 + 5σ(8248)
1455274,963,n2,grip,1,중앙값 1227 < rest 기준선 0 + 5σ(8248)
1455276,945,n2,grip,1,중앙값 1227 < rest 기준선 0 + 5σ(8248)
1455278,966,n2,grip,1,중앙값 1227 < rest 기준선 0 + 5σ(8248)
1455280,955,n2,grip,1,중앙값 1227 < rest 기준선 0 + 5σ(8248)
1455282,950,n2,grip,1,중앙값 1227 < rest 기준선 0 + 5σ(8248)
1455284,953,n2,grip,1,중앙값 1227 < rest 기준선 0 + 5σ(8248)
1455286,930,n2,grip,1,중앙값 1227 < rest 기준선 0 + 5σ(8248)
1455288,910,n2,grip,1,중앙값 1227 < rest 기준선 0 + 5σ(8248)
1455290,929,n2,grip,1,중앙값 1227 < rest 기준선 0 + 5σ(8248)
1455292,914,n2,grip,1,중앙값 1227 < rest 기준선 0 + 5σ(8248)
1455294,1017,n2,grip,1,중앙값 1227 < rest 기준선 0 + 5σ(8248)
1455296,1008,n2,grip,1,중앙값 1227 < rest 기준선 0 + 5σ(8248)
1455298,976,n2,grip,1,중앙값 1227 < rest 기준선 0 + 5σ(8248)
1455300,949,n2,grip,1,중앙값 1227 < rest 기준선 0 + 5σ(8248)
1455302,996,n2,grip,1,중앙값 1227 < rest 기준선 0 + 5σ(8248)
1455304,978,n2,grip,1,중앙값 1227 < rest 기준선 0 + 5σ(8248)
1455306,957,n2,grip,1,중앙값 1227 < rest 기준선 0 + 5σ(8248)
1455308,973,n2,grip,1,중앙값 1227 < rest 기준선 0 + 5σ(8248)
1455310,949,n2,grip,1,중앙값 1227 < rest 기준선 0 + 5σ(8248)
1455312,925,n2,grip,1,중앙값 1227 < rest 기준선 0 + 5σ(8248)
1455314,903,n2,grip,1,중앙값 1227 < rest 기준선 0 + 5σ(8248)
1455316,922,n2,grip,1,중앙값 1227 < rest 기준선 0 + 5σ(8248)
1455318,905,n2,grip,1,중앙값 1227 < rest 기준선 0 + 5σ(8248)
1455320,905,n2,grip,1,중앙값 1227 < rest 기준선 0 + 5σ(8248)
1455322,880,n2,grip,1,중앙값 1227 < rest 기준선 0 + 5σ(8248)
1455324,870,n2,grip,1,중앙값 1227 < rest 기준선 0 + 5σ(8248)
1455326,861,n2,grip,1,중앙값 1227 < rest 기준선 0 + 5σ(8248)
1455328,831,n2,grip,1,중앙값 1227 < rest 기준선 0 + 5σ(8248)
1455330,839,n2,grip,1,중앙값 1227 < rest 기준선 0 + 5σ(8248)
1455332,816,n2,grip,1,중앙값 1227 < rest 기준선 0 + 5σ(8248)
1455334,829,n2,grip,1,중앙값 1227 < rest 기준선 0 + 5σ(8248)
1455336,894,n2,grip,1,중앙값 1227 < rest 기준선 0 + 5σ(8248)
1455338,902,n2,grip,1,중앙값 1227 < rest 기준선 0 + 5σ(8248)
1455340,975,n2,grip,1,중앙값 1227 < rest 기준선 0 + 5σ(8248)
1455342,993,n2,grip,1,중앙값 1227 < rest 기준선 0 + 5σ(8248)
1455344,958,n2,grip,1,중앙값 1227 < rest 기준선 0 + 5σ(8248)
1455346,937,n2,grip,1,중앙값 1227 < rest 기준선 0 + 5σ(8248)
1455348,903,n2,grip,1,중앙값 1227 < rest 기준선 0 + 5σ(8248)
1455350,874,n2,grip,1,중앙값 1227 < rest 기준선 0 + 5σ(8248)
1455352,838,n2,grip,1,중앙값 1227 < rest 기준선 0 + 5σ(8248)
1455354,826,n2,grip,1,중앙값 1227 < rest 기준선 0 + 5σ(8248)
1455356,802,n2,grip,1,중앙값 1227 < rest 기준선 0 + 5σ(8248)
1455358,787,n2,grip,1,중앙값 1227 < rest 기준선 0 + 5σ(8248)
1455360,752,n2,grip,1,중앙값 1227 < rest 기준선 0 + 5σ(8248)
1455362,720,n2,grip,1,중앙값 1227 < rest 기준선 0 + 5σ(8248)
1455364,696,n2,grip,1,중앙값 1227 < rest 기준선 0 + 5σ(8248)
1455366,783,n2,grip,1,중앙값 1227 < rest 기준선 0 + 5σ(8248)
1455368,845,n2,grip,1,중앙값 1227 < rest 기준선 0 + 5σ(8248)
1455370,867,n2,grip,1,중앙값 1227 < rest 기준선 0 + 5σ(8248)
1455372,831,n2,grip,1,중앙값 1227 < rest 기준선 0 + 5σ(8248)
1455374,818,n2,grip,1,중앙값 1227 < rest 기준선 0 + 5σ(8248)
1455376,827,n2,grip,1,중앙값 1227 < rest 기준선 0 + 5σ(8248)
1455378,795,n2,grip,1,중앙값 1227 < rest 기준선 0 + 5σ(8248)
1455380,773,n2,grip,1,중앙값 1227 < rest 기준선 0 + 5σ(8248)
1455382,752,n2,grip,1,중앙값 1227 < rest 기준선 0 + 5σ(8248)
1455384,718,n2,grip,1,중앙값 1227 < rest 기준선 0 + 5σ(8248)
1455386,687,n2,grip,1,중앙값 1227 < rest 기준선 0 + 5σ(8248)
1455388,704,n2,grip,1,중앙값 1227 < rest 기준선 0 + 5σ(8248)
1455390,732,n2,grip,1,중앙값 1227 < rest 기준선 0 + 5σ(8248)
1455392,754,n2,grip,1,중앙값 1227 < rest 기준선 0 + 5σ(8248)
1455394,862,n2,grip,1,중앙값 1227 < rest 기준선 0 + 5σ(8248)
1455396,882,n2,grip,1,중앙값 1227 < rest 기준선 0 + 5σ(8248)
1455398,878,n2,grip,1,중앙값 1227 < rest 기준선 0 + 5σ(8248)
1455400,843,n2,grip,1,중앙값 1227 < rest 기준선 0 + 5σ(8248)
1455402,806,n2,grip,1,중앙값 1227 < rest 기준선 0 + 5σ(8248)
1455404,778,n2,grip,1,중앙값 1227 < rest 기준선 0 + 5σ(8248)
1455406,816,n2,grip,1,중앙값 1227 < rest 기준선 0 + 5σ(8248)
1455408,822,n2,grip,1,중앙값 1227 < rest 기준선 0 + 5σ(8248)
1455410,924,n2,grip,1,중앙값 1227 < rest 기준선 0 + 5σ(8248)
1455412,938,n2,grip,1,중앙값 1227 < rest 기준선 0 + 5σ(8248)
1455414,912,n2,grip,1,중앙값 1227 < rest 기준선 0 + 5σ(8248)
1455416,867,n2,grip,1,중앙값 1227 < rest 기준선 0 + 5σ(8248)
1455418,865,n2,grip,1,중앙값 1227 < rest 기준선 0 + 5σ(8248)
1455420,855,n2,grip,1,중앙값 1227 < rest 기준선 0 + 5σ(8248)
1455422,869,n2,grip,1,중앙값 1227 < rest 기준선 0 + 5σ(8248)
1455424,834,n2,grip,1,중앙값 1227 < rest 기준선 0 + 5σ(8248)
1455426,795,n2,grip,1,중앙값 1227 < rest 기준선 0 + 5σ(8248)
1455428,753,n2,grip,1,중앙값 1227 < rest 기준선 0 + 5σ(8248)
1455430,720,n2,grip,1,중앙값 1227 < rest 기준선 0 + 5σ(8248)
1455432,688,n2,grip,1,중앙값 1227 < rest 기준선 0 + 5σ(8248)
1455434,656,n2,grip,1,중앙값 1227 < rest 기준선 0 + 5σ(8248)
1455436,679,n2,grip,1,중앙값 1227 < rest 기준선 0 + 5σ(8248)
1455438,726,n2,grip,1,중앙값 1227 < rest 기준선 0 + 5σ(8248)
1455440,752,n2,grip,1,중앙값 1227 < rest 기준선 0 + 5σ(8248)
1455442,791,n2,grip,1,중앙값 1227 < rest 기준선 0 + 5σ(8248)
1455444,789,n2,grip,1,중앙값 1227 < rest 기준선 0 + 5σ(8248)
1455446,786,n2,grip,1,중앙값 1227 < rest 기준선 0 + 5σ(8248)
1455448,1039,n2,grip,1,중앙값 1227 < rest 기준선 0 + 5σ(8248)
1455450,1259,n2,grip,1,중앙값 1227 < rest 기준선 0 + 5σ(8248)
1455452,1455,n2,grip,1,중앙값 1227 < rest 기준선 0 + 5σ(8248)
1455454,1611,n2,grip,1,중앙값 1227 < rest 기준선 0 + 5σ(8248)
1455456,1762,n2,grip,1,중앙값 1227 < rest 기준선 0 + 5σ(8248)
1455458,1918,n2,grip,1,중앙값 1227 < rest 기준선 0 + 5σ(8248)
1455460,2064,n2,grip,1,중앙값 1227 < rest 기준선 0 + 5σ(8248)
1455462,2173,n2,grip,1,중앙값 1227 < rest 기준선 0 + 5σ(8248)
1455464,2295,n2,grip,1,중앙값 1227 < rest 기준선 0 + 5σ(8248)
1455466,2403,n2,grip,1,중앙값 1227 < rest 기준선 0 + 5σ(8248)
1455468,2559,n2,grip,1,중앙값 1227 < rest 기준선 0 + 5σ(8248)
1455470,2704,n2,grip,1,중앙값 1227 < rest 기준선 0 + 5σ(8248)
1455472,2880,n2,grip,1,중앙값 1227 < rest 기준선 0 + 5σ(8248)
1455474,2989,n2,grip,1,중앙값 1227 < rest 기준선 0 + 5σ(8248)
1455476,3043,n2,grip,1,중앙값 1227 < rest 기준선 0 + 5σ(8248)
1455478,3123,n2,grip,1,중앙값 1227 < rest 기준선 0 + 5σ(8248)
1455480,3523,n2,grip,1,중앙값 1227 < rest 기준선 0 + 5σ(8248)
1455482,4095,n2,grip,1,중앙값 1227 < rest 기준선 0 + 5σ(8248)
1455484,4095,n2,grip,1,중앙값 1227 < rest 기준선 0 + 5σ(8248)
1455486,4095,n2,grip,1,중앙값 1227 < rest 기준선 0 + 5σ(8248)
1455488,4095,n2,grip,1,중앙값 1227 < rest 기준선 0 + 5σ(8248)
1455490,4095,n2,grip,1,중앙값 1227 < rest 기준선 0 + 5σ(8248)
1455492,4095,n2,grip,1,중앙값 1227 < rest 기준선 0 + 5σ(8248)
1455494,4095,n2,grip,1,중앙값 1227 < rest 기준선 0 + 5σ(8248)
1455496,4095,n2,grip,1,중앙값 1227 < rest 기준선 0 + 5σ(8248)
1455498,4095,n2,grip,1,중앙값 1227 < rest 기준선 0 + 5σ(8248)
1455500,4095,n2,grip,1,중앙값 1227 < rest 기준선 0 + 5σ(8248)
1455502,4095,n2,grip,1,중앙값 1227 < rest 기준선 0 + 5σ(8248)
1455504,4095,n2,grip,1,중앙값 1227 < rest 기준선 0 + 5σ(8248)
1455506,4095,n2,grip,1,중앙값 1227 < rest 기준선 0 + 5σ(8248)
1455508,4095,n2,grip,1,중앙값 1227 < rest 기준선 0 + 5σ(8248)
1455510,4063,n2,grip,1,중앙값 1227 < rest 기준선 0 + 5σ(8248)
1455512,3808,n2,grip,1,중앙값 1227 < rest 기준선 0 + 5σ(8248)
1455514,3617,n2,grip,1,중앙값 1227 < rest 기준선 0 + 5σ(8248)
1455516,3474,n2,grip,1,중앙값 1227 < rest 기준선 0 + 5σ(8248)
1455518,3365,n2,grip,1,중앙값 1227 < rest 기준선 0 + 5σ(8248)
1455520,3285,n2,grip,1,중앙값 1227 < rest 기준선 0 + 5σ(8248)
1455522,3231,n2,grip,1,중앙값 1227 < rest 기준선 0 + 5σ(8248)
1455524,3191,n2,grip,1,중앙값 1227 < rest 기준선 0 + 5σ(8248)
1455526,3149,n2,grip,1,중앙값 1227 < rest 기준선 0 + 5σ(8248)
1455528,3120,n2,grip,1,중앙값 1227 < rest 기준선 0 + 5σ(8248)
1455530,3095,n2,grip,1,중앙값 1227 < rest 기준선 0 + 5σ(8248)
1455532,3085,n2,grip,1,중앙값 1227 < rest 기준선 0 + 5σ(8248)
1455534,3055,n2,grip,1,중앙값 1227 < rest 기준선 0 + 5σ(8248)
1455536,3039,n2,grip,1,중앙값 1227 < rest 기준선 0 + 5σ(8248)
1455538,3025,n2,grip,1,중앙값 1227 < rest 기준선 0 + 5σ(8248)
1455540,3018,n2,grip,1,중앙값 1227 < rest 기준선 0 + 5σ(8248)
1455542,3005,n2,grip,1,중앙값 1227 < rest 기준선 0 + 5σ(8248)
1455544,2994,n2,grip,1,중앙값 1227 < rest 기준선 0 + 5σ(8248)
1455546,2992,n2,grip,1,중앙값 1227 < rest 기준선 0 + 5σ(8248)
1455548,2983,n2,grip,1,중앙값 1227 < rest 기준선 0 + 5σ(8248)
1455550,2976,n2,grip,1,중앙값 1227 < rest 기준선 0 + 5σ(8248)
1455552,2976,n2,grip,1,중앙값 1227 < rest 기준선 0 + 5σ(8248)
1455554,2966,n2,grip,1,중앙값 1227 < rest 기준선 0 + 5σ(8248)
1455556,2961,n2,grip,1,중앙값 1227 < rest 기준선 0 + 5σ(8248)
1455558,2965,n2,grip,1,중앙값 1227 < rest 기준선 0 + 5σ(8248)
1455560,2959,n2,grip,1,중앙값 1227 < rest 기준선 0 + 5σ(8248)
1455562,2959,n2,grip,1,중앙값 1227 < rest 기준선 0 + 5σ(8248)
1455564,2954,n2,grip,1,중앙값 1227 < rest 기준선 0 + 5σ(8248)
1455566,2947,n2,grip,1,중앙값 1227 < rest 기준선 0 + 5σ(8248)
1455568,2945,n2,grip,1,중앙값 1227 < rest 기준선 0 + 5σ(8248)
1455570,2943,n2,grip,1,중앙값 1227 < rest 기준선 0 + 5σ(8248)
1455572,2944,n2,grip,1,중앙값 1227 < rest 기준선 0 + 5σ(8248)
1455574,2943,n2,grip,1,중앙값 1227 < rest 기준선 0 + 5σ(8248)
1455576,2933,n2,grip,1,중앙값 1227 < rest 기준선 0 + 5σ(8248)
1455578,2933,n2,grip,1,중앙값 1227 < rest 기준선 0 + 5σ(8248)
1455580,2931,n2,grip,1,중앙값 1227 < rest 기준선 0 + 5σ(8248)
1455582,2933,n2,grip,1,중앙값 1227 < rest 기준선 0 + 5σ(8248)
1455584,2931,n2,grip,1,중앙값 1227 < rest 기준선 0 + 5σ(8248)
1455586,2934,n2,grip,1,중앙값 1227 < rest 기준선 0 + 5σ(8248)
1455588,2935,n2,grip,1,중앙값 1227 < rest 기준선 0 + 5σ(8248)
1455590,2930,n2,grip,1,중앙값 1227 < rest 기준선 0 + 5σ(8248)
1455592,2931,n2,grip,1,중앙값 1227 < rest 기준선 0 + 5σ(8248)
1455594,2929,n2,grip,1,중앙값 1227 < rest 기준선 0 + 5σ(8248)
1455596,2935,n2,grip,1,중앙값 1227 < rest 기준선 0 + 5σ(8248)
1455598,2928,n2,grip,1,중앙값 1227 < rest 기준선 0 + 5σ(8248)
1455600,2932,n2,grip,1,중앙값 1227 < rest 기준선 0 + 5σ(8248)
1455602,2933,n2,grip,1,중앙값 1227 < rest 기준선 0 + 5σ(8248)
1455604,2930,n2,grip,1,중앙값 1227 < rest 기준선 0 + 5σ(8248)
1455606,2931,n2,grip,1,중앙값 1227 < rest 기준선 0 + 5σ(8248)
1455608,2927,n2,grip,1,중앙값 1227 < rest 기준선 0 + 5σ(8248)
1455610,2930,n2,grip,1,중앙값 1227 < rest 기준선 0 + 5σ(8248)
1455612,2929,n2,grip,1,중앙값 1227 < rest 기준선 0 + 5σ(8248)
1455614,2933,n2,grip,1,중앙값 1227 < rest 기준선 0 + 5σ(8248)
1455616,2928,n2,grip,1,중앙값 1227 < rest 기준선 0 + 5σ(8248)
1455618,2933,n2,grip,1,중앙값 1227 < rest 기준선 0 + 5σ(8248)
1455620,2931,n2,grip,1,중앙값 1227 < rest 기준선 0 + 5σ(8248)
1455622,2930,n2,grip,1,중앙값 1227 < rest 기준선 0 + 5σ(8248)
1455624,2935,n2,grip,1,중앙값 1227 < rest 기준선 0 + 5σ(8248)
1455626,2937,n2,grip,1,중앙값 1227 < rest 기준선 0 + 5σ(8248)
1455628,2937,n2,grip,1,중앙값 1227 < rest 기준선 0 + 5σ(8248)
1455630,2938,n2,grip,1,중앙값 1227 < rest 기준선 0 + 5σ(8248)
1455632,2935,n2,grip,1,중앙값 1227 < rest 기준선 0 + 5σ(8248)
1455634,2931,n2,grip,1,중앙값 1227 < rest 기준선 0 + 5σ(8248)
1455636,2937,n2,grip,1,중앙값 1227 < rest 기준선 0 + 5σ(8248)
1455638,2934,n2,grip,1,중앙값 1227 < rest 기준선 0 + 5σ(8248)
1455640,2929,n2,grip,1,중앙값 1227 < rest 기준선 0 + 5σ(8248)
1455642,2937,n2,grip,1,중앙값 1227 < rest 기준선 0 + 5σ(8248)
1455644,2930,n2,grip,1,중앙값 1227 < rest 기준선 0 + 5σ(8248)
1455646,2932,n2,grip,1,중앙값 1227 < rest 기준선 0 + 5σ(8248)
1455648,2941,n2,grip,1,중앙값 1227 < rest 기준선 0 + 5σ(8248)
1455650,2942,n2,grip,1,중앙값 1227 < rest 기준선 0 + 5σ(8248)
1455652,2941,n2,grip,1,중앙값 1227 < rest 기준선 0 + 5σ(8248)
1455654,2943,n2,grip,1,중앙값 1227 < rest 기준선 0 + 5σ(8248)
1455656,2941,n2,grip,1,중앙값 1227 < rest 기준선 0 + 5σ(8248)
1455658,2947,n2,grip,1,중앙값 1227 < rest 기준선 0 + 5σ(8248)
1455660,2943,n2,grip,1,중앙값 1227 < rest 기준선 0 + 5σ(8248)
1455662,2951,n2,grip,1,중앙값 1227 < rest 기준선 0 + 5σ(8248)
1455664,2943,n2,grip,1,중앙값 1227 < rest 기준선 0 + 5σ(8248)
1455666,2944,n2,grip,1,중앙값 1227 < rest 기준선 0 + 5σ(8248)
1455668,2949,n2,grip,1,중앙값 1227 < rest 기준선 0 + 5σ(8248)
1455670,2943,n2,grip,1,중앙값 1227 < rest 기준선 0 + 5σ(8248)
1455672,2953,n2,grip,1,중앙값 1227 < rest 기준선 0 + 5σ(8248)
1455674,2953,n2,grip,1,중앙값 1227 < rest 기준선 0 + 5σ(8248)
1455676,2950,n2,grip,1,중앙값 1227 < rest 기준선 0 + 5σ(8248)
1455678,2949,n2,grip,1,중앙값 1227 < rest 기준선 0 + 5σ(8248)
1455680,2955,n2,grip,1,중앙값 1227 < rest 기준선 0 + 5σ(8248)
1455682,2949,n2,grip,1,중앙값 1227 < rest 기준선 0 + 5σ(8248)
1455684,2951,n2,grip,1,중앙값 1227 < rest 기준선 0 + 5σ(8248)
1455686,2953,n2,grip,1,중앙값 1227 < rest 기준선 0 + 5σ(8248)
1455688,2953,n2,grip,1,중앙값 1227 < rest 기준선 0 + 5σ(8248)
1455690,2957,n2,grip,1,중앙값 1227 < rest 기준선 0 + 5σ(8248)
1455692,2957,n2,grip,1,중앙값 1227 < rest 기준선 0 + 5σ(8248)
1455694,2958,n2,grip,1,중앙값 1227 < rest 기준선 0 + 5σ(8248)
1455696,2958,n2,grip,1,중앙값 1227 < rest 기준선 0 + 5σ(8248)
1455698,2951,n2,grip,1,중앙값 1227 < rest 기준선 0 + 5σ(8248)
1455700,2960,n2,grip,1,중앙값 1227 < rest 기준선 0 + 5σ(8248)
1455702,2957,n2,grip,1,중앙값 1227 < rest 기준선 0 + 5σ(8248)
1455704,2960,n2,grip,1,중앙값 1227 < rest 기준선 0 + 5σ(8248)
1455706,2960,n2,grip,1,중앙값 1227 < rest 기준선 0 + 5σ(8248)
1455708,2955,n2,grip,1,중앙값 1227 < rest 기준선 0 + 5σ(8248)
1455710,2962,n2,grip,1,중앙값 1227 < rest 기준선 0 + 5σ(8248)
1455712,2960,n2,grip,1,중앙값 1227 < rest 기준선 0 + 5σ(8248)
1455714,2960,n2,grip,1,중앙값 1227 < rest 기준선 0 + 5σ(8248)
1455716,2960,n2,grip,1,중앙값 1227 < rest 기준선 0 + 5σ(8248)
1455718,2960,n2,grip,1,중앙값 1227 < rest 기준선 0 + 5σ(8248)
1455720,2960,n2,grip,1,중앙값 1227 < rest 기준선 0 + 5σ(8248)
1455722,2962,n2,grip,1,중앙값 1227 < rest 기준선 0 + 5σ(8248)
1455724,2967,n2,grip,1,중앙값 1227 < rest 기준선 0 + 5σ(8248)
1455726,2961,n2,grip,1,중앙값 1227 < rest 기준선 0 + 5σ(8248)
1455728,2965,n2,grip,1,중앙값 1227 < rest 기준선 0 + 5σ(8248)
1455730,2965,n2,grip,1,중앙값 1227 < rest 기준선 0 + 5σ(8248)
1455732,2969,n2,grip,1,중앙값 1227 < rest 기준선 0 + 5σ(8248)
1455734,2970,n2,grip,1,중앙값 1227 < rest 기준선 0 + 5σ(8248)
1455736,2965,n2,grip,1,중앙값 1227 < rest 기준선 0 + 5σ(8248)
1455738,2967,n2,grip,1,중앙값 1227 < rest 기준선 0 + 5σ(8248)
1455740,2968,n2,grip,1,중앙값 1227 < rest 기준선 0 + 5σ(8248)
1455742,2972,n2,grip,1,중앙값 1227 < rest 기준선 0 + 5σ(8248)
1455744,2965,n2,grip,1,중앙값 1227 < rest 기준선 0 + 5σ(8248)
1455746,2974,n2,grip,1,중앙값 1227 < rest 기준선 0 + 5σ(8248)
1455748,2968,n2,grip,1,중앙값 1227 < rest 기준선 0 + 5σ(8248)
1455750,2975,n2,grip,1,중앙값 1227 < rest 기준선 0 + 5σ(8248)
1455752,227,n2,grip,1,중앙값 1227 < rest 기준선 0 + 5σ(8248)
1455754,591,n2,grip,1,중앙값 1227 < rest 기준선 0 + 5σ(8248)
1455756,720,n2,grip,1,중앙값 1227 < rest 기준선 0 + 5σ(8248)
1455758,814,n2,grip,1,중앙값 1227 < rest 기준선 0 + 5σ(8248)
1455760,908,n2,grip,1,중앙값 1227 < rest 기준선 0 + 5σ(8248)
1455762,902,n2,grip,1,중앙값 1227 < rest 기준선 0 + 5σ(8248)
1455764,885,n2,grip,1,중앙값 1227 < rest 기준선 0 + 5σ(8248)
1455766,880,n2,grip,1,중앙값 1227 < rest 기준선 0 + 5σ(8248)
1455768,859,n2,grip,1,중앙값 1227 < rest 기준선 0 + 5σ(8248)
1455770,863,n2,grip,1,중앙값 1227 < rest 기준선 0 + 5σ(8248)
1455772,833,n2,grip,1,중앙값 1227 < rest 기준선 0 + 5σ(8248)
1455774,790,n2,grip,1,중앙값 1227 < rest 기준선 0 + 5σ(8248)
1455776,757,n2,grip,1,중앙값 1227 < rest 기준선 0 + 5σ(8248)
1455778,720,n2,grip,1,중앙값 1227 < rest 기준선 0 + 5σ(8248)
1455780,688,n2,grip,1,중앙값 1227 < rest 기준선 0 + 5σ(8248)
1455782,665,n2,grip,1,중앙값 1227 < rest 기준선 0 + 5σ(8248)
1455784,661,n2,grip,1,중앙값 1227 < rest 기준선 0 + 5σ(8248)
1455786,635,n2,grip,1,중앙값 1227 < rest 기준선 0 + 5σ(8248)
1455788,613,n2,grip,1,중앙값 1227 < rest 기준선 0 + 5σ(8248)
1455790,583,n2,grip,1,중앙값 1227 < rest 기준선 0 + 5σ(8248)
1455792,560,n2,grip,1,중앙값 1227 < rest 기준선 0 + 5σ(8248)
1455794,534,n2,grip,1,중앙값 1227 < rest 기준선 0 + 5σ(8248)
1455796,508,n2,grip,1,중앙값 1227 < rest 기준선 0 + 5σ(8248)
1455798,485,n2,grip,1,중앙값 1227 < rest 기준선 0 + 5σ(8248)
1455800,460,n2,grip,1,중앙값 1227 < rest 기준선 0 + 5σ(8248)
1455802,435,n2,grip,1,중앙값 1227 < rest 기준선 0 + 5σ(8248)
1455804,415,n2,grip,1,중앙값 1227 < rest 기준선 0 + 5σ(8248)
1455806,394,n2,grip,1,중앙값 1227 < rest 기준선 0 + 5σ(8248)
1455808,372,n2,grip,1,중앙값 1227 < rest 기준선 0 + 5σ(8248)
1455810,353,n2,grip,1,중앙값 1227 < rest 기준선 0 + 5σ(8248)
1455812,337,n2,grip,1,중앙값 1227 < rest 기준선 0 + 5σ(8248)
1455814,373,n2,grip,1,중앙값 1227 < rest 기준선 0 + 5σ(8248)
1455816,406,n2,grip,1,중앙값 1227 < rest 기준선 0 + 5σ(8248)
1455818,449,n2,grip,1,중앙값 1227 < rest 기준선 0 + 5σ(8248)
1455820,560,n2,grip,1,중앙값 1227 < rest 기준선 0 + 5σ(8248)
1455822,577,n2,grip,1,중앙값 1227 < rest 기준선 0 + 5σ(8248)
1455824,601,n2,grip,1,중앙값 1227 < rest 기준선 0 + 5σ(8248)
1455826,592,n2,grip,1,중앙값 1227 < rest 기준선 0 + 5σ(8248)
1455828,576,n2,grip,1,중앙값 1227 < rest 기준선 0 + 5σ(8248)
1455830,558,n2,grip,1,중앙값 1227 < rest 기준선 0 + 5σ(8248)
1455832,590,n2,grip,1,중앙값 1227 < rest 기준선 0 + 5σ(8248)
1455834,599,n2,grip,1,중앙값 1227 < rest 기준선 0 + 5σ(8248)
1455836,645,n2,grip,1,중앙값 1227 < rest 기준선 0 + 5σ(8248)
1455838,632,n2,grip,1,중앙값 1227 < rest 기준선 0 + 5σ(8248)
1455840,629,n2,grip,1,중앙값 1227 < rest 기준선 0 + 5σ(8248)
1455842,606,n2,grip,1,중앙값 1227 < rest 기준선 0 + 5σ(8248)
1455844,640,n2,grip,1,중앙값 1227 < rest 기준선 0 + 5σ(8248)
1455846,638,n2,grip,1,중앙값 1227 < rest 기준선 0 + 5σ(8248)
1455848,641,n2,grip,1,중앙값 1227 < rest 기준선 0 + 5σ(8248)
1455850,611,n2,grip,1,중앙값 1227 < rest 기준선 0 + 5σ(8248)
1455852,603,n2,grip,1,중앙값 1227 < rest 기준선 0 + 5σ(8248)
1455854,595,n2,grip,1,중앙값 1227 < rest 기준선 0 + 5σ(8248)
1455856,587,n2,grip,1,중앙값 1227 < rest 기준선 0 + 5σ(8248)
1455858,590,n2,grip,1,중앙값 1227 < rest 기준선 0 + 5σ(8248)
1455860,564,n2,grip,1,중앙값 1227 < rest 기준선 0 + 5σ(8248)
1455862,538,n2,grip,1,중앙값 1227 < rest 기준선 0 + 5σ(8248)
1455864,522,n2,grip,1,중앙값 1227 < rest 기준선 0 + 5σ(8248)
1455866,494,n2,grip,1,중앙값 1227 < rest 기준선 0 + 5σ(8248)
1455868,477,n2,grip,1,중앙값 1227 < rest 기준선 0 + 5σ(8248)
1455870,454,n2,grip,1,중앙값 1227 < rest 기준선 0 + 5σ(8248)
1455872,432,n2,grip,1,중앙값 1227 < rest 기준선 0 + 5σ(8248)
1455874,428,n2,grip,1,중앙값 1227 < rest 기준선 0 + 5σ(8248)
1455876,404,n2,grip,1,중앙값 1227 < rest 기준선 0 + 5σ(8248)
1455878,387,n2,grip,1,중앙값 1227 < rest 기준선 0 + 5σ(8248)
1455880,374,n2,grip,1,중앙값 1227 < rest 기준선 0 + 5σ(8248)
1455882,367,n2,grip,1,중앙값 1227 < rest 기준선 0 + 5σ(8248)
1455884,356,n2,grip,1,중앙값 1227 < rest 기준선 0 + 5σ(8248)
1455886,373,n2,grip,1,중앙값 1227 < rest 기준선 0 + 5σ(8248)
1455888,362,n2,grip,1,중앙값 1227 < rest 기준선 0 + 5σ(8248)
1455890,374,n2,grip,1,중앙값 1227 < rest 기준선 0 + 5σ(8248)
1455892,376,n2,grip,1,중앙값 1227 < rest 기준선 0 + 5σ(8248)
1455894,362,n2,grip,1,중앙값 1227 < rest 기준선 0 + 5σ(8248)
1455896,435,n2,grip,1,중앙값 1227 < rest 기준선 0 + 5σ(8248)
1455898,487,n2,grip,1,중앙값 1227 < rest 기준선 0 + 5σ(8248)
1455900,652,n2,grip,1,중앙값 1227 < rest 기준선 0 + 5σ(8248)
1455902,688,n2,grip,1,중앙값 1227 < rest 기준선 0 + 5σ(8248)
1455904,674,n2,grip,1,중앙값 1227 < rest 기준선 0 + 5σ(8248)
1455906,677,n2,grip,1,중앙값 1227 < rest 기준선 0 + 5σ(8248)
1455908,677,n2,grip,1,중앙값 1227 < rest 기준선 0 + 5σ(8248)
1455910,659,n2,grip,1,중앙값 1227 < rest 기준선 0 + 5σ(8248)
1455912,656,n2,grip,1,중앙값 1227 < rest 기준선 0 + 5σ(8248)
1455914,637,n2,grip,1,중앙값 1227 < rest 기준선 0 + 5σ(8248)
1455916,640,n2,grip,1,중앙값 1227 < rest 기준선 0 + 5σ(8248)
1455918,618,n2,grip,1,중앙값 1227 < rest 기준선 0 + 5σ(8248)
1455920,592,n2,grip,1,중앙값 1227 < rest 기준선 0 + 5σ(8248)
1455922,573,n2,grip,1,중앙값 1227 < rest 기준선 0 + 5σ(8248)
1455924,550,n2,grip,1,중앙값 1227 < rest 기준선 0 + 5σ(8248)
1455926,574,n2,grip,1,중앙값 1227 < rest 기준선 0 + 5σ(8248)
1455928,561,n2,grip,1,중앙값 1227 < rest 기준선 0 + 5σ(8248)
1455930,591,n2,grip,1,중앙값 1227 < rest 기준선 0 + 5σ(8248)
1455932,574,n2,grip,1,중앙값 1227 < rest 기준선 0 + 5σ(8248)
1455934,546,n2,grip,1,중앙값 1227 < rest 기준선 0 + 5σ(8248)
1455936,528,n2,grip,1,중앙값 1227 < rest 기준선 0 + 5σ(8248)
1455938,511,n2,grip,1,중앙값 1227 < rest 기준선 0 + 5σ(8248)
1455940,491,n2,grip,1,중앙값 1227 < rest 기준선 0 + 5σ(8248)
1455942,465,n2,grip,1,중앙값 1227 < rest 기준선 0 + 5σ(8248)
1455944,463,n2,grip,1,중앙값 1227 < rest 기준선 0 + 5σ(8248)
1455946,459,n2,grip,1,중앙값 1227 < rest 기준선 0 + 5σ(8248)
1455948,436,n2,grip,1,중앙값 1227 < rest 기준선 0 + 5σ(8248)
1455950,421,n2,grip,1,중앙값 1227 < rest 기준선 0 + 5σ(8248)
1455952,395,n2,grip,1,중앙값 1227 < rest 기준선 0 + 5σ(8248)
1455954,377,n2,grip,1,중앙값 1227 < rest 기준선 0 + 5σ(8248)
1455956,355,n2,grip,1,중앙값 1227 < rest 기준선 0 + 5σ(8248)
1455958,336,n2,grip,1,중앙값 1227 < rest 기준선 0 + 5σ(8248)
1455960,320,n2,grip,1,중앙값 1227 < rest 기준선 0 + 5σ(8248)
1455962,302,n2,grip,1,중앙값 1227 < rest 기준선 0 + 5σ(8248)
1455964,285,n2,grip,1,중앙값 1227 < rest 기준선 0 + 5σ(8248)
1455966,272,n2,grip,1,중앙값 1227 < rest 기준선 0 + 5σ(8248)
1455968,256,n2,grip,1,중앙값 1227 < rest 기준선 0 + 5σ(8248)
1455970,241,n2,grip,1,중앙값 1227 < rest 기준선 0 + 5σ(8248)
1455972,251,n2,grip,1,중앙값 1227 < rest 기준선 0 + 5σ(8248)
1455974,263,n2,grip,1,중앙값 1227 < rest 기준선 0 + 5σ(8248)
1455976,299,n2,grip,1,중앙값 1227 < rest 기준선 0 + 5σ(8248)
1455978,299,n2,grip,1,중앙값 1227 < rest 기준선 0 + 5σ(8248)
1455980,286,n2,grip,1,중앙값 1227 < rest 기준선 0 + 5σ(8248)
1455982,271,n2,grip,1,중앙값 1227 < rest 기준선 0 + 5σ(8248)
1455984,257,n2,grip,1,중앙값 1227 < rest 기준선 0 + 5σ(8248)
1455986,288,n2,grip,1,중앙값 1227 < rest 기준선 0 + 5σ(8248)
1455988,287,n2,grip,1,중앙값 1227 < rest 기준선 0 + 5σ(8248)
1455990,317,n2,grip,1,중앙값 1227 < rest 기준선 0 + 5σ(8248)
1455992,336,n2,grip,1,중앙값 1227 < rest 기준선 0 + 5σ(8248)
1455994,322,n2,grip,1,중앙값 1227 < rest 기준선 0 + 5σ(8248)
1455996,311,n2,grip,1,중앙값 1227 < rest 기준선 0 + 5σ(8248)
1455998,294,n2,grip,1,중앙값 1227 < rest 기준선 0 + 5σ(8248)
1456000,278,n2,grip,1,중앙값 1227 < rest 기준선 0 + 5σ(8248)
1456002,269,n2,grip,1,중앙값 1227 < rest 기준선 0 + 5σ(8248)
1456004,246,n2,grip,1,중앙값 1227 < rest 기준선 0 + 5σ(8248)
1456006,234,n2,grip,1,중앙값 1227 < rest 기준선 0 + 5σ(8248)
1456008,222,n2,grip,1,중앙값 1227 < rest 기준선 0 + 5σ(8248)
1456010,225,n2,grip,1,중앙값 1227 < rest 기준선 0 + 5σ(8248)
1456012,252,n2,grip,1,중앙값 1227 < rest 기준선 0 + 5σ(8248)
1456014,251,n2,grip,1,중앙값 1227 < rest 기준선 0 + 5σ(8248)
1456016,303,n2,grip,1,중앙값 1227 < rest 기준선 0 + 5σ(8248)
1456018,302,n2,grip,1,중앙값 1227 < rest 기준선 0 + 5σ(8248)
1456020,285,n2,grip,1,중앙값 1227 < rest 기준선 0 + 5σ(8248)
1456022,268,n2,grip,1,중앙값 1227 < rest 기준선 0 + 5σ(8248)
1456024,256,n2,grip,1,중앙값 1227 < rest 기준선 0 + 5σ(8248)
1456026,246,n2,grip,1,중앙값 1227 < rest 기준선 0 + 5σ(8248)
1456028,240,n2,grip,1,중앙값 1227 < rest 기준선 0 + 5σ(8248)
1456030,223,n2,grip,1,중앙값 1227 < rest 기준선 0 + 5σ(8248)
1456032,209,n2,grip,1,중앙값 1227 < rest 기준선 0 + 5σ(8248)
1456034,198,n2,grip,1,중앙값 1227 < rest 기준선 0 + 5σ(8248)
1456036,192,n2,grip,1,중앙값 1227 < rest 기준선 0 + 5σ(8248)
1456038,177,n2,grip,1,중앙값 1227 < rest 기준선 0 + 5σ(8248)
1456040,169,n2,grip,1,중앙값 1227 < rest 기준선 0 + 5σ(8248)
1456042,158,n2,grip,1,중앙값 1227 < rest 기준선 0 + 5σ(8248)
1456044,146,n2,grip,1,중앙값 1227 < rest 기준선 0 + 5σ(8248)
1456046,140,n2,grip,1,중앙값 1227 < rest 기준선 0 + 5σ(8248)
1456048,129,n2,grip,1,중앙값 1227 < rest 기준선 0 + 5σ(8248)
1456050,121,n2,grip,1,중앙값 1227 < rest 기준선 0 + 5σ(8248)
1456052,113,n2,grip,1,중앙값 1227 < rest 기준선 0 + 5σ(8248)
1456054,106,n2,grip,1,중앙값 1227 < rest 기준선 0 + 5σ(8248)
1456056,102,n2,grip,1,중앙값 1227 < rest 기준선 0 + 5σ(8248)
1456058,95,n2,grip,1,중앙값 1227 < rest 기준선 0 + 5σ(8248)
1456060,87,n2,grip,1,중앙값 1227 < rest 기준선 0 + 5σ(8248)
1456062,80,n2,grip,1,중앙값 1227 < rest 기준선 0 + 5σ(8248)
1456064,77,n2,grip,1,중앙값 1227 < rest 기준선 0 + 5σ(8248)
1456066,68,n2,grip,1,중앙값 1227 < rest 기준선 0 + 5σ(8248)
1456068,64,n2,grip,1,중앙값 1227 < rest 기준선 0 + 5σ(8248)
1456070,53,n2,grip,1,중앙값 1227 < rest 기준선 0 + 5σ(8248)
1456072,48,n2,grip,1,중앙값 1227 < rest 기준선 0 + 5σ(8248)
1456074,48,n2,grip,1,중앙값 1227 < rest 기준선 0 + 5σ(8248)
1456076,39,n2,grip,1,중앙값 1227 < rest 기준선 0 + 5σ(8248)
1456078,34,n2,grip,1,중앙값 1227 < rest 기준선 0 + 5σ(8248)
1456080,32,n2,grip,1,중앙값 1227 < rest 기준선 0 + 5σ(8248)
1456082,50,n2,grip,1,중앙값 1227 < rest 기준선 0 + 5σ(8248)
1456084,62,n2,grip,1,중앙값 1227 < rest 기준선 0 + 5σ(8248)
1456086,102,n2,grip,1,중앙값 1227 < rest 기준선 0 + 5σ(8248)
1456088,111,n2,grip,1,중앙값 1227 < rest 기준선 0 + 5σ(8248)
1456090,99,n2,grip,1,중앙값 1227 < rest 기준선 0 + 5σ(8248)
1456092,91,n2,grip,1,중앙값 1227 < rest 기준선 0 + 5σ(8248)
1456094,83,n2,grip,1,중앙값 1227 < rest 기준선 0 + 5σ(8248)
1456096,79,n2,grip,1,중앙값 1227 < rest 기준선 0 + 5σ(8248)
1456098,70,n2,grip,1,중앙값 1227 < rest 기준선 0 + 5σ(8248)
1456100,64,n2,grip,1,중앙값 1227 < rest 기준선 0 + 5σ(8248)
1456102,59,n2,grip,1,중앙값 1227 < rest 기준선 0 + 5σ(8248)
1456104,53,n2,grip,1,중앙값 1227 < rest 기준선 0 + 5σ(8248)
1456106,51,n2,grip,1,중앙값 1227 < rest 기준선 0 + 5σ(8248)
1456108,47,n2,grip,1,중앙값 1227 < rest 기준선 0 + 5σ(8248)
1456110,40,n2,grip,1,중앙값 1227 < rest 기준선 0 + 5σ(8248)
1456112,37,n2,grip,1,중앙값 1227 < rest 기준선 0 + 5σ(8248)
1456114,27,n2,grip,1,중앙값 1227 < rest 기준선 0 + 5σ(8248)
1456116,21,n2,grip,1,중앙값 1227 < rest 기준선 0 + 5σ(8248)
1456118,17,n2,grip,1,중앙값 1227 < rest 기준선 0 + 5σ(8248)
1456120,15,n2,grip,1,중앙값 1227 < rest 기준선 0 + 5σ(8248)
1456122,13,n2,grip,1,중앙값 1227 < rest 기준선 0 + 5σ(8248)
1456124,12,n2,grip,1,중앙값 1227 < rest 기준선 0 + 5σ(8248)
1456126,9,n2,grip,1,중앙값 1227 < rest 기준선 0 + 5σ(8248)
1456128,21,n2,grip,1,중앙값 1227 < rest 기준선 0 + 5σ(8248)
1456130,370,n2,grip,1,중앙값 1227 < rest 기준선 0 + 5σ(8248)
1456132,599,n2,grip,1,중앙값 1227 < rest 기준선 0 + 5σ(8248)
1456134,789,n2,grip,1,중앙값 1227 < rest 기준선 0 + 5σ(8248)
1456136,976,n2,grip,1,중앙값 1227 < rest 기준선 0 + 5σ(8248)
1456138,1153,n2,grip,1,중앙값 1227 < rest 기준선 0 + 5σ(8248)
1456140,1296,n2,grip,1,중앙값 1227 < rest 기준선 0 + 5σ(8248)
1456142,1430,n2,grip,1,중앙값 1227 < rest 기준선 0 + 5σ(8248)
1456144,1566,n2,grip,1,중앙값 1227 < rest 기준선 0 + 5σ(8248)
1456146,1674,n2,grip,1,중앙값 1227 < rest 기준선 0 + 5σ(8248)
1456148,1787,n2,grip,1,중앙값 1227 < rest 기준선 0 + 5σ(8248)
1456150,1890,n2,grip,1,중앙값 1227 < rest 기준선 0 + 5σ(8248)
1456152,1984,n2,grip,1,중앙값 1227 < rest 기준선 0 + 5σ(8248)
1456154,2080,n2,grip,1,중앙값 1227 < rest 기준선 0 + 5σ(8248)
1456156,2178,n2,grip,1,중앙값 1227 < rest 기준선 0 + 5σ(8248)
1456158,2262,n2,grip,1,중앙값 1227 < rest 기준선 0 + 5σ(8248)
1456160,2411,n2,grip,1,중앙값 1227 < rest 기준선 0 + 5σ(8248)
1456162,2831,n2,grip,1,중앙값 1227 < rest 기준선 0 + 5σ(8248)
1456164,3614,n2,grip,1,중앙값 1227 < rest 기준선 0 + 5σ(8248)
1456166,4095,n2,grip,1,중앙값 1227 < rest 기준선 0 + 5σ(8248)
1456168,4095,n2,grip,1,중앙값 1227 < rest 기준선 0 + 5σ(8248)
1456170,4095,n2,grip,1,중앙값 1227 < rest 기준선 0 + 5σ(8248)
1456172,4095,n2,grip,1,중앙값 1227 < rest 기준선 0 + 5σ(8248)
1456174,4095,n2,grip,1,중앙값 1227 < rest 기준선 0 + 5σ(8248)
1456176,4095,n2,grip,1,중앙값 1227 < rest 기준선 0 + 5σ(8248)
1456178,4095,n2,grip,1,중앙값 1227 < rest 기준선 0 + 5σ(8248)
1456180,4095,n2,grip,1,중앙값 1227 < rest 기준선 0 + 5σ(8248)
1456182,4095,n2,grip,1,중앙값 1227 < rest 기준선 0 + 5σ(8248)
1456184,4095,n2,grip,1,중앙값 1227 < rest 기준선 0 + 5σ(8248)
1456186,4095,n2,grip,1,중앙값 1227 < rest 기준선 0 + 5σ(8248)
1456188,4095,n2,grip,1,중앙값 1227 < rest 기준선 0 + 5σ(8248)
1456190,4029,n2,grip,1,중앙값 1227 < rest 기준선 0 + 5σ(8248)
1456192,3790,n2,grip,1,중앙값 1227 < rest 기준선 0 + 5σ(8248)
1456194,3609,n2,grip,1,중앙값 1227 < rest 기준선 0 + 5σ(8248)
1456196,3455,n2,grip,1,중앙값 1227 < rest 기준선 0 + 5σ(8248)
1456198,3358,n2,grip,1,중앙값 1227 < rest 기준선 0 + 5σ(8248)
1456200,3274,n2,grip,1,중앙값 1227 < rest 기준선 0 + 5σ(8248)
1456202,3218,n2,grip,1,중앙값 1227 < rest 기준선 0 + 5σ(8248)
1456204,3169,n2,grip,1,중앙값 1227 < rest 기준선 0 + 5σ(8248)
1456206,3129,n2,grip,1,중앙값 1227 < rest 기준선 0 + 5σ(8248)
1456208,3107,n2,grip,1,중앙값 1227 < rest 기준선 0 + 5σ(8248)
1456210,3071,n2,grip,1,중앙값 1227 < rest 기준선 0 + 5σ(8248)
1456212,3056,n2,grip,1,중앙값 1227 < rest 기준선 0 + 5σ(8248)
1456214,3034,n2,grip,1,중앙값 1227 < rest 기준선 0 + 5σ(8248)
1456216,3024,n2,grip,1,중앙값 1227 < rest 기준선 0 + 5σ(8248)
1456218,3012,n2,grip,1,중앙값 1227 < rest 기준선 0 + 5σ(8248)
1456220,3003,n2,grip,1,중앙값 1227 < rest 기준선 0 + 5σ(8248)
1456222,2997,n2,grip,1,중앙값 1227 < rest 기준선 0 + 5σ(8248)
1456224,2982,n2,grip,1,중앙값 1227 < rest 기준선 0 + 5σ(8248)
1456226,2977,n2,grip,1,중앙값 1227 < rest 기준선 0 + 5σ(8248)
1456228,2972,n2,grip,1,중앙값 1227 < rest 기준선 0 + 5σ(8248)
1456230,2967,n2,grip,1,중앙값 1227 < rest 기준선 0 + 5σ(8248)
1456232,2957,n2,grip,1,중앙값 1227 < rest 기준선 0 + 5σ(8248)
1456234,2960,n2,grip,1,중앙값 1227 < rest 기준선 0 + 5σ(8248)
1456236,2955,n2,grip,1,중앙값 1227 < rest 기준선 0 + 5σ(8248)
1456238,2954,n2,grip,1,중앙값 1227 < rest 기준선 0 + 5σ(8248)
1456240,2950,n2,grip,1,중앙값 1227 < rest 기준선 0 + 5σ(8248)
1456242,2942,n2,grip,1,중앙값 1227 < rest 기준선 0 + 5σ(8248)
1456244,2945,n2,grip,1,중앙값 1227 < rest 기준선 0 + 5σ(8248)
1456246,2933,n2,grip,1,중앙값 1227 < rest 기준선 0 + 5σ(8248)
1456248,2945,n2,grip,1,중앙값 1227 < rest 기준선 0 + 5σ(8248)
1456250,2933,n2,grip,1,중앙값 1227 < rest 기준선 0 + 5σ(8248)
1456252,2933,n2,grip,1,중앙값 1227 < rest 기준선 0 + 5σ(8248)
1456254,2929,n2,grip,1,중앙값 1227 < rest 기준선 0 + 5σ(8248)
1456256,2935,n2,grip,1,중앙값 1227 < rest 기준선 0 + 5σ(8248)
1456258,2929,n2,grip,1,중앙값 1227 < rest 기준선 0 + 5σ(8248)
1456260,2930,n2,grip,1,중앙값 1227 < rest 기준선 0 + 5σ(8248)
1456262,2934,n2,grip,1,중앙값 1227 < rest 기준선 0 + 5σ(8248)
1456264,2928,n2,grip,1,중앙값 1227 < rest 기준선 0 + 5σ(8248)
1456266,2929,n2,grip,1,중앙값 1227 < rest 기준선 0 + 5σ(8248)
1456268,2928,n2,grip,1,중앙값 1227 < rest 기준선 0 + 5σ(8248)
1456270,2928,n2,grip,1,중앙값 1227 < rest 기준선 0 + 5σ(8248)
1456272,2928,n2,grip,1,중앙값 1227 < rest 기준선 0 + 5σ(8248)
1456274,2929,n2,grip,1,중앙값 1227 < rest 기준선 0 + 5σ(8248)
1456276,2928,n2,grip,1,중앙값 1227 < rest 기준선 0 + 5σ(8248)
1456278,2922,n2,grip,1,중앙값 1227 < rest 기준선 0 + 5σ(8248)
1456280,2928,n2,grip,1,중앙값 1227 < rest 기준선 0 + 5σ(8248)
1456282,2927,n2,grip,1,중앙값 1227 < rest 기준선 0 + 5σ(8248)
1456284,2929,n2,grip,1,중앙값 1227 < rest 기준선 0 + 5σ(8248)
1456286,2928,n2,grip,1,중앙값 1227 < rest 기준선 0 + 5σ(8248)
1456288,2927,n2,grip,1,중앙값 1227 < rest 기준선 0 + 5σ(8248)
1456290,2928,n2,grip,1,중앙값 1227 < rest 기준선 0 + 5σ(8248)
1456292,2931,n2,grip,1,중앙값 1227 < rest 기준선 0 + 5σ(8248)
1456294,2930,n2,grip,1,중앙값 1227 < rest 기준선 0 + 5σ(8248)
1456296,2928,n2,grip,1,중앙값 1227 < rest 기준선 0 + 5σ(8248)
1456298,2933,n2,grip,1,중앙값 1227 < rest 기준선 0 + 5σ(8248)
1456300,2929,n2,grip,1,중앙값 1227 < rest 기준선 0 + 5σ(8248)
1456302,2932,n2,grip,1,중앙값 1227 < rest 기준선 0 + 5σ(8248)
1456304,2930,n2,grip,1,중앙값 1227 < rest 기준선 0 + 5σ(8248)
1456306,2928,n2,grip,1,중앙값 1227 < rest 기준선 0 + 5σ(8248)
1456308,2928,n2,grip,1,중앙값 1227 < rest 기준선 0 + 5σ(8248)
1456310,2931,n2,grip,1,중앙값 1227 < rest 기준선 0 + 5σ(8248)
1456312,2930,n2,grip,1,중앙값 1227 < rest 기준선 0 + 5σ(8248)
1456314,2931,n2,grip,1,중앙값 1227 < rest 기준선 0 + 5σ(8248)
1456316,2935,n2,grip,1,중앙값 1227 < rest 기준선 0 + 5σ(8248)
1456318,2934,n2,grip,1,중앙값 1227 < rest 기준선 0 + 5σ(8248)
1456320,2934,n2,grip,1,중앙값 1227 < rest 기준선 0 + 5σ(8248)
1456322,2935,n2,grip,1,중앙값 1227 < rest 기준선 0 + 5σ(8248)
1456324,2943,n2,grip,1,중앙값 1227 < rest 기준선 0 + 5σ(8248)
1456326,2937,n2,grip,1,중앙값 1227 < rest 기준선 0 + 5σ(8248)
1456328,2937,n2,grip,1,중앙값 1227 < rest 기준선 0 + 5σ(8248)
1456330,2941,n2,grip,1,중앙값 1227 < rest 기준선 0 + 5σ(8248)
1456332,2934,n2,grip,1,중앙값 1227 < rest 기준선 0 + 5σ(8248)
1456334,2943,n2,grip,1,중앙값 1227 < rest 기준선 0 + 5σ(8248)
1456336,2940,n2,grip,1,중앙값 1227 < rest 기준선 0 + 5σ(8248)
1456338,2945,n2,grip,1,중앙값 1227 < rest 기준선 0 + 5σ(8248)
1456340,2947,n2,grip,1,중앙값 1227 < rest 기준선 0 + 5σ(8248)
1456342,2945,n2,grip,1,중앙값 1227 < rest 기준선 0 + 5σ(8248)
1456344,2943,n2,grip,1,중앙값 1227 < rest 기준선 0 + 5σ(8248)
1456346,2941,n2,grip,1,중앙값 1227 < rest 기준선 0 + 5σ(8248)
1456348,2942,n2,grip,1,중앙값 1227 < rest 기준선 0 + 5σ(8248)
1456350,2945,n2,grip,1,중앙값 1227 < rest 기준선 0 + 5σ(8248)
1456352,2949,n2,grip,1,중앙값 1227 < rest 기준선 0 + 5σ(8248)
1456354,2947,n2,grip,1,중앙값 1227 < rest 기준선 0 + 5σ(8248)
1456356,2947,n2,grip,1,중앙값 1227 < rest 기준선 0 + 5σ(8248)
1456358,2947,n2,grip,1,중앙값 1227 < rest 기준선 0 + 5σ(8248)
1456360,2953,n2,grip,1,중앙값 1227 < rest 기준선 0 + 5σ(8248)
1456362,2954,n2,grip,1,중앙값 1227 < rest 기준선 0 + 5σ(8248)
1456364,2953,n2,grip,1,중앙값 1227 < rest 기준선 0 + 5σ(8248)
1456366,2949,n2,grip,1,중앙값 1227 < rest 기준선 0 + 5σ(8248)
1456368,2955,n2,grip,1,중앙값 1227 < rest 기준선 0 + 5σ(8248)
1456370,2955,n2,grip,1,중앙값 1227 < rest 기준선 0 + 5σ(8248)
1456372,2949,n2,grip,1,중앙값 1227 < rest 기준선 0 + 5σ(8248)
1456374,2956,n2,grip,1,중앙값 1227 < rest 기준선 0 + 5σ(8248)
1456376,2951,n2,grip,1,중앙값 1227 < rest 기준선 0 + 5σ(8248)
1456378,2953,n2,grip,1,중앙값 1227 < rest 기준선 0 + 5σ(8248)
1456380,2955,n2,grip,1,중앙값 1227 < rest 기준선 0 + 5σ(8248)
1456382,2947,n2,grip,1,중앙값 1227 < rest 기준선 0 + 5σ(8248)
1456384,2960,n2,grip,1,중앙값 1227 < rest 기준선 0 + 5σ(8248)
1456386,2958,n2,grip,1,중앙값 1227 < rest 기준선 0 + 5σ(8248)
1456388,2959,n2,grip,1,중앙값 1227 < rest 기준선 0 + 5σ(8248)
1456390,2962,n2,grip,1,중앙값 1227 < rest 기준선 0 + 5σ(8248)
1456392,2961,n2,grip,1,중앙값 1227 < rest 기준선 0 + 5σ(8248)
1456394,2964,n2,grip,1,중앙값 1227 < rest 기준선 0 + 5σ(8248)
1456396,2961,n2,grip,1,중앙값 1227 < rest 기준선 0 + 5σ(8248)
1456398,2961,n2,grip,1,중앙값 1227 < rest 기준선 0 + 5σ(8248)
1456400,2960,n2,grip,1,중앙값 1227 < rest 기준선 0 + 5σ(8248)
1456402,2960,n2,grip,1,중앙값 1227 < rest 기준선 0 + 5σ(8248)
1456404,2962,n2,grip,1,중앙값 1227 < rest 기준선 0 + 5σ(8248)
1456406,2966,n2,grip,1,중앙값 1227 < rest 기준선 0 + 5σ(8248)
1456408,2966,n2,grip,1,중앙값 1227 < rest 기준선 0 + 5σ(8248)
1456410,2965,n2,grip,1,중앙값 1227 < rest 기준선 0 + 5σ(8248)
1456412,2965,n2,grip,1,중앙값 1227 < rest 기준선 0 + 5σ(8248)
1456414,2967,n2,grip,1,중앙값 1227 < rest 기준선 0 + 5σ(8248)
1456416,2971,n2,grip,1,중앙값 1227 < rest 기준선 0 + 5σ(8248)
1456418,2971,n2,grip,1,중앙값 1227 < rest 기준선 0 + 5σ(8248)
1456420,2972,n2,grip,1,중앙값 1227 < rest 기준선 0 + 5σ(8248)
1456422,2970,n2,grip,1,중앙값 1227 < rest 기준선 0 + 5σ(8248)
1456424,2970,n2,grip,1,중앙값 1227 < rest 기준선 0 + 5σ(8248)
1456426,2977,n2,grip,1,중앙값 1227 < rest 기준선 0 + 5σ(8248)
1456428,2975,n2,grip,1,중앙값 1227 < rest 기준선 0 + 5σ(8248)
1456430,2973,n2,grip,1,중앙값 1227 < rest 기준선 0 + 5σ(8248)
1456432,2977,n2,grip,1,중앙값 1227 < rest 기준선 0 + 5σ(8248)
1456434,2978,n2,grip,1,중앙값 1227 < rest 기준선 0 + 5σ(8248)
1456436,2976,n2,grip,1,중앙값 1227 < rest 기준선 0 + 5σ(8248)
1456438,2979,n2,grip,1,중앙값 1227 < rest 기준선 0 + 5σ(8248)
1456440,2978,n2,grip,1,중앙값 1227 < rest 기준선 0 + 5σ(8248)
1456442,2971,n2,grip,1,중앙값 1227 < rest 기준선 0 + 5σ(8248)
1456444,2978,n2,grip,1,중앙값 1227 < rest 기준선 0 + 5σ(8248)
1456446,2986,n2,grip,1,중앙값 1227 < rest 기준선 0 + 5σ(8248)
1456448,2979,n2,grip,1,중앙값 1227 < rest 기준선 0 + 5σ(8248)
1456450,2987,n2,grip,1,중앙값 1227 < rest 기준선 0 + 5σ(8248)
1456452,2981,n2,grip,1,중앙값 1227 < rest 기준선 0 + 5σ(8248)
1456454,2983,n2,grip,1,중앙값 1227 < rest 기준선 0 + 5σ(8248)
1456456,2978,n2,grip,1,중앙값 1227 < rest 기준선 0 + 5σ(8248)
1456458,2983,n2,grip,1,중앙값 1227 < rest 기준선 0 + 5σ(8248)
1456460,2982,n2,grip,1,중앙값 1227 < rest 기준선 0 + 5σ(8248)
1456462,2981,n2,grip,1,중앙값 1227 < rest 기준선 0 + 5σ(8248)
1456464,2986,n2,grip,1,중앙값 1227 < rest 기준선 0 + 5σ(8248)
1456466,2986,n2,grip,1,중앙값 1227 < rest 기준선 0 + 5σ(8248)
1456468,2987,n2,grip,1,중앙값 1227 < rest 기준선 0 + 5σ(8248)
1456470,2992,n2,grip,1,중앙값 1227 < rest 기준선 0 + 5σ(8248)
1456472,2986,n2,grip,1,중앙값 1227 < rest 기준선 0 + 5σ(8248)
1456474,2991,n2,grip,1,중앙값 1227 < rest 기준선 0 + 5σ(8248)
1456476,2992,n2,grip,1,중앙값 1227 < rest 기준선 0 + 5σ(8248)
1456478,2988,n2,grip,1,중앙값 1227 < rest 기준선 0 + 5σ(8248)
1456480,2993,n2,grip,1,중앙값 1227 < rest 기준선 0 + 5σ(8248)
1456482,2992,n2,grip,1,중앙값 1227 < rest 기준선 0 + 5σ(8248)
1456484,2986,n2,grip,1,중앙값 1227 < rest 기준선 0 + 5σ(8248)
1456486,2994,n2,grip,1,중앙값 1227 < rest 기준선 0 + 5σ(8248)
1456488,2992,n2,grip,1,중앙값 1227 < rest 기준선 0 + 5σ(8248)
1456490,2992,n2,grip,1,중앙값 1227 < rest 기준선 0 + 5σ(8248)
1456492,2992,n2,grip,1,중앙값 1227 < rest 기준선 0 + 5σ(8248)
1456494,2992,n2,grip,1,중앙값 1227 < rest 기준선 0 + 5σ(8248)
1456496,2993,n2,grip,1,중앙값 1227 < rest 기준선 0 + 5σ(8248)
1456498,2994,n2,grip,1,중앙값 1227 < rest 기준선 0 + 5σ(8248)
1456500,2999,n2,grip,1,중앙값 1227 < rest 기준선 0 + 5σ(8248)
1456502,2991,n2,grip,1,중앙값 1227 < rest 기준선 0 + 5σ(8248)
1456504,3003,n2,grip,1,중앙값 1227 < rest 기준선 0 + 5σ(8248)
1456506,2997,n2,grip,1,중앙값 1227 < rest 기준선 0 + 5σ(8248)
1456508,2995,n2,grip,1,중앙값 1227 < rest 기준선 0 + 5σ(8248)
1456510,2999,n2,grip,1,중앙값 1227 < rest 기준선 0 + 5σ(8248)
1456512,2993,n2,grip,1,중앙값 1227 < rest 기준선 0 + 5σ(8248)
1456514,3002,n2,grip,1,중앙값 1227 < rest 기준선 0 + 5σ(8248)
1456516,2999,n2,grip,1,중앙값 1227 < rest 기준선 0 + 5σ(8248)
1456518,3007,n2,grip,1,중앙값 1227 < rest 기준선 0 + 5σ(8248)
1465544,4095,n2,grip,2,중앙값 391 < 최소 600 (rest 수준)
1465546,4095,n2,grip,2,중앙값 391 < 최소 600 (rest 수준)
1465548,4095,n2,grip,2,중앙값 391 < 최소 600 (rest 수준)
1465550,4095,n2,grip,2,중앙값 391 < 최소 600 (rest 수준)
1465552,4095,n2,grip,2,중앙값 391 < 최소 600 (rest 수준)
1465554,4095,n2,grip,2,중앙값 391 < 최소 600 (rest 수준)
1465556,4095,n2,grip,2,중앙값 391 < 최소 600 (rest 수준)
1465558,4095,n2,grip,2,중앙값 391 < 최소 600 (rest 수준)
1465560,4095,n2,grip,2,중앙값 391 < 최소 600 (rest 수준)
1465562,4095,n2,grip,2,중앙값 391 < 최소 600 (rest 수준)
1465564,4095,n2,grip,2,중앙값 391 < 최소 600 (rest 수준)
1465566,4095,n2,grip,2,중앙값 391 < 최소 600 (rest 수준)
1465568,4095,n2,grip,2,중앙값 391 < 최소 600 (rest 수준)
1465570,4095,n2,grip,2,중앙값 391 < 최소 600 (rest 수준)
1465572,4095,n2,grip,2,중앙값 391 < 최소 600 (rest 수준)
1465574,4095,n2,grip,2,중앙값 391 < 최소 600 (rest 수준)
1465576,4095,n2,grip,2,중앙값 391 < 최소 600 (rest 수준)
1465578,4095,n2,grip,2,중앙값 391 < 최소 600 (rest 수준)
1465580,4095,n2,grip,2,중앙값 391 < 최소 600 (rest 수준)
1465582,4095,n2,grip,2,중앙값 391 < 최소 600 (rest 수준)
1465584,4095,n2,grip,2,중앙값 391 < 최소 600 (rest 수준)
1465586,4095,n2,grip,2,중앙값 391 < 최소 600 (rest 수준)
1465588,4095,n2,grip,2,중앙값 391 < 최소 600 (rest 수준)
1465590,4095,n2,grip,2,중앙값 391 < 최소 600 (rest 수준)
1465592,4095,n2,grip,2,중앙값 391 < 최소 600 (rest 수준)
1465594,4095,n2,grip,2,중앙값 391 < 최소 600 (rest 수준)
1465596,4095,n2,grip,2,중앙값 391 < 최소 600 (rest 수준)
1465598,4095,n2,grip,2,중앙값 391 < 최소 600 (rest 수준)
1465600,4095,n2,grip,2,중앙값 391 < 최소 600 (rest 수준)
1465602,4095,n2,grip,2,중앙값 391 < 최소 600 (rest 수준)
1465604,4095,n2,grip,2,중앙값 391 < 최소 600 (rest 수준)
1465606,0,n2,grip,2,중앙값 391 < 최소 600 (rest 수준)
1465608,260,n2,grip,2,중앙값 391 < 최소 600 (rest 수준)
1465610,537,n2,grip,2,중앙값 391 < 최소 600 (rest 수준)
1465612,671,n2,grip,2,중앙값 391 < 최소 600 (rest 수준)
1465614,745,n2,grip,2,중앙값 391 < 최소 600 (rest 수준)
1465616,849,n2,grip,2,중앙값 391 < 최소 600 (rest 수준)
1465618,859,n2,grip,2,중앙값 391 < 최소 600 (rest 수준)
1465620,905,n2,grip,2,중앙값 391 < 최소 600 (rest 수준)
1465622,923,n2,grip,2,중앙값 391 < 최소 600 (rest 수준)
1465624,893,n2,grip,2,중앙값 391 < 최소 600 (rest 수준)
1465626,903,n2,grip,2,중앙값 391 < 최소 600 (rest 수준)
1465628,878,n2,grip,2,중앙값 391 < 최소 600 (rest 수준)
1465630,848,n2,grip,2,중앙값 391 < 최소 600 (rest 수준)
1465632,816,n2,grip,2,중앙값 391 < 최소 600 (rest 수준)
1465634,806,n2,grip,2,중앙값 391 < 최소 600 (rest 수준)
1465636,916,n2,grip,2,중앙값 391 < 최소 600 (rest 수준)
1465638,943,n2,grip,2,중앙값 391 < 최소 600 (rest 수준)
1465640,1049,n2,grip,2,중앙값 391 < 최소 600 (rest 수준)
1465642,1011,n2,grip,2,중앙값 391 < 최소 600 (rest 수준)
1465644,969,n2,grip,2,중앙값 391 < 최소 600 (rest 수준)
1465646,929,n2,grip,2,중앙값 391 < 최소 600 (rest 수준)
1465648,901,n2,grip,2,중앙값 391 < 최소 600 (rest 수준)
1465650,865,n2,grip,2,중앙값 391 < 최소 600 (rest 수준)
1465652,832,n2,grip,2,중앙값 391 < 최소 600 (rest 수준)
1465654,797,n2,grip,2,중앙값 391 < 최소 600 (rest 수준)
1465656,781,n2,grip,2,중앙값 391 < 최소 600 (rest 수준)
1465658,805,n2,grip,2,중앙값 391 < 최소 600 (rest 수준)
1465660,801,n2,grip,2,중앙값 391 < 최소 600 (rest 수준)
1465662,829,n2,grip,2,중앙값 391 < 최소 600 (rest 수준)
1465664,848,n2,grip,2,중앙값 391 < 최소 600 (rest 수준)
1465666,955,n2,grip,2,중앙값 391 < 최소 600 (rest 수준)
1465668,955,n2,grip,2,중앙값 391 < 최소 600 (rest 수준)
1465670,921,n2,grip,2,중앙값 391 < 최소 600 (rest 수준)
1465672,912,n2,grip,2,중앙값 391 < 최소 600 (rest 수준)
1465674,912,n2,grip,2,중앙값 391 < 최소 600 (rest 수준)
1465676,928,n2,grip,2,중앙값 391 < 최소 600 (rest 수준)
1465678,950,n2,grip,2,중앙값 391 < 최소 600 (rest 수준)
1465680,986,n2,grip,2,중앙값 391 < 최소 600 (rest 수준)
1465682,997,n2,grip,2,중앙값 391 < 최소 600 (rest 수준)
1465684,997,n2,grip,2,중앙값 391 < 최소 600 (rest 수준)
1465686,1014,n2,grip,2,중앙값 391 < 최소 600 (rest 수준)
1465688,973,n2,grip,2,중앙값 391 < 최소 600 (rest 수준)
1465690,954,n2,grip,2,중앙값 391 < 최소 600 (rest 수준)
1465692,941,n2,grip,2,중앙값 391 < 최소 600 (rest 수준)
1465694,899,n2,grip,2,중앙값 391 < 최소 600 (rest 수준)
1465696,867,n2,grip,2,중앙값 391 < 최소 600 (rest 수준)
1465698,836,n2,grip,2,중앙값 391 < 최소 600 (rest 수준)
1465700,826,n2,grip,2,중앙값 391 < 최소 600 (rest 수준)
1465702,871,n2,grip,2,중앙값 391 < 최소 600 (rest 수준)
1465704,880,n2,grip,2,중앙값 391 < 최소 600 (rest 수준)
1465706,929,n2,grip,2,중앙값 391 < 최소 600 (rest 수준)
1465708,930,n2,grip,2,중앙값 391 < 최소 600 (rest 수준)
1465710,889,n2,grip,2,중앙값 391 < 최소 600 (rest 수준)
1465712,848,n2,grip,2,중앙값 391 < 최소 600 (rest 수준)
1465714,838,n2,grip,2,중앙값 391 < 최소 600 (rest 수준)
1465716,807,n2,grip,2,중앙값 391 < 최소 600 (rest 수준)
1465718,777,n2,grip,2,중앙값 391 < 최소 600 (rest 수준)
1465720,770,n2,grip,2,중앙값 391 < 최소 600 (rest 수준)
1465722,743,n2,grip,2,중앙값 391 < 최소 600 (rest 수준)
1465724,730,n2,grip,2,중앙값 391 < 최소 600 (rest 수준)
1465726,846,n2,grip,2,중앙값 391 < 최소 600 (rest 수준)
1465728,923,n2,grip,2,중앙값 391 < 최소 600 (rest 수준)
1465730,951,n2,grip,2,중앙값 391 < 최소 600 (rest 수준)
1465732,997,n2,grip,2,중앙값 391 < 최소 600 (rest 수준)
1465734,995,n2,grip,2,중앙값 391 < 최소 600 (rest 수준)
1465736,997,n2,grip,2,중앙값 391 < 최소 600 (rest 수준)
1465738,960,n2,grip,2,중앙값 391 < 최소 600 (rest 수준)
1465740,934,n2,grip,2,중앙값 391 < 최소 600 (rest 수준)
1465742,900,n2,grip,2,중앙값 391 < 최소 600 (rest 수준)
1465744,897,n2,grip,2,중앙값 391 < 최소 600 (rest 수준)
1465746,870,n2,grip,2,중앙값 391 < 최소 600 (rest 수준)
1465748,941,n2,grip,2,중앙값 391 < 최소 600 (rest 수준)
1465750,897,n2,grip,2,중앙값 391 < 최소 600 (rest 수준)
1465752,894,n2,grip,2,중앙값 391 < 최소 600 (rest 수준)
1465754,894,n2,grip,2,중앙값 391 < 최소 600 (rest 수준)
1465756,883,n2,grip,2,중앙값 391 < 최소 600 (rest 수준)
1465758,842,n2,grip,2,중앙값 391 < 최소 600 (rest 수준)
1465760,830,n2,grip,2,중앙값 391 < 최소 600 (rest 수준)
1465762,822,n2,grip,2,중앙값 391 < 최소 600 (rest 수준)
1465764,890,n2,grip,2,중앙값 391 < 최소 600 (rest 수준)
1465766,907,n2,grip,2,중앙값 391 < 최소 600 (rest 수준)
1465768,935,n2,grip,2,중앙값 391 < 최소 600 (rest 수준)
1465770,935,n2,grip,2,중앙값 391 < 최소 600 (rest 수준)
1465772,923,n2,grip,2,중앙값 391 < 최소 600 (rest 수준)
1465774,918,n2,grip,2,중앙값 391 < 최소 600 (rest 수준)
1465776,879,n2,grip,2,중앙값 391 < 최소 600 (rest 수준)
1465778,837,n2,grip,2,중앙값 391 < 최소 600 (rest 수준)
1465780,802,n2,grip,2,중앙값 391 < 최소 600 (rest 수준)
1465782,775,n2,grip,2,중앙값 391 < 최소 600 (rest 수준)
1465784,751,n2,grip,2,중앙값 391 < 최소 600 (rest 수준)
1465786,719,n2,grip,2,중앙값 391 < 최소 600 (rest 수준)
1465788,721,n2,grip,2,중앙값 391 < 최소 600 (rest 수준)
1465790,699,n2,grip,2,중앙값 391 < 최소 600 (rest 수준)
1465792,688,n2,grip,2,중앙값 391 < 최소 600 (rest 수준)
1465794,686,n2,grip,2,중앙값 391 < 최소 600 (rest 수준)
1465796,731,n2,grip,2,중앙값 391 < 최소 600 (rest 수준)
1465798,707,n2,grip,2,중앙값 391 < 최소 600 (rest 수준)
1465800,676,n2,grip,2,중앙값 391 < 최소 600 (rest 수준)
1465802,713,n2,grip,2,중앙값 391 < 최소 600 (rest 수준)
1465804,819,n2,grip,2,중앙값 391 < 최소 600 (rest 수준)
1465806,908,n2,grip,2,중앙값 391 < 최소 600 (rest 수준)
1465808,1012,n2,grip,2,중앙값 391 < 최소 600 (rest 수준)
1465810,987,n2,grip,2,중앙값 391 < 최소 600 (rest 수준)
1465812,963,n2,grip,2,중앙값 391 < 최소 600 (rest 수준)
1465814,925,n2,grip,2,중앙값 391 < 최소 600 (rest 수준)
1465816,882,n2,grip,2,중앙값 391 < 최소 600 (rest 수준)
1465818,853,n2,grip,2,중앙값 391 < 최소 600 (rest 수준)
1465820,893,n2,grip,2,중앙값 391 < 최소 600 (rest 수준)
1465822,895,n2,grip,2,중앙값 391 < 최소 600 (rest 수준)
1465824,957,n2,grip,2,중앙값 391 < 최소 600 (rest 수준)
1465826,965,n2,grip,2,중앙값 391 < 최소 600 (rest 수준)
1465828,945,n2,grip,2,중앙값 391 < 최소 600 (rest 수준)
1465830,902,n2,grip,2,중앙값 391 < 최소 600 (rest 수준)
1465832,960,n2,grip,2,중앙값 391 < 최소 600 (rest 수준)
1465834,1047,n2,grip,2,중앙값 391 < 최소 600 (rest 수준)
1465836,1079,n2,grip,2,중앙값 391 < 최소 600 (rest 수준)
1465838,1107,n2,grip,2,중앙값 391 < 최소 600 (rest 수준)
1465840,1089,n2,grip,2,중앙값 391 < 최소 600 (rest 수준)
1465842,1075,n2,grip,2,중앙값 391 < 최소 600 (rest 수준)
1465844,1062,n2,grip,2,중앙값 391 < 최소 600 (rest 수준)
1465846,1116,n2,grip,2,중앙값 391 < 최소 600 (rest 수준)
1465848,1071,n2,grip,2,중앙값 391 < 최소 600 (rest 수준)
1465850,1023,n2,grip,2,중앙값 391 < 최소 600 (rest 수준)
1465852,1003,n2,grip,2,중앙값 391 < 최소 600 (rest 수준)
1465854,981,n2,grip,2,중앙값 391 < 최소 600 (rest 수준)
1465856,963,n2,grip,2,중앙값 391 < 최소 600 (rest 수준)
1465858,944,n2,grip,2,중앙값 391 < 최소 600 (rest 수준)
1465860,896,n2,grip,2,중앙값 391 < 최소 600 (rest 수준)
1465862,854,n2,grip,2,중앙값 391 < 최소 600 (rest 수준)
1465864,823,n2,grip,2,중앙값 391 < 최소 600 (rest 수준)
1465866,804,n2,grip,2,중앙값 391 < 최소 600 (rest 수준)
1465868,770,n2,grip,2,중앙값 391 < 최소 600 (rest 수준)
1465870,739,n2,grip,2,중앙값 391 < 최소 600 (rest 수준)
1465872,705,n2,grip,2,중앙값 391 < 최소 600 (rest 수준)
1465874,679,n2,grip,2,중앙값 391 < 최소 600 (rest 수준)
1465876,677,n2,grip,2,중앙값 391 < 최소 600 (rest 수준)
1465878,654,n2,grip,2,중앙값 391 < 최소 600 (rest 수준)
1465880,703,n2,grip,2,중앙값 391 < 최소 600 (rest 수준)
1465882,829,n2,grip,2,중앙값 391 < 최소 600 (rest 수준)
1465884,832,n2,grip,2,중앙값 391 < 최소 600 (rest 수준)
1465886,903,n2,grip,2,중앙값 391 < 최소 600 (rest 수준)
1465888,878,n2,grip,2,중앙값 391 < 최소 600 (rest 수준)
1465890,838,n2,grip,2,중앙값 391 < 최소 600 (rest 수준)
1465892,874,n2,grip,2,중앙값 391 < 최소 600 (rest 수준)
1465894,865,n2,grip,2,중앙값 391 < 최소 600 (rest 수준)
1465896,848,n2,grip,2,중앙값 391 < 최소 600 (rest 수준)
1465898,897,n2,grip,2,중앙값 391 < 최소 600 (rest 수준)
1465900,928,n2,grip,2,중앙값 391 < 최소 600 (rest 수준)
1465902,1033,n2,grip,2,중앙값 391 < 최소 600 (rest 수준)
1465904,997,n2,grip,2,중앙값 391 < 최소 600 (rest 수준)
1465906,974,n2,grip,2,중앙값 391 < 최소 600 (rest 수준)
1465908,957,n2,grip,2,중앙값 391 < 최소 600 (rest 수준)
1465910,954,n2,grip,2,중앙값 391 < 최소 600 (rest 수준)
1465912,941,n2,grip,2,중앙값 391 < 최소 600 (rest 수준)
1465914,912,n2,grip,2,중앙값 391 < 최소 600 (rest 수준)
1465916,929,n2,grip,2,중앙값 391 < 최소 600 (rest 수준)
1465918,974,n2,grip,2,중앙값 391 < 최소 600 (rest 수준)
1465920,1095,n2,grip,2,중앙값 391 < 최소 600 (rest 수준)
1465922,1064,n2,grip,2,중앙값 391 < 최소 600 (rest 수준)
1465924,1042,n2,grip,2,중앙값 391 < 최소 600 (rest 수준)
1465926,993,n2,grip,2,중앙값 391 < 최소 600 (rest 수준)
1465928,944,n2,grip,2,중앙값 391 < 최소 600 (rest 수준)
1465930,907,n2,grip,2,중앙값 391 < 최소 600 (rest 수준)
1465932,884,n2,grip,2,중앙값 391 < 최소 600 (rest 수준)
1465934,850,n2,grip,2,중앙값 391 < 최소 600 (rest 수준)
1465936,822,n2,grip,2,중앙값 391 < 최소 600 (rest 수준)
1465938,848,n2,grip,2,중앙값 391 < 최소 600 (rest 수준)
1465940,841,n2,grip,2,중앙값 391 < 최소 600 (rest 수준)
1465942,884,n2,grip,2,중앙값 391 < 최소 600 (rest 수준)
1465944,859,n2,grip,2,중앙값 391 < 최소 600 (rest 수준)
1465946,830,n2,grip,2,중앙값 391 < 최소 600 (rest 수준)
1465948,826,n2,grip,2,중앙값 391 < 최소 600 (rest 수준)
1465950,805,n2,grip,2,중앙값 391 < 최소 600 (rest 수준)
1465952,812,n2,grip,2,중앙값 391 < 최소 600 (rest 수준)
1465954,787,n2,grip,2,중앙값 391 < 최소 600 (rest 수준)
1465956,800,n2,grip,2,중앙값 391 < 최소 600 (rest 수준)
1465958,805,n2,grip,2,중앙값 391 < 최소 600 (rest 수준)
1465960,783,n2,grip,2,중앙값 391 < 최소 600 (rest 수준)
1465962,767,n2,grip,2,중앙값 391 < 최소 600 (rest 수준)
1465964,735,n2,grip,2,중앙값 391 < 최소 600 (rest 수준)
1465966,709,n2,grip,2,중앙값 391 < 최소 600 (rest 수준)
1465968,679,n2,grip,2,중앙값 391 < 최소 600 (rest 수준)
1465970,659,n2,grip,2,중앙값 391 < 최소 600 (rest 수준)
1465972,637,n2,grip,2,중앙값 391 < 최소 600 (rest 수준)
1465974,628,n2,grip,2,중앙값 391 < 최소 600 (rest 수준)
1465976,613,n2,grip,2,중앙값 391 < 최소 600 (rest 수준)
1465978,618,n2,grip,2,중앙값 391 < 최소 600 (rest 수준)
1465980,608,n2,grip,2,중앙값 391 < 최소 600 (rest 수준)
1465982,591,n2,grip,2,중앙값 391 < 최소 600 (rest 수준)
1465984,592,n2,grip,2,중앙값 391 < 최소 600 (rest 수준)
1465986,573,n2,grip,2,중앙값 391 < 최소 600 (rest 수준)
1465988,550,n2,grip,2,중앙값 391 < 최소 600 (rest 수준)
1465990,511,n2,grip,2,중앙값 391 < 최소 600 (rest 수준)
1465992,506,n2,grip,2,중앙값 391 < 최소 600 (rest 수준)
1465994,491,n2,grip,2,중앙값 391 < 최소 600 (rest 수준)
1465996,479,n2,grip,2,중앙값 391 < 최소 600 (rest 수준)
1465998,475,n2,grip,2,중앙값 391 < 최소 600 (rest 수준)
1466000,494,n2,grip,2,중앙값 391 < 최소 600 (rest 수준)
1466002,527,n2,grip,2,중앙값 391 < 최소 600 (rest 수준)
1466004,556,n2,grip,2,중앙값 391 < 최소 600 (rest 수준)
1466006,550,n2,grip,2,중앙값 391 < 최소 600 (rest 수준)
1466008,535,n2,grip,2,중앙값 391 < 최소 600 (rest 수준)
1466010,553,n2,grip,2,중앙값 391 < 최소 600 (rest 수준)
1466012,577,n2,grip,2,중앙값 391 < 최소 600 (rest 수준)
1466014,562,n2,grip,2,중앙값 391 < 최소 600 (rest 수준)
1466016,549,n2,grip,2,중앙값 391 < 최소 600 (rest 수준)
1466018,550,n2,grip,2,중앙값 391 < 최소 600 (rest 수준)
1466020,541,n2,grip,2,중앙값 391 < 최소 600 (rest 수준)
1466022,511,n2,grip,2,중앙값 391 < 최소 600 (rest 수준)
1466024,493,n2,grip,2,중앙값 391 < 최소 600 (rest 수준)
1466026,464,n2,grip,2,중앙값 391 < 최소 600 (rest 수준)
1466028,464,n2,grip,2,중앙값 391 < 최소 600 (rest 수준)
1466030,477,n2,grip,2,중앙값 391 < 최소 600 (rest 수준)
1466032,480,n2,grip,2,중앙값 391 < 최소 600 (rest 수준)
1466034,477,n2,grip,2,중앙값 391 < 최소 600 (rest 수준)
1466036,483,n2,grip,2,중앙값 391 < 최소 600 (rest 수준)
1466038,483,n2,grip,2,중앙값 391 < 최소 600 (rest 수준)
1466040,534,n2,grip,2,중앙값 391 < 최소 600 (rest 수준)
1466042,545,n2,grip,2,중앙값 391 < 최소 600 (rest 수준)
1466044,569,n2,grip,2,중앙값 391 < 최소 600 (rest 수준)
1466046,555,n2,grip,2,중앙값 391 < 최소 600 (rest 수준)
1466048,537,n2,grip,2,중앙값 391 < 최소 600 (rest 수준)
1466050,531,n2,grip,2,중앙값 391 < 최소 600 (rest 수준)
1466052,501,n2,grip,2,중앙값 391 < 최소 600 (rest 수준)
1466054,480,n2,grip,2,중앙값 391 < 최소 600 (rest 수준)
1466056,461,n2,grip,2,중앙값 391 < 최소 600 (rest 수준)
1466058,445,n2,grip,2,중앙값 391 < 최소 600 (rest 수준)
1466060,430,n2,grip,2,중앙값 391 < 최소 600 (rest 수준)
1466062,427,n2,grip,2,중앙값 391 < 최소 600 (rest 수준)
1466064,418,n2,grip,2,중앙값 391 < 최소 600 (rest 수준)
1466066,400,n2,grip,2,중앙값 391 < 최소 600 (rest 수준)
1466068,407,n2,grip,2,중앙값 391 < 최소 600 (rest 수준)
1466070,410,n2,grip,2,중앙값 391 < 최소 600 (rest 수준)
1466072,416,n2,grip,2,중앙값 391 < 최소 600 (rest 수준)
1466074,462,n2,grip,2,중앙값 391 < 최소 600 (rest 수준)
1466076,491,n2,grip,2,중앙값 391 < 최소 600 (rest 수준)
1466078,497,n2,grip,2,중앙값 391 < 최소 600 (rest 수준)
1466080,566,n2,grip,2,중앙값 391 < 최소 600 (rest 수준)
1466082,591,n2,grip,2,중앙값 391 < 최소 600 (rest 수준)
1466084,571,n2,grip,2,중앙값 391 < 최소 600 (rest 수준)
1466086,557,n2,grip,2,중앙값 391 < 최소 600 (rest 수준)
1466088,591,n2,grip,2,중앙값 391 < 최소 600 (rest 수준)
1466090,643,n2,grip,2,중앙값 391 < 최소 600 (rest 수준)
1466092,707,n2,grip,2,중앙값 391 < 최소 600 (rest 수준)
1466094,739,n2,grip,2,중앙값 391 < 최소 600 (rest 수준)
1466096,710,n2,grip,2,중앙값 391 < 최소 600 (rest 수준)
1466098,675,n2,grip,2,중앙값 391 < 최소 600 (rest 수준)
1466100,646,n2,grip,2,중앙값 391 < 최소 600 (rest 수준)
1466102,612,n2,grip,2,중앙값 391 < 최소 600 (rest 수준)
1466104,592,n2,grip,2,중앙값 391 < 최소 600 (rest 수준)
1466106,577,n2,grip,2,중앙값 391 < 최소 600 (rest 수준)
1466108,555,n2,grip,2,중앙값 391 < 최소 600 (rest 수준)
1466110,540,n2,grip,2,중앙값 391 < 최소 600 (rest 수준)
1466112,545,n2,grip,2,중앙값 391 < 최소 600 (rest 수준)
1466114,547,n2,grip,2,중앙값 391 < 최소 600 (rest 수준)
1466116,529,n2,grip,2,중앙값 391 < 최소 600 (rest 수준)
1466118,511,n2,grip,2,중앙값 391 < 최소 600 (rest 수준)
1466120,535,n2,grip,2,중앙값 391 < 최소 600 (rest 수준)
1466122,511,n2,grip,2,중앙값 391 < 최소 600 (rest 수준)
1466124,487,n2,grip,2,중앙값 391 < 최소 600 (rest 수준)
1466126,464,n2,grip,2,중앙값 391 < 최소 600 (rest 수준)
1466128,441,n2,grip,2,중앙값 391 < 최소 600 (rest 수준)
1466130,477,n2,grip,2,중앙값 391 < 최소 600 (rest 수준)
1466132,561,n2,grip,2,중앙값 391 < 최소 600 (rest 수준)
1466134,621,n2,grip,2,중앙값 391 < 최소 600 (rest 수준)
1466136,706,n2,grip,2,중앙값 391 < 최소 600 (rest 수준)
1466138,688,n2,grip,2,중앙값 391 < 최소 600 (rest 수준)
1466140,659,n2,grip,2,중앙값 391 < 최소 600 (rest 수준)
1466142,635,n2,grip,2,중앙값 391 < 최소 600 (rest 수준)
1466144,612,n2,grip,2,중앙값 391 < 최소 600 (rest 수준)
1466146,608,n2,grip,2,중앙값 391 < 최소 600 (rest 수준)
1466148,607,n2,grip,2,중앙값 391 < 최소 600 (rest 수준)
1466150,603,n2,grip,2,중앙값 391 < 최소 600 (rest 수준)
1466152,590,n2,grip,2,중앙값 391 < 최소 600 (rest 수준)
1466154,606,n2,grip,2,중앙값 391 < 최소 600 (rest 수준)
1466156,620,n2,grip,2,중앙값 391 < 최소 600 (rest 수준)
1466158,635,n2,grip,2,중앙값 391 < 최소 600 (rest 수준)
1466160,656,n2,grip,2,중앙값 391 < 최소 600 (rest 수준)
1466162,672,n2,grip,2,중앙값 391 < 최소 600 (rest 수준)
1466164,663,n2,grip,2,중앙값 391 < 최소 600 (rest 수준)
1466166,639,n2,grip,2,중앙값 391 < 최소 600 (rest 수준)
1466168,709,n2,grip,2,중앙값 391 < 최소 600 (rest 수준)
1466170,720,n2,grip,2,중앙값 391 < 최소 600 (rest 수준)
1466172,735,n2,grip,2,중앙값 391 < 최소 600 (rest 수준)
1466174,707,n2,grip,2,중앙값 391 < 최소 600 (rest 수준)
1466176,689,n2,grip,2,중앙값 391 < 최소 600 (rest 수준)
1466178,668,n2,grip,2,중앙값 391 < 최소 600 (rest 수준)
1466180,656,n2,grip,2,중앙값 391 < 최소 600 (rest 수준)
1466182,638,n2,grip,2,중앙값 391 < 최소 600 (rest 수준)
1466184,618,n2,grip,2,중앙값 391 < 최소 600 (rest 수준)
1466186,610,n2,grip,2,중앙값 391 < 최소 600 (rest 수준)
1466188,591,n2,grip,2,중앙값 391 < 최소 600 (rest 수준)
1466190,577,n2,grip,2,중앙값 391 < 최소 600 (rest 수준)
1466192,578,n2,grip,2,중앙값 391 < 최소 600 (rest 수준)
1466194,583,n2,grip,2,중앙값 391 < 최소 600 (rest 수준)
1466196,581,n2,grip,2,중앙값 391 < 최소 600 (rest 수준)
1466198,586,n2,grip,2,중앙값 391 < 최소 600 (rest 수준)
1466200,615,n2,grip,2,중앙값 391 < 최소 600 (rest 수준)
1466202,590,n2,grip,2,중앙값 391 < 최소 600 (rest 수준)
1466204,562,n2,grip,2,중앙값 391 < 최소 600 (rest 수준)
1466206,537,n2,grip,2,중앙값 391 < 최소 600 (rest 수준)
1466208,511,n2,grip,2,중앙값 391 < 최소 600 (rest 수준)
1466210,487,n2,grip,2,중앙값 391 < 최소 600 (rest 수준)
1466212,463,n2,grip,2,중앙값 391 < 최소 600 (rest 수준)
1466214,446,n2,grip,2,중앙값 391 < 최소 600 (rest 수준)
1466216,426,n2,grip,2,중앙값 391 < 최소 600 (rest 수준)
1466218,443,n2,grip,2,중앙값 391 < 최소 600 (rest 수준)
1466220,566,n2,grip,2,중앙값 391 < 최소 600 (rest 수준)
1466222,607,n2,grip,2,중앙값 391 < 최소 600 (rest 수준)
1466224,677,n2,grip,2,중앙값 391 < 최소 600 (rest 수준)
1466226,685,n2,grip,2,중앙값 391 < 최소 600 (rest 수준)
1466228,691,n2,grip,2,중앙값 391 < 최소 600 (rest 수준)
1466230,671,n2,grip,2,중앙값 391 < 최소 600 (rest 수준)
1466232,642,n2,grip,2,중앙값 391 < 최소 600 (rest 수준)
1466234,611,n2,grip,2,중앙값 391 < 최소 600 (rest 수준)
1466236,583,n2,grip,2,중앙값 391 < 최소 600 (rest 수준)
1466238,557,n2,grip,2,중앙값 391 < 최소 600 (rest 수준)
1466240,529,n2,grip,2,중앙값 391 < 최소 600 (rest 수준)
1466242,498,n2,grip,2,중앙값 391 < 최소 600 (rest 수준)
1466244,511,n2,grip,2,중앙값 391 < 최소 600 (rest 수준)
1466246,535,n2,grip,2,중앙값 391 < 최소 600 (rest 수준)
1466248,585,n2,grip,2,중앙값 391 < 최소 600 (rest 수준)
1466250,593,n2,grip,2,중앙값 391 < 최소 600 (rest 수준)
1466252,587,n2,grip,2,중앙값 391 < 최소 600 (rest 수준)
1466254,561,n2,grip,2,중앙값 391 < 최소 600 (rest 수준)
1466256,540,n2,grip,2,중앙값 391 < 최소 600 (rest 수준)
1466258,545,n2,grip,2,중앙값 391 < 최소 600 (rest 수준)
1466260,528,n2,grip,2,중앙값 391 < 최소 600 (rest 수준)
1466262,560,n2,grip,2,중앙값 391 < 최소 600 (rest 수준)
1466264,566,n2,grip,2,중앙값 391 < 최소 600 (rest 수준)
1466266,671,n2,grip,2,중앙값 391 < 최소 600 (rest 수준)
1466268,656,n2,grip,2,중앙값 391 < 최소 600 (rest 수준)
1466270,627,n2,grip,2,중앙값 391 < 최소 600 (rest 수준)
1466272,595,n2,grip,2,중앙값 391 < 최소 600 (rest 수준)
1466274,565,n2,grip,2,중앙값 391 < 최소 600 (rest 수준)
1466276,538,n2,grip,2,중앙값 391 < 최소 600 (rest 수준)
1466278,510,n2,grip,2,중앙값 391 < 최소 600 (rest 수준)
1466280,489,n2,grip,2,중앙값 391 < 최소 600 (rest 수준)
1466282,462,n2,grip,2,중앙값 391 < 최소 600 (rest 수준)
1466284,441,n2,grip,2,중앙값 391 < 최소 600 (rest 수준)
1466286,432,n2,grip,2,중앙값 391 < 최소 600 (rest 수준)
1466288,432,n2,grip,2,중앙값 391 < 최소 600 (rest 수준)
1466290,429,n2,grip,2,중앙값 391 < 최소 600 (rest 수준)
1466292,417,n2,grip,2,중앙값 391 < 최소 600 (rest 수준)
1466294,395,n2,grip,2,중앙값 391 < 최소 600 (rest 수준)
1466296,377,n2,grip,2,중앙값 391 < 최소 600 (rest 수준)
1466298,374,n2,grip,2,중앙값 391 < 최소 600 (rest 수준)
1466300,357,n2,grip,2,중앙값 391 < 최소 600 (rest 수준)
1466302,340,n2,grip,2,중앙값 391 < 최소 600 (rest 수준)
1466304,348,n2,grip,2,중앙값 391 < 최소 600 (rest 수준)
1466306,342,n2,grip,2,중앙값 391 < 최소 600 (rest 수준)
1466308,333,n2,grip,2,중앙값 391 < 최소 600 (rest 수준)
1466310,331,n2,grip,2,중앙값 391 < 최소 600 (rest 수준)
1466312,330,n2,grip,2,중앙값 391 < 최소 600 (rest 수준)
1466314,327,n2,grip,2,중앙값 391 < 최소 600 (rest 수준)
1466316,326,n2,grip,2,중앙값 391 < 최소 600 (rest 수준)
1466318,314,n2,grip,2,중앙값 391 < 최소 600 (rest 수준)
1466320,308,n2,grip,2,중앙값 391 < 최소 600 (rest 수준)
1466322,301,n2,grip,2,중앙값 391 < 최소 600 (rest 수준)
1466324,291,n2,grip,2,중앙값 391 < 최소 600 (rest 수준)
1466326,293,n2,grip,2,중앙값 391 < 최소 600 (rest 수준)
1466328,313,n2,grip,2,중앙값 391 < 최소 600 (rest 수준)
1466330,304,n2,grip,2,중앙값 391 < 최소 600 (rest 수준)
1466332,304,n2,grip,2,중앙값 391 < 최소 600 (rest 수준)
1466334,290,n2,grip,2,중앙값 391 < 최소 600 (rest 수준)
1466336,275,n2,grip,2,중앙값 391 < 최소 600 (rest 수준)
1466338,279,n2,grip,2,중앙값 391 < 최소 600 (rest 수준)
1466340,318,n2,grip,2,중앙값 391 < 최소 600 (rest 수준)
1466342,340,n2,grip,2,중앙값 391 < 최소 600 (rest 수준)
1466344,377,n2,grip,2,중앙값 391 < 최소 600 (rest 수준)
1466346,430,n2,grip,2,중앙값 391 < 최소 600 (rest 수준)
1466348,496,n2,grip,2,중앙값 391 < 최소 600 (rest 수준)
1466350,480,n2,grip,2,중앙값 391 < 최소 600 (rest 수준)
1466352,482,n2,grip,2,중앙값 391 < 최소 600 (rest 수준)
1466354,462,n2,grip,2,중앙값 391 < 최소 600 (rest 수준)
1466356,453,n2,grip,2,중앙값 391 < 최소 600 (rest 수준)
1466358,446,n2,grip,2,중앙값 391 < 최소 600 (rest 수준)
1466360,430,n2,grip,2,중앙값 391 < 최소 600 (rest 수준)
1466362,425,n2,grip,2,중앙값 391 < 최소 600 (rest 수준)
1466364,415,n2,grip,2,중앙값 391 < 최소 600 (rest 수준)
1466366,421,n2,grip,2,중앙값 391 < 최소 600 (rest 수준)
1466368,407,n2,grip,2,중앙값 391 < 최소 600 (rest 수준)
1466370,403,n2,grip,2,중앙값 391 < 최소 600 (rest 수준)
1466372,393,n2,grip,2,중앙값 391 < 최소 600 (rest 수준)
1466374,391,n2,grip,2,중앙값 391 < 최소 600 (rest 수준)
1466376,385,n2,grip,2,중앙값 391 < 최소 600 (rest 수준)
1466378,377,n2,grip,2,중앙값 391 < 최소 600 (rest 수준)
1466380,371,n2,grip,2,중앙값 391 < 최소 600 (rest 수준)
1466382,355,n2,grip,2,중앙값 391 < 최소 600 (rest 수준)
1466384,345,n2,grip,2,중앙값 391 < 최소 600 (rest 수준)
1466386,337,n2,grip,2,중앙값 391 < 최소 600 (rest 수준)
1466388,337,n2,grip,2,중앙값 391 < 최소 600 (rest 수준)
1466390,334,n2,grip,2,중앙값 391 < 최소 600 (rest 수준)
1466392,328,n2,grip,2,중앙값 391 < 최소 600 (rest 수준)
1466394,321,n2,grip,2,중앙값 391 < 최소 600 (rest 수준)
1466396,316,n2,grip,2,중앙값 391 < 최소 600 (rest 수준)
1466398,309,n2,grip,2,중앙값 391 < 최소 600 (rest 수준)
1466400,297,n2,grip,2,중앙값 391 < 최소 600 (rest 수준)
1466402,290,n2,grip,2,중앙값 391 < 최소 600 (rest 수준)
1466404,347,n2,grip,2,중앙값 391 < 최소 600 (rest 수준)
1466406,358,n2,grip,2,중앙값 391 < 최소 600 (rest 수준)
1466408,406,n2,grip,2,중앙값 391 < 최소 600 (rest 수준)
1466410,419,n2,grip,2,중앙값 391 < 최소 600 (rest 수준)
1466412,418,n2,grip,2,중앙값 391 < 최소 600 (rest 수준)
1466414,406,n2,grip,2,중앙값 391 < 최소 600 (rest 수준)
1466416,387,n2,grip,2,중앙값 391 < 최소 600 (rest 수준)
1466418,369,n2,grip,2,중앙값 391 < 최소 600 (rest 수준)
1466420,356,n2,grip,2,중앙값 391 < 최소 600 (rest 수준)
1466422,339,n2,grip,2,중앙값 391 < 최소 600 (rest 수준)
1466424,329,n2,grip,2,중앙값 391 < 최소 600 (rest 수준)
1466426,336,n2,grip,2,중앙값 391 < 최소 600 (rest 수준)
1466428,325,n2,grip,2,중앙값 391 < 최소 600 (rest 수준)
1466430,336,n2,grip,2,중앙값 391 < 최소 600 (rest 수준)
1466432,330,n2,grip,2,중앙값 391 < 최소 600 (rest 수준)
1466434,318,n2,grip,2,중앙값 391 < 최소 600 (rest 수준)
1466436,308,n2,grip,2,중앙값 391 < 최소 600 (rest 수준)
1466438,290,n2,grip,2,중앙값 391 < 최소 600 (rest 수준)
1466440,290,n2,grip,2,중앙값 391 < 최소 600 (rest 수준)
1466442,281,n2,grip,2,중앙값 391 < 최소 600 (rest 수준)
1466444,278,n2,grip,2,중앙값 391 < 최소 600 (rest 수준)
1466446,272,n2,grip,2,중앙값 391 < 최소 600 (rest 수준)
1466448,278,n2,grip,2,중앙값 391 < 최소 600 (rest 수준)
1466450,263,n2,grip,2,중앙값 391 < 최소 600 (rest 수준)
1466452,269,n2,grip,2,중앙값 391 < 최소 600 (rest 수준)
1466454,261,n2,grip,2,중앙값 391 < 최소 600 (rest 수준)
1466456,243,n2,grip,2,중앙값 391 < 최소 600 (rest 수준)
1466458,240,n2,grip,2,중앙값 391 < 최소 600 (rest 수준)
1466460,263,n2,grip,2,중앙값 391 < 최소 600 (rest 수준)
1466462,272,n2,grip,2,중앙값 391 < 최소 600 (rest 수준)
1466464,275,n2,grip,2,중앙값 391 < 최소 600 (rest 수준)
1466466,339,n2,grip,2,중앙값 391 < 최소 600 (rest 수준)
1466468,339,n2,grip,2,중앙값 391 < 최소 600 (rest 수준)
1466470,327,n2,grip,2,중앙값 391 < 최소 600 (rest 수준)
1466472,307,n2,grip,2,중앙값 391 < 최소 600 (rest 수준)
1466474,300,n2,grip,2,중앙값 391 < 최소 600 (rest 수준)
1466476,375,n2,grip,2,중앙값 391 < 최소 600 (rest 수준)
1466478,437,n2,grip,2,중앙값 391 < 최소 600 (rest 수준)
1466480,511,n2,grip,2,중앙값 391 < 최소 600 (rest 수준)
1466482,503,n2,grip,2,중앙값 391 < 최소 600 (rest 수준)
1466484,485,n2,grip,2,중앙값 391 < 최소 600 (rest 수준)
1466486,464,n2,grip,2,중앙값 391 < 최소 600 (rest 수준)
1466488,439,n2,grip,2,중앙값 391 < 최소 600 (rest 수준)
1466490,418,n2,grip,2,중앙값 391 < 최소 600 (rest 수준)
1466492,396,n2,grip,2,중앙값 391 < 최소 600 (rest 수준)
1466494,378,n2,grip,2,중앙값 391 < 최소 600 (rest 수준)
1466496,362,n2,grip,2,중앙값 391 < 최소 600 (rest 수준)
1466498,352,n2,grip,2,중앙값 391 < 최소 600 (rest 수준)
1466500,366,n2,grip,2,중앙값 391 < 최소 600 (rest 수준)
1466502,371,n2,grip,2,중앙값 391 < 최소 600 (rest 수준)
1466504,392,n2,grip,2,중앙값 391 < 최소 600 (rest 수준)
1466506,372,n2,grip,2,중앙값 391 < 최소 600 (rest 수준)
1466508,364,n2,grip,2,중앙값 391 < 최소 600 (rest 수준)
1466510,356,n2,grip,2,중앙값 391 < 최소 600 (rest 수준)
1466512,372,n2,grip,2,중앙값 391 < 최소 600 (rest 수준)
1466514,370,n2,grip,2,중앙값 391 < 최소 600 (rest 수준)
1466516,359,n2,grip,2,중앙값 391 < 최소 600 (rest 수준)
1466518,347,n2,grip,2,중앙값 391 < 최소 600 (rest 수준)
1466520,331,n2,grip,2,중앙값 391 < 최소 600 (rest 수준)
1466522,354,n2,grip,2,중앙값 391 < 최소 600 (rest 수준)
1466524,350,n2,grip,2,중앙값 391 < 최소 600 (rest 수준)
1466526,357,n2,grip,2,중앙값 391 < 최소 600 (rest 수준)
1466528,358,n2,grip,2,중앙값 391 < 최소 600 (rest 수준)
1466530,395,n2,grip,2,중앙값 391 < 최소 600 (rest 수준)
1466532,402,n2,grip,2,중앙값 391 < 최소 600 (rest 수준)
1466534,400,n2,grip,2,중앙값 391 < 최소 600 (rest 수준)
1466536,385,n2,grip,2,중앙값 391 < 최소 600 (rest 수준)
1466538,374,n2,grip,2,중앙값 391 < 최소 600 (rest 수준)
1466540,354,n2,grip,2,중앙값 391 < 최소 600 (rest 수준)
1466542,368,n2,grip,2,중앙값 391 < 최소 600 (rest 수준)
1466544,390,n2,grip,2,중앙값 391 < 최소 600 (rest 수준)
1466546,494,n2,grip,2,중앙값 391 < 최소 600 (rest 수준)
1466548,528,n2,grip,2,중앙값 391 < 최소 600 (rest 수준)
1466550,618,n2,grip,2,중앙값 391 < 최소 600 (rest 수준)
1466552,605,n2,grip,2,중앙값 391 < 최소 600 (rest 수준)
1466554,583,n2,grip,2,중앙값 391 < 최소 600 (rest 수준)
1466556,574,n2,grip,2,중앙값 391 < 최소 600 (rest 수준)
1466558,551,n2,grip,2,중앙값 391 < 최소 600 (rest 수준)
1466560,524,n2,grip,2,중앙값 391 < 최소 600 (rest 수준)
1466562,506,n2,grip,2,중앙값 391 < 최소 600 (rest 수준)
1466564,507,n2,grip,2,중앙값 391 < 최소 600 (rest 수준)
1466566,496,n2,grip,2,중앙값 391 < 최소 600 (rest 수준)
1466568,506,n2,grip,2,중앙값 391 < 최소 600 (rest 수준)
1466570,505,n2,grip,2,중앙값 391 < 최소 600 (rest 수준)
1466572,509,n2,grip,2,중앙값 391 < 최소 600 (rest 수준)
1466574,541,n2,grip,2,중앙값 391 < 최소 600 (rest 수준)
1466576,571,n2,grip,2,중앙값 391 < 최소 600 (rest 수준)
1466578,596,n2,grip,2,중앙값 391 < 최소 600 (rest 수준)
1466580,586,n2,grip,2,중앙값 391 < 최소 600 (rest 수준)
1466582,560,n2,grip,2,중앙값 391 < 최소 600 (rest 수준)
1466584,533,n2,grip,2,중앙값 391 < 최소 600 (rest 수준)
1466586,499,n2,grip,2,중앙값 391 < 최소 600 (rest 수준)
1466588,497,n2,grip,2,중앙값 391 < 최소 600 (rest 수준)
1466590,507,n2,grip,2,중앙값 391 < 최소 600 (rest 수준)
1466592,496,n2,grip,2,중앙값 391 < 최소 600 (rest 수준)
1466594,477,n2,grip,2,중앙값 391 < 최소 600 (rest 수준)
1466596,452,n2,grip,2,중앙값 391 < 최소 600 (rest 수준)
1466598,432,n2,grip,2,중앙값 391 < 최소 600 (rest 수준)
1466600,422,n2,grip,2,중앙값 391 < 최소 600 (rest 수준)
1466602,449,n2,grip,2,중앙값 391 < 최소 600 (rest 수준)
1466604,448,n2,grip,2,중앙값 391 < 최소 600 (rest 수준)
1466606,464,n2,grip,2,중앙값 391 < 최소 600 (rest 수준)
1466608,448,n2,grip,2,중앙값 391 < 최소 600 (rest 수준)
1466610,449,n2,grip,2,중앙값 391 < 최소 600 (rest 수준)
1466612,466,n2,grip,2,중앙값 391 < 최소 600 (rest 수준)
1466614,480,n2,grip,2,중앙값 391 < 최소 600 (rest 수준)
1466616,470,n2,grip,2,중앙값 391 < 최소 600 (rest 수준)
1466618,459,n2,grip,2,중앙값 391 < 최소 600 (rest 수준)
1466620,446,n2,grip,2,중앙값 391 < 최소 600 (rest 수준)
1466622,498,n2,grip,2,중앙값 391 < 최소 600 (rest 수준)
1466624,511,n2,grip,2,중앙값 391 < 최소 600 (rest 수준)
1466626,602,n2,grip,2,중앙값 391 < 최소 600 (rest 수준)
1466628,586,n2,grip,2,중앙값 391 < 최소 600 (rest 수준)
1466630,557,n2,grip,2,중앙값 391 < 최소 600 (rest 수준)
1466632,528,n2,grip,2,중앙값 391 < 최소 600 (rest 수준)
1466634,497,n2,grip,2,중앙값 391 < 최소 600 (rest 수준)
1466636,494,n2,grip,2,중앙값 391 < 최소 600 (rest 수준)
1466638,465,n2,grip,2,중앙값 391 < 최소 600 (rest 수준)
1466640,445,n2,grip,2,중앙값 391 < 최소 600 (rest 수준)
1466642,427,n2,grip,2,중앙값 391 < 최소 600 (rest 수준)
1466644,416,n2,grip,2,중앙값 391 < 최소 600 (rest 수준)
1466646,396,n2,grip,2,중앙값 391 < 최소 600 (rest 수준)
1466648,381,n2,grip,2,중앙값 391 < 최소 600 (rest 수준)
1466650,367,n2,grip,2,중앙값 391 < 최소 600 (rest 수준)
1466652,343,n2,grip,2,중앙값 391 < 최소 600 (rest 수준)
1466654,391,n2,grip,2,중앙값 391 < 최소 600 (rest 수준)
1466656,429,n2,grip,2,중앙값 391 < 최소 600 (rest 수준)
1466658,495,n2,grip,2,중앙값 391 < 최소 600 (rest 수준)
1466660,511,n2,grip,2,중앙값 391 < 최소 600 (rest 수준)
1466662,485,n2,grip,2,중앙값 391 < 최소 600 (rest 수준)
1466664,464,n2,grip,2,중앙값 391 < 최소 600 (rest 수준)
1466666,448,n2,grip,2,중앙값 391 < 최소 600 (rest 수준)
1466668,425,n2,grip,2,중앙값 391 < 최소 600 (rest 수준)
1466670,406,n2,grip,2,중앙값 391 < 최소 600 (rest 수준)
1466672,390,n2,grip,2,중앙값 391 < 최소 600 (rest 수준)
1466674,369,n2,grip,2,중앙값 391 < 최소 600 (rest 수준)
1466676,352,n2,grip,2,중앙값 391 < 최소 600 (rest 수준)
1466678,333,n2,grip,2,중앙값 391 < 최소 600 (rest 수준)
1466680,338,n2,grip,2,중앙값 391 < 최소 600 (rest 수준)
1466682,346,n2,grip,2,중앙값 391 < 최소 600 (rest 수준)
1466684,351,n2,grip,2,중앙값 391 < 최소 600 (rest 수준)
1466686,343,n2,grip,2,중앙값 391 < 최소 600 (rest 수준)
1466688,336,n2,grip,2,중앙값 391 < 최소 600 (rest 수준)
1466690,329,n2,grip,2,중앙값 391 < 최소 600 (rest 수준)
1466692,317,n2,grip,2,중앙값 391 < 최소 600 (rest 수준)
1466694,300,n2,grip,2,중앙값 391 < 최소 600 (rest 수준)
1466696,286,n2,grip,2,중앙값 391 < 최소 600 (rest 수준)
1466698,279,n2,grip,2,중앙값 391 < 최소 600 (rest 수준)
1466700,275,n2,grip,2,중앙값 391 < 최소 600 (rest 수준)
1466702,293,n2,grip,2,중앙값 391 < 최소 600 (rest 수준)
1466704,320,n2,grip,2,중앙값 391 < 최소 600 (rest 수준)
1466706,326,n2,grip,2,중앙값 391 < 최소 600 (rest 수준)
1466708,331,n2,grip,2,중앙값 391 < 최소 600 (rest 수준)
1466710,337,n2,grip,2,중앙값 391 < 최소 600 (rest 수준)
1466712,375,n2,grip,2,중앙값 391 < 최소 600 (rest 수준)
1466714,418,n2,grip,2,중앙값 391 < 최소 600 (rest 수준)
1466716,468,n2,grip,2,중앙값 391 < 최소 600 (rest 수준)
1466718,474,n2,grip,2,중앙값 391 < 최소 600 (rest 수준)
1466720,496,n2,grip,2,중앙값 391 < 최소 600 (rest 수준)
1466722,485,n2,grip,2,중앙값 391 < 최소 600 (rest 수준)
1466724,459,n2,grip,2,중앙값 391 < 최소 600 (rest 수준)
1466726,432,n2,grip,2,중앙값 391 < 최소 600 (rest 수준)
1466728,421,n2,grip,2,중앙값 391 < 최소 600 (rest 수준)
1466730,418,n2,grip,2,중앙값 391 < 최소 600 (rest 수준)
1466732,397,n2,grip,2,중앙값 391 < 최소 600 (rest 수준)
1466734,398,n2,grip,2,중앙값 391 < 최소 600 (rest 수준)
1466736,411,n2,grip,2,중앙값 391 < 최소 600 (rest 수준)
1466738,407,n2,grip,2,중앙값 391 < 최소 600 (rest 수준)
1466740,432,n2,grip,2,중앙값 391 < 최소 600 (rest 수준)
1466742,433,n2,grip,2,중앙값 391 < 최소 600 (rest 수준)
1466744,431,n2,grip,2,중앙값 391 < 최소 600 (rest 수준)
1466746,417,n2,grip,2,중앙값 391 < 최소 600 (rest 수준)
1466748,400,n2,grip,2,중앙값 391 < 최소 600 (rest 수준)
1466750,387,n2,grip,2,중앙값 391 < 최소 600 (rest 수준)
1466752,366,n2,grip,2,중앙값 391 < 최소 600 (rest 수준)
1466754,348,n2,grip,2,중앙값 391 < 최소 600 (rest 수준)
1466756,336,n2,grip,2,중앙값 391 < 최소 600 (rest 수준)
1466758,320,n2,grip,2,중앙값 391 < 최소 600 (rest 수준)
1466760,305,n2,grip,2,중앙값 391 < 최소 600 (rest 수준)
1466762,291,n2,grip,2,중앙값 391 < 최소 600 (rest 수준)
1466764,288,n2,grip,2,중앙값 391 < 최소 600 (rest 수준)
1466766,308,n2,grip,2,중앙값 391 < 최소 600 (rest 수준)
1466768,369,n2,grip,2,중앙값 391 < 최소 600 (rest 수준)
1466770,400,n2,grip,2,중앙값 391 < 최소 600 (rest 수준)
1466772,416,n2,grip,2,중앙값 391 < 최소 600 (rest 수준)
1466774,402,n2,grip,2,중앙값 391 < 최소 600 (rest 수준)
1466776,390,n2,grip,2,중앙값 391 < 최소 600 (rest 수준)
1466778,373,n2,grip,2,중앙값 391 < 최소 600 (rest 수준)
1466780,364,n2,grip,2,중앙값 391 < 최소 600 (rest 수준)
1466782,382,n2,grip,2,중앙값 391 < 최소 600 (rest 수준)
1466784,390,n2,grip,2,중앙값 391 < 최소 600 (rest 수준)
1466786,434,n2,grip,2,중앙값 391 < 최소 600 (rest 수준)
1466788,428,n2,grip,2,중앙값 391 < 최소 600 (rest 수준)
1466790,410,n2,grip,2,중앙값 391 < 최소 600 (rest 수준)
1466792,396,n2,grip,2,중앙값 391 < 최소 600 (rest 수준)
1466794,382,n2,grip,2,중앙값 391 < 최소 600 (rest 수준)
1466796,366,n2,grip,2,중앙값 391 < 최소 600 (rest 수준)
1466798,366,n2,grip,2,중앙값 391 < 최소 600 (rest 수준)
1466800,362,n2,grip,2,중앙값 391 < 최소 600 (rest 수준)
1466802,353,n2,grip,2,중앙값 391 < 최소 600 (rest 수준)
1466804,366,n2,grip,2,중앙값 391 < 최소 600 (rest 수준)
1466806,375,n2,grip,2,중앙값 391 < 최소 600 (rest 수준)
1466808,375,n2,grip,2,중앙값 391 < 최소 600 (rest 수준)
1466810,378,n2,grip,2,중앙값 391 < 최소 600 (rest 수준)
1466812,367,n2,grip,2,중앙값 391 < 최소 600 (rest 수준)
1466814,358,n2,grip,2,중앙값 391 < 최소 600 (rest 수준)
1466816,341,n2,grip,2,중앙값 391 < 최소 600 (rest 수준)
1466818,359,n2,grip,2,중앙값 391 < 최소 600 (rest 수준)
1466820,351,n2,grip,2,중앙값 391 < 최소 600 (rest 수준)
1466822,339,n2,grip,2,중앙값 391 < 최소 600 (rest 수준)
1466824,324,n2,grip,2,중앙값 391 < 최소 600 (rest 수준)
1466826,309,n2,grip,2,중앙값 391 < 최소 600 (rest 수준)
1466828,298,n2,grip,2,중앙값 391 < 최소 600 (rest 수준)
1466830,281,n2,grip,2,중앙값 391 < 최소 600 (rest 수준)
1466832,288,n2,grip,2,중앙값 391 < 최소 600 (rest 수준)
1466834,301,n2,grip,2,중앙값 391 < 최소 600 (rest 수준)
1466836,304,n2,grip,2,중앙값 391 < 최소 600 (rest 수준)
1466838,291,n2,grip,2,중앙값 391 < 최소 600 (rest 수준)
1466840,275,n2,grip,2,중앙값 391 < 최소 600 (rest 수준)
1466842,284,n2,grip,2,중앙값 391 < 최소 600 (rest 수준)
1466844,282,n2,grip,2,중앙값 391 < 최소 600 (rest 수준)
1466846,262,n2,grip,2,중앙값 391 < 최소 600 (rest 수준)
1466848,246,n2,grip,2,중앙값 391 < 최소 600 (rest 수준)
1466850,235,n2,grip,2,중앙값 391 < 최소 600 (rest 수준)
1466852,229,n2,grip,2,중앙값 391 < 최소 600 (rest 수준)
1466854,243,n2,grip,2,중앙값 391 < 최소 600 (rest 수준)
1466856,240,n2,grip,2,중앙값 391 < 최소 600 (rest 수준)
1466858,294,n2,grip,2,중앙값 391 < 최소 600 (rest 수준)
1466860,324,n2,grip,2,중앙값 391 < 최소 600 (rest 수준)
1466862,385,n2,grip,2,중앙값 391 < 최소 600 (rest 수준)
1466864,388,n2,grip,2,중앙값 391 < 최소 600 (rest 수준)
1466866,423,n2,grip,2,중앙값 391 < 최소 600 (rest 수준)
1466868,426,n2,grip,2,중앙값 391 < 최소 600 (rest 수준)
1466870,416,n2,grip,2,중앙값 391 < 최소 600 (rest 수준)
1466872,416,n2,grip,2,중앙값 391 < 최소 600 (rest 수준)
1466874,398,n2,grip,2,중앙값 391 < 최소 600 (rest 수준)
1466876,375,n2,grip,2,중앙값 391 < 최소 600 (rest 수준)
1466878,368,n2,grip,2,중앙값 391 < 최소 600 (rest 수준)
1466880,357,n2,grip,2,중앙값 391 < 최소 600 (rest 수준)
1466882,358,n2,grip,2,중앙값 391 < 최소 600 (rest 수준)
1466884,379,n2,grip,2,중앙값 391 < 최소 600 (rest 수준)
1466886,395,n2,grip,2,중앙값 391 < 최소 600 (rest 수준)
1466888,411,n2,grip,2,중앙값 391 < 최소 600 (rest 수준)
1466890,398,n2,grip,2,중앙값 391 < 최소 600 (rest 수준)
1466892,378,n2,grip,2,중앙값 391 < 최소 600 (rest 수준)
1466894,357,n2,grip,2,중앙값 391 < 최소 600 (rest 수준)
1466896,347,n2,grip,2,중앙값 391 < 최소 600 (rest 수준)
1466898,418,n2,grip,2,중앙값 391 < 최소 600 (rest 수준)
1466900,456,n2,grip,2,중앙값 391 < 최소 600 (rest 수준)
1466902,486,n2,grip,2,중앙값 391 < 최소 600 (rest 수준)
1466904,511,n2,grip,2,중앙값 391 < 최소 600 (rest 수준)
1466906,528,n2,grip,2,중앙값 391 < 최소 600 (rest 수준)
1466908,506,n2,grip,2,중앙값 391 < 최소 600 (rest 수준)
1466910,479,n2,grip,2,중앙값 391 < 최소 600 (rest 수준)
1466912,458,n2,grip,2,중앙값 391 < 최소 600 (rest 수준)
1466914,436,n2,grip,2,중앙값 391 < 최소 600 (rest 수준)
1466916,414,n2,grip,2,중앙값 391 < 최소 600 (rest 수준)
1466918,432,n2,grip,2,중앙값 391 < 최소 600 (rest 수준)
1466920,438,n2,grip,2,중앙값 391 < 최소 600 (rest 수준)
1466922,497,n2,grip,2,중앙값 391 < 최소 600 (rest 수준)
1466924,503,n2,grip,2,중앙값 391 < 최소 600 (rest 수준)
1466926,507,n2,grip,2,중앙값 391 < 최소 600 (rest 수준)
1466928,540,n2,grip,2,중앙값 391 < 최소 600 (rest 수준)
1466930,546,n2,grip,2,중앙값 391 < 최소 600 (rest 수준)
1466932,553,n2,grip,2,중앙값 391 < 최소 600 (rest 수준)
1466934,535,n2,grip,2,중앙값 391 < 최소 600 (rest 수준)
1466936,530,n2,grip,2,중앙값 391 < 최소 600 (rest 수준)
1466938,505,n2,grip,2,중앙값 391 < 최소 600 (rest 수준)
1466940,503,n2,grip,2,중앙값 391 < 최소 600 (rest 수준)
1466942,499,n2,grip,2,중앙값 391 < 최소 600 (rest 수준)
1466944,507,n2,grip,2,중앙값 391 < 최소 600 (rest 수준)
1466946,479,n2,grip,2,중앙값 391 < 최소 600 (rest 수준)
1466948,464,n2,grip,2,중앙값 391 < 최소 600 (rest 수준)
1466950,447,n2,grip,2,중앙값 391 < 최소 600 (rest 수준)
1466952,423,n2,grip,2,중앙값 391 < 최소 600 (rest 수준)
1466954,426,n2,grip,2,중앙값 391 < 최소 600 (rest 수준)
1466956,419,n2,grip,2,중앙값 391 < 최소 600 (rest 수준)
1466958,400,n2,grip,2,중앙값 391 < 최소 600 (rest 수준)
1466960,390,n2,grip,2,중앙값 391 < 최소 600 (rest 수준)
1466962,370,n2,grip,2,중앙값 391 < 최소 600 (rest 수준)
1466964,350,n2,grip,2,중앙값 391 < 최소 600 (rest 수준)
1466966,336,n2,grip,2,중앙값 391 < 최소 600 (rest 수준)
1466968,334,n2,grip,2,중앙값 391 < 최소 600 (rest 수준)
1466970,319,n2,grip,2,중앙값 391 < 최소 600 (rest 수준)
1466972,316,n2,grip,2,중앙값 391 < 최소 600 (rest 수준)
1466974,304,n2,grip,2,중앙값 391 < 최소 600 (rest 수준)
1466976,304,n2,grip,2,중앙값 391 < 최소 600 (rest 수준)
1466978,300,n2,grip,2,중앙값 391 < 최소 600 (rest 수준)
1466980,293,n2,grip,2,중앙값 391 < 최소 600 (rest 수준)
1466982,293,n2,grip,2,중앙값 391 < 최소 600 (rest 수준)
1466984,294,n2,grip,2,중앙값 391 < 최소 600 (rest 수준)
1466986,286,n2,grip,2,중앙값 391 < 최소 600 (rest 수준)
1466988,276,n2,grip,2,중앙값 391 < 최소 600 (rest 수준)
1466990,314,n2,grip,2,중앙값 391 < 최소 600 (rest 수준)
1466992,351,n2,grip,2,중앙값 391 < 최소 600 (rest 수준)
1466994,432,n2,grip,2,중앙값 391 < 최소 600 (rest 수준)
1466996,422,n2,grip,2,중앙값 391 < 최소 600 (rest 수준)
1466998,400,n2,grip,2,중앙값 391 < 최소 600 (rest 수준)
1467000,377,n2,grip,2,중앙값 391 < 최소 600 (rest 수준)
1467002,359,n2,grip,2,중앙값 391 < 최소 600 (rest 수준)
1467004,373,n2,grip,2,중앙값 391 < 최소 600 (rest 수준)
1467006,390,n2,grip,2,중앙값 391 < 최소 600 (rest 수준)
1467008,406,n2,grip,2,중앙값 391 < 최소 600 (rest 수준)
1467010,400,n2,grip,2,중앙값 391 < 최소 600 (rest 수준)
1467012,417,n2,grip,2,중앙값 391 < 최소 600 (rest 수준)
1467014,411,n2,grip,2,중앙값 391 < 최소 600 (rest 수준)
1467016,449,n2,grip,2,중앙값 391 < 최소 600 (rest 수준)
1467018,545,n2,grip,2,중앙값 391 < 최소 600 (rest 수준)
1467020,591,n2,grip,2,중앙값 391 < 최소 600 (rest 수준)
1467022,675,n2,grip,2,중앙값 391 < 최소 600 (rest 수준)
1467024,716,n2,grip,2,중앙값 391 < 최소 600 (rest 수준)
1467026,715,n2,grip,2,중앙값 391 < 최소 600 (rest 수준)
1467028,685,n2,grip,2,중앙값 391 < 최소 600 (rest 수준)
1467030,649,n2,grip,2,중앙값 391 < 최소 600 (rest 수준)
1467032,653,n2,grip,2,중앙값 391 < 최소 600 (rest 수준)
1467034,656,n2,grip,2,중앙값 391 < 최소 600 (rest 수준)
1467036,630,n2,grip,2,중앙값 391 < 최소 600 (rest 수준)
1467038,614,n2,grip,2,중앙값 391 < 최소 600 (rest 수준)
1467040,592,n2,grip,2,중앙값 391 < 최소 600 (rest 수준)
1467042,576,n2,grip,2,중앙값 391 < 최소 600 (rest 수준)
1467044,576,n2,grip,2,중앙값 391 < 최소 600 (rest 수준)
1467046,553,n2,grip,2,중앙값 391 < 최소 600 (rest 수준)
1467048,541,n2,grip,2,중앙값 391 < 최소 600 (rest 수준)
1467050,528,n2,grip,2,중앙값 391 < 최소 600 (rest 수준)
1467052,501,n2,grip,2,중앙값 391 < 최소 600 (rest 수준)
1467054,486,n2,grip,2,중앙값 391 < 최소 600 (rest 수준)
1467056,464,n2,grip,2,중앙값 391 < 최소 600 (rest 수준)
1467058,437,n2,grip,2,중앙값 391 < 최소 600 (rest 수준)
1467060,437,n2,grip,2,중앙값 391 < 최소 600 (rest 수준)
1467062,425,n2,grip,2,중앙값 391 < 최소 600 (rest 수준)
1467064,447,n2,grip,2,중앙값 391 < 최소 600 (rest 수준)
1467066,448,n2,grip,2,중앙값 391 < 최소 600 (rest 수준)
1467068,438,n2,grip,2,중앙값 391 < 최소 600 (rest 수준)
1467070,464,n2,grip,2,중앙값 391 < 최소 600 (rest 수준)
1467072,475,n2,grip,2,중앙값 391 < 최소 600 (rest 수준)
1467074,523,n2,grip,2,중앙값 391 < 최소 600 (rest 수준)
1467076,511,n2,grip,2,중앙값 391 < 최소 600 (rest 수준)
1467078,526,n2,grip,2,중앙값 391 < 최소 600 (rest 수준)
1467080,496,n2,grip,2,중앙값 391 < 최소 600 (rest 수준)
1467082,496,n2,grip,2,중앙값 391 < 최소 600 (rest 수준)
1467084,493,n2,grip,2,중앙값 391 < 최소 600 (rest 수준)
1467086,496,n2,grip,2,중앙값 391 < 최소 600 (rest 수준)
1467088,486,n2,grip,2,중앙값 391 < 최소 600 (rest 수준)
1467090,494,n2,grip,2,중앙값 391 < 최소 600 (rest 수준)
1467092,495,n2,grip,2,중앙값 391 < 최소 600 (rest 수준)
1467094,560,n2,grip,2,중앙값 391 < 최소 600 (rest 수준)
1467096,570,n2,grip,2,중앙값 391 < 최소 600 (rest 수준)
1467098,628,n2,grip,2,중앙값 391 < 최소 600 (rest 수준)
1467100,635,n2,grip,2,중앙값 391 < 최소 600 (rest 수준)
1467102,628,n2,grip,2,중앙값 391 < 최소 600 (rest 수준)
1467104,646,n2,grip,2,중앙값 391 < 최소 600 (rest 수준)
1467106,645,n2,grip,2,중앙값 391 < 최소 600 (rest 수준)
1467108,634,n2,grip,2,중앙값 391 < 최소 600 (rest 수준)
1467110,608,n2,grip,2,중앙값 391 < 최소 600 (rest 수준)
1467112,592,n2,grip,2,중앙값 391 < 최소 600 (rest 수준)
1467114,579,n2,grip,2,중앙값 391 < 최소 600 (rest 수준)
1467116,576,n2,grip,2,중앙값 391 < 최소 600 (rest 수준)
1467118,563,n2,grip,2,중앙값 391 < 최소 600 (rest 수준)
1467120,539,n2,grip,2,중앙값 391 < 최소 600 (rest 수준)
1467122,505,n2,grip,2,중앙값 391 < 최소 600 (rest 수준)
1467124,496,n2,grip,2,중앙값 391 < 최소 600 (rest 수준)
1467126,511,n2,grip,2,중앙값 391 < 최소 600 (rest 수준)
1467128,557,n2,grip,2,중앙값 391 < 최소 600 (rest 수준)
1467130,570,n2,grip,2,중앙값 391 < 최소 600 (rest 수준)
1467132,656,n2,grip,2,중앙값 391 < 최소 600 (rest 수준)
1467134,666,n2,grip,2,중앙값 391 < 최소 600 (rest 수준)
1467136,645,n2,grip,2,중앙값 391 < 최소 600 (rest 수준)
1467138,634,n2,grip,2,중앙값 391 < 최소 600 (rest 수준)
1467140,607,n2,grip,2,중앙값 391 < 최소 600 (rest 수준)
1467142,614,n2,grip,2,중앙값 391 < 최소 600 (rest 수준)
1467144,592,n2,grip,2,중앙값 391 < 최소 600 (rest 수준)
1467146,612,n2,grip,2,중앙값 391 < 최소 600 (rest 수준)
1467148,599,n2,grip,2,중앙값 391 < 최소 600 (rest 수준)
1467150,586,n2,grip,2,중앙값 391 < 최소 600 (rest 수준)
1467152,560,n2,grip,2,중앙값 391 < 최소 600 (rest 수준)
1467154,533,n2,grip,2,중앙값 391 < 최소 600 (rest 수준)
1467156,507,n2,grip,2,중앙값 391 < 최소 600 (rest 수준)
1467158,479,n2,grip,2,중앙값 391 < 최소 600 (rest 수준)
1467160,458,n2,grip,2,중앙값 391 < 최소 600 (rest 수준)
1467162,441,n2,grip,2,중앙값 391 < 최소 600 (rest 수준)
1467164,428,n2,grip,2,중앙값 391 < 최소 600 (rest 수준)
1467166,438,n2,grip,2,중앙값 391 < 최소 600 (rest 수준)
1467168,446,n2,grip,2,중앙값 391 < 최소 600 (rest 수준)
1467170,478,n2,grip,2,중앙값 391 < 최소 600 (rest 수준)
1467172,464,n2,grip,2,중앙값 391 < 최소 600 (rest 수준)
1467174,502,n2,grip,2,중앙값 391 < 최소 600 (rest 수준)
1467176,583,n2,grip,2,중앙값 391 < 최소 600 (rest 수준)
1467178,609,n2,grip,2,중앙값 391 < 최소 600 (rest 수준)
1467180,630,n2,grip,2,중앙값 391 < 최소 600 (rest 수준)
1467182,631,n2,grip,2,중앙값 391 < 최소 600 (rest 수준)
1467184,643,n2,grip,2,중앙값 391 < 최소 600 (rest 수준)
1467186,615,n2,grip,2,중앙값 391 < 최소 600 (rest 수준)
1467188,629,n2,grip,2,중앙값 391 < 최소 600 (rest 수준)
1467190,619,n2,grip,2,중앙값 391 < 최소 600 (rest 수준)
1467192,624,n2,grip,2,중앙값 391 < 최소 600 (rest 수준)
1467194,625,n2,grip,2,중앙값 391 < 최소 600 (rest 수준)
1467196,612,n2,grip,2,중앙값 391 < 최소 600 (rest 수준)
1467198,599,n2,grip,2,중앙값 391 < 최소 600 (rest 수준)
1467200,594,n2,grip,2,중앙값 391 < 최소 600 (rest 수준)
1467202,570,n2,grip,2,중앙값 391 < 최소 600 (rest 수준)
1467204,560,n2,grip,2,중앙값 391 < 최소 600 (rest 수준)
1467206,550,n2,grip,2,중앙값 391 < 최소 600 (rest 수준)
1467208,539,n2,grip,2,중앙값 391 < 최소 600 (rest 수준)
1467210,549,n2,grip,2,중앙값 391 < 최소 600 (rest 수준)
1467212,646,n2,grip,2,중앙값 391 < 최소 600 (rest 수준)
1467214,666,n2,grip,2,중앙값 391 < 최소 600 (rest 수준)
1467216,701,n2,grip,2,중앙값 391 < 최소 600 (rest 수준)
1467218,739,n2,grip,2,중앙값 391 < 최소 600 (rest 수준)
1467220,756,n2,grip,2,중앙값 391 < 최소 600 (rest 수준)
1467222,752,n2,grip,2,중앙값 391 < 최소 600 (rest 수준)
1467224,752,n2,grip,2,중앙값 391 < 최소 600 (rest 수준)
1467226,720,n2,grip,2,중앙값 391 < 최소 600 (rest 수준)
1467228,706,n2,grip,2,중앙값 391 < 최소 600 (rest 수준)
1467230,688,n2,grip,2,중앙값 391 < 최소 600 (rest 수준)
1467232,659,n2,grip,2,중앙값 391 < 최소 600 (rest 수준)
1467234,633,n2,grip,2,중앙값 391 < 최소 600 (rest 수준)
1467236,602,n2,grip,2,중앙값 391 < 최소 600 (rest 수준)
1467238,575,n2,grip,2,중앙값 391 < 최소 600 (rest 수준)
1467240,546,n2,grip,2,중앙값 391 < 최소 600 (rest 수준)
1467242,511,n2,grip,2,중앙값 391 < 최소 600 (rest 수준)
1467244,496,n2,grip,2,중앙값 391 < 최소 600 (rest 수준)
1467246,475,n2,grip,2,중앙값 391 < 최소 600 (rest 수준)
1467248,454,n2,grip,2,중앙값 391 < 최소 600 (rest 수준)
1467250,439,n2,grip,2,중앙값 391 < 최소 600 (rest 수준)
1467252,427,n2,grip,2,중앙값 391 < 최소 600 (rest 수준)
1467254,448,n2,grip,2,중앙값 391 < 최소 600 (rest 수준)
1467256,465,n2,grip,2,중앙값 391 < 최소 600 (rest 수준)
1467258,460,n2,grip,2,중앙값 391 < 최소 600 (rest 수준)
1467260,496,n2,grip,2,중앙값 391 < 최소 600 (rest 수준)
1467262,476,n2,grip,2,중앙값 391 < 최소 600 (rest 수준)
1467264,455,n2,grip,2,중앙값 391 < 최소 600 (rest 수준)
1467266,438,n2,grip,2,중앙값 391 < 최소 600 (rest 수준)
1467268,418,n2,grip,2,중앙값 391 < 최소 600 (rest 수준)
1467270,400,n2,grip,2,중앙값 391 < 최소 600 (rest 수준)
1467272,417,n2,grip,2,중앙값 391 < 최소 600 (rest 수준)
1467274,438,n2,grip,2,중앙값 391 < 최소 600 (rest 수준)
1467276,501,n2,grip,2,중앙값 391 < 최소 600 (rest 수준)
1467278,498,n2,grip,2,중앙값 391 < 최소 600 (rest 수준)
1467280,503,n2,grip,2,중앙값 391 < 최소 600 (rest 수준)
1467282,491,n2,grip,2,중앙값 391 < 최소 600 (rest 수준)
1467284,541,n2,grip,2,중앙값 391 < 최소 600 (rest 수준)
1467286,529,n2,grip,2,중앙값 391 < 최소 600 (rest 수준)
1467288,511,n2,grip,2,중앙값 391 < 최소 600 (rest 수준)
1467290,511,n2,grip,2,중앙값 391 < 최소 600 (rest 수준)
1467292,554,n2,grip,2,중앙값 391 < 최소 600 (rest 수준)
1467294,544,n2,grip,2,중앙값 391 < 최소 600 (rest 수준)
1467296,559,n2,grip,2,중앙값 391 < 최소 600 (rest 수준)
1467298,558,n2,grip,2,중앙값 391 < 최소 600 (rest 수준)
1467300,570,n2,grip,2,중앙값 391 < 최소 600 (rest 수준)
1467302,560,n2,grip,2,중앙값 391 < 최소 600 (rest 수준)
1467304,533,n2,grip,2,중앙값 391 < 최소 600 (rest 수준)
1467306,501,n2,grip,2,중앙값 391 < 최소 600 (rest 수준)
1467308,474,n2,grip,2,중앙값 391 < 최소 600 (rest 수준)
1467310,464,n2,grip,2,중앙값 391 < 최소 600 (rest 수준)
1467312,486,n2,grip,2,중앙값 391 < 최소 600 (rest 수준)
1467314,489,n2,grip,2,중앙값 391 < 최소 600 (rest 수준)
1467316,511,n2,grip,2,중앙값 391 < 최소 600 (rest 수준)
1467318,496,n2,grip,2,중앙값 391 < 최소 600 (rest 수준)
1467320,471,n2,grip,2,중앙값 391 < 최소 600 (rest 수준)
1467322,448,n2,grip,2,중앙값 391 < 최소 600 (rest 수준)
1467324,429,n2,grip,2,중앙값 391 < 최소 600 (rest 수준)
1467326,407,n2,grip,2,중앙값 391 < 최소 600 (rest 수준)
1467328,391,n2,grip,2,중앙값 391 < 최소 600 (rest 수준)
1467330,373,n2,grip,2,중앙값 391 < 최소 600 (rest 수준)
1467332,352,n2,grip,2,중앙값 391 < 최소 600 (rest 수준)
1467334,338,n2,grip,2,중앙값 391 < 최소 600 (rest 수준)
1467336,320,n2,grip,2,중앙값 391 < 최소 600 (rest 수준)
1467338,310,n2,grip,2,중앙값 391 < 최소 600 (rest 수준)
1467340,293,n2,grip,2,중앙값 391 < 최소 600 (rest 수준)
1467342,275,n2,grip,2,중앙값 391 < 최소 600 (rest 수준)
1467344,272,n2,grip,2,중앙값 391 < 최소 600 (rest 수준)
1467346,273,n2,grip,2,중앙값 391 < 최소 600 (rest 수준)
1467348,343,n2,grip,2,중앙값 391 < 최소 600 (rest 수준)
1467350,371,n2,grip,2,중앙값 391 < 최소 600 (rest 수준)
1467352,368,n2,grip,2,중앙값 391 < 최소 600 (rest 수준)
1467354,459,n2,grip,2,중앙값 391 < 최소 600 (rest 수준)
1467356,486,n2,grip,2,중앙값 391 < 최소 600 (rest 수준)
1467358,473,n2,grip,2,중앙값 391 < 최소 600 (rest 수준)
1467360,476,n2,grip,2,중앙값 391 < 최소 600 (rest 수준)
1467362,468,n2,grip,2,중앙값 391 < 최소 600 (rest 수준)
1467364,452,n2,grip,2,중앙값 391 < 최소 600 (rest 수준)
1467366,492,n2,grip,2,중앙값 391 < 최소 600 (rest 수준)
1467368,498,n2,grip,2,중앙값 391 < 최소 600 (rest 수준)
1467370,525,n2,grip,2,중앙값 391 < 최소 600 (rest 수준)
1467372,509,n2,grip,2,중앙값 391 < 최소 600 (rest 수준)
1467374,532,n2,grip,2,중앙값 391 < 최소 600 (rest 수준)
1467376,526,n2,grip,2,중앙값 391 < 최소 600 (rest 수준)
1467378,508,n2,grip,2,중앙값 391 < 최소 600 (rest 수준)
1467380,491,n2,grip,2,중앙값 391 < 최소 600 (rest 수준)
1467382,475,n2,grip,2,중앙값 391 < 최소 600 (rest 수준)
1467384,455,n2,grip,2,중앙값 391 < 최소 600 (rest 수준)
1467386,437,n2,grip,2,중앙값 391 < 최소 600 (rest 수준)
1467388,417,n2,grip,2,중앙값 391 < 최소 600 (rest 수준)
1467390,395,n2,grip,2,중앙값 391 < 최소 600 (rest 수준)
1467392,377,n2,grip,2,중앙값 391 < 최소 600 (rest 수준)
1467394,367,n2,grip,2,중앙값 391 < 최소 600 (rest 수준)
1467396,365,n2,grip,2,중앙값 391 < 최소 600 (rest 수준)
1467398,347,n2,grip,2,중앙값 391 < 최소 600 (rest 수준)
1467400,330,n2,grip,2,중앙값 391 < 최소 600 (rest 수준)
1467402,318,n2,grip,2,중앙값 391 < 최소 600 (rest 수준)
1467404,305,n2,grip,2,중앙값 391 < 최소 600 (rest 수준)
1467406,304,n2,grip,2,중앙값 391 < 최소 600 (rest 수준)
1467408,322,n2,grip,2,중앙값 391 < 최소 600 (rest 수준)
1467410,320,n2,grip,2,중앙값 391 < 최소 600 (rest 수준)
1467412,306,n2,grip,2,중앙값 391 < 최소 600 (rest 수준)
1467414,304,n2,grip,2,중앙값 391 < 최소 600 (rest 수준)
1467416,288,n2,grip,2,중앙값 391 < 최소 600 (rest 수준)
1467418,274,n2,grip,2,중앙값 391 < 최소 600 (rest 수준)
1467420,258,n2,grip,2,중앙값 391 < 최소 600 (rest 수준)
1467422,242,n2,grip,2,중앙값 391 < 최소 600 (rest 수준)
1467424,254,n2,grip,2,중앙값 391 < 최소 600 (rest 수준)
1467426,241,n2,grip,2,중앙값 391 < 최소 600 (rest 수준)
1467428,228,n2,grip,2,중앙값 391 < 최소 600 (rest 수준)
1467430,219,n2,grip,2,중앙값 391 < 최소 600 (rest 수준)
1467432,228,n2,grip,2,중앙값 391 < 최소 600 (rest 수준)
1467434,240,n2,grip,2,중앙값 391 < 최소 600 (rest 수준)
1467436,283,n2,grip,2,중앙값 391 < 최소 600 (rest 수준)
1467438,297,n2,grip,2,중앙값 391 < 최소 600 (rest 수준)
1467440,288,n2,grip,2,중앙값 391 < 최소 600 (rest 수준)
1467442,275,n2,grip,2,중앙값 391 < 최소 600 (rest 수준)
1467444,272,n2,grip,2,중앙값 391 < 최소 600 (rest 수준)
1467446,257,n2,grip,2,중앙값 391 < 최소 600 (rest 수준)
1467448,252,n2,grip,2,중앙값 391 < 최소 600 (rest 수준)
1467450,253,n2,grip,2,중앙값 391 < 최소 600 (rest 수준)
1467452,242,n2,grip,2,중앙값 391 < 최소 600 (rest 수준)
1467454,256,n2,grip,2,중앙값 391 < 최소 600 (rest 수준)
1467456,282,n2,grip,2,중앙값 391 < 최소 600 (rest 수준)
1467458,283,n2,grip,2,중앙값 391 < 최소 600 (rest 수준)
1467460,267,n2,grip,2,중앙값 391 < 최소 600 (rest 수준)
1467462,268,n2,grip,2,중앙값 391 < 최소 600 (rest 수준)
1467464,262,n2,grip,2,중앙값 391 < 최소 600 (rest 수준)
1467466,257,n2,grip,2,중앙값 391 < 최소 600 (rest 수준)
1467468,263,n2,grip,2,중앙값 391 < 최소 600 (rest 수준)
1467470,258,n2,grip,2,중앙값 391 < 최소 600 (rest 수준)
1467472,246,n2,grip,2,중앙값 391 < 최소 600 (rest 수준)
1467474,257,n2,grip,2,중앙값 391 < 최소 600 (rest 수준)
1467476,272,n2,grip,2,중앙값 391 < 최소 600 (rest 수준)
1467478,302,n2,grip,2,중앙값 391 < 최소 600 (rest 수준)
1467480,304,n2,grip,2,중앙값 391 < 최소 600 (rest 수준)
1467482,323,n2,grip,2,중앙값 391 < 최소 600 (rest 수준)
1467484,325,n2,grip,2,중앙값 391 < 최소 600 (rest 수준)
1467486,322,n2,grip,2,중앙값 391 < 최소 600 (rest 수준)
1467488,314,n2,grip,2,중앙값 391 < 최소 600 (rest 수준)
1467490,297,n2,grip,2,중앙값 391 < 최소 600 (rest 수준)
1467492,283,n2,grip,2,중앙값 391 < 최소 600 (rest 수준)
1467494,270,n2,grip,2,중앙값 391 < 최소 600 (rest 수준)
1467496,266,n2,grip,2,중앙값 391 < 최소 600 (rest 수준)
1467498,258,n2,grip,2,중앙값 391 < 최소 600 (rest 수준)
1467500,247,n2,grip,2,중앙값 391 < 최소 600 (rest 수준)
1467502,238,n2,grip,2,중앙값 391 < 최소 600 (rest 수준)
1467504,241,n2,grip,2,중앙값 391 < 최소 600 (rest 수준)
1467506,233,n2,grip,2,중앙값 391 < 최소 600 (rest 수준)
1467508,221,n2,grip,2,중앙값 391 < 최소 600 (rest 수준)
1467510,209,n2,grip,2,중앙값 391 < 최소 600 (rest 수준)
1467512,205,n2,grip,2,중앙값 391 < 최소 600 (rest 수준)
1467514,215,n2,grip,2,중앙값 391 < 최소 600 (rest 수준)
1467516,213,n2,grip,2,중앙값 391 < 최소 600 (rest 수준)
1467518,209,n2,grip,2,중앙값 391 < 최소 600 (rest 수준)
1467520,207,n2,grip,2,중앙값 391 < 최소 600 (rest 수준)
1467522,208,n2,grip,2,중앙값 391 < 최소 600 (rest 수준)
1467524,198,n2,grip,2,중앙값 391 < 최소 600 (rest 수준)
1467526,186,n2,grip,2,중앙값 391 < 최소 600 (rest 수준)
1467528,191,n2,grip,2,중앙값 391 < 최소 600 (rest 수준)
1467530,209,n2,grip,2,중앙값 391 < 최소 600 (rest 수준)
1467532,218,n2,grip,2,중앙값 391 < 최소 600 (rest 수준)
1467534,269,n2,grip,2,중앙값 391 < 최소 600 (rest 수준)
1467536,270,n2,grip,2,중앙값 391 < 최소 600 (rest 수준)
1467538,271,n2,grip,2,중앙값 391 < 최소 600 (rest 수준)
1467540,265,n2,grip,2,중앙값 391 < 최소 600 (rest 수준)
1467542,257,n2,grip,2,중앙값 391 < 최소 600 (rest 수준)
1467544,244,n2,grip,2,중앙값 391 < 최소 600 (rest 수준)
1467546,237,n2,grip,2,중앙값 391 < 최소 600 (rest 수준)
1467548,249,n2,grip,2,중앙값 391 < 최소 600 (rest 수준)
1467550,250,n2,grip,2,중앙값 391 < 최소 600 (rest 수준)
1467552,286,n2,grip,2,중앙값 391 < 최소 600 (rest 수준)
1467554,328,n2,grip,2,중앙값 391 < 최소 600 (rest 수준)
1467556,347,n2,grip,2,중앙값 391 < 최소 600 (rest 수준)
1467558,342,n2,grip,2,중앙값 391 < 최소 600 (rest 수준)
1467560,328,n2,grip,2,중앙값 391 < 최소 600 (rest 수준)
1467562,314,n2,grip,2,중앙값 391 < 최소 600 (rest 수준)
1467564,303,n2,grip,2,중앙값 391 < 최소 600 (rest 수준)
1467566,288,n2,grip,2,중앙값 391 < 최소 600 (rest 수준)
1467568,283,n2,grip,2,중앙값 391 < 최소 600 (rest 수준)
1467570,285,n2,grip,2,중앙값 391 < 최소 600 (rest 수준)
1467572,288,n2,grip,2,중앙값 391 < 최소 600 (rest 수준)
1467574,311,n2,grip,2,중앙값 391 < 최소 600 (rest 수준)
1467576,317,n2,grip,2,중앙값 391 < 최소 600 (rest 수준)
1467578,318,n2,grip,2,중앙값 391 < 최소 600 (rest 수준)
1467580,326,n2,grip,2,중앙값 391 < 최소 600 (rest 수준)
1467582,326,n2,grip,2,중앙값 391 < 최소 600 (rest 수준)
1467584,342,n2,grip,2,중앙값 391 < 최소 600 (rest 수준)
1467586,363,n2,grip,2,중앙값 391 < 최소 600 (rest 수준)
1467588,377,n2,grip,2,중앙값 391 < 최소 600 (rest 수준)
1467590,419,n2,grip,2,중앙값 391 < 최소 600 (rest 수준)
1467592,418,n2,grip,2,중앙값 391 < 최소 600 (rest 수준)
1467594,418,n2,grip,2,중앙값 391 < 최소 600 (rest 수준)
1467596,400,n2,grip,2,중앙값 391 < 최소 600 (rest 수준)
1467598,384,n2,grip,2,중앙값 391 < 최소 600 (rest 수준)
1467600,373,n2,grip,2,중앙값 391 < 최소 600 (rest 수준)
1467602,358,n2,grip,2,중앙값 391 < 최소 600 (rest 수준)
1467604,337,n2,grip,2,중앙값 391 < 최소 600 (rest 수준)
1467606,320,n2,grip,2,중앙값 391 < 최소 600 (rest 수준)
1467608,335,n2,grip,2,중앙값 391 < 최소 600 (rest 수준)
1467610,326,n2,grip,2,중앙값 391 < 최소 600 (rest 수준)
1467612,321,n2,grip,2,중앙값 391 < 최소 600 (rest 수준)
1467614,336,n2,grip,2,중앙값 391 < 최소 600 (rest 수준)
1467616,330,n2,grip,2,중앙값 391 < 최소 600 (rest 수준)
1467618,329,n2,grip,2,중앙값 391 < 최소 600 (rest 수준)
1467620,315,n2,grip,2,중앙값 391 < 최소 600 (rest 수준)
1467622,308,n2,grip,2,중앙값 391 < 최소 600 (rest 수준)
1467624,313,n2,grip,2,중앙값 391 < 최소 600 (rest 수준)
1467626,297,n2,grip,2,중앙값 391 < 최소 600 (rest 수준)
1467628,297,n2,grip,2,중앙값 391 < 최소 600 (rest 수준)
1467630,326,n2,grip,2,중앙값 391 < 최소 600 (rest 수준)
1467632,341,n2,grip,2,중앙값 391 < 최소 600 (rest 수준)
1467634,330,n2,grip,2,중앙값 391 < 최소 600 (rest 수준)
1467636,327,n2,grip,2,중앙값 391 < 최소 600 (rest 수준)
1467638,341,n2,grip,2,중앙값 391 < 최소 600 (rest 수준)
1467640,350,n2,grip,2,중앙값 391 < 최소 600 (rest 수준)
1467642,338,n2,grip,2,중앙값 391 < 최소 600 (rest 수준)
1467644,352,n2,grip,2,중앙값 391 < 최소 600 (rest 수준)
1467646,358,n2,grip,2,중앙값 391 < 최소 600 (rest 수준)
1467648,346,n2,grip,2,중앙값 391 < 최소 600 (rest 수준)
1467650,359,n2,grip,2,중앙값 391 < 최소 600 (rest 수준)
1467652,362,n2,grip,2,중앙값 391 < 최소 600 (rest 수준)
1467654,342,n2,grip,2,중앙값 391 < 최소 600 (rest 수준)
1467656,333,n2,grip,2,중앙값 391 < 최소 600 (rest 수준)
1467658,346,n2,grip,2,중앙값 391 < 최소 600 (rest 수준)
1467660,352,n2,grip,2,중앙값 391 < 최소 600 (rest 수준)
1467662,351,n2,grip,2,중앙값 391 < 최소 600 (rest 수준)
1467664,363,n2,grip,2,중앙값 391 < 최소 600 (rest 수준)
1467666,369,n2,grip,2,중앙값 391 < 최소 600 (rest 수준)
1467668,356,n2,grip,2,중앙값 391 < 최소 600 (rest 수준)
1467670,339,n2,grip,2,중앙값 391 < 최소 600 (rest 수준)
1467672,348,n2,grip,2,중앙값 391 < 최소 600 (rest 수준)
1467674,378,n2,grip,2,중앙값 391 < 최소 600 (rest 수준)
1467676,378,n2,grip,2,중앙값 391 < 최소 600 (rest 수준)
1467678,380,n2,grip,2,중앙값 391 < 최소 600 (rest 수준)
1467680,370,n2,grip,2,중앙값 391 < 최소 600 (rest 수준)
1467682,355,n2,grip,2,중앙값 391 < 최소 600 (rest 수준)
1467684,336,n2,grip,2,중앙값 391 < 최소 600 (rest 수준)
1467686,323,n2,grip,2,중앙값 391 < 최소 600 (rest 수준)
1467688,323,n2,grip,2,중앙값 391 < 최소 600 (rest 수준)
1467690,326,n2,grip,2,중앙값 391 < 최소 600 (rest 수준)
1467692,317,n2,grip,2,중앙값 391 < 최소 600 (rest 수준)
1467694,304,n2,grip,2,중앙값 391 < 최소 600 (rest 수준)
1467696,302,n2,grip,2,중앙값 391 < 최소 600 (rest 수준)
1467698,291,n2,grip,2,중앙값 391 < 최소 600 (rest 수준)
1467700,272,n2,grip,2,중앙값 391 < 최소 600 (rest 수준)
1467702,261,n2,grip,2,중앙값 391 < 최소 600 (rest 수준)
1467704,276,n2,grip,2,중앙값 391 < 최소 600 (rest 수준)
1467706,273,n2,grip,2,중앙값 391 < 최소 600 (rest 수준)
1467708,272,n2,grip,2,중앙값 391 < 최소 600 (rest 수준)
1467710,275,n2,grip,2,중앙값 391 < 최소 600 (rest 수준)
1467712,261,n2,grip,2,중앙값 391 < 최소 600 (rest 수준)
1467714,251,n2,grip,2,중앙값 391 < 최소 600 (rest 수준)
1467716,239,n2,grip,2,중앙값 391 < 최소 600 (rest 수준)
1467718,227,n2,grip,2,중앙값 391 < 최소 600 (rest 수준)
1467720,217,n2,grip,2,중앙값 391 < 최소 600 (rest 수준)
1467722,198,n2,grip,2,중앙값 391 < 최소 600 (rest 수준)
1467724,192,n2,grip,2,중앙값 391 < 최소 600 (rest 수준)
1467726,209,n2,grip,2,중앙값 391 < 최소 600 (rest 수준)
1467728,229,n2,grip,2,중앙값 391 < 최소 600 (rest 수준)
1467730,222,n2,grip,2,중앙값 391 < 최소 600 (rest 수준)
1467732,236,n2,grip,2,중앙값 391 < 최소 600 (rest 수준)
1467734,230,n2,grip,2,중앙값 391 < 최소 600 (rest 수준)
1467736,240,n2,grip,2,중앙값 391 < 최소 600 (rest 수준)
1467738,240,n2,grip,2,중앙값 391 < 최소 600 (rest 수준)
1467740,235,n2,grip,2,중앙값 391 < 최소 600 (rest 수준)
1467742,230,n2,grip,2,중앙값 391 < 최소 600 (rest 수준)
1467744,217,n2,grip,2,중앙값 391 < 최소 600 (rest 수준)
1467746,208,n2,grip,2,중앙값 391 < 최소 600 (rest 수준)
1467748,206,n2,grip,2,중앙값 391 < 최소 600 (rest 수준)
1467750,241,n2,grip,2,중앙값 391 < 최소 600 (rest 수준)
1467752,252,n2,grip,2,중앙값 391 < 최소 600 (rest 수준)
1467754,299,n2,grip,2,중앙값 391 < 최소 600 (rest 수준)
1467756,308,n2,grip,2,중앙값 391 < 최소 600 (rest 수준)
1467758,304,n2,grip,2,중앙값 391 < 최소 600 (rest 수준)
1467760,304,n2,grip,2,중앙값 391 < 최소 600 (rest 수준)
1467762,291,n2,grip,2,중앙값 391 < 최소 600 (rest 수준)
1467764,293,n2,grip,2,중앙값 391 < 최소 600 (rest 수준)
1467766,273,n2,grip,2,중앙값 391 < 최소 600 (rest 수준)
1467768,274,n2,grip,2,중앙값 391 < 최소 600 (rest 수준)
1467770,286,n2,grip,2,중앙값 391 < 최소 600 (rest 수준)
1467772,283,n2,grip,2,중앙값 391 < 최소 600 (rest 수준)
1467774,272,n2,grip,2,중앙값 391 < 최소 600 (rest 수준)
1467776,268,n2,grip,2,중앙값 391 < 최소 600 (rest 수준)
1467778,278,n2,grip,2,중앙값 391 < 최소 600 (rest 수준)
1467780,272,n2,grip,2,중앙값 391 < 최소 600 (rest 수준)
1467782,278,n2,grip,2,중앙값 391 < 최소 600 (rest 수준)
1467784,272,n2,grip,2,중앙값 391 < 최소 600 (rest 수준)
1467786,254,n2,grip,2,중앙값 391 < 최소 600 (rest 수준)
1467788,259,n2,grip,2,중앙값 391 < 최소 600 (rest 수준)
1467790,250,n2,grip,2,중앙값 391 < 최소 600 (rest 수준)
1467792,271,n2,grip,2,중앙값 391 < 최소 600 (rest 수준)
1467794,277,n2,grip,2,중앙값 391 < 최소 600 (rest 수준)
1467796,262,n2,grip,2,중앙값 391 < 최소 600 (rest 수준)
1467798,272,n2,grip,2,중앙값 391 < 최소 600 (rest 수준)
1467800,268,n2,grip,2,중앙값 391 < 최소 600 (rest 수준)
1467802,283,n2,grip,2,중앙값 391 < 최소 600 (rest 수준)
1467804,273,n2,grip,2,중앙값 391 < 최소 600 (rest 수준)
1467806,292,n2,grip,2,중앙값 391 < 최소 600 (rest 수준)
1467808,281,n2,grip,2,중앙값 391 < 최소 600 (rest 수준)
1467810,277,n2,grip,2,중앙값 391 < 최소 600 (rest 수준)
1467812,269,n2,grip,2,중앙값 391 < 최소 600 (rest 수준)
1467814,256,n2,grip,2,중앙값 391 < 최소 600 (rest 수준)
1467816,240,n2,grip,2,중앙값 391 < 최소 600 (rest 수준)
1467818,230,n2,grip,2,중앙값 391 < 최소 600 (rest 수준)
1467820,221,n2,grip,2,중앙값 391 < 최소 600 (rest 수준)
1467822,221,n2,grip,2,중앙값 391 < 최소 600 (rest 수준)
1467824,230,n2,grip,2,중앙값 391 < 최소 600 (rest 수준)
1467826,266,n2,grip,2,중앙값 391 < 최소 600 (rest 수준)
1467828,272,n2,grip,2,중앙값 391 < 최소 600 (rest 수준)
1467830,267,n2,grip,2,중앙값 391 < 최소 600 (rest 수준)
1467832,265,n2,grip,2,중앙값 391 < 최소 600 (rest 수준)
1467834,283,n2,grip,2,중앙값 391 < 최소 600 (rest 수준)
1467836,307,n2,grip,2,중앙값 391 < 최소 600 (rest 수준)
1467838,300,n2,grip,2,중앙값 391 < 최소 600 (rest 수준)
1467840,321,n2,grip,2,중앙값 391 < 최소 600 (rest 수준)
1467842,317,n2,grip,2,중앙값 391 < 최소 600 (rest 수준)
1467844,313,n2,grip,2,중앙값 391 < 최소 600 (rest 수준)
1467846,351,n2,grip,2,중앙값 391 < 최소 600 (rest 수준)
1467848,429,n2,grip,2,중앙값 391 < 최소 600 (rest 수준)
1467850,443,n2,grip,2,중앙값 391 < 최소 600 (rest 수준)
1467852,422,n2,grip,2,중앙값 391 < 최소 600 (rest 수준)
1467854,425,n2,grip,2,중앙값 391 < 최소 600 (rest 수준)
1467856,415,n2,grip,2,중앙값 391 < 최소 600 (rest 수준)
1467858,399,n2,grip,2,중앙값 391 < 최소 600 (rest 수준)
1467860,404,n2,grip,2,중앙값 391 < 최소 600 (rest 수준)
1467862,388,n2,grip,2,중앙값 391 < 최소 600 (rest 수준)
1467864,426,n2,grip,2,중앙값 391 < 최소 600 (rest 수준)
1467866,419,n2,grip,2,중앙값 391 < 최소 600 (rest 수준)
1467868,400,n2,grip,2,중앙값 391 < 최소 600 (rest 수준)
1467870,390,n2,grip,2,중앙값 391 < 최소 600 (rest 수준)
1467872,387,n2,grip,2,중앙값 391 < 최소 600 (rest 수준)
1467874,384,n2,grip,2,중앙값 391 < 최소 600 (rest 수준)
1467876,391,n2,grip,2,중앙값 391 < 최소 600 (rest 수준)
1467878,390,n2,grip,2,중앙값 391 < 최소 600 (rest 수준)
1467880,394,n2,grip,2,중앙값 391 < 최소 600 (rest 수준)
1467882,377,n2,grip,2,중앙값 391 < 최소 600 (rest 수준)
1467884,355,n2,grip,2,중앙값 391 < 최소 600 (rest 수준)
1467886,336,n2,grip,2,중앙값 391 < 최소 600 (rest 수준)
1467888,324,n2,grip,2,중앙값 391 < 최소 600 (rest 수준)
1467890,320,n2,grip,2,중앙값 391 < 최소 600 (rest 수준)
1467892,309,n2,grip,2,중앙값 391 < 최소 600 (rest 수준)
1467894,305,n2,grip,2,중앙값 391 < 최소 600 (rest 수준)
1467896,294,n2,grip,2,중앙값 391 < 최소 600 (rest 수준)
1467898,283,n2,grip,2,중앙값 391 < 최소 600 (rest 수준)
1467900,270,n2,grip,2,중앙값 391 < 최소 600 (rest 수준)
1467902,256,n2,grip,2,중앙값 391 < 최소 600 (rest 수준)
1467904,240,n2,grip,2,중앙값 391 < 최소 600 (rest 수준)
1467906,237,n2,grip,2,중앙값 391 < 최소 600 (rest 수준)
1467908,234,n2,grip,2,중앙값 391 < 최소 600 (rest 수준)
1467910,272,n2,grip,2,중앙값 391 < 최소 600 (rest 수준)
1467912,263,n2,grip,2,중앙값 391 < 최소 600 (rest 수준)
1467914,284,n2,grip,2,중앙값 391 < 최소 600 (rest 수준)
1467916,295,n2,grip,2,중앙값 391 < 최소 600 (rest 수준)
1467918,335,n2,grip,2,중앙값 391 < 최소 600 (rest 수준)
1467920,333,n2,grip,2,중앙값 391 < 최소 600 (rest 수준)
1467922,334,n2,grip,2,중앙값 391 < 최소 600 (rest 수준)
1467924,341,n2,grip,2,중앙값 391 < 최소 600 (rest 수준)
1467926,365,n2,grip,2,중앙값 391 < 최소 600 (rest 수준)
1467928,366,n2,grip,2,중앙값 391 < 최소 600 (rest 수준)
1467930,366,n2,grip,2,중앙값 391 < 최소 600 (rest 수준)
1467932,368,n2,grip,2,중앙값 391 < 최소 600 (rest 수준)
1467934,358,n2,grip,2,중앙값 391 < 최소 600 (rest 수준)
1467936,356,n2,grip,2,중앙값 391 < 최소 600 (rest 수준)
1467938,357,n2,grip,2,중앙값 391 < 최소 600 (rest 수준)
1467940,473,n2,grip,2,중앙값 391 < 최소 600 (rest 수준)
1467942,511,n2,grip,2,중앙값 391 < 최소 600 (rest 수준)
1467944,630,n2,grip,2,중앙값 391 < 최소 600 (rest 수준)
1467946,637,n2,grip,2,중앙값 391 < 최소 600 (rest 수준)
1467948,618,n2,grip,2,중앙값 391 < 최소 600 (rest 수준)
1467950,602,n2,grip,2,중앙값 391 < 최소 600 (rest 수준)
1467952,583,n2,grip,2,중앙값 391 < 최소 600 (rest 수준)
1467954,569,n2,grip,2,중앙값 391 < 최소 600 (rest 수준)
1467956,558,n2,grip,2,중앙값 391 < 최소 600 (rest 수준)
1467958,617,n2,grip,2,중앙값 391 < 최소 600 (rest 수준)
1467960,610,n2,grip,2,중앙값 391 < 최소 600 (rest 수준)
1467962,645,n2,grip,2,중앙값 391 < 최소 600 (rest 수준)
1467964,682,n2,grip,2,중앙값 391 < 최소 600 (rest 수준)
1467966,671,n2,grip,2,중앙값 391 < 최소 600 (rest 수준)
1467968,637,n2,grip,2,중앙값 391 < 최소 600 (rest 수준)
1467970,610,n2,grip,2,중앙값 391 < 최소 600 (rest 수준)
1467972,578,n2,grip,2,중앙값 391 < 최소 600 (rest 수준)
1467974,566,n2,grip,2,중앙값 391 < 최소 600 (rest 수준)
1467976,554,n2,grip,2,중앙값 391 < 최소 600 (rest 수준)
1467978,551,n2,grip,2,중앙값 391 < 최소 600 (rest 수준)
1467980,565,n2,grip,2,중앙값 391 < 최소 600 (rest 수준)
1467982,549,n2,grip,2,중앙값 391 < 최소 600 (rest 수준)
1467984,511,n2,grip,2,중앙값 391 < 최소 600 (rest 수준)
1467986,497,n2,grip,2,중앙값 391 < 최소 600 (rest 수준)
1467988,471,n2,grip,2,중앙값 391 < 최소 600 (rest 수준)
1467990,448,n2,grip,2,중앙값 391 < 최소 600 (rest 수준)
1467992,423,n2,grip,2,중앙값 391 < 최소 600 (rest 수준)
1467994,403,n2,grip,2,중앙값 391 < 최소 600 (rest 수준)
1467996,382,n2,grip,2,중앙값 391 < 최소 600 (rest 수준)
1467998,363,n2,grip,2,중앙값 391 < 최소 600 (rest 수준)
1468000,366,n2,grip,2,중앙값 391 < 최소 600 (rest 수준)
1468002,351,n2,grip,2,중앙값 391 < 최소 600 (rest 수준)
1468004,340,n2,grip,2,중앙값 391 < 최소 600 (rest 수준)
1468006,349,n2,grip,2,중앙값 391 < 최소 600 (rest 수준)
1468008,366,n2,grip,2,중앙값 391 < 최소 600 (rest 수준)
1468010,374,n2,grip,2,중앙값 391 < 최소 600 (rest 수준)
1468012,363,n2,grip,2,중앙값 391 < 최소 600 (rest 수준)
1468014,353,n2,grip,2,중앙값 391 < 최소 600 (rest 수준)
1468016,336,n2,grip,2,중앙값 391 < 최소 600 (rest 수준)
1468018,315,n2,grip,2,중앙값 391 < 최소 600 (rest 수준)
1468020,304,n2,grip,2,중앙값 391 < 최소 600 (rest 수준)
1468022,295,n2,grip,2,중앙값 391 < 최소 600 (rest 수준)
1468024,279,n2,grip,2,중앙값 391 < 최소 600 (rest 수준)
1468026,272,n2,grip,2,중앙값 391 < 최소 600 (rest 수준)
1468028,261,n2,grip,2,중앙값 391 < 최소 600 (rest 수준)
1468030,250,n2,grip,2,중앙값 391 < 최소 600 (rest 수준)
1468032,243,n2,grip,2,중앙값 391 < 최소 600 (rest 수준)
1468034,237,n2,grip,2,중앙값 391 < 최소 600 (rest 수준)
1468036,219,n2,grip,2,중앙값 391 < 최소 600 (rest 수준)
1468038,224,n2,grip,2,중앙값 391 < 최소 600 (rest 수준)
1468040,320,n2,grip,2,중앙값 391 < 최소 600 (rest 수준)
1468042,357,n2,grip,2,중앙값 391 < 최소 600 (rest 수준)
1468044,447,n2,grip,2,중앙값 391 < 최소 600 (rest 수준)
1468046,435,n2,grip,2,중앙값 391 < 최소 600 (rest 수준)
1468048,433,n2,grip,2,중앙값 391 < 최소 600 (rest 수준)
1468050,414,n2,grip,2,중앙값 391 < 최소 600 (rest 수준)
1468052,386,n2,grip,2,중앙값 391 < 최소 600 (rest 수준)
1468054,370,n2,grip,2,중앙값 391 < 최소 600 (rest 수준)
1468056,352,n2,grip,2,중앙값 391 < 최소 600 (rest 수준)
1468058,335,n2,grip,2,중앙값 391 < 최소 600 (rest 수준)
1468060,321,n2,grip,2,중앙값 391 < 최소 600 (rest 수준)
1468062,316,n2,grip,2,중앙값 391 < 최소 600 (rest 수준)
1468064,301,n2,grip,2,중앙값 391 < 최소 600 (rest 수준)
1468066,283,n2,grip,2,중앙값 391 < 최소 600 (rest 수준)
1468068,284,n2,grip,2,중앙값 391 < 최소 600 (rest 수준)
1468070,272,n2,grip,2,중앙값 391 < 최소 600 (rest 수준)
1468072,262,n2,grip,2,중앙값 391 < 최소 600 (rest 수준)
1468074,245,n2,grip,2,중앙값 391 < 최소 600 (rest 수준)
1468076,235,n2,grip,2,중앙값 391 < 최소 600 (rest 수준)
1468078,230,n2,grip,2,중앙값 391 < 최소 600 (rest 수준)
1468080,218,n2,grip,2,중앙값 391 < 최소 600 (rest 수준)
1468082,209,n2,grip,2,중앙값 391 < 최소 600 (rest 수준)
1468084,202,n2,grip,2,중앙값 391 < 최소 600 (rest 수준)
1468086,189,n2,grip,2,중앙값 391 < 최소 600 (rest 수준)
1468088,197,n2,grip,2,중앙값 391 < 최소 600 (rest 수준)
1468090,199,n2,grip,2,중앙값 391 < 최소 600 (rest 수준)
1468092,199,n2,grip,2,중앙값 391 < 최소 600 (rest 수준)
1468094,207,n2,grip,2,중앙값 391 < 최소 600 (rest 수준)
1468096,209,n2,grip,2,중앙값 391 < 최소 600 (rest 수준)
1468098,206,n2,grip,2,중앙값 391 < 최소 600 (rest 수준)
1468100,203,n2,grip,2,중앙값 391 < 최소 600 (rest 수준)
1468102,200,n2,grip,2,중앙값 391 < 최소 600 (rest 수준)
1468104,196,n2,grip,2,중앙값 391 < 최소 600 (rest 수준)
1468106,199,n2,grip,2,중앙값 391 < 최소 600 (rest 수준)
1468108,198,n2,grip,2,중앙값 391 < 최소 600 (rest 수준)
1468110,207,n2,grip,2,중앙값 391 < 최소 600 (rest 수준)
1468112,208,n2,grip,2,중앙값 391 < 최소 600 (rest 수준)
1468114,238,n2,grip,2,중앙값 391 < 최소 600 (rest 수준)
1468116,236,n2,grip,2,중앙값 391 < 최소 600 (rest 수준)
1468118,237,n2,grip,2,중앙값 391 < 최소 600 (rest 수준)
1468120,272,n2,grip,2,중앙값 391 < 최소 600 (rest 수준)
1468122,272,n2,grip,2,중앙값 391 < 최소 600 (rest 수준)
1468124,297,n2,grip,2,중앙값 391 < 최소 600 (rest 수준)
1468126,291,n2,grip,2,중앙값 391 < 최소 600 (rest 수준)
1468128,288,n2,grip,2,중앙값 391 < 최소 600 (rest 수준)
1468130,272,n2,grip,2,중앙값 391 < 최소 600 (rest 수준)
1468132,258,n2,grip,2,중앙값 391 < 최소 600 (rest 수준)
1468134,247,n2,grip,2,중앙값 391 < 최소 600 (rest 수준)
1468136,260,n2,grip,2,중앙값 391 < 최소 600 (rest 수준)
1468138,279,n2,grip,2,중앙값 391 < 최소 600 (rest 수준)
1468140,310,n2,grip,2,중앙값 391 < 최소 600 (rest 수준)
1468142,305,n2,grip,2,중앙값 391 < 최소 600 (rest 수준)
1468144,290,n2,grip,2,중앙값 391 < 최소 600 (rest 수준)
1468146,305,n2,grip,2,중앙값 391 < 최소 600 (rest 수준)
1468148,409,n2,grip,2,중앙값 391 < 최소 600 (rest 수준)
1468150,478,n2,grip,2,중앙값 391 < 최소 600 (rest 수준)
1468152,559,n2,grip,2,중앙값 391 < 최소 600 (rest 수준)
1468154,544,n2,grip,2,중앙값 391 < 최소 600 (rest 수준)
1468156,531,n2,grip,2,중앙값 391 < 최소 600 (rest 수준)
1468158,503,n2,grip,2,중앙값 391 < 최소 600 (rest 수준)
1468160,478,n2,grip,2,중앙값 391 < 최소 600 (rest 수준)
1468162,453,n2,grip,2,중앙값 391 < 최소 600 (rest 수준)
1468164,431,n2,grip,2,중앙값 391 < 최소 600 (rest 수준)
1468166,403,n2,grip,2,중앙값 391 < 최소 600 (rest 수준)
1468168,390,n2,grip,2,중앙값 391 < 최소 600 (rest 수준)
1468170,369,n2,grip,2,중앙값 391 < 최소 600 (rest 수준)
1468172,351,n2,grip,2,중앙값 391 < 최소 600 (rest 수준)
1468174,333,n2,grip,2,중앙값 391 < 최소 600 (rest 수준)
1468176,320,n2,grip,2,중앙값 391 < 최소 600 (rest 수준)
1468178,330,n2,grip,2,중앙값 391 < 최소 600 (rest 수준)
1468180,341,n2,grip,2,중앙값 391 < 최소 600 (rest 수준)
1468182,345,n2,grip,2,중앙값 391 < 최소 600 (rest 수준)
1468184,336,n2,grip,2,중앙값 391 < 최소 600 (rest 수준)
1468186,329,n2,grip,2,중앙값 391 < 최소 600 (rest 수준)
1468188,311,n2,grip,2,중앙값 391 < 최소 600 (rest 수준)
1468190,295,n2,grip,2,중앙값 391 < 최소 600 (rest 수준)
1468192,279,n2,grip,2,중앙값 391 < 최소 600 (rest 수준)
1468194,265,n2,grip,2,중앙값 391 < 최소 600 (rest 수준)
1468196,250,n2,grip,2,중앙값 391 < 최소 600 (rest 수준)
1468198,247,n2,grip,2,중앙값 391 < 최소 600 (rest 수준)
1468200,256,n2,grip,2,중앙값 391 < 최소 600 (rest 수준)
1468202,252,n2,grip,2,중앙값 391 < 최소 600 (rest 수준)
1468204,275,n2,grip,2,중앙값 391 < 최소 600 (rest 수준)
1468206,289,n2,grip,2,중앙값 391 < 최소 600 (rest 수준)
1468208,272,n2,grip,2,중앙값 391 < 최소 600 (rest 수준)
1468210,261,n2,grip,2,중앙값 391 < 최소 600 (rest 수준)
1468212,277,n2,grip,2,중앙값 391 < 최소 600 (rest 수준)
1468214,330,n2,grip,2,중앙값 391 < 최소 600 (rest 수준)
1468216,327,n2,grip,2,중앙값 391 < 최소 600 (rest 수준)
1468218,329,n2,grip,2,중앙값 391 < 최소 600 (rest 수준)
1468220,357,n2,grip,2,중앙값 391 < 최소 600 (rest 수준)
1468222,342,n2,grip,2,중앙값 391 < 최소 600 (rest 수준)
1468224,325,n2,grip,2,중앙값 391 < 최소 600 (rest 수준)
1468226,333,n2,grip,2,중앙값 391 < 최소 600 (rest 수준)
1468228,348,n2,grip,2,중앙값 391 < 최소 600 (rest 수준)
1468230,346,n2,grip,2,중앙값 391 < 최소 600 (rest 수준)
1468232,357,n2,grip,2,중앙값 391 < 최소 600 (rest 수준)
1468234,344,n2,grip,2,중앙값 391 < 최소 600 (rest 수준)
1468236,330,n2,grip,2,중앙값 391 < 최소 600 (rest 수준)
1468238,311,n2,grip,2,중앙값 391 < 최소 600 (rest 수준)
1468240,313,n2,grip,2,중앙값 391 < 최소 600 (rest 수준)
1468242,297,n2,grip,2,중앙값 391 < 최소 600 (rest 수준)
1468244,292,n2,grip,2,중앙값 391 < 최소 600 (rest 수준)
1468246,274,n2,grip,2,중앙값 391 < 최소 600 (rest 수준)
1468248,262,n2,grip,2,중앙값 391 < 최소 600 (rest 수준)
1468250,266,n2,grip,2,중앙값 391 < 최소 600 (rest 수준)
1468252,253,n2,grip,2,중앙값 391 < 최소 600 (rest 수준)
1468254,264,n2,grip,2,중앙값 391 < 최소 600 (rest 수준)
1468256,264,n2,grip,2,중앙값 391 < 최소 600 (rest 수준)
1468258,278,n2,grip,2,중앙값 391 < 최소 600 (rest 수준)
1468260,288,n2,grip,2,중앙값 391 < 최소 600 (rest 수준)
1468262,287,n2,grip,2,중앙값 391 < 최소 600 (rest 수준)
1468264,282,n2,grip,2,중앙값 391 < 최소 600 (rest 수준)
1468266,267,n2,grip,2,중앙값 391 < 최소 600 (rest 수준)
1468268,256,n2,grip,2,중앙값 391 < 최소 600 (rest 수준)
1468270,254,n2,grip,2,중앙값 391 < 최소 600 (rest 수준)
1468272,285,n2,grip,2,중앙값 391 < 최소 600 (rest 수준)
1468274,295,n2,grip,2,중앙값 391 < 최소 600 (rest 수준)
1468276,304,n2,grip,2,중앙값 391 < 최소 600 (rest 수준)
1468278,302,n2,grip,2,중앙값 391 < 최소 600 (rest 수준)
1468280,310,n2,grip,2,중앙값 391 < 최소 600 (rest 수준)
1468282,299,n2,grip,2,중앙값 391 < 최소 600 (rest 수준)
1468284,282,n2,grip,2,중앙값 391 < 최소 600 (rest 수준)
1468286,266,n2,grip,2,중앙값 391 < 최소 600 (rest 수준)
1468288,256,n2,grip,2,중앙값 391 < 최소 600 (rest 수준)
1468290,246,n2,grip,2,중앙값 391 < 최소 600 (rest 수준)
1468292,231,n2,grip,2,중앙값 391 < 최소 600 (rest 수준)
1468294,221,n2,grip,2,중앙값 391 < 최소 600 (rest 수준)
1468296,223,n2,grip,2,중앙값 391 < 최소 600 (rest 수준)
1468298,233,n2,grip,2,중앙값 391 < 최소 600 (rest 수준)
1468300,242,n2,grip,2,중앙값 391 < 최소 600 (rest 수준)
1468302,228,n2,grip,2,중앙값 391 < 최소 600 (rest 수준)
1468304,239,n2,grip,2,중앙값 391 < 최소 600 (rest 수준)
1468306,239,n2,grip,2,중앙값 391 < 최소 600 (rest 수준)
1468308,237,n2,grip,2,중앙값 391 < 최소 600 (rest 수준)
1468310,224,n2,grip,2,중앙값 391 < 최소 600 (rest 수준)
1468312,215,n2,grip,2,중앙값 391 < 최소 600 (rest 수준)
1468314,218,n2,grip,2,중앙값 391 < 최소 600 (rest 수준)
1468316,240,n2,grip,2,중앙값 391 < 최소 600 (rest 수준)
1468318,256,n2,grip,2,중앙값 391 < 최소 600 (rest 수준)
1468320,269,n2,grip,2,중앙값 391 < 최소 600 (rest 수준)
1468322,273,n2,grip,2,중앙값 391 < 최소 600 (rest 수준)
1468324,272,n2,grip,2,중앙값 391 < 최소 600 (rest 수준)
1468326,273,n2,grip,2,중앙값 391 < 최소 600 (rest 수준)
1468328,266,n2,grip,2,중앙값 391 < 최소 600 (rest 수준)
1468330,246,n2,grip,2,중앙값 391 < 최소 600 (rest 수준)
1468332,234,n2,grip,2,중앙값 391 < 최소 600 (rest 수준)
1468334,221,n2,grip,2,중앙값 391 < 최소 600 (rest 수준)
1468336,208,n2,grip,2,중앙값 391 < 최소 600 (rest 수준)
1468338,199,n2,grip,2,중앙값 391 < 최소 600 (rest 수준)
1468340,189,n2,grip,2,중앙값 391 < 최소 600 (rest 수준)
1468342,191,n2,grip,2,중앙값 391 < 최소 600 (rest 수준)
1468344,182,n2,grip,2,중앙값 391 < 최소 600 (rest 수준)
1468346,177,n2,grip,2,중앙값 391 < 최소 600 (rest 수준)
1468348,223,n2,grip,2,중앙값 391 < 최소 600 (rest 수준)
1468350,211,n2,grip,2,중앙값 391 < 최소 600 (rest 수준)
1468352,208,n2,grip,2,중앙값 391 < 최소 600 (rest 수준)
1468354,198,n2,grip,2,중앙값 391 < 최소 600 (rest 수준)
1468356,189,n2,grip,2,중앙값 391 < 최소 600 (rest 수준)
1468358,176,n2,grip,2,중앙값 391 < 최소 600 (rest 수준)
1468360,159,n2,grip,2,중앙값 391 < 최소 600 (rest 수준)
1468362,150,n2,grip,2,중앙값 391 < 최소 600 (rest 수준)
1468364,143,n2,grip,2,중앙값 391 < 최소 600 (rest 수준)
1468366,133,n2,grip,2,중앙값 391 < 최소 600 (rest 수준)
1468368,128,n2,grip,2,중앙값 391 < 최소 600 (rest 수준)
1468370,122,n2,grip,2,중앙값 391 < 최소 600 (rest 수준)
1468372,128,n2,grip,2,중앙값 391 < 최소 600 (rest 수준)
1468374,129,n2,grip,2,중앙값 391 < 최소 600 (rest 수준)
1468376,128,n2,grip,2,중앙값 391 < 최소 600 (rest 수준)
1468378,123,n2,grip,2,중앙값 391 < 최소 600 (rest 수준)
1468380,128,n2,grip,2,중앙값 391 < 최소 600 (rest 수준)
1468382,127,n2,grip,2,중앙값 391 < 최소 600 (rest 수준)
1468384,144,n2,grip,2,중앙값 391 < 최소 600 (rest 수준)
1468386,144,n2,grip,2,중앙값 391 < 최소 600 (rest 수준)
1468388,138,n2,grip,2,중앙값 391 < 최소 600 (rest 수준)
1468390,138,n2,grip,2,중앙값 391 < 최소 600 (rest 수준)
1468392,140,n2,grip,2,중앙값 391 < 최소 600 (rest 수준)
1468394,137,n2,grip,2,중앙값 391 < 최소 600 (rest 수준)
1468396,127,n2,grip,2,중앙값 391 < 최소 600 (rest 수준)
1468398,118,n2,grip,2,중앙값 391 < 최소 600 (rest 수준)
1468400,112,n2,grip,2,중앙값 391 < 최소 600 (rest 수준)
1468402,105,n2,grip,2,중앙값 391 < 최소 600 (rest 수준)
1468404,109,n2,grip,2,중앙값 391 < 최소 600 (rest 수준)
1468406,108,n2,grip,2,중앙값 391 < 최소 600 (rest 수준)
1468408,111,n2,grip,2,중앙값 391 < 최소 600 (rest 수준)
1468410,110,n2,grip,2,중앙값 391 < 최소 600 (rest 수준)
1468412,103,n2,grip,2,중앙값 391 < 최소 600 (rest 수준)
1468414,101,n2,grip,2,중앙값 391 < 최소 600 (rest 수준)
1468416,102,n2,grip,2,중앙값 391 < 최소 600 (rest 수준)
1468418,94,n2,grip,2,중앙값 391 < 최소 600 (rest 수준)
1468420,125,n2,grip,2,중앙값 391 < 최소 600 (rest 수준)
1468422,128,n2,grip,2,중앙값 391 < 최소 600 (rest 수준)
1468424,149,n2,grip,2,중앙값 391 < 최소 600 (rest 수준)
1468426,144,n2,grip,2,중앙값 391 < 최소 600 (rest 수준)
1468428,144,n2,grip,2,중앙값 391 < 최소 600 (rest 수준)
1468430,143,n2,grip,2,중앙값 391 < 최소 600 (rest 수준)
1468432,142,n2,grip,2,중앙값 391 < 최소 600 (rest 수준)
1468434,128,n2,grip,2,중앙값 391 < 최소 600 (rest 수준)
1468436,126,n2,grip,2,중앙값 391 < 최소 600 (rest 수준)
1468438,128,n2,grip,2,중앙값 391 < 최소 600 (rest 수준)
1468440,138,n2,grip,2,중앙값 391 < 최소 600 (rest 수준)
1468442,148,n2,grip,2,중앙값 391 < 최소 600 (rest 수준)
1468444,164,n2,grip,2,중앙값 391 < 최소 600 (rest 수준)
1468446,183,n2,grip,2,중앙값 391 < 최소 600 (rest 수준)
1468448,197,n2,grip,2,중앙값 391 < 최소 600 (rest 수준)
1468450,213,n2,grip,2,중앙값 391 < 최소 600 (rest 수준)
1468452,209,n2,grip,2,중앙값 391 < 최소 600 (rest 수준)
1468454,225,n2,grip,2,중앙값 391 < 최소 600 (rest 수준)
1468456,222,n2,grip,2,중앙값 391 < 최소 600 (rest 수준)
1468458,251,n2,grip,2,중앙값 391 < 최소 600 (rest 수준)
1468460,256,n2,grip,2,중앙값 391 < 최소 600 (rest 수준)
1468462,250,n2,grip,2,중앙값 391 < 최소 600 (rest 수준)
1468464,240,n2,grip,2,중앙값 391 < 최소 600 (rest 수준)
1468466,222,n2,grip,2,중앙값 391 < 최소 600 (rest 수준)
1468468,208,n2,grip,2,중앙값 391 < 최소 600 (rest 수준)
1468470,196,n2,grip,2,중앙값 391 < 최소 600 (rest 수준)
1468472,186,n2,grip,2,중앙값 391 < 최소 600 (rest 수준)
1468474,177,n2,grip,2,중앙값 391 < 최소 600 (rest 수준)
1468476,165,n2,grip,2,중앙값 391 < 최소 600 (rest 수준)
1468478,150,n2,grip,2,중앙값 391 < 최소 600 (rest 수준)
1468480,146,n2,grip,2,중앙값 391 < 최소 600 (rest 수준)
1468482,140,n2,grip,2,중앙값 391 < 최소 600 (rest 수준)
1468484,128,n2,grip,2,중앙값 391 < 최소 600 (rest 수준)
1468486,121,n2,grip,2,중앙값 391 < 최소 600 (rest 수준)
1468488,118,n2,grip,2,중앙값 391 < 최소 600 (rest 수준)
1468490,118,n2,grip,2,중앙값 391 < 최소 600 (rest 수준)
1468492,128,n2,grip,2,중앙값 391 < 최소 600 (rest 수준)
1468494,133,n2,grip,2,중앙값 391 < 최소 600 (rest 수준)
1468496,128,n2,grip,2,중앙값 391 < 최소 600 (rest 수준)
1468498,112,n2,grip,2,중앙값 391 < 최소 600 (rest 수준)
1468500,112,n2,grip,2,중앙값 391 < 최소 600 (rest 수준)
1468502,111,n2,grip,2,중앙값 391 < 최소 600 (rest 수준)
1468504,112,n2,grip,2,중앙값 391 < 최소 600 (rest 수준)
1468506,109,n2,grip,2,중앙값 391 < 최소 600 (rest 수준)
1468508,102,n2,grip,2,중앙값 391 < 최소 600 (rest 수준)
1468510,94,n2,grip,2,중앙값 391 < 최소 600 (rest 수준)
1468512,80,n2,grip,2,중앙값 391 < 최소 600 (rest 수준)
1468514,130,n2,grip,2,중앙값 391 < 최소 600 (rest 수준)
1468516,194,n2,grip,2,중앙값 391 < 최소 600 (rest 수준)
1468518,208,n2,grip,2,중앙값 391 < 최소 600 (rest 수준)
1468520,266,n2,grip,2,중앙값 391 < 최소 600 (rest 수준)
1468522,303,n2,grip,2,중앙값 391 < 최소 600 (rest 수준)
1468524,291,n2,grip,2,중앙값 391 < 최소 600 (rest 수준)
1468526,272,n2,grip,2,중앙값 391 < 최소 600 (rest 수준)
1468528,257,n2,grip,2,중앙값 391 < 최소 600 (rest 수준)
1468530,244,n2,grip,2,중앙값 391 < 최소 600 (rest 수준)
1468532,234,n2,grip,2,중앙값 391 < 최소 600 (rest 수준)
1468534,234,n2,grip,2,중앙값 391 < 최소 600 (rest 수준)
1468536,235,n2,grip,2,중앙값 391 < 최소 600 (rest 수준)
1468538,235,n2,grip,2,중앙값 391 < 최소 600 (rest 수준)
1468540,227,n2,grip,2,중앙값 391 < 최소 600 (rest 수준)
1468542,208,n2,grip,2,중앙값 391 < 최소 600 (rest 수준)
1468544,197,n2,grip,2,중앙값 391 < 최소 600 (rest 수준)
1468546,190,n2,grip,2,중앙값 391 < 최소 600 (rest 수준)
1468548,178,n2,grip,2,중앙값 391 < 최소 600 (rest 수준)
1477566,4095,n2,grip,3,중앙값 454 < 최소 600 (rest 수준)
1477568,4095,n2,grip,3,중앙값 454 < 최소 600 (rest 수준)
1477570,3908,n2,grip,3,중앙값 454 < 최소 600 (rest 수준)
1477572,3713,n2,grip,3,중앙값 454 < 최소 600 (rest 수준)
1477574,3550,n2,grip,3,중앙값 454 < 최소 600 (rest 수준)
1477576,3437,n2,grip,3,중앙값 454 < 최소 600 (rest 수준)
1477578,3346,n2,grip,3,중앙값 454 < 최소 600 (rest 수준)
1477580,3277,n2,grip,3,중앙값 454 < 최소 600 (rest 수준)
1477582,3211,n2,grip,3,중앙값 454 < 최소 600 (rest 수준)
1477584,3181,n2,grip,3,중앙값 454 < 최소 600 (rest 수준)
1477586,3136,n2,grip,3,중앙값 454 < 최소 600 (rest 수준)
1477588,3114,n2,grip,3,중앙값 454 < 최소 600 (rest 수준)
1477590,3090,n2,grip,3,중앙값 454 < 최소 600 (rest 수준)
1477592,3062,n2,grip,3,중앙값 454 < 최소 600 (rest 수준)
1477594,3038,n2,grip,3,중앙값 454 < 최소 600 (rest 수준)
1477596,3025,n2,grip,3,중앙값 454 < 최소 600 (rest 수준)
1477598,3021,n2,grip,3,중앙값 454 < 최소 600 (rest 수준)
1477600,3008,n2,grip,3,중앙값 454 < 최소 600 (rest 수준)
1477602,2999,n2,grip,3,중앙값 454 < 최소 600 (rest 수준)
1477604,2992,n2,grip,3,중앙값 454 < 최소 600 (rest 수준)
1477606,2987,n2,grip,3,중앙값 454 < 최소 600 (rest 수준)
1477608,2975,n2,grip,3,중앙값 454 < 최소 600 (rest 수준)
1477610,2975,n2,grip,3,중앙값 454 < 최소 600 (rest 수준)
1477612,2962,n2,grip,3,중앙값 454 < 최소 600 (rest 수준)
1477614,2961,n2,grip,3,중앙값 454 < 최소 600 (rest 수준)
1477616,2960,n2,grip,3,중앙값 454 < 최소 600 (rest 수준)
1477618,2955,n2,grip,3,중앙값 454 < 최소 600 (rest 수준)
1477620,2951,n2,grip,3,중앙값 454 < 최소 600 (rest 수준)
1477622,2946,n2,grip,3,중앙값 454 < 최소 600 (rest 수준)
1477624,2945,n2,grip,3,중앙값 454 < 최소 600 (rest 수준)
1477626,2943,n2,grip,3,중앙값 454 < 최소 600 (rest 수준)
1477628,2942,n2,grip,3,중앙값 454 < 최소 600 (rest 수준)
1477630,2940,n2,grip,3,중앙값 454 < 최소 600 (rest 수준)
1477632,2935,n2,grip,3,중앙값 454 < 최소 600 (rest 수준)
1477634,2937,n2,grip,3,중앙값 454 < 최소 600 (rest 수준)
1477636,2934,n2,grip,3,중앙값 454 < 최소 600 (rest 수준)
1477638,2928,n2,grip,3,중앙값 454 < 최소 600 (rest 수준)
1477640,2929,n2,grip,3,중앙값 454 < 최소 600 (rest 수준)
1477642,2933,n2,grip,3,중앙값 454 < 최소 600 (rest 수준)
1477644,2923,n2,grip,3,중앙값 454 < 최소 600 (rest 수준)
1477646,2927,n2,grip,3,중앙값 454 < 최소 600 (rest 수준)
1477648,2928,n2,grip,3,중앙값 454 < 최소 600 (rest 수준)
1477650,2925,n2,grip,3,중앙값 454 < 최소 600 (rest 수준)
1477652,2926,n2,grip,3,중앙값 454 < 최소 600 (rest 수준)
1477654,2928,n2,grip,3,중앙값 454 < 최소 600 (rest 수준)
1477656,2927,n2,grip,3,중앙값 454 < 최소 600 (rest 수준)
1477658,2926,n2,grip,3,중앙값 454 < 최소 600 (rest 수준)
1477660,2928,n2,grip,3,중앙값 454 < 최소 600 (rest 수준)
1477662,2926,n2,grip,3,중앙값 454 < 최소 600 (rest 수준)
1477664,2927,n2,grip,3,중앙값 454 < 최소 600 (rest 수준)
1477666,2925,n2,grip,3,중앙값 454 < 최소 600 (rest 수준)
1477668,2930,n2,grip,3,중앙값 454 < 최소 600 (rest 수준)
1477670,2923,n2,grip,3,중앙값 454 < 최소 600 (rest 수준)
1477672,2933,n2,grip,3,중앙값 454 < 최소 600 (rest 수준)
1477674,2925,n2,grip,3,중앙값 454 < 최소 600 (rest 수준)
1477676,2928,n2,grip,3,중앙값 454 < 최소 600 (rest 수준)
1477678,2926,n2,grip,3,중앙값 454 < 최소 600 (rest 수준)
1477680,2928,n2,grip,3,중앙값 454 < 최소 600 (rest 수준)
1477682,2928,n2,grip,3,중앙값 454 < 최소 600 (rest 수준)
1477684,2927,n2,grip,3,중앙값 454 < 최소 600 (rest 수준)
1477686,2930,n2,grip,3,중앙값 454 < 최소 600 (rest 수준)
1477688,2928,n2,grip,3,중앙값 454 < 최소 600 (rest 수준)
1477690,2928,n2,grip,3,중앙값 454 < 최소 600 (rest 수준)
1477692,2927,n2,grip,3,중앙값 454 < 최소 600 (rest 수준)
1477694,2928,n2,grip,3,중앙값 454 < 최소 600 (rest 수준)
1477696,2929,n2,grip,3,중앙값 454 < 최소 600 (rest 수준)
1477698,2934,n2,grip,3,중앙값 454 < 최소 600 (rest 수준)
1477700,2931,n2,grip,3,중앙값 454 < 최소 600 (rest 수준)
1477702,2930,n2,grip,3,중앙값 454 < 최소 600 (rest 수준)
1477704,2934,n2,grip,3,중앙값 454 < 최소 600 (rest 수준)
1477706,2928,n2,grip,3,중앙값 454 < 최소 600 (rest 수준)
1477708,2931,n2,grip,3,중앙값 454 < 최소 600 (rest 수준)
1477710,2938,n2,grip,3,중앙값 454 < 최소 600 (rest 수준)
1477712,127,n2,grip,3,중앙값 454 < 최소 600 (rest 수준)
1477714,240,n2,grip,3,중앙값 454 < 최소 600 (rest 수준)
1477716,336,n2,grip,3,중앙값 454 < 최소 600 (rest 수준)
1477718,433,n2,grip,3,중앙값 454 < 최소 600 (rest 수준)
1477720,509,n2,grip,3,중앙값 454 < 최소 600 (rest 수준)
1477722,526,n2,grip,3,중앙값 454 < 최소 600 (rest 수준)
1477724,501,n2,grip,3,중앙값 454 < 최소 600 (rest 수준)
1477726,528,n2,grip,3,중앙값 454 < 최소 600 (rest 수준)
1477728,554,n2,grip,3,중앙값 454 < 최소 600 (rest 수준)
1477730,535,n2,grip,3,중앙값 454 < 최소 600 (rest 수준)
1477732,535,n2,grip,3,중앙값 454 < 최소 600 (rest 수준)
1477734,531,n2,grip,3,중앙값 454 < 최소 600 (rest 수준)
1477736,511,n2,grip,3,중앙값 454 < 최소 600 (rest 수준)
1477738,511,n2,grip,3,중앙값 454 < 최소 600 (rest 수준)
1477740,550,n2,grip,3,중앙값 454 < 최소 600 (rest 수준)
1477742,547,n2,grip,3,중앙값 454 < 최소 600 (rest 수준)
1477744,549,n2,grip,3,중앙값 454 < 최소 600 (rest 수준)
1477746,529,n2,grip,3,중앙값 454 < 최소 600 (rest 수준)
1477748,504,n2,grip,3,중앙값 454 < 최소 600 (rest 수준)
1477750,582,n2,grip,3,중앙값 454 < 최소 600 (rest 수준)
1477752,642,n2,grip,3,중앙값 454 < 최소 600 (rest 수준)
1477754,640,n2,grip,3,중앙값 454 < 최소 600 (rest 수준)
1477756,656,n2,grip,3,중앙값 454 < 최소 600 (rest 수준)
1477758,638,n2,grip,3,중앙값 454 < 최소 600 (rest 수준)
1477760,624,n2,grip,3,중앙값 454 < 최소 600 (rest 수준)
1477762,611,n2,grip,3,중앙값 454 < 최소 600 (rest 수준)
1477764,624,n2,grip,3,중앙값 454 < 최소 600 (rest 수준)
1477766,583,n2,grip,3,중앙값 454 < 최소 600 (rest 수준)
1477768,560,n2,grip,3,중앙값 454 < 최소 600 (rest 수준)
1477770,530,n2,grip,3,중앙값 454 < 최소 600 (rest 수준)
1477772,540,n2,grip,3,중앙값 454 < 최소 600 (rest 수준)
1477774,509,n2,grip,3,중앙값 454 < 최소 600 (rest 수준)
1477776,496,n2,grip,3,중앙값 454 < 최소 600 (rest 수준)
1477778,464,n2,grip,3,중앙값 454 < 최소 600 (rest 수준)
1477780,451,n2,grip,3,중앙값 454 < 최소 600 (rest 수준)
1477782,437,n2,grip,3,중앙값 454 < 최소 600 (rest 수준)
1477784,416,n2,grip,3,중앙값 454 < 최소 600 (rest 수준)
1477786,398,n2,grip,3,중앙값 454 < 최소 600 (rest 수준)
1477788,387,n2,grip,3,중앙값 454 < 최소 600 (rest 수준)
1477790,375,n2,grip,3,중앙값 454 < 최소 600 (rest 수준)
1477792,367,n2,grip,3,중앙값 454 < 최소 600 (rest 수준)
1477794,415,n2,grip,3,중앙값 454 < 최소 600 (rest 수준)
1477796,437,n2,grip,3,중앙값 454 < 최소 600 (rest 수준)
1477798,442,n2,grip,3,중앙값 454 < 최소 600 (rest 수준)
1477800,463,n2,grip,3,중앙값 454 < 최소 600 (rest 수준)
1477802,482,n2,grip,3,중앙값 454 < 최소 600 (rest 수준)
1477804,503,n2,grip,3,중앙값 454 < 최소 600 (rest 수준)
1477806,510,n2,grip,3,중앙값 454 < 최소 600 (rest 수준)
1477808,491,n2,grip,3,중앙값 454 < 최소 600 (rest 수준)
1477810,471,n2,grip,3,중앙값 454 < 최소 600 (rest 수준)
1477812,461,n2,grip,3,중앙값 454 < 최소 600 (rest 수준)
1477814,443,n2,grip,3,중앙값 454 < 최소 600 (rest 수준)
1477816,433,n2,grip,3,중앙값 454 < 최소 600 (rest 수준)
1477818,427,n2,grip,3,중앙값 454 < 최소 600 (rest 수준)
1477820,432,n2,grip,3,중앙값 454 < 최소 600 (rest 수준)
1477822,427,n2,grip,3,중앙값 454 < 최소 600 (rest 수준)
1477824,438,n2,grip,3,중앙값 454 < 최소 600 (rest 수준)
1477826,445,n2,grip,3,중앙값 454 < 최소 600 (rest 수준)
1477828,432,n2,grip,3,중앙값 454 < 최소 600 (rest 수준)
1477830,433,n2,grip,3,중앙값 454 < 최소 600 (rest 수준)
1477832,428,n2,grip,3,중앙값 454 < 최소 600 (rest 수준)
1477834,428,n2,grip,3,중앙값 454 < 최소 600 (rest 수준)
1477836,425,n2,grip,3,중앙값 454 < 최소 600 (rest 수준)
1477838,417,n2,grip,3,중앙값 454 < 최소 600 (rest 수준)
1477840,405,n2,grip,3,중앙값 454 < 최소 600 (rest 수준)
1477842,394,n2,grip,3,중앙값 454 < 최소 600 (rest 수준)
1477844,391,n2,grip,3,중앙값 454 < 최소 600 (rest 수준)
1477846,402,n2,grip,3,중앙값 454 < 최소 600 (rest 수준)
1477848,416,n2,grip,3,중앙값 454 < 최소 600 (rest 수준)
1477850,453,n2,grip,3,중앙값 454 < 최소 600 (rest 수준)
1477852,495,n2,grip,3,중앙값 454 < 최소 600 (rest 수준)
1477854,495,n2,grip,3,중앙값 454 < 최소 600 (rest 수준)
1477856,471,n2,grip,3,중앙값 454 < 최소 600 (rest 수준)
1477858,466,n2,grip,3,중앙값 454 < 최소 600 (rest 수준)
1477860,449,n2,grip,3,중앙값 454 < 최소 600 (rest 수준)
1477862,448,n2,grip,3,중앙값 454 < 최소 600 (rest 수준)
1477864,432,n2,grip,3,중앙값 454 < 최소 600 (rest 수준)
1477866,445,n2,grip,3,중앙값 454 < 최소 600 (rest 수준)
1477868,448,n2,grip,3,중앙값 454 < 최소 600 (rest 수준)
1477870,455,n2,grip,3,중앙값 454 < 최소 600 (rest 수준)
1477872,432,n2,grip,3,중앙값 454 < 최소 600 (rest 수준)
1477874,419,n2,grip,3,중앙값 454 < 최소 600 (rest 수준)
1477876,400,n2,grip,3,중앙값 454 < 최소 600 (rest 수준)
1477878,386,n2,grip,3,중앙값 454 < 최소 600 (rest 수준)
1477880,386,n2,grip,3,중앙값 454 < 최소 600 (rest 수준)
1477882,371,n2,grip,3,중앙값 454 < 최소 600 (rest 수준)
1477884,349,n2,grip,3,중앙값 454 < 최소 600 (rest 수준)
1477886,336,n2,grip,3,중앙값 454 < 최소 600 (rest 수준)
1477888,338,n2,grip,3,중앙값 454 < 최소 600 (rest 수준)
1477890,335,n2,grip,3,중앙값 454 < 최소 600 (rest 수준)
1477892,349,n2,grip,3,중앙값 454 < 최소 600 (rest 수준)
1477894,335,n2,grip,3,중앙값 454 < 최소 600 (rest 수준)
1477896,337,n2,grip,3,중앙값 454 < 최소 600 (rest 수준)
1477898,336,n2,grip,3,중앙값 454 < 최소 600 (rest 수준)
1477900,329,n2,grip,3,중앙값 454 < 최소 600 (rest 수준)
1477902,320,n2,grip,3,중앙값 454 < 최소 600 (rest 수준)
1477904,301,n2,grip,3,중앙값 454 < 최소 600 (rest 수준)
1477906,290,n2,grip,3,중앙값 454 < 최소 600 (rest 수준)
1477908,294,n2,grip,3,중앙값 454 < 최소 600 (rest 수준)
1477910,304,n2,grip,3,중앙값 454 < 최소 600 (rest 수준)
1477912,306,n2,grip,3,중앙값 454 < 최소 600 (rest 수준)
1477914,306,n2,grip,3,중앙값 454 < 최소 600 (rest 수준)
1477916,321,n2,grip,3,중앙값 454 < 최소 600 (rest 수준)
1477918,336,n2,grip,3,중앙값 454 < 최소 600 (rest 수준)
1477920,352,n2,grip,3,중앙값 454 < 최소 600 (rest 수준)
1477922,384,n2,grip,3,중앙값 454 < 최소 600 (rest 수준)
1477924,383,n2,grip,3,중앙값 454 < 최소 600 (rest 수준)
1477926,384,n2,grip,3,중앙값 454 < 최소 600 (rest 수준)
1477928,413,n2,grip,3,중앙값 454 < 최소 600 (rest 수준)
1477930,416,n2,grip,3,중앙값 454 < 최소 600 (rest 수준)
1477932,414,n2,grip,3,중앙값 454 < 최소 600 (rest 수준)
1477934,432,n2,grip,3,중앙값 454 < 최소 600 (rest 수준)
1477936,472,n2,grip,3,중앙값 454 < 최소 600 (rest 수준)
1477938,467,n2,grip,3,중앙값 454 < 최소 600 (rest 수준)
1477940,477,n2,grip,3,중앙값 454 < 최소 600 (rest 수준)
1477942,497,n2,grip,3,중앙값 454 < 최소 600 (rest 수준)
1477944,501,n2,grip,3,중앙값 454 < 최소 600 (rest 수준)
1477946,546,n2,grip,3,중앙값 454 < 최소 600 (rest 수준)
1477948,575,n2,grip,3,중앙값 454 < 최소 600 (rest 수준)
1477950,592,n2,grip,3,중앙값 454 < 최소 600 (rest 수준)
1477952,635,n2,grip,3,중앙값 454 < 최소 600 (rest 수준)
1477954,638,n2,grip,3,중앙값 454 < 최소 600 (rest 수준)
1477956,612,n2,grip,3,중앙값 454 < 최소 600 (rest 수준)
1477958,587,n2,grip,3,중앙값 454 < 최소 600 (rest 수준)
1477960,560,n2,grip,3,중앙값 454 < 최소 600 (rest 수준)
1477962,566,n2,grip,3,중앙값 454 < 최소 600 (rest 수준)
1477964,673,n2,grip,3,중앙값 454 < 최소 600 (rest 수준)
1477966,672,n2,grip,3,중앙값 454 < 최소 600 (rest 수준)
1477968,717,n2,grip,3,중앙값 454 < 최소 600 (rest 수준)
1477970,688,n2,grip,3,중앙값 454 < 최소 600 (rest 수준)
1477972,688,n2,grip,3,중앙값 454 < 최소 600 (rest 수준)
1477974,669,n2,grip,3,중앙값 454 < 최소 600 (rest 수준)
1477976,642,n2,grip,3,중앙값 454 < 최소 600 (rest 수준)
1477978,613,n2,grip,3,중앙값 454 < 최소 600 (rest 수준)
1477980,593,n2,grip,3,중앙값 454 < 최소 600 (rest 수준)
1477982,578,n2,grip,3,중앙값 454 < 최소 600 (rest 수준)
1477984,555,n2,grip,3,중앙값 454 < 최소 600 (rest 수준)
1477986,546,n2,grip,3,중앙값 454 < 최소 600 (rest 수준)
1477988,528,n2,grip,3,중앙값 454 < 최소 600 (rest 수준)
1477990,528,n2,grip,3,중앙값 454 < 최소 600 (rest 수준)
1477992,559,n2,grip,3,중앙값 454 < 최소 600 (rest 수준)
1477994,544,n2,grip,3,중앙값 454 < 최소 600 (rest 수준)
1477996,548,n2,grip,3,중앙값 454 < 최소 600 (rest 수준)
1477998,560,n2,grip,3,중앙값 454 < 최소 600 (rest 수준)
1478000,558,n2,grip,3,중앙값 454 < 최소 600 (rest 수준)
1478002,562,n2,grip,3,중앙값 454 < 최소 600 (rest 수준)
1478004,540,n2,grip,3,중앙값 454 < 최소 600 (rest 수준)
1478006,527,n2,grip,3,중앙값 454 < 최소 600 (rest 수준)
1478008,542,n2,grip,3,중앙값 454 < 최소 600 (rest 수준)
1478010,553,n2,grip,3,중앙값 454 < 최소 600 (rest 수준)
1478012,555,n2,grip,3,중앙값 454 < 최소 600 (rest 수준)
1478014,552,n2,grip,3,중앙값 454 < 최소 600 (rest 수준)
1478016,525,n2,grip,3,중앙값 454 < 최소 600 (rest 수준)
1478018,510,n2,grip,3,중앙값 454 < 최소 600 (rest 수준)
1478020,554,n2,grip,3,중앙값 454 < 최소 600 (rest 수준)
1478022,545,n2,grip,3,중앙값 454 < 최소 600 (rest 수준)
1478024,560,n2,grip,3,중앙값 454 < 최소 600 (rest 수준)
1478026,611,n2,grip,3,중앙값 454 < 최소 600 (rest 수준)
1478028,608,n2,grip,3,중앙값 454 < 최소 600 (rest 수준)
1478030,605,n2,grip,3,중앙값 454 < 최소 600 (rest 수준)
1478032,576,n2,grip,3,중앙값 454 < 최소 600 (rest 수준)
1478034,550,n2,grip,3,중앙값 454 < 최소 600 (rest 수준)
1478036,526,n2,grip,3,중앙값 454 < 최소 600 (rest 수준)
1478038,495,n2,grip,3,중앙값 454 < 최소 600 (rest 수준)
1478040,481,n2,grip,3,중앙값 454 < 최소 600 (rest 수준)
1478042,487,n2,grip,3,중앙값 454 < 최소 600 (rest 수준)
1478044,509,n2,grip,3,중앙값 454 < 최소 600 (rest 수준)
1478046,564,n2,grip,3,중앙값 454 < 최소 600 (rest 수준)
1478048,574,n2,grip,3,중앙값 454 < 최소 600 (rest 수준)
1478050,560,n2,grip,3,중앙값 454 < 최소 600 (rest 수준)
1478052,531,n2,grip,3,중앙값 454 < 최소 600 (rest 수준)
1478054,503,n2,grip,3,중앙값 454 < 최소 600 (rest 수준)
1478056,481,n2,grip,3,중앙값 454 < 최소 600 (rest 수준)
1478058,462,n2,grip,3,중앙값 454 < 최소 600 (rest 수준)
1478060,451,n2,grip,3,중앙값 454 < 최소 600 (rest 수준)
1478062,432,n2,grip,3,중앙값 454 < 최소 600 (rest 수준)
1478064,420,n2,grip,3,중앙값 454 < 최소 600 (rest 수준)
1478066,400,n2,grip,3,중앙값 454 < 최소 600 (rest 수준)
1478068,381,n2,grip,3,중앙값 454 < 최소 600 (rest 수준)
1478070,362,n2,grip,3,중앙값 454 < 최소 600 (rest 수준)
1478072,342,n2,grip,3,중앙값 454 < 최소 600 (rest 수준)
1478074,326,n2,grip,3,중앙값 454 < 최소 600 (rest 수준)
1478076,313,n2,grip,3,중앙값 454 < 최소 600 (rest 수준)
1478078,307,n2,grip,3,중앙값 454 < 최소 600 (rest 수준)
1478080,304,n2,grip,3,중앙값 454 < 최소 600 (rest 수준)
1478082,315,n2,grip,3,중앙값 454 < 최소 600 (rest 수준)
1478084,338,n2,grip,3,중앙값 454 < 최소 600 (rest 수준)
1478086,420,n2,grip,3,중앙값 454 < 최소 600 (rest 수준)
1478088,439,n2,grip,3,중앙값 454 < 최소 600 (rest 수준)
1478090,462,n2,grip,3,중앙값 454 < 최소 600 (rest 수준)
1478092,439,n2,grip,3,중앙값 454 < 최소 600 (rest 수준)
1478094,454,n2,grip,3,중앙값 454 < 최소 600 (rest 수준)
1478096,461,n2,grip,3,중앙값 454 < 최소 600 (rest 수준)
1478098,501,n2,grip,3,중앙값 454 < 최소 600 (rest 수준)
1478100,493,n2,grip,3,중앙값 454 < 최소 600 (rest 수준)
1478102,491,n2,grip,3,중앙값 454 < 최소 600 (rest 수준)
1478104,477,n2,grip,3,중앙값 454 < 최소 600 (rest 수준)
1478106,468,n2,grip,3,중앙값 454 < 최소 600 (rest 수준)
1478108,454,n2,grip,3,중앙값 454 < 최소 600 (rest 수준)
1478110,438,n2,grip,3,중앙값 454 < 최소 600 (rest 수준)
1478112,423,n2,grip,3,중앙값 454 < 최소 600 (rest 수준)
1478114,403,n2,grip,3,중앙값 454 < 최소 600 (rest 수준)
1478116,427,n2,grip,3,중앙값 454 < 최소 600 (rest 수준)
1478118,432,n2,grip,3,중앙값 454 < 최소 600 (rest 수준)
1478120,443,n2,grip,3,중앙값 454 < 최소 600 (rest 수준)
1478122,432,n2,grip,3,중앙값 454 < 최소 600 (rest 수준)
1478124,432,n2,grip,3,중앙값 454 < 최소 600 (rest 수준)
1478126,411,n2,grip,3,중앙값 454 < 최소 600 (rest 수준)
1478128,407,n2,grip,3,중앙값 454 < 최소 600 (rest 수준)
1478130,387,n2,grip,3,중앙값 454 < 최소 600 (rest 수준)
1478132,395,n2,grip,3,중앙값 454 < 최소 600 (rest 수준)
1478134,415,n2,grip,3,중앙값 454 < 최소 600 (rest 수준)
1478136,432,n2,grip,3,중앙값 454 < 최소 600 (rest 수준)
1478138,425,n2,grip,3,중앙값 454 < 최소 600 (rest 수준)
1478140,442,n2,grip,3,중앙값 454 < 최소 600 (rest 수준)
1478142,432,n2,grip,3,중앙값 454 < 최소 600 (rest 수준)
1478144,409,n2,grip,3,중앙값 454 < 최소 600 (rest 수준)
1478146,387,n2,grip,3,중앙값 454 < 최소 600 (rest 수준)
1478148,368,n2,grip,3,중앙값 454 < 최소 600 (rest 수준)
1478150,353,n2,grip,3,중앙값 454 < 최소 600 (rest 수준)
1478152,391,n2,grip,3,중앙값 454 < 최소 600 (rest 수준)
1478154,409,n2,grip,3,중앙값 454 < 최소 600 (rest 수준)
1478156,483,n2,grip,3,중앙값 454 < 최소 600 (rest 수준)
1478158,491,n2,grip,3,중앙값 454 < 최소 600 (rest 수준)
1478160,467,n2,grip,3,중앙값 454 < 최소 600 (rest 수준)
1478162,443,n2,grip,3,중앙값 454 < 최소 600 (rest 수준)
1478164,418,n2,grip,3,중앙값 454 < 최소 600 (rest 수준)
1478166,400,n2,grip,3,중앙값 454 < 최소 600 (rest 수준)
1478168,387,n2,grip,3,중앙값 454 < 최소 600 (rest 수준)
1478170,368,n2,grip,3,중앙값 454 < 최소 600 (rest 수준)
1478172,353,n2,grip,3,중앙값 454 < 최소 600 (rest 수준)
1478174,331,n2,grip,3,중앙값 454 < 최소 600 (rest 수준)
1478176,313,n2,grip,3,중앙값 454 < 최소 600 (rest 수준)
1478178,302,n2,grip,3,중앙값 454 < 최소 600 (rest 수준)
1478180,350,n2,grip,3,중앙값 454 < 최소 600 (rest 수준)
1478182,395,n2,grip,3,중앙값 454 < 최소 600 (rest 수준)
1478184,448,n2,grip,3,중앙값 454 < 최소 600 (rest 수준)
1478186,473,n2,grip,3,중앙값 454 < 최소 600 (rest 수준)
1478188,451,n2,grip,3,중앙값 454 < 최소 600 (rest 수준)
1478190,459,n2,grip,3,중앙값 454 < 최소 600 (rest 수준)
1478192,437,n2,grip,3,중앙값 454 < 최소 600 (rest 수준)
1478194,430,n2,grip,3,중앙값 454 < 최소 600 (rest 수준)
1478196,417,n2,grip,3,중앙값 454 < 최소 600 (rest 수준)
1478198,401,n2,grip,3,중앙값 454 < 최소 600 (rest 수준)
1478200,432,n2,grip,3,중앙값 454 < 최소 600 (rest 수준)
1478202,451,n2,grip,3,중앙값 454 < 최소 600 (rest 수준)
1478204,463,n2,grip,3,중앙값 454 < 최소 600 (rest 수준)
1478206,470,n2,grip,3,중앙값 454 < 최소 600 (rest 수준)
1478208,480,n2,grip,3,중앙값 454 < 최소 600 (rest 수준)
1478210,471,n2,grip,3,중앙값 454 < 최소 600 (rest 수준)
1478212,458,n2,grip,3,중앙값 454 < 최소 600 (rest 수준)
1478214,452,n2,grip,3,중앙값 454 < 최소 600 (rest 수준)
1478216,448,n2,grip,3,중앙값 454 < 최소 600 (rest 수준)
1478218,432,n2,grip,3,중앙값 454 < 최소 600 (rest 수준)
1478220,422,n2,grip,3,중앙값 454 < 최소 600 (rest 수준)
1478222,415,n2,grip,3,중앙값 454 < 최소 600 (rest 수준)
1478224,464,n2,grip,3,중앙값 454 < 최소 600 (rest 수준)
1478226,475,n2,grip,3,중앙값 454 < 최소 600 (rest 수준)
1478228,551,n2,grip,3,중앙값 454 < 최소 600 (rest 수준)
1478230,554,n2,grip,3,중앙값 454 < 최소 600 (rest 수준)
1478232,541,n2,grip,3,중앙값 454 < 최소 600 (rest 수준)
1478234,527,n2,grip,3,중앙값 454 < 최소 600 (rest 수준)
1478236,500,n2,grip,3,중앙값 454 < 최소 600 (rest 수준)
1478238,477,n2,grip,3,중앙값 454 < 최소 600 (rest 수준)
1478240,458,n2,grip,3,중앙값 454 < 최소 600 (rest 수준)
1478242,435,n2,grip,3,중앙값 454 < 최소 600 (rest 수준)
1478244,428,n2,grip,3,중앙값 454 < 최소 600 (rest 수준)
1478246,409,n2,grip,3,중앙값 454 < 최소 600 (rest 수준)
1478248,392,n2,grip,3,중앙값 454 < 최소 600 (rest 수준)
1478250,377,n2,grip,3,중앙값 454 < 최소 600 (rest 수준)
1478252,369,n2,grip,3,중앙값 454 < 최소 600 (rest 수준)
1478254,366,n2,grip,3,중앙값 454 < 최소 600 (rest 수준)
1478256,368,n2,grip,3,중앙값 454 < 최소 600 (rest 수준)
1478258,373,n2,grip,3,중앙값 454 < 최소 600 (rest 수준)
1478260,373,n2,grip,3,중앙값 454 < 최소 600 (rest 수준)
1478262,384,n2,grip,3,중앙값 454 < 최소 600 (rest 수준)
1478264,381,n2,grip,3,중앙값 454 < 최소 600 (rest 수준)
1478266,370,n2,grip,3,중앙값 454 < 최소 600 (rest 수준)
1478268,367,n2,grip,3,중앙값 454 < 최소 600 (rest 수준)
1478270,364,n2,grip,3,중앙값 454 < 최소 600 (rest 수준)
1478272,359,n2,grip,3,중앙값 454 < 최소 600 (rest 수준)
1478274,359,n2,grip,3,중앙값 454 < 최소 600 (rest 수준)
1478276,342,n2,grip,3,중앙값 454 < 최소 600 (rest 수준)
1478278,367,n2,grip,3,중앙값 454 < 최소 600 (rest 수준)
1478280,362,n2,grip,3,중앙값 454 < 최소 600 (rest 수준)
1478282,347,n2,grip,3,중앙값 454 < 최소 600 (rest 수준)
1478284,345,n2,grip,3,중앙값 454 < 최소 600 (rest 수준)
1478286,335,n2,grip,3,중앙값 454 < 최소 600 (rest 수준)
1478288,327,n2,grip,3,중앙값 454 < 최소 600 (rest 수준)
1478290,341,n2,grip,3,중앙값 454 < 최소 600 (rest 수준)
1478292,346,n2,grip,3,중앙값 454 < 최소 600 (rest 수준)
1478294,337,n2,grip,3,중앙값 454 < 최소 600 (rest 수준)
1478296,326,n2,grip,3,중앙값 454 < 최소 600 (rest 수준)
1478298,313,n2,grip,3,중앙값 454 < 최소 600 (rest 수준)
1478300,304,n2,grip,3,중앙값 454 < 최소 600 (rest 수준)
1478302,320,n2,grip,3,중앙값 454 < 최소 600 (rest 수준)
1478304,325,n2,grip,3,중앙값 454 < 최소 600 (rest 수준)
1478306,382,n2,grip,3,중앙값 454 < 최소 600 (rest 수준)
1478308,383,n2,grip,3,중앙값 454 < 최소 600 (rest 수준)
1478310,383,n2,grip,3,중앙값 454 < 최소 600 (rest 수준)
1478312,365,n2,grip,3,중앙값 454 < 최소 600 (rest 수준)
1478314,345,n2,grip,3,중앙값 454 < 최소 600 (rest 수준)
1478316,347,n2,grip,3,중앙값 454 < 최소 600 (rest 수준)
1478318,335,n2,grip,3,중앙값 454 < 최소 600 (rest 수준)
1478320,322,n2,grip,3,중앙값 454 < 최소 600 (rest 수준)
1478322,313,n2,grip,3,중앙값 454 < 최소 600 (rest 수준)
1478324,325,n2,grip,3,중앙값 454 < 최소 600 (rest 수준)
1478326,319,n2,grip,3,중앙값 454 < 최소 600 (rest 수준)
1478328,309,n2,grip,3,중앙값 454 < 최소 600 (rest 수준)
1478330,320,n2,grip,3,중앙값 454 < 최소 600 (rest 수준)
1478332,325,n2,grip,3,중앙값 454 < 최소 600 (rest 수준)
1478334,326,n2,grip,3,중앙값 454 < 최소 600 (rest 수준)
1478336,313,n2,grip,3,중앙값 454 < 최소 600 (rest 수준)
1478338,302,n2,grip,3,중앙값 454 < 최소 600 (rest 수준)
1478340,289,n2,grip,3,중앙값 454 < 최소 600 (rest 수준)
1478342,280,n2,grip,3,중앙값 454 < 최소 600 (rest 수준)
1478344,270,n2,grip,3,중앙값 454 < 최소 600 (rest 수준)
1478346,266,n2,grip,3,중앙값 454 < 최소 600 (rest 수준)
1478348,259,n2,grip,3,중앙값 454 < 최소 600 (rest 수준)
1478350,245,n2,grip,3,중앙값 454 < 최소 600 (rest 수준)
1478352,231,n2,grip,3,중앙값 454 < 최소 600 (rest 수준)
1478354,221,n2,grip,3,중앙값 454 < 최소 600 (rest 수준)
1478356,208,n2,grip,3,중앙값 454 < 최소 600 (rest 수준)
1478358,233,n2,grip,3,중앙값 454 < 최소 600 (rest 수준)
1478360,247,n2,grip,3,중앙값 454 < 최소 600 (rest 수준)
1478362,290,n2,grip,3,중앙값 454 < 최소 600 (rest 수준)
1478364,301,n2,grip,3,중앙값 454 < 최소 600 (rest 수준)
1478366,375,n2,grip,3,중앙값 454 < 최소 600 (rest 수준)
1478368,378,n2,grip,3,중앙값 454 < 최소 600 (rest 수준)
1478370,360,n2,grip,3,중앙값 454 < 최소 600 (rest 수준)
1478372,342,n2,grip,3,중앙값 454 < 최소 600 (rest 수준)
1478374,331,n2,grip,3,중앙값 454 < 최소 600 (rest 수준)
1478376,307,n2,grip,3,중앙값 454 < 최소 600 (rest 수준)
1478378,298,n2,grip,3,중앙값 454 < 최소 600 (rest 수준)
1478380,281,n2,grip,3,중앙값 454 < 최소 600 (rest 수준)
1478382,269,n2,grip,3,중앙값 454 < 최소 600 (rest 수준)
1478384,254,n2,grip,3,중앙값 454 < 최소 600 (rest 수준)
1478386,243,n2,grip,3,중앙값 454 < 최소 600 (rest 수준)
1478388,231,n2,grip,3,중앙값 454 < 최소 600 (rest 수준)
1478390,222,n2,grip,3,중앙값 454 < 최소 600 (rest 수준)
1478392,220,n2,grip,3,중앙값 454 < 최소 600 (rest 수준)
1478394,211,n2,grip,3,중앙값 454 < 최소 600 (rest 수준)
1478396,249,n2,grip,3,중앙값 454 < 최소 600 (rest 수준)
1478398,248,n2,grip,3,중앙값 454 < 최소 600 (rest 수준)
1478400,251,n2,grip,3,중앙값 454 < 최소 600 (rest 수준)
1478402,238,n2,grip,3,중앙값 454 < 최소 600 (rest 수준)
1478404,225,n2,grip,3,중앙값 454 < 최소 600 (rest 수준)
1478406,209,n2,grip,3,중앙값 454 < 최소 600 (rest 수준)
1478408,203,n2,grip,3,중앙값 454 < 최소 600 (rest 수준)
1478410,187,n2,grip,3,중앙값 454 < 최소 600 (rest 수준)
1478412,191,n2,grip,3,중앙값 454 < 최소 600 (rest 수준)
1478414,189,n2,grip,3,중앙값 454 < 최소 600 (rest 수준)
1478416,177,n2,grip,3,중앙값 454 < 최소 600 (rest 수준)
1478418,178,n2,grip,3,중앙값 454 < 최소 600 (rest 수준)
1478420,177,n2,grip,3,중앙값 454 < 최소 600 (rest 수준)
1478422,186,n2,grip,3,중앙값 454 < 최소 600 (rest 수준)
1478424,176,n2,grip,3,중앙값 454 < 최소 600 (rest 수준)
1478426,166,n2,grip,3,중앙값 454 < 최소 600 (rest 수준)
1478428,158,n2,grip,3,중앙값 454 < 최소 600 (rest 수준)
1478430,161,n2,grip,3,중앙값 454 < 최소 600 (rest 수준)
1478432,167,n2,grip,3,중앙값 454 < 최소 600 (rest 수준)
1478434,183,n2,grip,3,중앙값 454 < 최소 600 (rest 수준)
1478436,214,n2,grip,3,중앙값 454 < 최소 600 (rest 수준)
1478438,201,n2,grip,3,중앙값 454 < 최소 600 (rest 수준)
1478440,187,n2,grip,3,중앙값 454 < 최소 600 (rest 수준)
1478442,176,n2,grip,3,중앙값 454 < 최소 600 (rest 수준)
1478444,170,n2,grip,3,중앙값 454 < 최소 600 (rest 수준)
1478446,168,n2,grip,3,중앙값 454 < 최소 600 (rest 수준)
1478448,173,n2,grip,3,중앙값 454 < 최소 600 (rest 수준)
1478450,169,n2,grip,3,중앙값 454 < 최소 600 (rest 수준)
1478452,187,n2,grip,3,중앙값 454 < 최소 600 (rest 수준)
1478454,176,n2,grip,3,중앙값 454 < 최소 600 (rest 수준)
1478456,171,n2,grip,3,중앙값 454 < 최소 600 (rest 수준)
1478458,180,n2,grip,3,중앙값 454 < 최소 600 (rest 수준)
1478460,179,n2,grip,3,중앙값 454 < 최소 600 (rest 수준)
1478462,191,n2,grip,3,중앙값 454 < 최소 600 (rest 수준)
1478464,200,n2,grip,3,중앙값 454 < 최소 600 (rest 수준)
1478466,192,n2,grip,3,중앙값 454 < 최소 600 (rest 수준)
1478468,181,n2,grip,3,중앙값 454 < 최소 600 (rest 수준)
1478470,176,n2,grip,3,중앙값 454 < 최소 600 (rest 수준)
1478472,199,n2,grip,3,중앙값 454 < 최소 600 (rest 수준)
1478474,296,n2,grip,3,중앙값 454 < 최소 600 (rest 수준)
1478476,320,n2,grip,3,중앙값 454 < 최소 600 (rest 수준)
1478478,351,n2,grip,3,중앙값 454 < 최소 600 (rest 수준)
1478480,368,n2,grip,3,중앙값 454 < 최소 600 (rest 수준)
1478482,418,n2,grip,3,중앙값 454 < 최소 600 (rest 수준)
1478484,426,n2,grip,3,중앙값 454 < 최소 600 (rest 수준)
1478486,406,n2,grip,3,중앙값 454 < 최소 600 (rest 수준)
1478488,390,n2,grip,3,중앙값 454 < 최소 600 (rest 수준)
1478490,368,n2,grip,3,중앙값 454 < 최소 600 (rest 수준)
1478492,349,n2,grip,3,중앙값 454 < 최소 600 (rest 수준)
1478494,331,n2,grip,3,중앙값 454 < 최소 600 (rest 수준)
1478496,317,n2,grip,3,중앙값 454 < 최소 600 (rest 수준)
1478498,303,n2,grip,3,중앙값 454 < 최소 600 (rest 수준)
1478500,279,n2,grip,3,중앙값 454 < 최소 600 (rest 수준)
1478502,272,n2,grip,3,중앙값 454 < 최소 600 (rest 수준)
1478504,265,n2,grip,3,중앙값 454 < 최소 600 (rest 수준)
1478506,250,n2,grip,3,중앙값 454 < 최소 600 (rest 수준)
1478508,240,n2,grip,3,중앙값 454 < 최소 600 (rest 수준)
1478510,226,n2,grip,3,중앙값 454 < 최소 600 (rest 수준)
1478512,214,n2,grip,3,중앙값 454 < 최소 600 (rest 수준)
1478514,203,n2,grip,3,중앙값 454 < 최소 600 (rest 수준)
1478516,191,n2,grip,3,중앙값 454 < 최소 600 (rest 수준)
1478518,189,n2,grip,3,중앙값 454 < 최소 600 (rest 수준)
1478520,183,n2,grip,3,중앙값 454 < 최소 600 (rest 수준)
1478522,190,n2,grip,3,중앙값 454 < 최소 600 (rest 수준)
1478524,176,n2,grip,3,중앙값 454 < 최소 600 (rest 수준)
1478526,165,n2,grip,3,중앙값 454 < 최소 600 (rest 수준)
1478528,159,n2,grip,3,중앙값 454 < 최소 600 (rest 수준)
1478530,156,n2,grip,3,중앙값 454 < 최소 600 (rest 수준)
1478532,151,n2,grip,3,중앙값 454 < 최소 600 (rest 수준)
1478534,170,n2,grip,3,중앙값 454 < 최소 600 (rest 수준)
1478536,162,n2,grip,3,중앙값 454 < 최소 600 (rest 수준)
1478538,176,n2,grip,3,중앙값 454 < 최소 600 (rest 수준)
1478540,176,n2,grip,3,중앙값 454 < 최소 600 (rest 수준)
1478542,181,n2,grip,3,중앙값 454 < 최소 600 (rest 수준)
1478544,176,n2,grip,3,중앙값 454 < 최소 600 (rest 수준)
1478546,167,n2,grip,3,중앙값 454 < 최소 600 (rest 수준)
1478548,170,n2,grip,3,중앙값 454 < 최소 600 (rest 수준)
1478550,158,n2,grip,3,중앙값 454 < 최소 600 (rest 수준)
1478552,146,n2,grip,3,중앙값 454 < 최소 600 (rest 수준)
1478554,145,n2,grip,3,중앙값 454 < 최소 600 (rest 수준)
1478556,131,n2,grip,3,중앙값 454 < 최소 600 (rest 수준)
1478558,124,n2,grip,3,중앙값 454 < 최소 600 (rest 수준)
1478560,125,n2,grip,3,중앙값 454 < 최소 600 (rest 수준)
1478562,136,n2,grip,3,중앙값 454 < 최소 600 (rest 수준)
1478564,141,n2,grip,3,중앙값 454 < 최소 600 (rest 수준)
1478566,151,n2,grip,3,중앙값 454 < 최소 600 (rest 수준)
1478568,169,n2,grip,3,중앙값 454 < 최소 600 (rest 수준)
1478570,203,n2,grip,3,중앙값 454 < 최소 600 (rest 수준)
1478572,192,n2,grip,3,중앙값 454 < 최소 600 (rest 수준)
1478574,192,n2,grip,3,중앙값 454 < 최소 600 (rest 수준)
1478576,181,n2,grip,3,중앙값 454 < 최소 600 (rest 수준)
1478578,178,n2,grip,3,중앙값 454 < 최소 600 (rest 수준)
1478580,168,n2,grip,3,중앙값 454 < 최소 600 (rest 수준)
1478582,159,n2,grip,3,중앙값 454 < 최소 600 (rest 수준)
1478584,150,n2,grip,3,중앙값 454 < 최소 600 (rest 수준)
1478586,144,n2,grip,3,중앙값 454 < 최소 600 (rest 수준)
1478588,141,n2,grip,3,중앙값 454 < 최소 600 (rest 수준)
1478590,128,n2,grip,3,중앙값 454 < 최소 600 (rest 수준)
1478592,118,n2,grip,3,중앙값 454 < 최소 600 (rest 수준)
1478594,111,n2,grip,3,중앙값 454 < 최소 600 (rest 수준)
1478596,107,n2,grip,3,중앙값 454 < 최소 600 (rest 수준)
1478598,101,n2,grip,3,중앙값 454 < 최소 600 (rest 수준)
1478600,99,n2,grip,3,중앙값 454 < 최소 600 (rest 수준)
1478602,111,n2,grip,3,중앙값 454 < 최소 600 (rest 수준)
1478604,125,n2,grip,3,중앙값 454 < 최소 600 (rest 수준)
1478606,117,n2,grip,3,중앙값 454 < 최소 600 (rest 수준)
1478608,112,n2,grip,3,중앙값 454 < 최소 600 (rest 수준)
1478610,111,n2,grip,3,중앙값 454 < 최소 600 (rest 수준)
1478612,98,n2,grip,3,중앙값 454 < 최소 600 (rest 수준)
1478614,91,n2,grip,3,중앙값 454 < 최소 600 (rest 수준)
1478616,83,n2,grip,3,중앙값 454 < 최소 600 (rest 수준)
1478618,77,n2,grip,3,중앙값 454 < 최소 600 (rest 수준)
1478620,73,n2,grip,3,중앙값 454 < 최소 600 (rest 수준)
1478622,69,n2,grip,3,중앙값 454 < 최소 600 (rest 수준)
1478624,68,n2,grip,3,중앙값 454 < 최소 600 (rest 수준)
1478626,72,n2,grip,3,중앙값 454 < 최소 600 (rest 수준)
1478628,64,n2,grip,3,중앙값 454 < 최소 600 (rest 수준)
1478630,63,n2,grip,3,중앙값 454 < 최소 600 (rest 수준)
1478632,64,n2,grip,3,중앙값 454 < 최소 600 (rest 수준)
1478634,71,n2,grip,3,중앙값 454 < 최소 600 (rest 수준)
1478636,80,n2,grip,3,중앙값 454 < 최소 600 (rest 수준)
1478638,112,n2,grip,3,중앙값 454 < 최소 600 (rest 수준)
1478640,128,n2,grip,3,중앙값 454 < 최소 600 (rest 수준)
1478642,128,n2,grip,3,중앙값 454 < 최소 600 (rest 수준)
1478644,144,n2,grip,3,중앙값 454 < 최소 600 (rest 수준)
1478646,149,n2,grip,3,중앙값 454 < 최소 600 (rest 수준)
1478648,157,n2,grip,3,중앙값 454 < 최소 600 (rest 수준)
1478650,162,n2,grip,3,중앙값 454 < 최소 600 (rest 수준)
1478652,170,n2,grip,3,중앙값 454 < 최소 600 (rest 수준)
1478654,175,n2,grip,3,중앙값 454 < 최소 600 (rest 수준)
1478656,164,n2,grip,3,중앙값 454 < 최소 600 (rest 수준)
1478658,176,n2,grip,3,중앙값 454 < 최소 600 (rest 수준)
1478660,163,n2,grip,3,중앙값 454 < 최소 600 (rest 수준)
1478662,156,n2,grip,3,중앙값 454 < 최소 600 (rest 수준)
1478664,160,n2,grip,3,중앙값 454 < 최소 600 (rest 수준)
1478666,176,n2,grip,3,중앙값 454 < 최소 600 (rest 수준)
1478668,181,n2,grip,3,중앙값 454 < 최소 600 (rest 수준)
1478670,176,n2,grip,3,중앙값 454 < 최소 600 (rest 수준)
1478672,176,n2,grip,3,중앙값 454 < 최소 600 (rest 수준)
1478674,169,n2,grip,3,중앙값 454 < 최소 600 (rest 수준)
1478676,159,n2,grip,3,중앙값 454 < 최소 600 (rest 수준)
1478678,150,n2,grip,3,중앙값 454 < 최소 600 (rest 수준)
1478680,157,n2,grip,3,중앙값 454 < 최소 600 (rest 수준)
1478682,149,n2,grip,3,중앙값 454 < 최소 600 (rest 수준)
1478684,142,n2,grip,3,중앙값 454 < 최소 600 (rest 수준)
1478686,133,n2,grip,3,중앙값 454 < 최소 600 (rest 수준)
1478688,125,n2,grip,3,중앙값 454 < 최소 600 (rest 수준)
1478690,112,n2,grip,3,중앙값 454 < 최소 600 (rest 수준)
1478692,109,n2,grip,3,중앙값 454 < 최소 600 (rest 수준)
1478694,105,n2,grip,3,중앙값 454 < 최소 600 (rest 수준)
1478696,92,n2,grip,3,중앙값 454 < 최소 600 (rest 수준)
1478698,83,n2,grip,3,중앙값 454 < 최소 600 (rest 수준)
1478700,85,n2,grip,3,중앙값 454 < 최소 600 (rest 수준)
1478702,86,n2,grip,3,중앙값 454 < 최소 600 (rest 수준)
1478704,78,n2,grip,3,중앙값 454 < 최소 600 (rest 수준)
1478706,80,n2,grip,3,중앙값 454 < 최소 600 (rest 수준)
1478708,110,n2,grip,3,중앙값 454 < 최소 600 (rest 수준)
1478710,112,n2,grip,3,중앙값 454 < 최소 600 (rest 수준)
1478712,111,n2,grip,3,중앙값 454 < 최소 600 (rest 수준)
1478714,144,n2,grip,3,중앙값 454 < 최소 600 (rest 수준)
1478716,135,n2,grip,3,중앙값 454 < 최소 600 (rest 수준)
1478718,129,n2,grip,3,중앙값 454 < 최소 600 (rest 수준)
1478720,118,n2,grip,3,중앙값 454 < 최소 600 (rest 수준)
1478722,133,n2,grip,3,중앙값 454 < 최소 600 (rest 수준)
1478724,135,n2,grip,3,중앙값 454 < 최소 600 (rest 수준)
1478726,132,n2,grip,3,중앙값 454 < 최소 600 (rest 수준)
1478728,132,n2,grip,3,중앙값 454 < 최소 600 (rest 수준)
1478730,121,n2,grip,3,중앙값 454 < 최소 600 (rest 수준)
1478732,112,n2,grip,3,중앙값 454 < 최소 600 (rest 수준)
1478734,112,n2,grip,3,중앙값 454 < 최소 600 (rest 수준)
1478736,102,n2,grip,3,중앙값 454 < 최소 600 (rest 수준)
1478738,110,n2,grip,3,중앙값 454 < 최소 600 (rest 수준)
1478740,110,n2,grip,3,중앙값 454 < 최소 600 (rest 수준)
1478742,112,n2,grip,3,중앙값 454 < 최소 600 (rest 수준)
1478744,112,n2,grip,3,중앙값 454 < 최소 600 (rest 수준)
1478746,106,n2,grip,3,중앙값 454 < 최소 600 (rest 수준)
1478748,112,n2,grip,3,중앙값 454 < 최소 600 (rest 수준)
1478750,109,n2,grip,3,중앙값 454 < 최소 600 (rest 수준)
1478752,112,n2,grip,3,중앙값 454 < 최소 600 (rest 수준)
1478754,106,n2,grip,3,중앙값 454 < 최소 600 (rest 수준)
1478756,100,n2,grip,3,중앙값 454 < 최소 600 (rest 수준)
1478758,111,n2,grip,3,중앙값 454 < 최소 600 (rest 수준)
1478760,111,n2,grip,3,중앙값 454 < 최소 600 (rest 수준)
1478762,107,n2,grip,3,중앙값 454 < 최소 600 (rest 수준)
1478764,108,n2,grip,3,중앙값 454 < 최소 600 (rest 수준)
1478766,112,n2,grip,3,중앙값 454 < 최소 600 (rest 수준)
1478768,109,n2,grip,3,중앙값 454 < 최소 600 (rest 수준)
1478770,105,n2,grip,3,중앙값 454 < 최소 600 (rest 수준)
1478772,99,n2,grip,3,중앙값 454 < 최소 600 (rest 수준)
1478774,112,n2,grip,3,중앙값 454 < 최소 600 (rest 수준)
1478776,109,n2,grip,3,중앙값 454 < 최소 600 (rest 수준)
1478778,108,n2,grip,3,중앙값 454 < 최소 600 (rest 수준)
1478780,112,n2,grip,3,중앙값 454 < 최소 600 (rest 수준)
1478782,131,n2,grip,3,중앙값 454 < 최소 600 (rest 수준)
1478784,147,n2,grip,3,중앙값 454 < 최소 600 (rest 수준)
1478786,142,n2,grip,3,중앙값 454 < 최소 600 (rest 수준)
1478788,132,n2,grip,3,중앙값 454 < 최소 600 (rest 수준)
1478790,120,n2,grip,3,중앙값 454 < 최소 600 (rest 수준)
1478792,115,n2,grip,3,중앙값 454 < 최소 600 (rest 수준)
1478794,110,n2,grip,3,중앙값 454 < 최소 600 (rest 수준)
1478796,103,n2,grip,3,중앙값 454 < 최소 600 (rest 수준)
1478798,102,n2,grip,3,중앙값 454 < 최소 600 (rest 수준)
1478800,112,n2,grip,3,중앙값 454 < 최소 600 (rest 수준)
1478802,113,n2,grip,3,중앙값 454 < 최소 600 (rest 수준)
1478804,134,n2,grip,3,중앙값 454 < 최소 600 (rest 수준)
1478806,130,n2,grip,3,중앙값 454 < 최소 600 (rest 수준)
1478808,123,n2,grip,3,중앙값 454 < 최소 600 (rest 수준)
1478810,161,n2,grip,3,중앙값 454 < 최소 600 (rest 수준)
1478812,161,n2,grip,3,중앙값 454 < 최소 600 (rest 수준)
1478814,172,n2,grip,3,중앙값 454 < 최소 600 (rest 수준)
1478816,189,n2,grip,3,중앙값 454 < 최소 600 (rest 수준)
1478818,182,n2,grip,3,중앙값 454 < 최소 600 (rest 수준)
1478820,179,n2,grip,3,중앙값 454 < 최소 600 (rest 수준)
1478822,176,n2,grip,3,중앙값 454 < 최소 600 (rest 수준)
1478824,167,n2,grip,3,중앙값 454 < 최소 600 (rest 수준)
1478826,171,n2,grip,3,중앙값 454 < 최소 600 (rest 수준)
1478828,178,n2,grip,3,중앙값 454 < 최소 600 (rest 수준)
1478830,189,n2,grip,3,중앙값 454 < 최소 600 (rest 수준)
1478832,195,n2,grip,3,중앙값 454 < 최소 600 (rest 수준)
1478834,191,n2,grip,3,중앙값 454 < 최소 600 (rest 수준)
1478836,185,n2,grip,3,중앙값 454 < 최소 600 (rest 수준)
1478838,178,n2,grip,3,중앙값 454 < 최소 600 (rest 수준)
1478840,182,n2,grip,3,중앙값 454 < 최소 600 (rest 수준)
1478842,179,n2,grip,3,중앙값 454 < 최소 600 (rest 수준)
1478844,183,n2,grip,3,중앙값 454 < 최소 600 (rest 수준)
1478846,176,n2,grip,3,중앙값 454 < 최소 600 (rest 수준)
1478848,175,n2,grip,3,중앙값 454 < 최소 600 (rest 수준)
1478850,160,n2,grip,3,중앙값 454 < 최소 600 (rest 수준)
1478852,151,n2,grip,3,중앙값 454 < 최소 600 (rest 수준)
1478854,150,n2,grip,3,중앙값 454 < 최소 600 (rest 수준)
1478856,160,n2,grip,3,중앙값 454 < 최소 600 (rest 수준)
1478858,166,n2,grip,3,중앙값 454 < 최소 600 (rest 수준)
1478860,156,n2,grip,3,중앙값 454 < 최소 600 (rest 수준)
1478862,144,n2,grip,3,중앙값 454 < 최소 600 (rest 수준)
1478864,141,n2,grip,3,중앙값 454 < 최소 600 (rest 수준)
1478866,134,n2,grip,3,중앙값 454 < 최소 600 (rest 수준)
1478868,132,n2,grip,3,중앙값 454 < 최소 600 (rest 수준)
1478870,128,n2,grip,3,중앙값 454 < 최소 600 (rest 수준)
1478872,123,n2,grip,3,중앙값 454 < 최소 600 (rest 수준)
1478874,128,n2,grip,3,중앙값 454 < 최소 600 (rest 수준)
1478876,124,n2,grip,3,중앙값 454 < 최소 600 (rest 수준)
1478878,118,n2,grip,3,중앙값 454 < 최소 600 (rest 수준)
1478880,110,n2,grip,3,중앙값 454 < 최소 600 (rest 수준)
1478882,108,n2,grip,3,중앙값 454 < 최소 600 (rest 수준)
1478884,97,n2,grip,3,중앙값 454 < 최소 600 (rest 수준)
1478886,92,n2,grip,3,중앙값 454 < 최소 600 (rest 수준)
1478888,114,n2,grip,3,중앙값 454 < 최소 600 (rest 수준)
1478890,144,n2,grip,3,중앙값 454 < 최소 600 (rest 수준)
1478892,167,n2,grip,3,중앙값 454 < 최소 600 (rest 수준)
1478894,167,n2,grip,3,중앙값 454 < 최소 600 (rest 수준)
1478896,173,n2,grip,3,중앙값 454 < 최소 600 (rest 수준)
1478898,192,n2,grip,3,중앙값 454 < 최소 600 (rest 수준)
1478900,209,n2,grip,3,중앙값 454 < 최소 600 (rest 수준)
1478902,202,n2,grip,3,중앙값 454 < 최소 600 (rest 수준)
1478904,193,n2,grip,3,중앙값 454 < 최소 600 (rest 수준)
1478906,186,n2,grip,3,중앙값 454 < 최소 600 (rest 수준)
1478908,204,n2,grip,3,중앙값 454 < 최소 600 (rest 수준)
1478910,205,n2,grip,3,중앙값 454 < 최소 600 (rest 수준)
1478912,208,n2,grip,3,중앙값 454 < 최소 600 (rest 수준)
1478914,191,n2,grip,3,중앙값 454 < 최소 600 (rest 수준)
1478916,181,n2,grip,3,중앙값 454 < 최소 600 (rest 수준)
1478918,173,n2,grip,3,중앙값 454 < 최소 600 (rest 수준)
1478920,166,n2,grip,3,중앙값 454 < 최소 600 (rest 수준)
1478922,159,n2,grip,3,중앙값 454 < 최소 600 (rest 수준)
1478924,169,n2,grip,3,중앙값 454 < 최소 600 (rest 수준)
1478926,161,n2,grip,3,중앙값 454 < 최소 600 (rest 수준)
1478928,154,n2,grip,3,중앙값 454 < 최소 600 (rest 수준)
1478930,143,n2,grip,3,중앙값 454 < 최소 600 (rest 수준)
1478932,137,n2,grip,3,중앙값 454 < 최소 600 (rest 수준)
1478934,127,n2,grip,3,중앙값 454 < 최소 600 (rest 수준)
1478936,119,n2,grip,3,중앙값 454 < 최소 600 (rest 수준)
1478938,139,n2,grip,3,중앙값 454 < 최소 600 (rest 수준)
1478940,154,n2,grip,3,중앙값 454 < 최소 600 (rest 수준)
1478942,172,n2,grip,3,중앙값 454 < 최소 600 (rest 수준)
1478944,191,n2,grip,3,중앙값 454 < 최소 600 (rest 수준)
1478946,199,n2,grip,3,중앙값 454 < 최소 600 (rest 수준)
1478948,202,n2,grip,3,중앙값 454 < 최소 600 (rest 수준)
1478950,204,n2,grip,3,중앙값 454 < 최소 600 (rest 수준)
1478952,206,n2,grip,3,중앙값 454 < 최소 600 (rest 수준)
1478954,199,n2,grip,3,중앙값 454 < 최소 600 (rest 수준)
1478956,219,n2,grip,3,중앙값 454 < 최소 600 (rest 수준)
1478958,210,n2,grip,3,중앙값 454 < 최소 600 (rest 수준)
1478960,209,n2,grip,3,중앙값 454 < 최소 600 (rest 수준)
1478962,205,n2,grip,3,중앙값 454 < 최소 600 (rest 수준)
1478964,192,n2,grip,3,중앙값 454 < 최소 600 (rest 수준)
1478966,183,n2,grip,3,중앙값 454 < 최소 600 (rest 수준)
1478968,180,n2,grip,3,중앙값 454 < 최소 600 (rest 수준)
1478970,176,n2,grip,3,중앙값 454 < 최소 600 (rest 수준)
1478972,166,n2,grip,3,중앙값 454 < 최소 600 (rest 수준)
1478974,161,n2,grip,3,중앙값 454 < 최소 600 (rest 수준)
1478976,170,n2,grip,3,중앙값 454 < 최소 600 (rest 수준)
1478978,164,n2,grip,3,중앙값 454 < 최소 600 (rest 수준)
1478980,178,n2,grip,3,중앙값 454 < 최소 600 (rest 수준)
1478982,176,n2,grip,3,중앙값 454 < 최소 600 (rest 수준)
1478984,163,n2,grip,3,중앙값 454 < 최소 600 (rest 수준)
1478986,154,n2,grip,3,중앙값 454 < 최소 600 (rest 수준)
1478988,145,n2,grip,3,중앙값 454 < 최소 600 (rest 수준)
1478990,137,n2,grip,3,중앙값 454 < 최소 600 (rest 수준)
1478992,138,n2,grip,3,중앙값 454 < 최소 600 (rest 수준)
1478994,144,n2,grip,3,중앙값 454 < 최소 600 (rest 수준)
1478996,138,n2,grip,3,중앙값 454 < 최소 600 (rest 수준)
1478998,136,n2,grip,3,중앙값 454 < 최소 600 (rest 수준)
1479000,144,n2,grip,3,중앙값 454 < 최소 600 (rest 수준)
1479002,134,n2,grip,3,중앙값 454 < 최소 600 (rest 수준)
1479004,149,n2,grip,3,중앙값 454 < 최소 600 (rest 수준)
1479006,187,n2,grip,3,중앙값 454 < 최소 600 (rest 수준)
1479008,194,n2,grip,3,중앙값 454 < 최소 600 (rest 수준)
1479010,201,n2,grip,3,중앙값 454 < 최소 600 (rest 수준)
1479012,192,n2,grip,3,중앙값 454 < 최소 600 (rest 수준)
1479014,192,n2,grip,3,중앙값 454 < 최소 600 (rest 수준)
1479016,197,n2,grip,3,중앙값 454 < 최소 600 (rest 수준)
1479018,190,n2,grip,3,중앙값 454 < 최소 600 (rest 수준)
1479020,178,n2,grip,3,중앙값 454 < 최소 600 (rest 수준)
1479022,177,n2,grip,3,중앙값 454 < 최소 600 (rest 수준)
1479024,202,n2,grip,3,중앙값 454 < 최소 600 (rest 수준)
1479026,240,n2,grip,3,중앙값 454 < 최소 600 (rest 수준)
1479028,227,n2,grip,3,중앙값 454 < 최소 600 (rest 수준)
1479030,211,n2,grip,3,중앙값 454 < 최소 600 (rest 수준)
1479032,208,n2,grip,3,중앙값 454 < 최소 600 (rest 수준)
1479034,203,n2,grip,3,중앙값 454 < 최소 600 (rest 수준)
1479036,266,n2,grip,3,중앙값 454 < 최소 600 (rest 수준)
1479038,272,n2,grip,3,중앙값 454 < 최소 600 (rest 수준)
1479040,304,n2,grip,3,중앙값 454 < 최소 600 (rest 수준)
1479042,311,n2,grip,3,중앙값 454 < 최소 600 (rest 수준)
1479044,321,n2,grip,3,중앙값 454 < 최소 600 (rest 수준)
1479046,310,n2,grip,3,중앙값 454 < 최소 600 (rest 수준)
1479048,295,n2,grip,3,중앙값 454 < 최소 600 (rest 수준)
1479050,281,n2,grip,3,중앙값 454 < 최소 600 (rest 수준)
1479052,265,n2,grip,3,중앙값 454 < 최소 600 (rest 수준)
1479054,245,n2,grip,3,중앙값 454 < 최소 600 (rest 수준)
1479056,240,n2,grip,3,중앙값 454 < 최소 600 (rest 수준)
1479058,228,n2,grip,3,중앙값 454 < 최소 600 (rest 수준)
1479060,223,n2,grip,3,중앙값 454 < 최소 600 (rest 수준)
1479062,231,n2,grip,3,중앙값 454 < 최소 600 (rest 수준)
1479064,223,n2,grip,3,중앙값 454 < 최소 600 (rest 수준)
1479066,209,n2,grip,3,중앙값 454 < 최소 600 (rest 수준)
1479068,199,n2,grip,3,중앙값 454 < 최소 600 (rest 수준)
1479070,180,n2,grip,3,중앙값 454 < 최소 600 (rest 수준)
1479072,173,n2,grip,3,중앙값 454 < 최소 600 (rest 수준)
1479074,159,n2,grip,3,중앙값 454 < 최소 600 (rest 수준)
1479076,151,n2,grip,3,중앙값 454 < 최소 600 (rest 수준)
1479078,144,n2,grip,3,중앙값 454 < 최소 600 (rest 수준)
1479080,134,n2,grip,3,중앙값 454 < 최소 600 (rest 수준)
1479082,126,n2,grip,3,중앙값 454 < 최소 600 (rest 수준)
1479084,129,n2,grip,3,중앙값 454 < 최소 600 (rest 수준)
1479086,123,n2,grip,3,중앙값 454 < 최소 600 (rest 수준)
1479088,123,n2,grip,3,중앙값 454 < 최소 600 (rest 수준)
1479090,144,n2,grip,3,중앙값 454 < 최소 600 (rest 수준)
1479092,147,n2,grip,3,중앙값 454 < 최소 600 (rest 수준)
1479094,161,n2,grip,3,중앙값 454 < 최소 600 (rest 수준)
1479096,148,n2,grip,3,중앙값 454 < 최소 600 (rest 수준)
1479098,144,n2,grip,3,중앙값 454 < 최소 600 (rest 수준)
1479100,144,n2,grip,3,중앙값 454 < 최소 600 (rest 수준)
1479102,138,n2,grip,3,중앙값 454 < 최소 600 (rest 수준)
1479104,148,n2,grip,3,중앙값 454 < 최소 600 (rest 수준)
1479106,145,n2,grip,3,중앙값 454 < 최소 600 (rest 수준)
1479108,144,n2,grip,3,중앙값 454 < 최소 600 (rest 수준)
1479110,139,n2,grip,3,중앙값 454 < 최소 600 (rest 수준)
1479112,136,n2,grip,3,중앙값 454 < 최소 600 (rest 수준)
1479114,128,n2,grip,3,중앙값 454 < 최소 600 (rest 수준)
1479116,128,n2,grip,3,중앙값 454 < 최소 600 (rest 수준)
1479118,125,n2,grip,3,중앙값 454 < 최소 600 (rest 수준)
1479120,119,n2,grip,3,중앙값 454 < 최소 600 (rest 수준)
1479122,130,n2,grip,3,중앙값 454 < 최소 600 (rest 수준)
1479124,159,n2,grip,3,중앙값 454 < 최소 600 (rest 수준)
1479126,258,n2,grip,3,중앙값 454 < 최소 600 (rest 수준)
1479128,208,n2,grip,3,중앙값 454 < 최소 600 (rest 수준)
1479130,303,n2,grip,3,중앙값 454 < 최소 600 (rest 수준)
1479132,144,n2,grip,3,중앙값 454 < 최소 600 (rest 수준)
1479134,176,n2,grip,3,중앙값 454 < 최소 600 (rest 수준)
1479136,153,n2,grip,3,중앙값 454 < 최소 600 (rest 수준)
1479138,208,n2,grip,3,중앙값 454 < 최소 600 (rest 수준)
1479140,115,n2,grip,3,중앙값 454 < 최소 600 (rest 수준)
1479142,122,n2,grip,3,중앙값 454 < 최소 600 (rest 수준)
1479144,173,n2,grip,3,중앙값 454 < 최소 600 (rest 수준)
1479146,163,n2,grip,3,중앙값 454 < 최소 600 (rest 수준)
1479148,210,n2,grip,3,중앙값 454 < 최소 600 (rest 수준)
1479150,496,n2,grip,3,중앙값 454 < 최소 600 (rest 수준)
1479152,718,n2,grip,3,중앙값 454 < 최소 600 (rest 수준)
1479154,912,n2,grip,3,중앙값 454 < 최소 600 (rest 수준)
1479156,1083,n2,grip,3,중앙값 454 < 최소 600 (rest 수준)
1479158,1248,n2,grip,3,중앙값 454 < 최소 600 (rest 수준)
1479160,1392,n2,grip,3,중앙값 454 < 최소 600 (rest 수준)
1479162,1535,n2,grip,3,중앙값 454 < 최소 600 (rest 수준)
1479164,1665,n2,grip,3,중앙값 454 < 최소 600 (rest 수준)
1479166,1791,n2,grip,3,중앙값 454 < 최소 600 (rest 수준)
1479168,1889,n2,grip,3,중앙값 454 < 최소 600 (rest 수준)
1479170,1986,n2,grip,3,중앙값 454 < 최소 600 (rest 수준)
1479172,2079,n2,grip,3,중앙값 454 < 최소 600 (rest 수준)
1479174,2163,n2,grip,3,중앙값 454 < 최소 600 (rest 수준)
1479176,2255,n2,grip,3,중앙값 454 < 최소 600 (rest 수준)
1479178,2347,n2,grip,3,중앙값 454 < 최소 600 (rest 수준)
1479180,2459,n2,grip,3,중앙값 454 < 최소 600 (rest 수준)
1479182,2869,n2,grip,3,중앙값 454 < 최소 600 (rest 수준)
1479184,3707,n2,grip,3,중앙값 454 < 최소 600 (rest 수준)
1479186,4095,n2,grip,3,중앙값 454 < 최소 600 (rest 수준)
1479188,4095,n2,grip,3,중앙값 454 < 최소 600 (rest 수준)
1479190,4095,n2,grip,3,중앙값 454 < 최소 600 (rest 수준)
1479192,4095,n2,grip,3,중앙값 454 < 최소 600 (rest 수준)
1479194,4095,n2,grip,3,중앙값 454 < 최소 600 (rest 수준)
1479196,4095,n2,grip,3,중앙값 454 < 최소 600 (rest 수준)
1479198,4095,n2,grip,3,중앙값 454 < 최소 600 (rest 수준)
1479200,4095,n2,grip,3,중앙값 454 < 최소 600 (rest 수준)
1479202,4095,n2,grip,3,중앙값 454 < 최소 600 (rest 수준)
1479204,4095,n2,grip,3,중앙값 454 < 최소 600 (rest 수준)
1479206,4095,n2,grip,3,중앙값 454 < 최소 600 (rest 수준)
1479208,4095,n2,grip,3,중앙값 454 < 최소 600 (rest 수준)
1479210,4095,n2,grip,3,중앙값 454 < 최소 600 (rest 수준)
1479212,3913,n2,grip,3,중앙값 454 < 최소 600 (rest 수준)
1479214,3711,n2,grip,3,중앙값 454 < 최소 600 (rest 수준)
1479216,3551,n2,grip,3,중앙값 454 < 최소 600 (rest 수준)
1479218,3433,n2,grip,3,중앙값 454 < 최소 600 (rest 수준)
1479220,3333,n2,grip,3,중앙값 454 < 최소 600 (rest 수준)
1479222,3271,n2,grip,3,중앙값 454 < 최소 600 (rest 수준)
1479224,3227,n2,grip,3,중앙값 454 < 최소 600 (rest 수준)
1479226,3165,n2,grip,3,중앙값 454 < 최소 600 (rest 수준)
1479228,3137,n2,grip,3,중앙값 454 < 최소 600 (rest 수준)
1479230,3109,n2,grip,3,중앙값 454 < 최소 600 (rest 수준)
1479232,3088,n2,grip,3,중앙값 454 < 최소 600 (rest 수준)
1479234,3057,n2,grip,3,중앙값 454 < 최소 600 (rest 수준)
1479236,3045,n2,grip,3,중앙값 454 < 최소 600 (rest 수준)
1479238,3024,n2,grip,3,중앙값 454 < 최소 600 (rest 수준)
1479240,3016,n2,grip,3,중앙값 454 < 최소 600 (rest 수준)
1479242,3006,n2,grip,3,중앙값 454 < 최소 600 (rest 수준)
1479244,2998,n2,grip,3,중앙값 454 < 최소 600 (rest 수준)
1479246,2992,n2,grip,3,중앙값 454 < 최소 600 (rest 수준)
1479248,2985,n2,grip,3,중앙값 454 < 최소 600 (rest 수준)
1479250,2976,n2,grip,3,중앙값 454 < 최소 600 (rest 수준)
1479252,2961,n2,grip,3,중앙값 454 < 최소 600 (rest 수준)
1479254,2961,n2,grip,3,중앙값 454 < 최소 600 (rest 수준)
1479256,2960,n2,grip,3,중앙값 454 < 최소 600 (rest 수준)
1479258,2955,n2,grip,3,중앙값 454 < 최소 600 (rest 수준)
1479260,2944,n2,grip,3,중앙값 454 < 최소 600 (rest 수준)
1479262,2943,n2,grip,3,중앙값 454 < 최소 600 (rest 수준)
1479264,2944,n2,grip,3,중앙값 454 < 최소 600 (rest 수준)
1479266,2948,n2,grip,3,중앙값 454 < 최소 600 (rest 수준)
1479268,2943,n2,grip,3,중앙값 454 < 최소 600 (rest 수준)
1479270,2943,n2,grip,3,중앙값 454 < 최소 600 (rest 수준)
1479272,2935,n2,grip,3,중앙값 454 < 최소 600 (rest 수준)
1479274,2942,n2,grip,3,중앙값 454 < 최소 600 (rest 수준)
1479276,2933,n2,grip,3,중앙값 454 < 최소 600 (rest 수준)
1479278,2935,n2,grip,3,중앙값 454 < 최소 600 (rest 수준)
1479280,2936,n2,grip,3,중앙값 454 < 최소 600 (rest 수준)
1479282,2929,n2,grip,3,중앙값 454 < 최소 600 (rest 수준)
1479284,2928,n2,grip,3,중앙값 454 < 최소 600 (rest 수준)
1479286,2928,n2,grip,3,중앙값 454 < 최소 600 (rest 수준)
1479288,2925,n2,grip,3,중앙값 454 < 최소 600 (rest 수준)
1479290,2929,n2,grip,3,중앙값 454 < 최소 600 (rest 수준)
1479292,2925,n2,grip,3,중앙값 454 < 최소 600 (rest 수준)
1479294,2928,n2,grip,3,중앙값 454 < 최소 600 (rest 수준)
1479296,2928,n2,grip,3,중앙값 454 < 최소 600 (rest 수준)
1479298,2928,n2,grip,3,중앙값 454 < 최소 600 (rest 수준)
1479300,2922,n2,grip,3,중앙값 454 < 최소 600 (rest 수준)
1479302,2925,n2,grip,3,중앙값 454 < 최소 600 (rest 수준)
1479304,2923,n2,grip,3,중앙값 454 < 최소 600 (rest 수준)
1479306,2929,n2,grip,3,중앙값 454 < 최소 600 (rest 수준)
1479308,2927,n2,grip,3,중앙값 454 < 최소 600 (rest 수준)
1479310,2928,n2,grip,3,중앙값 454 < 최소 600 (rest 수준)
1479312,2919,n2,grip,3,중앙값 454 < 최소 600 (rest 수준)
1479314,2928,n2,grip,3,중앙값 454 < 최소 600 (rest 수준)
1479316,2927,n2,grip,3,중앙값 454 < 최소 600 (rest 수준)
1479318,2928,n2,grip,3,중앙값 454 < 최소 600 (rest 수준)
1479320,2928,n2,grip,3,중앙값 454 < 최소 600 (rest 수준)
1479322,2922,n2,grip,3,중앙값 454 < 최소 600 (rest 수준)
1479324,2929,n2,grip,3,중앙값 454 < 최소 600 (rest 수준)
1479326,2925,n2,grip,3,중앙값 454 < 최소 600 (rest 수준)
1479328,2928,n2,grip,3,중앙값 454 < 최소 600 (rest 수준)
1479330,2928,n2,grip,3,중앙값 454 < 최소 600 (rest 수준)
1479332,2928,n2,grip,3,중앙값 454 < 최소 600 (rest 수준)
1479334,2930,n2,grip,3,중앙값 454 < 최소 600 (rest 수준)
1479336,2929,n2,grip,3,중앙값 454 < 최소 600 (rest 수준)
1479338,2931,n2,grip,3,중앙값 454 < 최소 600 (rest 수준)
1479340,2930,n2,grip,3,중앙값 454 < 최소 600 (rest 수준)
1479342,2928,n2,grip,3,중앙값 454 < 최소 600 (rest 수준)
1479344,2928,n2,grip,3,중앙값 454 < 최소 600 (rest 수준)
1479346,2929,n2,grip,3,중앙값 454 < 최소 600 (rest 수준)
1479348,2930,n2,grip,3,중앙값 454 < 최소 600 (rest 수준)
1479350,2931,n2,grip,3,중앙값 454 < 최소 600 (rest 수준)
1479352,2930,n2,grip,3,중앙값 454 < 최소 600 (rest 수준)
1479354,2934,n2,grip,3,중앙값 454 < 최소 600 (rest 수준)
1479356,2938,n2,grip,3,중앙값 454 < 최소 600 (rest 수준)
1479358,2934,n2,grip,3,중앙값 454 < 최소 600 (rest 수준)
1479360,2934,n2,grip,3,중앙값 454 < 최소 600 (rest 수준)
1479362,2930,n2,grip,3,중앙값 454 < 최소 600 (rest 수준)
1479364,2943,n2,grip,3,중앙값 454 < 최소 600 (rest 수준)
1479366,2941,n2,grip,3,중앙값 454 < 최소 600 (rest 수준)
1479368,2941,n2,grip,3,중앙값 454 < 최소 600 (rest 수준)
1479370,2942,n2,grip,3,중앙값 454 < 최소 600 (rest 수준)
1479372,2943,n2,grip,3,중앙값 454 < 최소 600 (rest 수준)
1479374,2939,n2,grip,3,중앙값 454 < 최소 600 (rest 수준)
1479376,2944,n2,grip,3,중앙값 454 < 최소 600 (rest 수준)
1479378,2941,n2,grip,3,중앙값 454 < 최소 600 (rest 수준)
1479380,2943,n2,grip,3,중앙값 454 < 최소 600 (rest 수준)
1479382,2947,n2,grip,3,중앙값 454 < 최소 600 (rest 수준)
1479384,2946,n2,grip,3,중앙값 454 < 최소 600 (rest 수준)
1479386,2946,n2,grip,3,중앙값 454 < 최소 600 (rest 수준)
1479388,2946,n2,grip,3,중앙값 454 < 최소 600 (rest 수준)
1479390,2949,n2,grip,3,중앙값 454 < 최소 600 (rest 수준)
1479392,2945,n2,grip,3,중앙값 454 < 최소 600 (rest 수준)
1479394,2946,n2,grip,3,중앙값 454 < 최소 600 (rest 수준)
1479396,2949,n2,grip,3,중앙값 454 < 최소 600 (rest 수준)
1479398,2945,n2,grip,3,중앙값 454 < 최소 600 (rest 수준)
1479400,2946,n2,grip,3,중앙값 454 < 최소 600 (rest 수준)
1479402,2950,n2,grip,3,중앙값 454 < 최소 600 (rest 수준)
1479404,2950,n2,grip,3,중앙값 454 < 최소 600 (rest 수준)
1479406,2949,n2,grip,3,중앙값 454 < 최소 600 (rest 수준)
1479408,2944,n2,grip,3,중앙값 454 < 최소 600 (rest 수준)
1479410,2955,n2,grip,3,중앙값 454 < 최소 600 (rest 수준)
1479412,2955,n2,grip,3,중앙값 454 < 최소 600 (rest 수준)
1479414,2955,n2,grip,3,중앙값 454 < 최소 600 (rest 수준)
1479416,2960,n2,grip,3,중앙값 454 < 최소 600 (rest 수준)
1479418,2950,n2,grip,3,중앙값 454 < 최소 600 (rest 수준)
1479420,2955,n2,grip,3,중앙값 454 < 최소 600 (rest 수준)
1479422,2960,n2,grip,3,중앙값 454 < 최소 600 (rest 수준)
1479424,2959,n2,grip,3,중앙값 454 < 최소 600 (rest 수준)
1479426,2953,n2,grip,3,중앙값 454 < 최소 600 (rest 수준)
1479428,2957,n2,grip,3,중앙값 454 < 최소 600 (rest 수준)
1479430,2959,n2,grip,3,중앙값 454 < 최소 600 (rest 수준)
1479432,2959,n2,grip,3,중앙값 454 < 최소 600 (rest 수준)
1479434,2960,n2,grip,3,중앙값 454 < 최소 600 (rest 수준)
1479436,2962,n2,grip,3,중앙값 454 < 최소 600 (rest 수준)
1479438,2960,n2,grip,3,중앙값 454 < 최소 600 (rest 수준)
1479440,2961,n2,grip,3,중앙값 454 < 최소 600 (rest 수준)
1479442,2965,n2,grip,3,중앙값 454 < 최소 600 (rest 수준)
1479444,2968,n2,grip,3,중앙값 454 < 최소 600 (rest 수준)
1479446,2963,n2,grip,3,중앙값 454 < 최소 600 (rest 수준)
1479448,2962,n2,grip,3,중앙값 454 < 최소 600 (rest 수준)
1479450,2970,n2,grip,3,중앙값 454 < 최소 600 (rest 수준)
1479452,2965,n2,grip,3,중앙값 454 < 최소 600 (rest 수준)
1479454,2962,n2,grip,3,중앙값 454 < 최소 600 (rest 수준)
1479456,2966,n2,grip,3,중앙값 454 < 최소 600 (rest 수준)
1479458,2966,n2,grip,3,중앙값 454 < 최소 600 (rest 수준)
1479460,2965,n2,grip,3,중앙값 454 < 최소 600 (rest 수준)
1479462,2966,n2,grip,3,중앙값 454 < 최소 600 (rest 수준)
1479464,2971,n2,grip,3,중앙값 454 < 최소 600 (rest 수준)
1479466,2967,n2,grip,3,중앙값 454 < 최소 600 (rest 수준)
1479468,2963,n2,grip,3,중앙값 454 < 최소 600 (rest 수준)
1479470,2967,n2,grip,3,중앙값 454 < 최소 600 (rest 수준)
1479472,2976,n2,grip,3,중앙값 454 < 최소 600 (rest 수준)
1479474,2981,n2,grip,3,중앙값 454 < 최소 600 (rest 수준)
1479476,2974,n2,grip,3,중앙값 454 < 최소 600 (rest 수준)
1479478,2971,n2,grip,3,중앙값 454 < 최소 600 (rest 수준)
1479480,2980,n2,grip,3,중앙값 454 < 최소 600 (rest 수준)
1479482,2975,n2,grip,3,중앙값 454 < 최소 600 (rest 수준)
1479484,2975,n2,grip,3,중앙값 454 < 최소 600 (rest 수준)
1479486,2973,n2,grip,3,중앙값 454 < 최소 600 (rest 수준)
1479488,2979,n2,grip,3,중앙값 454 < 최소 600 (rest 수준)
1479490,2978,n2,grip,3,중앙값 454 < 최소 600 (rest 수준)
1479492,2977,n2,grip,3,중앙값 454 < 최소 600 (rest 수준)
1479494,2971,n2,grip,3,중앙값 454 < 최소 600 (rest 수준)
1479496,2978,n2,grip,3,중앙값 454 < 최소 600 (rest 수준)
1479498,2985,n2,grip,3,중앙값 454 < 최소 600 (rest 수준)
1479500,2981,n2,grip,3,중앙값 454 < 최소 600 (rest 수준)
1479502,2981,n2,grip,3,중앙값 454 < 최소 600 (rest 수준)
1479504,2980,n2,grip,3,중앙값 454 < 최소 600 (rest 수준)
1479506,2986,n2,grip,3,중앙값 454 < 최소 600 (rest 수준)
1479508,2978,n2,grip,3,중앙값 454 < 최소 600 (rest 수준)
1479510,2990,n2,grip,3,중앙값 454 < 최소 600 (rest 수준)
1479512,2989,n2,grip,3,중앙값 454 < 최소 600 (rest 수준)
1479514,2991,n2,grip,3,중앙값 454 < 최소 600 (rest 수준)
1479516,2977,n2,grip,3,중앙값 454 < 최소 600 (rest 수준)
1479518,2987,n2,grip,3,중앙값 454 < 최소 600 (rest 수준)
1479520,2979,n2,grip,3,중앙값 454 < 최소 600 (rest 수준)
1479522,2991,n2,grip,3,중앙값 454 < 최소 600 (rest 수준)
1479524,2986,n2,grip,3,중앙값 454 < 최소 600 (rest 수준)
1479526,2987,n2,grip,3,중앙값 454 < 최소 600 (rest 수준)
1479528,2994,n2,grip,3,중앙값 454 < 최소 600 (rest 수준)
1479530,2987,n2,grip,3,중앙값 454 < 최소 600 (rest 수준)
1479532,2990,n2,grip,3,중앙값 454 < 최소 600 (rest 수준)
1479534,2983,n2,grip,3,중앙값 454 < 최소 600 (rest 수준)
1479536,2992,n2,grip,3,중앙값 454 < 최소 600 (rest 수준)
1479538,2992,n2,grip,3,중앙값 454 < 최소 600 (rest 수준)
1479540,2992,n2,grip,3,중앙값 454 < 최소 600 (rest 수준)
1479542,2992,n2,grip,3,중앙값 454 < 최소 600 (rest 수준)
1479544,2992,n2,grip,3,중앙값 454 < 최소 600 (rest 수준)
1479546,2995,n2,grip,3,중앙값 454 < 최소 600 (rest 수준)
1479548,2993,n2,grip,3,중앙값 454 < 최소 600 (rest 수준)
1479550,2993,n2,grip,3,중앙값 454 < 최소 600 (rest 수준)
1479552,2996,n2,grip,3,중앙값 454 < 최소 600 (rest 수준)
1479554,2990,n2,grip,3,중앙값 454 < 최소 600 (rest 수준)
1479556,2992,n2,grip,3,중앙값 454 < 최소 600 (rest 수준)
1479558,3002,n2,grip,3,중앙값 454 < 최소 600 (rest 수준)
1479560,3003,n2,grip,3,중앙값 454 < 최소 600 (rest 수준)
1479562,2994,n2,grip,3,중앙값 454 < 최소 600 (rest 수준)
1479564,2994,n2,grip,3,중앙값 454 < 최소 600 (rest 수준)
1479566,2992,n2,grip,3,중앙값 454 < 최소 600 (rest 수준)
1479568,3008,n2,grip,3,중앙값 454 < 최소 600 (rest 수준)
1479570,2995,n2,grip,3,중앙값 454 < 최소 600 (rest 수준)
1479572,3005,n2,grip,3,중앙값 454 < 최소 600 (rest 수준)
1479574,3001,n2,grip,3,중앙값 454 < 최소 600 (rest 수준)
1479576,3001,n2,grip,3,중앙값 454 < 최소 600 (rest 수준)
1479578,3003,n2,grip,3,중앙값 454 < 최소 600 (rest 수준)
1479580,3002,n2,grip,3,중앙값 454 < 최소 600 (rest 수준)
1479582,3009,n2,grip,3,중앙값 454 < 최소 600 (rest 수준)
1479584,3003,n2,grip,3,중앙값 454 < 최소 600 (rest 수준)
1479586,3005,n2,grip,3,중앙값 454 < 최소 600 (rest 수준)
1479588,3008,n2,grip,3,중앙값 454 < 최소 600 (rest 수준)
1479590,3006,n2,grip,3,중앙값 454 < 최소 600 (rest 수준)
1479592,3007,n2,grip,3,중앙값 454 < 최소 600 (rest 수준)
1479594,3009,n2,grip,3,중앙값 454 < 최소 600 (rest 수준)
1479596,3007,n2,grip,3,중앙값 454 < 최소 600 (rest 수준)
1479598,3010,n2,grip,3,중앙값 454 < 최소 600 (rest 수준)
1479600,3009,n2,grip,3,중앙값 454 < 최소 600 (rest 수준)
1479602,3013,n2,grip,3,중앙값 454 < 최소 600 (rest 수준)
1479604,3009,n2,grip,3,중앙값 454 < 최소 600 (rest 수준)
1479606,3011,n2,grip,3,중앙값 454 < 최소 600 (rest 수준)
1479608,3008,n2,grip,3,중앙값 454 < 최소 600 (rest 수준)
1479610,3010,n2,grip,3,중앙값 454 < 최소 600 (rest 수준)
1479612,3011,n2,grip,3,중앙값 454 < 최소 600 (rest 수준)
1479614,3011,n2,grip,3,중앙값 454 < 최소 600 (rest 수준)
1479616,3018,n2,grip,3,중앙값 454 < 최소 600 (rest 수준)
1479618,3015,n2,grip,3,중앙값 454 < 최소 600 (rest 수준)
1479620,3021,n2,grip,3,중앙값 454 < 최소 600 (rest 수준)
1479622,3019,n2,grip,3,중앙값 454 < 최소 600 (rest 수준)
1479624,3013,n2,grip,3,중앙값 454 < 최소 600 (rest 수준)
1479626,3017,n2,grip,3,중앙값 454 < 최소 600 (rest 수준)
1479628,3013,n2,grip,3,중앙값 454 < 최소 600 (rest 수준)
1479630,3020,n2,grip,3,중앙값 454 < 최소 600 (rest 수준)
1479632,3022,n2,grip,3,중앙값 454 < 최소 600 (rest 수준)
1479634,3014,n2,grip,3,중앙값 454 < 최소 600 (rest 수준)
1479636,3021,n2,grip,3,중앙값 454 < 최소 600 (rest 수준)
1479638,3015,n2,grip,3,중앙값 454 < 최소 600 (rest 수준)
1479640,3017,n2,grip,3,중앙값 454 < 최소 600 (rest 수준)
1479642,3024,n2,grip,3,중앙값 454 < 최소 600 (rest 수준)
1479644,3023,n2,grip,3,중앙값 454 < 최소 600 (rest 수준)
1479646,3024,n2,grip,3,중앙값 454 < 최소 600 (rest 수준)
1479648,3024,n2,grip,3,중앙값 454 < 최소 600 (rest 수준)
1479650,3024,n2,grip,3,중앙값 454 < 최소 600 (rest 수준)
1479652,3021,n2,grip,3,중앙값 454 < 최소 600 (rest 수준)
1479654,3023,n2,grip,3,중앙값 454 < 최소 600 (rest 수준)
1479656,3020,n2,grip,3,중앙값 454 < 최소 600 (rest 수준)
1479658,3026,n2,grip,3,중앙값 454 < 최소 600 (rest 수준)
1479660,3027,n2,grip,3,중앙값 454 < 최소 600 (rest 수준)
1479662,3024,n2,grip,3,중앙값 454 < 최소 600 (rest 수준)
1479664,3025,n2,grip,3,중앙값 454 < 최소 600 (rest 수준)
1479666,3030,n2,grip,3,중앙값 454 < 최소 600 (rest 수준)
1479668,3026,n2,grip,3,중앙값 454 < 최소 600 (rest 수준)
1479670,3031,n2,grip,3,중앙값 454 < 최소 600 (rest 수준)
1479672,3025,n2,grip,3,중앙값 454 < 최소 600 (rest 수준)
1479674,3031,n2,grip,3,중앙값 454 < 최소 600 (rest 수준)
1479676,3027,n2,grip,3,중앙값 454 < 최소 600 (rest 수준)
1479678,3031,n2,grip,3,중앙값 454 < 최소 600 (rest 수준)
1479680,3034,n2,grip,3,중앙값 454 < 최소 600 (rest 수준)
1479682,3033,n2,grip,3,중앙값 454 < 최소 600 (rest 수준)
1479684,3031,n2,grip,3,중앙값 454 < 최소 600 (rest 수준)
1479686,3034,n2,grip,3,중앙값 454 < 최소 600 (rest 수준)
1479688,3040,n2,grip,3,중앙값 454 < 최소 600 (rest 수준)
1479690,3033,n2,grip,3,중앙값 454 < 최소 600 (rest 수준)
1479692,3030,n2,grip,3,중앙값 454 < 최소 600 (rest 수준)
1479694,3037,n2,grip,3,중앙값 454 < 최소 600 (rest 수준)
1479696,3031,n2,grip,3,중앙값 454 < 최소 600 (rest 수준)
1479698,3037,n2,grip,3,중앙값 454 < 최소 600 (rest 수준)
1479700,3035,n2,grip,3,중앙값 454 < 최소 600 (rest 수준)
1479702,3039,n2,grip,3,중앙값 454 < 최소 600 (rest 수준)
1479704,3031,n2,grip,3,중앙값 454 < 최소 600 (rest 수준)
1479706,3035,n2,grip,3,중앙값 454 < 최소 600 (rest 수준)
1479708,3041,n2,grip,3,중앙값 454 < 최소 600 (rest 수준)
1479710,3041,n2,grip,3,중앙값 454 < 최소 600 (rest 수준)
1479712,3044,n2,grip,3,중앙값 454 < 최소 600 (rest 수준)
1479714,3039,n2,grip,3,중앙값 454 < 최소 600 (rest 수준)
1479716,3039,n2,grip,3,중앙값 454 < 최소 600 (rest 수준)
1479718,3046,n2,grip,3,중앙값 454 < 최소 600 (rest 수준)
1479720,3042,n2,grip,3,중앙값 454 < 최소 600 (rest 수준)
1479722,3034,n2,grip,3,중앙값 454 < 최소 600 (rest 수준)
1479724,3041,n2,grip,3,중앙값 454 < 최소 600 (rest 수준)
1479726,3039,n2,grip,3,중앙값 454 < 최소 600 (rest 수준)
1479728,3045,n2,grip,3,중앙값 454 < 최소 600 (rest 수준)
1479730,3041,n2,grip,3,중앙값 454 < 최소 600 (rest 수준)
1479732,3046,n2,grip,3,중앙값 454 < 최소 600 (rest 수준)
1479734,3042,n2,grip,3,중앙값 454 < 최소 600 (rest 수준)
1479736,3044,n2,grip,3,중앙값 454 < 최소 600 (rest 수준)
1479738,3043,n2,grip,3,중앙값 454 < 최소 600 (rest 수준)
1479740,3041,n2,grip,3,중앙값 454 < 최소 600 (rest 수준)
1479742,3051,n2,grip,3,중앙값 454 < 최소 600 (rest 수준)
1479744,3042,n2,grip,3,중앙값 454 < 최소 600 (rest 수준)
1479746,3047,n2,grip,3,중앙값 454 < 최소 600 (rest 수준)
1479748,3050,n2,grip,3,중앙값 454 < 최소 600 (rest 수준)
1479750,3055,n2,grip,3,중앙값 454 < 최소 600 (rest 수준)
1479752,3051,n2,grip,3,중앙값 454 < 최소 600 (rest 수준)
1479754,3056,n2,grip,3,중앙값 454 < 최소 600 (rest 수준)
1479756,3055,n2,grip,3,중앙값 454 < 최소 600 (rest 수준)
1479758,3052,n2,grip,3,중앙값 454 < 최소 600 (rest 수준)
1479760,3053,n2,grip,3,중앙값 454 < 최소 600 (rest 수준)
1479762,3053,n2,grip,3,중앙값 454 < 최소 600 (rest 수준)
1479764,3061,n2,grip,3,중앙값 454 < 최소 600 (rest 수준)
1479766,3056,n2,grip,3,중앙값 454 < 최소 600 (rest 수준)
1479768,3059,n2,grip,3,중앙값 454 < 최소 600 (rest 수준)
1479770,3057,n2,grip,3,중앙값 454 < 최소 600 (rest 수준)
1479772,3055,n2,grip,3,중앙값 454 < 최소 600 (rest 수준)
1479774,3056,n2,grip,3,중앙값 454 < 최소 600 (rest 수준)
1479776,3055,n2,grip,3,중앙값 454 < 최소 600 (rest 수준)
1479778,3059,n2,grip,3,중앙값 454 < 최소 600 (rest 수준)
1479780,3056,n2,grip,3,중앙값 454 < 최소 600 (rest 수준)
1479782,3056,n2,grip,3,중앙값 454 < 최소 600 (rest 수준)
1479784,3061,n2,grip,3,중앙값 454 < 최소 600 (rest 수준)
1479786,3056,n2,grip,3,중앙값 454 < 최소 600 (rest 수준)
1479788,3068,n2,grip,3,중앙값 454 < 최소 600 (rest 수준)
1479790,3054,n2,grip,3,중앙값 454 < 최소 600 (rest 수준)
1479792,3065,n2,grip,3,중앙값 454 < 최소 600 (rest 수준)
1479794,3063,n2,grip,3,중앙값 454 < 최소 600 (rest 수준)
1479796,3059,n2,grip,3,중앙값 454 < 최소 600 (rest 수준)
1479798,3056,n2,grip,3,중앙값 454 < 최소 600 (rest 수준)
1479800,3059,n2,grip,3,중앙값 454 < 최소 600 (rest 수준)
1479802,3061,n2,grip,3,중앙값 454 < 최소 600 (rest 수준)
1479804,3063,n2,grip,3,중앙값 454 < 최소 600 (rest 수준)
1479806,3060,n2,grip,3,중앙값 454 < 최소 600 (rest 수준)
1479808,3066,n2,grip,3,중앙값 454 < 최소 600 (rest 수준)
1479810,3066,n2,grip,3,중앙값 454 < 최소 600 (rest 수준)
1479812,3061,n2,grip,3,중앙값 454 < 최소 600 (rest 수준)
1479814,3070,n2,grip,3,중앙값 454 < 최소 600 (rest 수준)
1479816,3063,n2,grip,3,중앙값 454 < 최소 600 (rest 수준)
1479818,3066,n2,grip,3,중앙값 454 < 최소 600 (rest 수준)
1479820,3062,n2,grip,3,중앙값 454 < 최소 600 (rest 수준)
1479822,3071,n2,grip,3,중앙값 454 < 최소 600 (rest 수준)
1479824,3063,n2,grip,3,중앙값 454 < 최소 600 (rest 수준)
1479826,3067,n2,grip,3,중앙값 454 < 최소 600 (rest 수준)
1479828,3068,n2,grip,3,중앙값 454 < 최소 600 (rest 수준)
1479830,3069,n2,grip,3,중앙값 454 < 최소 600 (rest 수준)
1479832,3066,n2,grip,3,중앙값 454 < 최소 600 (rest 수준)
1479834,3064,n2,grip,3,중앙값 454 < 최소 600 (rest 수준)
1479836,3069,n2,grip,3,중앙값 454 < 최소 600 (rest 수준)
1479838,3066,n2,grip,3,중앙값 454 < 최소 600 (rest 수준)
1479840,3071,n2,grip,3,중앙값 454 < 최소 600 (rest 수준)
1479842,3071,n2,grip,3,중앙값 454 < 최소 600 (rest 수준)
1479844,3071,n2,grip,3,중앙값 454 < 최소 600 (rest 수준)
1479846,3071,n2,grip,3,중앙값 454 < 최소 600 (rest 수준)
1479848,3071,n2,grip,3,중앙값 454 < 최소 600 (rest 수준)
1479850,3083,n2,grip,3,중앙값 454 < 최소 600 (rest 수준)
1479852,3071,n2,grip,3,중앙값 454 < 최소 600 (rest 수준)
1479854,3071,n2,grip,3,중앙값 454 < 최소 600 (rest 수준)
1479856,3069,n2,grip,3,중앙값 454 < 최소 600 (rest 수준)
1479858,3071,n2,grip,3,중앙값 454 < 최소 600 (rest 수준)
1479860,3071,n2,grip,3,중앙값 454 < 최소 600 (rest 수준)
1479862,3071,n2,grip,3,중앙값 454 < 최소 600 (rest 수준)
1479864,3083,n2,grip,3,중앙값 454 < 최소 600 (rest 수준)
1479866,3086,n2,grip,3,중앙값 454 < 최소 600 (rest 수준)
1479868,3085,n2,grip,3,중앙값 454 < 최소 600 (rest 수준)
1479870,3071,n2,grip,3,중앙값 454 < 최소 600 (rest 수준)
1479872,3088,n2,grip,3,중앙값 454 < 최소 600 (rest 수준)
1479874,3088,n2,grip,3,중앙값 454 < 최소 600 (rest 수준)
1479876,3071,n2,grip,3,중앙값 454 < 최소 600 (rest 수준)
1479878,3087,n2,grip,3,중앙값 454 < 최소 600 (rest 수준)
1479880,3081,n2,grip,3,중앙값 454 < 최소 600 (rest 수준)
1479882,3071,n2,grip,3,중앙값 454 < 최소 600 (rest 수준)
1479884,3087,n2,grip,3,중앙값 454 < 최소 600 (rest 수준)
1479886,3087,n2,grip,3,중앙값 454 < 최소 600 (rest 수준)
1479888,3088,n2,grip,3,중앙값 454 < 최소 600 (rest 수준)
1479890,3091,n2,grip,3,중앙값 454 < 최소 600 (rest 수준)
1479892,3085,n2,grip,3,중앙값 454 < 최소 600 (rest 수준)
1479894,3089,n2,grip,3,중앙값 454 < 최소 600 (rest 수준)
1479896,3088,n2,grip,3,중앙값 454 < 최소 600 (rest 수준)
1479898,3088,n2,grip,3,중앙값 454 < 최소 600 (rest 수준)
1479900,3092,n2,grip,3,중앙값 454 < 최소 600 (rest 수준)
1479902,3087,n2,grip,3,중앙값 454 < 최소 600 (rest 수준)
1479904,3088,n2,grip,3,중앙값 454 < 최소 600 (rest 수준)
1479906,3094,n2,grip,3,중앙값 454 < 최소 600 (rest 수준)
1479908,3089,n2,grip,3,중앙값 454 < 최소 600 (rest 수준)
1479910,3093,n2,grip,3,중앙값 454 < 최소 600 (rest 수준)
1479912,3093,n2,grip,3,중앙값 454 < 최소 600 (rest 수준)
1479914,3091,n2,grip,3,중앙값 454 < 최소 600 (rest 수준)
1479916,3097,n2,grip,3,중앙값 454 < 최소 600 (rest 수준)
1479918,3089,n2,grip,3,중앙값 454 < 최소 600 (rest 수준)
1479920,3099,n2,grip,3,중앙값 454 < 최소 600 (rest 수준)
1479922,3090,n2,grip,3,중앙값 454 < 최소 600 (rest 수준)
1479924,3095,n2,grip,3,중앙값 454 < 최소 600 (rest 수준)
1479926,3090,n2,grip,3,중앙값 454 < 최소 600 (rest 수준)
1479928,3095,n2,grip,3,중앙값 454 < 최소 600 (rest 수준)
1479930,3094,n2,grip,3,중앙값 454 < 최소 600 (rest 수준)
1479932,3094,n2,grip,3,중앙값 454 < 최소 600 (rest 수준)
1479934,3097,n2,grip,3,중앙값 454 < 최소 600 (rest 수준)
1479936,3102,n2,grip,3,중앙값 454 < 최소 600 (rest 수준)
1479938,3104,n2,grip,3,중앙값 454 < 최소 600 (rest 수준)
1479940,3102,n2,grip,3,중앙값 454 < 최소 600 (rest 수준)
1479942,3099,n2,grip,3,중앙값 454 < 최소 600 (rest 수준)
1479944,3106,n2,grip,3,중앙값 454 < 최소 600 (rest 수준)
1479946,3105,n2,grip,3,중앙값 454 < 최소 600 (rest 수준)
1479948,3107,n2,grip,3,중앙값 454 < 최소 600 (rest 수준)
1479950,3103,n2,grip,3,중앙값 454 < 최소 600 (rest 수준)
1479952,3105,n2,grip,3,중앙값 454 < 최소 600 (rest 수준)
1479954,3098,n2,grip,3,중앙값 454 < 최소 600 (rest 수준)
1479956,3105,n2,grip,3,중앙값 454 < 최소 600 (rest 수준)
1479958,3093,n2,grip,3,중앙값 454 < 최소 600 (rest 수준)
1479960,3101,n2,grip,3,중앙값 454 < 최소 600 (rest 수준)
1479962,3104,n2,grip,3,중앙값 454 < 최소 600 (rest 수준)
1479964,3110,n2,grip,3,중앙값 454 < 최소 600 (rest 수준)
1479966,3110,n2,grip,3,중앙값 454 < 최소 600 (rest 수준)
1479968,3103,n2,grip,3,중앙값 454 < 최소 600 (rest 수준)
1479970,3100,n2,grip,3,중앙값 454 < 최소 600 (rest 수준)
1479972,3104,n2,grip,3,중앙값 454 < 최소 600 (rest 수준)
1479974,3111,n2,grip,3,중앙값 454 < 최소 600 (rest 수준)
1479976,3113,n2,grip,3,중앙값 454 < 최소 600 (rest 수준)
1479978,3114,n2,grip,3,중앙값 454 < 최소 600 (rest 수준)
1479980,3106,n2,grip,3,중앙값 454 < 최소 600 (rest 수준)
1479982,3110,n2,grip,3,중앙값 454 < 최소 600 (rest 수준)
1479984,3104,n2,grip,3,중앙값 454 < 최소 600 (rest 수준)
1479986,3107,n2,grip,3,중앙값 454 < 최소 600 (rest 수준)
1479988,3113,n2,grip,3,중앙값 454 < 최소 600 (rest 수준)
1479990,3116,n2,grip,3,중앙값 454 < 최소 600 (rest 수준)
1479992,3109,n2,grip,3,중앙값 454 < 최소 600 (rest 수준)
1479994,3115,n2,grip,3,중앙값 454 < 최소 600 (rest 수준)
1479996,3108,n2,grip,3,중앙값 454 < 최소 600 (rest 수준)
1479998,3120,n2,grip,3,중앙값 454 < 최소 600 (rest 수준)
1480000,3115,n2,grip,3,중앙값 454 < 최소 600 (rest 수준)
1480002,3114,n2,grip,3,중앙값 454 < 최소 600 (rest 수준)
1480004,3113,n2,grip,3,중앙값 454 < 최소 600 (rest 수준)
1480006,3115,n2,grip,3,중앙값 454 < 최소 600 (rest 수준)
1480008,3110,n2,grip,3,중앙값 454 < 최소 600 (rest 수준)
1480010,3118,n2,grip,3,중앙값 454 < 최소 600 (rest 수준)
1480012,3120,n2,grip,3,중앙값 454 < 최소 600 (rest 수준)
1480014,3119,n2,grip,3,중앙값 454 < 최소 600 (rest 수준)
1480016,3111,n2,grip,3,중앙값 454 < 최소 600 (rest 수준)
1480018,3121,n2,grip,3,중앙값 454 < 최소 600 (rest 수준)
1480020,3120,n2,grip,3,중앙값 454 < 최소 600 (rest 수준)
1480022,3121,n2,grip,3,중앙값 454 < 최소 600 (rest 수준)
1480024,3119,n2,grip,3,중앙값 454 < 최소 600 (rest 수준)
1480026,3117,n2,grip,3,중앙값 454 < 최소 600 (rest 수준)
1480028,3119,n2,grip,3,중앙값 454 < 최소 600 (rest 수준)
1480030,3111,n2,grip,3,중앙값 454 < 최소 600 (rest 수준)
1480032,3111,n2,grip,3,중앙값 454 < 최소 600 (rest 수준)
1480034,3117,n2,grip,3,중앙값 454 < 최소 600 (rest 수준)
1480036,3120,n2,grip,3,중앙값 454 < 최소 600 (rest 수준)
1480038,3119,n2,grip,3,중앙값 454 < 최소 600 (rest 수준)
1480040,3120,n2,grip,3,중앙값 454 < 최소 600 (rest 수준)
1480042,3121,n2,grip,3,중앙값 454 < 최소 600 (rest 수준)
1480044,3120,n2,grip,3,중앙값 454 < 최소 600 (rest 수준)
1480046,3125,n2,grip,3,중앙값 454 < 최소 600 (rest 수준)
1480048,3123,n2,grip,3,중앙값 454 < 최소 600 (rest 수준)
1480050,3121,n2,grip,3,중앙값 454 < 최소 600 (rest 수준)
1480052,3122,n2,grip,3,중앙값 454 < 최소 600 (rest 수준)
1480054,3125,n2,grip,3,중앙값 454 < 최소 600 (rest 수준)
1480056,3127,n2,grip,3,중앙값 454 < 최소 600 (rest 수준)
1480058,3126,n2,grip,3,중앙값 454 < 최소 600 (rest 수준)
1480060,3123,n2,grip,3,중앙값 454 < 최소 600 (rest 수준)
1480062,3126,n2,grip,3,중앙값 454 < 최소 600 (rest 수준)
1480064,3131,n2,grip,3,중앙값 454 < 최소 600 (rest 수준)
1480066,3121,n2,grip,3,중앙값 454 < 최소 600 (rest 수준)
1480068,3134,n2,grip,3,중앙값 454 < 최소 600 (rest 수준)
1480070,3135,n2,grip,3,중앙값 454 < 최소 600 (rest 수준)
1480072,3136,n2,grip,3,중앙값 454 < 최소 600 (rest 수준)
1480074,3130,n2,grip,3,중앙값 454 < 최소 600 (rest 수준)
1480076,3133,n2,grip,3,중앙값 454 < 최소 600 (rest 수준)
1480078,751,n2,grip,3,중앙값 454 < 최소 600 (rest 수준)
1480080,977,n2,grip,3,중앙값 454 < 최소 600 (rest 수준)
1480082,1167,n2,grip,3,중앙값 454 < 최소 600 (rest 수준)
1480084,1271,n2,grip,3,중앙값 454 < 최소 600 (rest 수준)
1480086,1337,n2,grip,3,중앙값 454 < 최소 600 (rest 수준)
1480088,1363,n2,grip,3,중앙값 454 < 최소 600 (rest 수준)
1480090,1360,n2,grip,3,중앙값 454 < 최소 600 (rest 수준)
1480092,1334,n2,grip,3,중앙값 454 < 최소 600 (rest 수준)
1480094,1301,n2,grip,3,중앙값 454 < 최소 600 (rest 수준)
1480096,1258,n2,grip,3,중앙값 454 < 최소 600 (rest 수준)
1480098,1210,n2,grip,3,중앙값 454 < 최소 600 (rest 수준)
1480100,1151,n2,grip,3,중앙값 454 < 최소 600 (rest 수준)
1480102,1103,n2,grip,3,중앙값 454 < 최소 600 (rest 수준)
1480104,1054,n2,grip,3,중앙값 454 < 최소 600 (rest 수준)
1480106,1037,n2,grip,3,중앙값 454 < 최소 600 (rest 수준)
1480108,987,n2,grip,3,중앙값 454 < 최소 600 (rest 수준)
1480110,1045,n2,grip,3,중앙값 454 < 최소 600 (rest 수준)
1480112,1038,n2,grip,3,중앙값 454 < 최소 600 (rest 수준)
1480114,1008,n2,grip,3,중앙값 454 < 최소 600 (rest 수준)
1480116,962,n2,grip,3,중앙값 454 < 최소 600 (rest 수준)
1480118,917,n2,grip,3,중앙값 454 < 최소 600 (rest 수준)
1480120,880,n2,grip,3,중앙값 454 < 최소 600 (rest 수준)
1480122,839,n2,grip,3,중앙값 454 < 최소 600 (rest 수준)
1480124,797,n2,grip,3,중앙값 454 < 최소 600 (rest 수준)
1480126,765,n2,grip,3,중앙값 454 < 최소 600 (rest 수준)
1480128,726,n2,grip,3,중앙값 454 < 최소 600 (rest 수준)
1480130,688,n2,grip,3,중앙값 454 < 최소 600 (rest 수준)
1480132,671,n2,grip,3,중앙값 454 < 최소 600 (rest 수준)
1480134,652,n2,grip,3,중앙값 454 < 최소 600 (rest 수준)
1480136,624,n2,grip,3,중앙값 454 < 최소 600 (rest 수준)
1480138,601,n2,grip,3,중앙값 454 < 최소 600 (rest 수준)
1480140,584,n2,grip,3,중앙값 454 < 최소 600 (rest 수준)
1480142,590,n2,grip,3,중앙값 454 < 최소 600 (rest 수준)
1480144,575,n2,grip,3,중앙값 454 < 최소 600 (rest 수준)
1480146,597,n2,grip,3,중앙값 454 < 최소 600 (rest 수준)
1480148,592,n2,grip,3,중앙값 454 < 최소 600 (rest 수준)
1480150,576,n2,grip,3,중앙값 454 < 최소 600 (rest 수준)
1480152,563,n2,grip,3,중앙값 454 < 최소 600 (rest 수준)
1480154,544,n2,grip,3,중앙값 454 < 최소 600 (rest 수준)
1480156,528,n2,grip,3,중앙값 454 < 최소 600 (rest 수준)
1480158,499,n2,grip,3,중앙값 454 < 최소 600 (rest 수준)
1480160,484,n2,grip,3,중앙값 454 < 최소 600 (rest 수준)
1480162,475,n2,grip,3,중앙값 454 < 최소 600 (rest 수준)
1480164,453,n2,grip,3,중앙값 454 < 최소 600 (rest 수준)
1480166,429,n2,grip,3,중앙값 454 < 최소 600 (rest 수준)
1480168,405,n2,grip,3,중앙값 454 < 최소 600 (rest 수준)
1480170,384,n2,grip,3,중앙값 454 < 최소 600 (rest 수준)
1480172,367,n2,grip,3,중앙값 454 < 최소 600 (rest 수준)
1480174,347,n2,grip,3,중앙값 454 < 최소 600 (rest 수준)
1480176,337,n2,grip,3,중앙값 454 < 최소 600 (rest 수준)
1480178,346,n2,grip,3,중앙값 454 < 최소 600 (rest 수준)
1480180,337,n2,grip,3,중앙값 454 < 최소 600 (rest 수준)
1480182,321,n2,grip,3,중앙값 454 < 최소 600 (rest 수준)
1480184,321,n2,grip,3,중앙값 454 < 최소 600 (rest 수준)
1480186,313,n2,grip,3,중앙값 454 < 최소 600 (rest 수준)
1480188,300,n2,grip,3,중앙값 454 < 최소 600 (rest 수준)
1480190,306,n2,grip,3,중앙값 454 < 최소 600 (rest 수준)
1480192,342,n2,grip,3,중앙값 454 < 최소 600 (rest 수준)
1480194,374,n2,grip,3,중앙값 454 < 최소 600 (rest 수준)
1480196,385,n2,grip,3,중앙값 454 < 최소 600 (rest 수준)
1480198,448,n2,grip,3,중앙값 454 < 최소 600 (rest 수준)
1480200,435,n2,grip,3,중앙값 454 < 최소 600 (rest 수준)
1480202,456,n2,grip,3,중앙값 454 < 최소 600 (rest 수준)
1480204,464,n2,grip,3,중앙값 454 < 최소 600 (rest 수준)
1480206,449,n2,grip,3,중앙값 454 < 최소 600 (rest 수준)
1480208,444,n2,grip,3,중앙값 454 < 최소 600 (rest 수준)
1480210,464,n2,grip,3,중앙값 454 < 최소 600 (rest 수준)
1480212,453,n2,grip,3,중앙값 454 < 최소 600 (rest 수준)
1480214,464,n2,grip,3,중앙값 454 < 최소 600 (rest 수준)
1480216,478,n2,grip,3,중앙값 454 < 최소 600 (rest 수준)
1480218,450,n2,grip,3,중앙값 454 < 최소 600 (rest 수준)
1480220,432,n2,grip,3,중앙값 454 < 최소 600 (rest 수준)
1480222,511,n2,grip,3,중앙값 454 < 최소 600 (rest 수준)
1480224,573,n2,grip,3,중앙값 454 < 최소 600 (rest 수준)
1480226,614,n2,grip,3,중앙값 454 < 최소 600 (rest 수준)
1480228,631,n2,grip,3,중앙값 454 < 최소 600 (rest 수준)
1480230,637,n2,grip,3,중앙값 454 < 최소 600 (rest 수준)
1480232,631,n2,grip,3,중앙값 454 < 최소 600 (rest 수준)
1480234,610,n2,grip,3,중앙값 454 < 최소 600 (rest 수준)
1480236,586,n2,grip,3,중앙값 454 < 최소 600 (rest 수준)
1480238,560,n2,grip,3,중앙값 454 < 최소 600 (rest 수준)
1480240,532,n2,grip,3,중앙값 454 < 최소 600 (rest 수준)
1480242,502,n2,grip,3,중앙값 454 < 최소 600 (rest 수준)
1480244,477,n2,grip,3,중앙값 454 < 최소 600 (rest 수준)
1480246,460,n2,grip,3,중앙값 454 < 최소 600 (rest 수준)
1480248,432,n2,grip,3,중앙값 454 < 최소 600 (rest 수준)
1480250,418,n2,grip,3,중앙값 454 < 최소 600 (rest 수준)
1480252,404,n2,grip,3,중앙값 454 < 최소 600 (rest 수준)
1480254,391,n2,grip,3,중앙값 454 < 최소 600 (rest 수준)
1480256,383,n2,grip,3,중앙값 454 < 최소 600 (rest 수준)
1480258,367,n2,grip,3,중앙값 454 < 최소 600 (rest 수준)
1480260,343,n2,grip,3,중앙값 454 < 최소 600 (rest 수준)
1480262,324,n2,grip,3,중앙값 454 < 최소 600 (rest 수준)
1480264,317,n2,grip,3,중앙값 454 < 최소 600 (rest 수준)
1480266,304,n2,grip,3,중앙값 454 < 최소 600 (rest 수준)
1480268,300,n2,grip,3,중앙값 454 < 최소 600 (rest 수준)
1480270,297,n2,grip,3,중앙값 454 < 최소 600 (rest 수준)
1480272,288,n2,grip,3,중앙값 454 < 최소 600 (rest 수준)
1480274,334,n2,grip,3,중앙값 454 < 최소 600 (rest 수준)
1480276,346,n2,grip,3,중앙값 454 < 최소 600 (rest 수준)
1480278,389,n2,grip,3,중앙값 454 < 최소 600 (rest 수준)
1480280,401,n2,grip,3,중앙값 454 < 최소 600 (rest 수준)
1480282,405,n2,grip,3,중앙값 454 < 최소 600 (rest 수준)
1480284,393,n2,grip,3,중앙값 454 < 최소 600 (rest 수준)
1480286,384,n2,grip,3,중앙값 454 < 최소 600 (rest 수준)
1480288,379,n2,grip,3,중앙값 454 < 최소 600 (rest 수준)
1480290,368,n2,grip,3,중앙값 454 < 최소 600 (rest 수준)
1480292,353,n2,grip,3,중앙값 454 < 최소 600 (rest 수준)
1480294,343,n2,grip,3,중앙값 454 < 최소 600 (rest 수준)
1480296,329,n2,grip,3,중앙값 454 < 최소 600 (rest 수준)
1480298,315,n2,grip,3,중앙값 454 < 최소 600 (rest 수준)
1480300,320,n2,grip,3,중앙값 454 < 최소 600 (rest 수준)
1480302,303,n2,grip,3,중앙값 454 < 최소 600 (rest 수준)
1480304,287,n2,grip,3,중앙값 454 < 최소 600 (rest 수준)
1480306,271,n2,grip,3,중앙값 454 < 최소 600 (rest 수준)
1480308,289,n2,grip,3,중앙값 454 < 최소 600 (rest 수준)
1480310,300,n2,grip,3,중앙값 454 < 최소 600 (rest 수준)
1480312,289,n2,grip,3,중앙값 454 < 최소 600 (rest 수준)
1480314,302,n2,grip,3,중앙값 454 < 최소 600 (rest 수준)
1480316,368,n2,grip,3,중앙값 454 < 최소 600 (rest 수준)
1480318,393,n2,grip,3,중앙값 454 < 최소 600 (rest 수준)
1480320,423,n2,grip,3,중앙값 454 < 최소 600 (rest 수준)
1480322,505,n2,grip,3,중앙값 454 < 최소 600 (rest 수준)
1480324,528,n2,grip,3,중앙값 454 < 최소 600 (rest 수준)
1480326,574,n2,grip,3,중앙값 454 < 최소 600 (rest 수준)
1480328,549,n2,grip,3,중앙값 454 < 최소 600 (rest 수준)
1480330,538,n2,grip,3,중앙값 454 < 최소 600 (rest 수준)
1480332,511,n2,grip,3,중앙값 454 < 최소 600 (rest 수준)
1480334,495,n2,grip,3,중앙값 454 < 최소 600 (rest 수준)
1480336,473,n2,grip,3,중앙값 454 < 최소 600 (rest 수준)
1480338,453,n2,grip,3,중앙값 454 < 최소 600 (rest 수준)
1480340,448,n2,grip,3,중앙값 454 < 최소 600 (rest 수준)
1480342,445,n2,grip,3,중앙값 454 < 최소 600 (rest 수준)
1480344,450,n2,grip,3,중앙값 454 < 최소 600 (rest 수준)
1480346,458,n2,grip,3,중앙값 454 < 최소 600 (rest 수준)
1480348,433,n2,grip,3,중앙값 454 < 최소 600 (rest 수준)
1480350,426,n2,grip,3,중앙값 454 < 최소 600 (rest 수준)
1480352,405,n2,grip,3,중앙값 454 < 최소 600 (rest 수준)
1480354,390,n2,grip,3,중앙값 454 < 최소 600 (rest 수준)
1480356,374,n2,grip,3,중앙값 454 < 최소 600 (rest 수준)
1480358,362,n2,grip,3,중앙값 454 < 최소 600 (rest 수준)
1480360,343,n2,grip,3,중앙값 454 < 최소 600 (rest 수준)
1480362,336,n2,grip,3,중앙값 454 < 최소 600 (rest 수준)
1480364,327,n2,grip,3,중앙값 454 < 최소 600 (rest 수준)
1480366,324,n2,grip,3,중앙값 454 < 최소 600 (rest 수준)
1480368,374,n2,grip,3,중앙값 454 < 최소 600 (rest 수준)
1480370,378,n2,grip,3,중앙값 454 < 최소 600 (rest 수준)
1480372,407,n2,grip,3,중앙값 454 < 최소 600 (rest 수준)
1480374,389,n2,grip,3,중앙값 454 < 최소 600 (rest 수준)
1480376,374,n2,grip,3,중앙값 454 < 최소 600 (rest 수준)
1480378,363,n2,grip,3,중앙값 454 < 최소 600 (rest 수준)
1480380,366,n2,grip,3,중앙값 454 < 최소 600 (rest 수준)
1480382,348,n2,grip,3,중앙값 454 < 최소 600 (rest 수준)
1480384,331,n2,grip,3,중앙값 454 < 최소 600 (rest 수준)
1480386,317,n2,grip,3,중앙값 454 < 최소 600 (rest 수준)
1480388,317,n2,grip,3,중앙값 454 < 최소 600 (rest 수준)
1480390,303,n2,grip,3,중앙값 454 < 최소 600 (rest 수준)
1480392,295,n2,grip,3,중앙값 454 < 최소 600 (rest 수준)
1480394,295,n2,grip,3,중앙값 454 < 최소 600 (rest 수준)
1480396,304,n2,grip,3,중앙값 454 < 최소 600 (rest 수준)
1480398,304,n2,grip,3,중앙값 454 < 최소 600 (rest 수준)
1480400,343,n2,grip,3,중앙값 454 < 최소 600 (rest 수준)
1480402,422,n2,grip,3,중앙값 454 < 최소 600 (rest 수준)
1480404,442,n2,grip,3,중앙값 454 < 최소 600 (rest 수준)
1480406,538,n2,grip,3,중앙값 454 < 최소 600 (rest 수준)
1480408,542,n2,grip,3,중앙값 454 < 최소 600 (rest 수준)
1480410,544,n2,grip,3,중앙값 454 < 최소 600 (rest 수준)
1480412,528,n2,grip,3,중앙값 454 < 최소 600 (rest 수준)
1480414,493,n2,grip,3,중앙값 454 < 최소 600 (rest 수준)
1480416,466,n2,grip,3,중앙값 454 < 최소 600 (rest 수준)
1480418,452,n2,grip,3,중앙값 454 < 최소 600 (rest 수준)
1480420,436,n2,grip,3,중앙값 454 < 최소 600 (rest 수준)
1480422,442,n2,grip,3,중앙값 454 < 최소 600 (rest 수준)
1480424,452,n2,grip,3,중앙값 454 < 최소 600 (rest 수준)
1480426,431,n2,grip,3,중앙값 454 < 최소 600 (rest 수준)
1480428,432,n2,grip,3,중앙값 454 < 최소 600 (rest 수준)
1480430,423,n2,grip,3,중앙값 454 < 최소 600 (rest 수준)
1480432,421,n2,grip,3,중앙값 454 < 최소 600 (rest 수준)
1480434,401,n2,grip,3,중앙값 454 < 최소 600 (rest 수준)
1480436,391,n2,grip,3,중앙값 454 < 최소 600 (rest 수준)
1480438,381,n2,grip,3,중앙값 454 < 최소 600 (rest 수준)
1480440,368,n2,grip,3,중앙값 454 < 최소 600 (rest 수준)
1480442,349,n2,grip,3,중앙값 454 < 최소 600 (rest 수준)
1480444,341,n2,grip,3,중앙값 454 < 최소 600 (rest 수준)
1480446,336,n2,grip,3,중앙값 454 < 최소 600 (rest 수준)
1480448,329,n2,grip,3,중앙값 454 < 최소 600 (rest 수준)
1480450,320,n2,grip,3,중앙값 454 < 최소 600 (rest 수준)
1480452,304,n2,grip,3,중앙값 454 < 최소 600 (rest 수준)
1480454,304,n2,grip,3,중앙값 454 < 최소 600 (rest 수준)
1480456,291,n2,grip,3,중앙값 454 < 최소 600 (rest 수준)
1480458,279,n2,grip,3,중앙값 454 < 최소 600 (rest 수준)
1480460,269,n2,grip,3,중앙값 454 < 최소 600 (rest 수준)
1480462,275,n2,grip,3,중앙값 454 < 최소 600 (rest 수준)
1480464,273,n2,grip,3,중앙값 454 < 최소 600 (rest 수준)
1480466,283,n2,grip,3,중앙값 454 < 최소 600 (rest 수준)
1480468,289,n2,grip,3,중앙값 454 < 최소 600 (rest 수준)
1480470,278,n2,grip,3,중앙값 454 < 최소 600 (rest 수준)
1480472,318,n2,grip,3,중앙값 454 < 최소 600 (rest 수준)
1480474,316,n2,grip,3,중앙값 454 < 최소 600 (rest 수준)
1480476,315,n2,grip,3,중앙값 454 < 최소 600 (rest 수준)
1480478,317,n2,grip,3,중앙값 454 < 최소 600 (rest 수준)
1480480,324,n2,grip,3,중앙값 454 < 최소 600 (rest 수준)
1480482,389,n2,grip,3,중앙값 454 < 최소 600 (rest 수준)
1480484,374,n2,grip,3,중앙값 454 < 최소 600 (rest 수준)
1480486,413,n2,grip,3,중앙값 454 < 최소 600 (rest 수준)
1480488,498,n2,grip,3,중앙값 454 < 최소 600 (rest 수준)
1480490,500,n2,grip,3,중앙값 454 < 최소 600 (rest 수준)
1480492,498,n2,grip,3,중앙값 454 < 최소 600 (rest 수준)
1480494,497,n2,grip,3,중앙값 454 < 최소 600 (rest 수준)
1480496,480,n2,grip,3,중앙값 454 < 최소 600 (rest 수준)
1480498,468,n2,grip,3,중앙값 454 < 최소 600 (rest 수준)
1480500,468,n2,grip,3,중앙값 454 < 최소 600 (rest 수준)
1480502,453,n2,grip,3,중앙값 454 < 최소 600 (rest 수준)
1480504,448,n2,grip,3,중앙값 454 < 최소 600 (rest 수준)
1480506,426,n2,grip,3,중앙값 454 < 최소 600 (rest 수준)
1480508,404,n2,grip,3,중앙값 454 < 최소 600 (rest 수준)
1480510,400,n2,grip,3,중앙값 454 < 최소 600 (rest 수준)
1480512,379,n2,grip,3,중앙값 454 < 최소 600 (rest 수준)
1480514,361,n2,grip,3,중앙값 454 < 최소 600 (rest 수준)
1480516,342,n2,grip,3,중앙값 454 < 최소 600 (rest 수준)
1480518,329,n2,grip,3,중앙값 454 < 최소 600 (rest 수준)
1480520,309,n2,grip,3,중앙값 454 < 최소 600 (rest 수준)
1480522,294,n2,grip,3,중앙값 454 < 최소 600 (rest 수준)
1480524,279,n2,grip,3,중앙값 454 < 최소 600 (rest 수준)
1480526,272,n2,grip,3,중앙값 454 < 최소 600 (rest 수준)
1480528,256,n2,grip,3,중앙값 454 < 최소 600 (rest 수준)
1480530,246,n2,grip,3,중앙값 454 < 최소 600 (rest 수준)
1480532,237,n2,grip,3,중앙값 454 < 최소 600 (rest 수준)
1480534,223,n2,grip,3,중앙값 454 < 최소 600 (rest 수준)
1480536,217,n2,grip,3,중앙값 454 < 최소 600 (rest 수준)
1480538,233,n2,grip,3,중앙값 454 < 최소 600 (rest 수준)
1480540,227,n2,grip,3,중앙값 454 < 최소 600 (rest 수준)
1480542,239,n2,grip,3,중앙값 454 < 최소 600 (rest 수준)
1480544,236,n2,grip,3,중앙값 454 < 최소 600 (rest 수준)
1480546,239,n2,grip,3,중앙값 454 < 최소 600 (rest 수준)
1480548,237,n2,grip,3,중앙값 454 < 최소 600 (rest 수준)
1480550,305,n2,grip,3,중앙값 454 < 최소 600 (rest 수준)
1480552,432,n2,grip,3,중앙값 454 < 최소 600 (rest 수준)
1480554,498,n2,grip,3,중앙값 454 < 최소 600 (rest 수준)
1480556,588,n2,grip,3,중앙값 454 < 최소 600 (rest 수준)
1480558,611,n2,grip,3,중앙값 454 < 최소 600 (rest 수준)
1480560,622,n2,grip,3,중앙값 454 < 최소 600 (rest 수준)
1480562,604,n2,grip,3,중앙값 454 < 최소 600 (rest 수준)
1480564,581,n2,grip,3,중앙값 454 < 최소 600 (rest 수준)
1889336,0,n2,grip,1,유효 파형 없음 (전부 0 또는 4095)
1889338,0,n2,grip,1,유효 파형 없음 (전부 0 또는 4095)
1889340,0,n2,grip,1,유효 파형 없음 (전부 0 또는 4095)
1889342,0,n2,grip,1,유효 파형 없음 (전부 0 또는 4095)
1889344,0,n2,grip,1,유효 파형 없음 (전부 0 또는 4095)
1889346,0,n2,grip,1,유효 파형 없음 (전부 0 또는 4095)
1889348,0,n2,grip,1,유효 파형 없음 (전부 0 또는 4095)
1889350,0,n2,grip,1,유효 파형 없음 (전부 0 또는 4095)
1889352,0,n2,grip,1,유효 파형 없음 (전부 0 또는 4095)
1889354,0,n2,grip,1,유효 파형 없음 (전부 0 또는 4095)
1889356,0,n2,grip,1,유효 파형 없음 (전부 0 또는 4095)
1889358,0,n2,grip,1,유효 파형 없음 (전부 0 또는 4095)
1889360,0,n2,grip,1,유효 파형 없음 (전부 0 또는 4095)
1889362,0,n2,grip,1,유효 파형 없음 (전부 0 또는 4095)
1889364,0,n2,grip,1,유효 파형 없음 (전부 0 또는 4095)
1889366,0,n2,grip,1,유효 파형 없음 (전부 0 또는 4095)
1889368,0,n2,grip,1,유효 파형 없음 (전부 0 또는 4095)
1889370,0,n2,grip,1,유효 파형 없음 (전부 0 또는 4095)
1889372,0,n2,grip,1,유효 파형 없음 (전부 0 또는 4095)
1889374,0,n2,grip,1,유효 파형 없음 (전부 0 또는 4095)
1889376,0,n2,grip,1,유효 파형 없음 (전부 0 또는 4095)
1889378,0,n2,grip,1,유효 파형 없음 (전부 0 또는 4095)
1889380,0,n2,grip,1,유효 파형 없음 (전부 0 또는 4095)
1889382,0,n2,grip,1,유효 파형 없음 (전부 0 또는 4095)
1889384,0,n2,grip,1,유효 파형 없음 (전부 0 또는 4095)
1889386,0,n2,grip,1,유효 파형 없음 (전부 0 또는 4095)
1889388,0,n2,grip,1,유효 파형 없음 (전부 0 또는 4095)
1889390,0,n2,grip,1,유효 파형 없음 (전부 0 또는 4095)
1889392,0,n2,grip,1,유효 파형 없음 (전부 0 또는 4095)
1889394,0,n2,grip,1,유효 파형 없음 (전부 0 또는 4095)
1889396,0,n2,grip,1,유효 파형 없음 (전부 0 또는 4095)
1889398,0,n2,grip,1,유효 파형 없음 (전부 0 또는 4095)
1889400,0,n2,grip,1,유효 파형 없음 (전부 0 또는 4095)
1889402,0,n2,grip,1,유효 파형 없음 (전부 0 또는 4095)
1889404,0,n2,grip,1,유효 파형 없음 (전부 0 또는 4095)
1889406,0,n2,grip,1,유효 파형 없음 (전부 0 또는 4095)
1889408,0,n2,grip,1,유효 파형 없음 (전부 0 또는 4095)
1889410,0,n2,grip,1,유효 파형 없음 (전부 0 또는 4095)
1889412,0,n2,grip,1,유효 파형 없음 (전부 0 또는 4095)
1889414,0,n2,grip,1,유효 파형 없음 (전부 0 또는 4095)
1889416,0,n2,grip,1,유효 파형 없음 (전부 0 또는 4095)
1889418,0,n2,grip,1,유효 파형 없음 (전부 0 또는 4095)
1889420,0,n2,grip,1,유효 파형 없음 (전부 0 또는 4095)
1889422,0,n2,grip,1,유효 파형 없음 (전부 0 또는 4095)
1889424,0,n2,grip,1,유효 파형 없음 (전부 0 또는 4095)
1889426,0,n2,grip,1,유효 파형 없음 (전부 0 또는 4095)
1889428,0,n2,grip,1,유효 파형 없음 (전부 0 또는 4095)
1889430,0,n2,grip,1,유효 파형 없음 (전부 0 또는 4095)
1889432,0,n2,grip,1,유효 파형 없음 (전부 0 또는 4095)
1889434,0,n2,grip,1,유효 파형 없음 (전부 0 또는 4095)
1889436,0,n2,grip,1,유효 파형 없음 (전부 0 또는 4095)
1889438,0,n2,grip,1,유효 파형 없음 (전부 0 또는 4095)
1889440,0,n2,grip,1,유효 파형 없음 (전부 0 또는 4095)
1889442,0,n2,grip,1,유효 파형 없음 (전부 0 또는 4095)
1889444,0,n2,grip,1,유효 파형 없음 (전부 0 또는 4095)
1889446,0,n2,grip,1,유효 파형 없음 (전부 0 또는 4095)
1889448,0,n2,grip,1,유효 파형 없음 (전부 0 또는 4095)
1889450,0,n2,grip,1,유효 파형 없음 (전부 0 또는 4095)
1889452,0,n2,grip,1,유효 파형 없음 (전부 0 또는 4095)
1889454,0,n2,grip,1,유효 파형 없음 (전부 0 또는 4095)
1889456,0,n2,grip,1,유효 파형 없음 (전부 0 또는 4095)
1889458,0,n2,grip,1,유효 파형 없음 (전부 0 또는 4095)
1889460,0,n2,grip,1,유효 파형 없음 (전부 0 또는 4095)
1889462,0,n2,grip,1,유효 파형 없음 (전부 0 또는 4095)
1889464,0,n2,grip,1,유효 파형 없음 (전부 0 또는 4095)
1889466,0,n2,grip,1,유효 파형 없음 (전부 0 또는 4095)
1889468,0,n2,grip,1,유효 파형 없음 (전부 0 또는 4095)
1889470,0,n2,grip,1,유효 파형 없음 (전부 0 또는 4095)
1889472,0,n2,grip,1,유효 파형 없음 (전부 0 또는 4095)
1889474,0,n2,grip,1,유효 파형 없음 (전부 0 또는 4095)
1889476,0,n2,grip,1,유효 파형 없음 (전부 0 또는 4095)
1889478,0,n2,grip,1,유효 파형 없음 (전부 0 또는 4095)
1889480,0,n2,grip,1,유효 파형 없음 (전부 0 또는 4095)
1889482,0,n2,grip,1,유효 파형 없음 (전부 0 또는 4095)
1889484,0,n2,grip,1,유효 파형 없음 (전부 0 또는 4095)
1889486,0,n2,grip,1,유효 파형 없음 (전부 0 또는 4095)
1889488,0,n2,grip,1,유효 파형 없음 (전부 0 또는 4095)
1889490,0,n2,grip,1,유효 파형 없음 (전부 0 또는 4095)
1889492,0,n2,grip,1,유효 파형 없음 (전부 0 또는 4095)
1889494,0,n2,grip,1,유효 파형 없음 (전부 0 또는 4095)
1889496,0,n2,grip,1,유효 파형 없음 (전부 0 또는 4095)
1889498,0,n2,grip,1,유효 파형 없음 (전부 0 또는 4095)
1889500,0,n2,grip,1,유효 파형 없음 (전부 0 또는 4095)
1889502,0,n2,grip,1,유효 파형 없음 (전부 0 또는 4095)
1889504,0,n2,grip,1,유효 파형 없음 (전부 0 또는 4095)
1889506,0,n2,grip,1,유효 파형 없음 (전부 0 또는 4095)
1889508,0,n2,grip,1,유효 파형 없음 (전부 0 또는 4095)
1889510,0,n2,grip,1,유효 파형 없음 (전부 0 또는 4095)
1889512,0,n2,grip,1,유효 파형 없음 (전부 0 또는 4095)
1889514,0,n2,grip,1,유효 파형 없음 (전부 0 또는 4095)
1889516,0,n2,grip,1,유효 파형 없음 (전부 0 또는 4095)
1889518,0,n2,grip,1,유효 파형 없음 (전부 0 또는 4095)
1889520,0,n2,grip,1,유효 파형 없음 (전부 0 또는 4095)
1889522,0,n2,grip,1,유효 파형 없음 (전부 0 또는 4095)
1889524,0,n2,grip,1,유효 파형 없음 (전부 0 또는 4095)
1889526,0,n2,grip,1,유효 파형 없음 (전부 0 또는 4095)
1889528,0,n2,grip,1,유효 파형 없음 (전부 0 또는 4095)
1889530,0,n2,grip,1,유효 파형 없음 (전부 0 또는 4095)
1889532,0,n2,grip,1,유효 파형 없음 (전부 0 또는 4095)
1889534,0,n2,grip,1,유효 파형 없음 (전부 0 또는 4095)
1889536,0,n2,grip,1,유효 파형 없음 (전부 0 또는 4095)
1889538,0,n2,grip,1,유효 파형 없음 (전부 0 또는 4095)
1889540,0,n2,grip,1,유효 파형 없음 (전부 0 또는 4095)
1889542,0,n2,grip,1,유효 파형 없음 (전부 0 또는 4095)
1889544,0,n2,grip,1,유효 파형 없음 (전부 0 또는 4095)
1889546,0,n2,grip,1,유효 파형 없음 (전부 0 또는 4095)
1889548,0,n2,grip,1,유효 파형 없음 (전부 0 또는 4095)
1889550,0,n2,grip,1,유효 파형 없음 (전부 0 또는 4095)
1889552,0,n2,grip,1,유효 파형 없음 (전부 0 또는 4095)
1889554,0,n2,grip,1,유효 파형 없음 (전부 0 또는 4095)
1889556,0,n2,grip,1,유효 파형 없음 (전부 0 또는 4095)
1889558,0,n2,grip,1,유효 파형 없음 (전부 0 또는 4095)
1889560,0,n2,grip,1,유효 파형 없음 (전부 0 또는 4095)
1889562,0,n2,grip,1,유효 파형 없음 (전부 0 또는 4095)
1889564,0,n2,grip,1,유효 파형 없음 (전부 0 또는 4095)
1889566,0,n2,grip,1,유효 파형 없음 (전부 0 또는 4095)
1889568,0,n2,grip,1,유효 파형 없음 (전부 0 또는 4095)
1889570,0,n2,grip,1,유효 파형 없음 (전부 0 또는 4095)
1889572,0,n2,grip,1,유효 파형 없음 (전부 0 또는 4095)
1889574,0,n2,grip,1,유효 파형 없음 (전부 0 또는 4095)
1889576,0,n2,grip,1,유효 파형 없음 (전부 0 또는 4095)
1889578,0,n2,grip,1,유효 파형 없음 (전부 0 또는 4095)
1889580,0,n2,grip,1,유효 파형 없음 (전부 0 또는 4095)
1889582,0,n2,grip,1,유효 파형 없음 (전부 0 또는 4095)
1889584,0,n2,grip,1,유효 파형 없음 (전부 0 또는 4095)
1889586,0,n2,grip,1,유효 파형 없음 (전부 0 또는 4095)
1889588,0,n2,grip,1,유효 파형 없음 (전부 0 또는 4095)
1889590,0,n2,grip,1,유효 파형 없음 (전부 0 또는 4095)
1889592,0,n2,grip,1,유효 파형 없음 (전부 0 또는 4095)
1889594,0,n2,grip,1,유효 파형 없음 (전부 0 또는 4095)
1889596,0,n2,grip,1,유효 파형 없음 (전부 0 또는 4095)
1889598,0,n2,grip,1,유효 파형 없음 (전부 0 또는 4095)
1889600,0,n2,grip,1,유효 파형 없음 (전부 0 또는 4095)
1889602,0,n2,grip,1,유효 파형 없음 (전부 0 또는 4095)
1889604,0,n2,grip,1,유효 파형 없음 (전부 0 또는 4095)
1889606,0,n2,grip,1,유효 파형 없음 (전부 0 또는 4095)
1889608,0,n2,grip,1,유효 파형 없음 (전부 0 또는 4095)
1889610,0,n2,grip,1,유효 파형 없음 (전부 0 또는 4095)
1889612,0,n2,grip,1,유효 파형 없음 (전부 0 또는 4095)
1889614,0,n2,grip,1,유효 파형 없음 (전부 0 또는 4095)
1889616,0,n2,grip,1,유효 파형 없음 (전부 0 또는 4095)
1889618,0,n2,grip,1,유효 파형 없음 (전부 0 또는 4095)
1889620,0,n2,grip,1,유효 파형 없음 (전부 0 또는 4095)
1889622,0,n2,grip,1,유효 파형 없음 (전부 0 또는 4095)
1889624,0,n2,grip,1,유효 파형 없음 (전부 0 또는 4095)
1889626,0,n2,grip,1,유효 파형 없음 (전부 0 또는 4095)
1889628,0,n2,grip,1,유효 파형 없음 (전부 0 또는 4095)
1889630,0,n2,grip,1,유효 파형 없음 (전부 0 또는 4095)
1889632,0,n2,grip,1,유효 파형 없음 (전부 0 또는 4095)
1889634,0,n2,grip,1,유효 파형 없음 (전부 0 또는 4095)
1889636,0,n2,grip,1,유효 파형 없음 (전부 0 또는 4095)
1889638,0,n2,grip,1,유효 파형 없음 (전부 0 또는 4095)
1889640,0,n2,grip,1,유효 파형 없음 (전부 0 또는 4095)
1889642,0,n2,grip,1,유효 파형 없음 (전부 0 또는 4095)
1889644,0,n2,grip,1,유효 파형 없음 (전부 0 또는 4095)
1889646,0,n2,grip,1,유효 파형 없음 (전부 0 또는 4095)
1889648,0,n2,grip,1,유효 파형 없음 (전부 0 또는 4095)
1889650,0,n2,grip,1,유효 파형 없음 (전부 0 또는 4095)
1889652,0,n2,grip,1,유효 파형 없음 (전부 0 또는 4095)
1889654,0,n2,grip,1,유효 파형 없음 (전부 0 또는 4095)
1889656,0,n2,grip,1,유효 파형 없음 (전부 0 또는 4095)
1889658,0,n2,grip,1,유효 파형 없음 (전부 0 또는 4095)
1889660,0,n2,grip,1,유효 파형 없음 (전부 0 또는 4095)
1889662,0,n2,grip,1,유효 파형 없음 (전부 0 또는 4095)
1889664,0,n2,grip,1,유효 파형 없음 (전부 0 또는 4095)
1889666,0,n2,grip,1,유효 파형 없음 (전부 0 또는 4095)
1889668,0,n2,grip,1,유효 파형 없음 (전부 0 또는 4095)
1889670,0,n2,grip,1,유효 파형 없음 (전부 0 또는 4095)
1889672,0,n2,grip,1,유효 파형 없음 (전부 0 또는 4095)
1889674,0,n2,grip,1,유효 파형 없음 (전부 0 또는 4095)
1889676,0,n2,grip,1,유효 파형 없음 (전부 0 또는 4095)
1889678,0,n2,grip,1,유효 파형 없음 (전부 0 또는 4095)
1889680,0,n2,grip,1,유효 파형 없음 (전부 0 또는 4095)
1889682,0,n2,grip,1,유효 파형 없음 (전부 0 또는 4095)
1889684,0,n2,grip,1,유효 파형 없음 (전부 0 또는 4095)
1889686,0,n2,grip,1,유효 파형 없음 (전부 0 또는 4095)
1889688,0,n2,grip,1,유효 파형 없음 (전부 0 또는 4095)
1889690,0,n2,grip,1,유효 파형 없음 (전부 0 또는 4095)
1889692,0,n2,grip,1,유효 파형 없음 (전부 0 또는 4095)
1889694,0,n2,grip,1,유효 파형 없음 (전부 0 또는 4095)
1889696,0,n2,grip,1,유효 파형 없음 (전부 0 또는 4095)
1889698,0,n2,grip,1,유효 파형 없음 (전부 0 또는 4095)
1889700,0,n2,grip,1,유효 파형 없음 (전부 0 또는 4095)
1889702,0,n2,grip,1,유효 파형 없음 (전부 0 또는 4095)
1889704,0,n2,grip,1,유효 파형 없음 (전부 0 또는 4095)
1889706,0,n2,grip,1,유효 파형 없음 (전부 0 또는 4095)
1889708,0,n2,grip,1,유효 파형 없음 (전부 0 또는 4095)
1889710,0,n2,grip,1,유효 파형 없음 (전부 0 또는 4095)
1889712,0,n2,grip,1,유효 파형 없음 (전부 0 또는 4095)
1889714,0,n2,grip,1,유효 파형 없음 (전부 0 또는 4095)
1889716,0,n2,grip,1,유효 파형 없음 (전부 0 또는 4095)
1889718,0,n2,grip,1,유효 파형 없음 (전부 0 또는 4095)
1889720,0,n2,grip,1,유효 파형 없음 (전부 0 또는 4095)
1889722,0,n2,grip,1,유효 파형 없음 (전부 0 또는 4095)
1889724,0,n2,grip,1,유효 파형 없음 (전부 0 또는 4095)
1889726,0,n2,grip,1,유효 파형 없음 (전부 0 또는 4095)
1889728,0,n2,grip,1,유효 파형 없음 (전부 0 또는 4095)
1889730,0,n2,grip,1,유효 파형 없음 (전부 0 또는 4095)
1889732,0,n2,grip,1,유효 파형 없음 (전부 0 또는 4095)
1889734,0,n2,grip,1,유효 파형 없음 (전부 0 또는 4095)
1889736,0,n2,grip,1,유효 파형 없음 (전부 0 또는 4095)
1889738,0,n2,grip,1,유효 파형 없음 (전부 0 또는 4095)
1889740,0,n2,grip,1,유효 파형 없음 (전부 0 또는 4095)
1889742,0,n2,grip,1,유효 파형 없음 (전부 0 또는 4095)
1889744,0,n2,grip,1,유효 파형 없음 (전부 0 또는 4095)
1889746,0,n2,grip,1,유효 파형 없음 (전부 0 또는 4095)
1889748,0,n2,grip,1,유효 파형 없음 (전부 0 또는 4095)
1889750,0,n2,grip,1,유효 파형 없음 (전부 0 또는 4095)
1889752,0,n2,grip,1,유효 파형 없음 (전부 0 또는 4095)
1889754,0,n2,grip,1,유효 파형 없음 (전부 0 또는 4095)
1889756,0,n2,grip,1,유효 파형 없음 (전부 0 또는 4095)
1889758,0,n2,grip,1,유효 파형 없음 (전부 0 또는 4095)
1889760,0,n2,grip,1,유효 파형 없음 (전부 0 또는 4095)
1889762,0,n2,grip,1,유효 파형 없음 (전부 0 또는 4095)
1889764,0,n2,grip,1,유효 파형 없음 (전부 0 또는 4095)
1889766,0,n2,grip,1,유효 파형 없음 (전부 0 또는 4095)
1889768,0,n2,grip,1,유효 파형 없음 (전부 0 또는 4095)
1889770,0,n2,grip,1,유효 파형 없음 (전부 0 또는 4095)
1889772,0,n2,grip,1,유효 파형 없음 (전부 0 또는 4095)
1889774,0,n2,grip,1,유효 파형 없음 (전부 0 또는 4095)
1889776,0,n2,grip,1,유효 파형 없음 (전부 0 또는 4095)
1889778,0,n2,grip,1,유효 파형 없음 (전부 0 또는 4095)
1889780,0,n2,grip,1,유효 파형 없음 (전부 0 또는 4095)
1889782,0,n2,grip,1,유효 파형 없음 (전부 0 또는 4095)
1889784,0,n2,grip,1,유효 파형 없음 (전부 0 또는 4095)
1889786,0,n2,grip,1,유효 파형 없음 (전부 0 또는 4095)
1889788,0,n2,grip,1,유효 파형 없음 (전부 0 또는 4095)
1889790,0,n2,grip,1,유효 파형 없음 (전부 0 또는 4095)
1889792,0,n2,grip,1,유효 파형 없음 (전부 0 또는 4095)
1889794,0,n2,grip,1,유효 파형 없음 (전부 0 또는 4095)
1889796,0,n2,grip,1,유효 파형 없음 (전부 0 또는 4095)
1889798,0,n2,grip,1,유효 파형 없음 (전부 0 또는 4095)
1889800,0,n2,grip,1,유효 파형 없음 (전부 0 또는 4095)
1889802,0,n2,grip,1,유효 파형 없음 (전부 0 또는 4095)
1889804,0,n2,grip,1,유효 파형 없음 (전부 0 또는 4095)
1889806,0,n2,grip,1,유효 파형 없음 (전부 0 또는 4095)
1889808,0,n2,grip,1,유효 파형 없음 (전부 0 또는 4095)
1889810,0,n2,grip,1,유효 파형 없음 (전부 0 또는 4095)
1889812,0,n2,grip,1,유효 파형 없음 (전부 0 또는 4095)
1889814,0,n2,grip,1,유효 파형 없음 (전부 0 또는 4095)
1889816,0,n2,grip,1,유효 파형 없음 (전부 0 또는 4095)
1889818,0,n2,grip,1,유효 파형 없음 (전부 0 또는 4095)
1889820,0,n2,grip,1,유효 파형 없음 (전부 0 또는 4095)
1889822,0,n2,grip,1,유효 파형 없음 (전부 0 또는 4095)
1889824,0,n2,grip,1,유효 파형 없음 (전부 0 또는 4095)
1889826,0,n2,grip,1,유효 파형 없음 (전부 0 또는 4095)
1889828,0,n2,grip,1,유효 파형 없음 (전부 0 또는 4095)
1889830,0,n2,grip,1,유효 파형 없음 (전부 0 또는 4095)
1889832,0,n2,grip,1,유효 파형 없음 (전부 0 또는 4095)
1889834,0,n2,grip,1,유효 파형 없음 (전부 0 또는 4095)
1889836,0,n2,grip,1,유효 파형 없음 (전부 0 또는 4095)
1889838,0,n2,grip,1,유효 파형 없음 (전부 0 또는 4095)
1889840,0,n2,grip,1,유효 파형 없음 (전부 0 또는 4095)
1889842,0,n2,grip,1,유효 파형 없음 (전부 0 또는 4095)
1889844,0,n2,grip,1,유효 파형 없음 (전부 0 또는 4095)
1889846,0,n2,grip,1,유효 파형 없음 (전부 0 또는 4095)
1889848,0,n2,grip,1,유효 파형 없음 (전부 0 또는 4095)
1889850,0,n2,grip,1,유효 파형 없음 (전부 0 또는 4095)
1889852,0,n2,grip,1,유효 파형 없음 (전부 0 또는 4095)
1889854,0,n2,grip,1,유효 파형 없음 (전부 0 또는 4095)
1889856,0,n2,grip,1,유효 파형 없음 (전부 0 또는 4095)
1889858,0,n2,grip,1,유효 파형 없음 (전부 0 또는 4095)
1889860,0,n2,grip,1,유효 파형 없음 (전부 0 또는 4095)
1889862,0,n2,grip,1,유효 파형 없음 (전부 0 또는 4095)
1889864,0,n2,grip,1,유효 파형 없음 (전부 0 또는 4095)
1889866,0,n2,grip,1,유효 파형 없음 (전부 0 또는 4095)
1889868,0,n2,grip,1,유효 파형 없음 (전부 0 또는 4095)
1889870,0,n2,grip,1,유효 파형 없음 (전부 0 또는 4095)
1889872,0,n2,grip,1,유효 파형 없음 (전부 0 또는 4095)
1889874,0,n2,grip,1,유효 파형 없음 (전부 0 또는 4095)
1889876,0,n2,grip,1,유효 파형 없음 (전부 0 또는 4095)
1889878,0,n2,grip,1,유효 파형 없음 (전부 0 또는 4095)
1889880,0,n2,grip,1,유효 파형 없음 (전부 0 또는 4095)
1889882,0,n2,grip,1,유효 파형 없음 (전부 0 또는 4095)
1889884,0,n2,grip,1,유효 파형 없음 (전부 0 또는 4095)
1889886,0,n2,grip,1,유효 파형 없음 (전부 0 또는 4095)
1889888,0,n2,grip,1,유효 파형 없음 (전부 0 또는 4095)
1889890,0,n2,grip,1,유효 파형 없음 (전부 0 또는 4095)
1889892,0,n2,grip,1,유효 파형 없음 (전부 0 또는 4095)
1889894,0,n2,grip,1,유효 파형 없음 (전부 0 또는 4095)
1889896,0,n2,grip,1,유효 파형 없음 (전부 0 또는 4095)
1889898,0,n2,grip,1,유효 파형 없음 (전부 0 또는 4095)
1889900,0,n2,grip,1,유효 파형 없음 (전부 0 또는 4095)
1889902,0,n2,grip,1,유효 파형 없음 (전부 0 또는 4095)
1889904,0,n2,grip,1,유효 파형 없음 (전부 0 또는 4095)
1889906,0,n2,grip,1,유효 파형 없음 (전부 0 또는 4095)
1889908,0,n2,grip,1,유효 파형 없음 (전부 0 또는 4095)
1889910,0,n2,grip,1,유효 파형 없음 (전부 0 또는 4095)
1889912,0,n2,grip,1,유효 파형 없음 (전부 0 또는 4095)
1889914,0,n2,grip,1,유효 파형 없음 (전부 0 또는 4095)
1889916,0,n2,grip,1,유효 파형 없음 (전부 0 또는 4095)
1889918,0,n2,grip,1,유효 파형 없음 (전부 0 또는 4095)
1889920,0,n2,grip,1,유효 파형 없음 (전부 0 또는 4095)
1889922,0,n2,grip,1,유효 파형 없음 (전부 0 또는 4095)
1889924,0,n2,grip,1,유효 파형 없음 (전부 0 또는 4095)
1889926,0,n2,grip,1,유효 파형 없음 (전부 0 또는 4095)
1889928,0,n2,grip,1,유효 파형 없음 (전부 0 또는 4095)
1889930,0,n2,grip,1,유효 파형 없음 (전부 0 또는 4095)
1889932,0,n2,grip,1,유효 파형 없음 (전부 0 또는 4095)
1889934,0,n2,grip,1,유효 파형 없음 (전부 0 또는 4095)
1889936,0,n2,grip,1,유효 파형 없음 (전부 0 또는 4095)
1889938,0,n2,grip,1,유효 파형 없음 (전부 0 또는 4095)
1889940,0,n2,grip,1,유효 파형 없음 (전부 0 또는 4095)
1889942,0,n2,grip,1,유효 파형 없음 (전부 0 또는 4095)
1889944,0,n2,grip,1,유효 파형 없음 (전부 0 또는 4095)
1889946,0,n2,grip,1,유효 파형 없음 (전부 0 또는 4095)
1889948,0,n2,grip,1,유효 파형 없음 (전부 0 또는 4095)
1889950,0,n2,grip,1,유효 파형 없음 (전부 0 또는 4095)
1889952,0,n2,grip,1,유효 파형 없음 (전부 0 또는 4095)
1889954,0,n2,grip,1,유효 파형 없음 (전부 0 또는 4095)
1889956,0,n2,grip,1,유효 파형 없음 (전부 0 또는 4095)
1889958,0,n2,grip,1,유효 파형 없음 (전부 0 또는 4095)
1889960,0,n2,grip,1,유효 파형 없음 (전부 0 또는 4095)
1889962,0,n2,grip,1,유효 파형 없음 (전부 0 또는 4095)
1889964,0,n2,grip,1,유효 파형 없음 (전부 0 또는 4095)
1889966,0,n2,grip,1,유효 파형 없음 (전부 0 또는 4095)
1889968,0,n2,grip,1,유효 파형 없음 (전부 0 또는 4095)
1889970,0,n2,grip,1,유효 파형 없음 (전부 0 또는 4095)
1889972,0,n2,grip,1,유효 파형 없음 (전부 0 또는 4095)
1889974,0,n2,grip,1,유효 파형 없음 (전부 0 또는 4095)
1889976,0,n2,grip,1,유효 파형 없음 (전부 0 또는 4095)
1889978,0,n2,grip,1,유효 파형 없음 (전부 0 또는 4095)
1889980,0,n2,grip,1,유효 파형 없음 (전부 0 또는 4095)
1889982,0,n2,grip,1,유효 파형 없음 (전부 0 또는 4095)
1889984,0,n2,grip,1,유효 파형 없음 (전부 0 또는 4095)
1889986,0,n2,grip,1,유효 파형 없음 (전부 0 또는 4095)
1889988,0,n2,grip,1,유효 파형 없음 (전부 0 또는 4095)
1889990,0,n2,grip,1,유효 파형 없음 (전부 0 또는 4095)
1889992,0,n2,grip,1,유효 파형 없음 (전부 0 또는 4095)
1889994,0,n2,grip,1,유효 파형 없음 (전부 0 또는 4095)
1889996,0,n2,grip,1,유효 파형 없음 (전부 0 또는 4095)
1889998,0,n2,grip,1,유효 파형 없음 (전부 0 또는 4095)
1890000,0,n2,grip,1,유효 파형 없음 (전부 0 또는 4095)
1890002,0,n2,grip,1,유효 파형 없음 (전부 0 또는 4095)
1890004,0,n2,grip,1,유효 파형 없음 (전부 0 또는 4095)
1890006,0,n2,grip,1,유효 파형 없음 (전부 0 또는 4095)
1890008,0,n2,grip,1,유효 파형 없음 (전부 0 또는 4095)
1890010,0,n2,grip,1,유효 파형 없음 (전부 0 또는 4095)
1890012,0,n2,grip,1,유효 파형 없음 (전부 0 또는 4095)
1890014,0,n2,grip,1,유효 파형 없음 (전부 0 또는 4095)
1890016,0,n2,grip,1,유효 파형 없음 (전부 0 또는 4095)
1890018,0,n2,grip,1,유효 파형 없음 (전부 0 또는 4095)
1890020,0,n2,grip,1,유효 파형 없음 (전부 0 또는 4095)
1890022,0,n2,grip,1,유효 파형 없음 (전부 0 또는 4095)
1890024,0,n2,grip,1,유효 파형 없음 (전부 0 또는 4095)
1890026,0,n2,grip,1,유효 파형 없음 (전부 0 또는 4095)
1890028,0,n2,grip,1,유효 파형 없음 (전부 0 또는 4095)
1890030,0,n2,grip,1,유효 파형 없음 (전부 0 또는 4095)
1890032,0,n2,grip,1,유효 파형 없음 (전부 0 또는 4095)
1890034,0,n2,grip,1,유효 파형 없음 (전부 0 또는 4095)
1890036,0,n2,grip,1,유효 파형 없음 (전부 0 또는 4095)
1890038,0,n2,grip,1,유효 파형 없음 (전부 0 또는 4095)
1890040,0,n2,grip,1,유효 파형 없음 (전부 0 또는 4095)
1890042,0,n2,grip,1,유효 파형 없음 (전부 0 또는 4095)
1890044,0,n2,grip,1,유효 파형 없음 (전부 0 또는 4095)
1890046,0,n2,grip,1,유효 파형 없음 (전부 0 또는 4095)
1890048,0,n2,grip,1,유효 파형 없음 (전부 0 또는 4095)
1890050,0,n2,grip,1,유효 파형 없음 (전부 0 또는 4095)
1890052,0,n2,grip,1,유효 파형 없음 (전부 0 또는 4095)
1890054,0,n2,grip,1,유효 파형 없음 (전부 0 또는 4095)
1890056,0,n2,grip,1,유효 파형 없음 (전부 0 또는 4095)
1890058,0,n2,grip,1,유효 파형 없음 (전부 0 또는 4095)
1890060,0,n2,grip,1,유효 파형 없음 (전부 0 또는 4095)
1890062,0,n2,grip,1,유효 파형 없음 (전부 0 또는 4095)
1890064,0,n2,grip,1,유효 파형 없음 (전부 0 또는 4095)
1890066,0,n2,grip,1,유효 파형 없음 (전부 0 또는 4095)
1890068,0,n2,grip,1,유효 파형 없음 (전부 0 또는 4095)
1890070,0,n2,grip,1,유효 파형 없음 (전부 0 또는 4095)
1890072,0,n2,grip,1,유효 파형 없음 (전부 0 또는 4095)
1890074,0,n2,grip,1,유효 파형 없음 (전부 0 또는 4095)
1890076,0,n2,grip,1,유효 파형 없음 (전부 0 또는 4095)
1890078,0,n2,grip,1,유효 파형 없음 (전부 0 또는 4095)
1890080,0,n2,grip,1,유효 파형 없음 (전부 0 또는 4095)
1890082,0,n2,grip,1,유효 파형 없음 (전부 0 또는 4095)
1890084,0,n2,grip,1,유효 파형 없음 (전부 0 또는 4095)
1890086,0,n2,grip,1,유효 파형 없음 (전부 0 또는 4095)
1890088,0,n2,grip,1,유효 파형 없음 (전부 0 또는 4095)
1890090,0,n2,grip,1,유효 파형 없음 (전부 0 또는 4095)
1890092,0,n2,grip,1,유효 파형 없음 (전부 0 또는 4095)
1890094,0,n2,grip,1,유효 파형 없음 (전부 0 또는 4095)
1890096,0,n2,grip,1,유효 파형 없음 (전부 0 또는 4095)
1890098,0,n2,grip,1,유효 파형 없음 (전부 0 또는 4095)
1890100,0,n2,grip,1,유효 파형 없음 (전부 0 또는 4095)
1890102,0,n2,grip,1,유효 파형 없음 (전부 0 또는 4095)
1890104,0,n2,grip,1,유효 파형 없음 (전부 0 또는 4095)
1890106,0,n2,grip,1,유효 파형 없음 (전부 0 또는 4095)
1890108,0,n2,grip,1,유효 파형 없음 (전부 0 또는 4095)
1890110,0,n2,grip,1,유효 파형 없음 (전부 0 또는 4095)
1890112,0,n2,grip,1,유효 파형 없음 (전부 0 또는 4095)
1890114,0,n2,grip,1,유효 파형 없음 (전부 0 또는 4095)
1890116,0,n2,grip,1,유효 파형 없음 (전부 0 또는 4095)
1890118,0,n2,grip,1,유효 파형 없음 (전부 0 또는 4095)
1890120,0,n2,grip,1,유효 파형 없음 (전부 0 또는 4095)
1890122,0,n2,grip,1,유효 파형 없음 (전부 0 또는 4095)
1890124,0,n2,grip,1,유효 파형 없음 (전부 0 또는 4095)
1890126,0,n2,grip,1,유효 파형 없음 (전부 0 또는 4095)
1890128,0,n2,grip,1,유효 파형 없음 (전부 0 또는 4095)
1890130,0,n2,grip,1,유효 파형 없음 (전부 0 또는 4095)
1890132,0,n2,grip,1,유효 파형 없음 (전부 0 또는 4095)
1890134,0,n2,grip,1,유효 파형 없음 (전부 0 또는 4095)
1890136,0,n2,grip,1,유효 파형 없음 (전부 0 또는 4095)
1890138,0,n2,grip,1,유효 파형 없음 (전부 0 또는 4095)
1890140,0,n2,grip,1,유효 파형 없음 (전부 0 또는 4095)
1890142,0,n2,grip,1,유효 파형 없음 (전부 0 또는 4095)
1890144,0,n2,grip,1,유효 파형 없음 (전부 0 또는 4095)
1890146,0,n2,grip,1,유효 파형 없음 (전부 0 또는 4095)
1890148,0,n2,grip,1,유효 파형 없음 (전부 0 또는 4095)
1890150,0,n2,grip,1,유효 파형 없음 (전부 0 또는 4095)
1890152,0,n2,grip,1,유효 파형 없음 (전부 0 또는 4095)
1890154,0,n2,grip,1,유효 파형 없음 (전부 0 또는 4095)
1890156,0,n2,grip,1,유효 파형 없음 (전부 0 또는 4095)
1890158,0,n2,grip,1,유효 파형 없음 (전부 0 또는 4095)
1890160,0,n2,grip,1,유효 파형 없음 (전부 0 또는 4095)
1890162,0,n2,grip,1,유효 파형 없음 (전부 0 또는 4095)
1890164,0,n2,grip,1,유효 파형 없음 (전부 0 또는 4095)
1890166,0,n2,grip,1,유효 파형 없음 (전부 0 또는 4095)
1890168,0,n2,grip,1,유효 파형 없음 (전부 0 또는 4095)
1890170,0,n2,grip,1,유효 파형 없음 (전부 0 또는 4095)
1890172,0,n2,grip,1,유효 파형 없음 (전부 0 또는 4095)
1890174,0,n2,grip,1,유효 파형 없음 (전부 0 또는 4095)
1890176,0,n2,grip,1,유효 파형 없음 (전부 0 또는 4095)
1890178,0,n2,grip,1,유효 파형 없음 (전부 0 또는 4095)
1890180,0,n2,grip,1,유효 파형 없음 (전부 0 또는 4095)
1890182,0,n2,grip,1,유효 파형 없음 (전부 0 또는 4095)
1890184,0,n2,grip,1,유효 파형 없음 (전부 0 또는 4095)
1890186,0,n2,grip,1,유효 파형 없음 (전부 0 또는 4095)
1890188,0,n2,grip,1,유효 파형 없음 (전부 0 또는 4095)
1890190,0,n2,grip,1,유효 파형 없음 (전부 0 또는 4095)
1890192,0,n2,grip,1,유효 파형 없음 (전부 0 또는 4095)
1890194,0,n2,grip,1,유효 파형 없음 (전부 0 또는 4095)
1890196,0,n2,grip,1,유효 파형 없음 (전부 0 또는 4095)
1890198,0,n2,grip,1,유효 파형 없음 (전부 0 또는 4095)
1890200,0,n2,grip,1,유효 파형 없음 (전부 0 또는 4095)
1890202,0,n2,grip,1,유효 파형 없음 (전부 0 또는 4095)
1890204,0,n2,grip,1,유효 파형 없음 (전부 0 또는 4095)
1890206,0,n2,grip,1,유효 파형 없음 (전부 0 또는 4095)
1890208,0,n2,grip,1,유효 파형 없음 (전부 0 또는 4095)
1890210,0,n2,grip,1,유효 파형 없음 (전부 0 또는 4095)
1890212,0,n2,grip,1,유효 파형 없음 (전부 0 또는 4095)
1890214,0,n2,grip,1,유효 파형 없음 (전부 0 또는 4095)
1890216,0,n2,grip,1,유효 파형 없음 (전부 0 또는 4095)
1890218,0,n2,grip,1,유효 파형 없음 (전부 0 또는 4095)
1890220,0,n2,grip,1,유효 파형 없음 (전부 0 또는 4095)
1890222,0,n2,grip,1,유효 파형 없음 (전부 0 또는 4095)
1890224,0,n2,grip,1,유효 파형 없음 (전부 0 또는 4095)
1890226,0,n2,grip,1,유효 파형 없음 (전부 0 또는 4095)
1890228,0,n2,grip,1,유효 파형 없음 (전부 0 또는 4095)
1890230,0,n2,grip,1,유효 파형 없음 (전부 0 또는 4095)
1890232,0,n2,grip,1,유효 파형 없음 (전부 0 또는 4095)
1890234,0,n2,grip,1,유효 파형 없음 (전부 0 또는 4095)
1890236,0,n2,grip,1,유효 파형 없음 (전부 0 또는 4095)
1890238,0,n2,grip,1,유효 파형 없음 (전부 0 또는 4095)
1890240,0,n2,grip,1,유효 파형 없음 (전부 0 또는 4095)
1890242,0,n2,grip,1,유효 파형 없음 (전부 0 또는 4095)
1890244,0,n2,grip,1,유효 파형 없음 (전부 0 또는 4095)
1890246,0,n2,grip,1,유효 파형 없음 (전부 0 또는 4095)
1890248,0,n2,grip,1,유효 파형 없음 (전부 0 또는 4095)
1890250,0,n2,grip,1,유효 파형 없음 (전부 0 또는 4095)
1890252,0,n2,grip,1,유효 파형 없음 (전부 0 또는 4095)
1890254,0,n2,grip,1,유효 파형 없음 (전부 0 또는 4095)
1890256,0,n2,grip,1,유효 파형 없음 (전부 0 또는 4095)
1890258,0,n2,grip,1,유효 파형 없음 (전부 0 또는 4095)
1890260,0,n2,grip,1,유효 파형 없음 (전부 0 또는 4095)
1890262,0,n2,grip,1,유효 파형 없음 (전부 0 또는 4095)
1890264,0,n2,grip,1,유효 파형 없음 (전부 0 또는 4095)
1890266,0,n2,grip,1,유효 파형 없음 (전부 0 또는 4095)
1890268,0,n2,grip,1,유효 파형 없음 (전부 0 또는 4095)
1890270,0,n2,grip,1,유효 파형 없음 (전부 0 또는 4095)
1890272,0,n2,grip,1,유효 파형 없음 (전부 0 또는 4095)
1890274,0,n2,grip,1,유효 파형 없음 (전부 0 또는 4095)
1890276,0,n2,grip,1,유효 파형 없음 (전부 0 또는 4095)
1890278,0,n2,grip,1,유효 파형 없음 (전부 0 또는 4095)
1890280,0,n2,grip,1,유효 파형 없음 (전부 0 또는 4095)
1890282,0,n2,grip,1,유효 파형 없음 (전부 0 또는 4095)
1890284,0,n2,grip,1,유효 파형 없음 (전부 0 또는 4095)
1890286,0,n2,grip,1,유효 파형 없음 (전부 0 또는 4095)
1890288,0,n2,grip,1,유효 파형 없음 (전부 0 또는 4095)
1890290,0,n2,grip,1,유효 파형 없음 (전부 0 또는 4095)
1890292,0,n2,grip,1,유효 파형 없음 (전부 0 또는 4095)
1890294,0,n2,grip,1,유효 파형 없음 (전부 0 또는 4095)
1890296,0,n2,grip,1,유효 파형 없음 (전부 0 또는 4095)
1890298,0,n2,grip,1,유효 파형 없음 (전부 0 또는 4095)
1890300,0,n2,grip,1,유효 파형 없음 (전부 0 또는 4095)
1890302,0,n2,grip,1,유효 파형 없음 (전부 0 또는 4095)
1890304,0,n2,grip,1,유효 파형 없음 (전부 0 또는 4095)
1890306,0,n2,grip,1,유효 파형 없음 (전부 0 또는 4095)
1890308,0,n2,grip,1,유효 파형 없음 (전부 0 또는 4095)
1890310,0,n2,grip,1,유효 파형 없음 (전부 0 또는 4095)
1890312,0,n2,grip,1,유효 파형 없음 (전부 0 또는 4095)
1890314,0,n2,grip,1,유효 파형 없음 (전부 0 또는 4095)
1890316,0,n2,grip,1,유효 파형 없음 (전부 0 또는 4095)
1890318,0,n2,grip,1,유효 파형 없음 (전부 0 또는 4095)
1890320,0,n2,grip,1,유효 파형 없음 (전부 0 또는 4095)
1890322,0,n2,grip,1,유효 파형 없음 (전부 0 또는 4095)
1890324,0,n2,grip,1,유효 파형 없음 (전부 0 또는 4095)
1890326,0,n2,grip,1,유효 파형 없음 (전부 0 또는 4095)
1890328,0,n2,grip,1,유효 파형 없음 (전부 0 또는 4095)
1890330,0,n2,grip,1,유효 파형 없음 (전부 0 또는 4095)
1890332,0,n2,grip,1,유효 파형 없음 (전부 0 또는 4095)
1890334,0,n2,grip,1,유효 파형 없음 (전부 0 또는 4095)
1890336,0,n2,grip,1,유효 파형 없음 (전부 0 또는 4095)
1890338,0,n2,grip,1,유효 파형 없음 (전부 0 또는 4095)
1890340,0,n2,grip,1,유효 파형 없음 (전부 0 또는 4095)
1890342,0,n2,grip,1,유효 파형 없음 (전부 0 또는 4095)
1890344,0,n2,grip,1,유효 파형 없음 (전부 0 또는 4095)
1890346,0,n2,grip,1,유효 파형 없음 (전부 0 또는 4095)
1890348,0,n2,grip,1,유효 파형 없음 (전부 0 또는 4095)
1890350,0,n2,grip,1,유효 파형 없음 (전부 0 또는 4095)
1890352,0,n2,grip,1,유효 파형 없음 (전부 0 또는 4095)
1890354,0,n2,grip,1,유효 파형 없음 (전부 0 또는 4095)
1890356,0,n2,grip,1,유효 파형 없음 (전부 0 또는 4095)
1890358,0,n2,grip,1,유효 파형 없음 (전부 0 또는 4095)
1890360,0,n2,grip,1,유효 파형 없음 (전부 0 또는 4095)
1890362,0,n2,grip,1,유효 파형 없음 (전부 0 또는 4095)
1890364,0,n2,grip,1,유효 파형 없음 (전부 0 또는 4095)
1890366,0,n2,grip,1,유효 파형 없음 (전부 0 또는 4095)
1890368,0,n2,grip,1,유효 파형 없음 (전부 0 또는 4095)
1890370,0,n2,grip,1,유효 파형 없음 (전부 0 또는 4095)
1890372,0,n2,grip,1,유효 파형 없음 (전부 0 또는 4095)
1890374,0,n2,grip,1,유효 파형 없음 (전부 0 또는 4095)
1890376,0,n2,grip,1,유효 파형 없음 (전부 0 또는 4095)
1890378,0,n2,grip,1,유효 파형 없음 (전부 0 또는 4095)
1890380,0,n2,grip,1,유효 파형 없음 (전부 0 또는 4095)
1890382,0,n2,grip,1,유효 파형 없음 (전부 0 또는 4095)
1890384,0,n2,grip,1,유효 파형 없음 (전부 0 또는 4095)
1890386,0,n2,grip,1,유효 파형 없음 (전부 0 또는 4095)
1890388,0,n2,grip,1,유효 파형 없음 (전부 0 또는 4095)
1890390,0,n2,grip,1,유효 파형 없음 (전부 0 또는 4095)
1890392,0,n2,grip,1,유효 파형 없음 (전부 0 또는 4095)
1890394,0,n2,grip,1,유효 파형 없음 (전부 0 또는 4095)
1890396,0,n2,grip,1,유효 파형 없음 (전부 0 또는 4095)
1890398,0,n2,grip,1,유효 파형 없음 (전부 0 또는 4095)
1890400,0,n2,grip,1,유효 파형 없음 (전부 0 또는 4095)
1890402,0,n2,grip,1,유효 파형 없음 (전부 0 또는 4095)
1890404,0,n2,grip,1,유효 파형 없음 (전부 0 또는 4095)
1890406,0,n2,grip,1,유효 파형 없음 (전부 0 또는 4095)
1890408,0,n2,grip,1,유효 파형 없음 (전부 0 또는 4095)
1890410,0,n2,grip,1,유효 파형 없음 (전부 0 또는 4095)
1890412,0,n2,grip,1,유효 파형 없음 (전부 0 또는 4095)
1890414,0,n2,grip,1,유효 파형 없음 (전부 0 또는 4095)
1890416,0,n2,grip,1,유효 파형 없음 (전부 0 또는 4095)
1890418,0,n2,grip,1,유효 파형 없음 (전부 0 또는 4095)
1890420,0,n2,grip,1,유효 파형 없음 (전부 0 또는 4095)
1890422,0,n2,grip,1,유효 파형 없음 (전부 0 또는 4095)
1890424,0,n2,grip,1,유효 파형 없음 (전부 0 또는 4095)
1890426,0,n2,grip,1,유효 파형 없음 (전부 0 또는 4095)
1890428,0,n2,grip,1,유효 파형 없음 (전부 0 또는 4095)
1890430,0,n2,grip,1,유효 파형 없음 (전부 0 또는 4095)
1890432,0,n2,grip,1,유효 파형 없음 (전부 0 또는 4095)
1890434,0,n2,grip,1,유효 파형 없음 (전부 0 또는 4095)
1890436,0,n2,grip,1,유효 파형 없음 (전부 0 또는 4095)
1890438,0,n2,grip,1,유효 파형 없음 (전부 0 또는 4095)
1890440,0,n2,grip,1,유효 파형 없음 (전부 0 또는 4095)
1890442,0,n2,grip,1,유효 파형 없음 (전부 0 또는 4095)
1890444,0,n2,grip,1,유효 파형 없음 (전부 0 또는 4095)
1890446,0,n2,grip,1,유효 파형 없음 (전부 0 또는 4095)
1890448,0,n2,grip,1,유효 파형 없음 (전부 0 또는 4095)
1890450,0,n2,grip,1,유효 파형 없음 (전부 0 또는 4095)
1890452,0,n2,grip,1,유효 파형 없음 (전부 0 또는 4095)
1890454,0,n2,grip,1,유효 파형 없음 (전부 0 또는 4095)
1890456,0,n2,grip,1,유효 파형 없음 (전부 0 또는 4095)
1890458,0,n2,grip,1,유효 파형 없음 (전부 0 또는 4095)
1890460,0,n2,grip,1,유효 파형 없음 (전부 0 또는 4095)
1890462,0,n2,grip,1,유효 파형 없음 (전부 0 또는 4095)
1890464,0,n2,grip,1,유효 파형 없음 (전부 0 또는 4095)
1890466,0,n2,grip,1,유효 파형 없음 (전부 0 또는 4095)
1890468,0,n2,grip,1,유효 파형 없음 (전부 0 또는 4095)
1890470,0,n2,grip,1,유효 파형 없음 (전부 0 또는 4095)
1890472,0,n2,grip,1,유효 파형 없음 (전부 0 또는 4095)
1890474,0,n2,grip,1,유효 파형 없음 (전부 0 또는 4095)
1890476,0,n2,grip,1,유효 파형 없음 (전부 0 또는 4095)
1890478,0,n2,grip,1,유효 파형 없음 (전부 0 또는 4095)
1890480,0,n2,grip,1,유효 파형 없음 (전부 0 또는 4095)
1890482,0,n2,grip,1,유효 파형 없음 (전부 0 또는 4095)
1890484,0,n2,grip,1,유효 파형 없음 (전부 0 또는 4095)
1890486,0,n2,grip,1,유효 파형 없음 (전부 0 또는 4095)
1890488,0,n2,grip,1,유효 파형 없음 (전부 0 또는 4095)
1890490,0,n2,grip,1,유효 파형 없음 (전부 0 또는 4095)
1890492,0,n2,grip,1,유효 파형 없음 (전부 0 또는 4095)
1890494,0,n2,grip,1,유효 파형 없음 (전부 0 또는 4095)
1890496,0,n2,grip,1,유효 파형 없음 (전부 0 또는 4095)
1890498,0,n2,grip,1,유효 파형 없음 (전부 0 또는 4095)
1890500,0,n2,grip,1,유효 파형 없음 (전부 0 또는 4095)
1890502,0,n2,grip,1,유효 파형 없음 (전부 0 또는 4095)
1890504,0,n2,grip,1,유효 파형 없음 (전부 0 또는 4095)
1890506,0,n2,grip,1,유효 파형 없음 (전부 0 또는 4095)
1890508,0,n2,grip,1,유효 파형 없음 (전부 0 또는 4095)
1890510,0,n2,grip,1,유효 파형 없음 (전부 0 또는 4095)
1890512,0,n2,grip,1,유효 파형 없음 (전부 0 또는 4095)
1890514,0,n2,grip,1,유효 파형 없음 (전부 0 또는 4095)
1890516,0,n2,grip,1,유효 파형 없음 (전부 0 또는 4095)
1890518,0,n2,grip,1,유효 파형 없음 (전부 0 또는 4095)
1890520,0,n2,grip,1,유효 파형 없음 (전부 0 또는 4095)
1890522,0,n2,grip,1,유효 파형 없음 (전부 0 또는 4095)
1890524,0,n2,grip,1,유효 파형 없음 (전부 0 또는 4095)
1890526,0,n2,grip,1,유효 파형 없음 (전부 0 또는 4095)
1890528,0,n2,grip,1,유효 파형 없음 (전부 0 또는 4095)
1890530,0,n2,grip,1,유효 파형 없음 (전부 0 또는 4095)
1890532,0,n2,grip,1,유효 파형 없음 (전부 0 또는 4095)
1890534,0,n2,grip,1,유효 파형 없음 (전부 0 또는 4095)
1890536,0,n2,grip,1,유효 파형 없음 (전부 0 또는 4095)
1890538,0,n2,grip,1,유효 파형 없음 (전부 0 또는 4095)
1890540,0,n2,grip,1,유효 파형 없음 (전부 0 또는 4095)
1890542,0,n2,grip,1,유효 파형 없음 (전부 0 또는 4095)
1890544,0,n2,grip,1,유효 파형 없음 (전부 0 또는 4095)
1890546,0,n2,grip,1,유효 파형 없음 (전부 0 또는 4095)
1890548,0,n2,grip,1,유효 파형 없음 (전부 0 또는 4095)
1890550,0,n2,grip,1,유효 파형 없음 (전부 0 또는 4095)
1890552,0,n2,grip,1,유효 파형 없음 (전부 0 또는 4095)
1890554,0,n2,grip,1,유효 파형 없음 (전부 0 또는 4095)
1890556,0,n2,grip,1,유효 파형 없음 (전부 0 또는 4095)
1890558,0,n2,grip,1,유효 파형 없음 (전부 0 또는 4095)
1890560,0,n2,grip,1,유효 파형 없음 (전부 0 또는 4095)
1890562,0,n2,grip,1,유효 파형 없음 (전부 0 또는 4095)
1890564,0,n2,grip,1,유효 파형 없음 (전부 0 또는 4095)
1890566,0,n2,grip,1,유효 파형 없음 (전부 0 또는 4095)
1890568,0,n2,grip,1,유효 파형 없음 (전부 0 또는 4095)
1890570,0,n2,grip,1,유효 파형 없음 (전부 0 또는 4095)
1890572,0,n2,grip,1,유효 파형 없음 (전부 0 또는 4095)
1890574,0,n2,grip,1,유효 파형 없음 (전부 0 또는 4095)
1890576,0,n2,grip,1,유효 파형 없음 (전부 0 또는 4095)
1890578,0,n2,grip,1,유효 파형 없음 (전부 0 또는 4095)
1890580,0,n2,grip,1,유효 파형 없음 (전부 0 또는 4095)
1890582,0,n2,grip,1,유효 파형 없음 (전부 0 또는 4095)
1890584,0,n2,grip,1,유효 파형 없음 (전부 0 또는 4095)
1890586,0,n2,grip,1,유효 파형 없음 (전부 0 또는 4095)
1890588,0,n2,grip,1,유효 파형 없음 (전부 0 또는 4095)
1890590,0,n2,grip,1,유효 파형 없음 (전부 0 또는 4095)
1890592,0,n2,grip,1,유효 파형 없음 (전부 0 또는 4095)
1890594,0,n2,grip,1,유효 파형 없음 (전부 0 또는 4095)
1890596,0,n2,grip,1,유효 파형 없음 (전부 0 또는 4095)
1890598,0,n2,grip,1,유효 파형 없음 (전부 0 또는 4095)
1890600,0,n2,grip,1,유효 파형 없음 (전부 0 또는 4095)
1890602,0,n2,grip,1,유효 파형 없음 (전부 0 또는 4095)
1890604,0,n2,grip,1,유효 파형 없음 (전부 0 또는 4095)
1890606,0,n2,grip,1,유효 파형 없음 (전부 0 또는 4095)
1890608,0,n2,grip,1,유효 파형 없음 (전부 0 또는 4095)
1890610,0,n2,grip,1,유효 파형 없음 (전부 0 또는 4095)
1890612,0,n2,grip,1,유효 파형 없음 (전부 0 또는 4095)
1890614,0,n2,grip,1,유효 파형 없음 (전부 0 또는 4095)
1890616,0,n2,grip,1,유효 파형 없음 (전부 0 또는 4095)
1890618,0,n2,grip,1,유효 파형 없음 (전부 0 또는 4095)
1890620,0,n2,grip,1,유효 파형 없음 (전부 0 또는 4095)
1890622,0,n2,grip,1,유효 파형 없음 (전부 0 또는 4095)
1890624,0,n2,grip,1,유효 파형 없음 (전부 0 또는 4095)
1890626,0,n2,grip,1,유효 파형 없음 (전부 0 또는 4095)
1890628,0,n2,grip,1,유효 파형 없음 (전부 0 또는 4095)
1890630,0,n2,grip,1,유효 파형 없음 (전부 0 또는 4095)
1890632,0,n2,grip,1,유효 파형 없음 (전부 0 또는 4095)
1890634,0,n2,grip,1,유효 파형 없음 (전부 0 또는 4095)
1890636,0,n2,grip,1,유효 파형 없음 (전부 0 또는 4095)
1890638,0,n2,grip,1,유효 파형 없음 (전부 0 또는 4095)
1890640,0,n2,grip,1,유효 파형 없음 (전부 0 또는 4095)
1890642,0,n2,grip,1,유효 파형 없음 (전부 0 또는 4095)
1890644,0,n2,grip,1,유효 파형 없음 (전부 0 또는 4095)
1890646,0,n2,grip,1,유효 파형 없음 (전부 0 또는 4095)
1890648,0,n2,grip,1,유효 파형 없음 (전부 0 또는 4095)
1890650,0,n2,grip,1,유효 파형 없음 (전부 0 또는 4095)
1890652,0,n2,grip,1,유효 파형 없음 (전부 0 또는 4095)
1890654,0,n2,grip,1,유효 파형 없음 (전부 0 또는 4095)
1890656,0,n2,grip,1,유효 파형 없음 (전부 0 또는 4095)
1890658,0,n2,grip,1,유효 파형 없음 (전부 0 또는 4095)
1890660,0,n2,grip,1,유효 파형 없음 (전부 0 또는 4095)
1890662,0,n2,grip,1,유효 파형 없음 (전부 0 또는 4095)
1890664,0,n2,grip,1,유효 파형 없음 (전부 0 또는 4095)
1890666,0,n2,grip,1,유효 파형 없음 (전부 0 또는 4095)
1890668,0,n2,grip,1,유효 파형 없음 (전부 0 또는 4095)
1890670,0,n2,grip,1,유효 파형 없음 (전부 0 또는 4095)
1890672,0,n2,grip,1,유효 파형 없음 (전부 0 또는 4095)
1890674,0,n2,grip,1,유효 파형 없음 (전부 0 또는 4095)
1890676,0,n2,grip,1,유효 파형 없음 (전부 0 또는 4095)
1890678,0,n2,grip,1,유효 파형 없음 (전부 0 또는 4095)
1890680,0,n2,grip,1,유효 파형 없음 (전부 0 또는 4095)
1890682,0,n2,grip,1,유효 파형 없음 (전부 0 또는 4095)
1890684,0,n2,grip,1,유효 파형 없음 (전부 0 또는 4095)
1890686,0,n2,grip,1,유효 파형 없음 (전부 0 또는 4095)
1890688,0,n2,grip,1,유효 파형 없음 (전부 0 또는 4095)
1890690,0,n2,grip,1,유효 파형 없음 (전부 0 또는 4095)
1890692,0,n2,grip,1,유효 파형 없음 (전부 0 또는 4095)
1890694,0,n2,grip,1,유효 파형 없음 (전부 0 또는 4095)
1890696,0,n2,grip,1,유효 파형 없음 (전부 0 또는 4095)
1890698,0,n2,grip,1,유효 파형 없음 (전부 0 또는 4095)
1890700,0,n2,grip,1,유효 파형 없음 (전부 0 또는 4095)
1890702,0,n2,grip,1,유효 파형 없음 (전부 0 또는 4095)
1890704,0,n2,grip,1,유효 파형 없음 (전부 0 또는 4095)
1890706,0,n2,grip,1,유효 파형 없음 (전부 0 또는 4095)
1890708,0,n2,grip,1,유효 파형 없음 (전부 0 또는 4095)
1890710,0,n2,grip,1,유효 파형 없음 (전부 0 또는 4095)
1890712,0,n2,grip,1,유효 파형 없음 (전부 0 또는 4095)
1890714,0,n2,grip,1,유효 파형 없음 (전부 0 또는 4095)
1890716,0,n2,grip,1,유효 파형 없음 (전부 0 또는 4095)
1890718,0,n2,grip,1,유효 파형 없음 (전부 0 또는 4095)
1890720,0,n2,grip,1,유효 파형 없음 (전부 0 또는 4095)
1890722,0,n2,grip,1,유효 파형 없음 (전부 0 또는 4095)
1890724,0,n2,grip,1,유효 파형 없음 (전부 0 또는 4095)
1890726,0,n2,grip,1,유효 파형 없음 (전부 0 또는 4095)
1890728,0,n2,grip,1,유효 파형 없음 (전부 0 또는 4095)
1890730,0,n2,grip,1,유효 파형 없음 (전부 0 또는 4095)
1890732,0,n2,grip,1,유효 파형 없음 (전부 0 또는 4095)
1890734,0,n2,grip,1,유효 파형 없음 (전부 0 또는 4095)
1890736,0,n2,grip,1,유효 파형 없음 (전부 0 또는 4095)
1890738,0,n2,grip,1,유효 파형 없음 (전부 0 또는 4095)
1890740,0,n2,grip,1,유효 파형 없음 (전부 0 또는 4095)
1890742,0,n2,grip,1,유효 파형 없음 (전부 0 또는 4095)
1890744,0,n2,grip,1,유효 파형 없음 (전부 0 또는 4095)
1890746,0,n2,grip,1,유효 파형 없음 (전부 0 또는 4095)
1890748,0,n2,grip,1,유효 파형 없음 (전부 0 또는 4095)
1890750,0,n2,grip,1,유효 파형 없음 (전부 0 또는 4095)
1890752,0,n2,grip,1,유효 파형 없음 (전부 0 또는 4095)
1890754,0,n2,grip,1,유효 파형 없음 (전부 0 또는 4095)
1890756,0,n2,grip,1,유효 파형 없음 (전부 0 또는 4095)
1890758,0,n2,grip,1,유효 파형 없음 (전부 0 또는 4095)
1890760,0,n2,grip,1,유효 파형 없음 (전부 0 또는 4095)
1890762,0,n2,grip,1,유효 파형 없음 (전부 0 또는 4095)
1890764,0,n2,grip,1,유효 파형 없음 (전부 0 또는 4095)
1890766,0,n2,grip,1,유효 파형 없음 (전부 0 또는 4095)
1890768,0,n2,grip,1,유효 파형 없음 (전부 0 또는 4095)
1890770,0,n2,grip,1,유효 파형 없음 (전부 0 또는 4095)
1890772,0,n2,grip,1,유효 파형 없음 (전부 0 또는 4095)
1890774,0,n2,grip,1,유효 파형 없음 (전부 0 또는 4095)
1890776,0,n2,grip,1,유효 파형 없음 (전부 0 또는 4095)
1890778,0,n2,grip,1,유효 파형 없음 (전부 0 또는 4095)
1890780,0,n2,grip,1,유효 파형 없음 (전부 0 또는 4095)
1890782,0,n2,grip,1,유효 파형 없음 (전부 0 또는 4095)
1890784,0,n2,grip,1,유효 파형 없음 (전부 0 또는 4095)
1890786,0,n2,grip,1,유효 파형 없음 (전부 0 또는 4095)
1890788,0,n2,grip,1,유효 파형 없음 (전부 0 또는 4095)
1890790,0,n2,grip,1,유효 파형 없음 (전부 0 또는 4095)
1890792,0,n2,grip,1,유효 파형 없음 (전부 0 또는 4095)
1890794,0,n2,grip,1,유효 파형 없음 (전부 0 또는 4095)
1890796,0,n2,grip,1,유효 파형 없음 (전부 0 또는 4095)
1890798,0,n2,grip,1,유효 파형 없음 (전부 0 또는 4095)
1890800,0,n2,grip,1,유효 파형 없음 (전부 0 또는 4095)
1890802,0,n2,grip,1,유효 파형 없음 (전부 0 또는 4095)
1890804,0,n2,grip,1,유효 파형 없음 (전부 0 또는 4095)
1890806,0,n2,grip,1,유효 파형 없음 (전부 0 또는 4095)
1890808,0,n2,grip,1,유효 파형 없음 (전부 0 또는 4095)
1890810,0,n2,grip,1,유효 파형 없음 (전부 0 또는 4095)
1890812,0,n2,grip,1,유효 파형 없음 (전부 0 또는 4095)
1890814,0,n2,grip,1,유효 파형 없음 (전부 0 또는 4095)
1890816,0,n2,grip,1,유효 파형 없음 (전부 0 또는 4095)
1890818,0,n2,grip,1,유효 파형 없음 (전부 0 또는 4095)
1890820,0,n2,grip,1,유효 파형 없음 (전부 0 또는 4095)
1890822,0,n2,grip,1,유효 파형 없음 (전부 0 또는 4095)
1890824,0,n2,grip,1,유효 파형 없음 (전부 0 또는 4095)
1890826,0,n2,grip,1,유효 파형 없음 (전부 0 또는 4095)
1890828,0,n2,grip,1,유효 파형 없음 (전부 0 또는 4095)
1890830,0,n2,grip,1,유효 파형 없음 (전부 0 또는 4095)
1890832,0,n2,grip,1,유효 파형 없음 (전부 0 또는 4095)
1890834,0,n2,grip,1,유효 파형 없음 (전부 0 또는 4095)
1890836,0,n2,grip,1,유효 파형 없음 (전부 0 또는 4095)
1890838,0,n2,grip,1,유효 파형 없음 (전부 0 또는 4095)
1890840,0,n2,grip,1,유효 파형 없음 (전부 0 또는 4095)
1890842,0,n2,grip,1,유효 파형 없음 (전부 0 또는 4095)
1890844,0,n2,grip,1,유효 파형 없음 (전부 0 또는 4095)
1890846,0,n2,grip,1,유효 파형 없음 (전부 0 또는 4095)
1890848,0,n2,grip,1,유효 파형 없음 (전부 0 또는 4095)
1890850,0,n2,grip,1,유효 파형 없음 (전부 0 또는 4095)
1890852,0,n2,grip,1,유효 파형 없음 (전부 0 또는 4095)
1890854,0,n2,grip,1,유효 파형 없음 (전부 0 또는 4095)
1890856,0,n2,grip,1,유효 파형 없음 (전부 0 또는 4095)
1890858,0,n2,grip,1,유효 파형 없음 (전부 0 또는 4095)
1890860,0,n2,grip,1,유효 파형 없음 (전부 0 또는 4095)
1890862,0,n2,grip,1,유효 파형 없음 (전부 0 또는 4095)
1890864,0,n2,grip,1,유효 파형 없음 (전부 0 또는 4095)
1890866,0,n2,grip,1,유효 파형 없음 (전부 0 또는 4095)
1890868,0,n2,grip,1,유효 파형 없음 (전부 0 또는 4095)
1890870,0,n2,grip,1,유효 파형 없음 (전부 0 또는 4095)
1890872,0,n2,grip,1,유효 파형 없음 (전부 0 또는 4095)
1890874,0,n2,grip,1,유효 파형 없음 (전부 0 또는 4095)
1890876,0,n2,grip,1,유효 파형 없음 (전부 0 또는 4095)
1890878,0,n2,grip,1,유효 파형 없음 (전부 0 또는 4095)
1890880,0,n2,grip,1,유효 파형 없음 (전부 0 또는 4095)
1890882,0,n2,grip,1,유효 파형 없음 (전부 0 또는 4095)
1890884,0,n2,grip,1,유효 파형 없음 (전부 0 또는 4095)
1890886,0,n2,grip,1,유효 파형 없음 (전부 0 또는 4095)
1890888,0,n2,grip,1,유효 파형 없음 (전부 0 또는 4095)
1890890,0,n2,grip,1,유효 파형 없음 (전부 0 또는 4095)
1890892,0,n2,grip,1,유효 파형 없음 (전부 0 또는 4095)
1890894,0,n2,grip,1,유효 파형 없음 (전부 0 또는 4095)
1890896,0,n2,grip,1,유효 파형 없음 (전부 0 또는 4095)
1890898,0,n2,grip,1,유효 파형 없음 (전부 0 또는 4095)
1890900,0,n2,grip,1,유효 파형 없음 (전부 0 또는 4095)
1890902,0,n2,grip,1,유효 파형 없음 (전부 0 또는 4095)
1890904,0,n2,grip,1,유효 파형 없음 (전부 0 또는 4095)
1890906,0,n2,grip,1,유효 파형 없음 (전부 0 또는 4095)
1890908,0,n2,grip,1,유효 파형 없음 (전부 0 또는 4095)
1890910,0,n2,grip,1,유효 파형 없음 (전부 0 또는 4095)
1890912,0,n2,grip,1,유효 파형 없음 (전부 0 또는 4095)
1890914,0,n2,grip,1,유효 파형 없음 (전부 0 또는 4095)
1890916,0,n2,grip,1,유효 파형 없음 (전부 0 또는 4095)
1890918,0,n2,grip,1,유효 파형 없음 (전부 0 또는 4095)
1890920,0,n2,grip,1,유효 파형 없음 (전부 0 또는 4095)
1890922,0,n2,grip,1,유효 파형 없음 (전부 0 또는 4095)
1890924,0,n2,grip,1,유효 파형 없음 (전부 0 또는 4095)
1890926,0,n2,grip,1,유효 파형 없음 (전부 0 또는 4095)
1890928,0,n2,grip,1,유효 파형 없음 (전부 0 또는 4095)
1890930,0,n2,grip,1,유효 파형 없음 (전부 0 또는 4095)
1890932,0,n2,grip,1,유효 파형 없음 (전부 0 또는 4095)
1890934,0,n2,grip,1,유효 파형 없음 (전부 0 또는 4095)
1890936,0,n2,grip,1,유효 파형 없음 (전부 0 또는 4095)
1890938,0,n2,grip,1,유효 파형 없음 (전부 0 또는 4095)
1890940,0,n2,grip,1,유효 파형 없음 (전부 0 또는 4095)
1890942,0,n2,grip,1,유효 파형 없음 (전부 0 또는 4095)
1890944,0,n2,grip,1,유효 파형 없음 (전부 0 또는 4095)
1890946,0,n2,grip,1,유효 파형 없음 (전부 0 또는 4095)
1890948,0,n2,grip,1,유효 파형 없음 (전부 0 또는 4095)
1890950,0,n2,grip,1,유효 파형 없음 (전부 0 또는 4095)
1890952,0,n2,grip,1,유효 파형 없음 (전부 0 또는 4095)
1890954,0,n2,grip,1,유효 파형 없음 (전부 0 또는 4095)
1890956,0,n2,grip,1,유효 파형 없음 (전부 0 또는 4095)
1890958,0,n2,grip,1,유효 파형 없음 (전부 0 또는 4095)
1890960,0,n2,grip,1,유효 파형 없음 (전부 0 또는 4095)
1890962,0,n2,grip,1,유효 파형 없음 (전부 0 또는 4095)
1890964,0,n2,grip,1,유효 파형 없음 (전부 0 또는 4095)
1890966,0,n2,grip,1,유효 파형 없음 (전부 0 또는 4095)
1890968,0,n2,grip,1,유효 파형 없음 (전부 0 또는 4095)
1890970,0,n2,grip,1,유효 파형 없음 (전부 0 또는 4095)
1890972,0,n2,grip,1,유효 파형 없음 (전부 0 또는 4095)
1890974,0,n2,grip,1,유효 파형 없음 (전부 0 또는 4095)
1890976,0,n2,grip,1,유효 파형 없음 (전부 0 또는 4095)
1890978,0,n2,grip,1,유효 파형 없음 (전부 0 또는 4095)
1890980,0,n2,grip,1,유효 파형 없음 (전부 0 또는 4095)
1890982,0,n2,grip,1,유효 파형 없음 (전부 0 또는 4095)
1890984,0,n2,grip,1,유효 파형 없음 (전부 0 또는 4095)
1890986,0,n2,grip,1,유효 파형 없음 (전부 0 또는 4095)
1890988,0,n2,grip,1,유효 파형 없음 (전부 0 또는 4095)
1890990,0,n2,grip,1,유효 파형 없음 (전부 0 또는 4095)
1890992,0,n2,grip,1,유효 파형 없음 (전부 0 또는 4095)
1890994,0,n2,grip,1,유효 파형 없음 (전부 0 또는 4095)
1890996,0,n2,grip,1,유효 파형 없음 (전부 0 또는 4095)
1890998,0,n2,grip,1,유효 파형 없음 (전부 0 또는 4095)
1891000,0,n2,grip,1,유효 파형 없음 (전부 0 또는 4095)
1891002,0,n2,grip,1,유효 파형 없음 (전부 0 또는 4095)
1891004,0,n2,grip,1,유효 파형 없음 (전부 0 또는 4095)
1891006,0,n2,grip,1,유효 파형 없음 (전부 0 또는 4095)
1891008,0,n2,grip,1,유효 파형 없음 (전부 0 또는 4095)
1891010,0,n2,grip,1,유효 파형 없음 (전부 0 또는 4095)
1891012,0,n2,grip,1,유효 파형 없음 (전부 0 또는 4095)
1891014,0,n2,grip,1,유효 파형 없음 (전부 0 또는 4095)
1891016,0,n2,grip,1,유효 파형 없음 (전부 0 또는 4095)
1891018,0,n2,grip,1,유효 파형 없음 (전부 0 또는 4095)
1891020,0,n2,grip,1,유효 파형 없음 (전부 0 또는 4095)
1891022,0,n2,grip,1,유효 파형 없음 (전부 0 또는 4095)
1891024,0,n2,grip,1,유효 파형 없음 (전부 0 또는 4095)
1891026,0,n2,grip,1,유효 파형 없음 (전부 0 또는 4095)
1891028,0,n2,grip,1,유효 파형 없음 (전부 0 또는 4095)
1891030,0,n2,grip,1,유효 파형 없음 (전부 0 또는 4095)
1891032,0,n2,grip,1,유효 파형 없음 (전부 0 또는 4095)
1891034,0,n2,grip,1,유효 파형 없음 (전부 0 또는 4095)
1891036,0,n2,grip,1,유효 파형 없음 (전부 0 또는 4095)
1891038,0,n2,grip,1,유효 파형 없음 (전부 0 또는 4095)
1891040,0,n2,grip,1,유효 파형 없음 (전부 0 또는 4095)
1891042,0,n2,grip,1,유효 파형 없음 (전부 0 또는 4095)
1891044,0,n2,grip,1,유효 파형 없음 (전부 0 또는 4095)
1891046,0,n2,grip,1,유효 파형 없음 (전부 0 또는 4095)
1891048,0,n2,grip,1,유효 파형 없음 (전부 0 또는 4095)
1891050,0,n2,grip,1,유효 파형 없음 (전부 0 또는 4095)
1891052,0,n2,grip,1,유효 파형 없음 (전부 0 또는 4095)
1891054,0,n2,grip,1,유효 파형 없음 (전부 0 또는 4095)
1891056,0,n2,grip,1,유효 파형 없음 (전부 0 또는 4095)
1891058,0,n2,grip,1,유효 파형 없음 (전부 0 또는 4095)
1891060,0,n2,grip,1,유효 파형 없음 (전부 0 또는 4095)
1891062,0,n2,grip,1,유효 파형 없음 (전부 0 또는 4095)
1891064,0,n2,grip,1,유효 파형 없음 (전부 0 또는 4095)
1891066,0,n2,grip,1,유효 파형 없음 (전부 0 또는 4095)
1891068,0,n2,grip,1,유효 파형 없음 (전부 0 또는 4095)
1891070,0,n2,grip,1,유효 파형 없음 (전부 0 또는 4095)
1891072,0,n2,grip,1,유효 파형 없음 (전부 0 또는 4095)
1891074,0,n2,grip,1,유효 파형 없음 (전부 0 또는 4095)
1891076,0,n2,grip,1,유효 파형 없음 (전부 0 또는 4095)
1891078,0,n2,grip,1,유효 파형 없음 (전부 0 또는 4095)
1891080,0,n2,grip,1,유효 파형 없음 (전부 0 또는 4095)
1891082,0,n2,grip,1,유효 파형 없음 (전부 0 또는 4095)
1891084,0,n2,grip,1,유효 파형 없음 (전부 0 또는 4095)
1891086,0,n2,grip,1,유효 파형 없음 (전부 0 또는 4095)
1891088,0,n2,grip,1,유효 파형 없음 (전부 0 또는 4095)
1891090,0,n2,grip,1,유효 파형 없음 (전부 0 또는 4095)
1891092,0,n2,grip,1,유효 파형 없음 (전부 0 또는 4095)
1891094,0,n2,grip,1,유효 파형 없음 (전부 0 또는 4095)
1891096,0,n2,grip,1,유효 파형 없음 (전부 0 또는 4095)
1891098,0,n2,grip,1,유효 파형 없음 (전부 0 또는 4095)
1891100,0,n2,grip,1,유효 파형 없음 (전부 0 또는 4095)
1891102,0,n2,grip,1,유효 파형 없음 (전부 0 또는 4095)
1891104,0,n2,grip,1,유효 파형 없음 (전부 0 또는 4095)
1891106,0,n2,grip,1,유효 파형 없음 (전부 0 또는 4095)
1891108,0,n2,grip,1,유효 파형 없음 (전부 0 또는 4095)
1891110,0,n2,grip,1,유효 파형 없음 (전부 0 또는 4095)
1891112,0,n2,grip,1,유효 파형 없음 (전부 0 또는 4095)
1891114,0,n2,grip,1,유효 파형 없음 (전부 0 또는 4095)
1891116,0,n2,grip,1,유효 파형 없음 (전부 0 또는 4095)
1891118,0,n2,grip,1,유효 파형 없음 (전부 0 또는 4095)
1891120,0,n2,grip,1,유효 파형 없음 (전부 0 또는 4095)
1891122,0,n2,grip,1,유효 파형 없음 (전부 0 또는 4095)
1891124,0,n2,grip,1,유효 파형 없음 (전부 0 또는 4095)
1891126,0,n2,grip,1,유효 파형 없음 (전부 0 또는 4095)
1891128,0,n2,grip,1,유효 파형 없음 (전부 0 또는 4095)
1891130,0,n2,grip,1,유효 파형 없음 (전부 0 또는 4095)
1891132,0,n2,grip,1,유효 파형 없음 (전부 0 또는 4095)
1891134,0,n2,grip,1,유효 파형 없음 (전부 0 또는 4095)
1891136,0,n2,grip,1,유효 파형 없음 (전부 0 또는 4095)
1891138,0,n2,grip,1,유효 파형 없음 (전부 0 또는 4095)
1891140,0,n2,grip,1,유효 파형 없음 (전부 0 또는 4095)
1891142,0,n2,grip,1,유효 파형 없음 (전부 0 또는 4095)
1891144,0,n2,grip,1,유효 파형 없음 (전부 0 또는 4095)
1891146,0,n2,grip,1,유효 파형 없음 (전부 0 또는 4095)
1891148,0,n2,grip,1,유효 파형 없음 (전부 0 또는 4095)
1891150,0,n2,grip,1,유효 파형 없음 (전부 0 또는 4095)
1891152,0,n2,grip,1,유효 파형 없음 (전부 0 또는 4095)
1891154,0,n2,grip,1,유효 파형 없음 (전부 0 또는 4095)
1891156,0,n2,grip,1,유효 파형 없음 (전부 0 또는 4095)
1891158,0,n2,grip,1,유효 파형 없음 (전부 0 또는 4095)
1891160,0,n2,grip,1,유효 파형 없음 (전부 0 또는 4095)
1891162,0,n2,grip,1,유효 파형 없음 (전부 0 또는 4095)
1891164,0,n2,grip,1,유효 파형 없음 (전부 0 또는 4095)
1891166,0,n2,grip,1,유효 파형 없음 (전부 0 또는 4095)
1891168,0,n2,grip,1,유효 파형 없음 (전부 0 또는 4095)
1891170,0,n2,grip,1,유효 파형 없음 (전부 0 또는 4095)
1891172,0,n2,grip,1,유효 파형 없음 (전부 0 또는 4095)
1891174,0,n2,grip,1,유효 파형 없음 (전부 0 또는 4095)
1891176,0,n2,grip,1,유효 파형 없음 (전부 0 또는 4095)
1891178,0,n2,grip,1,유효 파형 없음 (전부 0 또는 4095)
1891180,0,n2,grip,1,유효 파형 없음 (전부 0 또는 4095)
1891182,0,n2,grip,1,유효 파형 없음 (전부 0 또는 4095)
1891184,0,n2,grip,1,유효 파형 없음 (전부 0 또는 4095)
1891186,0,n2,grip,1,유효 파형 없음 (전부 0 또는 4095)
1891188,0,n2,grip,1,유효 파형 없음 (전부 0 또는 4095)
1891190,0,n2,grip,1,유효 파형 없음 (전부 0 또는 4095)
1891192,0,n2,grip,1,유효 파형 없음 (전부 0 또는 4095)
1891194,0,n2,grip,1,유효 파형 없음 (전부 0 또는 4095)
1891196,0,n2,grip,1,유효 파형 없음 (전부 0 또는 4095)
1891198,0,n2,grip,1,유효 파형 없음 (전부 0 또는 4095)
1891200,0,n2,grip,1,유효 파형 없음 (전부 0 또는 4095)
1891202,0,n2,grip,1,유효 파형 없음 (전부 0 또는 4095)
1891204,0,n2,grip,1,유효 파형 없음 (전부 0 또는 4095)
1891206,0,n2,grip,1,유효 파형 없음 (전부 0 또는 4095)
1891208,0,n2,grip,1,유효 파형 없음 (전부 0 또는 4095)
1891210,0,n2,grip,1,유효 파형 없음 (전부 0 또는 4095)
1891212,0,n2,grip,1,유효 파형 없음 (전부 0 또는 4095)
1891214,0,n2,grip,1,유효 파형 없음 (전부 0 또는 4095)
1891216,0,n2,grip,1,유효 파형 없음 (전부 0 또는 4095)
1891218,0,n2,grip,1,유효 파형 없음 (전부 0 또는 4095)
1891220,0,n2,grip,1,유효 파형 없음 (전부 0 또는 4095)
1891222,0,n2,grip,1,유효 파형 없음 (전부 0 또는 4095)
1891224,0,n2,grip,1,유효 파형 없음 (전부 0 또는 4095)
1891226,0,n2,grip,1,유효 파형 없음 (전부 0 또는 4095)
1891228,0,n2,grip,1,유효 파형 없음 (전부 0 또는 4095)
1891230,0,n2,grip,1,유효 파형 없음 (전부 0 또는 4095)
1891232,0,n2,grip,1,유효 파형 없음 (전부 0 또는 4095)
1891234,0,n2,grip,1,유효 파형 없음 (전부 0 또는 4095)
1891236,0,n2,grip,1,유효 파형 없음 (전부 0 또는 4095)
1891238,0,n2,grip,1,유효 파형 없음 (전부 0 또는 4095)
1891240,0,n2,grip,1,유효 파형 없음 (전부 0 또는 4095)
1891242,0,n2,grip,1,유효 파형 없음 (전부 0 또는 4095)
1891244,0,n2,grip,1,유효 파형 없음 (전부 0 또는 4095)
1891246,0,n2,grip,1,유효 파형 없음 (전부 0 또는 4095)
1891248,0,n2,grip,1,유효 파형 없음 (전부 0 또는 4095)
1891250,0,n2,grip,1,유효 파형 없음 (전부 0 또는 4095)
1891252,0,n2,grip,1,유효 파형 없음 (전부 0 또는 4095)
1891254,0,n2,grip,1,유효 파형 없음 (전부 0 또는 4095)
1891256,0,n2,grip,1,유효 파형 없음 (전부 0 또는 4095)
1891258,0,n2,grip,1,유효 파형 없음 (전부 0 또는 4095)
1891260,0,n2,grip,1,유효 파형 없음 (전부 0 또는 4095)
1891262,0,n2,grip,1,유효 파형 없음 (전부 0 또는 4095)
1891264,0,n2,grip,1,유효 파형 없음 (전부 0 또는 4095)
1891266,0,n2,grip,1,유효 파형 없음 (전부 0 또는 4095)
1891268,0,n2,grip,1,유효 파형 없음 (전부 0 또는 4095)
1891270,0,n2,grip,1,유효 파형 없음 (전부 0 또는 4095)
1891272,0,n2,grip,1,유효 파형 없음 (전부 0 또는 4095)
1891274,0,n2,grip,1,유효 파형 없음 (전부 0 또는 4095)
1891276,0,n2,grip,1,유효 파형 없음 (전부 0 또는 4095)
1891278,0,n2,grip,1,유효 파형 없음 (전부 0 또는 4095)
1891280,0,n2,grip,1,유효 파형 없음 (전부 0 또는 4095)
1891282,0,n2,grip,1,유효 파형 없음 (전부 0 또는 4095)
1891284,0,n2,grip,1,유효 파형 없음 (전부 0 또는 4095)
1891286,0,n2,grip,1,유효 파형 없음 (전부 0 또는 4095)
1891288,0,n2,grip,1,유효 파형 없음 (전부 0 또는 4095)
1891290,0,n2,grip,1,유효 파형 없음 (전부 0 또는 4095)
1891292,0,n2,grip,1,유효 파형 없음 (전부 0 또는 4095)
1891294,0,n2,grip,1,유효 파형 없음 (전부 0 또는 4095)
1891296,0,n2,grip,1,유효 파형 없음 (전부 0 또는 4095)
1891298,0,n2,grip,1,유효 파형 없음 (전부 0 또는 4095)
1891300,0,n2,grip,1,유효 파형 없음 (전부 0 또는 4095)
1891302,0,n2,grip,1,유효 파형 없음 (전부 0 또는 4095)
1891304,0,n2,grip,1,유효 파형 없음 (전부 0 또는 4095)
1891306,0,n2,grip,1,유효 파형 없음 (전부 0 또는 4095)
1891308,0,n2,grip,1,유효 파형 없음 (전부 0 또는 4095)
1891310,0,n2,grip,1,유효 파형 없음 (전부 0 또는 4095)
1891312,0,n2,grip,1,유효 파형 없음 (전부 0 또는 4095)
1891314,0,n2,grip,1,유효 파형 없음 (전부 0 또는 4095)
1891316,0,n2,grip,1,유효 파형 없음 (전부 0 또는 4095)
1891318,0,n2,grip,1,유효 파형 없음 (전부 0 또는 4095)
1891320,0,n2,grip,1,유효 파형 없음 (전부 0 또는 4095)
1891322,0,n2,grip,1,유효 파형 없음 (전부 0 또는 4095)
1891324,0,n2,grip,1,유효 파형 없음 (전부 0 또는 4095)
1891326,0,n2,grip,1,유효 파형 없음 (전부 0 또는 4095)
1891328,0,n2,grip,1,유효 파형 없음 (전부 0 또는 4095)
1891330,0,n2,grip,1,유효 파형 없음 (전부 0 또는 4095)
1891332,0,n2,grip,1,유효 파형 없음 (전부 0 또는 4095)
1891334,0,n2,grip,1,유효 파형 없음 (전부 0 또는 4095)
1891336,0,n2,grip,1,유효 파형 없음 (전부 0 또는 4095)
1891338,0,n2,grip,1,유효 파형 없음 (전부 0 또는 4095)
1891340,0,n2,grip,1,유효 파형 없음 (전부 0 또는 4095)
1891342,0,n2,grip,1,유효 파형 없음 (전부 0 또는 4095)
1891344,0,n2,grip,1,유효 파형 없음 (전부 0 또는 4095)
1891346,0,n2,grip,1,유효 파형 없음 (전부 0 또는 4095)
1891348,0,n2,grip,1,유효 파형 없음 (전부 0 또는 4095)
1891350,0,n2,grip,1,유효 파형 없음 (전부 0 또는 4095)
1891352,0,n2,grip,1,유효 파형 없음 (전부 0 또는 4095)
1891354,0,n2,grip,1,유효 파형 없음 (전부 0 또는 4095)
1891356,0,n2,grip,1,유효 파형 없음 (전부 0 또는 4095)
1891358,0,n2,grip,1,유효 파형 없음 (전부 0 또는 4095)
1891360,0,n2,grip,1,유효 파형 없음 (전부 0 또는 4095)
1891362,0,n2,grip,1,유효 파형 없음 (전부 0 또는 4095)
1891364,0,n2,grip,1,유효 파형 없음 (전부 0 또는 4095)
1891366,0,n2,grip,1,유효 파형 없음 (전부 0 또는 4095)
1891368,0,n2,grip,1,유효 파형 없음 (전부 0 또는 4095)
1891370,0,n2,grip,1,유효 파형 없음 (전부 0 또는 4095)
1891372,0,n2,grip,1,유효 파형 없음 (전부 0 또는 4095)
1891374,0,n2,grip,1,유효 파형 없음 (전부 0 또는 4095)
1891376,0,n2,grip,1,유효 파형 없음 (전부 0 또는 4095)
1891378,0,n2,grip,1,유효 파형 없음 (전부 0 또는 4095)
1891380,0,n2,grip,1,유효 파형 없음 (전부 0 또는 4095)
1891382,0,n2,grip,1,유효 파형 없음 (전부 0 또는 4095)
1891384,0,n2,grip,1,유효 파형 없음 (전부 0 또는 4095)
1891386,0,n2,grip,1,유효 파형 없음 (전부 0 또는 4095)
1891388,0,n2,grip,1,유효 파형 없음 (전부 0 또는 4095)
1891390,0,n2,grip,1,유효 파형 없음 (전부 0 또는 4095)
1891392,0,n2,grip,1,유효 파형 없음 (전부 0 또는 4095)
1891394,0,n2,grip,1,유효 파형 없음 (전부 0 또는 4095)
1891396,0,n2,grip,1,유효 파형 없음 (전부 0 또는 4095)
1891398,0,n2,grip,1,유효 파형 없음 (전부 0 또는 4095)
1891400,0,n2,grip,1,유효 파형 없음 (전부 0 또는 4095)
1891402,0,n2,grip,1,유효 파형 없음 (전부 0 또는 4095)
1891404,0,n2,grip,1,유효 파형 없음 (전부 0 또는 4095)
1891406,0,n2,grip,1,유효 파형 없음 (전부 0 또는 4095)
1891408,0,n2,grip,1,유효 파형 없음 (전부 0 또는 4095)
1891410,0,n2,grip,1,유효 파형 없음 (전부 0 또는 4095)
1891412,0,n2,grip,1,유효 파형 없음 (전부 0 또는 4095)
1891414,0,n2,grip,1,유효 파형 없음 (전부 0 또는 4095)
1891416,0,n2,grip,1,유효 파형 없음 (전부 0 또는 4095)
1891418,0,n2,grip,1,유효 파형 없음 (전부 0 또는 4095)
1891420,0,n2,grip,1,유효 파형 없음 (전부 0 또는 4095)
1891422,0,n2,grip,1,유효 파형 없음 (전부 0 또는 4095)
1891424,0,n2,grip,1,유효 파형 없음 (전부 0 또는 4095)
1891426,0,n2,grip,1,유효 파형 없음 (전부 0 또는 4095)
1891428,0,n2,grip,1,유효 파형 없음 (전부 0 또는 4095)
1891430,0,n2,grip,1,유효 파형 없음 (전부 0 또는 4095)
1891432,0,n2,grip,1,유효 파형 없음 (전부 0 또는 4095)
1891434,0,n2,grip,1,유효 파형 없음 (전부 0 또는 4095)
1891436,0,n2,grip,1,유효 파형 없음 (전부 0 또는 4095)
1891438,0,n2,grip,1,유효 파형 없음 (전부 0 또는 4095)
1891440,0,n2,grip,1,유효 파형 없음 (전부 0 또는 4095)
1891442,0,n2,grip,1,유효 파형 없음 (전부 0 또는 4095)
1891444,0,n2,grip,1,유효 파형 없음 (전부 0 또는 4095)
1891446,0,n2,grip,1,유효 파형 없음 (전부 0 또는 4095)
1891448,0,n2,grip,1,유효 파형 없음 (전부 0 또는 4095)
1891450,0,n2,grip,1,유효 파형 없음 (전부 0 또는 4095)
1891452,0,n2,grip,1,유효 파형 없음 (전부 0 또는 4095)
1891454,0,n2,grip,1,유효 파형 없음 (전부 0 또는 4095)
1891456,0,n2,grip,1,유효 파형 없음 (전부 0 또는 4095)
1891458,0,n2,grip,1,유효 파형 없음 (전부 0 또는 4095)
1891460,0,n2,grip,1,유효 파형 없음 (전부 0 또는 4095)
1891462,0,n2,grip,1,유효 파형 없음 (전부 0 또는 4095)
1891464,0,n2,grip,1,유효 파형 없음 (전부 0 또는 4095)
1891466,0,n2,grip,1,유효 파형 없음 (전부 0 또는 4095)
1891468,0,n2,grip,1,유효 파형 없음 (전부 0 또는 4095)
1891470,0,n2,grip,1,유효 파형 없음 (전부 0 또는 4095)
1891472,0,n2,grip,1,유효 파형 없음 (전부 0 또는 4095)
1891474,0,n2,grip,1,유효 파형 없음 (전부 0 또는 4095)
1891476,0,n2,grip,1,유효 파형 없음 (전부 0 또는 4095)
1891478,0,n2,grip,1,유효 파형 없음 (전부 0 또는 4095)
1891480,0,n2,grip,1,유효 파형 없음 (전부 0 또는 4095)
1891482,0,n2,grip,1,유효 파형 없음 (전부 0 또는 4095)
1891484,0,n2,grip,1,유효 파형 없음 (전부 0 또는 4095)
1891486,0,n2,grip,1,유효 파형 없음 (전부 0 또는 4095)
1891488,0,n2,grip,1,유효 파형 없음 (전부 0 또는 4095)
1891490,0,n2,grip,1,유효 파형 없음 (전부 0 또는 4095)
1891492,0,n2,grip,1,유효 파형 없음 (전부 0 또는 4095)
1891494,0,n2,grip,1,유효 파형 없음 (전부 0 또는 4095)
1891496,0,n2,grip,1,유효 파형 없음 (전부 0 또는 4095)
1891498,0,n2,grip,1,유효 파형 없음 (전부 0 또는 4095)
1891500,0,n2,grip,1,유효 파형 없음 (전부 0 또는 4095)
1891502,0,n2,grip,1,유효 파형 없음 (전부 0 또는 4095)
1891504,0,n2,grip,1,유효 파형 없음 (전부 0 또는 4095)
1891506,0,n2,grip,1,유효 파형 없음 (전부 0 또는 4095)
1891508,0,n2,grip,1,유효 파형 없음 (전부 0 또는 4095)
1891510,0,n2,grip,1,유효 파형 없음 (전부 0 또는 4095)
1891512,0,n2,grip,1,유효 파형 없음 (전부 0 또는 4095)
1891514,0,n2,grip,1,유효 파형 없음 (전부 0 또는 4095)
1891516,0,n2,grip,1,유효 파형 없음 (전부 0 또는 4095)
1891518,0,n2,grip,1,유효 파형 없음 (전부 0 또는 4095)
1891520,0,n2,grip,1,유효 파형 없음 (전부 0 또는 4095)
1891522,0,n2,grip,1,유효 파형 없음 (전부 0 또는 4095)
1891524,0,n2,grip,1,유효 파형 없음 (전부 0 또는 4095)
1891526,0,n2,grip,1,유효 파형 없음 (전부 0 또는 4095)
1891528,0,n2,grip,1,유효 파형 없음 (전부 0 또는 4095)
1891530,0,n2,grip,1,유효 파형 없음 (전부 0 또는 4095)
1891532,0,n2,grip,1,유효 파형 없음 (전부 0 또는 4095)
1891534,0,n2,grip,1,유효 파형 없음 (전부 0 또는 4095)
1891536,0,n2,grip,1,유효 파형 없음 (전부 0 또는 4095)
1891538,0,n2,grip,1,유효 파형 없음 (전부 0 또는 4095)
1891540,0,n2,grip,1,유효 파형 없음 (전부 0 또는 4095)
1891542,0,n2,grip,1,유효 파형 없음 (전부 0 또는 4095)
1891544,0,n2,grip,1,유효 파형 없음 (전부 0 또는 4095)
1891546,0,n2,grip,1,유효 파형 없음 (전부 0 또는 4095)
1891548,0,n2,grip,1,유효 파형 없음 (전부 0 또는 4095)
1891550,0,n2,grip,1,유효 파형 없음 (전부 0 또는 4095)
1891552,0,n2,grip,1,유효 파형 없음 (전부 0 또는 4095)
1891554,0,n2,grip,1,유효 파형 없음 (전부 0 또는 4095)
1891556,0,n2,grip,1,유효 파형 없음 (전부 0 또는 4095)
1891558,0,n2,grip,1,유효 파형 없음 (전부 0 또는 4095)
1891560,0,n2,grip,1,유효 파형 없음 (전부 0 또는 4095)
1891562,0,n2,grip,1,유효 파형 없음 (전부 0 또는 4095)
1891564,0,n2,grip,1,유효 파형 없음 (전부 0 또는 4095)
1891566,0,n2,grip,1,유효 파형 없음 (전부 0 또는 4095)
1891568,0,n2,grip,1,유효 파형 없음 (전부 0 또는 4095)
1891570,0,n2,grip,1,유효 파형 없음 (전부 0 또는 4095)
1891572,0,n2,grip,1,유효 파형 없음 (전부 0 또는 4095)
1891574,0,n2,grip,1,유효 파형 없음 (전부 0 또는 4095)
1891576,0,n2,grip,1,유효 파형 없음 (전부 0 또는 4095)
1891578,0,n2,grip,1,유효 파형 없음 (전부 0 또는 4095)
1891580,0,n2,grip,1,유효 파형 없음 (전부 0 또는 4095)
1891582,0,n2,grip,1,유효 파형 없음 (전부 0 또는 4095)
1891584,0,n2,grip,1,유효 파형 없음 (전부 0 또는 4095)
1891586,0,n2,grip,1,유효 파형 없음 (전부 0 또는 4095)
1891588,0,n2,grip,1,유효 파형 없음 (전부 0 또는 4095)
1891590,0,n2,grip,1,유효 파형 없음 (전부 0 또는 4095)
1891592,0,n2,grip,1,유효 파형 없음 (전부 0 또는 4095)
1891594,0,n2,grip,1,유효 파형 없음 (전부 0 또는 4095)
1891596,0,n2,grip,1,유효 파형 없음 (전부 0 또는 4095)
1891598,0,n2,grip,1,유효 파형 없음 (전부 0 또는 4095)
1891600,0,n2,grip,1,유효 파형 없음 (전부 0 또는 4095)
1891602,0,n2,grip,1,유효 파형 없음 (전부 0 또는 4095)
1891604,0,n2,grip,1,유효 파형 없음 (전부 0 또는 4095)
1891606,0,n2,grip,1,유효 파형 없음 (전부 0 또는 4095)
1891608,0,n2,grip,1,유효 파형 없음 (전부 0 또는 4095)
1891610,0,n2,grip,1,유효 파형 없음 (전부 0 또는 4095)
1891612,0,n2,grip,1,유효 파형 없음 (전부 0 또는 4095)
1891614,0,n2,grip,1,유효 파형 없음 (전부 0 또는 4095)
1891616,0,n2,grip,1,유효 파형 없음 (전부 0 또는 4095)
1891618,0,n2,grip,1,유효 파형 없음 (전부 0 또는 4095)
1891620,0,n2,grip,1,유효 파형 없음 (전부 0 또는 4095)
1891622,0,n2,grip,1,유효 파형 없음 (전부 0 또는 4095)
1891624,0,n2,grip,1,유효 파형 없음 (전부 0 또는 4095)
1891626,0,n2,grip,1,유효 파형 없음 (전부 0 또는 4095)
1891628,0,n2,grip,1,유효 파형 없음 (전부 0 또는 4095)
1891630,0,n2,grip,1,유효 파형 없음 (전부 0 또는 4095)
1891632,0,n2,grip,1,유효 파형 없음 (전부 0 또는 4095)
1891634,0,n2,grip,1,유효 파형 없음 (전부 0 또는 4095)
1891636,0,n2,grip,1,유효 파형 없음 (전부 0 또는 4095)
1891638,0,n2,grip,1,유효 파형 없음 (전부 0 또는 4095)
1891640,0,n2,grip,1,유효 파형 없음 (전부 0 또는 4095)
1891642,0,n2,grip,1,유효 파형 없음 (전부 0 또는 4095)
1891644,0,n2,grip,1,유효 파형 없음 (전부 0 또는 4095)
1891646,0,n2,grip,1,유효 파형 없음 (전부 0 또는 4095)
1891648,0,n2,grip,1,유효 파형 없음 (전부 0 또는 4095)
1891650,0,n2,grip,1,유효 파형 없음 (전부 0 또는 4095)
1891652,0,n2,grip,1,유효 파형 없음 (전부 0 또는 4095)
1891654,0,n2,grip,1,유효 파형 없음 (전부 0 또는 4095)
1891656,0,n2,grip,1,유효 파형 없음 (전부 0 또는 4095)
1891658,0,n2,grip,1,유효 파형 없음 (전부 0 또는 4095)
1891660,0,n2,grip,1,유효 파형 없음 (전부 0 또는 4095)
1891662,0,n2,grip,1,유효 파형 없음 (전부 0 또는 4095)
1891664,0,n2,grip,1,유효 파형 없음 (전부 0 또는 4095)
1891666,0,n2,grip,1,유효 파형 없음 (전부 0 또는 4095)
1891668,0,n2,grip,1,유효 파형 없음 (전부 0 또는 4095)
1891670,0,n2,grip,1,유효 파형 없음 (전부 0 또는 4095)
1891672,0,n2,grip,1,유효 파형 없음 (전부 0 또는 4095)
1891674,0,n2,grip,1,유효 파형 없음 (전부 0 또는 4095)
1891676,0,n2,grip,1,유효 파형 없음 (전부 0 또는 4095)
1891678,0,n2,grip,1,유효 파형 없음 (전부 0 또는 4095)
1891680,0,n2,grip,1,유효 파형 없음 (전부 0 또는 4095)
1891682,0,n2,grip,1,유효 파형 없음 (전부 0 또는 4095)
1891684,0,n2,grip,1,유효 파형 없음 (전부 0 또는 4095)
1891686,0,n2,grip,1,유효 파형 없음 (전부 0 또는 4095)
1891688,0,n2,grip,1,유효 파형 없음 (전부 0 또는 4095)
1891690,0,n2,grip,1,유효 파형 없음 (전부 0 또는 4095)
1891692,0,n2,grip,1,유효 파형 없음 (전부 0 또는 4095)
1891694,0,n2,grip,1,유효 파형 없음 (전부 0 또는 4095)
1891696,0,n2,grip,1,유효 파형 없음 (전부 0 또는 4095)
1891698,0,n2,grip,1,유효 파형 없음 (전부 0 또는 4095)
1891700,0,n2,grip,1,유효 파형 없음 (전부 0 또는 4095)
1891702,0,n2,grip,1,유효 파형 없음 (전부 0 또는 4095)
1891704,0,n2,grip,1,유효 파형 없음 (전부 0 또는 4095)
1891706,0,n2,grip,1,유효 파형 없음 (전부 0 또는 4095)
1891708,0,n2,grip,1,유효 파형 없음 (전부 0 또는 4095)
1891710,0,n2,grip,1,유효 파형 없음 (전부 0 또는 4095)
1891712,0,n2,grip,1,유효 파형 없음 (전부 0 또는 4095)
1891714,0,n2,grip,1,유효 파형 없음 (전부 0 또는 4095)
1891716,0,n2,grip,1,유효 파형 없음 (전부 0 또는 4095)
1891718,0,n2,grip,1,유효 파형 없음 (전부 0 또는 4095)
1891720,0,n2,grip,1,유효 파형 없음 (전부 0 또는 4095)
1891722,0,n2,grip,1,유효 파형 없음 (전부 0 또는 4095)
1891724,0,n2,grip,1,유효 파형 없음 (전부 0 또는 4095)
1891726,0,n2,grip,1,유효 파형 없음 (전부 0 또는 4095)
1891728,0,n2,grip,1,유효 파형 없음 (전부 0 또는 4095)
1891730,0,n2,grip,1,유효 파형 없음 (전부 0 또는 4095)
1891732,0,n2,grip,1,유효 파형 없음 (전부 0 또는 4095)
1891734,0,n2,grip,1,유효 파형 없음 (전부 0 또는 4095)
1891736,0,n2,grip,1,유효 파형 없음 (전부 0 또는 4095)
1891738,0,n2,grip,1,유효 파형 없음 (전부 0 또는 4095)
1891740,0,n2,grip,1,유효 파형 없음 (전부 0 또는 4095)
1891742,0,n2,grip,1,유효 파형 없음 (전부 0 또는 4095)
1891744,0,n2,grip,1,유효 파형 없음 (전부 0 또는 4095)
1891746,0,n2,grip,1,유효 파형 없음 (전부 0 또는 4095)
1891748,0,n2,grip,1,유효 파형 없음 (전부 0 또는 4095)
1891750,0,n2,grip,1,유효 파형 없음 (전부 0 또는 4095)
1891752,0,n2,grip,1,유효 파형 없음 (전부 0 또는 4095)
1891754,0,n2,grip,1,유효 파형 없음 (전부 0 또는 4095)
1891756,0,n2,grip,1,유효 파형 없음 (전부 0 또는 4095)
1891758,0,n2,grip,1,유효 파형 없음 (전부 0 또는 4095)
1891760,0,n2,grip,1,유효 파형 없음 (전부 0 또는 4095)
1891762,0,n2,grip,1,유효 파형 없음 (전부 0 또는 4095)
1891764,0,n2,grip,1,유효 파형 없음 (전부 0 또는 4095)
1891766,0,n2,grip,1,유효 파형 없음 (전부 0 또는 4095)
1891768,0,n2,grip,1,유효 파형 없음 (전부 0 또는 4095)
1891770,0,n2,grip,1,유효 파형 없음 (전부 0 또는 4095)
1891772,0,n2,grip,1,유효 파형 없음 (전부 0 또는 4095)
1891774,0,n2,grip,1,유효 파형 없음 (전부 0 또는 4095)
1891776,0,n2,grip,1,유효 파형 없음 (전부 0 또는 4095)
1891778,0,n2,grip,1,유효 파형 없음 (전부 0 또는 4095)
1891780,0,n2,grip,1,유효 파형 없음 (전부 0 또는 4095)
1891782,0,n2,grip,1,유효 파형 없음 (전부 0 또는 4095)
1891784,0,n2,grip,1,유효 파형 없음 (전부 0 또는 4095)
1891786,0,n2,grip,1,유효 파형 없음 (전부 0 또는 4095)
1891788,0,n2,grip,1,유효 파형 없음 (전부 0 또는 4095)
1891790,0,n2,grip,1,유효 파형 없음 (전부 0 또는 4095)
1891792,0,n2,grip,1,유효 파형 없음 (전부 0 또는 4095)
1891794,0,n2,grip,1,유효 파형 없음 (전부 0 또는 4095)
1891796,0,n2,grip,1,유효 파형 없음 (전부 0 또는 4095)
1891798,0,n2,grip,1,유효 파형 없음 (전부 0 또는 4095)
1891800,0,n2,grip,1,유효 파형 없음 (전부 0 또는 4095)
1891802,0,n2,grip,1,유효 파형 없음 (전부 0 또는 4095)
1891804,0,n2,grip,1,유효 파형 없음 (전부 0 또는 4095)
1891806,0,n2,grip,1,유효 파형 없음 (전부 0 또는 4095)
1891808,0,n2,grip,1,유효 파형 없음 (전부 0 또는 4095)
1891810,0,n2,grip,1,유효 파형 없음 (전부 0 또는 4095)
1891812,0,n2,grip,1,유효 파형 없음 (전부 0 또는 4095)
1891814,0,n2,grip,1,유효 파형 없음 (전부 0 또는 4095)
1891816,0,n2,grip,1,유효 파형 없음 (전부 0 또는 4095)
1891818,0,n2,grip,1,유효 파형 없음 (전부 0 또는 4095)
1891820,0,n2,grip,1,유효 파형 없음 (전부 0 또는 4095)
1891822,0,n2,grip,1,유효 파형 없음 (전부 0 또는 4095)
1891824,0,n2,grip,1,유효 파형 없음 (전부 0 또는 4095)
1891826,0,n2,grip,1,유효 파형 없음 (전부 0 또는 4095)
1891828,0,n2,grip,1,유효 파형 없음 (전부 0 또는 4095)
1891830,0,n2,grip,1,유효 파형 없음 (전부 0 또는 4095)
1891832,0,n2,grip,1,유효 파형 없음 (전부 0 또는 4095)
1891834,0,n2,grip,1,유효 파형 없음 (전부 0 또는 4095)
1891836,0,n2,grip,1,유효 파형 없음 (전부 0 또는 4095)
1891838,0,n2,grip,1,유효 파형 없음 (전부 0 또는 4095)
1891840,0,n2,grip,1,유효 파형 없음 (전부 0 또는 4095)
1891842,0,n2,grip,1,유효 파형 없음 (전부 0 또는 4095)
1891844,0,n2,grip,1,유효 파형 없음 (전부 0 또는 4095)
1891846,0,n2,grip,1,유효 파형 없음 (전부 0 또는 4095)
1891848,0,n2,grip,1,유효 파형 없음 (전부 0 또는 4095)
1891850,0,n2,grip,1,유효 파형 없음 (전부 0 또는 4095)
1891852,0,n2,grip,1,유효 파형 없음 (전부 0 또는 4095)
1891854,0,n2,grip,1,유효 파형 없음 (전부 0 또는 4095)
1891856,0,n2,grip,1,유효 파형 없음 (전부 0 또는 4095)
1891858,0,n2,grip,1,유효 파형 없음 (전부 0 또는 4095)
1891860,0,n2,grip,1,유효 파형 없음 (전부 0 또는 4095)
1891862,0,n2,grip,1,유효 파형 없음 (전부 0 또는 4095)
1891864,0,n2,grip,1,유효 파형 없음 (전부 0 또는 4095)
1891866,0,n2,grip,1,유효 파형 없음 (전부 0 또는 4095)
1891868,0,n2,grip,1,유효 파형 없음 (전부 0 또는 4095)
1891870,0,n2,grip,1,유효 파형 없음 (전부 0 또는 4095)
1891872,0,n2,grip,1,유효 파형 없음 (전부 0 또는 4095)
1891874,0,n2,grip,1,유효 파형 없음 (전부 0 또는 4095)
1891876,0,n2,grip,1,유효 파형 없음 (전부 0 또는 4095)
1891878,0,n2,grip,1,유효 파형 없음 (전부 0 또는 4095)
1891880,0,n2,grip,1,유효 파형 없음 (전부 0 또는 4095)
1891882,0,n2,grip,1,유효 파형 없음 (전부 0 또는 4095)
1891884,0,n2,grip,1,유효 파형 없음 (전부 0 또는 4095)
1891886,0,n2,grip,1,유효 파형 없음 (전부 0 또는 4095)
1891888,0,n2,grip,1,유효 파형 없음 (전부 0 또는 4095)
1891890,0,n2,grip,1,유효 파형 없음 (전부 0 또는 4095)
1891892,0,n2,grip,1,유효 파형 없음 (전부 0 또는 4095)
1891894,0,n2,grip,1,유효 파형 없음 (전부 0 또는 4095)
1891896,0,n2,grip,1,유효 파형 없음 (전부 0 또는 4095)
1891898,0,n2,grip,1,유효 파형 없음 (전부 0 또는 4095)
1891900,0,n2,grip,1,유효 파형 없음 (전부 0 또는 4095)
1891902,0,n2,grip,1,유효 파형 없음 (전부 0 또는 4095)
1891904,0,n2,grip,1,유효 파형 없음 (전부 0 또는 4095)
1891906,0,n2,grip,1,유효 파형 없음 (전부 0 또는 4095)
1891908,0,n2,grip,1,유효 파형 없음 (전부 0 또는 4095)
1891910,0,n2,grip,1,유효 파형 없음 (전부 0 또는 4095)
1891912,0,n2,grip,1,유효 파형 없음 (전부 0 또는 4095)
1891914,0,n2,grip,1,유효 파형 없음 (전부 0 또는 4095)
1891916,0,n2,grip,1,유효 파형 없음 (전부 0 또는 4095)
1891918,0,n2,grip,1,유효 파형 없음 (전부 0 또는 4095)
1891920,0,n2,grip,1,유효 파형 없음 (전부 0 또는 4095)
1891922,0,n2,grip,1,유효 파형 없음 (전부 0 또는 4095)
1891924,0,n2,grip,1,유효 파형 없음 (전부 0 또는 4095)
1891926,0,n2,grip,1,유효 파형 없음 (전부 0 또는 4095)
1891928,0,n2,grip,1,유효 파형 없음 (전부 0 또는 4095)
1891930,0,n2,grip,1,유효 파형 없음 (전부 0 또는 4095)
1891932,0,n2,grip,1,유효 파형 없음 (전부 0 또는 4095)
1891934,0,n2,grip,1,유효 파형 없음 (전부 0 또는 4095)
1891936,0,n2,grip,1,유효 파형 없음 (전부 0 또는 4095)
1891938,0,n2,grip,1,유효 파형 없음 (전부 0 또는 4095)
1891940,0,n2,grip,1,유효 파형 없음 (전부 0 또는 4095)
1891942,0,n2,grip,1,유효 파형 없음 (전부 0 또는 4095)
1891944,0,n2,grip,1,유효 파형 없음 (전부 0 또는 4095)
1891946,0,n2,grip,1,유효 파형 없음 (전부 0 또는 4095)
1891948,0,n2,grip,1,유효 파형 없음 (전부 0 또는 4095)
1891950,0,n2,grip,1,유효 파형 없음 (전부 0 또는 4095)
1891952,0,n2,grip,1,유효 파형 없음 (전부 0 또는 4095)
1891954,0,n2,grip,1,유효 파형 없음 (전부 0 또는 4095)
1891956,0,n2,grip,1,유효 파형 없음 (전부 0 또는 4095)
1891958,0,n2,grip,1,유효 파형 없음 (전부 0 또는 4095)
1891960,0,n2,grip,1,유효 파형 없음 (전부 0 또는 4095)
1891962,0,n2,grip,1,유효 파형 없음 (전부 0 또는 4095)
1891964,0,n2,grip,1,유효 파형 없음 (전부 0 또는 4095)
1891966,0,n2,grip,1,유효 파형 없음 (전부 0 또는 4095)
1891968,0,n2,grip,1,유효 파형 없음 (전부 0 또는 4095)
1891970,0,n2,grip,1,유효 파형 없음 (전부 0 또는 4095)
1891972,0,n2,grip,1,유효 파형 없음 (전부 0 또는 4095)
1891974,0,n2,grip,1,유효 파형 없음 (전부 0 또는 4095)
1891976,0,n2,grip,1,유효 파형 없음 (전부 0 또는 4095)
1891978,0,n2,grip,1,유효 파형 없음 (전부 0 또는 4095)
1891980,0,n2,grip,1,유효 파형 없음 (전부 0 또는 4095)
1891982,0,n2,grip,1,유효 파형 없음 (전부 0 또는 4095)
1891984,0,n2,grip,1,유효 파형 없음 (전부 0 또는 4095)
1891986,0,n2,grip,1,유효 파형 없음 (전부 0 또는 4095)
1891988,0,n2,grip,1,유효 파형 없음 (전부 0 또는 4095)
1891990,0,n2,grip,1,유효 파형 없음 (전부 0 또는 4095)
1891992,0,n2,grip,1,유효 파형 없음 (전부 0 또는 4095)
1891994,0,n2,grip,1,유효 파형 없음 (전부 0 또는 4095)
1891996,0,n2,grip,1,유효 파형 없음 (전부 0 또는 4095)
1891998,0,n2,grip,1,유효 파형 없음 (전부 0 또는 4095)
1892000,0,n2,grip,1,유효 파형 없음 (전부 0 또는 4095)
1892002,0,n2,grip,1,유효 파형 없음 (전부 0 또는 4095)
1892004,0,n2,grip,1,유효 파형 없음 (전부 0 또는 4095)
1892006,0,n2,grip,1,유효 파형 없음 (전부 0 또는 4095)
1892008,0,n2,grip,1,유효 파형 없음 (전부 0 또는 4095)
1892010,0,n2,grip,1,유효 파형 없음 (전부 0 또는 4095)
1892012,0,n2,grip,1,유효 파형 없음 (전부 0 또는 4095)
1892014,0,n2,grip,1,유효 파형 없음 (전부 0 또는 4095)
1892016,0,n2,grip,1,유효 파형 없음 (전부 0 또는 4095)
1892018,0,n2,grip,1,유효 파형 없음 (전부 0 또는 4095)
1892020,0,n2,grip,1,유효 파형 없음 (전부 0 또는 4095)
1892022,0,n2,grip,1,유효 파형 없음 (전부 0 또는 4095)
1892024,0,n2,grip,1,유효 파형 없음 (전부 0 또는 4095)
1892026,0,n2,grip,1,유효 파형 없음 (전부 0 또는 4095)
1892028,0,n2,grip,1,유효 파형 없음 (전부 0 또는 4095)
1892030,0,n2,grip,1,유효 파형 없음 (전부 0 또는 4095)
1892032,0,n2,grip,1,유효 파형 없음 (전부 0 또는 4095)
1892034,0,n2,grip,1,유효 파형 없음 (전부 0 또는 4095)
1892036,0,n2,grip,1,유효 파형 없음 (전부 0 또는 4095)
1892038,0,n2,grip,1,유효 파형 없음 (전부 0 또는 4095)
1892040,0,n2,grip,1,유효 파형 없음 (전부 0 또는 4095)
1892042,0,n2,grip,1,유효 파형 없음 (전부 0 또는 4095)
1892044,0,n2,grip,1,유효 파형 없음 (전부 0 또는 4095)
1892046,0,n2,grip,1,유효 파형 없음 (전부 0 또는 4095)
1892048,0,n2,grip,1,유효 파형 없음 (전부 0 또는 4095)
1892050,0,n2,grip,1,유효 파형 없음 (전부 0 또는 4095)
1892052,0,n2,grip,1,유효 파형 없음 (전부 0 또는 4095)
1892054,0,n2,grip,1,유효 파형 없음 (전부 0 또는 4095)
1892056,0,n2,grip,1,유효 파형 없음 (전부 0 또는 4095)
1892058,0,n2,grip,1,유효 파형 없음 (전부 0 또는 4095)
1892060,0,n2,grip,1,유효 파형 없음 (전부 0 또는 4095)
1892062,0,n2,grip,1,유효 파형 없음 (전부 0 또는 4095)
1892064,0,n2,grip,1,유효 파형 없음 (전부 0 또는 4095)
1892066,0,n2,grip,1,유효 파형 없음 (전부 0 또는 4095)
1892068,0,n2,grip,1,유효 파형 없음 (전부 0 또는 4095)
1892070,0,n2,grip,1,유효 파형 없음 (전부 0 또는 4095)
1892072,0,n2,grip,1,유효 파형 없음 (전부 0 또는 4095)
1892074,0,n2,grip,1,유효 파형 없음 (전부 0 또는 4095)
1892076,0,n2,grip,1,유효 파형 없음 (전부 0 또는 4095)
1892078,0,n2,grip,1,유효 파형 없음 (전부 0 또는 4095)
1892080,0,n2,grip,1,유효 파형 없음 (전부 0 또는 4095)
1892082,0,n2,grip,1,유효 파형 없음 (전부 0 또는 4095)
1892084,0,n2,grip,1,유효 파형 없음 (전부 0 또는 4095)
1892086,0,n2,grip,1,유효 파형 없음 (전부 0 또는 4095)
1892088,0,n2,grip,1,유효 파형 없음 (전부 0 또는 4095)
1892090,0,n2,grip,1,유효 파형 없음 (전부 0 또는 4095)
1892092,0,n2,grip,1,유효 파형 없음 (전부 0 또는 4095)
1892094,0,n2,grip,1,유효 파형 없음 (전부 0 또는 4095)
1892096,0,n2,grip,1,유효 파형 없음 (전부 0 또는 4095)
1892098,0,n2,grip,1,유효 파형 없음 (전부 0 또는 4095)
1892100,0,n2,grip,1,유효 파형 없음 (전부 0 또는 4095)
1892102,0,n2,grip,1,유효 파형 없음 (전부 0 또는 4095)
1892104,0,n2,grip,1,유효 파형 없음 (전부 0 또는 4095)
1892106,0,n2,grip,1,유효 파형 없음 (전부 0 또는 4095)
1892108,0,n2,grip,1,유효 파형 없음 (전부 0 또는 4095)
1892110,0,n2,grip,1,유효 파형 없음 (전부 0 또는 4095)
1892112,0,n2,grip,1,유효 파형 없음 (전부 0 또는 4095)
1892114,0,n2,grip,1,유효 파형 없음 (전부 0 또는 4095)
1892116,0,n2,grip,1,유효 파형 없음 (전부 0 또는 4095)
1892118,0,n2,grip,1,유효 파형 없음 (전부 0 또는 4095)
1892120,0,n2,grip,1,유효 파형 없음 (전부 0 또는 4095)
1892122,0,n2,grip,1,유효 파형 없음 (전부 0 또는 4095)
1892124,0,n2,grip,1,유효 파형 없음 (전부 0 또는 4095)
1892126,0,n2,grip,1,유효 파형 없음 (전부 0 또는 4095)
1892128,0,n2,grip,1,유효 파형 없음 (전부 0 또는 4095)
1892130,0,n2,grip,1,유효 파형 없음 (전부 0 또는 4095)
1892132,0,n2,grip,1,유효 파형 없음 (전부 0 또는 4095)
1892134,0,n2,grip,1,유효 파형 없음 (전부 0 또는 4095)
1892136,0,n2,grip,1,유효 파형 없음 (전부 0 또는 4095)
1892138,0,n2,grip,1,유효 파형 없음 (전부 0 또는 4095)
1892140,0,n2,grip,1,유효 파형 없음 (전부 0 또는 4095)
1892142,0,n2,grip,1,유효 파형 없음 (전부 0 또는 4095)
1892144,0,n2,grip,1,유효 파형 없음 (전부 0 또는 4095)
1892146,0,n2,grip,1,유효 파형 없음 (전부 0 또는 4095)
1892148,0,n2,grip,1,유효 파형 없음 (전부 0 또는 4095)
1892150,0,n2,grip,1,유효 파형 없음 (전부 0 또는 4095)
1892152,0,n2,grip,1,유효 파형 없음 (전부 0 또는 4095)
1892154,0,n2,grip,1,유효 파형 없음 (전부 0 또는 4095)
1892156,0,n2,grip,1,유효 파형 없음 (전부 0 또는 4095)
1892158,0,n2,grip,1,유효 파형 없음 (전부 0 또는 4095)
1892160,0,n2,grip,1,유효 파형 없음 (전부 0 또는 4095)
1892162,0,n2,grip,1,유효 파형 없음 (전부 0 또는 4095)
1892164,0,n2,grip,1,유효 파형 없음 (전부 0 또는 4095)
1892166,0,n2,grip,1,유효 파형 없음 (전부 0 또는 4095)
1892168,0,n2,grip,1,유효 파형 없음 (전부 0 또는 4095)
1892170,0,n2,grip,1,유효 파형 없음 (전부 0 또는 4095)
1892172,0,n2,grip,1,유효 파형 없음 (전부 0 또는 4095)
1892174,0,n2,grip,1,유효 파형 없음 (전부 0 또는 4095)
1892176,0,n2,grip,1,유효 파형 없음 (전부 0 또는 4095)
1892178,0,n2,grip,1,유효 파형 없음 (전부 0 또는 4095)
1892180,0,n2,grip,1,유효 파형 없음 (전부 0 또는 4095)
1892182,0,n2,grip,1,유효 파형 없음 (전부 0 또는 4095)
1892184,0,n2,grip,1,유효 파형 없음 (전부 0 또는 4095)
1892186,0,n2,grip,1,유효 파형 없음 (전부 0 또는 4095)
1892188,0,n2,grip,1,유효 파형 없음 (전부 0 또는 4095)
1892190,0,n2,grip,1,유효 파형 없음 (전부 0 또는 4095)
1892192,0,n2,grip,1,유효 파형 없음 (전부 0 또는 4095)
1892194,0,n2,grip,1,유효 파형 없음 (전부 0 또는 4095)
1892196,0,n2,grip,1,유효 파형 없음 (전부 0 또는 4095)
1892198,0,n2,grip,1,유효 파형 없음 (전부 0 또는 4095)
1892200,0,n2,grip,1,유효 파형 없음 (전부 0 또는 4095)
1892202,0,n2,grip,1,유효 파형 없음 (전부 0 또는 4095)
1892204,0,n2,grip,1,유효 파형 없음 (전부 0 또는 4095)
1892206,0,n2,grip,1,유효 파형 없음 (전부 0 또는 4095)
1892208,0,n2,grip,1,유효 파형 없음 (전부 0 또는 4095)
1892210,0,n2,grip,1,유효 파형 없음 (전부 0 또는 4095)
1892212,0,n2,grip,1,유효 파형 없음 (전부 0 또는 4095)
1892214,0,n2,grip,1,유효 파형 없음 (전부 0 또는 4095)
1892216,0,n2,grip,1,유효 파형 없음 (전부 0 또는 4095)
1892218,0,n2,grip,1,유효 파형 없음 (전부 0 또는 4095)
1892220,0,n2,grip,1,유효 파형 없음 (전부 0 또는 4095)
1892222,0,n2,grip,1,유효 파형 없음 (전부 0 또는 4095)
1892224,0,n2,grip,1,유효 파형 없음 (전부 0 또는 4095)
1892226,0,n2,grip,1,유효 파형 없음 (전부 0 또는 4095)
1892228,0,n2,grip,1,유효 파형 없음 (전부 0 또는 4095)
1892230,0,n2,grip,1,유효 파형 없음 (전부 0 또는 4095)
1892232,0,n2,grip,1,유효 파형 없음 (전부 0 또는 4095)
1892234,0,n2,grip,1,유효 파형 없음 (전부 0 또는 4095)
1892236,0,n2,grip,1,유효 파형 없음 (전부 0 또는 4095)
1892238,0,n2,grip,1,유효 파형 없음 (전부 0 또는 4095)
1892240,0,n2,grip,1,유효 파형 없음 (전부 0 또는 4095)
1892242,0,n2,grip,1,유효 파형 없음 (전부 0 또는 4095)
1892244,0,n2,grip,1,유효 파형 없음 (전부 0 또는 4095)
1892246,0,n2,grip,1,유효 파형 없음 (전부 0 또는 4095)
1892248,0,n2,grip,1,유효 파형 없음 (전부 0 또는 4095)
1892250,0,n2,grip,1,유효 파형 없음 (전부 0 또는 4095)
1892252,0,n2,grip,1,유효 파형 없음 (전부 0 또는 4095)
1892254,0,n2,grip,1,유효 파형 없음 (전부 0 또는 4095)
1892256,0,n2,grip,1,유효 파형 없음 (전부 0 또는 4095)
1892258,0,n2,grip,1,유효 파형 없음 (전부 0 또는 4095)
1892260,0,n2,grip,1,유효 파형 없음 (전부 0 또는 4095)
1892262,0,n2,grip,1,유효 파형 없음 (전부 0 또는 4095)
1892264,0,n2,grip,1,유효 파형 없음 (전부 0 또는 4095)
1892266,0,n2,grip,1,유효 파형 없음 (전부 0 또는 4095)
1892268,0,n2,grip,1,유효 파형 없음 (전부 0 또는 4095)
1892270,0,n2,grip,1,유효 파형 없음 (전부 0 또는 4095)
1892272,0,n2,grip,1,유효 파형 없음 (전부 0 또는 4095)
1892274,0,n2,grip,1,유효 파형 없음 (전부 0 또는 4095)
1892276,0,n2,grip,1,유효 파형 없음 (전부 0 또는 4095)
1892278,0,n2,grip,1,유효 파형 없음 (전부 0 또는 4095)
1892280,0,n2,grip,1,유효 파형 없음 (전부 0 또는 4095)
1892282,0,n2,grip,1,유효 파형 없음 (전부 0 또는 4095)
1892284,0,n2,grip,1,유효 파형 없음 (전부 0 또는 4095)
1892286,0,n2,grip,1,유효 파형 없음 (전부 0 또는 4095)
1892288,0,n2,grip,1,유효 파형 없음 (전부 0 또는 4095)
1892290,0,n2,grip,1,유효 파형 없음 (전부 0 또는 4095)
1892292,0,n2,grip,1,유효 파형 없음 (전부 0 또는 4095)
1892294,0,n2,grip,1,유효 파형 없음 (전부 0 또는 4095)
1892296,0,n2,grip,1,유효 파형 없음 (전부 0 또는 4095)
1892298,0,n2,grip,1,유효 파형 없음 (전부 0 또는 4095)
1892300,0,n2,grip,1,유효 파형 없음 (전부 0 또는 4095)
1892302,0,n2,grip,1,유효 파형 없음 (전부 0 또는 4095)
1892304,0,n2,grip,1,유효 파형 없음 (전부 0 또는 4095)
1892306,0,n2,grip,1,유효 파형 없음 (전부 0 또는 4095)
1892308,0,n2,grip,1,유효 파형 없음 (전부 0 또는 4095)
1892310,0,n2,grip,1,유효 파형 없음 (전부 0 또는 4095)
1892312,0,n2,grip,1,유효 파형 없음 (전부 0 또는 4095)
1892314,0,n2,grip,1,유효 파형 없음 (전부 0 또는 4095)
1892316,0,n2,grip,1,유효 파형 없음 (전부 0 또는 4095)
1892318,0,n2,grip,1,유효 파형 없음 (전부 0 또는 4095)
1892320,0,n2,grip,1,유효 파형 없음 (전부 0 또는 4095)
1892322,0,n2,grip,1,유효 파형 없음 (전부 0 또는 4095)
1892324,0,n2,grip,1,유효 파형 없음 (전부 0 또는 4095)
1892326,0,n2,grip,1,유효 파형 없음 (전부 0 또는 4095)
1892328,0,n2,grip,1,유효 파형 없음 (전부 0 또는 4095)
1892330,0,n2,grip,1,유효 파형 없음 (전부 0 또는 4095)
1892332,0,n2,grip,1,유효 파형 없음 (전부 0 또는 4095)
1892334,0,n2,grip,1,유효 파형 없음 (전부 0 또는 4095)
1892336,0,n2,grip,1,유효 파형 없음 (전부 0 또는 4095)
