t_ms,raw,subject,gesture
240476,1292,n1,grip
240478,1269,n1,grip
240480,1345,n1,grip
240482,1365,n1,grip
240484,1327,n1,grip
240486,1309,n1,grip
240488,1263,n1,grip
240490,1205,n1,grip
240492,1162,n1,grip
240494,1187,n1,grip
240496,1199,n1,grip
240498,1211,n1,grip
240500,1264,n1,grip
240502,1240,n1,grip
240504,1201,n1,grip
240506,1168,n1,grip
240508,1229,n1,grip
240510,1281,n1,grip
240512,1297,n1,grip
240514,1457,n1,grip
240516,1508,n1,grip
240518,1465,n1,grip
240520,1433,n1,grip
240522,1386,n1,grip
240524,1328,n1,grip
240526,1333,n1,grip
240528,1319,n1,grip
240530,1277,n1,grip
240532,1218,n1,grip
240534,1237,n1,grip
240536,1232,n1,grip
240538,1360,n1,grip
240540,1449,n1,grip
240542,1424,n1,grip
240544,1423,n1,grip
240546,1390,n1,grip
240548,1419,n1,grip
240550,1427,n1,grip
240552,1442,n1,grip
240554,1421,n1,grip
240556,1413,n1,grip
240558,1413,n1,grip
240560,1355,n1,grip
240562,1293,n1,grip
240564,1232,n1,grip
240566,1182,n1,grip
240568,1166,n1,grip
240570,1147,n1,grip
240572,1148,n1,grip
240574,1123,n1,grip
240576,1136,n1,grip
240578,1097,n1,grip
240580,1072,n1,grip
240582,1023,n1,grip
240584,1072,n1,grip
240586,1173,n1,grip
240588,1353,n1,grip
240590,1387,n1,grip
240592,1440,n1,grip
240594,1569,n1,grip
240596,1631,n1,grip
240598,1584,n1,grip
240600,1529,n1,grip
240602,1473,n1,grip
240604,1510,n1,grip
240606,1483,n1,grip
240608,1446,n1,grip
240610,1429,n1,grip
240612,1426,n1,grip
240614,1392,n1,grip
240616,1405,n1,grip
240618,1378,n1,grip
240620,1358,n1,grip
240622,1386,n1,grip
240624,1387,n1,grip
240626,1351,n1,grip
240628,1462,n1,grip
240630,1535,n1,grip
240632,2037,n1,grip
240634,2405,n1,grip
240636,2459,n1,grip
240638,2850,n1,grip
240640,2959,n1,grip
240642,2858,n1,grip
240644,2751,n1,grip
240646,2676,n1,grip
240648,2591,n1,grip
240650,2599,n1,grip
240652,2559,n1,grip
240654,2559,n1,grip
240656,2604,n1,grip
240658,2511,n1,grip
240660,2507,n1,grip
240662,2559,n1,grip
240664,2637,n1,grip
240666,2739,n1,grip
240668,3095,n1,grip
240670,3360,n1,grip
240672,3583,n1,grip
240674,3681,n1,grip
240676,3676,n1,grip
240678,3681,n1,grip
240680,3671,n1,grip
240682,3683,n1,grip
240684,3681,n1,grip
240686,3680,n1,grip
240688,3679,n1,grip
240690,3679,n1,grip
240692,3677,n1,grip
240694,3678,n1,grip
240696,3677,n1,grip
240698,3679,n1,grip
240700,3675,n1,grip
240702,3678,n1,grip
240704,3675,n1,grip
240706,3673,n1,grip
240708,3669,n1,grip
240710,3627,n1,grip
240712,3673,n1,grip
240714,3670,n1,grip
240716,3679,n1,grip
240718,3677,n1,grip
240720,3677,n1,grip
240722,3681,n1,grip
240724,3680,n1,grip
240726,3682,n1,grip
240728,3686,n1,grip
240730,3681,n1,grip
240732,3671,n1,grip
240734,3679,n1,grip
240736,3679,n1,grip
240738,3679,n1,grip
240740,3682,n1,grip
240742,3683,n1,grip
240744,3683,n1,grip
240746,3679,n1,grip
240748,3678,n1,grip
240750,3674,n1,grip
240752,3679,n1,grip
240754,3683,n1,grip
240756,3678,n1,grip
240758,3686,n1,grip
240760,3679,n1,grip
240762,3680,n1,grip
240764,3680,n1,grip
240766,3678,n1,grip
240768,3679,n1,grip
240770,3687,n1,grip
240772,3682,n1,grip
240774,3679,n1,grip
240776,3679,n1,grip
240778,3684,n1,grip
240780,3676,n1,grip
240782,3682,n1,grip
240784,3684,n1,grip
240786,3692,n1,grip
240788,3684,n1,grip
240790,3679,n1,grip
240792,3677,n1,grip
240794,3682,n1,grip
240796,3682,n1,grip
240798,3682,n1,grip
240800,3678,n1,grip
240802,3678,n1,grip
240804,3684,n1,grip
240806,3680,n1,grip
240808,3687,n1,grip
240810,3686,n1,grip
240812,3685,n1,grip
240814,3678,n1,grip
240816,3679,n1,grip
240818,3682,n1,grip
240820,3674,n1,grip
240822,3668,n1,grip
240824,3664,n1,grip
240826,3675,n1,grip
240828,3667,n1,grip
240830,3680,n1,grip
240832,3671,n1,grip
240834,3677,n1,grip
240836,3664,n1,grip
240838,3675,n1,grip
240840,3682,n1,grip
240842,3680,n1,grip
240844,3682,n1,grip
240846,3679,n1,grip
240848,3678,n1,grip
240850,3676,n1,grip
240852,3684,n1,grip
240854,3681,n1,grip
240856,3686,n1,grip
240858,3683,n1,grip
240860,3678,n1,grip
240862,3678,n1,grip
240864,3676,n1,grip
240866,3681,n1,grip
240868,3685,n1,grip
240870,3681,n1,grip
240872,3675,n1,grip
240874,3515,n1,grip
240876,3299,n1,grip
240878,3201,n1,grip
240880,3034,n1,grip
240882,2911,n1,grip
240884,2840,n1,grip
240886,2781,n1,grip
240888,2701,n1,grip
240890,2602,n1,grip
240892,2661,n1,grip
240894,2853,n1,grip
240896,2923,n1,grip
240898,3137,n1,grip
240900,3120,n1,grip
240902,2960,n1,grip
240904,2875,n1,grip
240906,2891,n1,grip
240908,2832,n1,grip
240910,2927,n1,grip
240912,2947,n1,grip
240914,2863,n1,grip
240916,2872,n1,grip
240918,3157,n1,grip
240920,3216,n1,grip
240922,3167,n1,grip
240924,3552,n1,grip
240926,3541,n1,grip
240928,3574,n1,grip
240930,3371,n1,grip
240932,3223,n1,grip
240934,3169,n1,grip
240936,3150,n1,grip
240938,3127,n1,grip
240940,3007,n1,grip
240942,3047,n1,grip
240944,3212,n1,grip
240946,3372,n1,grip
240948,3392,n1,grip
240950,3404,n1,grip
240952,3681,n1,grip
240954,3671,n1,grip
240956,3668,n1,grip
240958,3551,n1,grip
240960,3406,n1,grip
240962,3389,n1,grip
240964,3611,n1,grip
240966,3669,n1,grip
240968,3680,n1,grip
240970,3678,n1,grip
240972,3690,n1,grip
240974,3683,n1,grip
240976,3682,n1,grip
240978,3680,n1,grip
240980,3679,n1,grip
240982,3683,n1,grip
240984,3674,n1,grip
240986,3678,n1,grip
240988,3683,n1,grip
240990,3675,n1,grip
240992,3683,n1,grip
240994,3671,n1,grip
240996,3676,n1,grip
240998,3675,n1,grip
241000,3678,n1,grip
241002,3679,n1,grip
241004,3683,n1,grip
241006,3677,n1,grip
241008,3673,n1,grip
241010,3682,n1,grip
241012,3681,n1,grip
241014,3679,n1,grip
241016,3678,n1,grip
241018,3676,n1,grip
241020,3677,n1,grip
241022,3679,n1,grip
241024,3674,n1,grip
241026,3677,n1,grip
241028,3676,n1,grip
241030,3675,n1,grip
241032,3679,n1,grip
241034,3673,n1,grip
241036,3675,n1,grip
241038,3677,n1,grip
241040,3681,n1,grip
241042,3677,n1,grip
241044,3678,n1,grip
241046,3666,n1,grip
241048,3648,n1,grip
241050,3467,n1,grip
241052,3281,n1,grip
241054,3142,n1,grip
241056,3034,n1,grip
241058,3027,n1,grip
241060,2933,n1,grip
241062,2946,n1,grip
241064,2851,n1,grip
241066,2843,n1,grip
241068,2763,n1,grip
241070,2663,n1,grip
241072,2669,n1,grip
241074,2672,n1,grip
241076,2817,n1,grip
241078,2842,n1,grip
241080,2738,n1,grip
241082,2642,n1,grip
241084,2559,n1,grip
241086,2513,n1,grip
241088,2512,n1,grip
241090,2652,n1,grip
241092,2671,n1,grip
241094,2672,n1,grip
241096,2587,n1,grip
241098,2501,n1,grip
241100,2495,n1,grip
241102,2517,n1,grip
241104,2470,n1,grip
241106,2624,n1,grip
241108,2719,n1,grip
241110,2801,n1,grip
241112,2891,n1,grip
241114,3023,n1,grip
241116,3005,n1,grip
241118,3202,n1,grip
241120,3439,n1,grip
241122,3671,n1,grip
241124,3669,n1,grip
241126,3669,n1,grip
241128,3563,n1,grip
241130,3669,n1,grip
241132,3665,n1,grip
241134,3491,n1,grip
241136,3391,n1,grip
241138,3667,n1,grip
241140,3618,n1,grip
241142,3502,n1,grip
241144,3574,n1,grip
241146,3600,n1,grip
241148,3677,n1,grip
241150,3671,n1,grip
241152,3683,n1,grip
241154,3679,n1,grip
241156,3674,n1,grip
241158,3675,n1,grip
241160,3677,n1,grip
241162,3530,n1,grip
241164,3440,n1,grip
241166,3621,n1,grip
241168,3673,n1,grip
241170,3670,n1,grip
241172,3675,n1,grip
241174,3671,n1,grip
241176,3637,n1,grip
241178,3484,n1,grip
241180,3408,n1,grip
241182,3263,n1,grip
241184,3379,n1,grip
241186,3391,n1,grip
241188,3668,n1,grip
241190,3674,n1,grip
241192,3679,n1,grip
241194,3678,n1,grip
241196,3671,n1,grip
241198,3665,n1,grip
241200,3639,n1,grip
241202,3674,n1,grip
241204,3665,n1,grip
241206,3537,n1,grip
241208,3307,n1,grip
241210,3269,n1,grip
241212,3265,n1,grip
241214,3146,n1,grip
241216,3085,n1,grip
241218,3024,n1,grip
241220,2959,n1,grip
241222,2864,n1,grip
241224,2755,n1,grip
241226,2719,n1,grip
241228,2671,n1,grip
241230,2799,n1,grip
241232,2810,n1,grip
241234,2861,n1,grip
241236,2903,n1,grip
241238,2900,n1,grip
241240,2871,n1,grip
241242,3008,n1,grip
241244,3066,n1,grip
241246,3151,n1,grip
241248,3312,n1,grip
241250,3343,n1,grip
241252,3455,n1,grip
241254,3669,n1,grip
241256,3679,n1,grip
241258,3676,n1,grip
241260,3672,n1,grip
241262,3677,n1,grip
241264,3679,n1,grip
241266,3675,n1,grip
241268,3674,n1,grip
241270,3678,n1,grip
241272,3676,n1,grip
241274,3677,n1,grip
241276,3678,n1,grip
241278,3678,n1,grip
241280,3669,n1,grip
241282,3675,n1,grip
241284,3676,n1,grip
241286,3675,n1,grip
241288,3669,n1,grip
241290,3655,n1,grip
241292,3442,n1,grip
241294,3330,n1,grip
241296,3388,n1,grip
241298,3407,n1,grip
241300,3312,n1,grip
241302,3298,n1,grip
241304,3483,n1,grip
241306,3553,n1,grip
241308,3450,n1,grip
241310,3314,n1,grip
241312,3262,n1,grip
241314,3198,n1,grip
241316,3118,n1,grip
241318,2981,n1,grip
241320,2876,n1,grip
241322,2922,n1,grip
241324,3004,n1,grip
241326,3409,n1,grip
241328,3582,n1,grip
241330,3675,n1,grip
241332,3680,n1,grip
241334,3682,n1,grip
241336,3678,n1,grip
241338,3677,n1,grip
241340,3674,n1,grip
241342,3680,n1,grip
241344,3679,n1,grip
241346,3687,n1,grip
241348,3682,n1,grip
241350,3679,n1,grip
241352,3677,n1,grip
241354,3681,n1,grip
241356,3677,n1,grip
241358,3685,n1,grip
241360,3681,n1,grip
241362,3679,n1,grip
241364,3686,n1,grip
241366,3681,n1,grip
241368,3674,n1,grip
241370,3680,n1,grip
241372,3677,n1,grip
241374,3671,n1,grip
241376,3659,n1,grip
241378,3671,n1,grip
241380,3670,n1,grip
241382,3676,n1,grip
241384,3670,n1,grip
241386,3673,n1,grip
241388,3632,n1,grip
241390,3425,n1,grip
241392,3328,n1,grip
241394,3202,n1,grip
241396,3067,n1,grip
241398,3118,n1,grip
241400,3090,n1,grip
241402,3106,n1,grip
241404,3215,n1,grip
241406,3312,n1,grip
241408,3269,n1,grip
241410,3227,n1,grip
241412,3217,n1,grip
241414,3418,n1,grip
241416,3664,n1,grip
241418,3610,n1,grip
241420,3674,n1,grip
241422,3679,n1,grip
241424,3677,n1,grip
241426,3678,n1,grip
241428,3677,n1,grip
241430,3683,n1,grip
241432,3679,n1,grip
241434,3678,n1,grip
241436,3675,n1,grip
241438,3683,n1,grip
241440,3679,n1,grip
241442,3675,n1,grip
241444,3675,n1,grip
241446,3577,n1,grip
241448,3511,n1,grip
241450,3537,n1,grip
241452,3673,n1,grip
241454,3675,n1,grip
241456,3682,n1,grip
241458,3679,n1,grip
241460,3671,n1,grip
241462,3623,n1,grip
241464,3490,n1,grip
241466,3561,n1,grip
241468,3411,n1,grip
241470,3266,n1,grip
241472,3370,n1,grip
241474,3291,n1,grip
241476,3457,n1,grip
241478,3557,n1,grip
241480,3556,n1,grip
241482,3673,n1,grip
241484,3670,n1,grip
241486,3685,n1,grip
241488,3676,n1,grip
241490,3676,n1,grip
241492,3675,n1,grip
241494,3677,n1,grip
241496,3667,n1,grip
241498,3684,n1,grip
241500,3675,n1,grip
241502,3682,n1,grip
241504,3677,n1,grip
241506,3675,n1,grip
241508,3674,n1,grip
241510,3665,n1,grip
241512,3583,n1,grip
241514,3399,n1,grip
241516,3314,n1,grip
241518,3240,n1,grip
241520,3379,n1,grip
241522,3405,n1,grip
241524,3394,n1,grip
241526,3367,n1,grip
241528,3175,n1,grip
241530,2999,n1,grip
241532,2862,n1,grip
241534,2815,n1,grip
241536,2751,n1,grip
241538,2769,n1,grip
241540,2704,n1,grip
241542,2619,n1,grip
241544,2495,n1,grip
241546,2427,n1,grip
241548,2443,n1,grip
241550,2453,n1,grip
241552,2635,n1,grip
241554,2696,n1,grip
241556,2640,n1,grip
241558,2661,n1,grip
241560,2640,n1,grip
241562,2846,n1,grip
241564,2896,n1,grip
241566,3003,n1,grip
241568,3171,n1,grip
241570,3139,n1,grip
241572,2993,n1,grip
241574,2971,n1,grip
241576,2897,n1,grip
241578,2935,n1,grip
241580,2905,n1,grip
241582,2803,n1,grip
241584,2749,n1,grip
241586,2888,n1,grip
241588,3118,n1,grip
241590,3056,n1,grip
241592,2960,n1,grip
241594,2990,n1,grip
241596,3123,n1,grip
241598,3019,n1,grip
241600,2943,n1,grip
241602,2902,n1,grip
241604,3083,n1,grip
241606,3099,n1,grip
241608,3326,n1,grip
241610,3277,n1,grip
241612,3231,n1,grip
241614,3138,n1,grip
241616,3350,n1,grip
241618,3523,n1,grip
241620,3485,n1,grip
241622,3275,n1,grip
241624,3162,n1,grip
241626,3375,n1,grip
241628,3408,n1,grip
241630,3205,n1,grip
241632,3178,n1,grip
241634,3122,n1,grip
241636,3216,n1,grip
241638,3398,n1,grip
241640,3248,n1,grip
241642,3248,n1,grip
241644,3219,n1,grip
241646,3281,n1,grip
241648,3530,n1,grip
241650,3674,n1,grip
241652,3519,n1,grip
241654,3558,n1,grip
241656,3478,n1,grip
241658,3446,n1,grip
241660,3493,n1,grip
241662,3358,n1,grip
241664,3264,n1,grip
241666,3159,n1,grip
241668,3088,n1,grip
241670,3087,n1,grip
241672,3035,n1,grip
241674,2965,n1,grip
241676,2893,n1,grip
241678,2822,n1,grip
241680,2752,n1,grip
241682,2822,n1,grip
241684,2787,n1,grip
241686,2672,n1,grip
241688,2631,n1,grip
241690,2559,n1,grip
241692,2479,n1,grip
241694,2481,n1,grip
241696,2386,n1,grip
241698,2384,n1,grip
241700,2327,n1,grip
241702,2375,n1,grip
241704,2422,n1,grip
241706,2859,n1,grip
241708,2993,n1,grip
241710,3119,n1,grip
241712,3118,n1,grip
241714,2992,n1,grip
241716,2929,n1,grip
241718,2896,n1,grip
241720,2858,n1,grip
241722,2845,n1,grip
241724,2765,n1,grip
241726,2719,n1,grip
241728,2768,n1,grip
241730,2695,n1,grip
241732,2623,n1,grip
241734,2559,n1,grip
241736,2513,n1,grip
241738,2505,n1,grip
241740,2637,n1,grip
241742,2779,n1,grip
241744,2771,n1,grip
241746,2960,n1,grip
241748,2945,n1,grip
241750,2897,n1,grip
241752,2804,n1,grip
241754,2763,n1,grip
241756,2692,n1,grip
241758,2710,n1,grip
241760,2672,n1,grip
241762,2621,n1,grip
241764,2607,n1,grip
241766,2583,n1,grip
241768,2818,n1,grip
241770,2979,n1,grip
241772,2929,n1,grip
241774,2966,n1,grip
241776,3061,n1,grip
241778,3133,n1,grip
241780,3191,n1,grip
241782,3341,n1,grip
241784,3171,n1,grip
241786,3083,n1,grip
241788,3026,n1,grip
241790,2974,n1,grip
241792,2928,n1,grip
241794,3022,n1,grip
241796,2960,n1,grip
241798,2863,n1,grip
241800,2779,n1,grip
241802,2703,n1,grip
241804,2651,n1,grip
241806,2559,n1,grip
241808,2610,n1,grip
241810,2629,n1,grip
241812,2945,n1,grip
241814,3002,n1,grip
241816,3387,n1,grip
241818,3471,n1,grip
241820,3344,n1,grip
241822,3206,n1,grip
241824,3312,n1,grip
241826,3332,n1,grip
241828,3574,n1,grip
241830,3671,n1,grip
241832,3671,n1,grip
241834,3612,n1,grip
241836,3664,n1,grip
241838,3551,n1,grip
241840,3409,n1,grip
241842,3319,n1,grip
241844,3264,n1,grip
241846,3200,n1,grip
241848,3069,n1,grip
241850,2916,n1,grip
241852,3053,n1,grip
241854,3188,n1,grip
241856,3154,n1,grip
241858,3190,n1,grip
241860,3211,n1,grip
241862,3317,n1,grip
241864,3291,n1,grip
241866,3302,n1,grip
241868,3223,n1,grip
241870,3083,n1,grip
241872,3058,n1,grip
241874,3113,n1,grip
241876,3050,n1,grip
241878,2931,n1,grip
241880,2818,n1,grip
241882,2737,n1,grip
241884,2671,n1,grip
241886,2624,n1,grip
241888,2673,n1,grip
241890,2598,n1,grip
241892,2655,n1,grip
241894,2674,n1,grip
241896,2608,n1,grip
241898,2512,n1,grip
241900,2402,n1,grip
241902,2304,n1,grip
241904,2212,n1,grip
241906,2158,n1,grip
241908,2141,n1,grip
241910,2318,n1,grip
241912,2328,n1,grip
241914,2362,n1,grip
241916,2323,n1,grip
241918,2427,n1,grip
241920,2390,n1,grip
241922,2410,n1,grip
241924,2389,n1,grip
241926,2302,n1,grip
241928,2234,n1,grip
241930,2286,n1,grip
241932,2352,n1,grip
241934,2374,n1,grip
241936,2323,n1,grip
241938,2304,n1,grip
241940,2387,n1,grip
241942,2366,n1,grip
241944,2281,n1,grip
241946,2190,n1,grip
241948,2113,n1,grip
241950,2110,n1,grip
241952,2078,n1,grip
241954,2054,n1,grip
241956,2106,n1,grip
241958,2106,n1,grip
241960,2013,n1,grip
241962,2003,n1,grip
241964,2018,n1,grip
241966,1995,n1,grip
241968,1968,n1,grip
241970,1919,n1,grip
241972,1850,n1,grip
241974,1778,n1,grip
241976,1742,n1,grip
241978,1675,n1,grip
241980,1702,n1,grip
241982,1777,n1,grip
241984,1782,n1,grip
241986,1887,n1,grip
241988,1936,n1,grip
241990,1942,n1,grip
241992,1902,n1,grip
241994,1860,n1,grip
241996,1910,n1,grip
241998,2017,n1,grip
242000,1971,n1,grip
242002,1929,n1,grip
242004,1860,n1,grip
242006,1811,n1,grip
242008,1807,n1,grip
242010,1778,n1,grip
242012,1821,n1,grip
242014,2107,n1,grip
242016,2243,n1,grip
242018,2241,n1,grip
242020,2480,n1,grip
242022,2726,n1,grip
242024,2678,n1,grip
242026,2617,n1,grip
242028,2535,n1,grip
242030,2462,n1,grip
242032,2374,n1,grip
242034,2283,n1,grip
242036,2207,n1,grip
242038,2157,n1,grip
242040,2107,n1,grip
242042,2192,n1,grip
242044,2147,n1,grip
242046,2110,n1,grip
242048,2094,n1,grip
242050,2069,n1,grip
242052,1975,n1,grip
242054,1904,n1,grip
242056,1824,n1,grip
242058,1766,n1,grip
242060,1765,n1,grip
242062,1754,n1,grip
242064,1777,n1,grip
242066,1744,n1,grip
242068,1786,n1,grip
242070,1859,n1,grip
242072,1827,n1,grip
242074,1770,n1,grip
242076,1718,n1,grip
242078,1743,n1,grip
242080,1744,n1,grip
242082,1697,n1,grip
242084,1680,n1,grip
242086,1661,n1,grip
242088,1610,n1,grip
242090,1655,n1,grip
242092,1633,n1,grip
242094,1669,n1,grip
242096,1744,n1,grip
242098,1769,n1,grip
242100,1858,n1,grip
242102,1904,n1,grip
242104,1828,n1,grip
242106,1776,n1,grip
242108,1761,n1,grip
242110,1847,n1,grip
242112,2138,n1,grip
242114,2325,n1,grip
242116,2418,n1,grip
242118,2882,n1,grip
242120,2945,n1,grip
242122,2851,n1,grip
242124,2743,n1,grip
242126,2725,n1,grip
242128,2649,n1,grip
242130,2556,n1,grip
242132,2499,n1,grip
242134,2419,n1,grip
242136,2384,n1,grip
242138,2297,n1,grip
242140,2282,n1,grip
242142,2231,n1,grip
242144,2178,n1,grip
242146,2213,n1,grip
242148,2303,n1,grip
242150,2384,n1,grip
242152,2559,n1,grip
242154,2516,n1,grip
242156,2436,n1,grip
242158,2363,n1,grip
242160,2457,n1,grip
242162,2583,n1,grip
242164,2559,n1,grip
242166,2749,n1,grip
242168,2813,n1,grip
242170,2736,n1,grip
242172,2818,n1,grip
242174,2774,n1,grip
242176,2707,n1,grip
242178,2614,n1,grip
242180,2546,n1,grip
242182,2513,n1,grip
242184,2437,n1,grip
242186,2343,n1,grip
242188,2442,n1,grip
242190,2448,n1,grip
242192,2625,n1,grip
242194,2671,n1,grip
242196,2820,n1,grip
242198,2798,n1,grip
242200,2833,n1,grip
242202,2796,n1,grip
242204,2679,n1,grip
242206,2619,n1,grip
242208,2539,n1,grip
242210,2485,n1,grip
242212,2416,n1,grip
242214,2333,n1,grip
242216,2272,n1,grip
242218,2198,n1,grip
242220,2250,n1,grip
242222,2295,n1,grip
242224,2250,n1,grip
242226,2330,n1,grip
242228,2389,n1,grip
242230,2330,n1,grip
242232,2304,n1,grip
242234,2585,n1,grip
242236,2844,n1,grip
242238,2885,n1,grip
242240,3069,n1,grip
242242,3280,n1,grip
242244,3459,n1,grip
242246,3513,n1,grip
242248,3423,n1,grip
242250,3452,n1,grip
242252,3674,n1,grip
242254,3668,n1,grip
242256,3639,n1,grip
242258,3649,n1,grip
242260,3415,n1,grip
242262,3312,n1,grip
242264,3155,n1,grip
242266,3003,n1,grip
242268,2911,n1,grip
242270,2870,n1,grip
242272,2832,n1,grip
242274,2786,n1,grip
242276,2770,n1,grip
242278,2691,n1,grip
242280,2752,n1,grip
242282,2803,n1,grip
242284,2691,n1,grip
242286,2609,n1,grip
242288,2554,n1,grip
242290,2512,n1,grip
242292,2533,n1,grip
242294,2864,n1,grip
242296,2844,n1,grip
242298,2891,n1,grip
242300,2918,n1,grip
242302,2793,n1,grip
242304,2674,n1,grip
242306,2617,n1,grip
242308,2611,n1,grip
242310,2625,n1,grip
242312,2715,n1,grip
242314,2694,n1,grip
242316,2738,n1,grip
242318,2704,n1,grip
242320,2618,n1,grip
242322,2506,n1,grip
242324,2408,n1,grip
242326,2315,n1,grip
242328,2288,n1,grip
242330,2313,n1,grip
242332,2237,n1,grip
242334,2170,n1,grip
242336,2111,n1,grip
242338,2043,n1,grip
242340,2181,n1,grip
242342,2173,n1,grip
242344,2131,n1,grip
242346,2340,n1,grip
242348,2471,n1,grip
242350,2430,n1,grip
242352,2453,n1,grip
242354,2549,n1,grip
242356,2515,n1,grip
242358,2559,n1,grip
242360,2651,n1,grip
242362,2637,n1,grip
242364,2537,n1,grip
242366,2511,n1,grip
242368,2486,n1,grip
242370,2707,n1,grip
242372,3045,n1,grip
242374,3085,n1,grip
242376,3346,n1,grip
242378,3486,n1,grip
242380,3454,n1,grip
242382,3482,n1,grip
242384,3380,n1,grip
242386,3454,n1,grip
242388,3664,n1,grip
242390,3616,n1,grip
242392,3535,n1,grip
242394,3355,n1,grip
242396,3225,n1,grip
242398,3152,n1,grip
242400,3069,n1,grip
242402,2993,n1,grip
242404,2983,n1,grip
242406,2943,n1,grip
242408,2935,n1,grip
242410,2941,n1,grip
242412,2959,n1,grip
242414,3104,n1,grip
242416,3189,n1,grip
242418,3063,n1,grip
242420,3137,n1,grip
242422,3166,n1,grip
242424,3056,n1,grip
242426,2928,n1,grip
242428,2871,n1,grip
242430,2817,n1,grip
242432,2708,n1,grip
242434,2640,n1,grip
242436,2522,n1,grip
242438,2656,n1,grip
242440,3019,n1,grip
242442,3143,n1,grip
242444,3675,n1,grip
242446,3677,n1,grip
242448,3611,n1,grip
242450,3455,n1,grip
242452,3671,n1,grip
242454,3680,n1,grip
242456,3676,n1,grip
242458,3670,n1,grip
242460,3674,n1,grip
242462,3674,n1,grip
242464,3679,n1,grip
242466,3664,n1,grip
242468,3629,n1,grip
242470,3533,n1,grip
242472,3308,n1,grip
242474,3180,n1,grip
242476,3071,n1,grip
242478,2982,n1,grip
242480,2870,n1,grip
242482,2928,n1,grip
242484,2848,n1,grip
242486,2831,n1,grip
242488,2914,n1,grip
242490,2845,n1,grip
242492,2812,n1,grip
242494,2923,n1,grip
242496,2886,n1,grip
242498,2873,n1,grip
242500,2838,n1,grip
242502,2782,n1,grip
242504,2689,n1,grip
242506,2640,n1,grip
242508,2524,n1,grip
242510,2431,n1,grip
242512,2417,n1,grip
242514,2509,n1,grip
242516,2585,n1,grip
242518,3087,n1,grip
242520,3143,n1,grip
242522,3084,n1,grip
242524,3147,n1,grip
242526,3061,n1,grip
242528,2941,n1,grip
242530,2817,n1,grip
242532,2833,n1,grip
242534,2859,n1,grip
242536,2879,n1,grip
242538,2949,n1,grip
242540,2953,n1,grip
242542,2985,n1,grip
242544,2864,n1,grip
242546,2737,n1,grip
242548,2635,n1,grip
242550,2559,n1,grip
242552,2512,n1,grip
242554,2415,n1,grip
242556,2320,n1,grip
242558,2294,n1,grip
242560,2258,n1,grip
242562,2420,n1,grip
242564,2405,n1,grip
242566,2448,n1,grip
242568,2512,n1,grip
242570,2463,n1,grip
242572,2394,n1,grip
242574,2386,n1,grip
242576,2595,n1,grip
242578,2688,n1,grip
242580,2915,n1,grip
242582,2832,n1,grip
242584,2714,n1,grip
242586,2615,n1,grip
242588,2499,n1,grip
242590,2431,n1,grip
242592,2338,n1,grip
242594,2256,n1,grip
242596,2198,n1,grip
242598,2160,n1,grip
242600,2128,n1,grip
242602,2203,n1,grip
242604,2160,n1,grip
242606,2121,n1,grip
242608,2064,n1,grip
242610,1997,n1,grip
242612,1936,n1,grip
242614,1923,n1,grip
242616,1949,n1,grip
242618,1941,n1,grip
242620,1995,n1,grip
242622,2041,n1,grip
242624,2037,n1,grip
242626,2145,n1,grip
242628,2167,n1,grip
242630,2189,n1,grip
242632,2221,n1,grip
242634,2269,n1,grip
242636,2224,n1,grip
242638,2182,n1,grip
242640,2549,n1,grip
242642,2894,n1,grip
242644,3247,n1,grip
242646,3526,n1,grip
242648,3583,n1,grip
242650,3568,n1,grip
242652,3659,n1,grip
242654,3546,n1,grip
242656,3676,n1,grip
242658,3675,n1,grip
242660,3669,n1,grip
242662,3638,n1,grip
242664,3513,n1,grip
242666,3333,n1,grip
242668,3258,n1,grip
242670,3325,n1,grip
242672,3223,n1,grip
242674,3259,n1,grip
242676,3093,n1,grip
242678,2950,n1,grip
242680,2810,n1,grip
242682,2711,n1,grip
242684,2686,n1,grip
242686,2606,n1,grip
242688,2590,n1,grip
242690,2493,n1,grip
242692,2390,n1,grip
242694,2320,n1,grip
242696,2250,n1,grip
242698,2314,n1,grip
242700,2323,n1,grip
242702,2486,n1,grip
242704,2486,n1,grip
242706,2540,n1,grip
242708,2518,n1,grip
242710,2427,n1,grip
242712,2333,n1,grip
242714,2311,n1,grip
242716,2277,n1,grip
242718,2405,n1,grip
242720,2364,n1,grip
242722,2322,n1,grip
242724,2299,n1,grip
242726,2213,n1,grip
242728,2134,n1,grip
242730,2058,n1,grip
242732,2017,n1,grip
242734,2023,n1,grip
242736,1981,n1,grip
242738,1966,n1,grip
242740,1993,n1,grip
242742,1958,n1,grip
242744,1984,n1,grip
242746,2084,n1,grip
242748,2029,n1,grip
242750,2043,n1,grip
242752,2123,n1,grip
242754,2423,n1,grip
242756,2418,n1,grip
242758,2402,n1,grip
242760,2559,n1,grip
242762,2704,n1,grip
242764,2705,n1,grip
242766,2678,n1,grip
242768,2755,n1,grip
242770,2842,n1,grip
242772,2825,n1,grip
242774,2903,n1,grip
242776,2898,n1,grip
242778,2813,n1,grip
242780,2796,n1,grip
242782,2690,n1,grip
242784,2559,n1,grip
242786,2466,n1,grip
242788,2437,n1,grip
242790,2485,n1,grip
242792,2475,n1,grip
242794,2654,n1,grip
242796,2784,n1,grip
242798,2832,n1,grip
242800,2855,n1,grip
242802,3040,n1,grip
242804,3203,n1,grip
242806,3149,n1,grip
242808,3056,n1,grip
242810,3017,n1,grip
242812,2944,n1,grip
242814,2843,n1,grip
242816,2729,n1,grip
242818,2780,n1,grip
242820,2821,n1,grip
242822,2740,n1,grip
242824,2717,n1,grip
242826,2681,n1,grip
242828,2587,n1,grip
242830,2482,n1,grip
242832,2402,n1,grip
242834,2330,n1,grip
242836,2256,n1,grip
242838,2192,n1,grip
242840,2113,n1,grip
242842,2141,n1,grip
242844,2109,n1,grip
242846,2019,n1,grip
242848,1968,n1,grip
242850,1893,n1,grip
242852,1863,n1,grip
242854,1942,n1,grip
242856,1983,n1,grip
242858,2315,n1,grip
242860,2607,n1,grip
242862,2672,n1,grip
242864,2848,n1,grip
242866,2817,n1,grip
242868,2704,n1,grip
242870,2606,n1,grip
242872,2507,n1,grip
242874,2422,n1,grip
242876,2454,n1,grip
242878,2450,n1,grip
242880,2352,n1,grip
242882,2387,n1,grip
242884,2384,n1,grip
242886,2317,n1,grip
242888,2224,n1,grip
242890,2156,n1,grip
242892,2112,n1,grip
242894,2064,n1,grip
242896,2030,n1,grip
242898,1989,n1,grip
242900,2019,n1,grip
242902,2067,n1,grip
242904,2167,n1,grip
242906,2259,n1,grip
242908,2289,n1,grip
242910,2480,n1,grip
242912,2493,n1,grip
242914,2559,n1,grip
242916,2559,n1,grip
242918,2497,n1,grip
242920,2431,n1,grip
242922,2365,n1,grip
242924,2363,n1,grip
242926,2546,n1,grip
242928,2525,n1,grip
242930,2586,n1,grip
242932,2512,n1,grip
242934,2405,n1,grip
242936,2303,n1,grip
242938,2202,n1,grip
242940,2128,n1,grip
242942,2032,n1,grip
242944,2010,n1,grip
242946,2097,n1,grip
242948,2074,n1,grip
242950,2091,n1,grip
242952,2183,n1,grip
242954,2157,n1,grip
242956,2160,n1,grip
242958,2165,n1,grip
242960,2270,n1,grip
242962,2183,n1,grip
242964,2093,n1,grip
242966,2015,n1,grip
242968,1973,n1,grip
242970,1954,n1,grip
242972,1926,n1,grip
242974,1885,n1,grip
242976,1857,n1,grip
242978,1834,n1,grip
242980,1786,n1,grip
242982,1798,n1,grip
242984,1823,n1,grip
242986,1749,n1,grip
242988,1794,n1,grip
242990,1885,n1,grip
242992,1873,n1,grip
242994,1805,n1,grip
242996,1747,n1,grip
242998,1700,n1,grip
243000,1712,n1,grip
243002,1659,n1,grip
243004,1713,n1,grip
243006,1803,n1,grip
243008,1886,n1,grip
243010,2009,n1,grip
243012,2063,n1,grip
243014,1995,n1,grip
243016,1943,n1,grip
243018,1921,n1,grip
243020,1904,n1,grip
243022,1856,n1,grip
243024,1870,n1,grip
243026,2002,n1,grip
243028,2007,n1,grip
243030,2149,n1,grip
243032,2206,n1,grip
243034,2125,n1,grip
243036,2045,n1,grip
243038,1968,n1,grip
243040,1909,n1,grip
243042,1851,n1,grip
243044,1840,n1,grip
243046,1843,n1,grip
243048,1789,n1,grip
243050,1836,n1,grip
243052,1828,n1,grip
243054,1797,n1,grip
243056,1805,n1,grip
243058,1789,n1,grip
243060,1711,n1,grip
243062,1638,n1,grip
243064,1648,n1,grip
243066,1841,n1,grip
243068,1904,n1,grip
243070,1919,n1,grip
243072,1879,n1,grip
243074,1809,n1,grip
243076,1797,n1,grip
243078,1822,n1,grip
243080,1783,n1,grip
243082,1728,n1,grip
243084,1682,n1,grip
243086,1648,n1,grip
243088,1692,n1,grip
243090,1718,n1,grip
243092,1778,n1,grip
243094,1819,n1,grip
243096,1845,n1,grip
243098,1858,n1,grip
243100,1988,n1,grip
243102,2144,n1,grip
243104,2117,n1,grip
243106,2175,n1,grip
243108,2207,n1,grip
243110,2208,n1,grip
243112,2261,n1,grip
243114,2227,n1,grip
243116,2163,n1,grip
243118,2195,n1,grip
243120,2150,n1,grip
243122,2101,n1,grip
243124,2094,n1,grip
243126,2131,n1,grip
243128,2134,n1,grip
243130,2448,n1,grip
243132,2527,n1,grip
243134,2790,n1,grip
243136,3147,n1,grip
243138,3103,n1,grip
243140,3114,n1,grip
243142,3071,n1,grip
243144,3120,n1,grip
243146,3019,n1,grip
243148,2944,n1,grip
243150,2854,n1,grip
243152,2737,n1,grip
243154,2654,n1,grip
243156,2551,n1,grip
243158,2441,n1,grip
243160,2427,n1,grip
243162,2457,n1,grip
243164,2427,n1,grip
243166,2379,n1,grip
243168,2698,n1,grip
243170,2989,n1,grip
243172,2966,n1,grip
243174,3071,n1,grip
243176,3123,n1,grip
243178,3151,n1,grip
243180,3047,n1,grip
243182,3070,n1,grip
243184,3030,n1,grip
243186,3143,n1,grip
243188,3123,n1,grip
243190,3043,n1,grip
243192,2960,n1,grip
243194,3106,n1,grip
243196,3182,n1,grip
243198,3046,n1,grip
243200,2933,n1,grip
243202,2802,n1,grip
243204,2676,n1,grip
243206,2559,n1,grip
243208,2512,n1,grip
243210,2473,n1,grip
243212,2435,n1,grip
243214,2448,n1,grip
243216,2411,n1,grip
243218,2467,n1,grip
243220,2475,n1,grip
243222,2638,n1,grip
243224,2559,n1,grip
243226,2542,n1,grip
243228,2480,n1,grip
243230,2449,n1,grip
243232,2373,n1,grip
243234,2274,n1,grip
243236,2271,n1,grip
243238,2336,n1,grip
243240,2450,n1,grip
243242,2608,n1,grip
243244,2559,n1,grip
243246,2510,n1,grip
243248,2445,n1,grip
243250,2415,n1,grip
243252,2447,n1,grip
243254,2466,n1,grip
243256,2501,n1,grip
243258,2491,n1,grip
243260,2615,n1,grip
243262,2515,n1,grip
243264,2426,n1,grip
243266,2320,n1,grip
243268,2221,n1,grip
243270,2121,n1,grip
243272,2069,n1,grip
243274,2003,n1,grip
243276,1955,n1,grip
243278,1887,n1,grip
243280,1878,n1,grip
243282,1839,n1,grip
243284,1872,n1,grip
243286,1872,n1,grip
243288,1855,n1,grip
243290,1782,n1,grip
243292,1729,n1,grip
243294,1711,n1,grip
243296,1712,n1,grip
243298,1728,n1,grip
243300,1699,n1,grip
243302,1815,n1,grip
243304,1887,n1,grip
243306,1846,n1,grip
243308,1795,n1,grip
243310,1773,n1,grip
243312,1723,n1,grip
243314,1680,n1,grip
243316,1661,n1,grip
243318,1699,n1,grip
243320,1755,n1,grip
243322,1728,n1,grip
243324,1846,n1,grip
243326,1847,n1,grip
243328,1794,n1,grip
243330,1734,n1,grip
243332,1712,n1,grip
243334,1712,n1,grip
243336,1694,n1,grip
243338,1664,n1,grip
243340,1756,n1,grip
243342,1917,n1,grip
243344,1936,n1,grip
243346,1879,n1,grip
243348,1902,n1,grip
243350,2061,n1,grip
243352,2132,n1,grip
243354,2121,n1,grip
243356,2043,n1,grip
243358,2039,n1,grip
243360,1991,n1,grip
243362,1964,n1,grip
243364,1887,n1,grip
243366,1834,n1,grip
243368,1750,n1,grip
243370,1690,n1,grip
243372,1665,n1,grip
243374,1601,n1,grip
243376,1531,n1,grip
243378,1520,n1,grip
243380,1511,n1,grip
243382,1461,n1,grip
243384,1413,n1,grip
243386,1374,n1,grip
243388,1315,n1,grip
243390,1303,n1,grip
243392,1264,n1,grip
243394,1255,n1,grip
243396,1247,n1,grip
243398,1214,n1,grip
243400,1313,n1,grip
243402,1327,n1,grip
243404,1434,n1,grip
243406,1486,n1,grip
243408,1535,n1,grip
243410,1663,n1,grip
243412,1685,n1,grip
243414,1759,n1,grip
243416,1707,n1,grip
243418,1661,n1,grip
243420,1679,n1,grip
243422,1810,n1,grip
243424,1795,n1,grip
243426,1738,n1,grip
243428,1696,n1,grip
243430,1699,n1,grip
243432,1666,n1,grip
243434,1606,n1,grip
243436,1535,n1,grip
243438,1522,n1,grip
243440,1535,n1,grip
243442,1566,n1,grip
243444,1507,n1,grip
243446,1567,n1,grip
243448,1535,n1,grip
243450,1499,n1,grip
243452,1453,n1,grip
243454,1415,n1,grip
243456,1374,n1,grip
243458,1328,n1,grip
243460,1275,n1,grip
243462,1298,n1,grip
243464,1483,n1,grip
243466,1501,n1,grip
243468,1585,n1,grip
243470,1706,n1,grip
243472,1745,n1,grip
243474,1713,n1,grip
243476,1658,n1,grip
243478,1600,n1,grip
243480,1535,n1,grip
243482,1591,n1,grip
243484,1566,n1,grip
243486,1520,n1,grip
243488,1504,n1,grip
257512,1983,n1,grip
257514,1922,n1,grip
257516,1873,n1,grip
257518,1872,n1,grip
257520,1872,n1,grip
257522,1926,n1,grip
257524,1881,n1,grip
257526,1831,n1,grip
257528,1794,n1,grip
257530,1744,n1,grip
257532,1697,n1,grip
257534,1677,n1,grip
257536,1689,n1,grip
257538,1768,n1,grip
257540,1895,n1,grip
257542,1909,n1,grip
257544,1955,n1,grip
257546,1980,n1,grip
257548,1953,n1,grip
257550,1975,n1,grip
257552,2087,n1,grip
257554,2075,n1,grip
257556,2128,n1,grip
257558,2125,n1,grip
257560,2070,n1,grip
257562,2064,n1,grip
257564,2000,n1,grip
257566,1983,n1,grip
257568,2010,n1,grip
257570,1987,n1,grip
257572,1930,n1,grip
257574,1918,n1,grip
257576,1898,n1,grip
257578,1829,n1,grip
257580,1751,n1,grip
257582,1705,n1,grip
257584,1718,n1,grip
257586,1666,n1,grip
257588,1602,n1,grip
257590,1623,n1,grip
257592,1704,n1,grip
257594,1666,n1,grip
257596,1674,n1,grip
257598,1675,n1,grip
257600,1679,n1,grip
257602,1830,n1,grip
257604,1903,n1,grip
257606,1879,n1,grip
257608,1891,n1,grip
257610,1863,n1,grip
257612,1780,n1,grip
257614,1699,n1,grip
257616,1638,n1,grip
257618,1645,n1,grip
257620,1638,n1,grip
257622,1636,n1,grip
257624,1590,n1,grip
257626,1563,n1,grip
257628,1633,n1,grip
257630,1637,n1,grip
257632,1623,n1,grip
257634,1808,n1,grip
257636,1925,n1,grip
257638,1920,n1,grip
257640,1999,n1,grip
257642,2086,n1,grip
257644,2017,n1,grip
257646,2000,n1,grip
257648,2027,n1,grip
257650,2064,n1,grip
257652,1985,n1,grip
257654,1968,n1,grip
257656,1933,n1,grip
257658,1879,n1,grip
257660,1837,n1,grip
257662,1798,n1,grip
257664,1780,n1,grip
257666,1728,n1,grip
257668,1767,n1,grip
257670,1777,n1,grip
257672,1751,n1,grip
257674,1871,n1,grip
257676,1911,n1,grip
257678,2060,n1,grip
257680,2036,n1,grip
257682,2188,n1,grip
257684,2293,n1,grip
257686,2237,n1,grip
257688,2181,n1,grip
257690,2265,n1,grip
257692,2316,n1,grip
257694,2288,n1,grip
257696,2288,n1,grip
257698,2510,n1,grip
257700,2535,n1,grip
257702,2448,n1,grip
257704,2469,n1,grip
257706,2624,n1,grip
257708,2783,n1,grip
257710,2773,n1,grip
257712,2657,n1,grip
257714,2555,n1,grip
257716,2663,n1,grip
257718,2704,n1,grip
257720,2639,n1,grip
257722,2539,n1,grip
257724,2451,n1,grip
257726,2507,n1,grip
257728,2461,n1,grip
257730,2387,n1,grip
257732,2370,n1,grip
257734,2304,n1,grip
257736,2327,n1,grip
257738,2314,n1,grip
257740,2397,n1,grip
257742,2413,n1,grip
257744,2431,n1,grip
257746,2441,n1,grip
257748,2378,n1,grip
257750,2299,n1,grip
257752,2291,n1,grip
257754,2212,n1,grip
257756,2126,n1,grip
257758,2055,n1,grip
257760,2035,n1,grip
257762,2058,n1,grip
257764,2016,n1,grip
257766,2078,n1,grip
257768,2193,n1,grip
257770,2182,n1,grip
257772,2163,n1,grip
257774,2127,n1,grip
257776,2215,n1,grip
257778,2287,n1,grip
257780,2207,n1,grip
257782,2138,n1,grip
257784,2064,n1,grip
257786,2023,n1,grip
257788,1983,n1,grip
257790,1968,n1,grip
257792,1904,n1,grip
257794,1840,n1,grip
257796,1793,n1,grip
257798,1738,n1,grip
257800,1707,n1,grip
257802,1665,n1,grip
257804,1671,n1,grip
257806,1779,n1,grip
257808,1771,n1,grip
257810,1833,n1,grip
257812,1857,n1,grip
257814,1822,n1,grip
257816,1802,n1,grip
257818,1749,n1,grip
257820,1730,n1,grip
257822,1687,n1,grip
257824,1667,n1,grip
257826,1701,n1,grip
257828,1760,n1,grip
257830,1981,n1,grip
257832,2179,n1,grip
257834,2139,n1,grip
257836,2160,n1,grip
257838,2177,n1,grip
257840,2160,n1,grip
257842,2118,n1,grip
257844,2062,n1,grip
257846,2126,n1,grip
257848,2122,n1,grip
257850,2153,n1,grip
257852,2096,n1,grip
257854,2033,n1,grip
257856,1984,n1,grip
257858,2023,n1,grip
257860,2009,n1,grip
257862,1967,n1,grip
257864,2014,n1,grip
257866,2026,n1,grip
257868,1971,n1,grip
257870,1905,n1,grip
257872,1894,n1,grip
257874,1826,n1,grip
257876,1764,n1,grip
257878,1758,n1,grip
257880,1703,n1,grip
257882,1664,n1,grip
257884,1653,n1,grip
257886,1598,n1,grip
257888,1578,n1,grip
257890,1557,n1,grip
257892,1514,n1,grip
257894,1467,n1,grip
257896,1456,n1,grip
257898,1426,n1,grip
257900,1435,n1,grip
257902,1470,n1,grip
257904,1443,n1,grip
257906,1405,n1,grip
257908,1402,n1,grip
257910,1405,n1,grip
257912,1535,n1,grip
257914,1535,n1,grip
257916,1648,n1,grip
257918,1877,n1,grip
257920,1875,n1,grip
257922,1827,n1,grip
257924,1834,n1,grip
257926,1834,n1,grip
257928,2146,n1,grip
257930,2214,n1,grip
257932,2287,n1,grip
257934,2391,n1,grip
257936,2370,n1,grip
257938,2354,n1,grip
257940,2352,n1,grip
257942,2283,n1,grip
257944,2263,n1,grip
257946,2283,n1,grip
257948,2224,n1,grip
257950,2160,n1,grip
257952,2126,n1,grip
257954,2097,n1,grip
257956,2114,n1,grip
257958,2081,n1,grip
257960,1995,n1,grip
257962,1967,n1,grip
257964,1947,n1,grip
257966,1931,n1,grip
257968,1945,n1,grip
257970,1900,n1,grip
257972,1839,n1,grip
257974,1786,n1,grip
257976,1782,n1,grip
257978,1733,n1,grip
257980,1673,n1,grip
257982,1602,n1,grip
257984,1535,n1,grip
257986,1661,n1,grip
257988,1654,n1,grip
257990,1739,n1,grip
257992,1750,n1,grip
257994,1722,n1,grip
257996,1651,n1,grip
257998,1593,n1,grip
258000,1525,n1,grip
258002,1462,n1,grip
258004,1467,n1,grip
258006,1520,n1,grip
258008,1489,n1,grip
258010,1467,n1,grip
258012,1461,n1,grip
258014,1450,n1,grip
258016,1443,n1,grip
258018,1423,n1,grip
258020,1381,n1,grip
258022,1345,n1,grip
258024,1298,n1,grip
258026,1251,n1,grip
258028,1281,n1,grip
258030,1574,n1,grip
258032,1603,n1,grip
258034,1872,n1,grip
258036,1923,n1,grip
258038,1837,n1,grip
258040,1765,n1,grip
258042,1728,n1,grip
258044,1682,n1,grip
258046,1703,n1,grip
258048,1695,n1,grip
258050,1718,n1,grip
258052,1669,n1,grip
258054,1705,n1,grip
258056,1674,n1,grip
258058,1617,n1,grip
258060,1630,n1,grip
258062,1630,n1,grip
258064,1587,n1,grip
258066,1642,n1,grip
258068,1616,n1,grip
258070,1709,n1,grip
258072,1744,n1,grip
258074,1682,n1,grip
258076,1635,n1,grip
258078,1571,n1,grip
258080,1535,n1,grip
258082,1571,n1,grip
258084,1518,n1,grip
258086,1465,n1,grip
258088,1535,n1,grip
258090,1631,n1,grip
258092,1591,n1,grip
258094,1584,n1,grip
258096,1633,n1,grip
258098,1595,n1,grip
258100,1519,n1,grip
258102,1459,n1,grip
258104,1434,n1,grip
258106,1394,n1,grip
258108,1346,n1,grip
258110,1302,n1,grip
258112,1313,n1,grip
258114,1365,n1,grip
258116,1327,n1,grip
258118,1426,n1,grip
258120,1450,n1,grip
258122,1434,n1,grip
258124,1457,n1,grip
258126,1458,n1,grip
258128,1472,n1,grip
258130,1616,n1,grip
258132,1602,n1,grip
258134,1601,n1,grip
258136,1600,n1,grip
258138,1535,n1,grip
258140,1485,n1,grip
258142,1458,n1,grip
258144,1451,n1,grip
258146,1483,n1,grip
258148,1499,n1,grip
258150,1458,n1,grip
258152,1461,n1,grip
258154,1424,n1,grip
258156,1488,n1,grip
258158,1511,n1,grip
258160,1467,n1,grip
258162,1467,n1,grip
258164,1505,n1,grip
258166,1530,n1,grip
258168,1667,n1,grip
258170,1715,n1,grip
258172,1879,n1,grip
258174,1927,n1,grip
258176,1904,n1,grip
258178,1831,n1,grip
258180,1761,n1,grip
258182,1686,n1,grip
258184,1616,n1,grip
258186,1535,n1,grip
258188,1535,n1,grip
258190,1514,n1,grip
258192,1601,n1,grip
258194,1730,n1,grip
258196,1698,n1,grip
258198,1648,n1,grip
258200,1593,n1,grip
258202,1605,n1,grip
258204,1558,n1,grip
258206,1495,n1,grip
258208,1472,n1,grip
258210,1463,n1,grip
258212,1462,n1,grip
258214,1459,n1,grip
258216,1441,n1,grip
258218,1385,n1,grip
258220,1323,n1,grip
258222,1264,n1,grip
258224,1274,n1,grip
258226,1267,n1,grip
258228,1245,n1,grip
258230,1233,n1,grip
258232,1315,n1,grip
258234,1328,n1,grip
258236,1407,n1,grip
258238,1487,n1,grip
258240,1489,n1,grip
258242,1528,n1,grip
258244,1698,n1,grip
258246,1728,n1,grip
258248,1678,n1,grip
258250,1687,n1,grip
258252,1632,n1,grip
258254,1569,n1,grip
258256,1526,n1,grip
258258,1535,n1,grip
258260,1587,n1,grip
258262,1535,n1,grip
258264,1577,n1,grip
258266,1651,n1,grip
258268,1651,n1,grip
258270,1718,n1,grip
258272,1776,n1,grip
258274,1776,n1,grip
258276,1711,n1,grip
258278,1723,n1,grip
258280,1825,n1,grip
258282,1869,n1,grip
258284,1975,n1,grip
258286,1965,n1,grip
258288,1965,n1,grip
258290,1890,n1,grip
258292,1811,n1,grip
258294,1812,n1,grip
258296,1872,n1,grip
258298,1842,n1,grip
258300,1906,n1,grip
258302,1936,n1,grip
258304,1903,n1,grip
258306,1842,n1,grip
258308,1776,n1,grip
258310,1777,n1,grip
258312,1743,n1,grip
258314,1671,n1,grip
258316,1616,n1,grip
258318,1621,n1,grip
258320,1601,n1,grip
258322,1535,n1,grip
258324,1499,n1,grip
258326,1478,n1,grip
258328,1488,n1,grip
258330,1447,n1,grip
258332,1441,n1,grip
258334,1449,n1,grip
258336,1417,n1,grip
258338,1393,n1,grip
258340,1355,n1,grip
258342,1305,n1,grip
258344,1328,n1,grip
258346,1329,n1,grip
258348,1277,n1,grip
258350,1301,n1,grip
258352,1358,n1,grip
258354,1319,n1,grip
258356,1285,n1,grip
258358,1255,n1,grip
258360,1270,n1,grip
258362,1285,n1,grip
258364,1328,n1,grip
258366,1297,n1,grip
258368,1339,n1,grip
258370,1297,n1,grip
258372,1269,n1,grip
258374,1216,n1,grip
258376,1178,n1,grip
258378,1130,n1,grip
258380,1121,n1,grip
258382,1088,n1,grip
258384,1061,n1,grip
258386,1121,n1,grip
258388,1213,n1,grip
258390,1200,n1,grip
258392,1200,n1,grip
258394,1187,n1,grip
258396,1176,n1,grip
258398,1171,n1,grip
258400,1168,n1,grip
258402,1217,n1,grip
258404,1258,n1,grip
258406,1203,n1,grip
258408,1168,n1,grip
258410,1164,n1,grip
258412,1108,n1,grip
258414,1065,n1,grip
258416,1017,n1,grip
258418,978,n1,grip
258420,965,n1,grip
258422,973,n1,grip
258424,1059,n1,grip
258426,1066,n1,grip
258428,1062,n1,grip
258430,1056,n1,grip
258432,1040,n1,grip
258434,1159,n1,grip
258436,1187,n1,grip
258438,1173,n1,grip
258440,1339,n1,grip
258442,1360,n1,grip
258444,1456,n1,grip
258446,1501,n1,grip
258448,1472,n1,grip
258450,1445,n1,grip
258452,1429,n1,grip
258454,1419,n1,grip
258456,1370,n1,grip
258458,1314,n1,grip
258460,1266,n1,grip
258462,1213,n1,grip
258464,1168,n1,grip
258466,1122,n1,grip
258468,1078,n1,grip
258470,1040,n1,grip
258472,1014,n1,grip
258474,978,n1,grip
258476,1044,n1,grip
258478,1060,n1,grip
258480,1073,n1,grip
258482,1076,n1,grip
258484,1046,n1,grip
258486,1014,n1,grip
258488,1079,n1,grip
258490,1105,n1,grip
258492,1119,n1,grip
258494,1171,n1,grip
258496,1156,n1,grip
258498,1115,n1,grip
258500,1103,n1,grip
258502,1207,n1,grip
258504,1207,n1,grip
258506,1232,n1,grip
258508,1388,n1,grip
258510,1383,n1,grip
258512,1358,n1,grip
258514,1312,n1,grip
258516,1312,n1,grip
258518,1410,n1,grip
258520,1453,n1,grip
258522,1392,n1,grip
258524,1374,n1,grip
258526,1361,n1,grip
258528,1332,n1,grip
258530,1298,n1,grip
258532,1314,n1,grip
258534,1415,n1,grip
258536,1399,n1,grip
258538,1367,n1,grip
258540,1311,n1,grip
258542,1261,n1,grip
258544,1218,n1,grip
258546,1187,n1,grip
258548,1157,n1,grip
258550,1170,n1,grip
258552,1165,n1,grip
258554,1181,n1,grip
258556,1205,n1,grip
258558,1219,n1,grip
258560,1229,n1,grip
258562,1184,n1,grip
258564,1208,n1,grip
258566,1295,n1,grip
258568,1488,n1,grip
258570,1513,n1,grip
258572,1707,n1,grip
258574,1737,n1,grip
258576,1670,n1,grip
258578,1623,n1,grip
258580,1633,n1,grip
258582,1589,n1,grip
258584,1561,n1,grip
258586,1598,n1,grip
258588,1562,n1,grip
258590,1561,n1,grip
258592,1494,n1,grip
258594,1497,n1,grip
258596,1473,n1,grip
258598,1410,n1,grip
258600,1357,n1,grip
258602,1306,n1,grip
258604,1287,n1,grip
258606,1258,n1,grip
258608,1232,n1,grip
258610,1181,n1,grip
258612,1185,n1,grip
258614,1238,n1,grip
258616,1216,n1,grip
258618,1161,n1,grip
258620,1183,n1,grip
258622,1217,n1,grip
258624,1190,n1,grip
258626,1247,n1,grip
258628,1306,n1,grip
258630,1382,n1,grip
258632,1346,n1,grip
258634,1477,n1,grip
258636,1681,n1,grip
258638,1650,n1,grip
258640,1719,n1,grip
258642,1731,n1,grip
258644,1663,n1,grip
258646,1617,n1,grip
258648,1561,n1,grip
258650,1482,n1,grip
258652,1437,n1,grip
258654,1454,n1,grip
258656,1427,n1,grip
258658,1505,n1,grip
258660,1535,n1,grip
258662,1516,n1,grip
258664,1499,n1,grip
258666,1509,n1,grip
258668,1478,n1,grip
258670,1535,n1,grip
258672,1520,n1,grip
258674,1570,n1,grip
258676,1520,n1,grip
258678,1488,n1,grip
258680,1442,n1,grip
258682,1414,n1,grip
258684,1394,n1,grip
258686,1372,n1,grip
258688,1335,n1,grip
258690,1285,n1,grip
258692,1235,n1,grip
258694,1199,n1,grip
258696,1187,n1,grip
258698,1136,n1,grip
258700,1091,n1,grip
258702,1120,n1,grip
258704,1137,n1,grip
258706,1095,n1,grip
258708,1051,n1,grip
258710,1006,n1,grip
258712,967,n1,grip
258714,951,n1,grip
258716,939,n1,grip
258718,910,n1,grip
258720,874,n1,grip
258722,848,n1,grip
258724,901,n1,grip
258726,957,n1,grip
258728,957,n1,grip
258730,1125,n1,grip
258732,1238,n1,grip
258734,1251,n1,grip
258736,1296,n1,grip
258738,1243,n1,grip
258740,1187,n1,grip
258742,1143,n1,grip
258744,1111,n1,grip
258746,1079,n1,grip
258748,1046,n1,grip
258750,1040,n1,grip
258752,998,n1,grip
258754,1006,n1,grip
258756,1002,n1,grip
258758,966,n1,grip
258760,944,n1,grip
258762,976,n1,grip
258764,1023,n1,grip
258766,1008,n1,grip
258768,1049,n1,grip
258770,1110,n1,grip
258772,1102,n1,grip
258774,1136,n1,grip
258776,1132,n1,grip
258778,1137,n1,grip
258780,1112,n1,grip
258782,1129,n1,grip
258784,1111,n1,grip
258786,1122,n1,grip
258788,1136,n1,grip
258790,1142,n1,grip
258792,1105,n1,grip
258794,1073,n1,grip
258796,1083,n1,grip
258798,1148,n1,grip
258800,1133,n1,grip
258802,1170,n1,grip
258804,1219,n1,grip
258806,1209,n1,grip
258808,1234,n1,grip
258810,1200,n1,grip
258812,1188,n1,grip
258814,1157,n1,grip
258816,1129,n1,grip
258818,1181,n1,grip
258820,1178,n1,grip
258822,1155,n1,grip
258824,1250,n1,grip
258826,1355,n1,grip
258828,1367,n1,grip
258830,1415,n1,grip
258832,1452,n1,grip
258834,1447,n1,grip
258836,1424,n1,grip
258838,1371,n1,grip
258840,1312,n1,grip
258842,1301,n1,grip
258844,1302,n1,grip
258846,1295,n1,grip
258848,1245,n1,grip
258850,1202,n1,grip
258852,1211,n1,grip
258854,1260,n1,grip
258856,1217,n1,grip
258858,1166,n1,grip
258860,1155,n1,grip
258862,1184,n1,grip
258864,1153,n1,grip
258866,1105,n1,grip
258868,1168,n1,grip
258870,1266,n1,grip
258872,1268,n1,grip
258874,1315,n1,grip
258876,1373,n1,grip
258878,1457,n1,grip
258880,1435,n1,grip
258882,1391,n1,grip
258884,1345,n1,grip
258886,1403,n1,grip
258888,1473,n1,grip
258890,1431,n1,grip
258892,1371,n1,grip
258894,1318,n1,grip
258896,1297,n1,grip
258898,1265,n1,grip
258900,1242,n1,grip
258902,1233,n1,grip
258904,1280,n1,grip
258906,1309,n1,grip
258908,1268,n1,grip
258910,1297,n1,grip
258912,1279,n1,grip
258914,1225,n1,grip
258916,1198,n1,grip
258918,1179,n1,grip
258920,1137,n1,grip
258922,1107,n1,grip
258924,1059,n1,grip
258926,1010,n1,grip
258928,974,n1,grip
258930,967,n1,grip
258932,930,n1,grip
258934,892,n1,grip
258936,894,n1,grip
258938,912,n1,grip
258940,927,n1,grip
258942,981,n1,grip
258944,958,n1,grip
258946,953,n1,grip
258948,1003,n1,grip
258950,983,n1,grip
258952,1015,n1,grip
258954,1045,n1,grip
258956,1044,n1,grip
258958,1040,n1,grip
258960,1051,n1,grip
258962,1057,n1,grip
258964,1017,n1,grip
258966,990,n1,grip
258968,1007,n1,grip
258970,1065,n1,grip
258972,1058,n1,grip
258974,1083,n1,grip
258976,1082,n1,grip
258978,1040,n1,grip
258980,1051,n1,grip
258982,1071,n1,grip
258984,1054,n1,grip
258986,1062,n1,grip
258988,1059,n1,grip
258990,1012,n1,grip
258992,1009,n1,grip
258994,989,n1,grip
258996,967,n1,grip
258998,933,n1,grip
259000,1034,n1,grip
259002,1069,n1,grip
259004,1120,n1,grip
259006,1190,n1,grip
259008,1174,n1,grip
259010,1161,n1,grip
259012,1186,n1,grip
259014,1146,n1,grip
259016,1264,n1,grip
259018,1383,n1,grip
259020,1357,n1,grip
259022,1371,n1,grip
259024,1367,n1,grip
259026,1411,n1,grip
259028,1483,n1,grip
259030,1456,n1,grip
259032,1411,n1,grip
259034,1456,n1,grip
259036,1525,n1,grip
259038,1473,n1,grip
259040,1460,n1,grip
259042,1404,n1,grip
259044,1364,n1,grip
259046,1360,n1,grip
259048,1371,n1,grip
259050,1424,n1,grip
259052,1424,n1,grip
259054,1479,n1,grip
259056,1523,n1,grip
259058,1487,n1,grip
259060,1465,n1,grip
259062,1535,n1,grip
259064,1575,n1,grip
259066,1557,n1,grip
259068,1623,n1,grip
259070,1603,n1,grip
259072,1582,n1,grip
259074,1529,n1,grip
259076,1535,n1,grip
259078,1616,n1,grip
259080,1571,n1,grip
259082,1573,n1,grip
259084,1607,n1,grip
259086,1568,n1,grip
259088,1520,n1,grip
259090,1531,n1,grip
259092,1489,n1,grip
259094,1443,n1,grip
259096,1403,n1,grip
259098,1347,n1,grip
259100,1360,n1,grip
259102,1344,n1,grip
259104,1321,n1,grip
259106,1277,n1,grip
259108,1229,n1,grip
259110,1194,n1,grip
259112,1147,n1,grip
259114,1099,n1,grip
259116,1184,n1,grip
259118,1275,n1,grip
259120,1254,n1,grip
259122,1314,n1,grip
259124,1411,n1,grip
259126,1472,n1,grip
259128,1424,n1,grip
259130,1512,n1,grip
259132,1595,n1,grip
259134,1579,n1,grip
259136,1587,n1,grip
259138,1601,n1,grip
259140,1535,n1,grip
259142,1481,n1,grip
259144,1427,n1,grip
259146,1392,n1,grip
259148,1456,n1,grip
259150,1439,n1,grip
259152,1491,n1,grip
259154,1493,n1,grip
259156,1447,n1,grip
259158,1435,n1,grip
259160,1489,n1,grip
259162,1487,n1,grip
259164,1460,n1,grip
259166,1473,n1,grip
259168,1535,n1,grip
259170,1518,n1,grip
259172,1519,n1,grip
259174,1476,n1,grip
259176,1458,n1,grip
259178,1411,n1,grip
259180,1412,n1,grip
259182,1584,n1,grip
259184,1594,n1,grip
259186,1775,n1,grip
259188,1855,n1,grip
259190,1803,n1,grip
259192,1765,n1,grip
259194,1803,n1,grip
259196,1858,n1,grip
259198,1868,n1,grip
259200,2114,n1,grip
259202,2195,n1,grip
259204,2130,n1,grip
259206,2096,n1,grip
259208,2021,n1,grip
259210,2037,n1,grip
259212,2074,n1,grip
259214,2277,n1,grip
259216,2351,n1,grip
259218,2301,n1,grip
259220,2303,n1,grip
259222,2395,n1,grip
259224,2493,n1,grip
259226,2450,n1,grip
259228,2421,n1,grip
259230,2343,n1,grip
259232,2299,n1,grip
259234,2235,n1,grip
259236,2177,n1,grip
259238,2240,n1,grip
259240,2224,n1,grip
259242,2265,n1,grip
259244,2208,n1,grip
259246,2123,n1,grip
259248,2129,n1,grip
259250,2192,n1,grip
259252,2224,n1,grip
259254,2212,n1,grip
259256,2161,n1,grip
259258,2064,n1,grip
259260,1989,n1,grip
259262,1968,n1,grip
259264,1968,n1,grip
259266,1936,n1,grip
259268,1966,n1,grip
259270,1951,n1,grip
259272,1917,n1,grip
259274,1861,n1,grip
259276,1849,n1,grip
259278,1857,n1,grip
259280,1794,n1,grip
259282,1749,n1,grip
259284,1680,n1,grip
259286,1616,n1,grip
259288,1565,n1,grip
259290,1505,n1,grip
259292,1443,n1,grip
259294,1403,n1,grip
259296,1475,n1,grip
259298,1533,n1,grip
259300,1562,n1,grip
259302,1639,n1,grip
259304,1712,n1,grip
259306,1683,n1,grip
259308,1665,n1,grip
259310,1616,n1,grip
259312,1579,n1,grip
259314,1579,n1,grip
259316,1556,n1,grip
259318,1603,n1,grip
259320,1586,n1,grip
259322,1648,n1,grip
259324,1722,n1,grip
259326,1661,n1,grip
259328,1631,n1,grip
259330,1613,n1,grip
259332,1535,n1,grip
259334,1506,n1,grip
259336,1520,n1,grip
259338,1535,n1,grip
259340,1488,n1,grip
259342,1424,n1,grip
259344,1395,n1,grip
259346,1366,n1,grip
259348,1446,n1,grip
259350,1456,n1,grip
259352,1437,n1,grip
259354,1394,n1,grip
259356,1344,n1,grip
259358,1291,n1,grip
259360,1285,n1,grip
259362,1239,n1,grip
259364,1185,n1,grip
259366,1185,n1,grip
259368,1175,n1,grip
259370,1136,n1,grip
259372,1131,n1,grip
259374,1153,n1,grip
259376,1106,n1,grip
259378,1060,n1,grip
259380,1023,n1,grip
259382,1002,n1,grip
259384,958,n1,grip
259386,971,n1,grip
259388,1001,n1,grip
259390,1111,n1,grip
259392,1133,n1,grip
259394,1150,n1,grip
259396,1310,n1,grip
259398,1395,n1,grip
259400,1379,n1,grip
259402,1488,n1,grip
259404,1494,n1,grip
259406,1483,n1,grip
259408,1425,n1,grip
259410,1381,n1,grip
259412,1322,n1,grip
259414,1330,n1,grip
259416,1325,n1,grip
259418,1264,n1,grip
259420,1295,n1,grip
259422,1361,n1,grip
259424,1328,n1,grip
259426,1294,n1,grip
259428,1273,n1,grip
259430,1290,n1,grip
259432,1313,n1,grip
259434,1265,n1,grip
259436,1236,n1,grip
259438,1187,n1,grip
259440,1200,n1,grip
259442,1200,n1,grip
259444,1264,n1,grip
259446,1257,n1,grip
259448,1269,n1,grip
259450,1439,n1,grip
259452,1457,n1,grip
259454,1465,n1,grip
259456,1447,n1,grip
259458,1401,n1,grip
259460,1375,n1,grip
259462,1403,n1,grip
259464,1385,n1,grip
259466,1433,n1,grip
259468,1402,n1,grip
259470,1371,n1,grip
259472,1358,n1,grip
259474,1381,n1,grip
259476,1419,n1,grip
259478,1470,n1,grip
259480,1622,n1,grip
259482,1600,n1,grip
259484,1595,n1,grip
259486,1614,n1,grip
259488,1578,n1,grip
259490,1520,n1,grip
259492,1475,n1,grip
259494,1515,n1,grip
259496,1481,n1,grip
259498,1440,n1,grip
259500,1392,n1,grip
259502,1387,n1,grip
259504,1341,n1,grip
259506,1328,n1,grip
259508,1328,n1,grip
259510,1360,n1,grip
259512,1335,n1,grip
259514,1407,n1,grip
259516,1456,n1,grip
259518,1441,n1,grip
259520,1489,n1,grip
259522,1456,n1,grip
259524,1424,n1,grip
259526,1484,n1,grip
259528,1529,n1,grip
259530,1488,n1,grip
259532,1533,n1,grip
259534,1586,n1,grip
259536,1525,n1,grip
259538,1493,n1,grip
259540,1473,n1,grip
259542,1413,n1,grip
259544,1493,n1,grip
259546,1535,n1,grip
259548,1535,n1,grip
259550,1532,n1,grip
259552,1554,n1,grip
259554,1592,n1,grip
259556,1590,n1,grip
259558,1590,n1,grip
259560,1535,n1,grip
259562,1535,n1,grip
259564,1498,n1,grip
259566,1535,n1,grip
259568,1574,n1,grip
259570,1621,n1,grip
259572,1573,n1,grip
259574,1525,n1,grip
259576,1486,n1,grip
259578,1513,n1,grip
259580,1493,n1,grip
259582,1535,n1,grip
259584,1533,n1,grip
259586,1523,n1,grip
259588,1517,n1,grip
259590,1467,n1,grip
259592,1426,n1,grip
259594,1389,n1,grip
259596,1376,n1,grip
259598,1328,n1,grip
259600,1334,n1,grip
259602,1335,n1,grip
259604,1322,n1,grip
259606,1310,n1,grip
259608,1392,n1,grip
259610,1428,n1,grip
259612,1513,n1,grip
259614,1473,n1,grip
259616,1487,n1,grip
259618,1501,n1,grip
259620,1441,n1,grip
259622,1395,n1,grip
259624,1386,n1,grip
259626,1378,n1,grip
259628,1503,n1,grip
259630,1535,n1,grip
259632,1702,n1,grip
259634,1734,n1,grip
259636,1691,n1,grip
259638,1734,n1,grip
259640,1696,n1,grip
259642,1638,n1,grip
259644,1585,n1,grip
259646,1570,n1,grip
259648,1701,n1,grip
259650,1717,n1,grip
259652,1815,n1,grip
259654,1877,n1,grip
259656,1826,n1,grip
259658,1786,n1,grip
259660,1829,n1,grip
259662,1824,n1,grip
259664,1947,n1,grip
259666,2013,n1,grip
259668,1955,n1,grip
259670,1934,n1,grip
259672,1887,n1,grip
259674,1845,n1,grip
259676,1819,n1,grip
259678,1849,n1,grip
259680,1842,n1,grip
259682,1786,n1,grip
259684,1756,n1,grip
259686,1693,n1,grip
259688,1645,n1,grip
259690,1600,n1,grip
259692,1654,n1,grip
259694,1829,n1,grip
259696,1829,n1,grip
259698,1909,n1,grip
259700,1973,n1,grip
259702,1954,n1,grip
259704,1872,n1,grip
259706,1790,n1,grip
259708,1722,n1,grip
259710,1665,n1,grip
259712,1597,n1,grip
259714,1526,n1,grip
259716,1478,n1,grip
259718,1424,n1,grip
259720,1394,n1,grip
259722,1366,n1,grip
259724,1314,n1,grip
259726,1343,n1,grip
259728,1321,n1,grip
259730,1328,n1,grip
259732,1283,n1,grip
259734,1256,n1,grip
259736,1215,n1,grip
259738,1211,n1,grip
259740,1177,n1,grip
259742,1137,n1,grip
259744,1118,n1,grip
259746,1109,n1,grip
259748,1109,n1,grip
259750,1196,n1,grip
259752,1299,n1,grip
259754,1398,n1,grip
259756,1424,n1,grip
259758,1493,n1,grip
259760,1556,n1,grip
259762,1773,n1,grip
259764,1812,n1,grip
259766,1904,n1,grip
259768,1948,n1,grip
259770,1917,n1,grip
259772,1926,n1,grip
259774,1872,n1,grip
259776,1855,n1,grip
259778,1872,n1,grip
259780,1819,n1,grip
259782,1756,n1,grip
259784,1701,n1,grip
259786,1661,n1,grip
259788,1618,n1,grip
259790,1615,n1,grip
259792,1612,n1,grip
259794,1616,n1,grip
259796,1578,n1,grip
259798,1525,n1,grip
259800,1535,n1,grip
259802,1564,n1,grip
259804,1530,n1,grip
259806,1472,n1,grip
259808,1478,n1,grip
259810,1488,n1,grip
259812,1505,n1,grip
259814,1489,n1,grip
259816,1461,n1,grip
259818,1501,n1,grip
259820,1469,n1,grip
259822,1457,n1,grip
259824,1449,n1,grip
259826,1564,n1,grip
259828,1675,n1,grip
259830,1651,n1,grip
259832,1585,n1,grip
259834,1571,n1,grip
259836,1565,n1,grip
259838,1652,n1,grip
259840,1674,n1,grip
259842,1764,n1,grip
259844,1776,n1,grip
259846,1771,n1,grip
259848,1749,n1,grip
259850,1728,n1,grip
259852,1671,n1,grip
259854,1600,n1,grip
259856,1535,n1,grip
259858,1562,n1,grip
259860,1535,n1,grip
259862,1483,n1,grip
259864,1422,n1,grip
259866,1375,n1,grip
259868,1359,n1,grip
259870,1344,n1,grip
259872,1350,n1,grip
259874,1371,n1,grip
259876,1355,n1,grip
259878,1595,n1,grip
259880,1708,n1,grip
259882,1886,n1,grip
259884,2044,n1,grip
259886,2010,n1,grip
259888,1966,n1,grip
259890,1895,n1,grip
259892,1841,n1,grip
259894,1908,n1,grip
259896,1886,n1,grip
259898,1949,n1,grip
259900,1953,n1,grip
259902,1903,n1,grip
259904,1865,n1,grip
259906,1798,n1,grip
259908,1745,n1,grip
259910,1718,n1,grip
259912,1642,n1,grip
259914,1596,n1,grip
259916,1535,n1,grip
259918,1500,n1,grip
259920,1520,n1,grip
259922,1483,n1,grip
259924,1494,n1,grip
259926,1515,n1,grip
259928,1623,n1,grip
259930,1680,n1,grip
259932,1847,n1,grip
259934,1855,n1,grip
259936,1882,n1,grip
259938,1840,n1,grip
259940,1858,n1,grip
259942,1879,n1,grip
259944,1847,n1,grip
259946,1846,n1,grip
259948,1771,n1,grip
259950,1748,n1,grip
259952,1769,n1,grip
259954,1843,n1,grip
259956,1787,n1,grip
259958,1750,n1,grip
259960,1762,n1,grip
259962,1853,n1,grip
259964,1975,n1,grip
259966,1973,n1,grip
259968,1969,n1,grip
259970,1984,n1,grip
259972,1924,n1,grip
259974,1882,n1,grip
259976,1982,n1,grip
259978,1971,n1,grip
259980,2120,n1,grip
259982,2187,n1,grip
259984,2146,n1,grip
259986,2205,n1,grip
259988,2290,n1,grip
259990,2282,n1,grip
259992,2193,n1,grip
259994,2134,n1,grip
259996,2046,n1,grip
259998,1968,n1,grip
260000,1904,n1,grip
260002,1853,n1,grip
260004,1883,n1,grip
260006,1856,n1,grip
260008,1886,n1,grip
260010,1858,n1,grip
260012,1781,n1,grip
260014,1757,n1,grip
260016,1776,n1,grip
260018,1731,n1,grip
260020,1695,n1,grip
260022,1655,n1,grip
260024,1627,n1,grip
260026,1584,n1,grip
260028,1638,n1,grip
260030,1602,n1,grip
260032,1587,n1,grip
260034,1535,n1,grip
260036,1495,n1,grip
260038,1465,n1,grip
260040,1455,n1,grip
260042,1565,n1,grip
260044,1698,n1,grip
260046,1715,n1,grip
260048,1798,n1,grip
260050,1749,n1,grip
260052,1713,n1,grip
260054,1839,n1,grip
260056,1830,n1,grip
260058,1840,n1,grip
260060,1927,n1,grip
260062,1954,n1,grip
260064,1900,n1,grip
260066,1889,n1,grip
260068,1915,n1,grip
260070,1971,n1,grip
260072,2031,n1,grip
260074,2065,n1,grip
260076,2034,n1,grip
260078,1988,n1,grip
260080,1917,n1,grip
260082,1904,n1,grip
260084,1910,n1,grip
260086,1872,n1,grip
260088,1875,n1,grip
260090,1915,n1,grip
260092,1846,n1,grip
260094,1811,n1,grip
260096,1788,n1,grip
260098,1850,n1,grip
260100,1821,n1,grip
260102,1796,n1,grip
260104,1725,n1,grip
260106,1651,n1,grip
260108,1619,n1,grip
260110,1557,n1,grip
260112,1535,n1,grip
260114,1520,n1,grip
260116,1632,n1,grip
260118,1689,n1,grip
260120,1648,n1,grip
260122,1629,n1,grip
260124,1683,n1,grip
260126,1885,n1,grip
260128,1915,n1,grip
260130,1943,n1,grip
260132,2042,n1,grip
260134,2102,n1,grip
260136,2160,n1,grip
260138,2109,n1,grip
260140,2055,n1,grip
260142,2079,n1,grip
260144,2139,n1,grip
260146,2094,n1,grip
260148,2096,n1,grip
260150,2069,n1,grip
260152,2096,n1,grip
260154,2059,n1,grip
260156,2108,n1,grip
260158,2074,n1,grip
260160,1988,n1,grip
260162,1962,n1,grip
260164,1917,n1,grip
260166,1866,n1,grip
260168,1833,n1,grip
260170,1769,n1,grip
260172,1745,n1,grip
260174,1744,n1,grip
260176,1725,n1,grip
260178,1740,n1,grip
260180,1823,n1,grip
260182,1846,n1,grip
260184,1809,n1,grip
260186,1762,n1,grip
260188,1715,n1,grip
260190,1667,n1,grip
260192,1627,n1,grip
260194,1584,n1,grip
260196,1567,n1,grip
260198,1535,n1,grip
260200,1590,n1,grip
260202,1633,n1,grip
260204,1597,n1,grip
260206,1626,n1,grip
260208,1618,n1,grip
260210,1581,n1,grip
260212,1562,n1,grip
260214,1520,n1,grip
260216,1504,n1,grip
260218,1497,n1,grip
260220,1446,n1,grip
260222,1386,n1,grip
260224,1328,n1,grip
260226,1285,n1,grip
260228,1271,n1,grip
260230,1278,n1,grip
260232,1263,n1,grip
260234,1237,n1,grip
260236,1187,n1,grip
260238,1148,n1,grip
260240,1114,n1,grip
260242,1113,n1,grip
260244,1239,n1,grip
260246,1257,n1,grip
260248,1278,n1,grip
260250,1307,n1,grip
260252,1315,n1,grip
260254,1268,n1,grip
260256,1219,n1,grip
260258,1177,n1,grip
260260,1137,n1,grip
260262,1115,n1,grip
260264,1072,n1,grip
260266,1055,n1,grip
260268,1110,n1,grip
260270,1125,n1,grip
260272,1162,n1,grip
260274,1213,n1,grip
260276,1195,n1,grip
260278,1168,n1,grip
260280,1131,n1,grip
260282,1087,n1,grip
260284,1183,n1,grip
260286,1267,n1,grip
260288,1295,n1,grip
260290,1360,n1,grip
260292,1348,n1,grip
260294,1305,n1,grip
260296,1255,n1,grip
260298,1250,n1,grip
260300,1217,n1,grip
260302,1287,n1,grip
260304,1291,n1,grip
260306,1399,n1,grip
260308,1407,n1,grip
260310,1381,n1,grip
260312,1383,n1,grip
260314,1357,n1,grip
260316,1365,n1,grip
260318,1353,n1,grip
260320,1425,n1,grip
260322,1520,n1,grip
260324,1535,n1,grip
260326,1648,n1,grip
260328,1733,n1,grip
260330,1713,n1,grip
260332,1703,n1,grip
260334,1672,n1,grip
260336,1771,n1,grip
260338,1853,n1,grip
260340,1782,n1,grip
260342,1733,n1,grip
260344,1693,n1,grip
260346,1745,n1,grip
260348,1712,n1,grip
260350,1680,n1,grip
260352,1680,n1,grip
260354,1662,n1,grip
260356,1650,n1,grip
260358,1584,n1,grip
260360,1520,n1,grip
260362,1463,n1,grip
260364,1479,n1,grip
260366,1554,n1,grip
260368,1619,n1,grip
260370,1600,n1,grip
260372,1563,n1,grip
260374,1535,n1,grip
260376,1584,n1,grip
260378,1632,n1,grip
260380,1751,n1,grip
260382,1785,n1,grip
260384,1846,n1,grip
260386,2070,n1,grip
260388,2127,n1,grip
260390,2304,n1,grip
260392,2368,n1,grip
260394,2400,n1,grip
260396,2519,n1,grip
260398,2458,n1,grip
260400,2430,n1,grip
260402,2353,n1,grip
260404,2302,n1,grip
260406,2247,n1,grip
260408,2176,n1,grip
260410,2135,n1,grip
260412,2257,n1,grip
260414,2253,n1,grip
260416,2190,n1,grip
260418,2110,n1,grip
260420,2173,n1,grip
260422,2170,n1,grip
260424,2106,n1,grip
260426,2031,n1,grip
260428,1940,n1,grip
260430,1918,n1,grip
260432,1886,n1,grip
260434,1811,n1,grip
260436,1739,n1,grip
260438,1696,n1,grip
260440,1659,n1,grip
260442,1597,n1,grip
260444,1597,n1,grip
260446,1535,n1,grip
260448,1493,n1,grip
260450,1467,n1,grip
260452,1431,n1,grip
260454,1398,n1,grip
260456,1389,n1,grip
260458,1449,n1,grip
260460,1485,n1,grip
260462,1437,n1,grip
260464,1445,n1,grip
260466,1517,n1,grip
260468,1575,n1,grip
260470,1774,n1,grip
260472,1778,n1,grip
260474,2017,n1,grip
260476,2128,n1,grip
260478,2070,n1,grip
260480,2033,n1,grip
260482,1959,n1,grip
260484,1939,n1,grip
260486,1883,n1,grip
260488,1841,n1,grip
260490,1796,n1,grip
260492,1773,n1,grip
260494,1712,n1,grip
260496,1746,n1,grip
260498,1840,n1,grip
260500,1882,n1,grip
260502,1870,n1,grip
260504,1809,n1,grip
260506,1825,n1,grip
260508,1761,n1,grip
274526,991,n1,grip
274528,1008,n1,grip
274530,1038,n1,grip
274532,1073,n1,grip
274534,1061,n1,grip
274536,1139,n1,grip
274538,1217,n1,grip
274540,1207,n1,grip
274542,1234,n1,grip
274544,1258,n1,grip
274546,1246,n1,grip
274548,1206,n1,grip
274550,1207,n1,grip
274552,1171,n1,grip
274554,1169,n1,grip
274556,1162,n1,grip
274558,1197,n1,grip
274560,1158,n1,grip
274562,1189,n1,grip
274564,1167,n1,grip
274566,1143,n1,grip
274568,1110,n1,grip
274570,1071,n1,grip
274572,1059,n1,grip
274574,1023,n1,grip
274576,1018,n1,grip
274578,999,n1,grip
274580,958,n1,grip
274582,943,n1,grip
274584,914,n1,grip
274586,880,n1,grip
274588,843,n1,grip
274590,813,n1,grip
274592,777,n1,grip
274594,746,n1,grip
274596,739,n1,grip
274598,759,n1,grip
274600,877,n1,grip
274602,899,n1,grip
274604,1023,n1,grip
274606,1095,n1,grip
274608,1088,n1,grip
274610,1111,n1,grip
274612,1085,n1,grip
274614,1168,n1,grip
274616,1184,n1,grip
274618,1215,n1,grip
274620,1201,n1,grip
274622,1153,n1,grip
274624,1101,n1,grip
274626,1090,n1,grip
274628,1084,n1,grip
274630,1122,n1,grip
274632,1077,n1,grip
274634,1051,n1,grip
274636,1072,n1,grip
274638,1048,n1,grip
274640,1008,n1,grip
274642,1054,n1,grip
274644,1082,n1,grip
274646,1035,n1,grip
274648,1093,n1,grip
274650,1145,n1,grip
274652,1104,n1,grip
274654,1109,n1,grip
274656,1070,n1,grip
274658,1023,n1,grip
274660,978,n1,grip
274662,962,n1,grip
274664,936,n1,grip
274666,914,n1,grip
274668,880,n1,grip
274670,847,n1,grip
274672,807,n1,grip
274674,803,n1,grip
274676,947,n1,grip
274678,966,n1,grip
274680,1103,n1,grip
274682,1179,n1,grip
274684,1167,n1,grip
274686,1140,n1,grip
274688,1095,n1,grip
274690,1106,n1,grip
274692,1131,n1,grip
274694,1104,n1,grip
274696,1127,n1,grip
274698,1131,n1,grip
274700,1102,n1,grip
274702,1062,n1,grip
274704,1040,n1,grip
274706,1003,n1,grip
274708,1059,n1,grip
274710,1072,n1,grip
274712,1035,n1,grip
274714,1083,n1,grip
274716,1120,n1,grip
274718,1099,n1,grip
274720,1072,n1,grip
274722,1013,n1,grip
274724,982,n1,grip
274726,954,n1,grip
274728,953,n1,grip
274730,982,n1,grip
274732,1008,n1,grip
274734,1059,n1,grip
274736,1008,n1,grip
274738,972,n1,grip
274740,932,n1,grip
274742,907,n1,grip
274744,933,n1,grip
274746,1006,n1,grip
274748,1023,n1,grip
274750,1007,n1,grip
274752,985,n1,grip
274754,1065,n1,grip
274756,1161,n1,grip
274758,1151,n1,grip
274760,1155,n1,grip
274762,1167,n1,grip
274764,1118,n1,grip
274766,1072,n1,grip
274768,1023,n1,grip
274770,995,n1,grip
274772,960,n1,grip
274774,951,n1,grip
274776,943,n1,grip
274778,1008,n1,grip
274780,1023,n1,grip
274782,1094,n1,grip
274784,1126,n1,grip
274786,1104,n1,grip
274788,1136,n1,grip
274790,1116,n1,grip
274792,1085,n1,grip
274794,1045,n1,grip
274796,1018,n1,grip
274798,1048,n1,grip
274800,1038,n1,grip
274802,1050,n1,grip
274804,1134,n1,grip
274806,1168,n1,grip
274808,1175,n1,grip
274810,1139,n1,grip
274812,1094,n1,grip
274814,1105,n1,grip
274816,1115,n1,grip
274818,1135,n1,grip
274820,1107,n1,grip
274822,1104,n1,grip
274824,1072,n1,grip
274826,1021,n1,grip
274828,976,n1,grip
274830,943,n1,grip
274832,974,n1,grip
274834,1002,n1,grip
274836,1082,n1,grip
274838,1121,n1,grip
274840,1090,n1,grip
274842,1123,n1,grip
274844,1122,n1,grip
274846,1098,n1,grip
274848,1116,n1,grip
274850,1094,n1,grip
274852,1072,n1,grip
274854,1105,n1,grip
274856,1104,n1,grip
274858,1121,n1,grip
274860,1145,n1,grip
274862,1119,n1,grip
274864,1089,n1,grip
274866,1070,n1,grip
274868,1095,n1,grip
274870,1103,n1,grip
274872,1136,n1,grip
274874,1132,n1,grip
274876,1158,n1,grip
274878,1131,n1,grip
274880,1087,n1,grip
274882,1042,n1,grip
274884,1019,n1,grip
274886,988,n1,grip
274888,1022,n1,grip
274890,993,n1,grip
274892,944,n1,grip
274894,935,n1,grip
274896,913,n1,grip
274898,880,n1,grip
274900,848,n1,grip
274902,853,n1,grip
274904,831,n1,grip
274906,869,n1,grip
274908,933,n1,grip
274910,927,n1,grip
274912,939,n1,grip
274914,931,n1,grip
274916,913,n1,grip
274918,877,n1,grip
274920,839,n1,grip
274922,804,n1,grip
274924,790,n1,grip
274926,757,n1,grip
274928,802,n1,grip
274930,828,n1,grip
274932,868,n1,grip
274934,863,n1,grip
274936,892,n1,grip
274938,946,n1,grip
274940,929,n1,grip
274942,925,n1,grip
274944,887,n1,grip
274946,852,n1,grip
274948,816,n1,grip
274950,789,n1,grip
274952,767,n1,grip
274954,763,n1,grip
274956,765,n1,grip
274958,791,n1,grip
274960,765,n1,grip
274962,813,n1,grip
274964,919,n1,grip
274966,935,n1,grip
274968,983,n1,grip
274970,1044,n1,grip
274972,1021,n1,grip
274974,1058,n1,grip
274976,1092,n1,grip
274978,1058,n1,grip
274980,1008,n1,grip
274982,972,n1,grip
274984,951,n1,grip
274986,943,n1,grip
274988,899,n1,grip
274990,957,n1,grip
274992,966,n1,grip
274994,930,n1,grip
274996,961,n1,grip
274998,935,n1,grip
275000,899,n1,grip
275002,861,n1,grip
275004,832,n1,grip
275006,863,n1,grip
275008,861,n1,grip
275010,899,n1,grip
275012,870,n1,grip
275014,871,n1,grip
275016,863,n1,grip
275018,973,n1,grip
275020,1040,n1,grip
275022,1032,n1,grip
275024,1008,n1,grip
275026,974,n1,grip
275028,979,n1,grip
275030,971,n1,grip
275032,975,n1,grip
275034,995,n1,grip
275036,1014,n1,grip
275038,976,n1,grip
275040,930,n1,grip
275042,973,n1,grip
275044,981,n1,grip
275046,1007,n1,grip
275048,1040,n1,grip
275050,1058,n1,grip
275052,1079,n1,grip
275054,1058,n1,grip
275056,1109,n1,grip
275058,1136,n1,grip
275060,1090,n1,grip
275062,1052,n1,grip
275064,1014,n1,grip
275066,1023,n1,grip
275068,1022,n1,grip
275070,1013,n1,grip
275072,1010,n1,grip
275074,1015,n1,grip
275076,976,n1,grip
275078,947,n1,grip
275080,932,n1,grip
275082,997,n1,grip
275084,1007,n1,grip
275086,1065,n1,grip
275088,1055,n1,grip
275090,1008,n1,grip
275092,969,n1,grip
275094,939,n1,grip
275096,925,n1,grip
275098,917,n1,grip
275100,902,n1,grip
275102,895,n1,grip
275104,863,n1,grip
275106,829,n1,grip
275108,793,n1,grip
275110,773,n1,grip
275112,773,n1,grip
275114,741,n1,grip
275116,739,n1,grip
275118,731,n1,grip
275120,754,n1,grip
275122,730,n1,grip
275124,716,n1,grip
275126,700,n1,grip
275128,738,n1,grip
275130,743,n1,grip
275132,727,n1,grip
275134,722,n1,grip
275136,731,n1,grip
275138,749,n1,grip
275140,797,n1,grip
275142,816,n1,grip
275144,788,n1,grip
275146,799,n1,grip
275148,818,n1,grip
275150,828,n1,grip
275152,833,n1,grip
275154,819,n1,grip
275156,789,n1,grip
275158,800,n1,grip
275160,802,n1,grip
275162,789,n1,grip
275164,779,n1,grip
275166,752,n1,grip
275168,719,n1,grip
275170,731,n1,grip
275172,784,n1,grip
275174,851,n1,grip
275176,1046,n1,grip
275178,1072,n1,grip
275180,1116,n1,grip
275182,1125,n1,grip
275184,1083,n1,grip
275186,1039,n1,grip
275188,1008,n1,grip
275190,1062,n1,grip
275192,1085,n1,grip
275194,1232,n1,grip
275196,1270,n1,grip
275198,1296,n1,grip
275200,1348,n1,grip
275202,1520,n1,grip
275204,1573,n1,grip
275206,1613,n1,grip
275208,1743,n1,grip
275210,1798,n1,grip
275212,1818,n1,grip
275214,1809,n1,grip
275216,1790,n1,grip
275218,1806,n1,grip
275220,1908,n1,grip
275222,1917,n1,grip
275224,1829,n1,grip
275226,1759,n1,grip
275228,1725,n1,grip
275230,1671,n1,grip
275232,1599,n1,grip
275234,1521,n1,grip
275236,1470,n1,grip
275238,1411,n1,grip
275240,1381,n1,grip
275242,1318,n1,grip
275244,1271,n1,grip
275246,1333,n1,grip
275248,1318,n1,grip
275250,1385,n1,grip
275252,1389,n1,grip
275254,1375,n1,grip
275256,1351,n1,grip
275258,1299,n1,grip
275260,1273,n1,grip
275262,1251,n1,grip
275264,1227,n1,grip
275266,1198,n1,grip
275268,1200,n1,grip
275270,1234,n1,grip
275272,1226,n1,grip
275274,1269,n1,grip
275276,1235,n1,grip
275278,1214,n1,grip
275280,1174,n1,grip
275282,1120,n1,grip
275284,1089,n1,grip
275286,1057,n1,grip
275288,1035,n1,grip
275290,1009,n1,grip
275292,969,n1,grip
275294,928,n1,grip
275296,930,n1,grip
275298,918,n1,grip
275300,939,n1,grip
275302,1057,n1,grip
275304,1098,n1,grip
275306,1055,n1,grip
275308,1005,n1,grip
275310,991,n1,grip
275312,976,n1,grip
275314,928,n1,grip
275316,906,n1,grip
275318,933,n1,grip
275320,918,n1,grip
275322,913,n1,grip
275324,913,n1,grip
275326,880,n1,grip
275328,855,n1,grip
275330,850,n1,grip
275332,829,n1,grip
275334,831,n1,grip
275336,830,n1,grip
275338,842,n1,grip
275340,848,n1,grip
275342,837,n1,grip
275344,875,n1,grip
275346,896,n1,grip
275348,881,n1,grip
275350,846,n1,grip
275352,869,n1,grip
275354,1031,n1,grip
275356,1040,n1,grip
275358,1130,n1,grip
275360,1233,n1,grip
275362,1210,n1,grip
275364,1153,n1,grip
275366,1151,n1,grip
275368,1151,n1,grip
275370,1133,n1,grip
275372,1152,n1,grip
275374,1111,n1,grip
275376,1073,n1,grip
275378,1061,n1,grip
275380,1041,n1,grip
275382,1115,n1,grip
275384,1118,n1,grip
275386,1149,n1,grip
275388,1134,n1,grip
275390,1123,n1,grip
275392,1109,n1,grip
275394,1132,n1,grip
275396,1103,n1,grip
275398,1135,n1,grip
275400,1152,n1,grip
275402,1249,n1,grip
275404,1231,n1,grip
275406,1203,n1,grip
275408,1247,n1,grip
275410,1193,n1,grip
275412,1162,n1,grip
275414,1129,n1,grip
275416,1089,n1,grip
275418,1042,n1,grip
275420,1018,n1,grip
275422,1019,n1,grip
275424,980,n1,grip
275426,959,n1,grip
275428,925,n1,grip
275430,923,n1,grip
275432,919,n1,grip
275434,877,n1,grip
275436,845,n1,grip
275438,877,n1,grip
275440,864,n1,grip
275442,913,n1,grip
275444,922,n1,grip
275446,1062,n1,grip
275448,1075,n1,grip
275450,1126,n1,grip
275452,1104,n1,grip
275454,1063,n1,grip
275456,1057,n1,grip
275458,1019,n1,grip
275460,992,n1,grip
275462,997,n1,grip
275464,994,n1,grip
275466,1002,n1,grip
275468,1125,n1,grip
275470,1131,n1,grip
275472,1157,n1,grip
275474,1194,n1,grip
275476,1177,n1,grip
275478,1173,n1,grip
275480,1123,n1,grip
275482,1087,n1,grip
275484,1040,n1,grip
275486,994,n1,grip
275488,1007,n1,grip
275490,1051,n1,grip
275492,1059,n1,grip
275494,1130,n1,grip
275496,1105,n1,grip
275498,1099,n1,grip
275500,1078,n1,grip
275502,1103,n1,grip
275504,1194,n1,grip
275506,1205,n1,grip
275508,1296,n1,grip
275510,1343,n1,grip
275512,1296,n1,grip
275514,1282,n1,grip
275516,1264,n1,grip
275518,1212,n1,grip
275520,1162,n1,grip
275522,1110,n1,grip
275524,1060,n1,grip
275526,1008,n1,grip
275528,964,n1,grip
275530,987,n1,grip
275532,961,n1,grip
275534,938,n1,grip
275536,903,n1,grip
275538,917,n1,grip
275540,1066,n1,grip
275542,1118,n1,grip
275544,1141,n1,grip
275546,1136,n1,grip
275548,1121,n1,grip
275550,1122,n1,grip
275552,1081,n1,grip
275554,1140,n1,grip
275556,1319,n1,grip
275558,1348,n1,grip
275560,1522,n1,grip
275562,1535,n1,grip
275564,1486,n1,grip
275566,1437,n1,grip
275568,1423,n1,grip
275570,1375,n1,grip
275572,1363,n1,grip
275574,1310,n1,grip
275576,1281,n1,grip
275578,1238,n1,grip
275580,1190,n1,grip
275582,1177,n1,grip
275584,1189,n1,grip
275586,1159,n1,grip
275588,1130,n1,grip
275590,1090,n1,grip
275592,1043,n1,grip
275594,994,n1,grip
275596,973,n1,grip
275598,1023,n1,grip
275600,1015,n1,grip
275602,994,n1,grip
275604,969,n1,grip
275606,951,n1,grip
275608,935,n1,grip
275610,894,n1,grip
275612,931,n1,grip
275614,927,n1,grip
275616,960,n1,grip
275618,997,n1,grip
275620,1046,n1,grip
275622,1079,n1,grip
275624,1152,n1,grip
275626,1200,n1,grip
275628,1220,n1,grip
275630,1387,n1,grip
275632,1423,n1,grip
275634,1405,n1,grip
275636,1411,n1,grip
275638,1364,n1,grip
275640,1302,n1,grip
275642,1246,n1,grip
275644,1195,n1,grip
275646,1168,n1,grip
275648,1132,n1,grip
275650,1151,n1,grip
275652,1120,n1,grip
275654,1125,n1,grip
275656,1099,n1,grip
275658,1082,n1,grip
275660,1039,n1,grip
275662,1002,n1,grip
275664,976,n1,grip
275666,945,n1,grip
275668,923,n1,grip
275670,951,n1,grip
275672,927,n1,grip
275674,911,n1,grip
275676,960,n1,grip
275678,1054,n1,grip
275680,1105,n1,grip
275682,1233,n1,grip
275684,1271,n1,grip
275686,1226,n1,grip
275688,1194,n1,grip
275690,1182,n1,grip
275692,1137,n1,grip
275694,1101,n1,grip
275696,1075,n1,grip
275698,1114,n1,grip
275700,1145,n1,grip
275702,1134,n1,grip
275704,1104,n1,grip
275706,1067,n1,grip
275708,1087,n1,grip
275710,1136,n1,grip
275712,1154,n1,grip
275714,1199,n1,grip
275716,1314,n1,grip
275718,1271,n1,grip
275720,1262,n1,grip
275722,1249,n1,grip
275724,1216,n1,grip
275726,1179,n1,grip
275728,1166,n1,grip
275730,1127,n1,grip
275732,1082,n1,grip
275734,1043,n1,grip
275736,1039,n1,grip
275738,1075,n1,grip
275740,1111,n1,grip
275742,1103,n1,grip
275744,1106,n1,grip
275746,1069,n1,grip
275748,1013,n1,grip
275750,976,n1,grip
275752,996,n1,grip
275754,1033,n1,grip
275756,1033,n1,grip
275758,1120,n1,grip
275760,1166,n1,grip
275762,1138,n1,grip
275764,1254,n1,grip
275766,1328,n1,grip
275768,1331,n1,grip
275770,1315,n1,grip
275772,1278,n1,grip
275774,1261,n1,grip
275776,1311,n1,grip
275778,1418,n1,grip
275780,1371,n1,grip
275782,1351,n1,grip
275784,1303,n1,grip
275786,1330,n1,grip
275788,1392,n1,grip
275790,1386,n1,grip
275792,1331,n1,grip
275794,1314,n1,grip
275796,1286,n1,grip
275798,1247,n1,grip
275800,1200,n1,grip
275802,1191,n1,grip
275804,1168,n1,grip
275806,1186,n1,grip
275808,1188,n1,grip
275810,1138,n1,grip
275812,1088,n1,grip
275814,1071,n1,grip
275816,1039,n1,grip
275818,997,n1,grip
275820,970,n1,grip
275822,949,n1,grip
275824,951,n1,grip
275826,944,n1,grip
275828,931,n1,grip
275830,911,n1,grip
275832,883,n1,grip
275834,856,n1,grip
275836,1132,n1,grip
275838,902,n1,grip
275840,989,n1,grip
275842,956,n1,grip
275844,1166,n1,grip
275846,1488,n1,grip
275848,1329,n1,grip
275850,1414,n1,grip
275852,1446,n1,grip
275854,1524,n1,grip
275856,1702,n1,grip
275858,1633,n1,grip
275860,1681,n1,grip
275862,1745,n1,grip
275864,1853,n1,grip
275866,1740,n1,grip
275868,1615,n1,grip
275870,1535,n1,grip
275872,1566,n1,grip
275874,1515,n1,grip
275876,1482,n1,grip
275878,1534,n1,grip
275880,1781,n1,grip
275882,1425,n1,grip
275884,1260,n1,grip
275886,1227,n1,grip
275888,1312,n1,grip
275890,1317,n1,grip
275892,1296,n1,grip
275894,1356,n1,grip
275896,1369,n1,grip
275898,1316,n1,grip
275900,1315,n1,grip
275902,1266,n1,grip
275904,1217,n1,grip
275906,1181,n1,grip
275908,1134,n1,grip
275910,1094,n1,grip
275912,1047,n1,grip
275914,995,n1,grip
275916,970,n1,grip
275918,963,n1,grip
275920,945,n1,grip
275922,1022,n1,grip
275924,1054,n1,grip
275926,1162,n1,grip
275928,1157,n1,grip
275930,1189,n1,grip
275932,1199,n1,grip
275934,1172,n1,grip
275936,1146,n1,grip
275938,1147,n1,grip
275940,1131,n1,grip
275942,1102,n1,grip
275944,1123,n1,grip
275946,1119,n1,grip
275948,1087,n1,grip
275950,1036,n1,grip
275952,987,n1,grip
275954,944,n1,grip
275956,912,n1,grip
275958,910,n1,grip
275960,924,n1,grip
275962,903,n1,grip
275964,887,n1,grip
275966,865,n1,grip
275968,871,n1,grip
275970,890,n1,grip
275972,874,n1,grip
275974,852,n1,grip
275976,861,n1,grip
275978,854,n1,grip
275980,825,n1,grip
275982,811,n1,grip
275984,842,n1,grip
275986,885,n1,grip
275988,1089,n1,grip
275990,1150,n1,grip
275992,1153,n1,grip
275994,1232,n1,grip
275996,1283,n1,grip
275998,1392,n1,grip
276000,1465,n1,grip
276002,1425,n1,grip
276004,1375,n1,grip
276006,1335,n1,grip
276008,1333,n1,grip
276010,1355,n1,grip
276012,1366,n1,grip
276014,1360,n1,grip
276016,1309,n1,grip
276018,1286,n1,grip
276020,1330,n1,grip
276022,1275,n1,grip
276024,1239,n1,grip
276026,1217,n1,grip
276028,1269,n1,grip
276030,1233,n1,grip
276032,1215,n1,grip
276034,1167,n1,grip
276036,1124,n1,grip
276038,1090,n1,grip
276040,1111,n1,grip
276042,1233,n1,grip
276044,1327,n1,grip
276046,1340,n1,grip
276048,1393,n1,grip
276050,1392,n1,grip
276052,1333,n1,grip
276054,1273,n1,grip
276056,1253,n1,grip
276058,1290,n1,grip
276060,1355,n1,grip
276062,1323,n1,grip
276064,1397,n1,grip
276066,1489,n1,grip
276068,1491,n1,grip
276070,1461,n1,grip
276072,1396,n1,grip
276074,1335,n1,grip
276076,1353,n1,grip
276078,1345,n1,grip
276080,1328,n1,grip
276082,1434,n1,grip
276084,1430,n1,grip
276086,1470,n1,grip
276088,1446,n1,grip
276090,1473,n1,grip
276092,1427,n1,grip
276094,1375,n1,grip
276096,1321,n1,grip
276098,1263,n1,grip
276100,1232,n1,grip
276102,1281,n1,grip
276104,1347,n1,grip
276106,1328,n1,grip
276108,1323,n1,grip
276110,1343,n1,grip
276112,1358,n1,grip
276114,1414,n1,grip
276116,1453,n1,grip
276118,1475,n1,grip
276120,1565,n1,grip
276122,1581,n1,grip
276124,1520,n1,grip
276126,1453,n1,grip
276128,1414,n1,grip
276130,1382,n1,grip
276132,1344,n1,grip
276134,1305,n1,grip
276136,1285,n1,grip
276138,1253,n1,grip
276140,1199,n1,grip
276142,1152,n1,grip
276144,1116,n1,grip
276146,1113,n1,grip
276148,1091,n1,grip
276150,1094,n1,grip
276152,1059,n1,grip
276154,1013,n1,grip
276156,987,n1,grip
276158,954,n1,grip
276160,980,n1,grip
276162,944,n1,grip
276164,911,n1,grip
276166,925,n1,grip
276168,897,n1,grip
276170,943,n1,grip
276172,1004,n1,grip
276174,1010,n1,grip
276176,976,n1,grip
276178,941,n1,grip
276180,922,n1,grip
276182,928,n1,grip
276184,915,n1,grip
276186,906,n1,grip
276188,887,n1,grip
276190,867,n1,grip
276192,829,n1,grip
276194,794,n1,grip
276196,763,n1,grip
276198,761,n1,grip
276200,751,n1,grip
276202,761,n1,grip
276204,735,n1,grip
276206,775,n1,grip
276208,811,n1,grip
276210,879,n1,grip
276212,937,n1,grip
276214,941,n1,grip
276216,912,n1,grip
276218,901,n1,grip
276220,881,n1,grip
276222,866,n1,grip
276224,831,n1,grip
276226,813,n1,grip
276228,787,n1,grip
276230,790,n1,grip
276232,789,n1,grip
276234,754,n1,grip
276236,747,n1,grip
276238,761,n1,grip
276240,729,n1,grip
276242,730,n1,grip
276244,739,n1,grip
276246,754,n1,grip
276248,768,n1,grip
276250,784,n1,grip
276252,844,n1,grip
276254,842,n1,grip
276256,848,n1,grip
276258,816,n1,grip
276260,804,n1,grip
276262,878,n1,grip
276264,944,n1,grip
276266,949,n1,grip
276268,1009,n1,grip
276270,1143,n1,grip
276272,1219,n1,grip
276274,1201,n1,grip
276276,1147,n1,grip
276278,1100,n1,grip
276280,1082,n1,grip
276282,1121,n1,grip
276284,1194,n1,grip
276286,1169,n1,grip
276288,1228,n1,grip
276290,1247,n1,grip
276292,1232,n1,grip
276294,1195,n1,grip
276296,1161,n1,grip
276298,1123,n1,grip
276300,1133,n1,grip
276302,1089,n1,grip
276304,1085,n1,grip
276306,1069,n1,grip
276308,1042,n1,grip
276310,994,n1,grip
276312,1015,n1,grip
276314,1042,n1,grip
276316,1005,n1,grip
276318,974,n1,grip
276320,935,n1,grip
276322,934,n1,grip
276324,917,n1,grip
276326,951,n1,grip
276328,939,n1,grip
276330,912,n1,grip
276332,890,n1,grip
276334,871,n1,grip
276336,833,n1,grip
276338,847,n1,grip
276340,883,n1,grip
276342,884,n1,grip
276344,944,n1,grip
276346,943,n1,grip
276348,954,n1,grip
276350,932,n1,grip
276352,918,n1,grip
276354,919,n1,grip
276356,944,n1,grip
276358,922,n1,grip
276360,897,n1,grip
276362,925,n1,grip
276364,939,n1,grip
276366,919,n1,grip
276368,883,n1,grip
276370,848,n1,grip
276372,834,n1,grip
276374,1023,n1,grip
276376,1070,n1,grip
276378,1103,n1,grip
276380,1232,n1,grip
276382,1275,n1,grip
276384,1258,n1,grip
276386,1292,n1,grip
276388,1353,n1,grip
276390,1313,n1,grip
276392,1303,n1,grip
276394,1290,n1,grip
276396,1280,n1,grip
276398,1314,n1,grip
276400,1283,n1,grip
276402,1258,n1,grip
276404,1219,n1,grip
276406,1163,n1,grip
276408,1115,n1,grip
276410,1066,n1,grip
276412,1047,n1,grip
276414,1045,n1,grip
276416,1021,n1,grip
276418,991,n1,grip
276420,1011,n1,grip
276422,1009,n1,grip
276424,993,n1,grip
276426,980,n1,grip
276428,1008,n1,grip
276430,1100,n1,grip
276432,1078,n1,grip
276434,1115,n1,grip
276436,1172,n1,grip
276438,1163,n1,grip
276440,1152,n1,grip
276442,1107,n1,grip
276444,1080,n1,grip
276446,1055,n1,grip
276448,1011,n1,grip
276450,970,n1,grip
276452,965,n1,grip
276454,954,n1,grip
276456,954,n1,grip
276458,975,n1,grip
276460,944,n1,grip
276462,931,n1,grip
276464,932,n1,grip
276466,951,n1,grip
276468,944,n1,grip
276470,935,n1,grip
276472,909,n1,grip
276474,880,n1,grip
276476,865,n1,grip
276478,870,n1,grip
276480,833,n1,grip
276482,843,n1,grip
276484,879,n1,grip
276486,877,n1,grip
276488,990,n1,grip
276490,1062,n1,grip
276492,1038,n1,grip
276494,1011,n1,grip
276496,976,n1,grip
276498,929,n1,grip
276500,890,n1,grip
276502,851,n1,grip
276504,816,n1,grip
276506,810,n1,grip
276508,820,n1,grip
276510,826,n1,grip
276512,909,n1,grip
276514,939,n1,grip
276516,913,n1,grip
276518,933,n1,grip
276520,941,n1,grip
276522,912,n1,grip
276524,867,n1,grip
276526,829,n1,grip
276528,816,n1,grip
276530,831,n1,grip
276532,836,n1,grip
276534,881,n1,grip
276536,848,n1,grip
276538,895,n1,grip
276540,909,n1,grip
276542,901,n1,grip
276544,878,n1,grip
276546,869,n1,grip
276548,883,n1,grip
276550,864,n1,grip
276552,843,n1,grip
276554,809,n1,grip
276556,767,n1,grip
276558,746,n1,grip
276560,739,n1,grip
276562,738,n1,grip
276564,733,n1,grip
276566,703,n1,grip
276568,720,n1,grip
276570,739,n1,grip
276572,740,n1,grip
276574,772,n1,grip
276576,745,n1,grip
276578,752,n1,grip
276580,727,n1,grip
276582,725,n1,grip
276584,722,n1,grip
276586,752,n1,grip
276588,736,n1,grip
276590,716,n1,grip
276592,727,n1,grip
276594,739,n1,grip
276596,720,n1,grip
276598,713,n1,grip
276600,756,n1,grip
276602,779,n1,grip
276604,768,n1,grip
276606,805,n1,grip
276608,853,n1,grip
276610,883,n1,grip
276612,853,n1,grip
276614,867,n1,grip
276616,893,n1,grip
276618,854,n1,grip
276620,832,n1,grip
276622,842,n1,grip
276624,845,n1,grip
276626,818,n1,grip
276628,822,n1,grip
276630,797,n1,grip
276632,768,n1,grip
276634,741,n1,grip
276636,831,n1,grip
276638,943,n1,grip
276640,961,n1,grip
276642,1093,n1,grip
276644,1124,n1,grip
276646,1101,n1,grip
276648,1118,n1,grip
276650,1158,n1,grip
276652,1123,n1,grip
276654,1151,n1,grip
276656,1134,n1,grip
276658,1100,n1,grip
276660,1076,n1,grip
276662,1046,n1,grip
276664,1018,n1,grip
276666,1001,n1,grip
276668,965,n1,grip
276670,955,n1,grip
276672,939,n1,grip
276674,939,n1,grip
276676,991,n1,grip
276678,980,n1,grip
276680,992,n1,grip
276682,1038,n1,grip
276684,995,n1,grip
276686,970,n1,grip
276688,930,n1,grip
276690,895,n1,grip
276692,879,n1,grip
276694,842,n1,grip
276696,823,n1,grip
276698,794,n1,grip
276700,803,n1,grip
276702,832,n1,grip
276704,805,n1,grip
276706,769,n1,grip
276708,782,n1,grip
276710,843,n1,grip
276712,877,n1,grip
276714,863,n1,grip
276716,976,n1,grip
276718,1023,n1,grip
276720,1036,n1,grip
276722,1077,n1,grip
276724,1120,n1,grip
276726,1103,n1,grip
276728,1138,n1,grip
276730,1184,n1,grip
276732,1174,n1,grip
276734,1189,n1,grip
276736,1246,n1,grip
276738,1233,n1,grip
276740,1182,n1,grip
276742,1147,n1,grip
276744,1138,n1,grip
276746,1136,n1,grip
276748,1123,n1,grip
276750,1118,n1,grip
276752,1088,n1,grip
276754,1069,n1,grip
276756,1120,n1,grip
276758,1136,n1,grip
276760,1161,n1,grip
276762,1231,n1,grip
276764,1228,n1,grip
276766,1245,n1,grip
276768,1327,n1,grip
276770,1331,n1,grip
276772,1297,n1,grip
276774,1251,n1,grip
276776,1235,n1,grip
276778,1200,n1,grip
276780,1166,n1,grip
276782,1124,n1,grip
276784,1149,n1,grip
276786,1205,n1,grip
276788,1191,n1,grip
276790,1254,n1,grip
276792,1331,n1,grip
276794,1275,n1,grip
276796,1229,n1,grip
276798,1181,n1,grip
276800,1132,n1,grip
276802,1082,n1,grip
276804,1088,n1,grip
276806,1082,n1,grip
276808,1052,n1,grip
276810,1114,n1,grip
276812,1124,n1,grip
276814,1105,n1,grip
276816,1091,n1,grip
276818,1088,n1,grip
276820,1138,n1,grip
276822,1168,n1,grip
276824,1131,n1,grip
276826,1087,n1,grip
276828,1088,n1,grip
276830,1059,n1,grip
276832,1041,n1,grip
276834,1008,n1,grip
276836,975,n1,grip
276838,933,n1,grip
276840,912,n1,grip
276842,897,n1,grip
276844,915,n1,grip
276846,908,n1,grip
276848,915,n1,grip
276850,944,n1,grip
276852,906,n1,grip
276854,877,n1,grip
276856,838,n1,grip
276858,809,n1,grip
276860,796,n1,grip
276862,797,n1,grip
276864,837,n1,grip
276866,859,n1,grip
276868,838,n1,grip
276870,923,n1,grip
276872,1065,n1,grip
276874,1072,n1,grip
276876,1059,n1,grip
276878,1063,n1,grip
276880,1040,n1,grip
276882,1008,n1,grip
276884,971,n1,grip
276886,932,n1,grip
276888,912,n1,grip
276890,880,n1,grip
276892,839,n1,grip
276894,799,n1,grip
276896,798,n1,grip
276898,775,n1,grip
276900,743,n1,grip
276902,744,n1,grip
276904,737,n1,grip
276906,765,n1,grip
276908,733,n1,grip
276910,701,n1,grip
276912,674,n1,grip
276914,680,n1,grip
276916,663,n1,grip
276918,656,n1,grip
276920,657,n1,grip
276922,633,n1,grip
276924,613,n1,grip
276926,646,n1,grip
276928,650,n1,grip
276930,641,n1,grip
276932,631,n1,grip
276934,614,n1,grip
276936,594,n1,grip
276938,583,n1,grip
276940,554,n1,grip
276942,543,n1,grip
276944,539,n1,grip
276946,511,n1,grip
276948,507,n1,grip
276950,494,n1,grip
276952,475,n1,grip
276954,501,n1,grip
276956,493,n1,grip
276958,468,n1,grip
276960,460,n1,grip
276962,495,n1,grip
276964,554,n1,grip
276966,586,n1,grip
276968,619,n1,grip
276970,674,n1,grip
276972,686,n1,grip
276974,667,n1,grip
276976,652,n1,grip
276978,675,n1,grip
276980,704,n1,grip
276982,688,n1,grip
276984,673,n1,grip
276986,653,n1,grip
276988,702,n1,grip
276990,759,n1,grip
276992,784,n1,grip
276994,841,n1,grip
276996,804,n1,grip
276998,784,n1,grip
277000,752,n1,grip
277002,715,n1,grip
277004,714,n1,grip
277006,687,n1,grip
277008,682,n1,grip
277010,654,n1,grip
277012,640,n1,grip
277014,659,n1,grip
277016,659,n1,grip
277018,646,n1,grip
277020,672,n1,grip
277022,687,n1,grip
277024,673,n1,grip
277026,720,n1,grip
277028,770,n1,grip
277030,742,n1,grip
277032,739,n1,grip
277034,710,n1,grip
277036,685,n1,grip
277038,672,n1,grip
277040,658,n1,grip
277042,640,n1,grip
277044,633,n1,grip
277046,629,n1,grip
277048,661,n1,grip
277050,830,n1,grip
277052,848,n1,grip
277054,977,n1,grip
277056,1133,n1,grip
277058,1123,n1,grip
277060,1157,n1,grip
277062,1135,n1,grip
277064,1092,n1,grip
277066,1043,n1,grip
277068,1014,n1,grip
277070,974,n1,grip
277072,953,n1,grip
277074,944,n1,grip
277076,917,n1,grip
277078,875,n1,grip
277080,881,n1,grip
277082,859,n1,grip
277084,837,n1,grip
277086,834,n1,grip
277088,858,n1,grip
277090,834,n1,grip
277092,801,n1,grip
277094,795,n1,grip
277096,777,n1,grip
277098,757,n1,grip
277100,733,n1,grip
277102,707,n1,grip
277104,688,n1,grip
277106,676,n1,grip
277108,649,n1,grip
277110,637,n1,grip
277112,684,n1,grip
277114,721,n1,grip
277116,697,n1,grip
277118,744,n1,grip
277120,819,n1,grip
277122,883,n1,grip
277124,903,n1,grip
277126,1040,n1,grip
277128,1063,n1,grip
277130,1107,n1,grip
277132,1117,n1,grip
277134,1086,n1,grip
277136,1038,n1,grip
277138,987,n1,grip
277140,993,n1,grip
277142,959,n1,grip
277144,963,n1,grip
277146,940,n1,grip
277148,938,n1,grip
277150,911,n1,grip
277152,991,n1,grip
277154,1086,n1,grip
277156,1090,n1,grip
277158,1170,n1,grip
277160,1151,n1,grip
277162,1142,n1,grip
277164,1151,n1,grip
277166,1164,n1,grip
277168,1148,n1,grip
277170,1117,n1,grip
277172,1104,n1,grip
277174,1074,n1,grip
277176,1126,n1,grip
277178,1185,n1,grip
277180,1163,n1,grip
277182,1199,n1,grip
277184,1184,n1,grip
277186,1190,n1,grip
277188,1143,n1,grip
277190,1136,n1,grip
277192,1101,n1,grip
277194,1061,n1,grip
277196,1043,n1,grip
277198,1040,n1,grip
277200,1011,n1,grip
277202,1006,n1,grip
277204,971,n1,grip
277206,943,n1,grip
277208,939,n1,grip
277210,923,n1,grip
277212,917,n1,grip
277214,880,n1,grip
277216,869,n1,grip
277218,849,n1,grip
277220,823,n1,grip
277222,816,n1,grip
277224,803,n1,grip
277226,829,n1,grip
277228,816,n1,grip
277230,839,n1,grip
277232,846,n1,grip
277234,846,n1,grip
277236,887,n1,grip
277238,946,n1,grip
277240,944,n1,grip
277242,1017,n1,grip
277244,1015,n1,grip
277246,999,n1,grip
277248,988,n1,grip
277250,1039,n1,grip
277252,1083,n1,grip
277254,1069,n1,grip
277256,1135,n1,grip
277258,1146,n1,grip
277260,1104,n1,grip
277262,1059,n1,grip
277264,1062,n1,grip
277266,1097,n1,grip
277268,1065,n1,grip
277270,1056,n1,grip
277272,1147,n1,grip
277274,1196,n1,grip
277276,1168,n1,grip
277278,1165,n1,grip
277280,1165,n1,grip
277282,1115,n1,grip
277284,1117,n1,grip
277286,1104,n1,grip
277288,1065,n1,grip
277290,1015,n1,grip
277292,976,n1,grip
277294,1023,n1,grip
277296,1107,n1,grip
277298,1093,n1,grip
277300,1126,n1,grip
277302,1213,n1,grip
277304,1233,n1,grip
277306,1263,n1,grip
277308,1290,n1,grip
277310,1259,n1,grip
277312,1237,n1,grip
277314,1188,n1,grip
277316,1145,n1,grip
277318,1115,n1,grip
277320,1072,n1,grip
277322,1061,n1,grip
277324,1034,n1,grip
277326,1088,n1,grip
277328,1083,n1,grip
277330,1049,n1,grip
277332,1003,n1,grip
277334,995,n1,grip
277336,963,n1,grip
277338,955,n1,grip
277340,944,n1,grip
277342,913,n1,grip
277344,880,n1,grip
277346,868,n1,grip
277348,831,n1,grip
277350,798,n1,grip
277352,816,n1,grip
277354,790,n1,grip
277356,759,n1,grip
277358,747,n1,grip
277360,742,n1,grip
277362,718,n1,grip
277364,688,n1,grip
277366,704,n1,grip
277368,687,n1,grip
277370,711,n1,grip
277372,713,n1,grip
277374,767,n1,grip
277376,848,n1,grip
277378,835,n1,grip
277380,798,n1,grip
277382,831,n1,grip
277384,900,n1,grip
277386,928,n1,grip
277388,921,n1,grip
277390,898,n1,grip
277392,882,n1,grip
277394,863,n1,grip
277396,921,n1,grip
277398,907,n1,grip
277400,901,n1,grip
277402,944,n1,grip
277404,955,n1,grip
277406,912,n1,grip
277408,917,n1,grip
277410,911,n1,grip
277412,887,n1,grip
277414,860,n1,grip
277416,875,n1,grip
277418,862,n1,grip
277420,837,n1,grip
277422,838,n1,grip
277424,816,n1,grip
277426,825,n1,grip
277428,801,n1,grip
277430,766,n1,grip
277432,739,n1,grip
277434,742,n1,grip
277436,851,n1,grip
277438,887,n1,grip
277440,857,n1,grip
277442,831,n1,grip
277444,817,n1,grip
277446,831,n1,grip
277448,834,n1,grip
277450,807,n1,grip
277452,801,n1,grip
277454,798,n1,grip
277456,765,n1,grip
277458,736,n1,grip
277460,720,n1,grip
277462,711,n1,grip
277464,707,n1,grip
277466,726,n1,grip
277468,713,n1,grip
277470,693,n1,grip
277472,676,n1,grip
277474,667,n1,grip
277476,652,n1,grip
277478,624,n1,grip
277480,603,n1,grip
277482,656,n1,grip
277484,782,n1,grip
277486,805,n1,grip
277488,784,n1,grip
277490,797,n1,grip
277492,881,n1,grip
277494,912,n1,grip
277496,894,n1,grip
277498,875,n1,grip
277500,870,n1,grip
277502,877,n1,grip
277504,909,n1,grip
277506,913,n1,grip
277508,915,n1,grip
277510,912,n1,grip
277512,880,n1,grip
277514,858,n1,grip
277516,850,n1,grip
277518,850,n1,grip
277520,820,n1,grip
277522,805,n1,grip
277524,791,n1,grip
277526,755,n1,grip
277528,721,n1,grip
277530,704,n1,grip
291554,983,n1,grip
291556,947,n1,grip
291558,951,n1,grip
291560,1000,n1,grip
291562,1040,n1,grip
291564,1038,n1,grip
291566,1110,n1,grip
291568,1105,n1,grip
291570,1063,n1,grip
291572,1043,n1,grip
291574,1062,n1,grip
291576,1081,n1,grip
291578,1055,n1,grip
291580,999,n1,grip
291582,994,n1,grip
291584,1073,n1,grip
291586,1108,n1,grip
291588,1075,n1,grip
291590,1103,n1,grip
291592,1087,n1,grip
291594,1065,n1,grip
291596,1047,n1,grip
291598,1125,n1,grip
291600,1134,n1,grip
291602,1168,n1,grip
291604,1183,n1,grip
291606,1136,n1,grip
291608,1098,n1,grip
291610,1061,n1,grip
291612,1035,n1,grip
291614,1022,n1,grip
291616,997,n1,grip
291618,999,n1,grip
291620,976,n1,grip
291622,991,n1,grip
291624,989,n1,grip
291626,955,n1,grip
291628,976,n1,grip
291630,1011,n1,grip
291632,976,n1,grip
291634,945,n1,grip
291636,932,n1,grip
291638,965,n1,grip
291640,943,n1,grip
291642,937,n1,grip
291644,926,n1,grip
291646,924,n1,grip
291648,918,n1,grip
291650,896,n1,grip
291652,884,n1,grip
291654,866,n1,grip
291656,871,n1,grip
291658,853,n1,grip
291660,814,n1,grip
291662,795,n1,grip
291664,880,n1,grip
291666,987,n1,grip
291668,979,n1,grip
291670,1053,n1,grip
291672,1059,n1,grip
291674,1062,n1,grip
291676,1103,n1,grip
291678,1075,n1,grip
291680,1037,n1,grip
291682,1008,n1,grip
291684,1002,n1,grip
291686,1008,n1,grip
291688,998,n1,grip
291690,1056,n1,grip
291692,1040,n1,grip
291694,1002,n1,grip
291696,961,n1,grip
291698,975,n1,grip
291700,959,n1,grip
291702,959,n1,grip
291704,944,n1,grip
291706,913,n1,grip
291708,1054,n1,grip
291710,1090,n1,grip
291712,1136,n1,grip
291714,1119,n1,grip
291716,1104,n1,grip
291718,1091,n1,grip
291720,1121,n1,grip
291722,1190,n1,grip
291724,1209,n1,grip
291726,1277,n1,grip
291728,1342,n1,grip
291730,1333,n1,grip
291732,1429,n1,grip
291734,1373,n1,grip
291736,1310,n1,grip
291738,1281,n1,grip
291740,1325,n1,grip
291742,1319,n1,grip
291744,1277,n1,grip
291746,1238,n1,grip
291748,1246,n1,grip
291750,1296,n1,grip
291752,1300,n1,grip
291754,1269,n1,grip
291756,1226,n1,grip
291758,1186,n1,grip
291760,1197,n1,grip
291762,1242,n1,grip
291764,1250,n1,grip
291766,1200,n1,grip
291768,1213,n1,grip
291770,1182,n1,grip
291772,1142,n1,grip
291774,1155,n1,grip
291776,1152,n1,grip
291778,1165,n1,grip
291780,1148,n1,grip
291782,1131,n1,grip
291784,1104,n1,grip
291786,1123,n1,grip
291788,1141,n1,grip
291790,1163,n1,grip
291792,1237,n1,grip
291794,1241,n1,grip
291796,1211,n1,grip
291798,1206,n1,grip
291800,1189,n1,grip
291802,1166,n1,grip
291804,1125,n1,grip
291806,1133,n1,grip
291808,1121,n1,grip
291810,1101,n1,grip
291812,1101,n1,grip
291814,1072,n1,grip
291816,1041,n1,grip
291818,996,n1,grip
291820,1009,n1,grip
291822,1014,n1,grip
291824,1093,n1,grip
291826,1104,n1,grip
291828,1163,n1,grip
291830,1237,n1,grip
291832,1346,n1,grip
291834,1316,n1,grip
291836,1350,n1,grip
291838,1354,n1,grip
291840,1366,n1,grip
291842,1343,n1,grip
291844,1422,n1,grip
291846,1583,n1,grip
291848,1597,n1,grip
291850,1722,n1,grip
291852,1808,n1,grip
291854,1802,n1,grip
291856,1740,n1,grip
291858,1751,n1,grip
291860,1761,n1,grip
291862,1693,n1,grip
291864,1701,n1,grip
291866,1789,n1,grip
291868,1850,n1,grip
291870,1787,n1,grip
291872,1749,n1,grip
291874,1865,n1,grip
291876,2013,n1,grip
291878,2271,n1,grip
291880,2224,n1,grip
291882,2288,n1,grip
291884,2427,n1,grip
291886,2487,n1,grip
291888,2407,n1,grip
291890,2351,n1,grip
291892,2340,n1,grip
291894,2314,n1,grip
291896,2238,n1,grip
291898,2229,n1,grip
291900,2253,n1,grip
291902,2207,n1,grip
291904,2112,n1,grip
291906,2064,n1,grip
291908,2029,n1,grip
291910,2044,n1,grip
291912,1998,n1,grip
291914,1944,n1,grip
291916,1964,n1,grip
291918,1920,n1,grip
291920,1935,n1,grip
291922,1943,n1,grip
291924,1963,n1,grip
291926,1919,n1,grip
291928,1929,n1,grip
291930,1938,n1,grip
291932,1907,n1,grip
291934,1851,n1,grip
291936,1814,n1,grip
291938,1767,n1,grip
291940,1927,n1,grip
291942,1923,n1,grip
291944,2061,n1,grip
291946,2099,n1,grip
291948,2055,n1,grip
291950,2107,n1,grip
291952,2064,n1,grip
291954,1981,n1,grip
291956,1921,n1,grip
291958,1887,n1,grip
291960,1811,n1,grip
291962,1758,n1,grip
291964,1718,n1,grip
291966,1648,n1,grip
291968,1579,n1,grip
291970,1520,n1,grip
291972,1453,n1,grip
291974,1392,n1,grip
291976,1395,n1,grip
291978,1443,n1,grip
291980,1469,n1,grip
291982,1438,n1,grip
291984,1435,n1,grip
291986,1434,n1,grip
291988,1395,n1,grip
291990,1338,n1,grip
291992,1289,n1,grip
291994,1294,n1,grip
291996,1315,n1,grip
291998,1294,n1,grip
292000,1329,n1,grip
292002,1334,n1,grip
292004,1295,n1,grip
292006,1280,n1,grip
292008,1232,n1,grip
292010,1269,n1,grip
292012,1296,n1,grip
292014,1280,n1,grip
292016,1389,n1,grip
292018,1424,n1,grip
292020,1469,n1,grip
292022,1417,n1,grip
292024,1438,n1,grip
292026,1424,n1,grip
292028,1393,n1,grip
292030,1392,n1,grip
292032,1489,n1,grip
292034,1503,n1,grip
292036,1607,n1,grip
292038,1655,n1,grip
292040,1600,n1,grip
292042,1526,n1,grip
292044,1498,n1,grip
292046,1535,n1,grip
292048,1513,n1,grip
292050,1530,n1,grip
292052,1562,n1,grip
292054,1525,n1,grip
292056,1507,n1,grip
292058,1521,n1,grip
292060,1524,n1,grip
292062,1483,n1,grip
292064,1425,n1,grip
292066,1429,n1,grip
292068,1372,n1,grip
292070,1313,n1,grip
292072,1279,n1,grip
292074,1280,n1,grip
292076,1247,n1,grip
292078,1215,n1,grip
292080,1235,n1,grip
292082,1191,n1,grip
292084,1209,n1,grip
292086,1196,n1,grip
292088,1223,n1,grip
292090,1189,n1,grip
292092,1174,n1,grip
292094,1139,n1,grip
292096,1104,n1,grip
292098,1077,n1,grip
292100,1072,n1,grip
292102,1149,n1,grip
292104,1168,n1,grip
292106,1291,n1,grip
292108,1418,n1,grip
292110,1402,n1,grip
292112,1437,n1,grip
292114,1492,n1,grip
292116,1511,n1,grip
292118,1500,n1,grip
292120,1506,n1,grip
292122,1467,n1,grip
292124,1421,n1,grip
292126,1520,n1,grip
292128,1569,n1,grip
292130,1504,n1,grip
292132,1439,n1,grip
292134,1382,n1,grip
292136,1363,n1,grip
292138,1369,n1,grip
292140,1360,n1,grip
292142,1415,n1,grip
292144,1391,n1,grip
292146,1339,n1,grip
292148,1307,n1,grip
292150,1255,n1,grip
292152,1205,n1,grip
292154,1164,n1,grip
292156,1247,n1,grip
292158,1321,n1,grip
292160,1355,n1,grip
292162,1500,n1,grip
292164,1567,n1,grip
292166,1520,n1,grip
292168,1530,n1,grip
292170,1482,n1,grip
292172,1446,n1,grip
292174,1410,n1,grip
292176,1392,n1,grip
292178,1359,n1,grip
292180,1315,n1,grip
292182,1271,n1,grip
292184,1264,n1,grip
292186,1254,n1,grip
292188,1248,n1,grip
292190,1286,n1,grip
292192,1262,n1,grip
292194,1332,n1,grip
292196,1399,n1,grip
292198,1424,n1,grip
292200,1490,n1,grip
292202,1515,n1,grip
292204,1626,n1,grip
292206,1567,n1,grip
292208,1571,n1,grip
292210,1616,n1,grip
292212,1641,n1,grip
292214,1581,n1,grip
292216,1582,n1,grip
292218,1585,n1,grip
292220,1626,n1,grip
292222,1681,n1,grip
292224,1750,n1,grip
292226,1695,n1,grip
292228,1715,n1,grip
292230,1823,n1,grip
292232,1795,n1,grip
292234,1751,n1,grip
292236,1693,n1,grip
292238,1650,n1,grip
292240,1616,n1,grip
292242,1581,n1,grip
292244,1535,n1,grip
292246,1488,n1,grip
292248,1424,n1,grip
292250,1386,n1,grip
292252,1363,n1,grip
292254,1356,n1,grip
292256,1371,n1,grip
292258,1354,n1,grip
292260,1371,n1,grip
292262,1370,n1,grip
292264,1317,n1,grip
292266,1273,n1,grip
292268,1339,n1,grip
292270,1535,n1,grip
292272,1713,n1,grip
292274,1688,n1,grip
292276,1766,n1,grip
292278,1814,n1,grip
292280,1765,n1,grip
292282,1694,n1,grip
292284,1680,n1,grip
292286,1715,n1,grip
292288,1681,n1,grip
292290,1703,n1,grip
292292,1667,n1,grip
292294,1615,n1,grip
292296,1655,n1,grip
292298,1635,n1,grip
292300,1619,n1,grip
292302,1584,n1,grip
292304,1600,n1,grip
292306,1645,n1,grip
292308,1616,n1,grip
292310,1573,n1,grip
292312,1523,n1,grip
292314,1465,n1,grip
292316,1407,n1,grip
292318,1397,n1,grip
292320,1373,n1,grip
292322,1397,n1,grip
292324,1533,n1,grip
292326,1556,n1,grip
292328,1559,n1,grip
292330,1574,n1,grip
292332,1582,n1,grip
292334,1585,n1,grip
292336,1611,n1,grip
292338,1599,n1,grip
292340,1577,n1,grip
292342,1699,n1,grip
292344,1719,n1,grip
292346,1670,n1,grip
292348,1613,n1,grip
292350,1535,n1,grip
292352,1488,n1,grip
292354,1461,n1,grip
292356,1457,n1,grip
292358,1429,n1,grip
292360,1394,n1,grip
292362,1360,n1,grip
292364,1383,n1,grip
292366,1371,n1,grip
292368,1329,n1,grip
292370,1294,n1,grip
292372,1287,n1,grip
292374,1251,n1,grip
292376,1228,n1,grip
292378,1264,n1,grip
292380,1237,n1,grip
292382,1232,n1,grip
292384,1292,n1,grip
292386,1360,n1,grip
292388,1456,n1,grip
292390,1679,n1,grip
292392,1761,n1,grip
292394,1767,n1,grip
292396,1808,n1,grip
292398,1781,n1,grip
292400,1739,n1,grip
292402,1681,n1,grip
292404,1627,n1,grip
292406,1574,n1,grip
292408,1502,n1,grip
292410,1523,n1,grip
292412,1584,n1,grip
292414,1602,n1,grip
292416,1596,n1,grip
292418,1712,n1,grip
292420,1776,n1,grip
292422,1717,n1,grip
292424,1665,n1,grip
292426,1600,n1,grip
292428,1558,n1,grip
292430,1564,n1,grip
292432,1535,n1,grip
292434,1535,n1,grip
292436,1596,n1,grip
292438,1591,n1,grip
292440,1600,n1,grip
292442,1727,n1,grip
292444,1838,n1,grip
292446,1798,n1,grip
292448,1888,n1,grip
292450,1847,n1,grip
292452,1822,n1,grip
292454,1787,n1,grip
292456,1883,n1,grip
292458,1939,n1,grip
292460,1974,n1,grip
292462,2054,n1,grip
292464,2085,n1,grip
292466,2081,n1,grip
292468,2095,n1,grip
292470,2035,n1,grip
292472,2089,n1,grip
292474,2071,n1,grip
292476,2017,n1,grip
292478,2065,n1,grip
292480,2134,n1,grip
292482,2085,n1,grip
292484,2035,n1,grip
292486,2145,n1,grip
292488,2400,n1,grip
292490,2393,n1,grip
292492,2518,n1,grip
292494,2557,n1,grip
292496,2496,n1,grip
292498,2427,n1,grip
292500,2347,n1,grip
292502,2279,n1,grip
292504,2226,n1,grip
292506,2162,n1,grip
292508,2118,n1,grip
292510,2083,n1,grip
292512,2064,n1,grip
292514,2066,n1,grip
292516,1992,n1,grip
292518,1983,n1,grip
292520,1974,n1,grip
292522,2034,n1,grip
292524,2018,n1,grip
292526,2006,n1,grip
292528,2082,n1,grip
292530,2177,n1,grip
292532,2160,n1,grip
292534,2223,n1,grip
292536,2207,n1,grip
292538,2145,n1,grip
292540,2077,n1,grip
292542,2046,n1,grip
292544,2029,n1,grip
292546,2000,n1,grip
292548,1983,n1,grip
292550,1984,n1,grip
292552,2031,n1,grip
292554,1973,n1,grip
292556,1919,n1,grip
292558,1867,n1,grip
292560,1829,n1,grip
292562,1779,n1,grip
292564,1776,n1,grip
292566,1767,n1,grip
292568,1735,n1,grip
292570,1724,n1,grip
292572,1740,n1,grip
292574,1677,n1,grip
292576,1616,n1,grip
292578,1564,n1,grip
292580,1535,n1,grip
292582,1503,n1,grip
292584,1555,n1,grip
292586,1535,n1,grip
292588,1625,n1,grip
292590,1666,n1,grip
292592,1697,n1,grip
292594,1723,n1,grip
292596,1657,n1,grip
292598,1584,n1,grip
292600,1635,n1,grip
292602,1675,n1,grip
292604,1705,n1,grip
292606,1847,n1,grip
292608,1840,n1,grip
292610,1857,n1,grip
292612,1806,n1,grip
292614,1729,n1,grip
292616,1675,n1,grip
292618,1671,n1,grip
292620,1678,n1,grip
292622,1621,n1,grip
292624,1571,n1,grip
292626,1638,n1,grip
292628,1655,n1,grip
292630,1637,n1,grip
292632,1583,n1,grip
292634,1567,n1,grip
292636,1662,n1,grip
292638,1659,n1,grip
292640,1617,n1,grip
292642,1558,n1,grip
292644,1568,n1,grip
292646,1517,n1,grip
292648,1455,n1,grip
292650,1410,n1,grip
292652,1410,n1,grip
292654,1424,n1,grip
292656,1393,n1,grip
292658,1442,n1,grip
292660,1490,n1,grip
292662,1503,n1,grip
292664,1600,n1,grip
292666,1535,n1,grip
292668,1613,n1,grip
292670,1733,n1,grip
292672,1771,n1,grip
292674,1904,n1,grip
292676,1854,n1,grip
292678,1873,n1,grip
292680,1899,n1,grip
292682,1855,n1,grip
292684,1808,n1,grip
292686,1793,n1,grip
292688,1741,n1,grip
292690,1776,n1,grip
292692,1797,n1,grip
292694,1731,n1,grip
292696,1697,n1,grip
292698,1650,n1,grip
292700,1631,n1,grip
292702,1631,n1,grip
292704,1571,n1,grip
292706,1564,n1,grip
292708,1567,n1,grip
292710,1535,n1,grip
292712,1506,n1,grip
292714,1465,n1,grip
292716,1559,n1,grip
292718,1535,n1,grip
292720,1574,n1,grip
292722,1534,n1,grip
292724,1471,n1,grip
292726,1433,n1,grip
292728,1423,n1,grip
292730,1375,n1,grip
292732,1375,n1,grip
292734,1371,n1,grip
292736,1393,n1,grip
292738,1360,n1,grip
292740,1432,n1,grip
292742,1583,n1,grip
292744,1571,n1,grip
292746,1591,n1,grip
292748,1681,n1,grip
292750,1669,n1,grip
292752,1649,n1,grip
292754,1615,n1,grip
292756,1611,n1,grip
292758,1583,n1,grip
292760,1535,n1,grip
292762,1633,n1,grip
292764,1727,n1,grip
292766,1678,n1,grip
292768,1648,n1,grip
292770,1619,n1,grip
292772,1637,n1,grip
292774,1606,n1,grip
292776,1567,n1,grip
292778,1515,n1,grip
292780,1472,n1,grip
292782,1439,n1,grip
292784,1397,n1,grip
292786,1344,n1,grip
292788,1310,n1,grip
292790,1309,n1,grip
292792,1303,n1,grip
292794,1293,n1,grip
292796,1247,n1,grip
292798,1232,n1,grip
292800,1285,n1,grip
292802,1322,n1,grip
292804,1393,n1,grip
292806,1473,n1,grip
292808,1617,n1,grip
292810,1613,n1,grip
292812,1555,n1,grip
292814,1501,n1,grip
292816,1472,n1,grip
292818,1450,n1,grip
292820,1427,n1,grip
292822,1521,n1,grip
292824,1651,n1,grip
292826,1675,n1,grip
292828,1741,n1,grip
292830,1920,n1,grip
292832,1994,n1,grip
292834,1930,n1,grip
292836,1853,n1,grip
292838,1800,n1,grip
292840,1763,n1,grip
292842,1769,n1,grip
292844,1707,n1,grip
292846,1793,n1,grip
292848,1833,n1,grip
292850,1771,n1,grip
292852,1705,n1,grip
292854,1669,n1,grip
292856,1678,n1,grip
292858,1699,n1,grip
292860,1765,n1,grip
292862,1808,n1,grip
292864,1773,n1,grip
292866,1715,n1,grip
292868,1657,n1,grip
292870,1670,n1,grip
292872,1726,n1,grip
292874,1653,n1,grip
292876,1645,n1,grip
292878,1601,n1,grip
292880,1604,n1,grip
292882,1617,n1,grip
292884,1606,n1,grip
292886,1565,n1,grip
292888,1526,n1,grip
292890,1535,n1,grip
292892,1499,n1,grip
292894,1495,n1,grip
292896,1462,n1,grip
292898,1451,n1,grip
292900,1419,n1,grip
292902,1407,n1,grip
292904,1410,n1,grip
292906,1376,n1,grip
292908,1385,n1,grip
292910,1410,n1,grip
292912,1407,n1,grip
292914,1357,n1,grip
292916,1296,n1,grip
292918,1244,n1,grip
292920,1193,n1,grip
292922,1149,n1,grip
292924,1189,n1,grip
292926,1165,n1,grip
292928,1216,n1,grip
292930,1200,n1,grip
292932,1200,n1,grip
292934,1267,n1,grip
292936,1247,n1,grip
292938,1233,n1,grip
292940,1248,n1,grip
292942,1255,n1,grip
292944,1246,n1,grip
292946,1194,n1,grip
292948,1151,n1,grip
292950,1138,n1,grip
292952,1161,n1,grip
292954,1125,n1,grip
292956,1075,n1,grip
292958,1072,n1,grip
292960,1072,n1,grip
292962,1069,n1,grip
292964,1018,n1,grip
292966,1021,n1,grip
292968,1047,n1,grip
292970,1071,n1,grip
292972,1157,n1,grip
292974,1223,n1,grip
292976,1172,n1,grip
292978,1163,n1,grip
292980,1142,n1,grip
292982,1167,n1,grip
292984,1161,n1,grip
292986,1122,n1,grip
292988,1143,n1,grip
292990,1136,n1,grip
292992,1086,n1,grip
292994,1072,n1,grip
292996,1067,n1,grip
292998,1061,n1,grip
293000,1072,n1,grip
293002,1079,n1,grip
293004,1089,n1,grip
293006,1054,n1,grip
293008,998,n1,grip
293010,1054,n1,grip
293012,1081,n1,grip
293014,1101,n1,grip
293016,1193,n1,grip
293018,1163,n1,grip
293020,1255,n1,grip
293022,1275,n1,grip
293024,1223,n1,grip
293026,1188,n1,grip
293028,1200,n1,grip
293030,1184,n1,grip
293032,1138,n1,grip
293034,1154,n1,grip
293036,1130,n1,grip
293038,1094,n1,grip
293040,1040,n1,grip
293042,1002,n1,grip
293044,959,n1,grip
293046,958,n1,grip
293048,944,n1,grip
293050,931,n1,grip
293052,921,n1,grip
293054,891,n1,grip
293056,881,n1,grip
293058,892,n1,grip
293060,873,n1,grip
293062,861,n1,grip
293064,846,n1,grip
293066,835,n1,grip
293068,816,n1,grip
293070,781,n1,grip
293072,767,n1,grip
293074,749,n1,grip
293076,730,n1,grip
293078,700,n1,grip
293080,749,n1,grip
293082,880,n1,grip
293084,881,n1,grip
293086,1007,n1,grip
293088,1022,n1,grip
293090,976,n1,grip
293092,999,n1,grip
293094,1013,n1,grip
293096,977,n1,grip
293098,969,n1,grip
293100,931,n1,grip
293102,959,n1,grip
293104,948,n1,grip
293106,991,n1,grip
293108,977,n1,grip
293110,1040,n1,grip
293112,1054,n1,grip
293114,1074,n1,grip
293116,1072,n1,grip
293118,1035,n1,grip
293120,1005,n1,grip
293122,1009,n1,grip
293124,999,n1,grip
293126,1054,n1,grip
293128,1051,n1,grip
293130,1050,n1,grip
293132,1051,n1,grip
293134,1037,n1,grip
293136,988,n1,grip
293138,976,n1,grip
293140,972,n1,grip
293142,927,n1,grip
293144,919,n1,grip
293146,919,n1,grip
293148,882,n1,grip
293150,851,n1,grip
293152,832,n1,grip
293154,831,n1,grip
293156,845,n1,grip
293158,880,n1,grip
293160,897,n1,grip
293162,896,n1,grip
293164,855,n1,grip
293166,866,n1,grip
293168,982,n1,grip
293170,1065,n1,grip
293172,1056,n1,grip
293174,1114,n1,grip
293176,1129,n1,grip
293178,1107,n1,grip
293180,1072,n1,grip
293182,1035,n1,grip
293184,991,n1,grip
293186,976,n1,grip
293188,1054,n1,grip
293190,1047,n1,grip
293192,1147,n1,grip
293194,1200,n1,grip
293196,1170,n1,grip
293198,1159,n1,grip
293200,1201,n1,grip
293202,1273,n1,grip
293204,1246,n1,grip
293206,1203,n1,grip
293208,1157,n1,grip
293210,1149,n1,grip
293212,1109,n1,grip
293214,1103,n1,grip
293216,1104,n1,grip
293218,1075,n1,grip
293220,1040,n1,grip
293222,1015,n1,grip
293224,997,n1,grip
293226,990,n1,grip
293228,1005,n1,grip
293230,1002,n1,grip
293232,959,n1,grip
293234,927,n1,grip
293236,922,n1,grip
293238,892,n1,grip
293240,871,n1,grip
293242,841,n1,grip
293244,839,n1,grip
293246,878,n1,grip
293248,871,n1,grip
293250,865,n1,grip
293252,848,n1,grip
293254,848,n1,grip
293256,895,n1,grip
293258,907,n1,grip
293260,962,n1,grip
293262,971,n1,grip
293264,963,n1,grip
293266,936,n1,grip
293268,910,n1,grip
293270,881,n1,grip
293272,944,n1,grip
293274,1103,n1,grip
293276,1213,n1,grip
293278,1232,n1,grip
293280,1489,n1,grip
293282,1749,n1,grip
293284,1778,n1,grip
293286,1803,n1,grip
293288,1780,n1,grip
293290,1854,n1,grip
293292,1893,n1,grip
293294,1843,n1,grip
293296,1775,n1,grip
293298,1793,n1,grip
293300,1857,n1,grip
293302,1822,n1,grip
293304,1838,n1,grip
293306,1810,n1,grip
293308,1795,n1,grip
293310,1798,n1,grip
293312,1802,n1,grip
293314,1725,n1,grip
293316,1650,n1,grip
293318,1600,n1,grip
293320,1565,n1,grip
293322,1503,n1,grip
293324,1490,n1,grip
293326,1506,n1,grip
293328,1575,n1,grip
293330,1535,n1,grip
293332,1575,n1,grip
293334,1727,n1,grip
293336,1735,n1,grip
293338,1683,n1,grip
293340,1648,n1,grip
293342,1628,n1,grip
293344,1584,n1,grip
293346,1638,n1,grip
293348,1726,n1,grip
293350,1677,n1,grip
293352,1706,n1,grip
293354,1787,n1,grip
293356,1773,n1,grip
293358,1903,n1,grip
293360,2000,n1,grip
293362,1999,n1,grip
293364,2015,n1,grip
293366,1943,n1,grip
293368,1889,n1,grip
293370,1810,n1,grip
293372,1787,n1,grip
293374,1765,n1,grip
293376,1730,n1,grip
293378,1744,n1,grip
293380,1762,n1,grip
293382,1760,n1,grip
293384,1799,n1,grip
293386,1796,n1,grip
293388,1790,n1,grip
293390,1739,n1,grip
293392,1758,n1,grip
293394,1716,n1,grip
293396,1774,n1,grip
293398,1811,n1,grip
293400,1767,n1,grip
293402,1791,n1,grip
293404,1744,n1,grip
293406,1681,n1,grip
293408,1649,n1,grip
293410,1587,n1,grip
293412,1535,n1,grip
293414,1513,n1,grip
293416,1523,n1,grip
293418,1535,n1,grip
293420,1498,n1,grip
293422,1471,n1,grip
293424,1462,n1,grip
293426,1417,n1,grip
293428,1380,n1,grip
293430,1413,n1,grip
293432,1423,n1,grip
293434,1390,n1,grip
293436,1366,n1,grip
293438,1326,n1,grip
293440,1281,n1,grip
293442,1232,n1,grip
293444,1294,n1,grip
293446,1459,n1,grip
293448,1457,n1,grip
293450,1598,n1,grip
293452,1777,n1,grip
293454,1723,n1,grip
293456,1671,n1,grip
293458,1613,n1,grip
293460,1570,n1,grip
293462,1589,n1,grip
293464,1535,n1,grip
293466,1519,n1,grip
293468,1475,n1,grip
293470,1562,n1,grip
293472,1587,n1,grip
293474,1633,n1,grip
293476,1647,n1,grip
293478,1612,n1,grip
293480,1535,n1,grip
293482,1519,n1,grip
293484,1497,n1,grip
293486,1554,n1,grip
293488,1535,n1,grip
293490,1520,n1,grip
293492,1469,n1,grip
293494,1428,n1,grip
293496,1391,n1,grip
293498,1394,n1,grip
293500,1429,n1,grip
293502,1468,n1,grip
293504,1444,n1,grip
293506,1427,n1,grip
293508,1406,n1,grip
293510,1368,n1,grip
293512,1351,n1,grip
293514,1374,n1,grip
293516,1456,n1,grip
293518,1453,n1,grip
293520,1486,n1,grip
293522,1461,n1,grip
293524,1410,n1,grip
293526,1349,n1,grip
293528,1299,n1,grip
293530,1267,n1,grip
293532,1264,n1,grip
293534,1396,n1,grip
293536,1424,n1,grip
293538,1419,n1,grip
293540,1520,n1,grip
293542,1709,n1,grip
293544,1717,n1,grip
293546,1686,n1,grip
293548,1655,n1,grip
293550,1615,n1,grip
293552,1566,n1,grip
293554,1499,n1,grip
293556,1456,n1,grip
293558,1483,n1,grip
293560,1521,n1,grip
293562,1562,n1,grip
293564,1606,n1,grip
293566,1869,n1,grip
293568,1867,n1,grip
293570,1899,n1,grip
293572,1900,n1,grip
293574,1859,n1,grip
293576,1816,n1,grip
293578,1798,n1,grip
293580,1787,n1,grip
293582,1839,n1,grip
293584,1790,n1,grip
293586,1824,n1,grip
293588,1836,n1,grip
293590,1766,n1,grip
293592,1693,n1,grip
293594,1621,n1,grip
293596,1582,n1,grip
293598,1553,n1,grip
293600,1502,n1,grip
293602,1496,n1,grip
293604,1447,n1,grip
293606,1403,n1,grip
293608,1424,n1,grip
293610,1450,n1,grip
293612,1401,n1,grip
293614,1362,n1,grip
293616,1410,n1,grip
293618,1514,n1,grip
293620,1485,n1,grip
293622,1471,n1,grip
293624,1442,n1,grip
293626,1408,n1,grip
293628,1397,n1,grip
293630,1423,n1,grip
293632,1463,n1,grip
293634,1606,n1,grip
293636,1570,n1,grip
293638,1621,n1,grip
293640,1710,n1,grip
293642,1662,n1,grip
293644,1663,n1,grip
293646,1639,n1,grip
293648,1601,n1,grip
293650,1565,n1,grip
293652,1535,n1,grip
293654,1487,n1,grip
293656,1443,n1,grip
293658,1413,n1,grip
293660,1354,n1,grip
293662,1300,n1,grip
293664,1250,n1,grip
293666,1195,n1,grip
293668,1195,n1,grip
293670,1205,n1,grip
293672,1189,n1,grip
293674,1175,n1,grip
293676,1153,n1,grip
293678,1223,n1,grip
293680,1232,n1,grip
293682,1226,n1,grip
293684,1201,n1,grip
293686,1170,n1,grip
293688,1136,n1,grip
293690,1105,n1,grip
293692,1089,n1,grip
293694,1135,n1,grip
293696,1253,n1,grip
293698,1309,n1,grip
293700,1273,n1,grip
293702,1251,n1,grip
293704,1249,n1,grip
293706,1360,n1,grip
293708,1450,n1,grip
293710,1440,n1,grip
293712,1471,n1,grip
293714,1472,n1,grip
293716,1555,n1,grip
293718,1575,n1,grip
293720,1591,n1,grip
293722,1667,n1,grip
293724,1618,n1,grip
293726,1566,n1,grip
293728,1616,n1,grip
293730,1584,n1,grip
293732,1515,n1,grip
293734,1471,n1,grip
293736,1467,n1,grip
293738,1451,n1,grip
293740,1410,n1,grip
293742,1388,n1,grip
293744,1332,n1,grip
293746,1275,n1,grip
293748,1309,n1,grip
293750,1275,n1,grip
293752,1289,n1,grip
293754,1306,n1,grip
293756,1259,n1,grip
293758,1233,n1,grip
293760,1264,n1,grip
293762,1352,n1,grip
293764,1337,n1,grip
293766,1323,n1,grip
293768,1329,n1,grip
293770,1377,n1,grip
293772,1382,n1,grip
293774,1374,n1,grip
293776,1358,n1,grip
293778,1333,n1,grip
293780,1360,n1,grip
293782,1402,n1,grip
293784,1482,n1,grip
293786,1474,n1,grip
293788,1557,n1,grip
293790,1613,n1,grip
293792,1560,n1,grip
293794,1526,n1,grip
293796,1493,n1,grip
293798,1472,n1,grip
293800,1428,n1,grip
293802,1408,n1,grip
293804,1450,n1,grip
293806,1409,n1,grip
293808,1395,n1,grip
293810,1462,n1,grip
293812,1469,n1,grip
293814,1501,n1,grip
293816,1472,n1,grip
293818,1421,n1,grip
293820,1391,n1,grip
293822,1359,n1,grip
293824,1302,n1,grip
293826,1269,n1,grip
293828,1264,n1,grip
293830,1248,n1,grip
293832,1221,n1,grip
293834,1232,n1,grip
293836,1287,n1,grip
293838,1342,n1,grip
293840,1451,n1,grip
293842,1435,n1,grip
293844,1450,n1,grip
293846,1433,n1,grip
293848,1424,n1,grip
293850,1457,n1,grip
293852,1491,n1,grip
293854,1481,n1,grip
293856,1455,n1,grip
293858,1435,n1,grip
293860,1379,n1,grip
293862,1403,n1,grip
293864,1398,n1,grip
293866,1351,n1,grip
293868,1296,n1,grip
293870,1279,n1,grip
293872,1231,n1,grip
293874,1174,n1,grip
293876,1136,n1,grip
293878,1200,n1,grip
293880,1263,n1,grip
293882,1235,n1,grip
293884,1300,n1,grip
293886,1309,n1,grip
293888,1476,n1,grip
293890,1487,n1,grip
293892,1617,n1,grip
293894,1650,n1,grip
293896,1679,n1,grip
293898,1622,n1,grip
293900,1674,n1,grip
293902,1698,n1,grip
293904,1659,n1,grip
293906,1636,n1,grip
293908,1601,n1,grip
293910,1575,n1,grip
293912,1648,n1,grip
293914,1668,n1,grip
293916,1650,n1,grip
293918,1600,n1,grip
293920,1522,n1,grip
293922,1485,n1,grip
293924,1472,n1,grip
293926,1485,n1,grip
293928,1501,n1,grip
293930,1511,n1,grip
293932,1521,n1,grip
293934,1477,n1,grip
293936,1458,n1,grip
293938,1469,n1,grip
293940,1426,n1,grip
293942,1410,n1,grip
293944,1431,n1,grip
293946,1485,n1,grip
293948,1494,n1,grip
293950,1520,n1,grip
293952,1499,n1,grip
293954,1516,n1,grip
293956,1489,n1,grip
293958,1441,n1,grip
293960,1422,n1,grip
293962,1403,n1,grip
293964,1345,n1,grip
293966,1317,n1,grip
293968,1327,n1,grip
293970,1282,n1,grip
293972,1297,n1,grip
293974,1281,n1,grip
293976,1328,n1,grip
293978,1296,n1,grip
293980,1269,n1,grip
293982,1344,n1,grip
293984,1330,n1,grip
293986,1298,n1,grip
293988,1265,n1,grip
293990,1290,n1,grip
293992,1267,n1,grip
293994,1239,n1,grip
293996,1221,n1,grip
293998,1207,n1,grip
294000,1168,n1,grip
294002,1146,n1,grip
294004,1269,n1,grip
294006,1392,n1,grip
294008,1386,n1,grip
294010,1469,n1,grip
294012,1519,n1,grip
294014,1489,n1,grip
294016,1486,n1,grip
294018,1438,n1,grip
294020,1491,n1,grip
294022,1604,n1,grip
294024,1582,n1,grip
294026,1603,n1,grip
294028,1707,n1,grip
294030,1735,n1,grip
294032,1681,n1,grip
294034,1682,n1,grip
294036,1767,n1,grip
294038,1879,n1,grip
294040,1871,n1,grip
294042,1882,n1,grip
294044,1892,n1,grip
294046,1840,n1,grip
294048,1755,n1,grip
294050,1690,n1,grip
294052,1634,n1,grip
294054,1584,n1,grip
294056,1511,n1,grip
294058,1456,n1,grip
294060,1414,n1,grip
294062,1365,n1,grip
294064,1322,n1,grip
294066,1350,n1,grip
294068,1380,n1,grip
294070,1434,n1,grip
294072,1523,n1,grip
294074,1517,n1,grip
294076,1500,n1,grip
294078,1441,n1,grip
294080,1390,n1,grip
294082,1361,n1,grip
294084,1520,n1,grip
294086,1568,n1,grip
294088,1767,n1,grip
294090,1844,n1,grip
294092,1818,n1,grip
294094,1773,n1,grip
294096,1767,n1,grip
294098,1719,n1,grip
294100,1790,n1,grip
294102,1769,n1,grip
294104,1773,n1,grip
294106,1787,n1,grip
294108,1749,n1,grip
294110,1673,n1,grip
294112,1611,n1,grip
294114,1648,n1,grip
294116,1645,n1,grip
294118,1653,n1,grip
294120,1694,n1,grip
294122,1661,n1,grip
294124,1630,n1,grip
294126,1617,n1,grip
294128,1584,n1,grip
294130,1518,n1,grip
294132,1447,n1,grip
294134,1428,n1,grip
294136,1409,n1,grip
294138,1363,n1,grip
294140,1390,n1,grip
294142,1433,n1,grip
294144,1446,n1,grip
294146,1407,n1,grip
294148,1392,n1,grip
294150,1393,n1,grip
294152,1383,n1,grip
294154,1358,n1,grip
294156,1319,n1,grip
294158,1278,n1,grip
294160,1251,n1,grip
294162,1287,n1,grip
294164,1299,n1,grip
294166,1311,n1,grip
294168,1271,n1,grip
294170,1232,n1,grip
294172,1202,n1,grip
294174,1245,n1,grip
294176,1295,n1,grip
294178,1430,n1,grip
294180,1597,n1,grip
294182,1597,n1,grip
294184,1569,n1,grip
294186,1523,n1,grip
294188,1466,n1,grip
294190,1410,n1,grip
294192,1498,n1,grip
294194,1615,n1,grip
294196,1569,n1,grip
294198,1498,n1,grip
294200,1502,n1,grip
294202,1535,n1,grip
294204,1488,n1,grip
294206,1505,n1,grip
294208,1555,n1,grip
294210,1520,n1,grip
294212,1449,n1,grip
294214,1409,n1,grip
294216,1395,n1,grip
294218,1357,n1,grip
294220,1312,n1,grip
294222,1331,n1,grip
294224,1295,n1,grip
294226,1283,n1,grip
294228,1250,n1,grip
294230,1209,n1,grip
294232,1227,n1,grip
294234,1219,n1,grip
294236,1363,n1,grip
294238,1470,n1,grip
294240,1440,n1,grip
294242,1430,n1,grip
294244,1409,n1,grip
294246,1443,n1,grip
294248,1498,n1,grip
294250,1485,n1,grip
294252,1483,n1,grip
294254,1472,n1,grip
294256,1435,n1,grip
294258,1517,n1,grip
294260,1595,n1,grip
294262,1533,n1,grip
294264,1490,n1,grip
294266,1488,n1,grip
294268,1466,n1,grip
294270,1525,n1,grip
294272,1499,n1,grip
294274,1573,n1,grip
294276,1658,n1,grip
294278,1631,n1,grip
294280,1702,n1,grip
294282,1802,n1,grip
294284,1782,n1,grip
294286,1840,n1,grip
294288,1861,n1,grip
294290,1901,n1,grip
294292,1840,n1,grip
294294,1845,n1,grip
294296,1786,n1,grip
294298,1751,n1,grip
294300,1702,n1,grip
294302,1683,n1,grip
294304,1695,n1,grip
294306,1700,n1,grip
294308,1657,n1,grip
294310,1589,n1,grip
294312,1597,n1,grip
294314,1636,n1,grip
294316,1590,n1,grip
294318,1563,n1,grip
294320,1535,n1,grip
294322,1471,n1,grip
294324,1445,n1,grip
294326,1418,n1,grip
294328,1385,n1,grip
294330,1371,n1,grip
294332,1402,n1,grip
294334,1391,n1,grip
294336,1360,n1,grip
294338,1335,n1,grip
294340,1283,n1,grip
294342,1311,n1,grip
294344,1360,n1,grip
294346,1347,n1,grip
294348,1409,n1,grip
294350,1472,n1,grip
294352,1535,n1,grip
294354,1617,n1,grip
294356,1680,n1,grip
294358,1671,n1,grip
294360,1695,n1,grip
294362,1660,n1,grip
294364,1635,n1,grip
294366,1582,n1,grip
294368,1535,n1,grip
294370,1497,n1,grip
294372,1442,n1,grip
294374,1397,n1,grip
294376,1360,n1,grip
294378,1393,n1,grip
294380,1441,n1,grip
294382,1475,n1,grip
294384,1476,n1,grip
294386,1529,n1,grip
294388,1477,n1,grip
294390,1456,n1,grip
294392,1409,n1,grip
294394,1425,n1,grip
294396,1456,n1,grip
294398,1453,n1,grip
294400,1610,n1,grip
294402,1655,n1,grip
294404,1623,n1,grip
294406,1602,n1,grip
294408,1645,n1,grip
294410,1648,n1,grip
294412,1610,n1,grip
294414,1573,n1,grip
294416,1494,n1,grip
294418,1438,n1,grip
294420,1392,n1,grip
294422,1415,n1,grip
294424,1397,n1,grip
294426,1419,n1,grip
294428,1527,n1,grip
294430,1617,n1,grip
294432,1616,n1,grip
294434,1802,n1,grip
294436,1921,n1,grip
294438,1859,n1,grip
294440,1802,n1,grip
294442,1743,n1,grip
294444,1695,n1,grip
294446,1729,n1,grip
294448,1704,n1,grip
294450,1658,n1,grip
294452,1595,n1,grip
294454,1535,n1,grip
294456,1530,n1,grip
294458,1531,n1,grip
294460,1484,n1,grip
294462,1434,n1,grip
294464,1375,n1,grip
294466,1314,n1,grip
294468,1304,n1,grip
294470,1535,n1,grip
294472,1572,n1,grip
294474,1680,n1,grip
294476,1691,n1,grip
294478,1642,n1,grip
294480,1575,n1,grip
294482,1507,n1,grip
294484,1465,n1,grip
294486,1446,n1,grip
294488,1508,n1,grip
294490,1535,n1,grip
294492,1535,n1,grip
294494,1581,n1,grip
294496,1605,n1,grip
294498,1573,n1,grip
294500,1555,n1,grip
294502,1520,n1,grip
294504,1493,n1,grip
294506,1463,n1,grip
294508,1467,n1,grip
294510,1424,n1,grip
294512,1360,n1,grip
294514,1303,n1,grip
294516,1266,n1,grip
294518,1341,n1,grip
294520,1339,n1,grip
294522,1310,n1,grip
294524,1328,n1,grip
294526,1327,n1,grip
294528,1296,n1,grip
294530,1315,n1,grip
294532,1309,n1,grip
294534,1443,n1,grip
294536,1477,n1,grip
294538,1437,n1,grip
294540,1397,n1,grip
294542,1387,n1,grip
294544,1399,n1,grip
294546,1351,n1,grip
294548,1370,n1,grip
294550,1418,n1,grip
294552,1403,n1,grip
294554,1444,n1,grip
308568,1015,n1,grip
308570,989,n1,grip
308572,945,n1,grip
308574,903,n1,grip
308576,890,n1,grip
308578,902,n1,grip
308580,882,n1,grip
308582,875,n1,grip
308584,867,n1,grip
308586,853,n1,grip
308588,859,n1,grip
308590,881,n1,grip
308592,878,n1,grip
308594,957,n1,grip
308596,973,n1,grip
308598,954,n1,grip
308600,966,n1,grip
308602,995,n1,grip
308604,1006,n1,grip
308606,1089,n1,grip
308608,1117,n1,grip
308610,1098,n1,grip
308612,1117,n1,grip
308614,1137,n1,grip
308616,1121,n1,grip
308618,1117,n1,grip
308620,1136,n1,grip
308622,1127,n1,grip
308624,1173,n1,grip
308626,1274,n1,grip
308628,1396,n1,grip
308630,1404,n1,grip
308632,1382,n1,grip
308634,1434,n1,grip
308636,1510,n1,grip
308638,1581,n1,grip
308640,1571,n1,grip
308642,1655,n1,grip
308644,1638,n1,grip
308646,1626,n1,grip
308648,1606,n1,grip
308650,1535,n1,grip
308652,1531,n1,grip
308654,1511,n1,grip
308656,1482,n1,grip
308658,1526,n1,grip
308660,1632,n1,grip
308662,1661,n1,grip
308664,1677,n1,grip
308666,1707,n1,grip
308668,1728,n1,grip
308670,1697,n1,grip
308672,1655,n1,grip
308674,1604,n1,grip
308676,1533,n1,grip
308678,1475,n1,grip
308680,1443,n1,grip
308682,1383,n1,grip
308684,1327,n1,grip
308686,1392,n1,grip
308688,1407,n1,grip
308690,1424,n1,grip
308692,1519,n1,grip
308694,1493,n1,grip
308696,1468,n1,grip
308698,1456,n1,grip
308700,1429,n1,grip
308702,1404,n1,grip
308704,1366,n1,grip
308706,1346,n1,grip
308708,1293,n1,grip
308710,1253,n1,grip
308712,1218,n1,grip
308714,1171,n1,grip
308716,1178,n1,grip
308718,1246,n1,grip
308720,1200,n1,grip
308722,1145,n1,grip
308724,1125,n1,grip
308726,1088,n1,grip
308728,1054,n1,grip
308730,1008,n1,grip
308732,959,n1,grip
308734,939,n1,grip
308736,931,n1,grip
308738,989,n1,grip
308740,979,n1,grip
308742,990,n1,grip
308744,1040,n1,grip
308746,1074,n1,grip
308748,1035,n1,grip
308750,991,n1,grip
308752,994,n1,grip
308754,986,n1,grip
308756,977,n1,grip
308758,949,n1,grip
308760,939,n1,grip
308762,900,n1,grip
308764,862,n1,grip
308766,837,n1,grip
308768,798,n1,grip
308770,797,n1,grip
308772,838,n1,grip
308774,855,n1,grip
308776,851,n1,grip
308778,961,n1,grip
308780,1005,n1,grip
308782,1015,n1,grip
308784,1119,n1,grip
308786,1134,n1,grip
308788,1089,n1,grip
308790,1074,n1,grip
308792,1088,n1,grip
308794,1083,n1,grip
308796,1146,n1,grip
308798,1141,n1,grip
308800,1209,n1,grip
308802,1179,n1,grip
308804,1168,n1,grip
308806,1159,n1,grip
308808,1119,n1,grip
308810,1130,n1,grip
308812,1101,n1,grip
308814,1082,n1,grip
308816,1056,n1,grip
308818,1005,n1,grip
308820,975,n1,grip
308822,958,n1,grip
308824,920,n1,grip
308826,907,n1,grip
308828,912,n1,grip
308830,978,n1,grip
308832,999,n1,grip
308834,1044,n1,grip
308836,1072,n1,grip
308838,1038,n1,grip
308840,1019,n1,grip
308842,996,n1,grip
308844,961,n1,grip
308846,926,n1,grip
308848,962,n1,grip
308850,1047,n1,grip
308852,1040,n1,grip
308854,1139,n1,grip
308856,1153,n1,grip
308858,1121,n1,grip
308860,1086,n1,grip
308862,1045,n1,grip
308864,996,n1,grip
308866,951,n1,grip
308868,911,n1,grip
308870,901,n1,grip
308872,886,n1,grip
308874,889,n1,grip
308876,902,n1,grip
308878,881,n1,grip
308880,862,n1,grip
308882,859,n1,grip
308884,833,n1,grip
308886,818,n1,grip
308888,797,n1,grip
308890,804,n1,grip
308892,801,n1,grip
308894,831,n1,grip
308896,838,n1,grip
308898,832,n1,grip
308900,825,n1,grip
308902,830,n1,grip
308904,809,n1,grip
308906,807,n1,grip
308908,780,n1,grip
308910,741,n1,grip
308912,759,n1,grip
308914,752,n1,grip
308916,752,n1,grip
308918,765,n1,grip
308920,742,n1,grip
308922,759,n1,grip
308924,750,n1,grip
308926,755,n1,grip
308928,722,n1,grip
308930,809,n1,grip
308932,837,n1,grip
308934,901,n1,grip
308936,944,n1,grip
308938,941,n1,grip
308940,926,n1,grip
308942,886,n1,grip
308944,875,n1,grip
308946,847,n1,grip
308948,833,n1,grip
308950,835,n1,grip
308952,810,n1,grip
308954,779,n1,grip
308956,752,n1,grip
308958,727,n1,grip
308960,699,n1,grip
308962,674,n1,grip
308964,651,n1,grip
308966,643,n1,grip
308968,653,n1,grip
308970,643,n1,grip
308972,634,n1,grip
308974,656,n1,grip
308976,647,n1,grip
308978,626,n1,grip
308980,619,n1,grip
308982,596,n1,grip
308984,589,n1,grip
308986,629,n1,grip
308988,627,n1,grip
308990,653,n1,grip
308992,719,n1,grip
308994,754,n1,grip
308996,731,n1,grip
308998,705,n1,grip
309000,740,n1,grip
309002,802,n1,grip
309004,845,n1,grip
309006,825,n1,grip
309008,848,n1,grip
309010,892,n1,grip
309012,906,n1,grip
309014,915,n1,grip
309016,906,n1,grip
309018,907,n1,grip
309020,983,n1,grip
309022,1009,n1,grip
309024,993,n1,grip
309026,969,n1,grip
309028,964,n1,grip
309030,944,n1,grip
309032,923,n1,grip
309034,902,n1,grip
309036,876,n1,grip
309038,866,n1,grip
309040,848,n1,grip
309042,819,n1,grip
309044,816,n1,grip
309046,853,n1,grip
309048,863,n1,grip
309050,862,n1,grip
309052,849,n1,grip
309054,839,n1,grip
309056,861,n1,grip
309058,855,n1,grip
309060,819,n1,grip
309062,797,n1,grip
309064,813,n1,grip
309066,832,n1,grip
309068,849,n1,grip
309070,852,n1,grip
309072,824,n1,grip
309074,802,n1,grip
309076,775,n1,grip
309078,752,n1,grip
309080,745,n1,grip
309082,723,n1,grip
309084,810,n1,grip
309086,935,n1,grip
309088,930,n1,grip
309090,955,n1,grip
309092,967,n1,grip
309094,965,n1,grip
309096,961,n1,grip
309098,944,n1,grip
309100,955,n1,grip
309102,945,n1,grip
309104,903,n1,grip
309106,899,n1,grip
309108,880,n1,grip
309110,853,n1,grip
309112,830,n1,grip
309114,809,n1,grip
309116,826,n1,grip
309118,827,n1,grip
309120,807,n1,grip
309122,823,n1,grip
309124,853,n1,grip
309126,913,n1,grip
309128,973,n1,grip
309130,978,n1,grip
309132,970,n1,grip
309134,934,n1,grip
309136,976,n1,grip
309138,951,n1,grip
309140,927,n1,grip
309142,884,n1,grip
309144,880,n1,grip
309146,859,n1,grip
309148,842,n1,grip
309150,873,n1,grip
309152,883,n1,grip
309154,858,n1,grip
309156,826,n1,grip
309158,803,n1,grip
309160,801,n1,grip
309162,778,n1,grip
309164,751,n1,grip
309166,749,n1,grip
309168,781,n1,grip
309170,785,n1,grip
309172,784,n1,grip
309174,755,n1,grip
309176,737,n1,grip
309178,719,n1,grip
309180,720,n1,grip
309182,741,n1,grip
309184,759,n1,grip
309186,771,n1,grip
309188,819,n1,grip
309190,843,n1,grip
309192,846,n1,grip
309194,803,n1,grip
309196,771,n1,grip
309198,759,n1,grip
309200,735,n1,grip
309202,704,n1,grip
309204,674,n1,grip
309206,647,n1,grip
309208,622,n1,grip
309210,622,n1,grip
309212,701,n1,grip
309214,762,n1,grip
309216,764,n1,grip
309218,807,n1,grip
309220,784,n1,grip
309222,784,n1,grip
309224,803,n1,grip
309226,822,n1,grip
309228,929,n1,grip
309230,1039,n1,grip
309232,1006,n1,grip
309234,1013,n1,grip
309236,1047,n1,grip
309238,1071,n1,grip
309240,1116,n1,grip
309242,1134,n1,grip
309244,1109,n1,grip
309246,1119,n1,grip
309248,1107,n1,grip
309250,1106,n1,grip
309252,1065,n1,grip
309254,1045,n1,grip
309256,1040,n1,grip
309258,1037,n1,grip
309260,999,n1,grip
309262,1003,n1,grip
309264,981,n1,grip
309266,1104,n1,grip
309268,1146,n1,grip
309270,1194,n1,grip
309272,1327,n1,grip
309274,1344,n1,grip
309276,1407,n1,grip
309278,1403,n1,grip
309280,1424,n1,grip
309282,1382,n1,grip
309284,1423,n1,grip
309286,1423,n1,grip
309288,1413,n1,grip
309290,1417,n1,grip
309292,1375,n1,grip
309294,1326,n1,grip
309296,1282,n1,grip
309298,1231,n1,grip
309300,1238,n1,grip
309302,1262,n1,grip
309304,1267,n1,grip
309306,1283,n1,grip
309308,1259,n1,grip
309310,1250,n1,grip
309312,1200,n1,grip
309314,1200,n1,grip
309316,1232,n1,grip
309318,1335,n1,grip
309320,1386,n1,grip
309322,1360,n1,grip
309324,1517,n1,grip
309326,1598,n1,grip
309328,1578,n1,grip
309330,1535,n1,grip
309332,1502,n1,grip
309334,1531,n1,grip
309336,1509,n1,grip
309338,1484,n1,grip
309340,1488,n1,grip
309342,1450,n1,grip
309344,1397,n1,grip
309346,1369,n1,grip
309348,1421,n1,grip
309350,1425,n1,grip
309352,1468,n1,grip
309354,1520,n1,grip
309356,1481,n1,grip
309358,1431,n1,grip
309360,1375,n1,grip
309362,1311,n1,grip
309364,1297,n1,grip
309366,1320,n1,grip
309368,1275,n1,grip
309370,1335,n1,grip
309372,1413,n1,grip
309374,1379,n1,grip
309376,1328,n1,grip
309378,1279,n1,grip
309380,1362,n1,grip
309382,1455,n1,grip
309384,1417,n1,grip
309386,1451,n1,grip
309388,1605,n1,grip
309390,1650,n1,grip
309392,1616,n1,grip
309394,1594,n1,grip
309396,1616,n1,grip
309398,1611,n1,grip
309400,1597,n1,grip
309402,1535,n1,grip
309404,1584,n1,grip
309406,1598,n1,grip
309408,1535,n1,grip
309410,1508,n1,grip
309412,1455,n1,grip
309414,1424,n1,grip
309416,1402,n1,grip
309418,1350,n1,grip
309420,1325,n1,grip
309422,1274,n1,grip
309424,1235,n1,grip
309426,1202,n1,grip
309428,1162,n1,grip
309430,1168,n1,grip
309432,1200,n1,grip
309434,1168,n1,grip
309436,1214,n1,grip
309438,1234,n1,grip
309440,1205,n1,grip
309442,1165,n1,grip
309444,1131,n1,grip
309446,1134,n1,grip
309448,1108,n1,grip
309450,1089,n1,grip
309452,1109,n1,grip
309454,1115,n1,grip
309456,1155,n1,grip
309458,1214,n1,grip
309460,1197,n1,grip
309462,1166,n1,grip
309464,1197,n1,grip
309466,1155,n1,grip
309468,1114,n1,grip
309470,1072,n1,grip
309472,1057,n1,grip
309474,1079,n1,grip
309476,1072,n1,grip
309478,1136,n1,grip
309480,1111,n1,grip
309482,1090,n1,grip
309484,1072,n1,grip
309486,1047,n1,grip
309488,1044,n1,grip
309490,1013,n1,grip
309492,976,n1,grip
309494,981,n1,grip
309496,1039,n1,grip
309498,1090,n1,grip
309500,1072,n1,grip
309502,1089,n1,grip
309504,1074,n1,grip
309506,1104,n1,grip
309508,1148,n1,grip
309510,1127,n1,grip
309512,1106,n1,grip
309514,1067,n1,grip
309516,1023,n1,grip
309518,1039,n1,grip
309520,1022,n1,grip
309522,997,n1,grip
309524,1079,n1,grip
309526,1111,n1,grip
309528,1127,n1,grip
309530,1151,n1,grip
309532,1171,n1,grip
309534,1206,n1,grip
309536,1211,n1,grip
309538,1296,n1,grip
309540,1363,n1,grip
309542,1367,n1,grip
309544,1392,n1,grip
309546,1411,n1,grip
309548,1409,n1,grip
309550,1367,n1,grip
309552,1309,n1,grip
309554,1257,n1,grip
309556,1211,n1,grip
309558,1242,n1,grip
309560,1297,n1,grip
309562,1306,n1,grip
309564,1390,n1,grip
309566,1343,n1,grip
309568,1301,n1,grip
309570,1296,n1,grip
309572,1248,n1,grip
309574,1216,n1,grip
309576,1177,n1,grip
309578,1151,n1,grip
309580,1106,n1,grip
309582,1068,n1,grip
309584,1104,n1,grip
309586,1095,n1,grip
309588,1088,n1,grip
309590,1152,n1,grip
309592,1184,n1,grip
309594,1198,n1,grip
309596,1157,n1,grip
309598,1163,n1,grip
309600,1215,n1,grip
309602,1249,n1,grip
309604,1246,n1,grip
309606,1210,n1,grip
309608,1198,n1,grip
309610,1137,n1,grip
309612,1094,n1,grip
309614,1069,n1,grip
309616,1022,n1,grip
309618,981,n1,grip
309620,974,n1,grip
309622,1168,n1,grip
309624,1264,n1,grip
309626,1269,n1,grip
309628,1361,n1,grip
309630,1385,n1,grip
309632,1362,n1,grip
309634,1432,n1,grip
309636,1435,n1,grip
309638,1419,n1,grip
309640,1612,n1,grip
309642,1658,n1,grip
309644,1602,n1,grip
309646,1566,n1,grip
309648,1654,n1,grip
309650,1731,n1,grip
309652,1770,n1,grip
309654,1714,n1,grip
309656,1707,n1,grip
309658,1797,n1,grip
309660,1853,n1,grip
309662,1785,n1,grip
309664,1721,n1,grip
309666,1670,n1,grip
309668,1605,n1,grip
309670,1585,n1,grip
309672,1584,n1,grip
309674,1535,n1,grip
309676,1483,n1,grip
309678,1426,n1,grip
309680,1473,n1,grip
309682,1483,n1,grip
309684,1508,n1,grip
309686,1533,n1,grip
309688,1556,n1,grip
309690,1520,n1,grip
309692,1456,n1,grip
309694,1451,n1,grip
309696,1503,n1,grip
309698,1465,n1,grip
309700,1410,n1,grip
309702,1389,n1,grip
309704,1339,n1,grip
309706,1311,n1,grip
309708,1274,n1,grip
309710,1297,n1,grip
309712,1344,n1,grip
309714,1299,n1,grip
309716,1296,n1,grip
309718,1340,n1,grip
309720,1322,n1,grip
309722,1347,n1,grip
309724,1347,n1,grip
309726,1294,n1,grip
309728,1280,n1,grip
309730,1232,n1,grip
309732,1181,n1,grip
309734,1150,n1,grip
309736,1140,n1,grip
309738,1232,n1,grip
309740,1277,n1,grip
309742,1244,n1,grip
309744,1309,n1,grip
309746,1311,n1,grip
309748,1321,n1,grip
309750,1271,n1,grip
309752,1228,n1,grip
309754,1203,n1,grip
309756,1264,n1,grip
309758,1249,n1,grip
309760,1281,n1,grip
309762,1296,n1,grip
309764,1375,n1,grip
309766,1402,n1,grip
309768,1377,n1,grip
309770,1409,n1,grip
309772,1371,n1,grip
309774,1328,n1,grip
309776,1279,n1,grip
309778,1317,n1,grip
309780,1307,n1,grip
309782,1376,n1,grip
309784,1367,n1,grip
309786,1357,n1,grip
309788,1344,n1,grip
309790,1290,n1,grip
309792,1298,n1,grip
309794,1379,n1,grip
309796,1344,n1,grip
309798,1298,n1,grip
309800,1271,n1,grip
309802,1267,n1,grip
309804,1296,n1,grip
309806,1325,n1,grip
309808,1296,n1,grip
309810,1261,n1,grip
309812,1271,n1,grip
309814,1294,n1,grip
309816,1278,n1,grip
309818,1232,n1,grip
309820,1203,n1,grip
309822,1173,n1,grip
309824,1138,n1,grip
309826,1115,n1,grip
309828,1104,n1,grip
309830,1069,n1,grip
309832,1038,n1,grip
309834,1071,n1,grip
309836,1046,n1,grip
309838,1033,n1,grip
309840,1011,n1,grip
309842,976,n1,grip
309844,971,n1,grip
309846,964,n1,grip
309848,1009,n1,grip
309850,986,n1,grip
309852,994,n1,grip
309854,1007,n1,grip
309856,1010,n1,grip
309858,991,n1,grip
309860,1015,n1,grip
309862,1036,n1,grip
309864,1022,n1,grip
309866,1005,n1,grip
309868,1007,n1,grip
309870,973,n1,grip
309872,944,n1,grip
309874,930,n1,grip
309876,944,n1,grip
309878,1018,n1,grip
309880,1018,n1,grip
309882,1104,n1,grip
309884,1155,n1,grip
309886,1155,n1,grip
309888,1114,n1,grip
309890,1150,n1,grip
309892,1142,n1,grip
309894,1102,n1,grip
309896,1071,n1,grip
309898,1039,n1,grip
309900,997,n1,grip
309902,958,n1,grip
309904,1017,n1,grip
309906,1043,n1,grip
309908,1014,n1,grip
309910,1046,n1,grip
309912,1094,n1,grip
309914,1098,n1,grip
309916,1072,n1,grip
309918,1060,n1,grip
309920,1055,n1,grip
309922,1002,n1,grip
309924,962,n1,grip
309926,939,n1,grip
309928,941,n1,grip
309930,917,n1,grip
309932,951,n1,grip
309934,1018,n1,grip
309936,1023,n1,grip
309938,1077,n1,grip
309940,1090,n1,grip
309942,1068,n1,grip
309944,1019,n1,grip
309946,1008,n1,grip
309948,991,n1,grip
309950,959,n1,grip
309952,931,n1,grip
309954,894,n1,grip
309956,859,n1,grip
309958,858,n1,grip
309960,875,n1,grip
309962,879,n1,grip
309964,883,n1,grip
309966,877,n1,grip
309968,839,n1,grip
309970,816,n1,grip
309972,806,n1,grip
309974,788,n1,grip
309976,765,n1,grip
309978,751,n1,grip
309980,761,n1,grip
309982,789,n1,grip
309984,866,n1,grip
309986,942,n1,grip
309988,918,n1,grip
309990,891,n1,grip
309992,864,n1,grip
309994,848,n1,grip
309996,819,n1,grip
309998,908,n1,grip
310000,928,n1,grip
310002,1047,n1,grip
310004,1123,n1,grip
310006,1119,n1,grip
310008,1125,n1,grip
310010,1085,n1,grip
310012,1056,n1,grip
310014,1010,n1,grip
310016,1044,n1,grip
310018,1062,n1,grip
310020,1011,n1,grip
310022,1001,n1,grip
310024,1041,n1,grip
310026,1090,n1,grip
310028,1075,n1,grip
310030,1056,n1,grip
310032,1040,n1,grip
310034,1005,n1,grip
310036,1006,n1,grip
310038,979,n1,grip
310040,945,n1,grip
310042,922,n1,grip
310044,936,n1,grip
310046,921,n1,grip
310048,926,n1,grip
310050,886,n1,grip
310052,861,n1,grip
310054,851,n1,grip
310056,847,n1,grip
310058,816,n1,grip
310060,783,n1,grip
310062,766,n1,grip
310064,746,n1,grip
310066,718,n1,grip
310068,686,n1,grip
310070,656,n1,grip
310072,629,n1,grip
310074,626,n1,grip
310076,654,n1,grip
310078,779,n1,grip
310080,805,n1,grip
310082,900,n1,grip
310084,937,n1,grip
310086,911,n1,grip
310088,945,n1,grip
310090,944,n1,grip
310092,987,n1,grip
310094,1011,n1,grip
310096,1047,n1,grip
310098,1015,n1,grip
310100,993,n1,grip
310102,993,n1,grip
310104,955,n1,grip
310106,923,n1,grip
310108,914,n1,grip
310110,879,n1,grip
310112,875,n1,grip
310114,835,n1,grip
310116,815,n1,grip
310118,785,n1,grip
310120,757,n1,grip
310122,782,n1,grip
310124,802,n1,grip
310126,795,n1,grip
310128,815,n1,grip
310130,912,n1,grip
310132,992,n1,grip
310134,976,n1,grip
310136,1104,n1,grip
310138,1195,n1,grip
310140,1163,n1,grip
310142,1126,n1,grip
310144,1088,n1,grip
310146,1059,n1,grip
310148,1023,n1,grip
310150,1035,n1,grip
310152,998,n1,grip
310154,967,n1,grip
310156,950,n1,grip
310158,944,n1,grip
310160,933,n1,grip
310162,971,n1,grip
310164,989,n1,grip
310166,1022,n1,grip
310168,1013,n1,grip
310170,978,n1,grip
310172,951,n1,grip
310174,942,n1,grip
310176,913,n1,grip
310178,909,n1,grip
310180,944,n1,grip
310182,1001,n1,grip
310184,970,n1,grip
310186,973,n1,grip
310188,983,n1,grip
310190,991,n1,grip
310192,959,n1,grip
310194,951,n1,grip
310196,1018,n1,grip
310198,1023,n1,grip
310200,992,n1,grip
310202,1008,n1,grip
310204,996,n1,grip
310206,1015,n1,grip
310208,1034,n1,grip
310210,997,n1,grip
310212,963,n1,grip
310214,956,n1,grip
310216,929,n1,grip
310218,943,n1,grip
310220,989,n1,grip
310222,1012,n1,grip
310224,1008,n1,grip
310226,982,n1,grip
310228,1015,n1,grip
310230,1072,n1,grip
310232,1062,n1,grip
310234,1018,n1,grip
310236,981,n1,grip
310238,1008,n1,grip
310240,983,n1,grip
310242,1037,n1,grip
310244,1111,n1,grip
310246,1105,n1,grip
310248,1200,n1,grip
310250,1183,n1,grip
310252,1207,n1,grip
310254,1254,n1,grip
310256,1228,n1,grip
310258,1168,n1,grip
310260,1126,n1,grip
310262,1097,n1,grip
310264,1072,n1,grip
310266,1053,n1,grip
310268,1008,n1,grip
310270,990,n1,grip
310272,956,n1,grip
310274,933,n1,grip
310276,898,n1,grip
310278,906,n1,grip
310280,864,n1,grip
310282,829,n1,grip
310284,791,n1,grip
310286,801,n1,grip
310288,915,n1,grip
310290,935,n1,grip
310292,931,n1,grip
310294,960,n1,grip
310296,944,n1,grip
310298,912,n1,grip
310300,886,n1,grip
310302,867,n1,grip
310304,867,n1,grip
310306,846,n1,grip
310308,833,n1,grip
310310,816,n1,grip
310312,806,n1,grip
310314,803,n1,grip
310316,782,n1,grip
310318,748,n1,grip
310320,737,n1,grip
310322,729,n1,grip
310324,707,n1,grip
310326,702,n1,grip
310328,672,n1,grip
310330,694,n1,grip
310332,769,n1,grip
310334,816,n1,grip
310336,846,n1,grip
310338,1063,n1,grip
310340,1150,n1,grip
310342,1105,n1,grip
310344,1088,n1,grip
310346,1085,n1,grip
310348,1054,n1,grip
310350,1008,n1,grip
310352,985,n1,grip
310354,949,n1,grip
310356,960,n1,grip
310358,933,n1,grip
310360,944,n1,grip
310362,1014,n1,grip
310364,1038,n1,grip
310366,991,n1,grip
310368,950,n1,grip
310370,942,n1,grip
310372,902,n1,grip
310374,887,n1,grip
310376,851,n1,grip
310378,816,n1,grip
310380,819,n1,grip
310382,816,n1,grip
310384,797,n1,grip
310386,770,n1,grip
310388,757,n1,grip
310390,768,n1,grip
310392,790,n1,grip
310394,822,n1,grip
310396,813,n1,grip
310398,816,n1,grip
310400,831,n1,grip
310402,955,n1,grip
310404,950,n1,grip
310406,994,n1,grip
310408,995,n1,grip
310410,991,n1,grip
310412,989,n1,grip
310414,1017,n1,grip
310416,987,n1,grip
310418,976,n1,grip
310420,943,n1,grip
310422,909,n1,grip
310424,871,n1,grip
310426,863,n1,grip
310428,840,n1,grip
310430,818,n1,grip
310432,865,n1,grip
310434,861,n1,grip
310436,867,n1,grip
310438,873,n1,grip
310440,854,n1,grip
310442,818,n1,grip
310444,850,n1,grip
310446,843,n1,grip
310448,817,n1,grip
310450,867,n1,grip
310452,887,n1,grip
310454,858,n1,grip
310456,829,n1,grip
310458,804,n1,grip
310460,818,n1,grip
310462,784,n1,grip
310464,823,n1,grip
310466,826,n1,grip
310468,815,n1,grip
310470,837,n1,grip
310472,824,n1,grip
310474,803,n1,grip
310476,779,n1,grip
310478,758,n1,grip
310480,843,n1,grip
310482,880,n1,grip
310484,915,n1,grip
310486,967,n1,grip
310488,960,n1,grip
310490,1022,n1,grip
310492,1045,n1,grip
310494,1040,n1,grip
310496,1012,n1,grip
310498,991,n1,grip
310500,960,n1,grip
310502,922,n1,grip
310504,881,n1,grip
310506,863,n1,grip
310508,913,n1,grip
310510,910,n1,grip
310512,914,n1,grip
310514,925,n1,grip
310516,941,n1,grip
310518,969,n1,grip
310520,959,n1,grip
310522,954,n1,grip
310524,1051,n1,grip
310526,1044,n1,grip
310528,1055,n1,grip
310530,1055,n1,grip
310532,1066,n1,grip
310534,1089,n1,grip
310536,1157,n1,grip
310538,1117,n1,grip
310540,1125,n1,grip
310542,1081,n1,grip
310544,1122,n1,grip
310546,1088,n1,grip
310548,1040,n1,grip
310550,1013,n1,grip
310552,981,n1,grip
310554,944,n1,grip
310556,928,n1,grip
310558,955,n1,grip
310560,1104,n1,grip
310562,1120,n1,grip
310564,1247,n1,grip
310566,1399,n1,grip
310568,1407,n1,grip
310570,1476,n1,grip
310572,1488,n1,grip
310574,1441,n1,grip
310576,1451,n1,grip
310578,1447,n1,grip
310580,1460,n1,grip
310582,1425,n1,grip
310584,1369,n1,grip
310586,1319,n1,grip
310588,1267,n1,grip
310590,1225,n1,grip
310592,1233,n1,grip
310594,1248,n1,grip
310596,1215,n1,grip
310598,1168,n1,grip
310600,1130,n1,grip
310602,1163,n1,grip
310604,1215,n1,grip
310606,1185,n1,grip
310608,1156,n1,grip
310610,1119,n1,grip
310612,1086,n1,grip
310614,1151,n1,grip
310616,1138,n1,grip
310618,1200,n1,grip
310620,1212,n1,grip
310622,1156,n1,grip
310624,1106,n1,grip
310626,1058,n1,grip
310628,1013,n1,grip
310630,1059,n1,grip
310632,1097,n1,grip
310634,1147,n1,grip
310636,1118,n1,grip
310638,1133,n1,grip
310640,1171,n1,grip
310642,1143,n1,grip
310644,1125,n1,grip
310646,1264,n1,grip
310648,1318,n1,grip
310650,1310,n1,grip
310652,1297,n1,grip
310654,1252,n1,grip
310656,1200,n1,grip
310658,1184,n1,grip
310660,1215,n1,grip
310662,1198,n1,grip
310664,1198,n1,grip
310666,1152,n1,grip
310668,1113,n1,grip
310670,1067,n1,grip
310672,1023,n1,grip
310674,993,n1,grip
310676,965,n1,grip
310678,934,n1,grip
310680,929,n1,grip
310682,944,n1,grip
310684,919,n1,grip
310686,918,n1,grip
310688,901,n1,grip
310690,902,n1,grip
310692,944,n1,grip
310694,931,n1,grip
310696,914,n1,grip
310698,961,n1,grip
310700,1022,n1,grip
310702,1017,n1,grip
310704,994,n1,grip
310706,962,n1,grip
310708,942,n1,grip
310710,931,n1,grip
310712,915,n1,grip
310714,907,n1,grip
310716,880,n1,grip
310718,837,n1,grip
310720,831,n1,grip
310722,834,n1,grip
310724,807,n1,grip
310726,781,n1,grip
310728,755,n1,grip
310730,722,n1,grip
310732,695,n1,grip
310734,719,n1,grip
310736,821,n1,grip
310738,831,n1,grip
310740,855,n1,grip
310742,880,n1,grip
310744,918,n1,grip
310746,897,n1,grip
310748,880,n1,grip
310750,871,n1,grip
310752,839,n1,grip
310754,834,n1,grip
310756,816,n1,grip
310758,845,n1,grip
310760,831,n1,grip
310762,869,n1,grip
310764,849,n1,grip
310766,887,n1,grip
310768,867,n1,grip
310770,858,n1,grip
310772,905,n1,grip
310774,951,n1,grip
310776,939,n1,grip
310778,1015,n1,grip
310780,1187,n1,grip
310782,1242,n1,grip
310784,1233,n1,grip
310786,1320,n1,grip
310788,1363,n1,grip
310790,1317,n1,grip
310792,1277,n1,grip
310794,1223,n1,grip
310796,1243,n1,grip
310798,1204,n1,grip
310800,1264,n1,grip
310802,1354,n1,grip
310804,1351,n1,grip
310806,1426,n1,grip
310808,1421,n1,grip
310810,1408,n1,grip
310812,1377,n1,grip
310814,1328,n1,grip
310816,1281,n1,grip
310818,1229,n1,grip
310820,1182,n1,grip
310822,1167,n1,grip
310824,1117,n1,grip
310826,1072,n1,grip
310828,1045,n1,grip
310830,1008,n1,grip
310832,1009,n1,grip
310834,1019,n1,grip
310836,1033,n1,grip
310838,1094,n1,grip
310840,1109,n1,grip
310842,1101,n1,grip
310844,1143,n1,grip
310846,1162,n1,grip
310848,1162,n1,grip
310850,1126,n1,grip
310852,1075,n1,grip
310854,1023,n1,grip
310856,1042,n1,grip
310858,1054,n1,grip
310860,1004,n1,grip
310862,1008,n1,grip
310864,1095,n1,grip
310866,1082,n1,grip
310868,1037,n1,grip
310870,985,n1,grip
310872,944,n1,grip
310874,912,n1,grip
310876,913,n1,grip
310878,896,n1,grip
310880,941,n1,grip
310882,934,n1,grip
310884,927,n1,grip
310886,907,n1,grip
310888,927,n1,grip
310890,950,n1,grip
310892,1083,n1,grip
310894,1177,n1,grip
310896,1159,n1,grip
310898,1207,n1,grip
310900,1222,n1,grip
310902,1232,n1,grip
310904,1210,n1,grip
310906,1254,n1,grip
310908,1217,n1,grip
310910,1178,n1,grip
310912,1136,n1,grip
310914,1161,n1,grip
310916,1213,n1,grip
310918,1199,n1,grip
310920,1221,n1,grip
310922,1230,n1,grip
310924,1194,n1,grip
310926,1154,n1,grip
310928,1114,n1,grip
310930,1105,n1,grip
310932,1083,n1,grip
310934,1039,n1,grip
310936,1023,n1,grip
310938,1070,n1,grip
310940,1083,n1,grip
310942,1065,n1,grip
310944,1098,n1,grip
310946,1070,n1,grip
310948,1099,n1,grip
310950,1072,n1,grip
310952,1085,n1,grip
310954,1154,n1,grip
310956,1142,n1,grip
310958,1104,n1,grip
310960,1063,n1,grip
310962,1082,n1,grip
310964,1138,n1,grip
310966,1152,n1,grip
310968,1106,n1,grip
310970,1103,n1,grip
310972,1119,n1,grip
310974,1104,n1,grip
310976,1069,n1,grip
310978,1086,n1,grip
310980,1106,n1,grip
310982,1136,n1,grip
310984,1348,n1,grip
310986,1383,n1,grip
310988,1377,n1,grip
310990,1360,n1,grip
310992,1315,n1,grip
310994,1393,n1,grip
310996,1468,n1,grip
310998,1427,n1,grip
311000,1535,n1,grip
311002,1649,n1,grip
311004,1605,n1,grip
311006,1578,n1,grip
311008,1554,n1,grip
311010,1606,n1,grip
311012,1596,n1,grip
311014,1535,n1,grip
311016,1520,n1,grip
311018,1584,n1,grip
311020,1535,n1,grip
311022,1503,n1,grip
311024,1442,n1,grip
311026,1392,n1,grip
311028,1344,n1,grip
311030,1294,n1,grip
311032,1265,n1,grip
311034,1268,n1,grip
311036,1281,n1,grip
311038,1247,n1,grip
311040,1295,n1,grip
311042,1258,n1,grip
311044,1266,n1,grip
311046,1315,n1,grip
311048,1276,n1,grip
311050,1221,n1,grip
311052,1203,n1,grip
311054,1171,n1,grip
311056,1136,n1,grip
311058,1113,n1,grip
311060,1088,n1,grip
311062,1067,n1,grip
311064,1039,n1,grip
311066,1034,n1,grip
311068,990,n1,grip
311070,971,n1,grip
311072,946,n1,grip
311074,950,n1,grip
311076,918,n1,grip
311078,895,n1,grip
311080,872,n1,grip
311082,867,n1,grip
311084,906,n1,grip
311086,891,n1,grip
311088,939,n1,grip
311090,1057,n1,grip
311092,1077,n1,grip
311094,1118,n1,grip
311096,1111,n1,grip
311098,1135,n1,grip
311100,1124,n1,grip
311102,1184,n1,grip
311104,1183,n1,grip
311106,1153,n1,grip
311108,1155,n1,grip
311110,1221,n1,grip
311112,1216,n1,grip
311114,1214,n1,grip
311116,1251,n1,grip
311118,1284,n1,grip
311120,1335,n1,grip
311122,1470,n1,grip
311124,1426,n1,grip
311126,1507,n1,grip
311128,1567,n1,grip
311130,1498,n1,grip
311132,1434,n1,grip
311134,1387,n1,grip
311136,1327,n1,grip
311138,1296,n1,grip
311140,1248,n1,grip
311142,1212,n1,grip
311144,1195,n1,grip
311146,1153,n1,grip
311148,1115,n1,grip
311150,1085,n1,grip
311152,1047,n1,grip
311154,1055,n1,grip
311156,1067,n1,grip
311158,1023,n1,grip
311160,1012,n1,grip
311162,1002,n1,grip
311164,960,n1,grip
311166,951,n1,grip
311168,962,n1,grip
311170,947,n1,grip
311172,967,n1,grip
311174,951,n1,grip
311176,966,n1,grip
311178,926,n1,grip
311180,884,n1,grip
311182,855,n1,grip
311184,842,n1,grip
311186,910,n1,grip
311188,1041,n1,grip
311190,1079,n1,grip
311192,1125,n1,grip
311194,1200,n1,grip
311196,1271,n1,grip
311198,1264,n1,grip
311200,1229,n1,grip
311202,1194,n1,grip
311204,1137,n1,grip
311206,1139,n1,grip
311208,1155,n1,grip
311210,1113,n1,grip
311212,1127,n1,grip
311214,1139,n1,grip
311216,1237,n1,grip
311218,1206,n1,grip
311220,1221,n1,grip
311222,1235,n1,grip
311224,1204,n1,grip
311226,1154,n1,grip
311228,1125,n1,grip
311230,1086,n1,grip
311232,1070,n1,grip
311234,1023,n1,grip
311236,1010,n1,grip
311238,978,n1,grip
311240,977,n1,grip
311242,950,n1,grip
311244,910,n1,grip
311246,865,n1,grip
311248,832,n1,grip
311250,816,n1,grip
311252,812,n1,grip
311254,786,n1,grip
311256,778,n1,grip
311258,780,n1,grip
311260,749,n1,grip
311262,720,n1,grip
311264,698,n1,grip
311266,768,n1,grip
311268,816,n1,grip
311270,1042,n1,grip
311272,1335,n1,grip
311274,1364,n1,grip
311276,1476,n1,grip
311278,1489,n1,grip
311280,1442,n1,grip
311282,1409,n1,grip
311284,1378,n1,grip
311286,1328,n1,grip
311288,1331,n1,grip
311290,1319,n1,grip
311292,1271,n1,grip
311294,1232,n1,grip
311296,1201,n1,grip
311298,1179,n1,grip
311300,1152,n1,grip
311302,1123,n1,grip
311304,1087,n1,grip
311306,1038,n1,grip
311308,985,n1,grip
311310,979,n1,grip
311312,957,n1,grip
311314,935,n1,grip
311316,1002,n1,grip
311318,991,n1,grip
311320,1022,n1,grip
311322,1071,n1,grip
311324,1074,n1,grip
311326,1037,n1,grip
311328,991,n1,grip
311330,946,n1,grip
311332,929,n1,grip
311334,899,n1,grip
311336,856,n1,grip
311338,816,n1,grip
311340,826,n1,grip
311342,985,n1,grip
311344,1018,n1,grip
311346,1091,n1,grip
311348,1098,n1,grip
311350,1042,n1,grip
311352,1011,n1,grip
311354,981,n1,grip
311356,960,n1,grip
311358,943,n1,grip
311360,906,n1,grip
311362,882,n1,grip
311364,858,n1,grip
311366,871,n1,grip
311368,849,n1,grip
311370,855,n1,grip
311372,857,n1,grip
311374,876,n1,grip
311376,931,n1,grip
311378,933,n1,grip
311380,926,n1,grip
311382,882,n1,grip
311384,865,n1,grip
311386,835,n1,grip
311388,803,n1,grip
311390,764,n1,grip
311392,733,n1,grip
311394,819,n1,grip
311396,845,n1,grip
311398,987,n1,grip
311400,1057,n1,grip
311402,1017,n1,grip
311404,1009,n1,grip
311406,1002,n1,grip
311408,979,n1,grip
311410,983,n1,grip
311412,1037,n1,grip
311414,1007,n1,grip
311416,983,n1,grip
311418,944,n1,grip
311420,941,n1,grip
311422,902,n1,grip
311424,879,n1,grip
311426,879,n1,grip
311428,887,n1,grip
311430,944,n1,grip
311432,929,n1,grip
311434,972,n1,grip
311436,1108,n1,grip
311438,1121,n1,grip
311440,1081,n1,grip
311442,1040,n1,grip
311444,1005,n1,grip
311446,1023,n1,grip
311448,1013,n1,grip
311450,1039,n1,grip
311452,1092,n1,grip
311454,1101,n1,grip
311456,1212,n1,grip
311458,1290,n1,grip
311460,1258,n1,grip
311462,1245,n1,grip
311464,1258,n1,grip
311466,1217,n1,grip
311468,1214,n1,grip
311470,1218,n1,grip
311472,1186,n1,grip
311474,1155,n1,grip
311476,1159,n1,grip
311478,1149,n1,grip
311480,1147,n1,grip
311482,1120,n1,grip
311484,1091,n1,grip
311486,1095,n1,grip
311488,1077,n1,grip
311490,1168,n1,grip
311492,1175,n1,grip
311494,1183,n1,grip
311496,1152,n1,grip
311498,1145,n1,grip
311500,1107,n1,grip
311502,1066,n1,grip
311504,1040,n1,grip
311506,1022,n1,grip
311508,991,n1,grip
311510,1013,n1,grip
311512,1012,n1,grip
311514,1106,n1,grip
311516,1207,n1,grip
311518,1171,n1,grip
311520,1182,n1,grip
311522,1179,n1,grip
311524,1138,n1,grip
311526,1106,n1,grip
311528,1089,n1,grip
311530,1045,n1,grip
311532,992,n1,grip
311534,974,n1,grip
311536,944,n1,grip
311538,899,n1,grip
311540,880,n1,grip
311542,897,n1,grip
311544,973,n1,grip
311546,998,n1,grip
311548,1023,n1,grip
311550,1094,n1,grip
311552,1168,n1,grip
311554,1136,n1,grip
311556,1107,n1,grip
311558,1098,n1,grip
311560,1134,n1,grip
311562,1167,n1,grip
311564,1168,n1,grip
311566,1293,n1,grip
311568,1313,n1,grip
325590,1410,n1,grip
325592,1360,n1,grip
325594,1333,n1,grip
325596,1341,n1,grip
325598,1394,n1,grip
325600,1360,n1,grip
325602,1328,n1,grip
325604,1335,n1,grip
325606,1299,n1,grip
325608,1262,n1,grip
325610,1233,n1,grip
325612,1204,n1,grip
325614,1183,n1,grip
325616,1189,n1,grip
325618,1172,n1,grip
325620,1133,n1,grip
325622,1088,n1,grip
325624,1045,n1,grip
325626,1085,n1,grip
325628,1061,n1,grip
325630,1023,n1,grip
325632,976,n1,grip
325634,974,n1,grip
325636,955,n1,grip
325638,959,n1,grip
325640,951,n1,grip
325642,981,n1,grip
325644,953,n1,grip
325646,1040,n1,grip
325648,1114,n1,grip
325650,1118,n1,grip
325652,1167,n1,grip
325654,1182,n1,grip
325656,1136,n1,grip
325658,1136,n1,grip
325660,1232,n1,grip
325662,1249,n1,grip
325664,1334,n1,grip
325666,1441,n1,grip
325668,1413,n1,grip
325670,1386,n1,grip
325672,1379,n1,grip
325674,1345,n1,grip
325676,1331,n1,grip
325678,1378,n1,grip
325680,1380,n1,grip
325682,1328,n1,grip
325684,1296,n1,grip
325686,1245,n1,grip
325688,1234,n1,grip
325690,1262,n1,grip
325692,1243,n1,grip
325694,1247,n1,grip
325696,1222,n1,grip
325698,1195,n1,grip
325700,1182,n1,grip
325702,1152,n1,grip
325704,1154,n1,grip
325706,1136,n1,grip
325708,1157,n1,grip
325710,1255,n1,grip
325712,1298,n1,grip
325714,1338,n1,grip
325716,1297,n1,grip
325718,1345,n1,grip
325720,1349,n1,grip
325722,1328,n1,grip
325724,1355,n1,grip
325726,1326,n1,grip
325728,1297,n1,grip
325730,1258,n1,grip
325732,1239,n1,grip
325734,1207,n1,grip
325736,1194,n1,grip
325738,1181,n1,grip
325740,1223,n1,grip
325742,1215,n1,grip
325744,1198,n1,grip
325746,1183,n1,grip
325748,1151,n1,grip
325750,1197,n1,grip
325752,1375,n1,grip
325754,1403,n1,grip
325756,1437,n1,grip
325758,1499,n1,grip
325760,1478,n1,grip
325762,1411,n1,grip
325764,1353,n1,grip
325766,1312,n1,grip
325768,1283,n1,grip
325770,1264,n1,grip
325772,1233,n1,grip
325774,1183,n1,grip
325776,1204,n1,grip
325778,1226,n1,grip
325780,1203,n1,grip
325782,1174,n1,grip
325784,1213,n1,grip
325786,1309,n1,grip
325788,1284,n1,grip
325790,1263,n1,grip
325792,1227,n1,grip
325794,1234,n1,grip
325796,1232,n1,grip
325798,1285,n1,grip
325800,1309,n1,grip
325802,1360,n1,grip
325804,1499,n1,grip
325806,1575,n1,grip
325808,1535,n1,grip
325810,1535,n1,grip
325812,1518,n1,grip
325814,1449,n1,grip
325816,1393,n1,grip
325818,1409,n1,grip
325820,1360,n1,grip
325822,1347,n1,grip
325824,1296,n1,grip
325826,1301,n1,grip
325828,1279,n1,grip
325830,1269,n1,grip
325832,1264,n1,grip
325834,1332,n1,grip
325836,1347,n1,grip
325838,1471,n1,grip
325840,1529,n1,grip
325842,1497,n1,grip
325844,1535,n1,grip
325846,1482,n1,grip
325848,1421,n1,grip
325850,1405,n1,grip
325852,1423,n1,grip
325854,1473,n1,grip
325856,1443,n1,grip
325858,1456,n1,grip
325860,1406,n1,grip
325862,1379,n1,grip
325864,1366,n1,grip
325866,1378,n1,grip
325868,1352,n1,grip
325870,1312,n1,grip
325872,1277,n1,grip
325874,1230,n1,grip
325876,1197,n1,grip
325878,1197,n1,grip
325880,1161,n1,grip
325882,1185,n1,grip
325884,1162,n1,grip
325886,1108,n1,grip
325888,1087,n1,grip
325890,1064,n1,grip
325892,1086,n1,grip
325894,1096,n1,grip
325896,1076,n1,grip
325898,1097,n1,grip
325900,1136,n1,grip
325902,1108,n1,grip
325904,1104,n1,grip
325906,1073,n1,grip
325908,1035,n1,grip
325910,1072,n1,grip
325912,1083,n1,grip
325914,1059,n1,grip
325916,1063,n1,grip
325918,1033,n1,grip
325920,1067,n1,grip
325922,1046,n1,grip
325924,1103,n1,grip
325926,1085,n1,grip
325928,1090,n1,grip
325930,1107,n1,grip
325932,1089,n1,grip
325934,1053,n1,grip
325936,1008,n1,grip
325938,1019,n1,grip
325940,1083,n1,grip
325942,1155,n1,grip
325944,1152,n1,grip
325946,1228,n1,grip
325948,1255,n1,grip
325950,1232,n1,grip
325952,1251,n1,grip
325954,1218,n1,grip
325956,1237,n1,grip
325958,1290,n1,grip
325960,1277,n1,grip
325962,1227,n1,grip
325964,1222,n1,grip
325966,1243,n1,grip
325968,1237,n1,grip
325970,1192,n1,grip
325972,1156,n1,grip
325974,1138,n1,grip
325976,1109,n1,grip
325978,1118,n1,grip
325980,1093,n1,grip
325982,1078,n1,grip
325984,1087,n1,grip
325986,1072,n1,grip
325988,1035,n1,grip
325990,997,n1,grip
325992,1045,n1,grip
325994,1068,n1,grip
325996,1154,n1,grip
325998,1183,n1,grip
326000,1232,n1,grip
326002,1235,n1,grip
326004,1225,n1,grip
326006,1210,n1,grip
326008,1216,n1,grip
326010,1205,n1,grip
326012,1286,n1,grip
326014,1264,n1,grip
326016,1204,n1,grip
326018,1185,n1,grip
326020,1158,n1,grip
326022,1108,n1,grip
326024,1094,n1,grip
326026,1131,n1,grip
326028,1115,n1,grip
326030,1105,n1,grip
326032,1103,n1,grip
326034,1150,n1,grip
326036,1166,n1,grip
326038,1162,n1,grip
326040,1118,n1,grip
326042,1098,n1,grip
326044,1068,n1,grip
326046,1072,n1,grip
326048,1204,n1,grip
326050,1266,n1,grip
326052,1237,n1,grip
326054,1261,n1,grip
326056,1373,n1,grip
326058,1585,n1,grip
326060,1646,n1,grip
326062,1895,n1,grip
326064,2077,n1,grip
326066,2046,n1,grip
326068,2005,n1,grip
326070,1994,n1,grip
326072,1968,n1,grip
326074,2027,n1,grip
326076,2081,n1,grip
326078,2118,n1,grip
326080,2113,n1,grip
326082,2225,n1,grip
326084,2193,n1,grip
326086,2260,n1,grip
326088,2247,n1,grip
326090,2183,n1,grip
326092,2171,n1,grip
326094,2176,n1,grip
326096,2148,n1,grip
326098,2081,n1,grip
326100,2030,n1,grip
326102,1989,n1,grip
326104,1995,n1,grip
326106,1999,n1,grip
326108,1969,n1,grip
326110,1891,n1,grip
326112,1831,n1,grip
326114,1805,n1,grip
326116,1778,n1,grip
326118,1754,n1,grip
326120,1773,n1,grip
326122,1730,n1,grip
326124,1685,n1,grip
326126,1621,n1,grip
326128,1584,n1,grip
326130,1621,n1,grip
326132,1600,n1,grip
326134,1629,n1,grip
326136,1695,n1,grip
326138,1722,n1,grip
326140,1678,n1,grip
326142,1631,n1,grip
326144,1600,n1,grip
326146,1614,n1,grip
326148,1601,n1,grip
326150,1567,n1,grip
326152,1533,n1,grip
326154,1482,n1,grip
326156,1555,n1,grip
326158,1673,n1,grip
326160,1708,n1,grip
326162,1767,n1,grip
326164,1733,n1,grip
326166,1714,n1,grip
326168,1696,n1,grip
326170,1687,n1,grip
326172,1619,n1,grip
326174,1637,n1,grip
326176,1695,n1,grip
326178,1734,n1,grip
326180,1740,n1,grip
326182,1758,n1,grip
326184,1742,n1,grip
326186,1739,n1,grip
326188,1785,n1,grip
326190,1765,n1,grip
326192,1714,n1,grip
326194,1656,n1,grip
326196,1617,n1,grip
326198,1659,n1,grip
326200,1606,n1,grip
326202,1597,n1,grip
326204,1535,n1,grip
326206,1480,n1,grip
326208,1511,n1,grip
326210,1488,n1,grip
326212,1574,n1,grip
326214,1591,n1,grip
326216,1590,n1,grip
326218,1607,n1,grip
326220,1591,n1,grip
326222,1643,n1,grip
326224,1652,n1,grip
326226,1651,n1,grip
326228,1623,n1,grip
326230,1591,n1,grip
326232,1584,n1,grip
326234,1575,n1,grip
326236,1520,n1,grip
326238,1527,n1,grip
326240,1488,n1,grip
326242,1456,n1,grip
326244,1453,n1,grip
326246,1471,n1,grip
326248,1421,n1,grip
326250,1420,n1,grip
326252,1499,n1,grip
326254,1490,n1,grip
326256,1455,n1,grip
326258,1520,n1,grip
326260,1533,n1,grip
326262,1482,n1,grip
326264,1526,n1,grip
326266,1671,n1,grip
326268,1648,n1,grip
326270,1602,n1,grip
326272,1569,n1,grip
326274,1535,n1,grip
326276,1493,n1,grip
326278,1453,n1,grip
326280,1523,n1,grip
326282,1535,n1,grip
326284,1686,n1,grip
326286,1703,n1,grip
326288,1714,n1,grip
326290,1756,n1,grip
326292,1758,n1,grip
326294,1779,n1,grip
326296,1743,n1,grip
326298,1696,n1,grip
326300,1707,n1,grip
326302,1652,n1,grip
326304,1600,n1,grip
326306,1581,n1,grip
326308,1523,n1,grip
326310,1506,n1,grip
326312,1456,n1,grip
326314,1403,n1,grip
326316,1418,n1,grip
326318,1431,n1,grip
326320,1421,n1,grip
326322,1428,n1,grip
326324,1418,n1,grip
326326,1430,n1,grip
326328,1425,n1,grip
326330,1491,n1,grip
326332,1491,n1,grip
326334,1616,n1,grip
326336,1737,n1,grip
326338,1698,n1,grip
326340,1661,n1,grip
326342,1607,n1,grip
326344,1535,n1,grip
326346,1565,n1,grip
326348,1613,n1,grip
326350,1619,n1,grip
326352,1616,n1,grip
326354,1651,n1,grip
326356,1727,n1,grip
326358,1841,n1,grip
326360,1805,n1,grip
326362,1854,n1,grip
326364,1834,n1,grip
326366,1758,n1,grip
326368,1685,n1,grip
326370,1638,n1,grip
326372,1598,n1,grip
326374,1535,n1,grip
326376,1509,n1,grip
326378,1505,n1,grip
326380,1475,n1,grip
326382,1479,n1,grip
326384,1472,n1,grip
326386,1423,n1,grip
326388,1429,n1,grip
326390,1435,n1,grip
326392,1449,n1,grip
326394,1531,n1,grip
326396,1526,n1,grip
326398,1489,n1,grip
326400,1497,n1,grip
326402,1669,n1,grip
326404,1658,n1,grip
326406,1737,n1,grip
326408,1803,n1,grip
326410,1819,n1,grip
326412,1777,n1,grip
326414,1735,n1,grip
326416,1771,n1,grip
326418,1731,n1,grip
326420,1681,n1,grip
326422,1620,n1,grip
326424,1563,n1,grip
326426,1525,n1,grip
326428,1472,n1,grip
326430,1437,n1,grip
326432,1509,n1,grip
326434,1556,n1,grip
326436,1569,n1,grip
326438,1584,n1,grip
326440,1535,n1,grip
326442,1535,n1,grip
326444,1635,n1,grip
326446,1798,n1,grip
326448,1888,n1,grip
326450,1872,n1,grip
326452,1890,n1,grip
326454,1826,n1,grip
326456,1750,n1,grip
326458,1674,n1,grip
326460,1598,n1,grip
326462,1535,n1,grip
326464,1483,n1,grip
326466,1469,n1,grip
326468,1413,n1,grip
326470,1453,n1,grip
326472,1469,n1,grip
326474,1441,n1,grip
326476,1471,n1,grip
326478,1483,n1,grip
326480,1443,n1,grip
326482,1424,n1,grip
326484,1383,n1,grip
326486,1331,n1,grip
326488,1289,n1,grip
326490,1264,n1,grip
326492,1259,n1,grip
326494,1228,n1,grip
326496,1197,n1,grip
326498,1198,n1,grip
326500,1419,n1,grip
326502,1488,n1,grip
326504,1526,n1,grip
326506,1765,n1,grip
326508,1885,n1,grip
326510,1919,n1,grip
326512,1850,n1,grip
326514,1858,n1,grip
326516,1957,n1,grip
326518,1995,n1,grip
326520,2038,n1,grip
326522,1983,n1,grip
326524,1926,n1,grip
326526,1904,n1,grip
326528,1894,n1,grip
326530,1875,n1,grip
326532,1809,n1,grip
326534,1758,n1,grip
326536,1710,n1,grip
326538,1698,n1,grip
326540,1663,n1,grip
326542,1597,n1,grip
326544,1521,n1,grip
326546,1496,n1,grip
326548,1559,n1,grip
326550,1522,n1,grip
326552,1521,n1,grip
326554,1520,n1,grip
326556,1584,n1,grip
326558,1610,n1,grip
326560,1578,n1,grip
326562,1588,n1,grip
326564,1535,n1,grip
326566,1519,n1,grip
326568,1520,n1,grip
326570,1472,n1,grip
326572,1488,n1,grip
326574,1446,n1,grip
326576,1488,n1,grip
326578,1467,n1,grip
326580,1510,n1,grip
326582,1506,n1,grip
326584,1461,n1,grip
326586,1406,n1,grip
326588,1359,n1,grip
326590,1318,n1,grip
326592,1330,n1,grip
326594,1367,n1,grip
326596,1330,n1,grip
326598,1279,n1,grip
326600,1306,n1,grip
326602,1275,n1,grip
326604,1221,n1,grip
326606,1166,n1,grip
326608,1136,n1,grip
326610,1117,n1,grip
326612,1072,n1,grip
326614,1013,n1,grip
326616,997,n1,grip
326618,981,n1,grip
326620,961,n1,grip
326622,976,n1,grip
326624,930,n1,grip
326626,909,n1,grip
326628,894,n1,grip
326630,874,n1,grip
326632,834,n1,grip
326634,829,n1,grip
326636,889,n1,grip
326638,964,n1,grip
326640,1116,n1,grip
326642,1123,n1,grip
326644,1189,n1,grip
326646,1210,n1,grip
326648,1190,n1,grip
326650,1175,n1,grip
326652,1165,n1,grip
326654,1124,n1,grip
326656,1121,n1,grip
326658,1168,n1,grip
326660,1150,n1,grip
326662,1213,n1,grip
326664,1224,n1,grip
326666,1215,n1,grip
326668,1216,n1,grip
326670,1202,n1,grip
326672,1159,n1,grip
326674,1121,n1,grip
326676,1073,n1,grip
326678,1050,n1,grip
326680,1019,n1,grip
326682,1008,n1,grip
326684,983,n1,grip
326686,963,n1,grip
326688,944,n1,grip
326690,933,n1,grip
326692,914,n1,grip
326694,879,n1,grip
326696,863,n1,grip
326698,863,n1,grip
326700,855,n1,grip
326702,909,n1,grip
326704,950,n1,grip
326706,925,n1,grip
326708,927,n1,grip
326710,911,n1,grip
326712,896,n1,grip
326714,880,n1,grip
326716,896,n1,grip
326718,898,n1,grip
326720,887,n1,grip
326722,853,n1,grip
326724,912,n1,grip
326726,931,n1,grip
326728,935,n1,grip
326730,1004,n1,grip
326732,999,n1,grip
326734,979,n1,grip
326736,986,n1,grip
326738,991,n1,grip
326740,947,n1,grip
326742,941,n1,grip
326744,993,n1,grip
326746,994,n1,grip
326748,1002,n1,grip
326750,1033,n1,grip
326752,1067,n1,grip
326754,1173,n1,grip
326756,1155,n1,grip
326758,1163,n1,grip
326760,1179,n1,grip
326762,1154,n1,grip
326764,1162,n1,grip
326766,1151,n1,grip
326768,1125,n1,grip
326770,1152,n1,grip
326772,1123,n1,grip
326774,1139,n1,grip
326776,1102,n1,grip
326778,1058,n1,grip
326780,1017,n1,grip
326782,989,n1,grip
326784,976,n1,grip
326786,982,n1,grip
326788,978,n1,grip
326790,977,n1,grip
326792,1056,n1,grip
326794,1037,n1,grip
326796,985,n1,grip
326798,966,n1,grip
326800,961,n1,grip
326802,927,n1,grip
326804,894,n1,grip
326806,917,n1,grip
326808,946,n1,grip
326810,935,n1,grip
326812,955,n1,grip
326814,959,n1,grip
326816,944,n1,grip
326818,991,n1,grip
326820,987,n1,grip
326822,1073,n1,grip
326824,1136,n1,grip
326826,1130,n1,grip
326828,1126,n1,grip
326830,1094,n1,grip
326832,1139,n1,grip
326834,1125,n1,grip
326836,1087,n1,grip
326838,1040,n1,grip
326840,1010,n1,grip
326842,1002,n1,grip
326844,958,n1,grip
326846,1008,n1,grip
326848,1109,n1,grip
326850,1101,n1,grip
326852,1123,n1,grip
326854,1126,n1,grip
326856,1095,n1,grip
326858,1057,n1,grip
326860,1049,n1,grip
326862,1005,n1,grip
326864,958,n1,grip
326866,923,n1,grip
326868,889,n1,grip
326870,882,n1,grip
326872,901,n1,grip
326874,915,n1,grip
326876,959,n1,grip
326878,923,n1,grip
326880,887,n1,grip
326882,862,n1,grip
326884,848,n1,grip
326886,836,n1,grip
326888,834,n1,grip
326890,851,n1,grip
326892,944,n1,grip
326894,1043,n1,grip
326896,1073,n1,grip
326898,1061,n1,grip
326900,1201,n1,grip
326902,1183,n1,grip
326904,1155,n1,grip
326906,1140,n1,grip
326908,1093,n1,grip
326910,1063,n1,grip
326912,1020,n1,grip
326914,993,n1,grip
326916,949,n1,grip
326918,912,n1,grip
326920,878,n1,grip
326922,854,n1,grip
326924,844,n1,grip
326926,861,n1,grip
326928,854,n1,grip
326930,814,n1,grip
326932,813,n1,grip
326934,819,n1,grip
326936,786,n1,grip
326938,765,n1,grip
326940,733,n1,grip
326942,705,n1,grip
326944,675,n1,grip
326946,685,n1,grip
326948,691,n1,grip
326950,811,n1,grip
326952,847,n1,grip
326954,875,n1,grip
326956,926,n1,grip
326958,951,n1,grip
326960,998,n1,grip
326962,1061,n1,grip
326964,1054,n1,grip
326966,1108,n1,grip
326968,1105,n1,grip
326970,1072,n1,grip
326972,1013,n1,grip
326974,976,n1,grip
326976,971,n1,grip
326978,955,n1,grip
326980,929,n1,grip
326982,902,n1,grip
326984,905,n1,grip
326986,894,n1,grip
326988,880,n1,grip
326990,881,n1,grip
326992,888,n1,grip
326994,957,n1,grip
326996,961,n1,grip
326998,929,n1,grip
327000,975,n1,grip
327002,1010,n1,grip
327004,1008,n1,grip
327006,987,n1,grip
327008,959,n1,grip
327010,928,n1,grip
327012,917,n1,grip
327014,912,n1,grip
327016,978,n1,grip
327018,976,n1,grip
327020,959,n1,grip
327022,918,n1,grip
327024,886,n1,grip
327026,848,n1,grip
327028,958,n1,grip
327030,1042,n1,grip
327032,1035,n1,grip
327034,1134,n1,grip
327036,1198,n1,grip
327038,1173,n1,grip
327040,1120,n1,grip
327042,1070,n1,grip
327044,1013,n1,grip
327046,983,n1,grip
327048,978,n1,grip
327050,951,n1,grip
327052,926,n1,grip
327054,892,n1,grip
327056,851,n1,grip
327058,826,n1,grip
327060,828,n1,grip
327062,884,n1,grip
327064,877,n1,grip
327066,959,n1,grip
327068,1005,n1,grip
327070,995,n1,grip
327072,1079,n1,grip
327074,1062,n1,grip
327076,1035,n1,grip
327078,989,n1,grip
327080,954,n1,grip
327082,926,n1,grip
327084,907,n1,grip
327086,975,n1,grip
327088,1036,n1,grip
327090,1021,n1,grip
327092,1154,n1,grip
327094,1255,n1,grip
327096,1211,n1,grip
327098,1174,n1,grip
327100,1131,n1,grip
327102,1098,n1,grip
327104,1070,n1,grip
327106,1034,n1,grip
327108,1023,n1,grip
327110,1040,n1,grip
327112,1052,n1,grip
327114,1037,n1,grip
327116,993,n1,grip
327118,971,n1,grip
327120,957,n1,grip
327122,926,n1,grip
327124,883,n1,grip
327126,851,n1,grip
327128,832,n1,grip
327130,826,n1,grip
327132,803,n1,grip
327134,769,n1,grip
327136,740,n1,grip
327138,768,n1,grip
327140,810,n1,grip
327142,798,n1,grip
327144,842,n1,grip
327146,816,n1,grip
327148,794,n1,grip
327150,767,n1,grip
327152,784,n1,grip
327154,822,n1,grip
327156,817,n1,grip
327158,784,n1,grip
327160,747,n1,grip
327162,718,n1,grip
327164,751,n1,grip
327166,795,n1,grip
327168,785,n1,grip
327170,831,n1,grip
327172,903,n1,grip
327174,886,n1,grip
327176,949,n1,grip
327178,959,n1,grip
327180,941,n1,grip
327182,909,n1,grip
327184,864,n1,grip
327186,823,n1,grip
327188,867,n1,grip
327190,899,n1,grip
327192,925,n1,grip
327194,1033,n1,grip
327196,1009,n1,grip
327198,979,n1,grip
327200,955,n1,grip
327202,960,n1,grip
327204,916,n1,grip
327206,875,n1,grip
327208,843,n1,grip
327210,816,n1,grip
327212,893,n1,grip
327214,945,n1,grip
327216,939,n1,grip
327218,1051,n1,grip
327220,1069,n1,grip
327222,1083,n1,grip
327224,1143,n1,grip
327226,1152,n1,grip
327228,1232,n1,grip
327230,1292,n1,grip
327232,1338,n1,grip
327234,1298,n1,grip
327236,1327,n1,grip
327238,1371,n1,grip
327240,1351,n1,grip
327242,1299,n1,grip
327244,1285,n1,grip
327246,1274,n1,grip
327248,1253,n1,grip
327250,1202,n1,grip
327252,1175,n1,grip
327254,1136,n1,grip
327256,1110,n1,grip
327258,1093,n1,grip
327260,1137,n1,grip
327262,1119,n1,grip
327264,1105,n1,grip
327266,1169,n1,grip
327268,1153,n1,grip
327270,1213,n1,grip
327272,1232,n1,grip
327274,1221,n1,grip
327276,1258,n1,grip
327278,1328,n1,grip
327280,1391,n1,grip
327282,1363,n1,grip
327284,1364,n1,grip
327286,1328,n1,grip
327288,1271,n1,grip
327290,1235,n1,grip
327292,1209,n1,grip
327294,1219,n1,grip
327296,1207,n1,grip
327298,1228,n1,grip
327300,1230,n1,grip
327302,1175,n1,grip
327304,1168,n1,grip
327306,1152,n1,grip
327308,1103,n1,grip
327310,1052,n1,grip
327312,1011,n1,grip
327314,1051,n1,grip
327316,1054,n1,grip
327318,1129,n1,grip
327320,1248,n1,grip
327322,1250,n1,grip
327324,1342,n1,grip
327326,1414,n1,grip
327328,1399,n1,grip
327330,1383,n1,grip
327332,1373,n1,grip
327334,1315,n1,grip
327336,1307,n1,grip
327338,1325,n1,grip
327340,1277,n1,grip
327342,1231,n1,grip
327344,1210,n1,grip
327346,1221,n1,grip
327348,1235,n1,grip
327350,1200,n1,grip
327352,1211,n1,grip
327354,1225,n1,grip
327356,1173,n1,grip
327358,1136,n1,grip
327360,1121,n1,grip
327362,1114,n1,grip
327364,1081,n1,grip
327366,1058,n1,grip
327368,1040,n1,grip
327370,998,n1,grip
327372,962,n1,grip
327374,1008,n1,grip
327376,1003,n1,grip
327378,1042,n1,grip
327380,1040,n1,grip
327382,1038,n1,grip
327384,987,n1,grip
327386,989,n1,grip
327388,975,n1,grip
327390,945,n1,grip
327392,918,n1,grip
327394,878,n1,grip
327396,855,n1,grip
327398,818,n1,grip
327400,809,n1,grip
327402,797,n1,grip
327404,838,n1,grip
327406,885,n1,grip
327408,858,n1,grip
327410,847,n1,grip
327412,810,n1,grip
327414,784,n1,grip
327416,782,n1,grip
327418,754,n1,grip
327420,737,n1,grip
327422,720,n1,grip
327424,733,n1,grip
327426,754,n1,grip
327428,731,n1,grip
327430,707,n1,grip
327432,747,n1,grip
327434,777,n1,grip
327436,765,n1,grip
327438,737,n1,grip
327440,798,n1,grip
327442,811,n1,grip
327444,902,n1,grip
327446,967,n1,grip
327448,1013,n1,grip
327450,1042,n1,grip
327452,1034,n1,grip
327454,1152,n1,grip
327456,1143,n1,grip
327458,1143,n1,grip
327460,1103,n1,grip
327462,1094,n1,grip
327464,1075,n1,grip
327466,1050,n1,grip
327468,1003,n1,grip
327470,985,n1,grip
327472,989,n1,grip
327474,955,n1,grip
327476,970,n1,grip
327478,1023,n1,grip
327480,1034,n1,grip
327482,1014,n1,grip
327484,1023,n1,grip
327486,991,n1,grip
327488,960,n1,grip
327490,939,n1,grip
327492,931,n1,grip
327494,972,n1,grip
327496,967,n1,grip
327498,951,n1,grip
327500,990,n1,grip
327502,1075,n1,grip
327504,1072,n1,grip
327506,1141,n1,grip
327508,1136,n1,grip
327510,1133,n1,grip
327512,1103,n1,grip
327514,1077,n1,grip
327516,1037,n1,grip
327518,990,n1,grip
327520,944,n1,grip
327522,931,n1,grip
327524,906,n1,grip
327526,874,n1,grip
327528,864,n1,grip
327530,831,n1,grip
327532,795,n1,grip
327534,763,n1,grip
327536,758,n1,grip
327538,735,n1,grip
327540,717,n1,grip
327542,698,n1,grip
327544,705,n1,grip
327546,715,n1,grip
327548,726,n1,grip
327550,747,n1,grip
327552,743,n1,grip
327554,798,n1,grip
327556,797,n1,grip
327558,781,n1,grip
327560,772,n1,grip
327562,763,n1,grip
327564,801,n1,grip
327566,780,n1,grip
327568,747,n1,grip
327570,776,n1,grip
327572,775,n1,grip
327574,830,n1,grip
327576,823,n1,grip
327578,838,n1,grip
327580,895,n1,grip
327582,890,n1,grip
327584,881,n1,grip
327586,867,n1,grip
327588,837,n1,grip
327590,829,n1,grip
327592,809,n1,grip
327594,786,n1,grip
327596,767,n1,grip
327598,761,n1,grip
327600,731,n1,grip
327602,698,n1,grip
327604,662,n1,grip
327606,640,n1,grip
327608,609,n1,grip
327610,639,n1,grip
327612,653,n1,grip
327614,736,n1,grip
327616,747,n1,grip
327618,771,n1,grip
327620,789,n1,grip
327622,794,n1,grip
327624,784,n1,grip
327626,759,n1,grip
327628,769,n1,grip
327630,865,n1,grip
327632,903,n1,grip
327634,916,n1,grip
327636,957,n1,grip
327638,922,n1,grip
327640,894,n1,grip
327642,901,n1,grip
327644,932,n1,grip
327646,896,n1,grip
327648,880,n1,grip
327650,863,n1,grip
327652,837,n1,grip
327654,854,n1,grip
327656,839,n1,grip
327658,836,n1,grip
327660,816,n1,grip
327662,823,n1,grip
327664,819,n1,grip
327666,786,n1,grip
327668,783,n1,grip
327670,791,n1,grip
327672,768,n1,grip
327674,752,n1,grip
327676,741,n1,grip
327678,754,n1,grip
327680,721,n1,grip
327682,699,n1,grip
327684,692,n1,grip
327686,658,n1,grip
327688,640,n1,grip
327690,639,n1,grip
327692,617,n1,grip
327694,633,n1,grip
327696,697,n1,grip
327698,741,n1,grip
327700,742,n1,grip
327702,822,n1,grip
327704,825,n1,grip
327706,799,n1,grip
327708,782,n1,grip
327710,800,n1,grip
327712,873,n1,grip
327714,911,n1,grip
327716,1070,n1,grip
327718,1136,n1,grip
327720,1090,n1,grip
327722,1040,n1,grip
327724,1005,n1,grip
327726,967,n1,grip
327728,986,n1,grip
327730,1006,n1,grip
327732,1006,n1,grip
327734,1038,n1,grip
327736,992,n1,grip
327738,958,n1,grip
327740,942,n1,grip
327742,919,n1,grip
327744,905,n1,grip
327746,907,n1,grip
327748,886,n1,grip
327750,887,n1,grip
327752,897,n1,grip
327754,874,n1,grip
327756,887,n1,grip
327758,925,n1,grip
327760,1087,n1,grip
327762,1121,n1,grip
327764,1121,n1,grip
327766,1221,n1,grip
327768,1270,n1,grip
327770,1223,n1,grip
327772,1169,n1,grip
327774,1133,n1,grip
327776,1133,n1,grip
327778,1136,n1,grip
327780,1136,n1,grip
327782,1123,n1,grip
327784,1131,n1,grip
327786,1108,n1,grip
327788,1067,n1,grip
327790,1013,n1,grip
327792,982,n1,grip
327794,967,n1,grip
327796,929,n1,grip
327798,917,n1,grip
327800,880,n1,grip
327802,843,n1,grip
327804,880,n1,grip
327806,931,n1,grip
327808,927,n1,grip
327810,899,n1,grip
327812,915,n1,grip
327814,957,n1,grip
327816,986,n1,grip
327818,946,n1,grip
327820,909,n1,grip
327822,873,n1,grip
327824,917,n1,grip
327826,987,n1,grip
327828,967,n1,grip
327830,981,n1,grip
327832,993,n1,grip
327834,960,n1,grip
327836,975,n1,grip
327838,1011,n1,grip
327840,1011,n1,grip
327842,1056,n1,grip
327844,1095,n1,grip
327846,1086,n1,grip
327848,1072,n1,grip
327850,1023,n1,grip
327852,985,n1,grip
327854,983,n1,grip
327856,948,n1,grip
327858,927,n1,grip
327860,892,n1,grip
327862,863,n1,grip
327864,938,n1,grip
327866,1014,n1,grip
327868,1082,n1,grip
327870,1309,n1,grip
327872,1325,n1,grip
327874,1370,n1,grip
327876,1350,n1,grip
327878,1316,n1,grip
327880,1275,n1,grip
327882,1222,n1,grip
327884,1186,n1,grip
327886,1141,n1,grip
327888,1092,n1,grip
327890,1062,n1,grip
327892,1075,n1,grip
327894,1039,n1,grip
327896,991,n1,grip
327898,944,n1,grip
327900,912,n1,grip
327902,885,n1,grip
327904,879,n1,grip
327906,857,n1,grip
327908,963,n1,grip
327910,980,n1,grip
327912,971,n1,grip
327914,947,n1,grip
327916,940,n1,grip
327918,954,n1,grip
327920,979,n1,grip
327922,1050,n1,grip
327924,1044,n1,grip
327926,1023,n1,grip
327928,1059,n1,grip
327930,1023,n1,grip
327932,983,n1,grip
327934,949,n1,grip
327936,929,n1,grip
327938,917,n1,grip
327940,886,n1,grip
327942,847,n1,grip
327944,818,n1,grip
327946,784,n1,grip
327948,774,n1,grip
327950,753,n1,grip
327952,739,n1,grip
327954,800,n1,grip
327956,794,n1,grip
327958,784,n1,grip
327960,781,n1,grip
327962,765,n1,grip
327964,775,n1,grip
327966,836,n1,grip
327968,832,n1,grip
327970,838,n1,grip
327972,822,n1,grip
327974,790,n1,grip
327976,771,n1,grip
327978,848,n1,grip
327980,880,n1,grip
327982,913,n1,grip
327984,902,n1,grip
327986,955,n1,grip
327988,950,n1,grip
327990,914,n1,grip
327992,950,n1,grip
327994,955,n1,grip
327996,976,n1,grip
327998,1075,n1,grip
328000,1040,n1,grip
328002,1001,n1,grip
328004,971,n1,grip
328006,965,n1,grip
328008,977,n1,grip
328010,995,n1,grip
328012,958,n1,grip
328014,919,n1,grip
328016,937,n1,grip
328018,896,n1,grip
328020,864,n1,grip
328022,858,n1,grip
328024,846,n1,grip
328026,916,n1,grip
328028,926,n1,grip
328030,914,n1,grip
328032,974,n1,grip
328034,958,n1,grip
328036,944,n1,grip
328038,960,n1,grip
328040,938,n1,grip
328042,932,n1,grip
328044,911,n1,grip
328046,933,n1,grip
328048,976,n1,grip
328050,972,n1,grip
328052,956,n1,grip
328054,1067,n1,grip
328056,1058,n1,grip
328058,1023,n1,grip
328060,1042,n1,grip
328062,1034,n1,grip
328064,981,n1,grip
328066,959,n1,grip
328068,938,n1,grip
328070,897,n1,grip
328072,878,n1,grip
328074,847,n1,grip
328076,851,n1,grip
328078,931,n1,grip
328080,918,n1,grip
328082,946,n1,grip
328084,1008,n1,grip
328086,1072,n1,grip
328088,1044,n1,grip
328090,1001,n1,grip
328092,962,n1,grip
328094,949,n1,grip
328096,922,n1,grip
328098,898,n1,grip
328100,894,n1,grip
328102,863,n1,grip
328104,834,n1,grip
328106,823,n1,grip
328108,832,n1,grip
328110,866,n1,grip
328112,855,n1,grip
328114,942,n1,grip
328116,967,n1,grip
328118,940,n1,grip
328120,925,n1,grip
328122,929,n1,grip
328124,906,n1,grip
328126,887,n1,grip
328128,853,n1,grip
328130,862,n1,grip
328132,918,n1,grip
328134,907,n1,grip
328136,910,n1,grip
328138,944,n1,grip
328140,965,n1,grip
328142,929,n1,grip
328144,895,n1,grip
328146,867,n1,grip
328148,848,n1,grip
328150,864,n1,grip
328152,843,n1,grip
328154,843,n1,grip
328156,815,n1,grip
328158,773,n1,grip
328160,752,n1,grip
328162,786,n1,grip
328164,770,n1,grip
328166,805,n1,grip
328168,794,n1,grip
328170,848,n1,grip
328172,846,n1,grip
328174,820,n1,grip
328176,807,n1,grip
328178,794,n1,grip
328180,789,n1,grip
328182,767,n1,grip
328184,734,n1,grip
328186,721,n1,grip
328188,701,n1,grip
328190,725,n1,grip
328192,733,n1,grip
328194,713,n1,grip
328196,721,n1,grip
328198,752,n1,grip
328200,765,n1,grip
328202,830,n1,grip
328204,873,n1,grip
328206,886,n1,grip
328208,946,n1,grip
328210,918,n1,grip
328212,880,n1,grip
328214,846,n1,grip
328216,816,n1,grip
328218,802,n1,grip
328220,795,n1,grip
328222,851,n1,grip
328224,880,n1,grip
328226,884,n1,grip
328228,879,n1,grip
328230,858,n1,grip
328232,855,n1,grip
328234,845,n1,grip
328236,821,n1,grip
328238,834,n1,grip
328240,816,n1,grip
328242,816,n1,grip
328244,811,n1,grip
328246,862,n1,grip
328248,842,n1,grip
328250,800,n1,grip
328252,786,n1,grip
328254,803,n1,grip
328256,777,n1,grip
328258,757,n1,grip
328260,767,n1,grip
328262,811,n1,grip
328264,801,n1,grip
328266,795,n1,grip
328268,844,n1,grip
328270,843,n1,grip
328272,801,n1,grip
328274,762,n1,grip
328276,752,n1,grip
328278,759,n1,grip
328280,819,n1,grip
328282,817,n1,grip
328284,793,n1,grip
328286,778,n1,grip
328288,775,n1,grip
328290,752,n1,grip
328292,739,n1,grip
328294,718,n1,grip
328296,697,n1,grip
328298,688,n1,grip
328300,683,n1,grip
328302,706,n1,grip
328304,701,n1,grip
328306,706,n1,grip
328308,688,n1,grip
328310,701,n1,grip
328312,709,n1,grip
328314,685,n1,grip
328316,651,n1,grip
328318,643,n1,grip
328320,638,n1,grip
328322,619,n1,grip
328324,599,n1,grip
328326,622,n1,grip
328328,607,n1,grip
328330,637,n1,grip
328332,627,n1,grip
328334,640,n1,grip
328336,658,n1,grip
328338,656,n1,grip
328340,629,n1,grip
328342,595,n1,grip
328344,594,n1,grip
328346,593,n1,grip
328348,640,n1,grip
328350,650,n1,grip
328352,683,n1,grip
328354,688,n1,grip
328356,715,n1,grip
328358,695,n1,grip
328360,679,n1,grip
328362,694,n1,grip
328364,684,n1,grip
328366,662,n1,grip
328368,635,n1,grip
328370,614,n1,grip
328372,624,n1,grip
328374,604,n1,grip
328376,614,n1,grip
328378,611,n1,grip
328380,599,n1,grip
328382,583,n1,grip
328384,586,n1,grip
328386,570,n1,grip
328388,538,n1,grip
328390,531,n1,grip
328392,505,n1,grip
328394,503,n1,grip
328396,532,n1,grip
328398,528,n1,grip
328400,507,n1,grip
328402,511,n1,grip
328404,501,n1,grip
328406,486,n1,grip
328408,526,n1,grip
328410,652,n1,grip
328412,681,n1,grip
328414,752,n1,grip
328416,809,n1,grip
328418,806,n1,grip
328420,816,n1,grip
328422,865,n1,grip
328424,916,n1,grip
328426,925,n1,grip
328428,979,n1,grip
328430,1008,n1,grip
328432,1023,n1,grip
328434,994,n1,grip
328436,957,n1,grip
328438,914,n1,grip
328440,886,n1,grip
328442,855,n1,grip
328444,830,n1,grip
328446,795,n1,grip
328448,767,n1,grip
328450,739,n1,grip
328452,715,n1,grip
328454,701,n1,grip
328456,690,n1,grip
328458,668,n1,grip
328460,653,n1,grip
328462,635,n1,grip
328464,640,n1,grip
328466,624,n1,grip
328468,601,n1,grip
328470,592,n1,grip
328472,601,n1,grip
328474,588,n1,grip
328476,650,n1,grip
328478,713,n1,grip
328480,758,n1,grip
328482,858,n1,grip
328484,842,n1,grip
328486,850,n1,grip
328488,837,n1,grip
328490,852,n1,grip
328492,815,n1,grip
328494,798,n1,grip
328496,861,n1,grip
328498,871,n1,grip
328500,841,n1,grip
328502,870,n1,grip
328504,865,n1,grip
328506,832,n1,grip
328508,814,n1,grip
328510,837,n1,grip
328512,821,n1,grip
328514,810,n1,grip
328516,859,n1,grip
328518,848,n1,grip
328520,880,n1,grip
328522,850,n1,grip
328524,865,n1,grip
328526,944,n1,grip
328528,919,n1,grip
328530,946,n1,grip
328532,915,n1,grip
328534,912,n1,grip
328536,894,n1,grip
328538,877,n1,grip
328540,855,n1,grip
328542,836,n1,grip
328544,831,n1,grip
328546,793,n1,grip
328548,769,n1,grip
328550,737,n1,grip
328552,726,n1,grip
328554,705,n1,grip
328556,675,n1,grip
328558,656,n1,grip
328560,640,n1,grip
328562,619,n1,grip
328564,615,n1,grip
328566,589,n1,grip
328568,561,n1,grip
328570,545,n1,grip
328572,511,n1,grip
328574,496,n1,grip
328576,489,n1,grip
328578,511,n1,grip
328580,549,n1,grip
328582,530,n1,grip
328584,526,n1,grip
328586,539,n1,grip
328588,544,n1,grip
328590,660,n1,grip
328592,740,n1,grip
328594,769,n1,grip
