t_ms,raw,subject,gesture
207518,902,n1,light
207520,897,n1,light
207522,877,n1,light
207524,851,n1,light
207526,863,n1,light
207528,880,n1,light
207530,935,n1,light
207532,934,n1,light
207534,1015,n1,light
207536,1022,n1,light
207538,1003,n1,light
207540,1002,n1,light
207542,978,n1,light
207544,950,n1,light
207546,918,n1,light
207548,879,n1,light
207550,841,n1,light
207552,848,n1,light
207554,878,n1,light
207556,874,n1,light
207558,850,n1,light
207560,830,n1,light
207562,819,n1,light
207564,787,n1,light
207566,782,n1,light
207568,800,n1,light
207570,784,n1,light
207572,775,n1,light
207574,769,n1,light
207576,817,n1,light
207578,800,n1,light
207580,817,n1,light
207582,802,n1,light
207584,800,n1,light
207586,770,n1,light
207588,734,n1,light
207590,708,n1,light
207592,693,n1,light
207594,688,n1,light
207596,734,n1,light
207598,806,n1,light
207600,850,n1,light
207602,918,n1,light
207604,1067,n1,light
207606,1056,n1,light
207608,1019,n1,light
207610,1012,n1,light
207612,1051,n1,light
207614,1040,n1,light
207616,1093,n1,light
207618,1087,n1,light
207620,1090,n1,light
207622,1110,n1,light
207624,1094,n1,light
207626,1098,n1,light
207628,1103,n1,light
207630,1117,n1,light
207632,1136,n1,light
207634,1167,n1,light
207636,1164,n1,light
207638,1253,n1,light
207640,1310,n1,light
207642,1321,n1,light
207644,1334,n1,light
207646,1375,n1,light
207648,1401,n1,light
207650,1338,n1,light
207652,1311,n1,light
207654,1312,n1,light
207656,1280,n1,light
207658,1230,n1,light
207660,1200,n1,light
207662,1171,n1,light
207664,1126,n1,light
207666,1122,n1,light
207668,1099,n1,light
207670,1085,n1,light
207672,1075,n1,light
207674,1055,n1,light
207676,1045,n1,light
207678,1091,n1,light
207680,1084,n1,light
207682,1098,n1,light
207684,1105,n1,light
207686,1084,n1,light
207688,1106,n1,light
207690,1183,n1,light
207692,1210,n1,light
207694,1315,n1,light
207696,1311,n1,light
207698,1263,n1,light
207700,1264,n1,light
207702,1229,n1,light
207704,1179,n1,light
207706,1165,n1,light
207708,1169,n1,light
207710,1136,n1,light
207712,1108,n1,light
207714,1079,n1,light
207716,1023,n1,light
207718,1002,n1,light
207720,960,n1,light
207722,919,n1,light
207724,915,n1,light
207726,899,n1,light
207728,890,n1,light
207730,863,n1,light
207732,848,n1,light
207734,870,n1,light
207736,859,n1,light
207738,848,n1,light
207740,897,n1,light
207742,893,n1,light
207744,1041,n1,light
207746,1223,n1,light
207748,1223,n1,light
207750,1359,n1,light
207752,1386,n1,light
207754,1365,n1,light
207756,1334,n1,light
207758,1319,n1,light
207760,1266,n1,light
207762,1301,n1,light
207764,1282,n1,light
207766,1281,n1,light
207768,1244,n1,light
207770,1200,n1,light
207772,1200,n1,light
207774,1197,n1,light
207776,1180,n1,light
207778,1263,n1,light
207780,1273,n1,light
207782,1266,n1,light
207784,1255,n1,light
207786,1216,n1,light
207788,1214,n1,light
207790,1201,n1,light
207792,1170,n1,light
207794,1231,n1,light
207796,1264,n1,light
207798,1261,n1,light
207800,1259,n1,light
207802,1249,n1,light
207804,1296,n1,light
207806,1249,n1,light
207808,1217,n1,light
207810,1233,n1,light
207812,1360,n1,light
207814,1391,n1,light
207816,1439,n1,light
207818,1397,n1,light
207820,1346,n1,light
207822,1341,n1,light
207824,1357,n1,light
207826,1332,n1,light
207828,1440,n1,light
207830,1506,n1,light
207832,1452,n1,light
207834,1399,n1,light
207836,1333,n1,light
207838,1271,n1,light
207840,1220,n1,light
207842,1184,n1,light
207844,1181,n1,light
207846,1150,n1,light
207848,1162,n1,light
207850,1170,n1,light
207852,1158,n1,light
207854,1179,n1,light
207856,1125,n1,light
207858,1104,n1,light
207860,1072,n1,light
207862,1054,n1,light
207864,1061,n1,light
207866,1013,n1,light
207868,1083,n1,light
207870,1072,n1,light
207872,1166,n1,light
207874,1234,n1,light
207876,1200,n1,light
207878,1152,n1,light
207880,1127,n1,light
207882,1178,n1,light
207884,1227,n1,light
207886,1200,n1,light
207888,1230,n1,light
207890,1205,n1,light
207892,1199,n1,light
207894,1189,n1,light
207896,1158,n1,light
207898,1202,n1,light
207900,1238,n1,light
207902,1218,n1,light
207904,1197,n1,light
207906,1213,n1,light
207908,1340,n1,light
207910,1357,n1,light
207912,1432,n1,light
207914,1410,n1,light
207916,1438,n1,light
207918,1443,n1,light
207920,1478,n1,light
207922,1488,n1,light
207924,1429,n1,light
207926,1407,n1,light
207928,1484,n1,light
207930,1478,n1,light
207932,1479,n1,light
207934,1483,n1,light
207936,1467,n1,light
207938,1419,n1,light
207940,1373,n1,light
207942,1397,n1,light
207944,1358,n1,light
207946,1315,n1,light
207948,1279,n1,light
207950,1231,n1,light
207952,1170,n1,light
207954,1117,n1,light
207956,1087,n1,light
207958,1037,n1,light
207960,995,n1,light
207962,975,n1,light
207964,990,n1,light
207966,984,n1,light
207968,973,n1,light
207970,965,n1,light
207972,1050,n1,light
207974,1058,n1,light
207976,1084,n1,light
207978,1072,n1,light
207980,1047,n1,light
207982,1075,n1,light
207984,1168,n1,light
207986,1163,n1,light
207988,1125,n1,light
207990,1123,n1,light
207992,1194,n1,light
207994,1213,n1,light
207996,1290,n1,light
207998,1306,n1,light
208000,1351,n1,light
208002,1330,n1,light
208004,1315,n1,light
208006,1322,n1,light
208008,1257,n1,light
208010,1205,n1,light
208012,1164,n1,light
208014,1168,n1,light
208016,1162,n1,light
208018,1193,n1,light
208020,1232,n1,light
208022,1351,n1,light
208024,1379,n1,light
208026,1454,n1,light
208028,1591,n1,light
208030,1535,n1,light
208032,1481,n1,light
208034,1440,n1,light
208036,1382,n1,light
208038,1342,n1,light
208040,1296,n1,light
208042,1323,n1,light
208044,1399,n1,light
208046,1392,n1,light
208048,1520,n1,light
208050,1510,n1,light
208052,1446,n1,light
208054,1385,n1,light
208056,1355,n1,light
208058,1344,n1,light
208060,1345,n1,light
208062,1371,n1,light
208064,1395,n1,light
208066,1360,n1,light
208068,1466,n1,light
208070,1466,n1,light
208072,1396,n1,light
208074,1371,n1,light
208076,1409,n1,light
208078,1422,n1,light
208080,1516,n1,light
208082,1466,n1,light
208084,1422,n1,light
208086,1370,n1,light
208088,1316,n1,light
208090,1277,n1,light
208092,1228,n1,light
208094,1200,n1,light
208096,1166,n1,light
208098,1202,n1,light
208100,1168,n1,light
208102,1125,n1,light
208104,1088,n1,light
208106,1086,n1,light
208108,1046,n1,light
208110,1021,n1,light
208112,1008,n1,light
208114,1103,n1,light
208116,1161,n1,light
208118,1236,n1,light
208120,1301,n1,light
208122,1339,n1,light
208124,1510,n1,light
208126,1531,n1,light
208128,1645,n1,light
208130,1623,n1,light
208132,1584,n1,light
208134,1520,n1,light
208136,1468,n1,light
208138,1424,n1,light
208140,1389,n1,light
208142,1331,n1,light
208144,1329,n1,light
208146,1323,n1,light
208148,1330,n1,light
208150,1298,n1,light
208152,1309,n1,light
208154,1265,n1,light
208156,1329,n1,light
208158,1408,n1,light
208160,1456,n1,light
208162,1535,n1,light
208164,1569,n1,light
208166,1520,n1,light
208168,1487,n1,light
208170,1469,n1,light
208172,1438,n1,light
208174,1374,n1,light
208176,1335,n1,light
208178,1303,n1,light
208180,1394,n1,light
208182,1429,n1,light
208184,1565,n1,light
208186,1591,n1,light
208188,1535,n1,light
208190,1597,n1,light
208192,1627,n1,light
208194,1584,n1,light
208196,1602,n1,light
208198,1616,n1,light
208200,1573,n1,light
208202,1503,n1,light
208204,1442,n1,light
208206,1425,n1,light
208208,1392,n1,light
208210,1351,n1,light
208212,1387,n1,light
208214,1349,n1,light
208216,1297,n1,light
208218,1241,n1,light
208220,1209,n1,light
208222,1216,n1,light
208224,1199,n1,light
208226,1204,n1,light
208228,1229,n1,light
208230,1222,n1,light
208232,1333,n1,light
208234,1374,n1,light
208236,1359,n1,light
208238,1370,n1,light
208240,1354,n1,light
208242,1404,n1,light
208244,1364,n1,light
208246,1329,n1,light
208248,1279,n1,light
208250,1264,n1,light
208252,1253,n1,light
208254,1206,n1,light
208256,1206,n1,light
208258,1167,n1,light
208260,1163,n1,light
208262,1137,n1,light
208264,1103,n1,light
208266,1086,n1,light
208268,1054,n1,light
208270,1066,n1,light
208272,1019,n1,light
208274,1101,n1,light
208276,1202,n1,light
208278,1211,n1,light
208280,1328,n1,light
208282,1487,n1,light
208284,1466,n1,light
208286,1408,n1,light
208288,1375,n1,light
208290,1457,n1,light
208292,1486,n1,light
208294,1475,n1,light
208296,1431,n1,light
208298,1389,n1,light
208300,1392,n1,light
208302,1344,n1,light
208304,1281,n1,light
208306,1264,n1,light
208308,1221,n1,light
208310,1211,n1,light
208312,1168,n1,light
208314,1126,n1,light
208316,1111,n1,light
208318,1111,n1,light
208320,1084,n1,light
208322,1073,n1,light
208324,1069,n1,light
208326,1022,n1,light
208328,1088,n1,light
208330,1200,n1,light
208332,1199,n1,light
208334,1222,n1,light
208336,1191,n1,light
208338,1215,n1,light
208340,1317,n1,light
208342,1282,n1,light
208344,1295,n1,light
208346,1283,n1,light
208348,1262,n1,light
208350,1210,n1,light
208352,1183,n1,light
208354,1138,n1,light
208356,1219,n1,light
208358,1443,n1,light
208360,1453,n1,light
208362,1501,n1,light
208364,1456,n1,light
208366,1562,n1,light
208368,1581,n1,light
208370,1534,n1,light
208372,1494,n1,light
208374,1452,n1,light
208376,1424,n1,light
208378,1426,n1,light
208380,1399,n1,light
208382,1389,n1,light
208384,1340,n1,light
208386,1353,n1,light
208388,1324,n1,light
208390,1261,n1,light
208392,1202,n1,light
208394,1165,n1,light
208396,1205,n1,light
208398,1237,n1,light
208400,1264,n1,light
208402,1370,n1,light
208404,1359,n1,light
208406,1302,n1,light
208408,1350,n1,light
208410,1371,n1,light
208412,1367,n1,light
208414,1376,n1,light
208416,1370,n1,light
208418,1325,n1,light
208420,1319,n1,light
208422,1313,n1,light
208424,1311,n1,light
208426,1294,n1,light
208428,1295,n1,light
208430,1280,n1,light
208432,1225,n1,light
208434,1194,n1,light
208436,1157,n1,light
208438,1104,n1,light
208440,1117,n1,light
208442,1097,n1,light
208444,1125,n1,light
208446,1123,n1,light
208448,1140,n1,light
208450,1099,n1,light
208452,1095,n1,light
208454,1083,n1,light
208456,1110,n1,light
208458,1074,n1,light
208460,1055,n1,light
208462,1014,n1,light
208464,1011,n1,light
208466,973,n1,light
208468,949,n1,light
208470,960,n1,light
208472,987,n1,light
208474,960,n1,light
208476,939,n1,light
208478,912,n1,light
208480,976,n1,light
208482,1023,n1,light
208484,996,n1,light
208486,981,n1,light
208488,974,n1,light
208490,977,n1,light
208492,954,n1,light
208494,1008,n1,light
208496,1039,n1,light
208498,1124,n1,light
208500,1163,n1,light
208502,1136,n1,light
208504,1125,n1,light
208506,1116,n1,light
208508,1071,n1,light
208510,1042,n1,light
208512,1014,n1,light
208514,1008,n1,light
208516,988,n1,light
208518,976,n1,light
208520,1017,n1,light
208522,1216,n1,light
208524,1253,n1,light
208526,1477,n1,light
208528,1520,n1,light
208530,1465,n1,light
208532,1447,n1,light
208534,1392,n1,light
208536,1363,n1,light
208538,1319,n1,light
208540,1357,n1,light
208542,1380,n1,light
208544,1339,n1,light
208546,1333,n1,light
208548,1294,n1,light
208550,1293,n1,light
208552,1294,n1,light
208554,1328,n1,light
208556,1326,n1,light
208558,1385,n1,light
208560,1402,n1,light
208562,1353,n1,light
208564,1315,n1,light
208566,1319,n1,light
208568,1270,n1,light
208570,1220,n1,light
208572,1200,n1,light
208574,1148,n1,light
208576,1099,n1,light
208578,1047,n1,light
208580,994,n1,light
208582,953,n1,light
208584,911,n1,light
208586,895,n1,light
208588,875,n1,light
208590,863,n1,light
208592,851,n1,light
208594,839,n1,light
208596,803,n1,light
208598,778,n1,light
208600,790,n1,light
208602,832,n1,light
208604,898,n1,light
208606,926,n1,light
208608,1104,n1,light
208610,1200,n1,light
208612,1168,n1,light
208614,1143,n1,light
208616,1206,n1,light
208618,1341,n1,light
208620,1409,n1,light
208622,1469,n1,light
208624,1621,n1,light
208626,1605,n1,light
208628,1531,n1,light
208630,1491,n1,light
208632,1485,n1,light
208634,1505,n1,light
208636,1479,n1,light
208638,1425,n1,light
208640,1413,n1,light
208642,1364,n1,light
208644,1338,n1,light
208646,1297,n1,light
208648,1307,n1,light
208650,1272,n1,light
208652,1328,n1,light
208654,1323,n1,light
208656,1264,n1,light
208658,1218,n1,light
208660,1168,n1,light
208662,1129,n1,light
208664,1103,n1,light
208666,1056,n1,light
208668,1023,n1,light
208670,1011,n1,light
208672,990,n1,light
208674,970,n1,light
208676,940,n1,light
208678,945,n1,light
208680,929,n1,light
208682,959,n1,light
208684,942,n1,light
208686,919,n1,light
208688,929,n1,light
208690,951,n1,light
208692,987,n1,light
208694,973,n1,light
208696,965,n1,light
208698,990,n1,light
208700,983,n1,light
208702,951,n1,light
208704,913,n1,light
208706,909,n1,light
208708,912,n1,light
208710,929,n1,light
208712,902,n1,light
208714,880,n1,light
208716,848,n1,light
208718,942,n1,light
208720,1131,n1,light
208722,1252,n1,light
208724,1211,n1,light
208726,1371,n1,light
208728,1600,n1,light
208730,1650,n1,light
208732,1613,n1,light
208734,1584,n1,light
208736,1505,n1,light
208738,1478,n1,light
208740,1441,n1,light
208742,1417,n1,light
208744,1408,n1,light
208746,1373,n1,light
208748,1311,n1,light
208750,1265,n1,light
208752,1209,n1,light
208754,1166,n1,light
208756,1110,n1,light
208758,1082,n1,light
208760,1089,n1,light
208762,1072,n1,light
208764,1062,n1,light
208766,1036,n1,light
208768,987,n1,light
208770,963,n1,light
208772,949,n1,light
208774,903,n1,light
208776,905,n1,light
208778,868,n1,light
208780,839,n1,light
208782,814,n1,light
208784,828,n1,light
208786,891,n1,light
208788,876,n1,light
208790,915,n1,light
208792,895,n1,light
208794,880,n1,light
208796,934,n1,light
208798,935,n1,light
208800,960,n1,light
208802,983,n1,light
208804,985,n1,light
208806,956,n1,light
208808,923,n1,light
208810,911,n1,light
208812,906,n1,light
208814,909,n1,light
208816,898,n1,light
208818,863,n1,light
208820,842,n1,light
208822,811,n1,light
208824,781,n1,light
208826,757,n1,light
208828,774,n1,light
208830,786,n1,light
208832,766,n1,light
208834,727,n1,light
208836,725,n1,light
208838,729,n1,light
208840,693,n1,light
208842,679,n1,light
208844,654,n1,light
208846,627,n1,light
208848,621,n1,light
208850,591,n1,light
208852,576,n1,light
208854,580,n1,light
208856,626,n1,light
208858,706,n1,light
208860,723,n1,light
208862,815,n1,light
208864,880,n1,light
208866,867,n1,light
208868,887,n1,light
208870,895,n1,light
208872,858,n1,light
208874,851,n1,light
208876,844,n1,light
208878,830,n1,light
208880,790,n1,light
208882,765,n1,light
208884,727,n1,light
208886,749,n1,light
208888,719,n1,light
208890,697,n1,light
208892,698,n1,light
208894,690,n1,light
208896,722,n1,light
208898,727,n1,light
208900,743,n1,light
208902,751,n1,light
208904,766,n1,light
208906,761,n1,light
208908,759,n1,light
208910,775,n1,light
208912,748,n1,light
208914,751,n1,light
208916,724,n1,light
208918,723,n1,light
208920,720,n1,light
208922,774,n1,light
208924,743,n1,light
208926,713,n1,light
208928,779,n1,light
208930,821,n1,light
208932,869,n1,light
208934,912,n1,light
208936,880,n1,light
208938,846,n1,light
208940,869,n1,light
208942,979,n1,light
208944,985,n1,light
208946,1081,n1,light
208948,1055,n1,light
208950,1058,n1,light
208952,1034,n1,light
208954,1040,n1,light
208956,1040,n1,light
208958,1060,n1,light
208960,1049,n1,light
208962,1083,n1,light
208964,1087,n1,light
208966,1123,n1,light
208968,1105,n1,light
208970,1077,n1,light
208972,1095,n1,light
208974,1075,n1,light
208976,1055,n1,light
208978,1058,n1,light
208980,1136,n1,light
208982,1145,n1,light
208984,1179,n1,light
208986,1168,n1,light
208988,1153,n1,light
208990,1175,n1,light
208992,1177,n1,light
208994,1175,n1,light
208996,1168,n1,light
208998,1155,n1,light
209000,1157,n1,light
209002,1123,n1,light
209004,1088,n1,light
209006,1101,n1,light
209008,1081,n1,light
209010,1072,n1,light
209012,1091,n1,light
209014,1113,n1,light
209016,1089,n1,light
209018,1073,n1,light
209020,1098,n1,light
209022,1073,n1,light
209024,1071,n1,light
209026,1061,n1,light
209028,1011,n1,light
209030,997,n1,light
209032,1082,n1,light
209034,1162,n1,light
209036,1151,n1,light
209038,1184,n1,light
209040,1247,n1,light
209042,1295,n1,light
209044,1261,n1,light
209046,1221,n1,light
209048,1192,n1,light
209050,1154,n1,light
209052,1134,n1,light
209054,1110,n1,light
209056,1075,n1,light
209058,1033,n1,light
209060,983,n1,light
209062,951,n1,light
209064,919,n1,light
209066,944,n1,light
209068,1012,n1,light
209070,1040,n1,light
209072,1122,n1,light
209074,1127,n1,light
209076,1081,n1,light
209078,1035,n1,light
209080,979,n1,light
209082,942,n1,light
209084,915,n1,light
209086,883,n1,light
209088,1055,n1,light
209090,1104,n1,light
209092,1225,n1,light
209094,1235,n1,light
209096,1211,n1,light
209098,1167,n1,light
209100,1140,n1,light
209102,1180,n1,light
209104,1263,n1,light
209106,1232,n1,light
209108,1239,n1,light
209110,1225,n1,light
209112,1239,n1,light
209114,1232,n1,light
209116,1202,n1,light
209118,1153,n1,light
209120,1119,n1,light
209122,1098,n1,light
209124,1168,n1,light
209126,1139,n1,light
209128,1125,n1,light
209130,1104,n1,light
209132,1079,n1,light
209134,1133,n1,light
209136,1186,n1,light
209138,1245,n1,light
209140,1252,n1,light
209142,1235,n1,light
209144,1187,n1,light
209146,1150,n1,light
209148,1105,n1,light
209150,1066,n1,light
209152,1023,n1,light
209154,1058,n1,light
209156,1042,n1,light
209158,1009,n1,light
209160,985,n1,light
209162,990,n1,light
209164,1007,n1,light
209166,983,n1,light
209168,1072,n1,light
209170,1199,n1,light
209172,1242,n1,light
209174,1399,n1,light
209176,1423,n1,light
209178,1408,n1,light
209180,1391,n1,light
209182,1356,n1,light
209184,1306,n1,light
209186,1262,n1,light
209188,1218,n1,light
209190,1232,n1,light
209192,1199,n1,light
209194,1181,n1,light
209196,1145,n1,light
209198,1104,n1,light
209200,1067,n1,light
209202,1091,n1,light
209204,1081,n1,light
209206,1135,n1,light
209208,1101,n1,light
209210,1103,n1,light
209212,1159,n1,light
209214,1149,n1,light
209216,1189,n1,light
209218,1193,n1,light
209220,1138,n1,light
209222,1114,n1,light
209224,1069,n1,light
209226,1072,n1,light
209228,1042,n1,light
209230,989,n1,light
209232,951,n1,light
209234,977,n1,light
209236,1008,n1,light
209238,1056,n1,light
209240,1033,n1,light
209242,1038,n1,light
209244,1008,n1,light
209246,975,n1,light
209248,956,n1,light
209250,939,n1,light
209252,933,n1,light
209254,895,n1,light
209256,858,n1,light
209258,855,n1,light
209260,883,n1,light
209262,913,n1,light
209264,895,n1,light
209266,901,n1,light
209268,955,n1,light
209270,976,n1,light
209272,948,n1,light
209274,929,n1,light
209276,909,n1,light
209278,903,n1,light
209280,965,n1,light
209282,1066,n1,light
209284,1104,n1,light
209286,1214,n1,light
209288,1297,n1,light
209290,1264,n1,light
209292,1206,n1,light
209294,1166,n1,light
209296,1121,n1,light
209298,1110,n1,light
209300,1088,n1,light
209302,1051,n1,light
209304,1017,n1,light
209306,976,n1,light
209308,944,n1,light
209310,906,n1,light
209312,923,n1,light
209314,912,n1,light
209316,978,n1,light
209318,1003,n1,light
209320,1002,n1,light
209322,995,n1,light
209324,1007,n1,light
209326,992,n1,light
209328,986,n1,light
209330,994,n1,light
209332,976,n1,light
209334,951,n1,light
209336,908,n1,light
209338,863,n1,light
209340,839,n1,light
209342,907,n1,light
209344,928,n1,light
209346,943,n1,light
209348,1058,n1,light
209350,1131,n1,light
209352,1274,n1,light
209354,1339,n1,light
209356,1291,n1,light
209358,1232,n1,light
209360,1197,n1,light
209362,1162,n1,light
209364,1190,n1,light
209366,1157,n1,light
209368,1104,n1,light
209370,1078,n1,light
209372,1052,n1,light
209374,1043,n1,light
209376,1050,n1,light
209378,1042,n1,light
209380,1062,n1,light
209382,1149,n1,light
209384,1183,n1,light
209386,1221,n1,light
209388,1333,n1,light
209390,1295,n1,light
209392,1283,n1,light
209394,1256,n1,light
209396,1221,n1,light
209398,1180,n1,light
209400,1232,n1,light
209402,1322,n1,light
209404,1318,n1,light
209406,1424,n1,light
209408,1392,n1,light
209410,1360,n1,light
209412,1386,n1,light
209414,1398,n1,light
209416,1377,n1,light
209418,1327,n1,light
209420,1296,n1,light
209422,1246,n1,light
209424,1211,n1,light
209426,1203,n1,light
209428,1169,n1,light
209430,1181,n1,light
209432,1137,n1,light
209434,1098,n1,light
209436,1082,n1,light
209438,1074,n1,light
209440,1046,n1,light
209442,1035,n1,light
209444,1015,n1,light
209446,1009,n1,light
209448,1023,n1,light
209450,1023,n1,light
209452,1119,n1,light
209454,1250,n1,light
209456,1255,n1,light
209458,1317,n1,light
209460,1307,n1,light
209462,1244,n1,light
209464,1200,n1,light
209466,1284,n1,light
209468,1407,n1,light
209470,1509,n1,light
209472,1573,n1,light
209474,1583,n1,light
209476,1535,n1,light
209478,1535,n1,light
209480,1505,n1,light
209482,1472,n1,light
209484,1427,n1,light
209486,1381,n1,light
209488,1323,n1,light
209490,1313,n1,light
209492,1301,n1,light
209494,1328,n1,light
209496,1356,n1,light
209498,1339,n1,light
209500,1350,n1,light
209502,1303,n1,light
209504,1264,n1,light
209506,1216,n1,light
209508,1203,n1,light
209510,1159,n1,light
209512,1117,n1,light
209514,1088,n1,light
209516,1081,n1,light
209518,1104,n1,light
209520,1110,n1,light
209522,1163,n1,light
209524,1168,n1,light
209526,1136,n1,light
209528,1120,n1,light
209530,1103,n1,light
209532,1063,n1,light
209534,1021,n1,light
209536,1046,n1,light
209538,1041,n1,light
209540,994,n1,light
209542,998,n1,light
209544,976,n1,light
209546,961,n1,light
209548,1022,n1,light
209550,1069,n1,light
209552,1040,n1,light
209554,1089,n1,light
209556,1057,n1,light
209558,1035,n1,light
209560,991,n1,light
209562,959,n1,light
209564,939,n1,light
209566,966,n1,light
209568,1008,n1,light
209570,1021,n1,light
209572,1093,n1,light
209574,1090,n1,light
209576,1061,n1,light
209578,1011,n1,light
209580,1009,n1,light
209582,1059,n1,light
209584,1078,n1,light
209586,1042,n1,light
209588,986,n1,light
209590,943,n1,light
209592,914,n1,light
209594,1009,n1,light
209596,1078,n1,light
209598,1155,n1,light
209600,1199,n1,light
209602,1200,n1,light
209604,1179,n1,light
209606,1163,n1,light
209608,1182,n1,light
209610,1163,n1,light
209612,1117,n1,light
209614,1095,n1,light
209616,1063,n1,light
209618,1050,n1,light
209620,1011,n1,light
209622,1040,n1,light
209624,1104,n1,light
209626,1111,n1,light
209628,1237,n1,light
209630,1322,n1,light
209632,1291,n1,light
209634,1245,n1,light
209636,1193,n1,light
209638,1143,n1,light
209640,1091,n1,light
209642,1059,n1,light
209644,1072,n1,light
209646,1069,n1,light
209648,1150,n1,light
209650,1134,n1,light
209652,1100,n1,light
209654,1098,n1,light
209656,1105,n1,light
209658,1075,n1,light
209660,1056,n1,light
209662,1058,n1,light
209664,1100,n1,light
209666,1093,n1,light
209668,1101,n1,light
209670,1067,n1,light
209672,1037,n1,light
209674,1023,n1,light
209676,1238,n1,light
209678,1362,n1,light
209680,1618,n1,light
209682,1616,n1,light
209684,1535,n1,light
209686,1509,n1,light
209688,1457,n1,light
209690,1455,n1,light
209692,1405,n1,light
209694,1348,n1,light
209696,1297,n1,light
209698,1281,n1,light
209700,1302,n1,light
209702,1282,n1,light
209704,1296,n1,light
209706,1243,n1,light
209708,1195,n1,light
209710,1166,n1,light
209712,1121,n1,light
209714,1072,n1,light
209716,1095,n1,light
209718,1075,n1,light
209720,1063,n1,light
209722,1009,n1,light
209724,1013,n1,light
209726,1118,n1,light
209728,1157,n1,light
209730,1232,n1,light
209732,1182,n1,light
209734,1171,n1,light
209736,1172,n1,light
209738,1200,n1,light
209740,1182,n1,light
209742,1166,n1,light
209744,1185,n1,light
209746,1175,n1,light
209748,1130,n1,light
209750,1111,n1,light
209752,1077,n1,light
209754,1054,n1,light
209756,1070,n1,light
209758,1083,n1,light
209760,1075,n1,light
209762,1075,n1,light
209764,1093,n1,light
209766,1121,n1,light
209768,1111,n1,light
209770,1143,n1,light
209772,1166,n1,light
209774,1308,n1,light
209776,1437,n1,light
209778,1407,n1,light
209780,1397,n1,light
209782,1347,n1,light
209784,1296,n1,light
209786,1264,n1,light
209788,1264,n1,light
209790,1232,n1,light
209792,1213,n1,light
209794,1180,n1,light
209796,1139,n1,light
209798,1093,n1,light
209800,1087,n1,light
209802,1088,n1,light
209804,1113,n1,light
209806,1162,n1,light
209808,1200,n1,light
209810,1311,n1,light
209812,1343,n1,light
209814,1409,n1,light
209816,1525,n1,light
209818,1502,n1,light
209820,1458,n1,light
209822,1422,n1,light
209824,1365,n1,light
209826,1366,n1,light
209828,1331,n1,light
209830,1285,n1,light
209832,1261,n1,light
209834,1205,n1,light
209836,1150,n1,light
209838,1109,n1,light
209840,1088,n1,light
209842,1068,n1,light
209844,1045,n1,light
209846,1034,n1,light
209848,1218,n1,light
209850,1361,n1,light
209852,1424,n1,light
209854,1573,n1,light
209856,1535,n1,light
209858,1520,n1,light
209860,1508,n1,light
209862,1494,n1,light
209864,1466,n1,light
209866,1431,n1,light
209868,1405,n1,light
209870,1382,n1,light
209872,1344,n1,light
209874,1297,n1,light
209876,1258,n1,light
209878,1238,n1,light
209880,1191,n1,light
209882,1165,n1,light
209884,1149,n1,light
209886,1117,n1,light
209888,1218,n1,light
209890,1301,n1,light
209892,1290,n1,light
209894,1344,n1,light
209896,1319,n1,light
209898,1402,n1,light
209900,1397,n1,light
209902,1338,n1,light
209904,1285,n1,light
209906,1258,n1,light
209908,1215,n1,light
209910,1170,n1,light
209912,1129,n1,light
209914,1078,n1,light
209916,1041,n1,light
209918,1009,n1,light
209920,978,n1,light
209922,935,n1,light
209924,928,n1,light
209926,912,n1,light
209928,934,n1,light
209930,927,n1,light
209932,1086,n1,light
209934,1264,n1,light
209936,1284,n1,light
209938,1377,n1,light
209940,1442,n1,light
209942,1387,n1,light
209944,1378,n1,light
209946,1392,n1,light
209948,1330,n1,light
209950,1391,n1,light
209952,1359,n1,light
209954,1307,n1,light
209956,1269,n1,light
209958,1221,n1,light
209960,1190,n1,light
209962,1162,n1,light
209964,1153,n1,light
209966,1238,n1,light
209968,1216,n1,light
209970,1216,n1,light
209972,1265,n1,light
209974,1218,n1,light
209976,1165,n1,light
209978,1119,n1,light
209980,1124,n1,light
209982,1200,n1,light
209984,1188,n1,light
209986,1171,n1,light
209988,1169,n1,light
209990,1145,n1,light
209992,1098,n1,light
209994,1074,n1,light
209996,1034,n1,light
209998,982,n1,light
210000,947,n1,light
210002,941,n1,light
210004,942,n1,light
210006,906,n1,light
210008,896,n1,light
210010,901,n1,light
210012,915,n1,light
210014,922,n1,light
210016,935,n1,light
210018,907,n1,light
210020,908,n1,light
210022,883,n1,light
210024,880,n1,light
210026,848,n1,light
210028,816,n1,light
210030,784,n1,light
210032,755,n1,light
210034,759,n1,light
210036,805,n1,light
210038,786,n1,light
210040,809,n1,light
210042,816,n1,light
210044,784,n1,light
210046,806,n1,light
210048,783,n1,light
210050,752,n1,light
210052,758,n1,light
210054,933,n1,light
210056,985,n1,light
210058,1136,n1,light
210060,1168,n1,light
210062,1127,n1,light
210064,1088,n1,light
210066,1040,n1,light
210068,999,n1,light
210070,997,n1,light
210072,1053,n1,light
210074,1051,n1,light
210076,1110,n1,light
210078,1091,n1,light
210080,1071,n1,light
210082,1039,n1,light
210084,1007,n1,light
210086,967,n1,light
210088,939,n1,light
210090,911,n1,light
210092,869,n1,light
210094,874,n1,light
210096,864,n1,light
210098,848,n1,light
210100,883,n1,light
210102,870,n1,light
210104,891,n1,light
210106,871,n1,light
210108,846,n1,light
210110,867,n1,light
210112,862,n1,light
210114,860,n1,light
210116,859,n1,light
210118,839,n1,light
210120,829,n1,light
210122,820,n1,light
210124,870,n1,light
210126,861,n1,light
210128,871,n1,light
210130,851,n1,light
210132,832,n1,light
210134,816,n1,light
210136,823,n1,light
210138,895,n1,light
210140,896,n1,light
210142,911,n1,light
210144,925,n1,light
210146,929,n1,light
210148,905,n1,light
210150,909,n1,light
210152,915,n1,light
210154,950,n1,light
210156,1019,n1,light
210158,1060,n1,light
210160,1022,n1,light
210162,1007,n1,light
210164,966,n1,light
210166,922,n1,light
210168,887,n1,light
210170,849,n1,light
210172,822,n1,light
210174,799,n1,light
210176,810,n1,light
210178,844,n1,light
210180,895,n1,light
210182,901,n1,light
210184,922,n1,light
210186,969,n1,light
210188,975,n1,light
210190,943,n1,light
210192,905,n1,light
210194,882,n1,light
210196,872,n1,light
210198,900,n1,light
210200,974,n1,light
210202,1019,n1,light
210204,1061,n1,light
210206,1085,n1,light
210208,1039,n1,light
210210,1012,n1,light
210212,977,n1,light
210214,944,n1,light
210216,935,n1,light
210218,944,n1,light
210220,921,n1,light
210222,993,n1,light
210224,1071,n1,light
210226,1057,n1,light
210228,1102,n1,light
210230,1132,n1,light
210232,1095,n1,light
210234,1055,n1,light
210236,1038,n1,light
210238,1008,n1,light
210240,1023,n1,light
210242,992,n1,light
210244,1003,n1,light
210246,1008,n1,light
210248,1009,n1,light
210250,1017,n1,light
210252,1055,n1,light
210254,1081,n1,light
210256,1121,n1,light
210258,1142,n1,light
210260,1107,n1,light
210262,1078,n1,light
210264,1023,n1,light
210266,1021,n1,light
210268,1051,n1,light
210270,1037,n1,light
210272,1019,n1,light
210274,989,n1,light
210276,945,n1,light
210278,902,n1,light
210280,875,n1,light
210282,847,n1,light
210284,867,n1,light
210286,854,n1,light
210288,858,n1,light
210290,951,n1,light
210292,969,n1,light
210294,1072,n1,light
210296,1087,n1,light
210298,1066,n1,light
210300,1041,n1,light
210302,1006,n1,light
210304,974,n1,light
210306,944,n1,light
210308,922,n1,light
210310,899,n1,light
210312,875,n1,light
210314,847,n1,light
210316,811,n1,light
210318,769,n1,light
210320,743,n1,light
210322,722,n1,light
210324,721,n1,light
210326,758,n1,light
210328,806,n1,light
210330,816,n1,light
210332,840,n1,light
210334,950,n1,light
210336,991,n1,light
210338,958,n1,light
210340,915,n1,light
210342,891,n1,light
210344,867,n1,light
210346,851,n1,light
210348,833,n1,light
210350,816,n1,light
210352,794,n1,light
210354,810,n1,light
210356,781,n1,light
210358,758,n1,light
210360,751,n1,light
210362,752,n1,light
210364,759,n1,light
210366,750,n1,light
210368,798,n1,light
210370,817,n1,light
210372,789,n1,light
210374,755,n1,light
210376,723,n1,light
210378,705,n1,light
210380,688,n1,light
210382,683,n1,light
210384,652,n1,light
210386,631,n1,light
210388,650,n1,light
210390,688,n1,light
210392,714,n1,light
210394,694,n1,light
210396,689,n1,light
210398,718,n1,light
210400,733,n1,light
210402,782,n1,light
210404,795,n1,light
210406,798,n1,light
210408,799,n1,light
210410,822,n1,light
210412,807,n1,light
210414,785,n1,light
210416,774,n1,light
210418,773,n1,light
210420,839,n1,light
210422,847,n1,light
210424,918,n1,light
210426,976,n1,light
210428,1080,n1,light
210430,1130,n1,light
210432,1115,n1,light
210434,1114,n1,light
210436,1150,n1,light
210438,1136,n1,light
210440,1121,n1,light
210442,1085,n1,light
210444,1098,n1,light
210446,1070,n1,light
210448,1093,n1,light
210450,1091,n1,light
210452,1072,n1,light
210454,1083,n1,light
210456,1072,n1,light
210458,1022,n1,light
210460,984,n1,light
210462,962,n1,light
210464,956,n1,light
210466,934,n1,light
210468,976,n1,light
210470,980,n1,light
210472,965,n1,light
210474,978,n1,light
210476,947,n1,light
210478,959,n1,light
210480,994,n1,light
210482,958,n1,light
210484,947,n1,light
210486,934,n1,light
210488,895,n1,light
210490,941,n1,light
210492,922,n1,light
210494,929,n1,light
210496,996,n1,light
210498,1109,n1,light
210500,1132,n1,light
210502,1232,n1,light
210504,1245,n1,light
210506,1262,n1,light
210508,1238,n1,light
210510,1219,n1,light
210512,1202,n1,light
210514,1167,n1,light
210516,1118,n1,light
210518,1073,n1,light
219536,1153,n1,light
219538,1152,n1,light
219540,1118,n1,light
219542,1079,n1,light
219544,1037,n1,light
219546,998,n1,light
219548,967,n1,light
219550,944,n1,light
219552,930,n1,light
219554,894,n1,light
219556,873,n1,light
219558,850,n1,light
219560,833,n1,light
219562,862,n1,light
219564,855,n1,light
219566,818,n1,light
219568,807,n1,light
219570,782,n1,light
219572,763,n1,light
219574,737,n1,light
219576,720,n1,light
219578,704,n1,light
219580,679,n1,light
219582,719,n1,light
219584,729,n1,light
219586,710,n1,light
219588,693,n1,light
219590,676,n1,light
219592,752,n1,light
219594,787,n1,light
219596,791,n1,light
219598,846,n1,light
219600,832,n1,light
219602,804,n1,light
219604,809,n1,light
219606,819,n1,light
219608,844,n1,light
219610,830,n1,light
219612,826,n1,light
219614,798,n1,light
219616,822,n1,light
219618,811,n1,light
219620,810,n1,light
219622,817,n1,light
219624,832,n1,light
219626,880,n1,light
219628,874,n1,light
219630,853,n1,light
219632,865,n1,light
219634,912,n1,light
219636,879,n1,light
219638,845,n1,light
219640,816,n1,light
219642,886,n1,light
219644,882,n1,light
219646,896,n1,light
219648,869,n1,light
219650,837,n1,light
219652,859,n1,light
219654,932,n1,light
219656,913,n1,light
219658,995,n1,light
219660,1037,n1,light
219662,1002,n1,light
219664,970,n1,light
219666,930,n1,light
219668,893,n1,light
219670,866,n1,light
219672,863,n1,light
219674,873,n1,light
219676,879,n1,light
219678,899,n1,light
219680,896,n1,light
219682,933,n1,light
219684,961,n1,light
219686,975,n1,light
219688,962,n1,light
219690,933,n1,light
219692,925,n1,light
219694,893,n1,light
219696,866,n1,light
219698,846,n1,light
219700,835,n1,light
219702,810,n1,light
219704,789,n1,light
219706,768,n1,light
219708,746,n1,light
219710,726,n1,light
219712,693,n1,light
219714,679,n1,light
219716,678,n1,light
219718,662,n1,light
219720,630,n1,light
219722,637,n1,light
219724,654,n1,light
219726,717,n1,light
219728,758,n1,light
219730,738,n1,light
219732,716,n1,light
219734,706,n1,light
219736,742,n1,light
219738,752,n1,light
219740,755,n1,light
219742,735,n1,light
219744,707,n1,light
219746,684,n1,light
219748,650,n1,light
219750,620,n1,light
219752,599,n1,light
219754,597,n1,light
219756,594,n1,light
219758,589,n1,light
219760,571,n1,light
219762,578,n1,light
219764,577,n1,light
219766,607,n1,light
219768,602,n1,light
219770,638,n1,light
219772,733,n1,light
219774,773,n1,light
219776,795,n1,light
219778,782,n1,light
219780,784,n1,light
219782,763,n1,light
219784,741,n1,light
219786,769,n1,light
219788,785,n1,light
219790,797,n1,light
219792,767,n1,light
219794,746,n1,light
219796,720,n1,light
219798,688,n1,light
219800,669,n1,light
219802,688,n1,light
219804,688,n1,light
219806,714,n1,light
219808,714,n1,light
219810,686,n1,light
219812,681,n1,light
219814,658,n1,light
219816,652,n1,light
219818,619,n1,light
219820,690,n1,light
219822,690,n1,light
219824,718,n1,light
219826,773,n1,light
219828,742,n1,light
219830,727,n1,light
219832,736,n1,light
219834,736,n1,light
219836,750,n1,light
219838,752,n1,light
219840,739,n1,light
219842,725,n1,light
219844,734,n1,light
219846,706,n1,light
219848,681,n1,light
219850,657,n1,light
219852,638,n1,light
219854,624,n1,light
219856,614,n1,light
219858,594,n1,light
219860,576,n1,light
219862,558,n1,light
219864,547,n1,light
219866,529,n1,light
219868,528,n1,light
219870,544,n1,light
219872,572,n1,light
219874,559,n1,light
219876,561,n1,light
219878,560,n1,light
219880,549,n1,light
219882,528,n1,light
219884,555,n1,light
219886,627,n1,light
219888,673,n1,light
219890,665,n1,light
219892,668,n1,light
219894,717,n1,light
219896,698,n1,light
219898,670,n1,light
219900,678,n1,light
219902,720,n1,light
219904,701,n1,light
219906,695,n1,light
219908,709,n1,light
219910,688,n1,light
219912,658,n1,light
219914,656,n1,light
219916,623,n1,light
219918,592,n1,light
219920,567,n1,light
219922,557,n1,light
219924,560,n1,light
219926,624,n1,light
219928,695,n1,light
219930,720,n1,light
219932,749,n1,light
219934,878,n1,light
219936,869,n1,light
219938,837,n1,light
219940,841,n1,light
219942,850,n1,light
219944,825,n1,light
219946,839,n1,light
219948,854,n1,light
219950,927,n1,light
219952,941,n1,light
219954,1037,n1,light
219956,1088,n1,light
219958,1079,n1,light
219960,1073,n1,light
219962,1066,n1,light
219964,1037,n1,light
219966,997,n1,light
219968,980,n1,light
219970,1040,n1,light
219972,1054,n1,light
219974,1011,n1,light
219976,1005,n1,light
219978,1037,n1,light
219980,1100,n1,light
219982,1136,n1,light
219984,1104,n1,light
219986,1072,n1,light
219988,1063,n1,light
219990,1023,n1,light
219992,1033,n1,light
219994,995,n1,light
219996,975,n1,light
219998,960,n1,light
220000,999,n1,light
220002,967,n1,light
220004,974,n1,light
220006,938,n1,light
220008,952,n1,light
220010,999,n1,light
220012,977,n1,light
220014,1064,n1,light
220016,1170,n1,light
220018,1217,n1,light
220020,1264,n1,light
220022,1282,n1,light
220024,1237,n1,light
220026,1201,n1,light
220028,1168,n1,light
220030,1125,n1,light
220032,1115,n1,light
220034,1092,n1,light
220036,1090,n1,light
220038,1117,n1,light
220040,1123,n1,light
220042,1090,n1,light
220044,1071,n1,light
220046,1040,n1,light
220048,1003,n1,light
220050,974,n1,light
220052,942,n1,light
220054,912,n1,light
220056,909,n1,light
220058,890,n1,light
220060,891,n1,light
220062,875,n1,light
220064,853,n1,light
220066,829,n1,light
220068,843,n1,light
220070,893,n1,light
220072,900,n1,light
220074,942,n1,light
220076,917,n1,light
220078,907,n1,light
220080,981,n1,light
220082,1041,n1,light
220084,1043,n1,light
220086,1145,n1,light
220088,1213,n1,light
220090,1177,n1,light
220092,1159,n1,light
220094,1159,n1,light
220096,1137,n1,light
220098,1095,n1,light
220100,1125,n1,light
220102,1122,n1,light
220104,1072,n1,light
220106,1014,n1,light
220108,975,n1,light
220110,937,n1,light
220112,893,n1,light
220114,861,n1,light
220116,852,n1,light
220118,816,n1,light
220120,779,n1,light
220122,842,n1,light
220124,907,n1,light
220126,909,n1,light
220128,983,n1,light
220130,963,n1,light
220132,945,n1,light
220134,914,n1,light
220136,880,n1,light
220138,852,n1,light
220140,835,n1,light
220142,922,n1,light
220144,1009,n1,light
220146,1014,n1,light
220148,1104,n1,light
220150,1089,n1,light
220152,1058,n1,light
220154,1020,n1,light
220156,1039,n1,light
220158,1055,n1,light
220160,1023,n1,light
220162,1104,n1,light
220164,1086,n1,light
220166,1037,n1,light
220168,991,n1,light
220170,962,n1,light
220172,945,n1,light
220174,950,n1,light
220176,969,n1,light
220178,971,n1,light
220180,1021,n1,light
220182,1020,n1,light
220184,976,n1,light
220186,927,n1,light
220188,895,n1,light
220190,927,n1,light
220192,930,n1,light
220194,939,n1,light
220196,955,n1,light
220198,931,n1,light
220200,978,n1,light
220202,966,n1,light
220204,950,n1,light
220206,996,n1,light
220208,978,n1,light
220210,941,n1,light
220212,898,n1,light
220214,883,n1,light
220216,847,n1,light
220218,841,n1,light
220220,829,n1,light
220222,831,n1,light
220224,805,n1,light
220226,825,n1,light
220228,809,n1,light
220230,807,n1,light
220232,796,n1,light
220234,774,n1,light
220236,758,n1,light
220238,733,n1,light
220240,709,n1,light
220242,677,n1,light
220244,647,n1,light
220246,626,n1,light
220248,631,n1,light
220250,616,n1,light
220252,602,n1,light
220254,617,n1,light
220256,615,n1,light
220258,646,n1,light
220260,647,n1,light
220262,643,n1,light
220264,747,n1,light
220266,746,n1,light
220268,785,n1,light
220270,829,n1,light
220272,865,n1,light
220274,854,n1,light
220276,880,n1,light
220278,877,n1,light
220280,833,n1,light
220282,795,n1,light
220284,769,n1,light
220286,784,n1,light
220288,767,n1,light
220290,753,n1,light
220292,758,n1,light
220294,727,n1,light
220296,694,n1,light
220298,676,n1,light
220300,664,n1,light
220302,649,n1,light
220304,669,n1,light
220306,658,n1,light
220308,628,n1,light
220310,619,n1,light
220312,615,n1,light
220314,635,n1,light
220316,612,n1,light
220318,592,n1,light
220320,656,n1,light
220322,659,n1,light
220324,641,n1,light
220326,627,n1,light
220328,635,n1,light
220330,622,n1,light
220332,633,n1,light
220334,628,n1,light
220336,633,n1,light
220338,621,n1,light
220340,602,n1,light
220342,589,n1,light
220344,576,n1,light
220346,563,n1,light
220348,584,n1,light
220350,576,n1,light
220352,559,n1,light
220354,550,n1,light
220356,532,n1,light
220358,511,n1,light
220360,543,n1,light
220362,627,n1,light
220364,639,n1,light
220366,658,n1,light
220368,662,n1,light
220370,637,n1,light
220372,656,n1,light
220374,671,n1,light
220376,653,n1,light
220378,631,n1,light
220380,603,n1,light
220382,578,n1,light
220384,587,n1,light
220386,561,n1,light
220388,592,n1,light
220390,592,n1,light
220392,579,n1,light
220394,564,n1,light
220396,566,n1,light
220398,562,n1,light
220400,566,n1,light
220402,556,n1,light
220404,547,n1,light
220406,547,n1,light
220408,543,n1,light
220410,560,n1,light
220412,541,n1,light
220414,575,n1,light
220416,570,n1,light
220418,578,n1,light
220420,594,n1,light
220422,582,n1,light
220424,607,n1,light
220426,613,n1,light
220428,589,n1,light
220430,562,n1,light
220432,551,n1,light
220434,533,n1,light
220436,542,n1,light
220438,538,n1,light
220440,577,n1,light
220442,610,n1,light
220444,601,n1,light
220446,637,n1,light
220448,624,n1,light
220450,599,n1,light
220452,625,n1,light
220454,619,n1,light
220456,598,n1,light
220458,603,n1,light
220460,606,n1,light
220462,589,n1,light
220464,566,n1,light
220466,546,n1,light
220468,529,n1,light
220470,544,n1,light
220472,543,n1,light
220474,509,n1,light
220476,487,n1,light
220478,471,n1,light
220480,474,n1,light
220482,465,n1,light
220484,443,n1,light
220486,433,n1,light
220488,422,n1,light
220490,426,n1,light
220492,407,n1,light
220494,410,n1,light
220496,446,n1,light
220498,499,n1,light
220500,541,n1,light
220502,602,n1,light
220504,595,n1,light
220506,583,n1,light
220508,591,n1,light
220510,613,n1,light
220512,621,n1,light
220514,605,n1,light
220516,592,n1,light
220518,576,n1,light
220520,561,n1,light
220522,560,n1,light
220524,547,n1,light
220526,530,n1,light
220528,543,n1,light
220530,545,n1,light
220532,528,n1,light
220534,499,n1,light
220536,496,n1,light
220538,530,n1,light
220540,507,n1,light
220542,495,n1,light
220544,483,n1,light
220546,503,n1,light
220548,505,n1,light
220550,493,n1,light
220552,528,n1,light
220554,562,n1,light
220556,567,n1,light
220558,547,n1,light
220560,528,n1,light
220562,531,n1,light
220564,555,n1,light
220566,609,n1,light
220568,613,n1,light
220570,592,n1,light
220572,569,n1,light
220574,576,n1,light
220576,566,n1,light
220578,571,n1,light
220580,582,n1,light
220582,561,n1,light
220584,534,n1,light
220586,511,n1,light
220588,492,n1,light
220590,477,n1,light
220592,464,n1,light
220594,447,n1,light
220596,464,n1,light
220598,493,n1,light
220600,487,n1,light
220602,511,n1,light
220604,526,n1,light
220606,498,n1,light
220608,496,n1,light
220610,491,n1,light
220612,560,n1,light
220614,593,n1,light
220616,644,n1,light
220618,673,n1,light
220620,704,n1,light
220622,688,n1,light
220624,692,n1,light
220626,668,n1,light
220628,645,n1,light
220630,621,n1,light
220632,592,n1,light
220634,597,n1,light
220636,591,n1,light
220638,587,n1,light
220640,626,n1,light
220642,605,n1,light
220644,586,n1,light
220646,561,n1,light
220648,543,n1,light
220650,561,n1,light
220652,606,n1,light
220654,607,n1,light
220656,649,n1,light
220658,635,n1,light
220660,608,n1,light
220662,591,n1,light
220664,595,n1,light
220666,608,n1,light
220668,615,n1,light
220670,599,n1,light
220672,610,n1,light
220674,646,n1,light
220676,629,n1,light
220678,657,n1,light
220680,624,n1,light
220682,595,n1,light
220684,577,n1,light
220686,620,n1,light
220688,622,n1,light
220690,654,n1,light
220692,657,n1,light
220694,640,n1,light
220696,647,n1,light
220698,649,n1,light
220700,625,n1,light
220702,608,n1,light
220704,627,n1,light
220706,603,n1,light
220708,579,n1,light
220710,554,n1,light
220712,528,n1,light
220714,511,n1,light
220716,592,n1,light
220718,720,n1,light
220720,729,n1,light
220722,886,n1,light
220724,918,n1,light
220726,879,n1,light
220728,857,n1,light
220730,843,n1,light
220732,819,n1,light
220734,853,n1,light
220736,833,n1,light
220738,799,n1,light
220740,783,n1,light
220742,747,n1,light
220744,720,n1,light
220746,706,n1,light
220748,690,n1,light
220750,679,n1,light
220752,656,n1,light
220754,677,n1,light
220756,675,n1,light
220758,644,n1,light
220760,614,n1,light
220762,623,n1,light
220764,597,n1,light
220766,570,n1,light
220768,551,n1,light
220770,549,n1,light
220772,568,n1,light
220774,561,n1,light
220776,547,n1,light
220778,551,n1,light
220780,586,n1,light
220782,603,n1,light
220784,592,n1,light
220786,670,n1,light
220788,754,n1,light
220790,767,n1,light
220792,786,n1,light
220794,771,n1,light
220796,758,n1,light
220798,733,n1,light
220800,729,n1,light
220802,722,n1,light
220804,695,n1,light
220806,683,n1,light
220808,646,n1,light
220810,636,n1,light
220812,640,n1,light
220814,624,n1,light
220816,624,n1,light
220818,592,n1,light
220820,594,n1,light
220822,578,n1,light
220824,593,n1,light
220826,626,n1,light
220828,605,n1,light
220830,624,n1,light
220832,599,n1,light
220834,589,n1,light
220836,605,n1,light
220838,619,n1,light
220840,645,n1,light
220842,646,n1,light
220844,670,n1,light
220846,656,n1,light
220848,719,n1,light
220850,752,n1,light
220852,777,n1,light
220854,839,n1,light
220856,811,n1,light
220858,783,n1,light
220860,743,n1,light
220862,707,n1,light
220864,680,n1,light
220866,658,n1,light
220868,637,n1,light
220870,624,n1,light
220872,595,n1,light
220874,566,n1,light
220876,581,n1,light
220878,590,n1,light
220880,569,n1,light
220882,554,n1,light
220884,547,n1,light
220886,540,n1,light
220888,545,n1,light
220890,549,n1,light
220892,538,n1,light
220894,549,n1,light
220896,543,n1,light
220898,537,n1,light
220900,542,n1,light
220902,544,n1,light
220904,560,n1,light
220906,546,n1,light
220908,569,n1,light
220910,593,n1,light
220912,586,n1,light
220914,563,n1,light
220916,541,n1,light
220918,528,n1,light
220920,555,n1,light
220922,607,n1,light
220924,593,n1,light
220926,624,n1,light
220928,653,n1,light
220930,643,n1,light
220932,613,n1,light
220934,589,n1,light
220936,637,n1,light
220938,644,n1,light
220940,665,n1,light
220942,686,n1,light
220944,657,n1,light
220946,631,n1,light
220948,604,n1,light
220950,575,n1,light
220952,565,n1,light
220954,574,n1,light
220956,582,n1,light
220958,582,n1,light
220960,595,n1,light
220962,608,n1,light
220964,624,n1,light
220966,650,n1,light
220968,667,n1,light
220970,675,n1,light
220972,662,n1,light
220974,699,n1,light
220976,711,n1,light
220978,679,n1,light
220980,656,n1,light
220982,627,n1,light
220984,640,n1,light
220986,639,n1,light
220988,624,n1,light
220990,656,n1,light
220992,655,n1,light
220994,640,n1,light
220996,653,n1,light
220998,651,n1,light
221000,627,n1,light
221002,606,n1,light
221004,590,n1,light
221006,569,n1,light
221008,561,n1,light
221010,590,n1,light
221012,597,n1,light
221014,577,n1,light
221016,560,n1,light
221018,531,n1,light
221020,499,n1,light
221022,490,n1,light
221024,467,n1,light
221026,448,n1,light
221028,429,n1,light
221030,426,n1,light
221032,417,n1,light
221034,395,n1,light
221036,371,n1,light
221038,363,n1,light
221040,343,n1,light
221042,331,n1,light
221044,319,n1,light
221046,309,n1,light
221048,308,n1,light
221050,306,n1,light
221052,306,n1,light
221054,300,n1,light
221056,335,n1,light
221058,319,n1,light
221060,340,n1,light
221062,361,n1,light
221064,429,n1,light
221066,537,n1,light
221068,576,n1,light
221070,606,n1,light
221072,630,n1,light
221074,613,n1,light
221076,593,n1,light
221078,599,n1,light
221080,593,n1,light
221082,637,n1,light
221084,635,n1,light
221086,656,n1,light
221088,656,n1,light
221090,655,n1,light
221092,669,n1,light
221094,649,n1,light
221096,633,n1,light
221098,637,n1,light
221100,637,n1,light
221102,624,n1,light
221104,685,n1,light
221106,684,n1,light
221108,656,n1,light
221110,667,n1,light
221112,761,n1,light
221114,829,n1,light
221116,835,n1,light
221118,865,n1,light
221120,941,n1,light
221122,919,n1,light
221124,898,n1,light
221126,896,n1,light
221128,859,n1,light
221130,847,n1,light
221132,832,n1,light
221134,807,n1,light
221136,782,n1,light
221138,809,n1,light
221140,827,n1,light
221142,816,n1,light
221144,848,n1,light
221146,810,n1,light
221148,786,n1,light
221150,772,n1,light
221152,760,n1,light
221154,763,n1,light
221156,731,n1,light
221158,693,n1,light
221160,669,n1,light
221162,662,n1,light
221164,643,n1,light
221166,624,n1,light
221168,596,n1,light
221170,605,n1,light
221172,672,n1,light
221174,682,n1,light
221176,704,n1,light
221178,671,n1,light
221180,681,n1,light
221182,687,n1,light
221184,659,n1,light
221186,630,n1,light
221188,615,n1,light
221190,654,n1,light
221192,673,n1,light
221194,679,n1,light
221196,671,n1,light
221198,681,n1,light
221200,695,n1,light
221202,734,n1,light
221204,723,n1,light
221206,723,n1,light
221208,710,n1,light
221210,689,n1,light
221212,672,n1,light
221214,665,n1,light
221216,675,n1,light
221218,646,n1,light
221220,629,n1,light
221222,655,n1,light
221224,637,n1,light
221226,656,n1,light
221228,725,n1,light
221230,729,n1,light
221232,720,n1,light
221234,778,n1,light
221236,797,n1,light
221238,778,n1,light
221240,752,n1,light
221242,718,n1,light
221244,688,n1,light
221246,656,n1,light
221248,636,n1,light
221250,631,n1,light
221252,607,n1,light
221254,587,n1,light
221256,561,n1,light
221258,570,n1,light
221260,605,n1,light
221262,607,n1,light
221264,686,n1,light
221266,688,n1,light
221268,659,n1,light
221270,655,n1,light
221272,652,n1,light
221274,640,n1,light
221276,663,n1,light
221278,656,n1,light
221280,682,n1,light
221282,674,n1,light
221284,699,n1,light
221286,749,n1,light
221288,768,n1,light
221290,775,n1,light
221292,752,n1,light
221294,730,n1,light
221296,735,n1,light
221298,721,n1,light
221300,750,n1,light
221302,816,n1,light
221304,832,n1,light
221306,891,n1,light
221308,949,n1,light
221310,949,n1,light
221312,906,n1,light
221314,883,n1,light
221316,880,n1,light
221318,858,n1,light
221320,827,n1,light
221322,807,n1,light
221324,778,n1,light
221326,761,n1,light
221328,759,n1,light
221330,739,n1,light
221332,768,n1,light
221334,759,n1,light
221336,731,n1,light
221338,707,n1,light
221340,673,n1,light
221342,643,n1,light
221344,636,n1,light
221346,612,n1,light
221348,609,n1,light
221350,631,n1,light
221352,637,n1,light
221354,711,n1,light
221356,758,n1,light
221358,745,n1,light
221360,783,n1,light
221362,807,n1,light
221364,798,n1,light
221366,767,n1,light
221368,727,n1,light
221370,717,n1,light
221372,689,n1,light
221374,677,n1,light
221376,693,n1,light
221378,707,n1,light
221380,693,n1,light
221382,688,n1,light
221384,679,n1,light
221386,657,n1,light
221388,640,n1,light
221390,608,n1,light
221392,608,n1,light
221394,642,n1,light
221396,640,n1,light
221398,659,n1,light
221400,658,n1,light
221402,630,n1,light
221404,606,n1,light
221406,587,n1,light
221408,618,n1,light
221410,600,n1,light
221412,583,n1,light
221414,580,n1,light
221416,576,n1,light
221418,593,n1,light
221420,567,n1,light
221422,547,n1,light
221424,528,n1,light
221426,507,n1,light
221428,485,n1,light
221430,496,n1,light
221432,548,n1,light
221434,558,n1,light
221436,578,n1,light
221438,608,n1,light
221440,603,n1,light
221442,579,n1,light
221444,558,n1,light
221446,560,n1,light
221448,552,n1,light
221450,534,n1,light
221452,508,n1,light
221454,487,n1,light
221456,477,n1,light
221458,452,n1,light
221460,433,n1,light
221462,415,n1,light
221464,398,n1,light
221466,406,n1,light
221468,433,n1,light
221470,434,n1,light
221472,464,n1,light
221474,451,n1,light
221476,442,n1,light
221478,423,n1,light
221480,427,n1,light
221482,437,n1,light
221484,435,n1,light
221486,478,n1,light
221488,478,n1,light
221490,470,n1,light
221492,449,n1,light
221494,442,n1,light
221496,437,n1,light
221498,462,n1,light
221500,442,n1,light
221502,463,n1,light
221504,458,n1,light
221506,455,n1,light
221508,462,n1,light
221510,469,n1,light
221512,484,n1,light
221514,486,n1,light
221516,489,n1,light
221518,468,n1,light
221520,449,n1,light
221522,436,n1,light
221524,435,n1,light
221526,411,n1,light
221528,414,n1,light
221530,486,n1,light
221532,528,n1,light
221534,606,n1,light
221536,665,n1,light
221538,649,n1,light
221540,643,n1,light
221542,624,n1,light
221544,622,n1,light
221546,609,n1,light
221548,607,n1,light
221550,641,n1,light
221552,645,n1,light
221554,615,n1,light
221556,629,n1,light
221558,643,n1,light
221560,626,n1,light
221562,629,n1,light
221564,614,n1,light
221566,609,n1,light
221568,599,n1,light
221570,593,n1,light
221572,609,n1,light
221574,589,n1,light
221576,566,n1,light
221578,543,n1,light
221580,539,n1,light
221582,535,n1,light
221584,545,n1,light
221586,567,n1,light
221588,560,n1,light
221590,624,n1,light
221592,622,n1,light
221594,611,n1,light
221596,593,n1,light
221598,640,n1,light
221600,629,n1,light
221602,624,n1,light
221604,603,n1,light
221606,582,n1,light
221608,560,n1,light
221610,546,n1,light
221612,575,n1,light
221614,579,n1,light
221616,592,n1,light
221618,571,n1,light
221620,597,n1,light
221622,633,n1,light
221624,625,n1,light
221626,603,n1,light
221628,575,n1,light
221630,554,n1,light
221632,576,n1,light
221634,560,n1,light
221636,595,n1,light
221638,593,n1,light
221640,583,n1,light
221642,571,n1,light
221644,582,n1,light
221646,580,n1,light
221648,563,n1,light
221650,560,n1,light
221652,533,n1,light
221654,545,n1,light
221656,580,n1,light
221658,580,n1,light
221660,597,n1,light
221662,622,n1,light
221664,654,n1,light
221666,671,n1,light
221668,758,n1,light
221670,784,n1,light
221672,755,n1,light
221674,720,n1,light
221676,700,n1,light
221678,689,n1,light
221680,666,n1,light
221682,687,n1,light
221684,668,n1,light
221686,683,n1,light
221688,691,n1,light
221690,726,n1,light
221692,707,n1,light
221694,686,n1,light
221696,679,n1,light
221698,674,n1,light
221700,656,n1,light
221702,645,n1,light
221704,614,n1,light
221706,592,n1,light
221708,577,n1,light
221710,565,n1,light
221712,593,n1,light
221714,595,n1,light
221716,586,n1,light
221718,589,n1,light
221720,596,n1,light
221722,646,n1,light
221724,645,n1,light
221726,653,n1,light
221728,640,n1,light
221730,624,n1,light
221732,624,n1,light
221734,611,n1,light
221736,591,n1,light
221738,582,n1,light
221740,625,n1,light
221742,631,n1,light
221744,621,n1,light
221746,626,n1,light
221748,635,n1,light
221750,617,n1,light
221752,606,n1,light
221754,577,n1,light
221756,554,n1,light
221758,526,n1,light
221760,525,n1,light
221762,579,n1,light
221764,646,n1,light
221766,682,n1,light
221768,667,n1,light
221770,638,n1,light
221772,617,n1,light
221774,593,n1,light
221776,579,n1,light
221778,559,n1,light
221780,576,n1,light
221782,594,n1,light
221784,578,n1,light
221786,562,n1,light
221788,560,n1,light
221790,550,n1,light
221792,528,n1,light
221794,533,n1,light
221796,526,n1,light
221798,523,n1,light
221800,508,n1,light
221802,527,n1,light
221804,511,n1,light
221806,603,n1,light
221808,642,n1,light
221810,630,n1,light
221812,631,n1,light
221814,620,n1,light
221816,610,n1,light
221818,615,n1,light
221820,640,n1,light
221822,668,n1,light
221824,735,n1,light
221826,761,n1,light
221828,767,n1,light
221830,800,n1,light
221832,790,n1,light
221834,789,n1,light
221836,784,n1,light
221838,784,n1,light
221840,779,n1,light
221842,746,n1,light
221844,717,n1,light
221846,723,n1,light
221848,700,n1,light
221850,704,n1,light
221852,697,n1,light
221854,701,n1,light
221856,690,n1,light
221858,779,n1,light
221860,854,n1,light
221862,831,n1,light
221864,843,n1,light
221866,895,n1,light
221868,890,n1,light
221870,927,n1,light
221872,960,n1,light
221874,1043,n1,light
221876,1073,n1,light
221878,1040,n1,light
221880,1008,n1,light
221882,971,n1,light
221884,922,n1,light
221886,880,n1,light
221888,853,n1,light
221890,821,n1,light
221892,853,n1,light
221894,870,n1,light
221896,869,n1,light
221898,866,n1,light
221900,864,n1,light
221902,832,n1,light
221904,848,n1,light
221906,845,n1,light
221908,822,n1,light
221910,816,n1,light
221912,794,n1,light
221914,757,n1,light
221916,721,n1,light
221918,729,n1,light
221920,806,n1,light
221922,832,n1,light
221924,879,n1,light
221926,976,n1,light
221928,1058,n1,light
221930,1023,n1,light
221932,1007,n1,light
221934,1061,n1,light
221936,1121,n1,light
221938,1097,n1,light
221940,1121,n1,light
221942,1088,n1,light
221944,1050,n1,light
221946,1023,n1,light
221948,994,n1,light
221950,955,n1,light
221952,927,n1,light
221954,899,n1,light
221956,901,n1,light
221958,879,n1,light
221960,847,n1,light
221962,820,n1,light
221964,793,n1,light
221966,841,n1,light
221968,848,n1,light
221970,882,n1,light
221972,865,n1,light
221974,852,n1,light
221976,891,n1,light
221978,870,n1,light
221980,832,n1,light
221982,806,n1,light
221984,807,n1,light
221986,816,n1,light
221988,797,n1,light
221990,803,n1,light
221992,817,n1,light
221994,783,n1,light
221996,778,n1,light
221998,784,n1,light
222000,761,n1,light
222002,770,n1,light
222004,762,n1,light
222006,771,n1,light
222008,800,n1,light
222010,787,n1,light
222012,790,n1,light
222014,830,n1,light
222016,798,n1,light
222018,762,n1,light
222020,751,n1,light
222022,759,n1,light
222024,784,n1,light
222026,756,n1,light
222028,807,n1,light
222030,778,n1,light
222032,753,n1,light
222034,781,n1,light
222036,787,n1,light
222038,768,n1,light
222040,736,n1,light
222042,739,n1,light
222044,723,n1,light
222046,691,n1,light
222048,751,n1,light
222050,811,n1,light
222052,814,n1,light
222054,867,n1,light
222056,873,n1,light
222058,879,n1,light
222060,849,n1,light
222062,850,n1,light
222064,861,n1,light
222066,851,n1,light
222068,875,n1,light
222070,875,n1,light
222072,847,n1,light
222074,803,n1,light
222076,784,n1,light
222078,801,n1,light
222080,822,n1,light
222082,858,n1,light
222084,867,n1,light
222086,825,n1,light
222088,784,n1,light
222090,751,n1,light
222092,724,n1,light
222094,688,n1,light
222096,656,n1,light
222098,628,n1,light
222100,606,n1,light
222102,583,n1,light
222104,637,n1,light
222106,656,n1,light
222108,727,n1,light
222110,779,n1,light
222112,770,n1,light
222114,743,n1,light
222116,739,n1,light
222118,706,n1,light
222120,686,n1,light
222122,702,n1,light
222124,773,n1,light
222126,781,n1,light
222128,795,n1,light
222130,818,n1,light
222132,785,n1,light
222134,752,n1,light
222136,718,n1,light
222138,698,n1,light
222140,688,n1,light
222142,664,n1,light
222144,642,n1,light
222146,622,n1,light
222148,617,n1,light
222150,674,n1,light
222152,691,n1,light
222154,786,n1,light
222156,803,n1,light
222158,775,n1,light
222160,758,n1,light
222162,751,n1,light
222164,779,n1,light
222166,825,n1,light
222168,806,n1,light
222170,821,n1,light
222172,832,n1,light
222174,851,n1,light
222176,825,n1,light
222178,794,n1,light
222180,785,n1,light
222182,836,n1,light
222184,864,n1,light
222186,953,n1,light
222188,988,n1,light
222190,959,n1,light
222192,926,n1,light
222194,887,n1,light
222196,863,n1,light
222198,898,n1,light
222200,902,n1,light
222202,896,n1,light
222204,864,n1,light
222206,826,n1,light
222208,848,n1,light
222210,831,n1,light
222212,855,n1,light
222214,876,n1,light
222216,845,n1,light
222218,815,n1,light
222220,791,n1,light
222222,816,n1,light
222224,857,n1,light
222226,848,n1,light
222228,841,n1,light
222230,848,n1,light
222232,836,n1,light
222234,817,n1,light
222236,849,n1,light
222238,843,n1,light
222240,818,n1,light
222242,799,n1,light
222244,779,n1,light
222246,793,n1,light
222248,818,n1,light
222250,798,n1,light
222252,769,n1,light
222254,725,n1,light
222256,759,n1,light
222258,816,n1,light
222260,831,n1,light
222262,837,n1,light
222264,848,n1,light
222266,823,n1,light
222268,790,n1,light
222270,784,n1,light
222272,811,n1,light
222274,813,n1,light
222276,829,n1,light
222278,817,n1,light
222280,803,n1,light
222282,780,n1,light
222284,823,n1,light
222286,816,n1,light
222288,826,n1,light
222290,822,n1,light
222292,818,n1,light
222294,848,n1,light
222296,837,n1,light
222298,818,n1,light
222300,838,n1,light
222302,869,n1,light
222304,838,n1,light
222306,839,n1,light
222308,813,n1,light
222310,773,n1,light
222312,753,n1,light
222314,734,n1,light
222316,708,n1,light
222318,687,n1,light
222320,657,n1,light
222322,635,n1,light
222324,657,n1,light
222326,655,n1,light
222328,698,n1,light
222330,736,n1,light
222332,782,n1,light
222334,800,n1,light
222336,822,n1,light
222338,797,n1,light
222340,779,n1,light
222342,816,n1,light
222344,881,n1,light
222346,890,n1,light
222348,895,n1,light
222350,881,n1,light
222352,893,n1,light
222354,875,n1,light
222356,931,n1,light
222358,942,n1,light
222360,941,n1,light
222362,943,n1,light
222364,919,n1,light
222366,927,n1,light
222368,903,n1,light
222370,880,n1,light
222372,895,n1,light
222374,942,n1,light
222376,942,n1,light
222378,945,n1,light
222380,927,n1,light
222382,911,n1,light
222384,927,n1,light
222386,895,n1,light
222388,920,n1,light
222390,912,n1,light
222392,893,n1,light
222394,976,n1,light
222396,1070,n1,light
222398,1076,n1,light
222400,1110,n1,light
222402,1077,n1,light
222404,1102,n1,light
222406,1072,n1,light
222408,1040,n1,light
222410,1051,n1,light
222412,1043,n1,light
222414,1086,n1,light
222416,1091,n1,light
222418,1128,n1,light
222420,1152,n1,light
222422,1120,n1,light
222424,1098,n1,light
222426,1089,n1,light
222428,1058,n1,light
222430,1062,n1,light
222432,1073,n1,light
222434,1137,n1,light
222436,1163,n1,light
222438,1203,n1,light
222440,1180,n1,light
222442,1145,n1,light
222444,1136,n1,light
222446,1151,n1,light
222448,1123,n1,light
222450,1087,n1,light
222452,1081,n1,light
222454,1082,n1,light
222456,1139,n1,light
222458,1104,n1,light
222460,1127,n1,light
222462,1108,n1,light
222464,1075,n1,light
222466,1037,n1,light
222468,1039,n1,light
222470,998,n1,light
222472,967,n1,light
222474,944,n1,light
222476,944,n1,light
222478,991,n1,light
222480,976,n1,light
222482,1040,n1,light
222484,1040,n1,light
222486,1019,n1,light
222488,995,n1,light
222490,951,n1,light
222492,923,n1,light
222494,912,n1,light
222496,880,n1,light
222498,852,n1,light
222500,815,n1,light
222502,794,n1,light
222504,784,n1,light
222506,804,n1,light
222508,848,n1,light
222510,911,n1,light
222512,902,n1,light
222514,931,n1,light
222516,894,n1,light
222518,898,n1,light
222520,883,n1,light
222522,848,n1,light
222524,823,n1,light
222526,827,n1,light
222528,875,n1,light
222530,925,n1,light
222532,927,n1,light
222534,999,n1,light
231562,1127,n1,light
231564,1135,n1,light
231566,1127,n1,light
231568,1102,n1,light
231570,1099,n1,light
231572,1101,n1,light
231574,1072,n1,light
231576,1141,n1,light
231578,1107,n1,light
231580,1083,n1,light
231582,1090,n1,light
231584,1170,n1,light
231586,1205,n1,light
231588,1302,n1,light
231590,1418,n1,light
231592,1504,n1,light
231594,1484,n1,light
231596,1424,n1,light
231598,1361,n1,light
231600,1362,n1,light
231602,1392,n1,light
231604,1360,n1,light
231606,1312,n1,light
231608,1325,n1,light
231610,1291,n1,light
231612,1248,n1,light
231614,1214,n1,light
231616,1189,n1,light
231618,1168,n1,light
231620,1118,n1,light
231622,1138,n1,light
231624,1136,n1,light
231626,1123,n1,light
231628,1079,n1,light
231630,1120,n1,light
231632,1164,n1,light
231634,1200,n1,light
231636,1268,n1,light
231638,1241,n1,light
231640,1204,n1,light
231642,1171,n1,light
231644,1155,n1,light
231646,1133,n1,light
231648,1099,n1,light
231650,1077,n1,light
231652,1062,n1,light
231654,1015,n1,light
231656,1006,n1,light
231658,983,n1,light
231660,978,n1,light
231662,966,n1,light
231664,951,n1,light
231666,931,n1,light
231668,954,n1,light
231670,912,n1,light
231672,879,n1,light
231674,837,n1,light
231676,827,n1,light
231678,829,n1,light
231680,799,n1,light
231682,775,n1,light
231684,765,n1,light
231686,767,n1,light
231688,806,n1,light
231690,817,n1,light
231692,805,n1,light
231694,797,n1,light
231696,784,n1,light
231698,816,n1,light
231700,787,n1,light
231702,775,n1,light
231704,758,n1,light
231706,725,n1,light
231708,752,n1,light
231710,741,n1,light
231712,720,n1,light
231714,708,n1,light
231716,681,n1,light
231718,697,n1,light
231720,725,n1,light
231722,721,n1,light
231724,719,n1,light
231726,698,n1,light
231728,670,n1,light
231730,649,n1,light
231732,784,n1,light
231734,999,n1,light
231736,1012,n1,light
231738,1088,n1,light
231740,1097,n1,light
231742,1182,n1,light
231744,1198,n1,light
231746,1166,n1,light
231748,1153,n1,light
231750,1141,n1,light
231752,1141,n1,light
231754,1100,n1,light
231756,1051,n1,light
231758,1007,n1,light
231760,959,n1,light
231762,1009,n1,light
231764,1075,n1,light
231766,1094,n1,light
231768,1137,n1,light
231770,1153,n1,light
231772,1209,n1,light
231774,1273,n1,light
231776,1327,n1,light
231778,1343,n1,light
231780,1342,n1,light
231782,1304,n1,light
231784,1251,n1,light
231786,1196,n1,light
231788,1141,n1,light
231790,1109,n1,light
231792,1065,n1,light
231794,1013,n1,light
231796,1011,n1,light
231798,991,n1,light
231800,976,n1,light
231802,945,n1,light
231804,979,n1,light
231806,1037,n1,light
231808,997,n1,light
231810,972,n1,light
231812,937,n1,light
231814,902,n1,light
231816,959,n1,light
231818,1066,n1,light
231820,1090,n1,light
231822,1115,n1,light
231824,1183,n1,light
231826,1153,n1,light
231828,1109,n1,light
231830,1078,n1,light
231832,1046,n1,light
231834,1008,n1,light
231836,1019,n1,light
231838,1063,n1,light
231840,1042,n1,light
231842,1104,n1,light
231844,1104,n1,light
231846,1061,n1,light
231848,1011,n1,light
231850,986,n1,light
231852,955,n1,light
231854,960,n1,light
231856,950,n1,light
231858,960,n1,light
231860,931,n1,light
231862,895,n1,light
231864,855,n1,light
231866,847,n1,light
231868,823,n1,light
231870,798,n1,light
231872,779,n1,light
231874,784,n1,light
231876,822,n1,light
231878,874,n1,light
231880,863,n1,light
231882,845,n1,light
231884,811,n1,light
231886,816,n1,light
231888,817,n1,light
231890,811,n1,light
231892,833,n1,light
231894,855,n1,light
231896,858,n1,light
231898,909,n1,light
231900,893,n1,light
231902,866,n1,light
231904,830,n1,light
231906,815,n1,light
231908,816,n1,light
231910,793,n1,light
231912,812,n1,light
231914,818,n1,light
231916,819,n1,light
231918,784,n1,light
231920,773,n1,light
231922,749,n1,light
231924,711,n1,light
231926,691,n1,light
231928,656,n1,light
231930,636,n1,light
231932,627,n1,light
231934,656,n1,light
231936,784,n1,light
231938,806,n1,light
231940,914,n1,light
231942,912,n1,light
231944,988,n1,light
231946,1039,n1,light
231948,1040,n1,light
231950,1122,n1,light
231952,1088,n1,light
231954,1062,n1,light
231956,1070,n1,light
231958,1012,n1,light
231960,971,n1,light
231962,946,n1,light
231964,907,n1,light
231966,864,n1,light
231968,820,n1,light
231970,789,n1,light
231972,779,n1,light
231974,753,n1,light
231976,756,n1,light
231978,762,n1,light
231980,735,n1,light
231982,705,n1,light
231984,693,n1,light
231986,688,n1,light
231988,688,n1,light
231990,740,n1,light
231992,759,n1,light
231994,803,n1,light
231996,815,n1,light
231998,782,n1,light
232000,763,n1,light
232002,846,n1,light
232004,907,n1,light
232006,918,n1,light
232008,983,n1,light
232010,1015,n1,light
232012,1023,n1,light
232014,980,n1,light
232016,946,n1,light
232018,915,n1,light
232020,880,n1,light
232022,839,n1,light
232024,812,n1,light
232026,784,n1,light
232028,752,n1,light
232030,756,n1,light
232032,752,n1,light
232034,743,n1,light
232036,719,n1,light
232038,688,n1,light
232040,658,n1,light
232042,636,n1,light
232044,614,n1,light
232046,592,n1,light
232048,592,n1,light
232050,579,n1,light
232052,560,n1,light
232054,565,n1,light
232056,551,n1,light
232058,529,n1,light
232060,511,n1,light
232062,560,n1,light
232064,573,n1,light
232066,592,n1,light
232068,577,n1,light
232070,587,n1,light
232072,610,n1,light
232074,581,n1,light
232076,560,n1,light
232078,549,n1,light
232080,576,n1,light
232082,550,n1,light
232084,549,n1,light
232086,641,n1,light
232088,711,n1,light
232090,715,n1,light
232092,748,n1,light
232094,720,n1,light
232096,699,n1,light
232098,679,n1,light
232100,688,n1,light
232102,690,n1,light
232104,659,n1,light
232106,636,n1,light
232108,614,n1,light
232110,643,n1,light
232112,639,n1,light
232114,611,n1,light
232116,586,n1,light
232118,592,n1,light
232120,586,n1,light
232122,570,n1,light
232124,555,n1,light
232126,546,n1,light
232128,576,n1,light
232130,635,n1,light
232132,625,n1,light
232134,666,n1,light
232136,701,n1,light
232138,683,n1,light
232140,662,n1,light
232142,647,n1,light
232144,645,n1,light
232146,617,n1,light
232148,591,n1,light
232150,569,n1,light
232152,561,n1,light
232154,560,n1,light
232156,543,n1,light
232158,511,n1,light
232160,496,n1,light
232162,555,n1,light
232164,628,n1,light
232166,669,n1,light
232168,689,n1,light
232170,704,n1,light
232172,699,n1,light
232174,701,n1,light
232176,686,n1,light
232178,681,n1,light
232180,671,n1,light
232182,698,n1,light
232184,719,n1,light
232186,708,n1,light
232188,769,n1,light
232190,752,n1,light
232192,778,n1,light
232194,758,n1,light
232196,779,n1,light
232198,758,n1,light
232200,721,n1,light
232202,709,n1,light
232204,688,n1,light
232206,702,n1,light
232208,752,n1,light
232210,768,n1,light
232212,738,n1,light
232214,720,n1,light
232216,738,n1,light
232218,715,n1,light
232220,685,n1,light
232222,685,n1,light
232224,768,n1,light
232226,752,n1,light
232228,739,n1,light
232230,714,n1,light
232232,704,n1,light
232234,687,n1,light
232236,689,n1,light
232238,685,n1,light
232240,704,n1,light
232242,713,n1,light
232244,718,n1,light
232246,720,n1,light
232248,731,n1,light
232250,790,n1,light
232252,784,n1,light
232254,752,n1,light
232256,743,n1,light
232258,709,n1,light
232260,693,n1,light
232262,763,n1,light
232264,741,n1,light
232266,709,n1,light
232268,687,n1,light
232270,720,n1,light
232272,727,n1,light
232274,704,n1,light
232276,683,n1,light
232278,694,n1,light
232280,715,n1,light
232282,715,n1,light
232284,718,n1,light
232286,704,n1,light
232288,688,n1,light
232290,675,n1,light
232292,697,n1,light
232294,740,n1,light
232296,741,n1,light
232298,831,n1,light
232300,834,n1,light
232302,819,n1,light
232304,804,n1,light
232306,766,n1,light
232308,751,n1,light
232310,803,n1,light
232312,791,n1,light
232314,779,n1,light
232316,745,n1,light
232318,739,n1,light
232320,777,n1,light
232322,753,n1,light
232324,765,n1,light
232326,787,n1,light
232328,776,n1,light
232330,767,n1,light
232332,767,n1,light
232334,767,n1,light
232336,782,n1,light
232338,785,n1,light
232340,755,n1,light
232342,755,n1,light
232344,743,n1,light
232346,747,n1,light
232348,740,n1,light
232350,751,n1,light
232352,720,n1,light
232354,698,n1,light
232356,720,n1,light
232358,720,n1,light
232360,754,n1,light
232362,741,n1,light
232364,749,n1,light
232366,731,n1,light
232368,813,n1,light
232370,869,n1,light
232372,851,n1,light
232374,847,n1,light
232376,846,n1,light
232378,812,n1,light
232380,819,n1,light
232382,794,n1,light
232384,816,n1,light
232386,784,n1,light
232388,752,n1,light
232390,723,n1,light
232392,720,n1,light
232394,720,n1,light
232396,690,n1,light
232398,661,n1,light
232400,656,n1,light
232402,631,n1,light
232404,615,n1,light
232406,592,n1,light
232408,576,n1,light
232410,550,n1,light
232412,546,n1,light
232414,528,n1,light
232416,497,n1,light
232418,476,n1,light
232420,452,n1,light
232422,446,n1,light
232424,494,n1,light
232426,476,n1,light
232428,489,n1,light
232430,504,n1,light
232432,495,n1,light
232434,502,n1,light
232436,490,n1,light
232438,463,n1,light
232440,446,n1,light
232442,447,n1,light
232444,434,n1,light
232446,432,n1,light
232448,435,n1,light
232450,496,n1,light
232452,580,n1,light
232454,595,n1,light
232456,636,n1,light
232458,641,n1,light
232460,627,n1,light
232462,609,n1,light
232464,608,n1,light
232466,590,n1,light
232468,576,n1,light
232470,548,n1,light
232472,531,n1,light
232474,503,n1,light
232476,506,n1,light
232478,478,n1,light
232480,462,n1,light
232482,471,n1,light
232484,474,n1,light
232486,463,n1,light
232488,453,n1,light
232490,436,n1,light
232492,444,n1,light
232494,433,n1,light
232496,446,n1,light
232498,432,n1,light
232500,438,n1,light
232502,436,n1,light
232504,428,n1,light
232506,418,n1,light
232508,400,n1,light
232510,378,n1,light
232512,401,n1,light
232514,397,n1,light
232516,422,n1,light
232518,444,n1,light
232520,437,n1,light
232522,438,n1,light
232524,449,n1,light
232526,434,n1,light
232528,464,n1,light
232530,498,n1,light
232532,482,n1,light
232534,485,n1,light
232536,528,n1,light
232538,554,n1,light
232540,557,n1,light
232542,532,n1,light
232544,557,n1,light
232546,533,n1,light
232548,542,n1,light
232550,536,n1,light
232552,508,n1,light
232554,491,n1,light
232556,469,n1,light
232558,450,n1,light
232560,439,n1,light
232562,420,n1,light
232564,397,n1,light
232566,401,n1,light
232568,397,n1,light
232570,403,n1,light
232572,394,n1,light
232574,402,n1,light
232576,393,n1,light
232578,383,n1,light
232580,373,n1,light
232582,366,n1,light
232584,423,n1,light
232586,443,n1,light
232588,459,n1,light
232590,441,n1,light
232592,427,n1,light
232594,423,n1,light
232596,413,n1,light
232598,400,n1,light
232600,413,n1,light
232602,405,n1,light
232604,394,n1,light
232606,399,n1,light
232608,385,n1,light
232610,388,n1,light
232612,402,n1,light
232614,432,n1,light
232616,432,n1,light
232618,423,n1,light
232620,422,n1,light
232622,426,n1,light
232624,438,n1,light
232626,466,n1,light
232628,525,n1,light
232630,525,n1,light
232632,497,n1,light
232634,509,n1,light
232636,511,n1,light
232638,496,n1,light
232640,495,n1,light
232642,503,n1,light
232644,535,n1,light
232646,542,n1,light
232648,528,n1,light
232650,496,n1,light
232652,485,n1,light
232654,464,n1,light
232656,451,n1,light
232658,431,n1,light
232660,426,n1,light
232662,421,n1,light
232664,416,n1,light
232666,400,n1,light
232668,382,n1,light
232670,368,n1,light
232672,349,n1,light
232674,342,n1,light
232676,323,n1,light
232678,314,n1,light
232680,326,n1,light
232682,354,n1,light
232684,369,n1,light
232686,433,n1,light
232688,437,n1,light
232690,557,n1,light
232692,592,n1,light
232694,574,n1,light
232696,599,n1,light
232698,624,n1,light
232700,627,n1,light
232702,624,n1,light
232704,640,n1,light
232706,640,n1,light
232708,654,n1,light
232710,705,n1,light
232712,704,n1,light
232714,699,n1,light
232716,689,n1,light
232718,679,n1,light
232720,659,n1,light
232722,656,n1,light
232724,660,n1,light
232726,665,n1,light
232728,645,n1,light
232730,645,n1,light
232732,627,n1,light
232734,610,n1,light
232736,583,n1,light
232738,592,n1,light
232740,631,n1,light
232742,649,n1,light
232744,686,n1,light
232746,655,n1,light
232748,623,n1,light
232750,631,n1,light
232752,638,n1,light
232754,637,n1,light
232756,675,n1,light
232758,670,n1,light
232760,673,n1,light
232762,639,n1,light
232764,609,n1,light
232766,634,n1,light
232768,646,n1,light
232770,670,n1,light
232772,771,n1,light
232774,770,n1,light
232776,815,n1,light
232778,869,n1,light
232780,845,n1,light
232782,866,n1,light
232784,847,n1,light
232786,806,n1,light
232788,794,n1,light
232790,811,n1,light
232792,831,n1,light
232794,816,n1,light
232796,827,n1,light
232798,807,n1,light
232800,812,n1,light
232802,807,n1,light
232804,784,n1,light
232806,752,n1,light
232808,762,n1,light
232810,763,n1,light
232812,768,n1,light
232814,767,n1,light
232816,735,n1,light
232818,773,n1,light
232820,751,n1,light
232822,717,n1,light
232824,717,n1,light
232826,722,n1,light
232828,702,n1,light
232830,693,n1,light
232832,688,n1,light
232834,672,n1,light
232836,657,n1,light
232838,656,n1,light
232840,661,n1,light
232842,638,n1,light
232844,609,n1,light
232846,591,n1,light
232848,574,n1,light
232850,554,n1,light
232852,562,n1,light
232854,559,n1,light
232856,529,n1,light
232858,508,n1,light
232860,486,n1,light
232862,494,n1,light
232864,496,n1,light
232866,550,n1,light
232868,551,n1,light
232870,607,n1,light
232872,599,n1,light
232874,576,n1,light
232876,557,n1,light
232878,560,n1,light
232880,534,n1,light
232882,507,n1,light
232884,507,n1,light
232886,495,n1,light
232888,494,n1,light
232890,570,n1,light
232892,701,n1,light
232894,729,n1,light
232896,854,n1,light
232898,894,n1,light
232900,858,n1,light
232902,845,n1,light
232904,822,n1,light
232906,833,n1,light
232908,816,n1,light
232910,842,n1,light
232912,826,n1,light
232914,808,n1,light
232916,800,n1,light
232918,764,n1,light
232920,746,n1,light
232922,814,n1,light
232924,847,n1,light
232926,922,n1,light
232928,949,n1,light
232930,923,n1,light
232932,897,n1,light
232934,903,n1,light
232936,909,n1,light
232938,947,n1,light
232940,946,n1,light
232942,972,n1,light
232944,962,n1,light
232946,970,n1,light
232948,923,n1,light
232950,895,n1,light
232952,870,n1,light
232954,859,n1,light
232956,837,n1,light
232958,829,n1,light
232960,796,n1,light
232962,787,n1,light
232964,757,n1,light
232966,726,n1,light
232968,693,n1,light
232970,666,n1,light
232972,637,n1,light
232974,615,n1,light
232976,620,n1,light
232978,720,n1,light
232980,796,n1,light
232982,813,n1,light
232984,918,n1,light
232986,932,n1,light
232988,891,n1,light
232990,870,n1,light
232992,866,n1,light
232994,826,n1,light
232996,816,n1,light
232998,785,n1,light
233000,751,n1,light
233002,721,n1,light
233004,690,n1,light
233006,686,n1,light
233008,672,n1,light
233010,656,n1,light
233012,624,n1,light
233014,602,n1,light
233016,576,n1,light
233018,572,n1,light
233020,564,n1,light
233022,532,n1,light
233024,503,n1,light
233026,485,n1,light
233028,459,n1,light
233030,445,n1,light
233032,445,n1,light
233034,451,n1,light
233036,432,n1,light
233038,438,n1,light
233040,421,n1,light
233042,404,n1,light
233044,389,n1,light
233046,374,n1,light
233048,378,n1,light
233050,391,n1,light
233052,411,n1,light
233054,431,n1,light
233056,435,n1,light
233058,460,n1,light
233060,482,n1,light
233062,560,n1,light
233064,544,n1,light
233066,505,n1,light
233068,493,n1,light
233070,490,n1,light
233072,473,n1,light
233074,479,n1,light
233076,506,n1,light
233078,499,n1,light
233080,511,n1,light
233082,549,n1,light
233084,531,n1,light
233086,538,n1,light
233088,511,n1,light
233090,524,n1,light
233092,528,n1,light
233094,511,n1,light
233096,531,n1,light
233098,547,n1,light
233100,549,n1,light
233102,534,n1,light
233104,530,n1,light
233106,498,n1,light
233108,499,n1,light
233110,509,n1,light
233112,503,n1,light
233114,491,n1,light
233116,548,n1,light
233118,638,n1,light
233120,642,n1,light
233122,685,n1,light
233124,772,n1,light
233126,768,n1,light
233128,739,n1,light
233130,767,n1,light
233132,778,n1,light
233134,819,n1,light
233136,794,n1,light
233138,777,n1,light
233140,767,n1,light
233142,738,n1,light
233144,709,n1,light
233146,689,n1,light
233148,668,n1,light
233150,639,n1,light
233152,624,n1,light
233154,618,n1,light
233156,596,n1,light
233158,589,n1,light
233160,578,n1,light
233162,558,n1,light
233164,550,n1,light
233166,591,n1,light
233168,596,n1,light
233170,575,n1,light
233172,550,n1,light
233174,551,n1,light
233176,551,n1,light
233178,534,n1,light
233180,560,n1,light
233182,624,n1,light
233184,643,n1,light
233186,623,n1,light
233188,608,n1,light
233190,619,n1,light
233192,642,n1,light
233194,655,n1,light
233196,717,n1,light
233198,720,n1,light
233200,695,n1,light
233202,729,n1,light
233204,769,n1,light
233206,768,n1,light
233208,807,n1,light
233210,784,n1,light
233212,751,n1,light
233214,743,n1,light
233216,722,n1,light
233218,690,n1,light
233220,670,n1,light
233222,653,n1,light
233224,701,n1,light
233226,746,n1,light
233228,752,n1,light
233230,836,n1,light
233232,855,n1,light
233234,833,n1,light
233236,800,n1,light
233238,786,n1,light
233240,752,n1,light
233242,719,n1,light
233244,690,n1,light
233246,657,n1,light
233248,631,n1,light
233250,624,n1,light
233252,610,n1,light
233254,590,n1,light
233256,572,n1,light
233258,574,n1,light
233260,563,n1,light
233262,617,n1,light
233264,631,n1,light
233266,659,n1,light
233268,737,n1,light
233270,762,n1,light
233272,752,n1,light
233274,783,n1,light
233276,791,n1,light
233278,788,n1,light
233280,761,n1,light
233282,744,n1,light
233284,710,n1,light
233286,694,n1,light
233288,696,n1,light
233290,704,n1,light
233292,673,n1,light
233294,661,n1,light
233296,645,n1,light
233298,679,n1,light
233300,673,n1,light
233302,672,n1,light
233304,685,n1,light
233306,700,n1,light
233308,675,n1,light
233310,662,n1,light
233312,628,n1,light
233314,603,n1,light
233316,594,n1,light
233318,597,n1,light
233320,598,n1,light
233322,581,n1,light
233324,570,n1,light
233326,587,n1,light
233328,576,n1,light
233330,569,n1,light
233332,605,n1,light
233334,607,n1,light
233336,593,n1,light
233338,619,n1,light
233340,622,n1,light
233342,631,n1,light
233344,608,n1,light
233346,592,n1,light
233348,598,n1,light
233350,613,n1,light
233352,599,n1,light
233354,581,n1,light
233356,592,n1,light
233358,587,n1,light
233360,563,n1,light
233362,551,n1,light
233364,531,n1,light
233366,531,n1,light
233368,526,n1,light
233370,497,n1,light
233372,492,n1,light
233374,472,n1,light
233376,459,n1,light
233378,437,n1,light
233380,444,n1,light
233382,425,n1,light
233384,405,n1,light
233386,386,n1,light
233388,385,n1,light
233390,368,n1,light
233392,362,n1,light
233394,340,n1,light
233396,332,n1,light
233398,333,n1,light
233400,349,n1,light
233402,370,n1,light
233404,364,n1,light
233406,383,n1,light
233408,373,n1,light
233410,359,n1,light
233412,356,n1,light
233414,342,n1,light
233416,348,n1,light
233418,346,n1,light
233420,418,n1,light
233422,464,n1,light
233424,482,n1,light
233426,496,n1,light
233428,484,n1,light
233430,470,n1,light
233432,468,n1,light
233434,592,n1,light
233436,609,n1,light
233438,611,n1,light
233440,616,n1,light
233442,601,n1,light
233444,599,n1,light
233446,590,n1,light
233448,560,n1,light
233450,531,n1,light
233452,576,n1,light
233454,633,n1,light
233456,641,n1,light
233458,685,n1,light
233460,655,n1,light
233462,646,n1,light
233464,620,n1,light
233466,606,n1,light
233468,588,n1,light
233470,591,n1,light
233472,580,n1,light
233474,549,n1,light
233476,511,n1,light
233478,529,n1,light
233480,527,n1,light
233482,533,n1,light
233484,508,n1,light
233486,511,n1,light
233488,490,n1,light
233490,499,n1,light
233492,526,n1,light
233494,538,n1,light
233496,546,n1,light
233498,592,n1,light
233500,621,n1,light
233502,624,n1,light
233504,608,n1,light
233506,667,n1,light
233508,692,n1,light
233510,684,n1,light
233512,695,n1,light
233514,687,n1,light
233516,688,n1,light
233518,661,n1,light
233520,651,n1,light
233522,619,n1,light
233524,601,n1,light
233526,577,n1,light
233528,555,n1,light
233530,571,n1,light
233532,555,n1,light
233534,529,n1,light
233536,528,n1,light
233538,504,n1,light
233540,489,n1,light
233542,473,n1,light
233544,465,n1,light
233546,449,n1,light
233548,450,n1,light
233550,432,n1,light
233552,433,n1,light
233554,422,n1,light
233556,416,n1,light
233558,419,n1,light
233560,403,n1,light
233562,394,n1,light
233564,411,n1,light
233566,412,n1,light
233568,441,n1,light
233570,474,n1,light
233572,463,n1,light
233574,453,n1,light
233576,441,n1,light
233578,427,n1,light
233580,433,n1,light
233582,420,n1,light
233584,416,n1,light
233586,422,n1,light
233588,418,n1,light
233590,395,n1,light
233592,375,n1,light
233594,358,n1,light
233596,339,n1,light
233598,336,n1,light
233600,406,n1,light
233602,448,n1,light
233604,483,n1,light
233606,528,n1,light
233608,500,n1,light
233610,490,n1,light
233612,511,n1,light
233614,511,n1,light
233616,497,n1,light
233618,495,n1,light
233620,560,n1,light
233622,640,n1,light
233624,642,n1,light
233626,719,n1,light
233628,706,n1,light
233630,689,n1,light
233632,678,n1,light
233634,673,n1,light
233636,651,n1,light
233638,625,n1,light
233640,615,n1,light
233642,596,n1,light
233644,590,n1,light
233646,598,n1,light
233648,599,n1,light
233650,589,n1,light
233652,562,n1,light
233654,546,n1,light
233656,534,n1,light
233658,557,n1,light
233660,572,n1,light
233662,560,n1,light
233664,549,n1,light
233666,538,n1,light
233668,507,n1,light
233670,498,n1,light
233672,490,n1,light
233674,507,n1,light
233676,510,n1,light
233678,526,n1,light
233680,527,n1,light
233682,506,n1,light
233684,480,n1,light
233686,467,n1,light
233688,493,n1,light
233690,541,n1,light
233692,585,n1,light
233694,656,n1,light
233696,659,n1,light
233698,647,n1,light
233700,659,n1,light
233702,681,n1,light
233704,665,n1,light
233706,632,n1,light
233708,609,n1,light
233710,593,n1,light
233712,560,n1,light
233714,571,n1,light
233716,586,n1,light
233718,576,n1,light
233720,558,n1,light
233722,533,n1,light
233724,535,n1,light
233726,528,n1,light
233728,496,n1,light
233730,474,n1,light
233732,526,n1,light
233734,560,n1,light
233736,563,n1,light
233738,626,n1,light
233740,624,n1,light
233742,639,n1,light
233744,633,n1,light
233746,634,n1,light
233748,622,n1,light
233750,633,n1,light
233752,639,n1,light
233754,611,n1,light
233756,581,n1,light
233758,560,n1,light
233760,544,n1,light
233762,511,n1,light
233764,506,n1,light
233766,494,n1,light
233768,499,n1,light
233770,511,n1,light
233772,503,n1,light
233774,528,n1,light
233776,529,n1,light
233778,585,n1,light
233780,626,n1,light
233782,649,n1,light
233784,733,n1,light
233786,720,n1,light
233788,688,n1,light
233790,656,n1,light
233792,650,n1,light
233794,663,n1,light
233796,646,n1,light
233798,629,n1,light
233800,613,n1,light
233802,583,n1,light
233804,624,n1,light
233806,634,n1,light
233808,614,n1,light
233810,592,n1,light
233812,586,n1,light
233814,593,n1,light
233816,589,n1,light
233818,577,n1,light
233820,567,n1,light
233822,589,n1,light
233824,587,n1,light
233826,579,n1,light
233828,565,n1,light
233830,566,n1,light
233832,541,n1,light
233834,511,n1,light
233836,496,n1,light
233838,477,n1,light
233840,474,n1,light
233842,457,n1,light
233844,446,n1,light
233846,461,n1,light
233848,453,n1,light
233850,432,n1,light
233852,450,n1,light
233854,527,n1,light
233856,571,n1,light
233858,592,n1,light
233860,650,n1,light
233862,669,n1,light
233864,667,n1,light
233866,690,n1,light
233868,701,n1,light
233870,695,n1,light
233872,707,n1,light
233874,705,n1,light
233876,685,n1,light
233878,685,n1,light
233880,679,n1,light
233882,674,n1,light
233884,661,n1,light
233886,669,n1,light
233888,662,n1,light
233890,655,n1,light
233892,663,n1,light
233894,634,n1,light
233896,615,n1,light
233898,624,n1,light
233900,593,n1,light
233902,567,n1,light
233904,546,n1,light
233906,527,n1,light
233908,511,n1,light
233910,497,n1,light
233912,511,n1,light
233914,496,n1,light
233916,490,n1,light
233918,464,n1,light
233920,452,n1,light
233922,445,n1,light
233924,432,n1,light
233926,427,n1,light
233928,458,n1,light
233930,511,n1,light
233932,527,n1,light
233934,563,n1,light
233936,624,n1,light
233938,616,n1,light
233940,594,n1,light
233942,576,n1,light
233944,559,n1,light
233946,529,n1,light
233948,506,n1,light
233950,499,n1,light
233952,495,n1,light
233954,511,n1,light
233956,495,n1,light
233958,478,n1,light
233960,477,n1,light
233962,464,n1,light
233964,439,n1,light
233966,451,n1,light
233968,477,n1,light
233970,476,n1,light
233972,463,n1,light
233974,461,n1,light
233976,453,n1,light
233978,450,n1,light
233980,451,n1,light
233982,432,n1,light
233984,445,n1,light
233986,447,n1,light
233988,455,n1,light
233990,467,n1,light
233992,496,n1,light
233994,521,n1,light
233996,496,n1,light
233998,469,n1,light
234000,469,n1,light
234002,470,n1,light
234004,455,n1,light
234006,442,n1,light
234008,464,n1,light
234010,485,n1,light
234012,483,n1,light
234014,511,n1,light
234016,525,n1,light
234018,574,n1,light
234020,595,n1,light
234022,687,n1,light
234024,742,n1,light
234026,793,n1,light
234028,822,n1,light
234030,787,n1,light
234032,763,n1,light
234034,752,n1,light
234036,725,n1,light
234038,698,n1,light
234040,693,n1,light
234042,672,n1,light
234044,656,n1,light
234046,634,n1,light
234048,623,n1,light
234050,611,n1,light
234052,622,n1,light
234054,658,n1,light
234056,661,n1,light
234058,673,n1,light
234060,718,n1,light
234062,707,n1,light
234064,679,n1,light
234066,656,n1,light
234068,640,n1,light
234070,624,n1,light
234072,638,n1,light
234074,651,n1,light
234076,629,n1,light
234078,602,n1,light
234080,581,n1,light
234082,562,n1,light
234084,545,n1,light
234086,547,n1,light
234088,642,n1,light
234090,771,n1,light
234092,789,n1,light
234094,983,n1,light
234096,1042,n1,light
234098,1023,n1,light
234100,978,n1,light
234102,937,n1,light
234104,911,n1,light
234106,882,n1,light
234108,855,n1,light
234110,845,n1,light
234112,829,n1,light
234114,827,n1,light
234116,827,n1,light
234118,784,n1,light
234120,750,n1,light
234122,714,n1,light
234124,682,n1,light
234126,649,n1,light
234128,625,n1,light
234130,616,n1,light
234132,592,n1,light
234134,582,n1,light
234136,577,n1,light
234138,553,n1,light
234140,528,n1,light
234142,538,n1,light
234144,563,n1,light
234146,560,n1,light
234148,567,n1,light
234150,608,n1,light
234152,603,n1,light
234154,609,n1,light
234156,613,n1,light
234158,613,n1,light
234160,639,n1,light
234162,622,n1,light
234164,590,n1,light
234166,574,n1,light
234168,551,n1,light
234170,587,n1,light
234172,611,n1,light
234174,635,n1,light
234176,680,n1,light
234178,678,n1,light
234180,646,n1,light
234182,653,n1,light
234184,698,n1,light
234186,701,n1,light
234188,753,n1,light
234190,770,n1,light
234192,747,n1,light
234194,720,n1,light
234196,735,n1,light
234198,723,n1,light
234200,693,n1,light
234202,665,n1,light
234204,639,n1,light
234206,630,n1,light
234208,620,n1,light
234210,606,n1,light
234212,604,n1,light
234214,594,n1,light
234216,575,n1,light
234218,542,n1,light
234220,508,n1,light
234222,491,n1,light
234224,466,n1,light
234226,450,n1,light
234228,429,n1,light
234230,409,n1,light
234232,390,n1,light
234234,382,n1,light
234236,374,n1,light
234238,368,n1,light
234240,385,n1,light
234242,370,n1,light
234244,367,n1,light
234246,356,n1,light
234248,337,n1,light
234250,320,n1,light
234252,317,n1,light
234254,304,n1,light
234256,304,n1,light
234258,289,n1,light
234260,279,n1,light
234262,262,n1,light
234264,256,n1,light
234266,245,n1,light
234268,237,n1,light
234270,237,n1,light
234272,243,n1,light
234274,253,n1,light
234276,279,n1,light
234278,281,n1,light
234280,315,n1,light
234282,317,n1,light
234284,318,n1,light
234286,311,n1,light
234288,348,n1,light
234290,364,n1,light
234292,352,n1,light
234294,337,n1,light
234296,350,n1,light
234298,336,n1,light
234300,367,n1,light
234302,357,n1,light
234304,350,n1,light
234306,336,n1,light
234308,323,n1,light
234310,308,n1,light
234312,314,n1,light
234314,315,n1,light
234316,334,n1,light
234318,331,n1,light
234320,321,n1,light
234322,346,n1,light
234324,390,n1,light
234326,422,n1,light
234328,465,n1,light
234330,461,n1,light
234332,438,n1,light
234334,424,n1,light
234336,465,n1,light
234338,580,n1,light
234340,592,n1,light
234342,698,n1,light
234344,752,n1,light
234346,722,n1,light
234348,690,n1,light
234350,656,n1,light
234352,635,n1,light
234354,608,n1,light
234356,577,n1,light
234358,558,n1,light
234360,535,n1,light
234362,531,n1,light
234364,505,n1,light
234366,481,n1,light
234368,503,n1,light
234370,549,n1,light
234372,552,n1,light
234374,615,n1,light
234376,607,n1,light
234378,576,n1,light
234380,572,n1,light
234382,565,n1,light
234384,542,n1,light
234386,543,n1,light
234388,534,n1,light
234390,505,n1,light
234392,495,n1,light
234394,490,n1,light
234396,481,n1,light
234398,464,n1,light
234400,454,n1,light
234402,447,n1,light
234404,431,n1,light
234406,433,n1,light
234408,429,n1,light
234410,406,n1,light
234412,388,n1,light
234414,384,n1,light
234416,394,n1,light
234418,385,n1,light
234420,371,n1,light
234422,354,n1,light
234424,343,n1,light
234426,355,n1,light
234428,368,n1,light
234430,362,n1,light
234432,371,n1,light
234434,367,n1,light
234436,346,n1,light
234438,357,n1,light
234440,371,n1,light
234442,395,n1,light
234444,381,n1,light
234446,391,n1,light
234448,442,n1,light
234450,454,n1,light
234452,442,n1,light
234454,464,n1,light
234456,480,n1,light
234458,464,n1,light
234460,489,n1,light
234462,487,n1,light
234464,496,n1,light
234466,511,n1,light
234468,509,n1,light
234470,544,n1,light
234472,542,n1,light
234474,560,n1,light
234476,571,n1,light
234478,630,n1,light
234480,612,n1,light
234482,629,n1,light
234484,622,n1,light
234486,620,n1,light
234488,603,n1,light
234490,586,n1,light
234492,577,n1,light
234494,557,n1,light
234496,526,n1,light
234498,497,n1,light
234500,481,n1,light
234502,463,n1,light
234504,439,n1,light
234506,421,n1,light
234508,402,n1,light
234510,391,n1,light
234512,375,n1,light
234514,367,n1,light
234516,355,n1,light
234518,355,n1,light
234520,347,n1,light
234522,354,n1,light
234524,335,n1,light
234526,315,n1,light
234528,358,n1,light
234530,467,n1,light
234532,497,n1,light
234534,633,n1,light
234536,679,n1,light
234538,677,n1,light
234540,654,n1,light
234542,631,n1,light
234544,609,n1,light
234546,622,n1,light
234548,657,n1,light
234550,675,n1,light
234552,719,n1,light
234554,707,n1,light
234556,685,n1,light
234558,660,n1,light
234560,635,n1,light
234562,610,n1,light
243584,942,n1,light
243586,942,n1,light
243588,971,n1,light
243590,966,n1,light
243592,925,n1,light
243594,906,n1,light
243596,962,n1,light
243598,953,n1,light
243600,944,n1,light
243602,944,n1,light
243604,921,n1,light
243606,909,n1,light
243608,888,n1,light
243610,865,n1,light
243612,842,n1,light
243614,825,n1,light
243616,829,n1,light
243618,816,n1,light
243620,810,n1,light
243622,823,n1,light
243624,799,n1,light
243626,784,n1,light
243628,755,n1,light
243630,729,n1,light
243632,704,n1,light
243634,679,n1,light
243636,705,n1,light
243638,706,n1,light
243640,757,n1,light
243642,770,n1,light
243644,782,n1,light
243646,741,n1,light
243648,720,n1,light
243650,687,n1,light
243652,672,n1,light
243654,647,n1,light
243656,678,n1,light
243658,714,n1,light
243660,704,n1,light
243662,782,n1,light
243664,816,n1,light
243666,801,n1,light
243668,905,n1,light
243670,944,n1,light
243672,1007,n1,light
243674,1035,n1,light
243676,1054,n1,light
243678,1006,n1,light
243680,966,n1,light
243682,932,n1,light
243684,886,n1,light
243686,874,n1,light
243688,843,n1,light
243690,811,n1,light
243692,810,n1,light
243694,784,n1,light
243696,795,n1,light
243698,763,n1,light
243700,736,n1,light
243702,719,n1,light
243704,717,n1,light
243706,704,n1,light
243708,688,n1,light
243710,671,n1,light
243712,662,n1,light
243714,666,n1,light
243716,640,n1,light
243718,623,n1,light
243720,665,n1,light
243722,695,n1,light
243724,706,n1,light
243726,767,n1,light
243728,798,n1,light
243730,795,n1,light
243732,771,n1,light
243734,778,n1,light
243736,759,n1,light
243738,742,n1,light
243740,739,n1,light
243742,740,n1,light
243744,709,n1,light
243746,679,n1,light
243748,658,n1,light
243750,640,n1,light
243752,636,n1,light
243754,649,n1,light
243756,639,n1,light
243758,667,n1,light
243760,659,n1,light
243762,649,n1,light
243764,643,n1,light
243766,616,n1,light
243768,592,n1,light
243770,565,n1,light
243772,537,n1,light
243774,529,n1,light
243776,503,n1,light
243778,480,n1,light
243780,489,n1,light
243782,496,n1,light
243784,537,n1,light
243786,560,n1,light
243788,543,n1,light
243790,525,n1,light
243792,529,n1,light
243794,501,n1,light
243796,500,n1,light
243798,528,n1,light
243800,511,n1,light
243802,498,n1,light
243804,576,n1,light
243806,605,n1,light
243808,711,n1,light
243810,701,n1,light
243812,746,n1,light
243814,862,n1,light
243816,882,n1,light
243818,850,n1,light
243820,838,n1,light
243822,834,n1,light
243824,811,n1,light
243826,833,n1,light
243828,811,n1,light
243830,862,n1,light
243832,877,n1,light
243834,863,n1,light
243836,842,n1,light
243838,803,n1,light
243840,769,n1,light
243842,738,n1,light
243844,717,n1,light
243846,705,n1,light
243848,674,n1,light
243850,657,n1,light
243852,640,n1,light
243854,627,n1,light
243856,596,n1,light
243858,592,n1,light
243860,562,n1,light
243862,537,n1,light
243864,526,n1,light
243866,496,n1,light
243868,477,n1,light
243870,471,n1,light
243872,464,n1,light
243874,452,n1,light
243876,438,n1,light
243878,447,n1,light
243880,434,n1,light
243882,451,n1,light
243884,432,n1,light
243886,464,n1,light
243888,485,n1,light
243890,533,n1,light
243892,511,n1,light
243894,496,n1,light
243896,495,n1,light
243898,473,n1,light
243900,453,n1,light
243902,446,n1,light
243904,436,n1,light
243906,455,n1,light
243908,451,n1,light
243910,433,n1,light
243912,413,n1,light
243914,400,n1,light
243916,379,n1,light
243918,362,n1,light
243920,349,n1,light
243922,334,n1,light
243924,321,n1,light
243926,331,n1,light
243928,319,n1,light
243930,321,n1,light
243932,326,n1,light
243934,346,n1,light
243936,337,n1,light
243938,325,n1,light
243940,308,n1,light
243942,297,n1,light
243944,285,n1,light
243946,271,n1,light
243948,263,n1,light
243950,251,n1,light
243952,240,n1,light
243954,240,n1,light
243956,272,n1,light
243958,254,n1,light
243960,251,n1,light
243962,265,n1,light
243964,257,n1,light
243966,256,n1,light
243968,241,n1,light
243970,239,n1,light
243972,226,n1,light
243974,227,n1,light
243976,242,n1,light
243978,235,n1,light
243980,228,n1,light
243982,217,n1,light
243984,215,n1,light
243986,240,n1,light
243988,231,n1,light
243990,226,n1,light
243992,255,n1,light
243994,245,n1,light
243996,284,n1,light
243998,294,n1,light
244000,304,n1,light
244002,391,n1,light
244004,400,n1,light
244006,378,n1,light
244008,381,n1,light
244010,366,n1,light
244012,351,n1,light
244014,339,n1,light
244016,336,n1,light
244018,318,n1,light
244020,344,n1,light
244022,384,n1,light
244024,390,n1,light
244026,398,n1,light
244028,429,n1,light
244030,423,n1,light
244032,464,n1,light
244034,485,n1,light
244036,464,n1,light
244038,464,n1,light
244040,449,n1,light
244042,430,n1,light
244044,413,n1,light
244046,418,n1,light
244048,418,n1,light
244050,414,n1,light
244052,404,n1,light
244054,399,n1,light
244056,387,n1,light
244058,369,n1,light
244060,365,n1,light
244062,355,n1,light
244064,348,n1,light
244066,368,n1,light
244068,351,n1,light
244070,336,n1,light
244072,350,n1,light
244074,350,n1,light
244076,364,n1,light
244078,368,n1,light
244080,368,n1,light
244082,368,n1,light
244084,458,n1,light
244086,459,n1,light
244088,459,n1,light
244090,448,n1,light
244092,432,n1,light
244094,473,n1,light
244096,529,n1,light
244098,541,n1,light
244100,631,n1,light
244102,683,n1,light
244104,691,n1,light
244106,708,n1,light
244108,745,n1,light
244110,725,n1,light
244112,700,n1,light
244114,691,n1,light
244116,675,n1,light
244118,663,n1,light
244120,674,n1,light
244122,671,n1,light
244124,693,n1,light
244126,769,n1,light
244128,838,n1,light
244130,819,n1,light
244132,839,n1,light
244134,833,n1,light
244136,830,n1,light
244138,827,n1,light
244140,816,n1,light
244142,819,n1,light
244144,847,n1,light
244146,859,n1,light
244148,886,n1,light
244150,861,n1,light
244152,841,n1,light
244154,880,n1,light
244156,881,n1,light
244158,879,n1,light
244160,885,n1,light
244162,849,n1,light
244164,828,n1,light
244166,816,n1,light
244168,855,n1,light
244170,912,n1,light
244172,945,n1,light
244174,989,n1,light
244176,991,n1,light
244178,1005,n1,light
244180,978,n1,light
244182,941,n1,light
244184,994,n1,light
244186,993,n1,light
244188,960,n1,light
244190,941,n1,light
244192,950,n1,light
244194,991,n1,light
244196,977,n1,light
244198,979,n1,light
244200,976,n1,light
244202,943,n1,light
244204,896,n1,light
244206,880,n1,light
244208,845,n1,light
244210,832,n1,light
244212,794,n1,light
244214,756,n1,light
244216,740,n1,light
244218,714,n1,light
244220,711,n1,light
244222,701,n1,light
244224,677,n1,light
244226,656,n1,light
244228,636,n1,light
244230,632,n1,light
244232,689,n1,light
244234,733,n1,light
244236,739,n1,light
244238,778,n1,light
244240,759,n1,light
244242,733,n1,light
244244,703,n1,light
244246,670,n1,light
244248,639,n1,light
244250,625,n1,light
244252,614,n1,light
244254,618,n1,light
244256,610,n1,light
244258,592,n1,light
244260,626,n1,light
244262,657,n1,light
244264,653,n1,light
244266,625,n1,light
244268,651,n1,light
244270,623,n1,light
244272,624,n1,light
244274,626,n1,light
244276,651,n1,light
244278,646,n1,light
244280,672,n1,light
244282,673,n1,light
244284,672,n1,light
244286,671,n1,light
244288,661,n1,light
244290,683,n1,light
244292,656,n1,light
244294,659,n1,light
244296,645,n1,light
244298,655,n1,light
244300,639,n1,light
244302,624,n1,light
244304,608,n1,light
244306,596,n1,light
244308,577,n1,light
244310,571,n1,light
244312,557,n1,light
244314,546,n1,light
244316,535,n1,light
244318,503,n1,light
244320,496,n1,light
244322,479,n1,light
244324,459,n1,light
244326,460,n1,light
244328,433,n1,light
244330,448,n1,light
244332,432,n1,light
244334,422,n1,light
244336,439,n1,light
244338,486,n1,light
244340,511,n1,light
244342,511,n1,light
244344,559,n1,light
244346,594,n1,light
244348,592,n1,light
244350,573,n1,light
244352,560,n1,light
244354,533,n1,light
244356,506,n1,light
244358,541,n1,light
244360,576,n1,light
244362,574,n1,light
244364,575,n1,light
244366,617,n1,light
244368,610,n1,light
244370,634,n1,light
244372,624,n1,light
244374,638,n1,light
244376,626,n1,light
244378,666,n1,light
244380,731,n1,light
244382,752,n1,light
244384,741,n1,light
244386,771,n1,light
244388,761,n1,light
244390,762,n1,light
244392,738,n1,light
244394,730,n1,light
244396,716,n1,light
244398,693,n1,light
244400,706,n1,light
244402,683,n1,light
244404,670,n1,light
244406,672,n1,light
244408,656,n1,light
244410,639,n1,light
244412,636,n1,light
244414,624,n1,light
244416,645,n1,light
244418,738,n1,light
244420,719,n1,light
244422,710,n1,light
244424,725,n1,light
244426,695,n1,light
244428,737,n1,light
244430,816,n1,light
244432,809,n1,light
244434,877,n1,light
244436,938,n1,light
244438,923,n1,light
244440,938,n1,light
244442,901,n1,light
244444,878,n1,light
244446,849,n1,light
244448,844,n1,light
244450,818,n1,light
244452,852,n1,light
244454,829,n1,light
244456,807,n1,light
244458,810,n1,light
244460,784,n1,light
244462,787,n1,light
244464,762,n1,light
244466,733,n1,light
244468,751,n1,light
244470,774,n1,light
244472,816,n1,light
244474,865,n1,light
244476,832,n1,light
244478,816,n1,light
244480,784,n1,light
244482,766,n1,light
244484,741,n1,light
244486,731,n1,light
244488,705,n1,light
244490,691,n1,light
244492,678,n1,light
244494,688,n1,light
244496,708,n1,light
244498,694,n1,light
244500,731,n1,light
244502,719,n1,light
244504,701,n1,light
244506,730,n1,light
244508,718,n1,light
244510,770,n1,light
244512,769,n1,light
244514,780,n1,light
244516,764,n1,light
244518,778,n1,light
244520,750,n1,light
244522,767,n1,light
244524,805,n1,light
244526,799,n1,light
244528,765,n1,light
244530,816,n1,light
244532,843,n1,light
244534,815,n1,light
244536,800,n1,light
244538,773,n1,light
244540,736,n1,light
244542,729,n1,light
244544,734,n1,light
244546,705,n1,light
244548,689,n1,light
244550,685,n1,light
244552,668,n1,light
244554,630,n1,light
244556,619,n1,light
244558,623,n1,light
244560,635,n1,light
244562,679,n1,light
244564,658,n1,light
244566,663,n1,light
244568,668,n1,light
244570,669,n1,light
244572,656,n1,light
244574,629,n1,light
244576,606,n1,light
244578,592,n1,light
244580,589,n1,light
244582,589,n1,light
244584,560,n1,light
244586,539,n1,light
244588,613,n1,light
244590,657,n1,light
244592,653,n1,light
244594,633,n1,light
244596,612,n1,light
244598,592,n1,light
244600,627,n1,light
244602,655,n1,light
244604,639,n1,light
244606,675,n1,light
244608,670,n1,light
244610,673,n1,light
244612,749,n1,light
244614,740,n1,light
244616,754,n1,light
244618,768,n1,light
244620,765,n1,light
244622,817,n1,light
244624,921,n1,light
244626,925,n1,light
244628,919,n1,light
244630,897,n1,light
244632,860,n1,light
244634,826,n1,light
244636,801,n1,light
244638,785,n1,light
244640,768,n1,light
244642,747,n1,light
244644,720,n1,light
244646,720,n1,light
244648,770,n1,light
244650,789,n1,light
244652,840,n1,light
244654,822,n1,light
244656,796,n1,light
244658,782,n1,light
244660,754,n1,light
244662,763,n1,light
244664,761,n1,light
244666,727,n1,light
244668,701,n1,light
244670,723,n1,light
244672,791,n1,light
244674,797,n1,light
244676,786,n1,light
244678,807,n1,light
244680,791,n1,light
244682,755,n1,light
244684,731,n1,light
244686,753,n1,light
244688,774,n1,light
244690,767,n1,light
244692,854,n1,light
244694,850,n1,light
244696,821,n1,light
244698,823,n1,light
244700,816,n1,light
244702,801,n1,light
244704,791,n1,light
244706,845,n1,light
244708,838,n1,light
244710,876,n1,light
244712,922,n1,light
244714,912,n1,light
244716,928,n1,light
244718,1039,n1,light
244720,1091,n1,light
244722,1043,n1,light
244724,1040,n1,light
244726,1040,n1,light
244728,1008,n1,light
244730,1009,n1,light
244732,1007,n1,light
244734,981,n1,light
244736,983,n1,light
244738,970,n1,light
244740,933,n1,light
244742,938,n1,light
244744,938,n1,light
244746,944,n1,light
244748,912,n1,light
244750,919,n1,light
244752,978,n1,light
244754,947,n1,light
244756,937,n1,light
244758,898,n1,light
244760,880,n1,light
244762,858,n1,light
244764,846,n1,light
244766,811,n1,light
244768,823,n1,light
244770,813,n1,light
244772,822,n1,light
244774,831,n1,light
244776,861,n1,light
244778,835,n1,light
244780,799,n1,light
244782,769,n1,light
244784,743,n1,light
244786,785,n1,light
244788,799,n1,light
244790,805,n1,light
244792,885,n1,light
244794,887,n1,light
244796,850,n1,light
244798,816,n1,light
244800,782,n1,light
244802,790,n1,light
244804,782,n1,light
244806,759,n1,light
244808,737,n1,light
244810,732,n1,light
244812,762,n1,light
244814,757,n1,light
244816,747,n1,light
244818,716,n1,light
244820,705,n1,light
244822,690,n1,light
244824,719,n1,light
244826,706,n1,light
244828,671,n1,light
244830,657,n1,light
244832,657,n1,light
244834,626,n1,light
244836,605,n1,light
244838,633,n1,light
244840,767,n1,light
244842,832,n1,light
244844,911,n1,light
244846,1023,n1,light
244848,1014,n1,light
244850,976,n1,light
244852,928,n1,light
244854,885,n1,light
244856,857,n1,light
244858,831,n1,light
244860,822,n1,light
244862,797,n1,light
244864,757,n1,light
244866,720,n1,light
244868,734,n1,light
244870,737,n1,light
244872,707,n1,light
244874,693,n1,light
244876,697,n1,light
244878,746,n1,light
244880,731,n1,light
244882,724,n1,light
244884,702,n1,light
244886,720,n1,light
244888,742,n1,light
244890,729,n1,light
244892,706,n1,light
244894,721,n1,light
244896,750,n1,light
244898,843,n1,light
244900,854,n1,light
244902,880,n1,light
244904,880,n1,light
244906,905,n1,light
244908,871,n1,light
244910,832,n1,light
244912,878,n1,light
244914,855,n1,light
244916,839,n1,light
244918,817,n1,light
244920,789,n1,light
244922,766,n1,light
244924,734,n1,light
244926,735,n1,light
244928,752,n1,light
244930,742,n1,light
244932,752,n1,light
244934,726,n1,light
244936,705,n1,light
244938,711,n1,light
244940,697,n1,light
244942,692,n1,light
244944,723,n1,light
244946,699,n1,light
244948,666,n1,light
244950,640,n1,light
244952,612,n1,light
244954,594,n1,light
244956,584,n1,light
244958,577,n1,light
244960,574,n1,light
244962,559,n1,light
244964,542,n1,light
244966,534,n1,light
244968,575,n1,light
244970,576,n1,light
244972,618,n1,light
244974,625,n1,light
244976,638,n1,light
244978,623,n1,light
244980,675,n1,light
244982,667,n1,light
244984,637,n1,light
244986,621,n1,light
244988,609,n1,light
244990,596,n1,light
244992,587,n1,light
244994,629,n1,light
244996,690,n1,light
244998,718,n1,light
245000,743,n1,light
245002,774,n1,light
245004,762,n1,light
245006,733,n1,light
245008,718,n1,light
245010,685,n1,light
245012,657,n1,light
245014,647,n1,light
245016,624,n1,light
245018,623,n1,light
245020,601,n1,light
245022,592,n1,light
245024,575,n1,light
245026,578,n1,light
245028,578,n1,light
245030,565,n1,light
245032,565,n1,light
245034,553,n1,light
245036,540,n1,light
245038,528,n1,light
245040,511,n1,light
245042,502,n1,light
245044,496,n1,light
245046,531,n1,light
245048,533,n1,light
245050,528,n1,light
245052,546,n1,light
245054,535,n1,light
245056,511,n1,light
245058,496,n1,light
245060,498,n1,light
245062,505,n1,light
245064,511,n1,light
245066,527,n1,light
245068,624,n1,light
245070,624,n1,light
245072,616,n1,light
245074,637,n1,light
245076,646,n1,light
245078,629,n1,light
245080,613,n1,light
245082,622,n1,light
245084,605,n1,light
245086,594,n1,light
245088,575,n1,light
245090,560,n1,light
245092,539,n1,light
245094,534,n1,light
245096,538,n1,light
245098,511,n1,light
245100,511,n1,light
245102,554,n1,light
245104,554,n1,light
245106,543,n1,light
245108,543,n1,light
245110,560,n1,light
245112,544,n1,light
245114,528,n1,light
245116,496,n1,light
245118,498,n1,light
245120,481,n1,light
245122,454,n1,light
245124,462,n1,light
245126,457,n1,light
245128,437,n1,light
245130,418,n1,light
245132,400,n1,light
245134,387,n1,light
245136,390,n1,light
245138,377,n1,light
245140,373,n1,light
245142,368,n1,light
245144,353,n1,light
245146,349,n1,light
245148,352,n1,light
245150,337,n1,light
245152,387,n1,light
245154,422,n1,light
245156,438,n1,light
245158,496,n1,light
245160,511,n1,light
245162,507,n1,light
245164,498,n1,light
245166,475,n1,light
245168,459,n1,light
245170,481,n1,light
245172,500,n1,light
245174,494,n1,light
245176,534,n1,light
245178,539,n1,light
245180,551,n1,light
245182,534,n1,light
245184,511,n1,light
245186,495,n1,light
245188,475,n1,light
245190,459,n1,light
245192,449,n1,light
245194,447,n1,light
245196,425,n1,light
245198,418,n1,light
245200,437,n1,light
245202,442,n1,light
245204,436,n1,light
245206,493,n1,light
245208,496,n1,light
245210,510,n1,light
245212,497,n1,light
245214,473,n1,light
245216,455,n1,light
245218,431,n1,light
245220,410,n1,light
245222,400,n1,light
245224,385,n1,light
245226,384,n1,light
245228,368,n1,light
245230,354,n1,light
245232,368,n1,light
245234,405,n1,light
245236,415,n1,light
245238,430,n1,light
245240,475,n1,light
245242,456,n1,light
245244,443,n1,light
245246,453,n1,light
245248,468,n1,light
245250,500,n1,light
245252,506,n1,light
245254,528,n1,light
245256,542,n1,light
245258,602,n1,light
245260,663,n1,light
245262,640,n1,light
245264,631,n1,light
245266,608,n1,light
245268,598,n1,light
245270,613,n1,light
245272,597,n1,light
245274,611,n1,light
245276,610,n1,light
245278,661,n1,light
245280,647,n1,light
245282,669,n1,light
245284,671,n1,light
245286,683,n1,light
245288,656,n1,light
245290,659,n1,light
245292,673,n1,light
245294,699,n1,light
245296,734,n1,light
245298,737,n1,light
245300,743,n1,light
245302,787,n1,light
245304,791,n1,light
245306,837,n1,light
245308,833,n1,light
245310,797,n1,light
245312,778,n1,light
245314,755,n1,light
245316,752,n1,light
245318,785,n1,light
245320,834,n1,light
245322,820,n1,light
245324,846,n1,light
245326,873,n1,light
245328,837,n1,light
245330,883,n1,light
245332,895,n1,light
245334,928,n1,light
245336,933,n1,light
245338,891,n1,light
245340,852,n1,light
245342,826,n1,light
245344,789,n1,light
245346,753,n1,light
245348,748,n1,light
245350,763,n1,light
245352,757,n1,light
245354,769,n1,light
245356,752,n1,light
245358,755,n1,light
245360,781,n1,light
245362,791,n1,light
245364,831,n1,light
245366,814,n1,light
245368,805,n1,light
245370,784,n1,light
245372,754,n1,light
245374,731,n1,light
245376,698,n1,light
245378,698,n1,light
245380,720,n1,light
245382,695,n1,light
245384,660,n1,light
245386,638,n1,light
245388,615,n1,light
245390,656,n1,light
245392,695,n1,light
245394,715,n1,light
245396,816,n1,light
245398,864,n1,light
245400,849,n1,light
245402,827,n1,light
245404,816,n1,light
245406,796,n1,light
245408,784,n1,light
245410,765,n1,light
245412,762,n1,light
245414,738,n1,light
245416,729,n1,light
245418,722,n1,light
245420,727,n1,light
245422,713,n1,light
245424,729,n1,light
245426,753,n1,light
245428,757,n1,light
245430,783,n1,light
245432,759,n1,light
245434,722,n1,light
245436,698,n1,light
245438,687,n1,light
245440,656,n1,light
245442,656,n1,light
245444,637,n1,light
245446,704,n1,light
245448,721,n1,light
245450,771,n1,light
245452,785,n1,light
245454,791,n1,light
245456,754,n1,light
245458,765,n1,light
245460,835,n1,light
245462,823,n1,light
245464,800,n1,light
245466,763,n1,light
245468,725,n1,light
245470,718,n1,light
245472,682,n1,light
245474,674,n1,light
245476,709,n1,light
245478,694,n1,light
245480,701,n1,light
245482,689,n1,light
245484,687,n1,light
245486,655,n1,light
245488,655,n1,light
245490,656,n1,light
245492,644,n1,light
245494,687,n1,light
245496,691,n1,light
245498,675,n1,light
245500,660,n1,light
245502,637,n1,light
245504,617,n1,light
245506,589,n1,light
245508,573,n1,light
245510,582,n1,light
245512,558,n1,light
245514,550,n1,light
245516,539,n1,light
245518,511,n1,light
245520,501,n1,light
245522,489,n1,light
245524,485,n1,light
245526,480,n1,light
245528,479,n1,light
245530,464,n1,light
245532,507,n1,light
245534,484,n1,light
245536,496,n1,light
245538,489,n1,light
245540,485,n1,light
245542,511,n1,light
245544,550,n1,light
245546,585,n1,light
245548,640,n1,light
245550,644,n1,light
245552,639,n1,light
245554,662,n1,light
245556,668,n1,light
245558,707,n1,light
245560,694,n1,light
245562,709,n1,light
245564,700,n1,light
245566,767,n1,light
245568,843,n1,light
245570,822,n1,light
245572,805,n1,light
245574,816,n1,light
245576,818,n1,light
245578,791,n1,light
245580,770,n1,light
245582,762,n1,light
245584,764,n1,light
245586,733,n1,light
245588,698,n1,light
245590,675,n1,light
245592,654,n1,light
245594,624,n1,light
245596,610,n1,light
245598,592,n1,light
245600,578,n1,light
245602,590,n1,light
245604,561,n1,light
245606,537,n1,light
245608,511,n1,light
245610,502,n1,light
245612,530,n1,light
245614,508,n1,light
245616,483,n1,light
245618,463,n1,light
245620,458,n1,light
245622,475,n1,light
245624,475,n1,light
245626,458,n1,light
245628,450,n1,light
245630,459,n1,light
245632,443,n1,light
245634,432,n1,light
245636,466,n1,light
245638,482,n1,light
245640,477,n1,light
245642,466,n1,light
245644,495,n1,light
245646,511,n1,light
245648,611,n1,light
245650,656,n1,light
245652,672,n1,light
245654,670,n1,light
245656,646,n1,light
245658,674,n1,light
245660,677,n1,light
245662,665,n1,light
245664,667,n1,light
245666,643,n1,light
245668,647,n1,light
245670,618,n1,light
245672,614,n1,light
245674,619,n1,light
245676,622,n1,light
245678,624,n1,light
245680,621,n1,light
245682,613,n1,light
245684,581,n1,light
245686,568,n1,light
245688,541,n1,light
245690,548,n1,light
245692,558,n1,light
245694,569,n1,light
245696,567,n1,light
245698,614,n1,light
245700,770,n1,light
245702,853,n1,light
245704,946,n1,light
245706,1134,n1,light
245708,1181,n1,light
245710,1131,n1,light
245712,1093,n1,light
245714,1061,n1,light
245716,1015,n1,light
245718,966,n1,light
245720,926,n1,light
245722,912,n1,light
245724,875,n1,light
245726,853,n1,light
245728,845,n1,light
245730,842,n1,light
245732,804,n1,light
245734,779,n1,light
245736,816,n1,light
245738,826,n1,light
245740,842,n1,light
245742,885,n1,light
245744,874,n1,light
245746,880,n1,light
245748,853,n1,light
245750,848,n1,light
245752,841,n1,light
245754,834,n1,light
245756,814,n1,light
245758,819,n1,light
245760,795,n1,light
245762,859,n1,light
245764,931,n1,light
245766,927,n1,light
245768,976,n1,light
245770,981,n1,light
245772,949,n1,light
245774,926,n1,light
245776,913,n1,light
245778,897,n1,light
245780,871,n1,light
245782,848,n1,light
245784,810,n1,light
245786,781,n1,light
245788,758,n1,light
245790,721,n1,light
245792,715,n1,light
245794,715,n1,light
245796,736,n1,light
245798,733,n1,light
245800,704,n1,light
245802,727,n1,light
245804,749,n1,light
245806,736,n1,light
245808,721,n1,light
245810,714,n1,light
245812,721,n1,light
245814,745,n1,light
245816,801,n1,light
245818,808,n1,light
245820,839,n1,light
245822,839,n1,light
245824,816,n1,light
245826,793,n1,light
245828,784,n1,light
245830,751,n1,light
245832,725,n1,light
245834,737,n1,light
245836,720,n1,light
245838,759,n1,light
245840,766,n1,light
245842,759,n1,light
245844,757,n1,light
245846,735,n1,light
245848,705,n1,light
245850,712,n1,light
245852,689,n1,light
245854,669,n1,light
245856,658,n1,light
245858,669,n1,light
245860,681,n1,light
245862,717,n1,light
245864,720,n1,light
245866,706,n1,light
245868,795,n1,light
245870,860,n1,light
245872,832,n1,light
245874,793,n1,light
245876,765,n1,light
245878,738,n1,light
245880,726,n1,light
245882,707,n1,light
245884,698,n1,light
245886,673,n1,light
245888,650,n1,light
245890,620,n1,light
245892,595,n1,light
245894,576,n1,light
245896,576,n1,light
245898,560,n1,light
245900,615,n1,light
245902,671,n1,light
245904,655,n1,light
245906,642,n1,light
245908,650,n1,light
245910,659,n1,light
245912,665,n1,light
245914,646,n1,light
245916,624,n1,light
245918,611,n1,light
245920,606,n1,light
245922,641,n1,light
245924,638,n1,light
245926,617,n1,light
245928,606,n1,light
245930,606,n1,light
245932,617,n1,light
245934,717,n1,light
245936,717,n1,light
245938,721,n1,light
245940,702,n1,light
245942,670,n1,light
245944,713,n1,light
245946,752,n1,light
245948,747,n1,light
245950,757,n1,light
245952,777,n1,light
245954,754,n1,light
245956,733,n1,light
245958,713,n1,light
245960,695,n1,light
245962,690,n1,light
245964,688,n1,light
245966,656,n1,light
245968,646,n1,light
245970,629,n1,light
245972,603,n1,light
245974,575,n1,light
245976,559,n1,light
245978,565,n1,light
245980,581,n1,light
245982,578,n1,light
245984,559,n1,light
245986,561,n1,light
245988,611,n1,light
245990,623,n1,light
245992,658,n1,light
245994,653,n1,light
245996,633,n1,light
245998,652,n1,light
246000,636,n1,light
246002,624,n1,light
246004,683,n1,light
246006,773,n1,light
246008,813,n1,light
246010,874,n1,light
246012,874,n1,light
246014,848,n1,light
246016,822,n1,light
246018,829,n1,light
246020,848,n1,light
246022,841,n1,light
246024,848,n1,light
246026,829,n1,light
246028,822,n1,light
246030,787,n1,light
246032,790,n1,light
246034,787,n1,light
246036,768,n1,light
246038,739,n1,light
246040,709,n1,light
246042,707,n1,light
246044,702,n1,light
246046,677,n1,light
246048,655,n1,light
246050,630,n1,light
246052,625,n1,light
246054,675,n1,light
246056,659,n1,light
246058,711,n1,light
246060,742,n1,light
246062,757,n1,light
246064,735,n1,light
246066,703,n1,light
246068,675,n1,light
246070,673,n1,light
246072,705,n1,light
246074,688,n1,light
246076,758,n1,light
246078,770,n1,light
246080,841,n1,light
246082,809,n1,light
246084,828,n1,light
246086,818,n1,light
246088,786,n1,light
246090,752,n1,light
246092,760,n1,light
246094,743,n1,light
246096,731,n1,light
246098,697,n1,light
246100,674,n1,light
246102,656,n1,light
246104,644,n1,light
246106,666,n1,light
246108,661,n1,light
246110,717,n1,light
246112,720,n1,light
246114,749,n1,light
246116,743,n1,light
246118,783,n1,light
246120,779,n1,light
246122,762,n1,light
246124,802,n1,light
246126,803,n1,light
246128,817,n1,light
246130,795,n1,light
246132,766,n1,light
246134,733,n1,light
246136,713,n1,light
246138,706,n1,light
246140,714,n1,light
246142,723,n1,light
246144,695,n1,light
246146,669,n1,light
246148,661,n1,light
246150,642,n1,light
246152,624,n1,light
246154,642,n1,light
246156,628,n1,light
246158,602,n1,light
246160,582,n1,light
246162,577,n1,light
246164,582,n1,light
246166,564,n1,light
246168,555,n1,light
246170,528,n1,light
246172,503,n1,light
246174,498,n1,light
246176,483,n1,light
246178,503,n1,light
246180,511,n1,light
246182,541,n1,light
246184,611,n1,light
246186,634,n1,light
246188,667,n1,light
246190,704,n1,light
246192,716,n1,light
246194,742,n1,light
246196,759,n1,light
246198,789,n1,light
246200,774,n1,light
246202,821,n1,light
246204,822,n1,light
246206,817,n1,light
246208,788,n1,light
246210,752,n1,light
246212,723,n1,light
246214,702,n1,light
246216,677,n1,light
246218,660,n1,light
246220,636,n1,light
246222,624,n1,light
246224,615,n1,light
246226,604,n1,light
246228,592,n1,light
246230,592,n1,light
246232,590,n1,light
246234,574,n1,light
246236,554,n1,light
246238,546,n1,light
246240,533,n1,light
246242,548,n1,light
246244,551,n1,light
246246,560,n1,light
246248,560,n1,light
246250,543,n1,light
246252,548,n1,light
246254,528,n1,light
246256,529,n1,light
246258,531,n1,light
246260,563,n1,light
246262,608,n1,light
246264,597,n1,light
246266,578,n1,light
246268,577,n1,light
246270,560,n1,light
246272,554,n1,light
246274,554,n1,light
246276,563,n1,light
246278,621,n1,light
246280,651,n1,light
246282,627,n1,light
246284,646,n1,light
246286,721,n1,light
246288,706,n1,light
246290,719,n1,light
246292,747,n1,light
246294,748,n1,light
246296,774,n1,light
246298,825,n1,light
246300,821,n1,light
246302,807,n1,light
246304,784,n1,light
246306,749,n1,light
246308,715,n1,light
246310,688,n1,light
246312,683,n1,light
246314,679,n1,light
246316,647,n1,light
246318,630,n1,light
246320,629,n1,light
246322,619,n1,light
246324,607,n1,light
246326,667,n1,light
246328,653,n1,light
246330,640,n1,light
246332,618,n1,light
246334,613,n1,light
246336,610,n1,light
246338,644,n1,light
246340,629,n1,light
246342,629,n1,light
246344,605,n1,light
246346,582,n1,light
246348,575,n1,light
246350,574,n1,light
246352,574,n1,light
246354,587,n1,light
246356,626,n1,light
246358,606,n1,light
246360,577,n1,light
246362,591,n1,light
246364,629,n1,light
246366,641,n1,light
246368,643,n1,light
246370,616,n1,light
246372,596,n1,light
246374,621,n1,light
246376,637,n1,light
246378,623,n1,light
246380,608,n1,light
246382,587,n1,light
246384,595,n1,light
246386,603,n1,light
246388,575,n1,light
246390,592,n1,light
246392,579,n1,light
246394,560,n1,light
246396,607,n1,light
246398,643,n1,light
246400,720,n1,light
246402,766,n1,light
246404,833,n1,light
246406,817,n1,light
246408,782,n1,light
246410,775,n1,light
246412,752,n1,light
246414,720,n1,light
246416,704,n1,light
246418,678,n1,light
246420,703,n1,light
246422,720,n1,light
246424,750,n1,light
246426,733,n1,light
246428,706,n1,light
246430,720,n1,light
246432,725,n1,light
246434,707,n1,light
246436,738,n1,light
246438,746,n1,light
246440,726,n1,light
246442,711,n1,light
246444,704,n1,light
246446,681,n1,light
246448,660,n1,light
246450,659,n1,light
246452,698,n1,light
246454,697,n1,light
246456,703,n1,light
246458,723,n1,light
246460,734,n1,light
246462,703,n1,light
246464,687,n1,light
246466,656,n1,light
246468,633,n1,light
246470,614,n1,light
246472,589,n1,light
246474,564,n1,light
246476,535,n1,light
246478,528,n1,light
246480,526,n1,light
246482,510,n1,light
246484,528,n1,light
246486,583,n1,light
246488,603,n1,light
246490,679,n1,light
246492,689,n1,light
246494,673,n1,light
246496,674,n1,light
246498,663,n1,light
246500,653,n1,light
246502,627,n1,light
246504,609,n1,light
246506,593,n1,light
246508,577,n1,light
246510,573,n1,light
246512,602,n1,light
246514,595,n1,light
246516,593,n1,light
246518,661,n1,light
246520,679,n1,light
246522,653,n1,light
246524,667,n1,light
246526,650,n1,light
246528,641,n1,light
246530,625,n1,light
246532,623,n1,light
246534,594,n1,light
246536,567,n1,light
246538,553,n1,light
246540,543,n1,light
246542,511,n1,light
246544,491,n1,light
246546,528,n1,light
246548,543,n1,light
246550,511,n1,light
246552,497,n1,light
246554,538,n1,light
246556,576,n1,light
246558,607,n1,light
246560,755,n1,light
246562,881,n1,light
246564,940,n1,light
246566,1047,n1,light
246568,1007,n1,light
246570,981,n1,light
246572,940,n1,light
246574,899,n1,light
246576,863,n1,light
246578,865,n1,light
246580,893,n1,light
246582,874,n1,light
246584,886,n1,light
246586,912,n1,light
255618,1741,n1,light
255620,1771,n1,light
255622,1757,n1,light
255624,1694,n1,light
255626,1724,n1,light
255628,1735,n1,light
255630,1712,n1,light
255632,1840,n1,light
255634,1969,n1,light
255636,1903,n1,light
255638,1857,n1,light
255640,1808,n1,light
255642,1785,n1,light
255644,1722,n1,light
255646,1743,n1,light
255648,1723,n1,light
255650,1775,n1,light
255652,2087,n1,light
255654,2341,n1,light
255656,2345,n1,light
255658,2515,n1,light
255660,2549,n1,light
255662,2551,n1,light
255664,2539,n1,light
255666,2512,n1,light
255668,2485,n1,light
255670,2425,n1,light
255672,2377,n1,light
255674,2444,n1,light
255676,2410,n1,light
255678,2382,n1,light
255680,2352,n1,light
255682,2315,n1,light
255684,2405,n1,light
255686,2503,n1,light
255688,2513,n1,light
255690,2533,n1,light
255692,2525,n1,light
255694,2422,n1,light
255696,2339,n1,light
255698,2329,n1,light
255700,2349,n1,light
255702,2256,n1,light
255704,2229,n1,light
255706,2183,n1,light
255708,2268,n1,light
255710,2278,n1,light
255712,2290,n1,light
255714,2269,n1,light
255716,2313,n1,light
255718,2420,n1,light
255720,2417,n1,light
255722,2447,n1,light
255724,2432,n1,light
255726,2447,n1,light
255728,2420,n1,light
255730,2448,n1,light
255732,2492,n1,light
255734,2458,n1,light
255736,2513,n1,light
255738,2464,n1,light
255740,2470,n1,light
255742,2400,n1,light
255744,2361,n1,light
255746,2309,n1,light
255748,2258,n1,light
255750,2229,n1,light
255752,2268,n1,light
255754,2260,n1,light
255756,2277,n1,light
255758,2410,n1,light
255760,2465,n1,light
255762,2464,n1,light
255764,2606,n1,light
255766,2543,n1,light
255768,2523,n1,light
255770,2442,n1,light
255772,2351,n1,light
255774,2288,n1,light
255776,2230,n1,light
255778,2160,n1,light
255780,2107,n1,light
255782,2064,n1,light
255784,2001,n1,light
255786,1925,n1,light
255788,1847,n1,light
255790,1775,n1,light
255792,1722,n1,light
255794,1656,n1,light
255796,1664,n1,light
255798,1681,n1,light
255800,1616,n1,light
255802,1582,n1,light
255804,1610,n1,light
255806,1647,n1,light
255808,1613,n1,light
255810,1535,n1,light
255812,1535,n1,light
255814,1489,n1,light
255816,1436,n1,light
255818,1403,n1,light
255820,1359,n1,light
255822,1470,n1,light
255824,1488,n1,light
255826,1513,n1,light
255828,1478,n1,light
255830,1500,n1,light
255832,1479,n1,light
255834,1591,n1,light
255836,1645,n1,light
255838,1621,n1,light
255840,1559,n1,light
255842,1505,n1,light
255844,1448,n1,light
255846,1407,n1,light
255848,1398,n1,light
255850,1445,n1,light
255852,1424,n1,light
255854,1462,n1,light
255856,1506,n1,light
255858,1499,n1,light
255860,1635,n1,light
255862,1639,n1,light
255864,1571,n1,light
255866,1627,n1,light
255868,1649,n1,light
255870,1626,n1,light
255872,1655,n1,light
255874,1615,n1,light
255876,1611,n1,light
255878,1680,n1,light
255880,1651,n1,light
255882,1805,n1,light
255884,1795,n1,light
255886,1744,n1,light
255888,1689,n1,light
255890,1649,n1,light
255892,1600,n1,light
255894,1534,n1,light
255896,1502,n1,light
255898,1639,n1,light
255900,1837,n1,light
255902,1891,n1,light
255904,2039,n1,light
255906,2091,n1,light
255908,2028,n1,light
255910,1953,n1,light
255912,1891,n1,light
255914,1935,n1,light
255916,1962,n1,light
255918,1915,n1,light
255920,1851,n1,light
255922,1779,n1,light
255924,1703,n1,light
255926,1648,n1,light
255928,1621,n1,light
255930,1683,n1,light
255932,1681,n1,light
255934,1658,n1,light
255936,1727,n1,light
255938,1673,n1,light
255940,1629,n1,light
255942,1568,n1,light
255944,1520,n1,light
255946,1516,n1,light
255948,1456,n1,light
255950,1414,n1,light
255952,1406,n1,light
255954,1454,n1,light
255956,1435,n1,light
255958,1390,n1,light
255960,1425,n1,light
255962,1426,n1,light
255964,1418,n1,light
255966,1379,n1,light
255968,1339,n1,light
255970,1391,n1,light
255972,1424,n1,light
255974,1433,n1,light
255976,1390,n1,light
255978,1392,n1,light
255980,1469,n1,light
255982,1415,n1,light
255984,1382,n1,light
255986,1360,n1,light
255988,1360,n1,light
255990,1424,n1,light
255992,1503,n1,light
255994,1471,n1,light
255996,1467,n1,light
255998,1535,n1,light
256000,1535,n1,light
256002,1499,n1,light
256004,1491,n1,light
256006,1499,n1,light
256008,1477,n1,light
256010,1463,n1,light
256012,1429,n1,light
256014,1373,n1,light
256016,1335,n1,light
256018,1324,n1,light
256020,1349,n1,light
256022,1309,n1,light
256024,1296,n1,light
256026,1296,n1,light
256028,1387,n1,light
256030,1453,n1,light
256032,1431,n1,light
256034,1586,n1,light
256036,1626,n1,light
256038,1574,n1,light
256040,1567,n1,light
256042,1680,n1,light
256044,1671,n1,light
256046,1856,n1,light
256048,1821,n1,light
256050,1738,n1,light
256052,1672,n1,light
256054,1600,n1,light
256056,1531,n1,light
256058,1490,n1,light
256060,1488,n1,light
256062,1490,n1,light
256064,1497,n1,light
256066,1443,n1,light
256068,1394,n1,light
256070,1399,n1,light
256072,1389,n1,light
256074,1335,n1,light
256076,1333,n1,light
256078,1296,n1,light
256080,1274,n1,light
256082,1243,n1,light
256084,1201,n1,light
256086,1174,n1,light
256088,1180,n1,light
256090,1296,n1,light
256092,1280,n1,light
256094,1273,n1,light
256096,1312,n1,light
256098,1327,n1,light
256100,1357,n1,light
256102,1351,n1,light
256104,1381,n1,light
256106,1349,n1,light
256108,1341,n1,light
256110,1307,n1,light
256112,1280,n1,light
256114,1232,n1,light
256116,1213,n1,light
256118,1238,n1,light
256120,1200,n1,light
256122,1177,n1,light
256124,1302,n1,light
256126,1437,n1,light
256128,1507,n1,light
256130,1591,n1,light
256132,1591,n1,light
256134,1526,n1,light
256136,1507,n1,light
256138,1454,n1,light
256140,1410,n1,light
256142,1408,n1,light
256144,1417,n1,light
256146,1529,n1,light
256148,1535,n1,light
256150,1520,n1,light
256152,1584,n1,light
256154,1652,n1,light
256156,1638,n1,light
256158,1573,n1,light
256160,1535,n1,light
256162,1512,n1,light
256164,1497,n1,light
256166,1525,n1,light
256168,1515,n1,light
256170,1516,n1,light
256172,1515,n1,light
256174,1477,n1,light
256176,1455,n1,light
256178,1408,n1,light
256180,1371,n1,light
256182,1312,n1,light
256184,1262,n1,light
256186,1211,n1,light
256188,1193,n1,light
256190,1167,n1,light
256192,1168,n1,light
256194,1280,n1,light
256196,1468,n1,light
256198,1565,n1,light
256200,1734,n1,light
256202,1733,n1,light
256204,1675,n1,light
256206,1710,n1,light
256208,1823,n1,light
256210,1801,n1,light
256212,1799,n1,light
256214,1782,n1,light
256216,1815,n1,light
256218,1872,n1,light
256220,1839,n1,light
256222,1943,n1,light
256224,2013,n1,light
256226,1971,n1,light
256228,1954,n1,light
256230,1927,n1,light
256232,1920,n1,light
256234,1847,n1,light
256236,1821,n1,light
256238,1751,n1,light
256240,1721,n1,light
256242,1687,n1,light
256244,1728,n1,light
256246,1837,n1,light
256248,1887,n1,light
256250,1840,n1,light
256252,1997,n1,light
256254,2032,n1,light
256256,1973,n1,light
256258,1906,n1,light
256260,1820,n1,light
256262,1744,n1,light
256264,1707,n1,light
256266,1663,n1,light
256268,1609,n1,light
256270,1570,n1,light
256272,1583,n1,light
256274,1535,n1,light
256276,1515,n1,light
256278,1535,n1,light
256280,1648,n1,light
256282,1654,n1,light
256284,1769,n1,light
256286,1783,n1,light
256288,1711,n1,light
256290,1632,n1,light
256292,1627,n1,light
256294,1708,n1,light
256296,1679,n1,light
256298,1696,n1,light
256300,1648,n1,light
256302,1600,n1,light
256304,1578,n1,light
256306,1511,n1,light
256308,1521,n1,light
256310,1535,n1,light
256312,1535,n1,light
256314,1639,n1,light
256316,1647,n1,light
256318,1609,n1,light
256320,1629,n1,light
256322,1623,n1,light
256324,1561,n1,light
256326,1491,n1,light
256328,1425,n1,light
256330,1369,n1,light
256332,1335,n1,light
256334,1339,n1,light
256336,1358,n1,light
256338,1345,n1,light
256340,1326,n1,light
256342,1351,n1,light
256344,1330,n1,light
256346,1407,n1,light
256348,1396,n1,light
256350,1358,n1,light
256352,1354,n1,light
256354,1331,n1,light
256356,1275,n1,light
256358,1238,n1,light
256360,1263,n1,light
256362,1254,n1,light
256364,1221,n1,light
256366,1322,n1,light
256368,1298,n1,light
256370,1343,n1,light
256372,1347,n1,light
256374,1310,n1,light
256376,1278,n1,light
256378,1408,n1,light
256380,1508,n1,light
256382,1526,n1,light
256384,1625,n1,light
256386,1680,n1,light
256388,1766,n1,light
256390,1747,n1,light
256392,1678,n1,light
256394,1605,n1,light
256396,1565,n1,light
256398,1506,n1,light
256400,1437,n1,light
256402,1443,n1,light
256404,1535,n1,light
256406,1521,n1,light
256408,1602,n1,light
256410,1597,n1,light
256412,1616,n1,light
256414,1627,n1,light
256416,1634,n1,light
256418,1623,n1,light
256420,1558,n1,light
256422,1489,n1,light
256424,1423,n1,light
256426,1386,n1,light
256428,1392,n1,light
256430,1383,n1,light
256432,1333,n1,light
256434,1375,n1,light
256436,1330,n1,light
256438,1285,n1,light
256440,1264,n1,light
256442,1221,n1,light
256444,1191,n1,light
256446,1190,n1,light
256448,1233,n1,light
256450,1286,n1,light
256452,1309,n1,light
256454,1322,n1,light
256456,1322,n1,light
256458,1284,n1,light
256460,1247,n1,light
256462,1203,n1,light
256464,1196,n1,light
256466,1393,n1,light
256468,1495,n1,light
256470,1584,n1,light
256472,1692,n1,light
256474,1803,n1,light
256476,1776,n1,light
256478,1722,n1,light
256480,1665,n1,light
256482,1616,n1,light
256484,1567,n1,light
256486,1560,n1,light
256488,1519,n1,light
256490,1481,n1,light
256492,1475,n1,light
256494,1434,n1,light
256496,1398,n1,light
256498,1344,n1,light
256500,1318,n1,light
256502,1271,n1,light
256504,1246,n1,light
256506,1242,n1,light
256508,1254,n1,light
256510,1217,n1,light
256512,1173,n1,light
256514,1170,n1,light
256516,1207,n1,light
256518,1173,n1,light
256520,1145,n1,light
256522,1099,n1,light
256524,1145,n1,light
256526,1310,n1,light
256528,1402,n1,light
256530,1469,n1,light
256532,1575,n1,light
256534,1626,n1,light
256536,1591,n1,light
256538,1535,n1,light
256540,1525,n1,light
256542,1516,n1,light
256544,1457,n1,light
256546,1399,n1,light
256548,1391,n1,light
256550,1430,n1,light
256552,1414,n1,light
256554,1418,n1,light
256556,1376,n1,light
256558,1344,n1,light
256560,1346,n1,light
256562,1296,n1,light
256564,1243,n1,light
256566,1210,n1,light
256568,1185,n1,light
256570,1137,n1,light
256572,1089,n1,light
256574,1040,n1,light
256576,1074,n1,light
256578,1053,n1,light
256580,1088,n1,light
256582,1104,n1,light
256584,1227,n1,light
256586,1278,n1,light
256588,1414,n1,light
256590,1441,n1,light
256592,1391,n1,light
256594,1343,n1,light
256596,1346,n1,light
256598,1296,n1,light
256600,1271,n1,light
256602,1277,n1,light
256604,1268,n1,light
256606,1269,n1,light
256608,1219,n1,light
256610,1181,n1,light
256612,1157,n1,light
256614,1122,n1,light
256616,1083,n1,light
256618,1040,n1,light
256620,1055,n1,light
256622,1057,n1,light
256624,1035,n1,light
256626,1062,n1,light
256628,1051,n1,light
256630,1009,n1,light
256632,1072,n1,light
256634,1104,n1,light
256636,1131,n1,light
256638,1232,n1,light
256640,1307,n1,light
256642,1368,n1,light
256644,1390,n1,light
256646,1392,n1,light
256648,1488,n1,light
256650,1424,n1,light
256652,1399,n1,light
256654,1363,n1,light
256656,1319,n1,light
256658,1309,n1,light
256660,1296,n1,light
256662,1360,n1,light
256664,1327,n1,light
256666,1333,n1,light
256668,1360,n1,light
256670,1325,n1,light
256672,1326,n1,light
256674,1279,n1,light
256676,1264,n1,light
256678,1223,n1,light
256680,1191,n1,light
256682,1222,n1,light
256684,1212,n1,light
256686,1243,n1,light
256688,1209,n1,light
256690,1159,n1,light
256692,1115,n1,light
256694,1093,n1,light
256696,1168,n1,light
256698,1195,n1,light
256700,1311,n1,light
256702,1378,n1,light
256704,1333,n1,light
256706,1431,n1,light
256708,1520,n1,light
256710,1526,n1,light
256712,1632,n1,light
256714,1617,n1,light
256716,1568,n1,light
256718,1519,n1,light
256720,1567,n1,light
256722,1573,n1,light
256724,1648,n1,light
256726,1606,n1,light
256728,1555,n1,light
256730,1530,n1,light
256732,1523,n1,light
256734,1473,n1,light
256736,1469,n1,light
256738,1447,n1,light
256740,1413,n1,light
256742,1390,n1,light
256744,1443,n1,light
256746,1422,n1,light
256748,1425,n1,light
256750,1392,n1,light
256752,1499,n1,light
256754,1584,n1,light
256756,1577,n1,light
256758,1683,n1,light
256760,1712,n1,light
256762,1667,n1,light
256764,1670,n1,light
256766,1648,n1,light
256768,1681,n1,light
256770,1717,n1,light
256772,1678,n1,light
256774,1641,n1,light
256776,1600,n1,light
256778,1584,n1,light
256780,1527,n1,light
256782,1472,n1,light
256784,1455,n1,light
256786,1495,n1,light
256788,1510,n1,light
256790,1594,n1,light
256792,1638,n1,light
256794,1578,n1,light
256796,1520,n1,light
256798,1494,n1,light
256800,1442,n1,light
256802,1435,n1,light
256804,1402,n1,light
256806,1351,n1,light
256808,1366,n1,light
256810,1327,n1,light
256812,1295,n1,light
256814,1267,n1,light
256816,1231,n1,light
256818,1264,n1,light
256820,1245,n1,light
256822,1234,n1,light
256824,1247,n1,light
256826,1273,n1,light
256828,1328,n1,light
256830,1343,n1,light
256832,1311,n1,light
256834,1296,n1,light
256836,1326,n1,light
256838,1301,n1,light
256840,1285,n1,light
256842,1260,n1,light
256844,1204,n1,light
256846,1218,n1,light
256848,1215,n1,light
256850,1179,n1,light
256852,1155,n1,light
256854,1145,n1,light
256856,1102,n1,light
256858,1052,n1,light
256860,1004,n1,light
256862,970,n1,light
256864,929,n1,light
256866,958,n1,light
256868,1062,n1,light
256870,1072,n1,light
256872,1099,n1,light
256874,1068,n1,light
256876,1045,n1,light
256878,1068,n1,light
256880,1197,n1,light
256882,1209,n1,light
256884,1260,n1,light
256886,1287,n1,light
256888,1307,n1,light
256890,1277,n1,light
256892,1232,n1,light
256894,1189,n1,light
256896,1167,n1,light
256898,1291,n1,light
256900,1263,n1,light
256902,1315,n1,light
256904,1328,n1,light
256906,1424,n1,light
256908,1431,n1,light
256910,1421,n1,light
256912,1374,n1,light
256914,1337,n1,light
256916,1309,n1,light
256918,1279,n1,light
256920,1297,n1,light
256922,1295,n1,light
256924,1314,n1,light
256926,1344,n1,light
256928,1324,n1,light
256930,1295,n1,light
256932,1251,n1,light
256934,1286,n1,light
256936,1314,n1,light
256938,1345,n1,light
256940,1377,n1,light
256942,1346,n1,light
256944,1476,n1,light
256946,1504,n1,light
256948,1646,n1,light
256950,1637,n1,light
256952,1565,n1,light
256954,1488,n1,light
256956,1424,n1,light
256958,1357,n1,light
256960,1329,n1,light
256962,1306,n1,light
256964,1282,n1,light
256966,1247,n1,light
256968,1217,n1,light
256970,1175,n1,light
256972,1129,n1,light
256974,1088,n1,light
256976,1050,n1,light
256978,1041,n1,light
256980,1037,n1,light
256982,1038,n1,light
256984,1174,n1,light
256986,1337,n1,light
256988,1376,n1,light
256990,1488,n1,light
256992,1457,n1,light
256994,1424,n1,light
256996,1417,n1,light
256998,1407,n1,light
257000,1442,n1,light
257002,1506,n1,light
257004,1506,n1,light
257006,1535,n1,light
257008,1602,n1,light
257010,1535,n1,light
257012,1469,n1,light
257014,1475,n1,light
257016,1489,n1,light
257018,1442,n1,light
257020,1393,n1,light
257022,1358,n1,light
257024,1378,n1,light
257026,1355,n1,light
257028,1369,n1,light
257030,1398,n1,light
257032,1407,n1,light
257034,1419,n1,light
257036,1467,n1,light
257038,1427,n1,light
257040,1535,n1,light
257042,1531,n1,light
257044,1595,n1,light
257046,1631,n1,light
257048,1934,n1,light
257050,1977,n1,light
257052,2064,n1,light
257054,2181,n1,light
257056,2273,n1,light
257058,2254,n1,light
257060,2205,n1,light
257062,2154,n1,light
257064,2071,n1,light
257066,1993,n1,light
257068,1991,n1,light
257070,1939,n1,light
257072,1890,n1,light
257074,1859,n1,light
257076,1872,n1,light
257078,1875,n1,light
257080,1927,n1,light
257082,1886,n1,light
257084,1834,n1,light
257086,1754,n1,light
257088,1791,n1,light
257090,1810,n1,light
257092,1853,n1,light
257094,1824,n1,light
257096,1840,n1,light
257098,1942,n1,light
257100,1903,n1,light
257102,1919,n1,light
257104,1947,n1,light
257106,1885,n1,light
257108,1866,n1,light
257110,1847,n1,light
257112,1854,n1,light
257114,1987,n1,light
257116,2033,n1,light
257118,2150,n1,light
257120,2122,n1,light
257122,2094,n1,light
257124,2070,n1,light
257126,2056,n1,light
257128,1970,n1,light
257130,1905,n1,light
257132,1841,n1,light
257134,1850,n1,light
257136,1798,n1,light
257138,1787,n1,light
257140,1908,n1,light
257142,1865,n1,light
257144,1857,n1,light
257146,1807,n1,light
257148,1765,n1,light
257150,1709,n1,light
257152,1648,n1,light
257154,1583,n1,light
257156,1581,n1,light
257158,1584,n1,light
257160,1523,n1,light
257162,1498,n1,light
257164,1585,n1,light
257166,1605,n1,light
257168,1554,n1,light
257170,1486,n1,light
257172,1437,n1,light
257174,1385,n1,light
257176,1365,n1,light
257178,1313,n1,light
257180,1264,n1,light
257182,1235,n1,light
257184,1264,n1,light
257186,1232,n1,light
257188,1248,n1,light
257190,1207,n1,light
257192,1224,n1,light
257194,1331,n1,light
257196,1381,n1,light
257198,1358,n1,light
257200,1306,n1,light
257202,1301,n1,light
257204,1349,n1,light
257206,1450,n1,light
257208,1414,n1,light
257210,1408,n1,light
257212,1438,n1,light
257214,1390,n1,light
257216,1398,n1,light
257218,1469,n1,light
257220,1454,n1,light
257222,1644,n1,light
257224,1690,n1,light
257226,1680,n1,light
257228,1653,n1,light
257230,1610,n1,light
257232,1557,n1,light
257234,1498,n1,light
257236,1430,n1,light
257238,1366,n1,light
257240,1313,n1,light
257242,1291,n1,light
257244,1333,n1,light
257246,1296,n1,light
257248,1325,n1,light
257250,1340,n1,light
257252,1287,n1,light
257254,1250,n1,light
257256,1207,n1,light
257258,1177,n1,light
257260,1169,n1,light
257262,1153,n1,light
257264,1120,n1,light
257266,1138,n1,light
257268,1175,n1,light
257270,1185,n1,light
257272,1200,n1,light
257274,1151,n1,light
257276,1150,n1,light
257278,1126,n1,light
257280,1122,n1,light
257282,1130,n1,light
257284,1095,n1,light
257286,1123,n1,light
257288,1170,n1,light
257290,1165,n1,light
257292,1125,n1,light
257294,1118,n1,light
257296,1121,n1,light
257298,1142,n1,light
257300,1206,n1,light
257302,1254,n1,light
257304,1201,n1,light
257306,1196,n1,light
257308,1168,n1,light
257310,1145,n1,light
257312,1158,n1,light
257314,1119,n1,light
257316,1080,n1,light
257318,1104,n1,light
257320,1125,n1,light
257322,1202,n1,light
257324,1242,n1,light
257326,1223,n1,light
257328,1211,n1,light
257330,1168,n1,light
257332,1134,n1,light
257334,1111,n1,light
257336,1168,n1,light
257338,1264,n1,light
257340,1281,n1,light
257342,1322,n1,light
257344,1408,n1,light
257346,1392,n1,light
257348,1409,n1,light
257350,1355,n1,light
257352,1422,n1,light
257354,1430,n1,light
257356,1376,n1,light
257358,1335,n1,light
257360,1347,n1,light
257362,1354,n1,light
257364,1341,n1,light
257366,1350,n1,light
257368,1344,n1,light
257370,1398,n1,light
257372,1407,n1,light
257374,1458,n1,light
257376,1520,n1,light
257378,1462,n1,light
257380,1489,n1,light
257382,1487,n1,light
257384,1472,n1,light
257386,1466,n1,light
257388,1454,n1,light
257390,1478,n1,light
257392,1418,n1,light
257394,1424,n1,light
257396,1518,n1,light
257398,1518,n1,light
257400,1631,n1,light
257402,1587,n1,light
257404,1535,n1,light
257406,1520,n1,light
257408,1509,n1,light
257410,1456,n1,light
257412,1410,n1,light
257414,1387,n1,light
257416,1428,n1,light
257418,1365,n1,light
257420,1341,n1,light
257422,1299,n1,light
257424,1279,n1,light
257426,1279,n1,light
257428,1261,n1,light
257430,1311,n1,light
257432,1335,n1,light
257434,1293,n1,light
257436,1242,n1,light
257438,1214,n1,light
257440,1275,n1,light
257442,1319,n1,light
257444,1328,n1,light
257446,1324,n1,light
257448,1296,n1,light
257450,1248,n1,light
257452,1197,n1,light
257454,1187,n1,light
257456,1177,n1,light
257458,1200,n1,light
257460,1197,n1,light
257462,1152,n1,light
257464,1127,n1,light
257466,1134,n1,light
257468,1115,n1,light
257470,1179,n1,light
257472,1264,n1,light
257474,1297,n1,light
257476,1472,n1,light
257478,1437,n1,light
257480,1389,n1,light
257482,1333,n1,light
257484,1328,n1,light
257486,1270,n1,light
257488,1257,n1,light
257490,1221,n1,light
257492,1249,n1,light
257494,1268,n1,light
257496,1235,n1,light
257498,1264,n1,light
257500,1271,n1,light
257502,1252,n1,light
257504,1270,n1,light
257506,1278,n1,light
257508,1231,n1,light
257510,1184,n1,light
257512,1146,n1,light
257514,1135,n1,light
257516,1154,n1,light
257518,1134,n1,light
257520,1096,n1,light
257522,1072,n1,light
257524,1023,n1,light
257526,1040,n1,light
257528,1034,n1,light
257530,1000,n1,light
257532,961,n1,light
257534,1103,n1,light
257536,1212,n1,light
257538,1244,n1,light
257540,1487,n1,light
257542,1490,n1,light
257544,1522,n1,light
257546,1514,n1,light
257548,1491,n1,light
257550,1461,n1,light
257552,1409,n1,light
257554,1439,n1,light
257556,1455,n1,light
257558,1424,n1,light
257560,1432,n1,light
257562,1443,n1,light
257564,1422,n1,light
257566,1394,n1,light
257568,1392,n1,light
257570,1360,n1,light
257572,1372,n1,light
257574,1367,n1,light
257576,1338,n1,light
257578,1297,n1,light
257580,1262,n1,light
257582,1211,n1,light
257584,1177,n1,light
257586,1187,n1,light
257588,1152,n1,light
257590,1121,n1,light
257592,1100,n1,light
257594,1051,n1,light
257596,1038,n1,light
257598,1072,n1,light
257600,1039,n1,light
257602,1011,n1,light
257604,999,n1,light
257606,1021,n1,light
257608,1057,n1,light
257610,1110,n1,light
257612,1138,n1,light
257614,1103,n1,light
257616,1082,n1,light
257618,1136,n1,light
257620,1166,n1,light
257622,1147,n1,light
257624,1126,n1,light
257626,1143,n1,light
257628,1105,n1,light
257630,1074,n1,light
257632,1136,n1,light
257634,1164,n1,light
257636,1223,n1,light
257638,1278,n1,light
257640,1243,n1,light
257642,1247,n1,light
257644,1200,n1,light
257646,1206,n1,light
257648,1201,n1,light
257650,1152,n1,light
257652,1124,n1,light
257654,1123,n1,light
257656,1094,n1,light
257658,1169,n1,light
257660,1195,n1,light
257662,1158,n1,light
257664,1186,n1,light
257666,1174,n1,light
257668,1216,n1,light
257670,1281,n1,light
257672,1290,n1,light
257674,1259,n1,light
257676,1275,n1,light
257678,1262,n1,light
257680,1323,n1,light
257682,1307,n1,light
257684,1332,n1,light
257686,1341,n1,light
257688,1291,n1,light
257690,1238,n1,light
257692,1194,n1,light
257694,1153,n1,light
257696,1171,n1,light
257698,1155,n1,light
257700,1136,n1,light
257702,1087,n1,light
257704,1055,n1,light
257706,1023,n1,light
257708,997,n1,light
257710,990,n1,light
257712,995,n1,light
257714,1008,n1,light
257716,1050,n1,light
257718,1088,n1,light
257720,1095,n1,light
257722,1056,n1,light
257724,1014,n1,light
257726,1047,n1,light
257728,1034,n1,light
257730,1077,n1,light
257732,1088,n1,light
257734,1070,n1,light
257736,1085,n1,light
257738,1072,n1,light
257740,1075,n1,light
257742,1043,n1,light
257744,1023,n1,light
257746,1051,n1,light
257748,1063,n1,light
257750,1062,n1,light
257752,1077,n1,light
257754,1121,n1,light
257756,1113,n1,light
257758,1078,n1,light
257760,1041,n1,light
257762,1008,n1,light
257764,978,n1,light
257766,1035,n1,light
257768,1255,n1,light
257770,1445,n1,light
257772,1461,n1,light
257774,1564,n1,light
257776,1697,n1,light
257778,1748,n1,light
257780,1687,n1,light
257782,1626,n1,light
257784,1585,n1,light
257786,1586,n1,light
257788,1577,n1,light
257790,1617,n1,light
257792,1584,n1,light
257794,1584,n1,light
257796,1531,n1,light
257798,1508,n1,light
257800,1456,n1,light
257802,1472,n1,light
257804,1451,n1,light
257806,1439,n1,light
257808,1404,n1,light
257810,1360,n1,light
257812,1316,n1,light
257814,1275,n1,light
257816,1280,n1,light
257818,1227,n1,light
257820,1168,n1,light
257822,1141,n1,light
257824,1104,n1,light
257826,1104,n1,light
257828,1120,n1,light
257830,1103,n1,light
257832,1121,n1,light
257834,1157,n1,light
257836,1127,n1,light
257838,1171,n1,light
257840,1232,n1,light
257842,1215,n1,light
257844,1216,n1,light
257846,1213,n1,light
257848,1370,n1,light
257850,1392,n1,light
257852,1520,n1,light
257854,1601,n1,light
257856,1535,n1,light
257858,1509,n1,light
257860,1488,n1,light
257862,1473,n1,light
257864,1488,n1,light
257866,1457,n1,light
257868,1426,n1,light
257870,1443,n1,light
257872,1465,n1,light
257874,1409,n1,light
257876,1367,n1,light
257878,1365,n1,light
257880,1322,n1,light
257882,1293,n1,light
257884,1239,n1,light
257886,1199,n1,light
257888,1203,n1,light
257890,1187,n1,light
257892,1189,n1,light
257894,1167,n1,light
257896,1142,n1,light
257898,1123,n1,light
257900,1077,n1,light
257902,1051,n1,light
257904,1023,n1,light
257906,1071,n1,light
257908,1072,n1,light
257910,1081,n1,light
257912,1041,n1,light
257914,1054,n1,light
257916,1012,n1,light
257918,1070,n1,light
257920,1083,n1,light
257922,1040,n1,light
257924,1010,n1,light
257926,1014,n1,light
257928,1072,n1,light
257930,1058,n1,light
257932,1034,n1,light
257934,1039,n1,light
257936,1061,n1,light
257938,1023,n1,light
257940,1001,n1,light
257942,976,n1,light
257944,954,n1,light
257946,966,n1,light
257948,930,n1,light
257950,1005,n1,light
257952,1040,n1,light
257954,1038,n1,light
257956,1091,n1,light
257958,1106,n1,light
257960,1134,n1,light
257962,1141,n1,light
257964,1101,n1,light
257966,1069,n1,light
257968,1073,n1,light
257970,1040,n1,light
257972,1040,n1,light
257974,1061,n1,light
257976,1073,n1,light
257978,1157,n1,light
257980,1149,n1,light
257982,1143,n1,light
257984,1111,n1,light
257986,1123,n1,light
257988,1118,n1,light
257990,1091,n1,light
257992,1054,n1,light
257994,1058,n1,light
257996,1063,n1,light
257998,1020,n1,light
258000,985,n1,light
258002,992,n1,light
258004,995,n1,light
258006,995,n1,light
258008,997,n1,light
258010,946,n1,light
258012,917,n1,light
258014,912,n1,light
258016,889,n1,light
258018,848,n1,light
258020,865,n1,light
258022,1019,n1,light
258024,1109,n1,light
258026,1269,n1,light
258028,1417,n1,light
258030,1403,n1,light
258032,1605,n1,light
258034,1654,n1,light
258036,1747,n1,light
258038,1870,n1,light
258040,1847,n1,light
258042,1771,n1,light
258044,1712,n1,light
258046,1653,n1,light
258048,1591,n1,light
258050,1526,n1,light
258052,1471,n1,light
258054,1434,n1,light
258056,1387,n1,light
258058,1418,n1,light
258060,1445,n1,light
258062,1399,n1,light
258064,1424,n1,light
258066,1395,n1,light
258068,1392,n1,light
258070,1426,n1,light
258072,1427,n1,light
258074,1535,n1,light
258076,1632,n1,light
258078,1600,n1,light
258080,1646,n1,light
258082,1642,n1,light
258084,1575,n1,light
258086,1534,n1,light
258088,1472,n1,light
258090,1443,n1,light
258092,1406,n1,light
258094,1361,n1,light
258096,1323,n1,light
258098,1303,n1,light
258100,1279,n1,light
258102,1315,n1,light
258104,1383,n1,light
258106,1365,n1,light
258108,1363,n1,light
258110,1344,n1,light
258112,1365,n1,light
258114,1331,n1,light
258116,1301,n1,light
258118,1263,n1,light
258120,1271,n1,light
258122,1274,n1,light
258124,1258,n1,light
258126,1232,n1,light
258128,1189,n1,light
258130,1170,n1,light
258132,1127,n1,light
258134,1151,n1,light
258136,1210,n1,light
258138,1167,n1,light
258140,1142,n1,light
258142,1122,n1,light
258144,1165,n1,light
258146,1161,n1,light
258148,1169,n1,light
258150,1187,n1,light
258152,1183,n1,light
258154,1168,n1,light
258156,1323,n1,light
258158,1359,n1,light
258160,1328,n1,light
258162,1317,n1,light
258164,1295,n1,light
258166,1263,n1,light
258168,1225,n1,light
258170,1224,n1,light
258172,1228,n1,light
258174,1250,n1,light
258176,1254,n1,light
258178,1249,n1,light
258180,1221,n1,light
258182,1262,n1,light
258184,1291,n1,light
258186,1251,n1,light
258188,1257,n1,light
258190,1246,n1,light
258192,1206,n1,light
258194,1146,n1,light
258196,1111,n1,light
258198,1120,n1,light
258200,1136,n1,light
258202,1102,n1,light
258204,1073,n1,light
258206,1075,n1,light
258208,1140,n1,light
258210,1166,n1,light
258212,1295,n1,light
258214,1338,n1,light
258216,1353,n1,light
258218,1328,n1,light
258220,1282,n1,light
258222,1294,n1,light
258224,1269,n1,light
258226,1291,n1,light
258228,1275,n1,light
258230,1280,n1,light
258232,1278,n1,light
258234,1255,n1,light
258236,1281,n1,light
258238,1292,n1,light
258240,1257,n1,light
258242,1209,n1,light
258244,1155,n1,light
258246,1161,n1,light
258248,1147,n1,light
258250,1097,n1,light
258252,1051,n1,light
258254,1005,n1,light
258256,959,n1,light
258258,924,n1,light
258260,910,n1,light
258262,901,n1,light
258264,903,n1,light
258266,895,n1,light
258268,949,n1,light
258270,1186,n1,light
258272,1281,n1,light
258274,1477,n1,light
258276,1565,n1,light
258278,1530,n1,light
258280,1509,n1,light
258282,1471,n1,light
258284,1443,n1,light
258286,1424,n1,light
258288,1449,n1,light
258290,1501,n1,light
258292,1614,n1,light
258294,1666,n1,light
258296,1626,n1,light
258298,1555,n1,light
258300,1479,n1,light
258302,1444,n1,light
258304,1402,n1,light
258306,1338,n1,light
258308,1296,n1,light
258310,1274,n1,light
258312,1229,n1,light
258314,1202,n1,light
258316,1250,n1,light
258318,1230,n1,light
258320,1211,n1,light
258322,1202,n1,light
258324,1243,n1,light
258326,1226,n1,light
258328,1174,n1,light
258330,1168,n1,light
258332,1136,n1,light
258334,1102,n1,light
258336,1101,n1,light
258338,1241,n1,light
258340,1264,n1,light
258342,1313,n1,light
258344,1338,n1,light
258346,1329,n1,light
258348,1313,n1,light
258350,1403,n1,light
258352,1383,n1,light
258354,1359,n1,light
258356,1363,n1,light
258358,1328,n1,light
258360,1313,n1,light
258362,1339,n1,light
258364,1393,n1,light
258366,1364,n1,light
258368,1369,n1,light
258370,1360,n1,light
258372,1333,n1,light
258374,1290,n1,light
258376,1242,n1,light
258378,1200,n1,light
258380,1205,n1,light
258382,1211,n1,light
258384,1273,n1,light
258386,1258,n1,light
258388,1270,n1,light
258390,1242,n1,light
258392,1214,n1,light
258394,1168,n1,light
258396,1133,n1,light
258398,1095,n1,light
258400,1134,n1,light
258402,1110,n1,light
258404,1165,n1,light
258406,1198,n1,light
258408,1315,n1,light
258410,1299,n1,light
258412,1263,n1,light
258414,1232,n1,light
258416,1265,n1,light
258418,1307,n1,light
258420,1319,n1,light
258422,1276,n1,light
258424,1283,n1,light
258426,1255,n1,light
258428,1235,n1,light
258430,1279,n1,light
258432,1375,n1,light
258434,1395,n1,light
258436,1487,n1,light
258438,1456,n1,light
258440,1425,n1,light
258442,1392,n1,light
258444,1408,n1,light
258446,1355,n1,light
258448,1296,n1,light
258450,1254,n1,light
258452,1209,n1,light
258454,1220,n1,light
258456,1195,n1,light
258458,1152,n1,light
258460,1124,n1,light
258462,1101,n1,light
258464,1136,n1,light
258466,1148,n1,light
258468,1117,n1,light
258470,1147,n1,light
258472,1120,n1,light
258474,1125,n1,light
258476,1201,n1,light
258478,1191,n1,light
258480,1277,n1,light
258482,1291,n1,light
258484,1300,n1,light
258486,1279,n1,light
258488,1232,n1,light
258490,1229,n1,light
258492,1189,n1,light
258494,1136,n1,light
258496,1111,n1,light
258498,1137,n1,light
258500,1117,n1,light
258502,1125,n1,light
258504,1197,n1,light
258506,1360,n1,light
258508,1418,n1,light
258510,1586,n1,light
258512,1575,n1,light
258514,1535,n1,light
258516,1569,n1,light
258518,1674,n1,light
258520,1802,n1,light
258522,1793,n1,light
258524,1873,n1,light
258526,1914,n1,light
258528,1845,n1,light
258530,1862,n1,light
258532,1847,n1,light
258534,1791,n1,light
258536,1735,n1,light
258538,1697,n1,light
258540,1635,n1,light
258542,1610,n1,light
258544,1535,n1,light
258546,1478,n1,light
258548,1413,n1,light
258550,1357,n1,light
258552,1317,n1,light
258554,1329,n1,light
258556,1291,n1,light
258558,1255,n1,light
258560,1210,n1,light
258562,1174,n1,light
258564,1129,n1,light
258566,1087,n1,light
258568,1068,n1,light
258570,1039,n1,light
258572,1011,n1,light
258574,971,n1,light
258576,946,n1,light
258578,916,n1,light
258580,880,n1,light
258582,875,n1,light
258584,846,n1,light
258586,867,n1,light
258588,991,n1,light
258590,1033,n1,light
258592,1175,n1,light
258594,1174,n1,light
258596,1167,n1,light
258598,1157,n1,light
258600,1207,n1,light
258602,1360,n1,light
258604,1430,n1,light
258606,1595,n1,light
258608,1566,n1,light
258610,1497,n1,light
258612,1451,n1,light
258614,1405,n1,light
267634,1624,n1,light
267636,1603,n1,light
267638,1627,n1,light
267640,1582,n1,light
267642,1602,n1,light
267644,1616,n1,light
267646,1566,n1,light
267648,1511,n1,light
267650,1478,n1,light
267652,1484,n1,light
267654,1503,n1,light
267656,1532,n1,light
267658,1535,n1,light
267660,1673,n1,light
267662,1653,n1,light
267664,1663,n1,light
267666,1646,n1,light
267668,1662,n1,light
267670,1667,n1,light
267672,1613,n1,light
267674,1535,n1,light
267676,1535,n1,light
267678,1520,n1,light
267680,1499,n1,light
267682,1470,n1,light
267684,1444,n1,light
267686,1389,n1,light
267688,1378,n1,light
267690,1349,n1,light
267692,1351,n1,light
267694,1419,n1,light
267696,1386,n1,light
267698,1434,n1,light
267700,1483,n1,light
267702,1509,n1,light
267704,1488,n1,light
267706,1456,n1,light
267708,1447,n1,light
267710,1520,n1,light
267712,1582,n1,light
267714,1651,n1,light
267716,1670,n1,light
267718,1601,n1,light
267720,1621,n1,light
267722,1647,n1,light
267724,1615,n1,light
267726,1557,n1,light
267728,1530,n1,light
267730,1571,n1,light
267732,1581,n1,light
267734,1600,n1,light
267736,1523,n1,light
267738,1516,n1,light
267740,1488,n1,light
267742,1506,n1,light
267744,1462,n1,light
267746,1462,n1,light
267748,1429,n1,light
267750,1428,n1,light
267752,1392,n1,light
267754,1351,n1,light
267756,1337,n1,light
267758,1319,n1,light
267760,1360,n1,light
267762,1410,n1,light
267764,1395,n1,light
267766,1413,n1,light
267768,1456,n1,light
267770,1422,n1,light
267772,1426,n1,light
267774,1403,n1,light
267776,1382,n1,light
267778,1375,n1,light
267780,1328,n1,light
267782,1340,n1,light
267784,1315,n1,light
267786,1314,n1,light
267788,1360,n1,light
267790,1350,n1,light
267792,1392,n1,light
267794,1357,n1,light
267796,1371,n1,light
267798,1410,n1,light
267800,1470,n1,light
267802,1489,n1,light
267804,1573,n1,light
267806,1616,n1,light
267808,1585,n1,light
267810,1651,n1,light
267812,1680,n1,light
267814,1690,n1,light
267816,1649,n1,light
267818,1625,n1,light
267820,1635,n1,light
267822,1621,n1,light
267824,1566,n1,light
267826,1535,n1,light
267828,1498,n1,light
267830,1463,n1,light
267832,1441,n1,light
267834,1397,n1,light
267836,1370,n1,light
267838,1355,n1,light
267840,1360,n1,light
267842,1348,n1,light
267844,1287,n1,light
267846,1234,n1,light
267848,1232,n1,light
267850,1214,n1,light
267852,1296,n1,light
267854,1289,n1,light
267856,1262,n1,light
267858,1222,n1,light
267860,1249,n1,light
267862,1286,n1,light
267864,1300,n1,light
267866,1344,n1,light
267868,1341,n1,light
267870,1295,n1,light
267872,1250,n1,light
267874,1213,n1,light
267876,1200,n1,light
267878,1159,n1,light
267880,1168,n1,light
267882,1138,n1,light
267884,1143,n1,light
267886,1126,n1,light
267888,1104,n1,light
267890,1070,n1,light
267892,1131,n1,light
267894,1168,n1,light
267896,1227,n1,light
267898,1233,n1,light
267900,1186,n1,light
267902,1142,n1,light
267904,1123,n1,light
267906,1225,n1,light
267908,1341,n1,light
267910,1414,n1,light
267912,1535,n1,light
267914,1519,n1,light
267916,1485,n1,light
267918,1423,n1,light
267920,1383,n1,light
267922,1358,n1,light
267924,1454,n1,light
267926,1430,n1,light
267928,1375,n1,light
267930,1435,n1,light
267932,1455,n1,light
267934,1442,n1,light
267936,1488,n1,light
267938,1509,n1,light
267940,1520,n1,light
267942,1527,n1,light
267944,1693,n1,light
267946,1799,n1,light
267948,1770,n1,light
267950,1925,n1,light
267952,2099,n1,light
267954,2032,n1,light
267956,1968,n1,light
267958,1891,n1,light
267960,1854,n1,light
267962,1794,n1,light
267964,1792,n1,light
267966,1835,n1,light
267968,1819,n1,light
267970,1875,n1,light
267972,1834,n1,light
267974,1769,n1,light
267976,1693,n1,light
267978,1651,n1,light
267980,1648,n1,light
267982,1725,n1,light
267984,1734,n1,light
267986,1825,n1,light
267988,1808,n1,light
267990,1754,n1,light
267992,1725,n1,light
267994,1690,n1,light
267996,1665,n1,light
267998,1626,n1,light
268000,1649,n1,light
268002,1680,n1,light
268004,1754,n1,light
268006,1776,n1,light
268008,1873,n1,light
268010,1851,n1,light
268012,1793,n1,light
268014,1719,n1,light
268016,1745,n1,light
268018,1759,n1,light
268020,1715,n1,light
268022,1722,n1,light
268024,1680,n1,light
268026,1630,n1,light
268028,1635,n1,light
268030,1583,n1,light
268032,1521,n1,light
268034,1488,n1,light
268036,1456,n1,light
268038,1430,n1,light
268040,1365,n1,light
268042,1415,n1,light
268044,1486,n1,light
268046,1498,n1,light
268048,1504,n1,light
268050,1505,n1,light
268052,1508,n1,light
268054,1588,n1,light
268056,1571,n1,light
268058,1515,n1,light
268060,1460,n1,light
268062,1424,n1,light
268064,1408,n1,light
268066,1349,n1,light
268068,1344,n1,light
268070,1296,n1,light
268072,1294,n1,light
268074,1264,n1,light
268076,1268,n1,light
268078,1263,n1,light
268080,1215,n1,light
268082,1168,n1,light
268084,1136,n1,light
268086,1107,n1,light
268088,1097,n1,light
268090,1102,n1,light
268092,1085,n1,light
268094,1088,n1,light
268096,1114,n1,light
268098,1151,n1,light
268100,1103,n1,light
268102,1121,n1,light
268104,1183,n1,light
268106,1199,n1,light
268108,1153,n1,light
268110,1106,n1,light
268112,1072,n1,light
268114,1042,n1,light
268116,1104,n1,light
268118,1195,n1,light
268120,1157,n1,light
268122,1206,n1,light
268124,1256,n1,light
268126,1211,n1,light
268128,1169,n1,light
268130,1131,n1,light
268132,1179,n1,light
268134,1232,n1,light
268136,1232,n1,light
268138,1232,n1,light
268140,1196,n1,light
268142,1185,n1,light
268144,1152,n1,light
268146,1104,n1,light
268148,1099,n1,light
268150,1120,n1,light
268152,1123,n1,light
268154,1141,n1,light
268156,1104,n1,light
268158,1089,n1,light
268160,1094,n1,light
268162,1122,n1,light
268164,1088,n1,light
268166,1102,n1,light
268168,1117,n1,light
268170,1202,n1,light
268172,1183,n1,light
268174,1152,n1,light
268176,1235,n1,light
268178,1328,n1,light
268180,1446,n1,light
268182,1486,n1,light
268184,1680,n1,light
268186,1714,n1,light
268188,1649,n1,light
268190,1583,n1,light
268192,1513,n1,light
268194,1485,n1,light
268196,1449,n1,light
268198,1401,n1,light
268200,1375,n1,light
268202,1359,n1,light
268204,1488,n1,light
268206,1616,n1,light
268208,1635,n1,light
268210,1760,n1,light
268212,1755,n1,light
268214,1682,n1,light
268216,1631,n1,light
268218,1566,n1,light
268220,1503,n1,light
268222,1456,n1,light
268224,1390,n1,light
268226,1359,n1,light
268228,1377,n1,light
268230,1344,n1,light
268232,1305,n1,light
268234,1334,n1,light
268236,1426,n1,light
268238,1395,n1,light
268240,1392,n1,light
268242,1392,n1,light
268244,1427,n1,light
268246,1403,n1,light
268248,1424,n1,light
268250,1514,n1,light
268252,1519,n1,light
268254,1497,n1,light
268256,1446,n1,light
268258,1426,n1,light
268260,1424,n1,light
268262,1394,n1,light
268264,1385,n1,light
268266,1359,n1,light
268268,1296,n1,light
268270,1245,n1,light
268272,1197,n1,light
268274,1155,n1,light
268276,1147,n1,light
268278,1226,n1,light
268280,1223,n1,light
268282,1296,n1,light
268284,1303,n1,light
268286,1369,n1,light
268288,1379,n1,light
268290,1391,n1,light
268292,1407,n1,light
268294,1365,n1,light
268296,1312,n1,light
268298,1264,n1,light
268300,1252,n1,light
268302,1221,n1,light
268304,1190,n1,light
268306,1168,n1,light
268308,1161,n1,light
268310,1129,n1,light
268312,1168,n1,light
268314,1154,n1,light
268316,1122,n1,light
268318,1122,n1,light
268320,1073,n1,light
268322,1040,n1,light
268324,1066,n1,light
268326,1062,n1,light
268328,1047,n1,light
268330,1091,n1,light
268332,1069,n1,light
268334,1019,n1,light
268336,994,n1,light
268338,980,n1,light
268340,1014,n1,light
268342,1011,n1,light
268344,1079,n1,light
268346,1072,n1,light
268348,1051,n1,light
268350,1001,n1,light
268352,960,n1,light
268354,956,n1,light
268356,942,n1,light
268358,899,n1,light
268360,864,n1,light
268362,832,n1,light
268364,807,n1,light
268366,816,n1,light
268368,836,n1,light
268370,898,n1,light
268372,885,n1,light
268374,895,n1,light
268376,912,n1,light
268378,913,n1,light
268380,922,n1,light
268382,943,n1,light
268384,983,n1,light
268386,964,n1,light
268388,960,n1,light
268390,944,n1,light
268392,973,n1,light
268394,947,n1,light
268396,915,n1,light
268398,883,n1,light
268400,897,n1,light
268402,927,n1,light
268404,993,n1,light
268406,1003,n1,light
268408,993,n1,light
268410,978,n1,light
268412,978,n1,light
268414,1057,n1,light
268416,1062,n1,light
268418,1038,n1,light
268420,1040,n1,light
268422,1059,n1,light
268424,1101,n1,light
268426,1136,n1,light
268428,1183,n1,light
268430,1189,n1,light
268432,1281,n1,light
268434,1307,n1,light
268436,1326,n1,light
268438,1345,n1,light
268440,1450,n1,light
268442,1616,n1,light
268444,1646,n1,light
268446,1918,n1,light
268448,2000,n1,light
268450,1921,n1,light
268452,1853,n1,light
268454,1774,n1,light
268456,1715,n1,light
268458,1756,n1,light
268460,1790,n1,light
268462,1773,n1,light
268464,1747,n1,light
268466,1739,n1,light
268468,1678,n1,light
268470,1607,n1,light
268472,1554,n1,light
268474,1520,n1,light
268476,1471,n1,light
268478,1472,n1,light
268480,1465,n1,light
268482,1408,n1,light
268484,1366,n1,light
268486,1309,n1,light
268488,1261,n1,light
268490,1329,n1,light
268492,1427,n1,light
268494,1440,n1,light
268496,1532,n1,light
268498,1638,n1,light
268500,1613,n1,light
268502,1629,n1,light
268504,1631,n1,light
268506,1599,n1,light
268508,1635,n1,light
268510,1742,n1,light
268512,1684,n1,light
268514,1616,n1,light
268516,1573,n1,light
268518,1492,n1,light
268520,1429,n1,light
268522,1413,n1,light
268524,1395,n1,light
268526,1346,n1,light
268528,1302,n1,light
268530,1240,n1,light
268532,1210,n1,light
268534,1173,n1,light
268536,1158,n1,light
268538,1169,n1,light
268540,1129,n1,light
268542,1107,n1,light
268544,1114,n1,light
268546,1102,n1,light
268548,1117,n1,light
268550,1092,n1,light
268552,1109,n1,light
268554,1105,n1,light
268556,1159,n1,light
268558,1316,n1,light
268560,1307,n1,light
268562,1419,n1,light
268564,1457,n1,light
268566,1424,n1,light
268568,1382,n1,light
268570,1343,n1,light
268572,1280,n1,light
268574,1253,n1,light
268576,1232,n1,light
268578,1218,n1,light
268580,1186,n1,light
268582,1159,n1,light
268584,1139,n1,light
268586,1163,n1,light
268588,1152,n1,light
268590,1125,n1,light
268592,1204,n1,light
268594,1230,n1,light
268596,1223,n1,light
268598,1243,n1,light
268600,1502,n1,light
268602,1616,n1,light
268604,1746,n1,light
268606,1973,n1,light
268608,2032,n1,light
268610,1968,n1,light
268612,1936,n1,light
268614,1904,n1,light
268616,1840,n1,light
268618,1840,n1,light
268620,1799,n1,light
268622,1731,n1,light
268624,1699,n1,light
268626,1634,n1,light
268628,1615,n1,light
268630,1617,n1,light
268632,1574,n1,light
268634,1571,n1,light
268636,1605,n1,light
268638,1532,n1,light
268640,1461,n1,light
268642,1447,n1,light
268644,1404,n1,light
268646,1380,n1,light
268648,1423,n1,light
268650,1434,n1,light
268652,1383,n1,light
268654,1341,n1,light
268656,1299,n1,light
268658,1299,n1,light
268660,1406,n1,light
268662,1392,n1,light
268664,1382,n1,light
268666,1326,n1,light
268668,1286,n1,light
268670,1301,n1,light
268672,1296,n1,light
268674,1372,n1,light
268676,1347,n1,light
268678,1344,n1,light
268680,1294,n1,light
268682,1257,n1,light
268684,1219,n1,light
268686,1186,n1,light
268688,1172,n1,light
268690,1138,n1,light
268692,1102,n1,light
268694,1069,n1,light
268696,1020,n1,light
268698,1013,n1,light
268700,1085,n1,light
268702,1191,n1,light
268704,1174,n1,light
268706,1216,n1,light
268708,1175,n1,light
268710,1179,n1,light
268712,1247,n1,light
268714,1232,n1,light
268716,1217,n1,light
268718,1215,n1,light
268720,1237,n1,light
268722,1218,n1,light
268724,1164,n1,light
268726,1129,n1,light
268728,1116,n1,light
268730,1200,n1,light
268732,1198,n1,light
268734,1261,n1,light
268736,1238,n1,light
268738,1227,n1,light
268740,1186,n1,light
268742,1170,n1,light
268744,1122,n1,light
268746,1125,n1,light
268748,1109,n1,light
268750,1155,n1,light
268752,1145,n1,light
268754,1168,n1,light
268756,1264,n1,light
268758,1289,n1,light
268760,1303,n1,light
268762,1429,n1,light
268764,1442,n1,light
268766,1383,n1,light
268768,1378,n1,light
268770,1382,n1,light
268772,1366,n1,light
268774,1391,n1,light
268776,1337,n1,light
268778,1305,n1,light
268780,1265,n1,light
268782,1254,n1,light
268784,1204,n1,light
268786,1197,n1,light
268788,1158,n1,light
268790,1135,n1,light
268792,1122,n1,light
268794,1087,n1,light
268796,1105,n1,light
268798,1181,n1,light
268800,1152,n1,light
268802,1129,n1,light
268804,1095,n1,light
268806,1067,n1,light
268808,1053,n1,light
268810,1057,n1,light
268812,1088,n1,light
268814,1118,n1,light
268816,1153,n1,light
268818,1115,n1,light
268820,1089,n1,light
268822,1106,n1,light
268824,1167,n1,light
268826,1168,n1,light
268828,1168,n1,light
268830,1243,n1,light
268832,1227,n1,light
268834,1204,n1,light
268836,1170,n1,light
268838,1143,n1,light
268840,1090,n1,light
268842,1047,n1,light
268844,1014,n1,light
268846,999,n1,light
268848,955,n1,light
268850,934,n1,light
268852,942,n1,light
268854,958,n1,light
268856,942,n1,light
268858,1001,n1,light
268860,999,n1,light
268862,1084,n1,light
268864,1088,n1,light
268866,1130,n1,light
268868,1081,n1,light
268870,1055,n1,light
268872,1008,n1,light
268874,1015,n1,light
268876,983,n1,light
268878,949,n1,light
268880,914,n1,light
268882,1019,n1,light
268884,1100,n1,light
268886,1077,n1,light
268888,1117,n1,light
268890,1271,n1,light
268892,1357,n1,light
268894,1407,n1,light
268896,1451,n1,light
268898,1398,n1,light
268900,1351,n1,light
268902,1287,n1,light
268904,1246,n1,light
268906,1212,n1,light
268908,1168,n1,light
268910,1186,n1,light
268912,1162,n1,light
268914,1115,n1,light
268916,1125,n1,light
268918,1222,n1,light
268920,1202,n1,light
268922,1219,n1,light
268924,1173,n1,light
268926,1197,n1,light
268928,1200,n1,light
268930,1157,n1,light
268932,1123,n1,light
268934,1077,n1,light
268936,1045,n1,light
268938,1008,n1,light
268940,1008,n1,light
268942,973,n1,light
268944,963,n1,light
268946,1002,n1,light
268948,1009,n1,light
268950,1070,n1,light
268952,1055,n1,light
268954,1005,n1,light
268956,983,n1,light
268958,1073,n1,light
268960,1163,n1,light
268962,1165,n1,light
268964,1216,n1,light
268966,1290,n1,light
268968,1242,n1,light
268970,1213,n1,light
268972,1171,n1,light
268974,1191,n1,light
268976,1163,n1,light
268978,1120,n1,light
268980,1088,n1,light
268982,1058,n1,light
268984,1040,n1,light
268986,1088,n1,light
268988,1089,n1,light
268990,1090,n1,light
268992,1135,n1,light
268994,1089,n1,light
268996,1040,n1,light
268998,1040,n1,light
269000,1173,n1,light
269002,1228,n1,light
269004,1339,n1,light
269006,1342,n1,light
269008,1297,n1,light
269010,1279,n1,light
269012,1290,n1,light
269014,1280,n1,light
269016,1253,n1,light
269018,1303,n1,light
269020,1294,n1,light
269022,1267,n1,light
269024,1265,n1,light
269026,1297,n1,light
269028,1246,n1,light
269030,1207,n1,light
269032,1162,n1,light
269034,1116,n1,light
269036,1062,n1,light
269038,1034,n1,light
269040,1037,n1,light
269042,1087,n1,light
269044,1047,n1,light
269046,1023,n1,light
269048,1036,n1,light
269050,1008,n1,light
269052,961,n1,light
269054,930,n1,light
269056,976,n1,light
269058,1083,n1,light
269060,1113,n1,light
269062,1171,n1,light
269064,1191,n1,light
269066,1191,n1,light
269068,1156,n1,light
269070,1146,n1,light
269072,1145,n1,light
269074,1098,n1,light
269076,1049,n1,light
269078,1072,n1,light
269080,1134,n1,light
269082,1278,n1,light
269084,1308,n1,light
269086,1408,n1,light
269088,1404,n1,light
269090,1346,n1,light
269092,1312,n1,light
269094,1286,n1,light
269096,1313,n1,light
269098,1305,n1,light
269100,1277,n1,light
269102,1264,n1,light
269104,1222,n1,light
269106,1204,n1,light
269108,1162,n1,light
269110,1117,n1,light
269112,1104,n1,light
269114,1081,n1,light
269116,1044,n1,light
269118,1078,n1,light
269120,1083,n1,light
269122,1136,n1,light
269124,1137,n1,light
269126,1088,n1,light
269128,1055,n1,light
269130,1008,n1,light
269132,975,n1,light
269134,941,n1,light
269136,912,n1,light
269138,924,n1,light
269140,933,n1,light
269142,930,n1,light
269144,897,n1,light
269146,864,n1,light
269148,826,n1,light
269150,832,n1,light
269152,811,n1,light
269154,795,n1,light
269156,766,n1,light
269158,735,n1,light
269160,754,n1,light
269162,893,n1,light
269164,976,n1,light
269166,1077,n1,light
269168,1173,n1,light
269170,1230,n1,light
269172,1200,n1,light
269174,1179,n1,light
269176,1170,n1,light
269178,1200,n1,light
269180,1274,n1,light
269182,1239,n1,light
269184,1221,n1,light
269186,1325,n1,light
269188,1391,n1,light
269190,1343,n1,light
269192,1312,n1,light
269194,1269,n1,light
269196,1213,n1,light
269198,1154,n1,light
269200,1111,n1,light
269202,1072,n1,light
269204,1088,n1,light
269206,1067,n1,light
269208,1018,n1,light
269210,983,n1,light
269212,944,n1,light
269214,966,n1,light
269216,1077,n1,light
269218,1094,n1,light
269220,1216,n1,light
269222,1236,n1,light
269224,1181,n1,light
269226,1143,n1,light
269228,1135,n1,light
269230,1098,n1,light
269232,1159,n1,light
269234,1183,n1,light
269236,1214,n1,light
269238,1217,n1,light
269240,1189,n1,light
269242,1209,n1,light
269244,1189,n1,light
269246,1186,n1,light
269248,1146,n1,light
269250,1141,n1,light
269252,1178,n1,light
269254,1298,n1,light
269256,1283,n1,light
269258,1338,n1,light
269260,1362,n1,light
269262,1328,n1,light
269264,1278,n1,light
269266,1223,n1,light
269268,1203,n1,light
269270,1155,n1,light
269272,1140,n1,light
269274,1116,n1,light
269276,1108,n1,light
269278,1108,n1,light
269280,1106,n1,light
269282,1093,n1,light
269284,1191,n1,light
269286,1174,n1,light
269288,1137,n1,light
269290,1146,n1,light
269292,1181,n1,light
269294,1190,n1,light
269296,1172,n1,light
269298,1154,n1,light
269300,1136,n1,light
269302,1136,n1,light
269304,1135,n1,light
269306,1111,n1,light
269308,1134,n1,light
269310,1117,n1,light
269312,1070,n1,light
269314,1022,n1,light
269316,982,n1,light
269318,959,n1,light
269320,960,n1,light
269322,941,n1,light
269324,1012,n1,light
269326,1056,n1,light
269328,1049,n1,light
269330,1136,n1,light
269332,1180,n1,light
269334,1202,n1,light
269336,1223,n1,light
269338,1193,n1,light
269340,1174,n1,light
269342,1147,n1,light
269344,1147,n1,light
269346,1133,n1,light
269348,1088,n1,light
269350,1072,n1,light
269352,1075,n1,light
269354,1075,n1,light
269356,1209,n1,light
269358,1239,n1,light
269360,1187,n1,light
269362,1211,n1,light
269364,1256,n1,light
269366,1261,n1,light
269368,1232,n1,light
269370,1232,n1,light
269372,1222,n1,light
269374,1171,n1,light
269376,1136,n1,light
269378,1107,n1,light
269380,1128,n1,light
269382,1134,n1,light
269384,1114,n1,light
269386,1089,n1,light
269388,1109,n1,light
269390,1086,n1,light
269392,1067,n1,light
269394,1063,n1,light
269396,1040,n1,light
269398,1070,n1,light
269400,1072,n1,light
269402,1015,n1,light
269404,1051,n1,light
269406,1081,n1,light
269408,1072,n1,light
269410,1089,n1,light
269412,1046,n1,light
269414,1003,n1,light
269416,1023,n1,light
269418,1013,n1,light
269420,995,n1,light
269422,976,n1,light
269424,962,n1,light
269426,1017,n1,light
269428,1040,n1,light
269430,1051,n1,light
269432,1070,n1,light
269434,1057,n1,light
269436,1009,n1,light
269438,1070,n1,light
269440,1158,n1,light
269442,1193,n1,light
269444,1173,n1,light
269446,1244,n1,light
269448,1332,n1,light
269450,1292,n1,light
269452,1238,n1,light
269454,1289,n1,light
269456,1357,n1,light
269458,1337,n1,light
269460,1299,n1,light
269462,1339,n1,light
269464,1315,n1,light
269466,1303,n1,light
269468,1264,n1,light
269470,1216,n1,light
269472,1168,n1,light
269474,1152,n1,light
269476,1167,n1,light
269478,1125,n1,light
269480,1128,n1,light
269482,1110,n1,light
269484,1078,n1,light
269486,1068,n1,light
269488,1037,n1,light
269490,1060,n1,light
269492,1023,n1,light
269494,998,n1,light
269496,1008,n1,light
269498,998,n1,light
269500,1022,n1,light
269502,1061,n1,light
269504,1022,n1,light
269506,1111,n1,light
269508,1102,n1,light
269510,1064,n1,light
269512,1056,n1,light
269514,1161,n1,light
269516,1136,n1,light
269518,1143,n1,light
269520,1153,n1,light
269522,1117,n1,light
269524,1081,n1,light
269526,1043,n1,light
269528,1007,n1,light
269530,973,n1,light
269532,931,n1,light
269534,903,n1,light
269536,919,n1,light
269538,911,n1,light
269540,944,n1,light
269542,913,n1,light
269544,911,n1,light
269546,896,n1,light
269548,912,n1,light
269550,896,n1,light
269552,893,n1,light
269554,859,n1,light
269556,851,n1,light
269558,816,n1,light
269560,814,n1,light
269562,854,n1,light
269564,879,n1,light
269566,845,n1,light
269568,915,n1,light
269570,927,n1,light
269572,905,n1,light
269574,912,n1,light
269576,942,n1,light
269578,947,n1,light
269580,928,n1,light
269582,895,n1,light
269584,907,n1,light
269586,939,n1,light
269588,903,n1,light
269590,881,n1,light
269592,853,n1,light
269594,848,n1,light
269596,822,n1,light
269598,787,n1,light
269600,821,n1,light
269602,816,n1,light
269604,818,n1,light
269606,816,n1,light
269608,790,n1,light
269610,800,n1,light
269612,795,n1,light
269614,755,n1,light
269616,752,n1,light
269618,720,n1,light
269620,688,n1,light
269622,677,n1,light
269624,683,n1,light
269626,668,n1,light
269628,667,n1,light
269630,692,n1,light
269632,738,n1,light
269634,750,n1,light
269636,846,n1,light
269638,918,n1,light
269640,925,n1,light
269642,993,n1,light
269644,987,n1,light
269646,951,n1,light
269648,916,n1,light
269650,878,n1,light
269652,876,n1,light
269654,855,n1,light
269656,886,n1,light
269658,912,n1,light
269660,960,n1,light
269662,1014,n1,light
269664,1063,n1,light
269666,1057,n1,light
269668,1011,n1,light
269670,992,n1,light
269672,992,n1,light
269674,990,n1,light
269676,1075,n1,light
269678,1084,n1,light
269680,1059,n1,light
269682,1013,n1,light
269684,1015,n1,light
269686,1023,n1,light
269688,1023,n1,light
269690,983,n1,light
269692,1011,n1,light
269694,1005,n1,light
269696,1023,n1,light
269698,1012,n1,light
269700,1066,n1,light
269702,1040,n1,light
269704,993,n1,light
269706,967,n1,light
269708,932,n1,light
269710,912,n1,light
269712,912,n1,light
269714,894,n1,light
269716,863,n1,light
269718,876,n1,light
269720,894,n1,light
269722,968,n1,light
269724,981,n1,light
269726,1062,n1,light
269728,1018,n1,light
269730,1013,n1,light
269732,1014,n1,light
269734,1046,n1,light
269736,1009,n1,light
269738,964,n1,light
269740,944,n1,light
269742,1000,n1,light
269744,997,n1,light
269746,1044,n1,light
269748,1035,n1,light
269750,1058,n1,light
269752,1040,n1,light
269754,1047,n1,light
269756,1087,n1,light
269758,1045,n1,light
269760,1009,n1,light
269762,969,n1,light
269764,934,n1,light
269766,938,n1,light
269768,912,n1,light
269770,917,n1,light
269772,907,n1,light
269774,929,n1,light
269776,976,n1,light
269778,962,n1,light
269780,1023,n1,light
269782,1123,n1,light
269784,1212,n1,light
269786,1291,n1,light
269788,1380,n1,light
269790,1479,n1,light
269792,1568,n1,light
269794,1508,n1,light
269796,1443,n1,light
269798,1405,n1,light
269800,1415,n1,light
269802,1387,n1,light
269804,1335,n1,light
269806,1309,n1,light
269808,1298,n1,light
269810,1265,n1,light
269812,1220,n1,light
269814,1232,n1,light
269816,1255,n1,light
269818,1223,n1,light
269820,1264,n1,light
269822,1238,n1,light
269824,1181,n1,light
269826,1156,n1,light
269828,1117,n1,light
269830,1079,n1,light
269832,1031,n1,light
269834,985,n1,light
269836,976,n1,light
269838,959,n1,light
269840,976,n1,light
269842,955,n1,light
269844,976,n1,light
269846,1021,n1,light
269848,986,n1,light
269850,969,n1,light
269852,932,n1,light
269854,971,n1,light
269856,1043,n1,light
269858,1014,n1,light
269860,1018,n1,light
269862,999,n1,light
269864,1072,n1,light
269866,1282,n1,light
269868,1291,n1,light
269870,1533,n1,light
269872,1646,n1,light
269874,1595,n1,light
269876,1523,n1,light
269878,1458,n1,light
269880,1422,n1,light
269882,1403,n1,light
269884,1379,n1,light
269886,1362,n1,light
269888,1306,n1,light
269890,1264,n1,light
269892,1221,n1,light
269894,1230,n1,light
269896,1254,n1,light
269898,1223,n1,light
269900,1266,n1,light
269902,1249,n1,light
269904,1223,n1,light
269906,1264,n1,light
269908,1248,n1,light
269910,1200,n1,light
269912,1143,n1,light
269914,1114,n1,light
269916,1085,n1,light
269918,1054,n1,light
269920,1015,n1,light
269922,978,n1,light
269924,995,n1,light
269926,978,n1,light
269928,1017,n1,light
269930,997,n1,light
269932,999,n1,light
269934,1001,n1,light
269936,976,n1,light
269938,965,n1,light
269940,960,n1,light
269942,925,n1,light
269944,883,n1,light
269946,856,n1,light
269948,828,n1,light
269950,801,n1,light
269952,831,n1,light
269954,853,n1,light
269956,851,n1,light
269958,891,n1,light
269960,888,n1,light
269962,910,n1,light
269964,880,n1,light
269966,887,n1,light
269968,929,n1,light
269970,926,n1,light
269972,983,n1,light
269974,949,n1,light
269976,949,n1,light
269978,914,n1,light
269980,900,n1,light
269982,937,n1,light
269984,985,n1,light
269986,989,n1,light
269988,1007,n1,light
269990,1074,n1,light
269992,1102,n1,light
269994,1090,n1,light
269996,1077,n1,light
269998,1040,n1,light
270000,1035,n1,light
270002,1042,n1,light
270004,1023,n1,light
270006,985,n1,light
270008,941,n1,light
270010,934,n1,light
270012,931,n1,light
270014,944,n1,light
270016,1021,n1,light
270018,1072,n1,light
270020,1105,n1,light
270022,1113,n1,light
270024,1072,n1,light
270026,1106,n1,light
270028,1131,n1,light
270030,1136,n1,light
270032,1083,n1,light
270034,1037,n1,light
270036,1008,n1,light
270038,1040,n1,light
270040,1034,n1,light
270042,1010,n1,light
270044,1033,n1,light
270046,991,n1,light
270048,983,n1,light
270050,958,n1,light
270052,1001,n1,light
270054,1001,n1,light
270056,1023,n1,light
270058,1042,n1,light
270060,1010,n1,light
270062,998,n1,light
270064,973,n1,light
270066,962,n1,light
270068,938,n1,light
270070,949,n1,light
270072,914,n1,light
270074,881,n1,light
270076,849,n1,light
270078,851,n1,light
270080,836,n1,light
270082,814,n1,light
270084,780,n1,light
270086,825,n1,light
270088,809,n1,light
270090,779,n1,light
270092,747,n1,light
270094,753,n1,light
270096,790,n1,light
270098,816,n1,light
270100,858,n1,light
270102,861,n1,light
270104,832,n1,light
270106,804,n1,light
270108,786,n1,light
270110,763,n1,light
270112,733,n1,light
270114,731,n1,light
270116,720,n1,light
270118,738,n1,light
270120,752,n1,light
270122,805,n1,light
270124,810,n1,light
270126,786,n1,light
270128,857,n1,light
270130,867,n1,light
270132,831,n1,light
270134,801,n1,light
270136,792,n1,light
270138,774,n1,light
270140,784,n1,light
270142,765,n1,light
270144,728,n1,light
270146,693,n1,light
270148,699,n1,light
270150,706,n1,light
270152,714,n1,light
270154,752,n1,light
270156,876,n1,light
270158,1007,n1,light
270160,1011,n1,light
270162,1135,n1,light
270164,1207,n1,light
270166,1205,n1,light
270168,1175,n1,light
270170,1136,n1,light
270172,1135,n1,light
270174,1091,n1,light
270176,1070,n1,light
270178,1023,n1,light
270180,1005,n1,light
270182,959,n1,light
270184,937,n1,light
270186,912,n1,light
270188,875,n1,light
270190,847,n1,light
270192,847,n1,light
270194,919,n1,light
270196,914,n1,light
270198,970,n1,light
270200,954,n1,light
270202,925,n1,light
270204,880,n1,light
270206,848,n1,light
270208,841,n1,light
270210,898,n1,light
270212,933,n1,light
270214,932,n1,light
270216,946,n1,light
270218,922,n1,light
270220,937,n1,light
270222,910,n1,light
270224,865,n1,light
270226,832,n1,light
270228,811,n1,light
270230,798,n1,light
270232,777,n1,light
270234,752,n1,light
270236,730,n1,light
270238,807,n1,light
270240,821,n1,light
270242,878,n1,light
270244,1041,n1,light
270246,1053,n1,light
270248,1115,n1,light
270250,1148,n1,light
270252,1113,n1,light
270254,1066,n1,light
270256,1046,n1,light
270258,1121,n1,light
270260,1245,n1,light
270262,1229,n1,light
270264,1254,n1,light
270266,1406,n1,light
270268,1473,n1,light
270270,1434,n1,light
270272,1456,n1,light
270274,1483,n1,light
270276,1457,n1,light
270278,1495,n1,light
270280,1456,n1,light
270282,1402,n1,light
270284,1366,n1,light
270286,1306,n1,light
270288,1322,n1,light
270290,1369,n1,light
270292,1376,n1,light
270294,1424,n1,light
270296,1398,n1,light
270298,1360,n1,light
270300,1316,n1,light
270302,1319,n1,light
270304,1273,n1,light
270306,1259,n1,light
270308,1266,n1,light
270310,1220,n1,light
270312,1169,n1,light
270314,1120,n1,light
270316,1071,n1,light
270318,1013,n1,light
270320,1005,n1,light
270322,985,n1,light
270324,969,n1,light
270326,944,n1,light
270328,940,n1,light
270330,919,n1,light
270332,923,n1,light
270334,896,n1,light
270336,859,n1,light
270338,843,n1,light
270340,810,n1,light
270342,769,n1,light
270344,747,n1,light
270346,755,n1,light
270348,727,n1,light
270350,694,n1,light
270352,662,n1,light
270354,637,n1,light
270356,612,n1,light
270358,610,n1,light
270360,670,n1,light
270362,670,n1,light
270364,686,n1,light
270366,702,n1,light
270368,670,n1,light
270370,713,n1,light
270372,710,n1,light
270374,721,n1,light
270376,744,n1,light
270378,733,n1,light
270380,766,n1,light
270382,848,n1,light
270384,865,n1,light
270386,858,n1,light
270388,974,n1,light
270390,1069,n1,light
270392,1040,n1,light
270394,997,n1,light
270396,959,n1,light
270398,943,n1,light
270400,960,n1,light
270402,923,n1,light
270404,890,n1,light
270406,850,n1,light
270408,860,n1,light
270410,887,n1,light
270412,867,n1,light
270414,976,n1,light
270416,1054,n1,light
270418,1069,n1,light
270420,1097,n1,light
270422,1079,n1,light
270424,1054,n1,light
270426,1071,n1,light
270428,1051,n1,light
270430,1017,n1,light
270432,978,n1,light
270434,955,n1,light
270436,932,n1,light
270438,909,n1,light
270440,912,n1,light
270442,880,n1,light
270444,859,n1,light
270446,880,n1,light
270448,865,n1,light
270450,877,n1,light
270452,849,n1,light
270454,847,n1,light
270456,829,n1,light
270458,889,n1,light
270460,902,n1,light
270462,954,n1,light
270464,1043,n1,light
270466,1062,n1,light
270468,1038,n1,light
270470,1040,n1,light
270472,1033,n1,light
270474,1018,n1,light
270476,1040,n1,light
270478,1043,n1,light
270480,1118,n1,light
270482,1115,n1,light
270484,1094,n1,light
270486,1072,n1,light
270488,1056,n1,light
270490,1072,n1,light
270492,1039,n1,light
270494,994,n1,light
270496,1009,n1,light
270498,976,n1,light
270500,945,n1,light
270502,935,n1,light
270504,901,n1,light
270506,915,n1,light
270508,976,n1,light
270510,958,n1,light
270512,1018,n1,light
270514,1060,n1,light
270516,1011,n1,light
270518,1007,n1,light
270520,975,n1,light
270522,1005,n1,light
270524,1011,n1,light
270526,983,n1,light
270528,996,n1,light
270530,969,n1,light
270532,971,n1,light
270534,941,n1,light
270536,923,n1,light
270538,924,n1,light
270540,885,n1,light
270542,846,n1,light
270544,822,n1,light
270546,808,n1,light
270548,785,n1,light
270550,755,n1,light
270552,743,n1,light
270554,736,n1,light
270556,722,n1,light
270558,727,n1,light
270560,801,n1,light
270562,859,n1,light
270564,852,n1,light
270566,878,n1,light
270568,912,n1,light
270570,902,n1,light
270572,931,n1,light
270574,926,n1,light
270576,934,n1,light
270578,962,n1,light
270580,945,n1,light
270582,906,n1,light
270584,909,n1,light
270586,883,n1,light
270588,849,n1,light
270590,823,n1,light
270592,784,n1,light
270594,774,n1,light
270596,747,n1,light
270598,735,n1,light
270600,703,n1,light
270602,669,n1,light
270604,663,n1,light
270606,687,n1,light
270608,743,n1,light
270610,731,n1,light
270612,788,n1,light
270614,805,n1,light
270616,775,n1,light
270618,741,n1,light
270620,730,n1,light
270622,709,n1,light
270624,688,n1,light
270626,672,n1,light
270628,654,n1,light
270630,710,n1,light
270632,700,n1,light
270634,688,n1,light
270636,658,n1,light
270638,631,n1,light
270640,620,n1,light
270642,621,n1,light
