t_ms,raw,subject,gesture
584798,53,n4,grip
584814,107,n4,grip
584816,14,n4,grip
584830,61,n4,grip
584832,53,n4,grip
584846,45,n4,grip
584848,94,n4,grip
599066,1678,n4,grip
599068,1635,n4,grip
599070,1680,n4,grip
599072,1743,n4,grip
599074,1719,n4,grip
599076,1761,n4,grip
599078,1750,n4,grip
599080,1715,n4,grip
599082,1697,n4,grip
599084,1671,n4,grip
599086,1686,n4,grip
599088,1739,n4,grip
599090,1718,n4,grip
599092,1682,n4,grip
599094,1693,n4,grip
599096,1645,n4,grip
599098,1613,n4,grip
599100,1568,n4,grip
599102,1535,n4,grip
599104,1535,n4,grip
599106,1508,n4,grip
599108,1518,n4,grip
599110,1469,n4,grip
599112,1452,n4,grip
599114,1393,n4,grip
599116,1333,n4,grip
599118,1279,n4,grip
599120,1239,n4,grip
599122,1200,n4,grip
599124,1323,n4,grip
599126,1423,n4,grip
599128,1454,n4,grip
599130,1634,n4,grip
599132,1813,n4,grip
599134,1792,n4,grip
599136,1712,n4,grip
599138,1709,n4,grip
599140,1743,n4,grip
599142,1801,n4,grip
599144,1769,n4,grip
599146,1775,n4,grip
599148,1810,n4,grip
599150,1856,n4,grip
599152,1819,n4,grip
599154,1866,n4,grip
599156,1915,n4,grip
599158,1903,n4,grip
599160,1833,n4,grip
599162,1810,n4,grip
599164,1803,n4,grip
599166,1791,n4,grip
599168,1742,n4,grip
599170,1739,n4,grip
599172,1758,n4,grip
599174,1753,n4,grip
599176,1696,n4,grip
599178,1712,n4,grip
599180,1757,n4,grip
599182,1681,n4,grip
599184,1650,n4,grip
599186,1691,n4,grip
599188,1722,n4,grip
599190,1719,n4,grip
599192,1663,n4,grip
599194,1741,n4,grip
599196,1818,n4,grip
599198,1802,n4,grip
599200,1738,n4,grip
599202,1764,n4,grip
599204,1853,n4,grip
599206,1905,n4,grip
599208,1865,n4,grip
599210,1828,n4,grip
599212,1795,n4,grip
599214,1772,n4,grip
599216,1840,n4,grip
599218,1854,n4,grip
599220,1887,n4,grip
599222,1882,n4,grip
599224,1879,n4,grip
599226,1847,n4,grip
599228,1873,n4,grip
599230,1863,n4,grip
599232,1786,n4,grip
599234,1739,n4,grip
599236,1763,n4,grip
599238,1778,n4,grip
599240,1725,n4,grip
599242,1740,n4,grip
599244,1749,n4,grip
599246,1721,n4,grip
599248,1655,n4,grip
599250,1594,n4,grip
599252,1535,n4,grip
599254,1511,n4,grip
599256,1454,n4,grip
599258,1421,n4,grip
599260,1373,n4,grip
599262,1325,n4,grip
599264,1278,n4,grip
599266,1232,n4,grip
599268,1217,n4,grip
599270,1189,n4,grip
599272,1200,n4,grip
599274,1214,n4,grip
599276,1181,n4,grip
599278,1130,n4,grip
599280,1115,n4,grip
599282,1114,n4,grip
599284,1075,n4,grip
599286,1037,n4,grip
599288,1008,n4,grip
599290,998,n4,grip
599292,976,n4,grip
599294,970,n4,grip
599296,994,n4,grip
599298,1023,n4,grip
599300,1035,n4,grip
599302,1002,n4,grip
599304,1019,n4,grip
599306,1022,n4,grip
599308,1023,n4,grip
599310,985,n4,grip
599312,991,n4,grip
599314,1008,n4,grip
599316,1005,n4,grip
599318,976,n4,grip
599320,1013,n4,grip
599322,1074,n4,grip
599324,1146,n4,grip
599326,1105,n4,grip
599328,1099,n4,grip
599330,1087,n4,grip
599332,1105,n4,grip
599334,1136,n4,grip
599336,1104,n4,grip
599338,1137,n4,grip
599340,1104,n4,grip
599342,1065,n4,grip
599344,1040,n4,grip
599346,1083,n4,grip
599348,1087,n4,grip
599350,1058,n4,grip
599352,1099,n4,grip
599354,1130,n4,grip
599356,1107,n4,grip
599358,1072,n4,grip
599360,1049,n4,grip
599362,1023,n4,grip
599364,989,n4,grip
599366,959,n4,grip
599368,965,n4,grip
599370,974,n4,grip
599372,961,n4,grip
599374,950,n4,grip
599376,1066,n4,grip
599378,1361,n4,grip
599380,1303,n4,grip
599382,1249,n4,grip
599384,1202,n4,grip
599386,1163,n4,grip
599388,1123,n4,grip
599390,1083,n4,grip
599392,1040,n4,grip
599394,996,n4,grip
599396,962,n4,grip
599398,929,n4,grip
599400,884,n4,grip
599402,837,n4,grip
599404,725,n4,grip
599406,578,n4,grip
599408,453,n4,grip
599410,366,n4,grip
599412,290,n4,grip
599414,237,n4,grip
599416,192,n4,grip
599418,148,n4,grip
599420,125,n4,grip
599422,99,n4,grip
599424,75,n4,grip
599426,61,n4,grip
599428,39,n4,grip
599430,28,n4,grip
599432,16,n4,grip
599458,1509,n4,grip
599460,3099,n4,grip
599462,3685,n4,grip
599464,3691,n4,grip
599466,3682,n4,grip
599468,3663,n4,grip
599470,2947,n4,grip
599472,2417,n4,grip
599474,2158,n4,grip
599476,1998,n4,grip
599478,3693,n4,grip
599480,3682,n4,grip
599482,3687,n4,grip
599484,3690,n4,grip
599486,3685,n4,grip
599488,3692,n4,grip
599490,3691,n4,grip
599492,3693,n4,grip
599494,3686,n4,grip
599496,3686,n4,grip
599498,3683,n4,grip
599500,3678,n4,grip
599502,3680,n4,grip
599504,3665,n4,grip
599506,3487,n4,grip
599508,3394,n4,grip
599510,3285,n4,grip
599512,3147,n4,grip
599514,3040,n4,grip
599516,2449,n4,grip
599518,2166,n4,grip
599520,2000,n4,grip
599522,1879,n4,grip
599524,1775,n4,grip
599526,1681,n4,grip
599528,1598,n4,grip
599530,1501,n4,grip
599532,1423,n4,grip
599534,1355,n4,grip
599536,1293,n4,grip
599538,1243,n4,grip
599540,1193,n4,grip
599542,1151,n4,grip
599544,1111,n4,grip
599546,1077,n4,grip
599548,1051,n4,grip
599550,1018,n4,grip
599552,992,n4,grip
599554,964,n4,grip
599556,942,n4,grip
599558,912,n4,grip
599560,875,n4,grip
599562,799,n4,grip
599564,647,n4,grip
599566,496,n4,grip
599568,387,n4,grip
599570,304,n4,grip
599572,246,n4,grip
599574,195,n4,grip
599576,154,n4,grip
599578,118,n4,grip
599580,96,n4,grip
599582,71,n4,grip
599584,49,n4,grip
599586,38,n4,grip
599588,17,n4,grip
599590,6,n4,grip
599664,1126,n4,grip
599666,1788,n4,grip
599668,2174,n4,grip
599670,2350,n4,grip
599672,2368,n4,grip
599674,2296,n4,grip
599676,2225,n4,grip
599678,2246,n4,grip
599680,2273,n4,grip
599682,2235,n4,grip
599684,2147,n4,grip
599686,2096,n4,grip
599688,2045,n4,grip
599690,1985,n4,grip
599692,1904,n4,grip
599694,1927,n4,grip
599696,1930,n4,grip
599698,1895,n4,grip
599700,1838,n4,grip
599702,1821,n4,grip
599704,1840,n4,grip
599706,1926,n4,grip
599708,2004,n4,grip
599710,1975,n4,grip
599712,2111,n4,grip
599714,2250,n4,grip
599716,2285,n4,grip
599718,2224,n4,grip
599720,2195,n4,grip
599722,2172,n4,grip
599724,2160,n4,grip
599726,2133,n4,grip
599728,2057,n4,grip
599730,1986,n4,grip
599732,1927,n4,grip
599734,1887,n4,grip
599736,1813,n4,grip
599738,1775,n4,grip
599740,1744,n4,grip
599742,1725,n4,grip
599744,1680,n4,grip
599746,1651,n4,grip
599748,1602,n4,grip
599750,1535,n4,grip
599752,1569,n4,grip
599754,1606,n4,grip
599756,1583,n4,grip
599758,1535,n4,grip
599760,1502,n4,grip
599762,1522,n4,grip
599764,1478,n4,grip
599766,1503,n4,grip
599768,1476,n4,grip
599770,1414,n4,grip
599772,1370,n4,grip
599774,1374,n4,grip
599776,1361,n4,grip
599778,1328,n4,grip
599780,1344,n4,grip
599782,1334,n4,grip
599784,1350,n4,grip
599786,1328,n4,grip
599788,1348,n4,grip
599790,1328,n4,grip
599792,1306,n4,grip
599794,1303,n4,grip
599796,1310,n4,grip
599798,1298,n4,grip
599800,1246,n4,grip
599802,1207,n4,grip
599804,1232,n4,grip
599806,1248,n4,grip
599808,1296,n4,grip
599810,1255,n4,grip
599812,1296,n4,grip
599814,1360,n4,grip
599816,1327,n4,grip
599818,1310,n4,grip
599820,1349,n4,grip
599822,1323,n4,grip
599824,1296,n4,grip
599826,1259,n4,grip
599828,1249,n4,grip
599830,1285,n4,grip
599832,1263,n4,grip
599834,1222,n4,grip
599836,1239,n4,grip
599838,1221,n4,grip
599840,1261,n4,grip
599842,1252,n4,grip
599844,1237,n4,grip
599846,1278,n4,grip
599848,1328,n4,grip
599850,1331,n4,grip
599852,1296,n4,grip
599854,1310,n4,grip
599856,1344,n4,grip
599858,1342,n4,grip
599860,1292,n4,grip
599862,1283,n4,grip
599864,1261,n4,grip
599866,1232,n4,grip
599868,1201,n4,grip
599870,1210,n4,grip
599872,1258,n4,grip
599874,1296,n4,grip
599876,1312,n4,grip
599878,1363,n4,grip
599880,1406,n4,grip
599882,1388,n4,grip
599884,1365,n4,grip
599886,1349,n4,grip
599888,1322,n4,grip
599890,1273,n4,grip
599892,1253,n4,grip
599894,1246,n4,grip
599896,1274,n4,grip
599898,1254,n4,grip
599900,1223,n4,grip
599902,1238,n4,grip
599904,1210,n4,grip
599906,1154,n4,grip
599908,1136,n4,grip
599910,1092,n4,grip
599912,1067,n4,grip
599914,1142,n4,grip
599916,1200,n4,grip
599918,1187,n4,grip
599920,1207,n4,grip
599922,1241,n4,grip
599924,1205,n4,grip
599926,1153,n4,grip
599928,1179,n4,grip
599930,1188,n4,grip
599932,1172,n4,grip
599934,1165,n4,grip
599936,1117,n4,grip
599938,1075,n4,grip
599940,1040,n4,grip
599942,1041,n4,grip
599944,1008,n4,grip
599946,1055,n4,grip
599948,1062,n4,grip
599950,1056,n4,grip
599952,1043,n4,grip
599954,1093,n4,grip
599956,1088,n4,grip
599958,1053,n4,grip
599960,1019,n4,grip
599962,1023,n4,grip
599964,991,n4,grip
599966,976,n4,grip
599968,960,n4,grip
599970,998,n4,grip
599972,1009,n4,grip
599974,993,n4,grip
599976,1023,n4,grip
599978,1015,n4,grip
599980,1008,n4,grip
599982,1038,n4,grip
599984,1101,n4,grip
599986,1168,n4,grip
599988,1125,n4,grip
599990,1087,n4,grip
599992,1071,n4,grip
599994,1053,n4,grip
599996,1031,n4,grip
599998,1016,n4,grip
600000,986,n4,grip
600002,1006,n4,grip
600004,992,n4,grip
600006,963,n4,grip
600008,949,n4,grip
600010,947,n4,grip
600012,970,n4,grip
600014,983,n4,grip
600016,946,n4,grip
600018,989,n4,grip
600020,1079,n4,grip
600022,1057,n4,grip
600024,1074,n4,grip
600026,1062,n4,grip
600028,1153,n4,grip
600030,1194,n4,grip
600032,1216,n4,grip
600034,1187,n4,grip
600036,1168,n4,grip
600038,1183,n4,grip
600040,1228,n4,grip
600042,1200,n4,grip
600044,1205,n4,grip
600046,1158,n4,grip
600048,1136,n4,grip
600050,1115,n4,grip
600052,1087,n4,grip
600054,1088,n4,grip
600056,1137,n4,grip
600058,1178,n4,grip
600060,1170,n4,grip
600062,1233,n4,grip
600064,1290,n4,grip
600066,1314,n4,grip
600068,1325,n4,grip
600070,1315,n4,grip
600072,1326,n4,grip
600074,1344,n4,grip
600076,1337,n4,grip
600078,1295,n4,grip
600080,1362,n4,grip
600082,1424,n4,grip
600084,1413,n4,grip
600086,1390,n4,grip
600088,1470,n4,grip
600090,1489,n4,grip
600092,1445,n4,grip
600094,1438,n4,grip
600096,1415,n4,grip
600098,1379,n4,grip
600100,1350,n4,grip
600102,1338,n4,grip
600104,1309,n4,grip
600106,1266,n4,grip
600108,1213,n4,grip
600110,1175,n4,grip
600112,1194,n4,grip
600114,1234,n4,grip
600116,1191,n4,grip
600118,1144,n4,grip
600120,1104,n4,grip
600122,1120,n4,grip
600124,1183,n4,grip
600126,1180,n4,grip
600128,1153,n4,grip
600130,1217,n4,grip
600132,1271,n4,grip
600134,1257,n4,grip
600136,1351,n4,grip
600138,1520,n4,grip
600140,1567,n4,grip
600142,1617,n4,grip
600144,1776,n4,grip
600146,1815,n4,grip
600148,1801,n4,grip
600150,1771,n4,grip
600152,1718,n4,grip
600154,1728,n4,grip
600156,1727,n4,grip
600158,1676,n4,grip
600160,1646,n4,grip
600162,1643,n4,grip
600164,1614,n4,grip
600166,1599,n4,grip
600168,1600,n4,grip
600170,1584,n4,grip
600172,1535,n4,grip
600174,1487,n4,grip
600176,1425,n4,grip
600178,1406,n4,grip
600180,1415,n4,grip
600182,1390,n4,grip
600184,1363,n4,grip
600186,1439,n4,grip
600188,1535,n4,grip
600190,1571,n4,grip
600192,1535,n4,grip
600194,1488,n4,grip
600196,1490,n4,grip
600198,1488,n4,grip
600200,1519,n4,grip
600202,1466,n4,grip
600204,1475,n4,grip
600206,1535,n4,grip
600208,1565,n4,grip
600210,1515,n4,grip
600212,1514,n4,grip
600214,1499,n4,grip
600216,1437,n4,grip
600218,1392,n4,grip
600220,1360,n4,grip
600222,1379,n4,grip
600224,1338,n4,grip
600226,1310,n4,grip
600228,1389,n4,grip
600230,1535,n4,grip
600232,1533,n4,grip
600234,1467,n4,grip
600236,1458,n4,grip
600238,1535,n4,grip
600240,1577,n4,grip
600242,1527,n4,grip
600244,1561,n4,grip
600246,1523,n4,grip
600248,1456,n4,grip
600250,1431,n4,grip
600252,1424,n4,grip
600254,1489,n4,grip
600256,1522,n4,grip
600258,1535,n4,grip
600260,1505,n4,grip
600262,1503,n4,grip
600264,1610,n4,grip
600266,1714,n4,grip
600268,1700,n4,grip
600270,1702,n4,grip
600272,1697,n4,grip
600274,1680,n4,grip
600276,1637,n4,grip
600278,1603,n4,grip
600280,1577,n4,grip
600282,1534,n4,grip
600284,1497,n4,grip
600286,1535,n4,grip
600288,1512,n4,grip
600290,1447,n4,grip
600292,1425,n4,grip
600294,1482,n4,grip
600296,1529,n4,grip
600298,1515,n4,grip
600300,1451,n4,grip
600302,1414,n4,grip
600304,1410,n4,grip
600306,1425,n4,grip
600308,1424,n4,grip
600310,1424,n4,grip
600312,1493,n4,grip
600314,1488,n4,grip
600316,1431,n4,grip
600318,1425,n4,grip
600320,1441,n4,grip
600322,1470,n4,grip
600324,1462,n4,grip
600326,1438,n4,grip
600328,1427,n4,grip
600330,1399,n4,grip
600332,1437,n4,grip
600334,1406,n4,grip
600336,1398,n4,grip
600338,1391,n4,grip
600340,1349,n4,grip
600342,1303,n4,grip
600344,1282,n4,grip
600346,1296,n4,grip
600348,1257,n4,grip
600350,1210,n4,grip
600352,1216,n4,grip
600354,1170,n4,grip
600356,1121,n4,grip
600358,1123,n4,grip
600360,1077,n4,grip
600362,1088,n4,grip
600364,1159,n4,grip
600366,1205,n4,grip
600368,1204,n4,grip
600370,1263,n4,grip
600372,1262,n4,grip
600374,1250,n4,grip
600376,1226,n4,grip
600378,1215,n4,grip
600380,1248,n4,grip
600382,1247,n4,grip
600384,1219,n4,grip
600386,1253,n4,grip
600388,1303,n4,grip
600390,1362,n4,grip
600392,1325,n4,grip
600394,1296,n4,grip
600396,1443,n4,grip
600398,1498,n4,grip
600400,1454,n4,grip
600402,1447,n4,grip
600404,1461,n4,grip
600406,1527,n4,grip
600408,1522,n4,grip
600410,1520,n4,grip
600412,1534,n4,grip
600414,1482,n4,grip
600416,1455,n4,grip
600418,1503,n4,grip
600420,1455,n4,grip
600422,1456,n4,grip
600424,1497,n4,grip
600426,1465,n4,grip
600428,1446,n4,grip
600430,1423,n4,grip
600432,1405,n4,grip
600434,1360,n4,grip
600436,1354,n4,grip
600438,1392,n4,grip
600440,1426,n4,grip
600442,1395,n4,grip
600444,1430,n4,grip
600446,1468,n4,grip
600448,1453,n4,grip
600450,1415,n4,grip
600452,1424,n4,grip
600454,1415,n4,grip
600456,1386,n4,grip
600458,1382,n4,grip
600460,1344,n4,grip
600462,1323,n4,grip
600464,1265,n4,grip
600466,1238,n4,grip
600468,1200,n4,grip
600470,1230,n4,grip
600472,1188,n4,grip
600474,1142,n4,grip
600476,1121,n4,grip
600478,1143,n4,grip
600480,1138,n4,grip
600482,1120,n4,grip
600484,1092,n4,grip
600486,1126,n4,grip
600488,1179,n4,grip
600490,1201,n4,grip
600492,1172,n4,grip
600494,1147,n4,grip
600496,1157,n4,grip
600498,1171,n4,grip
600500,1163,n4,grip
600502,1135,n4,grip
600504,1133,n4,grip
600506,1119,n4,grip
600508,1101,n4,grip
600510,1071,n4,grip
600512,1055,n4,grip
600514,1040,n4,grip
600516,1046,n4,grip
600518,1015,n4,grip
600520,1016,n4,grip
600522,1036,n4,grip
600524,1002,n4,grip
600526,969,n4,grip
600528,979,n4,grip
600530,1008,n4,grip
600532,1010,n4,grip
600534,986,n4,grip
600536,1008,n4,grip
600538,1065,n4,grip
600540,1079,n4,grip
600542,1088,n4,grip
600544,1040,n4,grip
600546,1045,n4,grip
600548,1104,n4,grip
600550,1168,n4,grip
600552,1131,n4,grip
600554,1134,n4,grip
600556,1145,n4,grip
600558,1149,n4,grip
600560,1105,n4,grip
600562,1065,n4,grip
600564,1023,n4,grip
600566,1113,n4,grip
600568,1139,n4,grip
600570,1113,n4,grip
600572,1126,n4,grip
600574,1134,n4,grip
600576,1104,n4,grip
600578,1081,n4,grip
600580,1072,n4,grip
600582,1105,n4,grip
600584,1105,n4,grip
600586,1200,n4,grip
600588,1278,n4,grip
600590,1274,n4,grip
600592,1297,n4,grip
600594,1287,n4,grip
600596,1280,n4,grip
600598,1234,n4,grip
600600,1216,n4,grip
600602,1250,n4,grip
600604,1235,n4,grip
600606,1232,n4,grip
600608,1211,n4,grip
600610,1183,n4,grip
600612,1226,n4,grip
600614,1267,n4,grip
600616,1277,n4,grip
600618,1239,n4,grip
600620,1255,n4,grip
600622,1286,n4,grip
600624,1331,n4,grip
600626,1328,n4,grip
600628,1333,n4,grip
600630,1358,n4,grip
600632,1387,n4,grip
600634,1341,n4,grip
600636,1329,n4,grip
600638,1392,n4,grip
600640,1427,n4,grip
600642,1467,n4,grip
600644,1424,n4,grip
600646,1485,n4,grip
600648,1535,n4,grip
600650,1535,n4,grip
600652,1478,n4,grip
600654,1499,n4,grip
600656,1618,n4,grip
600658,1607,n4,grip
600660,1685,n4,grip
600662,1721,n4,grip
600664,1663,n4,grip
600666,1605,n4,grip
600668,1535,n4,grip
600670,1506,n4,grip
600672,1499,n4,grip
600674,1495,n4,grip
600676,1474,n4,grip
600678,1424,n4,grip
600680,1366,n4,grip
600682,1315,n4,grip
600684,1300,n4,grip
600686,1274,n4,grip
600688,1215,n4,grip
600690,1185,n4,grip
600692,1137,n4,grip
600694,1088,n4,grip
600696,1066,n4,grip
600698,1022,n4,grip
600700,1023,n4,grip
600702,992,n4,grip
600704,1003,n4,grip
600706,1007,n4,grip
600708,1047,n4,grip
600710,1035,n4,grip
600712,1135,n4,grip
600714,1166,n4,grip
600716,1134,n4,grip
600718,1135,n4,grip
600720,1127,n4,grip
600722,1103,n4,grip
600724,1075,n4,grip
600726,1083,n4,grip
600728,1055,n4,grip
600730,1115,n4,grip
600732,1169,n4,grip
600734,1154,n4,grip
600736,1159,n4,grip
600738,1162,n4,grip
600740,1157,n4,grip
600742,1118,n4,grip
600744,1100,n4,grip
600746,1106,n4,grip
600748,1067,n4,grip
600750,1021,n4,grip
600752,1071,n4,grip
600754,1067,n4,grip
600756,1023,n4,grip
600758,998,n4,grip
600760,998,n4,grip
600762,1051,n4,grip
600764,1079,n4,grip
600766,1041,n4,grip
600768,1060,n4,grip
600770,1062,n4,grip
600772,1074,n4,grip
600774,1070,n4,grip
600776,1075,n4,grip
600778,1040,n4,grip
600780,1056,n4,grip
600782,1069,n4,grip
600784,1087,n4,grip
600786,1057,n4,grip
600788,1038,n4,grip
600790,1040,n4,grip
600792,1036,n4,grip
600794,991,n4,grip
600796,991,n4,grip
600798,986,n4,grip
600800,974,n4,grip
600802,944,n4,grip
600804,959,n4,grip
600806,939,n4,grip
600808,929,n4,grip
600810,947,n4,grip
600812,1023,n4,grip
600814,1034,n4,grip
600816,997,n4,grip
600818,977,n4,grip
600820,1042,n4,grip
600822,1130,n4,grip
600824,1169,n4,grip
600826,1150,n4,grip
600828,1223,n4,grip
600830,1237,n4,grip
600832,1237,n4,grip
600834,1231,n4,grip
600836,1264,n4,grip
600838,1264,n4,grip
600840,1237,n4,grip
600842,1217,n4,grip
600844,1200,n4,grip
600846,1247,n4,grip
600848,1261,n4,grip
600850,1258,n4,grip
600852,1331,n4,grip
600854,1371,n4,grip
600856,1425,n4,grip
600858,1374,n4,grip
600860,1310,n4,grip
600862,1249,n4,grip
600864,1213,n4,grip
600866,1227,n4,grip
600868,1177,n4,grip
600870,1129,n4,grip
600872,1084,n4,grip
600874,1054,n4,grip
600876,1036,n4,grip
600878,1015,n4,grip
600880,979,n4,grip
600882,976,n4,grip
600884,1008,n4,grip
600886,1011,n4,grip
600888,987,n4,grip
600890,1003,n4,grip
600892,979,n4,grip
600894,977,n4,grip
600896,987,n4,grip
600898,965,n4,grip
600900,925,n4,grip
600902,951,n4,grip
600904,1057,n4,grip
600906,1089,n4,grip
600908,1109,n4,grip
600910,1173,n4,grip
600912,1199,n4,grip
600914,1200,n4,grip
600916,1155,n4,grip
600918,1104,n4,grip
600920,1074,n4,grip
600922,1120,n4,grip
600924,1163,n4,grip
600926,1152,n4,grip
600928,1109,n4,grip
600930,1071,n4,grip
600932,1046,n4,grip
600934,1009,n4,grip
600936,1007,n4,grip
600938,989,n4,grip
600940,973,n4,grip
600942,1007,n4,grip
600944,1033,n4,grip
600946,1011,n4,grip
600948,1008,n4,grip
600950,1113,n4,grip
600952,1138,n4,grip
600954,1094,n4,grip
600956,1071,n4,grip
600958,1033,n4,grip
600960,992,n4,grip
600962,962,n4,grip
600964,960,n4,grip
600966,969,n4,grip
600968,991,n4,grip
600970,1007,n4,grip
600972,1011,n4,grip
600974,1015,n4,grip
600976,1008,n4,grip
600978,965,n4,grip
600980,1049,n4,grip
600982,1223,n4,grip
600984,1216,n4,grip
600986,1298,n4,grip
600988,1420,n4,grip
600990,1435,n4,grip
600992,1387,n4,grip
600994,1371,n4,grip
600996,1481,n4,grip
600998,1563,n4,grip
601000,1616,n4,grip
601002,1587,n4,grip
601004,1601,n4,grip
601006,1613,n4,grip
601008,1639,n4,grip
601010,1626,n4,grip
601012,1625,n4,grip
601014,1571,n4,grip
601016,1510,n4,grip
601018,1519,n4,grip
601020,1481,n4,grip
601022,1506,n4,grip
601024,1535,n4,grip
601026,1569,n4,grip
601028,1714,n4,grip
601030,1770,n4,grip
601032,1764,n4,grip
601034,1894,n4,grip
601036,1939,n4,grip
601038,1968,n4,grip
601040,2077,n4,grip
601042,2057,n4,grip
601044,1987,n4,grip
601046,1904,n4,grip
601048,1826,n4,grip
601050,1786,n4,grip
601052,1744,n4,grip
601054,1773,n4,grip
601056,1750,n4,grip
601058,1689,n4,grip
601060,1626,n4,grip
601062,1606,n4,grip
601064,1600,n4,grip
601066,1577,n4,grip
601068,1520,n4,grip
601070,1503,n4,grip
601072,1567,n4,grip
601074,1631,n4,grip
601076,1631,n4,grip
601078,1616,n4,grip
601080,1611,n4,grip
601082,1609,n4,grip
601084,1573,n4,grip
601086,1568,n4,grip
601088,1511,n4,grip
601090,1459,n4,grip
601092,1474,n4,grip
601094,1434,n4,grip
601096,1466,n4,grip
601098,1504,n4,grip
601100,1475,n4,grip
601102,1426,n4,grip
601104,1387,n4,grip
601106,1353,n4,grip
601108,1461,n4,grip
601110,1506,n4,grip
601112,1475,n4,grip
601114,1569,n4,grip
601116,1654,n4,grip
601118,1634,n4,grip
601120,1597,n4,grip
601122,1651,n4,grip
601124,1701,n4,grip
601126,1674,n4,grip
601128,1648,n4,grip
601130,1670,n4,grip
601132,1740,n4,grip
601134,1715,n4,grip
601136,1699,n4,grip
601138,1803,n4,grip
601140,1905,n4,grip
601142,1902,n4,grip
601144,1959,n4,grip
601146,1951,n4,grip
601148,1903,n4,grip
601150,1837,n4,grip
601152,1777,n4,grip
601154,1733,n4,grip
601156,1691,n4,grip
601158,1726,n4,grip
601160,1692,n4,grip
601162,1769,n4,grip
601164,1831,n4,grip
601166,1776,n4,grip
601168,1837,n4,grip
601170,1919,n4,grip
601172,1901,n4,grip
601174,1847,n4,grip
601176,1841,n4,grip
601178,1776,n4,grip
601180,1725,n4,grip
601182,1769,n4,grip
601184,1776,n4,grip
601186,1699,n4,grip
601188,1623,n4,grip
601190,1591,n4,grip
601192,1610,n4,grip
601194,1585,n4,grip
601196,1557,n4,grip
601198,1535,n4,grip
601200,1494,n4,grip
601202,1489,n4,grip
601204,1478,n4,grip
601206,1467,n4,grip
601208,1456,n4,grip
601210,1397,n4,grip
601212,1358,n4,grip
601214,1303,n4,grip
601216,1283,n4,grip
601218,1262,n4,grip
601220,1252,n4,grip
601222,1290,n4,grip
601224,1378,n4,grip
601226,1363,n4,grip
601228,1314,n4,grip
601230,1357,n4,grip
601232,1334,n4,grip
601234,1410,n4,grip
601236,1369,n4,grip
601238,1341,n4,grip
601240,1303,n4,grip
601242,1334,n4,grip
601244,1301,n4,grip
601246,1288,n4,grip
601248,1360,n4,grip
601250,1439,n4,grip
601252,1403,n4,grip
601254,1436,n4,grip
601256,1452,n4,grip
601258,1442,n4,grip
601260,1419,n4,grip
601262,1398,n4,grip
601264,1421,n4,grip
601266,1449,n4,grip
601268,1418,n4,grip
601270,1406,n4,grip
601272,1439,n4,grip
601274,1446,n4,grip
601276,1414,n4,grip
601278,1389,n4,grip
601280,1340,n4,grip
601282,1305,n4,grip
601284,1305,n4,grip
601286,1285,n4,grip
601288,1250,n4,grip
601290,1197,n4,grip
601292,1170,n4,grip
601294,1137,n4,grip
601296,1098,n4,grip
601298,1088,n4,grip
601300,1079,n4,grip
601302,1117,n4,grip
601304,1174,n4,grip
601306,1207,n4,grip
601308,1216,n4,grip
601310,1369,n4,grip
601312,1443,n4,grip
601314,1436,n4,grip
601316,1474,n4,grip
601318,1453,n4,grip
601320,1488,n4,grip
601322,1424,n4,grip
601324,1405,n4,grip
601326,1424,n4,grip
601328,1364,n4,grip
601330,1335,n4,grip
601332,1404,n4,grip
601334,1421,n4,grip
601336,1382,n4,grip
601338,1410,n4,grip
601340,1458,n4,grip
601342,1469,n4,grip
601344,1456,n4,grip
601346,1470,n4,grip
601348,1469,n4,grip
601350,1407,n4,grip
601352,1451,n4,grip
601354,1569,n4,grip
601356,1602,n4,grip
601358,1535,n4,grip
601360,1520,n4,grip
601362,1531,n4,grip
601364,1478,n4,grip
601366,1472,n4,grip
601368,1447,n4,grip
601370,1581,n4,grip
601372,1608,n4,grip
601374,1556,n4,grip
601376,1616,n4,grip
601378,1750,n4,grip
601380,1825,n4,grip
601382,1897,n4,grip
601384,1879,n4,grip
601386,1811,n4,grip
601388,1787,n4,grip
601390,1757,n4,grip
601392,1710,n4,grip
601394,1650,n4,grip
601396,1599,n4,grip
601398,1564,n4,grip
601400,1523,n4,grip
601402,1511,n4,grip
601404,1535,n4,grip
601406,1514,n4,grip
601408,1466,n4,grip
601410,1395,n4,grip
601412,1342,n4,grip
601414,1338,n4,grip
601416,1352,n4,grip
601418,1325,n4,grip
601420,1390,n4,grip
601422,1490,n4,grip
601424,1575,n4,grip
601426,1563,n4,grip
601428,1488,n4,grip
601430,1483,n4,grip
601432,1623,n4,grip
601434,1648,n4,grip
601436,1691,n4,grip
601438,1922,n4,grip
601440,2000,n4,grip
601442,1977,n4,grip
601444,2083,n4,grip
601446,2195,n4,grip
601448,2293,n4,grip
601450,2397,n4,grip
601452,2339,n4,grip
601454,2245,n4,grip
601456,2208,n4,grip
601458,2214,n4,grip
601460,2179,n4,grip
601462,2160,n4,grip
601464,2122,n4,grip
601466,2127,n4,grip
601468,2107,n4,grip
601470,2047,n4,grip
601472,2058,n4,grip
601474,2063,n4,grip
601476,2001,n4,grip
601478,1968,n4,grip
601480,1955,n4,grip
601482,1922,n4,grip
601484,1873,n4,grip
601486,1858,n4,grip
601488,1882,n4,grip
601490,2022,n4,grip
601492,2071,n4,grip
601494,2087,n4,grip
601496,2242,n4,grip
601498,2343,n4,grip
601500,2302,n4,grip
601502,2311,n4,grip
601504,2419,n4,grip
601506,2466,n4,grip
601508,2432,n4,grip
601510,2448,n4,grip
601512,2594,n4,grip
601514,2641,n4,grip
601516,2601,n4,grip
601518,2486,n4,grip
601520,2432,n4,grip
601522,2416,n4,grip
601524,2365,n4,grip
601526,2304,n4,grip
601528,2231,n4,grip
601530,2160,n4,grip
601532,2095,n4,grip
601534,2047,n4,grip
601536,1969,n4,grip
601538,2064,n4,grip
601540,2096,n4,grip
601542,2002,n4,grip
601544,2013,n4,grip
601546,2221,n4,grip
601548,2269,n4,grip
601550,2239,n4,grip
601552,2154,n4,grip
601554,2128,n4,grip
601556,2134,n4,grip
601558,2107,n4,grip
601560,2038,n4,grip
601562,2000,n4,grip
601564,1919,n4,grip
601566,1886,n4,grip
601568,1837,n4,grip
601570,1791,n4,grip
601572,1807,n4,grip
601574,1839,n4,grip
601576,1785,n4,grip
601578,1871,n4,grip
601580,1919,n4,grip
601582,1855,n4,grip
601584,1799,n4,grip
601586,1758,n4,grip
601588,1712,n4,grip
601590,1712,n4,grip
601592,1691,n4,grip
601594,1620,n4,grip
601596,1559,n4,grip
601598,1518,n4,grip
601600,1475,n4,grip
601602,1485,n4,grip
601604,1535,n4,grip
601606,1610,n4,grip
601608,1615,n4,grip
601610,1747,n4,grip
601612,1956,n4,grip
601614,2015,n4,grip
601616,1899,n4,grip
601618,1803,n4,grip
601620,1709,n4,grip
601622,1616,n4,grip
601624,1526,n4,grip
601626,1447,n4,grip
601628,1374,n4,grip
601630,1311,n4,grip
601632,1258,n4,grip
601634,1206,n4,grip
601636,1169,n4,grip
601638,1129,n4,grip
601640,1088,n4,grip
601642,1049,n4,grip
601644,1006,n4,grip
601646,970,n4,grip
601648,935,n4,grip
601650,900,n4,grip
601652,854,n4,grip
601654,774,n4,grip
601656,630,n4,grip
601658,497,n4,grip
601660,397,n4,grip
601662,320,n4,grip
601664,257,n4,grip
601666,208,n4,grip
601668,173,n4,grip
601670,141,n4,grip
601672,112,n4,grip
601674,85,n4,grip
601676,68,n4,grip
601678,49,n4,grip
601680,37,n4,grip
601682,22,n4,grip
601684,12,n4,grip
601722,1647,n4,grip
601724,3092,n4,grip
601726,3684,n4,grip
601728,3665,n4,grip
601730,3547,n4,grip
601732,3390,n4,grip
601734,3352,n4,grip
601736,3507,n4,grip
601738,3401,n4,grip
601740,3418,n4,grip
601742,3446,n4,grip
601744,3454,n4,grip
601746,3456,n4,grip
601748,3466,n4,grip
601750,3440,n4,grip
601752,3219,n4,grip
601754,3465,n4,grip
601756,3509,n4,grip
601758,3422,n4,grip
601760,3302,n4,grip
601762,2831,n4,grip
601764,3523,n4,grip
601766,3423,n4,grip
601768,2559,n4,grip
601770,2239,n4,grip
601772,2055,n4,grip
601774,1919,n4,grip
601776,1809,n4,grip
601778,1715,n4,grip
601780,1629,n4,grip
601782,1535,n4,grip
601784,1456,n4,grip
601786,1382,n4,grip
601788,1317,n4,grip
601790,1261,n4,grip
601792,1209,n4,grip
601794,1169,n4,grip
601796,1133,n4,grip
601798,1099,n4,grip
601800,1070,n4,grip
601802,1041,n4,grip
601804,1007,n4,grip
601806,975,n4,grip
601808,944,n4,grip
601810,913,n4,grip
601812,871,n4,grip
601814,794,n4,grip
601816,641,n4,grip
601818,496,n4,grip
601820,390,n4,grip
601822,311,n4,grip
601824,251,n4,grip
601826,203,n4,grip
601828,160,n4,grip
601830,127,n4,grip
601832,98,n4,grip
601834,80,n4,grip
601836,59,n4,grip
601838,43,n4,grip
601840,28,n4,grip
601842,14,n4,grip
601844,4,n4,grip
601980,1301,n4,grip
601982,2279,n4,grip
601984,2907,n4,grip
601986,3278,n4,grip
601988,3184,n4,grip
601990,2508,n4,grip
601992,2210,n4,grip
601994,2032,n4,grip
601996,1911,n4,grip
601998,1808,n4,grip
602000,1719,n4,grip
602002,1635,n4,grip
602004,1535,n4,grip
602006,1459,n4,grip
602008,1389,n4,grip
602010,1317,n4,grip
602012,1265,n4,grip
602014,1214,n4,grip
602016,1173,n4,grip
602018,1136,n4,grip
602020,3687,n4,grip
602022,3685,n4,grip
602024,3671,n4,grip
602026,3489,n4,grip
602028,3482,n4,grip
602030,3387,n4,grip
602032,3479,n4,grip
602034,2748,n4,grip
602036,2325,n4,grip
602038,2105,n4,grip
602040,1957,n4,grip
602042,1847,n4,grip
602044,1748,n4,grip
602046,1658,n4,grip
602048,1571,n4,grip
602050,1485,n4,grip
602052,1409,n4,grip
602054,1342,n4,grip
602056,1281,n4,grip
602058,1231,n4,grip
602060,1184,n4,grip
602062,1146,n4,grip
602064,1110,n4,grip
602066,1079,n4,grip
616090,48,n4,grip
616100,90,n4,grip
616102,45,n4,grip
616114,2476,n4,grip
616116,2352,n4,grip
616118,2351,n4,grip
616120,2449,n4,grip
616122,2394,n4,grip
616124,2405,n4,grip
616126,2338,n4,grip
616128,2377,n4,grip
616130,2390,n4,grip
616132,2303,n4,grip
616134,2208,n4,grip
616136,2133,n4,grip
616138,2057,n4,grip
616140,2064,n4,grip
616142,2073,n4,grip
616144,2142,n4,grip
616146,2094,n4,grip
616148,2016,n4,grip
616150,1953,n4,grip
616152,1899,n4,grip
616154,1859,n4,grip
616156,1823,n4,grip
616158,1506,n4,grip
616160,1020,n4,grip
616162,788,n4,grip
616164,662,n4,grip
616166,1762,n4,grip
616168,1722,n4,grip
616170,1802,n4,grip
616172,1783,n4,grip
616174,1841,n4,grip
616176,1838,n4,grip
616178,2032,n4,grip
616180,2111,n4,grip
616182,2140,n4,grip
616184,1994,n4,grip
616186,1875,n4,grip
616188,1776,n4,grip
616190,1673,n4,grip
616192,1594,n4,grip
616194,1503,n4,grip
616196,1424,n4,grip
616198,1357,n4,grip
616200,1296,n4,grip
616202,1239,n4,grip
616204,1198,n4,grip
616206,1152,n4,grip
616208,1111,n4,grip
616210,1072,n4,grip
616212,1023,n4,grip
616214,995,n4,grip
616216,962,n4,grip
616218,931,n4,grip
616220,895,n4,grip
616222,736,n4,grip
616224,528,n4,grip
616226,626,n4,grip
616228,497,n4,grip
616230,398,n4,grip
616232,320,n4,grip
616234,262,n4,grip
616236,208,n4,grip
616238,174,n4,grip
616240,144,n4,grip
616242,114,n4,grip
616244,89,n4,grip
616246,68,n4,grip
616248,52,n4,grip
616250,41,n4,grip
616252,22,n4,grip
616254,10,n4,grip
616300,39,n4,grip
616302,33,n4,grip
616318,66,n4,grip
616368,64,n4,grip
616518,2,n4,grip
616534,75,n4,grip
616550,38,n4,grip
616552,31,n4,grip
616568,64,n4,grip
616584,70,n4,grip
616618,61,n4,grip
616650,11,n4,grip
616652,15,n4,grip
616684,69,n4,grip
616700,38,n4,grip
616702,27,n4,grip
616718,64,n4,grip
616736,1685,n4,grip
616738,2862,n4,grip
616740,3459,n4,grip
616742,3639,n4,grip
616744,3664,n4,grip
616746,3623,n4,grip
616748,3699,n4,grip
616750,3711,n4,grip
616752,3568,n4,grip
616754,3516,n4,grip
616756,2918,n4,grip
616758,2400,n4,grip
616760,2145,n4,grip
616762,1851,n4,grip
616764,1587,n4,grip
616766,1405,n4,grip
616768,1293,n4,grip
616770,997,n4,grip
616772,630,n4,grip
616774,277,n4,grip
616784,80,n4,grip
616800,33,n4,grip
616802,18,n4,grip
616816,3699,n4,grip
616818,3690,n4,grip
616820,3543,n4,grip
616822,2608,n4,grip
616824,2256,n4,grip
616826,2063,n4,grip
616828,1926,n4,grip
616830,1823,n4,grip
616832,1729,n4,grip
616834,1639,n4,grip
616836,1535,n4,grip
616838,1393,n4,grip
616840,1389,n4,grip
616842,1321,n4,grip
616844,1264,n4,grip
616846,1216,n4,grip
616848,1169,n4,grip
616850,1136,n4,grip
616852,1101,n4,grip
616854,1071,n4,grip
616856,1042,n4,grip
616858,993,n4,grip
616860,958,n4,grip
616862,917,n4,grip
616864,878,n4,grip
616866,813,n4,grip
616868,677,n4,grip
616870,531,n4,grip
616872,420,n4,grip
616874,336,n4,grip
616876,272,n4,grip
616878,223,n4,grip
616880,177,n4,grip
616882,143,n4,grip
616884,113,n4,grip
616886,92,n4,grip
616888,66,n4,grip
616890,51,n4,grip
616892,37,n4,grip
616894,17,n4,grip
616896,9,n4,grip
616916,1,n4,grip
616918,177,n4,grip
616920,85,n4,grip
616934,79,n4,grip
616950,59,n4,grip
616952,47,n4,grip
616968,16,n4,grip
616984,69,n4,grip
617000,23,n4,grip
617002,11,n4,grip
617018,49,n4,grip
617034,53,n4,grip
617048,271,n4,grip
617050,302,n4,grip
617052,243,n4,grip
617054,49,n4,grip
617068,60,n4,grip
617084,57,n4,grip
617100,27,n4,grip
617102,16,n4,grip
617118,42,n4,grip
617134,64,n4,grip
617150,33,n4,grip
617152,19,n4,grip
617168,64,n4,grip
617184,66,n4,grip
617200,23,n4,grip
617202,16,n4,grip
617218,47,n4,grip
617234,50,n4,grip
617250,27,n4,grip
617252,16,n4,grip
617268,38,n4,grip
617284,34,n4,grip
617300,13,n4,grip
617318,43,n4,grip
617334,49,n4,grip
617350,20,n4,grip
617352,10,n4,grip
617366,19,n4,grip
617368,16,n4,grip
617384,48,n4,grip
617400,16,n4,grip
617418,31,n4,grip
617434,49,n4,grip
617450,22,n4,grip
617452,11,n4,grip
617466,325,n4,grip
617468,348,n4,grip
617470,156,n4,grip
617484,66,n4,grip
617500,18,n4,grip
617502,2,n4,grip
617518,24,n4,grip
617534,16,n4,grip
617548,2451,n4,grip
617550,2373,n4,grip
617552,2308,n4,grip
617554,2444,n4,grip
617556,2608,n4,grip
617558,2559,n4,grip
617560,2559,n4,grip
617562,2704,n4,grip
617564,2644,n4,grip
617566,2512,n4,grip
617568,2448,n4,grip
617570,2341,n4,grip
617572,2285,n4,grip
617574,2323,n4,grip
617576,2363,n4,grip
617578,2333,n4,grip
617580,2380,n4,grip
617582,2457,n4,grip
617584,2448,n4,grip
617586,2353,n4,grip
617588,2321,n4,grip
617590,2342,n4,grip
617592,2314,n4,grip
617594,2319,n4,grip
617596,2250,n4,grip
617598,2211,n4,grip
617600,2251,n4,grip
617602,2263,n4,grip
617604,2199,n4,grip
617606,2221,n4,grip
617608,2235,n4,grip
617610,2183,n4,grip
617612,2091,n4,grip
617614,2062,n4,grip
617616,2099,n4,grip
617618,2112,n4,grip
617620,2041,n4,grip
617622,2053,n4,grip
617624,2087,n4,grip
617626,2013,n4,grip
617628,1946,n4,grip
617630,1905,n4,grip
617632,1854,n4,grip
617634,1828,n4,grip
617636,1776,n4,grip
617638,1645,n4,grip
617640,1193,n4,grip
617642,746,n4,grip
617644,455,n4,grip
617646,327,n4,grip
617648,281,n4,grip
617650,271,n4,grip
617652,206,n4,grip
617654,27,n4,grip
617656,276,n4,grip
617658,1477,n4,grip
617660,1501,n4,grip
617662,1474,n4,grip
617664,1457,n4,grip
617666,1433,n4,grip
617668,1411,n4,grip
617670,1419,n4,grip
617672,1373,n4,grip
617674,1363,n4,grip
617676,1385,n4,grip
617678,1357,n4,grip
617680,1310,n4,grip
617682,1274,n4,grip
617684,1251,n4,grip
617686,1219,n4,grip
617688,1223,n4,grip
617690,1214,n4,grip
617692,1172,n4,grip
617694,1137,n4,grip
617696,1173,n4,grip
617698,1249,n4,grip
617700,1270,n4,grip
617702,1232,n4,grip
617704,1202,n4,grip
617706,1216,n4,grip
617708,1223,n4,grip
617710,1211,n4,grip
617712,1185,n4,grip
617714,1160,n4,grip
617716,1085,n4,grip
617718,972,n4,grip
617720,704,n4,grip
617722,390,n4,grip
617724,135,n4,grip
617734,63,n4,grip
617750,22,n4,grip
617752,5,n4,grip
617754,1515,n4,grip
617756,1488,n4,grip
617758,1447,n4,grip
617760,1392,n4,grip
617762,1392,n4,grip
617764,1195,n4,grip
617766,1053,n4,grip
617768,1200,n4,grip
617770,890,n4,grip
617772,543,n4,grip
617774,789,n4,grip
617776,1089,n4,grip
617778,1046,n4,grip
617780,1012,n4,grip
617782,985,n4,grip
617784,956,n4,grip
617786,926,n4,grip
617788,891,n4,grip
617790,836,n4,grip
617792,721,n4,grip
617794,574,n4,grip
617796,443,n4,grip
617798,350,n4,grip
617800,277,n4,grip
617802,191,n4,grip
617804,5,n4,grip
617818,16,n4,grip
617830,1809,n4,grip
617832,2608,n4,grip
617834,3520,n4,grip
617836,3685,n4,grip
617838,3680,n4,grip
617840,2714,n4,grip
617842,2313,n4,grip
617844,3683,n4,grip
617846,3670,n4,grip
617848,2737,n4,grip
617850,2320,n4,grip
617852,3665,n4,grip
617854,2961,n4,grip
617856,3317,n4,grip
617858,2649,n4,grip
617860,2305,n4,grip
617862,3258,n4,grip
617864,3059,n4,grip
617866,2548,n4,grip
617868,2759,n4,grip
617870,2243,n4,grip
617872,1742,n4,grip
617874,1270,n4,grip
617876,787,n4,grip
617878,560,n4,grip
617880,443,n4,grip
617882,374,n4,grip
617884,389,n4,grip
617886,240,n4,grip
617888,23,n4,grip
617900,20,n4,grip
617916,2,n4,grip
617918,43,n4,grip
617924,2313,n4,grip
617926,2237,n4,grip
617928,2223,n4,grip
617930,2240,n4,grip
617932,2225,n4,grip
617934,2133,n4,grip
617936,2062,n4,grip
617938,2062,n4,grip
617940,1985,n4,grip
617942,1862,n4,grip
617944,1786,n4,grip
617946,1697,n4,grip
617948,1963,n4,grip
617950,1879,n4,grip
617952,1821,n4,grip
617954,1808,n4,grip
617956,1414,n4,grip
617958,931,n4,grip
617960,558,n4,grip
617962,386,n4,grip
617964,307,n4,grip
617966,285,n4,grip
617968,270,n4,grip
617970,84,n4,grip
617984,51,n4,grip
618000,30,n4,grip
618002,2,n4,grip
618012,64,n4,grip
618014,450,n4,grip
618016,353,n4,grip
618018,277,n4,grip
618020,194,n4,grip
618022,175,n4,grip
618024,141,n4,grip
618026,92,n4,grip
618028,82,n4,grip
618030,64,n4,grip
618032,43,n4,grip
618034,25,n4,grip
618048,58,n4,grip
618050,1527,n4,grip
618052,2259,n4,grip
618054,2714,n4,grip
618056,3101,n4,grip
618058,3554,n4,grip
618060,3692,n4,grip
618062,3686,n4,grip
618064,3681,n4,grip
618066,3443,n4,grip
618068,2770,n4,grip
618070,2864,n4,grip
618072,3652,n4,grip
618074,3487,n4,grip
618076,3358,n4,grip
618078,3183,n4,grip
618080,3055,n4,grip
618082,2926,n4,grip
618084,2821,n4,grip
618086,2705,n4,grip
618088,2630,n4,grip
618090,2607,n4,grip
618092,2354,n4,grip
618094,2085,n4,grip
618096,1794,n4,grip
618098,1582,n4,grip
618100,1422,n4,grip
618102,1213,n4,grip
618104,877,n4,grip
618106,501,n4,grip
618108,149,n4,grip
618116,18,n4,grip
618118,49,n4,grip
618124,146,n4,grip
618126,1904,n4,grip
618128,1962,n4,grip
618130,2147,n4,grip
618132,2173,n4,grip
618134,2099,n4,grip
618136,2034,n4,grip
618138,2001,n4,grip
618140,2030,n4,grip
618142,2025,n4,grip
618144,1969,n4,grip
618146,1959,n4,grip
618148,1983,n4,grip
618150,1971,n4,grip
618152,1978,n4,grip
618154,1931,n4,grip
618156,1937,n4,grip
618158,1889,n4,grip
618160,1819,n4,grip
618162,1770,n4,grip
618164,1755,n4,grip
618166,1716,n4,grip
618168,1715,n4,grip
618170,1615,n4,grip
618172,1168,n4,grip
618174,752,n4,grip
618176,322,n4,grip
618178,159,n4,grip
618180,117,n4,grip
618182,103,n4,grip
618184,169,n4,grip
618186,48,n4,grip
618200,34,n4,grip
618202,3,n4,grip
618216,15,n4,grip
618218,48,n4,grip
618234,60,n4,grip
618240,142,n4,grip
618242,112,n4,grip
618244,138,n4,grip
618246,166,n4,grip
618248,2721,n4,grip
618250,3687,n4,grip
618252,3637,n4,grip
618254,3655,n4,grip
618256,3687,n4,grip
618258,3690,n4,grip
618260,3691,n4,grip
618262,3687,n4,grip
618264,3683,n4,grip
618266,3685,n4,grip
618268,3669,n4,grip
618270,3071,n4,grip
618272,3671,n4,grip
618274,3461,n4,grip
618276,2786,n4,grip
618278,3445,n4,grip
618280,2970,n4,grip
618282,2550,n4,grip
618284,2299,n4,grip
618286,1905,n4,grip
618288,1441,n4,grip
618290,1021,n4,grip
618292,570,n4,grip
618294,307,n4,grip
618296,220,n4,grip
618298,201,n4,grip
618300,223,n4,grip
618302,156,n4,grip
618316,17,n4,grip
618318,48,n4,grip
618334,1795,n4,grip
618336,1781,n4,grip
618338,1714,n4,grip
618340,1658,n4,grip
618342,1674,n4,grip
618344,1654,n4,grip
618346,1680,n4,grip
618348,1709,n4,grip
618350,1747,n4,grip
618352,1703,n4,grip
618354,1675,n4,grip
618356,1611,n4,grip
618358,1535,n4,grip
618360,1471,n4,grip
618362,1425,n4,grip
618364,1379,n4,grip
618366,1344,n4,grip
618368,1285,n4,grip
618370,1294,n4,grip
618372,1289,n4,grip
618374,1284,n4,grip
618376,1293,n4,grip
618378,1248,n4,grip
618380,1265,n4,grip
618382,1282,n4,grip
618384,1287,n4,grip
618386,1236,n4,grip
618388,1040,n4,grip
618390,637,n4,grip
618392,232,n4,grip
618394,41,n4,grip
618396,5,n4,grip
618398,32,n4,grip
618400,80,n4,grip
618402,40,n4,grip
618418,31,n4,grip
618434,1020,n4,grip
618436,2992,n4,grip
618438,3671,n4,grip
618440,3689,n4,grip
618442,3689,n4,grip
618444,3693,n4,grip
618446,3687,n4,grip
618448,3685,n4,grip
618450,3687,n4,grip
618452,3684,n4,grip
618454,3682,n4,grip
618456,3642,n4,grip
618458,3539,n4,grip
618460,3380,n4,grip
618462,3191,n4,grip
618464,3025,n4,grip
618466,2941,n4,grip
618468,2833,n4,grip
618470,2734,n4,grip
618472,2214,n4,grip
618474,1679,n4,grip
618476,1139,n4,grip
618478,861,n4,grip
618480,707,n4,grip
618482,596,n4,grip
618484,583,n4,grip
618486,381,n4,grip
618488,114,n4,grip
618500,1138,n4,grip
618502,2288,n4,grip
618504,2241,n4,grip
618506,2249,n4,grip
618508,2212,n4,grip
618510,2182,n4,grip
618512,2176,n4,grip
618514,2194,n4,grip
618516,2157,n4,grip
618518,2083,n4,grip
618520,2032,n4,grip
618522,1886,n4,grip
618524,1690,n4,grip
618526,1146,n4,grip
618528,874,n4,grip
618530,727,n4,grip
618532,619,n4,grip
618534,607,n4,grip
618536,402,n4,grip
618538,137,n4,grip
618550,45,n4,grip
618552,3,n4,grip
618566,16,n4,grip
618568,45,n4,grip
618584,64,n4,grip
618600,48,n4,grip
618602,14,n4,grip
618618,16,n4,grip
618634,73,n4,grip
618650,48,n4,grip
618652,16,n4,grip
618666,24,n4,grip
618668,47,n4,grip
618684,73,n4,grip
618700,53,n4,grip
618702,16,n4,grip
618716,26,n4,grip
618718,48,n4,grip
618734,74,n4,grip
618750,49,n4,grip
618752,16,n4,grip
618766,29,n4,grip
618768,51,n4,grip
618784,73,n4,grip
618800,48,n4,grip
618802,10,n4,grip
618816,19,n4,grip
618818,45,n4,grip
618834,66,n4,grip
618950,47,n4,grip
618952,3,n4,grip
618966,16,n4,grip
618968,37,n4,grip
618984,64,n4,grip
619000,47,n4,grip
619002,4,n4,grip
619016,23,n4,grip
619018,46,n4,grip
619034,71,n4,grip
619050,49,n4,grip
619052,13,n4,grip
619066,25,n4,grip
619068,43,n4,grip
619084,67,n4,grip
633108,3685,n4,grip
633110,3680,n4,grip
633112,3682,n4,grip
633114,3680,n4,grip
633116,3515,n4,grip
633118,3379,n4,grip
633120,3312,n4,grip
633122,3132,n4,grip
633124,2530,n4,grip
633126,2181,n4,grip
633128,1919,n4,grip
633130,1793,n4,grip
633132,1515,n4,grip
633134,1152,n4,grip
633136,759,n4,grip
633138,345,n4,grip
633140,77,n4,grip
633142,12,n4,grip
633144,16,n4,grip
633146,85,n4,grip
633148,797,n4,grip
633150,2591,n4,grip
633152,2489,n4,grip
633154,2433,n4,grip
633156,2415,n4,grip
633158,2333,n4,grip
633160,2330,n4,grip
633162,2251,n4,grip
633164,2180,n4,grip
633166,2086,n4,grip
633168,2028,n4,grip
633170,1986,n4,grip
633172,1759,n4,grip
633174,1383,n4,grip
633176,1157,n4,grip
633178,999,n4,grip
633180,976,n4,grip
633182,784,n4,grip
633184,496,n4,grip
633186,208,n4,grip
633196,48,n4,grip
633198,61,n4,grip
633214,80,n4,grip
633220,2363,n4,grip
633222,2352,n4,grip
633224,2285,n4,grip
633226,2240,n4,grip
633228,2181,n4,grip
633230,2096,n4,grip
633232,2029,n4,grip
633234,2097,n4,grip
633236,2160,n4,grip
633238,2127,n4,grip
633240,2095,n4,grip
633242,2082,n4,grip
633244,2029,n4,grip
633246,2015,n4,grip
633248,1968,n4,grip
633250,1949,n4,grip
633252,2124,n4,grip
633254,2203,n4,grip
633256,2133,n4,grip
633258,2095,n4,grip
633260,2094,n4,grip
633262,2078,n4,grip
633264,2039,n4,grip
633266,1984,n4,grip
633268,1906,n4,grip
633270,1869,n4,grip
633272,1851,n4,grip
633274,1805,n4,grip
633276,1863,n4,grip
633278,1879,n4,grip
633280,1891,n4,grip
633282,1886,n4,grip
633284,1875,n4,grip
633286,1867,n4,grip
633288,1878,n4,grip
633290,1887,n4,grip
633292,1807,n4,grip
633294,1747,n4,grip
633296,1776,n4,grip
633298,1808,n4,grip
633300,1794,n4,grip
633302,1889,n4,grip
633304,1957,n4,grip
633306,1940,n4,grip
633308,1939,n4,grip
633310,1983,n4,grip
633312,1967,n4,grip
633314,1981,n4,grip
633316,2016,n4,grip
633318,2239,n4,grip
633320,2224,n4,grip
633322,2241,n4,grip
633324,2191,n4,grip
633326,1999,n4,grip
633328,1750,n4,grip
633330,1648,n4,grip
633332,1376,n4,grip
633334,1011,n4,grip
633336,637,n4,grip
633338,240,n4,grip
633346,68,n4,grip
633348,70,n4,grip
633364,74,n4,grip
633380,66,n4,grip
633392,1530,n4,grip
633394,1535,n4,grip
633396,1534,n4,grip
633398,1344,n4,grip
633400,1003,n4,grip
633402,646,n4,grip
633404,268,n4,grip
633414,79,n4,grip
633430,72,n4,grip
633444,1463,n4,grip
633446,1494,n4,grip
633448,1499,n4,grip
633450,1486,n4,grip
633452,1531,n4,grip
633454,1602,n4,grip
633456,1725,n4,grip
633458,1698,n4,grip
633460,1584,n4,grip
633462,1670,n4,grip
633464,1689,n4,grip
633466,1676,n4,grip
633468,1631,n4,grip
633470,1600,n4,grip
633472,1586,n4,grip
633474,1650,n4,grip
633476,1680,n4,grip
633478,1621,n4,grip
633480,1567,n4,grip
633482,1291,n4,grip
633484,937,n4,grip
633486,572,n4,grip
633488,182,n4,grip
633496,45,n4,grip
633498,41,n4,grip
633514,64,n4,grip
633516,720,n4,grip
633518,1170,n4,grip
633520,1141,n4,grip
633522,1107,n4,grip
633524,1061,n4,grip
633526,933,n4,grip
633528,785,n4,grip
633530,778,n4,grip
633532,589,n4,grip
633534,320,n4,grip
633536,50,n4,grip
633546,32,n4,grip
633548,30,n4,grip
633564,55,n4,grip
633580,118,n4,grip
633582,43,n4,grip
633596,2400,n4,grip
633598,3026,n4,grip
633600,2960,n4,grip
633602,2442,n4,grip
633604,2831,n4,grip
633606,2874,n4,grip
633608,2747,n4,grip
633610,2679,n4,grip
633612,2697,n4,grip
633614,2559,n4,grip
633616,2193,n4,grip
633618,1712,n4,grip
633620,1264,n4,grip
633622,729,n4,grip
633624,480,n4,grip
633626,354,n4,grip
633628,1535,n4,grip
633630,1461,n4,grip
633632,1378,n4,grip
633634,1317,n4,grip
633636,1262,n4,grip
633638,1072,n4,grip
633640,698,n4,grip
633642,511,n4,grip
633644,421,n4,grip
633646,407,n4,grip
633648,336,n4,grip
633650,131,n4,grip
633652,299,n4,grip
633654,3683,n4,grip
633656,3691,n4,grip
633658,3690,n4,grip
633660,3443,n4,grip
633662,3653,n4,grip
633664,3683,n4,grip
633666,3689,n4,grip
633668,3687,n4,grip
633670,3690,n4,grip
633672,3687,n4,grip
633674,3682,n4,grip
633676,3654,n4,grip
633678,3615,n4,grip
633680,3119,n4,grip
633682,2610,n4,grip
633684,2112,n4,grip
633686,1628,n4,grip
633688,1104,n4,grip
633690,747,n4,grip
633692,575,n4,grip
633694,470,n4,grip
633696,455,n4,grip
633698,381,n4,grip
633700,166,n4,grip
633714,55,n4,grip
633730,64,n4,grip
633746,32,n4,grip
633748,29,n4,grip
633764,59,n4,grip
633780,70,n4,grip
633796,32,n4,grip
633798,25,n4,grip
633814,54,n4,grip
633828,2375,n4,grip
633830,2459,n4,grip
633832,2398,n4,grip
633834,2349,n4,grip
633836,2261,n4,grip
633838,2186,n4,grip
633840,2097,n4,grip
633842,2006,n4,grip
633844,1921,n4,grip
633846,1849,n4,grip
633848,1790,n4,grip
633850,1818,n4,grip
633852,1813,n4,grip
633854,1780,n4,grip
633856,1729,n4,grip
633858,1712,n4,grip
633860,1670,n4,grip
633862,1619,n4,grip
633864,1557,n4,grip
633866,1535,n4,grip
633868,1517,n4,grip
633870,1466,n4,grip
633872,1426,n4,grip
633874,1389,n4,grip
633876,1354,n4,grip
633878,1377,n4,grip
633880,1373,n4,grip
633882,1383,n4,grip
633884,1475,n4,grip
633886,1520,n4,grip
633888,1604,n4,grip
633890,1735,n4,grip
633892,1808,n4,grip
633894,2074,n4,grip
633896,2303,n4,grip
633898,2262,n4,grip
633900,2185,n4,grip
633902,2113,n4,grip
633904,2122,n4,grip
633906,2128,n4,grip
633908,2082,n4,grip
633910,2074,n4,grip
633912,2047,n4,grip
633914,2059,n4,grip
633916,2011,n4,grip
633918,1989,n4,grip
633920,1927,n4,grip
633922,1898,n4,grip
633924,1823,n4,grip
633926,1743,n4,grip
633928,1693,n4,grip
633930,1648,n4,grip
633932,1667,n4,grip
633934,1716,n4,grip
633936,1681,n4,grip
633938,1630,n4,grip
633940,1601,n4,grip
633942,1603,n4,grip
633944,1567,n4,grip
633946,1517,n4,grip
633948,1485,n4,grip
633950,1466,n4,grip
633952,1440,n4,grip
633954,1441,n4,grip
633956,1474,n4,grip
633958,1451,n4,grip
633960,1408,n4,grip
633962,1383,n4,grip
633964,1343,n4,grip
633966,1283,n4,grip
633968,1254,n4,grip
633970,1231,n4,grip
633972,1311,n4,grip
633974,1316,n4,grip
633976,1479,n4,grip
633978,1699,n4,grip
633980,1751,n4,grip
633982,1722,n4,grip
633984,1869,n4,grip
633986,1962,n4,grip
633988,1966,n4,grip
633990,1958,n4,grip
633992,2065,n4,grip
633994,2006,n4,grip
633996,1973,n4,grip
633998,1936,n4,grip
634000,1755,n4,grip
634002,1325,n4,grip
634004,1875,n4,grip
634006,1883,n4,grip
634008,1840,n4,grip
634010,1787,n4,grip
634012,1715,n4,grip
634014,1712,n4,grip
634016,1744,n4,grip
634018,1705,n4,grip
634020,1744,n4,grip
634022,1791,n4,grip
634024,1729,n4,grip
634026,1685,n4,grip
634028,1649,n4,grip
634030,1610,n4,grip
634032,1567,n4,grip
634034,1506,n4,grip
634036,1443,n4,grip
634038,1405,n4,grip
634040,1345,n4,grip
634042,1301,n4,grip
634044,1335,n4,grip
634046,1327,n4,grip
634048,1344,n4,grip
634050,1475,n4,grip
634052,1535,n4,grip
634054,1504,n4,grip
634056,1474,n4,grip
634058,1438,n4,grip
634060,1403,n4,grip
634062,1408,n4,grip
634064,1600,n4,grip
634066,1589,n4,grip
634068,1606,n4,grip
634070,1693,n4,grip
634072,1791,n4,grip
634074,1757,n4,grip
634076,1830,n4,grip
634078,1913,n4,grip
634080,1901,n4,grip
634082,1995,n4,grip
634084,2031,n4,grip
634086,2077,n4,grip
634088,2094,n4,grip
634090,2032,n4,grip
634092,2020,n4,grip
634094,2017,n4,grip
634096,1954,n4,grip
634098,1923,n4,grip
634100,1904,n4,grip
634102,1909,n4,grip
634104,1939,n4,grip
634106,2032,n4,grip
634108,1975,n4,grip
634110,1940,n4,grip
634112,1991,n4,grip
634114,2096,n4,grip
634116,2087,n4,grip
634118,2002,n4,grip
634120,1947,n4,grip
634122,1926,n4,grip
634124,1902,n4,grip
634126,1826,n4,grip
634128,1758,n4,grip
634130,1685,n4,grip
634132,1618,n4,grip
634134,1605,n4,grip
634136,1564,n4,grip
634138,1600,n4,grip
634140,1584,n4,grip
634142,1566,n4,grip
634144,1533,n4,grip
634146,1535,n4,grip
634148,1780,n4,grip
634150,1808,n4,grip
634152,1831,n4,grip
634154,1834,n4,grip
634156,1775,n4,grip
634158,1728,n4,grip
634160,1735,n4,grip
634162,1715,n4,grip
634164,1677,n4,grip
634166,1651,n4,grip
634168,1648,n4,grip
634170,1631,n4,grip
634172,1582,n4,grip
634174,1535,n4,grip
634176,1517,n4,grip
634178,1450,n4,grip
634180,1408,n4,grip
634182,1424,n4,grip
634184,1413,n4,grip
634186,1503,n4,grip
634188,1626,n4,grip
634190,1589,n4,grip
634192,1574,n4,grip
634194,1570,n4,grip
634196,1603,n4,grip
634198,1589,n4,grip
634200,1653,n4,grip
634202,1698,n4,grip
634204,1651,n4,grip
634206,1609,n4,grip
634208,1680,n4,grip
634210,1750,n4,grip
634212,1887,n4,grip
634214,1973,n4,grip
634216,1935,n4,grip
634218,2085,n4,grip
634220,2225,n4,grip
634222,2243,n4,grip
634224,2218,n4,grip
634226,2247,n4,grip
634228,2203,n4,grip
634230,2235,n4,grip
634232,2198,n4,grip
634234,2153,n4,grip
634236,2155,n4,grip
634238,2134,n4,grip
634240,2059,n4,grip
634242,1968,n4,grip
634244,1919,n4,grip
634246,1933,n4,grip
634248,1936,n4,grip
634250,1914,n4,grip
634252,2000,n4,grip
634254,2032,n4,grip
634256,1990,n4,grip
634258,1929,n4,grip
634260,1981,n4,grip
634262,2017,n4,grip
634264,2031,n4,grip
634266,1969,n4,grip
634268,1938,n4,grip
634270,1937,n4,grip
634272,1904,n4,grip
634274,1829,n4,grip
634276,1760,n4,grip
634278,1697,n4,grip
634280,1679,n4,grip
634282,1711,n4,grip
634284,1751,n4,grip
634286,1408,n4,grip
634288,891,n4,grip
634290,583,n4,grip
634292,426,n4,grip
634294,349,n4,grip
634296,358,n4,grip
634298,279,n4,grip
634300,80,n4,grip
634312,10,n4,grip
634314,49,n4,grip
634330,73,n4,grip
634346,37,n4,grip
634348,16,n4,grip
634364,44,n4,grip
634380,84,n4,grip
634396,34,n4,grip
634398,16,n4,grip
634412,3,n4,grip
634414,42,n4,grip
634430,53,n4,grip
634446,19,n4,grip
634464,16,n4,grip
634480,26,n4,grip
634496,1,n4,grip
634530,1,n4,grip
634658,1485,n4,grip
634660,1437,n4,grip
634662,1520,n4,grip
634664,1603,n4,grip
634666,1651,n4,grip
634668,1759,n4,grip
634670,1776,n4,grip
634672,1857,n4,grip
634674,1999,n4,grip
634676,1987,n4,grip
634678,1937,n4,grip
634680,1867,n4,grip
634682,1788,n4,grip
634684,1726,n4,grip
634686,1663,n4,grip
634688,1661,n4,grip
634690,1685,n4,grip
634692,1634,n4,grip
634694,1616,n4,grip
634696,1648,n4,grip
634698,1648,n4,grip
634700,1682,n4,grip
634702,1709,n4,grip
634704,1659,n4,grip
634706,1652,n4,grip
634708,1610,n4,grip
634710,1589,n4,grip
634712,1609,n4,grip
634714,1616,n4,grip
634716,1568,n4,grip
634718,1584,n4,grip
634720,1600,n4,grip
634722,1648,n4,grip
634724,1670,n4,grip
634726,1687,n4,grip
634728,1843,n4,grip
634730,2007,n4,grip
634732,2000,n4,grip
634734,1983,n4,grip
634736,2018,n4,grip
634738,2007,n4,grip
634740,1948,n4,grip
634742,1899,n4,grip
634744,1824,n4,grip
634746,1759,n4,grip
634748,1719,n4,grip
634750,1771,n4,grip
634752,1787,n4,grip
634754,1782,n4,grip
634756,1746,n4,grip
634758,1817,n4,grip
634760,1859,n4,grip
634762,1808,n4,grip
634764,1861,n4,grip
634766,1833,n4,grip
634768,1850,n4,grip
634770,1846,n4,grip
634772,1845,n4,grip
634774,1794,n4,grip
634776,1755,n4,grip
634778,1709,n4,grip
634780,1696,n4,grip
634782,1659,n4,grip
634784,1744,n4,grip
634786,1881,n4,grip
634788,1873,n4,grip
634790,1937,n4,grip
634792,1997,n4,grip
634794,1994,n4,grip
634796,1965,n4,grip
634798,1895,n4,grip
634800,1886,n4,grip
634802,1889,n4,grip
634804,1907,n4,grip
634806,1913,n4,grip
634808,1842,n4,grip
634810,1797,n4,grip
634812,1773,n4,grip
634814,1527,n4,grip
634816,1219,n4,grip
634818,890,n4,grip
634820,573,n4,grip
634822,258,n4,grip
634824,96,n4,grip
634826,16,n4,grip
634830,7,n4,grip
634862,1330,n4,grip
634874,1163,n4,grip
634882,943,n4,grip
634886,1415,n4,grip
634888,1387,n4,grip
634890,1327,n4,grip
634892,1264,n4,grip
634894,1218,n4,grip
634896,1171,n4,grip
634898,1136,n4,grip
634900,1104,n4,grip
634902,1066,n4,grip
634904,1023,n4,grip
634906,982,n4,grip
634908,951,n4,grip
634910,907,n4,grip
634912,855,n4,grip
634914,768,n4,grip
634916,623,n4,grip
634918,485,n4,grip
634920,384,n4,grip
634922,309,n4,grip
634924,253,n4,grip
634926,205,n4,grip
634928,162,n4,grip
634930,133,n4,grip
634932,102,n4,grip
634934,80,n4,grip
634936,63,n4,grip
634938,44,n4,grip
634940,29,n4,grip
634942,16,n4,grip
634944,3,n4,grip
635076,1115,n4,grip
635078,2512,n4,grip
635080,3605,n4,grip
635082,3687,n4,grip
635084,3693,n4,grip
635086,3686,n4,grip
635088,3686,n4,grip
635090,3663,n4,grip
635092,3341,n4,grip
635094,3293,n4,grip
635096,3298,n4,grip
635098,3472,n4,grip
635100,3455,n4,grip
635102,3583,n4,grip
635104,3611,n4,grip
635106,3312,n4,grip
635108,3632,n4,grip
635110,3623,n4,grip
635112,3438,n4,grip
635114,3621,n4,grip
635116,3678,n4,grip
635118,3668,n4,grip
635120,3664,n4,grip
635122,3600,n4,grip
635124,3570,n4,grip
635126,3519,n4,grip
635128,3383,n4,grip
635130,3268,n4,grip
635132,3152,n4,grip
635134,3070,n4,grip
635136,3041,n4,grip
635138,2997,n4,grip
635140,2886,n4,grip
635142,2779,n4,grip
635144,2672,n4,grip
635146,2609,n4,grip
635148,2526,n4,grip
635150,2433,n4,grip
635152,2327,n4,grip
635154,2254,n4,grip
635156,2202,n4,grip
635158,2193,n4,grip
635160,2171,n4,grip
635162,2103,n4,grip
635164,2019,n4,grip
635166,1989,n4,grip
635168,1933,n4,grip
635170,1863,n4,grip
635172,1887,n4,grip
635174,1861,n4,grip
635176,1794,n4,grip
635178,1783,n4,grip
635180,1831,n4,grip
635182,1758,n4,grip
635184,1678,n4,grip
635186,1625,n4,grip
635188,1627,n4,grip
635190,1594,n4,grip
635192,1607,n4,grip
635194,1639,n4,grip
635196,1628,n4,grip
635198,1597,n4,grip
635200,1619,n4,grip
635202,1622,n4,grip
635204,1669,n4,grip
635206,1793,n4,grip
635208,1655,n4,grip
635210,1611,n4,grip
635212,1661,n4,grip
635214,1727,n4,grip
635216,1697,n4,grip
635218,1666,n4,grip
635220,1660,n4,grip
635222,1629,n4,grip
635224,1635,n4,grip
635226,1703,n4,grip
635228,1667,n4,grip
635230,1596,n4,grip
635232,1570,n4,grip
635234,1566,n4,grip
635236,1554,n4,grip
635238,1603,n4,grip
635240,1576,n4,grip
635242,1573,n4,grip
635244,1565,n4,grip
635246,1522,n4,grip
635248,1555,n4,grip
635250,1507,n4,grip
635252,1535,n4,grip
635254,1633,n4,grip
635256,1623,n4,grip
635258,1666,n4,grip
635260,1639,n4,grip
635262,1574,n4,grip
635264,1535,n4,grip
635266,1534,n4,grip
635268,1488,n4,grip
635270,1519,n4,grip
635272,1610,n4,grip
635274,1581,n4,grip
635276,1633,n4,grip
635278,1650,n4,grip
635280,1610,n4,grip
635282,1535,n4,grip
635284,1519,n4,grip
635286,1534,n4,grip
635288,1535,n4,grip
635290,1486,n4,grip
635292,1467,n4,grip
635294,1417,n4,grip
635296,1407,n4,grip
635298,1440,n4,grip
635300,1392,n4,grip
635302,1355,n4,grip
635304,1348,n4,grip
635306,1365,n4,grip
635308,1307,n4,grip
635310,1267,n4,grip
635312,1231,n4,grip
635314,1223,n4,grip
635316,1173,n4,grip
635318,1125,n4,grip
635320,1111,n4,grip
635322,1140,n4,grip
635324,1117,n4,grip
635326,1200,n4,grip
635328,1235,n4,grip
635330,1217,n4,grip
635332,1221,n4,grip
635334,1296,n4,grip
635336,1377,n4,grip
635338,1386,n4,grip
635340,1392,n4,grip
635342,1475,n4,grip
635344,1511,n4,grip
635346,1527,n4,grip
635348,1506,n4,grip
635350,1514,n4,grip
635352,1513,n4,grip
635354,1527,n4,grip
635356,1526,n4,grip
635358,1472,n4,grip
635360,1463,n4,grip
635362,1506,n4,grip
635364,1507,n4,grip
635366,1495,n4,grip
635368,1458,n4,grip
635370,1417,n4,grip
635372,1423,n4,grip
635374,1392,n4,grip
635376,1418,n4,grip
635378,1387,n4,grip
635380,1367,n4,grip
635382,1317,n4,grip
635384,1296,n4,grip
635386,1325,n4,grip
635388,1328,n4,grip
635390,1282,n4,grip
635392,1291,n4,grip
635394,1270,n4,grip
635396,1228,n4,grip
635398,1203,n4,grip
635400,1183,n4,grip
635402,1233,n4,grip
635404,1265,n4,grip
635406,1233,n4,grip
635408,1184,n4,grip
635410,1145,n4,grip
635412,1167,n4,grip
635414,1138,n4,grip
635416,1102,n4,grip
635418,1057,n4,grip
635420,1008,n4,grip
635422,1035,n4,grip
635424,1058,n4,grip
635426,1020,n4,grip
635428,983,n4,grip
635430,1043,n4,grip
635432,1095,n4,grip
635434,1062,n4,grip
635436,1071,n4,grip
635438,1076,n4,grip
635440,1043,n4,grip
635442,1018,n4,grip
635444,981,n4,grip
635446,953,n4,grip
635448,916,n4,grip
635450,885,n4,grip
635452,879,n4,grip
635454,867,n4,grip
635456,862,n4,grip
635458,855,n4,grip
635460,880,n4,grip
635462,912,n4,grip
635464,912,n4,grip
635466,953,n4,grip
635468,983,n4,grip
635470,1002,n4,grip
635472,1023,n4,grip
635474,998,n4,grip
635476,1037,n4,grip
635478,1079,n4,grip
635480,1073,n4,grip
635482,1040,n4,grip
635484,1047,n4,grip
635486,1056,n4,grip
635488,1052,n4,grip
635490,1040,n4,grip
635492,1034,n4,grip
635494,1047,n4,grip
635496,1035,n4,grip
635498,1008,n4,grip
635500,986,n4,grip
635502,960,n4,grip
635504,922,n4,grip
635506,908,n4,grip
635508,991,n4,grip
635510,1021,n4,grip
635512,990,n4,grip
635514,944,n4,grip
635516,912,n4,grip
635518,899,n4,grip
635520,925,n4,grip
635522,995,n4,grip
635524,976,n4,grip
635526,976,n4,grip
635528,933,n4,grip
635530,953,n4,grip
635532,945,n4,grip
635534,927,n4,grip
635536,974,n4,grip
635538,1014,n4,grip
635540,989,n4,grip
635542,995,n4,grip
635544,987,n4,grip
635546,967,n4,grip
635548,950,n4,grip
635550,938,n4,grip
635552,912,n4,grip
635554,891,n4,grip
635556,883,n4,grip
635558,880,n4,grip
635560,854,n4,grip
635562,837,n4,grip
635564,843,n4,grip
635566,837,n4,grip
635568,802,n4,grip
635570,785,n4,grip
635572,819,n4,grip
635574,823,n4,grip
635576,818,n4,grip
635578,804,n4,grip
635580,864,n4,grip
635582,852,n4,grip
635584,867,n4,grip
635586,880,n4,grip
635588,871,n4,grip
635590,874,n4,grip
635592,849,n4,grip
635594,830,n4,grip
635596,818,n4,grip
635598,878,n4,grip
635600,873,n4,grip
635602,887,n4,grip
635604,880,n4,grip
635606,863,n4,grip
635608,887,n4,grip
635610,955,n4,grip
635612,1008,n4,grip
635614,1007,n4,grip
635616,1049,n4,grip
635618,1094,n4,grip
635620,1214,n4,grip
635622,1246,n4,grip
635624,1302,n4,grip
635626,1442,n4,grip
635628,1504,n4,grip
635630,1483,n4,grip
635632,1487,n4,grip
635634,1595,n4,grip
635636,1680,n4,grip
635638,1699,n4,grip
635640,1665,n4,grip
635642,1630,n4,grip
635644,1620,n4,grip
635646,1664,n4,grip
635648,1725,n4,grip
635650,1675,n4,grip
635652,1619,n4,grip
635654,1603,n4,grip
635656,1558,n4,grip
635658,1502,n4,grip
635660,1437,n4,grip
635662,1407,n4,grip
635664,1374,n4,grip
635666,1337,n4,grip
635668,1409,n4,grip
635670,1447,n4,grip
635672,1434,n4,grip
635674,1445,n4,grip
635676,1488,n4,grip
635678,1501,n4,grip
635680,1527,n4,grip
635682,1487,n4,grip
635684,1456,n4,grip
635686,1424,n4,grip
635688,1367,n4,grip
635690,1324,n4,grip
635692,1275,n4,grip
635694,1230,n4,grip
635696,1186,n4,grip
635698,1163,n4,grip
635700,1118,n4,grip
635702,1083,n4,grip
635704,1121,n4,grip
635706,1134,n4,grip
635708,1130,n4,grip
635710,1227,n4,grip
635712,1293,n4,grip
635714,1271,n4,grip
635716,1275,n4,grip
635718,1291,n4,grip
635720,1287,n4,grip
635722,1247,n4,grip
635724,1223,n4,grip
635726,1221,n4,grip
635728,1174,n4,grip
635730,1141,n4,grip
635732,1211,n4,grip
635734,1281,n4,grip
635736,1296,n4,grip
635738,1306,n4,grip
635740,1410,n4,grip
635742,1498,n4,grip
635744,1514,n4,grip
635746,1489,n4,grip
635748,1459,n4,grip
635750,1504,n4,grip
635752,1531,n4,grip
635754,1488,n4,grip
635756,1478,n4,grip
635758,1411,n4,grip
635760,1355,n4,grip
635762,1322,n4,grip
635764,1329,n4,grip
635766,1266,n4,grip
635768,1222,n4,grip
635770,1217,n4,grip
635772,1235,n4,grip
635774,1205,n4,grip
635776,1200,n4,grip
635778,1182,n4,grip
635780,1159,n4,grip
635782,1191,n4,grip
635784,1149,n4,grip
635786,1124,n4,grip
635788,1127,n4,grip
635790,1135,n4,grip
635792,1109,n4,grip
635794,1076,n4,grip
635796,1039,n4,grip
635798,1040,n4,grip
635800,1046,n4,grip
635802,997,n4,grip
635804,971,n4,grip
635806,970,n4,grip
635808,931,n4,grip
635810,945,n4,grip
635812,947,n4,grip
635814,917,n4,grip
635816,970,n4,grip
635818,1005,n4,grip
635820,993,n4,grip
635822,1020,n4,grip
635824,1072,n4,grip
635826,1138,n4,grip
635828,1229,n4,grip
635830,1243,n4,grip
635832,1264,n4,grip
635834,1329,n4,grip
635836,1355,n4,grip
635838,1315,n4,grip
635840,1296,n4,grip
635842,1286,n4,grip
635844,1248,n4,grip
635846,1213,n4,grip
635848,1175,n4,grip
635850,1123,n4,grip
635852,1117,n4,grip
635854,1101,n4,grip
635856,1074,n4,grip
635858,1055,n4,grip
635860,1009,n4,grip
635862,975,n4,grip
635864,945,n4,grip
635866,944,n4,grip
635868,926,n4,grip
635870,896,n4,grip
635872,877,n4,grip
635874,863,n4,grip
635876,865,n4,grip
635878,937,n4,grip
635880,1055,n4,grip
635882,1100,n4,grip
635884,1264,n4,grip
635886,1357,n4,grip
635888,1335,n4,grip
635890,1440,n4,grip
635892,1535,n4,grip
635894,1596,n4,grip
635896,1535,n4,grip
635898,1478,n4,grip
635900,1456,n4,grip
635902,1441,n4,grip
635904,1427,n4,grip
635906,1392,n4,grip
635908,1328,n4,grip
635910,1265,n4,grip
635912,1232,n4,grip
635914,1210,n4,grip
635916,1215,n4,grip
635918,1222,n4,grip
635920,1207,n4,grip
635922,1184,n4,grip
635924,1217,n4,grip
635926,1200,n4,grip
635928,1157,n4,grip
635930,1149,n4,grip
635932,1187,n4,grip
635934,1164,n4,grip
635936,1121,n4,grip
635938,1083,n4,grip
635940,1088,n4,grip
635942,1125,n4,grip
635944,1120,n4,grip
635946,1075,n4,grip
635948,1073,n4,grip
635950,1103,n4,grip
635952,1073,n4,grip
635954,1052,n4,grip
635956,1039,n4,grip
635958,1003,n4,grip
635960,975,n4,grip
635962,953,n4,grip
635964,939,n4,grip
635966,921,n4,grip
635968,910,n4,grip
635970,893,n4,grip
635972,880,n4,grip
635974,880,n4,grip
635976,851,n4,grip
635978,848,n4,grip
635980,912,n4,grip
635982,906,n4,grip
635984,989,n4,grip
635986,1005,n4,grip
635988,976,n4,grip
635990,950,n4,grip
635992,947,n4,grip
635994,938,n4,grip
635996,967,n4,grip
635998,953,n4,grip
636000,941,n4,grip
636002,958,n4,grip
636004,957,n4,grip
636006,930,n4,grip
636008,896,n4,grip
636010,857,n4,grip
636012,826,n4,grip
636014,814,n4,grip
636016,815,n4,grip
636018,815,n4,grip
636020,815,n4,grip
636022,775,n4,grip
636024,746,n4,grip
636026,725,n4,grip
636028,757,n4,grip
636030,798,n4,grip
636032,886,n4,grip
636034,959,n4,grip
636036,945,n4,grip
636038,930,n4,grip
636040,976,n4,grip
636042,979,n4,grip
636044,944,n4,grip
636046,912,n4,grip
636048,880,n4,grip
636050,858,n4,grip
636052,855,n4,grip
636054,864,n4,grip
636056,848,n4,grip
636058,818,n4,grip
636060,860,n4,grip
636062,914,n4,grip
636064,925,n4,grip
636066,983,n4,grip
636068,1008,n4,grip
636070,977,n4,grip
636072,941,n4,grip
636074,922,n4,grip
636076,966,n4,grip
636078,975,n4,grip
636080,1008,n4,grip
636082,985,n4,grip
636084,1002,n4,grip
636086,1069,n4,grip
636088,1110,n4,grip
636090,1086,n4,grip
636092,1113,n4,grip
636094,1150,n4,grip
636096,1114,n4,grip
636098,1143,n4,grip
636100,1168,n4,grip
636102,1170,n4,grip
636104,1143,n4,grip
636106,1153,n4,grip
636108,1247,n4,grip
636110,1347,n4,grip
636112,1379,n4,grip
650136,1415,n4,grip
650138,1392,n4,grip
650140,1344,n4,grip
650142,1303,n4,grip
650144,1299,n4,grip
650146,1357,n4,grip
650148,1359,n4,grip
650150,1360,n4,grip
650152,1310,n4,grip
650154,1255,n4,grip
650156,1223,n4,grip
650158,1344,n4,grip
650160,1371,n4,grip
650162,1390,n4,grip
650164,1399,n4,grip
650166,1344,n4,grip
650168,1293,n4,grip
650170,1234,n4,grip
650172,1212,n4,grip
650174,1187,n4,grip
650176,1150,n4,grip
650178,1145,n4,grip
650180,1104,n4,grip
650182,1063,n4,grip
650184,1022,n4,grip
650186,987,n4,grip
650188,954,n4,grip
650190,922,n4,grip
650192,935,n4,grip
650194,915,n4,grip
650196,986,n4,grip
650198,1149,n4,grip
650200,1264,n4,grip
650202,1282,n4,grip
650204,1419,n4,grip
650206,1569,n4,grip
650208,1621,n4,grip
650210,1590,n4,grip
650212,1531,n4,grip
650214,1495,n4,grip
650216,1503,n4,grip
650218,1459,n4,grip
650220,1408,n4,grip
650222,1363,n4,grip
650224,1341,n4,grip
650226,1452,n4,grip
650228,1424,n4,grip
650230,1362,n4,grip
650232,1326,n4,grip
650234,1343,n4,grip
650236,1342,n4,grip
650238,1459,n4,grip
650240,1535,n4,grip
650242,1591,n4,grip
650244,1584,n4,grip
650246,1616,n4,grip
650248,1599,n4,grip
650250,1593,n4,grip
650252,1535,n4,grip
650254,1535,n4,grip
650256,1489,n4,grip
650258,1554,n4,grip
650260,1530,n4,grip
650262,1570,n4,grip
650264,1568,n4,grip
650266,1507,n4,grip
650268,1446,n4,grip
650270,1422,n4,grip
650272,1383,n4,grip
650274,1360,n4,grip
650276,1311,n4,grip
650278,1346,n4,grip
650280,1415,n4,grip
650282,1392,n4,grip
650284,1415,n4,grip
650286,1488,n4,grip
650288,1524,n4,grip
650290,1485,n4,grip
650292,1570,n4,grip
650294,1877,n4,grip
650296,1962,n4,grip
650298,2103,n4,grip
650300,2384,n4,grip
650302,2509,n4,grip
650304,2532,n4,grip
650306,2480,n4,grip
650308,2418,n4,grip
650310,2397,n4,grip
650312,2432,n4,grip
650314,2351,n4,grip
650316,2256,n4,grip
650318,2224,n4,grip
650320,2162,n4,grip
650322,2129,n4,grip
650324,2074,n4,grip
650326,2022,n4,grip
650328,2000,n4,grip
650330,1971,n4,grip
650332,1954,n4,grip
650334,1907,n4,grip
650336,1904,n4,grip
650338,1954,n4,grip
650340,1910,n4,grip
650342,1962,n4,grip
650344,2042,n4,grip
650346,1995,n4,grip
650348,1999,n4,grip
650350,1931,n4,grip
650352,1856,n4,grip
650354,1778,n4,grip
650356,1844,n4,grip
650358,1904,n4,grip
650360,1856,n4,grip
650362,1905,n4,grip
650364,1889,n4,grip
650366,1862,n4,grip
650368,1791,n4,grip
650370,1738,n4,grip
650372,1680,n4,grip
650374,1669,n4,grip
650376,1623,n4,grip
650378,1557,n4,grip
650380,1498,n4,grip
650382,1457,n4,grip
650384,1424,n4,grip
650386,1399,n4,grip
650388,1374,n4,grip
650390,1363,n4,grip
650392,1424,n4,grip
650394,1377,n4,grip
650396,1349,n4,grip
650398,1374,n4,grip
650400,1408,n4,grip
650402,1369,n4,grip
650404,1343,n4,grip
650406,1367,n4,grip
650408,1467,n4,grip
650410,1447,n4,grip
650412,1492,n4,grip
650414,1535,n4,grip
650416,1517,n4,grip
650418,1499,n4,grip
650420,1440,n4,grip
650422,1437,n4,grip
650424,1529,n4,grip
650426,1525,n4,grip
650428,1533,n4,grip
650430,1535,n4,grip
650432,1570,n4,grip
650434,1523,n4,grip
650436,1535,n4,grip
650438,1483,n4,grip
650440,1434,n4,grip
650442,1415,n4,grip
650444,1392,n4,grip
650446,1403,n4,grip
650448,1446,n4,grip
650450,1445,n4,grip
650452,1554,n4,grip
650454,1526,n4,grip
650456,1486,n4,grip
650458,1470,n4,grip
650460,1413,n4,grip
650462,1447,n4,grip
650464,1558,n4,grip
650466,1678,n4,grip
650468,1723,n4,grip
650470,1746,n4,grip
650472,1860,n4,grip
650474,1986,n4,grip
650476,1997,n4,grip
650478,1943,n4,grip
650480,1922,n4,grip
650482,1873,n4,grip
650484,1810,n4,grip
650486,1763,n4,grip
650488,1725,n4,grip
650490,1663,n4,grip
650492,1601,n4,grip
650494,1571,n4,grip
650496,1610,n4,grip
650498,1648,n4,grip
650500,1681,n4,grip
650502,1653,n4,grip
650504,1643,n4,grip
650506,1742,n4,grip
650508,1813,n4,grip
650510,1782,n4,grip
650512,1755,n4,grip
650514,1683,n4,grip
650516,1669,n4,grip
650518,1717,n4,grip
650520,1685,n4,grip
650522,1745,n4,grip
650524,1768,n4,grip
650526,1900,n4,grip
650528,1991,n4,grip
650530,2006,n4,grip
650532,2160,n4,grip
650534,2218,n4,grip
650536,2177,n4,grip
650538,2112,n4,grip
650540,2064,n4,grip
650542,2023,n4,grip
650544,1934,n4,grip
650546,1887,n4,grip
650548,1872,n4,grip
650550,1903,n4,grip
650552,1840,n4,grip
650554,1835,n4,grip
650556,1843,n4,grip
650558,1813,n4,grip
650560,1776,n4,grip
650562,1764,n4,grip
650564,1728,n4,grip
650566,1664,n4,grip
650568,1595,n4,grip
650570,1584,n4,grip
650572,1535,n4,grip
650574,1474,n4,grip
650576,1456,n4,grip
650578,1422,n4,grip
650580,1395,n4,grip
650582,1413,n4,grip
650584,1461,n4,grip
650586,1451,n4,grip
650588,1498,n4,grip
650590,1481,n4,grip
650592,1520,n4,grip
650594,1566,n4,grip
650596,1616,n4,grip
650598,1582,n4,grip
650600,1535,n4,grip
650602,1521,n4,grip
650604,1535,n4,grip
650606,1506,n4,grip
650608,1450,n4,grip
650610,1409,n4,grip
650612,1396,n4,grip
650614,1343,n4,grip
650616,1377,n4,grip
650618,1367,n4,grip
650620,1420,n4,grip
650622,1415,n4,grip
650624,1387,n4,grip
650626,1343,n4,grip
650628,1328,n4,grip
650630,1337,n4,grip
650632,1355,n4,grip
650634,1328,n4,grip
650636,1275,n4,grip
650638,1329,n4,grip
650640,1382,n4,grip
650642,1389,n4,grip
650644,1466,n4,grip
650646,1584,n4,grip
650648,1577,n4,grip
650650,1522,n4,grip
650652,1574,n4,grip
650654,1663,n4,grip
650656,1616,n4,grip
650658,1566,n4,grip
650660,1602,n4,grip
650662,1690,n4,grip
650664,1767,n4,grip
650666,1712,n4,grip
650668,1703,n4,grip
650670,1901,n4,grip
650672,1983,n4,grip
650674,1941,n4,grip
650676,1873,n4,grip
650678,1843,n4,grip
650680,1827,n4,grip
650682,1847,n4,grip
650684,1840,n4,grip
650686,1798,n4,grip
650688,1806,n4,grip
650690,1743,n4,grip
650692,1675,n4,grip
650694,1613,n4,grip
650696,1574,n4,grip
650698,1526,n4,grip
650700,1525,n4,grip
650702,1474,n4,grip
650704,1463,n4,grip
650706,1566,n4,grip
650708,1609,n4,grip
650710,1582,n4,grip
650712,1555,n4,grip
650714,1559,n4,grip
650716,1603,n4,grip
650718,1579,n4,grip
650720,1535,n4,grip
650722,1509,n4,grip
650724,1470,n4,grip
650726,1421,n4,grip
650728,1382,n4,grip
650730,1376,n4,grip
650732,1396,n4,grip
650734,1392,n4,grip
650736,1442,n4,grip
650738,1434,n4,grip
650740,1374,n4,grip
650742,1346,n4,grip
650744,1328,n4,grip
650746,1296,n4,grip
650748,1278,n4,grip
650750,1268,n4,grip
650752,1264,n4,grip
650754,1232,n4,grip
650756,1263,n4,grip
650758,1366,n4,grip
650760,1345,n4,grip
650762,1429,n4,grip
650764,1535,n4,grip
650766,1608,n4,grip
650768,1648,n4,grip
650770,1744,n4,grip
650772,1761,n4,grip
650774,1777,n4,grip
650776,1719,n4,grip
650778,1730,n4,grip
650780,1746,n4,grip
650782,1687,n4,grip
650784,1634,n4,grip
650786,1575,n4,grip
650788,1567,n4,grip
650790,1661,n4,grip
650792,1635,n4,grip
650794,1597,n4,grip
650796,1584,n4,grip
650798,1563,n4,grip
650800,1535,n4,grip
650802,1506,n4,grip
650804,1489,n4,grip
650806,1443,n4,grip
650808,1392,n4,grip
650810,1393,n4,grip
650812,1401,n4,grip
650814,1373,n4,grip
650816,1385,n4,grip
650818,1353,n4,grip
650820,1360,n4,grip
650822,1444,n4,grip
650824,1480,n4,grip
650826,1457,n4,grip
650828,1492,n4,grip
650830,1520,n4,grip
650832,1485,n4,grip
650834,1435,n4,grip
650836,1421,n4,grip
650838,1361,n4,grip
650840,1361,n4,grip
650842,1443,n4,grip
650844,1452,n4,grip
650846,1465,n4,grip
650848,1425,n4,grip
650850,1458,n4,grip
650852,1460,n4,grip
650854,1601,n4,grip
650856,1677,n4,grip
650858,1646,n4,grip
650860,1586,n4,grip
650862,1520,n4,grip
650864,1509,n4,grip
650866,1491,n4,grip
650868,1448,n4,grip
650870,1423,n4,grip
650872,1386,n4,grip
650874,1329,n4,grip
650876,1294,n4,grip
650878,1254,n4,grip
650880,1233,n4,grip
650882,1261,n4,grip
650884,1245,n4,grip
650886,1194,n4,grip
650888,1168,n4,grip
650890,1201,n4,grip
650892,1184,n4,grip
650894,1181,n4,grip
650896,1150,n4,grip
650898,1159,n4,grip
650900,1158,n4,grip
650902,1142,n4,grip
650904,1141,n4,grip
650906,1113,n4,grip
650908,1081,n4,grip
650910,1085,n4,grip
650912,1114,n4,grip
650914,1123,n4,grip
650916,1135,n4,grip
650918,1106,n4,grip
650920,1093,n4,grip
650922,1083,n4,grip
650924,1061,n4,grip
650926,1017,n4,grip
650928,990,n4,grip
650930,1008,n4,grip
650932,1008,n4,grip
650934,1020,n4,grip
650936,1023,n4,grip
650938,1083,n4,grip
650940,1071,n4,grip
650942,1138,n4,grip
650944,1274,n4,grip
650946,1351,n4,grip
650948,1308,n4,grip
650950,1354,n4,grip
650952,1437,n4,grip
650954,1433,n4,grip
650956,1535,n4,grip
650958,1703,n4,grip
650960,1666,n4,grip
650962,1652,n4,grip
650964,1658,n4,grip
650966,1680,n4,grip
650968,1642,n4,grip
650970,1607,n4,grip
650972,1587,n4,grip
650974,1584,n4,grip
650976,1527,n4,grip
650978,1488,n4,grip
650980,1520,n4,grip
650982,1578,n4,grip
650984,1535,n4,grip
650986,1518,n4,grip
650988,1483,n4,grip
650990,1415,n4,grip
650992,1403,n4,grip
650994,1357,n4,grip
650996,1309,n4,grip
650998,1265,n4,grip
651000,1231,n4,grip
651002,1197,n4,grip
651004,1173,n4,grip
651006,1139,n4,grip
651008,1148,n4,grip
651010,1250,n4,grip
651012,1232,n4,grip
651014,1280,n4,grip
651016,1261,n4,grip
651018,1258,n4,grip
651020,1303,n4,grip
651022,1346,n4,grip
651024,1375,n4,grip
651026,1334,n4,grip
651028,1350,n4,grip
651030,1365,n4,grip
651032,1403,n4,grip
651034,1377,n4,grip
651036,1398,n4,grip
651038,1372,n4,grip
651040,1319,n4,grip
651042,1289,n4,grip
651044,1279,n4,grip
651046,1284,n4,grip
651048,1313,n4,grip
651050,1346,n4,grip
651052,1325,n4,grip
651054,1350,n4,grip
651056,1337,n4,grip
651058,1279,n4,grip
651060,1270,n4,grip
651062,1318,n4,grip
651064,1310,n4,grip
651066,1263,n4,grip
651068,1219,n4,grip
651070,1219,n4,grip
651072,1207,n4,grip
651074,1203,n4,grip
651076,1164,n4,grip
651078,1136,n4,grip
651080,1136,n4,grip
651082,1183,n4,grip
651084,1187,n4,grip
651086,1208,n4,grip
651088,1296,n4,grip
651090,1326,n4,grip
651092,1299,n4,grip
651094,1318,n4,grip
651096,1285,n4,grip
651098,1296,n4,grip
651100,1425,n4,grip
651102,1501,n4,grip
651104,1535,n4,grip
651106,1774,n4,grip
651108,1962,n4,grip
651110,1915,n4,grip
651112,1981,n4,grip
651114,2034,n4,grip
651116,1987,n4,grip
651118,1914,n4,grip
651120,1886,n4,grip
651122,1877,n4,grip
651124,1883,n4,grip
651126,1830,n4,grip
651128,1808,n4,grip
651130,1786,n4,grip
651132,1797,n4,grip
651134,1766,n4,grip
651136,1682,n4,grip
651138,1623,n4,grip
651140,1569,n4,grip
651142,1497,n4,grip
651144,1442,n4,grip
651146,1419,n4,grip
651148,1392,n4,grip
651150,1330,n4,grip
651152,1296,n4,grip
651154,1305,n4,grip
651156,1274,n4,grip
651158,1237,n4,grip
651160,1296,n4,grip
651162,1392,n4,grip
651164,1424,n4,grip
651166,1588,n4,grip
651168,1628,n4,grip
651170,1690,n4,grip
651172,1919,n4,grip
651174,2047,n4,grip
651176,1989,n4,grip
651178,1950,n4,grip
651180,1907,n4,grip
651182,1859,n4,grip
651184,1834,n4,grip
651186,1798,n4,grip
651188,1744,n4,grip
651190,1808,n4,grip
651192,1917,n4,grip
651194,1870,n4,grip
651196,1926,n4,grip
651198,2032,n4,grip
651200,2100,n4,grip
651202,2059,n4,grip
651204,2043,n4,grip
651206,2096,n4,grip
651208,2183,n4,grip
651210,2135,n4,grip
651212,2064,n4,grip
651214,1977,n4,grip
651216,1893,n4,grip
651218,1813,n4,grip
651220,1739,n4,grip
651222,1712,n4,grip
651224,1686,n4,grip
651226,1698,n4,grip
651228,1746,n4,grip
651230,1731,n4,grip
651232,1805,n4,grip
651234,1769,n4,grip
651236,1741,n4,grip
651238,1683,n4,grip
651240,1627,n4,grip
651242,1607,n4,grip
651244,1618,n4,grip
651246,1584,n4,grip
651248,1563,n4,grip
651250,1535,n4,grip
651252,1563,n4,grip
651254,1675,n4,grip
651256,1741,n4,grip
651258,1760,n4,grip
651260,1698,n4,grip
651262,1701,n4,grip
651264,1683,n4,grip
651266,1617,n4,grip
651268,1567,n4,grip
651270,1498,n4,grip
651272,1435,n4,grip
651274,1369,n4,grip
651276,1358,n4,grip
651278,1362,n4,grip
651280,1325,n4,grip
651282,1271,n4,grip
651284,1234,n4,grip
651286,1217,n4,grip
651288,1165,n4,grip
651290,1114,n4,grip
651292,1133,n4,grip
651294,1143,n4,grip
651296,1093,n4,grip
651298,1074,n4,grip
651300,1072,n4,grip
651302,1099,n4,grip
651304,1081,n4,grip
651306,1063,n4,grip
651308,1095,n4,grip
651310,1083,n4,grip
651312,1051,n4,grip
651314,1038,n4,grip
651316,1011,n4,grip
651318,990,n4,grip
651320,1019,n4,grip
651322,991,n4,grip
651324,955,n4,grip
651326,931,n4,grip
651328,892,n4,grip
651330,934,n4,grip
651332,944,n4,grip
651334,954,n4,grip
651336,965,n4,grip
651338,946,n4,grip
651340,947,n4,grip
651342,939,n4,grip
651344,912,n4,grip
651346,911,n4,grip
651348,935,n4,grip
651350,915,n4,grip
651352,926,n4,grip
651354,976,n4,grip
651356,950,n4,grip
651358,919,n4,grip
651360,958,n4,grip
651362,927,n4,grip
651364,909,n4,grip
651366,939,n4,grip
651368,905,n4,grip
651370,871,n4,grip
651372,833,n4,grip
651374,827,n4,grip
651376,816,n4,grip
651378,792,n4,grip
651380,816,n4,grip
651382,877,n4,grip
651384,870,n4,grip
651386,848,n4,grip
651388,843,n4,grip
651390,892,n4,grip
651392,963,n4,grip
651394,954,n4,grip
651396,942,n4,grip
651398,1005,n4,grip
651400,1127,n4,grip
651402,1138,n4,grip
651404,1298,n4,grip
651406,1444,n4,grip
651408,1410,n4,grip
651410,1425,n4,grip
651412,1466,n4,grip
651414,1423,n4,grip
651416,1378,n4,grip
651418,1347,n4,grip
651420,1296,n4,grip
651422,1255,n4,grip
651424,1277,n4,grip
651426,1261,n4,grip
651428,1306,n4,grip
651430,1308,n4,grip
651432,1325,n4,grip
651434,1301,n4,grip
651436,1293,n4,grip
651438,1321,n4,grip
651440,1375,n4,grip
651442,1343,n4,grip
651444,1362,n4,grip
651446,1408,n4,grip
651448,1369,n4,grip
651450,1361,n4,grip
651452,1315,n4,grip
651454,1274,n4,grip
651456,1227,n4,grip
651458,1259,n4,grip
651460,1430,n4,grip
651462,1410,n4,grip
651464,1473,n4,grip
651466,1521,n4,grip
651468,1535,n4,grip
651470,1585,n4,grip
651472,1567,n4,grip
651474,1498,n4,grip
651476,1535,n4,grip
651478,1575,n4,grip
651480,1535,n4,grip
651482,1493,n4,grip
651484,1447,n4,grip
651486,1506,n4,grip
651488,1587,n4,grip
651490,1535,n4,grip
651492,1494,n4,grip
651494,1483,n4,grip
651496,1518,n4,grip
651498,1466,n4,grip
651500,1457,n4,grip
651502,1470,n4,grip
651504,1424,n4,grip
651506,1362,n4,grip
651508,1343,n4,grip
651510,1360,n4,grip
651512,1349,n4,grip
651514,1422,n4,grip
651516,1469,n4,grip
651518,1442,n4,grip
651520,1535,n4,grip
651522,1574,n4,grip
651524,1605,n4,grip
651526,1594,n4,grip
651528,1584,n4,grip
651530,1535,n4,grip
651532,1503,n4,grip
651534,1472,n4,grip
651536,1431,n4,grip
651538,1393,n4,grip
651540,1367,n4,grip
651542,1355,n4,grip
651544,1395,n4,grip
651546,1413,n4,grip
651548,1374,n4,grip
651550,1337,n4,grip
651552,1297,n4,grip
651554,1313,n4,grip
651556,1309,n4,grip
651558,1267,n4,grip
651560,1322,n4,grip
651562,1426,n4,grip
651564,1503,n4,grip
651566,1491,n4,grip
651568,1535,n4,grip
651570,1528,n4,grip
651572,1463,n4,grip
651574,1454,n4,grip
651576,1420,n4,grip
651578,1373,n4,grip
651580,1405,n4,grip
651582,1439,n4,grip
651584,1440,n4,grip
651586,1471,n4,grip
651588,1488,n4,grip
651590,1451,n4,grip
651592,1437,n4,grip
651594,1535,n4,grip
651596,1603,n4,grip
651598,1571,n4,grip
651600,1535,n4,grip
651602,1558,n4,grip
651604,1557,n4,grip
651606,1581,n4,grip
651608,1535,n4,grip
651610,1616,n4,grip
651612,1637,n4,grip
651614,1600,n4,grip
651616,1527,n4,grip
651618,1535,n4,grip
651620,1527,n4,grip
651622,1518,n4,grip
651624,1498,n4,grip
651626,1448,n4,grip
651628,1415,n4,grip
651630,1434,n4,grip
651632,1422,n4,grip
651634,1378,n4,grip
651636,1377,n4,grip
651638,1349,n4,grip
651640,1333,n4,grip
651642,1312,n4,grip
651644,1283,n4,grip
651646,1317,n4,grip
651648,1322,n4,grip
651650,1287,n4,grip
651652,1258,n4,grip
651654,1200,n4,grip
651656,1157,n4,grip
651658,1182,n4,grip
651660,1165,n4,grip
651662,1195,n4,grip
651664,1225,n4,grip
651666,1265,n4,grip
651668,1231,n4,grip
651670,1229,n4,grip
651672,1302,n4,grip
651674,1342,n4,grip
651676,1315,n4,grip
651678,1360,n4,grip
651680,1405,n4,grip
651682,1468,n4,grip
651684,1470,n4,grip
651686,1609,n4,grip
651688,1735,n4,grip
651690,1683,n4,grip
651692,1617,n4,grip
651694,1535,n4,grip
651696,1488,n4,grip
651698,1469,n4,grip
651700,1451,n4,grip
651702,1389,n4,grip
651704,1349,n4,grip
651706,1313,n4,grip
651708,1279,n4,grip
651710,1241,n4,grip
651712,1216,n4,grip
651714,1190,n4,grip
651716,1200,n4,grip
651718,1158,n4,grip
651720,1133,n4,grip
651722,1153,n4,grip
651724,1144,n4,grip
651726,1131,n4,grip
651728,1164,n4,grip
651730,1221,n4,grip
651732,1209,n4,grip
651734,1183,n4,grip
651736,1210,n4,grip
651738,1247,n4,grip
651740,1251,n4,grip
651742,1259,n4,grip
651744,1292,n4,grip
651746,1279,n4,grip
651748,1257,n4,grip
651750,1222,n4,grip
651752,1190,n4,grip
651754,1198,n4,grip
651756,1179,n4,grip
651758,1214,n4,grip
651760,1235,n4,grip
651762,1233,n4,grip
651764,1251,n4,grip
651766,1211,n4,grip
651768,1181,n4,grip
651770,1161,n4,grip
651772,1204,n4,grip
651774,1317,n4,grip
651776,1297,n4,grip
651778,1327,n4,grip
651780,1363,n4,grip
651782,1411,n4,grip
651784,1381,n4,grip
651786,1387,n4,grip
651788,1386,n4,grip
651790,1376,n4,grip
651792,1330,n4,grip
651794,1295,n4,grip
651796,1309,n4,grip
651798,1303,n4,grip
651800,1263,n4,grip
651802,1241,n4,grip
651804,1232,n4,grip
651806,1221,n4,grip
651808,1185,n4,grip
651810,1189,n4,grip
651812,1180,n4,grip
651814,1183,n4,grip
651816,1219,n4,grip
651818,1178,n4,grip
651820,1155,n4,grip
651822,1150,n4,grip
651824,1147,n4,grip
651826,1107,n4,grip
651828,1111,n4,grip
651830,1162,n4,grip
651832,1142,n4,grip
651834,1151,n4,grip
651836,1309,n4,grip
651838,1295,n4,grip
651840,1243,n4,grip
651842,1261,n4,grip
651844,1273,n4,grip
651846,1254,n4,grip
651848,1215,n4,grip
651850,1183,n4,grip
651852,1146,n4,grip
651854,1105,n4,grip
651856,1200,n4,grip
651858,1259,n4,grip
651860,1243,n4,grip
651862,1274,n4,grip
651864,1253,n4,grip
651866,1232,n4,grip
651868,1184,n4,grip
651870,1173,n4,grip
651872,1170,n4,grip
651874,1146,n4,grip
651876,1091,n4,grip
651878,1108,n4,grip
651880,1122,n4,grip
651882,1119,n4,grip
651884,1083,n4,grip
651886,1100,n4,grip
651888,1227,n4,grip
651890,1253,n4,grip
651892,1393,n4,grip
651894,1472,n4,grip
651896,1441,n4,grip
651898,1423,n4,grip
651900,1413,n4,grip
651902,1505,n4,grip
651904,1555,n4,grip
651906,1527,n4,grip
651908,1487,n4,grip
651910,1507,n4,grip
651912,1584,n4,grip
651914,1589,n4,grip
651916,1559,n4,grip
651918,1557,n4,grip
651920,1520,n4,grip
651922,1462,n4,grip
651924,1585,n4,grip
651926,1782,n4,grip
651928,1793,n4,grip
651930,1877,n4,grip
651932,2001,n4,grip
651934,1991,n4,grip
651936,1964,n4,grip
651938,1908,n4,grip
651940,1840,n4,grip
651942,1804,n4,grip
651944,1791,n4,grip
651946,1767,n4,grip
651948,1719,n4,grip
651950,1681,n4,grip
651952,1667,n4,grip
651954,1617,n4,grip
651956,1570,n4,grip
651958,1567,n4,grip
651960,1520,n4,grip
651962,1517,n4,grip
651964,1519,n4,grip
651966,1519,n4,grip
651968,1498,n4,grip
651970,1524,n4,grip
651972,1482,n4,grip
651974,1437,n4,grip
651976,1418,n4,grip
651978,1467,n4,grip
651980,1499,n4,grip
651982,1526,n4,grip
651984,1503,n4,grip
651986,1527,n4,grip
651988,1535,n4,grip
651990,1474,n4,grip
651992,1490,n4,grip
651994,1522,n4,grip
651996,1483,n4,grip
651998,1449,n4,grip
652000,1424,n4,grip
652002,1472,n4,grip
652004,1520,n4,grip
652006,1587,n4,grip
652008,1584,n4,grip
652010,1598,n4,grip
652012,1664,n4,grip
652014,1674,n4,grip
652016,1744,n4,grip
652018,1690,n4,grip
652020,1687,n4,grip
652022,1714,n4,grip
652024,1754,n4,grip
652026,1706,n4,grip
652028,1734,n4,grip
652030,1710,n4,grip
652032,1649,n4,grip
652034,1643,n4,grip
652036,1667,n4,grip
652038,1649,n4,grip
652040,1584,n4,grip
652042,1527,n4,grip
652044,1456,n4,grip
652046,1439,n4,grip
652048,1431,n4,grip
652050,1421,n4,grip
652052,1387,n4,grip
652054,1355,n4,grip
652056,1397,n4,grip
652058,1438,n4,grip
652060,1392,n4,grip
652062,1374,n4,grip
652064,1329,n4,grip
652066,1323,n4,grip
652068,1274,n4,grip
652070,1238,n4,grip
652072,1192,n4,grip
652074,1162,n4,grip
652076,1130,n4,grip
652078,1094,n4,grip
652080,1078,n4,grip
652082,1104,n4,grip
652084,1109,n4,grip
652086,1081,n4,grip
652088,1136,n4,grip
652090,1201,n4,grip
652092,1215,n4,grip
652094,1171,n4,grip
652096,1201,n4,grip
652098,1296,n4,grip
652100,1452,n4,grip
652102,1422,n4,grip
652104,1438,n4,grip
652106,1533,n4,grip
652108,1595,n4,grip
652110,1584,n4,grip
652112,1520,n4,grip
652114,1479,n4,grip
652116,1495,n4,grip
652118,1455,n4,grip
652120,1489,n4,grip
652122,1486,n4,grip
652124,1465,n4,grip
652126,1493,n4,grip
652128,1458,n4,grip
652130,1461,n4,grip
652132,1418,n4,grip
652134,1375,n4,grip
652136,1361,n4,grip
652138,1337,n4,grip
652140,1285,n4,grip
652142,1298,n4,grip
652144,1319,n4,grip
652146,1307,n4,grip
652148,1275,n4,grip
652150,1226,n4,grip
652152,1200,n4,grip
652154,1219,n4,grip
652156,1235,n4,grip
652158,1207,n4,grip
652160,1257,n4,grip
652162,1313,n4,grip
652164,1287,n4,grip
652166,1269,n4,grip
652168,1243,n4,grip
652170,1302,n4,grip
652172,1310,n4,grip
652174,1283,n4,grip
652176,1242,n4,grip
652178,1216,n4,grip
652180,1253,n4,grip
652182,1264,n4,grip
652184,1258,n4,grip
652186,1243,n4,grip
652188,1251,n4,grip
652190,1326,n4,grip
652192,1346,n4,grip
652194,1294,n4,grip
652196,1315,n4,grip
652198,1375,n4,grip
652200,1347,n4,grip
652202,1363,n4,grip
652204,1417,n4,grip
652206,1434,n4,grip
652208,1445,n4,grip
652210,1424,n4,grip
652212,1433,n4,grip
652214,1426,n4,grip
652216,1383,n4,grip
652218,1378,n4,grip
652220,1406,n4,grip
652222,1374,n4,grip
652224,1363,n4,grip
652226,1341,n4,grip
652228,1429,n4,grip
652230,1533,n4,grip
652232,1573,n4,grip
652234,1535,n4,grip
652236,1554,n4,grip
652238,1535,n4,grip
652240,1535,n4,grip
652242,1559,n4,grip
652244,1639,n4,grip
652246,1600,n4,grip
652248,1605,n4,grip
652250,1593,n4,grip
652252,1591,n4,grip
652254,1577,n4,grip
652256,1526,n4,grip
652258,1533,n4,grip
652260,1639,n4,grip
652262,1617,n4,grip
652264,1585,n4,grip
652266,1520,n4,grip
652268,1467,n4,grip
652270,1431,n4,grip
652272,1444,n4,grip
652274,1425,n4,grip
652276,1362,n4,grip
652278,1367,n4,grip
652280,1406,n4,grip
652282,1414,n4,grip
652284,1469,n4,grip
652286,1590,n4,grip
652288,1675,n4,grip
652290,1663,n4,grip
652292,1602,n4,grip
652294,1580,n4,grip
652296,1557,n4,grip
652298,1532,n4,grip
652300,1520,n4,grip
652302,1458,n4,grip
652304,1421,n4,grip
652306,1360,n4,grip
652308,1318,n4,grip
652310,1321,n4,grip
652312,1295,n4,grip
652314,1247,n4,grip
652316,1239,n4,grip
652318,1191,n4,grip
652320,1161,n4,grip
652322,1123,n4,grip
652324,1103,n4,grip
652326,1081,n4,grip
652328,1066,n4,grip
652330,1152,n4,grip
652332,1250,n4,grip
652334,1234,n4,grip
652336,1286,n4,grip
652338,1243,n4,grip
652340,1255,n4,grip
652342,1219,n4,grip
652344,1242,n4,grip
652346,1265,n4,grip
652348,1242,n4,grip
652350,1218,n4,grip
652352,1227,n4,grip
652354,1216,n4,grip
652356,1221,n4,grip
652358,1196,n4,grip
652360,1170,n4,grip
652362,1190,n4,grip
652364,1200,n4,grip
652366,1158,n4,grip
652368,1131,n4,grip
652370,1156,n4,grip
652372,1210,n4,grip
652374,1275,n4,grip
652376,1253,n4,grip
652378,1299,n4,grip
652380,1299,n4,grip
652382,1279,n4,grip
652384,1247,n4,grip
652386,1269,n4,grip
652388,1288,n4,grip
652390,1284,n4,grip
652392,1259,n4,grip
652394,1310,n4,grip
652396,1383,n4,grip
652398,1425,n4,grip
652400,1392,n4,grip
652402,1360,n4,grip
652404,1335,n4,grip
652406,1363,n4,grip
652408,1345,n4,grip
652410,1381,n4,grip
652412,1368,n4,grip
652414,1371,n4,grip
652416,1447,n4,grip
652418,1440,n4,grip
652420,1449,n4,grip
652422,1574,n4,grip
652424,1693,n4,grip
652426,1644,n4,grip
652428,1627,n4,grip
652430,1621,n4,grip
652432,1571,n4,grip
652434,1502,n4,grip
652436,1434,n4,grip
652438,1425,n4,grip
652440,1393,n4,grip
652442,1356,n4,grip
652444,1325,n4,grip
652446,1301,n4,grip
652448,1265,n4,grip
652450,1211,n4,grip
652452,1161,n4,grip
652454,1154,n4,grip
652456,1153,n4,grip
652458,1121,n4,grip
652460,1104,n4,grip
652462,1087,n4,grip
652464,1072,n4,grip
652466,1081,n4,grip
652468,1066,n4,grip
652470,1134,n4,grip
652472,1170,n4,grip
652474,1241,n4,grip
652476,1233,n4,grip
652478,1268,n4,grip
652480,1346,n4,grip
652482,1392,n4,grip
652484,1454,n4,grip
652486,1569,n4,grip
652488,1587,n4,grip
652490,1575,n4,grip
652492,1533,n4,grip
652494,1562,n4,grip
652496,1600,n4,grip
652498,1563,n4,grip
652500,1490,n4,grip
652502,1455,n4,grip
652504,1414,n4,grip
652506,1481,n4,grip
652508,1509,n4,grip
652510,1586,n4,grip
652512,1641,n4,grip
652514,1590,n4,grip
652516,1519,n4,grip
652518,1493,n4,grip
652520,1507,n4,grip
652522,1482,n4,grip
652524,1488,n4,grip
652526,1591,n4,grip
652528,1647,n4,grip
652530,1606,n4,grip
652532,1606,n4,grip
652534,1535,n4,grip
652536,1535,n4,grip
652538,1525,n4,grip
652540,1488,n4,grip
652542,1472,n4,grip
652544,1514,n4,grip
652546,1535,n4,grip
652548,1517,n4,grip
652550,1469,n4,grip
652552,1407,n4,grip
652554,1349,n4,grip
652556,1382,n4,grip
652558,1405,n4,grip
652560,1387,n4,grip
652562,1386,n4,grip
652564,1452,n4,grip
652566,1461,n4,grip
652568,1435,n4,grip
652570,1423,n4,grip
652572,1445,n4,grip
652574,1455,n4,grip
652576,1399,n4,grip
652578,1373,n4,grip
652580,1409,n4,grip
652582,1460,n4,grip
652584,1449,n4,grip
652586,1535,n4,grip
652588,1513,n4,grip
652590,1463,n4,grip
652592,1453,n4,grip
652594,1406,n4,grip
652596,1344,n4,grip
652598,1310,n4,grip
652600,1332,n4,grip
652602,1319,n4,grip
652604,1275,n4,grip
652606,1227,n4,grip
652608,1201,n4,grip
652610,1222,n4,grip
652612,1251,n4,grip
652614,1261,n4,grip
652616,1232,n4,grip
652618,1265,n4,grip
652620,1318,n4,grip
652622,1312,n4,grip
652624,1289,n4,grip
652626,1279,n4,grip
652628,1363,n4,grip
652630,1393,n4,grip
652632,1345,n4,grip
652634,1301,n4,grip
652636,1271,n4,grip
652638,1279,n4,grip
652640,1353,n4,grip
652642,1338,n4,grip
652644,1343,n4,grip
652646,1403,n4,grip
652648,1451,n4,grip
652650,1413,n4,grip
652652,1417,n4,grip
652654,1358,n4,grip
652656,1299,n4,grip
652658,1268,n4,grip
652660,1249,n4,grip
652662,1216,n4,grip
652664,1257,n4,grip
652666,1241,n4,grip
652668,1204,n4,grip
652670,1209,n4,grip
652672,1200,n4,grip
652674,1270,n4,grip
652676,1281,n4,grip
652678,1243,n4,grip
652680,1237,n4,grip
652682,1264,n4,grip
652684,1232,n4,grip
652686,1237,n4,grip
652688,1214,n4,grip
652690,1177,n4,grip
652692,1136,n4,grip
652694,1091,n4,grip
652696,1069,n4,grip
652698,1111,n4,grip
652700,1166,n4,grip
652702,1149,n4,grip
652704,1194,n4,grip
652706,1179,n4,grip
652708,1150,n4,grip
652710,1117,n4,grip
652712,1174,n4,grip
652714,1168,n4,grip
652716,1170,n4,grip
652718,1198,n4,grip
652720,1221,n4,grip
652722,1251,n4,grip
652724,1262,n4,grip
652726,1222,n4,grip
652728,1229,n4,grip
652730,1223,n4,grip
652732,1281,n4,grip
652734,1262,n4,grip
652736,1233,n4,grip
652738,1296,n4,grip
652740,1254,n4,grip
652742,1211,n4,grip
652744,1166,n4,grip
652746,1127,n4,grip
652748,1111,n4,grip
652750,1108,n4,grip
652752,1097,n4,grip
652754,1077,n4,grip
652756,1031,n4,grip
652758,1002,n4,grip
652760,1066,n4,grip
652762,1069,n4,grip
652764,1087,n4,grip
652766,1126,n4,grip
652768,1103,n4,grip
652770,1216,n4,grip
652772,1302,n4,grip
652774,1333,n4,grip
652776,1337,n4,grip
652778,1405,n4,grip
652780,1439,n4,grip
652782,1415,n4,grip
652784,1454,n4,grip
652786,1512,n4,grip
652788,1472,n4,grip
652790,1424,n4,grip
652792,1371,n4,grip
652794,1349,n4,grip
652796,1434,n4,grip
652798,1495,n4,grip
652800,1482,n4,grip
652802,1535,n4,grip
652804,1661,n4,grip
652806,1663,n4,grip
652808,1614,n4,grip
652810,1597,n4,grip
652812,1531,n4,grip
652814,1472,n4,grip
652816,1458,n4,grip
652818,1408,n4,grip
652820,1358,n4,grip
652822,1305,n4,grip
652824,1251,n4,grip
652826,1275,n4,grip
652828,1302,n4,grip
652830,1270,n4,grip
652832,1215,n4,grip
652834,1247,n4,grip
652836,1297,n4,grip
652838,1265,n4,grip
652840,1239,n4,grip
652842,1187,n4,grip
652844,1143,n4,grip
652846,1156,n4,grip
652848,1197,n4,grip
652850,1232,n4,grip
652852,1217,n4,grip
652854,1291,n4,grip
652856,1344,n4,grip
652858,1333,n4,grip
652860,1426,n4,grip
652862,1475,n4,grip
652864,1436,n4,grip
652866,1402,n4,grip
652868,1412,n4,grip
652870,1477,n4,grip
652872,1518,n4,grip
652874,1514,n4,grip
652876,1466,n4,grip
652878,1464,n4,grip
652880,1471,n4,grip
652882,1487,n4,grip
652884,1424,n4,grip
652886,1421,n4,grip
652888,1419,n4,grip
652890,1360,n4,grip
652892,1307,n4,grip
652894,1297,n4,grip
652896,1264,n4,grip
652898,1230,n4,grip
652900,1200,n4,grip
652902,1229,n4,grip
652904,1221,n4,grip
652906,1264,n4,grip
652908,1286,n4,grip
652910,1231,n4,grip
652912,1186,n4,grip
652914,1152,n4,grip
652916,1135,n4,grip
652918,1120,n4,grip
652920,1094,n4,grip
652922,1110,n4,grip
652924,1122,n4,grip
652926,1110,n4,grip
652928,1082,n4,grip
652930,1083,n4,grip
652932,1103,n4,grip
652934,1075,n4,grip
652936,1072,n4,grip
652938,1089,n4,grip
652940,1087,n4,grip
652942,1050,n4,grip
652944,1019,n4,grip
652946,1008,n4,grip
652948,986,n4,grip
652950,991,n4,grip
652952,1021,n4,grip
652954,1033,n4,grip
652956,1020,n4,grip
652958,1059,n4,grip
652960,1195,n4,grip
652962,1189,n4,grip
652964,1138,n4,grip
652966,1121,n4,grip
652968,1169,n4,grip
652970,1261,n4,grip
652972,1255,n4,grip
652974,1216,n4,grip
652976,1175,n4,grip
652978,1163,n4,grip
652980,1120,n4,grip
652982,1111,n4,grip
652984,1093,n4,grip
652986,1091,n4,grip
652988,1099,n4,grip
652990,1201,n4,grip
652992,1219,n4,grip
652994,1302,n4,grip
652996,1298,n4,grip
652998,1243,n4,grip
653000,1221,n4,grip
653002,1202,n4,grip
653004,1176,n4,grip
653006,1137,n4,grip
653008,1114,n4,grip
653010,1079,n4,grip
653012,1038,n4,grip
653014,1041,n4,grip
653016,1017,n4,grip
653018,1058,n4,grip
653020,1099,n4,grip
653022,1130,n4,grip
653024,1271,n4,grip
653026,1328,n4,grip
653028,1298,n4,grip
653030,1337,n4,grip
653032,1408,n4,grip
653034,1365,n4,grip
653036,1360,n4,grip
653038,1405,n4,grip
653040,1424,n4,grip
653042,1439,n4,grip
653044,1421,n4,grip
653046,1397,n4,grip
653048,1360,n4,grip
653050,1347,n4,grip
653052,1382,n4,grip
653054,1346,n4,grip
653056,1340,n4,grip
653058,1341,n4,grip
653060,1307,n4,grip
653062,1349,n4,grip
653064,1413,n4,grip
653066,1410,n4,grip
653068,1398,n4,grip
653070,1439,n4,grip
653072,1396,n4,grip
653074,1355,n4,grip
653076,1351,n4,grip
653078,1363,n4,grip
653080,1342,n4,grip
653082,1305,n4,grip
653084,1353,n4,grip
653086,1391,n4,grip
653088,1406,n4,grip
653090,1367,n4,grip
653092,1359,n4,grip
653094,1428,n4,grip
653096,1457,n4,grip
653098,1451,n4,grip
653100,1392,n4,grip
653102,1341,n4,grip
653104,1405,n4,grip
653106,1535,n4,grip
653108,1535,n4,grip
653110,1535,n4,grip
653112,1512,n4,grip
653114,1535,n4,grip
653116,1563,n4,grip
653118,1501,n4,grip
653120,1475,n4,grip
653122,1451,n4,grip
653124,1472,n4,grip
653126,1450,n4,grip
653128,1479,n4,grip
653130,1475,n4,grip
653132,1445,n4,grip
653134,1391,n4,grip
653136,1371,n4,grip
667156,1104,n4,grip
667158,1092,n4,grip
667160,1063,n4,grip
667162,1115,n4,grip
667164,1109,n4,grip
667166,1190,n4,grip
667168,1270,n4,grip
667170,1247,n4,grip
667172,1302,n4,grip
667174,1293,n4,grip
667176,1232,n4,grip
667178,1187,n4,grip
667180,1183,n4,grip
667182,1190,n4,grip
667184,1175,n4,grip
667186,1133,n4,grip
667188,1157,n4,grip
667190,1244,n4,grip
667192,1321,n4,grip
667194,1323,n4,grip
667196,1357,n4,grip
667198,1506,n4,grip
667200,1600,n4,grip
667202,1559,n4,grip
667204,1535,n4,grip
667206,1600,n4,grip
667208,1639,n4,grip
667210,1602,n4,grip
667212,1535,n4,grip
667214,1535,n4,grip
667216,1494,n4,grip
667218,1458,n4,grip
667220,1438,n4,grip
667222,1389,n4,grip
667224,1328,n4,grip
667226,1269,n4,grip
667228,1280,n4,grip
667230,1267,n4,grip
667232,1197,n4,grip
667234,1152,n4,grip
667236,1147,n4,grip
667238,1319,n4,grip
667240,1419,n4,grip
667242,1456,n4,grip
667244,1647,n4,grip
667246,1661,n4,grip
667248,1650,n4,grip
667250,1663,n4,grip
667252,1633,n4,grip
667254,1606,n4,grip
667256,1690,n4,grip
667258,1728,n4,grip
667260,1680,n4,grip
667262,1620,n4,grip
667264,1599,n4,grip
667266,1529,n4,grip
667268,1501,n4,grip
667270,1488,n4,grip
667272,1459,n4,grip
667274,1457,n4,grip
667276,1447,n4,grip
667278,1471,n4,grip
667280,1429,n4,grip
667282,1459,n4,grip
667284,1535,n4,grip
667286,1611,n4,grip
667288,1601,n4,grip
667290,1681,n4,grip
667292,1712,n4,grip
667294,1667,n4,grip
667296,1646,n4,grip
667298,1635,n4,grip
667300,1638,n4,grip
667302,1625,n4,grip
667304,1597,n4,grip
667306,1634,n4,grip
667308,1681,n4,grip
667310,1687,n4,grip
667312,1676,n4,grip
667314,1655,n4,grip
667316,1717,n4,grip
667318,1760,n4,grip
667320,1791,n4,grip
667322,1759,n4,grip
667324,1792,n4,grip
667326,1783,n4,grip
667328,1795,n4,grip
667330,1763,n4,grip
667332,1797,n4,grip
667334,1789,n4,grip
667336,1725,n4,grip
667338,1727,n4,grip
667340,1685,n4,grip
667342,1793,n4,grip
667344,1867,n4,grip
667346,1840,n4,grip
667348,1941,n4,grip
667350,1995,n4,grip
667352,2000,n4,grip
667354,1977,n4,grip
667356,1907,n4,grip
667358,1851,n4,grip
667360,1818,n4,grip
667362,1794,n4,grip
667364,1747,n4,grip
667366,1701,n4,grip
667368,1637,n4,grip
667370,1600,n4,grip
667372,1557,n4,grip
667374,1566,n4,grip
667376,1522,n4,grip
667378,1512,n4,grip
667380,1456,n4,grip
667382,1435,n4,grip
667384,1427,n4,grip
667386,1422,n4,grip
667388,1378,n4,grip
667390,1374,n4,grip
667392,1387,n4,grip
667394,1394,n4,grip
667396,1366,n4,grip
667398,1313,n4,grip
667400,1273,n4,grip
667402,1233,n4,grip
667404,1253,n4,grip
667406,1274,n4,grip
667408,1258,n4,grip
667410,1309,n4,grip
667412,1386,n4,grip
667414,1392,n4,grip
667416,1473,n4,grip
667418,1483,n4,grip
667420,1586,n4,grip
667422,1763,n4,grip
667424,1855,n4,grip
667426,1814,n4,grip
667428,1843,n4,grip
667430,1902,n4,grip
667432,1976,n4,grip
667434,2038,n4,grip
667436,2003,n4,grip
667438,1963,n4,grip
667440,1961,n4,grip
667442,1958,n4,grip
667444,2080,n4,grip
667446,2173,n4,grip
667448,2221,n4,grip
667450,2170,n4,grip
667452,2210,n4,grip
667454,2128,n4,grip
667456,2091,n4,grip
667458,2007,n4,grip
667460,1949,n4,grip
667462,1931,n4,grip
667464,1962,n4,grip
667466,2062,n4,grip
667468,2109,n4,grip
667470,2160,n4,grip
667472,2082,n4,grip
667474,2074,n4,grip
667476,2160,n4,grip
667478,2189,n4,grip
667480,2096,n4,grip
667482,2101,n4,grip
667484,2107,n4,grip
667486,2032,n4,grip
667488,2021,n4,grip
667490,2091,n4,grip
667492,2025,n4,grip
667494,1936,n4,grip
667496,1861,n4,grip
667498,1806,n4,grip
667500,1761,n4,grip
667502,1705,n4,grip
667504,1773,n4,grip
667506,1849,n4,grip
667508,1838,n4,grip
667510,1776,n4,grip
667512,1739,n4,grip
667514,1790,n4,grip
667516,1781,n4,grip
667518,1714,n4,grip
667520,1687,n4,grip
667522,1644,n4,grip
667524,1598,n4,grip
667526,1702,n4,grip
667528,1811,n4,grip
667530,1783,n4,grip
667532,1856,n4,grip
667534,2015,n4,grip
667536,2079,n4,grip
667538,2032,n4,grip
667540,2026,n4,grip
667542,1999,n4,grip
667544,2002,n4,grip
667546,1938,n4,grip
667548,1893,n4,grip
667550,1887,n4,grip
667552,1842,n4,grip
667554,1807,n4,grip
667556,1802,n4,grip
667558,1767,n4,grip
667560,1789,n4,grip
667562,1750,n4,grip
667564,1759,n4,grip
667566,1824,n4,grip
667568,1855,n4,grip
667570,1829,n4,grip
667572,1870,n4,grip
667574,1995,n4,grip
667576,2032,n4,grip
667578,1981,n4,grip
667580,1908,n4,grip
667582,1840,n4,grip
667584,1863,n4,grip
667586,1897,n4,grip
667588,1895,n4,grip
667590,1882,n4,grip
667592,1997,n4,grip
667594,1979,n4,grip
667596,1922,n4,grip
667598,1937,n4,grip
667600,1919,n4,grip
667602,1981,n4,grip
667604,2010,n4,grip
667606,1978,n4,grip
667608,1929,n4,grip
667610,1961,n4,grip
667612,2079,n4,grip
667614,2114,n4,grip
667616,2047,n4,grip
667618,2181,n4,grip
667620,2338,n4,grip
667622,2277,n4,grip
667624,2256,n4,grip
667626,2234,n4,grip
667628,2151,n4,grip
667630,2090,n4,grip
667632,2030,n4,grip
667634,1917,n4,grip
667636,1874,n4,grip
667638,1895,n4,grip
667640,1862,n4,grip
667642,1795,n4,grip
667644,1744,n4,grip
667646,1721,n4,grip
667648,1674,n4,grip
667650,1683,n4,grip
667652,1681,n4,grip
667654,1667,n4,grip
667656,1744,n4,grip
667658,1781,n4,grip
667660,1767,n4,grip
667662,1747,n4,grip
667664,1907,n4,grip
667666,1968,n4,grip
667668,1908,n4,grip
667670,1849,n4,grip
667672,1787,n4,grip
667674,1740,n4,grip
667676,1687,n4,grip
667678,1712,n4,grip
667680,1749,n4,grip
667682,1682,n4,grip
667684,1670,n4,grip
667686,1808,n4,grip
667688,1853,n4,grip
667690,1823,n4,grip
667692,1917,n4,grip
667694,2000,n4,grip
667696,1985,n4,grip
667698,2030,n4,grip
667700,1984,n4,grip
667702,1926,n4,grip
667704,1861,n4,grip
667706,1787,n4,grip
667708,1765,n4,grip
667710,1744,n4,grip
667712,1681,n4,grip
667714,1664,n4,grip
667716,1622,n4,grip
667718,1584,n4,grip
667720,1571,n4,grip
667722,1531,n4,grip
667724,1535,n4,grip
667726,1584,n4,grip
667728,1575,n4,grip
667730,1533,n4,grip
667732,1505,n4,grip
667734,1470,n4,grip
667736,1440,n4,grip
667738,1386,n4,grip
667740,1346,n4,grip
667742,1393,n4,grip
667744,1399,n4,grip
667746,1361,n4,grip
667748,1342,n4,grip
667750,1357,n4,grip
667752,1399,n4,grip
667754,1414,n4,grip
667756,1406,n4,grip
667758,1354,n4,grip
667760,1307,n4,grip
667762,1329,n4,grip
667764,1330,n4,grip
667766,1381,n4,grip
667768,1441,n4,grip
667770,1445,n4,grip
667772,1495,n4,grip
667774,1642,n4,grip
667776,1745,n4,grip
667778,1769,n4,grip
667780,1802,n4,grip
667782,1859,n4,grip
667784,1951,n4,grip
667786,1964,n4,grip
667788,1903,n4,grip
667790,1869,n4,grip
667792,1909,n4,grip
667794,1930,n4,grip
667796,1867,n4,grip
667798,1804,n4,grip
667800,1742,n4,grip
667802,1668,n4,grip
667804,1662,n4,grip
667806,1629,n4,grip
667808,1648,n4,grip
667810,1623,n4,grip
667812,1621,n4,grip
667814,1600,n4,grip
667816,1670,n4,grip
667818,1728,n4,grip
667820,1754,n4,grip
667822,1746,n4,grip
667824,1815,n4,grip
667826,1835,n4,grip
667828,1840,n4,grip
667830,1774,n4,grip
667832,1764,n4,grip
667834,1725,n4,grip
667836,1680,n4,grip
667838,1643,n4,grip
667840,1605,n4,grip
667842,1557,n4,grip
667844,1510,n4,grip
667846,1468,n4,grip
667848,1450,n4,grip
667850,1430,n4,grip
667852,1415,n4,grip
667854,1373,n4,grip
667856,1345,n4,grip
667858,1297,n4,grip
667860,1360,n4,grip
667862,1378,n4,grip
667864,1340,n4,grip
667866,1319,n4,grip
667868,1271,n4,grip
667870,1386,n4,grip
667872,1375,n4,grip
667874,1344,n4,grip
667876,1294,n4,grip
667878,1245,n4,grip
667880,1218,n4,grip
667882,1216,n4,grip
667884,1280,n4,grip
667886,1296,n4,grip
667888,1279,n4,grip
667890,1352,n4,grip
667892,1422,n4,grip
667894,1431,n4,grip
667896,1405,n4,grip
667898,1441,n4,grip
667900,1462,n4,grip
667902,1449,n4,grip
667904,1408,n4,grip
667906,1365,n4,grip
667908,1360,n4,grip
667910,1375,n4,grip
667912,1371,n4,grip
667914,1374,n4,grip
667916,1370,n4,grip
667918,1333,n4,grip
667920,1315,n4,grip
667922,1360,n4,grip
667924,1420,n4,grip
667926,1435,n4,grip
667928,1435,n4,grip
667930,1475,n4,grip
667932,1562,n4,grip
667934,1575,n4,grip
667936,1535,n4,grip
667938,1513,n4,grip
667940,1522,n4,grip
667942,1488,n4,grip
667944,1523,n4,grip
667946,1535,n4,grip
667948,1584,n4,grip
667950,1582,n4,grip
667952,1597,n4,grip
667954,1585,n4,grip
667956,1523,n4,grip
667958,1531,n4,grip
667960,1555,n4,grip
667962,1527,n4,grip
667964,1483,n4,grip
667966,1423,n4,grip
667968,1394,n4,grip
667970,1437,n4,grip
667972,1421,n4,grip
667974,1517,n4,grip
667976,1501,n4,grip
667978,1488,n4,grip
667980,1439,n4,grip
667982,1429,n4,grip
667984,1482,n4,grip
667986,1565,n4,grip
667988,1559,n4,grip
667990,1554,n4,grip
667992,1570,n4,grip
667994,1563,n4,grip
667996,1507,n4,grip
667998,1441,n4,grip
668000,1394,n4,grip
668002,1365,n4,grip
668004,1328,n4,grip
668006,1293,n4,grip
668008,1293,n4,grip
668010,1325,n4,grip
668012,1416,n4,grip
668014,1408,n4,grip
668016,1535,n4,grip
668018,1659,n4,grip
668020,1697,n4,grip
668022,1658,n4,grip
668024,1648,n4,grip
668026,1616,n4,grip
668028,1663,n4,grip
668030,1680,n4,grip
668032,1661,n4,grip
668034,1667,n4,grip
668036,1622,n4,grip
668038,1606,n4,grip
668040,1600,n4,grip
668042,1535,n4,grip
668044,1477,n4,grip
668046,1424,n4,grip
668048,1424,n4,grip
668050,1397,n4,grip
668052,1369,n4,grip
668054,1379,n4,grip
668056,1535,n4,grip
668058,1567,n4,grip
668060,1588,n4,grip
668062,1680,n4,grip
668064,1725,n4,grip
668066,1674,n4,grip
668068,1606,n4,grip
668070,1532,n4,grip
668072,1488,n4,grip
668074,1458,n4,grip
668076,1425,n4,grip
668078,1381,n4,grip
668080,1371,n4,grip
668082,1316,n4,grip
668084,1344,n4,grip
668086,1344,n4,grip
668088,1337,n4,grip
668090,1289,n4,grip
668092,1279,n4,grip
668094,1273,n4,grip
668096,1295,n4,grip
668098,1259,n4,grip
668100,1269,n4,grip
668102,1321,n4,grip
668104,1360,n4,grip
668106,1351,n4,grip
668108,1328,n4,grip
668110,1365,n4,grip
668112,1383,n4,grip
668114,1331,n4,grip
668116,1303,n4,grip
668118,1342,n4,grip
668120,1393,n4,grip
668122,1394,n4,grip
668124,1463,n4,grip
668126,1450,n4,grip
668128,1427,n4,grip
668130,1389,n4,grip
668132,1383,n4,grip
668134,1351,n4,grip
668136,1459,n4,grip
668138,1521,n4,grip
668140,1475,n4,grip
668142,1594,n4,grip
668144,1762,n4,grip
668146,1765,n4,grip
668148,1815,n4,grip
668150,1978,n4,grip
668152,2103,n4,grip
668154,2108,n4,grip
668156,2059,n4,grip
668158,2077,n4,grip
668160,2076,n4,grip
668162,2014,n4,grip
668164,1953,n4,grip
668166,1908,n4,grip
668168,1842,n4,grip
668170,1827,n4,grip
668172,1795,n4,grip
668174,1826,n4,grip
668176,1867,n4,grip
668178,1877,n4,grip
668180,1810,n4,grip
668182,1839,n4,grip
668184,1879,n4,grip
668186,1840,n4,grip
668188,1775,n4,grip
668190,1712,n4,grip
668192,1759,n4,grip
668194,1867,n4,grip
668196,1862,n4,grip
668198,1934,n4,grip
668200,2059,n4,grip
668202,2105,n4,grip
668204,2062,n4,grip
668206,2059,n4,grip
668208,2003,n4,grip
668210,1965,n4,grip
668212,1961,n4,grip
668214,1922,n4,grip
668216,1892,n4,grip
668218,1812,n4,grip
668220,1750,n4,grip
668222,1738,n4,grip
668224,1819,n4,grip
668226,1863,n4,grip
668228,1961,n4,grip
668230,2023,n4,grip
668232,1990,n4,grip
668234,1962,n4,grip
668236,1959,n4,grip
668238,1884,n4,grip
668240,1868,n4,grip
668242,1936,n4,grip
668244,2011,n4,grip
668246,1973,n4,grip
668248,2000,n4,grip
668250,2064,n4,grip
668252,2026,n4,grip
668254,1959,n4,grip
668256,1977,n4,grip
668258,1946,n4,grip
668260,1883,n4,grip
668262,1811,n4,grip
668264,1738,n4,grip
668266,1703,n4,grip
668268,1641,n4,grip
668270,1590,n4,grip
668272,1574,n4,grip
668274,1529,n4,grip
668276,1467,n4,grip
668278,1424,n4,grip
668280,1359,n4,grip
668282,1296,n4,grip
668284,1243,n4,grip
668286,1250,n4,grip
668288,1223,n4,grip
668290,1274,n4,grip
668292,1328,n4,grip
668294,1315,n4,grip
668296,1279,n4,grip
668298,1275,n4,grip
668300,1360,n4,grip
668302,1440,n4,grip
668304,1495,n4,grip
668306,1491,n4,grip
668308,1567,n4,grip
668310,1571,n4,grip
668312,1535,n4,grip
668314,1557,n4,grip
668316,1604,n4,grip
668318,1579,n4,grip
668320,1515,n4,grip
668322,1489,n4,grip
668324,1446,n4,grip
668326,1431,n4,grip
668328,1424,n4,grip
668330,1383,n4,grip
668332,1328,n4,grip
668334,1274,n4,grip
668336,1264,n4,grip
668338,1290,n4,grip
668340,1246,n4,grip
668342,1237,n4,grip
668344,1185,n4,grip
668346,1147,n4,grip
668348,1104,n4,grip
668350,1088,n4,grip
668352,1063,n4,grip
668354,1082,n4,grip
668356,1058,n4,grip
668358,1060,n4,grip
668360,1142,n4,grip
668362,1186,n4,grip
668364,1136,n4,grip
668366,1153,n4,grip
668368,1225,n4,grip
668370,1242,n4,grip
668372,1213,n4,grip
668374,1159,n4,grip
668376,1126,n4,grip
668378,1105,n4,grip
668380,1088,n4,grip
668382,1068,n4,grip
668384,1050,n4,grip
668386,1023,n4,grip
668388,1015,n4,grip
668390,1017,n4,grip
668392,993,n4,grip
668394,1013,n4,grip
668396,995,n4,grip
668398,947,n4,grip
668400,915,n4,grip
668402,955,n4,grip
668404,987,n4,grip
668406,975,n4,grip
668408,1008,n4,grip
668410,1057,n4,grip
668412,1061,n4,grip
668414,1038,n4,grip
668416,1060,n4,grip
668418,1081,n4,grip
668420,1106,n4,grip
668422,1078,n4,grip
668424,1104,n4,grip
668426,1125,n4,grip
668428,1127,n4,grip
668430,1087,n4,grip
668432,1038,n4,grip
668434,1001,n4,grip
668436,987,n4,grip
668438,950,n4,grip
668440,940,n4,grip
668442,922,n4,grip
668444,983,n4,grip
668446,1091,n4,grip
668448,1078,n4,grip
668450,1169,n4,grip
668452,1298,n4,grip
668454,1312,n4,grip
668456,1263,n4,grip
668458,1228,n4,grip
668460,1239,n4,grip
668462,1310,n4,grip
668464,1270,n4,grip
668466,1296,n4,grip
668468,1307,n4,grip
668470,1328,n4,grip
668472,1296,n4,grip
668474,1305,n4,grip
668476,1297,n4,grip
668478,1287,n4,grip
668480,1242,n4,grip
668482,1200,n4,grip
668484,1184,n4,grip
668486,1200,n4,grip
668488,1168,n4,grip
668490,1169,n4,grip
668492,1152,n4,grip
668494,1104,n4,grip
668496,1074,n4,grip
668498,1077,n4,grip
668500,1035,n4,grip
668502,993,n4,grip
668504,979,n4,grip
668506,944,n4,grip
668508,976,n4,grip
668510,976,n4,grip
668512,960,n4,grip
668514,964,n4,grip
668516,930,n4,grip
668518,955,n4,grip
668520,1007,n4,grip
668522,977,n4,grip
668524,1006,n4,grip
668526,1015,n4,grip
668528,1082,n4,grip
668530,1159,n4,grip
668532,1164,n4,grip
668534,1201,n4,grip
668536,1360,n4,grip
668538,1373,n4,grip
668540,1359,n4,grip
668542,1421,n4,grip
668544,1378,n4,grip
668546,1359,n4,grip
668548,1392,n4,grip
668550,1375,n4,grip
668552,1346,n4,grip
668554,1328,n4,grip
668556,1279,n4,grip
668558,1255,n4,grip
668560,1232,n4,grip
668562,1245,n4,grip
668564,1191,n4,grip
668566,1147,n4,grip
668568,1115,n4,grip
668570,1124,n4,grip
668572,1071,n4,grip
668574,1063,n4,grip
668576,1052,n4,grip
668578,1078,n4,grip
668580,1055,n4,grip
668582,1088,n4,grip
668584,1122,n4,grip
668586,1113,n4,grip
668588,1105,n4,grip
668590,1142,n4,grip
668592,1191,n4,grip
668594,1185,n4,grip
668596,1164,n4,grip
668598,1130,n4,grip
668600,1088,n4,grip
668602,1070,n4,grip
668604,1050,n4,grip
668606,1035,n4,grip
668608,1082,n4,grip
668610,1114,n4,grip
668612,1094,n4,grip
668614,1195,n4,grip
668616,1305,n4,grip
668618,1298,n4,grip
668620,1249,n4,grip
668622,1231,n4,grip
668624,1221,n4,grip
668626,1249,n4,grip
668628,1290,n4,grip
668630,1264,n4,grip
668632,1302,n4,grip
668634,1406,n4,grip
668636,1446,n4,grip
668638,1424,n4,grip
668640,1449,n4,grip
668642,1408,n4,grip
668644,1383,n4,grip
668646,1342,n4,grip
668648,1285,n4,grip
668650,1227,n4,grip
668652,1173,n4,grip
668654,1136,n4,grip
668656,1107,n4,grip
668658,1092,n4,grip
668660,1047,n4,grip
668662,1009,n4,grip
668664,989,n4,grip
668666,962,n4,grip
668668,933,n4,grip
668670,990,n4,grip
668672,976,n4,grip
668674,931,n4,grip
668676,895,n4,grip
668678,915,n4,grip
668680,909,n4,grip
668682,880,n4,grip
668684,851,n4,grip
668686,934,n4,grip
668688,921,n4,grip
668690,911,n4,grip
668692,941,n4,grip
668694,986,n4,grip
668696,978,n4,grip
668698,1034,n4,grip
668700,1059,n4,grip
668702,1041,n4,grip
668704,1008,n4,grip
668706,1057,n4,grip
668708,1134,n4,grip
668710,1149,n4,grip
668712,1120,n4,grip
668714,1093,n4,grip
668716,1126,n4,grip
668718,1133,n4,grip
668720,1110,n4,grip
668722,1102,n4,grip
668724,1083,n4,grip
668726,1067,n4,grip
668728,1104,n4,grip
668730,1092,n4,grip
668732,1136,n4,grip
668734,1138,n4,grip
668736,1133,n4,grip
668738,1085,n4,grip
668740,1039,n4,grip
668742,994,n4,grip
668744,986,n4,grip
668746,1042,n4,grip
668748,1055,n4,grip
668750,1023,n4,grip
668752,1039,n4,grip
668754,1038,n4,grip
668756,990,n4,grip
668758,960,n4,grip
668760,929,n4,grip
668762,899,n4,grip
668764,890,n4,grip
668766,871,n4,grip
668768,854,n4,grip
668770,832,n4,grip
668772,847,n4,grip
668774,880,n4,grip
668776,889,n4,grip
668778,925,n4,grip
668780,906,n4,grip
668782,879,n4,grip
668784,841,n4,grip
668786,851,n4,grip
668788,832,n4,grip
668790,849,n4,grip
668792,821,n4,grip
668794,806,n4,grip
668796,832,n4,grip
668798,839,n4,grip
668800,811,n4,grip
668802,819,n4,grip
668804,924,n4,grip
668806,910,n4,grip
668808,951,n4,grip
668810,1168,n4,grip
668812,1292,n4,grip
668814,1330,n4,grip
668816,1504,n4,grip
668818,1590,n4,grip
668820,1610,n4,grip
668822,1568,n4,grip
668824,1568,n4,grip
668826,1535,n4,grip
668828,1582,n4,grip
668830,1535,n4,grip
668832,1510,n4,grip
668834,1491,n4,grip
668836,1427,n4,grip
668838,1424,n4,grip
668840,1392,n4,grip
668842,1377,n4,grip
668844,1363,n4,grip
668846,1342,n4,grip
668848,1310,n4,grip
668850,1259,n4,grip
668852,1219,n4,grip
668854,1200,n4,grip
668856,1218,n4,grip
668858,1309,n4,grip
668860,1299,n4,grip
668862,1365,n4,grip
668864,1471,n4,grip
668866,1554,n4,grip
668868,1535,n4,grip
668870,1491,n4,grip
668872,1497,n4,grip
668874,1558,n4,grip
668876,1566,n4,grip
668878,1535,n4,grip
668880,1471,n4,grip
668882,1434,n4,grip
668884,1420,n4,grip
668886,1371,n4,grip
668888,1377,n4,grip
668890,1353,n4,grip
668892,1335,n4,grip
668894,1343,n4,grip
668896,1335,n4,grip
668898,1295,n4,grip
668900,1273,n4,grip
668902,1375,n4,grip
668904,1397,n4,grip
668906,1365,n4,grip
668908,1317,n4,grip
668910,1292,n4,grip
668912,1361,n4,grip
668914,1347,n4,grip
668916,1379,n4,grip
668918,1480,n4,grip
668920,1505,n4,grip
668922,1487,n4,grip
668924,1488,n4,grip
668926,1471,n4,grip
668928,1495,n4,grip
668930,1460,n4,grip
668932,1430,n4,grip
668934,1445,n4,grip
668936,1473,n4,grip
668938,1428,n4,grip
668940,1439,n4,grip
668942,1487,n4,grip
668944,1465,n4,grip
668946,1418,n4,grip
668948,1392,n4,grip
668950,1344,n4,grip
668952,1289,n4,grip
668954,1232,n4,grip
668956,1221,n4,grip
668958,1194,n4,grip
668960,1215,n4,grip
668962,1216,n4,grip
668964,1170,n4,grip
668966,1142,n4,grip
668968,1141,n4,grip
668970,1117,n4,grip
668972,1091,n4,grip
668974,1178,n4,grip
668976,1182,n4,grip
668978,1168,n4,grip
668980,1207,n4,grip
668982,1244,n4,grip
668984,1203,n4,grip
668986,1189,n4,grip
668988,1151,n4,grip
668990,1105,n4,grip
668992,1155,n4,grip
668994,1202,n4,grip
668996,1194,n4,grip
668998,1222,n4,grip
669000,1246,n4,grip
669002,1227,n4,grip
669004,1209,n4,grip
669006,1275,n4,grip
669008,1330,n4,grip
669010,1316,n4,grip
669012,1269,n4,grip
669014,1271,n4,grip
669016,1310,n4,grip
669018,1344,n4,grip
669020,1343,n4,grip
669022,1319,n4,grip
669024,1348,n4,grip
669026,1366,n4,grip
669028,1360,n4,grip
669030,1328,n4,grip
669032,1279,n4,grip
669034,1254,n4,grip
669036,1251,n4,grip
669038,1254,n4,grip
669040,1290,n4,grip
669042,1236,n4,grip
669044,1185,n4,grip
669046,1152,n4,grip
669048,1149,n4,grip
669050,1120,n4,grip
669052,1102,n4,grip
669054,1167,n4,grip
669056,1135,n4,grip
669058,1130,n4,grip
669060,1138,n4,grip
669062,1137,n4,grip
669064,1151,n4,grip
669066,1137,n4,grip
669068,1113,n4,grip
669070,1158,n4,grip
669072,1131,n4,grip
669074,1128,n4,grip
669076,1187,n4,grip
669078,1236,n4,grip
669080,1231,n4,grip
669082,1296,n4,grip
669084,1363,n4,grip
669086,1367,n4,grip
669088,1344,n4,grip
669090,1374,n4,grip
669092,1406,n4,grip
669094,1385,n4,grip
669096,1360,n4,grip
669098,1360,n4,grip
669100,1360,n4,grip
669102,1436,n4,grip
669104,1434,n4,grip
669106,1467,n4,grip
669108,1498,n4,grip
669110,1514,n4,grip
669112,1472,n4,grip
669114,1447,n4,grip
669116,1474,n4,grip
669118,1399,n4,grip
669120,1386,n4,grip
669122,1338,n4,grip
669124,1322,n4,grip
669126,1374,n4,grip
669128,1412,n4,grip
669130,1402,n4,grip
669132,1449,n4,grip
669134,1463,n4,grip
669136,1535,n4,grip
669138,1525,n4,grip
669140,1492,n4,grip
669142,1482,n4,grip
669144,1465,n4,grip
669146,1438,n4,grip
669148,1415,n4,grip
669150,1377,n4,grip
669152,1331,n4,grip
669154,1289,n4,grip
669156,1297,n4,grip
669158,1303,n4,grip
669160,1257,n4,grip
669162,1232,n4,grip
669164,1187,n4,grip
669166,1168,n4,grip
669168,1131,n4,grip
669170,1100,n4,grip
669172,1159,n4,grip
669174,1147,n4,grip
669176,1115,n4,grip
669178,1071,n4,grip
669180,1017,n4,grip
669182,1008,n4,grip
669184,989,n4,grip
669186,1003,n4,grip
669188,982,n4,grip
669190,1009,n4,grip
669192,978,n4,grip
669194,976,n4,grip
669196,957,n4,grip
669198,918,n4,grip
669200,910,n4,grip
669202,950,n4,grip
669204,1007,n4,grip
669206,1005,n4,grip
669208,1087,n4,grip
669210,1088,n4,grip
669212,1053,n4,grip
669214,1071,n4,grip
669216,1078,n4,grip
669218,1044,n4,grip
669220,991,n4,grip
669222,970,n4,grip
669224,926,n4,grip
669226,919,n4,grip
669228,958,n4,grip
669230,938,n4,grip
669232,934,n4,grip
669234,912,n4,grip
669236,880,n4,grip
669238,897,n4,grip
669240,898,n4,grip
669242,899,n4,grip
669244,862,n4,grip
669246,848,n4,grip
669248,842,n4,grip
669250,804,n4,grip
669252,800,n4,grip
669254,816,n4,grip
669256,805,n4,grip
669258,861,n4,grip
669260,891,n4,grip
669262,880,n4,grip
669264,942,n4,grip
669266,975,n4,grip
669268,951,n4,grip
669270,928,n4,grip
669272,901,n4,grip
669274,897,n4,grip
669276,959,n4,grip
669278,1006,n4,grip
669280,962,n4,grip
669282,942,n4,grip
669284,945,n4,grip
669286,982,n4,grip
669288,993,n4,grip
669290,963,n4,grip
669292,1022,n4,grip
669294,1063,n4,grip
669296,1040,n4,grip
669298,1059,n4,grip
669300,1155,n4,grip
669302,1243,n4,grip
669304,1218,n4,grip
669306,1214,n4,grip
669308,1185,n4,grip
669310,1182,n4,grip
669312,1187,n4,grip
669314,1142,n4,grip
669316,1147,n4,grip
669318,1197,n4,grip
669320,1225,n4,grip
669322,1218,n4,grip
669324,1283,n4,grip
669326,1338,n4,grip
669328,1329,n4,grip
669330,1279,n4,grip
669332,1263,n4,grip
669334,1226,n4,grip
669336,1183,n4,grip
669338,1185,n4,grip
669340,1159,n4,grip
669342,1145,n4,grip
669344,1119,n4,grip
669346,1090,n4,grip
669348,1115,n4,grip
669350,1076,n4,grip
669352,1042,n4,grip
669354,1078,n4,grip
669356,1053,n4,grip
669358,1039,n4,grip
669360,1035,n4,grip
669362,997,n4,grip
669364,955,n4,grip
669366,927,n4,grip
669368,912,n4,grip
669370,911,n4,grip
669372,897,n4,grip
669374,862,n4,grip
669376,848,n4,grip
669378,848,n4,grip
669380,848,n4,grip
669382,870,n4,grip
669384,871,n4,grip
669386,868,n4,grip
669388,857,n4,grip
669390,863,n4,grip
669392,897,n4,grip
669394,957,n4,grip
669396,994,n4,grip
669398,980,n4,grip
669400,958,n4,grip
669402,1010,n4,grip
669404,1054,n4,grip
669406,1055,n4,grip
669408,1014,n4,grip
669410,977,n4,grip
669412,959,n4,grip
669414,946,n4,grip
669416,1008,n4,grip
669418,1040,n4,grip
669420,1008,n4,grip
669422,976,n4,grip
669424,982,n4,grip
669426,1019,n4,grip
669428,1023,n4,grip
669430,1040,n4,grip
669432,1094,n4,grip
669434,1125,n4,grip
669436,1098,n4,grip
669438,1123,n4,grip
669440,1143,n4,grip
669442,1313,n4,grip
669444,1457,n4,grip
669446,1488,n4,grip
669448,1659,n4,grip
669450,1808,n4,grip
669452,1809,n4,grip
669454,1755,n4,grip
669456,1743,n4,grip
669458,1745,n4,grip
669460,1717,n4,grip
669462,1670,n4,grip
669464,1665,n4,grip
669466,1642,n4,grip
669468,1585,n4,grip
669470,1520,n4,grip
669472,1514,n4,grip
669474,1530,n4,grip
669476,1520,n4,grip
669478,1558,n4,grip
669480,1530,n4,grip
669482,1505,n4,grip
669484,1507,n4,grip
669486,1467,n4,grip
669488,1476,n4,grip
669490,1463,n4,grip
669492,1498,n4,grip
669494,1490,n4,grip
669496,1584,n4,grip
669498,1533,n4,grip
669500,1514,n4,grip
669502,1652,n4,grip
669504,1818,n4,grip
669506,1782,n4,grip
669508,1827,n4,grip
669510,1931,n4,grip
669512,1939,n4,grip
669514,1984,n4,grip
669516,2106,n4,grip
669518,2079,n4,grip
669520,2085,n4,grip
669522,2131,n4,grip
669524,2083,n4,grip
669526,2087,n4,grip
669528,2027,n4,grip
669530,1954,n4,grip
669532,1930,n4,grip
669534,1873,n4,grip
669536,1809,n4,grip
669538,1805,n4,grip
669540,1847,n4,grip
669542,1819,n4,grip
669544,1771,n4,grip
669546,1732,n4,grip
669548,1685,n4,grip
669550,1722,n4,grip
669552,1777,n4,grip
669554,1761,n4,grip
669556,1778,n4,grip
669558,1799,n4,grip
669560,1823,n4,grip
669562,1797,n4,grip
669564,1788,n4,grip
669566,1794,n4,grip
669568,1823,n4,grip
669570,1788,n4,grip
669572,1838,n4,grip
669574,1879,n4,grip
669576,1811,n4,grip
669578,1734,n4,grip
669580,1680,n4,grip
669582,1664,n4,grip
669584,1680,n4,grip
669586,1675,n4,grip
669588,1641,n4,grip
669590,1680,n4,grip
669592,1710,n4,grip
669594,1727,n4,grip
669596,1685,n4,grip
669598,1698,n4,grip
669600,1731,n4,grip
669602,1664,n4,grip
669604,1616,n4,grip
669606,1584,n4,grip
669608,1642,n4,grip
669610,1654,n4,grip
669612,1630,n4,grip
669614,1699,n4,grip
669616,1712,n4,grip
669618,1655,n4,grip
669620,1584,n4,grip
669622,1511,n4,grip
669624,1458,n4,grip
669626,1440,n4,grip
669628,1449,n4,grip
669630,1425,n4,grip
669632,1456,n4,grip
669634,1443,n4,grip
669636,1415,n4,grip
669638,1407,n4,grip
669640,1457,n4,grip
669642,1429,n4,grip
669644,1392,n4,grip
669646,1365,n4,grip
669648,1371,n4,grip
669650,1376,n4,grip
669652,1344,n4,grip
669654,1306,n4,grip
669656,1309,n4,grip
669658,1330,n4,grip
669660,1360,n4,grip
669662,1341,n4,grip
669664,1360,n4,grip
669666,1315,n4,grip
669668,1287,n4,grip
669670,1326,n4,grip
669672,1293,n4,grip
669674,1314,n4,grip
669676,1346,n4,grip
669678,1392,n4,grip
669680,1349,n4,grip
669682,1372,n4,grip
669684,1451,n4,grip
669686,1474,n4,grip
669688,1439,n4,grip
669690,1429,n4,grip
669692,1455,n4,grip
669694,1474,n4,grip
669696,1435,n4,grip
669698,1385,n4,grip
669700,1354,n4,grip
669702,1309,n4,grip
669704,1279,n4,grip
669706,1229,n4,grip
669708,1186,n4,grip
669710,1144,n4,grip
669712,1152,n4,grip
669714,1105,n4,grip
669716,1115,n4,grip
669718,1181,n4,grip
669720,1198,n4,grip
669722,1174,n4,grip
669724,1200,n4,grip
669726,1218,n4,grip
669728,1205,n4,grip
669730,1196,n4,grip
669732,1222,n4,grip
669734,1215,n4,grip
669736,1168,n4,grip
669738,1218,n4,grip
669740,1271,n4,grip
669742,1242,n4,grip
669744,1225,n4,grip
669746,1218,n4,grip
669748,1219,n4,grip
669750,1207,n4,grip
669752,1203,n4,grip
669754,1171,n4,grip
669756,1173,n4,grip
669758,1219,n4,grip
669760,1312,n4,grip
669762,1325,n4,grip
669764,1309,n4,grip
669766,1355,n4,grip
669768,1424,n4,grip
669770,1438,n4,grip
669772,1423,n4,grip
669774,1438,n4,grip
669776,1415,n4,grip
669778,1425,n4,grip
669780,1440,n4,grip
669782,1506,n4,grip
669784,1515,n4,grip
669786,1474,n4,grip
669788,1459,n4,grip
669790,1565,n4,grip
669792,1579,n4,grip
669794,1567,n4,grip
669796,1531,n4,grip
669798,1569,n4,grip
669800,1564,n4,grip
669802,1564,n4,grip
669804,1535,n4,grip
669806,1535,n4,grip
669808,1510,n4,grip
669810,1572,n4,grip
669812,1617,n4,grip
669814,1633,n4,grip
669816,1759,n4,grip
669818,1815,n4,grip
669820,1758,n4,grip
669822,1757,n4,grip
669824,1758,n4,grip
669826,1717,n4,grip
669828,1677,n4,grip
669830,1613,n4,grip
669832,1572,n4,grip
669834,1520,n4,grip
669836,1573,n4,grip
669838,1561,n4,grip
669840,1568,n4,grip
669842,1602,n4,grip
669844,1581,n4,grip
669846,1534,n4,grip
669848,1521,n4,grip
669850,1498,n4,grip
669852,1432,n4,grip
669854,1407,n4,grip
669856,1378,n4,grip
669858,1388,n4,grip
669860,1426,n4,grip
669862,1435,n4,grip
669864,1430,n4,grip
669866,1477,n4,grip
669868,1517,n4,grip
669870,1494,n4,grip
669872,1443,n4,grip
669874,1424,n4,grip
669876,1423,n4,grip
669878,1423,n4,grip
669880,1362,n4,grip
669882,1302,n4,grip
669884,1277,n4,grip
669886,1255,n4,grip
669888,1224,n4,grip
669890,1237,n4,grip
669892,1280,n4,grip
669894,1300,n4,grip
669896,1328,n4,grip
669898,1450,n4,grip
669900,1505,n4,grip
669902,1442,n4,grip
669904,1424,n4,grip
669906,1443,n4,grip
669908,1423,n4,grip
669910,1424,n4,grip
669912,1381,n4,grip
669914,1383,n4,grip
669916,1409,n4,grip
669918,1419,n4,grip
669920,1407,n4,grip
669922,1365,n4,grip
669924,1387,n4,grip
669926,1398,n4,grip
669928,1426,n4,grip
669930,1407,n4,grip
669932,1409,n4,grip
669934,1424,n4,grip
669936,1412,n4,grip
669938,1401,n4,grip
669940,1443,n4,grip
669942,1394,n4,grip
669944,1347,n4,grip
669946,1314,n4,grip
669948,1301,n4,grip
669950,1280,n4,grip
669952,1303,n4,grip
669954,1283,n4,grip
669956,1277,n4,grip
669958,1289,n4,grip
669960,1334,n4,grip
669962,1407,n4,grip
669964,1380,n4,grip
669966,1409,n4,grip
669968,1535,n4,grip
669970,1565,n4,grip
669972,1514,n4,grip
669974,1520,n4,grip
669976,1498,n4,grip
669978,1467,n4,grip
669980,1413,n4,grip
669982,1381,n4,grip
669984,1339,n4,grip
669986,1299,n4,grip
669988,1262,n4,grip
669990,1239,n4,grip
669992,1252,n4,grip
669994,1282,n4,grip
669996,1274,n4,grip
669998,1228,n4,grip
670000,1207,n4,grip
670002,1233,n4,grip
670004,1244,n4,grip
670006,1200,n4,grip
670008,1215,n4,grip
670010,1193,n4,grip
670012,1165,n4,grip
670014,1202,n4,grip
670016,1183,n4,grip
670018,1142,n4,grip
670020,1119,n4,grip
670022,1109,n4,grip
670024,1094,n4,grip
670026,1075,n4,grip
670028,1104,n4,grip
670030,1069,n4,grip
670032,1067,n4,grip
670034,1061,n4,grip
670036,1059,n4,grip
670038,1050,n4,grip
670040,1113,n4,grip
670042,1114,n4,grip
670044,1110,n4,grip
670046,1103,n4,grip
670048,1135,n4,grip
670050,1139,n4,grip
670052,1143,n4,grip
670054,1115,n4,grip
670056,1097,n4,grip
670058,1111,n4,grip
670060,1104,n4,grip
670062,1057,n4,grip
670064,1007,n4,grip
670066,977,n4,grip
670068,967,n4,grip
670070,1009,n4,grip
670072,1035,n4,grip
670074,1021,n4,grip
670076,1049,n4,grip
670078,1046,n4,grip
670080,1008,n4,grip
670082,1023,n4,grip
670084,1072,n4,grip
670086,1067,n4,grip
670088,1092,n4,grip
670090,1199,n4,grip
670092,1231,n4,grip
670094,1265,n4,grip
670096,1264,n4,grip
670098,1264,n4,grip
670100,1243,n4,grip
670102,1217,n4,grip
670104,1187,n4,grip
670106,1175,n4,grip
670108,1175,n4,grip
670110,1154,n4,grip
670112,1131,n4,grip
670114,1119,n4,grip
670116,1072,n4,grip
670118,1035,n4,grip
670120,994,n4,grip
670122,995,n4,grip
670124,989,n4,grip
670126,1023,n4,grip
670128,1071,n4,grip
670130,1033,n4,grip
670132,1023,n4,grip
670134,1014,n4,grip
670136,990,n4,grip
670138,958,n4,grip
670140,963,n4,grip
670142,942,n4,grip
670144,946,n4,grip
670146,910,n4,grip
670148,879,n4,grip
670150,850,n4,grip
670152,878,n4,grip
670154,880,n4,grip
670156,981,n4,grip
670158,1049,n4,grip
670160,1049,n4,grip
