t_ms,raw,subject,gesture
421708,1333,n4,light
421710,1346,n4,light
421712,1328,n4,light
421714,1343,n4,light
421716,1361,n4,light
421718,1328,n4,light
421720,1285,n4,light
421722,1266,n4,light
421724,1270,n4,light
421726,1271,n4,light
421728,1264,n4,light
421730,1232,n4,light
421732,1262,n4,light
421734,1290,n4,light
421736,1282,n4,light
421738,1248,n4,light
421740,1258,n4,light
421742,1293,n4,light
421744,1283,n4,light
421746,1250,n4,light
421748,1235,n4,light
421750,1270,n4,light
421752,1279,n4,light
421754,1243,n4,light
421756,1225,n4,light
421758,1229,n4,light
421760,1237,n4,light
421762,1222,n4,light
421764,1190,n4,light
421766,1195,n4,light
421768,1203,n4,light
421770,1202,n4,light
421772,1172,n4,light
421774,1190,n4,light
421776,1199,n4,light
421778,1200,n4,light
421780,1168,n4,light
421782,1178,n4,light
421784,1189,n4,light
421786,1187,n4,light
421788,1153,n4,light
421790,1158,n4,light
421792,1183,n4,light
421794,1200,n4,light
421796,1190,n4,light
421798,1146,n4,light
421800,1168,n4,light
421802,1235,n4,light
421804,1264,n4,light
421806,1237,n4,light
421808,1248,n4,light
421810,1267,n4,light
421812,1250,n4,light
421814,1241,n4,light
421816,1290,n4,light
421818,1313,n4,light
421820,1287,n4,light
421822,1264,n4,light
421824,1268,n4,light
421826,1268,n4,light
421828,1285,n4,light
421830,1239,n4,light
421832,1233,n4,light
421834,1271,n4,light
421836,1285,n4,light
421838,1249,n4,light
421840,1264,n4,light
421842,1296,n4,light
421844,1306,n4,light
421846,1275,n4,light
421848,1278,n4,light
421850,1314,n4,light
421852,1328,n4,light
421854,1296,n4,light
421856,1293,n4,light
421858,1308,n4,light
421860,1322,n4,light
421862,1303,n4,light
421864,1275,n4,light
421866,1282,n4,light
421868,1294,n4,light
421870,1291,n4,light
421872,1268,n4,light
421874,1280,n4,light
421876,1286,n4,light
421878,1277,n4,light
421880,1244,n4,light
421882,1221,n4,light
421884,1195,n4,light
421886,1179,n4,light
421888,1150,n4,light
421890,1136,n4,light
421892,1135,n4,light
421894,1123,n4,light
421896,1088,n4,light
421898,1088,n4,light
421900,1106,n4,light
421902,1120,n4,light
421904,1093,n4,light
421906,1107,n4,light
421908,1133,n4,light
421910,1131,n4,light
421912,1104,n4,light
421914,1090,n4,light
421916,1093,n4,light
421918,1087,n4,light
421920,1072,n4,light
421922,1055,n4,light
421924,1057,n4,light
421926,1047,n4,light
421928,1009,n4,light
421930,981,n4,light
421932,971,n4,light
421934,969,n4,light
421936,972,n4,light
421938,934,n4,light
421940,918,n4,light
421942,944,n4,light
421944,975,n4,light
421946,959,n4,light
421948,951,n4,light
421950,995,n4,light
421952,1021,n4,light
421954,1008,n4,light
421956,1020,n4,light
421958,1089,n4,light
421960,1147,n4,light
421962,1143,n4,light
421964,1152,n4,light
421966,1226,n4,light
421968,1301,n4,light
421970,1309,n4,light
421972,1285,n4,light
421974,1321,n4,light
421976,1338,n4,light
421978,1327,n4,light
421980,1296,n4,light
421982,1314,n4,light
421984,1322,n4,light
421986,1314,n4,light
421988,1275,n4,light
421990,1280,n4,light
421992,1301,n4,light
421994,1303,n4,light
421996,1267,n4,light
421998,1258,n4,light
422000,1269,n4,light
422002,1275,n4,light
422004,1243,n4,light
422006,1239,n4,light
422008,1289,n4,light
422010,1326,n4,light
422012,1310,n4,light
422014,1281,n4,light
422016,1325,n4,light
422018,1347,n4,light
422020,1376,n4,light
422022,1335,n4,light
422024,1371,n4,light
422026,1427,n4,light
422028,1445,n4,light
422030,1419,n4,light
422032,1456,n4,light
422034,1506,n4,light
422036,1521,n4,light
422038,1474,n4,light
422040,1475,n4,light
422042,1488,n4,light
422044,1483,n4,light
422046,1441,n4,light
422048,1424,n4,light
422050,1430,n4,light
422052,1411,n4,light
422054,1370,n4,light
422056,1363,n4,light
422058,1377,n4,light
422060,1372,n4,light
422062,1360,n4,light
422064,1328,n4,light
422066,1333,n4,light
422068,1341,n4,light
422070,1328,n4,light
422072,1321,n4,light
422074,1326,n4,light
422076,1325,n4,light
422078,1295,n4,light
422080,1248,n4,light
422082,1242,n4,light
422084,1217,n4,light
422086,1168,n4,light
422088,1136,n4,light
422090,1114,n4,light
422092,1109,n4,light
422094,1106,n4,light
422096,1090,n4,light
422098,1055,n4,light
422100,1059,n4,light
422102,1090,n4,light
422104,1107,n4,light
422106,1042,n4,light
422108,1046,n4,light
422110,1058,n4,light
422112,1043,n4,light
422114,1035,n4,light
422116,1035,n4,light
422118,1009,n4,light
422120,986,n4,light
422122,961,n4,light
422124,930,n4,light
422126,931,n4,light
422128,943,n4,light
422130,918,n4,light
422132,929,n4,light
422134,950,n4,light
422136,965,n4,light
422138,927,n4,light
422140,940,n4,light
422142,976,n4,light
422144,987,n4,light
422146,965,n4,light
422148,949,n4,light
422150,965,n4,light
422152,986,n4,light
422154,992,n4,light
422156,976,n4,light
422158,1034,n4,light
422160,1104,n4,light
422162,1110,n4,light
422164,1146,n4,light
422166,1264,n4,light
422168,1303,n4,light
422170,1281,n4,light
422172,1271,n4,light
422174,1309,n4,light
422176,1378,n4,light
422178,1383,n4,light
422180,1335,n4,light
422182,1346,n4,light
422184,1379,n4,light
422186,1386,n4,light
422188,1359,n4,light
422190,1392,n4,light
422192,1392,n4,light
422194,1396,n4,light
422196,1338,n4,light
422198,1372,n4,light
422200,1361,n4,light
422202,1415,n4,light
422204,1303,n4,light
422206,1269,n4,light
422208,1289,n4,light
422210,1306,n4,light
422212,1314,n4,light
422214,1268,n4,light
422216,1259,n4,light
422218,1264,n4,light
422220,1298,n4,light
422222,1251,n4,light
422224,1243,n4,light
422226,1243,n4,light
422228,1219,n4,light
422230,1190,n4,light
422232,1181,n4,light
422234,1168,n4,light
422236,1151,n4,light
422238,1111,n4,light
422240,1121,n4,light
422242,1153,n4,light
422244,1161,n4,light
422246,1146,n4,light
422248,1175,n4,light
422250,1207,n4,light
422252,1200,n4,light
422254,1161,n4,light
422256,1181,n4,light
422258,1205,n4,light
422260,1181,n4,light
422262,1142,n4,light
422264,1143,n4,light
422266,1155,n4,light
422268,1159,n4,light
422270,1134,n4,light
422272,1149,n4,light
422274,1184,n4,light
422276,1169,n4,light
422278,1139,n4,light
422280,1086,n4,light
422282,1045,n4,light
422284,1044,n4,light
422286,1093,n4,light
422288,1087,n4,light
422290,1097,n4,light
422292,1125,n4,light
422294,1104,n4,light
422296,1072,n4,light
422298,1071,n4,light
422300,1092,n4,light
422302,1081,n4,light
422304,1052,n4,light
422306,1075,n4,light
422308,1093,n4,light
422310,1104,n4,light
422312,1091,n4,light
422314,1069,n4,light
422316,1099,n4,light
422318,1146,n4,light
422320,1183,n4,light
422322,1146,n4,light
422324,1166,n4,light
422326,1199,n4,light
422328,1202,n4,light
422330,1177,n4,light
422332,1203,n4,light
422334,1216,n4,light
422336,1181,n4,light
422338,1154,n4,light
422340,1171,n4,light
422342,1219,n4,light
422344,1203,n4,light
422346,1193,n4,light
422348,1239,n4,light
422350,1267,n4,light
422352,1242,n4,light
422354,1194,n4,light
422356,1185,n4,light
422358,1200,n4,light
422360,1207,n4,light
422362,1190,n4,light
422364,1158,n4,light
422366,1163,n4,light
422368,1165,n4,light
422370,1151,n4,light
422372,1151,n4,light
422374,1179,n4,light
422376,1167,n4,light
422378,1126,n4,light
422380,1151,n4,light
422382,1182,n4,light
422384,1187,n4,light
422386,1168,n4,light
422388,1149,n4,light
422390,1186,n4,light
422392,1214,n4,light
422394,1211,n4,light
422396,1186,n4,light
422398,1232,n4,light
422400,1262,n4,light
422402,1254,n4,light
422404,1215,n4,light
422406,1217,n4,light
422408,1259,n4,light
422410,1289,n4,light
422412,1283,n4,light
422414,1254,n4,light
422416,1265,n4,light
422418,1283,n4,light
422420,1315,n4,light
422422,1282,n4,light
422424,1302,n4,light
422426,1303,n4,light
422428,1268,n4,light
422430,1247,n4,light
422432,1258,n4,light
422434,1261,n4,light
422436,1247,n4,light
422438,1219,n4,light
422440,1253,n4,light
422442,1291,n4,light
422444,1262,n4,light
422446,1230,n4,light
422448,1232,n4,light
422450,1211,n4,light
422452,1163,n4,light
422454,1110,n4,light
422456,1095,n4,light
422458,1074,n4,light
422460,1047,n4,light
422462,1007,n4,light
422464,1007,n4,light
422466,1054,n4,light
422468,1039,n4,light
422470,1006,n4,light
422472,1019,n4,light
422474,1050,n4,light
422476,1010,n4,light
422478,981,n4,light
422480,961,n4,light
422482,978,n4,light
422484,969,n4,light
422486,995,n4,light
422488,964,n4,light
422490,966,n4,light
422492,992,n4,light
422494,982,n4,light
422496,962,n4,light
422498,962,n4,light
422500,976,n4,light
422502,990,n4,light
422504,978,n4,light
422506,976,n4,light
422508,1007,n4,light
422510,1038,n4,light
422512,1023,n4,light
422514,1007,n4,light
422516,1015,n4,light
422518,1010,n4,light
422520,993,n4,light
422522,1007,n4,light
422524,1002,n4,light
422526,986,n4,light
422528,978,n4,light
422530,973,n4,light
422532,1007,n4,light
422534,1044,n4,light
422536,1040,n4,light
422538,995,n4,light
422540,1008,n4,light
422542,1055,n4,light
422544,1066,n4,light
422546,1033,n4,light
422548,1023,n4,light
422550,1056,n4,light
422552,1066,n4,light
422554,1047,n4,light
422556,1015,n4,light
422558,1034,n4,light
422560,1036,n4,light
422562,1016,n4,light
422564,1014,n4,light
422566,1036,n4,light
422568,1040,n4,light
422570,1017,n4,light
422572,1009,n4,light
422574,1056,n4,light
422576,1088,n4,light
422578,1089,n4,light
422580,1097,n4,light
422582,1138,n4,light
422584,1150,n4,light
422586,1114,n4,light
422588,1108,n4,light
422590,1119,n4,light
422592,1079,n4,light
422594,1045,n4,light
422596,1008,n4,light
422598,1023,n4,light
422600,1043,n4,light
422602,1040,n4,light
422604,1004,n4,light
422606,1008,n4,light
422608,1062,n4,light
422610,1072,n4,light
422612,1046,n4,light
422614,1066,n4,light
422616,1082,n4,light
422618,1075,n4,light
422620,1058,n4,light
422622,1045,n4,light
422624,1071,n4,light
422626,1072,n4,light
422628,1056,n4,light
422630,1023,n4,light
422632,1041,n4,light
422634,1051,n4,light
422636,1050,n4,light
422638,1014,n4,light
422640,1036,n4,light
422642,1068,n4,light
422644,1073,n4,light
422646,1045,n4,light
422648,1066,n4,light
422650,1099,n4,light
422652,1093,n4,light
422654,1063,n4,light
422656,1098,n4,light
422658,1136,n4,light
422660,1133,n4,light
422662,1104,n4,light
422664,1104,n4,light
422666,1102,n4,light
422668,1104,n4,light
422670,1079,n4,light
422672,1065,n4,light
422674,1019,n4,light
422676,989,n4,light
422678,959,n4,light
422680,976,n4,light
422682,976,n4,light
422684,977,n4,light
422686,986,n4,light
422688,972,n4,light
422690,1005,n4,light
422692,1023,n4,light
422694,1023,n4,light
422696,1008,n4,light
422698,1037,n4,light
422700,1078,n4,light
422702,1152,n4,light
422704,1136,n4,light
422706,1151,n4,light
422708,1171,n4,light
422710,1105,n4,light
422712,1072,n4,light
422714,1087,n4,light
422716,1081,n4,light
422718,1135,n4,light
422720,1105,n4,light
422722,1126,n4,light
422724,1151,n4,light
422726,1150,n4,light
422728,1136,n4,light
422730,1121,n4,light
422732,1135,n4,light
422734,1104,n4,light
422736,1074,n4,light
422738,1040,n4,light
422740,1039,n4,light
422742,1017,n4,light
422744,1041,n4,light
422746,1008,n4,light
422748,1015,n4,light
422750,1072,n4,light
422752,1108,n4,light
422754,1085,n4,light
422756,1105,n4,light
422758,1139,n4,light
422760,1152,n4,light
422762,1123,n4,light
422764,1114,n4,light
422766,1147,n4,light
422768,1168,n4,light
422770,1173,n4,light
422772,1139,n4,light
422774,1187,n4,light
422776,1232,n4,light
422778,1232,n4,light
422780,1187,n4,light
422782,1205,n4,light
422784,1232,n4,light
422786,1238,n4,light
422788,1199,n4,light
422790,1197,n4,light
422792,1196,n4,light
422794,1186,n4,light
422796,1158,n4,light
422798,1163,n4,light
422800,1175,n4,light
422802,1169,n4,light
422804,1136,n4,light
422806,1135,n4,light
422808,1159,n4,light
422810,1164,n4,light
422812,1136,n4,light
422814,1114,n4,light
422816,1104,n4,light
422818,1095,n4,light
422820,1073,n4,light
422822,1045,n4,light
422824,1055,n4,light
422826,1035,n4,light
422828,1007,n4,light
422830,985,n4,light
422832,982,n4,light
422834,978,n4,light
422836,994,n4,light
422838,975,n4,light
422840,980,n4,light
422842,1008,n4,light
422844,1017,n4,light
422846,979,n4,light
422848,961,n4,light
422850,963,n4,light
422852,959,n4,light
422854,943,n4,light
422856,916,n4,light
422858,935,n4,light
422860,948,n4,light
422862,932,n4,light
422864,938,n4,light
422866,976,n4,light
422868,981,n4,light
422870,955,n4,light
422872,945,n4,light
422874,964,n4,light
422876,971,n4,light
422878,987,n4,light
422880,983,n4,light
422882,1046,n4,light
422884,1081,n4,light
422886,1083,n4,light
422888,1065,n4,light
422890,1095,n4,light
422892,1120,n4,light
422894,1119,n4,light
422896,1083,n4,light
422898,1074,n4,light
422900,1066,n4,light
422902,1065,n4,light
422904,1056,n4,light
422906,1021,n4,light
422908,1056,n4,light
422910,1074,n4,light
422912,1052,n4,light
422914,1070,n4,light
422916,1102,n4,light
422918,1104,n4,light
422920,1079,n4,light
422922,1112,n4,light
422924,1167,n4,light
422926,1173,n4,light
422928,1142,n4,light
422930,1167,n4,light
422932,1201,n4,light
422934,1219,n4,light
422936,1200,n4,light
422938,1197,n4,light
422940,1232,n4,light
422942,1243,n4,light
422944,1222,n4,light
422946,1179,n4,light
422948,1158,n4,light
422950,1162,n4,light
422952,1157,n4,light
422954,1156,n4,light
422956,1136,n4,light
422958,1152,n4,light
422960,1141,n4,light
422962,1112,n4,light
422964,1122,n4,light
422966,1136,n4,light
422968,1104,n4,light
422970,1079,n4,light
422972,1101,n4,light
422974,1109,n4,light
422976,1103,n4,light
422978,1062,n4,light
422980,1071,n4,light
422982,1088,n4,light
422984,1089,n4,light
422986,1086,n4,light
422988,1045,n4,light
422990,1052,n4,light
422992,1072,n4,light
422994,1074,n4,light
422996,1040,n4,light
422998,1023,n4,light
423000,1056,n4,light
423002,1070,n4,light
423004,1047,n4,light
423006,1065,n4,light
423008,1088,n4,light
423010,1088,n4,light
423012,1057,n4,light
423014,1051,n4,light
423016,1074,n4,light
423018,1072,n4,light
423020,1040,n4,light
423022,1039,n4,light
423024,1063,n4,light
423026,1050,n4,light
423028,1008,n4,light
423030,987,n4,light
423032,976,n4,light
423034,965,n4,light
423036,973,n4,light
423038,947,n4,light
423040,960,n4,light
423042,977,n4,light
423044,965,n4,light
423046,942,n4,light
423048,953,n4,light
423050,976,n4,light
423052,978,n4,light
423054,955,n4,light
423056,977,n4,light
423058,1023,n4,light
423060,1019,n4,light
423062,998,n4,light
423064,1008,n4,light
423066,997,n4,light
423068,967,n4,light
423070,941,n4,light
423072,930,n4,light
423074,965,n4,light
423076,1002,n4,light
423078,997,n4,light
423080,1040,n4,light
423082,1111,n4,light
423084,1143,n4,light
423086,1134,n4,light
423088,1126,n4,light
423090,1185,n4,light
423092,1218,n4,light
423094,1182,n4,light
423096,1146,n4,light
423098,1171,n4,light
423100,1232,n4,light
423102,1239,n4,light
423104,1206,n4,light
423106,1232,n4,light
423108,1275,n4,light
423110,1290,n4,light
423112,1262,n4,light
423114,1269,n4,light
423116,1312,n4,light
423118,1328,n4,light
423120,1294,n4,light
423122,1317,n4,light
423124,1346,n4,light
423126,1383,n4,light
423128,1363,n4,light
423130,1395,n4,light
423132,1472,n4,light
423134,1501,n4,light
423136,1477,n4,light
423138,1447,n4,light
423140,1452,n4,light
423142,1461,n4,light
423144,1456,n4,light
423146,1410,n4,light
423148,1408,n4,light
423150,1413,n4,light
423152,1401,n4,light
423154,1371,n4,light
423156,1399,n4,light
423158,1407,n4,light
423160,1362,n4,light
423162,1311,n4,light
423164,1289,n4,light
423166,1303,n4,light
423168,1314,n4,light
423170,1296,n4,light
423172,1285,n4,light
423174,1346,n4,light
423176,1397,n4,light
423178,1408,n4,light
423180,1390,n4,light
423182,1450,n4,light
423184,1501,n4,light
423186,1523,n4,light
423188,1485,n4,light
423190,1511,n4,light
423192,1535,n4,light
423194,1555,n4,light
423196,1499,n4,light
423198,1488,n4,light
423200,1521,n4,light
423202,1535,n4,light
423204,1490,n4,light
423206,1483,n4,light
423208,1504,n4,light
423210,1488,n4,light
423212,1434,n4,light
423214,1404,n4,light
423216,1398,n4,light
423218,1399,n4,light
423220,1376,n4,light
423222,1363,n4,light
423224,1392,n4,light
423226,1392,n4,light
423228,1353,n4,light
423230,1351,n4,light
423232,1361,n4,light
423234,1360,n4,light
423236,1343,n4,light
423238,1308,n4,light
423240,1316,n4,light
423242,1328,n4,light
423244,1318,n4,light
423246,1282,n4,light
423248,1282,n4,light
423250,1280,n4,light
423252,1232,n4,light
423254,1207,n4,light
423256,1172,n4,light
423258,1154,n4,light
423260,1152,n4,light
423262,1138,n4,light
423264,1102,n4,light
423266,1127,n4,light
423268,1172,n4,light
423270,1168,n4,light
423272,1154,n4,light
423274,1203,n4,light
423276,1254,n4,light
423278,1249,n4,light
423280,1291,n4,light
423282,1356,n4,light
423284,1363,n4,light
423286,1349,n4,light
423288,1312,n4,light
423290,1327,n4,light
423292,1338,n4,light
423294,1341,n4,light
423296,1290,n4,light
423298,1280,n4,light
423300,1288,n4,light
423302,1279,n4,light
423304,1237,n4,light
423306,1231,n4,light
423308,1238,n4,light
423310,1232,n4,light
423312,1199,n4,light
423314,1195,n4,light
423316,1209,n4,light
423318,1200,n4,light
423320,1171,n4,light
423322,1205,n4,light
423324,1229,n4,light
423326,1194,n4,light
423328,1157,n4,light
423330,1162,n4,light
423332,1158,n4,light
423334,1127,n4,light
423336,1084,n4,light
423338,1121,n4,light
423340,1152,n4,light
423342,1157,n4,light
423344,1104,n4,light
423346,1107,n4,light
423348,1159,n4,light
423350,1213,n4,light
423352,1234,n4,light
423354,1210,n4,light
423356,1232,n4,light
423358,1282,n4,light
423360,1302,n4,light
423362,1266,n4,light
423364,1253,n4,light
423366,1249,n4,light
423368,1232,n4,light
423370,1200,n4,light
423372,1159,n4,light
423374,1133,n4,light
423376,1123,n4,light
423378,1121,n4,light
423380,1088,n4,light
423382,1119,n4,light
423384,1155,n4,light
423386,1168,n4,light
423388,1133,n4,light
423390,1164,n4,light
423392,1210,n4,light
423394,1219,n4,light
423396,1184,n4,light
423398,1184,n4,light
423400,1177,n4,light
423402,1169,n4,light
423404,1133,n4,light
423406,1118,n4,light
423408,1142,n4,light
423410,1161,n4,light
423412,1136,n4,light
423414,1165,n4,light
423416,1199,n4,light
423418,1221,n4,light
423420,1189,n4,light
423422,1189,n4,light
423424,1213,n4,light
423426,1239,n4,light
423428,1248,n4,light
423430,1232,n4,light
423432,1287,n4,light
423434,1347,n4,light
423436,1368,n4,light
423438,1348,n4,light
423440,1392,n4,light
423442,1427,n4,light
423444,1406,n4,light
423446,1392,n4,light
423448,1424,n4,light
423450,1411,n4,light
423452,1365,n4,light
423454,1335,n4,light
423456,1330,n4,light
423458,1321,n4,light
423460,1301,n4,light
423462,1264,n4,light
423464,1257,n4,light
423466,1264,n4,light
423468,1259,n4,light
423470,1223,n4,light
423472,1232,n4,light
423474,1265,n4,light
423476,1262,n4,light
423478,1220,n4,light
423480,1221,n4,light
423482,1237,n4,light
423484,1238,n4,light
423486,1205,n4,light
423488,1202,n4,light
423490,1223,n4,light
423492,1210,n4,light
423494,1166,n4,light
423496,1138,n4,light
423498,1142,n4,light
423500,1158,n4,light
423502,1168,n4,light
423504,1137,n4,light
423506,1145,n4,light
423508,1159,n4,light
423510,1155,n4,light
423512,1117,n4,light
423514,1082,n4,light
423516,1073,n4,light
423518,1057,n4,light
423520,1044,n4,light
423522,1007,n4,light
423524,1012,n4,light
423526,1042,n4,light
423528,1057,n4,light
423530,1035,n4,light
423532,1091,n4,light
423534,1131,n4,light
423536,1149,n4,light
423538,1122,n4,light
423540,1153,n4,light
423542,1171,n4,light
423544,1168,n4,light
423546,1148,n4,light
423548,1147,n4,light
423550,1126,n4,light
423552,1123,n4,light
423554,1091,n4,light
423556,1089,n4,light
423558,1088,n4,light
423560,1082,n4,light
423562,1051,n4,light
423564,1023,n4,light
423566,1023,n4,light
423568,1055,n4,light
423570,1055,n4,light
423572,1035,n4,light
423574,1072,n4,light
423576,1092,n4,light
423578,1086,n4,light
423580,1068,n4,light
423582,1079,n4,light
423584,1060,n4,light
423586,1018,n4,light
423588,1005,n4,light
423590,1021,n4,light
423592,993,n4,light
423594,957,n4,light
423596,927,n4,light
423598,929,n4,light
423600,916,n4,light
423602,917,n4,light
423604,896,n4,light
423606,875,n4,light
423608,850,n4,light
423610,859,n4,light
423612,839,n4,light
423614,846,n4,light
423616,878,n4,light
423618,886,n4,light
423620,873,n4,light
423622,909,n4,light
423624,943,n4,light
423626,938,n4,light
423628,911,n4,light
423630,910,n4,light
423632,944,n4,light
423634,954,n4,light
423636,973,n4,light
423638,954,n4,light
423640,995,n4,light
423642,1034,n4,light
423644,1040,n4,light
423646,1015,n4,light
423648,1047,n4,light
423650,1071,n4,light
423652,1081,n4,light
423654,1051,n4,light
423656,1074,n4,light
423658,1119,n4,light
423660,1139,n4,light
423662,1115,n4,light
423664,1148,n4,light
423666,1206,n4,light
423668,1209,n4,light
423670,1182,n4,light
423672,1235,n4,light
423674,1326,n4,light
423676,1339,n4,light
423678,1319,n4,light
423680,1405,n4,light
423682,1456,n4,light
423684,1429,n4,light
423686,1415,n4,light
423688,1392,n4,light
423690,1434,n4,light
423692,1469,n4,light
423694,1449,n4,light
423696,1466,n4,light
423698,1485,n4,light
423700,1481,n4,light
423702,1458,n4,light
423704,1415,n4,light
423706,1425,n4,light
423708,1438,n4,light
423710,1427,n4,light
423712,1383,n4,light
423714,1366,n4,light
423716,1395,n4,light
423718,1389,n4,light
423720,1355,n4,light
423722,1387,n4,light
423724,1423,n4,light
423726,1411,n4,light
423728,1371,n4,light
423730,1378,n4,light
423732,1380,n4,light
423734,1375,n4,light
423736,1371,n4,light
423738,1325,n4,light
423740,1327,n4,light
423742,1335,n4,light
423744,1354,n4,light
423746,1303,n4,light
423748,1296,n4,light
423750,1303,n4,light
423752,1290,n4,light
423754,1270,n4,light
423756,1291,n4,light
423758,1269,n4,light
423760,1213,n4,light
423762,1182,n4,light
423764,1181,n4,light
423766,1199,n4,light
423768,1197,n4,light
423770,1157,n4,light
423772,1152,n4,light
423774,1179,n4,light
423776,1199,n4,light
423778,1187,n4,light
423780,1142,n4,light
423782,1139,n4,light
423784,1166,n4,light
423786,1152,n4,light
423788,1149,n4,light
423790,1145,n4,light
423792,1117,n4,light
423794,1098,n4,light
423796,1075,n4,light
423798,1087,n4,light
423800,1104,n4,light
423802,1083,n4,light
423804,1093,n4,light
423806,1146,n4,light
423808,1160,n4,light
423810,1109,n4,light
423812,1100,n4,light
423814,1119,n4,light
423816,1115,n4,light
423818,1086,n4,light
423820,1055,n4,light
423822,1023,n4,light
423824,1061,n4,light
423826,1072,n4,light
423828,1040,n4,light
423830,1023,n4,light
423832,1053,n4,light
423834,1040,n4,light
423836,994,n4,light
423838,1011,n4,light
423840,1034,n4,light
423842,999,n4,light
423844,974,n4,light
423846,943,n4,light
423848,943,n4,light
423850,962,n4,light
423852,986,n4,light
423854,955,n4,light
423856,981,n4,light
423858,1040,n4,light
423860,1040,n4,light
423862,1007,n4,light
423864,1004,n4,light
423866,1009,n4,light
423868,999,n4,light
423870,976,n4,light
423872,976,n4,light
423874,1003,n4,light
423876,990,n4,light
423878,944,n4,light
423880,908,n4,light
423882,941,n4,light
423884,974,n4,light
423886,979,n4,light
423888,954,n4,light
423890,939,n4,light
423892,942,n4,light
423894,962,n4,light
423896,926,n4,light
423898,912,n4,light
423900,963,n4,light
423902,1001,n4,light
423904,976,n4,light
423906,1005,n4,light
423908,1042,n4,light
423910,1043,n4,light
423912,1008,n4,light
423914,1017,n4,light
423916,1056,n4,light
423918,1070,n4,light
423920,1045,n4,light
423922,1082,n4,light
423924,1136,n4,light
423926,1143,n4,light
423928,1110,n4,light
423930,1123,n4,light
423932,1157,n4,light
423934,1165,n4,light
423936,1141,n4,light
423938,1130,n4,light
423940,1155,n4,light
423942,1171,n4,light
423944,1187,n4,light
423946,1179,n4,light
423948,1211,n4,light
423950,1205,n4,light
423952,1166,n4,light
423954,1115,n4,light
423956,1098,n4,light
423958,1083,n4,light
423960,1067,n4,light
423962,1040,n4,light
423964,1042,n4,light
423966,1040,n4,light
423968,1040,n4,light
423970,1008,n4,light
423972,1013,n4,light
423974,1015,n4,light
423976,1023,n4,light
423978,1008,n4,light
423980,1004,n4,light
423982,1012,n4,light
423984,997,n4,light
423986,978,n4,light
423988,954,n4,light
423990,974,n4,light
423992,988,n4,light
423994,1003,n4,light
423996,974,n4,light
423998,990,n4,light
424000,1023,n4,light
424002,1073,n4,light
424004,1047,n4,light
424006,1088,n4,light
424008,1133,n4,light
424010,1125,n4,light
424012,1088,n4,light
424014,1101,n4,light
424016,1172,n4,light
424018,1189,n4,light
424020,1164,n4,light
424022,1183,n4,light
424024,1198,n4,light
424026,1180,n4,light
424028,1142,n4,light
424030,1157,n4,light
424032,1185,n4,light
424034,1181,n4,light
424036,1146,n4,light
424038,1155,n4,light
424040,1203,n4,light
424042,1215,n4,light
424044,1200,n4,light
424046,1175,n4,light
424048,1205,n4,light
424050,1232,n4,light
424052,1239,n4,light
424054,1210,n4,light
424056,1234,n4,light
424058,1238,n4,light
424060,1215,n4,light
424062,1185,n4,light
424064,1190,n4,light
424066,1180,n4,light
424068,1163,n4,light
424070,1127,n4,light
424072,1135,n4,light
424074,1150,n4,light
424076,1138,n4,light
424078,1105,n4,light
424080,1082,n4,light
424082,1091,n4,light
424084,1120,n4,light
424086,1142,n4,light
424088,1115,n4,light
424090,1136,n4,light
424092,1147,n4,light
424094,1147,n4,light
424096,1104,n4,light
424098,1091,n4,light
424100,1095,n4,light
424102,1115,n4,light
424104,1079,n4,light
424106,1097,n4,light
424108,1147,n4,light
424110,1172,n4,light
424112,1150,n4,light
424114,1169,n4,light
424116,1223,n4,light
424118,1237,n4,light
424120,1209,n4,light
424122,1218,n4,light
424124,1244,n4,light
424126,1232,n4,light
424128,1186,n4,light
424130,1145,n4,light
424132,1147,n4,light
424134,1154,n4,light
424136,1183,n4,light
424138,1153,n4,light
424140,1186,n4,light
424142,1199,n4,light
424144,1182,n4,light
424146,1139,n4,light
424148,1127,n4,light
424150,1138,n4,light
424152,1168,n4,light
424154,1140,n4,light
424156,1168,n4,light
424158,1195,n4,light
424160,1203,n4,light
424162,1167,n4,light
424164,1182,n4,light
424166,1201,n4,light
424168,1174,n4,light
424170,1136,n4,light
424172,1149,n4,light
424174,1159,n4,light
424176,1115,n4,light
424178,1089,n4,light
424180,1085,n4,light
424182,1073,n4,light
424184,1055,n4,light
424186,1034,n4,light
424188,1020,n4,light
424190,1070,n4,light
424192,1092,n4,light
424194,1087,n4,light
424196,1105,n4,light
424198,1152,n4,light
424200,1147,n4,light
424202,1133,n4,light
424204,1117,n4,light
424206,1136,n4,light
424208,1119,n4,light
424210,1107,n4,light
424212,1079,n4,light
424214,1107,n4,light
424216,1138,n4,light
424218,1130,n4,light
424220,1095,n4,light
424222,1108,n4,light
424224,1157,n4,light
424226,1193,n4,light
424228,1170,n4,light
424230,1166,n4,light
424232,1201,n4,light
424234,1242,n4,light
424236,1216,n4,light
424238,1217,n4,light
424240,1270,n4,light
424242,1316,n4,light
424244,1295,n4,light
424246,1299,n4,light
424248,1389,n4,light
424250,1399,n4,light
424252,1359,n4,light
424254,1321,n4,light
424256,1317,n4,light
424258,1311,n4,light
424260,1308,n4,light
424262,1271,n4,light
424264,1273,n4,light
424266,1275,n4,light
424268,1261,n4,light
424270,1217,n4,light
424272,1229,n4,light
424274,1247,n4,light
424276,1235,n4,light
424278,1191,n4,light
424280,1168,n4,light
424282,1185,n4,light
424284,1168,n4,light
424286,1166,n4,light
424288,1168,n4,light
424290,1184,n4,light
424292,1173,n4,light
424294,1141,n4,light
424296,1129,n4,light
424298,1136,n4,light
424300,1125,n4,light
424302,1103,n4,light
424304,1095,n4,light
424306,1114,n4,light
424308,1130,n4,light
424310,1121,n4,light
424312,1099,n4,light
424314,1136,n4,light
424316,1165,n4,light
424318,1131,n4,light
424320,1091,n4,light
424322,1088,n4,light
424324,1087,n4,light
424326,1095,n4,light
424328,1067,n4,light
424330,1013,n4,light
424332,988,n4,light
424334,1035,n4,light
424336,1067,n4,light
424338,1034,n4,light
424340,1047,n4,light
424342,1057,n4,light
424344,1058,n4,light
424346,1063,n4,light
424348,1100,n4,light
424350,1119,n4,light
424352,1101,n4,light
424354,1070,n4,light
424356,1088,n4,light
424358,1131,n4,light
424360,1154,n4,light
424362,1117,n4,light
424364,1130,n4,light
424366,1205,n4,light
424368,1207,n4,light
424370,1187,n4,light
424372,1238,n4,light
424374,1252,n4,light
424376,1200,n4,light
424378,1161,n4,light
424380,1155,n4,light
424382,1155,n4,light
424384,1125,n4,light
424386,1088,n4,light
424388,1051,n4,light
424390,1037,n4,light
424392,1040,n4,light
424394,1023,n4,light
424396,1002,n4,light
424398,1014,n4,light
424400,1053,n4,light
424402,1088,n4,light
424404,1058,n4,light
424406,1077,n4,light
424408,1102,n4,light
424410,1155,n4,light
424412,1136,n4,light
424414,1137,n4,light
424416,1180,n4,light
424418,1210,n4,light
424420,1174,n4,light
424422,1182,n4,light
424424,1201,n4,light
424426,1199,n4,light
424428,1169,n4,light
424430,1170,n4,light
424432,1191,n4,light
424434,1196,n4,light
424436,1161,n4,light
424438,1166,n4,light
424440,1200,n4,light
424442,1189,n4,light
424444,1178,n4,light
424446,1150,n4,light
424448,1155,n4,light
424450,1177,n4,light
424452,1202,n4,light
424454,1184,n4,light
424456,1188,n4,light
424458,1173,n4,light
424460,1137,n4,light
424462,1096,n4,light
424464,1083,n4,light
424466,1092,n4,light
424468,1078,n4,light
424470,1040,n4,light
424472,1035,n4,light
424474,1042,n4,light
424476,1041,n4,light
424478,1008,n4,light
424480,991,n4,light
424482,1013,n4,light
424484,1023,n4,light
424486,999,n4,light
424488,1016,n4,light
424490,1053,n4,light
424492,1082,n4,light
424494,1076,n4,light
424496,1072,n4,light
424498,1129,n4,light
424500,1154,n4,light
424502,1146,n4,light
424504,1104,n4,light
424506,1131,n4,light
424508,1160,n4,light
424510,1182,n4,light
424512,1141,n4,light
424514,1173,n4,light
424516,1258,n4,light
424518,1271,n4,light
424520,1232,n4,light
424522,1243,n4,light
424524,1265,n4,light
424526,1255,n4,light
424528,1218,n4,light
424530,1207,n4,light
424532,1234,n4,light
424534,1218,n4,light
424536,1171,n4,light
424538,1167,n4,light
424540,1197,n4,light
424542,1178,n4,light
424544,1145,n4,light
424546,1105,n4,light
424548,1114,n4,light
424550,1104,n4,light
424552,1098,n4,light
424554,1081,n4,light
424556,1109,n4,light
424558,1106,n4,light
424560,1083,n4,light
424562,1071,n4,light
424564,1109,n4,light
424566,1143,n4,light
424568,1152,n4,light
424570,1123,n4,light
424572,1139,n4,light
424574,1207,n4,light
424576,1242,n4,light
424578,1216,n4,light
424580,1238,n4,light
424582,1285,n4,light
424584,1265,n4,light
424586,1222,n4,light
424588,1200,n4,light
424590,1186,n4,light
424592,1195,n4,light
424594,1191,n4,light
424596,1153,n4,light
424598,1175,n4,light
424600,1195,n4,light
424602,1182,n4,light
424604,1169,n4,light
424606,1197,n4,light
424608,1216,n4,light
424610,1217,n4,light
424612,1200,n4,light
424614,1206,n4,light
424616,1242,n4,light
424618,1232,n4,light
424620,1190,n4,light
424622,1220,n4,light
424624,1281,n4,light
424626,1264,n4,light
424628,1257,n4,light
424630,1298,n4,light
424632,1338,n4,light
424634,1328,n4,light
424636,1294,n4,light
424638,1297,n4,light
424640,1339,n4,light
424642,1344,n4,light
424644,1309,n4,light
424646,1310,n4,light
424648,1306,n4,light
424650,1278,n4,light
424652,1255,n4,light
424654,1222,n4,light
424656,1212,n4,light
424658,1229,n4,light
424660,1263,n4,light
424662,1231,n4,light
424664,1222,n4,light
424666,1234,n4,light
424668,1245,n4,light
424670,1216,n4,light
424672,1205,n4,light
424674,1185,n4,light
424676,1200,n4,light
424678,1195,n4,light
424680,1196,n4,light
424682,1269,n4,light
424684,1291,n4,light
424686,1265,n4,light
424688,1259,n4,light
424690,1283,n4,light
424692,1295,n4,light
424694,1267,n4,light
424696,1245,n4,light
424698,1264,n4,light
424700,1262,n4,light
424702,1246,n4,light
424704,1216,n4,light
424706,1237,n4,light
424708,1259,n4,light
424710,1253,n4,light
424712,1231,n4,light
424714,1267,n4,light
424716,1271,n4,light
433736,1107,n4,light
433738,1115,n4,light
433740,1102,n4,light
433742,1087,n4,light
433744,1103,n4,light
433746,1111,n4,light
433748,1110,n4,light
433750,1087,n4,light
433752,1113,n4,light
433754,1137,n4,light
433756,1135,n4,light
433758,1099,n4,light
433760,1104,n4,light
433762,1130,n4,light
433764,1143,n4,light
433766,1117,n4,light
433768,1127,n4,light
433770,1158,n4,light
433772,1156,n4,light
433774,1130,n4,light
433776,1104,n4,light
433778,1123,n4,light
433780,1135,n4,light
433782,1123,n4,light
433784,1104,n4,light
433786,1121,n4,light
433788,1131,n4,light
433790,1124,n4,light
433792,1094,n4,light
433794,1110,n4,light
433796,1119,n4,light
433798,1114,n4,light
433800,1091,n4,light
433802,1121,n4,light
433804,1148,n4,light
433806,1151,n4,light
433808,1115,n4,light
433810,1111,n4,light
433812,1123,n4,light
433814,1132,n4,light
433816,1099,n4,light
433818,1119,n4,light
433820,1103,n4,light
433822,1082,n4,light
433824,1041,n4,light
433826,1059,n4,light
433828,1083,n4,light
433830,1091,n4,light
433832,1133,n4,light
433834,1130,n4,light
433836,1223,n4,light
433838,1171,n4,light
433840,1159,n4,light
433842,1105,n4,light
433844,1111,n4,light
433846,1136,n4,light
433848,1129,n4,light
433850,1102,n4,light
433852,1136,n4,light
433854,1166,n4,light
433856,1149,n4,light
433858,1111,n4,light
433860,1121,n4,light
433862,1149,n4,light
433864,1147,n4,light
433866,1120,n4,light
433868,1137,n4,light
433870,1175,n4,light
433872,1171,n4,light
433874,1143,n4,light
433876,1154,n4,light
433878,1180,n4,light
433880,1180,n4,light
433882,1146,n4,light
433884,1137,n4,light
433886,1157,n4,light
433888,1163,n4,light
433890,1152,n4,light
433892,1127,n4,light
433894,1146,n4,light
433896,1151,n4,light
433898,1142,n4,light
433900,1119,n4,light
433902,1146,n4,light
433904,1191,n4,light
433906,1193,n4,light
433908,1168,n4,light
433910,1200,n4,light
433912,1248,n4,light
433914,1259,n4,light
433916,1225,n4,light
433918,1232,n4,light
433920,1281,n4,light
433922,1316,n4,light
433924,1297,n4,light
433926,1270,n4,light
433928,1300,n4,light
433930,1342,n4,light
433932,1334,n4,light
433934,1304,n4,light
433936,1405,n4,light
433938,1421,n4,light
433940,1394,n4,light
433942,1287,n4,light
433944,1257,n4,light
433946,1239,n4,light
433948,1251,n4,light
433950,1218,n4,light
433952,1212,n4,light
433954,1203,n4,light
433956,1182,n4,light
433958,1152,n4,light
433960,1168,n4,light
433962,1153,n4,light
433964,1129,n4,light
433966,1088,n4,light
433968,1085,n4,light
433970,1085,n4,light
433972,1099,n4,light
433974,1098,n4,light
433976,1085,n4,light
433978,1135,n4,light
433980,1173,n4,light
433982,1161,n4,light
433984,1145,n4,light
433986,1168,n4,light
433988,1187,n4,light
433990,1174,n4,light
433992,1138,n4,light
433994,1136,n4,light
433996,1122,n4,light
433998,1099,n4,light
434000,1101,n4,light
434002,1119,n4,light
434004,1088,n4,light
434006,1042,n4,light
434008,1023,n4,light
434010,1047,n4,light
434012,1057,n4,light
434014,1036,n4,light
434016,1009,n4,light
434018,1038,n4,light
434020,1056,n4,light
434022,1038,n4,light
434024,1007,n4,light
434026,1012,n4,light
434028,1038,n4,light
434030,1055,n4,light
434032,1034,n4,light
434034,1082,n4,light
434036,1129,n4,light
434038,1104,n4,light
434040,1070,n4,light
434042,1072,n4,light
434044,1088,n4,light
434046,1093,n4,light
434048,1077,n4,light
434050,1071,n4,light
434052,1106,n4,light
434054,1130,n4,light
434056,1105,n4,light
434058,1077,n4,light
434060,1099,n4,light
434062,1130,n4,light
434064,1131,n4,light
434066,1104,n4,light
434068,1120,n4,light
434070,1136,n4,light
434072,1117,n4,light
434074,1082,n4,light
434076,1081,n4,light
434078,1085,n4,light
434080,1074,n4,light
434082,1055,n4,light
434084,1040,n4,light
434086,1053,n4,light
434088,1088,n4,light
434090,1110,n4,light
434092,1081,n4,light
434094,1117,n4,light
434096,1193,n4,light
434098,1231,n4,light
434100,1191,n4,light
434102,1213,n4,light
434104,1226,n4,light
434106,1215,n4,light
434108,1171,n4,light
434110,1168,n4,light
434112,1170,n4,light
434114,1162,n4,light
434116,1133,n4,light
434118,1150,n4,light
434120,1162,n4,light
434122,1151,n4,light
434124,1116,n4,light
434126,1121,n4,light
434128,1151,n4,light
434130,1155,n4,light
434132,1125,n4,light
434134,1127,n4,light
434136,1138,n4,light
434138,1146,n4,light
434140,1123,n4,light
434142,1104,n4,light
434144,1126,n4,light
434146,1134,n4,light
434148,1117,n4,light
434150,1089,n4,light
434152,1110,n4,light
434154,1129,n4,light
434156,1135,n4,light
434158,1102,n4,light
434160,1107,n4,light
434162,1136,n4,light
434164,1151,n4,light
434166,1124,n4,light
434168,1129,n4,light
434170,1152,n4,light
434172,1146,n4,light
434174,1118,n4,light
434176,1109,n4,light
434178,1123,n4,light
434180,1133,n4,light
434182,1110,n4,light
434184,1094,n4,light
434186,1134,n4,light
434188,1147,n4,light
434190,1131,n4,light
434192,1119,n4,light
434194,1143,n4,light
434196,1155,n4,light
434198,1143,n4,light
434200,1120,n4,light
434202,1155,n4,light
434204,1201,n4,light
434206,1193,n4,light
434208,1163,n4,light
434210,1200,n4,light
434212,1221,n4,light
434214,1232,n4,light
434216,1202,n4,light
434218,1216,n4,light
434220,1264,n4,light
434222,1292,n4,light
434224,1264,n4,light
434226,1264,n4,light
434228,1270,n4,light
434230,1266,n4,light
434232,1232,n4,light
434234,1179,n4,light
434236,1175,n4,light
434238,1179,n4,light
434240,1155,n4,light
434242,1146,n4,light
434244,1147,n4,light
434246,1121,n4,light
434248,1101,n4,light
434250,1052,n4,light
434252,1040,n4,light
434254,1059,n4,light
434256,1078,n4,light
434258,1045,n4,light
434260,1057,n4,light
434262,1083,n4,light
434264,1091,n4,light
434266,1079,n4,light
434268,1145,n4,light
434270,1193,n4,light
434272,1168,n4,light
434274,1152,n4,light
434276,1168,n4,light
434278,1191,n4,light
434280,1189,n4,light
434282,1166,n4,light
434284,1138,n4,light
434286,1136,n4,light
434288,1158,n4,light
434290,1175,n4,light
434292,1143,n4,light
434294,1173,n4,light
434296,1205,n4,light
434298,1187,n4,light
434300,1214,n4,light
434302,1241,n4,light
434304,1210,n4,light
434306,1153,n4,light
434308,1150,n4,light
434310,1170,n4,light
434312,1177,n4,light
434314,1132,n4,light
434316,1127,n4,light
434318,1200,n4,light
434320,1263,n4,light
434322,1230,n4,light
434324,1251,n4,light
434326,1310,n4,light
434328,1331,n4,light
434330,1319,n4,light
434332,1287,n4,light
434334,1273,n4,light
434336,1311,n4,light
434338,1332,n4,light
434340,1303,n4,light
434342,1325,n4,light
434344,1347,n4,light
434346,1334,n4,light
434348,1303,n4,light
434350,1285,n4,light
434352,1287,n4,light
434354,1291,n4,light
434356,1285,n4,light
434358,1243,n4,light
434360,1231,n4,light
434362,1200,n4,light
434364,1163,n4,light
434366,1120,n4,light
434368,1078,n4,light
434370,1049,n4,light
434372,1060,n4,light
434374,1040,n4,light
434376,1034,n4,light
434378,1046,n4,light
434380,1045,n4,light
434382,1017,n4,light
434384,1023,n4,light
434386,1061,n4,light
434388,1069,n4,light
434390,1043,n4,light
434392,1012,n4,light
434394,1010,n4,light
434396,1009,n4,light
434398,1010,n4,light
434400,972,n4,light
434402,972,n4,light
434404,1013,n4,light
434406,1023,n4,light
434408,1015,n4,light
434410,1062,n4,light
434412,1091,n4,light
434414,1088,n4,light
434416,1061,n4,light
434418,1078,n4,light
434420,1100,n4,light
434422,1088,n4,light
434424,1058,n4,light
434426,1056,n4,light
434428,1073,n4,light
434430,1088,n4,light
434432,1059,n4,light
434434,1058,n4,light
434436,1087,n4,light
434438,1144,n4,light
434440,1149,n4,light
434442,1168,n4,light
434444,1232,n4,light
434446,1266,n4,light
434448,1246,n4,light
434450,1237,n4,light
434452,1251,n4,light
434454,1264,n4,light
434456,1231,n4,light
434458,1199,n4,light
434460,1209,n4,light
434462,1202,n4,light
434464,1185,n4,light
434466,1143,n4,light
434468,1141,n4,light
434470,1161,n4,light
434472,1167,n4,light
434474,1147,n4,light
434476,1180,n4,light
434478,1207,n4,light
434480,1216,n4,light
434482,1186,n4,light
434484,1203,n4,light
434486,1269,n4,light
434488,1312,n4,light
434490,1291,n4,light
434492,1296,n4,light
434494,1327,n4,light
434496,1335,n4,light
434498,1296,n4,light
434500,1281,n4,light
434502,1266,n4,light
434504,1215,n4,light
434506,1169,n4,light
434508,1148,n4,light
434510,1157,n4,light
434512,1149,n4,light
434514,1123,n4,light
434516,1107,n4,light
434518,1143,n4,light
434520,1171,n4,light
434522,1158,n4,light
434524,1129,n4,light
434526,1136,n4,light
434528,1168,n4,light
434530,1169,n4,light
434532,1136,n4,light
434534,1133,n4,light
434536,1133,n4,light
434538,1136,n4,light
434540,1118,n4,light
434542,1105,n4,light
434544,1121,n4,light
434546,1126,n4,light
434548,1109,n4,light
434550,1093,n4,light
434552,1111,n4,light
434554,1088,n4,light
434556,1071,n4,light
434558,1016,n4,light
434560,990,n4,light
434562,1002,n4,light
434564,1007,n4,light
434566,985,n4,light
434568,1040,n4,light
434570,1077,n4,light
434572,1072,n4,light
434574,1062,n4,light
434576,1088,n4,light
434578,1127,n4,light
434580,1134,n4,light
434582,1102,n4,light
434584,1114,n4,light
434586,1138,n4,light
434588,1161,n4,light
434590,1146,n4,light
434592,1101,n4,light
434594,1114,n4,light
434596,1148,n4,light
434598,1203,n4,light
434600,1178,n4,light
434602,1182,n4,light
434604,1191,n4,light
434606,1190,n4,light
434608,1157,n4,light
434610,1162,n4,light
434612,1157,n4,light
434614,1137,n4,light
434616,1098,n4,light
434618,1098,n4,light
434620,1102,n4,light
434622,1106,n4,light
434624,1075,n4,light
434626,1061,n4,light
434628,1060,n4,light
434630,1045,n4,light
434632,1008,n4,light
434634,1006,n4,light
434636,1045,n4,light
434638,1049,n4,light
434640,1017,n4,light
434642,1040,n4,light
434644,1074,n4,light
434646,1059,n4,light
434648,1013,n4,light
434650,1019,n4,light
434652,1018,n4,light
434654,1002,n4,light
434656,1007,n4,light
434658,969,n4,light
434660,1008,n4,light
434662,1057,n4,light
434664,1066,n4,light
434666,1035,n4,light
434668,1062,n4,light
434670,1105,n4,light
434672,1106,n4,light
434674,1088,n4,light
434676,1102,n4,light
434678,1130,n4,light
434680,1143,n4,light
434682,1117,n4,light
434684,1112,n4,light
434686,1133,n4,light
434688,1135,n4,light
434690,1095,n4,light
434692,1086,n4,light
434694,1089,n4,light
434696,1104,n4,light
434698,1083,n4,light
434700,1072,n4,light
434702,1125,n4,light
434704,1146,n4,light
434706,1142,n4,light
434708,1122,n4,light
434710,1103,n4,light
434712,1067,n4,light
434714,1085,n4,light
434716,1057,n4,light
434718,1017,n4,light
434720,1037,n4,light
434722,1047,n4,light
434724,1015,n4,light
434726,1007,n4,light
434728,1051,n4,light
434730,1067,n4,light
434732,1039,n4,light
434734,1031,n4,light
434736,1065,n4,light
434738,1085,n4,light
434740,1072,n4,light
434742,1091,n4,light
434744,1132,n4,light
434746,1132,n4,light
434748,1114,n4,light
434750,1101,n4,light
434752,1121,n4,light
434754,1113,n4,light
434756,1107,n4,light
434758,1075,n4,light
434760,1062,n4,light
434762,1062,n4,light
434764,1066,n4,light
434766,1040,n4,light
434768,1101,n4,light
434770,1154,n4,light
434772,1130,n4,light
434774,1118,n4,light
434776,1181,n4,light
434778,1232,n4,light
434780,1219,n4,light
434782,1183,n4,light
434784,1211,n4,light
434786,1261,n4,light
434788,1250,n4,light
434790,1227,n4,light
434792,1255,n4,light
434794,1296,n4,light
434796,1291,n4,light
434798,1264,n4,light
434800,1248,n4,light
434802,1264,n4,light
434804,1264,n4,light
434806,1257,n4,light
434808,1232,n4,light
434810,1249,n4,light
434812,1232,n4,light
434814,1191,n4,light
434816,1190,n4,light
434818,1158,n4,light
434820,1114,n4,light
434822,1072,n4,light
434824,1040,n4,light
434826,1042,n4,light
434828,1053,n4,light
434830,1023,n4,light
434832,993,n4,light
434834,1002,n4,light
434836,1008,n4,light
434838,990,n4,light
434840,970,n4,light
434842,967,n4,light
434844,982,n4,light
434846,987,n4,light
434848,966,n4,light
434850,976,n4,light
434852,1011,n4,light
434854,1003,n4,light
434856,977,n4,light
434858,971,n4,light
434860,988,n4,light
434862,993,n4,light
434864,997,n4,light
434866,979,n4,light
434868,1015,n4,light
434870,1057,n4,light
434872,1045,n4,light
434874,1015,n4,light
434876,1018,n4,light
434878,999,n4,light
434880,962,n4,light
434882,941,n4,light
434884,901,n4,light
434886,870,n4,light
434888,851,n4,light
434890,829,n4,light
434892,816,n4,light
434894,820,n4,light
434896,823,n4,light
434898,810,n4,light
434900,830,n4,light
434902,870,n4,light
434904,863,n4,light
434906,854,n4,light
434908,833,n4,light
434910,815,n4,light
434912,816,n4,light
434914,848,n4,light
434916,829,n4,light
434918,858,n4,light
434920,891,n4,light
434922,910,n4,light
434924,898,n4,light
434926,954,n4,light
434928,995,n4,light
434930,961,n4,light
434932,944,n4,light
434934,926,n4,light
434936,891,n4,light
434938,855,n4,light
434940,838,n4,light
434942,838,n4,light
434944,875,n4,light
434946,862,n4,light
434948,837,n4,light
434950,848,n4,light
434952,864,n4,light
434954,880,n4,light
434956,891,n4,light
434958,870,n4,light
434960,897,n4,light
434962,923,n4,light
434964,923,n4,light
434966,911,n4,light
434968,933,n4,light
434970,954,n4,light
434972,937,n4,light
434974,909,n4,light
434976,904,n4,light
434978,912,n4,light
434980,895,n4,light
434982,862,n4,light
434984,863,n4,light
434986,870,n4,light
434988,848,n4,light
434990,823,n4,light
434992,822,n4,light
434994,821,n4,light
434996,806,n4,light
434998,799,n4,light
435000,779,n4,light
435002,791,n4,light
435004,782,n4,light
435006,783,n4,light
435008,779,n4,light
435010,814,n4,light
435012,823,n4,light
435014,832,n4,light
435016,819,n4,light
435018,838,n4,light
435020,867,n4,light
435022,903,n4,light
435024,880,n4,light
435026,908,n4,light
435028,923,n4,light
435030,886,n4,light
435032,854,n4,light
435034,819,n4,light
435036,818,n4,light
435038,846,n4,light
435040,845,n4,light
435042,853,n4,light
435044,895,n4,light
435046,925,n4,light
435048,919,n4,light
435050,912,n4,light
435052,959,n4,light
435054,991,n4,light
435056,988,n4,light
435058,1007,n4,light
435060,1053,n4,light
435062,1065,n4,light
435064,1043,n4,light
435066,1015,n4,light
435068,1023,n4,light
435070,1057,n4,light
435072,1065,n4,light
435074,1043,n4,light
435076,1075,n4,light
435078,1103,n4,light
435080,1095,n4,light
435082,1067,n4,light
435084,1085,n4,light
435086,1106,n4,light
435088,1120,n4,light
435090,1097,n4,light
435092,1120,n4,light
435094,1155,n4,light
435096,1157,n4,light
435098,1118,n4,light
435100,1111,n4,light
435102,1136,n4,light
435104,1136,n4,light
435106,1111,n4,light
435108,1099,n4,light
435110,1138,n4,light
435112,1168,n4,light
435114,1167,n4,light
435116,1137,n4,light
435118,1163,n4,light
435120,1174,n4,light
435122,1179,n4,light
435124,1161,n4,light
435126,1153,n4,light
435128,1167,n4,light
435130,1171,n4,light
435132,1148,n4,light
435134,1122,n4,light
435136,1137,n4,light
435138,1136,n4,light
435140,1103,n4,light
435142,1103,n4,light
435144,1118,n4,light
435146,1104,n4,light
435148,1088,n4,light
435150,1081,n4,light
435152,1125,n4,light
435154,1157,n4,light
435156,1152,n4,light
435158,1142,n4,light
435160,1186,n4,light
435162,1200,n4,light
435164,1195,n4,light
435166,1158,n4,light
435168,1165,n4,light
435170,1194,n4,light
435172,1191,n4,light
435174,1168,n4,light
435176,1195,n4,light
435178,1219,n4,light
435180,1200,n4,light
435182,1174,n4,light
435184,1212,n4,light
435186,1249,n4,light
435188,1201,n4,light
435190,1168,n4,light
435192,1169,n4,light
435194,1183,n4,light
435196,1185,n4,light
435198,1181,n4,light
435200,1151,n4,light
435202,1175,n4,light
435204,1201,n4,light
435206,1189,n4,light
435208,1157,n4,light
435210,1168,n4,light
435212,1173,n4,light
435214,1159,n4,light
435216,1126,n4,light
435218,1147,n4,light
435220,1175,n4,light
435222,1139,n4,light
435224,1099,n4,light
435226,1081,n4,light
435228,1111,n4,light
435230,1145,n4,light
435232,1120,n4,light
435234,1136,n4,light
435236,1151,n4,light
435238,1142,n4,light
435240,1109,n4,light
435242,1101,n4,light
435244,1104,n4,light
435246,1073,n4,light
435248,1040,n4,light
435250,1020,n4,light
435252,1038,n4,light
435254,1022,n4,light
435256,1057,n4,light
435258,1023,n4,light
435260,1040,n4,light
435262,1099,n4,light
435264,1165,n4,light
435266,1137,n4,light
435268,1147,n4,light
435270,1200,n4,light
435272,1211,n4,light
435274,1182,n4,light
435276,1209,n4,light
435278,1236,n4,light
435280,1232,n4,light
435282,1191,n4,light
435284,1193,n4,light
435286,1230,n4,light
435288,1242,n4,light
435290,1211,n4,light
435292,1223,n4,light
435294,1223,n4,light
435296,1230,n4,light
435298,1217,n4,light
435300,1202,n4,light
435302,1223,n4,light
435304,1237,n4,light
435306,1232,n4,light
435308,1205,n4,light
435310,1187,n4,light
435312,1180,n4,light
435314,1210,n4,light
435316,1179,n4,light
435318,1181,n4,light
435320,1197,n4,light
435322,1184,n4,light
435324,1142,n4,light
435326,1117,n4,light
435328,1135,n4,light
435330,1135,n4,light
435332,1119,n4,light
435334,1090,n4,light
435336,1099,n4,light
435338,1102,n4,light
435340,1075,n4,light
435342,1055,n4,light
435344,1051,n4,light
435346,1043,n4,light
435348,1017,n4,light
435350,1013,n4,light
435352,1007,n4,light
435354,986,n4,light
435356,966,n4,light
435358,968,n4,light
435360,976,n4,light
435362,946,n4,light
435364,918,n4,light
435366,927,n4,light
435368,944,n4,light
435370,926,n4,light
435372,915,n4,light
435374,886,n4,light
435376,880,n4,light
435378,880,n4,light
435380,901,n4,light
435382,899,n4,light
435384,912,n4,light
435386,976,n4,light
435388,974,n4,light
435390,976,n4,light
435392,1023,n4,light
435394,1070,n4,light
435396,1072,n4,light
435398,1041,n4,light
435400,1070,n4,light
435402,1072,n4,light
435404,1008,n4,light
435406,985,n4,light
435408,963,n4,light
435410,977,n4,light
435412,979,n4,light
435414,983,n4,light
435416,969,n4,light
435418,1010,n4,light
435420,1040,n4,light
435422,1033,n4,light
435424,1008,n4,light
435426,1041,n4,light
435428,1043,n4,light
435430,1001,n4,light
435432,986,n4,light
435434,1009,n4,light
435436,1005,n4,light
435438,1017,n4,light
435440,1003,n4,light
435442,1021,n4,light
435444,1088,n4,light
435446,1135,n4,light
435448,1147,n4,light
435450,1123,n4,light
435452,1166,n4,light
435454,1182,n4,light
435456,1155,n4,light
435458,1141,n4,light
435460,1170,n4,light
435462,1153,n4,light
435464,1114,n4,light
435466,1168,n4,light
435468,1168,n4,light
435470,1114,n4,light
435472,1069,n4,light
435474,1061,n4,light
435476,1066,n4,light
435478,1067,n4,light
435480,1023,n4,light
435482,1005,n4,light
435484,1005,n4,light
435486,1005,n4,light
435488,992,n4,light
435490,966,n4,light
435492,947,n4,light
435494,939,n4,light
435496,919,n4,light
435498,895,n4,light
435500,900,n4,light
435502,914,n4,light
435504,894,n4,light
435506,874,n4,light
435508,877,n4,light
435510,874,n4,light
435512,901,n4,light
435514,922,n4,light
435516,902,n4,light
435518,927,n4,light
435520,963,n4,light
435522,975,n4,light
435524,963,n4,light
435526,999,n4,light
435528,987,n4,light
435530,944,n4,light
435532,930,n4,light
435534,923,n4,light
435536,901,n4,light
435538,865,n4,light
435540,841,n4,light
435542,839,n4,light
435544,866,n4,light
435546,891,n4,light
435548,880,n4,light
435550,899,n4,light
435552,961,n4,light
435554,985,n4,light
435556,976,n4,light
435558,987,n4,light
435560,1008,n4,light
435562,1013,n4,light
435564,1013,n4,light
435566,973,n4,light
435568,986,n4,light
435570,1010,n4,light
435572,1040,n4,light
435574,999,n4,light
435576,967,n4,light
435578,999,n4,light
435580,1023,n4,light
435582,1003,n4,light
435584,1013,n4,light
435586,1035,n4,light
435588,1004,n4,light
435590,969,n4,light
435592,991,n4,light
435594,1023,n4,light
435596,1039,n4,light
435598,1017,n4,light
435600,1043,n4,light
435602,1091,n4,light
435604,1113,n4,light
435606,1114,n4,light
435608,1120,n4,light
435610,1162,n4,light
435612,1170,n4,light
435614,1168,n4,light
435616,1123,n4,light
435618,1126,n4,light
435620,1134,n4,light
435622,1163,n4,light
435624,1137,n4,light
435626,1138,n4,light
435628,1168,n4,light
435630,1243,n4,light
435632,1194,n4,light
435634,1230,n4,light
435636,1207,n4,light
435638,1214,n4,light
435640,1249,n4,light
435642,1239,n4,light
435644,1216,n4,light
435646,1249,n4,light
435648,1232,n4,light
435650,1226,n4,light
435652,1251,n4,light
435654,1258,n4,light
435656,1237,n4,light
435658,1235,n4,light
435660,1290,n4,light
435662,1313,n4,light
435664,1318,n4,light
435666,1286,n4,light
435668,1328,n4,light
435670,1328,n4,light
435672,1344,n4,light
435674,1302,n4,light
435676,1286,n4,light
435678,1296,n4,light
435680,1301,n4,light
435682,1264,n4,light
435684,1264,n4,light
435686,1273,n4,light
435688,1269,n4,light
435690,1231,n4,light
435692,1232,n4,light
435694,1255,n4,light
435696,1247,n4,light
435698,1227,n4,light
435700,1242,n4,light
435702,1289,n4,light
435704,1307,n4,light
435706,1277,n4,light
435708,1291,n4,light
435710,1338,n4,light
435712,1358,n4,light
435714,1364,n4,light
435716,1279,n4,light
435718,1263,n4,light
435720,1296,n4,light
435722,1316,n4,light
435724,1296,n4,light
435726,1348,n4,light
435728,1379,n4,light
435730,1360,n4,light
435732,1328,n4,light
435734,1342,n4,light
435736,1347,n4,light
435738,1349,n4,light
435740,1344,n4,light
435742,1325,n4,light
435744,1342,n4,light
435746,1360,n4,light
435748,1313,n4,light
435750,1302,n4,light
435752,1327,n4,light
435754,1306,n4,light
435756,1333,n4,light
435758,1265,n4,light
435760,1313,n4,light
435762,1321,n4,light
435764,1281,n4,light
435766,1233,n4,light
435768,1244,n4,light
435770,1264,n4,light
435772,1264,n4,light
435774,1231,n4,light
435776,1230,n4,light
435778,1242,n4,light
435780,1242,n4,light
435782,1216,n4,light
435784,1264,n4,light
435786,1282,n4,light
435788,1261,n4,light
435790,1230,n4,light
435792,1232,n4,light
435794,1227,n4,light
435796,1190,n4,light
435798,1166,n4,light
435800,1171,n4,light
435802,1237,n4,light
435804,1233,n4,light
435806,1209,n4,light
435808,1252,n4,light
435810,1290,n4,light
435812,1264,n4,light
435814,1230,n4,light
435816,1203,n4,light
435818,1218,n4,light
435820,1232,n4,light
435822,1230,n4,light
435824,1197,n4,light
435826,1188,n4,light
435828,1199,n4,light
435830,1217,n4,light
435832,1184,n4,light
435834,1178,n4,light
435836,1200,n4,light
435838,1203,n4,light
435840,1171,n4,light
435842,1152,n4,light
435844,1186,n4,light
435846,1200,n4,light
435848,1171,n4,light
435850,1242,n4,light
435852,1311,n4,light
435854,1362,n4,light
435856,1401,n4,light
435858,1375,n4,light
435860,1383,n4,light
435862,1383,n4,light
435864,1389,n4,light
435866,1360,n4,light
435868,1256,n4,light
435870,1265,n4,light
435872,1426,n4,light
435874,1535,n4,light
435876,1600,n4,light
435878,1621,n4,light
435880,1587,n4,light
435882,1511,n4,light
435884,1465,n4,light
435886,1327,n4,light
435888,1330,n4,light
435890,1297,n4,light
435892,1289,n4,light
435894,1303,n4,light
435896,1266,n4,light
435898,1232,n4,light
435900,1235,n4,light
435902,1262,n4,light
435904,1318,n4,light
435906,1325,n4,light
435908,1347,n4,light
435910,1411,n4,light
435912,1430,n4,light
435914,1402,n4,light
435916,1371,n4,light
435918,1370,n4,light
435920,1379,n4,light
435922,1373,n4,light
435924,1329,n4,light
435926,1339,n4,light
435928,1343,n4,light
435930,1343,n4,light
435932,1296,n4,light
435934,1271,n4,light
435936,1277,n4,light
435938,1271,n4,light
435940,1232,n4,light
435942,1239,n4,light
435944,1255,n4,light
435946,1254,n4,light
435948,1210,n4,light
435950,1207,n4,light
435952,1271,n4,light
435954,1296,n4,light
435956,1264,n4,light
435958,1267,n4,light
435960,1295,n4,light
435962,1283,n4,light
435964,1270,n4,light
435966,1230,n4,light
435968,1250,n4,light
435970,1263,n4,light
435972,1253,n4,light
435974,1239,n4,light
435976,1264,n4,light
435978,1254,n4,light
435980,1214,n4,light
435982,1202,n4,light
435984,1197,n4,light
435986,1200,n4,light
435988,1176,n4,light
435990,1137,n4,light
435992,1122,n4,light
435994,1126,n4,light
435996,1125,n4,light
435998,1102,n4,light
436000,1088,n4,light
436002,1115,n4,light
436004,1123,n4,light
436006,1123,n4,light
436008,1117,n4,light
436010,1125,n4,light
436012,1124,n4,light
436014,1121,n4,light
436016,1070,n4,light
436018,1055,n4,light
436020,1071,n4,light
436022,1076,n4,light
436024,1067,n4,light
436026,1043,n4,light
436028,1005,n4,light
436030,1023,n4,light
436032,1019,n4,light
436034,1009,n4,light
436036,1011,n4,light
436038,1018,n4,light
436040,995,n4,light
436042,1008,n4,light
436044,1017,n4,light
436046,1020,n4,light
436048,988,n4,light
436050,990,n4,light
436052,1023,n4,light
436054,1062,n4,light
436056,1056,n4,light
436058,1049,n4,light
436060,1089,n4,light
436062,1104,n4,light
436064,1091,n4,light
436066,1074,n4,light
436068,1088,n4,light
436070,1098,n4,light
436072,1072,n4,light
436074,1034,n4,light
436076,998,n4,light
436078,998,n4,light
436080,1045,n4,light
436082,1014,n4,light
436084,1008,n4,light
436086,1021,n4,light
436088,1040,n4,light
436090,1003,n4,light
436092,992,n4,light
436094,1037,n4,light
436096,1070,n4,light
436098,1041,n4,light
436100,1057,n4,light
436102,1104,n4,light
436104,1109,n4,light
436106,1078,n4,light
436108,1075,n4,light
436110,1111,n4,light
436112,1140,n4,light
436114,1139,n4,light
436116,1125,n4,light
436118,1159,n4,light
436120,1175,n4,light
436122,1165,n4,light
436124,1138,n4,light
436126,1165,n4,light
436128,1168,n4,light
436130,1159,n4,light
436132,1141,n4,light
436134,1183,n4,light
436136,1218,n4,light
436138,1193,n4,light
436140,1181,n4,light
436142,1202,n4,light
436144,1232,n4,light
436146,1241,n4,light
436148,1214,n4,light
436150,1246,n4,light
436152,1307,n4,light
436154,1351,n4,light
436156,1337,n4,light
436158,1373,n4,light
436160,1450,n4,light
436162,1489,n4,light
436164,1511,n4,light
436166,1459,n4,light
436168,1456,n4,light
436170,1456,n4,light
436172,1465,n4,light
436174,1392,n4,light
436176,1329,n4,light
436178,1330,n4,light
436180,1344,n4,light
436182,1311,n4,light
436184,1314,n4,light
436186,1324,n4,light
436188,1308,n4,light
436190,1271,n4,light
436192,1264,n4,light
436194,1261,n4,light
436196,1287,n4,light
436198,1266,n4,light
436200,1271,n4,light
436202,1310,n4,light
436204,1301,n4,light
436206,1264,n4,light
436208,1258,n4,light
436210,1255,n4,light
436212,1236,n4,light
436214,1212,n4,light
436216,1243,n4,light
436218,1282,n4,light
436220,1265,n4,light
436222,1227,n4,light
436224,1239,n4,light
436226,1264,n4,light
436228,1271,n4,light
436230,1242,n4,light
436232,1220,n4,light
436234,1219,n4,light
436236,1227,n4,light
436238,1209,n4,light
436240,1169,n4,light
436242,1170,n4,light
436244,1186,n4,light
436246,1179,n4,light
436248,1151,n4,light
436250,1184,n4,light
436252,1254,n4,light
436254,1254,n4,light
436256,1218,n4,light
436258,1245,n4,light
436260,1275,n4,light
436262,1295,n4,light
436264,1286,n4,light
436266,1273,n4,light
436268,1295,n4,light
436270,1296,n4,light
436272,1279,n4,light
436274,1245,n4,light
436276,1253,n4,light
436278,1274,n4,light
436280,1263,n4,light
436282,1225,n4,light
436284,1238,n4,light
436286,1259,n4,light
436288,1247,n4,light
436290,1213,n4,light
436292,1216,n4,light
436294,1214,n4,light
436296,1194,n4,light
436298,1159,n4,light
436300,1168,n4,light
436302,1174,n4,light
436304,1148,n4,light
436306,1120,n4,light
436308,1113,n4,light
436310,1119,n4,light
436312,1106,n4,light
436314,1067,n4,light
436316,1020,n4,light
436318,1079,n4,light
436320,1116,n4,light
436322,1129,n4,light
436324,1120,n4,light
436326,1179,n4,light
436328,1239,n4,light
436330,1245,n4,light
436332,1206,n4,light
436334,1243,n4,light
436336,1289,n4,light
436338,1275,n4,light
436340,1234,n4,light
436342,1235,n4,light
436344,1250,n4,light
436346,1255,n4,light
436348,1223,n4,light
436350,1197,n4,light
436352,1214,n4,light
436354,1215,n4,light
436356,1181,n4,light
436358,1162,n4,light
436360,1152,n4,light
436362,1136,n4,light
436364,1124,n4,light
436366,1114,n4,light
436368,1154,n4,light
436370,1168,n4,light
436372,1155,n4,light
436374,1145,n4,light
436376,1118,n4,light
436378,1105,n4,light
436380,1125,n4,light
436382,1094,n4,light
436384,1118,n4,light
436386,1137,n4,light
436388,1120,n4,light
436390,1095,n4,light
436392,1135,n4,light
436394,1175,n4,light
436396,1189,n4,light
436398,1167,n4,light
436400,1173,n4,light
436402,1172,n4,light
436404,1163,n4,light
436406,1133,n4,light
436408,1112,n4,light
436410,1114,n4,light
436412,1111,n4,light
436414,1092,n4,light
436416,1072,n4,light
436418,1098,n4,light
436420,1103,n4,light
436422,1078,n4,light
436424,1051,n4,light
436426,1053,n4,light
436428,1054,n4,light
436430,1041,n4,light
436432,1013,n4,light
436434,1022,n4,light
436436,1038,n4,light
436438,1048,n4,light
436440,1020,n4,light
436442,1014,n4,light
436444,1091,n4,light
436446,1136,n4,light
436448,1121,n4,light
436450,1136,n4,light
436452,1246,n4,light
436454,1309,n4,light
436456,1287,n4,light
436458,1347,n4,light
436460,1433,n4,light
436462,1463,n4,light
436464,1431,n4,light
436466,1435,n4,light
436468,1470,n4,light
436470,1472,n4,light
436472,1431,n4,light
436474,1403,n4,light
436476,1418,n4,light
436478,1456,n4,light
436480,1443,n4,light
436482,1446,n4,light
436484,1478,n4,light
436486,1497,n4,light
436488,1503,n4,light
436490,1459,n4,light
436492,1482,n4,light
436494,1520,n4,light
436496,1534,n4,light
436498,1481,n4,light
436500,1461,n4,light
436502,1463,n4,light
436504,1453,n4,light
436506,1412,n4,light
436508,1373,n4,light
436510,1358,n4,light
436512,1360,n4,light
436514,1340,n4,light
436516,1321,n4,light
436518,1329,n4,light
436520,1340,n4,light
436522,1329,n4,light
436524,1295,n4,light
436526,1301,n4,light
436528,1322,n4,light
436530,1328,n4,light
436532,1299,n4,light
436534,1318,n4,light
436536,1328,n4,light
436538,1296,n4,light
436540,1255,n4,light
436542,1245,n4,light
436544,1254,n4,light
436546,1247,n4,light
436548,1205,n4,light
436550,1216,n4,light
436552,1258,n4,light
436554,1289,n4,light
436556,1263,n4,light
436558,1251,n4,light
436560,1280,n4,light
436562,1319,n4,light
436564,1296,n4,light
436566,1261,n4,light
436568,1253,n4,light
436570,1255,n4,light
436572,1223,n4,light
436574,1200,n4,light
436576,1169,n4,light
436578,1125,n4,light
436580,1091,n4,light
436582,1047,n4,light
436584,1008,n4,light
436586,1008,n4,light
436588,1021,n4,light
436590,993,n4,light
436592,1003,n4,light
436594,1010,n4,light
436596,992,n4,light
436598,962,n4,light
436600,948,n4,light
436602,960,n4,light
436604,955,n4,light
436606,932,n4,light
436608,962,n4,light
436610,992,n4,light
436612,990,n4,light
436614,961,n4,light
436616,977,n4,light
436618,1017,n4,light
436620,1038,n4,light
436622,1023,n4,light
436624,1011,n4,light
436626,1034,n4,light
436628,1058,n4,light
436630,1051,n4,light
436632,1012,n4,light
436634,1052,n4,light
436636,1101,n4,light
436638,1080,n4,light
436640,1089,n4,light
436642,1154,n4,light
436644,1186,n4,light
436646,1153,n4,light
436648,1125,n4,light
436650,1135,n4,light
436652,1169,n4,light
436654,1182,n4,light
436656,1152,n4,light
436658,1117,n4,light
436660,1126,n4,light
436662,1157,n4,light
436664,1181,n4,light
436666,1148,n4,light
436668,1143,n4,light
436670,1142,n4,light
436672,1136,n4,light
436674,1109,n4,light
436676,1119,n4,light
436678,1110,n4,light
436680,1099,n4,light
436682,1086,n4,light
436684,1099,n4,light
436686,1106,n4,light
436688,1106,n4,light
436690,1070,n4,light
436692,1073,n4,light
436694,1105,n4,light
436696,1082,n4,light
436698,1072,n4,light
436700,1104,n4,light
436702,1111,n4,light
436704,1087,n4,light
436706,1069,n4,light
436708,1077,n4,light
436710,1098,n4,light
436712,1111,n4,light
436714,1091,n4,light
436716,1090,n4,light
436718,1095,n4,light
436720,1089,n4,light
436722,1086,n4,light
436724,1062,n4,light
436726,1082,n4,light
436728,1088,n4,light
436730,1088,n4,light
436732,1057,n4,light
436734,1075,n4,light
436736,1103,n4,light
436738,1118,n4,light
445760,951,n4,light
445762,925,n4,light
445764,918,n4,light
445766,925,n4,light
445768,882,n4,light
445770,878,n4,light
445772,891,n4,light
445774,907,n4,light
445776,870,n4,light
445778,848,n4,light
445780,883,n4,light
445782,902,n4,light
445784,895,n4,light
445786,876,n4,light
445788,911,n4,light
445790,947,n4,light
445792,960,n4,light
445794,938,n4,light
445796,944,n4,light
445798,935,n4,light
445800,924,n4,light
445802,919,n4,light
445804,891,n4,light
445806,893,n4,light
445808,867,n4,light
445810,839,n4,light
445812,855,n4,light
445814,862,n4,light
445816,833,n4,light
445818,823,n4,light
445820,800,n4,light
445822,811,n4,light
445824,846,n4,light
445826,881,n4,light
445828,888,n4,light
445830,903,n4,light
445832,976,n4,light
445834,1021,n4,light
445836,1008,n4,light
445838,1040,n4,light
445840,1107,n4,light
445842,1136,n4,light
445844,1106,n4,light
445846,1104,n4,light
445848,1133,n4,light
445850,1168,n4,light
445852,1192,n4,light
445854,1163,n4,light
445856,1184,n4,light
445858,1194,n4,light
445860,1202,n4,light
445862,1181,n4,light
445864,1170,n4,light
445866,1160,n4,light
445868,1129,n4,light
445870,1091,n4,light
445872,1069,n4,light
445874,1059,n4,light
445876,1061,n4,light
445878,1023,n4,light
445880,1040,n4,light
445882,1044,n4,light
445884,1045,n4,light
445886,1019,n4,light
445888,1050,n4,light
445890,1070,n4,light
445892,1053,n4,light
445894,1014,n4,light
445896,1022,n4,light
445898,1050,n4,light
445900,1014,n4,light
445902,997,n4,light
445904,967,n4,light
445906,978,n4,light
445908,975,n4,light
445910,938,n4,light
445912,948,n4,light
445914,960,n4,light
445916,935,n4,light
445918,918,n4,light
445920,895,n4,light
445922,912,n4,light
445924,901,n4,light
445926,875,n4,light
445928,842,n4,light
445930,816,n4,light
445932,782,n4,light
445934,797,n4,light
445936,798,n4,light
445938,820,n4,light
445940,906,n4,light
445942,917,n4,light
445944,902,n4,light
445946,976,n4,light
445948,1038,n4,light
445950,990,n4,light
445952,974,n4,light
445954,959,n4,light
445956,987,n4,light
445958,993,n4,light
445960,1009,n4,light
445962,976,n4,light
445964,967,n4,light
445966,972,n4,light
445968,1003,n4,light
445970,975,n4,light
445972,983,n4,light
445974,976,n4,light
445976,949,n4,light
445978,919,n4,light
445980,899,n4,light
445982,877,n4,light
445984,876,n4,light
445986,893,n4,light
445988,886,n4,light
445990,903,n4,light
445992,942,n4,light
445994,935,n4,light
445996,989,n4,light
445998,1019,n4,light
446000,994,n4,light
446002,951,n4,light
446004,958,n4,light
446006,999,n4,light
446008,1047,n4,light
446010,1041,n4,light
446012,1034,n4,light
446014,1057,n4,light
446016,1079,n4,light
446018,1094,n4,light
446020,1082,n4,light
446022,1071,n4,light
446024,1094,n4,light
446026,1137,n4,light
446028,1115,n4,light
446030,1117,n4,light
446032,1152,n4,light
446034,1139,n4,light
446036,1104,n4,light
446038,1075,n4,light
446040,1078,n4,light
446042,1085,n4,light
446044,1072,n4,light
446046,1035,n4,light
446048,1023,n4,light
446050,1057,n4,light
446052,1060,n4,light
446054,1040,n4,light
446056,1015,n4,light
446058,977,n4,light
446060,933,n4,light
446062,896,n4,light
446064,910,n4,light
446066,894,n4,light
446068,870,n4,light
446070,863,n4,light
446072,915,n4,light
446074,946,n4,light
446076,940,n4,light
446078,934,n4,light
446080,1002,n4,light
446082,1066,n4,light
446084,1053,n4,light
446086,1038,n4,light
446088,1079,n4,light
446090,1099,n4,light
446092,1103,n4,light
446094,1095,n4,light
446096,1060,n4,light
446098,1077,n4,light
446100,1075,n4,light
446102,1047,n4,light
446104,1068,n4,light
446106,1094,n4,light
446108,1071,n4,light
446110,1051,n4,light
446112,1037,n4,light
446114,1063,n4,light
446116,1089,n4,light
446118,1125,n4,light
446120,1104,n4,light
446122,1104,n4,light
446124,1147,n4,light
446126,1191,n4,light
446128,1168,n4,light
446130,1183,n4,light
446132,1244,n4,light
446134,1299,n4,light
446136,1322,n4,light
446138,1275,n4,light
446140,1278,n4,light
446142,1350,n4,light
446144,1407,n4,light
446146,1378,n4,light
446148,1339,n4,light
446150,1340,n4,light
446152,1329,n4,light
446154,1275,n4,light
446156,1274,n4,light
446158,1317,n4,light
446160,1357,n4,light
446162,1328,n4,light
446164,1313,n4,light
446166,1328,n4,light
446168,1319,n4,light
446170,1269,n4,light
446172,1263,n4,light
446174,1274,n4,light
446176,1264,n4,light
446178,1243,n4,light
446180,1318,n4,light
446182,1338,n4,light
446184,1301,n4,light
446186,1267,n4,light
446188,1277,n4,light
446190,1234,n4,light
446192,1196,n4,light
446194,1137,n4,light
446196,1111,n4,light
446198,1134,n4,light
446200,1111,n4,light
446202,1090,n4,light
446204,1136,n4,light
446206,1155,n4,light
446208,1189,n4,light
446210,1173,n4,light
446212,1152,n4,light
446214,1205,n4,light
446216,1233,n4,light
446218,1261,n4,light
446220,1248,n4,light
446222,1296,n4,light
446224,1296,n4,light
446226,1271,n4,light
446228,1231,n4,light
446230,1167,n4,light
446232,1139,n4,light
446234,1185,n4,light
446236,1200,n4,light
446238,1169,n4,light
446240,1187,n4,light
446242,1171,n4,light
446244,1158,n4,light
446246,1103,n4,light
446248,1090,n4,light
446250,1114,n4,light
446252,1131,n4,light
446254,1111,n4,light
446256,1136,n4,light
446258,1171,n4,light
446260,1138,n4,light
446262,1170,n4,light
446264,1200,n4,light
446266,1295,n4,light
446268,1360,n4,light
446270,1350,n4,light
446272,1403,n4,light
446274,1593,n4,light
446276,1605,n4,light
446278,1521,n4,light
446280,1451,n4,light
446282,1391,n4,light
446284,1345,n4,light
446286,1303,n4,light
446288,1303,n4,light
446290,1321,n4,light
446292,1286,n4,light
446294,1239,n4,light
446296,1248,n4,light
446298,1266,n4,light
446300,1281,n4,light
446302,1293,n4,light
446304,1250,n4,light
446306,1264,n4,light
446308,1294,n4,light
446310,1311,n4,light
446312,1279,n4,light
446314,1296,n4,light
446316,1309,n4,light
446318,1310,n4,light
446320,1267,n4,light
446322,1267,n4,light
446324,1265,n4,light
446326,1241,n4,light
446328,1205,n4,light
446330,1212,n4,light
446332,1247,n4,light
446334,1263,n4,light
446336,1234,n4,light
446338,1271,n4,light
446340,1319,n4,light
446342,1355,n4,light
446344,1351,n4,light
446346,1359,n4,light
446348,1377,n4,light
446350,1357,n4,light
446352,1347,n4,light
446354,1306,n4,light
446356,1335,n4,light
446358,1357,n4,light
446360,1326,n4,light
446362,1299,n4,light
446364,1326,n4,light
446366,1347,n4,light
446368,1378,n4,light
446370,1341,n4,light
446372,1319,n4,light
446374,1391,n4,light
446376,1457,n4,light
446378,1456,n4,light
446380,1453,n4,light
446382,1520,n4,light
446384,1582,n4,light
446386,1555,n4,light
446388,1573,n4,light
446390,1630,n4,light
446392,1666,n4,light
446394,1628,n4,light
446396,1606,n4,light
446398,1630,n4,light
446400,1631,n4,light
446402,1601,n4,light
446404,1535,n4,light
446406,1522,n4,light
446408,1520,n4,light
446410,1483,n4,light
446412,1470,n4,light
446414,1505,n4,light
446416,1472,n4,light
446418,1409,n4,light
446420,1397,n4,light
446422,1392,n4,light
446424,1381,n4,light
446426,1369,n4,light
446428,1333,n4,light
446430,1373,n4,light
446432,1421,n4,light
446434,1408,n4,light
446436,1390,n4,light
446438,1392,n4,light
446440,1381,n4,light
446442,1359,n4,light
446444,1311,n4,light
446446,1279,n4,light
446448,1294,n4,light
446450,1317,n4,light
446452,1296,n4,light
446454,1318,n4,light
446456,1333,n4,light
446458,1331,n4,light
446460,1296,n4,light
446462,1282,n4,light
446464,1333,n4,light
446466,1375,n4,light
446468,1373,n4,light
446470,1349,n4,light
446472,1424,n4,light
446474,1424,n4,light
446476,1375,n4,light
446478,1347,n4,light
446480,1340,n4,light
446482,1291,n4,light
446484,1241,n4,light
446486,1200,n4,light
446488,1185,n4,light
446490,1181,n4,light
446492,1163,n4,light
446494,1140,n4,light
446496,1137,n4,light
446498,1178,n4,light
446500,1200,n4,light
446502,1200,n4,light
446504,1181,n4,light
446506,1243,n4,light
446508,1268,n4,light
446510,1264,n4,light
446512,1244,n4,light
446514,1285,n4,light
446516,1323,n4,light
446518,1314,n4,light
446520,1286,n4,light
446522,1293,n4,light
446524,1298,n4,light
446526,1255,n4,light
446528,1239,n4,light
446530,1257,n4,light
446532,1205,n4,light
446534,1152,n4,light
446536,1098,n4,light
446538,1076,n4,light
446540,1088,n4,light
446542,1099,n4,light
446544,1121,n4,light
446546,1120,n4,light
446548,1165,n4,light
446550,1190,n4,light
446552,1191,n4,light
446554,1203,n4,light
446556,1234,n4,light
446558,1260,n4,light
446560,1254,n4,light
446562,1232,n4,light
446564,1264,n4,light
446566,1294,n4,light
446568,1289,n4,light
446570,1253,n4,light
446572,1228,n4,light
446574,1178,n4,light
446576,1155,n4,light
446578,1199,n4,light
446580,1154,n4,light
446582,1166,n4,light
446584,1197,n4,light
446586,1175,n4,light
446588,1184,n4,light
446590,1227,n4,light
446592,1235,n4,light
446594,1214,n4,light
446596,1227,n4,light
446598,1264,n4,light
446600,1265,n4,light
446602,1225,n4,light
446604,1233,n4,light
446606,1296,n4,light
446608,1307,n4,light
446610,1293,n4,light
446612,1235,n4,light
446614,1258,n4,light
446616,1275,n4,light
446618,1245,n4,light
446620,1206,n4,light
446622,1205,n4,light
446624,1170,n4,light
446626,1129,n4,light
446628,1100,n4,light
446630,1089,n4,light
446632,1045,n4,light
446634,1045,n4,light
446636,1037,n4,light
446638,994,n4,light
446640,1009,n4,light
446642,1023,n4,light
446644,1055,n4,light
446646,1021,n4,light
446648,1047,n4,light
446650,1068,n4,light
446652,1082,n4,light
446654,1040,n4,light
446656,1018,n4,light
446658,1021,n4,light
446660,1005,n4,light
446662,970,n4,light
446664,954,n4,light
446666,950,n4,light
446668,927,n4,light
446670,905,n4,light
446672,884,n4,light
446674,848,n4,light
446676,883,n4,light
446678,899,n4,light
446680,890,n4,light
446682,961,n4,light
446684,976,n4,light
446686,960,n4,light
446688,990,n4,light
446690,1040,n4,light
446692,1033,n4,light
446694,986,n4,light
446696,987,n4,light
446698,990,n4,light
446700,1012,n4,light
446702,1015,n4,light
446704,1003,n4,light
446706,1071,n4,light
446708,1091,n4,light
446710,1093,n4,light
446712,1087,n4,light
446714,1142,n4,light
446716,1143,n4,light
446718,1174,n4,light
446720,1142,n4,light
446722,1181,n4,light
446724,1217,n4,light
446726,1200,n4,light
446728,1178,n4,light
446730,1146,n4,light
446732,1167,n4,light
446734,1178,n4,light
446736,1154,n4,light
446738,1149,n4,light
446740,1141,n4,light
446742,1133,n4,light
446744,1100,n4,light
446746,1090,n4,light
446748,1120,n4,light
446750,1117,n4,light
446752,1079,n4,light
446754,1082,n4,light
446756,1096,n4,light
446758,1106,n4,light
446760,1091,n4,light
446762,1085,n4,light
446764,1104,n4,light
446766,1151,n4,light
446768,1171,n4,light
446770,1166,n4,light
446772,1190,n4,light
446774,1207,n4,light
446776,1203,n4,light
446778,1169,n4,light
446780,1169,n4,light
446782,1219,n4,light
446784,1280,n4,light
446786,1296,n4,light
446788,1263,n4,light
446790,1335,n4,light
446792,1389,n4,light
446794,1380,n4,light
446796,1355,n4,light
446798,1363,n4,light
446800,1333,n4,light
446802,1282,n4,light
446804,1263,n4,light
446806,1254,n4,light
446808,1264,n4,light
446810,1254,n4,light
446812,1230,n4,light
446814,1282,n4,light
446816,1325,n4,light
446818,1307,n4,light
446820,1289,n4,light
446822,1302,n4,light
446824,1306,n4,light
446826,1291,n4,light
446828,1248,n4,light
446830,1243,n4,light
446832,1264,n4,light
446834,1269,n4,light
446836,1242,n4,light
446838,1216,n4,light
446840,1263,n4,light
446842,1287,n4,light
446844,1263,n4,light
446846,1296,n4,light
446848,1323,n4,light
446850,1307,n4,light
446852,1264,n4,light
446854,1277,n4,light
446856,1281,n4,light
446858,1237,n4,light
446860,1183,n4,light
446862,1178,n4,light
446864,1168,n4,light
446866,1147,n4,light
446868,1145,n4,light
446870,1107,n4,light
446872,1120,n4,light
446874,1169,n4,light
446876,1204,n4,light
446878,1175,n4,light
446880,1169,n4,light
446882,1174,n4,light
446884,1151,n4,light
446886,1115,n4,light
446888,1114,n4,light
446890,1083,n4,light
446892,1051,n4,light
446894,1054,n4,light
446896,1037,n4,light
446898,1083,n4,light
446900,1130,n4,light
446902,1126,n4,light
446904,1128,n4,light
446906,1139,n4,light
446908,1136,n4,light
446910,1159,n4,light
446912,1131,n4,light
446914,1153,n4,light
446916,1154,n4,light
446918,1170,n4,light
446920,1136,n4,light
446922,1152,n4,light
446924,1197,n4,light
446926,1229,n4,light
446928,1209,n4,light
446930,1266,n4,light
446932,1327,n4,light
446934,1280,n4,light
446936,1251,n4,light
446938,1247,n4,light
446940,1266,n4,light
446942,1264,n4,light
446944,1233,n4,light
446946,1221,n4,light
446948,1253,n4,light
446950,1255,n4,light
446952,1238,n4,light
446954,1205,n4,light
446956,1189,n4,light
446958,1187,n4,light
446960,1232,n4,light
446962,1210,n4,light
446964,1255,n4,light
446966,1293,n4,light
446968,1307,n4,light
446970,1264,n4,light
446972,1328,n4,light
446974,1417,n4,light
446976,1408,n4,light
446978,1360,n4,light
446980,1364,n4,light
446982,1375,n4,light
446984,1360,n4,light
446986,1317,n4,light
446988,1296,n4,light
446990,1328,n4,light
446992,1296,n4,light
446994,1256,n4,light
446996,1245,n4,light
446998,1223,n4,light
447000,1217,n4,light
447002,1206,n4,light
447004,1179,n4,light
447006,1189,n4,light
447008,1195,n4,light
447010,1183,n4,light
447012,1161,n4,light
447014,1179,n4,light
447016,1191,n4,light
447018,1201,n4,light
447020,1166,n4,light
447022,1181,n4,light
447024,1200,n4,light
447026,1201,n4,light
447028,1157,n4,light
447030,1135,n4,light
447032,1142,n4,light
447034,1145,n4,light
447036,1136,n4,light
447038,1135,n4,light
447040,1135,n4,light
447042,1136,n4,light
447044,1125,n4,light
447046,1103,n4,light
447048,1146,n4,light
447050,1162,n4,light
447052,1136,n4,light
447054,1119,n4,light
447056,1131,n4,light
447058,1123,n4,light
447060,1145,n4,light
447062,1121,n4,light
447064,1162,n4,light
447066,1196,n4,light
447068,1179,n4,light
447070,1185,n4,light
447072,1235,n4,light
447074,1243,n4,light
447076,1227,n4,light
447078,1178,n4,light
447080,1184,n4,light
447082,1221,n4,light
447084,1220,n4,light
447086,1184,n4,light
447088,1164,n4,light
447090,1127,n4,light
447092,1090,n4,light
447094,1075,n4,light
447096,1038,n4,light
447098,1039,n4,light
447100,1037,n4,light
447102,1009,n4,light
447104,996,n4,light
447106,1022,n4,light
447108,1057,n4,light
447110,1070,n4,light
447112,1046,n4,light
447114,1072,n4,light
447116,1094,n4,light
447118,1103,n4,light
447120,1067,n4,light
447122,1069,n4,light
447124,1079,n4,light
447126,1083,n4,light
447128,1056,n4,light
447130,1072,n4,light
447132,1130,n4,light
447134,1153,n4,light
447136,1131,n4,light
447138,1157,n4,light
447140,1202,n4,light
447142,1232,n4,light
447144,1211,n4,light
447146,1200,n4,light
447148,1219,n4,light
447150,1221,n4,light
447152,1184,n4,light
447154,1199,n4,light
447156,1229,n4,light
447158,1236,n4,light
447160,1223,n4,light
447162,1225,n4,light
447164,1289,n4,light
447166,1341,n4,light
447168,1339,n4,light
447170,1345,n4,light
447172,1413,n4,light
447174,1436,n4,light
447176,1425,n4,light
447178,1387,n4,light
447180,1392,n4,light
447182,1399,n4,light
447184,1419,n4,light
447186,1392,n4,light
447188,1359,n4,light
447190,1399,n4,light
447192,1439,n4,light
447194,1405,n4,light
447196,1413,n4,light
447198,1408,n4,light
447200,1424,n4,light
447202,1424,n4,light
447204,1376,n4,light
447206,1395,n4,light
447208,1456,n4,light
447210,1469,n4,light
447212,1431,n4,light
447214,1453,n4,light
447216,1472,n4,light
447218,1433,n4,light
447220,1381,n4,light
447222,1360,n4,light
447224,1366,n4,light
447226,1331,n4,light
447228,1300,n4,light
447230,1329,n4,light
447232,1330,n4,light
447234,1269,n4,light
447236,1214,n4,light
447238,1187,n4,light
447240,1195,n4,light
447242,1187,n4,light
447244,1163,n4,light
447246,1152,n4,light
447248,1138,n4,light
447250,1138,n4,light
447252,1133,n4,light
447254,1131,n4,light
447256,1131,n4,light
447258,1142,n4,light
447260,1166,n4,light
447262,1140,n4,light
447264,1179,n4,light
447266,1219,n4,light
447268,1223,n4,light
447270,1200,n4,light
447272,1210,n4,light
447274,1252,n4,light
447276,1274,n4,light
447278,1247,n4,light
447280,1286,n4,light
447282,1312,n4,light
447284,1287,n4,light
447286,1248,n4,light
447288,1246,n4,light
447290,1219,n4,light
447292,1168,n4,light
447294,1113,n4,light
447296,1074,n4,light
447298,1095,n4,light
447300,1089,n4,light
447302,1057,n4,light
447304,1061,n4,light
447306,1101,n4,light
447308,1113,n4,light
447310,1089,n4,light
447312,1109,n4,light
447314,1153,n4,light
447316,1155,n4,light
447318,1110,n4,light
447320,1063,n4,light
447322,1079,n4,light
447324,1100,n4,light
447326,1102,n4,light
447328,1084,n4,light
447330,1110,n4,light
447332,1136,n4,light
447334,1110,n4,light
447336,1089,n4,light
447338,1088,n4,light
447340,1094,n4,light
447342,1078,n4,light
447344,1045,n4,light
447346,1044,n4,light
447348,1041,n4,light
447350,1023,n4,light
447352,1017,n4,light
447354,1023,n4,light
447356,1060,n4,light
447358,1058,n4,light
447360,1038,n4,light
447362,1022,n4,light
447364,1058,n4,light
447366,1075,n4,light
447368,1085,n4,light
447370,1056,n4,light
447372,1023,n4,light
447374,1050,n4,light
447376,1115,n4,light
447378,1121,n4,light
447380,1104,n4,light
447382,1122,n4,light
447384,1126,n4,light
447386,1099,n4,light
447388,1071,n4,light
447390,1067,n4,light
447392,1040,n4,light
447394,997,n4,light
447396,987,n4,light
447398,1002,n4,light
447400,1008,n4,light
447402,1009,n4,light
447404,964,n4,light
447406,954,n4,light
447408,969,n4,light
447410,1023,n4,light
447412,1008,n4,light
447414,1075,n4,light
447416,1085,n4,light
447418,1043,n4,light
447420,1070,n4,light
447422,1058,n4,light
447424,1033,n4,light
447426,991,n4,light
447428,951,n4,light
447430,915,n4,light
447432,939,n4,light
447434,1021,n4,light
447436,1040,n4,light
447438,1117,n4,light
447440,1196,n4,light
447442,1208,n4,light
447444,1172,n4,light
447446,1152,n4,light
447448,1145,n4,light
447450,1149,n4,light
447452,1145,n4,light
447454,1123,n4,light
447456,1199,n4,light
447458,1218,n4,light
447460,1216,n4,light
447462,1237,n4,light
447464,1271,n4,light
447466,1264,n4,light
447468,1231,n4,light
447470,1178,n4,light
447472,1177,n4,light
447474,1183,n4,light
447476,1170,n4,light
447478,1151,n4,light
447480,1124,n4,light
447482,1126,n4,light
447484,1136,n4,light
447486,1117,n4,light
447488,1104,n4,light
447490,1122,n4,light
447492,1155,n4,light
447494,1139,n4,light
447496,1129,n4,light
447498,1162,n4,light
447500,1201,n4,light
447502,1264,n4,light
447504,1250,n4,light
447506,1282,n4,light
447508,1376,n4,light
447510,1501,n4,light
447512,1460,n4,light
447514,1472,n4,light
447516,1476,n4,light
447518,1432,n4,light
447520,1379,n4,light
447522,1367,n4,light
447524,1354,n4,light
447526,1290,n4,light
447528,1267,n4,light
447530,1257,n4,light
447532,1231,n4,light
447534,1232,n4,light
447536,1209,n4,light
447538,1202,n4,light
447540,1210,n4,light
447542,1213,n4,light
447544,1181,n4,light
447546,1172,n4,light
447548,1204,n4,light
447550,1209,n4,light
447552,1226,n4,light
447554,1214,n4,light
447556,1269,n4,light
447558,1331,n4,light
447560,1327,n4,light
447562,1323,n4,light
447564,1383,n4,light
447566,1387,n4,light
447568,1333,n4,light
447570,1295,n4,light
447572,1298,n4,light
447574,1316,n4,light
447576,1315,n4,light
447578,1286,n4,light
447580,1275,n4,light
447582,1287,n4,light
447584,1275,n4,light
447586,1242,n4,light
447588,1262,n4,light
447590,1279,n4,light
447592,1225,n4,light
447594,1219,n4,light
447596,1234,n4,light
447598,1186,n4,light
447600,1185,n4,light
447602,1151,n4,light
447604,1152,n4,light
447606,1203,n4,light
447608,1215,n4,light
447610,1211,n4,light
447612,1182,n4,light
447614,1223,n4,light
447616,1246,n4,light
447618,1261,n4,light
447620,1232,n4,light
447622,1217,n4,light
447624,1275,n4,light
447626,1319,n4,light
447628,1279,n4,light
447630,1263,n4,light
447632,1270,n4,light
447634,1258,n4,light
447636,1227,n4,light
447638,1193,n4,light
447640,1200,n4,light
447642,1231,n4,light
447644,1214,n4,light
447646,1212,n4,light
447648,1219,n4,light
447650,1196,n4,light
447652,1169,n4,light
447654,1139,n4,light
447656,1168,n4,light
447658,1190,n4,light
447660,1159,n4,light
447662,1211,n4,light
447664,1239,n4,light
447666,1234,n4,light
447668,1205,n4,light
447670,1191,n4,light
447672,1243,n4,light
447674,1285,n4,light
447676,1279,n4,light
447678,1247,n4,light
447680,1280,n4,light
447682,1311,n4,light
447684,1342,n4,light
447686,1327,n4,light
447688,1357,n4,light
447690,1413,n4,light
447692,1427,n4,light
447694,1401,n4,light
447696,1424,n4,light
447698,1443,n4,light
447700,1395,n4,light
447702,1358,n4,light
447704,1344,n4,light
447706,1333,n4,light
447708,1291,n4,light
447710,1255,n4,light
447712,1262,n4,light
447714,1293,n4,light
447716,1264,n4,light
447718,1228,n4,light
447720,1255,n4,light
447722,1279,n4,light
447724,1289,n4,light
447726,1275,n4,light
447728,1237,n4,light
447730,1251,n4,light
447732,1246,n4,light
447734,1259,n4,light
447736,1234,n4,light
447738,1248,n4,light
447740,1280,n4,light
447742,1266,n4,light
447744,1220,n4,light
447746,1196,n4,light
447748,1232,n4,light
447750,1247,n4,light
447752,1214,n4,light
447754,1191,n4,light
447756,1171,n4,light
447758,1203,n4,light
447760,1245,n4,light
447762,1200,n4,light
447764,1221,n4,light
447766,1265,n4,light
447768,1293,n4,light
447770,1250,n4,light
447772,1259,n4,light
447774,1288,n4,light
447776,1265,n4,light
447778,1232,n4,light
447780,1232,n4,light
447782,1228,n4,light
447784,1197,n4,light
447786,1152,n4,light
447788,1133,n4,light
447790,1137,n4,light
447792,1110,n4,light
447794,1075,n4,light
447796,1088,n4,light
447798,1059,n4,light
447800,1134,n4,light
447802,1139,n4,light
447804,1187,n4,light
447806,1279,n4,light
447808,1303,n4,light
447810,1271,n4,light
447812,1264,n4,light
447814,1308,n4,light
447816,1324,n4,light
447818,1278,n4,light
447820,1273,n4,light
447822,1284,n4,light
447824,1253,n4,light
447826,1218,n4,light
447828,1169,n4,light
447830,1145,n4,light
447832,1176,n4,light
447834,1184,n4,light
447836,1149,n4,light
447838,1119,n4,light
447840,1134,n4,light
447842,1168,n4,light
447844,1171,n4,light
447846,1162,n4,light
447848,1202,n4,light
447850,1238,n4,light
447852,1231,n4,light
447854,1200,n4,light
447856,1191,n4,light
447858,1178,n4,light
447860,1197,n4,light
447862,1187,n4,light
447864,1179,n4,light
447866,1218,n4,light
447868,1239,n4,light
447870,1191,n4,light
447872,1168,n4,light
447874,1205,n4,light
447876,1229,n4,light
447878,1181,n4,light
447880,1151,n4,light
447882,1163,n4,light
447884,1201,n4,light
447886,1195,n4,light
447888,1204,n4,light
447890,1289,n4,light
447892,1287,n4,light
447894,1258,n4,light
447896,1254,n4,light
447898,1275,n4,light
447900,1308,n4,light
447902,1287,n4,light
447904,1299,n4,light
447906,1353,n4,light
447908,1360,n4,light
447910,1335,n4,light
447912,1335,n4,light
447914,1390,n4,light
447916,1410,n4,light
447918,1392,n4,light
447920,1374,n4,light
447922,1430,n4,light
447924,1450,n4,light
447926,1433,n4,light
447928,1390,n4,light
447930,1375,n4,light
447932,1425,n4,light
447934,1455,n4,light
447936,1424,n4,light
447938,1447,n4,light
447940,1493,n4,light
447942,1490,n4,light
447944,1440,n4,light
447946,1437,n4,light
447948,1488,n4,light
447950,1499,n4,light
447952,1465,n4,light
447954,1469,n4,light
447956,1471,n4,light
447958,1429,n4,light
447960,1373,n4,light
447962,1360,n4,light
447964,1347,n4,light
447966,1294,n4,light
447968,1247,n4,light
447970,1216,n4,light
447972,1183,n4,light
447974,1134,n4,light
447976,1089,n4,light
447978,1059,n4,light
447980,1037,n4,light
447982,1056,n4,light
447984,1039,n4,light
447986,998,n4,light
447988,974,n4,light
447990,933,n4,light
447992,926,n4,light
447994,958,n4,light
447996,929,n4,light
447998,949,n4,light
448000,978,n4,light
448002,977,n4,light
448004,959,n4,light
448006,960,n4,light
448008,981,n4,light
448010,1006,n4,light
448012,976,n4,light
448014,1002,n4,light
448016,1023,n4,light
448018,1023,n4,light
448020,1007,n4,light
448022,1056,n4,light
448024,1109,n4,light
448026,1114,n4,light
448028,1104,n4,light
448030,1168,n4,light
448032,1168,n4,light
448034,1167,n4,light
448036,1134,n4,light
448038,1104,n4,light
448040,1151,n4,light
448042,1232,n4,light
448044,1231,n4,light
448046,1215,n4,light
448048,1242,n4,light
448050,1265,n4,light
448052,1247,n4,light
448054,1234,n4,light
448056,1231,n4,light
448058,1221,n4,light
448060,1197,n4,light
448062,1168,n4,light
448064,1181,n4,light
448066,1247,n4,light
448068,1243,n4,light
448070,1227,n4,light
448072,1281,n4,light
448074,1317,n4,light
448076,1310,n4,light
448078,1278,n4,light
448080,1316,n4,light
448082,1355,n4,light
448084,1353,n4,light
448086,1351,n4,light
448088,1392,n4,light
448090,1422,n4,light
448092,1397,n4,light
448094,1356,n4,light
448096,1394,n4,light
448098,1471,n4,light
448100,1459,n4,light
448102,1418,n4,light
448104,1430,n4,light
448106,1450,n4,light
448108,1456,n4,light
448110,1471,n4,light
448112,1438,n4,light
448114,1473,n4,light
448116,1478,n4,light
448118,1467,n4,light
448120,1440,n4,light
448122,1458,n4,light
448124,1487,n4,light
448126,1489,n4,light
448128,1456,n4,light
448130,1479,n4,light
448132,1514,n4,light
448134,1495,n4,light
448136,1443,n4,light
448138,1447,n4,light
448140,1459,n4,light
448142,1424,n4,light
448144,1375,n4,light
448146,1369,n4,light
448148,1390,n4,light
448150,1405,n4,light
448152,1386,n4,light
448154,1413,n4,light
448156,1424,n4,light
448158,1420,n4,light
448160,1408,n4,light
448162,1395,n4,light
448164,1402,n4,light
448166,1408,n4,light
448168,1425,n4,light
448170,1407,n4,light
448172,1463,n4,light
448174,1463,n4,light
448176,1455,n4,light
448178,1408,n4,light
448180,1395,n4,light
448182,1407,n4,light
448184,1392,n4,light
448186,1354,n4,light
448188,1342,n4,light
448190,1343,n4,light
448192,1355,n4,light
448194,1325,n4,light
448196,1355,n4,light
448198,1375,n4,light
448200,1338,n4,light
448202,1288,n4,light
448204,1246,n4,light
448206,1242,n4,light
448208,1245,n4,light
448210,1230,n4,light
448212,1211,n4,light
448214,1191,n4,light
448216,1200,n4,light
448218,1233,n4,light
448220,1216,n4,light
448222,1217,n4,light
448224,1280,n4,light
448226,1386,n4,light
448228,1360,n4,light
448230,1398,n4,light
448232,1449,n4,light
448234,1448,n4,light
448236,1424,n4,light
448238,1473,n4,light
448240,1524,n4,light
448242,1533,n4,light
448244,1488,n4,light
448246,1493,n4,light
448248,1529,n4,light
448250,1526,n4,light
448252,1473,n4,light
448254,1435,n4,light
448256,1413,n4,light
448258,1396,n4,light
448260,1362,n4,light
448262,1328,n4,light
448264,1374,n4,light
448266,1439,n4,light
448268,1429,n4,light
448270,1407,n4,light
448272,1425,n4,light
448274,1414,n4,light
448276,1439,n4,light
448278,1401,n4,light
448280,1354,n4,light
448282,1367,n4,light
448284,1374,n4,light
448286,1344,n4,light
448288,1346,n4,light
448290,1379,n4,light
448292,1410,n4,light
448294,1369,n4,light
448296,1382,n4,light
448298,1402,n4,light
448300,1397,n4,light
448302,1383,n4,light
448304,1340,n4,light
448306,1389,n4,light
448308,1459,n4,light
448310,1444,n4,light
448312,1438,n4,light
448314,1465,n4,light
448316,1465,n4,light
448318,1431,n4,light
448320,1392,n4,light
448322,1379,n4,light
448324,1355,n4,light
448326,1322,n4,light
448328,1265,n4,light
448330,1232,n4,light
448332,1281,n4,light
448334,1387,n4,light
448336,1386,n4,light
448338,1418,n4,light
448340,1487,n4,light
448342,1491,n4,light
448344,1456,n4,light
448346,1446,n4,light
448348,1411,n4,light
448350,1361,n4,light
448352,1319,n4,light
448354,1273,n4,light
448356,1250,n4,light
448358,1267,n4,light
448360,1253,n4,light
448362,1265,n4,light
448364,1265,n4,light
448366,1261,n4,light
448368,1268,n4,light
448370,1233,n4,light
448372,1235,n4,light
448374,1217,n4,light
448376,1185,n4,light
448378,1142,n4,light
448380,1171,n4,light
448382,1215,n4,light
448384,1188,n4,light
448386,1174,n4,light
448388,1174,n4,light
448390,1190,n4,light
448392,1170,n4,light
448394,1143,n4,light
448396,1168,n4,light
448398,1165,n4,light
448400,1123,n4,light
448402,1091,n4,light
448404,1085,n4,light
448406,1113,n4,light
448408,1135,n4,light
448410,1110,n4,light
448412,1125,n4,light
448414,1158,n4,light
448416,1158,n4,light
448418,1104,n4,light
448420,1072,n4,light
448422,1067,n4,light
448424,1086,n4,light
448426,1135,n4,light
448428,1106,n4,light
448430,1136,n4,light
448432,1183,n4,light
448434,1186,n4,light
448436,1150,n4,light
448438,1151,n4,light
448440,1223,n4,light
448442,1238,n4,light
448444,1210,n4,light
448446,1253,n4,light
448448,1274,n4,light
448450,1238,n4,light
448452,1201,n4,light
448454,1164,n4,light
448456,1165,n4,light
448458,1168,n4,light
448460,1166,n4,light
448462,1146,n4,light
448464,1174,n4,light
448466,1138,n4,light
448468,1088,n4,light
448470,1050,n4,light
448472,1023,n4,light
448474,1014,n4,light
448476,1006,n4,light
448478,976,n4,light
448480,976,n4,light
448482,976,n4,light
448484,995,n4,light
448486,963,n4,light
448488,971,n4,light
448490,1008,n4,light
448492,1034,n4,light
448494,1008,n4,light
448496,1039,n4,light
448498,1085,n4,light
448500,1095,n4,light
448502,1069,n4,light
448504,1104,n4,light
448506,1144,n4,light
448508,1157,n4,light
448510,1138,n4,light
448512,1154,n4,light
448514,1222,n4,light
448516,1223,n4,light
448518,1221,n4,light
448520,1171,n4,light
448522,1148,n4,light
448524,1152,n4,light
448526,1211,n4,light
448528,1202,n4,light
448530,1199,n4,light
448532,1213,n4,light
448534,1207,n4,light
448536,1168,n4,light
448538,1147,n4,light
448540,1129,n4,light
448542,1134,n4,light
448544,1107,n4,light
448546,1103,n4,light
448548,1130,n4,light
448550,1127,n4,light
448552,1101,n4,light
448554,1129,n4,light
448556,1161,n4,light
448558,1123,n4,light
448560,1087,n4,light
448562,1073,n4,light
448564,1083,n4,light
448566,1104,n4,light
448568,1072,n4,light
448570,1085,n4,light
448572,1102,n4,light
448574,1104,n4,light
448576,1093,n4,light
448578,1131,n4,light
448580,1088,n4,light
448582,1052,n4,light
448584,1019,n4,light
448586,990,n4,light
448588,993,n4,light
448590,1020,n4,light
448592,1033,n4,light
448594,1008,n4,light
448596,1043,n4,light
448598,1091,n4,light
448600,1122,n4,light
448602,1099,n4,light
448604,1104,n4,light
448606,1115,n4,light
448608,1095,n4,light
448610,1077,n4,light
448612,1089,n4,light
448614,1091,n4,light
448616,1050,n4,light
448618,1007,n4,light
448620,960,n4,light
448622,935,n4,light
448624,928,n4,light
448626,907,n4,light
448628,867,n4,light
448630,847,n4,light
448632,874,n4,light
448634,916,n4,light
448636,921,n4,light
448638,995,n4,light
448640,1085,n4,light
448642,1141,n4,light
448644,1138,n4,light
448646,1152,n4,light
448648,1246,n4,light
448650,1314,n4,light
448652,1301,n4,light
448654,1341,n4,light
448656,1395,n4,light
448658,1403,n4,light
448660,1391,n4,light
448662,1379,n4,light
448664,1385,n4,light
448666,1398,n4,light
448668,1390,n4,light
448670,1366,n4,light
448672,1403,n4,light
448674,1409,n4,light
448676,1372,n4,light
448678,1360,n4,light
448680,1394,n4,light
448682,1403,n4,light
448684,1387,n4,light
448686,1355,n4,light
448688,1366,n4,light
448690,1427,n4,light
448692,1427,n4,light
448694,1394,n4,light
448696,1431,n4,light
448698,1483,n4,light
448700,1443,n4,light
448702,1405,n4,light
448704,1441,n4,light
448706,1459,n4,light
448708,1463,n4,light
448710,1429,n4,light
448712,1427,n4,light
448714,1463,n4,light
448716,1496,n4,light
448718,1457,n4,light
448720,1426,n4,light
448722,1456,n4,light
448724,1484,n4,light
448726,1472,n4,light
448728,1445,n4,light
448730,1479,n4,light
448732,1497,n4,light
448734,1455,n4,light
448736,1389,n4,light
448738,1332,n4,light
448740,1337,n4,light
448742,1355,n4,light
448744,1328,n4,light
448746,1293,n4,light
448748,1296,n4,light
448750,1295,n4,light
448752,1274,n4,light
448754,1226,n4,light
448756,1227,n4,light
448758,1222,n4,light
448760,1206,n4,light
448762,1155,n4,light
448764,1148,n4,light
448766,1184,n4,light
457786,1085,n4,light
457788,1072,n4,light
457790,1041,n4,light
457792,1049,n4,light
457794,1023,n4,light
457796,1011,n4,light
457798,1013,n4,light
457800,981,n4,light
457802,1002,n4,light
457804,1005,n4,light
457806,990,n4,light
457808,980,n4,light
457810,996,n4,light
457812,999,n4,light
457814,970,n4,light
457816,954,n4,light
457818,979,n4,light
457820,995,n4,light
457822,991,n4,light
457824,963,n4,light
457826,999,n4,light
457828,1037,n4,light
457830,1022,n4,light
457832,994,n4,light
457834,1006,n4,light
457836,1037,n4,light
457838,1008,n4,light
457840,975,n4,light
457842,1006,n4,light
457844,1035,n4,light
457846,1007,n4,light
457848,982,n4,light
457850,1010,n4,light
457852,1065,n4,light
457854,1093,n4,light
457856,1090,n4,light
457858,1072,n4,light
457860,1103,n4,light
457862,1136,n4,light
457864,1127,n4,light
457866,1091,n4,light
457868,1093,n4,light
457870,1115,n4,light
457872,1122,n4,light
457874,1088,n4,light
457876,1072,n4,light
457878,1101,n4,light
457880,1119,n4,light
457882,1099,n4,light
457884,1085,n4,light
457886,1115,n4,light
457888,1133,n4,light
457890,1103,n4,light
457892,1104,n4,light
457894,1111,n4,light
457896,1107,n4,light
457898,1085,n4,light
457900,1046,n4,light
457902,1023,n4,light
457904,1007,n4,light
457906,965,n4,light
457908,945,n4,light
457910,919,n4,light
457912,930,n4,light
457914,896,n4,light
457916,901,n4,light
457918,906,n4,light
457920,922,n4,light
457922,922,n4,light
457924,898,n4,light
457926,917,n4,light
457928,945,n4,light
457930,941,n4,light
457932,919,n4,light
457934,928,n4,light
457936,944,n4,light
457938,951,n4,light
457940,928,n4,light
457942,935,n4,light
457944,945,n4,light
457946,948,n4,light
457948,955,n4,light
457950,918,n4,light
457952,929,n4,light
457954,951,n4,light
457956,958,n4,light
457958,914,n4,light
457960,943,n4,light
457962,976,n4,light
457964,976,n4,light
457966,945,n4,light
457968,1011,n4,light
457970,1072,n4,light
457972,1057,n4,light
457974,1023,n4,light
457976,1040,n4,light
457978,1066,n4,light
457980,1085,n4,light
457982,1054,n4,light
457984,1037,n4,light
457986,1072,n4,light
457988,1114,n4,light
457990,1102,n4,light
457992,1090,n4,light
457994,1123,n4,light
457996,1171,n4,light
457998,1189,n4,light
458000,1196,n4,light
458002,1275,n4,light
458004,1313,n4,light
458006,1293,n4,light
458008,1288,n4,light
458010,1327,n4,light
458012,1345,n4,light
458014,1307,n4,light
458016,1299,n4,light
458018,1298,n4,light
458020,1277,n4,light
458022,1247,n4,light
458024,1197,n4,light
458026,1168,n4,light
458028,1225,n4,light
458030,1269,n4,light
458032,1263,n4,light
458034,1291,n4,light
458036,1325,n4,light
458038,1371,n4,light
458040,1360,n4,light
458042,1328,n4,light
458044,1363,n4,light
458046,1391,n4,light
458048,1396,n4,light
458050,1381,n4,light
458052,1401,n4,light
458054,1392,n4,light
458056,1351,n4,light
458058,1324,n4,light
458060,1322,n4,light
458062,1315,n4,light
458064,1292,n4,light
458066,1258,n4,light
458068,1292,n4,light
458070,1330,n4,light
458072,1317,n4,light
458074,1296,n4,light
458076,1323,n4,light
458078,1355,n4,light
458080,1392,n4,light
458082,1385,n4,light
458084,1416,n4,light
458086,1488,n4,light
458088,1488,n4,light
458090,1450,n4,light
458092,1436,n4,light
458094,1479,n4,light
458096,1472,n4,light
458098,1424,n4,light
458100,1456,n4,light
458102,1487,n4,light
458104,1474,n4,light
458106,1439,n4,light
458108,1406,n4,light
458110,1424,n4,light
458112,1440,n4,light
458114,1427,n4,light
458116,1392,n4,light
458118,1411,n4,light
458120,1421,n4,light
458122,1389,n4,light
458124,1366,n4,light
458126,1419,n4,light
458128,1441,n4,light
458130,1386,n4,light
458132,1325,n4,light
458134,1313,n4,light
458136,1319,n4,light
458138,1291,n4,light
458140,1249,n4,light
458142,1235,n4,light
458144,1207,n4,light
458146,1197,n4,light
458148,1194,n4,light
458150,1138,n4,light
458152,1135,n4,light
458154,1207,n4,light
458156,1235,n4,light
458158,1215,n4,light
458160,1218,n4,light
458162,1211,n4,light
458164,1179,n4,light
458166,1156,n4,light
458168,1171,n4,light
458170,1157,n4,light
458172,1118,n4,light
458174,1088,n4,light
458176,1107,n4,light
458178,1137,n4,light
458180,1136,n4,light
458182,1104,n4,light
458184,1094,n4,light
458186,1110,n4,light
458188,1093,n4,light
458190,1086,n4,light
458192,1101,n4,light
458194,1136,n4,light
458196,1115,n4,light
458198,1066,n4,light
458200,1047,n4,light
458202,1053,n4,light
458204,1073,n4,light
458206,1098,n4,light
458208,1104,n4,light
458210,1165,n4,light
458212,1201,n4,light
458214,1173,n4,light
458216,1189,n4,light
458218,1200,n4,light
458220,1213,n4,light
458222,1200,n4,light
458224,1168,n4,light
458226,1191,n4,light
458228,1231,n4,light
458230,1248,n4,light
458232,1218,n4,light
458234,1249,n4,light
458236,1264,n4,light
458238,1273,n4,light
458240,1247,n4,light
458242,1232,n4,light
458244,1227,n4,light
458246,1174,n4,light
458248,1169,n4,light
458250,1136,n4,light
458252,1183,n4,light
458254,1185,n4,light
458256,1153,n4,light
458258,1141,n4,light
458260,1168,n4,light
458262,1203,n4,light
458264,1184,n4,light
458266,1175,n4,light
458268,1190,n4,light
458270,1227,n4,light
458272,1227,n4,light
458274,1186,n4,light
458276,1203,n4,light
458278,1261,n4,light
458280,1274,n4,light
458282,1251,n4,light
458284,1194,n4,light
458286,1188,n4,light
458288,1149,n4,light
458290,1152,n4,light
458292,1127,n4,light
458294,1104,n4,light
458296,1110,n4,light
458298,1116,n4,light
458300,1105,n4,light
458302,1137,n4,light
458304,1150,n4,light
458306,1136,n4,light
458308,1115,n4,light
458310,1123,n4,light
458312,1126,n4,light
458314,1119,n4,light
458316,1090,n4,light
458318,1074,n4,light
458320,1085,n4,light
458322,1104,n4,light
458324,1083,n4,light
458326,1101,n4,light
458328,1120,n4,light
458330,1121,n4,light
458332,1093,n4,light
458334,1067,n4,light
458336,1087,n4,light
458338,1099,n4,light
458340,1072,n4,light
458342,1068,n4,light
458344,1104,n4,light
458346,1104,n4,light
458348,1106,n4,light
458350,1120,n4,light
458352,1162,n4,light
458354,1200,n4,light
458356,1213,n4,light
458358,1174,n4,light
458360,1203,n4,light
458362,1245,n4,light
458364,1232,n4,light
458366,1211,n4,light
458368,1201,n4,light
458370,1176,n4,light
458372,1169,n4,light
458374,1125,n4,light
458376,1136,n4,light
458378,1210,n4,light
458380,1243,n4,light
458382,1229,n4,light
458384,1293,n4,light
458386,1319,n4,light
458388,1296,n4,light
458390,1246,n4,light
458392,1215,n4,light
458394,1213,n4,light
458396,1173,n4,light
458398,1134,n4,light
458400,1120,n4,light
458402,1109,n4,light
458404,1088,n4,light
458406,1072,n4,light
458408,1073,n4,light
458410,1110,n4,light
458412,1131,n4,light
458414,1095,n4,light
458416,1075,n4,light
458418,1111,n4,light
458420,1133,n4,light
458422,1117,n4,light
458424,1088,n4,light
458426,1068,n4,light
458428,1070,n4,light
458430,1072,n4,light
458432,1039,n4,light
458434,1023,n4,light
458436,1023,n4,light
458438,996,n4,light
458440,964,n4,light
458442,1020,n4,light
458444,1043,n4,light
458446,1008,n4,light
458448,983,n4,light
458450,991,n4,light
458452,1071,n4,light
458454,1085,n4,light
458456,1059,n4,light
458458,1044,n4,light
458460,1056,n4,light
458462,1062,n4,light
458464,1038,n4,light
458466,989,n4,light
458468,991,n4,light
458470,976,n4,light
458472,961,n4,light
458474,934,n4,light
458476,948,n4,light
458478,947,n4,light
458480,930,n4,light
458482,896,n4,light
458484,886,n4,light
458486,903,n4,light
458488,916,n4,light
458490,903,n4,light
458492,885,n4,light
458494,912,n4,light
458496,915,n4,light
458498,893,n4,light
458500,890,n4,light
458502,893,n4,light
458504,882,n4,light
458506,858,n4,light
458508,877,n4,light
458510,887,n4,light
458512,880,n4,light
458514,868,n4,light
458516,848,n4,light
458518,858,n4,light
458520,865,n4,light
458522,894,n4,light
458524,880,n4,light
458526,895,n4,light
458528,942,n4,light
458530,983,n4,light
458532,976,n4,light
458534,1042,n4,light
458536,1150,n4,light
458538,1168,n4,light
458540,1135,n4,light
458542,1147,n4,light
458544,1210,n4,light
458546,1234,n4,light
458548,1221,n4,light
458550,1251,n4,light
458552,1299,n4,light
458554,1328,n4,light
458556,1325,n4,light
458558,1301,n4,light
458560,1335,n4,light
458562,1344,n4,light
458564,1328,n4,light
458566,1301,n4,light
458568,1300,n4,light
458570,1318,n4,light
458572,1297,n4,light
458574,1264,n4,light
458576,1274,n4,light
458578,1295,n4,light
458580,1273,n4,light
458582,1232,n4,light
458584,1225,n4,light
458586,1209,n4,light
458588,1205,n4,light
458590,1173,n4,light
458592,1171,n4,light
458594,1199,n4,light
458596,1221,n4,light
458598,1217,n4,light
458600,1189,n4,light
458602,1228,n4,light
458604,1264,n4,light
458606,1234,n4,light
458608,1208,n4,light
458610,1200,n4,light
458612,1179,n4,light
458614,1168,n4,light
458616,1134,n4,light
458618,1143,n4,light
458620,1170,n4,light
458622,1170,n4,light
458624,1147,n4,light
458626,1154,n4,light
458628,1175,n4,light
458630,1176,n4,light
458632,1139,n4,light
458634,1133,n4,light
458636,1165,n4,light
458638,1169,n4,light
458640,1139,n4,light
458642,1168,n4,light
458644,1193,n4,light
458646,1187,n4,light
458648,1154,n4,light
458650,1141,n4,light
458652,1152,n4,light
458654,1161,n4,light
458656,1143,n4,light
458658,1122,n4,light
458660,1162,n4,light
458662,1155,n4,light
458664,1146,n4,light
458666,1131,n4,light
458668,1123,n4,light
458670,1136,n4,light
458672,1161,n4,light
458674,1130,n4,light
458676,1143,n4,light
458678,1177,n4,light
458680,1163,n4,light
458682,1121,n4,light
458684,1113,n4,light
458686,1134,n4,light
458688,1121,n4,light
458690,1101,n4,light
458692,1134,n4,light
458694,1163,n4,light
458696,1173,n4,light
458698,1164,n4,light
458700,1238,n4,light
458702,1300,n4,light
458704,1324,n4,light
458706,1270,n4,light
458708,1278,n4,light
458710,1314,n4,light
458712,1340,n4,light
458714,1350,n4,light
458716,1327,n4,light
458718,1367,n4,light
458720,1411,n4,light
458722,1419,n4,light
458724,1376,n4,light
458726,1389,n4,light
458728,1403,n4,light
458730,1391,n4,light
458732,1344,n4,light
458734,1302,n4,light
458736,1296,n4,light
458738,1264,n4,light
458740,1230,n4,light
458742,1206,n4,light
458744,1167,n4,light
458746,1121,n4,light
458748,1101,n4,light
458750,1072,n4,light
458752,1055,n4,light
458754,1045,n4,light
458756,1039,n4,light
458758,1023,n4,light
458760,1056,n4,light
458762,1087,n4,light
458764,1062,n4,light
458766,1021,n4,light
458768,1043,n4,light
458770,1071,n4,light
458772,1105,n4,light
458774,1076,n4,light
458776,1084,n4,light
458778,1117,n4,light
458780,1115,n4,light
458782,1087,n4,light
458784,1105,n4,light
458786,1135,n4,light
458788,1129,n4,light
458790,1102,n4,light
458792,1121,n4,light
458794,1179,n4,light
458796,1229,n4,light
458798,1223,n4,light
458800,1189,n4,light
458802,1232,n4,light
458804,1328,n4,light
458806,1330,n4,light
458808,1312,n4,light
458810,1382,n4,light
458812,1391,n4,light
458814,1341,n4,light
458816,1342,n4,light
458818,1379,n4,light
458820,1409,n4,light
458822,1387,n4,light
458824,1363,n4,light
458826,1383,n4,light
458828,1392,n4,light
458830,1374,n4,light
458832,1335,n4,light
458834,1325,n4,light
458836,1313,n4,light
458838,1282,n4,light
458840,1246,n4,light
458842,1217,n4,light
458844,1207,n4,light
458846,1213,n4,light
458848,1200,n4,light
458850,1161,n4,light
458852,1146,n4,light
458854,1131,n4,light
458856,1151,n4,light
458858,1132,n4,light
458860,1136,n4,light
458862,1131,n4,light
458864,1115,n4,light
458866,1094,n4,light
458868,1125,n4,light
458870,1151,n4,light
458872,1136,n4,light
458874,1105,n4,light
458876,1105,n4,light
458878,1140,n4,light
458880,1146,n4,light
458882,1113,n4,light
458884,1115,n4,light
458886,1135,n4,light
458888,1122,n4,light
458890,1104,n4,light
458892,1104,n4,light
458894,1152,n4,light
458896,1173,n4,light
458898,1149,n4,light
458900,1163,n4,light
458902,1200,n4,light
458904,1232,n4,light
458906,1231,n4,light
458908,1214,n4,light
458910,1232,n4,light
458912,1243,n4,light
458914,1230,n4,light
458916,1183,n4,light
458918,1190,n4,light
458920,1209,n4,light
458922,1203,n4,light
458924,1168,n4,light
458926,1176,n4,light
458928,1215,n4,light
458930,1232,n4,light
458932,1197,n4,light
458934,1170,n4,light
458936,1199,n4,light
458938,1190,n4,light
458940,1145,n4,light
458942,1117,n4,light
458944,1105,n4,light
458946,1100,n4,light
458948,1068,n4,light
458950,1067,n4,light
458952,1074,n4,light
458954,1052,n4,light
458956,1023,n4,light
458958,1009,n4,light
458960,1006,n4,light
458962,999,n4,light
458964,994,n4,light
458966,953,n4,light
458968,946,n4,light
458970,958,n4,light
458972,976,n4,light
458974,948,n4,light
458976,960,n4,light
458978,1011,n4,light
458980,1054,n4,light
458982,1014,n4,light
458984,1007,n4,light
458986,1007,n4,light
458988,1018,n4,light
458990,1034,n4,light
458992,1010,n4,light
458994,1070,n4,light
458996,1088,n4,light
458998,1071,n4,light
459000,1091,n4,light
459002,1121,n4,light
459004,1107,n4,light
459006,1138,n4,light
459008,1117,n4,light
459010,1136,n4,light
459012,1109,n4,light
459014,1100,n4,light
459016,1062,n4,light
459018,1070,n4,light
459020,1072,n4,light
459022,1042,n4,light
459024,1021,n4,light
459026,1045,n4,light
459028,1062,n4,light
459030,1069,n4,light
459032,1038,n4,light
459034,1058,n4,light
459036,1104,n4,light
459038,1111,n4,light
459040,1073,n4,light
459042,1071,n4,light
459044,1087,n4,light
459046,1119,n4,light
459048,1110,n4,light
459050,1104,n4,light
459052,1107,n4,light
459054,1131,n4,light
459056,1133,n4,light
459058,1133,n4,light
459060,1187,n4,light
459062,1234,n4,light
459064,1217,n4,light
459066,1263,n4,light
459068,1280,n4,light
459070,1283,n4,light
459072,1283,n4,light
459074,1255,n4,light
459076,1283,n4,light
459078,1304,n4,light
459080,1280,n4,light
459082,1247,n4,light
459084,1259,n4,light
459086,1265,n4,light
459088,1235,n4,light
459090,1200,n4,light
459092,1174,n4,light
459094,1185,n4,light
459096,1201,n4,light
459098,1179,n4,light
459100,1159,n4,light
459102,1200,n4,light
459104,1221,n4,light
459106,1189,n4,light
459108,1168,n4,light
459110,1183,n4,light
459112,1206,n4,light
459114,1204,n4,light
459116,1204,n4,light
459118,1211,n4,light
459120,1216,n4,light
459122,1192,n4,light
459124,1166,n4,light
459126,1153,n4,light
459128,1169,n4,light
459130,1171,n4,light
459132,1130,n4,light
459134,1117,n4,light
459136,1133,n4,light
459138,1167,n4,light
459140,1152,n4,light
459142,1120,n4,light
459144,1130,n4,light
459146,1131,n4,light
459148,1105,n4,light
459150,1079,n4,light
459152,1083,n4,light
459154,1076,n4,light
459156,1062,n4,light
459158,1049,n4,light
459160,1067,n4,light
459162,1074,n4,light
459164,1073,n4,light
459166,1050,n4,light
459168,1103,n4,light
459170,1130,n4,light
459172,1126,n4,light
459174,1099,n4,light
459176,1136,n4,light
459178,1168,n4,light
459180,1168,n4,light
459182,1116,n4,light
459184,1109,n4,light
459186,1136,n4,light
459188,1152,n4,light
459190,1118,n4,light
459192,1123,n4,light
459194,1138,n4,light
459196,1149,n4,light
459198,1122,n4,light
459200,1111,n4,light
459202,1126,n4,light
459204,1138,n4,light
459206,1119,n4,light
459208,1106,n4,light
459210,1136,n4,light
459212,1144,n4,light
459214,1136,n4,light
459216,1116,n4,light
459218,1136,n4,light
459220,1146,n4,light
459222,1136,n4,light
459224,1102,n4,light
459226,1123,n4,light
459228,1146,n4,light
459230,1143,n4,light
459232,1110,n4,light
459234,1126,n4,light
459236,1137,n4,light
459238,1106,n4,light
459240,1082,n4,light
459242,1067,n4,light
459244,1085,n4,light
459246,1087,n4,light
459248,1073,n4,light
459250,1057,n4,light
459252,1130,n4,light
459254,1168,n4,light
459256,1179,n4,light
459258,1156,n4,light
459260,1165,n4,light
459262,1171,n4,light
459264,1166,n4,light
459266,1136,n4,light
459268,1146,n4,light
459270,1144,n4,light
459272,1139,n4,light
459274,1125,n4,light
459276,1163,n4,light
459278,1178,n4,light
459280,1162,n4,light
459282,1135,n4,light
459284,1117,n4,light
459286,1135,n4,light
459288,1125,n4,light
459290,1093,n4,light
459292,1102,n4,light
459294,1123,n4,light
459296,1132,n4,light
459298,1116,n4,light
459300,1137,n4,light
459302,1159,n4,light
459304,1150,n4,light
459306,1119,n4,light
459308,1071,n4,light
459310,1073,n4,light
459312,1088,n4,light
459314,1094,n4,light
459316,1069,n4,light
459318,1099,n4,light
459320,1119,n4,light
459322,1126,n4,light
459324,1115,n4,light
459326,1159,n4,light
459328,1173,n4,light
459330,1142,n4,light
459332,1094,n4,light
459334,1058,n4,light
459336,1014,n4,light
459338,1020,n4,light
459340,1072,n4,light
459342,1050,n4,light
459344,1098,n4,light
459346,1131,n4,light
459348,1114,n4,light
459350,1088,n4,light
459352,1149,n4,light
459354,1213,n4,light
459356,1210,n4,light
459358,1203,n4,light
459360,1242,n4,light
459362,1259,n4,light
459364,1251,n4,light
459366,1217,n4,light
459368,1263,n4,light
459370,1301,n4,light
459372,1296,n4,light
459374,1260,n4,light
459376,1274,n4,light
459378,1299,n4,light
459380,1329,n4,light
459382,1296,n4,light
459384,1264,n4,light
459386,1325,n4,light
459388,1410,n4,light
459390,1382,n4,light
459392,1387,n4,light
459394,1404,n4,light
459396,1394,n4,light
459398,1360,n4,light
459400,1345,n4,light
459402,1333,n4,light
459404,1296,n4,light
459406,1253,n4,light
459408,1209,n4,light
459410,1264,n4,light
459412,1315,n4,light
459414,1315,n4,light
459416,1328,n4,light
459418,1361,n4,light
459420,1412,n4,light
459422,1423,n4,light
459424,1379,n4,light
459426,1401,n4,light
459428,1424,n4,light
459430,1438,n4,light
459432,1411,n4,light
459434,1369,n4,light
459436,1370,n4,light
459438,1443,n4,light
459440,1414,n4,light
459442,1391,n4,light
459444,1386,n4,light
459446,1380,n4,light
459448,1344,n4,light
459450,1341,n4,light
459452,1339,n4,light
459454,1328,n4,light
459456,1289,n4,light
459458,1296,n4,light
459460,1326,n4,light
459462,1325,n4,light
459464,1293,n4,light
459466,1265,n4,light
459468,1278,n4,light
459470,1279,n4,light
459472,1258,n4,light
459474,1232,n4,light
459476,1250,n4,light
459478,1270,n4,light
459480,1280,n4,light
459482,1262,n4,light
459484,1286,n4,light
459486,1297,n4,light
459488,1318,n4,light
459490,1280,n4,light
459492,1283,n4,light
459494,1299,n4,light
459496,1312,n4,light
459498,1277,n4,light
459500,1264,n4,light
459502,1277,n4,light
459504,1259,n4,light
459506,1214,n4,light
459508,1208,n4,light
459510,1232,n4,light
459512,1211,n4,light
459514,1173,n4,light
459516,1167,n4,light
459518,1168,n4,light
459520,1175,n4,light
459522,1199,n4,light
459524,1168,n4,light
459526,1185,n4,light
459528,1207,n4,light
459530,1207,n4,light
459532,1185,n4,light
459534,1226,n4,light
459536,1237,n4,light
459538,1200,n4,light
459540,1186,n4,light
459542,1232,n4,light
459544,1221,n4,light
459546,1183,n4,light
459548,1136,n4,light
459550,1135,n4,light
459552,1151,n4,light
459554,1136,n4,light
459556,1103,n4,light
459558,1104,n4,light
459560,1136,n4,light
459562,1170,n4,light
459564,1190,n4,light
459566,1158,n4,light
459568,1183,n4,light
459570,1265,n4,light
459572,1279,n4,light
459574,1234,n4,light
459576,1259,n4,light
459578,1261,n4,light
459580,1276,n4,light
459582,1232,n4,light
459584,1235,n4,light
459586,1232,n4,light
459588,1207,n4,light
459590,1165,n4,light
459592,1146,n4,light
459594,1157,n4,light
459596,1131,n4,light
459598,1088,n4,light
459600,1072,n4,light
459602,1079,n4,light
459604,1097,n4,light
459606,1082,n4,light
459608,1081,n4,light
459610,1105,n4,light
459612,1098,n4,light
459614,1079,n4,light
459616,1040,n4,light
459618,1040,n4,light
459620,1006,n4,light
459622,959,n4,light
459624,927,n4,light
459626,964,n4,light
459628,965,n4,light
459630,943,n4,light
459632,934,n4,light
459634,966,n4,light
459636,995,n4,light
459638,997,n4,light
459640,976,n4,light
459642,1022,n4,light
459644,1070,n4,light
459646,1126,n4,light
459648,1137,n4,light
459650,1149,n4,light
459652,1263,n4,light
459654,1283,n4,light
459656,1250,n4,light
459658,1246,n4,light
459660,1258,n4,light
459662,1303,n4,light
459664,1280,n4,light
459666,1312,n4,light
459668,1392,n4,light
459670,1423,n4,light
459672,1403,n4,light
459674,1374,n4,light
459676,1405,n4,light
459678,1468,n4,light
459680,1439,n4,light
459682,1399,n4,light
459684,1376,n4,light
459686,1333,n4,light
459688,1325,n4,light
459690,1281,n4,light
459692,1293,n4,light
459694,1321,n4,light
459696,1319,n4,light
459698,1300,n4,light
459700,1261,n4,light
459702,1283,n4,light
459704,1296,n4,light
459706,1266,n4,light
459708,1259,n4,light
459710,1290,n4,light
459712,1278,n4,light
459714,1263,n4,light
459716,1243,n4,light
459718,1239,n4,light
459720,1299,n4,light
459722,1342,n4,light
459724,1296,n4,light
459726,1345,n4,light
459728,1392,n4,light
459730,1370,n4,light
459732,1349,n4,light
459734,1393,n4,light
459736,1414,n4,light
459738,1341,n4,light
459740,1318,n4,light
459742,1303,n4,light
459744,1293,n4,light
459746,1334,n4,light
459748,1339,n4,light
459750,1297,n4,light
459752,1393,n4,light
459754,1478,n4,light
459756,1455,n4,light
459758,1431,n4,light
459760,1495,n4,light
459762,1525,n4,light
459764,1493,n4,light
459766,1488,n4,light
459768,1525,n4,light
459770,1560,n4,light
459772,1535,n4,light
459774,1492,n4,light
459776,1508,n4,light
459778,1535,n4,light
459780,1535,n4,light
459782,1494,n4,light
459784,1499,n4,light
459786,1505,n4,light
459788,1523,n4,light
459790,1485,n4,light
459792,1482,n4,light
459794,1535,n4,light
459796,1586,n4,light
459798,1586,n4,light
459800,1584,n4,light
459802,1623,n4,light
459804,1675,n4,light
459806,1680,n4,light
459808,1651,n4,light
459810,1635,n4,light
459812,1648,n4,light
459814,1620,n4,light
459816,1588,n4,light
459818,1585,n4,light
459820,1559,n4,light
459822,1522,n4,light
459824,1498,n4,light
459826,1523,n4,light
459828,1535,n4,light
459830,1534,n4,light
459832,1487,n4,light
459834,1505,n4,light
459836,1535,n4,light
459838,1535,n4,light
459840,1493,n4,light
459842,1487,n4,light
459844,1489,n4,light
459846,1477,n4,light
459848,1440,n4,light
459850,1422,n4,light
459852,1424,n4,light
459854,1397,n4,light
459856,1356,n4,light
459858,1371,n4,light
459860,1375,n4,light
459862,1324,n4,light
459864,1265,n4,light
459866,1241,n4,light
459868,1254,n4,light
459870,1271,n4,light
459872,1282,n4,light
459874,1263,n4,light
459876,1275,n4,light
459878,1297,n4,light
459880,1322,n4,light
459882,1283,n4,light
459884,1243,n4,light
459886,1215,n4,light
459888,1254,n4,light
459890,1228,n4,light
459892,1168,n4,light
459894,1169,n4,light
459896,1168,n4,light
459898,1136,n4,light
459900,1130,n4,light
459902,1141,n4,light
459904,1129,n4,light
459906,1092,n4,light
459908,1093,n4,light
459910,1149,n4,light
459912,1190,n4,light
459914,1193,n4,light
459916,1296,n4,light
459918,1360,n4,light
459920,1347,n4,light
459922,1314,n4,light
459924,1295,n4,light
459926,1296,n4,light
459928,1317,n4,light
459930,1296,n4,light
459932,1263,n4,light
459934,1213,n4,light
459936,1211,n4,light
459938,1276,n4,light
459940,1275,n4,light
459942,1296,n4,light
459944,1333,n4,light
459946,1344,n4,light
459948,1298,n4,light
459950,1271,n4,light
459952,1305,n4,light
459954,1330,n4,light
459956,1296,n4,light
459958,1296,n4,light
459960,1339,n4,light
459962,1367,n4,light
459964,1345,n4,light
459966,1344,n4,light
459968,1415,n4,light
459970,1429,n4,light
459972,1413,n4,light
459974,1357,n4,light
459976,1355,n4,light
459978,1355,n4,light
459980,1333,n4,light
459982,1282,n4,light
459984,1254,n4,light
459986,1247,n4,light
459988,1233,n4,light
459990,1200,n4,light
459992,1225,n4,light
459994,1243,n4,light
459996,1213,n4,light
459998,1184,n4,light
460000,1178,n4,light
460002,1179,n4,light
460004,1159,n4,light
460006,1135,n4,light
460008,1104,n4,light
460010,1089,n4,light
460012,1057,n4,light
460014,1040,n4,light
460016,996,n4,light
460018,995,n4,light
460020,1005,n4,light
460022,1005,n4,light
460024,990,n4,light
460026,1039,n4,light
460028,1070,n4,light
460030,1094,n4,light
460032,1065,n4,light
460034,1079,n4,light
460036,1105,n4,light
460038,1110,n4,light
460040,1086,n4,light
460042,1071,n4,light
460044,1062,n4,light
460046,1054,n4,light
460048,1023,n4,light
460050,1047,n4,light
460052,1110,n4,light
460054,1121,n4,light
460056,1112,n4,light
460058,1154,n4,light
460060,1179,n4,light
460062,1158,n4,light
460064,1134,n4,light
460066,1103,n4,light
460068,1077,n4,light
460070,1090,n4,light
460072,1142,n4,light
460074,1110,n4,light
460076,1111,n4,light
460078,1138,n4,light
460080,1156,n4,light
460082,1138,n4,light
460084,1173,n4,light
460086,1187,n4,light
460088,1158,n4,light
460090,1130,n4,light
460092,1136,n4,light
460094,1200,n4,light
460096,1264,n4,light
460098,1247,n4,light
460100,1297,n4,light
460102,1370,n4,light
460104,1402,n4,light
460106,1365,n4,light
460108,1401,n4,light
460110,1438,n4,light
460112,1403,n4,light
460114,1360,n4,light
460116,1361,n4,light
460118,1387,n4,light
460120,1391,n4,light
460122,1371,n4,light
460124,1361,n4,light
460126,1379,n4,light
460128,1345,n4,light
460130,1329,n4,light
460132,1286,n4,light
460134,1280,n4,light
460136,1295,n4,light
460138,1294,n4,light
460140,1264,n4,light
460142,1297,n4,light
460144,1347,n4,light
460146,1344,n4,light
460148,1314,n4,light
460150,1330,n4,light
460152,1373,n4,light
460154,1425,n4,light
460156,1415,n4,light
460158,1419,n4,light
460160,1457,n4,light
460162,1474,n4,light
460164,1451,n4,light
460166,1430,n4,light
460168,1425,n4,light
460170,1425,n4,light
460172,1428,n4,light
460174,1388,n4,light
460176,1387,n4,light
460178,1407,n4,light
460180,1379,n4,light
460182,1337,n4,light
460184,1311,n4,light
460186,1316,n4,light
460188,1294,n4,light
460190,1267,n4,light
460192,1283,n4,light
460194,1310,n4,light
460196,1304,n4,light
460198,1245,n4,light
460200,1219,n4,light
460202,1203,n4,light
460204,1213,n4,light
460206,1188,n4,light
460208,1130,n4,light
460210,1162,n4,light
460212,1214,n4,light
460214,1232,n4,light
460216,1209,n4,light
460218,1243,n4,light
460220,1278,n4,light
460222,1306,n4,light
460224,1285,n4,light
460226,1308,n4,light
460228,1311,n4,light
460230,1297,n4,light
460232,1294,n4,light
460234,1328,n4,light
460236,1359,n4,light
460238,1347,n4,light
460240,1307,n4,light
460242,1338,n4,light
460244,1387,n4,light
460246,1382,n4,light
460248,1342,n4,light
460250,1317,n4,light
460252,1287,n4,light
460254,1234,n4,light
460256,1203,n4,light
460258,1171,n4,light
460260,1161,n4,light
460262,1125,n4,light
460264,1081,n4,light
460266,1050,n4,light
460268,1011,n4,light
460270,1095,n4,light
460272,1071,n4,light
460274,1043,n4,light
460276,1082,n4,light
460278,1146,n4,light
460280,1165,n4,light
460282,1172,n4,light
460284,1193,n4,light
460286,1201,n4,light
460288,1232,n4,light
460290,1200,n4,light
460292,1231,n4,light
460294,1263,n4,light
460296,1258,n4,light
460298,1207,n4,light
460300,1175,n4,light
460302,1198,n4,light
460304,1200,n4,light
460306,1170,n4,light
460308,1157,n4,light
460310,1159,n4,light
460312,1151,n4,light
460314,1144,n4,light
460316,1104,n4,light
460318,1118,n4,light
460320,1122,n4,light
460322,1154,n4,light
460324,1136,n4,light
460326,1147,n4,light
460328,1126,n4,light
460330,1127,n4,light
460332,1104,n4,light
460334,1105,n4,light
460336,1121,n4,light
460338,1134,n4,light
460340,1117,n4,light
460342,1127,n4,light
460344,1121,n4,light
460346,1133,n4,light
460348,1117,n4,light
460350,1083,n4,light
460352,1152,n4,light
460354,1200,n4,light
460356,1173,n4,light
460358,1181,n4,light
460360,1271,n4,light
460362,1350,n4,light
460364,1335,n4,light
460366,1392,n4,light
460368,1441,n4,light
460370,1427,n4,light
460372,1434,n4,light
460374,1408,n4,light
460376,1441,n4,light
460378,1471,n4,light
460380,1456,n4,light
460382,1460,n4,light
460384,1508,n4,light
460386,1519,n4,light
460388,1495,n4,light
460390,1467,n4,light
460392,1466,n4,light
460394,1467,n4,light
460396,1463,n4,light
460398,1424,n4,light
460400,1383,n4,light
460402,1346,n4,light
460404,1307,n4,light
460406,1309,n4,light
460408,1276,n4,light
460410,1255,n4,light
460412,1242,n4,light
460414,1221,n4,light
460416,1218,n4,light
460418,1232,n4,light
460420,1231,n4,light
460422,1203,n4,light
460424,1174,n4,light
460426,1198,n4,light
460428,1213,n4,light
460430,1197,n4,light
460432,1156,n4,light
460434,1152,n4,light
460436,1174,n4,light
460438,1170,n4,light
460440,1136,n4,light
460442,1152,n4,light
460444,1183,n4,light
460446,1184,n4,light
460448,1152,n4,light
460450,1147,n4,light
460452,1169,n4,light
460454,1185,n4,light
460456,1158,n4,light
460458,1155,n4,light
460460,1181,n4,light
460462,1187,n4,light
460464,1172,n4,light
460466,1138,n4,light
460468,1137,n4,light
460470,1151,n4,light
460472,1166,n4,light
460474,1123,n4,light
460476,1133,n4,light
460478,1141,n4,light
460480,1139,n4,light
460482,1100,n4,light
460484,1089,n4,light
460486,1114,n4,light
460488,1074,n4,light
460490,1086,n4,light
460492,1077,n4,light
460494,1119,n4,light
460496,1108,n4,light
460498,1117,n4,light
460500,1130,n4,light
460502,1168,n4,light
460504,1180,n4,light
460506,1149,n4,light
460508,1132,n4,light
460510,1131,n4,light
460512,1166,n4,light
460514,1168,n4,light
460516,1147,n4,light
460518,1200,n4,light
460520,1246,n4,light
460522,1213,n4,light
460524,1206,n4,light
460526,1265,n4,light
460528,1280,n4,light
460530,1229,n4,light
460532,1220,n4,light
460534,1258,n4,light
460536,1252,n4,light
460538,1199,n4,light
460540,1197,n4,light
460542,1191,n4,light
460544,1145,n4,light
460546,1120,n4,light
460548,1095,n4,light
460550,1079,n4,light
460552,1054,n4,light
460554,1034,n4,light
460556,1001,n4,light
460558,995,n4,light
460560,1006,n4,light
460562,1065,n4,light
460564,1088,n4,light
460566,1072,n4,light
460568,1131,n4,light
460570,1168,n4,light
460572,1201,n4,light
460574,1193,n4,light
460576,1205,n4,light
460578,1186,n4,light
460580,1137,n4,light
460582,1131,n4,light
460584,1143,n4,light
460586,1150,n4,light
460588,1128,n4,light
460590,1122,n4,light
460592,1197,n4,light
460594,1222,n4,light
460596,1178,n4,light
460598,1150,n4,light
460600,1165,n4,light
460602,1184,n4,light
460604,1167,n4,light
460606,1137,n4,light
460608,1182,n4,light
460610,1226,n4,light
460612,1203,n4,light
460614,1175,n4,light
460616,1193,n4,light
460618,1152,n4,light
460620,1110,n4,light
460622,1082,n4,light
460624,1050,n4,light
460626,1023,n4,light
460628,986,n4,light
460630,995,n4,light
460632,973,n4,light
460634,982,n4,light
460636,1015,n4,light
460638,1065,n4,light
460640,1037,n4,light
460642,1056,n4,light
460644,1085,n4,light
460646,1060,n4,light
460648,1019,n4,light
460650,994,n4,light
460652,997,n4,light
460654,1033,n4,light
460656,1015,n4,light
460658,1018,n4,light
460660,1042,n4,light
460662,1072,n4,light
460664,1072,n4,light
460666,1078,n4,light
460668,1105,n4,light
460670,1097,n4,light
460672,1071,n4,light
460674,1065,n4,light
460676,1123,n4,light
460678,1094,n4,light
460680,1072,n4,light
460682,1072,n4,light
460684,1104,n4,light
460686,1102,n4,light
460688,1072,n4,light
460690,1023,n4,light
460692,997,n4,light
460694,1040,n4,light
460696,1042,n4,light
460698,1013,n4,light
460700,1034,n4,light
460702,1047,n4,light
460704,1014,n4,light
460706,981,n4,light
460708,976,n4,light
460710,966,n4,light
460712,959,n4,light
460714,943,n4,light
460716,944,n4,light
460718,981,n4,light
460720,1001,n4,light
460722,987,n4,light
460724,971,n4,light
460726,1009,n4,light
460728,1051,n4,light
460730,1054,n4,light
460732,1022,n4,light
460734,1037,n4,light
460736,1040,n4,light
460738,1065,n4,light
460740,1039,n4,light
460742,1030,n4,light
460744,1049,n4,light
460746,1056,n4,light
460748,1035,n4,light
460750,1036,n4,light
460752,1057,n4,light
460754,1067,n4,light
460756,1042,n4,light
460758,1065,n4,light
460760,1089,n4,light
460762,1087,n4,light
460764,1056,n4,light
460766,1049,n4,light
460768,1054,n4,light
460770,1053,n4,light
460772,1034,n4,light
460774,1033,n4,light
460776,1069,n4,light
460778,1118,n4,light
460780,1088,n4,light
460782,1089,n4,light
470026,967,n4,light
470028,1950,n4,light
470030,2687,n4,light
470032,3359,n4,light
470034,3688,n4,light
470036,3687,n4,light
470038,3687,n4,light
470040,3684,n4,light
470042,3687,n4,light
470044,3684,n4,light
470046,3683,n4,light
470048,3690,n4,light
470050,3683,n4,light
470052,3687,n4,light
470054,3562,n4,light
470056,3489,n4,light
470058,3365,n4,light
470060,3262,n4,light
470062,3087,n4,light
470064,2918,n4,light
470066,2807,n4,light
470068,2718,n4,light
470070,2617,n4,light
470072,2547,n4,light
470074,2512,n4,light
470076,2453,n4,light
470078,2367,n4,light
470080,2295,n4,light
470082,2265,n4,light
470084,2225,n4,light
470086,2143,n4,light
470088,2091,n4,light
470090,2047,n4,light
470092,2017,n4,light
470094,1965,n4,light
470096,1913,n4,light
470098,1872,n4,light
470100,1808,n4,light
470102,1744,n4,light
470104,1693,n4,light
470106,1664,n4,light
470108,1648,n4,light
470110,1611,n4,light
470112,1566,n4,light
470114,1565,n4,light
470116,1533,n4,light
470118,1475,n4,light
470120,1467,n4,light
470122,1450,n4,light
470124,1422,n4,light
470126,1406,n4,light
470128,1387,n4,light
470130,1369,n4,light
470132,1427,n4,light
470134,1482,n4,light
470136,1494,n4,light
470138,1469,n4,light
470140,1521,n4,light
470142,1575,n4,light
470144,1535,n4,light
470146,1531,n4,light
470148,1535,n4,light
470150,1562,n4,light
470152,1535,n4,light
470154,1498,n4,light
470156,1504,n4,light
470158,1491,n4,light
470160,1470,n4,light
470162,1425,n4,light
470164,1437,n4,light
470166,1450,n4,light
470168,1422,n4,light
470170,1375,n4,light
470172,1391,n4,light
470174,1422,n4,light
470176,1431,n4,light
470178,1392,n4,light
470180,1383,n4,light
470182,1395,n4,light
470184,1399,n4,light
470186,1371,n4,light
470188,1370,n4,light
470190,1383,n4,light
470192,1382,n4,light
470194,1342,n4,light
470196,1333,n4,light
470198,1345,n4,light
470200,1344,n4,light
470202,1328,n4,light
470204,1280,n4,light
470206,1315,n4,light
470208,1402,n4,light
470210,1454,n4,light
470212,1424,n4,light
470214,1467,n4,light
470216,1535,n4,light
470218,1567,n4,light
470220,1519,n4,light
470222,1530,n4,light
470224,1535,n4,light
470226,1513,n4,light
470228,1463,n4,light
470230,1460,n4,light
470232,1488,n4,light
470234,1490,n4,light
470236,1455,n4,light
470238,1474,n4,light
470240,1523,n4,light
470242,1498,n4,light
470244,1451,n4,light
470246,1444,n4,light
470248,1453,n4,light
470250,1454,n4,light
470252,1431,n4,light
470254,1379,n4,light
470256,1389,n4,light
470258,1424,n4,light
470260,1438,n4,light
470262,1387,n4,light
470264,1423,n4,light
470266,1463,n4,light
470268,1443,n4,light
470270,1399,n4,light
470272,1407,n4,light
470274,1438,n4,light
470276,1407,n4,light
470278,1369,n4,light
470280,1399,n4,light
470282,1424,n4,light
470284,1427,n4,light
470286,1387,n4,light
470288,1413,n4,light
470290,1459,n4,light
470292,1449,n4,light
470294,1404,n4,light
470296,1373,n4,light
470298,1393,n4,light
470300,1409,n4,light
470302,1375,n4,light
470304,1356,n4,light
470306,1350,n4,light
470308,1339,n4,light
470310,1323,n4,light
470312,1275,n4,light
470314,1248,n4,light
470316,1264,n4,light
470318,1263,n4,light
470320,1221,n4,light
470322,1210,n4,light
470324,1205,n4,light
470326,1163,n4,light
470328,1120,n4,light
470330,1093,n4,light
470332,1090,n4,light
470334,1098,n4,light
470336,1062,n4,light
470338,1073,n4,light
470340,1177,n4,light
470342,1235,n4,light
470344,1234,n4,light
470346,1315,n4,light
470348,1448,n4,light
470350,1489,n4,light
470352,1456,n4,light
470354,1488,n4,light
470356,1527,n4,light
470358,1535,n4,light
470360,1520,n4,light
470362,1477,n4,light
470364,1486,n4,light
470366,1503,n4,light
470368,1503,n4,light
470370,1456,n4,light
470372,1447,n4,light
470374,1451,n4,light
470376,1460,n4,light
470378,1419,n4,light
470380,1377,n4,light
470382,1407,n4,light
470384,1424,n4,light
470386,1391,n4,light
470388,1390,n4,light
470390,1421,n4,light
470392,1396,n4,light
470394,1357,n4,light
470396,1364,n4,light
470398,1342,n4,light
470400,1328,n4,light
470402,1309,n4,light
470404,1281,n4,light
470406,1307,n4,light
470408,1329,n4,light
470410,1334,n4,light
470412,1289,n4,light
470414,1283,n4,light
470416,1306,n4,light
470418,1267,n4,light
470420,1259,n4,light
470422,1245,n4,light
470424,1204,n4,light
470426,1158,n4,light
470428,1136,n4,light
470430,1148,n4,light
470432,1156,n4,light
470434,1136,n4,light
470436,1099,n4,light
470438,1150,n4,light
470440,1235,n4,light
470442,1281,n4,light
470444,1257,n4,light
470446,1290,n4,light
470448,1363,n4,light
470450,1417,n4,light
470452,1430,n4,light
470454,1395,n4,light
470456,1424,n4,light
470458,1409,n4,light
470460,1377,n4,light
470462,1331,n4,light
470464,1319,n4,light
470466,1295,n4,light
470468,1269,n4,light
470470,1246,n4,light
470472,1264,n4,light
470474,1292,n4,light
470476,1357,n4,light
470478,1344,n4,light
470480,1367,n4,light
470482,1499,n4,light
470484,1583,n4,light
470486,1535,n4,light
470488,1561,n4,light
470490,1581,n4,light
470492,1567,n4,light
470494,1534,n4,light
470496,1489,n4,light
470498,1503,n4,light
470500,1533,n4,light
470502,1523,n4,light
470504,1474,n4,light
470506,1473,n4,light
470508,1483,n4,light
470510,1483,n4,light
470512,1430,n4,light
470514,1399,n4,light
470516,1399,n4,light
470518,1408,n4,light
470520,1350,n4,light
470522,1346,n4,light
470524,1375,n4,light
470526,1392,n4,light
470528,1359,n4,light
470530,1345,n4,light
470532,1375,n4,light
470534,1343,n4,light
470536,1301,n4,light
470538,1265,n4,light
470540,1275,n4,light
470542,1273,n4,light
470544,1242,n4,light
470546,1232,n4,light
470548,1242,n4,light
470550,1238,n4,light
470552,1211,n4,light
470554,1205,n4,light
470556,1216,n4,light
470558,1259,n4,light
470560,1310,n4,light
470562,1292,n4,light
470564,1363,n4,light
470566,1427,n4,light
470568,1431,n4,light
470570,1405,n4,light
470572,1433,n4,light
470574,1457,n4,light
470576,1463,n4,light
470578,1426,n4,light
470580,1461,n4,light
470582,1490,n4,light
470584,1458,n4,light
470586,1410,n4,light
470588,1399,n4,light
470590,1398,n4,light
470592,1382,n4,light
470594,1335,n4,light
470596,1329,n4,light
470598,1333,n4,light
470600,1313,n4,light
470602,1279,n4,light
470604,1283,n4,light
470606,1325,n4,light
470608,1334,n4,light
470610,1291,n4,light
470612,1291,n4,light
470614,1256,n4,light
470616,1232,n4,light
470618,1259,n4,light
470620,1219,n4,light
470622,1214,n4,light
470624,1216,n4,light
470626,1230,n4,light
470628,1197,n4,light
470630,1174,n4,light
470632,1190,n4,light
470634,1209,n4,light
470636,1183,n4,light
470638,1181,n4,light
470640,1191,n4,light
470642,1198,n4,light
470644,1168,n4,light
470646,1147,n4,light
470648,1149,n4,light
470650,1152,n4,light
470652,1179,n4,light
470654,1168,n4,light
470656,1233,n4,light
470658,1269,n4,light
470660,1262,n4,light
470662,1303,n4,light
470664,1319,n4,light
470666,1277,n4,light
470668,1222,n4,light
470670,1209,n4,light
470672,1205,n4,light
470674,1200,n4,light
470676,1149,n4,light
470678,1105,n4,light
470680,1083,n4,light
470682,1074,n4,light
470684,1083,n4,light
470686,1051,n4,light
470688,1040,n4,light
470690,1070,n4,light
470692,1089,n4,light
470694,1086,n4,light
470696,1054,n4,light
470698,1065,n4,light
470700,1116,n4,light
470702,1135,n4,light
470704,1105,n4,light
470706,1137,n4,light
470708,1179,n4,light
470710,1200,n4,light
470712,1226,n4,light
470714,1250,n4,light
470716,1266,n4,light
470718,1296,n4,light
470720,1267,n4,light
470722,1285,n4,light
470724,1279,n4,light
470726,1272,n4,light
470728,1228,n4,light
470730,1199,n4,light
470732,1193,n4,light
470734,1227,n4,light
470736,1203,n4,light
470738,1204,n4,light
470740,1225,n4,light
470742,1225,n4,light
470744,1197,n4,light
470746,1181,n4,light
470748,1200,n4,light
470750,1200,n4,light
470752,1168,n4,light
470754,1200,n4,light
470756,1244,n4,light
470758,1232,n4,light
470760,1200,n4,light
470762,1189,n4,light
470764,1216,n4,light
470766,1218,n4,light
470768,1217,n4,light
470770,1182,n4,light
470772,1187,n4,light
470774,1219,n4,light
470776,1233,n4,light
470778,1203,n4,light
470780,1223,n4,light
470782,1229,n4,light
470784,1223,n4,light
470786,1186,n4,light
470788,1179,n4,light
470790,1157,n4,light
470792,1152,n4,light
470794,1145,n4,light
470796,1123,n4,light
470798,1181,n4,light
470800,1235,n4,light
470802,1191,n4,light
470804,1181,n4,light
470806,1157,n4,light
470808,1107,n4,light
470810,1085,n4,light
470812,1046,n4,light
470814,1037,n4,light
470816,1008,n4,light
470818,976,n4,light
470820,1006,n4,light
470822,1043,n4,light
470824,1067,n4,light
470826,1063,n4,light
470828,1051,n4,light
470830,1018,n4,light
470832,1078,n4,light
470834,1110,n4,light
470836,1083,n4,light
470838,1059,n4,light
470840,1079,n4,light
470842,1075,n4,light
470844,1046,n4,light
470846,1059,n4,light
470848,1072,n4,light
470850,1061,n4,light
470852,1045,n4,light
470854,1039,n4,light
470856,1088,n4,light
470858,1089,n4,light
470860,1095,n4,light
470862,1069,n4,light
470864,1063,n4,light
470866,1082,n4,light
470868,1089,n4,light
470870,1057,n4,light
470872,1083,n4,light
470874,1114,n4,light
470876,1136,n4,light
470878,1155,n4,light
470880,1195,n4,light
470882,1201,n4,light
470884,1206,n4,light
470886,1184,n4,light
470888,1223,n4,light
470890,1264,n4,light
470892,1262,n4,light
470894,1231,n4,light
470896,1242,n4,light
470898,1261,n4,light
470900,1260,n4,light
470902,1254,n4,light
470904,1232,n4,light
470906,1262,n4,light
470908,1273,n4,light
470910,1263,n4,light
470912,1262,n4,light
470914,1282,n4,light
470916,1250,n4,light
470918,1223,n4,light
470920,1201,n4,light
470922,1201,n4,light
470924,1200,n4,light
470926,1221,n4,light
470928,1187,n4,light
470930,1195,n4,light
470932,1279,n4,light
470934,1335,n4,light
470936,1315,n4,light
470938,1360,n4,light
470940,1375,n4,light
470942,1341,n4,light
470944,1286,n4,light
470946,1254,n4,light
470948,1259,n4,light
470950,1293,n4,light
470952,1270,n4,light
470954,1311,n4,light
470956,1378,n4,light
470958,1360,n4,light
470960,1337,n4,light
470962,1364,n4,light
470964,1367,n4,light
470966,1349,n4,light
470968,1315,n4,light
470970,1289,n4,light
470972,1313,n4,light
470974,1354,n4,light
470976,1311,n4,light
470978,1265,n4,light
470980,1286,n4,light
470982,1299,n4,light
470984,1284,n4,light
470986,1246,n4,light
470988,1232,n4,light
470990,1238,n4,light
470992,1243,n4,light
470994,1217,n4,light
470996,1165,n4,light
470998,1115,n4,light
471000,1119,n4,light
471002,1133,n4,light
471004,1095,n4,light
471006,1127,n4,light
471008,1135,n4,light
471010,1088,n4,light
471012,1089,n4,light
471014,1105,n4,light
471016,1085,n4,light
471018,1056,n4,light
471020,1091,n4,light
471022,1116,n4,light
471024,1079,n4,light
471026,1043,n4,light
471028,1034,n4,light
471030,1074,n4,light
471032,1127,n4,light
471034,1106,n4,light
471036,1085,n4,light
471038,1125,n4,light
471040,1168,n4,light
471042,1131,n4,light
471044,1091,n4,light
471046,1082,n4,light
471048,1097,n4,light
471050,1104,n4,light
471052,1082,n4,light
471054,1061,n4,light
471056,1094,n4,light
471058,1127,n4,light
471060,1150,n4,light
471062,1127,n4,light
471064,1163,n4,light
471066,1191,n4,light
471068,1249,n4,light
471070,1220,n4,light
471072,1311,n4,light
471074,1389,n4,light
471076,1363,n4,light
471078,1407,n4,light
471080,1452,n4,light
471082,1445,n4,light
471084,1420,n4,light
471086,1361,n4,light
471088,1346,n4,light
471090,1365,n4,light
471092,1401,n4,light
471094,1391,n4,light
471096,1360,n4,light
471098,1390,n4,light
471100,1403,n4,light
471102,1360,n4,light
471104,1313,n4,light
471106,1272,n4,light
471108,1275,n4,light
471110,1269,n4,light
471112,1235,n4,light
471114,1264,n4,light
471116,1312,n4,light
471118,1294,n4,light
471120,1296,n4,light
471122,1343,n4,light
471124,1362,n4,light
471126,1328,n4,light
471128,1289,n4,light
471130,1287,n4,light
471132,1297,n4,light
471134,1307,n4,light
471136,1274,n4,light
471138,1291,n4,light
471140,1327,n4,light
471142,1314,n4,light
471144,1274,n4,light
471146,1267,n4,light
471148,1281,n4,light
471150,1275,n4,light
471152,1242,n4,light
471154,1281,n4,light
471156,1340,n4,light
471158,1383,n4,light
471160,1356,n4,light
471162,1392,n4,light
471164,1468,n4,light
471166,1488,n4,light
471168,1466,n4,light
471170,1425,n4,light
471172,1456,n4,light
471174,1482,n4,light
471176,1479,n4,light
471178,1439,n4,light
471180,1438,n4,light
471182,1461,n4,light
471184,1490,n4,light
471186,1456,n4,light
471188,1426,n4,light
471190,1449,n4,light
471192,1475,n4,light
471194,1459,n4,light
471196,1437,n4,light
471198,1456,n4,light
471200,1468,n4,light
471202,1443,n4,light
471204,1471,n4,light
471206,1493,n4,light
471208,1462,n4,light
471210,1419,n4,light
471212,1435,n4,light
471214,1433,n4,light
471216,1405,n4,light
471218,1389,n4,light
471220,1344,n4,light
471222,1348,n4,light
471224,1374,n4,light
471226,1356,n4,light
471228,1312,n4,light
471230,1297,n4,light
471232,1301,n4,light
471234,1286,n4,light
471236,1242,n4,light
471238,1245,n4,light
471240,1280,n4,light
471242,1313,n4,light
471244,1334,n4,light
471246,1335,n4,light
471248,1422,n4,light
471250,1483,n4,light
471252,1499,n4,light
471254,1506,n4,light
471256,1564,n4,light
471258,1520,n4,light
471260,1472,n4,light
471262,1441,n4,light
471264,1424,n4,light
471266,1427,n4,light
471268,1423,n4,light
471270,1371,n4,light
471272,1374,n4,light
471274,1371,n4,light
471276,1351,n4,light
471278,1297,n4,light
471280,1263,n4,light
471282,1233,n4,light
471284,1214,n4,light
471286,1206,n4,light
471288,1187,n4,light
471290,1207,n4,light
471292,1216,n4,light
471294,1179,n4,light
471296,1186,n4,light
471298,1189,n4,light
471300,1142,n4,light
471302,1132,n4,light
471304,1152,n4,light
471306,1167,n4,light
471308,1132,n4,light
471310,1091,n4,light
471312,1084,n4,light
471314,1101,n4,light
471316,1059,n4,light
471318,1062,n4,light
471320,1015,n4,light
471322,1006,n4,light
471324,1013,n4,light
471326,1020,n4,light
471328,1005,n4,light
471330,1033,n4,light
471332,1051,n4,light
471334,1054,n4,light
471336,1040,n4,light
471338,1101,n4,light
471340,1179,n4,light
471342,1167,n4,light
471344,1169,n4,light
471346,1229,n4,light
471348,1295,n4,light
471350,1297,n4,light
471352,1264,n4,light
471354,1296,n4,light
471356,1332,n4,light
471358,1355,n4,light
471360,1338,n4,light
471362,1296,n4,light
471364,1305,n4,light
471366,1306,n4,light
471368,1308,n4,light
471370,1267,n4,light
471372,1239,n4,light
471374,1233,n4,light
471376,1221,n4,light
471378,1177,n4,light
471380,1195,n4,light
471382,1214,n4,light
471384,1200,n4,light
471386,1162,n4,light
471388,1168,n4,light
471390,1207,n4,light
471392,1244,n4,light
471394,1236,n4,light
471396,1203,n4,light
471398,1268,n4,light
471400,1313,n4,light
471402,1294,n4,light
471404,1296,n4,light
471406,1307,n4,light
471408,1286,n4,light
471410,1264,n4,light
471412,1216,n4,light
471414,1223,n4,light
471416,1226,n4,light
471418,1198,n4,light
471420,1150,n4,light
471422,1147,n4,light
471424,1169,n4,light
471426,1161,n4,light
471428,1138,n4,light
471430,1148,n4,light
471432,1181,n4,light
471434,1163,n4,light
471436,1150,n4,light
471438,1168,n4,light
471440,1149,n4,light
471442,1109,n4,light
471444,1075,n4,light
471446,1045,n4,light
471448,1022,n4,light
471450,1013,n4,light
471452,1011,n4,light
471454,986,n4,light
471456,1008,n4,light
471458,1040,n4,light
471460,1040,n4,light
471462,1004,n4,light
471464,997,n4,light
471466,961,n4,light
471468,943,n4,light
471470,899,n4,light
471472,880,n4,light
471474,896,n4,light
471476,898,n4,light
471478,879,n4,light
471480,916,n4,light
471482,979,n4,light
471484,985,n4,light
471486,959,n4,light
471488,976,n4,light
471490,1039,n4,light
471492,1091,n4,light
471494,1083,n4,light
471496,1077,n4,light
471498,1091,n4,light
471500,1079,n4,light
471502,1088,n4,light
471504,1056,n4,light
471506,1056,n4,light
471508,1063,n4,light
471510,1034,n4,light
471512,982,n4,light
471514,1017,n4,light
471516,1072,n4,light
471518,1082,n4,light
471520,1045,n4,light
471522,1070,n4,light
471524,1104,n4,light
471526,1099,n4,light
471528,1055,n4,light
471530,1052,n4,light
471532,1081,n4,light
471534,1091,n4,light
471536,1075,n4,light
471538,1138,n4,light
471540,1189,n4,light
471542,1162,n4,light
471544,1136,n4,light
471546,1157,n4,light
471548,1140,n4,light
471550,1101,n4,light
471552,1063,n4,light
471554,1023,n4,light
471556,1003,n4,light
471558,1037,n4,light
471560,1040,n4,light
471562,1043,n4,light
471564,1090,n4,light
471566,1122,n4,light
471568,1104,n4,light
471570,1079,n4,light
471572,1104,n4,light
471574,1118,n4,light
471576,1111,n4,light
471578,1077,n4,light
471580,1061,n4,light
471582,1050,n4,light
471584,1011,n4,light
471586,979,n4,light
471588,1007,n4,light
471590,1079,n4,light
471592,1047,n4,light
471594,1012,n4,light
471596,1063,n4,light
471598,1105,n4,light
471600,1129,n4,light
471602,1098,n4,light
471604,1111,n4,light
471606,1132,n4,light
471608,1129,n4,light
471610,1122,n4,light
471612,1118,n4,light
471614,1169,n4,light
471616,1185,n4,light
471618,1153,n4,light
471620,1151,n4,light
471622,1165,n4,light
471624,1182,n4,light
471626,1155,n4,light
471628,1109,n4,light
471630,1104,n4,light
471632,1103,n4,light
471634,1081,n4,light
471636,1050,n4,light
471638,1019,n4,light
471640,1072,n4,light
471642,1057,n4,light
471644,1034,n4,light
471646,1056,n4,light
471648,1098,n4,light
471650,1116,n4,light
471652,1099,n4,light
471654,1091,n4,light
471656,1105,n4,light
471658,1105,n4,light
471660,1092,n4,light
471662,1069,n4,light
471664,1036,n4,light
471666,981,n4,light
471668,944,n4,light
471670,921,n4,light
471672,916,n4,light
471674,931,n4,light
471676,929,n4,light
471678,915,n4,light
471680,955,n4,light
471682,963,n4,light
471684,929,n4,light
471686,951,n4,light
471688,997,n4,light
471690,1009,n4,light
471692,973,n4,light
471694,961,n4,light
471696,989,n4,light
471698,1010,n4,light
471700,1009,n4,light
471702,991,n4,light
471704,983,n4,light
471706,1010,n4,light
471708,1009,n4,light
471710,988,n4,light
471712,966,n4,light
471714,995,n4,light
471716,1040,n4,light
471718,1008,n4,light
471720,1019,n4,light
471722,1074,n4,light
471724,1089,n4,light
471726,1115,n4,light
471728,1088,n4,light
471730,1166,n4,light
471732,1237,n4,light
471734,1210,n4,light
471736,1195,n4,light
471738,1220,n4,light
471740,1200,n4,light
471742,1158,n4,light
471744,1125,n4,light
471746,1088,n4,light
471748,1099,n4,light
471750,1119,n4,light
471752,1095,n4,light
471754,1166,n4,light
471756,1211,n4,light
471758,1165,n4,light
471760,1151,n4,light
471762,1169,n4,light
471764,1200,n4,light
471766,1195,n4,light
471768,1159,n4,light
471770,1166,n4,light
471772,1182,n4,light
471774,1202,n4,light
471776,1206,n4,light
471778,1186,n4,light
471780,1221,n4,light
471782,1253,n4,light
471784,1235,n4,light
471786,1217,n4,light
471788,1267,n4,light
471790,1328,n4,light
471792,1308,n4,light
471794,1319,n4,light
471796,1323,n4,light
471798,1323,n4,light
471800,1282,n4,light
471802,1222,n4,light
471804,1186,n4,light
471806,1142,n4,light
471808,1129,n4,light
471810,1107,n4,light
471812,1095,n4,light
471814,1105,n4,light
471816,1077,n4,light
471818,1038,n4,light
471820,1078,n4,light
471822,1072,n4,light
471824,1054,n4,light
471826,1033,n4,light
471828,1010,n4,light
471830,1041,n4,light
471832,1010,n4,light
471834,1010,n4,light
471836,1008,n4,light
471838,1022,n4,light
471840,1042,n4,light
471842,1072,n4,light
471844,1049,n4,light
471846,1045,n4,light
471848,1095,n4,light
471850,1155,n4,light
471852,1145,n4,light
471854,1163,n4,light
471856,1211,n4,light
471858,1243,n4,light
471860,1243,n4,light
471862,1267,n4,light
471864,1296,n4,light
471866,1293,n4,light
471868,1262,n4,light
471870,1251,n4,light
471872,1200,n4,light
471874,1185,n4,light
471876,1184,n4,light
471878,1136,n4,light
471880,1105,n4,light
471882,1089,n4,light
471884,1173,n4,light
471886,1157,n4,light
471888,1155,n4,light
471890,1172,n4,light
471892,1185,n4,light
471894,1161,n4,light
471896,1193,n4,light
471898,1219,n4,light
471900,1216,n4,light
471902,1175,n4,light
471904,1181,n4,light
471906,1210,n4,light
471908,1250,n4,light
471910,1275,n4,light
471912,1264,n4,light
471914,1283,n4,light
471916,1311,n4,light
471918,1296,n4,light
471920,1271,n4,light
471922,1288,n4,light
471924,1269,n4,light
471926,1279,n4,light
471928,1229,n4,light
471930,1261,n4,light
471932,1322,n4,light
471934,1328,n4,light
471936,1290,n4,light
471938,1301,n4,light
471940,1325,n4,light
471942,1325,n4,light
471944,1291,n4,light
471946,1285,n4,light
471948,1279,n4,light
471950,1250,n4,light
471952,1206,n4,light
471954,1174,n4,light
471956,1188,n4,light
471958,1173,n4,light
471960,1191,n4,light
471962,1171,n4,light
471964,1191,n4,light
471966,1231,n4,light
471968,1217,n4,light
471970,1173,n4,light
471972,1175,n4,light
471974,1195,n4,light
471976,1207,n4,light
471978,1168,n4,light
471980,1165,n4,light
471982,1158,n4,light
471984,1185,n4,light
471986,1142,n4,light
471988,1136,n4,light
471990,1187,n4,light
471992,1193,n4,light
471994,1177,n4,light
471996,1220,n4,light
471998,1239,n4,light
472000,1231,n4,light
472002,1200,n4,light
472004,1233,n4,light
472006,1247,n4,light
472008,1258,n4,light
472010,1227,n4,light
472012,1202,n4,light
472014,1171,n4,light
472016,1216,n4,light
472018,1225,n4,light
472020,1201,n4,light
472022,1202,n4,light
472024,1242,n4,light
472026,1227,n4,light
472028,1211,n4,light
472030,1199,n4,light
472032,1222,n4,light
472034,1255,n4,light
472036,1223,n4,light
472038,1264,n4,light
472040,1323,n4,light
472042,1325,n4,light
472044,1311,n4,light
472046,1330,n4,light
472048,1332,n4,light
472050,1301,n4,light
472052,1259,n4,light
472054,1232,n4,light
472056,1269,n4,light
472058,1282,n4,light
472060,1250,n4,light
472062,1231,n4,light
472064,1237,n4,light
472066,1234,n4,light
472068,1217,n4,light
472070,1223,n4,light
472072,1243,n4,light
472074,1241,n4,light
472076,1195,n4,light
472078,1200,n4,light
472080,1229,n4,light
472082,1249,n4,light
472084,1233,n4,light
472086,1221,n4,light
472088,1270,n4,light
472090,1298,n4,light
472092,1265,n4,light
472094,1223,n4,light
472096,1190,n4,light
472098,1187,n4,light
472100,1255,n4,light
472102,1248,n4,light
472104,1227,n4,light
472106,1257,n4,light
472108,1311,n4,light
472110,1298,n4,light
472112,1357,n4,light
472114,1417,n4,light
472116,1413,n4,light
472118,1370,n4,light
472120,1369,n4,light
472122,1409,n4,light
472124,1437,n4,light
472126,1418,n4,light
472128,1402,n4,light
472130,1424,n4,light
472132,1437,n4,light
472134,1424,n4,light
472136,1386,n4,light
472138,1392,n4,light
472140,1406,n4,light
472142,1390,n4,light
472144,1343,n4,light
472146,1331,n4,light
472148,1337,n4,light
472150,1314,n4,light
472152,1286,n4,light
472154,1314,n4,light
472156,1360,n4,light
472158,1326,n4,light
472160,1279,n4,light
472162,1264,n4,light
472164,1265,n4,light
472166,1261,n4,light
472168,1220,n4,light
472170,1251,n4,light
472172,1302,n4,light
472174,1294,n4,light
472176,1247,n4,light
472178,1267,n4,light
472180,1265,n4,light
472182,1221,n4,light
472184,1172,n4,light
472186,1119,n4,light
472188,1086,n4,light
472190,1122,n4,light
472192,1119,n4,light
472194,1088,n4,light
472196,1084,n4,light
472198,1125,n4,light
472200,1158,n4,light
472202,1143,n4,light
472204,1163,n4,light
472206,1195,n4,light
472208,1199,n4,light
472210,1167,n4,light
472212,1166,n4,light
472214,1199,n4,light
472216,1189,n4,light
472218,1152,n4,light
472220,1170,n4,light
472222,1207,n4,light
472224,1271,n4,light
472226,1244,n4,light
472228,1249,n4,light
472230,1267,n4,light
472232,1293,n4,light
472234,1278,n4,light
472236,1231,n4,light
472238,1200,n4,light
472240,1182,n4,light
472242,1168,n4,light
472244,1131,n4,light
472246,1105,n4,light
472248,1100,n4,light
472250,1075,n4,light
472252,1050,n4,light
472254,1043,n4,light
472256,1081,n4,light
472258,1106,n4,light
472260,1089,n4,light
472262,1089,n4,light
472264,1136,n4,light
472266,1168,n4,light
472268,1152,n4,light
472270,1156,n4,light
472272,1217,n4,light
472274,1268,n4,light
472276,1245,n4,light
472278,1253,n4,light
472280,1311,n4,light
472282,1353,n4,light
472284,1366,n4,light
472286,1338,n4,light
472288,1398,n4,light
472290,1429,n4,light
472292,1422,n4,light
472294,1394,n4,light
472296,1426,n4,light
472298,1439,n4,light
472300,1468,n4,light
472302,1435,n4,light
472304,1429,n4,light
472306,1431,n4,light
472308,1428,n4,light
472310,1406,n4,light
472312,1398,n4,light
472314,1427,n4,light
472316,1417,n4,light
472318,1373,n4,light
472320,1369,n4,light
472322,1393,n4,light
472324,1419,n4,light
472326,1455,n4,light
472328,1405,n4,light
472330,1377,n4,light
472332,1462,n4,light
472334,1484,n4,light
472336,1443,n4,light
472338,1397,n4,light
472340,1417,n4,light
472342,1405,n4,light
472344,1356,n4,light
472346,1351,n4,light
472348,1397,n4,light
472350,1457,n4,light
472352,1426,n4,light
472354,1427,n4,light
472356,1471,n4,light
472358,1514,n4,light
472360,1503,n4,light
472362,1468,n4,light
472364,1517,n4,light
472366,1517,n4,light
472368,1466,n4,light
472370,1433,n4,light
472372,1441,n4,light
472374,1442,n4,light
472376,1417,n4,light
472378,1406,n4,light
472380,1424,n4,light
472382,1399,n4,light
472384,1423,n4,light
472386,1387,n4,light
472388,1387,n4,light
472390,1393,n4,light
472392,1393,n4,light
472394,1344,n4,light
472396,1292,n4,light
472398,1264,n4,light
472400,1294,n4,light
472402,1296,n4,light
472404,1296,n4,light
472406,1323,n4,light
472408,1307,n4,light
472410,1299,n4,light
472412,1251,n4,light
472414,1285,n4,light
472416,1355,n4,light
472418,1327,n4,light
472420,1330,n4,light
472422,1362,n4,light
472424,1365,n4,light
472426,1357,n4,light
472428,1332,n4,light
472430,1351,n4,light
472432,1339,n4,light
472434,1341,n4,light
472436,1296,n4,light
472438,1290,n4,light
472440,1273,n4,light
472442,1264,n4,light
472444,1226,n4,light
472446,1230,n4,light
472448,1249,n4,light
472450,1211,n4,light
472452,1181,n4,light
472454,1207,n4,light
472456,1200,n4,light
472458,1159,n4,light
472460,1140,n4,light
472462,1091,n4,light
472464,1083,n4,light
472466,1118,n4,light
472468,1154,n4,light
472470,1146,n4,light
472472,1168,n4,light
472474,1149,n4,light
472476,1136,n4,light
472478,1089,n4,light
472480,1072,n4,light
472482,1079,n4,light
472484,1062,n4,light
472486,1022,n4,light
472488,1049,n4,light
472490,1076,n4,light
472492,1079,n4,light
472494,1042,n4,light
472496,1008,n4,light
472498,1056,n4,light
472500,1125,n4,light
472502,1117,n4,light
472504,1105,n4,light
472506,1109,n4,light
472508,1126,n4,light
472510,1116,n4,light
472512,1093,n4,light
472514,1124,n4,light
472516,1132,n4,light
472518,1095,n4,light
472520,1102,n4,light
472522,1130,n4,light
472524,1109,n4,light
472526,1077,n4,light
472528,1079,n4,light
472530,1077,n4,light
472532,1039,n4,light
472534,1009,n4,light
472536,983,n4,light
472538,973,n4,light
472540,991,n4,light
472542,1008,n4,light
472544,976,n4,light
472546,935,n4,light
472548,983,n4,light
472550,1009,n4,light
472552,1007,n4,light
472554,979,n4,light
472556,1023,n4,light
472558,1063,n4,light
472560,1042,n4,light
472562,1063,n4,light
472564,1074,n4,light
472566,1056,n4,light
472568,1040,n4,light
472570,1052,n4,light
472572,1082,n4,light
472574,1063,n4,light
472576,1035,n4,light
472578,1007,n4,light
472580,988,n4,light
472582,986,n4,light
472584,1019,n4,light
472586,996,n4,light
472588,1049,n4,light
472590,1104,n4,light
472592,1092,n4,light
472594,1110,n4,light
472596,1153,n4,light
472598,1150,n4,light
472600,1102,n4,light
472602,1050,n4,light
472604,1041,n4,light
472606,1077,n4,light
472608,1110,n4,light
472610,1089,n4,light
472612,1123,n4,light
472614,1183,n4,light
472616,1183,n4,light
472618,1137,n4,light
472620,1136,n4,light
472622,1155,n4,light
472624,1153,n4,light
472626,1168,n4,light
472628,1142,n4,light
472630,1137,n4,light
472632,1149,n4,light
472634,1179,n4,light
472636,1143,n4,light
472638,1140,n4,light
472640,1136,n4,light
472642,1122,n4,light
472644,1087,n4,light
472646,1112,n4,light
472648,1151,n4,light
472650,1125,n4,light
472652,1106,n4,light
472654,1164,n4,light
472656,1189,n4,light
472658,1168,n4,light
472660,1127,n4,light
472662,1129,n4,light
472664,1136,n4,light
472666,1137,n4,light
472668,1103,n4,light
472670,1126,n4,light
472672,1135,n4,light
472674,1110,n4,light
472676,1094,n4,light
472678,1069,n4,light
472680,1083,n4,light
472682,1094,n4,light
472684,1101,n4,light
472686,1070,n4,light
472688,1088,n4,light
472690,1115,n4,light
472692,1113,n4,light
472694,1075,n4,light
472696,1056,n4,light
472698,1063,n4,light
472700,1051,n4,light
472702,1061,n4,light
472704,1055,n4,light
472706,1076,n4,light
472708,1108,n4,light
472710,1104,n4,light
472712,1151,n4,light
472714,1223,n4,light
472716,1243,n4,light
472718,1207,n4,light
472720,1198,n4,light
472722,1226,n4,light
472724,1226,n4,light
472726,1199,n4,light
472728,1168,n4,light
472730,1195,n4,light
472732,1200,n4,light
472734,1181,n4,light
472736,1155,n4,light
472738,1167,n4,light
472740,1185,n4,light
472742,1197,n4,light
472744,1162,n4,light
472746,1197,n4,light
472748,1239,n4,light
472750,1232,n4,light
472752,1198,n4,light
472754,1222,n4,light
472756,1294,n4,light
472758,1285,n4,light
472760,1247,n4,light
472762,1247,n4,light
472764,1296,n4,light
472766,1266,n4,light
472768,1229,n4,light
472770,1200,n4,light
472772,1172,n4,light
472774,1174,n4,light
472776,1134,n4,light
472778,1114,n4,light
472780,1133,n4,light
472782,1131,n4,light
472784,1097,n4,light
472786,1085,n4,light
472788,1100,n4,light
472790,1131,n4,light
472792,1123,n4,light
472794,1093,n4,light
472796,1098,n4,light
472798,1103,n4,light
472800,1085,n4,light
472802,1073,n4,light
472804,1053,n4,light
472806,1082,n4,light
481828,1091,n4,light
481830,1138,n4,light
481832,1163,n4,light
481834,1136,n4,light
481836,1163,n4,light
481838,1206,n4,light
481840,1209,n4,light
481842,1177,n4,light
481844,1202,n4,light
481846,1232,n4,light
481848,1228,n4,light
481850,1185,n4,light
481852,1207,n4,light
481854,1239,n4,light
481856,1265,n4,light
481858,1243,n4,light
481860,1229,n4,light
481862,1258,n4,light
481864,1310,n4,light
481866,1294,n4,light
481868,1264,n4,light
481870,1285,n4,light
481872,1306,n4,light
481874,1277,n4,light
481876,1257,n4,light
481878,1282,n4,light
481880,1302,n4,light
481882,1274,n4,light
481884,1232,n4,light
481886,1230,n4,light
481888,1242,n4,light
481890,1244,n4,light
481892,1205,n4,light
481894,1194,n4,light
481896,1207,n4,light
481898,1204,n4,light
481900,1167,n4,light
481902,1152,n4,light
481904,1155,n4,light
481906,1157,n4,light
481908,1127,n4,light
481910,1118,n4,light
481912,1136,n4,light
481914,1136,n4,light
481916,1108,n4,light
481918,1093,n4,light
481920,1131,n4,light
481922,1171,n4,light
481924,1200,n4,light
481926,1186,n4,light
481928,1233,n4,light
481930,1296,n4,light
481932,1310,n4,light
481934,1283,n4,light
481936,1301,n4,light
481938,1335,n4,light
481940,1317,n4,light
481942,1282,n4,light
481944,1296,n4,light
481946,1312,n4,light
481948,1309,n4,light
481950,1274,n4,light
481952,1250,n4,light
481954,1278,n4,light
481956,1308,n4,light
481958,1297,n4,light
481960,1255,n4,light
481962,1269,n4,light
481964,1296,n4,light
481966,1287,n4,light
481968,1234,n4,light
481970,1245,n4,light
481972,1249,n4,light
481974,1232,n4,light
481976,1187,n4,light
481978,1187,n4,light
481980,1200,n4,light
481982,1197,n4,light
481984,1159,n4,light
481986,1186,n4,light
481988,1202,n4,light
481990,1194,n4,light
481992,1161,n4,light
481994,1168,n4,light
481996,1168,n4,light
481998,1157,n4,light
482000,1126,n4,light
482002,1135,n4,light
482004,1155,n4,light
482006,1127,n4,light
482008,1088,n4,light
482010,1082,n4,light
482012,1100,n4,light
482014,1104,n4,light
482016,1086,n4,light
482018,1073,n4,light
482020,1104,n4,light
482022,1144,n4,light
482024,1165,n4,light
482026,1130,n4,light
482028,1183,n4,light
482030,1231,n4,light
482032,1237,n4,light
482034,1200,n4,light
482036,1202,n4,light
482038,1230,n4,light
482040,1242,n4,light
482042,1206,n4,light
482044,1205,n4,light
482046,1239,n4,light
482048,1264,n4,light
482050,1232,n4,light
482052,1228,n4,light
482054,1233,n4,light
482056,1243,n4,light
482058,1215,n4,light
482060,1193,n4,light
482062,1178,n4,light
482064,1149,n4,light
482066,1114,n4,light
482068,1089,n4,light
482070,1092,n4,light
482072,1097,n4,light
482074,1094,n4,light
482076,1091,n4,light
482078,1130,n4,light
482080,1150,n4,light
482082,1118,n4,light
482084,1102,n4,light
482086,1124,n4,light
482088,1133,n4,light
482090,1118,n4,light
482092,1088,n4,light
482094,1072,n4,light
482096,1071,n4,light
482098,1086,n4,light
482100,1075,n4,light
482102,1061,n4,light
482104,1072,n4,light
482106,1072,n4,light
482108,1042,n4,light
482110,1037,n4,light
482112,1045,n4,light
482114,1005,n4,light
482116,963,n4,light
482118,986,n4,light
482120,976,n4,light
482122,933,n4,light
482124,916,n4,light
482126,908,n4,light
482128,928,n4,light
482130,925,n4,light
482132,937,n4,light
482134,918,n4,light
482136,905,n4,light
482138,919,n4,light
482140,918,n4,light
482142,900,n4,light
482144,931,n4,light
482146,1004,n4,light
482148,1019,n4,light
482150,989,n4,light
482152,998,n4,light
482154,1040,n4,light
482156,1077,n4,light
482158,1068,n4,light
482160,1023,n4,light
482162,1044,n4,light
482164,1081,n4,light
482166,1088,n4,light
482168,1058,n4,light
482170,1090,n4,light
482172,1125,n4,light
482174,1138,n4,light
482176,1127,n4,light
482178,1163,n4,light
482180,1199,n4,light
482182,1222,n4,light
482184,1195,n4,light
482186,1217,n4,light
482188,1261,n4,light
482190,1264,n4,light
482192,1226,n4,light
482194,1232,n4,light
482196,1290,n4,light
482198,1296,n4,light
482200,1254,n4,light
482202,1279,n4,light
482204,1294,n4,light
482206,1295,n4,light
482208,1261,n4,light
482210,1236,n4,light
482212,1261,n4,light
482214,1270,n4,light
482216,1248,n4,light
482218,1251,n4,light
482220,1254,n4,light
482222,1264,n4,light
482224,1254,n4,light
482226,1234,n4,light
482228,1254,n4,light
482230,1270,n4,light
482232,1263,n4,light
482234,1234,n4,light
482236,1280,n4,light
482238,1317,n4,light
482240,1295,n4,light
482242,1259,n4,light
482244,1277,n4,light
482246,1289,n4,light
482248,1295,n4,light
482250,1257,n4,light
482252,1238,n4,light
482254,1242,n4,light
482256,1255,n4,light
482258,1223,n4,light
482260,1210,n4,light
482262,1222,n4,light
482264,1222,n4,light
482266,1191,n4,light
482268,1179,n4,light
482270,1201,n4,light
482272,1213,n4,light
482274,1202,n4,light
482276,1168,n4,light
482278,1186,n4,light
482280,1206,n4,light
482282,1200,n4,light
482284,1166,n4,light
482286,1185,n4,light
482288,1200,n4,light
482290,1198,n4,light
482292,1157,n4,light
482294,1152,n4,light
482296,1152,n4,light
482298,1146,n4,light
482300,1126,n4,light
482302,1104,n4,light
482304,1120,n4,light
482306,1151,n4,light
482308,1156,n4,light
482310,1119,n4,light
482312,1167,n4,light
482314,1209,n4,light
482316,1197,n4,light
482318,1188,n4,light
482320,1262,n4,light
482322,1283,n4,light
482324,1231,n4,light
482326,1233,n4,light
482328,1285,n4,light
482330,1318,n4,light
482332,1303,n4,light
482334,1267,n4,light
482336,1296,n4,light
482338,1322,n4,light
482340,1306,n4,light
482342,1265,n4,light
482344,1264,n4,light
482346,1259,n4,light
482348,1246,n4,light
482350,1200,n4,light
482352,1185,n4,light
482354,1202,n4,light
482356,1205,n4,light
482358,1179,n4,light
482360,1149,n4,light
482362,1152,n4,light
482364,1165,n4,light
482366,1155,n4,light
482368,1136,n4,light
482370,1171,n4,light
482372,1187,n4,light
482374,1168,n4,light
482376,1134,n4,light
482378,1136,n4,light
482380,1136,n4,light
482382,1114,n4,light
482384,1079,n4,light
482386,1073,n4,light
482388,1094,n4,light
482390,1067,n4,light
482392,1023,n4,light
482394,1046,n4,light
482396,1079,n4,light
482398,1076,n4,light
482400,1045,n4,light
482402,1050,n4,light
482404,1072,n4,light
482406,1088,n4,light
482408,1065,n4,light
482410,1046,n4,light
482412,1040,n4,light
482414,1040,n4,light
482416,1046,n4,light
482418,1033,n4,light
482420,1063,n4,light
482422,1050,n4,light
482424,1051,n4,light
482426,1023,n4,light
482428,1057,n4,light
482430,1103,n4,light
482432,1119,n4,light
482434,1102,n4,light
482436,1152,n4,light
482438,1198,n4,light
482440,1207,n4,light
482442,1175,n4,light
482444,1191,n4,light
482446,1234,n4,light
482448,1250,n4,light
482450,1212,n4,light
482452,1205,n4,light
482454,1244,n4,light
482456,1276,n4,light
482458,1249,n4,light
482460,1243,n4,light
482462,1254,n4,light
482464,1231,n4,light
482466,1207,n4,light
482468,1168,n4,light
482470,1185,n4,light
482472,1200,n4,light
482474,1186,n4,light
482476,1169,n4,light
482478,1200,n4,light
482480,1210,n4,light
482482,1198,n4,light
482484,1163,n4,light
482486,1168,n4,light
482488,1169,n4,light
482490,1167,n4,light
482492,1136,n4,light
482494,1157,n4,light
482496,1152,n4,light
482498,1111,n4,light
482500,1075,n4,light
482502,1072,n4,light
482504,1069,n4,light
482506,1078,n4,light
482508,1061,n4,light
482510,1020,n4,light
482512,1035,n4,light
482514,1045,n4,light
482516,1011,n4,light
482518,1013,n4,light
482520,1054,n4,light
482522,1019,n4,light
482524,976,n4,light
482526,953,n4,light
482528,965,n4,light
482530,975,n4,light
482532,965,n4,light
482534,959,n4,light
482536,1005,n4,light
482538,1061,n4,light
482540,1056,n4,light
482542,1054,n4,light
482544,1079,n4,light
482546,1088,n4,light
482548,1098,n4,light
482550,1067,n4,light
482552,1034,n4,light
482554,1049,n4,light
482556,1068,n4,light
482558,1040,n4,light
482560,1049,n4,light
482562,1088,n4,light
482564,1094,n4,light
482566,1072,n4,light
482568,1057,n4,light
482570,1100,n4,light
482572,1118,n4,light
482574,1118,n4,light
482576,1091,n4,light
482578,1121,n4,light
482580,1157,n4,light
482582,1152,n4,light
482584,1121,n4,light
482586,1153,n4,light
482588,1190,n4,light
482590,1184,n4,light
482592,1152,n4,light
482594,1163,n4,light
482596,1181,n4,light
482598,1183,n4,light
482600,1147,n4,light
482602,1156,n4,light
482604,1198,n4,light
482606,1232,n4,light
482608,1217,n4,light
482610,1200,n4,light
482612,1209,n4,light
482614,1211,n4,light
482616,1200,n4,light
482618,1167,n4,light
482620,1183,n4,light
482622,1197,n4,light
482624,1162,n4,light
482626,1123,n4,light
482628,1142,n4,light
482630,1201,n4,light
482632,1221,n4,light
482634,1189,n4,light
482636,1202,n4,light
482638,1255,n4,light
482640,1297,n4,light
482642,1270,n4,light
482644,1299,n4,light
482646,1353,n4,light
482648,1389,n4,light
482650,1359,n4,light
482652,1363,n4,light
482654,1383,n4,light
482656,1383,n4,light
482658,1349,n4,light
482660,1319,n4,light
482662,1327,n4,light
482664,1299,n4,light
482666,1267,n4,light
482668,1235,n4,light
482670,1259,n4,light
482672,1266,n4,light
482674,1251,n4,light
482676,1211,n4,light
482678,1218,n4,light
482680,1231,n4,light
482682,1200,n4,light
482684,1167,n4,light
482686,1141,n4,light
482688,1136,n4,light
482690,1125,n4,light
482692,1093,n4,light
482694,1095,n4,light
482696,1103,n4,light
482698,1091,n4,light
482700,1063,n4,light
482702,1088,n4,light
482704,1139,n4,light
482706,1165,n4,light
482708,1138,n4,light
482710,1175,n4,light
482712,1213,n4,light
482714,1219,n4,light
482716,1184,n4,light
482718,1167,n4,light
482720,1201,n4,light
482722,1216,n4,light
482724,1200,n4,light
482726,1167,n4,light
482728,1203,n4,light
482730,1245,n4,light
482732,1229,n4,light
482734,1200,n4,light
482736,1214,n4,light
482738,1210,n4,light
482740,1183,n4,light
482742,1139,n4,light
482744,1143,n4,light
482746,1177,n4,light
482748,1184,n4,light
482750,1140,n4,light
482752,1154,n4,light
482754,1200,n4,light
482756,1238,n4,light
482758,1238,n4,light
482760,1246,n4,light
482762,1308,n4,light
482764,1348,n4,light
482766,1342,n4,light
482768,1331,n4,light
482770,1364,n4,light
482772,1359,n4,light
482774,1315,n4,light
482776,1259,n4,light
482778,1223,n4,light
482780,1233,n4,light
482782,1250,n4,light
482784,1215,n4,light
482786,1221,n4,light
482788,1280,n4,light
482790,1260,n4,light
482792,1241,n4,light
482794,1273,n4,light
482796,1301,n4,light
482798,1296,n4,light
482800,1247,n4,light
482802,1261,n4,light
482804,1269,n4,light
482806,1281,n4,light
482808,1267,n4,light
482810,1238,n4,light
482812,1253,n4,light
482814,1261,n4,light
482816,1247,n4,light
482818,1210,n4,light
482820,1221,n4,light
482822,1226,n4,light
482824,1227,n4,light
482826,1184,n4,light
482828,1200,n4,light
482830,1200,n4,light
482832,1166,n4,light
482834,1124,n4,light
482836,1133,n4,light
482838,1139,n4,light
482840,1129,n4,light
482842,1099,n4,light
482844,1127,n4,light
482846,1135,n4,light
482848,1127,n4,light
482850,1093,n4,light
482852,1095,n4,light
482854,1140,n4,light
482856,1146,n4,light
482858,1111,n4,light
482860,1139,n4,light
482862,1180,n4,light
482864,1205,n4,light
482866,1187,n4,light
482868,1178,n4,light
482870,1236,n4,light
482872,1281,n4,light
482874,1296,n4,light
482876,1297,n4,light
482878,1373,n4,light
482880,1391,n4,light
482882,1367,n4,light
482884,1339,n4,light
482886,1360,n4,light
482888,1361,n4,light
482890,1350,n4,light
482892,1309,n4,light
482894,1312,n4,light
482896,1309,n4,light
482898,1296,n4,light
482900,1251,n4,light
482902,1251,n4,light
482904,1273,n4,light
482906,1301,n4,light
482908,1280,n4,light
482910,1278,n4,light
482912,1343,n4,light
482914,1370,n4,light
482916,1355,n4,light
482918,1328,n4,light
482920,1345,n4,light
482922,1390,n4,light
482924,1395,n4,light
482926,1347,n4,light
482928,1346,n4,light
482930,1360,n4,light
482932,1370,n4,light
482934,1338,n4,light
482936,1309,n4,light
482938,1321,n4,light
482940,1316,n4,light
482942,1279,n4,light
482944,1264,n4,light
482946,1292,n4,light
482948,1301,n4,light
482950,1263,n4,light
482952,1264,n4,light
482954,1286,n4,light
482956,1314,n4,light
482958,1296,n4,light
482960,1291,n4,light
482962,1326,n4,light
482964,1328,n4,light
482966,1297,n4,light
482968,1253,n4,light
482970,1258,n4,light
482972,1264,n4,light
482974,1259,n4,light
482976,1212,n4,light
482978,1184,n4,light
482980,1156,n4,light
482982,1115,n4,light
482984,1074,n4,light
482986,1050,n4,light
482988,1035,n4,light
482990,1007,n4,light
482992,973,n4,light
482994,987,n4,light
482996,986,n4,light
482998,947,n4,light
483000,916,n4,light
483002,906,n4,light
483004,958,n4,light
483006,1015,n4,light
483008,1011,n4,light
483010,1045,n4,light
483012,1136,n4,light
483014,1168,n4,light
483016,1152,n4,light
483018,1122,n4,light
483020,1142,n4,light
483022,1151,n4,light
483024,1148,n4,light
483026,1126,n4,light
483028,1167,n4,light
483030,1175,n4,light
483032,1143,n4,light
483034,1139,n4,light
483036,1189,n4,light
483038,1223,n4,light
483040,1194,n4,light
483042,1162,n4,light
483044,1190,n4,light
483046,1210,n4,light
483048,1241,n4,light
483050,1222,n4,light
483052,1250,n4,light
483054,1287,n4,light
483056,1289,n4,light
483058,1234,n4,light
483060,1205,n4,light
483062,1209,n4,light
483064,1267,n4,light
483066,1293,n4,light
483068,1265,n4,light
483070,1302,n4,light
483072,1331,n4,light
483074,1339,n4,light
483076,1306,n4,light
483078,1316,n4,light
483080,1303,n4,light
483082,1305,n4,light
483084,1277,n4,light
483086,1302,n4,light
483088,1357,n4,light
483090,1371,n4,light
483092,1343,n4,light
483094,1374,n4,light
483096,1430,n4,light
483098,1461,n4,light
483100,1434,n4,light
483102,1424,n4,light
483104,1446,n4,light
483106,1472,n4,light
483108,1458,n4,light
483110,1424,n4,light
483112,1449,n4,light
483114,1489,n4,light
483116,1475,n4,light
483118,1469,n4,light
483120,1494,n4,light
483122,1498,n4,light
483124,1445,n4,light
483126,1415,n4,light
483128,1405,n4,light
483130,1401,n4,light
483132,1370,n4,light
483134,1317,n4,light
483136,1301,n4,light
483138,1301,n4,light
483140,1295,n4,light
483142,1249,n4,light
483144,1226,n4,light
483146,1214,n4,light
483148,1202,n4,light
483150,1168,n4,light
483152,1157,n4,light
483154,1175,n4,light
483156,1200,n4,light
483158,1169,n4,light
483160,1151,n4,light
483162,1180,n4,light
483164,1200,n4,light
483166,1182,n4,light
483168,1159,n4,light
483170,1179,n4,light
483172,1191,n4,light
483174,1187,n4,light
483176,1154,n4,light
483178,1178,n4,light
483180,1196,n4,light
483182,1200,n4,light
483184,1171,n4,light
483186,1198,n4,light
483188,1213,n4,light
483190,1212,n4,light
483192,1174,n4,light
483194,1175,n4,light
483196,1199,n4,light
483198,1200,n4,light
483200,1167,n4,light
483202,1168,n4,light
483204,1200,n4,light
483206,1211,n4,light
483208,1185,n4,light
483210,1181,n4,light
483212,1209,n4,light
483214,1219,n4,light
483216,1198,n4,light
483218,1154,n4,light
483220,1170,n4,light
483222,1186,n4,light
483224,1196,n4,light
483226,1152,n4,light
483228,1157,n4,light
483230,1178,n4,light
483232,1168,n4,light
483234,1123,n4,light
483236,1119,n4,light
483238,1152,n4,light
483240,1152,n4,light
483242,1121,n4,light
483244,1132,n4,light
483246,1125,n4,light
483248,1097,n4,light
483250,1057,n4,light
483252,1044,n4,light
483254,1075,n4,light
483256,1077,n4,light
483258,1051,n4,light
483260,1072,n4,light
483262,1097,n4,light
483264,1101,n4,light
483266,1087,n4,light
483268,1072,n4,light
483270,1091,n4,light
483272,1098,n4,light
483274,1088,n4,light
483276,1072,n4,light
483278,1072,n4,light
483280,1083,n4,light
483282,1079,n4,light
483284,1049,n4,light
483286,1072,n4,light
483288,1098,n4,light
483290,1090,n4,light
483292,1063,n4,light
483294,1068,n4,light
483296,1078,n4,light
483298,1092,n4,light
483300,1073,n4,light
483302,1097,n4,light
483304,1151,n4,light
483306,1158,n4,light
483308,1130,n4,light
483310,1125,n4,light
483312,1168,n4,light
483314,1137,n4,light
483316,1092,n4,light
483318,1069,n4,light
483320,1040,n4,light
483322,1010,n4,light
483324,994,n4,light
483326,982,n4,light
483328,1008,n4,light
483330,1019,n4,light
483332,1001,n4,light
483334,967,n4,light
483336,977,n4,light
483338,1023,n4,light
483340,1056,n4,light
483342,1023,n4,light
483344,1039,n4,light
483346,1082,n4,light
483348,1120,n4,light
483350,1113,n4,light
483352,1103,n4,light
483354,1130,n4,light
483356,1155,n4,light
483358,1138,n4,light
483360,1124,n4,light
483362,1139,n4,light
483364,1151,n4,light
483366,1136,n4,light
483368,1131,n4,light
483370,1175,n4,light
483372,1200,n4,light
483374,1200,n4,light
483376,1166,n4,light
483378,1184,n4,light
483380,1187,n4,light
483382,1220,n4,light
483384,1200,n4,light
483386,1226,n4,light
483388,1253,n4,light
483390,1237,n4,light
483392,1223,n4,light
483394,1245,n4,light
483396,1264,n4,light
483398,1235,n4,light
483400,1195,n4,light
483402,1200,n4,light
483404,1200,n4,light
483406,1174,n4,light
483408,1138,n4,light
483410,1145,n4,light
483412,1161,n4,light
483414,1147,n4,light
483416,1118,n4,light
483418,1095,n4,light
483420,1101,n4,light
483422,1102,n4,light
483424,1104,n4,light
483426,1072,n4,light
483428,1070,n4,light
483430,1071,n4,light
483432,1043,n4,light
483434,1008,n4,light
483436,1005,n4,light
483438,1056,n4,light
483440,1086,n4,light
483442,1067,n4,light
483444,1079,n4,light
483446,1123,n4,light
483448,1162,n4,light
483450,1133,n4,light
483452,1150,n4,light
483454,1187,n4,light
483456,1211,n4,light
483458,1184,n4,light
483460,1203,n4,light
483462,1239,n4,light
483464,1239,n4,light
483466,1234,n4,light
483468,1212,n4,light
483470,1232,n4,light
483472,1234,n4,light
483474,1217,n4,light
483476,1171,n4,light
483478,1182,n4,light
483480,1201,n4,light
483482,1173,n4,light
483484,1152,n4,light
483486,1188,n4,light
483488,1185,n4,light
483490,1139,n4,light
483492,1101,n4,light
483494,1073,n4,light
483496,1069,n4,light
483498,1058,n4,light
483500,1033,n4,light
483502,1015,n4,light
483504,989,n4,light
483506,986,n4,light
483508,973,n4,light
483510,950,n4,light
483512,987,n4,light
483514,999,n4,light
483516,991,n4,light
483518,979,n4,light
483520,1023,n4,light
483522,1056,n4,light
483524,1047,n4,light
483526,1008,n4,light
483528,1018,n4,light
483530,1089,n4,light
483532,1104,n4,light
483534,1073,n4,light
483536,1100,n4,light
483538,1133,n4,light
483540,1136,n4,light
483542,1105,n4,light
483544,1122,n4,light
483546,1142,n4,light
483548,1129,n4,light
483550,1093,n4,light
483552,1086,n4,light
483554,1104,n4,light
483556,1136,n4,light
483558,1112,n4,light
483560,1127,n4,light
483562,1165,n4,light
483564,1179,n4,light
483566,1152,n4,light
483568,1127,n4,light
483570,1168,n4,light
483572,1179,n4,light
483574,1168,n4,light
483576,1151,n4,light
483578,1184,n4,light
483580,1171,n4,light
483582,1131,n4,light
483584,1095,n4,light
483586,1094,n4,light
483588,1105,n4,light
483590,1118,n4,light
483592,1082,n4,light
483594,1077,n4,light
483596,1098,n4,light
483598,1099,n4,light
483600,1052,n4,light
483602,1054,n4,light
483604,1063,n4,light
483606,1023,n4,light
483608,976,n4,light
483610,951,n4,light
483612,977,n4,light
483614,1008,n4,light
483616,998,n4,light
483618,1005,n4,light
483620,1041,n4,light
483622,1040,n4,light
483624,1011,n4,light
483626,1008,n4,light
483628,1023,n4,light
483630,1019,n4,light
483632,1007,n4,light
483634,976,n4,light
483636,976,n4,light
483638,1007,n4,light
483640,1008,n4,light
483642,978,n4,light
483644,969,n4,light
483646,977,n4,light
483648,971,n4,light
483650,946,n4,light
483652,955,n4,light
483654,1005,n4,light
483656,1046,n4,light
483658,1042,n4,light
483660,1057,n4,light
483662,1142,n4,light
483664,1182,n4,light
483666,1186,n4,light
483668,1147,n4,light
483670,1168,n4,light
483672,1168,n4,light
483674,1161,n4,light
483676,1111,n4,light
483678,1102,n4,light
483680,1131,n4,light
483682,1146,n4,light
483684,1137,n4,light
483686,1200,n4,light
483688,1210,n4,light
483690,1174,n4,light
483692,1184,n4,light
483694,1207,n4,light
483696,1223,n4,light
483698,1213,n4,light
483700,1170,n4,light
483702,1198,n4,light
483704,1210,n4,light
483706,1200,n4,light
483708,1159,n4,light
483710,1141,n4,light
483712,1125,n4,light
483714,1102,n4,light
483716,1066,n4,light
483718,1037,n4,light
483720,1039,n4,light
483722,1045,n4,light
483724,1057,n4,light
483726,1015,n4,light
483728,1049,n4,light
483730,1105,n4,light
483732,1115,n4,light
483734,1085,n4,light
483736,1095,n4,light
483738,1148,n4,light
483740,1175,n4,light
483742,1153,n4,light
483744,1182,n4,light
483746,1200,n4,light
483748,1243,n4,light
483750,1216,n4,light
483752,1200,n4,light
483754,1215,n4,light
483756,1245,n4,light
483758,1234,n4,light
483760,1206,n4,light
483762,1201,n4,light
483764,1235,n4,light
483766,1250,n4,light
483768,1207,n4,light
483770,1221,n4,light
483772,1251,n4,light
483774,1278,n4,light
483776,1232,n4,light
483778,1233,n4,light
483780,1285,n4,light
483782,1316,n4,light
483784,1295,n4,light
483786,1296,n4,light
483788,1326,n4,light
483790,1322,n4,light
483792,1277,n4,light
483794,1257,n4,light
483796,1260,n4,light
483798,1246,n4,light
483800,1200,n4,light
483802,1207,n4,light
483804,1247,n4,light
483806,1264,n4,light
483808,1229,n4,light
483810,1245,n4,light
483812,1277,n4,light
483814,1297,n4,light
483816,1265,n4,light
483818,1275,n4,light
483820,1329,n4,light
483822,1339,n4,light
483824,1313,n4,light
483826,1293,n4,light
483828,1341,n4,light
483830,1343,n4,light
483832,1338,n4,light
483834,1302,n4,light
483836,1315,n4,light
483838,1328,n4,light
483840,1333,n4,light
483842,1296,n4,light
483844,1296,n4,light
483846,1303,n4,light
483848,1294,n4,light
483850,1255,n4,light
483852,1277,n4,light
483854,1255,n4,light
483856,1232,n4,light
483858,1193,n4,light
483860,1193,n4,light
483862,1214,n4,light
483864,1200,n4,light
483866,1178,n4,light
483868,1165,n4,light
483870,1195,n4,light
483872,1218,n4,light
483874,1231,n4,light
483876,1227,n4,light
483878,1265,n4,light
483880,1282,n4,light
483882,1282,n4,light
483884,1257,n4,light
483886,1293,n4,light
483888,1359,n4,light
483890,1353,n4,light
483892,1302,n4,light
483894,1327,n4,light
483896,1375,n4,light
483898,1360,n4,light
483900,1314,n4,light
483902,1296,n4,light
483904,1283,n4,light
483906,1259,n4,light
483908,1207,n4,light
483910,1187,n4,light
483912,1191,n4,light
483914,1168,n4,light
483916,1122,n4,light
483918,1123,n4,light
483920,1162,n4,light
483922,1159,n4,light
483924,1136,n4,light
483926,1107,n4,light
483928,1115,n4,light
483930,1105,n4,light
483932,1097,n4,light
483934,1065,n4,light
483936,1087,n4,light
483938,1124,n4,light
483940,1117,n4,light
483942,1088,n4,light
483944,1119,n4,light
483946,1168,n4,light
483948,1164,n4,light
483950,1152,n4,light
483952,1200,n4,light
483954,1251,n4,light
483956,1222,n4,light
483958,1216,n4,light
483960,1231,n4,light
483962,1266,n4,light
483964,1260,n4,light
483966,1211,n4,light
483968,1198,n4,light
483970,1198,n4,light
483972,1179,n4,light
483974,1146,n4,light
483976,1101,n4,light
483978,1102,n4,light
483980,1121,n4,light
483982,1125,n4,light
483984,1104,n4,light
483986,1136,n4,light
483988,1173,n4,light
483990,1217,n4,light
483992,1190,n4,light
483994,1182,n4,light
483996,1242,n4,light
483998,1254,n4,light
484000,1210,n4,light
484002,1235,n4,light
484004,1228,n4,light
484006,1183,n4,light
484008,1141,n4,light
484010,1136,n4,light
484012,1146,n4,light
484014,1125,n4,light
484016,1082,n4,light
484018,1088,n4,light
484020,1105,n4,light
484022,1088,n4,light
484024,1078,n4,light
484026,1045,n4,light
484028,1071,n4,light
484030,1079,n4,light
484032,1104,n4,light
484034,1086,n4,light
484036,1101,n4,light
484038,1130,n4,light
484040,1130,n4,light
484042,1098,n4,light
484044,1105,n4,light
484046,1136,n4,light
484048,1143,n4,light
484050,1118,n4,light
484052,1118,n4,light
484054,1137,n4,light
484056,1159,n4,light
484058,1161,n4,light
484060,1139,n4,light
484062,1149,n4,light
484064,1126,n4,light
484066,1089,n4,light
484068,1061,n4,light
484070,1035,n4,light
484072,1008,n4,light
484074,967,n4,light
484076,976,n4,light
484078,983,n4,light
484080,976,n4,light
484082,957,n4,light
484084,965,n4,light
484086,1014,n4,light
484088,1021,n4,light
484090,976,n4,light
484092,950,n4,light
484094,977,n4,light
484096,1013,n4,light
484098,1021,n4,light
484100,994,n4,light
484102,1035,n4,light
484104,1068,n4,light
484106,1082,n4,light
484108,1057,n4,light
484110,1040,n4,light
484112,1057,n4,light
484114,1088,n4,light
484116,1106,n4,light
484118,1077,n4,light
484120,1110,n4,light
484122,1137,n4,light
484124,1148,n4,light
484126,1124,n4,light
484128,1161,n4,light
484130,1190,n4,light
484132,1194,n4,light
484134,1171,n4,light
484136,1194,n4,light
484138,1200,n4,light
484140,1193,n4,light
484142,1152,n4,light
484144,1133,n4,light
484146,1119,n4,light
484148,1099,n4,light
484150,1057,n4,light
484152,1043,n4,light
484154,1051,n4,light
484156,1062,n4,light
484158,1039,n4,light
484160,1053,n4,light
484162,1074,n4,light
484164,1099,n4,light
484166,1078,n4,light
484168,1080,n4,light
484170,1159,n4,light
484172,1226,n4,light
484174,1217,n4,light
484176,1257,n4,light
484178,1331,n4,light
484180,1367,n4,light
484182,1354,n4,light
484184,1310,n4,light
484186,1311,n4,light
484188,1331,n4,light
484190,1348,n4,light
484192,1327,n4,light
484194,1295,n4,light
484196,1295,n4,light
484198,1298,n4,light
484200,1277,n4,light
484202,1265,n4,light
484204,1265,n4,light
484206,1264,n4,light
484208,1223,n4,light
484210,1182,n4,light
484212,1189,n4,light
484214,1202,n4,light
484216,1205,n4,light
484218,1170,n4,light
484220,1185,n4,light
484222,1232,n4,light
484224,1251,n4,light
484226,1211,n4,light
484228,1279,n4,light
484230,1322,n4,light
484232,1331,n4,light
484234,1285,n4,light
484236,1303,n4,light
484238,1314,n4,light
484240,1307,n4,light
484242,1266,n4,light
484244,1264,n4,light
484246,1281,n4,light
484248,1266,n4,light
484250,1232,n4,light
484252,1261,n4,light
484254,1261,n4,light
484256,1209,n4,light
484258,1153,n4,light
484260,1136,n4,light
484262,1152,n4,light
484264,1175,n4,light
484266,1142,n4,light
484268,1188,n4,light
484270,1233,n4,light
484272,1215,n4,light
484274,1168,n4,light
484276,1143,n4,light
484278,1143,n4,light
484280,1141,n4,light
484282,1132,n4,light
484284,1091,n4,light
484286,1089,n4,light
484288,1127,n4,light
484290,1152,n4,light
484292,1121,n4,light
484294,1130,n4,light
484296,1134,n4,light
484298,1127,n4,light
484300,1081,n4,light
484302,1083,n4,light
484304,1048,n4,light
484306,1014,n4,light
484308,979,n4,light
484310,944,n4,light
484312,934,n4,light
484314,918,n4,light
484316,917,n4,light
484318,898,n4,light
484320,940,n4,light
484322,950,n4,light
484324,933,n4,light
484326,912,n4,light
484328,911,n4,light
484330,926,n4,light
484332,932,n4,light
484334,913,n4,light
484336,943,n4,light
484338,961,n4,light
484340,965,n4,light
484342,949,n4,light
484344,976,n4,light
484346,1011,n4,light
484348,1023,n4,light
484350,990,n4,light
484352,991,n4,light
484354,1007,n4,light
484356,1063,n4,light
484358,1087,n4,light
484360,1042,n4,light
484362,1071,n4,light
484364,1111,n4,light
484366,1136,n4,light
484368,1094,n4,light
484370,1112,n4,light
484372,1136,n4,light
484374,1104,n4,light
484376,1107,n4,light
484378,1111,n4,light
484380,1118,n4,light
484382,1107,n4,light
484384,1074,n4,light
484386,1078,n4,light
484388,1094,n4,light
484390,1089,n4,light
484392,1063,n4,light
484394,1059,n4,light
484396,1058,n4,light
484398,1063,n4,light
484400,1036,n4,light
484402,1065,n4,light
484404,1093,n4,light
484406,1110,n4,light
484408,1087,n4,light
484410,1080,n4,light
484412,1088,n4,light
484414,1095,n4,light
484416,1098,n4,light
484418,1079,n4,light
484420,1111,n4,light
484422,1125,n4,light
484424,1099,n4,light
484426,1072,n4,light
484428,1079,n4,light
484430,1069,n4,light
484432,1072,n4,light
484434,1048,n4,light
484436,1072,n4,light
484438,1124,n4,light
484440,1104,n4,light
484442,1107,n4,light
484444,1084,n4,light
484446,1093,n4,light
484448,1110,n4,light
484450,1111,n4,light
484452,1094,n4,light
484454,1133,n4,light
484456,1152,n4,light
484458,1129,n4,light
484460,1097,n4,light
484462,1104,n4,light
484464,1110,n4,light
484466,1086,n4,light
484468,1073,n4,light
484470,1104,n4,light
484472,1111,n4,light
484474,1102,n4,light
484476,1072,n4,light
484478,1089,n4,light
484480,1101,n4,light
484482,1090,n4,light
484484,1071,n4,light
484486,1088,n4,light
484488,1109,n4,light
484490,1088,n4,light
484492,1062,n4,light
484494,1073,n4,light
484496,1107,n4,light
484498,1126,n4,light
484500,1103,n4,light
484502,1104,n4,light
484504,1133,n4,light
484506,1174,n4,light
484508,1201,n4,light
484510,1171,n4,light
484512,1190,n4,light
484514,1219,n4,light
484516,1235,n4,light
484518,1221,n4,light
484520,1183,n4,light
484522,1155,n4,light
484524,1148,n4,light
484526,1117,n4,light
484528,1133,n4,light
484530,1150,n4,light
484532,1120,n4,light
484534,1104,n4,light
484536,1136,n4,light
484538,1141,n4,light
484540,1107,n4,light
484542,1072,n4,light
484544,1062,n4,light
484546,1081,n4,light
484548,1089,n4,light
484550,1057,n4,light
484552,1057,n4,light
484554,1088,n4,light
484556,1084,n4,light
484558,1046,n4,light
484560,1033,n4,light
484562,1051,n4,light
484564,1042,n4,light
484566,995,n4,light
484568,1001,n4,light
484570,1045,n4,light
484572,1045,n4,light
484574,1019,n4,light
484576,978,n4,light
484578,994,n4,light
484580,1003,n4,light
484582,985,n4,light
484584,971,n4,light
484586,963,n4,light
484588,949,n4,light
484590,919,n4,light
484592,893,n4,light
484594,875,n4,light
484596,881,n4,light
484598,876,n4,light
484600,847,n4,light
484602,839,n4,light
484604,854,n4,light
484606,855,n4,light
484608,839,n4,light
484610,848,n4,light
484612,859,n4,light
484614,862,n4,light
484616,832,n4,light
484618,868,n4,light
484620,922,n4,light
484622,933,n4,light
484624,931,n4,light
484626,919,n4,light
484628,960,n4,light
484630,1008,n4,light
484632,997,n4,light
484634,973,n4,light
484636,990,n4,light
484638,981,n4,light
484640,960,n4,light
484642,934,n4,light
484644,908,n4,light
484646,913,n4,light
484648,887,n4,light
484650,853,n4,light
484652,865,n4,light
484654,862,n4,light
484656,832,n4,light
484658,804,n4,light
484660,787,n4,light
484662,797,n4,light
484664,806,n4,light
484666,843,n4,light
484668,826,n4,light
484670,886,n4,light
484672,917,n4,light
484674,902,n4,light
484676,895,n4,light
484678,930,n4,light
484680,963,n4,light
484682,990,n4,light
484684,974,n4,light
484686,1017,n4,light
484688,1075,n4,light
484690,1085,n4,light
484692,1056,n4,light
484694,1071,n4,light
484696,1090,n4,light
484698,1094,n4,light
484700,1059,n4,light
484702,1067,n4,light
484704,1088,n4,light
484706,1099,n4,light
484708,1082,n4,light
484710,1076,n4,light
484712,1104,n4,light
484714,1110,n4,light
484716,1087,n4,light
484718,1060,n4,light
484720,1085,n4,light
484722,1088,n4,light
484724,1083,n4,light
484726,1059,n4,light
484728,1081,n4,light
484730,1102,n4,light
484732,1097,n4,light
484734,1069,n4,light
484736,1089,n4,light
484738,1117,n4,light
484740,1118,n4,light
484742,1085,n4,light
484744,1072,n4,light
484746,1058,n4,light
484748,1043,n4,light
484750,1011,n4,light
484752,1042,n4,light
484754,1021,n4,light
484756,989,n4,light
484758,945,n4,light
484760,918,n4,light
484762,921,n4,light
484764,950,n4,light
484766,995,n4,light
484768,998,n4,light
484770,1043,n4,light
484772,1062,n4,light
484774,1047,n4,light
484776,1017,n4,light
484778,1040,n4,light
484780,1078,n4,light
484782,1067,n4,light
484784,1042,n4,light
484786,1072,n4,light
484788,1090,n4,light
484790,1088,n4,light
484792,1073,n4,light
484794,1099,n4,light
484796,1109,n4,light
484798,1106,n4,light
484800,1081,n4,light
484802,1118,n4,light
484804,1151,n4,light
484806,1131,n4,light
484808,1088,n4,light
484810,1077,n4,light
484812,1072,n4,light
484814,1076,n4,light
484816,1088,n4,light
484818,1072,n4,light
484820,1105,n4,light
484822,1151,n4,light
484824,1165,n4,light
484826,1120,n4,light
484828,1114,n4,light
484830,1162,n4,light
484832,1166,n4,light
