t_ms,raw,subject,gesture
3140160,4,n6,grip
3140162,14,n6,grip
3140164,11,n6,grip
3140166,18,n6,grip
3140168,25,n6,grip
3140170,37,n6,grip
3140172,44,n6,grip
3140174,41,n6,grip
3140176,47,n6,grip
3140178,65,n6,grip
3140180,65,n6,grip
3140182,61,n6,grip
3140184,51,n6,grip
3140186,57,n6,grip
3140188,66,n6,grip
3140190,80,n6,grip
3140192,78,n6,grip
3140194,114,n6,grip
3140196,107,n6,grip
3140198,97,n6,grip
3140200,109,n6,grip
3140202,129,n6,grip
3140204,132,n6,grip
3140206,138,n6,grip
3140208,131,n6,grip
3140210,144,n6,grip
3140212,140,n6,grip
3140214,144,n6,grip
3140216,135,n6,grip
3140218,147,n6,grip
3140220,145,n6,grip
3140222,142,n6,grip
3140224,141,n6,grip
3140226,141,n6,grip
3140228,135,n6,grip
3140230,128,n6,grip
3140232,123,n6,grip
3140234,117,n6,grip
3140236,130,n6,grip
3140238,174,n6,grip
3140240,191,n6,grip
3140242,197,n6,grip
3140244,235,n6,grip
3140246,253,n6,grip
3140248,256,n6,grip
3140250,254,n6,grip
3140252,301,n6,grip
3140254,298,n6,grip
3140256,320,n6,grip
3140258,377,n6,grip
3140260,380,n6,grip
3140262,449,n6,grip
3140264,403,n6,grip
3140266,346,n6,grip
3140268,320,n6,grip
3140270,314,n6,grip
3140272,357,n6,grip
3140274,355,n6,grip
3140276,322,n6,grip
3140278,342,n6,grip
3140280,450,n6,grip
3140282,438,n6,grip
3140284,420,n6,grip
3140286,496,n6,grip
3140288,510,n6,grip
3140290,496,n6,grip
3140292,477,n6,grip
3140294,459,n6,grip
3140296,480,n6,grip
3140298,485,n6,grip
3140300,503,n6,grip
3140302,494,n6,grip
3140304,477,n6,grip
3140306,460,n6,grip
3140308,442,n6,grip
3140310,416,n6,grip
3140312,391,n6,grip
3140314,407,n6,grip
3140316,380,n6,grip
3140318,368,n6,grip
3140320,436,n6,grip
3140322,511,n6,grip
3140324,689,n6,grip
3140326,1152,n6,grip
3140328,533,n6,grip
3140330,577,n6,grip
3140332,608,n6,grip
3140334,601,n6,grip
3140336,571,n6,grip
3140338,549,n6,grip
3140340,551,n6,grip
3140342,531,n6,grip
3140344,553,n6,grip
3140346,579,n6,grip
3140348,559,n6,grip
3140350,531,n6,grip
3140352,546,n6,grip
3140354,549,n6,grip
3140356,611,n6,grip
3140358,649,n6,grip
3140360,644,n6,grip
3140362,688,n6,grip
3140364,707,n6,grip
3140366,774,n6,grip
3140368,764,n6,grip
3140370,752,n6,grip
3140372,752,n6,grip
3140374,751,n6,grip
3140376,721,n6,grip
3140378,716,n6,grip
3140380,705,n6,grip
3140382,676,n6,grip
3140384,652,n6,grip
3140386,640,n6,grip
3140388,619,n6,grip
3140390,587,n6,grip
3140392,577,n6,grip
3140394,589,n6,grip
3140396,586,n6,grip
3140398,563,n6,grip
3140400,549,n6,grip
3140402,535,n6,grip
3140404,525,n6,grip
3140406,503,n6,grip
3140408,511,n6,grip
3140410,496,n6,grip
3140412,481,n6,grip
3140414,463,n6,grip
3140416,432,n6,grip
3140418,434,n6,grip
3140420,435,n6,grip
3140422,422,n6,grip
3140424,423,n6,grip
3140426,431,n6,grip
3140428,432,n6,grip
3140430,439,n6,grip
3140432,491,n6,grip
3140434,477,n6,grip
3140436,464,n6,grip
3140438,462,n6,grip
3140440,437,n6,grip
3140442,420,n6,grip
3140444,416,n6,grip
3140446,418,n6,grip
3140448,446,n6,grip
3140450,445,n6,grip
3140452,433,n6,grip
3140454,419,n6,grip
3140456,410,n6,grip
3140458,400,n6,grip
3140460,410,n6,grip
3140462,400,n6,grip
3140464,400,n6,grip
3140466,400,n6,grip
3140468,378,n6,grip
3140470,365,n6,grip
3140472,354,n6,grip
3140474,336,n6,grip
3140476,334,n6,grip
3140478,366,n6,grip
3140480,387,n6,grip
3140482,395,n6,grip
3140484,387,n6,grip
3140486,379,n6,grip
3140488,367,n6,grip
3140490,391,n6,grip
3140492,387,n6,grip
3140494,370,n6,grip
3140496,361,n6,grip
3140498,354,n6,grip
3140500,370,n6,grip
3140502,367,n6,grip
3140504,362,n6,grip
3140506,373,n6,grip
3140508,447,n6,grip
3140510,482,n6,grip
3140512,523,n6,grip
3140514,533,n6,grip
3140516,549,n6,grip
3140518,531,n6,grip
3140520,511,n6,grip
3140522,495,n6,grip
3140524,478,n6,grip
3140526,462,n6,grip
3140528,467,n6,grip
3140530,483,n6,grip
3140532,560,n6,grip
3140534,562,n6,grip
3140536,571,n6,grip
3140538,581,n6,grip
3140540,564,n6,grip
3140542,549,n6,grip
3140544,560,n6,grip
3140546,560,n6,grip
3140548,553,n6,grip
3140550,590,n6,grip
3140552,587,n6,grip
3140554,567,n6,grip
3140556,546,n6,grip
3140558,533,n6,grip
3140560,528,n6,grip
3140562,505,n6,grip
3140564,498,n6,grip
3140566,485,n6,grip
3140568,491,n6,grip
3140570,474,n6,grip
3140572,459,n6,grip
3140574,447,n6,grip
3140576,432,n6,grip
3140578,415,n6,grip
3140580,396,n6,grip
3140582,399,n6,grip
3140584,421,n6,grip
3140586,401,n6,grip
3140588,386,n6,grip
3140590,368,n6,grip
3140592,379,n6,grip
3140594,369,n6,grip
3140596,358,n6,grip
3140598,361,n6,grip
3140600,339,n6,grip
3140602,331,n6,grip
3140604,325,n6,grip
3140606,330,n6,grip
3140608,327,n6,grip
3140610,341,n6,grip
3140612,388,n6,grip
3140614,423,n6,grip
3140616,423,n6,grip
3140618,417,n6,grip
3140620,417,n6,grip
3140622,415,n6,grip
3140624,415,n6,grip
3140626,431,n6,grip
3140628,410,n6,grip
3140630,401,n6,grip
3140632,391,n6,grip
3140634,376,n6,grip
3140636,367,n6,grip
3140638,373,n6,grip
3140640,393,n6,grip
3140642,413,n6,grip
3140644,439,n6,grip
3140646,541,n6,grip
3140648,567,n6,grip
3140650,624,n6,grip
3140652,659,n6,grip
3140654,681,n6,grip
3140656,656,n6,grip
3140658,645,n6,grip
3140660,638,n6,grip
3140662,619,n6,grip
3140664,592,n6,grip
3140666,560,n6,grip
3140668,543,n6,grip
3140670,528,n6,grip
3140672,495,n6,grip
3140674,474,n6,grip
3140676,464,n6,grip
3140678,464,n6,grip
3140680,464,n6,grip
3140682,459,n6,grip
3140684,432,n6,grip
3140686,435,n6,grip
3140688,419,n6,grip
3140690,397,n6,grip
3140692,384,n6,grip
3140694,384,n6,grip
3140696,374,n6,grip
3140698,390,n6,grip
3140700,454,n6,grip
3140702,461,n6,grip
3140704,489,n6,grip
3140706,491,n6,grip
3140708,477,n6,grip
3140710,463,n6,grip
3140712,458,n6,grip
3140714,458,n6,grip
3140716,439,n6,grip
3140718,414,n6,grip
3140720,406,n6,grip
3140722,400,n6,grip
3140724,397,n6,grip
3140726,384,n6,grip
3140728,365,n6,grip
3140730,358,n6,grip
3140732,336,n6,grip
3140734,324,n6,grip
3140736,351,n6,grip
3140738,347,n6,grip
3140740,359,n6,grip
3140742,389,n6,grip
3140744,384,n6,grip
3140746,402,n6,grip
3140748,391,n6,grip
3140750,371,n6,grip
3140752,353,n6,grip
3140754,357,n6,grip
3140756,366,n6,grip
3140758,389,n6,grip
3140760,438,n6,grip
3140762,433,n6,grip
3140764,437,n6,grip
3140766,453,n6,grip
3140768,455,n6,grip
3140770,433,n6,grip
3140772,423,n6,grip
3140774,402,n6,grip
3140776,391,n6,grip
3140778,373,n6,grip
3140780,400,n6,grip
3140782,402,n6,grip
3140784,407,n6,grip
3140786,397,n6,grip
3140788,379,n6,grip
3140790,361,n6,grip
3140792,365,n6,grip
3140794,345,n6,grip
3140796,330,n6,grip
3140798,343,n6,grip
3140800,353,n6,grip
3140802,350,n6,grip
3140804,396,n6,grip
3140806,415,n6,grip
3140808,421,n6,grip
3140810,402,n6,grip
3140812,389,n6,grip
3140814,383,n6,grip
3140816,368,n6,grip
3140818,356,n6,grip
3140820,369,n6,grip
3140822,362,n6,grip
3140824,343,n6,grip
3140826,354,n6,grip
3140828,347,n6,grip
3140830,336,n6,grip
3140832,367,n6,grip
3140834,387,n6,grip
3140836,387,n6,grip
3140838,375,n6,grip
3140840,381,n6,grip
3140842,418,n6,grip
3140844,413,n6,grip
3140846,400,n6,grip
3140848,393,n6,grip
3140850,378,n6,grip
3140852,363,n6,grip
3140854,341,n6,grip
3140856,334,n6,grip
3140858,325,n6,grip
3140860,320,n6,grip
3140862,321,n6,grip
3140864,368,n6,grip
3140866,397,n6,grip
3140868,437,n6,grip
3140870,432,n6,grip
3140872,413,n6,grip
3140874,395,n6,grip
3140876,375,n6,grip
3140878,354,n6,grip
3140880,336,n6,grip
3140882,323,n6,grip
3140884,335,n6,grip
3140886,314,n6,grip
3140888,305,n6,grip
3140890,290,n6,grip
3140892,272,n6,grip
3140894,258,n6,grip
3140896,256,n6,grip
3140898,269,n6,grip
3140900,337,n6,grip
3140902,351,n6,grip
3140904,407,n6,grip
3140906,403,n6,grip
3140908,391,n6,grip
3140910,374,n6,grip
3140912,379,n6,grip
3140914,404,n6,grip
3140916,390,n6,grip
3140918,368,n6,grip
3140920,366,n6,grip
3140922,361,n6,grip
3140924,362,n6,grip
3140926,347,n6,grip
3140928,335,n6,grip
3140930,322,n6,grip
3140932,315,n6,grip
3140934,309,n6,grip
3140936,304,n6,grip
3140938,320,n6,grip
3140940,367,n6,grip
3140942,375,n6,grip
3140944,400,n6,grip
3140946,383,n6,grip
3140948,369,n6,grip
3140950,351,n6,grip
3140952,336,n6,grip
3140954,331,n6,grip
3140956,315,n6,grip
3140958,304,n6,grip
3140960,307,n6,grip
3140962,295,n6,grip
3140964,291,n6,grip
3140966,304,n6,grip
3140968,300,n6,grip
3140970,302,n6,grip
3140972,288,n6,grip
3140974,272,n6,grip
3140976,256,n6,grip
3140978,245,n6,grip
3140980,240,n6,grip
3140982,238,n6,grip
3140984,225,n6,grip
3140986,214,n6,grip
3140988,211,n6,grip
3140990,207,n6,grip
3140992,218,n6,grip
3140994,239,n6,grip
3140996,235,n6,grip
3140998,238,n6,grip
3141000,244,n6,grip
3141002,250,n6,grip
3141004,263,n6,grip
3141006,270,n6,grip
3141008,253,n6,grip
3141010,258,n6,grip
3141012,253,n6,grip
3141014,259,n6,grip
3141016,286,n6,grip
3141018,303,n6,grip
3141020,319,n6,grip
3141022,337,n6,grip
3141024,353,n6,grip
3141026,362,n6,grip
3141028,345,n6,grip
3141030,333,n6,grip
3141032,336,n6,grip
3141034,352,n6,grip
3141036,363,n6,grip
3141038,359,n6,grip
3141040,353,n6,grip
3141042,348,n6,grip
3141044,349,n6,grip
3141046,336,n6,grip
3141048,325,n6,grip
3141050,357,n6,grip
3141052,370,n6,grip
3141054,372,n6,grip
3141056,384,n6,grip
3141058,403,n6,grip
3141060,410,n6,grip
3141062,397,n6,grip
3141064,388,n6,grip
3141066,368,n6,grip
3141068,351,n6,grip
3141070,347,n6,grip
3141072,337,n6,grip
3141074,358,n6,grip
3141076,347,n6,grip
3141078,342,n6,grip
3141080,342,n6,grip
3141082,327,n6,grip
3141084,307,n6,grip
3141086,333,n6,grip
3141088,335,n6,grip
3141090,367,n6,grip
3141092,368,n6,grip
3141094,405,n6,grip
3141096,400,n6,grip
3141098,406,n6,grip
3141100,395,n6,grip
3141102,372,n6,grip
3141104,355,n6,grip
3141106,336,n6,grip
3141108,320,n6,grip
3141110,312,n6,grip
3141112,293,n6,grip
3141114,289,n6,grip
3141116,272,n6,grip
3141118,256,n6,grip
3141120,242,n6,grip
3141122,228,n6,grip
3141124,217,n6,grip
3141126,220,n6,grip
3141128,210,n6,grip
3141130,217,n6,grip
3141132,207,n6,grip
3141134,193,n6,grip
3141136,186,n6,grip
3141138,176,n6,grip
3141140,166,n6,grip
3141142,157,n6,grip
3141144,151,n6,grip
3141146,149,n6,grip
3141148,173,n6,grip
3141150,173,n6,grip
3141152,159,n6,grip
3141154,192,n6,grip
3141156,201,n6,grip
3141158,187,n6,grip
3141160,185,n6,grip
3141162,185,n6,grip
3141164,179,n6,grip
3141166,173,n6,grip
3141168,177,n6,grip
3141170,177,n6,grip
3141172,176,n6,grip
3141174,170,n6,grip
3141176,176,n6,grip
3141178,192,n6,grip
3141180,193,n6,grip
3141182,195,n6,grip
3141184,196,n6,grip
3141186,190,n6,grip
3141188,189,n6,grip
3141190,208,n6,grip
3141192,208,n6,grip
3141194,256,n6,grip
3141196,249,n6,grip
3141198,240,n6,grip
3141200,229,n6,grip
3141202,225,n6,grip
3141204,236,n6,grip
3141206,241,n6,grip
3141208,245,n6,grip
3141210,234,n6,grip
3141212,219,n6,grip
3141214,208,n6,grip
3141216,192,n6,grip
3141218,183,n6,grip
3141220,173,n6,grip
3141222,166,n6,grip
3141224,159,n6,grip
3141226,161,n6,grip
3141228,158,n6,grip
3141230,150,n6,grip
3141232,144,n6,grip
3141234,132,n6,grip
3141236,133,n6,grip
3141238,128,n6,grip
3141240,141,n6,grip
3141242,158,n6,grip
3141244,187,n6,grip
3141246,179,n6,grip
3141248,176,n6,grip
3141250,186,n6,grip
3141252,202,n6,grip
3141254,215,n6,grip
3141256,220,n6,grip
3141258,259,n6,grip
3141260,270,n6,grip
3141262,266,n6,grip
3141264,258,n6,grip
3141266,241,n6,grip
3141268,233,n6,grip
3141270,222,n6,grip
3141272,208,n6,grip
3141274,197,n6,grip
3141276,184,n6,grip
3141278,174,n6,grip
3141280,164,n6,grip
3141282,170,n6,grip
3141284,167,n6,grip
3141286,171,n6,grip
3141288,171,n6,grip
3141290,165,n6,grip
3141292,161,n6,grip
3141294,159,n6,grip
3141296,151,n6,grip
3141298,160,n6,grip
3141300,176,n6,grip
3141302,176,n6,grip
3141304,166,n6,grip
3141306,160,n6,grip
3141308,153,n6,grip
3141310,162,n6,grip
3141312,165,n6,grip
3141314,206,n6,grip
3141316,256,n6,grip
3141318,288,n6,grip
3141320,274,n6,grip
3141322,258,n6,grip
3141324,251,n6,grip
3141326,248,n6,grip
3141328,247,n6,grip
3141330,254,n6,grip
3141332,247,n6,grip
3141334,238,n6,grip
3141336,225,n6,grip
3141338,208,n6,grip
3141340,197,n6,grip
3141342,189,n6,grip
3141344,176,n6,grip
3141346,171,n6,grip
3141348,159,n6,grip
3141350,147,n6,grip
3141352,147,n6,grip
3141354,144,n6,grip
3141356,134,n6,grip
3141358,139,n6,grip
3141360,131,n6,grip
3141362,153,n6,grip
3141364,172,n6,grip
3141366,236,n6,grip
3141368,251,n6,grip
3141370,250,n6,grip
3141372,251,n6,grip
3141374,237,n6,grip
3141376,219,n6,grip
3141378,208,n6,grip
3141380,199,n6,grip
3141382,184,n6,grip
3141384,176,n6,grip
3141386,162,n6,grip
3141388,153,n6,grip
3141390,144,n6,grip
3141392,137,n6,grip
3141394,128,n6,grip
3141396,117,n6,grip
3141398,114,n6,grip
3141400,111,n6,grip
3141402,102,n6,grip
3141404,94,n6,grip
3141406,85,n6,grip
3141408,82,n6,grip
3141410,74,n6,grip
3141412,80,n6,grip
3141414,81,n6,grip
3141416,84,n6,grip
3141418,176,n6,grip
3141420,256,n6,grip
3141422,304,n6,grip
3141424,354,n6,grip
3141426,343,n6,grip
3141428,344,n6,grip
3141430,331,n6,grip
3141432,314,n6,grip
3141434,309,n6,grip
3141436,305,n6,grip
3141438,302,n6,grip
3141440,316,n6,grip
3141442,303,n6,grip
3141444,288,n6,grip
3141446,273,n6,grip
3141448,259,n6,grip
3141450,246,n6,grip
3141452,234,n6,grip
3141454,221,n6,grip
3141456,209,n6,grip
3141458,201,n6,grip
3141460,194,n6,grip
3141462,183,n6,grip
3141464,169,n6,grip
3141466,160,n6,grip
3141468,162,n6,grip
3141470,151,n6,grip
3141472,150,n6,grip
3141474,144,n6,grip
3141476,139,n6,grip
3141478,137,n6,grip
3141480,132,n6,grip
3141482,140,n6,grip
3141484,133,n6,grip
3141486,123,n6,grip
3141488,113,n6,grip
3141490,112,n6,grip
3141492,103,n6,grip
3141494,102,n6,grip
3141496,99,n6,grip
3141498,107,n6,grip
3141500,143,n6,grip
3141502,146,n6,grip
3141504,175,n6,grip
3141506,159,n6,grip
3141508,171,n6,grip
3141510,165,n6,grip
3141512,178,n6,grip
3141514,179,n6,grip
3141516,180,n6,grip
3141518,169,n6,grip
3141520,157,n6,grip
3141522,147,n6,grip
3141524,140,n6,grip
3141526,159,n6,grip
3141528,208,n6,grip
3141530,240,n6,grip
3141532,272,n6,grip
3141534,271,n6,grip
3141536,272,n6,grip
3141538,259,n6,grip
3141540,243,n6,grip
3141542,232,n6,grip
3141544,215,n6,grip
3141546,205,n6,grip
3141548,192,n6,grip
3141550,181,n6,grip
3141552,174,n6,grip
3141554,167,n6,grip
3141556,158,n6,grip
3141558,151,n6,grip
3141560,143,n6,grip
3141562,133,n6,grip
3141564,124,n6,grip
3141566,118,n6,grip
3141568,112,n6,grip
3141570,115,n6,grip
3141572,113,n6,grip
3141574,111,n6,grip
3141576,103,n6,grip
3141578,103,n6,grip
3141580,95,n6,grip
3141582,85,n6,grip
3141584,80,n6,grip
3141586,80,n6,grip
3141588,79,n6,grip
3141590,81,n6,grip
3141592,80,n6,grip
3141594,86,n6,grip
3141596,80,n6,grip
3141598,75,n6,grip
3141600,68,n6,grip
3141602,64,n6,grip
3141604,57,n6,grip
3141606,64,n6,grip
3141608,64,n6,grip
3141610,60,n6,grip
3141612,55,n6,grip
3141614,55,n6,grip
3141616,74,n6,grip
3141618,95,n6,grip
3141620,106,n6,grip
3141622,138,n6,grip
3141624,139,n6,grip
3141626,134,n6,grip
3141628,128,n6,grip
3141630,119,n6,grip
3141632,112,n6,grip
3141634,108,n6,grip
3141636,98,n6,grip
3141638,92,n6,grip
3141640,91,n6,grip
3141642,89,n6,grip
3141644,81,n6,grip
3141646,91,n6,grip
3141648,86,n6,grip
3141650,106,n6,grip
3141652,109,n6,grip
3141654,111,n6,grip
3141656,110,n6,grip
3141658,102,n6,grip
3141660,96,n6,grip
3141662,85,n6,grip
3141664,78,n6,grip
3141666,75,n6,grip
3141668,70,n6,grip
3141670,80,n6,grip
3141672,81,n6,grip
3141674,91,n6,grip
3141676,83,n6,grip
3141678,79,n6,grip
3141680,74,n6,grip
3141682,73,n6,grip
3141684,65,n6,grip
3141686,70,n6,grip
3141688,69,n6,grip
3141690,65,n6,grip
3141692,64,n6,grip
3141694,61,n6,grip
3141696,55,n6,grip
3141698,50,n6,grip
3141700,61,n6,grip
3141702,72,n6,grip
3141704,68,n6,grip
3141706,71,n6,grip
3141708,82,n6,grip
3141710,90,n6,grip
3141712,86,n6,grip
3141714,78,n6,grip
3141716,82,n6,grip
3141718,75,n6,grip
3141720,69,n6,grip
3141722,64,n6,grip
3141724,71,n6,grip
3141726,64,n6,grip
3141728,61,n6,grip
3141730,54,n6,grip
3141732,53,n6,grip
3141734,94,n6,grip
3141736,102,n6,grip
3141738,112,n6,grip
3141740,105,n6,grip
3141742,102,n6,grip
3141744,96,n6,grip
3141746,87,n6,grip
3141748,84,n6,grip
3141750,81,n6,grip
3141752,75,n6,grip
3141754,71,n6,grip
3141756,66,n6,grip
3141758,60,n6,grip
3141760,55,n6,grip
3141762,47,n6,grip
3141764,45,n6,grip
3141766,37,n6,grip
3141768,34,n6,grip
3141770,33,n6,grip
3141772,35,n6,grip
3141774,42,n6,grip
3141776,37,n6,grip
3141778,35,n6,grip
3141780,31,n6,grip
3141782,27,n6,grip
3141784,23,n6,grip
3141786,27,n6,grip
3141788,49,n6,grip
3141790,51,n6,grip
3141792,64,n6,grip
3141794,64,n6,grip
3141796,63,n6,grip
3141798,60,n6,grip
3141800,55,n6,grip
3141802,54,n6,grip
3141804,55,n6,grip
3141806,57,n6,grip
3141808,49,n6,grip
3141810,47,n6,grip
3141812,41,n6,grip
3141814,33,n6,grip
3141816,28,n6,grip
3141818,25,n6,grip
3141820,22,n6,grip
3141822,23,n6,grip
3141824,23,n6,grip
3141826,31,n6,grip
3141828,33,n6,grip
3141830,30,n6,grip
3141832,22,n6,grip
3141834,21,n6,grip
3141836,17,n6,grip
3141838,23,n6,grip
3141840,28,n6,grip
3141842,58,n6,grip
3141844,84,n6,grip
3141846,90,n6,grip
3141848,112,n6,grip
3141850,123,n6,grip
3141852,123,n6,grip
3141854,117,n6,grip
3141856,112,n6,grip
3141858,108,n6,grip
3141860,110,n6,grip
3141862,102,n6,grip
3141864,93,n6,grip
3141866,84,n6,grip
3141868,79,n6,grip
3141870,70,n6,grip
3141872,80,n6,grip
3141874,80,n6,grip
3141876,77,n6,grip
3141878,81,n6,grip
3141880,83,n6,grip
3141882,94,n6,grip
3141884,116,n6,grip
3141886,117,n6,grip
3141888,118,n6,grip
3141890,117,n6,grip
3141892,112,n6,grip
3141894,108,n6,grip
3141896,96,n6,grip
3141898,111,n6,grip
3141900,101,n6,grip
3141902,114,n6,grip
3141904,114,n6,grip
3141906,112,n6,grip
3141908,117,n6,grip
3141910,128,n6,grip
3141912,128,n6,grip
3141914,160,n6,grip
3141916,164,n6,grip
3141918,225,n6,grip
3141920,224,n6,grip
3141922,227,n6,grip
3141924,223,n6,grip
3141926,210,n6,grip
3141928,208,n6,grip
3141930,199,n6,grip
3141932,193,n6,grip
3141934,182,n6,grip
3141936,176,n6,grip
3141938,164,n6,grip
3141940,159,n6,grip
3141942,154,n6,grip
3141944,144,n6,grip
3141946,135,n6,grip
3141948,139,n6,grip
3141950,144,n6,grip
3141952,151,n6,grip
3141954,164,n6,grip
3141956,159,n6,grip
3141958,147,n6,grip
3141960,144,n6,grip
3141962,147,n6,grip
3141964,151,n6,grip
3141966,147,n6,grip
3141968,151,n6,grip
3141970,141,n6,grip
3141972,134,n6,grip
3141974,129,n6,grip
3141976,123,n6,grip
3141978,125,n6,grip
3141980,116,n6,grip
3141982,112,n6,grip
3141984,107,n6,grip
3141986,99,n6,grip
3141988,99,n6,grip
3141990,99,n6,grip
3141992,107,n6,grip
3141994,125,n6,grip
3141996,116,n6,grip
3141998,121,n6,grip
3142000,127,n6,grip
3142002,131,n6,grip
3142004,124,n6,grip
3142006,139,n6,grip
3142008,134,n6,grip
3142010,133,n6,grip
3142012,151,n6,grip
3142014,149,n6,grip
3142016,161,n6,grip
3142018,175,n6,grip
3142020,171,n6,grip
3142022,187,n6,grip
3142024,193,n6,grip
3142026,192,n6,grip
3142028,178,n6,grip
3142030,176,n6,grip
3142032,192,n6,grip
3142034,220,n6,grip
3142036,207,n6,grip
3142038,239,n6,grip
3142040,245,n6,grip
3142042,236,n6,grip
3142044,221,n6,grip
3142046,208,n6,grip
3142048,196,n6,grip
3142050,189,n6,grip
3142052,178,n6,grip
3142054,167,n6,grip
3142056,158,n6,grip
3142058,151,n6,grip
3142060,141,n6,grip
3142062,137,n6,grip
3142064,128,n6,grip
3142066,115,n6,grip
3142068,111,n6,grip
3142070,112,n6,grip
3142072,106,n6,grip
3142074,96,n6,grip
3142076,104,n6,grip
3142078,119,n6,grip
3142080,135,n6,grip
3142082,170,n6,grip
3142084,171,n6,grip
3142086,156,n6,grip
3142088,148,n6,grip
3142090,145,n6,grip
3142092,144,n6,grip
3142094,135,n6,grip
3142096,141,n6,grip
3142098,165,n6,grip
3142100,161,n6,grip
3142102,170,n6,grip
3142104,165,n6,grip
3142106,155,n6,grip
3142108,159,n6,grip
3142110,150,n6,grip
3142112,138,n6,grip
3142114,130,n6,grip
3142116,127,n6,grip
3142118,128,n6,grip
3142120,119,n6,grip
3142122,119,n6,grip
3142124,127,n6,grip
3142126,132,n6,grip
3142128,128,n6,grip
3142130,125,n6,grip
3142132,118,n6,grip
3142134,118,n6,grip
3142136,111,n6,grip
3142138,102,n6,grip
3142140,94,n6,grip
3142142,90,n6,grip
3142144,91,n6,grip
3142146,111,n6,grip
3142148,106,n6,grip
3142150,115,n6,grip
3142152,119,n6,grip
3142154,115,n6,grip
3142156,110,n6,grip
3142158,112,n6,grip
3142160,112,n6,grip
3142162,115,n6,grip
3142164,123,n6,grip
3142166,149,n6,grip
3142168,145,n6,grip
3142170,143,n6,grip
3142172,130,n6,grip
3142174,123,n6,grip
3142176,114,n6,grip
3142178,109,n6,grip
3142180,128,n6,grip
3142182,149,n6,grip
3142184,166,n6,grip
3142186,179,n6,grip
3142188,186,n6,grip
3142190,197,n6,grip
3142192,198,n6,grip
3142194,187,n6,grip
3142196,182,n6,grip
3142198,188,n6,grip
3142200,177,n6,grip
3142202,171,n6,grip
3142204,188,n6,grip
3142206,183,n6,grip
3142208,201,n6,grip
3142210,200,n6,grip
3142212,197,n6,grip
3142214,183,n6,grip
3142216,174,n6,grip
3151238,695,n6,grip
3151240,730,n6,grip
3151242,715,n6,grip
3151244,685,n6,grip
3151246,655,n6,grip
3151248,623,n6,grip
3151250,645,n6,grip
3151252,802,n6,grip
3151254,842,n6,grip
3151256,844,n6,grip
3151258,885,n6,grip
3151260,927,n6,grip
3151262,923,n6,grip
3151264,894,n6,grip
3151266,901,n6,grip
3151268,881,n6,grip
3151270,877,n6,grip
3151272,869,n6,grip
3151274,869,n6,grip
3151276,833,n6,grip
3151278,815,n6,grip
3151280,795,n6,grip
3151282,857,n6,grip
3151284,974,n6,grip
3151286,1059,n6,grip
3151288,1136,n6,grip
3151290,1090,n6,grip
3151292,1047,n6,grip
3151294,993,n6,grip
3151296,971,n6,grip
3151298,929,n6,grip
3151300,898,n6,grip
3151302,880,n6,grip
3151304,845,n6,grip
3151306,817,n6,grip
3151308,822,n6,grip
3151310,931,n6,grip
3151312,953,n6,grip
3151314,927,n6,grip
3151316,898,n6,grip
3151318,985,n6,grip
3151320,989,n6,grip
3151322,996,n6,grip
3151324,1021,n6,grip
3151326,1011,n6,grip
3151328,987,n6,grip
3151330,983,n6,grip
3151332,1006,n6,grip
3151334,1008,n6,grip
3151336,1004,n6,grip
3151338,963,n6,grip
3151340,921,n6,grip
3151342,886,n6,grip
3151344,848,n6,grip
3151346,814,n6,grip
3151348,784,n6,grip
3151350,779,n6,grip
3151352,781,n6,grip
3151354,782,n6,grip
3151356,858,n6,grip
3151358,865,n6,grip
3151360,935,n6,grip
3151362,956,n6,grip
3151364,934,n6,grip
3151366,896,n6,grip
3151368,859,n6,grip
3151370,832,n6,grip
3151372,795,n6,grip
3151374,765,n6,grip
3151376,733,n6,grip
3151378,816,n6,grip
3151380,845,n6,grip
3151382,933,n6,grip
3151384,901,n6,grip
3151386,903,n6,grip
3151388,873,n6,grip
3151390,844,n6,grip
3151392,809,n6,grip
3151394,773,n6,grip
3151396,755,n6,grip
3151398,762,n6,grip
3151400,735,n6,grip
3151402,720,n6,grip
3151404,711,n6,grip
3151406,724,n6,grip
3151408,716,n6,grip
3151410,694,n6,grip
3151412,699,n6,grip
3151414,700,n6,grip
3151416,688,n6,grip
3151418,687,n6,grip
3151420,656,n6,grip
3151422,624,n6,grip
3151424,618,n6,grip
3151426,625,n6,grip
3151428,619,n6,grip
3151430,631,n6,grip
3151432,646,n6,grip
3151434,630,n6,grip
3151436,656,n6,grip
3151438,633,n6,grip
3151440,617,n6,grip
3151442,591,n6,grip
3151444,566,n6,grip
3151446,571,n6,grip
3151448,573,n6,grip
3151450,550,n6,grip
3151452,548,n6,grip
3151454,588,n6,grip
3151456,688,n6,grip
3151458,717,n6,grip
3151460,787,n6,grip
3151462,790,n6,grip
3151464,766,n6,grip
3151466,738,n6,grip
3151468,730,n6,grip
3151470,727,n6,grip
3151472,699,n6,grip
3151474,667,n6,grip
3151476,690,n6,grip
3151478,704,n6,grip
3151480,702,n6,grip
3151482,669,n6,grip
3151484,656,n6,grip
3151486,626,n6,grip
3151488,634,n6,grip
3151490,686,n6,grip
3151492,753,n6,grip
3151494,784,n6,grip
3151496,774,n6,grip
3151498,758,n6,grip
3151500,722,n6,grip
3151502,689,n6,grip
3151504,656,n6,grip
3151506,636,n6,grip
3151508,631,n6,grip
3151510,610,n6,grip
3151512,617,n6,grip
3151514,638,n6,grip
3151516,672,n6,grip
3151518,669,n6,grip
3151520,730,n6,grip
3151522,722,n6,grip
3151524,725,n6,grip
3151526,745,n6,grip
3151528,730,n6,grip
3151530,725,n6,grip
3151532,702,n6,grip
3151534,691,n6,grip
3151536,720,n6,grip
3151538,722,n6,grip
3151540,754,n6,grip
3151542,774,n6,grip
3151544,778,n6,grip
3151546,751,n6,grip
3151548,752,n6,grip
3151550,784,n6,grip
3151552,771,n6,grip
3151554,813,n6,grip
3151556,800,n6,grip
3151558,783,n6,grip
3151560,761,n6,grip
3151562,742,n6,grip
3151564,749,n6,grip
3151566,727,n6,grip
3151568,750,n6,grip
3151570,731,n6,grip
3151572,738,n6,grip
3151574,738,n6,grip
3151576,737,n6,grip
3151578,790,n6,grip
3151580,801,n6,grip
3151582,803,n6,grip
3151584,775,n6,grip
3151586,767,n6,grip
3151588,733,n6,grip
3151590,703,n6,grip
3151592,673,n6,grip
3151594,659,n6,grip
3151596,635,n6,grip
3151598,623,n6,grip
3151600,605,n6,grip
3151602,624,n6,grip
3151604,608,n6,grip
3151606,628,n6,grip
3151608,611,n6,grip
3151610,599,n6,grip
3151612,586,n6,grip
3151614,571,n6,grip
3151616,576,n6,grip
3151618,574,n6,grip
3151620,591,n6,grip
3151622,585,n6,grip
3151624,574,n6,grip
3151626,560,n6,grip
3151628,560,n6,grip
3151630,573,n6,grip
3151632,559,n6,grip
3151634,617,n6,grip
3151636,640,n6,grip
3151638,686,n6,grip
3151640,693,n6,grip
3151642,681,n6,grip
3151644,656,n6,grip
3151646,635,n6,grip
3151648,651,n6,grip
3151650,658,n6,grip
3151652,681,n6,grip
3151654,659,n6,grip
3151656,628,n6,grip
3151658,599,n6,grip
3151660,605,n6,grip
3151662,577,n6,grip
3151664,553,n6,grip
3151666,538,n6,grip
3151668,511,n6,grip
3151670,511,n6,grip
3151672,496,n6,grip
3151674,508,n6,grip
3151676,553,n6,grip
3151678,592,n6,grip
3151680,608,n6,grip
3151682,586,n6,grip
3151684,560,n6,grip
3151686,530,n6,grip
3151688,531,n6,grip
3151690,555,n6,grip
3151692,543,n6,grip
3151694,564,n6,grip
3151696,573,n6,grip
3151698,630,n6,grip
3151700,660,n6,grip
3151702,686,n6,grip
3151704,701,n6,grip
3151706,701,n6,grip
3151708,725,n6,grip
3151710,697,n6,grip
3151712,674,n6,grip
3151714,647,n6,grip
3151716,623,n6,grip
3151718,598,n6,grip
3151720,576,n6,grip
3151722,564,n6,grip
3151724,548,n6,grip
3151726,528,n6,grip
3151728,511,n6,grip
3151730,492,n6,grip
3151732,469,n6,grip
3151734,450,n6,grip
3151736,432,n6,grip
3151738,411,n6,grip
3151740,407,n6,grip
3151742,424,n6,grip
3151744,405,n6,grip
3151746,407,n6,grip
3151748,395,n6,grip
3151750,382,n6,grip
3151752,369,n6,grip
3151754,383,n6,grip
3151756,371,n6,grip
3151758,360,n6,grip
3151760,347,n6,grip
3151762,336,n6,grip
3151764,340,n6,grip
3151766,375,n6,grip
3151768,366,n6,grip
3151770,384,n6,grip
3151772,398,n6,grip
3151774,472,n6,grip
3151776,503,n6,grip
3151778,528,n6,grip
3151780,573,n6,grip
3151782,690,n6,grip
3151784,690,n6,grip
3151786,666,n6,grip
3151788,631,n6,grip
3151790,611,n6,grip
3151792,591,n6,grip
3151794,563,n6,grip
3151796,541,n6,grip
3151798,499,n6,grip
3151800,481,n6,grip
3151802,467,n6,grip
3151804,493,n6,grip
3151806,474,n6,grip
3151808,487,n6,grip
3151810,467,n6,grip
3151812,461,n6,grip
3151814,439,n6,grip
3151816,427,n6,grip
3151818,430,n6,grip
3151820,414,n6,grip
3151822,394,n6,grip
3151824,384,n6,grip
3151826,431,n6,grip
3151828,437,n6,grip
3151830,488,n6,grip
3151832,491,n6,grip
3151834,529,n6,grip
3151836,534,n6,grip
3151838,542,n6,grip
3151840,581,n6,grip
3151842,569,n6,grip
3151844,576,n6,grip
3151846,555,n6,grip
3151848,538,n6,grip
3151850,543,n6,grip
3151852,531,n6,grip
3151854,511,n6,grip
3151856,506,n6,grip
3151858,547,n6,grip
3151860,625,n6,grip
3151862,703,n6,grip
3151864,763,n6,grip
3151866,750,n6,grip
3151868,734,n6,grip
3151870,745,n6,grip
3151872,743,n6,grip
3151874,803,n6,grip
3151876,784,n6,grip
3151878,754,n6,grip
3151880,735,n6,grip
3151882,816,n6,grip
3151884,821,n6,grip
3151886,839,n6,grip
3151888,828,n6,grip
3151890,812,n6,grip
3151892,782,n6,grip
3151894,747,n6,grip
3151896,725,n6,grip
3151898,697,n6,grip
3151900,671,n6,grip
3151902,640,n6,grip
3151904,620,n6,grip
3151906,605,n6,grip
3151908,613,n6,grip
3151910,604,n6,grip
3151912,601,n6,grip
3151914,581,n6,grip
3151916,557,n6,grip
3151918,554,n6,grip
3151920,527,n6,grip
3151922,511,n6,grip
3151924,506,n6,grip
3151926,496,n6,grip
3151928,531,n6,grip
3151930,528,n6,grip
3151932,532,n6,grip
3151934,537,n6,grip
3151936,525,n6,grip
3151938,510,n6,grip
3151940,511,n6,grip
3151942,501,n6,grip
3151944,528,n6,grip
3151946,542,n6,grip
3151948,571,n6,grip
3151950,579,n6,grip
3151952,592,n6,grip
3151954,601,n6,grip
3151956,624,n6,grip
3151958,624,n6,grip
3151960,610,n6,grip
3151962,606,n6,grip
3151964,581,n6,grip
3151966,565,n6,grip
3151968,567,n6,grip
3151970,562,n6,grip
3151972,535,n6,grip
3151974,533,n6,grip
3151976,590,n6,grip
3151978,607,n6,grip
3151980,592,n6,grip
3151982,590,n6,grip
3151984,593,n6,grip
3151986,593,n6,grip
3151988,640,n6,grip
3151990,641,n6,grip
3151992,677,n6,grip
3151994,679,n6,grip
3151996,670,n6,grip
3151998,662,n6,grip
3152000,689,n6,grip
3152002,666,n6,grip
3152004,646,n6,grip
3152006,622,n6,grip
3152008,669,n6,grip
3152010,702,n6,grip
3152012,686,n6,grip
3152014,752,n6,grip
3152016,763,n6,grip
3152018,749,n6,grip
3152020,762,n6,grip
3152022,734,n6,grip
3152024,704,n6,grip
3152026,663,n6,grip
3152028,641,n6,grip
3152030,618,n6,grip
3152032,587,n6,grip
3152034,588,n6,grip
3152036,611,n6,grip
3152038,593,n6,grip
3152040,590,n6,grip
3152042,560,n6,grip
3152044,577,n6,grip
3152046,595,n6,grip
3152048,591,n6,grip
3152050,624,n6,grip
3152052,641,n6,grip
3152054,621,n6,grip
3152056,619,n6,grip
3152058,633,n6,grip
3152060,606,n6,grip
3152062,611,n6,grip
3152064,595,n6,grip
3152066,592,n6,grip
3152068,592,n6,grip
3152070,587,n6,grip
3152072,565,n6,grip
3152074,563,n6,grip
3152076,540,n6,grip
3152078,541,n6,grip
3152080,530,n6,grip
3152082,527,n6,grip
3152084,511,n6,grip
3152086,503,n6,grip
3152088,583,n6,grip
3152090,625,n6,grip
3152092,738,n6,grip
3152094,719,n6,grip
3152096,710,n6,grip
3152098,706,n6,grip
3152100,673,n6,grip
3152102,649,n6,grip
3152104,620,n6,grip
3152106,592,n6,grip
3152108,576,n6,grip
3152110,559,n6,grip
3152112,592,n6,grip
3152114,657,n6,grip
3152116,691,n6,grip
3152118,766,n6,grip
3152120,733,n6,grip
3152122,705,n6,grip
3152124,673,n6,grip
3152126,663,n6,grip
3152128,642,n6,grip
3152130,627,n6,grip
3152132,643,n6,grip
3152134,701,n6,grip
3152136,726,n6,grip
3152138,719,n6,grip
3152140,703,n6,grip
3152142,679,n6,grip
3152144,647,n6,grip
3152146,621,n6,grip
3152148,618,n6,grip
3152150,618,n6,grip
3152152,606,n6,grip
3152154,603,n6,grip
3152156,579,n6,grip
3152158,557,n6,grip
3152160,542,n6,grip
3152162,528,n6,grip
3152164,526,n6,grip
3152166,534,n6,grip
3152168,511,n6,grip
3152170,497,n6,grip
3152172,482,n6,grip
3152174,473,n6,grip
3152176,462,n6,grip
3152178,433,n6,grip
3152180,432,n6,grip
3152182,441,n6,grip
3152184,443,n6,grip
3152186,445,n6,grip
3152188,464,n6,grip
3152190,442,n6,grip
3152192,439,n6,grip
3152194,475,n6,grip
3152196,483,n6,grip
3152198,464,n6,grip
3152200,443,n6,grip
3152202,427,n6,grip
3152204,402,n6,grip
3152206,392,n6,grip
3152208,387,n6,grip
3152210,395,n6,grip
3152212,381,n6,grip
3152214,400,n6,grip
3152216,427,n6,grip
3152218,449,n6,grip
3152220,432,n6,grip
3152222,423,n6,grip
3152224,404,n6,grip
3152226,383,n6,grip
3152228,368,n6,grip
3152230,356,n6,grip
3152232,337,n6,grip
3152234,351,n6,grip
3152236,351,n6,grip
3152238,343,n6,grip
3152240,346,n6,grip
3152242,346,n6,grip
3152244,387,n6,grip
3152246,384,n6,grip
3152248,368,n6,grip
3152250,352,n6,grip
3152252,341,n6,grip
3152254,325,n6,grip
3152256,304,n6,grip
3152258,319,n6,grip
3152260,337,n6,grip
3152262,339,n6,grip
3152264,342,n6,grip
3152266,349,n6,grip
3152268,357,n6,grip
3152270,387,n6,grip
3152272,381,n6,grip
3152274,384,n6,grip
3152276,391,n6,grip
3152278,374,n6,grip
3152280,368,n6,grip
3152282,372,n6,grip
3152284,375,n6,grip
3152286,361,n6,grip
3152288,363,n6,grip
3152290,353,n6,grip
3152292,472,n6,grip
3152294,570,n6,grip
3152296,685,n6,grip
3152298,671,n6,grip
3152300,685,n6,grip
3152302,673,n6,grip
3152304,651,n6,grip
3152306,623,n6,grip
3152308,591,n6,grip
3152310,560,n6,grip
3152312,538,n6,grip
3152314,509,n6,grip
3152316,483,n6,grip
3152318,462,n6,grip
3152320,445,n6,grip
3152322,427,n6,grip
3152324,403,n6,grip
3152326,417,n6,grip
3152328,417,n6,grip
3152330,403,n6,grip
3152332,395,n6,grip
3152334,382,n6,grip
3152336,368,n6,grip
3152338,362,n6,grip
3152340,352,n6,grip
3152342,336,n6,grip
3152344,380,n6,grip
3152346,391,n6,grip
3152348,478,n6,grip
3152350,503,n6,grip
3152352,501,n6,grip
3152354,476,n6,grip
3152356,479,n6,grip
3152358,560,n6,grip
3152360,576,n6,grip
3152362,649,n6,grip
3152364,624,n6,grip
3152366,605,n6,grip
3152368,576,n6,grip
3152370,578,n6,grip
3152372,600,n6,grip
3152374,603,n6,grip
3152376,616,n6,grip
3152378,611,n6,grip
3152380,630,n6,grip
3152382,685,n6,grip
3152384,734,n6,grip
3152386,724,n6,grip
3152388,693,n6,grip
3152390,671,n6,grip
3152392,646,n6,grip
3152394,622,n6,grip
3152396,592,n6,grip
3152398,564,n6,grip
3152400,544,n6,grip
3152402,511,n6,grip
3152404,484,n6,grip
3152406,462,n6,grip
3152408,441,n6,grip
3152410,417,n6,grip
3152412,400,n6,grip
3152414,381,n6,grip
3152416,362,n6,grip
3152418,343,n6,grip
3152420,342,n6,grip
3152422,334,n6,grip
3152424,332,n6,grip
3152426,316,n6,grip
3152428,315,n6,grip
3152430,307,n6,grip
3152432,343,n6,grip
3152434,355,n6,grip
3152436,368,n6,grip
3152438,352,n6,grip
3152440,339,n6,grip
3152442,347,n6,grip
3152444,346,n6,grip
3152446,368,n6,grip
3152448,363,n6,grip
3152450,370,n6,grip
3152452,366,n6,grip
3152454,378,n6,grip
3152456,424,n6,grip
3152458,432,n6,grip
3152460,483,n6,grip
3152462,531,n6,grip
3152464,504,n6,grip
3152466,485,n6,grip
3152468,486,n6,grip
3152470,510,n6,grip
3152472,496,n6,grip
3152474,501,n6,grip
3152476,490,n6,grip
3152478,464,n6,grip
3152480,441,n6,grip
3152482,419,n6,grip
3152484,401,n6,grip
3152486,391,n6,grip
3152488,371,n6,grip
3152490,360,n6,grip
3152492,342,n6,grip
3152494,327,n6,grip
3152496,320,n6,grip
3152498,310,n6,grip
3152500,294,n6,grip
3152502,286,n6,grip
3152504,271,n6,grip
3152506,256,n6,grip
3152508,242,n6,grip
3152510,232,n6,grip
3152512,230,n6,grip
3152514,321,n6,grip
3152516,359,n6,grip
3152518,439,n6,grip
3152520,430,n6,grip
3152522,427,n6,grip
3152524,403,n6,grip
3152526,389,n6,grip
3152528,375,n6,grip
3152530,360,n6,grip
3152532,347,n6,grip
3152534,335,n6,grip
3152536,321,n6,grip
3152538,306,n6,grip
3152540,294,n6,grip
3152542,278,n6,grip
3152544,272,n6,grip
3152546,354,n6,grip
3152548,405,n6,grip
3152550,457,n6,grip
3152552,507,n6,grip
3152554,535,n6,grip
3152556,511,n6,grip
3152558,496,n6,grip
3152560,467,n6,grip
3152562,448,n6,grip
3152564,431,n6,grip
3152566,423,n6,grip
3152568,439,n6,grip
3152570,430,n6,grip
3152572,449,n6,grip
3152574,455,n6,grip
3152576,462,n6,grip
3152578,438,n6,grip
3152580,414,n6,grip
3152582,399,n6,grip
3152584,382,n6,grip
3152586,363,n6,grip
3152588,346,n6,grip
3152590,323,n6,grip
3152592,307,n6,grip
3152594,297,n6,grip
3152596,299,n6,grip
3152598,288,n6,grip
3152600,288,n6,grip
3152602,283,n6,grip
3152604,272,n6,grip
3152606,256,n6,grip
3152608,243,n6,grip
3152610,233,n6,grip
3152612,231,n6,grip
3152614,277,n6,grip
3152616,311,n6,grip
3152618,328,n6,grip
3152620,357,n6,grip
3152622,435,n6,grip
3152624,453,n6,grip
3152626,464,n6,grip
3152628,445,n6,grip
3152630,426,n6,grip
3152632,413,n6,grip
3152634,401,n6,grip
3152636,395,n6,grip
3152638,390,n6,grip
3152640,430,n6,grip
3152642,554,n6,grip
3152644,576,n6,grip
3152646,642,n6,grip
3152648,628,n6,grip
3152650,636,n6,grip
3152652,622,n6,grip
3152654,645,n6,grip
3152656,694,n6,grip
3152658,691,n6,grip
3152660,673,n6,grip
3152662,656,n6,grip
3152664,636,n6,grip
3152666,611,n6,grip
3152668,587,n6,grip
3152670,564,n6,grip
3152672,540,n6,grip
3152674,511,n6,grip
3152676,486,n6,grip
3152678,459,n6,grip
3152680,438,n6,grip
3152682,418,n6,grip
3152684,397,n6,grip
3152686,384,n6,grip
3152688,368,n6,grip
3152690,349,n6,grip
3152692,331,n6,grip
3152694,309,n6,grip
3152696,299,n6,grip
3152698,294,n6,grip
3152700,304,n6,grip
3152702,304,n6,grip
3152704,299,n6,grip
3152706,333,n6,grip
3152708,335,n6,grip
3152710,319,n6,grip
3152712,305,n6,grip
3152714,291,n6,grip
3152716,288,n6,grip
3152718,308,n6,grip
3152720,297,n6,grip
3152722,313,n6,grip
3152724,304,n6,grip
3152726,288,n6,grip
3152728,273,n6,grip
3152730,261,n6,grip
3152732,241,n6,grip
3152734,234,n6,grip
3152736,219,n6,grip
3152738,209,n6,grip
3152740,201,n6,grip
3152742,221,n6,grip
3152744,234,n6,grip
3152746,278,n6,grip
3152748,285,n6,grip
3152750,268,n6,grip
3152752,256,n6,grip
3152754,247,n6,grip
3152756,235,n6,grip
3152758,218,n6,grip
3152760,208,n6,grip
3152762,196,n6,grip
3152764,187,n6,grip
3152766,176,n6,grip
3152768,162,n6,grip
3152770,162,n6,grip
3152772,163,n6,grip
3152774,209,n6,grip
3152776,247,n6,grip
3152778,260,n6,grip
3152780,253,n6,grip
3152782,240,n6,grip
3152784,238,n6,grip
3152786,226,n6,grip
3152788,246,n6,grip
3152790,293,n6,grip
3152792,336,n6,grip
3152794,342,n6,grip
3152796,341,n6,grip
3152798,353,n6,grip
3152800,336,n6,grip
3152802,320,n6,grip
3152804,304,n6,grip
3152806,285,n6,grip
3152808,277,n6,grip
3152810,283,n6,grip
3152812,283,n6,grip
3152814,276,n6,grip
3152816,272,n6,grip
3152818,282,n6,grip
3152820,275,n6,grip
3152822,261,n6,grip
3152824,246,n6,grip
3152826,233,n6,grip
3152828,219,n6,grip
3152830,213,n6,grip
3152832,208,n6,grip
3152834,238,n6,grip
3152836,245,n6,grip
3152838,272,n6,grip
3152840,288,n6,grip
3152842,278,n6,grip
3152844,266,n6,grip
3152846,252,n6,grip
3152848,240,n6,grip
3152850,237,n6,grip
3152852,227,n6,grip
3152854,233,n6,grip
3152856,226,n6,grip
3152858,220,n6,grip
3152860,209,n6,grip
3152862,208,n6,grip
3152864,208,n6,grip
3152866,211,n6,grip
3152868,202,n6,grip
3152870,205,n6,grip
3152872,195,n6,grip
3152874,196,n6,grip
3152876,257,n6,grip
3152878,298,n6,grip
3152880,334,n6,grip
3152882,367,n6,grip
3152884,346,n6,grip
3152886,349,n6,grip
3152888,337,n6,grip
3152890,316,n6,grip
3152892,331,n6,grip
3152894,321,n6,grip
3152896,341,n6,grip
3152898,336,n6,grip
3152900,322,n6,grip
3152902,304,n6,grip
3152904,300,n6,grip
3152906,381,n6,grip
3152908,405,n6,grip
3152910,481,n6,grip
3152912,467,n6,grip
3152914,459,n6,grip
3152916,453,n6,grip
3152918,432,n6,grip
3152920,414,n6,grip
3152922,394,n6,grip
3152924,369,n6,grip
3152926,350,n6,grip
3152928,335,n6,grip
3152930,325,n6,grip
3152932,306,n6,grip
3152934,295,n6,grip
3152936,304,n6,grip
3152938,302,n6,grip
3152940,281,n6,grip
3152942,268,n6,grip
3152944,254,n6,grip
3152946,239,n6,grip
3152948,234,n6,grip
3152950,224,n6,grip
3152952,217,n6,grip
3152954,213,n6,grip
3152956,208,n6,grip
3152958,203,n6,grip
3152960,195,n6,grip
3152962,210,n6,grip
3152964,214,n6,grip
3152966,236,n6,grip
3152968,230,n6,grip
3152970,221,n6,grip
3152972,211,n6,grip
3152974,206,n6,grip
3152976,198,n6,grip
3152978,189,n6,grip
3152980,177,n6,grip
3152982,176,n6,grip
3152984,172,n6,grip
3152986,169,n6,grip
3152988,161,n6,grip
3152990,151,n6,grip
3152992,138,n6,grip
3152994,135,n6,grip
3152996,123,n6,grip
3152998,115,n6,grip
3153000,113,n6,grip
3153002,108,n6,grip
3153004,112,n6,grip
3153006,110,n6,grip
3153008,113,n6,grip
3153010,113,n6,grip
3153012,122,n6,grip
3153014,112,n6,grip
3153016,114,n6,grip
3153018,112,n6,grip
3153020,105,n6,grip
3153022,105,n6,grip
3153024,117,n6,grip
3153026,144,n6,grip
3153028,155,n6,grip
3153030,178,n6,grip
3153032,181,n6,grip
3153034,167,n6,grip
3153036,157,n6,grip
3153038,144,n6,grip
3153040,139,n6,grip
3153042,148,n6,grip
3153044,155,n6,grip
3153046,167,n6,grip
3153048,186,n6,grip
3153050,184,n6,grip
3153052,173,n6,grip
3153054,160,n6,grip
3153056,172,n6,grip
3153058,272,n6,grip
3153060,286,n6,grip
3153062,331,n6,grip
3153064,336,n6,grip
3153066,365,n6,grip
3153068,359,n6,grip
3153070,341,n6,grip
3153072,321,n6,grip
3153074,308,n6,grip
3153076,291,n6,grip
3153078,276,n6,grip
3153080,283,n6,grip
3153082,284,n6,grip
3153084,351,n6,grip
3153086,367,n6,grip
3153088,402,n6,grip
3153090,384,n6,grip
3153092,367,n6,grip
3153094,347,n6,grip
3153096,330,n6,grip
3153098,315,n6,grip
3153100,294,n6,grip
3153102,285,n6,grip
3153104,263,n6,grip
3153106,254,n6,grip
3153108,235,n6,grip
3153110,219,n6,grip
3153112,217,n6,grip
3153114,261,n6,grip
3153116,272,n6,grip
3153118,289,n6,grip
3153120,287,n6,grip
3153122,294,n6,grip
3153124,292,n6,grip
3153126,278,n6,grip
3153128,270,n6,grip
3153130,273,n6,grip
3153132,272,n6,grip
3153134,259,n6,grip
3153136,267,n6,grip
3153138,267,n6,grip
3153140,254,n6,grip
3153142,241,n6,grip
3153144,224,n6,grip
3153146,215,n6,grip
3153148,207,n6,grip
3153150,199,n6,grip
3153152,202,n6,grip
3153154,191,n6,grip
3153156,183,n6,grip
3153158,192,n6,grip
3153160,192,n6,grip
3153162,183,n6,grip
3153164,210,n6,grip
3153166,212,n6,grip
3153168,240,n6,grip
3153170,253,n6,grip
3153172,256,n6,grip
3153174,246,n6,grip
3153176,304,n6,grip
3153178,315,n6,grip
3153180,322,n6,grip
3153182,315,n6,grip
3153184,306,n6,grip
3153186,302,n6,grip
3153188,289,n6,grip
3153190,276,n6,grip
3153192,277,n6,grip
3153194,259,n6,grip
3153196,270,n6,grip
3153198,269,n6,grip
3153200,299,n6,grip
3153202,314,n6,grip
3153204,321,n6,grip
3153206,327,n6,grip
3153208,315,n6,grip
3153210,315,n6,grip
3153212,301,n6,grip
3153214,291,n6,grip
3153216,286,n6,grip
3153218,275,n6,grip
3153220,266,n6,grip
3153222,254,n6,grip
3153224,239,n6,grip
3153226,227,n6,grip
3153228,215,n6,grip
3153230,203,n6,grip
3153232,204,n6,grip
3153234,207,n6,grip
3153236,197,n6,grip
3153238,187,n6,grip
3153240,186,n6,grip
3153242,181,n6,grip
3153244,169,n6,grip
3153246,158,n6,grip
3153248,150,n6,grip
3153250,164,n6,grip
3153252,160,n6,grip
3153254,176,n6,grip
3153256,176,n6,grip
3153258,185,n6,grip
3153260,178,n6,grip
3153262,187,n6,grip
3153264,180,n6,grip
3153266,199,n6,grip
3153268,224,n6,grip
3153270,254,n6,grip
3153272,261,n6,grip
3153274,268,n6,grip
3153276,277,n6,grip
3153278,271,n6,grip
3153280,257,n6,grip
3153282,256,n6,grip
3153284,245,n6,grip
3153286,239,n6,grip
3153288,223,n6,grip
3153290,208,n6,grip
3153292,201,n6,grip
3153294,208,n6,grip
3153296,232,n6,grip
3153298,307,n6,grip
3153300,334,n6,grip
3153302,377,n6,grip
3153304,407,n6,grip
3153306,428,n6,grip
3153308,427,n6,grip
3153310,417,n6,grip
3153312,400,n6,grip
3153314,379,n6,grip
3153316,355,n6,grip
3153318,337,n6,grip
3153320,320,n6,grip
3153322,304,n6,grip
3153324,289,n6,grip
3153326,290,n6,grip
3153328,297,n6,grip
3153330,282,n6,grip
3153332,273,n6,grip
3153334,290,n6,grip
3153336,291,n6,grip
3153338,304,n6,grip
3153340,314,n6,grip
3153342,307,n6,grip
3153344,298,n6,grip
3153346,285,n6,grip
3153348,313,n6,grip
3153350,313,n6,grip
3153352,309,n6,grip
3153354,306,n6,grip
3153356,314,n6,grip
3153358,310,n6,grip
3153360,304,n6,grip
3153362,294,n6,grip
3153364,279,n6,grip
3153366,278,n6,grip
3153368,285,n6,grip
3153370,276,n6,grip
3153372,266,n6,grip
3153374,252,n6,grip
3153376,247,n6,grip
3153378,240,n6,grip
3153380,256,n6,grip
3153382,371,n6,grip
3153384,506,n6,grip
3153386,613,n6,grip
3153388,670,n6,grip
3153390,656,n6,grip
3153392,659,n6,grip
3153394,642,n6,grip
3153396,622,n6,grip
3153398,598,n6,grip
3153400,567,n6,grip
3153402,539,n6,grip
3153404,507,n6,grip
3153406,487,n6,grip
3153408,458,n6,grip
3153410,434,n6,grip
3153412,411,n6,grip
3153414,400,n6,grip
3153416,429,n6,grip
3153418,413,n6,grip
3153420,401,n6,grip
3153422,393,n6,grip
3153424,374,n6,grip
3153426,362,n6,grip
3153428,343,n6,grip
3153430,325,n6,grip
3153432,311,n6,grip
3153434,299,n6,grip
3153436,291,n6,grip
3153438,298,n6,grip
3153440,310,n6,grip
3153442,326,n6,grip
3153444,321,n6,grip
3153446,314,n6,grip
3153448,295,n6,grip
3153450,278,n6,grip
3153452,263,n6,grip
3153454,254,n6,grip
3153456,245,n6,grip
3153458,272,n6,grip
3153460,272,n6,grip
3153462,285,n6,grip
3153464,286,n6,grip
3153466,270,n6,grip
3153468,256,n6,grip
3153470,240,n6,grip
3153472,237,n6,grip
3153474,234,n6,grip
3153476,242,n6,grip
3153478,240,n6,grip
3153480,267,n6,grip
3153482,273,n6,grip
3153484,267,n6,grip
3153486,289,n6,grip
3153488,315,n6,grip
3153490,302,n6,grip
3153492,283,n6,grip
3153494,272,n6,grip
3153496,256,n6,grip
3153498,246,n6,grip
3153500,240,n6,grip
3153502,219,n6,grip
3153504,208,n6,grip
3153506,205,n6,grip
3153508,205,n6,grip
3153510,210,n6,grip
3153512,211,n6,grip
3153514,208,n6,grip
3153516,193,n6,grip
3153518,187,n6,grip
3153520,178,n6,grip
3153522,176,n6,grip
3153524,174,n6,grip
3153526,165,n6,grip
3153528,188,n6,grip
3153530,203,n6,grip
3153532,235,n6,grip
3153534,224,n6,grip
3153536,240,n6,grip
3153538,246,n6,grip
3153540,240,n6,grip
3153542,236,n6,grip
3153544,221,n6,grip
3153546,211,n6,grip
3153548,217,n6,grip
3153550,229,n6,grip
3153552,236,n6,grip
3153554,274,n6,grip
3153556,297,n6,grip
3153558,313,n6,grip
3153560,297,n6,grip
3153562,276,n6,grip
3153564,263,n6,grip
3153566,254,n6,grip
3153568,241,n6,grip
3153570,237,n6,grip
3153572,242,n6,grip
3153574,234,n6,grip
3153576,247,n6,grip
3153578,257,n6,grip
3153580,255,n6,grip
3153582,242,n6,grip
3153584,234,n6,grip
3153586,218,n6,grip
3153588,207,n6,grip
3153590,195,n6,grip
3153592,183,n6,grip
3153594,176,n6,grip
3153596,195,n6,grip
3153598,203,n6,grip
3153600,192,n6,grip
3153602,212,n6,grip
3153604,209,n6,grip
3153606,209,n6,grip
3153608,227,n6,grip
3153610,219,n6,grip
3153612,215,n6,grip
3153614,206,n6,grip
3153616,191,n6,grip
3153618,181,n6,grip
3153620,172,n6,grip
3153622,165,n6,grip
3153624,183,n6,grip
3153626,192,n6,grip
3153628,222,n6,grip
3153630,215,n6,grip
3153632,208,n6,grip
3153634,201,n6,grip
3153636,197,n6,grip
3153638,191,n6,grip
3153640,181,n6,grip
3153642,190,n6,grip
3153644,199,n6,grip
3153646,194,n6,grip
3153648,193,n6,grip
3153650,192,n6,grip
3153652,198,n6,grip
3153654,192,n6,grip
3153656,187,n6,grip
3153658,183,n6,grip
3153660,176,n6,grip
3153662,167,n6,grip
3153664,154,n6,grip
3153666,199,n6,grip
3153668,213,n6,grip
3153670,239,n6,grip
3153672,250,n6,grip
3153674,258,n6,grip
3153676,255,n6,grip
3153678,245,n6,grip
3153680,240,n6,grip
3153682,234,n6,grip
3153684,219,n6,grip
3153686,208,n6,grip
3153688,195,n6,grip
3153690,206,n6,grip
3153692,212,n6,grip
3153694,208,n6,grip
3153696,206,n6,grip
3153698,209,n6,grip
3153700,211,n6,grip
3153702,219,n6,grip
3153704,213,n6,grip
3153706,218,n6,grip
3153708,208,n6,grip
3153710,201,n6,grip
3153712,185,n6,grip
3153714,176,n6,grip
3153716,174,n6,grip
3153718,161,n6,grip
3153720,151,n6,grip
3153722,143,n6,grip
3153724,155,n6,grip
3153726,155,n6,grip
3153728,176,n6,grip
3153730,174,n6,grip
3153732,176,n6,grip
3153734,171,n6,grip
3153736,160,n6,grip
3153738,161,n6,grip
3153740,158,n6,grip
3153742,158,n6,grip
3153744,144,n6,grip
3153746,137,n6,grip
3153748,133,n6,grip
3153750,134,n6,grip
3153752,133,n6,grip
3153754,128,n6,grip
3153756,160,n6,grip
3153758,163,n6,grip
3153760,201,n6,grip
3153762,197,n6,grip
3153764,199,n6,grip
3153766,203,n6,grip
3153768,208,n6,grip
3153770,196,n6,grip
3153772,181,n6,grip
3153774,185,n6,grip
3153776,177,n6,grip
3153778,177,n6,grip
3153780,179,n6,grip
3153782,173,n6,grip
3153784,180,n6,grip
3153786,176,n6,grip
3153788,169,n6,grip
3153790,167,n6,grip
3153792,157,n6,grip
3153794,146,n6,grip
3153796,143,n6,grip
3153798,149,n6,grip
3153800,154,n6,grip
3153802,165,n6,grip
3153804,165,n6,grip
3153806,154,n6,grip
3153808,163,n6,grip
3153810,178,n6,grip
3153812,183,n6,grip
3153814,175,n6,grip
3153816,163,n6,grip
3153818,154,n6,grip
3153820,150,n6,grip
3153822,177,n6,grip
3153824,219,n6,grip
3153826,235,n6,grip
3153828,246,n6,grip
3153830,250,n6,grip
3153832,247,n6,grip
3153834,247,n6,grip
3153836,257,n6,grip
3153838,249,n6,grip
3153840,261,n6,grip
3153842,273,n6,grip
3153844,260,n6,grip
3153846,247,n6,grip
3153848,239,n6,grip
3153850,230,n6,grip
3153852,227,n6,grip
3153854,230,n6,grip
3153856,229,n6,grip
3153858,240,n6,grip
3153860,227,n6,grip
3153862,222,n6,grip
3153864,208,n6,grip
3153866,204,n6,grip
3153868,198,n6,grip
3153870,195,n6,grip
3153872,232,n6,grip
3153874,242,n6,grip
3153876,272,n6,grip
3153878,259,n6,grip
3153880,242,n6,grip
3153882,229,n6,grip
3153884,222,n6,grip
3153886,208,n6,grip
3153888,213,n6,grip
3153890,212,n6,grip
3153892,201,n6,grip
3153894,185,n6,grip
3153896,180,n6,grip
3153898,172,n6,grip
3153900,170,n6,grip
3153902,159,n6,grip
3153904,178,n6,grip
3153906,208,n6,grip
3153908,229,n6,grip
3153910,249,n6,grip
3153912,241,n6,grip
3153914,249,n6,grip
3153916,236,n6,grip
3153918,227,n6,grip
3153920,231,n6,grip
3153922,233,n6,grip
3153924,229,n6,grip
3153926,219,n6,grip
3153928,208,n6,grip
3153930,195,n6,grip
3153932,188,n6,grip
3153934,175,n6,grip
3153936,165,n6,grip
3153938,169,n6,grip
3153940,168,n6,grip
3153942,153,n6,grip
3153944,144,n6,grip
3153946,137,n6,grip
3153948,130,n6,grip
3153950,126,n6,grip
3153952,131,n6,grip
3153954,134,n6,grip
3153956,150,n6,grip
3153958,147,n6,grip
3153960,153,n6,grip
3153962,175,n6,grip
3153964,178,n6,grip
3153966,206,n6,grip
3153968,208,n6,grip
3153970,208,n6,grip
3153972,208,n6,grip
3153974,199,n6,grip
3153976,204,n6,grip
3153978,197,n6,grip
3153980,205,n6,grip
3153982,199,n6,grip
3153984,191,n6,grip
3153986,178,n6,grip
3153988,176,n6,grip
3153990,166,n6,grip
3153992,171,n6,grip
3153994,174,n6,grip
3153996,191,n6,grip
3153998,198,n6,grip
3154000,210,n6,grip
3154002,216,n6,grip
3154004,224,n6,grip
3154006,223,n6,grip
3154008,210,n6,grip
3154010,202,n6,grip
3154012,190,n6,grip
3154014,179,n6,grip
3154016,175,n6,grip
3154018,170,n6,grip
3154020,163,n6,grip
3154022,160,n6,grip
3154024,157,n6,grip
3154026,144,n6,grip
3154028,138,n6,grip
3154030,132,n6,grip
3154032,123,n6,grip
3154034,116,n6,grip
3154036,112,n6,grip
3154038,126,n6,grip
3154040,149,n6,grip
3154042,164,n6,grip
3154044,225,n6,grip
3154046,251,n6,grip
3154048,270,n6,grip
3154050,279,n6,grip
3154052,272,n6,grip
3154054,261,n6,grip
3154056,248,n6,grip
3154058,243,n6,grip
3154060,236,n6,grip
3154062,220,n6,grip
3154064,218,n6,grip
3154066,270,n6,grip
3154068,272,n6,grip
3154070,304,n6,grip
3154072,287,n6,grip
3154074,315,n6,grip
3154076,300,n6,grip
3154078,286,n6,grip
3154080,269,n6,grip
3154082,257,n6,grip
3154084,240,n6,grip
3154086,238,n6,grip
3154088,246,n6,grip
3154090,266,n6,grip
3154092,273,n6,grip
3154094,275,n6,grip
3154096,263,n6,grip
3154098,252,n6,grip
3154100,238,n6,grip
3154102,225,n6,grip
3154104,209,n6,grip
3154106,199,n6,grip
3154108,190,n6,grip
3154110,178,n6,grip
3154112,187,n6,grip
3154114,209,n6,grip
3154116,210,n6,grip
3154118,210,n6,grip
3154120,225,n6,grip
3154122,216,n6,grip
3154124,210,n6,grip
3154126,210,n6,grip
3154128,220,n6,grip
3154130,208,n6,grip
3154132,195,n6,grip
3154134,190,n6,grip
3154136,176,n6,grip
3154138,178,n6,grip
3154140,190,n6,grip
3154142,219,n6,grip
3154144,223,n6,grip
3154146,215,n6,grip
3154148,236,n6,grip
3154150,257,n6,grip
3154152,256,n6,grip
3154154,241,n6,grip
3154156,225,n6,grip
3154158,218,n6,grip
3154160,203,n6,grip
3154162,214,n6,grip
3154164,201,n6,grip
3154166,210,n6,grip
3154168,206,n6,grip
3154170,201,n6,grip
3154172,201,n6,grip
3154174,195,n6,grip
3154176,197,n6,grip
3154178,208,n6,grip
3154180,203,n6,grip
3154182,189,n6,grip
3154184,178,n6,grip
3154186,171,n6,grip
3154188,163,n6,grip
3154190,193,n6,grip
3154192,195,n6,grip
3154194,203,n6,grip
3154196,207,n6,grip
3154198,212,n6,grip
3154200,209,n6,grip
3154202,198,n6,grip
3154204,192,n6,grip
3154206,182,n6,grip
3154208,174,n6,grip
3154210,164,n6,grip
3154212,156,n6,grip
3154214,149,n6,grip
3154216,140,n6,grip
3154218,133,n6,grip
3154220,157,n6,grip
3154222,171,n6,grip
3154224,198,n6,grip
3154226,193,n6,grip
3154228,218,n6,grip
3154230,218,n6,grip
3154232,205,n6,grip
3154234,196,n6,grip
3154236,180,n6,grip
3154238,178,n6,grip
3154240,179,n6,grip
3154242,173,n6,grip
3154244,176,n6,grip
3154246,193,n6,grip
3154248,199,n6,grip
3163264,759,n6,grip
3163266,733,n6,grip
3163268,707,n6,grip
3163270,759,n6,grip
3163272,767,n6,grip
3163274,796,n6,grip
3163276,903,n6,grip
3163278,903,n6,grip
3163280,925,n6,grip
3163282,944,n6,grip
3163284,923,n6,grip
3163286,910,n6,grip
3163288,927,n6,grip
3163290,929,n6,grip
3163292,944,n6,grip
3163294,917,n6,grip
3163296,915,n6,grip
3163298,902,n6,grip
3163300,921,n6,grip
3163302,944,n6,grip
3163304,923,n6,grip
3163306,931,n6,grip
3163308,888,n6,grip
3163310,870,n6,grip
3163312,841,n6,grip
3163314,829,n6,grip
3163316,813,n6,grip
3163318,787,n6,grip
3163320,759,n6,grip
3163322,721,n6,grip
3163324,695,n6,grip
3163326,675,n6,grip
3163328,647,n6,grip
3163330,638,n6,grip
3163332,609,n6,grip
3163334,593,n6,grip
3163336,606,n6,grip
3163338,674,n6,grip
3163340,707,n6,grip
3163342,826,n6,grip
3163344,836,n6,grip
3163346,819,n6,grip
3163348,784,n6,grip
3163350,752,n6,grip
3163352,737,n6,grip
3163354,711,n6,grip
3163356,688,n6,grip
3163358,656,n6,grip
3163360,624,n6,grip
3163362,598,n6,grip
3163364,592,n6,grip
3163366,566,n6,grip
3163368,545,n6,grip
3163370,531,n6,grip
3163372,557,n6,grip
3163374,544,n6,grip
3163376,563,n6,grip
3163378,608,n6,grip
3163380,677,n6,grip
3163382,735,n6,grip
3163384,718,n6,grip
3163386,687,n6,grip
3163388,661,n6,grip
3163390,634,n6,grip
3163392,635,n6,grip
3163394,636,n6,grip
3163396,701,n6,grip
3163398,734,n6,grip
3163400,807,n6,grip
3163402,789,n6,grip
3163404,819,n6,grip
3163406,877,n6,grip
3163408,850,n6,grip
3163410,815,n6,grip
3163412,784,n6,grip
3163414,751,n6,grip
3163416,717,n6,grip
3163418,688,n6,grip
3163420,719,n6,grip
3163422,758,n6,grip
3163424,750,n6,grip
3163426,717,n6,grip
3163428,735,n6,grip
3163430,765,n6,grip
3163432,750,n6,grip
3163434,715,n6,grip
3163436,691,n6,grip
3163438,687,n6,grip
3163440,676,n6,grip
3163442,697,n6,grip
3163444,691,n6,grip
3163446,681,n6,grip
3163448,654,n6,grip
3163450,671,n6,grip
3163452,678,n6,grip
3163454,743,n6,grip
3163456,740,n6,grip
3163458,717,n6,grip
3163460,688,n6,grip
3163462,659,n6,grip
3163464,667,n6,grip
3163466,659,n6,grip
3163468,663,n6,grip
3163470,637,n6,grip
3163472,629,n6,grip
3163474,640,n6,grip
3163476,611,n6,grip
3163478,594,n6,grip
3163480,614,n6,grip
3163482,587,n6,grip
3163484,562,n6,grip
3163486,535,n6,grip
3163488,531,n6,grip
3163490,510,n6,grip
3163492,487,n6,grip
3163494,465,n6,grip
3163496,442,n6,grip
3163498,421,n6,grip
3163500,403,n6,grip
3163502,401,n6,grip
3163504,448,n6,grip
3163506,458,n6,grip
3163508,491,n6,grip
3163510,467,n6,grip
3163512,471,n6,grip
3163514,470,n6,grip
3163516,496,n6,grip
3163518,528,n6,grip
3163520,551,n6,grip
3163522,617,n6,grip
3163524,621,n6,grip
3163526,639,n6,grip
3163528,612,n6,grip
3163530,597,n6,grip
3163532,592,n6,grip
3163534,599,n6,grip
3163536,646,n6,grip
3163538,657,n6,grip
3163540,722,n6,grip
3163542,720,n6,grip
3163544,715,n6,grip
3163546,717,n6,grip
3163548,742,n6,grip
3163550,742,n6,grip
3163552,720,n6,grip
3163554,711,n6,grip
3163556,688,n6,grip
3163558,657,n6,grip
3163560,643,n6,grip
3163562,615,n6,grip
3163564,597,n6,grip
3163566,595,n6,grip
3163568,627,n6,grip
3163570,629,n6,grip
3163572,633,n6,grip
3163574,639,n6,grip
3163576,614,n6,grip
3163578,596,n6,grip
3163580,577,n6,grip
3163582,575,n6,grip
3163584,553,n6,grip
3163586,530,n6,grip
3163588,528,n6,grip
3163590,511,n6,grip
3163592,511,n6,grip
3163594,500,n6,grip
3163596,483,n6,grip
3163598,496,n6,grip
3163600,497,n6,grip
3163602,495,n6,grip
3163604,496,n6,grip
3163606,498,n6,grip
3163608,496,n6,grip
3163610,481,n6,grip
3163612,503,n6,grip
3163614,497,n6,grip
3163616,531,n6,grip
3163618,640,n6,grip
3163620,747,n6,grip
3163622,821,n6,grip
3163624,819,n6,grip
3163626,789,n6,grip
3163628,752,n6,grip
3163630,742,n6,grip
3163632,720,n6,grip
3163634,710,n6,grip
3163636,701,n6,grip
3163638,692,n6,grip
3163640,678,n6,grip
3163642,673,n6,grip
3163644,656,n6,grip
3163646,723,n6,grip
3163648,716,n6,grip
3163650,735,n6,grip
3163652,725,n6,grip
3163654,705,n6,grip
3163656,671,n6,grip
3163658,657,n6,grip
3163660,641,n6,grip
3163662,624,n6,grip
3163664,594,n6,grip
3163666,567,n6,grip
3163668,545,n6,grip
3163670,511,n6,grip
3163672,511,n6,grip
3163674,498,n6,grip
3163676,481,n6,grip
3163678,478,n6,grip
3163680,474,n6,grip
3163682,455,n6,grip
3163684,435,n6,grip
3163686,563,n6,grip
3163688,624,n6,grip
3163690,691,n6,grip
3163692,688,n6,grip
3163694,678,n6,grip
3163696,711,n6,grip
3163698,697,n6,grip
3163700,704,n6,grip
3163702,692,n6,grip
3163704,693,n6,grip
3163706,667,n6,grip
3163708,663,n6,grip
3163710,642,n6,grip
3163712,620,n6,grip
3163714,592,n6,grip
3163716,571,n6,grip
3163718,611,n6,grip
3163720,610,n6,grip
3163722,684,n6,grip
3163724,674,n6,grip
3163726,648,n6,grip
3163728,629,n6,grip
3163730,625,n6,grip
3163732,599,n6,grip
3163734,576,n6,grip
3163736,562,n6,grip
3163738,538,n6,grip
3163740,543,n6,grip
3163742,547,n6,grip
3163744,536,n6,grip
3163746,511,n6,grip
3163748,563,n6,grip
3163750,643,n6,grip
3163752,662,n6,grip
3163754,765,n6,grip
3163756,870,n6,grip
3163758,862,n6,grip
3163760,843,n6,grip
3163762,805,n6,grip
3163764,763,n6,grip
3163766,738,n6,grip
3163768,715,n6,grip
3163770,704,n6,grip
3163772,720,n6,grip
3163774,797,n6,grip
3163776,795,n6,grip
3163778,839,n6,grip
3163780,847,n6,grip
3163782,827,n6,grip
3163784,788,n6,grip
3163786,772,n6,grip
3163788,751,n6,grip
3163790,720,n6,grip
3163792,682,n6,grip
3163794,656,n6,grip
3163796,624,n6,grip
3163798,609,n6,grip
3163800,623,n6,grip
3163802,598,n6,grip
3163804,576,n6,grip
3163806,554,n6,grip
3163808,539,n6,grip
3163810,511,n6,grip
3163812,482,n6,grip
3163814,464,n6,grip
3163816,446,n6,grip
3163818,460,n6,grip
3163820,491,n6,grip
3163822,527,n6,grip
3163824,571,n6,grip
3163826,563,n6,grip
3163828,538,n6,grip
3163830,510,n6,grip
3163832,486,n6,grip
3163834,461,n6,grip
3163836,466,n6,grip
3163838,542,n6,grip
3163840,546,n6,grip
3163842,622,n6,grip
3163844,599,n6,grip
3163846,589,n6,grip
3163848,560,n6,grip
3163850,540,n6,grip
3163852,528,n6,grip
3163854,493,n6,grip
3163856,468,n6,grip
3163858,454,n6,grip
3163860,431,n6,grip
3163862,412,n6,grip
3163864,401,n6,grip
3163866,365,n6,grip
3163868,370,n6,grip
3163870,354,n6,grip
3163872,368,n6,grip
3163874,538,n6,grip
3163876,463,n6,grip
3163878,528,n6,grip
3163880,627,n6,grip
3163882,485,n6,grip
3163884,432,n6,grip
3163886,407,n6,grip
3163888,395,n6,grip
3163890,384,n6,grip
3163892,317,n6,grip
3163894,304,n6,grip
3163896,388,n6,grip
3163898,775,n6,grip
3163900,899,n6,grip
3163902,1136,n6,grip
3163904,1328,n6,grip
3163906,1478,n6,grip
3163908,1623,n6,grip
3163910,1776,n6,grip
3163912,1935,n6,grip
3163914,2065,n6,grip
3163916,2198,n6,grip
3163918,2305,n6,grip
3163920,2362,n6,grip
3163922,2520,n6,grip
3163924,2624,n6,grip
3163926,2643,n6,grip
3163928,2755,n6,grip
3163930,2873,n6,grip
3163932,3384,n6,grip
3163944,4081,n6,grip
3163968,1934,n6,grip
3163970,2535,n6,grip
3163972,2927,n6,grip
3163974,3131,n6,grip
3163976,3255,n6,grip
3163978,3328,n6,grip
3163980,3261,n6,grip
3163982,3088,n6,grip
3163984,2939,n6,grip
3163986,2880,n6,grip
3163988,2883,n6,grip
3163990,2791,n6,grip
3163992,2673,n6,grip
3163994,2559,n6,grip
3163996,2496,n6,grip
3163998,2384,n6,grip
3164000,2279,n6,grip
3164002,2187,n6,grip
3164004,2112,n6,grip
3164006,2031,n6,grip
3164008,1937,n6,grip
3164010,1872,n6,grip
3164012,2030,n6,grip
3164014,2028,n6,grip
3164016,1667,n6,grip
3164018,1570,n6,grip
3164020,1505,n6,grip
3164022,1456,n6,grip
3164024,1439,n6,grip
3164026,1456,n6,grip
3164028,1435,n6,grip
3164030,1500,n6,grip
3164032,1423,n6,grip
3164034,1200,n6,grip
3164036,1151,n6,grip
3164038,1092,n6,grip
3164040,1044,n6,grip
3164042,1052,n6,grip
3164044,1020,n6,grip
3164046,1034,n6,grip
3164048,1009,n6,grip
3164050,962,n6,grip
3164052,916,n6,grip
3164054,890,n6,grip
3164056,865,n6,grip
3164058,849,n6,grip
3164060,832,n6,grip
3164062,821,n6,grip
3164064,816,n6,grip
3164066,802,n6,grip
3164068,799,n6,grip
3164070,795,n6,grip
3164072,784,n6,grip
3164074,774,n6,grip
3164076,797,n6,grip
3164078,783,n6,grip
3164080,768,n6,grip
3164082,995,n6,grip
3164084,1219,n6,grip
3164086,1391,n6,grip
3164088,1535,n6,grip
3164090,1698,n6,grip
3164092,1814,n6,grip
3164094,659,n6,grip
3164096,611,n6,grip
3164098,595,n6,grip
3164100,592,n6,grip
3164102,567,n6,grip
3164104,554,n6,grip
3164106,541,n6,grip
3164108,529,n6,grip
3164110,592,n6,grip
3164112,577,n6,grip
3164114,576,n6,grip
3164116,581,n6,grip
3164118,609,n6,grip
3164120,613,n6,grip
3164122,663,n6,grip
3164124,647,n6,grip
3164126,624,n6,grip
3164128,592,n6,grip
3164130,560,n6,grip
3164132,587,n6,grip
3164134,579,n6,grip
3164136,602,n6,grip
3164138,586,n6,grip
3164140,572,n6,grip
3164142,544,n6,grip
3164144,525,n6,grip
3164146,511,n6,grip
3164148,489,n6,grip
3164150,490,n6,grip
3164152,469,n6,grip
3164154,459,n6,grip
3164156,446,n6,grip
3164158,429,n6,grip
3164160,410,n6,grip
3164162,422,n6,grip
3164164,462,n6,grip
3164166,466,n6,grip
3164168,496,n6,grip
3164170,474,n6,grip
3164172,459,n6,grip
3164174,446,n6,grip
3164176,430,n6,grip
3164178,443,n6,grip
3164180,437,n6,grip
3164182,419,n6,grip
3164184,403,n6,grip
3164186,384,n6,grip
3164188,382,n6,grip
3164190,368,n6,grip
3164192,373,n6,grip
3164194,369,n6,grip
3164196,357,n6,grip
3164198,358,n6,grip
3164200,346,n6,grip
3164202,342,n6,grip
3164204,326,n6,grip
3164206,370,n6,grip
3164208,386,n6,grip
3164210,478,n6,grip
3164212,473,n6,grip
3164214,448,n6,grip
3164216,429,n6,grip
3164218,417,n6,grip
3164220,417,n6,grip
3164222,411,n6,grip
3164224,400,n6,grip
3164226,388,n6,grip
3164228,396,n6,grip
3164230,395,n6,grip
3164232,389,n6,grip
3164234,384,n6,grip
3164236,354,n6,grip
3164238,326,n6,grip
3164240,337,n6,grip
3164242,335,n6,grip
3164244,337,n6,grip
3164246,323,n6,grip
3164248,305,n6,grip
3164250,336,n6,grip
3164252,358,n6,grip
3164254,358,n6,grip
3164256,339,n6,grip
3164258,304,n6,grip
3164260,275,n6,grip
3164262,259,n6,grip
3164264,229,n6,grip
3164266,213,n6,grip
3164268,202,n6,grip
3164270,206,n6,grip
3164272,205,n6,grip
3164274,223,n6,grip
3164276,219,n6,grip
3164278,208,n6,grip
3164280,201,n6,grip
3164282,213,n6,grip
3164284,211,n6,grip
3164286,226,n6,grip
3164288,230,n6,grip
3164290,224,n6,grip
3164292,213,n6,grip
3164294,221,n6,grip
3164296,237,n6,grip
3164298,228,n6,grip
3164300,332,n6,grip
3164302,388,n6,grip
3164304,464,n6,grip
3164306,511,n6,grip
3164308,551,n6,grip
3164310,542,n6,grip
3164312,526,n6,grip
3164314,494,n6,grip
3164316,470,n6,grip
3164318,458,n6,grip
3164320,457,n6,grip
3164322,464,n6,grip
3164324,470,n6,grip
3164326,464,n6,grip
3164328,458,n6,grip
3164330,432,n6,grip
3164332,413,n6,grip
3164334,402,n6,grip
3164336,398,n6,grip
3164338,382,n6,grip
3164340,370,n6,grip
3164342,356,n6,grip
3164344,350,n6,grip
3164346,350,n6,grip
3164348,353,n6,grip
3164350,356,n6,grip
3164352,368,n6,grip
3164354,437,n6,grip
3164356,438,n6,grip
3164358,471,n6,grip
3164360,525,n6,grip
3164362,540,n6,grip
3164364,546,n6,grip
3164366,531,n6,grip
3164368,500,n6,grip
3164370,479,n6,grip
3164372,458,n6,grip
3164374,435,n6,grip
3164376,426,n6,grip
3164378,410,n6,grip
3164380,397,n6,grip
3164382,375,n6,grip
3164384,368,n6,grip
3164386,350,n6,grip
3164388,342,n6,grip
3164390,357,n6,grip
3164392,348,n6,grip
3164394,359,n6,grip
3164396,400,n6,grip
3164398,421,n6,grip
3164400,412,n6,grip
3164402,400,n6,grip
3164404,377,n6,grip
3164406,363,n6,grip
3164408,347,n6,grip
3164410,334,n6,grip
3164412,314,n6,grip
3164414,301,n6,grip
3164416,281,n6,grip
3164418,288,n6,grip
3164420,293,n6,grip
3164422,299,n6,grip
3164424,304,n6,grip
3164426,315,n6,grip
3164428,307,n6,grip
3164430,307,n6,grip
3164432,305,n6,grip
3164434,331,n6,grip
3164436,330,n6,grip
3164438,326,n6,grip
3164440,315,n6,grip
3164442,302,n6,grip
3164444,294,n6,grip
3164446,303,n6,grip
3164448,331,n6,grip
3164450,368,n6,grip
3164452,407,n6,grip
3164454,423,n6,grip
3164456,407,n6,grip
3164458,398,n6,grip
3164460,379,n6,grip
3164462,380,n6,grip
3164464,382,n6,grip
3164466,370,n6,grip
3164468,388,n6,grip
3164470,379,n6,grip
3164472,400,n6,grip
3164474,384,n6,grip
3164476,373,n6,grip
3164478,358,n6,grip
3164480,339,n6,grip
3164482,329,n6,grip
3164484,307,n6,grip
3164486,314,n6,grip
3164488,322,n6,grip
3164490,320,n6,grip
3164492,322,n6,grip
3164494,339,n6,grip
3164496,342,n6,grip
3164498,331,n6,grip
3164500,320,n6,grip
3164502,336,n6,grip
3164504,338,n6,grip
3164506,347,n6,grip
3164508,351,n6,grip
3164510,362,n6,grip
3164512,368,n6,grip
3164514,397,n6,grip
3164516,383,n6,grip
3164518,381,n6,grip
3164520,387,n6,grip
3164522,384,n6,grip
3164524,400,n6,grip
3164526,384,n6,grip
3164528,366,n6,grip
3164530,353,n6,grip
3164532,343,n6,grip
3164534,325,n6,grip
3164536,321,n6,grip
3164538,337,n6,grip
3164540,342,n6,grip
3164542,355,n6,grip
3164544,362,n6,grip
3164546,341,n6,grip
3164548,325,n6,grip
3164550,336,n6,grip
3164552,334,n6,grip
3164554,353,n6,grip
3164556,431,n6,grip
3164558,450,n6,grip
3164560,498,n6,grip
3164562,480,n6,grip
3164564,469,n6,grip
3164566,448,n6,grip
3164568,421,n6,grip
3164570,400,n6,grip
3164572,387,n6,grip
3164574,412,n6,grip
3164576,407,n6,grip
3164578,418,n6,grip
3164580,409,n6,grip
3164582,402,n6,grip
3164584,395,n6,grip
3164586,375,n6,grip
3164588,366,n6,grip
3164590,345,n6,grip
3164592,330,n6,grip
3164594,326,n6,grip
3164596,335,n6,grip
3164598,329,n6,grip
3164600,322,n6,grip
3164602,304,n6,grip
3164604,288,n6,grip
3164606,279,n6,grip
3164608,267,n6,grip
3164610,294,n6,grip
3164612,295,n6,grip
3164614,320,n6,grip
3164616,311,n6,grip
3164618,304,n6,grip
3164620,293,n6,grip
3164622,278,n6,grip
3164624,269,n6,grip
3164626,267,n6,grip
3164628,266,n6,grip
3164630,251,n6,grip
3164632,240,n6,grip
3164634,237,n6,grip
3164636,235,n6,grip
3164638,234,n6,grip
3164640,236,n6,grip
3164642,223,n6,grip
3164644,226,n6,grip
3164646,215,n6,grip
3164648,210,n6,grip
3164650,236,n6,grip
3164652,240,n6,grip
3164654,234,n6,grip
3164656,222,n6,grip
3164658,218,n6,grip
3164660,221,n6,grip
3164662,224,n6,grip
3164664,261,n6,grip
3164666,269,n6,grip
3164668,263,n6,grip
3164670,257,n6,grip
3164672,252,n6,grip
3164674,262,n6,grip
3164676,253,n6,grip
3164678,240,n6,grip
3164680,234,n6,grip
3164682,234,n6,grip
3164684,219,n6,grip
3164686,237,n6,grip
3164688,243,n6,grip
3164690,253,n6,grip
3164692,278,n6,grip
3164694,282,n6,grip
3164696,289,n6,grip
3164698,275,n6,grip
3164700,259,n6,grip
3164702,256,n6,grip
3164704,245,n6,grip
3164706,237,n6,grip
3164708,242,n6,grip
3164710,230,n6,grip
3164712,219,n6,grip
3164714,222,n6,grip
3164716,217,n6,grip
3164718,240,n6,grip
3164720,240,n6,grip
3164722,250,n6,grip
3164724,241,n6,grip
3164726,229,n6,grip
3164728,231,n6,grip
3164730,217,n6,grip
3164732,214,n6,grip
3164734,227,n6,grip
3164736,215,n6,grip
3164738,210,n6,grip
3164740,201,n6,grip
3164742,202,n6,grip
3164744,191,n6,grip
3164746,183,n6,grip
3164748,195,n6,grip
3164750,186,n6,grip
3164752,191,n6,grip
3164754,192,n6,grip
3164756,197,n6,grip
3164758,201,n6,grip
3164760,203,n6,grip
3164762,191,n6,grip
3164764,185,n6,grip
3164766,191,n6,grip
3164768,191,n6,grip
3164770,193,n6,grip
3164772,191,n6,grip
3164774,176,n6,grip
3164776,170,n6,grip
3164778,165,n6,grip
3164780,153,n6,grip
3164782,154,n6,grip
3164784,155,n6,grip
3164786,160,n6,grip
3164788,161,n6,grip
3164790,158,n6,grip
3164792,153,n6,grip
3164794,156,n6,grip
3164796,145,n6,grip
3164798,141,n6,grip
3164800,130,n6,grip
3164802,125,n6,grip
3164804,114,n6,grip
3164806,106,n6,grip
3164808,98,n6,grip
3164810,94,n6,grip
3164812,86,n6,grip
3164814,86,n6,grip
3164816,90,n6,grip
3164818,85,n6,grip
3164820,91,n6,grip
3164822,103,n6,grip
3164824,112,n6,grip
3164826,119,n6,grip
3164828,112,n6,grip
3164830,137,n6,grip
3164832,266,n6,grip
3164834,304,n6,grip
3164836,418,n6,grip
3164838,423,n6,grip
3164840,427,n6,grip
3164842,418,n6,grip
3164844,401,n6,grip
3164846,383,n6,grip
3164848,366,n6,grip
3164850,343,n6,grip
3164852,327,n6,grip
3164854,317,n6,grip
3164856,336,n6,grip
3164858,354,n6,grip
3164860,346,n6,grip
3164862,336,n6,grip
3164864,350,n6,grip
3164866,337,n6,grip
3164868,332,n6,grip
3164870,321,n6,grip
3164872,306,n6,grip
3164874,304,n6,grip
3164876,319,n6,grip
3164878,350,n6,grip
3164880,365,n6,grip
3164882,384,n6,grip
3164884,370,n6,grip
3164886,352,n6,grip
3164888,342,n6,grip
3164890,360,n6,grip
3164892,384,n6,grip
3164894,387,n6,grip
3164896,400,n6,grip
3164898,393,n6,grip
3164900,375,n6,grip
3164902,357,n6,grip
3164904,346,n6,grip
3164906,336,n6,grip
3164908,323,n6,grip
3164910,309,n6,grip
3164912,342,n6,grip
3164914,336,n6,grip
3164916,327,n6,grip
3164918,318,n6,grip
3164920,335,n6,grip
3164922,343,n6,grip
3164924,331,n6,grip
3164926,321,n6,grip
3164928,332,n6,grip
3164930,335,n6,grip
3164932,333,n6,grip
3164934,355,n6,grip
3164936,347,n6,grip
3164938,336,n6,grip
3164940,320,n6,grip
3164942,304,n6,grip
3164944,291,n6,grip
3164946,275,n6,grip
3164948,272,n6,grip
3164950,278,n6,grip
3164952,268,n6,grip
3164954,256,n6,grip
3164956,240,n6,grip
3164958,230,n6,grip
3164960,226,n6,grip
3164962,211,n6,grip
3164964,208,n6,grip
3164966,217,n6,grip
3164968,207,n6,grip
3164970,190,n6,grip
3164972,186,n6,grip
3164974,176,n6,grip
3164976,195,n6,grip
3164978,224,n6,grip
3164980,227,n6,grip
3164982,253,n6,grip
3164984,256,n6,grip
3164986,240,n6,grip
3164988,225,n6,grip
3164990,213,n6,grip
3164992,208,n6,grip
3164994,229,n6,grip
3164996,237,n6,grip
3164998,242,n6,grip
3165000,256,n6,grip
3165002,245,n6,grip
3165004,254,n6,grip
3165006,240,n6,grip
3165008,235,n6,grip
3165010,226,n6,grip
3165012,235,n6,grip
3165014,217,n6,grip
3165016,214,n6,grip
3165018,202,n6,grip
3165020,190,n6,grip
3165022,181,n6,grip
3165024,206,n6,grip
3165026,208,n6,grip
3165028,202,n6,grip
3165030,205,n6,grip
3165032,214,n6,grip
3165034,214,n6,grip
3165036,213,n6,grip
3165038,214,n6,grip
3165040,214,n6,grip
3165042,229,n6,grip
3165044,231,n6,grip
3165046,224,n6,grip
3165048,212,n6,grip
3165050,208,n6,grip
3165052,195,n6,grip
3165054,191,n6,grip
3165056,189,n6,grip
3165058,194,n6,grip
3165060,190,n6,grip
3165062,181,n6,grip
3165064,176,n6,grip
3165066,191,n6,grip
3165068,190,n6,grip
3165070,203,n6,grip
3165072,201,n6,grip
3165074,195,n6,grip
3165076,198,n6,grip
3165078,197,n6,grip
3165080,194,n6,grip
3165082,198,n6,grip
3165084,214,n6,grip
3165086,211,n6,grip
3165088,206,n6,grip
3165090,208,n6,grip
3165092,193,n6,grip
3165094,189,n6,grip
3165096,221,n6,grip
3165098,221,n6,grip
3165100,223,n6,grip
3165102,214,n6,grip
3165104,208,n6,grip
3165106,208,n6,grip
3165108,203,n6,grip
3165110,199,n6,grip
3165112,191,n6,grip
3165114,191,n6,grip
3165116,183,n6,grip
3165118,174,n6,grip
3165120,162,n6,grip
3165122,199,n6,grip
3165124,208,n6,grip
3165126,221,n6,grip
3165128,219,n6,grip
3165130,229,n6,grip
3165132,234,n6,grip
3165134,229,n6,grip
3165136,237,n6,grip
3165138,225,n6,grip
3165140,226,n6,grip
3165142,221,n6,grip
3165144,223,n6,grip
3165146,232,n6,grip
3165148,255,n6,grip
3165150,245,n6,grip
3165152,259,n6,grip
3165154,259,n6,grip
3165156,304,n6,grip
3165158,295,n6,grip
3165160,304,n6,grip
3165162,261,n6,grip
3165164,229,n6,grip
3165166,240,n6,grip
3165168,272,n6,grip
3165170,329,n6,grip
3165172,625,n6,grip
3165174,831,n6,grip
3165176,1023,n6,grip
3165178,1193,n6,grip
3165180,1342,n6,grip
3165182,1475,n6,grip
3165184,1616,n6,grip
3165186,1763,n6,grip
3165188,1889,n6,grip
3165190,2022,n6,grip
3165192,2139,n6,grip
3165194,240,n6,grip
3165196,238,n6,grip
3165198,224,n6,grip
3165200,208,n6,grip
3165202,201,n6,grip
3165204,237,n6,grip
3165206,256,n6,grip
3165208,301,n6,grip
3165210,314,n6,grip
3165212,306,n6,grip
3165214,582,n6,grip
3165216,350,n6,grip
3165218,346,n6,grip
3165220,1008,n6,grip
3165222,429,n6,grip
3165224,904,n6,grip
3165226,1104,n6,grip
3165228,1270,n6,grip
3165230,1364,n6,grip
3165232,1535,n6,grip
3165234,1680,n6,grip
3165236,1796,n6,grip
3165238,1897,n6,grip
3165240,2021,n6,grip
3165242,2126,n6,grip
3165244,2237,n6,grip
3165246,2329,n6,grip
3165248,2439,n6,grip
3165250,2512,n6,grip
3165252,2599,n6,grip
3165254,2934,n6,grip
3165256,3829,n6,grip
3165278,1872,n6,grip
3165280,2272,n6,grip
3165282,2546,n6,grip
3165284,2736,n6,grip
3165286,2833,n6,grip
3165288,3198,n6,grip
3165290,3122,n6,grip
3165294,3761,n6,grip
3165296,3011,n6,grip
3165298,2753,n6,grip
3165300,2543,n6,grip
3165302,2411,n6,grip
3165304,2286,n6,grip
3165306,2185,n6,grip
3165308,2098,n6,grip
3165310,2001,n6,grip
3165312,1953,n6,grip
3165314,1885,n6,grip
3165316,1872,n6,grip
3165318,1855,n6,grip
3165320,1747,n6,grip
3165322,1648,n6,grip
3165324,1568,n6,grip
3165326,1499,n6,grip
3165328,1419,n6,grip
3165330,1365,n6,grip
3165332,1307,n6,grip
3165334,1407,n6,grip
3165336,1247,n6,grip
3165338,1274,n6,grip
3165340,1143,n6,grip
3165342,1119,n6,grip
3165344,1138,n6,grip
3165346,1021,n6,grip
3165348,933,n6,grip
3165350,903,n6,grip
3165352,863,n6,grip
3165354,850,n6,grip
3165356,816,n6,grip
3165358,771,n6,grip
3165360,731,n6,grip
3165362,701,n6,grip
3165364,670,n6,grip
3165366,655,n6,grip
3165368,640,n6,grip
3165370,626,n6,grip
3165372,617,n6,grip
3165374,597,n6,grip
3165376,576,n6,grip
3165378,570,n6,grip
3165380,527,n6,grip
3165382,506,n6,grip
3165384,511,n6,grip
3165386,498,n6,grip
3165388,491,n6,grip
3165390,543,n6,grip
3165392,576,n6,grip
3165394,637,n6,grip
3165396,647,n6,grip
3165398,639,n6,grip
3165400,631,n6,grip
3165402,654,n6,grip
3165404,575,n6,grip
3165406,557,n6,grip
3165408,511,n6,grip
3165410,511,n6,grip
3165412,511,n6,grip
3165414,459,n6,grip
3165416,432,n6,grip
3165418,430,n6,grip
3165420,415,n6,grip
3165422,400,n6,grip
3165424,398,n6,grip
3165426,381,n6,grip
3165428,401,n6,grip
3165430,386,n6,grip
3165432,381,n6,grip
3165434,372,n6,grip
3165436,385,n6,grip
3165438,380,n6,grip
3165440,368,n6,grip
3165442,348,n6,grip
3165444,353,n6,grip
3165446,335,n6,grip
3165448,331,n6,grip
3165450,321,n6,grip
3165452,308,n6,grip
3165454,305,n6,grip
3165456,292,n6,grip
3165458,289,n6,grip
3165460,276,n6,grip
3165462,272,n6,grip
3165464,244,n6,grip
3165466,281,n6,grip
3165468,288,n6,grip
3165470,304,n6,grip
3165472,320,n6,grip
3165474,359,n6,grip
3165476,349,n6,grip
3165478,341,n6,grip
3165480,331,n6,grip
3165482,315,n6,grip
3165484,342,n6,grip
3165486,413,n6,grip
3165488,473,n6,grip
3165490,389,n6,grip
3165492,304,n6,grip
3165494,291,n6,grip
3165496,289,n6,grip
3165498,304,n6,grip
3165500,285,n6,grip
3165502,287,n6,grip
3165504,298,n6,grip
3165506,336,n6,grip
3165508,379,n6,grip
3165510,373,n6,grip
3165512,421,n6,grip
3165514,353,n6,grip
3165516,400,n6,grip
3165518,407,n6,grip
3165520,477,n6,grip
3165522,377,n6,grip
3165524,336,n6,grip
3165526,322,n6,grip
3165528,307,n6,grip
3165530,294,n6,grip
3165532,277,n6,grip
3165534,263,n6,grip
3165536,250,n6,grip
3165538,242,n6,grip
3165540,239,n6,grip
3165542,236,n6,grip
3165544,259,n6,grip
3165546,208,n6,grip
3165548,263,n6,grip
3165550,257,n6,grip
3165552,199,n6,grip
3165554,179,n6,grip
3165556,176,n6,grip
3165558,400,n6,grip
3165560,307,n6,grip
3165562,213,n6,grip
3165564,291,n6,grip
3165566,240,n6,grip
3165568,265,n6,grip
3165570,368,n6,grip
3165572,235,n6,grip
3165574,277,n6,grip
3165576,283,n6,grip
3165578,272,n6,grip
3165580,256,n6,grip
3165582,283,n6,grip
3165584,511,n6,grip
3165586,334,n6,grip
3165588,378,n6,grip
3165590,258,n6,grip
3165592,205,n6,grip
3165594,217,n6,grip
3165596,197,n6,grip
3165598,203,n6,grip
3165600,222,n6,grip
3165602,223,n6,grip
3165604,272,n6,grip
3165606,259,n6,grip
3165608,254,n6,grip
3165610,283,n6,grip
3165612,273,n6,grip
3165614,257,n6,grip
3165616,240,n6,grip
3165618,224,n6,grip
3165620,213,n6,grip
3165622,212,n6,grip
3165624,198,n6,grip
3165626,195,n6,grip
3165628,200,n6,grip
3165630,189,n6,grip
3165632,183,n6,grip
3165634,176,n6,grip
3165636,170,n6,grip
3165638,158,n6,grip
3165640,176,n6,grip
3165642,304,n6,grip
3165644,435,n6,grip
3165646,551,n6,grip
3165648,389,n6,grip
3165650,297,n6,grip
3165652,450,n6,grip
3165654,298,n6,grip
3165656,943,n6,grip
3165658,1006,n6,grip
3165660,1299,n6,grip
3165662,1485,n6,grip
3165664,1660,n6,grip
3165666,1793,n6,grip
3165668,1904,n6,grip
3165670,2019,n6,grip
3165672,2118,n6,grip
3165674,2215,n6,grip
3165676,2322,n6,grip
3165678,2443,n6,grip
3165680,2549,n6,grip
3165682,2653,n6,grip
3165684,3056,n6,grip
3165686,3999,n6,grip
3165714,3861,n6,grip
3165716,3647,n6,grip
3165718,3489,n6,grip
3165720,3373,n6,grip
3165722,3291,n6,grip
3165724,3230,n6,grip
3165726,3183,n6,grip
3165728,3150,n6,grip
3165730,3116,n6,grip
3165732,3088,n6,grip
3165734,3062,n6,grip
3165736,3048,n6,grip
3165738,3027,n6,grip
3165740,3024,n6,grip
3165742,3008,n6,grip
3165744,2999,n6,grip
3165746,2992,n6,grip
3165748,2990,n6,grip
3165750,2980,n6,grip
3165752,2971,n6,grip
3165754,2970,n6,grip
3165756,2965,n6,grip
3165758,2960,n6,grip
3165760,2951,n6,grip
3165762,2957,n6,grip
3165764,2946,n6,grip
3165766,2950,n6,grip
3165768,2942,n6,grip
3165770,2942,n6,grip
3165772,2941,n6,grip
3165774,2939,n6,grip
3165776,2938,n6,grip
3165778,2940,n6,grip
3165780,2932,n6,grip
3165782,2935,n6,grip
3165784,2930,n6,grip
3165786,2932,n6,grip
3165788,2931,n6,grip
3165790,2939,n6,grip
3165792,2928,n6,grip
3165794,2931,n6,grip
3165796,2927,n6,grip
3165798,2934,n6,grip
3165800,2928,n6,grip
3165802,2931,n6,grip
3165804,2934,n6,grip
3165806,2928,n6,grip
3165808,2933,n6,grip
3165810,2928,n6,grip
3165812,2930,n6,grip
3165814,2933,n6,grip
3165816,2929,n6,grip
3165818,2931,n6,grip
3165820,2933,n6,grip
3165822,2929,n6,grip
3165824,2928,n6,grip
3165826,2937,n6,grip
3165828,2933,n6,grip
3165830,2932,n6,grip
3165832,2928,n6,grip
3165834,2930,n6,grip
3165836,2934,n6,grip
3165838,2903,n6,grip
3165840,2554,n6,grip
3165842,3018,n6,grip
3165850,2939,n6,grip
3165852,2935,n6,grip
3165854,2941,n6,grip
3165856,2943,n6,grip
3165858,2942,n6,grip
3165860,2941,n6,grip
3165862,2943,n6,grip
3165864,2941,n6,grip
3165866,2944,n6,grip
3165868,2943,n6,grip
3165870,2946,n6,grip
3165872,2948,n6,grip
3165874,2946,n6,grip
3165876,2946,n6,grip
3165878,2947,n6,grip
3165880,2947,n6,grip
3165882,2949,n6,grip
3165884,2951,n6,grip
3165886,2947,n6,grip
3165888,2953,n6,grip
3165890,2951,n6,grip
3165892,2953,n6,grip
3165894,2951,n6,grip
3165896,2955,n6,grip
3165898,2955,n6,grip
3165900,2957,n6,grip
3165902,2958,n6,grip
3165904,2955,n6,grip
3165906,2957,n6,grip
3165908,2958,n6,grip
3165910,2960,n6,grip
3165912,2960,n6,grip
3165914,2960,n6,grip
3165916,2960,n6,grip
3165918,2960,n6,grip
3165920,2963,n6,grip
3165922,2962,n6,grip
3165924,2964,n6,grip
3165926,2963,n6,grip
3165928,2961,n6,grip
3165930,2962,n6,grip
3165932,2962,n6,grip
3165934,2966,n6,grip
3165936,2962,n6,grip
3165938,2962,n6,grip
3165940,2965,n6,grip
3165942,2967,n6,grip
3165944,2969,n6,grip
3165946,2970,n6,grip
3165948,2969,n6,grip
3165950,2971,n6,grip
3165952,2974,n6,grip
3165954,2974,n6,grip
3165956,2970,n6,grip
3165958,2973,n6,grip
3165960,2977,n6,grip
3165962,2977,n6,grip
3165964,2975,n6,grip
3165966,2976,n6,grip
3165968,2977,n6,grip
3165970,2977,n6,grip
3165972,2977,n6,grip
3165974,2977,n6,grip
3165976,2978,n6,grip
3165978,2981,n6,grip
3165980,2977,n6,grip
3165982,2978,n6,grip
3165984,2988,n6,grip
3165986,2986,n6,grip
3165988,2983,n6,grip
3165990,2987,n6,grip
3165992,2989,n6,grip
3165994,2987,n6,grip
3165996,2990,n6,grip
3165998,2991,n6,grip
3166000,2987,n6,grip
3166002,2991,n6,grip
3166004,2991,n6,grip
3166006,2992,n6,grip
3166008,2991,n6,grip
3166010,2992,n6,grip
3166012,2992,n6,grip
3166014,2991,n6,grip
3166016,2993,n6,grip
3166018,2992,n6,grip
3166020,2993,n6,grip
3166022,2996,n6,grip
3166024,2994,n6,grip
3166026,2992,n6,grip
3166028,2995,n6,grip
3166030,2994,n6,grip
3166032,2995,n6,grip
3166034,2995,n6,grip
3166036,2998,n6,grip
3166038,3002,n6,grip
3166040,3007,n6,grip
3166042,2999,n6,grip
3166044,3003,n6,grip
3166046,3003,n6,grip
3166048,2995,n6,grip
3166050,2999,n6,grip
3166052,3005,n6,grip
3166054,3012,n6,grip
3166056,3003,n6,grip
3166058,3009,n6,grip
3166060,3005,n6,grip
3166062,3010,n6,grip
3166064,3009,n6,grip
3166066,3008,n6,grip
3166068,3007,n6,grip
3166070,3013,n6,grip
3166072,3011,n6,grip
3166074,3008,n6,grip
3166076,3011,n6,grip
3166078,3011,n6,grip
3166080,3011,n6,grip
3166082,3015,n6,grip
3166084,3010,n6,grip
3166086,3009,n6,grip
3166088,3019,n6,grip
3166090,399,n6,grip
3166092,790,n6,grip
3166094,945,n6,grip
3166096,1086,n6,grip
3166098,1200,n6,grip
3166100,1218,n6,grip
3166102,1168,n6,grip
3166104,1131,n6,grip
3166106,1082,n6,grip
3166108,1131,n6,grip
3166110,1173,n6,grip
3166112,1078,n6,grip
3166114,918,n6,grip
3166116,909,n6,grip
3166118,845,n6,grip
3166120,814,n6,grip
3166122,784,n6,grip
3166124,736,n6,grip
3166126,832,n6,grip
3166128,772,n6,grip
3166130,656,n6,grip
3166132,601,n6,grip
3166134,688,n6,grip
3166136,793,n6,grip
3166138,998,n6,grip
3166140,1208,n6,grip
3166142,1377,n6,grip
3166144,1535,n6,grip
3166146,1568,n6,grip
3166148,1301,n6,grip
3166150,670,n6,grip
3166152,453,n6,grip
3166154,422,n6,grip
3166156,400,n6,grip
3166158,375,n6,grip
3166160,355,n6,grip
3166162,345,n6,grip
3166164,325,n6,grip
3166166,320,n6,grip
3166168,326,n6,grip
3166170,333,n6,grip
3166172,317,n6,grip
3166174,304,n6,grip
3166176,304,n6,grip
3166178,313,n6,grip
3166180,361,n6,grip
3166182,359,n6,grip
3166184,397,n6,grip
3166186,385,n6,grip
3166188,382,n6,grip
3166190,365,n6,grip
3166192,343,n6,grip
3166194,327,n6,grip
3166196,322,n6,grip
3166198,309,n6,grip
3166200,298,n6,grip
3166202,278,n6,grip
3166204,272,n6,grip
3166206,265,n6,grip
3166208,247,n6,grip
3166210,237,n6,grip
3166212,225,n6,grip
3166214,214,n6,grip
3166216,222,n6,grip
3166218,229,n6,grip
3166220,240,n6,grip
3166222,240,n6,grip
3166224,239,n6,grip
3166226,238,n6,grip
3166228,223,n6,grip
3166230,208,n6,grip
3166232,199,n6,grip
3166234,183,n6,grip
3166236,193,n6,grip
3166238,205,n6,grip
3166240,197,n6,grip
3166242,208,n6,grip
3166244,197,n6,grip
3166246,183,n6,grip
3166248,172,n6,grip
3166250,174,n6,grip
3166252,166,n6,grip
3166254,155,n6,grip
3166256,161,n6,grip
3166258,158,n6,grip
3166260,161,n6,grip
3166262,154,n6,grip
3166264,145,n6,grip
3166266,138,n6,grip
3175290,2960,n6,grip
3175292,2959,n6,grip
3175294,2953,n6,grip
3175296,2955,n6,grip
3175298,2954,n6,grip
3175300,2951,n6,grip
3175302,2947,n6,grip
3175304,2945,n6,grip
3175306,2942,n6,grip
3175308,2943,n6,grip
3175310,2945,n6,grip
3175312,2937,n6,grip
3175314,2938,n6,grip
3175316,2943,n6,grip
3175318,2933,n6,grip
3175320,2934,n6,grip
3175322,2930,n6,grip
3175324,2939,n6,grip
3175326,2928,n6,grip
3175328,2930,n6,grip
3175330,2928,n6,grip
3175332,2929,n6,grip
3175334,2929,n6,grip
3175336,2931,n6,grip
3175338,2928,n6,grip
3175340,2928,n6,grip
3175342,2931,n6,grip
3175344,2928,n6,grip
3175346,2933,n6,grip
3175348,2928,n6,grip
3175350,2930,n6,grip
3175352,2929,n6,grip
3175354,2960,n6,grip
3175356,3011,n6,grip
3175362,3504,n6,grip
3175364,2047,n6,grip
3175366,573,n6,grip
3175370,134,n6,grip
3175372,1222,n6,grip
3175374,2559,n6,grip
3175378,3602,n6,grip
3175380,2234,n6,grip
3175382,742,n6,grip
3175388,673,n6,grip
3175390,2174,n6,grip
3175392,2943,n6,grip
3175394,2944,n6,grip
3175396,2941,n6,grip
3175398,2944,n6,grip
3175400,2939,n6,grip
3175402,2941,n6,grip
3175404,2949,n6,grip
3175406,2949,n6,grip
3175408,2948,n6,grip
3175410,2950,n6,grip
3175412,2948,n6,grip
3175414,2947,n6,grip
3175416,2954,n6,grip
3175418,2952,n6,grip
3175420,2949,n6,grip
3175422,2951,n6,grip
3175424,2951,n6,grip
3175426,2960,n6,grip
3175428,2954,n6,grip
3175430,2951,n6,grip
3175432,2955,n6,grip
3175434,2953,n6,grip
3175436,2958,n6,grip
3175438,2951,n6,grip
3175440,2960,n6,grip
3175442,2962,n6,grip
3175444,2956,n6,grip
3175446,2960,n6,grip
3175448,2960,n6,grip
3175450,2958,n6,grip
3175452,2960,n6,grip
3175454,2958,n6,grip
3175456,2969,n6,grip
3175458,2959,n6,grip
3175460,2957,n6,grip
3175462,2960,n6,grip
3175464,2951,n6,grip
3175466,2914,n6,grip
3175468,3109,n6,grip
3175470,3233,n6,grip
3175472,3974,n6,grip
3175474,672,n6,grip
3175476,876,n6,grip
3175478,845,n6,grip
3175480,817,n6,grip
3175482,795,n6,grip
3175484,763,n6,grip
3175486,738,n6,grip
3175488,711,n6,grip
3175490,682,n6,grip
3175492,656,n6,grip
3175494,631,n6,grip
3175496,645,n6,grip
3175498,650,n6,grip
3175500,635,n6,grip
3175502,639,n6,grip
3175504,624,n6,grip
3175506,602,n6,grip
3175508,574,n6,grip
3175510,543,n6,grip
3175512,511,n6,grip
3175514,486,n6,grip
3175516,466,n6,grip
3175518,485,n6,grip
3175520,467,n6,grip
3175522,471,n6,grip
3175524,464,n6,grip
3175526,492,n6,grip
3175528,496,n6,grip
3175530,532,n6,grip
3175532,523,n6,grip
3175534,491,n6,grip
3175536,529,n6,grip
3175538,599,n6,grip
3175540,610,n6,grip
3175542,610,n6,grip
3175544,624,n6,grip
3175546,631,n6,grip
3175548,610,n6,grip
3175550,583,n6,grip
3175552,560,n6,grip
3175554,542,n6,grip
3175556,537,n6,grip
3175558,576,n6,grip
3175560,560,n6,grip
3175562,541,n6,grip
3175564,533,n6,grip
3175566,543,n6,grip
3175568,528,n6,grip
3175570,551,n6,grip
3175572,538,n6,grip
3175574,510,n6,grip
3175576,489,n6,grip
3175578,476,n6,grip
3175580,458,n6,grip
3175582,448,n6,grip
3175584,429,n6,grip
3175586,400,n6,grip
3175588,404,n6,grip
3175590,392,n6,grip
3175592,369,n6,grip
3175594,358,n6,grip
3175596,337,n6,grip
3175598,340,n6,grip
3175600,326,n6,grip
3175602,321,n6,grip
3175604,304,n6,grip
3175606,289,n6,grip
3175608,301,n6,grip
3175610,299,n6,grip
3175612,303,n6,grip
3175614,296,n6,grip
3175616,320,n6,grip
3175618,311,n6,grip
3175620,315,n6,grip
3175622,318,n6,grip
3175624,310,n6,grip
3175626,302,n6,grip
3175628,290,n6,grip
3175630,277,n6,grip
3175632,289,n6,grip
3175634,294,n6,grip
3175636,301,n6,grip
3175638,304,n6,grip
3175640,336,n6,grip
3175642,354,n6,grip
3175644,352,n6,grip
3175646,345,n6,grip
3175648,336,n6,grip
3175650,343,n6,grip
3175652,331,n6,grip
3175654,320,n6,grip
3175656,321,n6,grip
3175658,369,n6,grip
3175660,380,n6,grip
3175662,391,n6,grip
3175664,431,n6,grip
3175666,450,n6,grip
3175668,509,n6,grip
3175670,567,n6,grip
3175672,576,n6,grip
3175674,554,n6,grip
3175676,528,n6,grip
3175678,494,n6,grip
3175680,466,n6,grip
3175682,460,n6,grip
3175684,478,n6,grip
3175686,464,n6,grip
3175688,445,n6,grip
3175690,445,n6,grip
3175692,431,n6,grip
3175694,426,n6,grip
3175696,406,n6,grip
3175698,400,n6,grip
3175700,413,n6,grip
3175702,419,n6,grip
3175704,432,n6,grip
3175706,442,n6,grip
3175708,420,n6,grip
3175710,419,n6,grip
3175712,427,n6,grip
3175714,403,n6,grip
3175716,387,n6,grip
3175718,373,n6,grip
3175720,354,n6,grip
3175722,352,n6,grip
3175724,410,n6,grip
3175726,418,n6,grip
3175728,452,n6,grip
3175730,432,n6,grip
3175732,444,n6,grip
3175734,423,n6,grip
3175736,402,n6,grip
3175738,385,n6,grip
3175740,373,n6,grip
3175742,358,n6,grip
3175744,364,n6,grip
3175746,390,n6,grip
3175748,393,n6,grip
3175750,417,n6,grip
3175752,401,n6,grip
3175754,383,n6,grip
3175756,368,n6,grip
3175758,347,n6,grip
3175760,343,n6,grip
3175762,333,n6,grip
3175764,333,n6,grip
3175766,318,n6,grip
3175768,321,n6,grip
3175770,336,n6,grip
3175772,325,n6,grip
3175774,310,n6,grip
3175776,311,n6,grip
3175778,304,n6,grip
3175780,298,n6,grip
3175782,299,n6,grip
3175784,293,n6,grip
3175786,303,n6,grip
3175788,316,n6,grip
3175790,309,n6,grip
3175792,339,n6,grip
3175794,343,n6,grip
3175796,339,n6,grip
3175798,378,n6,grip
3175800,395,n6,grip
3175802,444,n6,grip
3175804,462,n6,grip
3175806,447,n6,grip
3175808,435,n6,grip
3175810,417,n6,grip
3175812,394,n6,grip
3175814,397,n6,grip
3175816,391,n6,grip
3175818,386,n6,grip
3175820,384,n6,grip
3175822,373,n6,grip
3175824,371,n6,grip
3175826,367,n6,grip
3175828,350,n6,grip
3175830,337,n6,grip
3175832,321,n6,grip
3175834,311,n6,grip
3175836,302,n6,grip
3175838,301,n6,grip
3175840,301,n6,grip
3175842,298,n6,grip
3175844,279,n6,grip
3175846,265,n6,grip
3175848,257,n6,grip
3175850,247,n6,grip
3175852,266,n6,grip
3175854,273,n6,grip
3175856,309,n6,grip
3175858,308,n6,grip
3175860,295,n6,grip
3175862,284,n6,grip
3175864,267,n6,grip
3175866,253,n6,grip
3175868,247,n6,grip
3175870,240,n6,grip
3175872,231,n6,grip
3175874,215,n6,grip
3175876,209,n6,grip
3175878,202,n6,grip
3175880,189,n6,grip
3175882,179,n6,grip
3175884,170,n6,grip
3175886,181,n6,grip
3175888,190,n6,grip
3175890,208,n6,grip
3175892,207,n6,grip
3175894,223,n6,grip
3175896,337,n6,grip
3175898,368,n6,grip
3175900,459,n6,grip
3175902,528,n6,grip
3175904,501,n6,grip
3175906,491,n6,grip
3175908,484,n6,grip
3175910,475,n6,grip
3175912,483,n6,grip
3175914,485,n6,grip
3175916,477,n6,grip
3175918,464,n6,grip
3175920,451,n6,grip
3175922,437,n6,grip
3175924,432,n6,grip
3175926,421,n6,grip
3175928,430,n6,grip
3175930,414,n6,grip
3175932,396,n6,grip
3175934,379,n6,grip
3175936,362,n6,grip
3175938,341,n6,grip
3175940,329,n6,grip
3175942,315,n6,grip
3175944,304,n6,grip
3175946,295,n6,grip
3175948,295,n6,grip
3175950,304,n6,grip
3175952,293,n6,grip
3175954,289,n6,grip
3175956,291,n6,grip
3175958,304,n6,grip
3175960,311,n6,grip
3175962,302,n6,grip
3175964,289,n6,grip
3175966,278,n6,grip
3175968,268,n6,grip
3175970,251,n6,grip
3175972,239,n6,grip
3175974,223,n6,grip
3175976,218,n6,grip
3175978,220,n6,grip
3175980,214,n6,grip
3175982,230,n6,grip
3175984,240,n6,grip
3175986,222,n6,grip
3175988,219,n6,grip
3175990,211,n6,grip
3175992,208,n6,grip
3175994,225,n6,grip
3175996,303,n6,grip
3175998,315,n6,grip
3176000,350,n6,grip
3176002,382,n6,grip
3176004,389,n6,grip
3176006,383,n6,grip
3176008,372,n6,grip
3176010,368,n6,grip
3176012,361,n6,grip
3176014,353,n6,grip
3176016,337,n6,grip
3176018,319,n6,grip
3176020,303,n6,grip
3176022,290,n6,grip
3176024,272,n6,grip
3176026,258,n6,grip
3176028,249,n6,grip
3176030,247,n6,grip
3176032,251,n6,grip
3176034,253,n6,grip
3176036,300,n6,grip
3176038,303,n6,grip
3176040,314,n6,grip
3176042,302,n6,grip
3176044,281,n6,grip
3176046,267,n6,grip
3176048,256,n6,grip
3176050,242,n6,grip
3176052,229,n6,grip
3176054,219,n6,grip
3176056,205,n6,grip
3176058,202,n6,grip
3176060,194,n6,grip
3176062,193,n6,grip
3176064,240,n6,grip
3176066,256,n6,grip
3176068,296,n6,grip
3176070,298,n6,grip
3176072,286,n6,grip
3176074,277,n6,grip
3176076,272,n6,grip
3176078,266,n6,grip
3176080,262,n6,grip
3176082,269,n6,grip
3176084,270,n6,grip
3176086,259,n6,grip
3176088,250,n6,grip
3176090,247,n6,grip
3176092,247,n6,grip
3176094,239,n6,grip
3176096,236,n6,grip
3176098,240,n6,grip
3176100,230,n6,grip
3176102,219,n6,grip
3176104,209,n6,grip
3176106,197,n6,grip
3176108,182,n6,grip
3176110,202,n6,grip
3176112,240,n6,grip
3176114,244,n6,grip
3176116,256,n6,grip
3176118,271,n6,grip
3176120,268,n6,grip
3176122,252,n6,grip
3176124,242,n6,grip
3176126,234,n6,grip
3176128,224,n6,grip
3176130,219,n6,grip
3176132,208,n6,grip
3176134,192,n6,grip
3176136,183,n6,grip
3176138,186,n6,grip
3176140,191,n6,grip
3176142,214,n6,grip
3176144,207,n6,grip
3176146,195,n6,grip
3176148,183,n6,grip
3176150,174,n6,grip
3176152,162,n6,grip
3176154,147,n6,grip
3176156,149,n6,grip
3176158,160,n6,grip
3176160,175,n6,grip
3176162,181,n6,grip
3176164,240,n6,grip
3176166,245,n6,grip
3176168,277,n6,grip
3176170,283,n6,grip
3176172,294,n6,grip
3176174,283,n6,grip
3176176,272,n6,grip
3176178,257,n6,grip
3176180,250,n6,grip
3176182,240,n6,grip
3176184,224,n6,grip
3176186,237,n6,grip
3176188,223,n6,grip
3176190,217,n6,grip
3176192,208,n6,grip
3176194,198,n6,grip
3176196,191,n6,grip
3176198,192,n6,grip
3176200,187,n6,grip
3176202,178,n6,grip
3176204,169,n6,grip
3176206,157,n6,grip
3176208,144,n6,grip
3176210,138,n6,grip
3176212,128,n6,grip
3176214,119,n6,grip
3176216,115,n6,grip
3176218,125,n6,grip
3176220,129,n6,grip
3176222,138,n6,grip
3176224,157,n6,grip
3176226,178,n6,grip
3176228,192,n6,grip
3176230,222,n6,grip
3176232,232,n6,grip
3176234,218,n6,grip
3176236,217,n6,grip
3176238,206,n6,grip
3176240,192,n6,grip
3176242,195,n6,grip
3176244,211,n6,grip
3176246,215,n6,grip
3176248,226,n6,grip
3176250,228,n6,grip
3176252,215,n6,grip
3176254,208,n6,grip
3176256,194,n6,grip
3176258,184,n6,grip
3176260,176,n6,grip
3176262,177,n6,grip
3176264,176,n6,grip
3176266,171,n6,grip
3176268,156,n6,grip
3176270,151,n6,grip
3176272,142,n6,grip
3176274,141,n6,grip
3176276,144,n6,grip
3176278,138,n6,grip
3176280,144,n6,grip
3176282,149,n6,grip
3176284,156,n6,grip
3176286,161,n6,grip
3176288,155,n6,grip
3176290,157,n6,grip
3176292,165,n6,grip
3176294,174,n6,grip
3176296,170,n6,grip
3176298,181,n6,grip
3176300,176,n6,grip
3176302,168,n6,grip
3176304,176,n6,grip
3176306,180,n6,grip
3176308,198,n6,grip
3176310,181,n6,grip
3176312,176,n6,grip
3176314,168,n6,grip
3176316,157,n6,grip
3176318,145,n6,grip
3176320,146,n6,grip
3176322,157,n6,grip
3176324,160,n6,grip
3176326,167,n6,grip
3176328,173,n6,grip
3176330,174,n6,grip
3176332,176,n6,grip
3176334,181,n6,grip
3176336,177,n6,grip
3176338,175,n6,grip
3176340,161,n6,grip
3176342,148,n6,grip
3176344,144,n6,grip
3176346,135,n6,grip
3176348,125,n6,grip
3176350,117,n6,grip
3176352,113,n6,grip
3176354,131,n6,grip
3176356,132,n6,grip
3176358,145,n6,grip
3176360,176,n6,grip
3176362,183,n6,grip
3176364,236,n6,grip
3176366,235,n6,grip
3176368,219,n6,grip
3176370,208,n6,grip
3176372,194,n6,grip
3176374,187,n6,grip
3176376,176,n6,grip
3176378,164,n6,grip
3176380,164,n6,grip
3176382,190,n6,grip
3176384,205,n6,grip
3176386,279,n6,grip
3176388,323,n6,grip
3176390,321,n6,grip
3176392,332,n6,grip
3176394,359,n6,grip
3176396,368,n6,grip
3176398,347,n6,grip
3176400,341,n6,grip
3176402,328,n6,grip
3176404,310,n6,grip
3176406,301,n6,grip
3176408,288,n6,grip
3176410,272,n6,grip
3176412,256,n6,grip
3176414,241,n6,grip
3176416,226,n6,grip
3176418,213,n6,grip
3176420,209,n6,grip
3176422,200,n6,grip
3176424,208,n6,grip
3176426,218,n6,grip
3176428,208,n6,grip
3176430,199,n6,grip
3176432,190,n6,grip
3176434,203,n6,grip
3176436,192,n6,grip
3176438,179,n6,grip
3176440,176,n6,grip
3176442,170,n6,grip
3176444,164,n6,grip
3176446,157,n6,grip
3176448,174,n6,grip
3176450,225,n6,grip
3176452,274,n6,grip
3176454,315,n6,grip
3176456,368,n6,grip
3176458,364,n6,grip
3176460,356,n6,grip
3176462,341,n6,grip
3176464,333,n6,grip
3176466,320,n6,grip
3176468,304,n6,grip
3176470,290,n6,grip
3176472,269,n6,grip
3176474,254,n6,grip
3176476,246,n6,grip
3176478,249,n6,grip
3176480,240,n6,grip
3176482,227,n6,grip
3176484,235,n6,grip
3176486,257,n6,grip
3176488,270,n6,grip
3176490,289,n6,grip
3176492,283,n6,grip
3176494,271,n6,grip
3176496,256,n6,grip
3176498,240,n6,grip
3176500,228,n6,grip
3176502,220,n6,grip
3176504,206,n6,grip
3176506,192,n6,grip
3176508,180,n6,grip
3176510,178,n6,grip
3176512,178,n6,grip
3176514,183,n6,grip
3176516,197,n6,grip
3176518,213,n6,grip
3176520,222,n6,grip
3176522,212,n6,grip
3176524,208,n6,grip
3176526,201,n6,grip
3176528,187,n6,grip
3176530,175,n6,grip
3176532,173,n6,grip
3176534,163,n6,grip
3176536,154,n6,grip
3176538,165,n6,grip
3176540,154,n6,grip
3176542,166,n6,grip
3176544,195,n6,grip
3176546,182,n6,grip
3176548,189,n6,grip
3176550,206,n6,grip
3176552,209,n6,grip
3176554,216,n6,grip
3176556,208,n6,grip
3176558,209,n6,grip
3176560,206,n6,grip
3176562,196,n6,grip
3176564,187,n6,grip
3176566,187,n6,grip
3176568,183,n6,grip
3176570,180,n6,grip
3176572,176,n6,grip
3176574,175,n6,grip
3176576,167,n6,grip
3176578,158,n6,grip
3176580,153,n6,grip
3176582,143,n6,grip
3176584,139,n6,grip
3176586,128,n6,grip
3176588,150,n6,grip
3176590,164,n6,grip
3176592,178,n6,grip
3176594,182,n6,grip
3176596,176,n6,grip
3176598,167,n6,grip
3176600,160,n6,grip
3176602,147,n6,grip
3176604,142,n6,grip
3176606,130,n6,grip
3176608,125,n6,grip
3176610,115,n6,grip
3176612,109,n6,grip
3176614,96,n6,grip
3176616,94,n6,grip
3176618,89,n6,grip
3176620,81,n6,grip
3176622,80,n6,grip
3176624,79,n6,grip
3176626,115,n6,grip
3176628,176,n6,grip
3176630,181,n6,grip
3176632,217,n6,grip
3176634,243,n6,grip
3176636,259,n6,grip
3176638,276,n6,grip
3176640,283,n6,grip
3176642,272,n6,grip
3176644,259,n6,grip
3176646,245,n6,grip
3176648,232,n6,grip
3176650,221,n6,grip
3176652,208,n6,grip
3176654,193,n6,grip
3176656,182,n6,grip
3176658,176,n6,grip
3176660,167,n6,grip
3176662,159,n6,grip
3176664,145,n6,grip
3176666,148,n6,grip
3176668,151,n6,grip
3176670,154,n6,grip
3176672,153,n6,grip
3176674,157,n6,grip
3176676,168,n6,grip
3176678,157,n6,grip
3176680,164,n6,grip
3176682,173,n6,grip
3176684,178,n6,grip
3176686,189,n6,grip
3176688,218,n6,grip
3176690,218,n6,grip
3176692,207,n6,grip
3176694,190,n6,grip
3176696,183,n6,grip
3176698,177,n6,grip
3176700,172,n6,grip
3176702,160,n6,grip
3176704,160,n6,grip
3176706,154,n6,grip
3176708,144,n6,grip
3176710,137,n6,grip
3176712,132,n6,grip
3176714,123,n6,grip
3176716,133,n6,grip
3176718,127,n6,grip
3176720,118,n6,grip
3176722,110,n6,grip
3176724,111,n6,grip
3176726,101,n6,grip
3176728,112,n6,grip
3176730,112,n6,grip
3176732,132,n6,grip
3176734,130,n6,grip
3176736,133,n6,grip
3176738,130,n6,grip
3176740,131,n6,grip
3176742,148,n6,grip
3176744,160,n6,grip
3176746,176,n6,grip
3176748,192,n6,grip
3176750,190,n6,grip
3176752,194,n6,grip
3176754,196,n6,grip
3176756,198,n6,grip
3176758,191,n6,grip
3176760,187,n6,grip
3176762,181,n6,grip
3176764,183,n6,grip
3176766,172,n6,grip
3176768,166,n6,grip
3176770,155,n6,grip
3176772,144,n6,grip
3176774,141,n6,grip
3176776,141,n6,grip
3176778,153,n6,grip
3176780,183,n6,grip
3176782,247,n6,grip
3176784,271,n6,grip
3176786,318,n6,grip
3176788,327,n6,grip
3176790,348,n6,grip
3176792,350,n6,grip
3176794,337,n6,grip
3176796,326,n6,grip
3176798,307,n6,grip
3176800,289,n6,grip
3176802,274,n6,grip
3176804,258,n6,grip
3176806,244,n6,grip
3176808,236,n6,grip
3176810,223,n6,grip
3176812,211,n6,grip
3176814,198,n6,grip
3176816,187,n6,grip
3176818,176,n6,grip
3176820,166,n6,grip
3176822,153,n6,grip
3176824,143,n6,grip
3176826,133,n6,grip
3176828,126,n6,grip
3176830,119,n6,grip
3176832,107,n6,grip
3176834,97,n6,grip
3176836,103,n6,grip
3176838,126,n6,grip
3176840,120,n6,grip
3176842,147,n6,grip
3176844,144,n6,grip
3176846,140,n6,grip
3176848,133,n6,grip
3176850,144,n6,grip
3176852,166,n6,grip
3176854,165,n6,grip
3176856,170,n6,grip
3176858,178,n6,grip
3176860,180,n6,grip
3176862,176,n6,grip
3176864,173,n6,grip
3176866,177,n6,grip
3176868,179,n6,grip
3176870,180,n6,grip
3176872,172,n6,grip
3176874,160,n6,grip
3176876,151,n6,grip
3176878,146,n6,grip
3176880,134,n6,grip
3176882,128,n6,grip
3176884,124,n6,grip
3176886,125,n6,grip
3176888,117,n6,grip
3176890,118,n6,grip
3176892,109,n6,grip
3176894,106,n6,grip
3176896,106,n6,grip
3176898,112,n6,grip
3176900,108,n6,grip
3176902,97,n6,grip
3176904,89,n6,grip
3176906,81,n6,grip
3176908,78,n6,grip
3176910,70,n6,grip
3176912,64,n6,grip
3176914,60,n6,grip
3176916,53,n6,grip
3176918,49,n6,grip
3176920,48,n6,grip
3176922,47,n6,grip
3176924,39,n6,grip
3176926,38,n6,grip
3176928,51,n6,grip
3176930,55,n6,grip
3176932,53,n6,grip
3176934,57,n6,grip
3176936,80,n6,grip
3176938,81,n6,grip
3176940,80,n6,grip
3176942,70,n6,grip
3176944,64,n6,grip
3176946,63,n6,grip
3176948,55,n6,grip
3176950,48,n6,grip
3176952,49,n6,grip
3176954,48,n6,grip
3176956,49,n6,grip
3176958,54,n6,grip
3176960,56,n6,grip
3176962,57,n6,grip
3176964,79,n6,grip
3176966,82,n6,grip
3176968,112,n6,grip
3176970,112,n6,grip
3176972,112,n6,grip
3176974,107,n6,grip
3176976,101,n6,grip
3176978,103,n6,grip
3176980,98,n6,grip
3176982,90,n6,grip
3176984,86,n6,grip
3176986,80,n6,grip
3176988,79,n6,grip
3176990,82,n6,grip
3176992,105,n6,grip
3176994,102,n6,grip
3176996,97,n6,grip
3176998,86,n6,grip
3177000,92,n6,grip
3177002,96,n6,grip
3177004,93,n6,grip
3177006,92,n6,grip
3177008,105,n6,grip
3177010,96,n6,grip
3177012,93,n6,grip
3177014,82,n6,grip
3177016,78,n6,grip
3177018,67,n6,grip
3177020,64,n6,grip
3177022,58,n6,grip
3177024,51,n6,grip
3177026,49,n6,grip
3177028,48,n6,grip
3177030,46,n6,grip
3177032,38,n6,grip
3177034,34,n6,grip
3177036,30,n6,grip
3177038,26,n6,grip
3177040,22,n6,grip
3177042,48,n6,grip
3177044,49,n6,grip
3177046,59,n6,grip
3177048,58,n6,grip
3177050,59,n6,grip
3177052,62,n6,grip
3177054,64,n6,grip
3177056,91,n6,grip
3177058,112,n6,grip
3177060,113,n6,grip
3177062,112,n6,grip
3177064,106,n6,grip
3177066,98,n6,grip
3177068,98,n6,grip
3177070,98,n6,grip
3177072,94,n6,grip
3177074,89,n6,grip
3177076,94,n6,grip
3177078,91,n6,grip
3177080,106,n6,grip
3177082,113,n6,grip
3177084,118,n6,grip
3177086,112,n6,grip
3177088,106,n6,grip
3177090,97,n6,grip
3177092,90,n6,grip
3177094,85,n6,grip
3177096,80,n6,grip
3177098,74,n6,grip
3177100,74,n6,grip
3177102,78,n6,grip
3177104,78,n6,grip
3177106,83,n6,grip
3177108,93,n6,grip
3177110,102,n6,grip
3177112,130,n6,grip
3177114,126,n6,grip
3177116,130,n6,grip
3177118,160,n6,grip
3177120,166,n6,grip
3177122,158,n6,grip
3177124,149,n6,grip
3177126,142,n6,grip
3177128,127,n6,grip
3177130,123,n6,grip
3177132,112,n6,grip
3177134,103,n6,grip
3177136,99,n6,grip
3177138,86,n6,grip
3177140,86,n6,grip
3177142,82,n6,grip
3177144,79,n6,grip
3177146,70,n6,grip
3177148,67,n6,grip
3177150,67,n6,grip
3177152,66,n6,grip
3177154,62,n6,grip
3177156,64,n6,grip
3177158,71,n6,grip
3177160,66,n6,grip
3177162,77,n6,grip
3177164,73,n6,grip
3177166,69,n6,grip
3177168,62,n6,grip
3177170,61,n6,grip
3177172,67,n6,grip
3177174,97,n6,grip
3177176,112,n6,grip
3177178,140,n6,grip
3177180,167,n6,grip
3177182,165,n6,grip
3177184,164,n6,grip
3177186,149,n6,grip
3177188,144,n6,grip
3177190,154,n6,grip
3177192,150,n6,grip
3177194,161,n6,grip
3177196,156,n6,grip
3177198,159,n6,grip
3177200,166,n6,grip
3177202,159,n6,grip
3177204,149,n6,grip
3177206,160,n6,grip
3177208,171,n6,grip
3177210,173,n6,grip
3177212,186,n6,grip
3177214,180,n6,grip
3177216,171,n6,grip
3177218,174,n6,grip
3177220,168,n6,grip
3177222,153,n6,grip
3177224,144,n6,grip
3177226,136,n6,grip
3177228,128,n6,grip
3177230,116,n6,grip
3177232,112,n6,grip
3177234,98,n6,grip
3177236,94,n6,grip
3177238,87,n6,grip
3177240,81,n6,grip
3177242,91,n6,grip
3177244,85,n6,grip
3177246,80,n6,grip
3177248,70,n6,grip
3177250,64,n6,grip
3177252,61,n6,grip
3177254,51,n6,grip
3177256,48,n6,grip
3177258,45,n6,grip
3177260,39,n6,grip
3177262,33,n6,grip
3177264,31,n6,grip
3177266,29,n6,grip
3177268,22,n6,grip
3177270,58,n6,grip
3177272,72,n6,grip
3177274,114,n6,grip
3177276,111,n6,grip
3177278,112,n6,grip
3177280,122,n6,grip
3177282,132,n6,grip
3177284,143,n6,grip
3177286,169,n6,grip
3177288,170,n6,grip
3177290,176,n6,grip
3177292,174,n6,grip
3177294,202,n6,grip
3177296,210,n6,grip
3177298,220,n6,grip
3177300,210,n6,grip
3177302,199,n6,grip
3177304,208,n6,grip
3177306,203,n6,grip
3177308,192,n6,grip
3177310,176,n6,grip
3177312,166,n6,grip
3177314,162,n6,grip
3177316,150,n6,grip
3177318,147,n6,grip
3177320,145,n6,grip
3177322,139,n6,grip
3177324,134,n6,grip
3177326,126,n6,grip
3177328,117,n6,grip
3177330,112,n6,grip
3177332,107,n6,grip
3177334,105,n6,grip
3177336,103,n6,grip
3177338,95,n6,grip
3177340,90,n6,grip
3177342,90,n6,grip
3177344,81,n6,grip
3177346,80,n6,grip
3177348,79,n6,grip
3177350,75,n6,grip
3177352,80,n6,grip
3177354,80,n6,grip
3177356,77,n6,grip
3177358,76,n6,grip
3177360,73,n6,grip
3177362,76,n6,grip
3177364,73,n6,grip
3177366,68,n6,grip
3177368,70,n6,grip
3177370,66,n6,grip
3177372,84,n6,grip
3177374,91,n6,grip
3177376,110,n6,grip
3177378,141,n6,grip
3177380,164,n6,grip
3177382,171,n6,grip
3177384,193,n6,grip
3177386,194,n6,grip
3177388,190,n6,grip
3177390,181,n6,grip
3177392,175,n6,grip
3177394,160,n6,grip
3177396,149,n6,grip
3177398,139,n6,grip
3177400,137,n6,grip
3177402,145,n6,grip
3177404,161,n6,grip
3177406,163,n6,grip
3177408,158,n6,grip
3177410,170,n6,grip
3177412,170,n6,grip
3177414,186,n6,grip
3177416,207,n6,grip
3177418,194,n6,grip
3177420,183,n6,grip
3177422,189,n6,grip
3177424,197,n6,grip
3177426,186,n6,grip
3177428,179,n6,grip
3177430,176,n6,grip
3177432,171,n6,grip
3177434,185,n6,grip
3177436,174,n6,grip
3177438,164,n6,grip
3177440,161,n6,grip
3177442,166,n6,grip
3177444,155,n6,grip
3177446,155,n6,grip
3177448,149,n6,grip
3177450,144,n6,grip
3177452,138,n6,grip
3177454,144,n6,grip
3177456,139,n6,grip
3177458,128,n6,grip
3177460,119,n6,grip
3177462,112,n6,grip
3177464,101,n6,grip
3177466,105,n6,grip
3177468,136,n6,grip
3177470,134,n6,grip
3177472,145,n6,grip
3177474,150,n6,grip
3177476,146,n6,grip
3177478,140,n6,grip
3177480,128,n6,grip
3177482,125,n6,grip
3177484,119,n6,grip
3177486,112,n6,grip
3177488,110,n6,grip
3177490,101,n6,grip
3177492,97,n6,grip
3177494,89,n6,grip
3177496,82,n6,grip
3177498,78,n6,grip
3177500,83,n6,grip
3177502,80,n6,grip
3177504,119,n6,grip
3177506,137,n6,grip
3177508,193,n6,grip
3177510,224,n6,grip
3177512,218,n6,grip
3177514,213,n6,grip
3177516,227,n6,grip
3177518,227,n6,grip
3177520,234,n6,grip
3177522,234,n6,grip
3177524,222,n6,grip
3177526,208,n6,grip
3177528,203,n6,grip
3177530,203,n6,grip
3177532,193,n6,grip
3177534,180,n6,grip
3177536,175,n6,grip
3177538,166,n6,grip
3177540,151,n6,grip
3177542,144,n6,grip
3177544,133,n6,grip
3177546,126,n6,grip
3177548,117,n6,grip
3177550,107,n6,grip
3177552,105,n6,grip
3177554,95,n6,grip
3177556,104,n6,grip
3177558,112,n6,grip
3177560,112,n6,grip
3177562,123,n6,grip
3177564,116,n6,grip
3177566,110,n6,grip
3177568,100,n6,grip
3177570,99,n6,grip
3177572,90,n6,grip
3177574,82,n6,grip
3177576,78,n6,grip
3177578,82,n6,grip
3177580,99,n6,grip
3177582,103,n6,grip
3177584,117,n6,grip
3177586,112,n6,grip
3177588,102,n6,grip
3177590,113,n6,grip
3177592,128,n6,grip
3177594,137,n6,grip
3177596,144,n6,grip
3177598,175,n6,grip
3177600,186,n6,grip
3177602,176,n6,grip
3177604,171,n6,grip
3177606,174,n6,grip
3177608,181,n6,grip
3177610,178,n6,grip
3177612,173,n6,grip
3177614,162,n6,grip
3177616,154,n6,grip
3177618,144,n6,grip
3177620,144,n6,grip
3177622,144,n6,grip
3177624,147,n6,grip
3177626,146,n6,grip
3177628,153,n6,grip
3177630,155,n6,grip
3177632,148,n6,grip
3177634,138,n6,grip
3177636,128,n6,grip
3177638,128,n6,grip
3177640,116,n6,grip
3177642,113,n6,grip
3177644,112,n6,grip
3177646,104,n6,grip
3177648,99,n6,grip
3177650,99,n6,grip
3177652,93,n6,grip
3177654,87,n6,grip
3177656,78,n6,grip
3177658,75,n6,grip
3177660,68,n6,grip
3177662,66,n6,grip
3177664,73,n6,grip
3177666,97,n6,grip
3177668,93,n6,grip
3177670,85,n6,grip
3177672,80,n6,grip
3177674,71,n6,grip
3177676,78,n6,grip
3177678,97,n6,grip
3177680,99,n6,grip
3177682,100,n6,grip
3177684,91,n6,grip
3177686,83,n6,grip
3177688,108,n6,grip
3177690,114,n6,grip
3177692,109,n6,grip
3177694,96,n6,grip
3177696,93,n6,grip
3177698,82,n6,grip
3177700,80,n6,grip
3177702,102,n6,grip
3177704,112,n6,grip
3177706,145,n6,grip
3177708,144,n6,grip
3177710,135,n6,grip
3177712,128,n6,grip
3177714,119,n6,grip
3177716,125,n6,grip
3177718,150,n6,grip
3177720,156,n6,grip
3177722,173,n6,grip
3177724,176,n6,grip
3177726,165,n6,grip
3177728,156,n6,grip
3177730,148,n6,grip
3177732,133,n6,grip
3177734,130,n6,grip
3177736,129,n6,grip
3177738,124,n6,grip
3177740,114,n6,grip
3177742,114,n6,grip
3177744,107,n6,grip
3177746,104,n6,grip
3177748,102,n6,grip
3177750,93,n6,grip
3177752,101,n6,grip
3177754,108,n6,grip
3177756,125,n6,grip
3177758,127,n6,grip
3177760,142,n6,grip
3177762,134,n6,grip
3177764,129,n6,grip
3177766,121,n6,grip
3177768,112,n6,grip
3177770,124,n6,grip
3177772,153,n6,grip
3177774,162,n6,grip
3177776,203,n6,grip
3177778,197,n6,grip
3177780,190,n6,grip
3177782,176,n6,grip
3177784,180,n6,grip
3177786,181,n6,grip
3177788,174,n6,grip
3177790,187,n6,grip
3177792,185,n6,grip
3177794,179,n6,grip
3177796,170,n6,grip
3177798,160,n6,grip
3177800,151,n6,grip
3177802,143,n6,grip
3177804,133,n6,grip
3177806,137,n6,grip
3177808,144,n6,grip
3177810,148,n6,grip
3177812,144,n6,grip
3177814,156,n6,grip
3177816,175,n6,grip
3177818,176,n6,grip
3177820,167,n6,grip
3177822,159,n6,grip
3177824,158,n6,grip
3177826,151,n6,grip
3177828,151,n6,grip
3177830,138,n6,grip
3177832,141,n6,grip
3177834,132,n6,grip
3177836,128,n6,grip
3177838,121,n6,grip
3177840,113,n6,grip
3177842,117,n6,grip
3177844,119,n6,grip
3177846,124,n6,grip
3177848,114,n6,grip
3177850,109,n6,grip
3177852,102,n6,grip
3177854,94,n6,grip
3177856,85,n6,grip
3177858,80,n6,grip
3177860,78,n6,grip
3177862,85,n6,grip
3177864,109,n6,grip
3177866,109,n6,grip
3177868,139,n6,grip
3177870,147,n6,grip
3177872,143,n6,grip
3177874,133,n6,grip
3177876,125,n6,grip
3177878,136,n6,grip
3177880,144,n6,grip
3177882,143,n6,grip
3177884,144,n6,grip
3177886,165,n6,grip
3177888,176,n6,grip
3177890,204,n6,grip
3177892,209,n6,grip
3177894,217,n6,grip
3177896,226,n6,grip
3177898,222,n6,grip
3177900,219,n6,grip
3177902,210,n6,grip
3177904,204,n6,grip
3177906,187,n6,grip
3177908,177,n6,grip
3177910,174,n6,grip
3177912,162,n6,grip
3177914,150,n6,grip
3177916,142,n6,grip
3177918,131,n6,grip
3177920,121,n6,grip
3177922,114,n6,grip
3177924,107,n6,grip
3177926,112,n6,grip
3177928,102,n6,grip
3177930,106,n6,grip
3177932,98,n6,grip
3177934,98,n6,grip
3177936,91,n6,grip
3177938,96,n6,grip
3177940,112,n6,grip
3177942,118,n6,grip
3177944,129,n6,grip
3177946,118,n6,grip
3177948,112,n6,grip
3177950,105,n6,grip
3177952,97,n6,grip
3177954,102,n6,grip
3177956,105,n6,grip
3177958,98,n6,grip
3177960,87,n6,grip
3177962,93,n6,grip
3177964,89,n6,grip
3177966,83,n6,grip
3177968,89,n6,grip
3177970,80,n6,grip
3177972,84,n6,grip
3177974,83,n6,grip
3177976,94,n6,grip
3177978,82,n6,grip
3177980,84,n6,grip
3177982,87,n6,grip
3177984,82,n6,grip
3177986,79,n6,grip
3177988,71,n6,grip
3177990,74,n6,grip
3177992,68,n6,grip
3177994,63,n6,grip
3177996,70,n6,grip
3177998,65,n6,grip
3178000,70,n6,grip
3178002,65,n6,grip
3178004,59,n6,grip
3178006,53,n6,grip
3178008,54,n6,grip
3178010,49,n6,grip
3178012,47,n6,grip
3178014,46,n6,grip
3178016,45,n6,grip
3178018,54,n6,grip
3178020,58,n6,grip
3178022,50,n6,grip
3178024,59,n6,grip
3178026,64,n6,grip
3178028,80,n6,grip
3178030,93,n6,grip
3178032,107,n6,grip
3178034,106,n6,grip
3178036,114,n6,grip
3178038,112,n6,grip
3178040,111,n6,grip
3178042,101,n6,grip
3178044,99,n6,grip
3178046,99,n6,grip
3178048,94,n6,grip
3178050,105,n6,grip
3178052,122,n6,grip
3178054,129,n6,grip
3178056,121,n6,grip
3178058,112,n6,grip
3178060,114,n6,grip
3178062,113,n6,grip
3178064,119,n6,grip
3178066,128,n6,grip
3178068,118,n6,grip
3178070,114,n6,grip
3178072,111,n6,grip
3178074,106,n6,grip
3178076,96,n6,grip
3178078,87,n6,grip
3178080,82,n6,grip
3178082,80,n6,grip
3178084,71,n6,grip
3178086,64,n6,grip
3178088,64,n6,grip
3178090,70,n6,grip
3178092,66,n6,grip
3178094,75,n6,grip
3178096,70,n6,grip
3178098,65,n6,grip
3178100,55,n6,grip
3178102,53,n6,grip
3178104,58,n6,grip
3178106,61,n6,grip
3178108,53,n6,grip
3178110,55,n6,grip
3178112,48,n6,grip
3178114,43,n6,grip
3178116,43,n6,grip
3178118,61,n6,grip
3178120,62,n6,grip
3178122,63,n6,grip
3178124,64,n6,grip
3178126,51,n6,grip
3178128,48,n6,grip
3178130,48,n6,grip
3178132,48,n6,grip
3178134,53,n6,grip
3178136,66,n6,grip
3178138,64,n6,grip
3178140,74,n6,grip
3178142,66,n6,grip
3178144,61,n6,grip
3178146,54,n6,grip
3178148,53,n6,grip
3178150,48,n6,grip
3178152,46,n6,grip
3178154,38,n6,grip
3178156,43,n6,grip
3178158,42,n6,grip
3178160,36,n6,grip
3178162,31,n6,grip
3178164,23,n6,grip
3178166,19,n6,grip
3178168,16,n6,grip
3178170,16,n6,grip
3178172,16,n6,grip
3178174,14,n6,grip
3178176,56,n6,grip
3178178,79,n6,grip
3178180,80,n6,grip
3178182,87,n6,grip
3178184,112,n6,grip
3178186,123,n6,grip
3178188,128,n6,grip
3178190,128,n6,grip
3178192,128,n6,grip
3178194,121,n6,grip
3178196,111,n6,grip
3178198,107,n6,grip
3178200,98,n6,grip
3178202,88,n6,grip
3178204,81,n6,grip
3178206,85,n6,grip
3178208,80,n6,grip
3178210,87,n6,grip
3178212,85,n6,grip
3178214,82,n6,grip
3178216,79,n6,grip
3178218,75,n6,grip
3178220,67,n6,grip
3178222,63,n6,grip
3178224,66,n6,grip
3178226,71,n6,grip
3178228,83,n6,grip
3178230,87,n6,grip
3178232,79,n6,grip
3178234,75,n6,grip
3178236,71,n6,grip
3178238,76,n6,grip
3178240,68,n6,grip
3178242,69,n6,grip
3178244,71,n6,grip
3178246,76,n6,grip
3178248,79,n6,grip
3178250,80,n6,grip
3178252,83,n6,grip
3178254,101,n6,grip
3178256,106,n6,grip
3178258,112,n6,grip
3178260,119,n6,grip
3178262,117,n6,grip
3178264,123,n6,grip
3178266,119,n6,grip
3178268,134,n6,grip
3178270,128,n6,grip
3178272,144,n6,grip
3178274,134,n6,grip
3178276,131,n6,grip
3178278,123,n6,grip
3178280,114,n6,grip
3178282,109,n6,grip
3178284,103,n6,grip
3178286,106,n6,grip
3178288,112,n6,grip
3178290,110,n6,grip
3178292,103,n6,grip
3178294,97,n6,grip
3178296,106,n6,grip
3187318,579,n6,grip
3187320,557,n6,grip
3187322,530,n6,grip
3187324,510,n6,grip
3187326,481,n6,grip
3187328,455,n6,grip
3187330,446,n6,grip
3187332,495,n6,grip
3187334,496,n6,grip
3187336,501,n6,grip
3187338,480,n6,grip
3187340,485,n6,grip
3187342,471,n6,grip
3187344,462,n6,grip
3187346,439,n6,grip
3187348,427,n6,grip
3187350,437,n6,grip
3187352,441,n6,grip
3187354,611,n6,grip
3187356,720,n6,grip
3187358,790,n6,grip
3187360,879,n6,grip
3187362,848,n6,grip
3187364,843,n6,grip
3187366,822,n6,grip
3187368,809,n6,grip
3187370,771,n6,grip
3187372,736,n6,grip
3187374,701,n6,grip
3187376,670,n6,grip
3187378,639,n6,grip
3187380,611,n6,grip
3187382,594,n6,grip
3187384,575,n6,grip
3187386,548,n6,grip
3187388,564,n6,grip
3187390,566,n6,grip
3187392,562,n6,grip
3187394,537,n6,grip
3187396,508,n6,grip
3187398,493,n6,grip
3187400,523,n6,grip
3187402,561,n6,grip
3187404,557,n6,grip
3187406,610,n6,grip
3187408,607,n6,grip
3187410,595,n6,grip
3187412,586,n6,grip
3187414,567,n6,grip
3187416,549,n6,grip
3187418,528,n6,grip
3187420,503,n6,grip
3187422,498,n6,grip
3187424,510,n6,grip
3187426,506,n6,grip
3187428,531,n6,grip
3187430,565,n6,grip
3187432,620,n6,grip
3187434,647,n6,grip
3187436,640,n6,grip
3187438,650,n6,grip
3187440,640,n6,grip
3187442,663,n6,grip
3187444,727,n6,grip
3187446,720,n6,grip
3187448,782,n6,grip
3187450,843,n6,grip
3187452,814,n6,grip
3187454,775,n6,grip
3187456,747,n6,grip
3187458,754,n6,grip
3187460,803,n6,grip
3187462,793,n6,grip
3187464,819,n6,grip
3187466,804,n6,grip
3187468,787,n6,grip
3187470,769,n6,grip
3187472,770,n6,grip
3187474,775,n6,grip
3187476,752,n6,grip
3187478,732,n6,grip
3187480,706,n6,grip
3187482,678,n6,grip
3187484,642,n6,grip
3187486,610,n6,grip
3187488,587,n6,grip
3187490,563,n6,grip
3187492,551,n6,grip
3187494,554,n6,grip
3187496,533,n6,grip
3187498,528,n6,grip
3187500,526,n6,grip
3187502,511,n6,grip
3187504,537,n6,grip
3187506,527,n6,grip
3187508,496,n6,grip
3187510,496,n6,grip
3187512,486,n6,grip
3187514,480,n6,grip
3187516,503,n6,grip
3187518,506,n6,grip
3187520,610,n6,grip
3187522,765,n6,grip
3187524,798,n6,grip
3187526,905,n6,grip
3187528,941,n6,grip
3187530,969,n6,grip
3187532,944,n6,grip
3187534,912,n6,grip
3187536,889,n6,grip
3187538,848,n6,grip
3187540,816,n6,grip
3187542,816,n6,grip
3187544,791,n6,grip
3187546,783,n6,grip
3187548,756,n6,grip
3187550,736,n6,grip
3187552,755,n6,grip
3187554,741,n6,grip
3187556,738,n6,grip
3187558,741,n6,grip
3187560,717,n6,grip
3187562,732,n6,grip
3187564,731,n6,grip
3187566,741,n6,grip
3187568,714,n6,grip
3187570,682,n6,grip
3187572,651,n6,grip
3187574,629,n6,grip
3187576,625,n6,grip
3187578,626,n6,grip
3187580,624,n6,grip
3187582,624,n6,grip
3187584,629,n6,grip
3187586,640,n6,grip
3187588,649,n6,grip
3187590,709,n6,grip
3187592,782,n6,grip
3187594,803,n6,grip
3187596,871,n6,grip
3187598,848,n6,grip
3187600,849,n6,grip
3187602,823,n6,grip
3187604,799,n6,grip
3187606,771,n6,grip
3187608,736,n6,grip
3187610,708,n6,grip
3187612,688,n6,grip
3187614,657,n6,grip
3187616,631,n6,grip
3187618,627,n6,grip
3187620,607,n6,grip
3187622,599,n6,grip
3187624,582,n6,grip
3187626,579,n6,grip
3187628,592,n6,grip
3187630,590,n6,grip
3187632,601,n6,grip
3187634,603,n6,grip
3187636,592,n6,grip
3187638,579,n6,grip
3187640,585,n6,grip
3187642,581,n6,grip
3187644,603,n6,grip
3187646,617,n6,grip
3187648,587,n6,grip
3187650,567,n6,grip
3187652,550,n6,grip
3187654,592,n6,grip
3187656,618,n6,grip
3187658,707,n6,grip
3187660,703,n6,grip
3187662,673,n6,grip
3187664,656,n6,grip
3187666,626,n6,grip
3187668,603,n6,grip
3187670,625,n6,grip
3187672,624,n6,grip
3187674,614,n6,grip
3187676,602,n6,grip
3187678,603,n6,grip
3187680,592,n6,grip
3187682,608,n6,grip
3187684,597,n6,grip
3187686,577,n6,grip
3187688,615,n6,grip
3187690,643,n6,grip
3187692,704,n6,grip
3187694,787,n6,grip
3187696,827,n6,grip
3187698,821,n6,grip
3187700,805,n6,grip
3187702,782,n6,grip
3187704,767,n6,grip
3187706,739,n6,grip
3187708,729,n6,grip
3187710,713,n6,grip
3187712,722,n6,grip
3187714,738,n6,grip
3187716,799,n6,grip
3187718,797,n6,grip
3187720,837,n6,grip
3187722,816,n6,grip
3187724,811,n6,grip
3187726,784,n6,grip
3187728,759,n6,grip
3187730,777,n6,grip
3187732,767,n6,grip
3187734,778,n6,grip
3187736,752,n6,grip
3187738,731,n6,grip
3187740,761,n6,grip
3187742,769,n6,grip
3187744,810,n6,grip
3187746,801,n6,grip
3187748,778,n6,grip
3187750,759,n6,grip
3187752,725,n6,grip
3187754,694,n6,grip
3187756,683,n6,grip
3187758,658,n6,grip
3187760,661,n6,grip
3187762,649,n6,grip
3187764,642,n6,grip
3187766,658,n6,grip
3187768,653,n6,grip
3187770,629,n6,grip
3187772,604,n6,grip
3187774,576,n6,grip
3187776,573,n6,grip
3187778,542,n6,grip
3187780,511,n6,grip
3187782,492,n6,grip
3187784,471,n6,grip
3187786,539,n6,grip
3187788,618,n6,grip
3187790,625,n6,grip
3187792,633,n6,grip
3187794,628,n6,grip
3187796,631,n6,grip
3187798,619,n6,grip
3187800,598,n6,grip
3187802,574,n6,grip
3187804,547,n6,grip
3187806,547,n6,grip
3187808,562,n6,grip
3187810,540,n6,grip
3187812,543,n6,grip
3187814,549,n6,grip
3187816,569,n6,grip
3187818,582,n6,grip
3187820,593,n6,grip
3187822,583,n6,grip
3187824,582,n6,grip
3187826,558,n6,grip
3187828,532,n6,grip
3187830,527,n6,grip
3187832,496,n6,grip
3187834,466,n6,grip
3187836,447,n6,grip
3187838,438,n6,grip
3187840,432,n6,grip
3187842,419,n6,grip
3187844,421,n6,grip
3187846,403,n6,grip
3187848,387,n6,grip
3187850,370,n6,grip
3187852,359,n6,grip
3187854,374,n6,grip
3187856,369,n6,grip
3187858,359,n6,grip
3187860,368,n6,grip
3187862,369,n6,grip
3187864,359,n6,grip
3187866,379,n6,grip
3187868,399,n6,grip
3187870,384,n6,grip
3187872,394,n6,grip
3187874,447,n6,grip
3187876,432,n6,grip
3187878,437,n6,grip
3187880,483,n6,grip
3187882,533,n6,grip
3187884,532,n6,grip
3187886,562,n6,grip
3187888,542,n6,grip
3187890,528,n6,grip
3187892,499,n6,grip
3187894,477,n6,grip
3187896,467,n6,grip
3187898,483,n6,grip
3187900,483,n6,grip
3187902,498,n6,grip
3187904,501,n6,grip
3187906,531,n6,grip
3187908,532,n6,grip
3187910,535,n6,grip
3187912,511,n6,grip
3187914,496,n6,grip
3187916,467,n6,grip
3187918,447,n6,grip
3187920,423,n6,grip
3187922,401,n6,grip
3187924,386,n6,grip
3187926,368,n6,grip
3187928,350,n6,grip
3187930,341,n6,grip
3187932,336,n6,grip
3187934,336,n6,grip
3187936,334,n6,grip
3187938,324,n6,grip
3187940,306,n6,grip
3187942,293,n6,grip
3187944,275,n6,grip
3187946,275,n6,grip
3187948,275,n6,grip
3187950,287,n6,grip
3187952,335,n6,grip
3187954,361,n6,grip
3187956,374,n6,grip
3187958,359,n6,grip
3187960,372,n6,grip
3187962,375,n6,grip
3187964,396,n6,grip
3187966,400,n6,grip
3187968,400,n6,grip
3187970,459,n6,grip
3187972,460,n6,grip
3187974,439,n6,grip
3187976,430,n6,grip
3187978,466,n6,grip
3187980,494,n6,grip
3187982,523,n6,grip
3187984,543,n6,grip
3187986,528,n6,grip
3187988,502,n6,grip
3187990,481,n6,grip
3187992,470,n6,grip
3187994,480,n6,grip
3187996,466,n6,grip
3187998,476,n6,grip
3188000,462,n6,grip
3188002,450,n6,grip
3188004,448,n6,grip
3188006,454,n6,grip
3188008,442,n6,grip
3188010,419,n6,grip
3188012,400,n6,grip
3188014,386,n6,grip
3188016,375,n6,grip
3188018,371,n6,grip
3188020,366,n6,grip
3188022,348,n6,grip
3188024,362,n6,grip
3188026,374,n6,grip
3188028,368,n6,grip
3188030,381,n6,grip
3188032,397,n6,grip
3188034,416,n6,grip
3188036,394,n6,grip
3188038,386,n6,grip
3188040,378,n6,grip
3188042,352,n6,grip
3188044,341,n6,grip
3188046,330,n6,grip
3188048,317,n6,grip
3188050,336,n6,grip
3188052,339,n6,grip
3188054,336,n6,grip
3188056,320,n6,grip
3188058,320,n6,grip
3188060,310,n6,grip
3188062,298,n6,grip
3188064,307,n6,grip
3188066,304,n6,grip
3188068,336,n6,grip
3188070,355,n6,grip
3188072,337,n6,grip
3188074,337,n6,grip
3188076,322,n6,grip
3188078,314,n6,grip
3188080,299,n6,grip
3188082,289,n6,grip
3188084,272,n6,grip
3188086,272,n6,grip
3188088,281,n6,grip
3188090,272,n6,grip
3188092,306,n6,grip
3188094,319,n6,grip
3188096,314,n6,grip
3188098,305,n6,grip
3188100,300,n6,grip
3188102,292,n6,grip
3188104,309,n6,grip
3188106,310,n6,grip
3188108,335,n6,grip
3188110,374,n6,grip
3188112,370,n6,grip
3188114,387,n6,grip
3188116,401,n6,grip
3188118,397,n6,grip
3188120,417,n6,grip
3188122,409,n6,grip
3188124,386,n6,grip
3188126,369,n6,grip
3188128,358,n6,grip
3188130,358,n6,grip
3188132,343,n6,grip
3188134,338,n6,grip
3188136,335,n6,grip
3188138,320,n6,grip
3188140,306,n6,grip
3188142,295,n6,grip
3188144,278,n6,grip
3188146,268,n6,grip
3188148,268,n6,grip
3188150,253,n6,grip
3188152,240,n6,grip
3188154,224,n6,grip
3188156,214,n6,grip
3188158,234,n6,grip
3188160,230,n6,grip
3188162,242,n6,grip
3188164,240,n6,grip
3188166,230,n6,grip
3188168,274,n6,grip
3188170,317,n6,grip
3188172,341,n6,grip
3188174,368,n6,grip
3188176,369,n6,grip
3188178,361,n6,grip
3188180,338,n6,grip
3188182,323,n6,grip
3188184,320,n6,grip
3188186,305,n6,grip
3188188,298,n6,grip
3188190,288,n6,grip
3188192,298,n6,grip
3188194,287,n6,grip
3188196,282,n6,grip
3188198,288,n6,grip
3188200,275,n6,grip
3188202,301,n6,grip
3188204,350,n6,grip
3188206,377,n6,grip
3188208,428,n6,grip
3188210,421,n6,grip
3188212,400,n6,grip
3188214,386,n6,grip
3188216,369,n6,grip
3188218,361,n6,grip
3188220,347,n6,grip
3188222,338,n6,grip
3188224,350,n6,grip
3188226,387,n6,grip
3188228,390,n6,grip
3188230,459,n6,grip
3188232,451,n6,grip
3188234,435,n6,grip
3188236,417,n6,grip
3188238,400,n6,grip
3188240,390,n6,grip
3188242,385,n6,grip
3188244,390,n6,grip
3188246,397,n6,grip
3188248,402,n6,grip
3188250,411,n6,grip
3188252,410,n6,grip
3188254,419,n6,grip
3188256,444,n6,grip
3188258,432,n6,grip
3188260,423,n6,grip
3188262,413,n6,grip
3188264,395,n6,grip
3188266,382,n6,grip
3188268,400,n6,grip
3188270,404,n6,grip
3188272,406,n6,grip
3188274,386,n6,grip
3188276,371,n6,grip
3188278,358,n6,grip
3188280,354,n6,grip
3188282,338,n6,grip
3188284,355,n6,grip
3188286,368,n6,grip
3188288,363,n6,grip
3188290,403,n6,grip
3188292,415,n6,grip
3188294,430,n6,grip
3188296,446,n6,grip
3188298,432,n6,grip
3188300,426,n6,grip
3188302,409,n6,grip
3188304,393,n6,grip
3188306,383,n6,grip
3188308,368,n6,grip
3188310,368,n6,grip
3188312,363,n6,grip
3188314,350,n6,grip
3188316,336,n6,grip
3188318,336,n6,grip
3188320,346,n6,grip
3188322,336,n6,grip
3188324,321,n6,grip
3188326,313,n6,grip
3188328,304,n6,grip
3188330,313,n6,grip
3188332,336,n6,grip
3188334,380,n6,grip
3188336,432,n6,grip
3188338,459,n6,grip
3188340,462,n6,grip
3188342,464,n6,grip
3188344,454,n6,grip
3188346,454,n6,grip
3188348,432,n6,grip
3188350,415,n6,grip
3188352,407,n6,grip
3188354,407,n6,grip
3188356,459,n6,grip
3188358,498,n6,grip
3188360,546,n6,grip
3188362,617,n6,grip
3188364,598,n6,grip
3188366,569,n6,grip
3188368,576,n6,grip
3188370,554,n6,grip
3188372,511,n6,grip
3188374,553,n6,grip
3188376,576,n6,grip
3188378,574,n6,grip
3188380,553,n6,grip
3188382,577,n6,grip
3188384,592,n6,grip
3188386,565,n6,grip
3188388,522,n6,grip
3188390,536,n6,grip
3188392,533,n6,grip
3188394,555,n6,grip
3188396,561,n6,grip
3188398,535,n6,grip
3188400,511,n6,grip
3188402,486,n6,grip
3188404,475,n6,grip
3188406,462,n6,grip
3188408,439,n6,grip
3188410,419,n6,grip
3188412,405,n6,grip
3188414,405,n6,grip
3188416,385,n6,grip
3188418,395,n6,grip
3188420,374,n6,grip
3188422,357,n6,grip
3188424,336,n6,grip
3188426,320,n6,grip
3188428,323,n6,grip
3188430,457,n6,grip
3188432,540,n6,grip
3188434,656,n6,grip
3188436,725,n6,grip
3188438,697,n6,grip
3188440,688,n6,grip
3188442,673,n6,grip
3188444,651,n6,grip
3188446,613,n6,grip
3188448,586,n6,grip
3188450,560,n6,grip
3188452,531,n6,grip
3188454,511,n6,grip
3188456,485,n6,grip
3188458,462,n6,grip
3188460,446,n6,grip
3188462,425,n6,grip
3188464,402,n6,grip
3188466,416,n6,grip
3188468,455,n6,grip
3188470,469,n6,grip
3188472,525,n6,grip
3188474,506,n6,grip
3188476,493,n6,grip
3188478,492,n6,grip
3188480,493,n6,grip
3188482,471,n6,grip
3188484,455,n6,grip
3188486,446,n6,grip
3188488,439,n6,grip
3188490,446,n6,grip
3188492,435,n6,grip
3188494,444,n6,grip
3188496,428,n6,grip
3188498,409,n6,grip
3188500,398,n6,grip
3188502,383,n6,grip
3188504,368,n6,grip
3188506,353,n6,grip
3188508,336,n6,grip
3188510,321,n6,grip
3188512,305,n6,grip
3188514,367,n6,grip
3188516,437,n6,grip
3188518,464,n6,grip
3188520,487,n6,grip
3188522,495,n6,grip
3188524,486,n6,grip
3188526,465,n6,grip
3188528,449,n6,grip
3188530,432,n6,grip
3188532,431,n6,grip
3188534,415,n6,grip
3188536,414,n6,grip
3188538,506,n6,grip
3188540,525,n6,grip
3188542,624,n6,grip
3188544,597,n6,grip
3188546,566,n6,grip
3188548,544,n6,grip
3188550,510,n6,grip
3188552,487,n6,grip
3188554,467,n6,grip
3188556,447,n6,grip
3188558,423,n6,grip
3188560,400,n6,grip
3188562,383,n6,grip
3188564,384,n6,grip
3188566,379,n6,grip
3188568,368,n6,grip
3188570,369,n6,grip
3188572,353,n6,grip
3188574,334,n6,grip
3188576,323,n6,grip
3188578,307,n6,grip
3188580,304,n6,grip
3188582,335,n6,grip
3188584,341,n6,grip
3188586,361,n6,grip
3188588,351,n6,grip
3188590,449,n6,grip
3188592,794,n6,grip
3188594,838,n6,grip
3188596,898,n6,grip
3188598,967,n6,grip
3188600,994,n6,grip
3188602,986,n6,grip
3188604,1360,n6,grip
3188606,1325,n6,grip
3188608,1270,n6,grip
3188610,1229,n6,grip
3188612,1187,n6,grip
3188614,1148,n6,grip
3188616,1110,n6,grip
3188618,1083,n6,grip
3188620,1056,n6,grip
3188622,1019,n6,grip
3188624,988,n6,grip
3188626,961,n6,grip
3188628,933,n6,grip
3188630,891,n6,grip
3188632,822,n6,grip
3188634,707,n6,grip
3188636,796,n6,grip
3188638,855,n6,grip
3188640,960,n6,grip
3188642,1252,n6,grip
3188644,1520,n6,grip
3188646,1651,n6,grip
3188648,1583,n6,grip
3188650,1482,n6,grip
3188652,1399,n6,grip
3188654,1328,n6,grip
3188656,1269,n6,grip
3188658,1217,n6,grip
3188660,1173,n6,grip
3188662,1139,n6,grip
3188664,1110,n6,grip
3188666,1087,n6,grip
3188668,1068,n6,grip
3188670,1040,n6,grip
3188672,1019,n6,grip
3188674,1007,n6,grip
3188676,996,n6,grip
3188678,974,n6,grip
3188680,957,n6,grip
3188682,939,n6,grip
3188684,912,n6,grip
3188686,887,n6,grip
3188688,855,n6,grip
3188690,803,n6,grip
3188692,738,n6,grip
3188694,877,n6,grip
3188696,1038,n6,grip
3188698,1362,n6,grip
3188700,1596,n6,grip
3188702,1762,n6,grip
3188704,1861,n6,grip
3188706,1929,n6,grip
3188708,1987,n6,grip
3188710,2039,n6,grip
3188712,2030,n6,grip
3188714,2966,n6,grip
3188716,2896,n6,grip
3188718,2815,n6,grip
3188720,2718,n6,grip
3188722,2608,n6,grip
3188724,2496,n6,grip
3188726,2385,n6,grip
3188728,2287,n6,grip
3188730,2206,n6,grip
3188732,2115,n6,grip
3188734,2041,n6,grip
3188736,1995,n6,grip
3188738,1918,n6,grip
3188740,1882,n6,grip
3188742,1840,n6,grip
3188744,1757,n6,grip
3188746,1680,n6,grip
3188748,1606,n6,grip
3188750,1535,n6,grip
3188752,1488,n6,grip
3188754,1417,n6,grip
3188756,1365,n6,grip
3188758,1337,n6,grip
3188760,1344,n6,grip
3188762,1328,n6,grip
3188764,1296,n6,grip
3188766,1315,n6,grip
3188768,1284,n6,grip
3188770,1230,n6,grip
3188772,1171,n6,grip
3188774,1118,n6,grip
3188776,1072,n6,grip
3188778,1049,n6,grip
3188780,1001,n6,grip
3188782,963,n6,grip
3188784,923,n6,grip
3188786,914,n6,grip
3188788,886,n6,grip
3188790,848,n6,grip
3188792,821,n6,grip
3188794,828,n6,grip
3188796,812,n6,grip
3188798,773,n6,grip
3188800,818,n6,grip
3188802,839,n6,grip
3188804,895,n6,grip
3188806,880,n6,grip
3188808,848,n6,grip
3188810,815,n6,grip
3188812,775,n6,grip
3188814,741,n6,grip
3188816,705,n6,grip
3188818,671,n6,grip
3188820,642,n6,grip
3188822,613,n6,grip
3188824,587,n6,grip
3188826,581,n6,grip
3188828,569,n6,grip
3188830,555,n6,grip
3188832,550,n6,grip
3188834,511,n6,grip
3188836,487,n6,grip
3188838,507,n6,grip
3188840,563,n6,grip
3188842,560,n6,grip
3188844,612,n6,grip
3188846,633,n6,grip
3188848,621,n6,grip
3188850,747,n6,grip
3188852,896,n6,grip
3188854,963,n6,grip
3188856,1265,n6,grip
3188858,1170,n6,grip
3188860,1117,n6,grip
3188862,1237,n6,grip
3188864,1173,n6,grip
3188866,1232,n6,grip
3188868,1161,n6,grip
3188870,1306,n6,grip
3188872,1055,n6,grip
3188874,890,n6,grip
3188876,816,n6,grip
3188878,794,n6,grip
3188880,755,n6,grip
3188882,718,n6,grip
3188884,679,n6,grip
3188886,654,n6,grip
3188888,635,n6,grip
3188890,608,n6,grip
3188892,597,n6,grip
3188894,576,n6,grip
3188896,531,n6,grip
3188898,511,n6,grip
3188900,498,n6,grip
3188902,570,n6,grip
3188904,539,n6,grip
3188906,487,n6,grip
3188908,481,n6,grip
3188910,475,n6,grip
3188912,465,n6,grip
3188914,441,n6,grip
3188916,401,n6,grip
3188918,387,n6,grip
3188920,435,n6,grip
3188922,405,n6,grip
3188924,379,n6,grip
3188926,400,n6,grip
3188928,404,n6,grip
3188930,449,n6,grip
3188932,447,n6,grip
3188934,432,n6,grip
3188936,419,n6,grip
3188938,414,n6,grip
3188940,403,n6,grip
3188942,414,n6,grip
3188944,406,n6,grip
3188946,391,n6,grip
3188948,381,n6,grip
3188950,378,n6,grip
3188952,371,n6,grip
3188954,373,n6,grip
3188956,366,n6,grip
3188958,388,n6,grip
3188960,372,n6,grip
3188962,359,n6,grip
3188964,383,n6,grip
3188966,400,n6,grip
3188968,398,n6,grip
3188970,409,n6,grip
3188972,401,n6,grip
3188974,427,n6,grip
3188976,422,n6,grip
3188978,451,n6,grip
3188980,439,n6,grip
3188982,439,n6,grip
3188984,429,n6,grip
3188986,420,n6,grip
3188988,401,n6,grip
3188990,410,n6,grip
3188992,401,n6,grip
3188994,427,n6,grip
3188996,404,n6,grip
3188998,386,n6,grip
3189000,369,n6,grip
3189002,352,n6,grip
3189004,350,n6,grip
3189006,351,n6,grip
3189008,345,n6,grip
3189010,343,n6,grip
3189012,326,n6,grip
3189014,320,n6,grip
3189016,304,n6,grip
3189018,292,n6,grip
3189020,311,n6,grip
3189022,318,n6,grip
3189024,354,n6,grip
3189026,367,n6,grip
3189028,358,n6,grip
3189030,345,n6,grip
3189032,341,n6,grip
3189034,416,n6,grip
3189036,439,n6,grip
3189038,524,n6,grip
3189040,559,n6,grip
3189042,567,n6,grip
3189044,561,n6,grip
3189046,535,n6,grip
3189048,522,n6,grip
3189050,510,n6,grip
3189052,495,n6,grip
3189054,479,n6,grip
3189056,468,n6,grip
3189058,464,n6,grip
3189060,446,n6,grip
3189062,444,n6,grip
3189064,437,n6,grip
3189066,418,n6,grip
3189068,401,n6,grip
3189070,384,n6,grip
3189072,356,n6,grip
3189074,355,n6,grip
3189076,336,n6,grip
3189078,347,n6,grip
3189080,345,n6,grip
3189082,348,n6,grip
3189084,387,n6,grip
3189086,365,n6,grip
3189088,354,n6,grip
3189090,351,n6,grip
3189092,370,n6,grip
3189094,363,n6,grip
3189096,378,n6,grip
3189098,384,n6,grip
3189100,385,n6,grip
3189102,365,n6,grip
3189104,357,n6,grip
3189106,358,n6,grip
3189108,364,n6,grip
3189110,403,n6,grip
3189112,400,n6,grip
3189114,383,n6,grip
3189116,368,n6,grip
3189118,357,n6,grip
3189120,371,n6,grip
3189122,398,n6,grip
3189124,388,n6,grip
3189126,417,n6,grip
3189128,416,n6,grip
3189130,412,n6,grip
3189132,410,n6,grip
3189134,430,n6,grip
3189136,459,n6,grip
3189138,460,n6,grip
3189140,582,n6,grip
3189142,591,n6,grip
3189144,591,n6,grip
3189146,565,n6,grip
3189148,538,n6,grip
3189150,509,n6,grip
3189152,486,n6,grip
3189154,462,n6,grip
3189156,447,n6,grip
3189158,429,n6,grip
3189160,455,n6,grip
3189162,464,n6,grip
3189164,490,n6,grip
3189166,481,n6,grip
3189168,468,n6,grip
3189170,451,n6,grip
3189172,432,n6,grip
3189174,409,n6,grip
3189176,391,n6,grip
3189178,381,n6,grip
3189180,369,n6,grip
3189182,359,n6,grip
3189184,350,n6,grip
3189186,352,n6,grip
3189188,337,n6,grip
3189190,365,n6,grip
3189192,353,n6,grip
3189194,352,n6,grip
3189196,338,n6,grip
3189198,326,n6,grip
3189200,309,n6,grip
3189202,300,n6,grip
3189204,283,n6,grip
3189206,270,n6,grip
3189208,262,n6,grip
3189210,258,n6,grip
3189212,263,n6,grip
3189214,261,n6,grip
3189216,283,n6,grip
3189218,272,n6,grip
3189220,295,n6,grip
3189222,332,n6,grip
3189224,347,n6,grip
3189226,352,n6,grip
3189228,341,n6,grip
3189230,350,n6,grip
3189232,352,n6,grip
3189234,338,n6,grip
3189236,325,n6,grip
3189238,310,n6,grip
3189240,294,n6,grip
3189242,278,n6,grip
3189244,273,n6,grip
3189246,259,n6,grip
3189248,253,n6,grip
3189250,245,n6,grip
3189252,249,n6,grip
3189254,270,n6,grip
3189256,275,n6,grip
3189258,271,n6,grip
3189260,261,n6,grip
3189262,250,n6,grip
3189264,240,n6,grip
3189266,225,n6,grip
3189268,213,n6,grip
3189270,204,n6,grip
3189272,193,n6,grip
3189274,186,n6,grip
3189276,174,n6,grip
3189278,168,n6,grip
3189280,158,n6,grip
3189282,150,n6,grip
3189284,144,n6,grip
3189286,142,n6,grip
3189288,142,n6,grip
3189290,146,n6,grip
3189292,145,n6,grip
3189294,144,n6,grip
3189296,135,n6,grip
3189298,149,n6,grip
3189300,161,n6,grip
3189302,158,n6,grip
3189304,162,n6,grip
3189306,176,n6,grip
3189308,171,n6,grip
3189310,174,n6,grip
3189312,187,n6,grip
3189314,183,n6,grip
3189316,210,n6,grip
3189318,220,n6,grip
3189320,213,n6,grip
3189322,211,n6,grip
3189324,208,n6,grip
3189326,219,n6,grip
3189328,223,n6,grip
3189330,224,n6,grip
3189332,203,n6,grip
3189334,199,n6,grip
3189336,192,n6,grip
3189338,190,n6,grip
3189340,192,n6,grip
3189342,240,n6,grip
3189344,256,n6,grip
3189346,303,n6,grip
3189348,344,n6,grip
3189350,339,n6,grip
3189352,337,n6,grip
3189354,327,n6,grip
3189356,311,n6,grip
3189358,299,n6,grip
3189360,283,n6,grip
3189362,279,n6,grip
3189364,267,n6,grip
3189366,252,n6,grip
3189368,241,n6,grip
3189370,240,n6,grip
3189372,220,n6,grip
3189374,213,n6,grip
3189376,215,n6,grip
3189378,207,n6,grip
3189380,191,n6,grip
3189382,183,n6,grip
3189384,170,n6,grip
3189386,163,n6,grip
3189388,167,n6,grip
3189390,182,n6,grip
3189392,177,n6,grip
3189394,169,n6,grip
3189396,163,n6,grip
3189398,159,n6,grip
3189400,221,n6,grip
3189402,273,n6,grip
3189404,295,n6,grip
3189406,369,n6,grip
3189408,411,n6,grip
3189410,400,n6,grip
3189412,384,n6,grip
3189414,367,n6,grip
3189416,357,n6,grip
3189418,346,n6,grip
3189420,334,n6,grip
3189422,325,n6,grip
3189424,322,n6,grip
3189426,306,n6,grip
3189428,294,n6,grip
3189430,285,n6,grip
3189432,292,n6,grip
3189434,283,n6,grip
3189436,292,n6,grip
3189438,279,n6,grip
3189440,272,n6,grip
3189442,260,n6,grip
3189444,242,n6,grip
3189446,261,n6,grip
3189448,265,n6,grip
3189450,274,n6,grip
3189452,276,n6,grip
3189454,267,n6,grip
3189456,261,n6,grip
3189458,279,n6,grip
3189460,289,n6,grip
3189462,319,n6,grip
3189464,321,n6,grip
3189466,318,n6,grip
3189468,302,n6,grip
3189470,286,n6,grip
3189472,271,n6,grip
3189474,256,n6,grip
3189476,241,n6,grip
3189478,231,n6,grip
3189480,219,n6,grip
3189482,208,n6,grip
3189484,197,n6,grip
3189486,193,n6,grip
3189488,208,n6,grip
3189490,223,n6,grip
3189492,245,n6,grip
3189494,288,n6,grip
3189496,299,n6,grip
3189498,297,n6,grip
3189500,283,n6,grip
3189502,272,n6,grip
3189504,261,n6,grip
3189506,265,n6,grip
3189508,259,n6,grip
3189510,255,n6,grip
3189512,263,n6,grip
3189514,266,n6,grip
3189516,261,n6,grip
3189518,247,n6,grip
3189520,240,n6,grip
3189522,231,n6,grip
3189524,230,n6,grip
3189526,231,n6,grip
3189528,237,n6,grip
3189530,227,n6,grip
3189532,235,n6,grip
3189534,243,n6,grip
3189536,242,n6,grip
3189538,261,n6,grip
3189540,256,n6,grip
3189542,253,n6,grip
3189544,246,n6,grip
3189546,235,n6,grip
3189548,218,n6,grip
3189550,220,n6,grip
3189552,210,n6,grip
3189554,212,n6,grip
3189556,214,n6,grip
3189558,206,n6,grip
3189560,193,n6,grip
3189562,181,n6,grip
3189564,176,n6,grip
3189566,164,n6,grip
3189568,169,n6,grip
3189570,164,n6,grip
3189572,161,n6,grip
3189574,150,n6,grip
3189576,144,n6,grip
3189578,144,n6,grip
3189580,138,n6,grip
3189582,132,n6,grip
3189584,125,n6,grip
3189586,128,n6,grip
3189588,129,n6,grip
3189590,126,n6,grip
3189592,131,n6,grip
3189594,135,n6,grip
3189596,144,n6,grip
3189598,135,n6,grip
3189600,151,n6,grip
3189602,160,n6,grip
3189604,167,n6,grip
3189606,161,n6,grip
3189608,161,n6,grip
3189610,152,n6,grip
3189612,144,n6,grip
3189614,137,n6,grip
3189616,137,n6,grip
3189618,129,n6,grip
3189620,128,n6,grip
3189622,146,n6,grip
3189624,167,n6,grip
3189626,205,n6,grip
3189628,217,n6,grip
3189630,212,n6,grip
3189632,201,n6,grip
3189634,193,n6,grip
3189636,178,n6,grip
3189638,176,n6,grip
3189640,181,n6,grip
3189642,183,n6,grip
3189644,183,n6,grip
3189646,199,n6,grip
3189648,198,n6,grip
3189650,183,n6,grip
3189652,175,n6,grip
3189654,163,n6,grip
3189656,157,n6,grip
3189658,148,n6,grip
3189660,143,n6,grip
3189662,133,n6,grip
3189664,129,n6,grip
3189666,144,n6,grip
3189668,165,n6,grip
3189670,159,n6,grip
3189672,191,n6,grip
3189674,189,n6,grip
3189676,177,n6,grip
3189678,170,n6,grip
3189680,159,n6,grip
3189682,147,n6,grip
3189684,142,n6,grip
3189686,134,n6,grip
3189688,128,n6,grip
3189690,125,n6,grip
3189692,158,n6,grip
3189694,178,n6,grip
3189696,173,n6,grip
3189698,187,n6,grip
3189700,194,n6,grip
3189702,195,n6,grip
3189704,192,n6,grip
3189706,186,n6,grip
3189708,178,n6,grip
3189710,176,n6,grip
3189712,169,n6,grip
3189714,176,n6,grip
3189716,184,n6,grip
3189718,193,n6,grip
3189720,208,n6,grip
3189722,185,n6,grip
3189724,173,n6,grip
3189726,187,n6,grip
3189728,205,n6,grip
3189730,199,n6,grip
3189732,204,n6,grip
3189734,208,n6,grip
3189736,212,n6,grip
3189738,218,n6,grip
3189740,221,n6,grip
3189742,208,n6,grip
3189744,197,n6,grip
3189746,191,n6,grip
3189748,195,n6,grip
3189750,195,n6,grip
3189752,199,n6,grip
3189754,193,n6,grip
3189756,191,n6,grip
3189758,177,n6,grip
3189760,176,n6,grip
3189762,172,n6,grip
3189764,161,n6,grip
3189766,161,n6,grip
3189768,169,n6,grip
3189770,190,n6,grip
3189772,189,n6,grip
3189774,204,n6,grip
3189776,202,n6,grip
3189778,208,n6,grip
3189780,195,n6,grip
3189782,188,n6,grip
3189784,177,n6,grip
3189786,171,n6,grip
3189788,161,n6,grip
3189790,161,n6,grip
3189792,158,n6,grip
3189794,160,n6,grip
3189796,160,n6,grip
3189798,149,n6,grip
3189800,144,n6,grip
3189802,142,n6,grip
3189804,138,n6,grip
3189806,177,n6,grip
3189808,195,n6,grip
3189810,240,n6,grip
3189812,262,n6,grip
3189814,259,n6,grip
3189816,243,n6,grip
3189818,234,n6,grip
3189820,225,n6,grip
3189822,210,n6,grip
3189824,204,n6,grip
3189826,193,n6,grip
3189828,184,n6,grip
3189830,176,n6,grip
3189832,165,n6,grip
3189834,157,n6,grip
3189836,152,n6,grip
3189838,144,n6,grip
3189840,171,n6,grip
3189842,192,n6,grip
3189844,223,n6,grip
3189846,237,n6,grip
3189848,238,n6,grip
3189850,227,n6,grip
3189852,209,n6,grip
3189854,205,n6,grip
3189856,195,n6,grip
3189858,193,n6,grip
3189860,192,n6,grip
3189862,183,n6,grip
3189864,179,n6,grip
3189866,177,n6,grip
3189868,167,n6,grip
3189870,160,n6,grip
3189872,161,n6,grip
3189874,153,n6,grip
3189876,153,n6,grip
3189878,154,n6,grip
3189880,151,n6,grip
3189882,144,n6,grip
3189884,137,n6,grip
3189886,130,n6,grip
3189888,130,n6,grip
3189890,141,n6,grip
3189892,140,n6,grip
3189894,144,n6,grip
3189896,169,n6,grip
3189898,192,n6,grip
3189900,205,n6,grip
3189902,208,n6,grip
3189904,210,n6,grip
3189906,218,n6,grip
3189908,213,n6,grip
3189910,222,n6,grip
3189912,222,n6,grip
3189914,213,n6,grip
3189916,206,n6,grip
3189918,197,n6,grip
3189920,197,n6,grip
3189922,218,n6,grip
3189924,221,n6,grip
3189926,233,n6,grip
3189928,221,n6,grip
3189930,210,n6,grip
3189932,198,n6,grip
3189934,176,n6,grip
3189936,176,n6,grip
3189938,198,n6,grip
3189940,230,n6,grip
3189942,241,n6,grip
3189944,272,n6,grip
3189946,258,n6,grip
3189948,247,n6,grip
3189950,235,n6,grip
3189952,219,n6,grip
3189954,206,n6,grip
3189956,196,n6,grip
3189958,189,n6,grip
3189960,182,n6,grip
3189962,176,n6,grip
3189964,177,n6,grip
3189966,179,n6,grip
3189968,209,n6,grip
3189970,208,n6,grip
3189972,199,n6,grip
3189974,192,n6,grip
3189976,183,n6,grip
3189978,207,n6,grip
3189980,225,n6,grip
3189982,229,n6,grip
3189984,273,n6,grip
3189986,282,n6,grip
3189988,272,n6,grip
3189990,272,n6,grip
3189992,280,n6,grip
3189994,295,n6,grip
3189996,313,n6,grip
3189998,306,n6,grip
3190000,291,n6,grip
3190002,274,n6,grip
3190004,261,n6,grip
3190006,249,n6,grip
3190008,236,n6,grip
3190010,225,n6,grip
3190012,209,n6,grip
3190014,203,n6,grip
3190016,194,n6,grip
3190018,181,n6,grip
3190020,176,n6,grip
3190022,165,n6,grip
3190024,150,n6,grip
3190026,144,n6,grip
3190028,138,n6,grip
3190030,140,n6,grip
3190032,144,n6,grip
3190034,173,n6,grip
3190036,174,n6,grip
3190038,176,n6,grip
3190040,173,n6,grip
3190042,168,n6,grip
3190044,162,n6,grip
3190046,151,n6,grip
3190048,144,n6,grip
3190050,141,n6,grip
3190052,132,n6,grip
3190054,125,n6,grip
3190056,119,n6,grip
3190058,112,n6,grip
3190060,109,n6,grip
3190062,102,n6,grip
3190064,130,n6,grip
3190066,144,n6,grip
3190068,162,n6,grip
3190070,157,n6,grip
3190072,145,n6,grip
3190074,139,n6,grip
3190076,135,n6,grip
3190078,128,n6,grip
3190080,128,n6,grip
3190082,176,n6,grip
3190084,183,n6,grip
3190086,212,n6,grip
3190088,211,n6,grip
3190090,221,n6,grip
3190092,211,n6,grip
3190094,207,n6,grip
3190096,198,n6,grip
3190098,188,n6,grip
3190100,189,n6,grip
3190102,186,n6,grip
3190104,181,n6,grip
3190106,174,n6,grip
3190108,162,n6,grip
3190110,152,n6,grip
3190112,146,n6,grip
3190114,153,n6,grip
3190116,188,n6,grip
3190118,204,n6,grip
3190120,239,n6,grip
3190122,231,n6,grip
3190124,222,n6,grip
3190126,208,n6,grip
3190128,198,n6,grip
3190130,187,n6,grip
3190132,176,n6,grip
3190134,165,n6,grip
3190136,159,n6,grip
3190138,153,n6,grip
3190140,146,n6,grip
3190142,158,n6,grip
3190144,176,n6,grip
3190146,187,n6,grip
3190148,225,n6,grip
3190150,223,n6,grip
3190152,225,n6,grip
3190154,214,n6,grip
3190156,203,n6,grip
3190158,193,n6,grip
3190160,185,n6,grip
3190162,174,n6,grip
3190164,161,n6,grip
3190166,159,n6,grip
3190168,165,n6,grip
3190170,160,n6,grip
3190172,176,n6,grip
3190174,176,n6,grip
3190176,165,n6,grip
3190178,156,n6,grip
3190180,145,n6,grip
3190182,138,n6,grip
3190184,128,n6,grip
3190186,120,n6,grip
3190188,130,n6,grip
3190190,162,n6,grip
3190192,179,n6,grip
3190194,185,n6,grip
3190196,226,n6,grip
3190198,221,n6,grip
3190200,221,n6,grip
3190202,227,n6,grip
3190204,229,n6,grip
3190206,220,n6,grip
3190208,207,n6,grip
3190210,278,n6,grip
3190212,293,n6,grip
3190214,353,n6,grip
3190216,361,n6,grip
3190218,364,n6,grip
3190220,357,n6,grip
3190222,341,n6,grip
3190224,330,n6,grip
3190226,312,n6,grip
3190228,301,n6,grip
3190230,290,n6,grip
3190232,274,n6,grip
3190234,267,n6,grip
3190236,238,n6,grip
3190238,230,n6,grip
3190240,211,n6,grip
3190242,199,n6,grip
3190244,187,n6,grip
3190246,176,n6,grip
3190248,173,n6,grip
3190250,159,n6,grip
3190252,153,n6,grip
3190254,150,n6,grip
3190256,144,n6,grip
3190258,134,n6,grip
3190260,124,n6,grip
3190262,117,n6,grip
3190264,112,n6,grip
3190266,109,n6,grip
3190268,101,n6,grip
3190270,101,n6,grip
3190272,107,n6,grip
3190274,119,n6,grip
3190276,114,n6,grip
3190278,125,n6,grip
3190280,115,n6,grip
3190282,133,n6,grip
3190284,138,n6,grip
3190286,139,n6,grip
3190288,133,n6,grip
3190290,128,n6,grip
3190292,117,n6,grip
3190294,111,n6,grip
3190296,106,n6,grip
3190298,126,n6,grip
3190300,127,n6,grip
3190302,144,n6,grip
3190304,151,n6,grip
3190306,164,n6,grip
3190308,170,n6,grip
3190310,164,n6,grip
3190312,169,n6,grip
3190314,166,n6,grip
3190316,180,n6,grip
3199348,656,n6,grip
3199350,643,n6,grip
3199352,635,n6,grip
3199354,623,n6,grip
3199356,605,n6,grip
3199358,604,n6,grip
3199360,658,n6,grip
3199362,657,n6,grip
3199364,701,n6,grip
3199366,677,n6,grip
3199368,678,n6,grip
3199370,659,n6,grip
3199372,642,n6,grip
3199374,633,n6,grip
3199376,647,n6,grip
3199378,641,n6,grip
3199380,640,n6,grip
3199382,611,n6,grip
3199384,604,n6,grip
3199386,581,n6,grip
3199388,562,n6,grip
3199390,589,n6,grip
3199392,608,n6,grip
3199394,682,n6,grip
3199396,674,n6,grip
3199398,651,n6,grip
3199400,633,n6,grip
3199402,626,n6,grip
3199404,610,n6,grip
3199406,605,n6,grip
3199408,690,n6,grip
3199410,688,n6,grip
3199412,766,n6,grip
3199414,769,n6,grip
3199416,758,n6,grip
3199418,738,n6,grip
3199420,726,n6,grip
3199422,706,n6,grip
3199424,702,n6,grip
3199426,704,n6,grip
3199428,709,n6,grip
3199430,715,n6,grip
3199432,750,n6,grip
3199434,724,n6,grip
3199436,695,n6,grip
3199438,665,n6,grip
3199440,650,n6,grip
3199442,626,n6,grip
3199444,608,n6,grip
3199446,588,n6,grip
3199448,576,n6,grip
3199450,545,n6,grip
3199452,528,n6,grip
3199454,511,n6,grip
3199456,496,n6,grip
3199458,531,n6,grip
3199460,538,n6,grip
3199462,511,n6,grip
3199464,542,n6,grip
3199466,571,n6,grip
3199468,736,n6,grip
3199470,798,n6,grip
3199472,791,n6,grip
3199474,754,n6,grip
3199476,747,n6,grip
3199478,742,n6,grip
3199480,759,n6,grip
3199482,755,n6,grip
3199484,751,n6,grip
3199486,732,n6,grip
3199488,704,n6,grip
3199490,674,n6,grip
3199492,653,n6,grip
3199494,625,n6,grip
3199496,596,n6,grip
3199498,575,n6,grip
3199500,547,n6,grip
3199502,537,n6,grip
3199504,531,n6,grip
3199506,554,n6,grip
3199508,556,n6,grip
3199510,569,n6,grip
3199512,549,n6,grip
3199514,561,n6,grip
3199516,539,n6,grip
3199518,510,n6,grip
3199520,487,n6,grip
3199522,464,n6,grip
3199524,443,n6,grip
3199526,427,n6,grip
3199528,402,n6,grip
3199530,384,n6,grip
3199532,435,n6,grip
3199534,471,n6,grip
3199536,489,n6,grip
3199538,529,n6,grip
3199540,617,n6,grip
3199542,734,n6,grip
3199544,733,n6,grip
3199546,705,n6,grip
3199548,689,n6,grip
3199550,668,n6,grip
3199552,634,n6,grip
3199554,613,n6,grip
3199556,622,n6,grip
3199558,615,n6,grip
3199560,599,n6,grip
3199562,579,n6,grip
3199564,588,n6,grip
3199566,578,n6,grip
3199568,553,n6,grip
3199570,550,n6,grip
3199572,530,n6,grip
3199574,554,n6,grip
3199576,560,n6,grip
3199578,534,n6,grip
3199580,531,n6,grip
3199582,547,n6,grip
3199584,527,n6,grip
3199586,507,n6,grip
3199588,486,n6,grip
3199590,532,n6,grip
3199592,559,n6,grip
3199594,587,n6,grip
3199596,589,n6,grip
3199598,575,n6,grip
3199600,555,n6,grip
3199602,530,n6,grip
3199604,502,n6,grip
3199606,490,n6,grip
3199608,485,n6,grip
3199610,540,n6,grip
3199612,562,n6,grip
3199614,648,n6,grip
3199616,629,n6,grip
3199618,603,n6,grip
3199620,575,n6,grip
3199622,559,n6,grip
3199624,546,n6,grip
3199626,567,n6,grip
3199628,572,n6,grip
3199630,601,n6,grip
3199632,590,n6,grip
3199634,576,n6,grip
3199636,610,n6,grip
3199638,616,n6,grip
3199640,633,n6,grip
3199642,621,n6,grip
3199644,633,n6,grip
3199646,628,n6,grip
3199648,677,n6,grip
3199650,682,n6,grip
3199652,675,n6,grip
3199654,658,n6,grip
3199656,656,n6,grip
3199658,631,n6,grip
3199660,609,n6,grip
3199662,593,n6,grip
3199664,581,n6,grip
3199666,555,n6,grip
3199668,560,n6,grip
3199670,561,n6,grip
3199672,583,n6,grip
3199674,561,n6,grip
3199676,531,n6,grip
3199678,585,n6,grip
3199680,610,n6,grip
3199682,618,n6,grip
3199684,626,n6,grip
3199686,725,n6,grip
3199688,858,n6,grip
3199690,897,n6,grip
3199692,878,n6,grip
3199694,849,n6,grip
3199696,814,n6,grip
3199698,782,n6,grip
3199700,743,n6,grip
3199702,713,n6,grip
3199704,709,n6,grip
3199706,768,n6,grip
3199708,791,n6,grip
3199710,876,n6,grip
3199712,848,n6,grip
3199714,813,n6,grip
3199716,773,n6,grip
3199718,768,n6,grip
3199720,771,n6,grip
3199722,739,n6,grip
3199724,720,n6,grip
3199726,740,n6,grip
3199728,733,n6,grip
3199730,720,n6,grip
3199732,695,n6,grip
3199734,663,n6,grip
3199736,634,n6,grip
3199738,603,n6,grip
3199740,576,n6,grip
3199742,555,n6,grip
3199744,534,n6,grip
3199746,507,n6,grip
3199748,500,n6,grip
3199750,482,n6,grip
3199752,474,n6,grip
3199754,464,n6,grip
3199756,465,n6,grip
3199758,551,n6,grip
3199760,616,n6,grip
3199762,656,n6,grip
3199764,765,n6,grip
3199766,770,n6,grip
3199768,773,n6,grip
3199770,737,n6,grip
3199772,723,n6,grip
3199774,737,n6,grip
3199776,716,n6,grip
3199778,715,n6,grip
3199780,702,n6,grip
3199782,689,n6,grip
3199784,677,n6,grip
3199786,688,n6,grip
3199788,735,n6,grip
3199790,735,n6,grip
3199792,771,n6,grip
3199794,737,n6,grip
3199796,758,n6,grip
3199798,745,n6,grip
3199800,765,n6,grip
3199802,736,n6,grip
3199804,703,n6,grip
3199806,681,n6,grip
3199808,690,n6,grip
3199810,682,n6,grip
3199812,661,n6,grip
3199814,637,n6,grip
3199816,604,n6,grip
3199818,586,n6,grip
3199820,562,n6,grip
3199822,535,n6,grip
3199824,506,n6,grip
3199826,486,n6,grip
3199828,461,n6,grip
3199830,438,n6,grip
3199832,416,n6,grip
3199834,399,n6,grip
3199836,395,n6,grip
3199838,402,n6,grip
3199840,400,n6,grip
3199842,394,n6,grip
3199844,375,n6,grip
3199846,355,n6,grip
3199848,358,n6,grip
3199850,354,n6,grip
3199852,336,n6,grip
3199854,323,n6,grip
3199856,313,n6,grip
3199858,310,n6,grip
3199860,340,n6,grip
3199862,338,n6,grip
3199864,336,n6,grip
3199866,329,n6,grip
3199868,336,n6,grip
3199870,385,n6,grip
3199872,377,n6,grip
3199874,368,n6,grip
3199876,369,n6,grip
3199878,357,n6,grip
3199880,336,n6,grip
3199882,323,n6,grip
3199884,315,n6,grip
3199886,309,n6,grip
3199888,352,n6,grip
3199890,458,n6,grip
3199892,510,n6,grip
3199894,635,n6,grip
3199896,667,n6,grip
3199898,649,n6,grip
3199900,630,n6,grip
3199902,601,n6,grip
3199904,576,n6,grip
3199906,547,n6,grip
3199908,527,n6,grip
3199910,507,n6,grip
3199912,508,n6,grip
3199914,503,n6,grip
3199916,511,n6,grip
3199918,496,n6,grip
3199920,471,n6,grip
3199922,448,n6,grip
3199924,432,n6,grip
3199926,414,n6,grip
3199928,393,n6,grip
3199930,378,n6,grip
3199932,364,n6,grip
3199934,350,n6,grip
3199936,347,n6,grip
3199938,343,n6,grip
3199940,337,n6,grip
3199942,324,n6,grip
3199944,311,n6,grip
3199946,331,n6,grip
3199948,333,n6,grip
3199950,368,n6,grip
3199952,351,n6,grip
3199954,340,n6,grip
3199956,323,n6,grip
3199958,320,n6,grip
3199960,321,n6,grip
3199962,315,n6,grip
3199964,365,n6,grip
3199966,401,n6,grip
3199968,405,n6,grip
3199970,420,n6,grip
3199972,432,n6,grip
3199974,423,n6,grip
3199976,408,n6,grip
3199978,403,n6,grip
3199980,447,n6,grip
3199982,470,n6,grip
3199984,534,n6,grip
3199986,558,n6,grip
3199988,541,n6,grip
3199990,509,n6,grip
3199992,524,n6,grip
3199994,499,n6,grip
3199996,492,n6,grip
3199998,496,n6,grip
3200000,493,n6,grip
3200002,481,n6,grip
3200004,464,n6,grip
3200006,461,n6,grip
3200008,463,n6,grip
3200010,449,n6,grip
3200012,435,n6,grip
3200014,434,n6,grip
3200016,434,n6,grip
3200018,440,n6,grip
3200020,446,n6,grip
3200022,433,n6,grip
3200024,435,n6,grip
3200026,421,n6,grip
3200028,419,n6,grip
3200030,406,n6,grip
3200032,397,n6,grip
3200034,401,n6,grip
3200036,390,n6,grip
3200038,385,n6,grip
3200040,390,n6,grip
3200042,418,n6,grip
3200044,456,n6,grip
3200046,476,n6,grip
3200048,487,n6,grip
3200050,464,n6,grip
3200052,545,n6,grip
3200054,591,n6,grip
3200056,590,n6,grip
3200058,639,n6,grip
3200060,682,n6,grip
3200062,673,n6,grip
3200064,652,n6,grip
3200066,623,n6,grip
3200068,593,n6,grip
3200070,587,n6,grip
3200072,579,n6,grip
3200074,563,n6,grip
3200076,539,n6,grip
3200078,511,n6,grip
3200080,511,n6,grip
3200082,496,n6,grip
3200084,479,n6,grip
3200086,486,n6,grip
3200088,476,n6,grip
3200090,487,n6,grip
3200092,465,n6,grip
3200094,446,n6,grip
3200096,418,n6,grip
3200098,400,n6,grip
3200100,378,n6,grip
3200102,383,n6,grip
3200104,417,n6,grip
3200106,429,n6,grip
3200108,449,n6,grip
3200110,441,n6,grip
3200112,434,n6,grip
3200114,474,n6,grip
3200116,481,n6,grip
3200118,510,n6,grip
3200120,485,n6,grip
3200122,466,n6,grip
3200124,463,n6,grip
3200126,453,n6,grip
3200128,441,n6,grip
3200130,435,n6,grip
3200132,437,n6,grip
3200134,450,n6,grip
3200136,457,n6,grip
3200138,465,n6,grip
3200140,459,n6,grip
3200142,467,n6,grip
3200144,458,n6,grip
3200146,442,n6,grip
3200148,432,n6,grip
3200150,427,n6,grip
3200152,404,n6,grip
3200154,395,n6,grip
3200156,370,n6,grip
3200158,364,n6,grip
3200160,352,n6,grip
3200162,367,n6,grip
3200164,385,n6,grip
3200166,385,n6,grip
3200168,375,n6,grip
3200170,358,n6,grip
3200172,338,n6,grip
3200174,323,n6,grip
3200176,304,n6,grip
3200178,287,n6,grip
3200180,276,n6,grip
3200182,272,n6,grip
3200184,274,n6,grip
3200186,273,n6,grip
3200188,272,n6,grip
3200190,270,n6,grip
3200192,282,n6,grip
3200194,288,n6,grip
3200196,301,n6,grip
3200198,289,n6,grip
3200200,278,n6,grip
3200202,286,n6,grip
3200204,279,n6,grip
3200206,272,n6,grip
3200208,297,n6,grip
3200210,358,n6,grip
3200212,414,n6,grip
3200214,460,n6,grip
3200216,442,n6,grip
3200218,429,n6,grip
3200220,408,n6,grip
3200222,390,n6,grip
3200224,377,n6,grip
3200226,378,n6,grip
3200228,368,n6,grip
3200230,391,n6,grip
3200232,397,n6,grip
3200234,377,n6,grip
3200236,373,n6,grip
3200238,356,n6,grip
3200240,347,n6,grip
3200242,339,n6,grip
3200244,336,n6,grip
3200246,325,n6,grip
3200248,309,n6,grip
3200250,300,n6,grip
3200252,292,n6,grip
3200254,277,n6,grip
3200256,266,n6,grip
3200258,255,n6,grip
3200260,243,n6,grip
3200262,245,n6,grip
3200264,235,n6,grip
3200266,233,n6,grip
3200268,236,n6,grip
3200270,245,n6,grip
3200272,254,n6,grip
3200274,247,n6,grip
3200276,237,n6,grip
3200278,242,n6,grip
3200280,263,n6,grip
3200282,277,n6,grip
3200284,331,n6,grip
3200286,320,n6,grip
3200288,339,n6,grip
3200290,343,n6,grip
3200292,341,n6,grip
3200294,330,n6,grip
3200296,315,n6,grip
3200298,295,n6,grip
3200300,287,n6,grip
3200302,304,n6,grip
3200304,299,n6,grip
3200306,292,n6,grip
3200308,318,n6,grip
3200310,319,n6,grip
3200312,303,n6,grip
3200314,288,n6,grip
3200316,272,n6,grip
3200318,270,n6,grip
3200320,263,n6,grip
3200322,256,n6,grip
3200324,242,n6,grip
3200326,235,n6,grip
3200328,221,n6,grip
3200330,214,n6,grip
3200332,199,n6,grip
3200334,192,n6,grip
3200336,186,n6,grip
3200338,177,n6,grip
3200340,169,n6,grip
3200342,158,n6,grip
3200344,154,n6,grip
3200346,145,n6,grip
3200348,142,n6,grip
3200350,140,n6,grip
3200352,143,n6,grip
3200354,129,n6,grip
3200356,125,n6,grip
3200358,144,n6,grip
3200360,139,n6,grip
3200362,151,n6,grip
3200364,153,n6,grip
3200366,157,n6,grip
3200368,188,n6,grip
3200370,197,n6,grip
3200372,208,n6,grip
3200374,211,n6,grip
3200376,219,n6,grip
3200378,226,n6,grip
3200380,237,n6,grip
3200382,266,n6,grip
3200384,259,n6,grip
3200386,254,n6,grip
3200388,247,n6,grip
3200390,240,n6,grip
3200392,227,n6,grip
3200394,213,n6,grip
3200396,207,n6,grip
3200398,240,n6,grip
3200400,302,n6,grip
3200402,335,n6,grip
3200404,336,n6,grip
3200406,337,n6,grip
3200408,340,n6,grip
3200410,326,n6,grip
3200412,307,n6,grip
3200414,292,n6,grip
3200416,288,n6,grip
3200418,272,n6,grip
3200420,257,n6,grip
3200422,240,n6,grip
3200424,229,n6,grip
3200426,221,n6,grip
3200428,208,n6,grip
3200430,205,n6,grip
3200432,209,n6,grip
3200434,208,n6,grip
3200436,229,n6,grip
3200438,231,n6,grip
3200440,240,n6,grip
3200442,230,n6,grip
3200444,226,n6,grip
3200446,214,n6,grip
3200448,210,n6,grip
3200450,219,n6,grip
3200452,233,n6,grip
3200454,249,n6,grip
3200456,242,n6,grip
3200458,245,n6,grip
3200460,272,n6,grip
3200462,267,n6,grip
3200464,250,n6,grip
3200466,240,n6,grip
3200468,223,n6,grip
3200470,208,n6,grip
3200472,208,n6,grip
3200474,209,n6,grip
3200476,208,n6,grip
3200478,195,n6,grip
3200480,190,n6,grip
3200482,181,n6,grip
3200484,184,n6,grip
3200486,192,n6,grip
3200488,191,n6,grip
3200490,191,n6,grip
3200492,209,n6,grip
3200494,219,n6,grip
3200496,239,n6,grip
3200498,272,n6,grip
3200500,293,n6,grip
3200502,336,n6,grip
3200504,336,n6,grip
3200506,320,n6,grip
3200508,317,n6,grip
3200510,336,n6,grip
3200512,321,n6,grip
3200514,351,n6,grip
3200516,341,n6,grip
3200518,325,n6,grip
3200520,306,n6,grip
3200522,299,n6,grip
3200524,278,n6,grip
3200526,274,n6,grip
3200528,265,n6,grip
3200530,256,n6,grip
3200532,242,n6,grip
3200534,229,n6,grip
3200536,214,n6,grip
3200538,206,n6,grip
3200540,192,n6,grip
3200542,186,n6,grip
3200544,218,n6,grip
3200546,231,n6,grip
3200548,225,n6,grip
3200550,265,n6,grip
3200552,266,n6,grip
3200554,252,n6,grip
3200556,240,n6,grip
3200558,233,n6,grip
3200560,215,n6,grip
3200562,206,n6,grip
3200564,198,n6,grip
3200566,193,n6,grip
3200568,194,n6,grip
3200570,213,n6,grip
3200572,214,n6,grip
3200574,218,n6,grip
3200576,221,n6,grip
3200578,224,n6,grip
3200580,216,n6,grip
3200582,229,n6,grip
3200584,224,n6,grip
3200586,211,n6,grip
3200588,219,n6,grip
3200590,224,n6,grip
3200592,218,n6,grip
3200594,215,n6,grip
3200596,227,n6,grip
3200598,243,n6,grip
3200600,245,n6,grip
3200602,253,n6,grip
3200604,247,n6,grip
3200606,235,n6,grip
3200608,226,n6,grip
3200610,211,n6,grip
3200612,213,n6,grip
3200614,225,n6,grip
3200616,230,n6,grip
3200618,225,n6,grip
3200620,215,n6,grip
3200622,207,n6,grip
3200624,211,n6,grip
3200626,208,n6,grip
3200628,208,n6,grip
3200630,197,n6,grip
3200632,189,n6,grip
3200634,181,n6,grip
3200636,176,n6,grip
3200638,188,n6,grip
3200640,176,n6,grip
3200642,181,n6,grip
3200644,203,n6,grip
3200646,208,n6,grip
3200648,202,n6,grip
3200650,206,n6,grip
3200652,210,n6,grip
3200654,202,n6,grip
3200656,195,n6,grip
3200658,196,n6,grip
3200660,194,n6,grip
3200662,202,n6,grip
3200664,189,n6,grip
3200666,176,n6,grip
3200668,170,n6,grip
3200670,177,n6,grip
3200672,176,n6,grip
3200674,170,n6,grip
3200676,163,n6,grip
3200678,149,n6,grip
3200680,157,n6,grip
3200682,186,n6,grip
3200684,197,n6,grip
3200686,203,n6,grip
3200688,192,n6,grip
3200690,191,n6,grip
3200692,182,n6,grip
3200694,192,n6,grip
3200696,189,n6,grip
3200698,193,n6,grip
3200700,203,n6,grip
3200702,191,n6,grip
3200704,180,n6,grip
3200706,174,n6,grip
3200708,194,n6,grip
3200710,187,n6,grip
3200712,203,n6,grip
3200714,197,n6,grip
3200716,190,n6,grip
3200718,185,n6,grip
3200720,189,n6,grip
3200722,183,n6,grip
3200724,198,n6,grip
3200726,194,n6,grip
3200728,187,n6,grip
3200730,207,n6,grip
3200732,219,n6,grip
3200734,208,n6,grip
3200736,208,n6,grip
3200738,193,n6,grip
3200740,182,n6,grip
3200742,187,n6,grip
3200744,176,n6,grip
3200746,176,n6,grip
3200748,170,n6,grip
3200750,166,n6,grip
3200752,163,n6,grip
3200754,160,n6,grip
3200756,145,n6,grip
3200758,149,n6,grip
3200760,176,n6,grip
3200762,176,n6,grip
3200764,169,n6,grip
3200766,163,n6,grip
3200768,150,n6,grip
3200770,147,n6,grip
3200772,139,n6,grip
3200774,139,n6,grip
3200776,141,n6,grip
3200778,141,n6,grip
3200780,149,n6,grip
3200782,161,n6,grip
3200784,209,n6,grip
3200786,246,n6,grip
3200788,250,n6,grip
3200790,242,n6,grip
3200792,234,n6,grip
3200794,231,n6,grip
3200796,224,n6,grip
3200798,222,n6,grip
3200800,209,n6,grip
3200802,224,n6,grip
3200804,251,n6,grip
3200806,272,n6,grip
3200808,272,n6,grip
3200810,265,n6,grip
3200812,272,n6,grip
3200814,288,n6,grip
3200816,282,n6,grip
3200818,286,n6,grip
3200820,278,n6,grip
3200822,274,n6,grip
3200824,265,n6,grip
3200826,261,n6,grip
3200828,255,n6,grip
3200830,245,n6,grip
3200832,234,n6,grip
3200834,222,n6,grip
3200836,211,n6,grip
3200838,208,n6,grip
3200840,202,n6,grip
3200842,206,n6,grip
3200844,208,n6,grip
3200846,192,n6,grip
3200848,180,n6,grip
3200850,185,n6,grip
3200852,181,n6,grip
3200854,184,n6,grip
3200856,188,n6,grip
3200858,188,n6,grip
3200860,194,n6,grip
3200862,204,n6,grip
3200864,205,n6,grip
3200866,240,n6,grip
3200868,272,n6,grip
3200870,294,n6,grip
3200872,320,n6,grip
3200874,331,n6,grip
3200876,325,n6,grip
3200878,318,n6,grip
3200880,320,n6,grip
3200882,309,n6,grip
3200884,293,n6,grip
3200886,315,n6,grip
3200888,321,n6,grip
3200890,350,n6,grip
3200892,337,n6,grip
3200894,326,n6,grip
3200896,309,n6,grip
3200898,297,n6,grip
3200900,279,n6,grip
3200902,298,n6,grip
3200904,311,n6,grip
3200906,304,n6,grip
3200908,322,n6,grip
3200910,324,n6,grip
3200912,319,n6,grip
3200914,304,n6,grip
3200916,289,n6,grip
3200918,272,n6,grip
3200920,272,n6,grip
3200922,265,n6,grip
3200924,257,n6,grip
3200926,243,n6,grip
3200928,240,n6,grip
3200930,224,n6,grip
3200932,208,n6,grip
3200934,206,n6,grip
3200936,199,n6,grip
3200938,192,n6,grip
3200940,191,n6,grip
3200942,179,n6,grip
3200944,182,n6,grip
3200946,175,n6,grip
3200948,178,n6,grip
3200950,170,n6,grip
3200952,166,n6,grip
3200954,162,n6,grip
3200956,160,n6,grip
3200958,150,n6,grip
3200960,149,n6,grip
3200962,154,n6,grip
3200964,175,n6,grip
3200966,205,n6,grip
3200968,247,n6,grip
3200970,256,n6,grip
3200972,254,n6,grip
3200974,251,n6,grip
3200976,247,n6,grip
3200978,263,n6,grip
3200980,279,n6,grip
3200982,301,n6,grip
3200984,313,n6,grip
3200986,299,n6,grip
3200988,281,n6,grip
3200990,270,n6,grip
3200992,259,n6,grip
3200994,254,n6,grip
3200996,259,n6,grip
3200998,257,n6,grip
3201000,242,n6,grip
3201002,228,n6,grip
3201004,217,n6,grip
3201006,206,n6,grip
3201008,192,n6,grip
3201010,179,n6,grip
3201012,179,n6,grip
3201014,172,n6,grip
3201016,162,n6,grip
3201018,157,n6,grip
3201020,169,n6,grip
3201022,170,n6,grip
3201024,176,n6,grip
3201026,177,n6,grip
3201028,166,n6,grip
3201030,159,n6,grip
3201032,147,n6,grip
3201034,142,n6,grip
3201036,137,n6,grip
3201038,128,n6,grip
3201040,122,n6,grip
3201042,117,n6,grip
3201044,114,n6,grip
3201046,110,n6,grip
3201048,101,n6,grip
3201050,93,n6,grip
3201052,92,n6,grip
3201054,125,n6,grip
3201056,145,n6,grip
3201058,144,n6,grip
3201060,154,n6,grip
3201062,144,n6,grip
3201064,143,n6,grip
3201066,149,n6,grip
3201068,170,n6,grip
3201070,176,n6,grip
3201072,164,n6,grip
3201074,158,n6,grip
3201076,145,n6,grip
3201078,144,n6,grip
3201080,146,n6,grip
3201082,182,n6,grip
3201084,186,n6,grip
3201086,192,n6,grip
3201088,182,n6,grip
3201090,183,n6,grip
3201092,178,n6,grip
3201094,187,n6,grip
3201096,175,n6,grip
3201098,173,n6,grip
3201100,165,n6,grip
3201102,157,n6,grip
3201104,175,n6,grip
3201106,175,n6,grip
3201108,161,n6,grip
3201110,152,n6,grip
3201112,144,n6,grip
3201114,148,n6,grip
3201116,153,n6,grip
3201118,167,n6,grip
3201120,156,n6,grip
3201122,146,n6,grip
3201124,138,n6,grip
3201126,135,n6,grip
3201128,133,n6,grip
3201130,139,n6,grip
3201132,141,n6,grip
3201134,150,n6,grip
3201136,158,n6,grip
3201138,171,n6,grip
3201140,176,n6,grip
3201142,176,n6,grip
3201144,176,n6,grip
3201146,182,n6,grip
3201148,192,n6,grip
3201150,181,n6,grip
3201152,171,n6,grip
3201154,159,n6,grip
3201156,163,n6,grip
3201158,157,n6,grip
3201160,144,n6,grip
3201162,144,n6,grip
3201164,146,n6,grip
3201166,157,n6,grip
3201168,148,n6,grip
3201170,156,n6,grip
3201172,162,n6,grip
3201174,154,n6,grip
3201176,144,n6,grip
3201178,144,n6,grip
3201180,176,n6,grip
3201182,186,n6,grip
3201184,185,n6,grip
3201186,175,n6,grip
3201188,171,n6,grip
3201190,192,n6,grip
3201192,182,n6,grip
3201194,194,n6,grip
3201196,196,n6,grip
3201198,194,n6,grip
3201200,196,n6,grip
3201202,191,n6,grip
3201204,186,n6,grip
3201206,191,n6,grip
3201208,197,n6,grip
3201210,192,n6,grip
3201212,181,n6,grip
3201214,175,n6,grip
3201216,174,n6,grip
3201218,167,n6,grip
3201220,159,n6,grip
3201222,149,n6,grip
3201224,144,n6,grip
3201226,160,n6,grip
3201228,151,n6,grip
3201230,144,n6,grip
3201232,153,n6,grip
3201234,167,n6,grip
3201236,176,n6,grip
3201238,197,n6,grip
3201240,195,n6,grip
3201242,195,n6,grip
3201244,232,n6,grip
3201246,226,n6,grip
3201248,234,n6,grip
3201250,272,n6,grip
3201252,266,n6,grip
3201254,260,n6,grip
3201256,255,n6,grip
3201258,240,n6,grip
3201260,243,n6,grip
3201262,237,n6,grip
3201264,250,n6,grip
3201266,246,n6,grip
3201268,272,n6,grip
3201270,278,n6,grip
3201272,272,n6,grip
3201274,269,n6,grip
3201276,271,n6,grip
3201278,258,n6,grip
3201280,242,n6,grip
3201282,240,n6,grip
3201284,227,n6,grip
3201286,233,n6,grip
3201288,221,n6,grip
3201290,209,n6,grip
3201292,208,n6,grip
3201294,196,n6,grip
3201296,187,n6,grip
3201298,195,n6,grip
3201300,193,n6,grip
3201302,193,n6,grip
3201304,227,n6,grip
3201306,218,n6,grip
3201308,215,n6,grip
3201310,201,n6,grip
3201312,191,n6,grip
3201314,185,n6,grip
3201316,176,n6,grip
3201318,175,n6,grip
3201320,176,n6,grip
3201322,170,n6,grip
3201324,190,n6,grip
3201326,192,n6,grip
3201328,222,n6,grip
3201330,256,n6,grip
3201332,259,n6,grip
3201334,260,n6,grip
3201336,256,n6,grip
3201338,255,n6,grip
3201340,253,n6,grip
3201342,240,n6,grip
3201344,226,n6,grip
3201346,214,n6,grip
3201348,208,n6,grip
3201350,196,n6,grip
3201352,186,n6,grip
3201354,178,n6,grip
3201356,233,n6,grip
3201358,261,n6,grip
3201360,281,n6,grip
3201362,326,n6,grip
3201364,311,n6,grip
3201366,320,n6,grip
3201368,310,n6,grip
3201370,291,n6,grip
3201372,277,n6,grip
3201374,267,n6,grip
3201376,257,n6,grip
3201378,243,n6,grip
3201380,240,n6,grip
3201382,235,n6,grip
3201384,252,n6,grip
3201386,242,n6,grip
3201388,247,n6,grip
3201390,241,n6,grip
3201392,240,n6,grip
3201394,227,n6,grip
3201396,217,n6,grip
3201398,207,n6,grip
3201400,196,n6,grip
3201402,194,n6,grip
3201404,192,n6,grip
3201406,185,n6,grip
3201408,200,n6,grip
3201410,207,n6,grip
3201412,211,n6,grip
3201414,211,n6,grip
3201416,243,n6,grip
3201418,239,n6,grip
3201420,226,n6,grip
3201422,219,n6,grip
3201424,206,n6,grip
3201426,194,n6,grip
3201428,194,n6,grip
3201430,186,n6,grip
3201432,178,n6,grip
3201434,171,n6,grip
3201436,176,n6,grip
3201438,187,n6,grip
3201440,198,n6,grip
3201442,207,n6,grip
3201444,240,n6,grip
3201446,252,n6,grip
3201448,253,n6,grip
3201450,250,n6,grip
3201452,246,n6,grip
3201454,236,n6,grip
3201456,234,n6,grip
3201458,233,n6,grip
3201460,223,n6,grip
3201462,222,n6,grip
3201464,211,n6,grip
3201466,207,n6,grip
3201468,201,n6,grip
3201470,193,n6,grip
3201472,194,n6,grip
3201474,179,n6,grip
3201476,179,n6,grip
3201478,172,n6,grip
3201480,176,n6,grip
3201482,172,n6,grip
3201484,171,n6,grip
3201486,164,n6,grip
3201488,177,n6,grip
3201490,176,n6,grip
3201492,201,n6,grip
3201494,192,n6,grip
3201496,183,n6,grip
3201498,193,n6,grip
3201500,203,n6,grip
3201502,197,n6,grip
3201504,212,n6,grip
3201506,230,n6,grip
3201508,240,n6,grip
3201510,269,n6,grip
3201512,259,n6,grip
3201514,253,n6,grip
3201516,240,n6,grip
3201518,240,n6,grip
3201520,244,n6,grip
3201522,240,n6,grip
3201524,227,n6,grip
3201526,235,n6,grip
3201528,229,n6,grip
3201530,230,n6,grip
3201532,245,n6,grip
3201534,243,n6,grip
3201536,240,n6,grip
3201538,234,n6,grip
3201540,227,n6,grip
3201542,226,n6,grip
3201544,212,n6,grip
3201546,211,n6,grip
3201548,202,n6,grip
3201550,192,n6,grip
3201552,178,n6,grip
3201554,173,n6,grip
3201556,161,n6,grip
3201558,151,n6,grip
3201560,154,n6,grip
3201562,157,n6,grip
3201564,176,n6,grip
3201566,171,n6,grip
3201568,160,n6,grip
3201570,154,n6,grip
3201572,159,n6,grip
3201574,176,n6,grip
3201576,165,n6,grip
3201578,167,n6,grip
3201580,182,n6,grip
3201582,198,n6,grip
3201584,208,n6,grip
3201586,197,n6,grip
3201588,186,n6,grip
3201590,176,n6,grip
3201592,162,n6,grip
3201594,154,n6,grip
3201596,145,n6,grip
3201598,158,n6,grip
3201600,165,n6,grip
3201602,157,n6,grip
3201604,153,n6,grip
3201606,165,n6,grip
3201608,177,n6,grip
3201610,193,n6,grip
3201612,207,n6,grip
3201614,236,n6,grip
3201616,257,n6,grip
3201618,249,n6,grip
3201620,236,n6,grip
3201622,239,n6,grip
3201624,230,n6,grip
3201626,218,n6,grip
3201628,208,n6,grip
3201630,222,n6,grip
3201632,223,n6,grip
3201634,211,n6,grip
3201636,202,n6,grip
3201638,195,n6,grip
3201640,185,n6,grip
3201642,176,n6,grip
3201644,184,n6,grip
3201646,177,n6,grip
3201648,167,n6,grip
3201650,167,n6,grip
3201652,171,n6,grip
3201654,171,n6,grip
3201656,191,n6,grip
3201658,182,n6,grip
3201660,176,n6,grip
3201662,169,n6,grip
3201664,163,n6,grip
3201666,159,n6,grip
3201668,157,n6,grip
3201670,148,n6,grip
3201672,144,n6,grip
3201674,144,n6,grip
3201676,134,n6,grip
3201678,127,n6,grip
3201680,122,n6,grip
3201682,117,n6,grip
3201684,111,n6,grip
3201686,122,n6,grip
3201688,115,n6,grip
3201690,115,n6,grip
3201692,133,n6,grip
3201694,161,n6,grip
3201696,158,n6,grip
3201698,147,n6,grip
3201700,141,n6,grip
3201702,144,n6,grip
3201704,158,n6,grip
3201706,149,n6,grip
3201708,154,n6,grip
3201710,159,n6,grip
3201712,151,n6,grip
3201714,144,n6,grip
3201716,138,n6,grip
3201718,129,n6,grip
3201720,121,n6,grip
3201722,135,n6,grip
3201724,139,n6,grip
3201726,140,n6,grip
3201728,155,n6,grip
3201730,147,n6,grip
3201732,144,n6,grip
3201734,135,n6,grip
3201736,126,n6,grip
3201738,125,n6,grip
3201740,146,n6,grip
3201742,172,n6,grip
3201744,165,n6,grip
3201746,159,n6,grip
3201748,150,n6,grip
3201750,160,n6,grip
3201752,174,n6,grip
3201754,176,n6,grip
3201756,192,n6,grip
3201758,181,n6,grip
3201760,178,n6,grip
3201762,177,n6,grip
3201764,176,n6,grip
3201766,167,n6,grip
3201768,176,n6,grip
3201770,165,n6,grip
3201772,158,n6,grip
3201774,155,n6,grip
3201776,149,n6,grip
3201778,144,n6,grip
3201780,147,n6,grip
3201782,144,n6,grip
3201784,155,n6,grip
3201786,163,n6,grip
3201788,176,n6,grip
3201790,201,n6,grip
3201792,204,n6,grip
3201794,197,n6,grip
3201796,215,n6,grip
3201798,213,n6,grip
3201800,208,n6,grip
3201802,223,n6,grip
3201804,219,n6,grip
3201806,209,n6,grip
3201808,201,n6,grip
3201810,192,n6,grip
3201812,181,n6,grip
3201814,187,n6,grip
3201816,188,n6,grip
3201818,242,n6,grip
3201820,261,n6,grip
3201822,303,n6,grip
3201824,338,n6,grip
3201826,327,n6,grip
3201828,311,n6,grip
3201830,298,n6,grip
3201832,299,n6,grip
3201834,288,n6,grip
3201836,293,n6,grip
3201838,295,n6,grip
3201840,283,n6,grip
3201842,270,n6,grip
3201844,260,n6,grip
3201846,241,n6,grip
3201848,233,n6,grip
3201850,225,n6,grip
3201852,224,n6,grip
3201854,215,n6,grip
3201856,215,n6,grip
3201858,208,n6,grip
3201860,197,n6,grip
3201862,189,n6,grip
3201864,177,n6,grip
3201866,174,n6,grip
3201868,171,n6,grip
3201870,157,n6,grip
3201872,146,n6,grip
3201874,140,n6,grip
3201876,128,n6,grip
3201878,125,n6,grip
3201880,145,n6,grip
3201882,145,n6,grip
3201884,177,n6,grip
3201886,182,n6,grip
3201888,194,n6,grip
3201890,237,n6,grip
3201892,253,n6,grip
3201894,299,n6,grip
3201896,288,n6,grip
3201898,272,n6,grip
3201900,297,n6,grip
3201902,323,n6,grip
3201904,314,n6,grip
3201906,363,n6,grip
3201908,386,n6,grip
3201910,375,n6,grip
3201912,378,n6,grip
3201914,390,n6,grip
3201916,387,n6,grip
3201918,369,n6,grip
3201920,349,n6,grip
3201922,333,n6,grip
3201924,316,n6,grip
3201926,302,n6,grip
3201928,310,n6,grip
3201930,311,n6,grip
3201932,335,n6,grip
3201934,353,n6,grip
3201936,340,n6,grip
3201938,338,n6,grip
3201940,327,n6,grip
3201942,310,n6,grip
3201944,297,n6,grip
3201946,275,n6,grip
3201948,266,n6,grip
3201950,253,n6,grip
3201952,256,n6,grip
3201954,272,n6,grip
3201956,269,n6,grip
3201958,279,n6,grip
3201960,272,n6,grip
3201962,272,n6,grip
3201964,265,n6,grip
3201966,262,n6,grip
3201968,253,n6,grip
3201970,241,n6,grip
3201972,231,n6,grip
3201974,215,n6,grip
3201976,207,n6,grip
3201978,194,n6,grip
3201980,195,n6,grip
3201982,201,n6,grip
3201984,208,n6,grip
3201986,226,n6,grip
3201988,240,n6,grip
3201990,239,n6,grip
3201992,276,n6,grip
3201994,282,n6,grip
3201996,286,n6,grip
3201998,272,n6,grip
3202000,281,n6,grip
3202002,291,n6,grip
3202004,320,n6,grip
3202006,323,n6,grip
3202008,357,n6,grip
3202010,339,n6,grip
3202012,330,n6,grip
3202014,307,n6,grip
3202016,294,n6,grip
3202018,285,n6,grip
3202020,271,n6,grip
3202022,266,n6,grip
3202024,292,n6,grip
3202026,281,n6,grip
3202028,291,n6,grip
3202030,305,n6,grip
3202032,298,n6,grip
3202034,288,n6,grip
3202036,306,n6,grip
3202038,291,n6,grip
3202040,299,n6,grip
3202042,289,n6,grip
3202044,304,n6,grip
3202046,304,n6,grip
3202048,299,n6,grip
3202050,278,n6,grip
3202052,266,n6,grip
3202054,249,n6,grip
3202056,237,n6,grip
3202058,225,n6,grip
3202060,218,n6,grip
3202062,211,n6,grip
3202064,221,n6,grip
3202066,209,n6,grip
3202068,197,n6,grip
3202070,185,n6,grip
3202072,176,n6,grip
3202074,171,n6,grip
3202076,176,n6,grip
3202078,170,n6,grip
3202080,180,n6,grip
3202082,177,n6,grip
3202084,172,n6,grip
3202086,159,n6,grip
3202088,149,n6,grip
3202090,146,n6,grip
3202092,173,n6,grip
3202094,203,n6,grip
3202096,223,n6,grip
3202098,256,n6,grip
3202100,240,n6,grip
3202102,224,n6,grip
3202104,210,n6,grip
3202106,203,n6,grip
3202108,189,n6,grip
3202110,183,n6,grip
3202112,188,n6,grip
3202114,192,n6,grip
3202116,197,n6,grip
3202118,197,n6,grip
3202120,199,n6,grip
3202122,202,n6,grip
3202124,188,n6,grip
3202126,175,n6,grip
3202128,166,n6,grip
3202130,158,n6,grip
3202132,148,n6,grip
3202134,143,n6,grip
3202136,128,n6,grip
3202138,134,n6,grip
3202140,153,n6,grip
3202142,162,n6,grip
3202144,208,n6,grip
3202146,217,n6,grip
3202148,225,n6,grip
3202150,211,n6,grip
3202152,203,n6,grip
3202154,192,n6,grip
3202156,177,n6,grip
3202158,173,n6,grip
3202160,171,n6,grip
3202162,176,n6,grip
3202164,176,n6,grip
3202166,228,n6,grip
3202168,227,n6,grip
3202170,224,n6,grip
3202172,228,n6,grip
3202174,226,n6,grip
3202176,243,n6,grip
3202178,250,n6,grip
3202180,247,n6,grip
3202182,254,n6,grip
3202184,241,n6,grip
3202186,230,n6,grip
3202188,213,n6,grip
3202190,204,n6,grip
3202192,192,n6,grip
3202194,181,n6,grip
3202196,177,n6,grip
3202198,176,n6,grip
3202200,171,n6,grip
3202202,161,n6,grip
3202204,149,n6,grip
3202206,141,n6,grip
3202208,138,n6,grip
3202210,130,n6,grip
3202212,151,n6,grip
3202214,210,n6,grip
3202216,219,n6,grip
3202218,275,n6,grip
3202220,275,n6,grip
3202222,271,n6,grip
3202224,269,n6,grip
3202226,257,n6,grip
3202228,241,n6,grip
3202230,228,n6,grip
3202232,215,n6,grip
3202234,211,n6,grip
3202236,207,n6,grip
3202238,203,n6,grip
3202240,203,n6,grip
3202242,189,n6,grip
3202244,179,n6,grip
3202246,180,n6,grip
3202248,217,n6,grip
3202250,215,n6,grip
3202252,239,n6,grip
3202254,233,n6,grip
3202256,227,n6,grip
3202258,209,n6,grip
3202260,212,n6,grip
3202262,223,n6,grip
3202264,214,n6,grip
3202266,228,n6,grip
3202268,227,n6,grip
3202270,209,n6,grip
3202272,202,n6,grip
3202274,206,n6,grip
3202276,199,n6,grip
3202278,192,n6,grip
3202280,192,n6,grip
3202282,179,n6,grip
3202284,167,n6,grip
3202286,159,n6,grip
3202288,149,n6,grip
3202290,145,n6,grip
3202292,143,n6,grip
3202294,129,n6,grip
3202296,139,n6,grip
3202298,131,n6,grip
3202300,128,n6,grip
3202302,117,n6,grip
3202304,112,n6,grip
3202306,103,n6,grip
3202308,102,n6,grip
3202310,135,n6,grip
3202312,144,n6,grip
3202314,155,n6,grip
3202316,208,n6,grip
3202318,208,n6,grip
3202320,197,n6,grip
3202322,189,n6,grip
3202324,193,n6,grip
3202326,204,n6,grip
3202328,217,n6,grip
3202330,207,n6,grip
3202332,192,n6,grip
3202334,178,n6,grip
3202336,176,n6,grip
3202338,188,n6,grip
3202340,177,n6,grip
3202342,184,n6,grip
3202344,208,n6,grip
3202346,226,n6,grip
3202348,224,n6,grip
