t_ms,raw,subject,gesture
10573742,2318,s1,grip_v7
10573744,2327,s1,grip_v7
10573746,2319,s1,grip_v7
10573748,2349,s1,grip_v7
10573750,2285,s1,grip_v7
10573752,2272,s1,grip_v7
10573754,2249,s1,grip_v7
10573756,2313,s1,grip_v7
10573758,2285,s1,grip_v7
10573760,2217,s1,grip_v7
10573762,2162,s1,grip_v7
10573764,2181,s1,grip_v7
10573766,2110,s1,grip_v7
10573768,2065,s1,grip_v7
10573770,2141,s1,grip_v7
10573772,2177,s1,grip_v7
10573774,2231,s1,grip_v7
10573776,2181,s1,grip_v7
10573778,2186,s1,grip_v7
10573780,2265,s1,grip_v7
10573782,2246,s1,grip_v7
10573784,2245,s1,grip_v7
10573786,2305,s1,grip_v7
10573788,2259,s1,grip_v7
10573790,2246,s1,grip_v7
10573792,2294,s1,grip_v7
10573794,2272,s1,grip_v7
10573796,2288,s1,grip_v7
10573798,2338,s1,grip_v7
10573800,2273,s1,grip_v7
10573802,2225,s1,grip_v7
10573804,2277,s1,grip_v7
10573806,2543,s1,grip_v7
10573808,2629,s1,grip_v7
10573810,2522,s1,grip_v7
10573812,2458,s1,grip_v7
10573814,2431,s1,grip_v7
10573816,2369,s1,grip_v7
10573818,2515,s1,grip_v7
10573820,2684,s1,grip_v7
10573822,2715,s1,grip_v7
10573824,2786,s1,grip_v7
10573826,2776,s1,grip_v7
10573828,2913,s1,grip_v7
10573830,2894,s1,grip_v7
10573832,3029,s1,grip_v7
10573834,3265,s1,grip_v7
10573836,3447,s1,grip_v7
10573838,3461,s1,grip_v7
10573840,3663,s1,grip_v7
10573842,3652,s1,grip_v7
10573844,3515,s1,grip_v7
10573846,3361,s1,grip_v7
10573848,3310,s1,grip_v7
10573850,3152,s1,grip_v7
10573852,3255,s1,grip_v7
10573854,3219,s1,grip_v7
10573856,3250,s1,grip_v7
10573858,3152,s1,grip_v7
10573860,3050,s1,grip_v7
10573862,3083,s1,grip_v7
10573864,2944,s1,grip_v7
10573866,2896,s1,grip_v7
10573868,2958,s1,grip_v7
10573870,2969,s1,grip_v7
10573872,2907,s1,grip_v7
10573874,2957,s1,grip_v7
10573876,3099,s1,grip_v7
10573878,3263,s1,grip_v7
10573880,3184,s1,grip_v7
10573882,3216,s1,grip_v7
10573884,3120,s1,grip_v7
10573886,3250,s1,grip_v7
10573888,3226,s1,grip_v7
10573890,3200,s1,grip_v7
10573892,3245,s1,grip_v7
10573894,3373,s1,grip_v7
10573896,3331,s1,grip_v7
10573898,3441,s1,grip_v7
10573900,3341,s1,grip_v7
10573902,3261,s1,grip_v7
10573904,3261,s1,grip_v7
10573906,3248,s1,grip_v7
10573908,3177,s1,grip_v7
10573910,3219,s1,grip_v7
10573912,3166,s1,grip_v7
10573914,3133,s1,grip_v7
10573916,2986,s1,grip_v7
10573918,2913,s1,grip_v7
10573920,3019,s1,grip_v7
10573922,2944,s1,grip_v7
10573924,2960,s1,grip_v7
10573926,2990,s1,grip_v7
10573928,2899,s1,grip_v7
10573930,2782,s1,grip_v7
10573932,2694,s1,grip_v7
10573934,2672,s1,grip_v7
10573936,2821,s1,grip_v7
10573938,2773,s1,grip_v7
10573940,2689,s1,grip_v7
10573942,2618,s1,grip_v7
10573944,2657,s1,grip_v7
10573946,2659,s1,grip_v7
10573948,2636,s1,grip_v7
10573950,2559,s1,grip_v7
10573952,2512,s1,grip_v7
10573954,2423,s1,grip_v7
10573956,2512,s1,grip_v7
10573958,2513,s1,grip_v7
10573960,2496,s1,grip_v7
10573962,2463,s1,grip_v7
10573964,2592,s1,grip_v7
10573966,2800,s1,grip_v7
10573968,2930,s1,grip_v7
10573970,2992,s1,grip_v7
10573972,3194,s1,grip_v7
10573974,3351,s1,grip_v7
10573976,3200,s1,grip_v7
10573978,3264,s1,grip_v7
10573980,3209,s1,grip_v7
10573982,3226,s1,grip_v7
10573984,3137,s1,grip_v7
10573986,3184,s1,grip_v7
10573988,3125,s1,grip_v7
10573990,3205,s1,grip_v7
10573992,3186,s1,grip_v7
10573994,3071,s1,grip_v7
10573996,2970,s1,grip_v7
10573998,3013,s1,grip_v7
10574000,3057,s1,grip_v7
10574002,3089,s1,grip_v7
10574004,3037,s1,grip_v7
10574006,3152,s1,grip_v7
10574008,3168,s1,grip_v7
10574010,3039,s1,grip_v7
10574012,2943,s1,grip_v7
10574014,2891,s1,grip_v7
10574016,2927,s1,grip_v7
10574018,3042,s1,grip_v7
10574020,3093,s1,grip_v7
10574022,2987,s1,grip_v7
10574024,2951,s1,grip_v7
10574026,3207,s1,grip_v7
10574028,3424,s1,grip_v7
10574030,3319,s1,grip_v7
10574032,3381,s1,grip_v7
10574034,3326,s1,grip_v7
10574036,3346,s1,grip_v7
10574038,3238,s1,grip_v7
10574040,3178,s1,grip_v7
10574042,3090,s1,grip_v7
10574044,3095,s1,grip_v7
10574046,3114,s1,grip_v7
10574048,3095,s1,grip_v7
10574050,2947,s1,grip_v7
10574052,2896,s1,grip_v7
10574054,2855,s1,grip_v7
10574056,2898,s1,grip_v7
10574058,2819,s1,grip_v7
10574060,2739,s1,grip_v7
10574062,2682,s1,grip_v7
10574064,2715,s1,grip_v7
10574066,2707,s1,grip_v7
10574068,2641,s1,grip_v7
10574070,2609,s1,grip_v7
10574072,2614,s1,grip_v7
10574074,2586,s1,grip_v7
10574076,2479,s1,grip_v7
10574078,2501,s1,grip_v7
10574080,2435,s1,grip_v7
10574082,2384,s1,grip_v7
10574084,2418,s1,grip_v7
10574086,2559,s1,grip_v7
10574088,2534,s1,grip_v7
10574090,2559,s1,grip_v7
10574092,2508,s1,grip_v7
10574094,2486,s1,grip_v7
10574096,2466,s1,grip_v7
10574098,2415,s1,grip_v7
10574100,2363,s1,grip_v7
10574102,2321,s1,grip_v7
10574104,2291,s1,grip_v7
10574106,2373,s1,grip_v7
10574108,2421,s1,grip_v7
10574110,2440,s1,grip_v7
10574112,2460,s1,grip_v7
10574114,2635,s1,grip_v7
10574116,2704,s1,grip_v7
10574118,2623,s1,grip_v7
10574120,2559,s1,grip_v7
10574122,2588,s1,grip_v7
10574124,2559,s1,grip_v7
10574126,2461,s1,grip_v7
10574128,2519,s1,grip_v7
10574130,2477,s1,grip_v7
10574132,2499,s1,grip_v7
10574134,2526,s1,grip_v7
10574136,2702,s1,grip_v7
10574138,2699,s1,grip_v7
10574140,2813,s1,grip_v7
10574142,2907,s1,grip_v7
10574144,2919,s1,grip_v7
10574146,2847,s1,grip_v7
10574148,2821,s1,grip_v7
10574150,2791,s1,grip_v7
10574152,2832,s1,grip_v7
10574154,2827,s1,grip_v7
10574156,3063,s1,grip_v7
10574158,3099,s1,grip_v7
10574160,2960,s1,grip_v7
10574162,2864,s1,grip_v7
10574164,2927,s1,grip_v7
10574166,2935,s1,grip_v7
10574168,2925,s1,grip_v7
10574170,3050,s1,grip_v7
10574172,3011,s1,grip_v7
10574174,3050,s1,grip_v7
10574176,2944,s1,grip_v7
10574178,2942,s1,grip_v7
10574180,2891,s1,grip_v7
10574182,2768,s1,grip_v7
10574184,2672,s1,grip_v7
10574186,2736,s1,grip_v7
10574188,2705,s1,grip_v7
10574190,2735,s1,grip_v7
10574192,2677,s1,grip_v7
10574194,2699,s1,grip_v7
10574196,2649,s1,grip_v7
10574198,2615,s1,grip_v7
10574200,2517,s1,grip_v7
10574202,2487,s1,grip_v7
10574204,2548,s1,grip_v7
10574206,2471,s1,grip_v7
10574208,2375,s1,grip_v7
10574210,2480,s1,grip_v7
10574212,2603,s1,grip_v7
10574214,2495,s1,grip_v7
10574216,2421,s1,grip_v7
10574218,2462,s1,grip_v7
10574220,2583,s1,grip_v7
10574222,2590,s1,grip_v7
10574224,2482,s1,grip_v7
10574226,2481,s1,grip_v7
10574228,2757,s1,grip_v7
10574230,2747,s1,grip_v7
10574232,2736,s1,grip_v7
10574234,2656,s1,grip_v7
10574236,2704,s1,grip_v7
10574238,2653,s1,grip_v7
10574240,2631,s1,grip_v7
10574242,2625,s1,grip_v7
10574244,2559,s1,grip_v7
10574246,2595,s1,grip_v7
10574248,2497,s1,grip_v7
10574250,2505,s1,grip_v7
10574252,2499,s1,grip_v7
10574254,2487,s1,grip_v7
10574256,2401,s1,grip_v7
10574258,2301,s1,grip_v7
10574260,2433,s1,grip_v7
10574262,2496,s1,grip_v7
10574264,2615,s1,grip_v7
10574266,2677,s1,grip_v7
10574268,2591,s1,grip_v7
10574270,2544,s1,grip_v7
10574272,2559,s1,grip_v7
10574274,2644,s1,grip_v7
10574276,2590,s1,grip_v7
10574278,2529,s1,grip_v7
10574280,2423,s1,grip_v7
10574282,2350,s1,grip_v7
10574284,2299,s1,grip_v7
10574286,2430,s1,grip_v7
10574288,2427,s1,grip_v7
10574290,2390,s1,grip_v7
10574292,2416,s1,grip_v7
10574294,2423,s1,grip_v7
10574296,2589,s1,grip_v7
10574298,2527,s1,grip_v7
10574300,2483,s1,grip_v7
10574302,2544,s1,grip_v7
10574304,2707,s1,grip_v7
10574306,2750,s1,grip_v7
10574308,2781,s1,grip_v7
10574310,2710,s1,grip_v7
10574312,2657,s1,grip_v7
10574314,2668,s1,grip_v7
10574316,2615,s1,grip_v7
10574318,2524,s1,grip_v7
10574320,2485,s1,grip_v7
10574322,2592,s1,grip_v7
10574324,2629,s1,grip_v7
10574326,2554,s1,grip_v7
10574328,2531,s1,grip_v7
10574330,2535,s1,grip_v7
10574332,2555,s1,grip_v7
10574334,2533,s1,grip_v7
10574336,2690,s1,grip_v7
10574338,2677,s1,grip_v7
10574340,2878,s1,grip_v7
10574342,2871,s1,grip_v7
10574344,2838,s1,grip_v7
10574346,2741,s1,grip_v7
10574348,2693,s1,grip_v7
10574350,2660,s1,grip_v7
10574352,2733,s1,grip_v7
10574354,2803,s1,grip_v7
10574356,2817,s1,grip_v7
10574358,2806,s1,grip_v7
10574360,2731,s1,grip_v7
10574362,2693,s1,grip_v7
10574364,2775,s1,grip_v7
10574366,2913,s1,grip_v7
10574368,2819,s1,grip_v7
10574370,2750,s1,grip_v7
10574372,2799,s1,grip_v7
10574374,2911,s1,grip_v7
10574376,2935,s1,grip_v7
10574378,2983,s1,grip_v7
10574380,3263,s1,grip_v7
10574382,3632,s1,grip_v7
10574384,3530,s1,grip_v7
10574386,3381,s1,grip_v7
10574388,3429,s1,grip_v7
10574390,3494,s1,grip_v7
10574392,3408,s1,grip_v7
10574394,3429,s1,grip_v7
10574396,3374,s1,grip_v7
10574398,3667,s1,grip_v7
10574400,3693,s1,grip_v7
10574402,3688,s1,grip_v7
10574404,3695,s1,grip_v7
10574406,3686,s1,grip_v7
10574408,3690,s1,grip_v7
10574410,3685,s1,grip_v7
10574412,3694,s1,grip_v7
10574414,3685,s1,grip_v7
10574416,3691,s1,grip_v7
10574418,3677,s1,grip_v7
10574420,3681,s1,grip_v7
10574422,3681,s1,grip_v7
10574424,3664,s1,grip_v7
10574426,3552,s1,grip_v7
10574428,3683,s1,grip_v7
10574430,3661,s1,grip_v7
10574432,3617,s1,grip_v7
10574434,3691,s1,grip_v7
10574436,3687,s1,grip_v7
10574438,3689,s1,grip_v7
10574440,3679,s1,grip_v7
10574442,3695,s1,grip_v7
10574444,3687,s1,grip_v7
10574446,3685,s1,grip_v7
10574448,3670,s1,grip_v7
10574450,3679,s1,grip_v7
10574452,3692,s1,grip_v7
10574454,3692,s1,grip_v7
10574456,3694,s1,grip_v7
10574458,3687,s1,grip_v7
10574460,3691,s1,grip_v7
10574462,3681,s1,grip_v7
10574464,3682,s1,grip_v7
10574466,3553,s1,grip_v7
10574468,3443,s1,grip_v7
10574470,3680,s1,grip_v7
10574472,3641,s1,grip_v7
10574474,3479,s1,grip_v7
10574476,3315,s1,grip_v7
10574478,3232,s1,grip_v7
10574480,3088,s1,grip_v7
10574482,2954,s1,grip_v7
10574484,2818,s1,grip_v7
10574486,2782,s1,grip_v7
10574488,2675,s1,grip_v7
10574490,2647,s1,grip_v7
10574492,2626,s1,grip_v7
10574494,2606,s1,grip_v7
10574496,2541,s1,grip_v7
10574498,2558,s1,grip_v7
10574500,2459,s1,grip_v7
10574502,2436,s1,grip_v7
10574504,2473,s1,grip_v7
10574506,2479,s1,grip_v7
10574508,2458,s1,grip_v7
10574510,2464,s1,grip_v7
10574512,2510,s1,grip_v7
10574514,2533,s1,grip_v7
10574516,2511,s1,grip_v7
10574518,2557,s1,grip_v7
10574520,2554,s1,grip_v7
10574522,2599,s1,grip_v7
10574524,2559,s1,grip_v7
10574526,2495,s1,grip_v7
10574528,2559,s1,grip_v7
10574530,2559,s1,grip_v7
10574532,2597,s1,grip_v7
10574534,2512,s1,grip_v7
10574536,2535,s1,grip_v7
10574538,2475,s1,grip_v7
10574540,2480,s1,grip_v7
10574542,2449,s1,grip_v7
10574544,2465,s1,grip_v7
10574546,2439,s1,grip_v7
10574548,2478,s1,grip_v7
10574550,2499,s1,grip_v7
10574552,2659,s1,grip_v7
10574554,2739,s1,grip_v7
10574556,2689,s1,grip_v7
10574558,2673,s1,grip_v7
10574560,2799,s1,grip_v7
10574562,2924,s1,grip_v7
10574564,3003,s1,grip_v7
10574566,2958,s1,grip_v7
10574568,2864,s1,grip_v7
10574570,2800,s1,grip_v7
10574572,2996,s1,grip_v7
10574574,3120,s1,grip_v7
10574576,3001,s1,grip_v7
10574578,2951,s1,grip_v7
10574580,2926,s1,grip_v7
10574582,3335,s1,grip_v7
10574584,3678,s1,grip_v7
10574586,3667,s1,grip_v7
10574588,3491,s1,grip_v7
10574590,3411,s1,grip_v7
10574592,3303,s1,grip_v7
10574594,3391,s1,grip_v7
10574596,3301,s1,grip_v7
10574598,3179,s1,grip_v7
10574600,3057,s1,grip_v7
10574602,3100,s1,grip_v7
10574604,3147,s1,grip_v7
10574606,3295,s1,grip_v7
10574608,3211,s1,grip_v7
10574610,3301,s1,grip_v7
10574612,3323,s1,grip_v7
10574614,3646,s1,grip_v7
10574616,3690,s1,grip_v7
10574618,3694,s1,grip_v7
10574620,3686,s1,grip_v7
10574622,3633,s1,grip_v7
10574624,3493,s1,grip_v7
10574626,3424,s1,grip_v7
10574628,3546,s1,grip_v7
10574630,3414,s1,grip_v7
10574632,3583,s1,grip_v7
10574634,3435,s1,grip_v7
10574636,3331,s1,grip_v7
10574638,3171,s1,grip_v7
10574640,3031,s1,grip_v7
10574642,2905,s1,grip_v7
10574644,2941,s1,grip_v7
10574646,2911,s1,grip_v7
10574648,2783,s1,grip_v7
10574650,2732,s1,grip_v7
10574652,2791,s1,grip_v7
10574654,2775,s1,grip_v7
10574656,2934,s1,grip_v7
10574658,2838,s1,grip_v7
10574660,2765,s1,grip_v7
10574662,2723,s1,grip_v7
10574664,2736,s1,grip_v7
10574666,2672,s1,grip_v7
10574668,2710,s1,grip_v7
10574670,2827,s1,grip_v7
10574672,2819,s1,grip_v7
10574674,2839,s1,grip_v7
10574676,2800,s1,grip_v7
10574678,2780,s1,grip_v7
10574680,2839,s1,grip_v7
10574682,2812,s1,grip_v7
10574684,2839,s1,grip_v7
10574686,2800,s1,grip_v7
10574688,2758,s1,grip_v7
10574690,2747,s1,grip_v7
10574692,2702,s1,grip_v7
10574694,2688,s1,grip_v7
10574696,2625,s1,grip_v7
10574698,2559,s1,grip_v7
10574700,2587,s1,grip_v7
10574702,2625,s1,grip_v7
10574704,2604,s1,grip_v7
10574706,2634,s1,grip_v7
10574708,2559,s1,grip_v7
10574710,2502,s1,grip_v7
10574712,2592,s1,grip_v7
10574714,2673,s1,grip_v7
10574716,2793,s1,grip_v7
10574718,2801,s1,grip_v7
10574720,2896,s1,grip_v7
10574722,2951,s1,grip_v7
10574724,2922,s1,grip_v7
10574726,3191,s1,grip_v7
10574728,3636,s1,grip_v7
10574730,3653,s1,grip_v7
10574732,3463,s1,grip_v7
10574734,3317,s1,grip_v7
10574736,3367,s1,grip_v7
10574738,3287,s1,grip_v7
10574740,3330,s1,grip_v7
10574742,3184,s1,grip_v7
10574744,3047,s1,grip_v7
10574746,3055,s1,grip_v7
10574748,3011,s1,grip_v7
10574750,2999,s1,grip_v7
10574752,2960,s1,grip_v7
10574754,2981,s1,grip_v7
10574756,2972,s1,grip_v7
10574758,2968,s1,grip_v7
10574760,2909,s1,grip_v7
10574762,2928,s1,grip_v7
10574764,2891,s1,grip_v7
10574766,2783,s1,grip_v7
10574768,2709,s1,grip_v7
10574770,2958,s1,grip_v7
10574772,2941,s1,grip_v7
10574774,2999,s1,grip_v7
10574776,2963,s1,grip_v7
10574778,3039,s1,grip_v7
10574780,2960,s1,grip_v7
10574782,2937,s1,grip_v7
10574784,2827,s1,grip_v7
10574786,2875,s1,grip_v7
10574788,2817,s1,grip_v7
10574790,2710,s1,grip_v7
10574792,2640,s1,grip_v7
10574794,2837,s1,grip_v7
10574796,2896,s1,grip_v7
10574798,2823,s1,grip_v7
10574800,2736,s1,grip_v7
10574802,2734,s1,grip_v7
10574804,2940,s1,grip_v7
10574806,2907,s1,grip_v7
10574808,2813,s1,grip_v7
10574810,2846,s1,grip_v7
10574812,2945,s1,grip_v7
10574814,2908,s1,grip_v7
10574816,2940,s1,grip_v7
10574818,2901,s1,grip_v7
10574820,2863,s1,grip_v7
10574822,2870,s1,grip_v7
10574824,2833,s1,grip_v7
10574826,2739,s1,grip_v7
10574828,2794,s1,grip_v7
10574830,2737,s1,grip_v7
10574832,2752,s1,grip_v7
10574834,2663,s1,grip_v7
10574836,2653,s1,grip_v7
10574838,2595,s1,grip_v7
10574840,2625,s1,grip_v7
10574842,2559,s1,grip_v7
10574844,2559,s1,grip_v7
10574846,2559,s1,grip_v7
10574848,2559,s1,grip_v7
10574850,2468,s1,grip_v7
10574852,2559,s1,grip_v7
10574854,2710,s1,grip_v7
10574856,2653,s1,grip_v7
10574858,2546,s1,grip_v7
10574860,2513,s1,grip_v7
10574862,2688,s1,grip_v7
10574864,2672,s1,grip_v7
10574866,2623,s1,grip_v7
10574868,2559,s1,grip_v7
10574870,2618,s1,grip_v7
10574872,2586,s1,grip_v7
10574874,2544,s1,grip_v7
10574876,2489,s1,grip_v7
10574878,2416,s1,grip_v7
10574880,2346,s1,grip_v7
10574882,2349,s1,grip_v7
10574884,2299,s1,grip_v7
10574886,2327,s1,grip_v7
10574888,2309,s1,grip_v7
10574890,2384,s1,grip_v7
10574892,2354,s1,grip_v7
10574894,2287,s1,grip_v7
10574896,2259,s1,grip_v7
10574898,2241,s1,grip_v7
10574900,2285,s1,grip_v7
10574902,2287,s1,grip_v7
10574904,2384,s1,grip_v7
10574906,2367,s1,grip_v7
10574908,2320,s1,grip_v7
10574910,2271,s1,grip_v7
10574912,2315,s1,grip_v7
10574914,2308,s1,grip_v7
10574916,2376,s1,grip_v7
10574918,2430,s1,grip_v7
10574920,2617,s1,grip_v7
10574922,2591,s1,grip_v7
10574924,2679,s1,grip_v7
10574926,2702,s1,grip_v7
10574928,2828,s1,grip_v7
10574930,2800,s1,grip_v7
10574932,2765,s1,grip_v7
10574934,2638,s1,grip_v7
10574936,2762,s1,grip_v7
10574938,2751,s1,grip_v7
10574940,2800,s1,grip_v7
10574942,2845,s1,grip_v7
10574944,2857,s1,grip_v7
10574946,2807,s1,grip_v7
10574948,2843,s1,grip_v7
10574950,2804,s1,grip_v7
10574952,2776,s1,grip_v7
10574954,2863,s1,grip_v7
10574956,2880,s1,grip_v7
10574958,2919,s1,grip_v7
10574960,2854,s1,grip_v7
10574962,2921,s1,grip_v7
10574964,2947,s1,grip_v7
10574966,2996,s1,grip_v7
10574968,2955,s1,grip_v7
10574970,2970,s1,grip_v7
10574972,2989,s1,grip_v7
10574974,2944,s1,grip_v7
10574976,2835,s1,grip_v7
10574978,2906,s1,grip_v7
10574980,2866,s1,grip_v7
10574982,2919,s1,grip_v7
10574984,3001,s1,grip_v7
10574986,3115,s1,grip_v7
10574988,3106,s1,grip_v7
10574990,3216,s1,grip_v7
10574992,3106,s1,grip_v7
10574994,3024,s1,grip_v7
10574996,2945,s1,grip_v7
10574998,2911,s1,grip_v7
10575000,2845,s1,grip_v7
10575002,2849,s1,grip_v7
10575004,2963,s1,grip_v7
10575006,2898,s1,grip_v7
10575008,2865,s1,grip_v7
10575010,2945,s1,grip_v7
10575012,3126,s1,grip_v7
10575014,3091,s1,grip_v7
10575016,3113,s1,grip_v7
10575018,3068,s1,grip_v7
10575020,3122,s1,grip_v7
10575022,3104,s1,grip_v7
10575024,3125,s1,grip_v7
10575026,3024,s1,grip_v7
10575028,2939,s1,grip_v7
10575030,2839,s1,grip_v7
10575032,2767,s1,grip_v7
10575034,2651,s1,grip_v7
10575036,2717,s1,grip_v7
10575038,2689,s1,grip_v7
10575040,2714,s1,grip_v7
10575042,2640,s1,grip_v7
10575044,2624,s1,grip_v7
10575046,2608,s1,grip_v7
10575048,2604,s1,grip_v7
10575050,2706,s1,grip_v7
10575052,2909,s1,grip_v7
10575054,2915,s1,grip_v7
10575056,3027,s1,grip_v7
10575058,3071,s1,grip_v7
10575060,3066,s1,grip_v7
10575062,3038,s1,grip_v7
10575064,3005,s1,grip_v7
10575066,2928,s1,grip_v7
10575068,2875,s1,grip_v7
10575070,3301,s1,grip_v7
10575072,3381,s1,grip_v7
10575074,3616,s1,grip_v7
10575076,3689,s1,grip_v7
10575078,3695,s1,grip_v7
10575080,3664,s1,grip_v7
10575082,3523,s1,grip_v7
10575084,3315,s1,grip_v7
10575086,3613,s1,grip_v7
10575088,3690,s1,grip_v7
10575090,3695,s1,grip_v7
10575092,3697,s1,grip_v7
10575094,3685,s1,grip_v7
10575096,3681,s1,grip_v7
10575098,3687,s1,grip_v7
10575100,3696,s1,grip_v7
10575102,3689,s1,grip_v7
10575104,3687,s1,grip_v7
10575106,3693,s1,grip_v7
10575108,3683,s1,grip_v7
10575110,3689,s1,grip_v7
10575112,3687,s1,grip_v7
10575114,3685,s1,grip_v7
10575116,3683,s1,grip_v7
10575118,3686,s1,grip_v7
10575120,3696,s1,grip_v7
10575122,3669,s1,grip_v7
10575124,3475,s1,grip_v7
10575126,3318,s1,grip_v7
10575128,3483,s1,grip_v7
10575130,3408,s1,grip_v7
10575132,3318,s1,grip_v7
10575134,3353,s1,grip_v7
10575136,3606,s1,grip_v7
10575138,3509,s1,grip_v7
10575140,3583,s1,grip_v7
10575142,3561,s1,grip_v7
10575144,3440,s1,grip_v7
10575146,3409,s1,grip_v7
10575148,3675,s1,grip_v7
10575150,3682,s1,grip_v7
10575152,3680,s1,grip_v7
10575154,3459,s1,grip_v7
10575156,3414,s1,grip_v7
10575158,3474,s1,grip_v7
10575160,3462,s1,grip_v7
10575162,3445,s1,grip_v7
10575164,3566,s1,grip_v7
10575166,3571,s1,grip_v7
10575168,3401,s1,grip_v7
10575170,3520,s1,grip_v7
10575172,3447,s1,grip_v7
10575174,3663,s1,grip_v7
10575176,3600,s1,grip_v7
10575178,3575,s1,grip_v7
10575180,3439,s1,grip_v7
10575182,3469,s1,grip_v7
10575184,3486,s1,grip_v7
10575186,3636,s1,grip_v7
10575188,3502,s1,grip_v7
10575190,3515,s1,grip_v7
10575192,3682,s1,grip_v7
10575194,3665,s1,grip_v7
10575196,3565,s1,grip_v7
10575198,3632,s1,grip_v7
10575200,3689,s1,grip_v7
10575202,3625,s1,grip_v7
10575204,3478,s1,grip_v7
10575206,3555,s1,grip_v7
10575208,3404,s1,grip_v7
10575210,3303,s1,grip_v7
10575212,3379,s1,grip_v7
10575214,3425,s1,grip_v7
10575216,3467,s1,grip_v7
10575218,3431,s1,grip_v7
10575220,3451,s1,grip_v7
10575222,3495,s1,grip_v7
10575224,3521,s1,grip_v7
10575226,3401,s1,grip_v7
10575228,3271,s1,grip_v7
10575230,3391,s1,grip_v7
10575232,3329,s1,grip_v7
10575234,3207,s1,grip_v7
10575236,3165,s1,grip_v7
10575238,3071,s1,grip_v7
10575240,3117,s1,grip_v7
10575242,3122,s1,grip_v7
10575244,3159,s1,grip_v7
10575246,3118,s1,grip_v7
10575248,3173,s1,grip_v7
10575250,3342,s1,grip_v7
10575252,3349,s1,grip_v7
10575254,3275,s1,grip_v7
10575256,3338,s1,grip_v7
10575258,3263,s1,grip_v7
10575260,3195,s1,grip_v7
10575262,3225,s1,grip_v7
10575264,3170,s1,grip_v7
10575266,3167,s1,grip_v7
10575268,3024,s1,grip_v7
10575270,3017,s1,grip_v7
10575272,2949,s1,grip_v7
10575274,2901,s1,grip_v7
10575276,2770,s1,grip_v7
10575278,2815,s1,grip_v7
10575280,2803,s1,grip_v7
10575282,2999,s1,grip_v7
10575284,2944,s1,grip_v7
10575286,2853,s1,grip_v7
10575288,2794,s1,grip_v7
10575290,2851,s1,grip_v7
10575292,2810,s1,grip_v7
10575294,2768,s1,grip_v7
10575296,2690,s1,grip_v7
10575298,2685,s1,grip_v7
10575300,2619,s1,grip_v7
10575302,2590,s1,grip_v7
10575304,2558,s1,grip_v7
10575306,2604,s1,grip_v7
10575308,2541,s1,grip_v7
10575310,2482,s1,grip_v7
10575312,2478,s1,grip_v7
10575314,2461,s1,grip_v7
10575316,2442,s1,grip_v7
10575318,2350,s1,grip_v7
10575320,2418,s1,grip_v7
10575322,2352,s1,grip_v7
10575324,2350,s1,grip_v7
10575326,2291,s1,grip_v7
10575328,2278,s1,grip_v7
10575330,2199,s1,grip_v7
10575332,2176,s1,grip_v7
10575334,2111,s1,grip_v7
10575336,2125,s1,grip_v7
10575338,2096,s1,grip_v7
10575340,2023,s1,grip_v7
10575342,1955,s1,grip_v7
10575344,2093,s1,grip_v7
10575346,2149,s1,grip_v7
10575348,2260,s1,grip_v7
10575350,2256,s1,grip_v7
10575352,2186,s1,grip_v7
10575354,2158,s1,grip_v7
10575356,2201,s1,grip_v7
10575358,2211,s1,grip_v7
10575360,2231,s1,grip_v7
10575362,2288,s1,grip_v7
10575364,2335,s1,grip_v7
10575366,2540,s1,grip_v7
10575368,2603,s1,grip_v7
10575370,2603,s1,grip_v7
10575372,2608,s1,grip_v7
10575374,2548,s1,grip_v7
10575376,2480,s1,grip_v7
10575378,2601,s1,grip_v7
10575380,2559,s1,grip_v7
10575382,2543,s1,grip_v7
10575384,2459,s1,grip_v7
10575386,2620,s1,grip_v7
10575388,2670,s1,grip_v7
10575390,2864,s1,grip_v7
10575392,2915,s1,grip_v7
10575394,2909,s1,grip_v7
10575396,2874,s1,grip_v7
10575398,2910,s1,grip_v7
10575400,2849,s1,grip_v7
10575402,2789,s1,grip_v7
10575404,2771,s1,grip_v7
10575406,2803,s1,grip_v7
10575408,2752,s1,grip_v7
10575410,2657,s1,grip_v7
10575412,2640,s1,grip_v7
10575414,2614,s1,grip_v7
10575416,2603,s1,grip_v7
10575418,2503,s1,grip_v7
10575420,2526,s1,grip_v7
10575422,2474,s1,grip_v7
10575424,2432,s1,grip_v7
10575426,2391,s1,grip_v7
10575428,2419,s1,grip_v7
10575430,2401,s1,grip_v7
10575432,2339,s1,grip_v7
10575434,2256,s1,grip_v7
10575436,2267,s1,grip_v7
10575438,2230,s1,grip_v7
10575440,2254,s1,grip_v7
10575442,2160,s1,grip_v7
10575444,2128,s1,grip_v7
10575446,2118,s1,grip_v7
10575448,2160,s1,grip_v7
10575450,2145,s1,grip_v7
10575452,2128,s1,grip_v7
10575454,2145,s1,grip_v7
10575456,2123,s1,grip_v7
10575458,2091,s1,grip_v7
10575460,2062,s1,grip_v7
10575462,2102,s1,grip_v7
10575464,2125,s1,grip_v7
10575466,2126,s1,grip_v7
10575468,2043,s1,grip_v7
10575470,2099,s1,grip_v7
10575472,2035,s1,grip_v7
10575474,1993,s1,grip_v7
10575476,1939,s1,grip_v7
10575478,2031,s1,grip_v7
10575480,2007,s1,grip_v7
10575482,1990,s1,grip_v7
10575484,1915,s1,grip_v7
10575486,1935,s1,grip_v7
10575488,1925,s1,grip_v7
10575490,1872,s1,grip_v7
10575492,1888,s1,grip_v7
10575494,1937,s1,grip_v7
10575496,1910,s1,grip_v7
10575498,1886,s1,grip_v7
10575500,1801,s1,grip_v7
10575502,1811,s1,grip_v7
10575504,1950,s1,grip_v7
10575506,1936,s1,grip_v7
10575508,2032,s1,grip_v7
10575510,2086,s1,grip_v7
10575512,2170,s1,grip_v7
10575514,2130,s1,grip_v7
10575516,2167,s1,grip_v7
10575518,2201,s1,grip_v7
10575520,2304,s1,grip_v7
10575522,2273,s1,grip_v7
10575524,2263,s1,grip_v7
10575526,2224,s1,grip_v7
10575528,2309,s1,grip_v7
10575530,2278,s1,grip_v7
10575532,2279,s1,grip_v7
10575534,2220,s1,grip_v7
10575536,2256,s1,grip_v7
10575538,2209,s1,grip_v7
10575540,2271,s1,grip_v7
10575542,2212,s1,grip_v7
10575544,2160,s1,grip_v7
10575546,2105,s1,grip_v7
10575548,2121,s1,grip_v7
10575550,2058,s1,grip_v7
10575552,2045,s1,grip_v7
10575554,2159,s1,grip_v7
10575556,2127,s1,grip_v7
10575558,2193,s1,grip_v7
10575560,2319,s1,grip_v7
10575562,2417,s1,grip_v7
10575564,2433,s1,grip_v7
10575566,2438,s1,grip_v7
10575568,2409,s1,grip_v7
10575570,2474,s1,grip_v7
10575572,2437,s1,grip_v7
10575574,2461,s1,grip_v7
10575576,2435,s1,grip_v7
10575578,2549,s1,grip_v7
10575580,2513,s1,grip_v7
10575582,2532,s1,grip_v7
10575584,2559,s1,grip_v7
10575586,2667,s1,grip_v7
10575588,2625,s1,grip_v7
10575590,2653,s1,grip_v7
10575592,2615,s1,grip_v7
10575594,2559,s1,grip_v7
10575596,2553,s1,grip_v7
10575598,2557,s1,grip_v7
10575600,2507,s1,grip_v7
10575602,2505,s1,grip_v7
10575604,2511,s1,grip_v7
10575606,2449,s1,grip_v7
10575608,2384,s1,grip_v7
10575610,2441,s1,grip_v7
10575612,2603,s1,grip_v7
10575614,2603,s1,grip_v7
10575616,2723,s1,grip_v7
10575618,2733,s1,grip_v7
10575620,2713,s1,grip_v7
10575622,2670,s1,grip_v7
10575624,2615,s1,grip_v7
10575626,2507,s1,grip_v7
10575628,2639,s1,grip_v7
10575630,2608,s1,grip_v7
10575632,2604,s1,grip_v7
10575634,2549,s1,grip_v7
10575636,2594,s1,grip_v7
10575638,2545,s1,grip_v7
10575640,2559,s1,grip_v7
10575642,2559,s1,grip_v7
10575644,2635,s1,grip_v7
10575646,2640,s1,grip_v7
10575648,2759,s1,grip_v7
10575650,2727,s1,grip_v7
10575652,2651,s1,grip_v7
10575654,2649,s1,grip_v7
10575656,2626,s1,grip_v7
10575658,2608,s1,grip_v7
10575660,2557,s1,grip_v7
10575662,2605,s1,grip_v7
10575664,2559,s1,grip_v7
10575666,2559,s1,grip_v7
10575668,2511,s1,grip_v7
10575670,2559,s1,grip_v7
10575672,2518,s1,grip_v7
10575674,2542,s1,grip_v7
10575676,2512,s1,grip_v7
10575678,2608,s1,grip_v7
10575680,2559,s1,grip_v7
10575682,2622,s1,grip_v7
10575684,2686,s1,grip_v7
10575686,2783,s1,grip_v7
10575688,2722,s1,grip_v7
10575690,2779,s1,grip_v7
10575692,2779,s1,grip_v7
10575694,2768,s1,grip_v7
10575696,2738,s1,grip_v7
10575698,2736,s1,grip_v7
10575700,2691,s1,grip_v7
10575702,2611,s1,grip_v7
10575704,2599,s1,grip_v7
10575706,2553,s1,grip_v7
10575708,2502,s1,grip_v7
10575710,2470,s1,grip_v7
10575712,2529,s1,grip_v7
10575714,2499,s1,grip_v7
10575716,2543,s1,grip_v7
10575718,2501,s1,grip_v7
10575720,2559,s1,grip_v7
10575722,2531,s1,grip_v7
10575724,2545,s1,grip_v7
10575726,2487,s1,grip_v7
10575728,2550,s1,grip_v7
10575730,2501,s1,grip_v7
10575732,2510,s1,grip_v7
10575734,2448,s1,grip_v7
10575736,2450,s1,grip_v7
10575738,2387,s1,grip_v7
10575740,2400,s1,grip_v7
10575742,2338,s1,grip_v7
10575744,2311,s1,grip_v7
10575746,2310,s1,grip_v7
10575748,2319,s1,grip_v7
10575750,2323,s1,grip_v7
10575752,2338,s1,grip_v7
10575754,2359,s1,grip_v7
10575756,2400,s1,grip_v7
10575758,2423,s1,grip_v7
10575760,2382,s1,grip_v7
10575762,2369,s1,grip_v7
10575764,2364,s1,grip_v7
10575766,2327,s1,grip_v7
10575768,2270,s1,grip_v7
10575770,2409,s1,grip_v7
10575772,2405,s1,grip_v7
10575774,2499,s1,grip_v7
10575776,2498,s1,grip_v7
10575778,2514,s1,grip_v7
10575780,2459,s1,grip_v7
10575782,2503,s1,grip_v7
10575784,2530,s1,grip_v7
10575786,2507,s1,grip_v7
10575788,2521,s1,grip_v7
10575790,2623,s1,grip_v7
10575792,2529,s1,grip_v7
10575794,2515,s1,grip_v7
10575796,2495,s1,grip_v7
10575798,2541,s1,grip_v7
10575800,2530,s1,grip_v7
10575802,2496,s1,grip_v7
10575804,2519,s1,grip_v7
10575806,2482,s1,grip_v7
10575808,2446,s1,grip_v7
10575810,2399,s1,grip_v7
10575812,2448,s1,grip_v7
10575814,2416,s1,grip_v7
10575816,2409,s1,grip_v7
10575818,2352,s1,grip_v7
10575820,2422,s1,grip_v7
10575822,2391,s1,grip_v7
10575824,2448,s1,grip_v7
10575826,2412,s1,grip_v7
10575828,2432,s1,grip_v7
10575830,2368,s1,grip_v7
10575832,2432,s1,grip_v7
10575834,2409,s1,grip_v7
10575836,2404,s1,grip_v7
10575838,2399,s1,grip_v7
10575840,2401,s1,grip_v7
10575842,2396,s1,grip_v7
10575844,2448,s1,grip_v7
10575846,2464,s1,grip_v7
10575848,2470,s1,grip_v7
10575850,2431,s1,grip_v7
10575852,2384,s1,grip_v7
10575854,2379,s1,grip_v7
10575856,2415,s1,grip_v7
10575858,2383,s1,grip_v7
10575860,2299,s1,grip_v7
10575862,2321,s1,grip_v7
10575864,2288,s1,grip_v7
10575866,2295,s1,grip_v7
10575868,2257,s1,grip_v7
10575870,2347,s1,grip_v7
10575872,2309,s1,grip_v7
10575874,2325,s1,grip_v7
10575876,2277,s1,grip_v7
10575878,2354,s1,grip_v7
10575880,2309,s1,grip_v7
10575882,2333,s1,grip_v7
10575884,2288,s1,grip_v7
10575886,2305,s1,grip_v7
10575888,2288,s1,grip_v7
10575890,2315,s1,grip_v7
10575892,2299,s1,grip_v7
10575894,2309,s1,grip_v7
10575896,2291,s1,grip_v7
10575898,2331,s1,grip_v7
10575900,2321,s1,grip_v7
10575902,2292,s1,grip_v7
10575904,2327,s1,grip_v7
10575906,2320,s1,grip_v7
10575908,2313,s1,grip_v7
10575910,2275,s1,grip_v7
10575912,2342,s1,grip_v7
10575914,2287,s1,grip_v7
10575916,2239,s1,grip_v7
10575918,2259,s1,grip_v7
10575920,2349,s1,grip_v7
10575922,2310,s1,grip_v7
10575924,2320,s1,grip_v7
10575926,2281,s1,grip_v7
10575928,2333,s1,grip_v7
10575930,2303,s1,grip_v7
10575932,2329,s1,grip_v7
10575934,2288,s1,grip_v7
10575936,2305,s1,grip_v7
10575938,2270,s1,grip_v7
10575940,2300,s1,grip_v7
10575942,2282,s1,grip_v7
10575944,2287,s1,grip_v7
10575946,2269,s1,grip_v7
10575948,2261,s1,grip_v7
10575950,2229,s1,grip_v7
10575952,2213,s1,grip_v7
10575954,2288,s1,grip_v7
10575956,2287,s1,grip_v7
10575958,2298,s1,grip_v7
10575960,2257,s1,grip_v7
10575962,2294,s1,grip_v7
10575964,2291,s1,grip_v7
10575966,2306,s1,grip_v7
10575968,2256,s1,grip_v7
10575970,2313,s1,grip_v7
10575972,2276,s1,grip_v7
10575974,2305,s1,grip_v7
10575976,2281,s1,grip_v7
10575978,2337,s1,grip_v7
10575980,2287,s1,grip_v7
10575982,2320,s1,grip_v7
10575984,2288,s1,grip_v7
10575986,2323,s1,grip_v7
10575988,2299,s1,grip_v7
10575990,2320,s1,grip_v7
10575992,2287,s1,grip_v7
10575994,2294,s1,grip_v7
10575996,2345,s1,grip_v7
10575998,2310,s1,grip_v7
10576000,2352,s1,grip_v7
10576002,2437,s1,grip_v7
10576004,2480,s1,grip_v7
10576006,2503,s1,grip_v7
10576008,2501,s1,grip_v7
10576010,2483,s1,grip_v7
10576012,2549,s1,grip_v7
10576014,2527,s1,grip_v7
10576016,2545,s1,grip_v7
10576018,2491,s1,grip_v7
10576020,2543,s1,grip_v7
10576022,2516,s1,grip_v7
10576024,2559,s1,grip_v7
10576026,2499,s1,grip_v7
10576028,2469,s1,grip_v7
10576030,2401,s1,grip_v7
10576032,2359,s1,grip_v7
10576034,2291,s1,grip_v7
10576036,2298,s1,grip_v7
10576038,2258,s1,grip_v7
10576040,2317,s1,grip_v7
10576042,2282,s1,grip_v7
10576044,2193,s1,grip_v7
10576046,2131,s1,grip_v7
10576048,2128,s1,grip_v7
10576050,2034,s1,grip_v7
10576052,1999,s1,grip_v7
10576054,2027,s1,grip_v7
10576056,2031,s1,grip_v7
10576058,1973,s1,grip_v7
10576060,1936,s1,grip_v7
10576062,2001,s1,grip_v7
10576064,1999,s1,grip_v7
10576066,1977,s1,grip_v7
10576068,1930,s1,grip_v7
10576070,2068,s1,grip_v7
10576072,2063,s1,grip_v7
10576074,2135,s1,grip_v7
10576076,2099,s1,grip_v7
10576078,2145,s1,grip_v7
10576080,2127,s1,grip_v7
10576082,2147,s1,grip_v7
10576084,2111,s1,grip_v7
10576086,2160,s1,grip_v7
10576088,2167,s1,grip_v7
10576090,2211,s1,grip_v7
10576092,2207,s1,grip_v7
10576094,2141,s1,grip_v7
10576096,2069,s1,grip_v7
10576098,2035,s1,grip_v7
10576100,2013,s1,grip_v7
10576102,2004,s1,grip_v7
10576104,2117,s1,grip_v7
10576106,2141,s1,grip_v7
10576108,2154,s1,grip_v7
10576110,2128,s1,grip_v7
10576112,2198,s1,grip_v7
10576114,2166,s1,grip_v7
10576116,2199,s1,grip_v7
10576118,2202,s1,grip_v7
10576120,2299,s1,grip_v7
10576122,2271,s1,grip_v7
10576124,2267,s1,grip_v7
10576126,2254,s1,grip_v7
10576128,2368,s1,grip_v7
10576130,2351,s1,grip_v7
10576132,2378,s1,grip_v7
10576134,2390,s1,grip_v7
10576136,2446,s1,grip_v7
10576138,2425,s1,grip_v7
10576140,2461,s1,grip_v7
10576142,2438,s1,grip_v7
10576144,2386,s1,grip_v7
10576146,2384,s1,grip_v7
10576148,2361,s1,grip_v7
10576150,2301,s1,grip_v7
10576152,2251,s1,grip_v7
10576154,2315,s1,grip_v7
10576156,2295,s1,grip_v7
10576158,2285,s1,grip_v7
10576160,2251,s1,grip_v7
10576162,2331,s1,grip_v7
10576164,2321,s1,grip_v7
10576166,2359,s1,grip_v7
10576168,2320,s1,grip_v7
10576170,2365,s1,grip_v7
10576172,2321,s1,grip_v7
10576174,2337,s1,grip_v7
10576176,2251,s1,grip_v7
10576178,2302,s1,grip_v7
10576180,2269,s1,grip_v7
10576182,2275,s1,grip_v7
10576184,2234,s1,grip_v7
10576186,2279,s1,grip_v7
10576188,2245,s1,grip_v7
10576190,2263,s1,grip_v7
10576192,2221,s1,grip_v7
10576194,2215,s1,grip_v7
10576196,2217,s1,grip_v7
10576198,2273,s1,grip_v7
10576200,2230,s1,grip_v7
10576202,2219,s1,grip_v7
10576204,2295,s1,grip_v7
10576206,2304,s1,grip_v7
10576208,2372,s1,grip_v7
10576210,2349,s1,grip_v7
10576212,2383,s1,grip_v7
10576214,2323,s1,grip_v7
10576216,2275,s1,grip_v7
10576218,2278,s1,grip_v7
10576220,2347,s1,grip_v7
10576222,2309,s1,grip_v7
10576224,2327,s1,grip_v7
10576226,2242,s1,grip_v7
10576228,2242,s1,grip_v7
10576230,2199,s1,grip_v7
10576232,2188,s1,grip_v7
10576234,2155,s1,grip_v7
10576236,2192,s1,grip_v7
10576238,2167,s1,grip_v7
10576240,2163,s1,grip_v7
10576242,2133,s1,grip_v7
10576244,2167,s1,grip_v7
10576246,2199,s1,grip_v7
10576248,2185,s1,grip_v7
10576250,2173,s1,grip_v7
10576252,2161,s1,grip_v7
10576254,2209,s1,grip_v7
10576256,2236,s1,grip_v7
10576258,2263,s1,grip_v7
10576260,2190,s1,grip_v7
10576262,2197,s1,grip_v7
10576264,2155,s1,grip_v7
10576266,2186,s1,grip_v7
10576268,2211,s1,grip_v7
10576270,2229,s1,grip_v7
10576272,2256,s1,grip_v7
10576274,2317,s1,grip_v7
10576276,2240,s1,grip_v7
10576278,2243,s1,grip_v7
10576280,2189,s1,grip_v7
10576282,2227,s1,grip_v7
10576284,2195,s1,grip_v7
10576286,2205,s1,grip_v7
10576288,2174,s1,grip_v7
10576290,2222,s1,grip_v7
10576292,2189,s1,grip_v7
10576294,2169,s1,grip_v7
10576296,2203,s1,grip_v7
10576298,2217,s1,grip_v7
10576300,2195,s1,grip_v7
10576302,2166,s1,grip_v7
10576304,2209,s1,grip_v7
10576306,2173,s1,grip_v7
10576308,2130,s1,grip_v7
10576310,2068,s1,grip_v7
10576312,2064,s1,grip_v7
10576314,1989,s1,grip_v7
10576316,1906,s1,grip_v7
10576318,1836,s1,grip_v7
10576320,1937,s1,grip_v7
10576322,1904,s1,grip_v7
10576324,1844,s1,grip_v7
10576326,1811,s1,grip_v7
10576328,1895,s1,grip_v7
10576330,1904,s1,grip_v7
10576332,1873,s1,grip_v7
10576334,1818,s1,grip_v7
10576336,1845,s1,grip_v7
10576338,1865,s1,grip_v7
10576340,1971,s1,grip_v7
10576342,1925,s1,grip_v7
10576344,1897,s1,grip_v7
10576346,1922,s1,grip_v7
10576348,1968,s1,grip_v7
10576350,1974,s1,grip_v7
10576352,1962,s1,grip_v7
10576354,2015,s1,grip_v7
10576356,1991,s1,grip_v7
10576358,1977,s1,grip_v7
10576360,1965,s1,grip_v7
10576362,2130,s1,grip_v7
10576364,2128,s1,grip_v7
10576366,2241,s1,grip_v7
10576368,2209,s1,grip_v7
10576370,2158,s1,grip_v7
10576372,2096,s1,grip_v7
10576374,2045,s1,grip_v7
10576376,2025,s1,grip_v7
10576378,2135,s1,grip_v7
10576380,2134,s1,grip_v7
10576382,2197,s1,grip_v7
10576384,2265,s1,grip_v7
10576386,2323,s1,grip_v7
10576388,2320,s1,grip_v7
10576390,2321,s1,grip_v7
10576392,2345,s1,grip_v7
10576394,2400,s1,grip_v7
10576396,2433,s1,grip_v7
10576398,2448,s1,grip_v7
10576400,2463,s1,grip_v7
10576402,2422,s1,grip_v7
10576404,2471,s1,grip_v7
10576406,2463,s1,grip_v7
10576408,2393,s1,grip_v7
10576410,2368,s1,grip_v7
10576412,2532,s1,grip_v7
10576414,2501,s1,grip_v7
10576416,2531,s1,grip_v7
10576418,2496,s1,grip_v7
10576420,2542,s1,grip_v7
10576422,2498,s1,grip_v7
10576424,2559,s1,grip_v7
10576426,2515,s1,grip_v7
10576428,2469,s1,grip_v7
10576430,2415,s1,grip_v7
10576432,2450,s1,grip_v7
10576434,2384,s1,grip_v7
10576436,2384,s1,grip_v7
10576438,2367,s1,grip_v7
10576440,2407,s1,grip_v7
10576442,2375,s1,grip_v7
10576444,2307,s1,grip_v7
10576446,2290,s1,grip_v7
10576448,2256,s1,grip_v7
10576450,2190,s1,grip_v7
10576452,2159,s1,grip_v7
10576454,2247,s1,grip_v7
10576456,2222,s1,grip_v7
10576458,2272,s1,grip_v7
10576460,2310,s1,grip_v7
10576462,2384,s1,grip_v7
10576464,2368,s1,grip_v7
10576466,2425,s1,grip_v7
10576468,2473,s1,grip_v7
10576470,2559,s1,grip_v7
10576472,2550,s1,grip_v7
10576474,2630,s1,grip_v7
10576476,2592,s1,grip_v7
10576478,2640,s1,grip_v7
10576480,2603,s1,grip_v7
10576482,2638,s1,grip_v7
10576484,2559,s1,grip_v7
10576486,2595,s1,grip_v7
10576488,2559,s1,grip_v7
10576490,2646,s1,grip_v7
10576492,2666,s1,grip_v7
10576494,2637,s1,grip_v7
10576496,2630,s1,grip_v7
10576498,2757,s1,grip_v7
10576500,2731,s1,grip_v7
10576502,2635,s1,grip_v7
10576504,2617,s1,grip_v7
10576506,2534,s1,grip_v7
10576508,2490,s1,grip_v7
10576510,2534,s1,grip_v7
10576512,2642,s1,grip_v7
10576514,2608,s1,grip_v7
10576516,2615,s1,grip_v7
10576518,2543,s1,grip_v7
10576520,2669,s1,grip_v7
10576522,2630,s1,grip_v7
10576524,2667,s1,grip_v7
10576526,2608,s1,grip_v7
10576528,2646,s1,grip_v7
10576530,2597,s1,grip_v7
10576532,2651,s1,grip_v7
10576534,2640,s1,grip_v7
10576536,2608,s1,grip_v7
10576538,2531,s1,grip_v7
10576540,2559,s1,grip_v7
10576542,2559,s1,grip_v7
10576544,2531,s1,grip_v7
10576546,2526,s1,grip_v7
10576548,2507,s1,grip_v7
10576550,2480,s1,grip_v7
10576552,2454,s1,grip_v7
10576554,2525,s1,grip_v7
10576556,2498,s1,grip_v7
10576558,2453,s1,grip_v7
10576560,2391,s1,grip_v7
10576562,2477,s1,grip_v7
10576564,2437,s1,grip_v7
10576566,2418,s1,grip_v7
10576568,2341,s1,grip_v7
10576570,2453,s1,grip_v7
10576572,2423,s1,grip_v7
10576574,2451,s1,grip_v7
10576576,2435,s1,grip_v7
10576578,2511,s1,grip_v7
10576580,2473,s1,grip_v7
10576582,2508,s1,grip_v7
10576584,2497,s1,grip_v7
10576586,2532,s1,grip_v7
10576588,2544,s1,grip_v7
10576590,2586,s1,grip_v7
10576592,2630,s1,grip_v7
10576594,2647,s1,grip_v7
10576596,2662,s1,grip_v7
10576598,2645,s1,grip_v7
10576600,2630,s1,grip_v7
10576602,2559,s1,grip_v7
10576604,2529,s1,grip_v7
10576606,2499,s1,grip_v7
10576608,2426,s1,grip_v7
10576610,2336,s1,grip_v7
10576612,2405,s1,grip_v7
10576614,2369,s1,grip_v7
10576616,2351,s1,grip_v7
10576618,2292,s1,grip_v7
10576620,2384,s1,grip_v7
10576622,2377,s1,grip_v7
10576624,2431,s1,grip_v7
10576626,2407,s1,grip_v7
10576628,2437,s1,grip_v7
10576630,2387,s1,grip_v7
10576632,2464,s1,grip_v7
10576634,2415,s1,grip_v7
10576636,2439,s1,grip_v7
10576638,2427,s1,grip_v7
10576640,2474,s1,grip_v7
10576642,2496,s1,grip_v7
10576644,2510,s1,grip_v7
10576646,2513,s1,grip_v7
10576648,2624,s1,grip_v7
10576650,2630,s1,grip_v7
10576652,2549,s1,grip_v7
10576654,2509,s1,grip_v7
10576656,2517,s1,grip_v7
10576658,2497,s1,grip_v7
10576660,2405,s1,grip_v7
10576662,2431,s1,grip_v7
10576664,2414,s1,grip_v7
10576666,2441,s1,grip_v7
10576668,2365,s1,grip_v7
10576670,2415,s1,grip_v7
10576672,2379,s1,grip_v7
10576674,2413,s1,grip_v7
10576676,2399,s1,grip_v7
10576678,2443,s1,grip_v7
10576680,2394,s1,grip_v7
10576682,2423,s1,grip_v7
10576684,2341,s1,grip_v7
10576686,2319,s1,grip_v7
10576688,2350,s1,grip_v7
10576690,2285,s1,grip_v7
10576692,2205,s1,grip_v7
10576694,2167,s1,grip_v7
10576696,2160,s1,grip_v7
10576698,2123,s1,grip_v7
10576700,2119,s1,grip_v7
10576702,2076,s1,grip_v7
10576704,2069,s1,grip_v7
10576706,2047,s1,grip_v7
10576708,2029,s1,grip_v7
10576710,2034,s1,grip_v7
10576712,2162,s1,grip_v7
10576714,2149,s1,grip_v7
10576716,2169,s1,grip_v7
10576718,2139,s1,grip_v7
10576720,2207,s1,grip_v7
10576722,2175,s1,grip_v7
10576724,2224,s1,grip_v7
10576726,2199,s1,grip_v7
10576728,2266,s1,grip_v7
10576730,2250,s1,grip_v7
10576732,2294,s1,grip_v7
10576734,2277,s1,grip_v7
10576736,2336,s1,grip_v7
10576738,2339,s1,grip_v7
10576740,2320,s1,grip_v7
10576742,2313,s1,grip_v7
10576744,2375,s1,grip_v7
10585766,2559,s1,grip_v7
10585768,2797,s1,grip_v7
10585770,2789,s1,grip_v7
10585772,2731,s1,grip_v7
10585774,2833,s1,grip_v7
10585776,2861,s1,grip_v7
10585778,2738,s1,grip_v7
10585780,2830,s1,grip_v7
10585782,2827,s1,grip_v7
10585784,2952,s1,grip_v7
10585786,2907,s1,grip_v7
10585788,2883,s1,grip_v7
10585790,2960,s1,grip_v7
10585792,2896,s1,grip_v7
10585794,2867,s1,grip_v7
10585796,2802,s1,grip_v7
10585798,2919,s1,grip_v7
10585800,2835,s1,grip_v7
10585802,2811,s1,grip_v7
10585804,2813,s1,grip_v7
10585806,2939,s1,grip_v7
10585808,2911,s1,grip_v7
10585810,2877,s1,grip_v7
10585812,2789,s1,grip_v7
10585814,2960,s1,grip_v7
10585816,2901,s1,grip_v7
10585818,2846,s1,grip_v7
10585820,2921,s1,grip_v7
10585822,3126,s1,grip_v7
10585824,3088,s1,grip_v7
10585826,3200,s1,grip_v7
10585828,3088,s1,grip_v7
10585830,3039,s1,grip_v7
10585832,3024,s1,grip_v7
10585834,3012,s1,grip_v7
10585836,3110,s1,grip_v7
10585838,3120,s1,grip_v7
10585840,3184,s1,grip_v7
10585842,3063,s1,grip_v7
10585844,2971,s1,grip_v7
10585846,2904,s1,grip_v7
10585848,2912,s1,grip_v7
10585850,2825,s1,grip_v7
10585852,2765,s1,grip_v7
10585854,2672,s1,grip_v7
10585856,2659,s1,grip_v7
10585858,2605,s1,grip_v7
10585860,2589,s1,grip_v7
10585862,2546,s1,grip_v7
10585864,2528,s1,grip_v7
10585866,2592,s1,grip_v7
10585868,2627,s1,grip_v7
10585870,2521,s1,grip_v7
10585872,2511,s1,grip_v7
10585874,2512,s1,grip_v7
10585876,2525,s1,grip_v7
10585878,2431,s1,grip_v7
10585880,2387,s1,grip_v7
10585882,2345,s1,grip_v7
10585884,2319,s1,grip_v7
10585886,2373,s1,grip_v7
10585888,2421,s1,grip_v7
10585890,2450,s1,grip_v7
10585892,2618,s1,grip_v7
10585894,2556,s1,grip_v7
10585896,2465,s1,grip_v7
10585898,2432,s1,grip_v7
10585900,2453,s1,grip_v7
10585902,2457,s1,grip_v7
10585904,2391,s1,grip_v7
10585906,2432,s1,grip_v7
10585908,2419,s1,grip_v7
10585910,2435,s1,grip_v7
10585912,2416,s1,grip_v7
10585914,2482,s1,grip_v7
10585916,2446,s1,grip_v7
10585918,2483,s1,grip_v7
10585920,2465,s1,grip_v7
10585922,2525,s1,grip_v7
10585924,2467,s1,grip_v7
10585926,2458,s1,grip_v7
10585928,2361,s1,grip_v7
10585930,2372,s1,grip_v7
10585932,2368,s1,grip_v7
10585934,2498,s1,grip_v7
10585936,2469,s1,grip_v7
10585938,2461,s1,grip_v7
10585940,2410,s1,grip_v7
10585942,2400,s1,grip_v7
10585944,2319,s1,grip_v7
10585946,2279,s1,grip_v7
10585948,2331,s1,grip_v7
10585950,2289,s1,grip_v7
10585952,2219,s1,grip_v7
10585954,2154,s1,grip_v7
10585956,2226,s1,grip_v7
10585958,2187,s1,grip_v7
10585960,2122,s1,grip_v7
10585962,2059,s1,grip_v7
10585964,2105,s1,grip_v7
10585966,2073,s1,grip_v7
10585968,2074,s1,grip_v7
10585970,2000,s1,grip_v7
10585972,2096,s1,grip_v7
10585974,2081,s1,grip_v7
10585976,2083,s1,grip_v7
10585978,2055,s1,grip_v7
10585980,2128,s1,grip_v7
10585982,2114,s1,grip_v7
10585984,2093,s1,grip_v7
10585986,2086,s1,grip_v7
10585988,2145,s1,grip_v7
10585990,2160,s1,grip_v7
10585992,2157,s1,grip_v7
10585994,2087,s1,grip_v7
10585996,2064,s1,grip_v7
10585998,2148,s1,grip_v7
10586000,2069,s1,grip_v7
10586002,2000,s1,grip_v7
10586004,1969,s1,grip_v7
10586006,2022,s1,grip_v7
10586008,2000,s1,grip_v7
10586010,2000,s1,grip_v7
10586012,1971,s1,grip_v7
10586014,2059,s1,grip_v7
10586016,2062,s1,grip_v7
10586018,2102,s1,grip_v7
10586020,2084,s1,grip_v7
10586022,2189,s1,grip_v7
10586024,2178,s1,grip_v7
10586026,2266,s1,grip_v7
10586028,2320,s1,grip_v7
10586030,2391,s1,grip_v7
10586032,2359,s1,grip_v7
10586034,2463,s1,grip_v7
10586036,2477,s1,grip_v7
10586038,2455,s1,grip_v7
10586040,2559,s1,grip_v7
10586042,2541,s1,grip_v7
10586044,2559,s1,grip_v7
10586046,2559,s1,grip_v7
10586048,2609,s1,grip_v7
10586050,2559,s1,grip_v7
10586052,2509,s1,grip_v7
10586054,2427,s1,grip_v7
10586056,2503,s1,grip_v7
10586058,2486,s1,grip_v7
10586060,2493,s1,grip_v7
10586062,2431,s1,grip_v7
10586064,2464,s1,grip_v7
10586066,2426,s1,grip_v7
10586068,2512,s1,grip_v7
10586070,2551,s1,grip_v7
10586072,2635,s1,grip_v7
10586074,2606,s1,grip_v7
10586076,2834,s1,grip_v7
10586078,2783,s1,grip_v7
10586080,2800,s1,grip_v7
10586082,2786,s1,grip_v7
10586084,2797,s1,grip_v7
10586086,2777,s1,grip_v7
10586088,2881,s1,grip_v7
10586090,2978,s1,grip_v7
10586092,3005,s1,grip_v7
10586094,3071,s1,grip_v7
10586096,3061,s1,grip_v7
10586098,3056,s1,grip_v7
10586100,2983,s1,grip_v7
10586102,2946,s1,grip_v7
10586104,2854,s1,grip_v7
10586106,2869,s1,grip_v7
10586108,2881,s1,grip_v7
10586110,2862,s1,grip_v7
10586112,2746,s1,grip_v7
10586114,2715,s1,grip_v7
10586116,2674,s1,grip_v7
10586118,2640,s1,grip_v7
10586120,2527,s1,grip_v7
10586122,2614,s1,grip_v7
10586124,2624,s1,grip_v7
10586126,2674,s1,grip_v7
10586128,2634,s1,grip_v7
10586130,2625,s1,grip_v7
10586132,2641,s1,grip_v7
10586134,2697,s1,grip_v7
10586136,2787,s1,grip_v7
10586138,2767,s1,grip_v7
10586140,2733,s1,grip_v7
10586142,2871,s1,grip_v7
10586144,2878,s1,grip_v7
10586146,2797,s1,grip_v7
10586148,2766,s1,grip_v7
10586150,2798,s1,grip_v7
10586152,2729,s1,grip_v7
10586154,2729,s1,grip_v7
10586156,2775,s1,grip_v7
10586158,2771,s1,grip_v7
10586160,2767,s1,grip_v7
10586162,2722,s1,grip_v7
10586164,2689,s1,grip_v7
10586166,2663,s1,grip_v7
10586168,2615,s1,grip_v7
10586170,2519,s1,grip_v7
10586172,2472,s1,grip_v7
10586174,2409,s1,grip_v7
10586176,2352,s1,grip_v7
10586178,2343,s1,grip_v7
10586180,2448,s1,grip_v7
10586182,2500,s1,grip_v7
10586184,2502,s1,grip_v7
10586186,2468,s1,grip_v7
10586188,2454,s1,grip_v7
10586190,2430,s1,grip_v7
10586192,2461,s1,grip_v7
10586194,2445,s1,grip_v7
10586196,2467,s1,grip_v7
10586198,2517,s1,grip_v7
10586200,2651,s1,grip_v7
10586202,2717,s1,grip_v7
10586204,2624,s1,grip_v7
10586206,2642,s1,grip_v7
10586208,2605,s1,grip_v7
10586210,2597,s1,grip_v7
10586212,2528,s1,grip_v7
10586214,2597,s1,grip_v7
10586216,2521,s1,grip_v7
10586218,2436,s1,grip_v7
10586220,2477,s1,grip_v7
10586222,2678,s1,grip_v7
10586224,2710,s1,grip_v7
10586226,2832,s1,grip_v7
10586228,2823,s1,grip_v7
10586230,2881,s1,grip_v7
10586232,2845,s1,grip_v7
10586234,2763,s1,grip_v7
10586236,2711,s1,grip_v7
10586238,2800,s1,grip_v7
10586240,2839,s1,grip_v7
10586242,2871,s1,grip_v7
10586244,2850,s1,grip_v7
10586246,2768,s1,grip_v7
10586248,2731,s1,grip_v7
10586250,2741,s1,grip_v7
10586252,2672,s1,grip_v7
10586254,2589,s1,grip_v7
10586256,2559,s1,grip_v7
10586258,2538,s1,grip_v7
10586260,2555,s1,grip_v7
10586262,2512,s1,grip_v7
10586264,2544,s1,grip_v7
10586266,2512,s1,grip_v7
10586268,2645,s1,grip_v7
10586270,2642,s1,grip_v7
10586272,2693,s1,grip_v7
10586274,2672,s1,grip_v7
10586276,2857,s1,grip_v7
10586278,2863,s1,grip_v7
10586280,2861,s1,grip_v7
10586282,2845,s1,grip_v7
10586284,3089,s1,grip_v7
10586286,3114,s1,grip_v7
10586288,2983,s1,grip_v7
10586290,2887,s1,grip_v7
10586292,2819,s1,grip_v7
10586294,2725,s1,grip_v7
10586296,2689,s1,grip_v7
10586298,2864,s1,grip_v7
10586300,2827,s1,grip_v7
10586302,2833,s1,grip_v7
10586304,2771,s1,grip_v7
10586306,2923,s1,grip_v7
10586308,2926,s1,grip_v7
10586310,2979,s1,grip_v7
10586312,2949,s1,grip_v7
10586314,2909,s1,grip_v7
10586316,2810,s1,grip_v7
10586318,2714,s1,grip_v7
10586320,2613,s1,grip_v7
10586322,2763,s1,grip_v7
10586324,2767,s1,grip_v7
10586326,2922,s1,grip_v7
10586328,2886,s1,grip_v7
10586330,2863,s1,grip_v7
10586332,2831,s1,grip_v7
10586334,2928,s1,grip_v7
10586336,2974,s1,grip_v7
10586338,2964,s1,grip_v7
10586340,2942,s1,grip_v7
10586342,3027,s1,grip_v7
10586344,3030,s1,grip_v7
10586346,3022,s1,grip_v7
10586348,3047,s1,grip_v7
10586350,3031,s1,grip_v7
10586352,2966,s1,grip_v7
10586354,2960,s1,grip_v7
10586356,3068,s1,grip_v7
10586358,3043,s1,grip_v7
10586360,3041,s1,grip_v7
10586362,2957,s1,grip_v7
10586364,2909,s1,grip_v7
10586366,2902,s1,grip_v7
10586368,2832,s1,grip_v7
10586370,2732,s1,grip_v7
10586372,2698,s1,grip_v7
10586374,2698,s1,grip_v7
10586376,2777,s1,grip_v7
10586378,2672,s1,grip_v7
10586380,2607,s1,grip_v7
10586382,2545,s1,grip_v7
10586384,2554,s1,grip_v7
10586386,2496,s1,grip_v7
10586388,2448,s1,grip_v7
10586390,2479,s1,grip_v7
10586392,2426,s1,grip_v7
10586394,2382,s1,grip_v7
10586396,2323,s1,grip_v7
10586398,2380,s1,grip_v7
10586400,2338,s1,grip_v7
10586402,2337,s1,grip_v7
10586404,2311,s1,grip_v7
10586406,2385,s1,grip_v7
10586408,2384,s1,grip_v7
10586410,2436,s1,grip_v7
10586412,2438,s1,grip_v7
10586414,2379,s1,grip_v7
10586416,2357,s1,grip_v7
10586418,2274,s1,grip_v7
10586420,2189,s1,grip_v7
10586422,2174,s1,grip_v7
10586424,2157,s1,grip_v7
10586426,2107,s1,grip_v7
10586428,2018,s1,grip_v7
10586430,2031,s1,grip_v7
10586432,2033,s1,grip_v7
10586434,2013,s1,grip_v7
10586436,1984,s1,grip_v7
10586438,1979,s1,grip_v7
10586440,1992,s1,grip_v7
10586442,2034,s1,grip_v7
10586444,2019,s1,grip_v7
10586446,1984,s1,grip_v7
10586448,2033,s1,grip_v7
10586450,2062,s1,grip_v7
10586452,2091,s1,grip_v7
10586454,2015,s1,grip_v7
10586456,2079,s1,grip_v7
10586458,2061,s1,grip_v7
10586460,2096,s1,grip_v7
10586462,2135,s1,grip_v7
10586464,2063,s1,grip_v7
10586466,2112,s1,grip_v7
10586468,2031,s1,grip_v7
10586470,1964,s1,grip_v7
10586472,2059,s1,grip_v7
10586474,2039,s1,grip_v7
10586476,2085,s1,grip_v7
10586478,2047,s1,grip_v7
10586480,2027,s1,grip_v7
10586482,2068,s1,grip_v7
10586484,1982,s1,grip_v7
10586486,1919,s1,grip_v7
10586488,1975,s1,grip_v7
10586490,2112,s1,grip_v7
10586492,2083,s1,grip_v7
10586494,2083,s1,grip_v7
10586496,2059,s1,grip_v7
10586498,2107,s1,grip_v7
10586500,2083,s1,grip_v7
10586502,2085,s1,grip_v7
10586504,2037,s1,grip_v7
10586506,2077,s1,grip_v7
10586508,2045,s1,grip_v7
10586510,2014,s1,grip_v7
10586512,1973,s1,grip_v7
10586514,2078,s1,grip_v7
10586516,2112,s1,grip_v7
10586518,2194,s1,grip_v7
10586520,2199,s1,grip_v7
10586522,2160,s1,grip_v7
10586524,2102,s1,grip_v7
10586526,2086,s1,grip_v7
10586528,2037,s1,grip_v7
10586530,2032,s1,grip_v7
10586532,2090,s1,grip_v7
10586534,2126,s1,grip_v7
10586536,2186,s1,grip_v7
10586538,2158,s1,grip_v7
10586540,2139,s1,grip_v7
10586542,2102,s1,grip_v7
10586544,2064,s1,grip_v7
10586546,2037,s1,grip_v7
10586548,2111,s1,grip_v7
10586550,2121,s1,grip_v7
10586552,2160,s1,grip_v7
10586554,2145,s1,grip_v7
10586556,2245,s1,grip_v7
10586558,2213,s1,grip_v7
10586560,2241,s1,grip_v7
10586562,2202,s1,grip_v7
10586564,2287,s1,grip_v7
10586566,2271,s1,grip_v7
10586568,2295,s1,grip_v7
10586570,2217,s1,grip_v7
10586572,2306,s1,grip_v7
10586574,2307,s1,grip_v7
10586576,2432,s1,grip_v7
10586578,2398,s1,grip_v7
10586580,2327,s1,grip_v7
10586582,2288,s1,grip_v7
10586584,2290,s1,grip_v7
10586586,2193,s1,grip_v7
10586588,2165,s1,grip_v7
10586590,2175,s1,grip_v7
10586592,2178,s1,grip_v7
10586594,2178,s1,grip_v7
10586596,2189,s1,grip_v7
10586598,2261,s1,grip_v7
10586600,2231,s1,grip_v7
10586602,2259,s1,grip_v7
10586604,2241,s1,grip_v7
10586606,2361,s1,grip_v7
10586608,2341,s1,grip_v7
10586610,2306,s1,grip_v7
10586612,2242,s1,grip_v7
10586614,2321,s1,grip_v7
10586616,2267,s1,grip_v7
10586618,2224,s1,grip_v7
10586620,2178,s1,grip_v7
10586622,2250,s1,grip_v7
10586624,2288,s1,grip_v7
10586626,2269,s1,grip_v7
10586628,2302,s1,grip_v7
10586630,2384,s1,grip_v7
10586632,2399,s1,grip_v7
10586634,2466,s1,grip_v7
10586636,2512,s1,grip_v7
10586638,2485,s1,grip_v7
10586640,2417,s1,grip_v7
10586642,2396,s1,grip_v7
10586644,2363,s1,grip_v7
10586646,2354,s1,grip_v7
10586648,2433,s1,grip_v7
10586650,2424,s1,grip_v7
10586652,2443,s1,grip_v7
10586654,2378,s1,grip_v7
10586656,2419,s1,grip_v7
10586658,2389,s1,grip_v7
10586660,2415,s1,grip_v7
10586662,2422,s1,grip_v7
10586664,2462,s1,grip_v7
10586666,2429,s1,grip_v7
10586668,2509,s1,grip_v7
10586670,2495,s1,grip_v7
10586672,2523,s1,grip_v7
10586674,2466,s1,grip_v7
10586676,2441,s1,grip_v7
10586678,2369,s1,grip_v7
10586680,2411,s1,grip_v7
10586682,2414,s1,grip_v7
10586684,2513,s1,grip_v7
10586686,2518,s1,grip_v7
10586688,2448,s1,grip_v7
10586690,2391,s1,grip_v7
10586692,2454,s1,grip_v7
10586694,2479,s1,grip_v7
10586696,2448,s1,grip_v7
10586698,2468,s1,grip_v7
10586700,2493,s1,grip_v7
10586702,2542,s1,grip_v7
10586704,2495,s1,grip_v7
10586706,2545,s1,grip_v7
10586708,2559,s1,grip_v7
10586710,2531,s1,grip_v7
10586712,2713,s1,grip_v7
10586714,2848,s1,grip_v7
10586716,2786,s1,grip_v7
10586718,2780,s1,grip_v7
10586720,2724,s1,grip_v7
10586722,2763,s1,grip_v7
10586724,2719,s1,grip_v7
10586726,2786,s1,grip_v7
10586728,2677,s1,grip_v7
10586730,2659,s1,grip_v7
10586732,2641,s1,grip_v7
10586734,2721,s1,grip_v7
10586736,2638,s1,grip_v7
10586738,2559,s1,grip_v7
10586740,2559,s1,grip_v7
10586742,2559,s1,grip_v7
10586744,2538,s1,grip_v7
10586746,2491,s1,grip_v7
10586748,2512,s1,grip_v7
10586750,2539,s1,grip_v7
10586752,2742,s1,grip_v7
10586754,2738,s1,grip_v7
10586756,2674,s1,grip_v7
10586758,2720,s1,grip_v7
10586760,2704,s1,grip_v7
10586762,2630,s1,grip_v7
10586764,2553,s1,grip_v7
10586766,2467,s1,grip_v7
10586768,2410,s1,grip_v7
10586770,2391,s1,grip_v7
10586772,2457,s1,grip_v7
10586774,2397,s1,grip_v7
10586776,2415,s1,grip_v7
10586778,2384,s1,grip_v7
10586780,2415,s1,grip_v7
10586782,2402,s1,grip_v7
10586784,2513,s1,grip_v7
10586786,2507,s1,grip_v7
10586788,2446,s1,grip_v7
10586790,2416,s1,grip_v7
10586792,2413,s1,grip_v7
10586794,2416,s1,grip_v7
10586796,2397,s1,grip_v7
10586798,2421,s1,grip_v7
10586800,2439,s1,grip_v7
10586802,2425,s1,grip_v7
10586804,2371,s1,grip_v7
10586806,2421,s1,grip_v7
10586808,2375,s1,grip_v7
10586810,2367,s1,grip_v7
10586812,2314,s1,grip_v7
10586814,2353,s1,grip_v7
10586816,2315,s1,grip_v7
10586818,2331,s1,grip_v7
10586820,2242,s1,grip_v7
10586822,2266,s1,grip_v7
10586824,2237,s1,grip_v7
10586826,2242,s1,grip_v7
10586828,2203,s1,grip_v7
10586830,2171,s1,grip_v7
10586832,2147,s1,grip_v7
10586834,2103,s1,grip_v7
10586836,2029,s1,grip_v7
10586838,2011,s1,grip_v7
10586840,2119,s1,grip_v7
10586842,2035,s1,grip_v7
10586844,2014,s1,grip_v7
10586846,2007,s1,grip_v7
10586848,2078,s1,grip_v7
10586850,2046,s1,grip_v7
10586852,2023,s1,grip_v7
10586854,1943,s1,grip_v7
10586856,1978,s1,grip_v7
10586858,1957,s1,grip_v7
10586860,2000,s1,grip_v7
10586862,1961,s1,grip_v7
10586864,2004,s1,grip_v7
10586866,1984,s1,grip_v7
10586868,2047,s1,grip_v7
10586870,2027,s1,grip_v7
10586872,2080,s1,grip_v7
10586874,2112,s1,grip_v7
10586876,2078,s1,grip_v7
10586878,2073,s1,grip_v7
10586880,2174,s1,grip_v7
10586882,2255,s1,grip_v7
10586884,2247,s1,grip_v7
10586886,2275,s1,grip_v7
10586888,2297,s1,grip_v7
10586890,2378,s1,grip_v7
10586892,2431,s1,grip_v7
10586894,2478,s1,grip_v7
10586896,2416,s1,grip_v7
10586898,2434,s1,grip_v7
10586900,2416,s1,grip_v7
10586902,2445,s1,grip_v7
10586904,2403,s1,grip_v7
10586906,2427,s1,grip_v7
10586908,2369,s1,grip_v7
10586910,2339,s1,grip_v7
10586912,2316,s1,grip_v7
10586914,2416,s1,grip_v7
10586916,2373,s1,grip_v7
10586918,2381,s1,grip_v7
10586920,2354,s1,grip_v7
10586922,2410,s1,grip_v7
10586924,2384,s1,grip_v7
10586926,2401,s1,grip_v7
10586928,2378,s1,grip_v7
10586930,2401,s1,grip_v7
10586932,2398,s1,grip_v7
10586934,2416,s1,grip_v7
10586936,2499,s1,grip_v7
10586938,2499,s1,grip_v7
10586940,2460,s1,grip_v7
10586942,2495,s1,grip_v7
10586944,2508,s1,grip_v7
10586946,2465,s1,grip_v7
10586948,2454,s1,grip_v7
10586950,2378,s1,grip_v7
10586952,2343,s1,grip_v7
10586954,2305,s1,grip_v7
10586956,2384,s1,grip_v7
10586958,2352,s1,grip_v7
10586960,2379,s1,grip_v7
10586962,2336,s1,grip_v7
10586964,2411,s1,grip_v7
10586966,2363,s1,grip_v7
10586968,2419,s1,grip_v7
10586970,2391,s1,grip_v7
10586972,2428,s1,grip_v7
10586974,2374,s1,grip_v7
10586976,2417,s1,grip_v7
10586978,2369,s1,grip_v7
10586980,2362,s1,grip_v7
10586982,2320,s1,grip_v7
10586984,2335,s1,grip_v7
10586986,2304,s1,grip_v7
10586988,2277,s1,grip_v7
10586990,2301,s1,grip_v7
10586992,2316,s1,grip_v7
10586994,2281,s1,grip_v7
10586996,2211,s1,grip_v7
10586998,2267,s1,grip_v7
10587000,2257,s1,grip_v7
10587002,2333,s1,grip_v7
10587004,2311,s1,grip_v7
10587006,2311,s1,grip_v7
10587008,2317,s1,grip_v7
10587010,2386,s1,grip_v7
10587012,2374,s1,grip_v7
10587014,2455,s1,grip_v7
10587016,2410,s1,grip_v7
10587018,2432,s1,grip_v7
10587020,2411,s1,grip_v7
10587022,2423,s1,grip_v7
10587024,2358,s1,grip_v7
10587026,2390,s1,grip_v7
10587028,2329,s1,grip_v7
10587030,2277,s1,grip_v7
10587032,2250,s1,grip_v7
10587034,2265,s1,grip_v7
10587036,2237,s1,grip_v7
10587038,2198,s1,grip_v7
10587040,2262,s1,grip_v7
10587042,2201,s1,grip_v7
10587044,2143,s1,grip_v7
10587046,2167,s1,grip_v7
10587048,2326,s1,grip_v7
10587050,2329,s1,grip_v7
10587052,2385,s1,grip_v7
10587054,2355,s1,grip_v7
10587056,2417,s1,grip_v7
10587058,2415,s1,grip_v7
10587060,2470,s1,grip_v7
10587062,2391,s1,grip_v7
10587064,2384,s1,grip_v7
10587066,2336,s1,grip_v7
10587068,2293,s1,grip_v7
10587070,2298,s1,grip_v7
10587072,2338,s1,grip_v7
10587074,2306,s1,grip_v7
10587076,2382,s1,grip_v7
10587078,2327,s1,grip_v7
10587080,2287,s1,grip_v7
10587082,2281,s1,grip_v7
10587084,2257,s1,grip_v7
10587086,2245,s1,grip_v7
10587088,2244,s1,grip_v7
10587090,2273,s1,grip_v7
10587092,2279,s1,grip_v7
10587094,2233,s1,grip_v7
10587096,2163,s1,grip_v7
10587098,2230,s1,grip_v7
10587100,2192,s1,grip_v7
10587102,2194,s1,grip_v7
10587104,2160,s1,grip_v7
10587106,2256,s1,grip_v7
10587108,2213,s1,grip_v7
10587110,2191,s1,grip_v7
10587112,2159,s1,grip_v7
10587114,2315,s1,grip_v7
10587116,2306,s1,grip_v7
10587118,2399,s1,grip_v7
10587120,2458,s1,grip_v7
10587122,2533,s1,grip_v7
10587124,2505,s1,grip_v7
10587126,2645,s1,grip_v7
10587128,2689,s1,grip_v7
10587130,2704,s1,grip_v7
10587132,2721,s1,grip_v7
10587134,2705,s1,grip_v7
10587136,2734,s1,grip_v7
10587138,2747,s1,grip_v7
10587140,2770,s1,grip_v7
10587142,2727,s1,grip_v7
10587144,2690,s1,grip_v7
10587146,2659,s1,grip_v7
10587148,2703,s1,grip_v7
10587150,2698,s1,grip_v7
10587152,2675,s1,grip_v7
10587154,2590,s1,grip_v7
10587156,2633,s1,grip_v7
10587158,2559,s1,grip_v7
10587160,2493,s1,grip_v7
10587162,2400,s1,grip_v7
10587164,2514,s1,grip_v7
10587166,2541,s1,grip_v7
10587168,2523,s1,grip_v7
10587170,2465,s1,grip_v7
10587172,2498,s1,grip_v7
10587174,2468,s1,grip_v7
10587176,2465,s1,grip_v7
10587178,2388,s1,grip_v7
10587180,2404,s1,grip_v7
10587182,2432,s1,grip_v7
10587184,2409,s1,grip_v7
10587186,2417,s1,grip_v7
10587188,2451,s1,grip_v7
10587190,2461,s1,grip_v7
10587192,2475,s1,grip_v7
10587194,2416,s1,grip_v7
10587196,2363,s1,grip_v7
10587198,2449,s1,grip_v7
10587200,2415,s1,grip_v7
10587202,2416,s1,grip_v7
10587204,2378,s1,grip_v7
10587206,2459,s1,grip_v7
10587208,2427,s1,grip_v7
10587210,2487,s1,grip_v7
10587212,2413,s1,grip_v7
10587214,2432,s1,grip_v7
10587216,2427,s1,grip_v7
10587218,2496,s1,grip_v7
10587220,2421,s1,grip_v7
10587222,2371,s1,grip_v7
10587224,2307,s1,grip_v7
10587226,2294,s1,grip_v7
10587228,2242,s1,grip_v7
10587230,2221,s1,grip_v7
10587232,2235,s1,grip_v7
10587234,2239,s1,grip_v7
10587236,2221,s1,grip_v7
10587238,2192,s1,grip_v7
10587240,2221,s1,grip_v7
10587242,2164,s1,grip_v7
10587244,2091,s1,grip_v7
10587246,2097,s1,grip_v7
10587248,2256,s1,grip_v7
10587250,2224,s1,grip_v7
10587252,2258,s1,grip_v7
10587254,2341,s1,grip_v7
10587256,2497,s1,grip_v7
10587258,2474,s1,grip_v7
10587260,2526,s1,grip_v7
10587262,2447,s1,grip_v7
10587264,2459,s1,grip_v7
10587266,2410,s1,grip_v7
10587268,2347,s1,grip_v7
10587270,2327,s1,grip_v7
10587272,2384,s1,grip_v7
10587274,2352,s1,grip_v7
10587276,2367,s1,grip_v7
10587278,2339,s1,grip_v7
10587280,2354,s1,grip_v7
10587282,2346,s1,grip_v7
10587284,2384,s1,grip_v7
10587286,2368,s1,grip_v7
10587288,2336,s1,grip_v7
10587290,2349,s1,grip_v7
10587292,2355,s1,grip_v7
10587294,2375,s1,grip_v7
10587296,2358,s1,grip_v7
10587298,2405,s1,grip_v7
10587300,2384,s1,grip_v7
10587302,2382,s1,grip_v7
10587304,2336,s1,grip_v7
10587306,2409,s1,grip_v7
10587308,2366,s1,grip_v7
10587310,2414,s1,grip_v7
10587312,2384,s1,grip_v7
10587314,2463,s1,grip_v7
10587316,2447,s1,grip_v7
10587318,2611,s1,grip_v7
10587320,2617,s1,grip_v7
10587322,2586,s1,grip_v7
10587324,2519,s1,grip_v7
10587326,2509,s1,grip_v7
10587328,2450,s1,grip_v7
10587330,2466,s1,grip_v7
10587332,2539,s1,grip_v7
10587334,2543,s1,grip_v7
10587336,2475,s1,grip_v7
10587338,2443,s1,grip_v7
10587340,2553,s1,grip_v7
10587342,2506,s1,grip_v7
10587344,2519,s1,grip_v7
10587346,2546,s1,grip_v7
10587348,2640,s1,grip_v7
10587350,2614,s1,grip_v7
10587352,2618,s1,grip_v7
10587354,2559,s1,grip_v7
10587356,2654,s1,grip_v7
10587358,2622,s1,grip_v7
10587360,2655,s1,grip_v7
10587362,2604,s1,grip_v7
10587364,2685,s1,grip_v7
10587366,2653,s1,grip_v7
10587368,2693,s1,grip_v7
10587370,2691,s1,grip_v7
10587372,2694,s1,grip_v7
10587374,2703,s1,grip_v7
10587376,2640,s1,grip_v7
10587378,2593,s1,grip_v7
10587380,2643,s1,grip_v7
10587382,2689,s1,grip_v7
10587384,2672,s1,grip_v7
10587386,2630,s1,grip_v7
10587388,2614,s1,grip_v7
10587390,2739,s1,grip_v7
10587392,2723,s1,grip_v7
10587394,2768,s1,grip_v7
10587396,2699,s1,grip_v7
10587398,2755,s1,grip_v7
10587400,2685,s1,grip_v7
10587402,2641,s1,grip_v7
10587404,2655,s1,grip_v7
10587406,2781,s1,grip_v7
10587408,2736,s1,grip_v7
10587410,2797,s1,grip_v7
10587412,2819,s1,grip_v7
10587414,2929,s1,grip_v7
10587416,2875,s1,grip_v7
10587418,2919,s1,grip_v7
10587420,2889,s1,grip_v7
10587422,2887,s1,grip_v7
10587424,2838,s1,grip_v7
10587426,2842,s1,grip_v7
10587428,2807,s1,grip_v7
10587430,2743,s1,grip_v7
10587432,2714,s1,grip_v7
10587434,2704,s1,grip_v7
10587436,2662,s1,grip_v7
10587438,2587,s1,grip_v7
10587440,2559,s1,grip_v7
10587442,2546,s1,grip_v7
10587444,2518,s1,grip_v7
10587446,2416,s1,grip_v7
10587448,2459,s1,grip_v7
10587450,2455,s1,grip_v7
10587452,2497,s1,grip_v7
10587454,2480,s1,grip_v7
10587456,2519,s1,grip_v7
10587458,2506,s1,grip_v7
10587460,2586,s1,grip_v7
10587462,2495,s1,grip_v7
10587464,2540,s1,grip_v7
10587466,2498,s1,grip_v7
10587468,2522,s1,grip_v7
10587470,2507,s1,grip_v7
10587472,2511,s1,grip_v7
10587474,2466,s1,grip_v7
10587476,2495,s1,grip_v7
10587478,2413,s1,grip_v7
10587480,2396,s1,grip_v7
10587482,2451,s1,grip_v7
10587484,2466,s1,grip_v7
10587486,2543,s1,grip_v7
10587488,2545,s1,grip_v7
10587490,2551,s1,grip_v7
10587492,2547,s1,grip_v7
10587494,2559,s1,grip_v7
10587496,2519,s1,grip_v7
10587498,2608,s1,grip_v7
10587500,2547,s1,grip_v7
10587502,2559,s1,grip_v7
10587504,2515,s1,grip_v7
10587506,2643,s1,grip_v7
10587508,2617,s1,grip_v7
10587510,2670,s1,grip_v7
10587512,2613,s1,grip_v7
10587514,2587,s1,grip_v7
10587516,2510,s1,grip_v7
10587518,2463,s1,grip_v7
10587520,2412,s1,grip_v7
10587522,2497,s1,grip_v7
10587524,2495,s1,grip_v7
10587526,2559,s1,grip_v7
10587528,2591,s1,grip_v7
10587530,2619,s1,grip_v7
10587532,2593,s1,grip_v7
10587534,2592,s1,grip_v7
10587536,2559,s1,grip_v7
10587538,2587,s1,grip_v7
10587540,2641,s1,grip_v7
10587542,2611,s1,grip_v7
10587544,2665,s1,grip_v7
10587546,2627,s1,grip_v7
10587548,2679,s1,grip_v7
10587550,2672,s1,grip_v7
10587552,2726,s1,grip_v7
10587554,2678,s1,grip_v7
10587556,2639,s1,grip_v7
10587558,2590,s1,grip_v7
10587560,2559,s1,grip_v7
10587562,2467,s1,grip_v7
10587564,2555,s1,grip_v7
10587566,2546,s1,grip_v7
10587568,2675,s1,grip_v7
10587570,2693,s1,grip_v7
10587572,2673,s1,grip_v7
10587574,2640,s1,grip_v7
10587576,2687,s1,grip_v7
10587578,2689,s1,grip_v7
10587580,2729,s1,grip_v7
10587582,2769,s1,grip_v7
10587584,2799,s1,grip_v7
10587586,2864,s1,grip_v7
10587588,2857,s1,grip_v7
10587590,2893,s1,grip_v7
10587592,2896,s1,grip_v7
10587594,2944,s1,grip_v7
10587596,2881,s1,grip_v7
10587598,2913,s1,grip_v7
10587600,2862,s1,grip_v7
10587602,2842,s1,grip_v7
10587604,2736,s1,grip_v7
10587606,2767,s1,grip_v7
10587608,2689,s1,grip_v7
10587610,2627,s1,grip_v7
10587612,2527,s1,grip_v7
10587614,2559,s1,grip_v7
10587616,2549,s1,grip_v7
10587618,2514,s1,grip_v7
10587620,2502,s1,grip_v7
10587622,2551,s1,grip_v7
10587624,2557,s1,grip_v7
10587626,2613,s1,grip_v7
10587628,2586,s1,grip_v7
10587630,2549,s1,grip_v7
10587632,2599,s1,grip_v7
10587634,2587,s1,grip_v7
10587636,2599,s1,grip_v7
10587638,2589,s1,grip_v7
10587640,2631,s1,grip_v7
10587642,2559,s1,grip_v7
10587644,2473,s1,grip_v7
10587646,2448,s1,grip_v7
10587648,2614,s1,grip_v7
10587650,2559,s1,grip_v7
10587652,2559,s1,grip_v7
10587654,2507,s1,grip_v7
10587656,2583,s1,grip_v7
10587658,2531,s1,grip_v7
10587660,2547,s1,grip_v7
10587662,2462,s1,grip_v7
10587664,2431,s1,grip_v7
10587666,2371,s1,grip_v7
10587668,2267,s1,grip_v7
10587670,2190,s1,grip_v7
10587672,2286,s1,grip_v7
10587674,2317,s1,grip_v7
10587676,2349,s1,grip_v7
10587678,2352,s1,grip_v7
10587680,2385,s1,grip_v7
10587682,2417,s1,grip_v7
10587684,2441,s1,grip_v7
10587686,2482,s1,grip_v7
10587688,2526,s1,grip_v7
10587690,2559,s1,grip_v7
10587692,2559,s1,grip_v7
10587694,2534,s1,grip_v7
10587696,2469,s1,grip_v7
10587698,2589,s1,grip_v7
10587700,2559,s1,grip_v7
10587702,2535,s1,grip_v7
10587704,2442,s1,grip_v7
10587706,2493,s1,grip_v7
10587708,2435,s1,grip_v7
10587710,2343,s1,grip_v7
10587712,2263,s1,grip_v7
10587714,2300,s1,grip_v7
10587716,2271,s1,grip_v7
10587718,2285,s1,grip_v7
10587720,2192,s1,grip_v7
10587722,2181,s1,grip_v7
10587724,2231,s1,grip_v7
10587726,2144,s1,grip_v7
10587728,2174,s1,grip_v7
10587730,2305,s1,grip_v7
10587732,2384,s1,grip_v7
10587734,2399,s1,grip_v7
10587736,2468,s1,grip_v7
10587738,2466,s1,grip_v7
10587740,2459,s1,grip_v7
10587742,2466,s1,grip_v7
10587744,2463,s1,grip_v7
10587746,2395,s1,grip_v7
10587748,2468,s1,grip_v7
10587750,2454,s1,grip_v7
10587752,2512,s1,grip_v7
10587754,2473,s1,grip_v7
10587756,2542,s1,grip_v7
10587758,2501,s1,grip_v7
10587760,2547,s1,grip_v7
10587762,2553,s1,grip_v7
10587764,2643,s1,grip_v7
10587766,2635,s1,grip_v7
10587768,2710,s1,grip_v7
10587770,2640,s1,grip_v7
10587772,2629,s1,grip_v7
10587774,2614,s1,grip_v7
10587776,2531,s1,grip_v7
10587778,2445,s1,grip_v7
10587780,2537,s1,grip_v7
10587782,2689,s1,grip_v7
10587784,2681,s1,grip_v7
10587786,2698,s1,grip_v7
10587788,2709,s1,grip_v7
10587790,2793,s1,grip_v7
10587792,2730,s1,grip_v7
10587794,2690,s1,grip_v7
10587796,2707,s1,grip_v7
10587798,2802,s1,grip_v7
10587800,2743,s1,grip_v7
10587802,2703,s1,grip_v7
10587804,2651,s1,grip_v7
10587806,2725,s1,grip_v7
10587808,2669,s1,grip_v7
10587810,2651,s1,grip_v7
10587812,2559,s1,grip_v7
10587814,2607,s1,grip_v7
10587816,2559,s1,grip_v7
10587818,2559,s1,grip_v7
10587820,2516,s1,grip_v7
10587822,2477,s1,grip_v7
10587824,2499,s1,grip_v7
10587826,2431,s1,grip_v7
10587828,2385,s1,grip_v7
10587830,2465,s1,grip_v7
10587832,2510,s1,grip_v7
10587834,2610,s1,grip_v7
10587836,2554,s1,grip_v7
10587838,2453,s1,grip_v7
10587840,2411,s1,grip_v7
10587842,2406,s1,grip_v7
10587844,2352,s1,grip_v7
10587846,2266,s1,grip_v7
10587848,2286,s1,grip_v7
10587850,2261,s1,grip_v7
10587852,2278,s1,grip_v7
10587854,2240,s1,grip_v7
10587856,2293,s1,grip_v7
10587858,2259,s1,grip_v7
10587860,2289,s1,grip_v7
10587862,2295,s1,grip_v7
10587864,2338,s1,grip_v7
10587866,2301,s1,grip_v7
10587868,2333,s1,grip_v7
10587870,2265,s1,grip_v7
10587872,2256,s1,grip_v7
10587874,2221,s1,grip_v7
10587876,2200,s1,grip_v7
10587878,2155,s1,grip_v7
10587880,2123,s1,grip_v7
10587882,2160,s1,grip_v7
10587884,2173,s1,grip_v7
10587886,2150,s1,grip_v7
10587888,2160,s1,grip_v7
10587890,2228,s1,grip_v7
10587892,2258,s1,grip_v7
10587894,2283,s1,grip_v7
10587896,2220,s1,grip_v7
10587898,2183,s1,grip_v7
10587900,2110,s1,grip_v7
10587902,2091,s1,grip_v7
10587904,2047,s1,grip_v7
10587906,2128,s1,grip_v7
10587908,2101,s1,grip_v7
10587910,2109,s1,grip_v7
10587912,2039,s1,grip_v7
10587914,2163,s1,grip_v7
10587916,2155,s1,grip_v7
10587918,2203,s1,grip_v7
10587920,2223,s1,grip_v7
10587922,2245,s1,grip_v7
10587924,2231,s1,grip_v7
10587926,2327,s1,grip_v7
10587928,2320,s1,grip_v7
10587930,2263,s1,grip_v7
10587932,2272,s1,grip_v7
10587934,2271,s1,grip_v7
10587936,2261,s1,grip_v7
10587938,2195,s1,grip_v7
10587940,2243,s1,grip_v7
10587942,2203,s1,grip_v7
10587944,2176,s1,grip_v7
10587946,2089,s1,grip_v7
10587948,2171,s1,grip_v7
10587950,2146,s1,grip_v7
10587952,2141,s1,grip_v7
10587954,2095,s1,grip_v7
10587956,2163,s1,grip_v7
10587958,2144,s1,grip_v7
10587960,2212,s1,grip_v7
10587962,2175,s1,grip_v7
10587964,2191,s1,grip_v7
10587966,2161,s1,grip_v7
10587968,2222,s1,grip_v7
10587970,2207,s1,grip_v7
10587972,2234,s1,grip_v7
10587974,2270,s1,grip_v7
10587976,2333,s1,grip_v7
10587978,2401,s1,grip_v7
10587980,2395,s1,grip_v7
10587982,2431,s1,grip_v7
10587984,2408,s1,grip_v7
10587986,2399,s1,grip_v7
10587988,2416,s1,grip_v7
10587990,2515,s1,grip_v7
10587992,2480,s1,grip_v7
10587994,2487,s1,grip_v7
10587996,2444,s1,grip_v7
10587998,2442,s1,grip_v7
10588000,2361,s1,grip_v7
10588002,2273,s1,grip_v7
10588004,2209,s1,grip_v7
10588006,2330,s1,grip_v7
10588008,2303,s1,grip_v7
10588010,2379,s1,grip_v7
10588012,2377,s1,grip_v7
10588014,2323,s1,grip_v7
10588016,2284,s1,grip_v7
10588018,2351,s1,grip_v7
10588020,2303,s1,grip_v7
10588022,2258,s1,grip_v7
10588024,2230,s1,grip_v7
10588026,2322,s1,grip_v7
10588028,2290,s1,grip_v7
10588030,2220,s1,grip_v7
10588032,2238,s1,grip_v7
10588034,2222,s1,grip_v7
10588036,2208,s1,grip_v7
10588038,2165,s1,grip_v7
10588040,2240,s1,grip_v7
10588042,2224,s1,grip_v7
10588044,2238,s1,grip_v7
10588046,2187,s1,grip_v7
10588048,2258,s1,grip_v7
10588050,2231,s1,grip_v7
10588052,2243,s1,grip_v7
10588054,2190,s1,grip_v7
10588056,2229,s1,grip_v7
10588058,2192,s1,grip_v7
10588060,2215,s1,grip_v7
10588062,2157,s1,grip_v7
10588064,2190,s1,grip_v7
10588066,2177,s1,grip_v7
10588068,2208,s1,grip_v7
10588070,2192,s1,grip_v7
10588072,2208,s1,grip_v7
10588074,2209,s1,grip_v7
10588076,2256,s1,grip_v7
10588078,2252,s1,grip_v7
10588080,2168,s1,grip_v7
10588082,2123,s1,grip_v7
10588084,2127,s1,grip_v7
10588086,2045,s1,grip_v7
10588088,1975,s1,grip_v7
10588090,1998,s1,grip_v7
10588092,2014,s1,grip_v7
10588094,2075,s1,grip_v7
10588096,2045,s1,grip_v7
10588098,2147,s1,grip_v7
10588100,2135,s1,grip_v7
10588102,2237,s1,grip_v7
10588104,2368,s1,grip_v7
10588106,2481,s1,grip_v7
10588108,2516,s1,grip_v7
10588110,2611,s1,grip_v7
10588112,2559,s1,grip_v7
10588114,2559,s1,grip_v7
10588116,2549,s1,grip_v7
10588118,2602,s1,grip_v7
10588120,2602,s1,grip_v7
10588122,2583,s1,grip_v7
10588124,2544,s1,grip_v7
10588126,2559,s1,grip_v7
10588128,2534,s1,grip_v7
10588130,2470,s1,grip_v7
10588132,2476,s1,grip_v7
10588134,2535,s1,grip_v7
10588136,2507,s1,grip_v7
10588138,2431,s1,grip_v7
10588140,2590,s1,grip_v7
10588142,2559,s1,grip_v7
10588144,2704,s1,grip_v7
10588146,2754,s1,grip_v7
10588148,2791,s1,grip_v7
10588150,2736,s1,grip_v7
10588152,2749,s1,grip_v7
10588154,2666,s1,grip_v7
10588156,2701,s1,grip_v7
10588158,2636,s1,grip_v7
10588160,2583,s1,grip_v7
10588162,2480,s1,grip_v7
10588164,2494,s1,grip_v7
10588166,2486,s1,grip_v7
10588168,2514,s1,grip_v7
10588170,2449,s1,grip_v7
10588172,2402,s1,grip_v7
10588174,2397,s1,grip_v7
10588176,2386,s1,grip_v7
10588178,2352,s1,grip_v7
10588180,2323,s1,grip_v7
10588182,2353,s1,grip_v7
10588184,2350,s1,grip_v7
10588186,2294,s1,grip_v7
10588188,2227,s1,grip_v7
10588190,2333,s1,grip_v7
10588192,2309,s1,grip_v7
10588194,2339,s1,grip_v7
10588196,2315,s1,grip_v7
10588198,2320,s1,grip_v7
10588200,2270,s1,grip_v7
10588202,2239,s1,grip_v7
10588204,2139,s1,grip_v7
10588206,2167,s1,grip_v7
10588208,2141,s1,grip_v7
10588210,2154,s1,grip_v7
10588212,2094,s1,grip_v7
10588214,2073,s1,grip_v7
10588216,2067,s1,grip_v7
10588218,2041,s1,grip_v7
10588220,2003,s1,grip_v7
10588222,2000,s1,grip_v7
10588224,2023,s1,grip_v7
10588226,2011,s1,grip_v7
10588228,1978,s1,grip_v7
10588230,1968,s1,grip_v7
10588232,2068,s1,grip_v7
10588234,2078,s1,grip_v7
10588236,2176,s1,grip_v7
10588238,2127,s1,grip_v7
10588240,2076,s1,grip_v7
10588242,2064,s1,grip_v7
10588244,2061,s1,grip_v7
10588246,1969,s1,grip_v7
10588248,2003,s1,grip_v7
10588250,2025,s1,grip_v7
10588252,2142,s1,grip_v7
10588254,2096,s1,grip_v7
10588256,2067,s1,grip_v7
10588258,2031,s1,grip_v7
10588260,2082,s1,grip_v7
10588262,2064,s1,grip_v7
10588264,2154,s1,grip_v7
10588266,2179,s1,grip_v7
10588268,2304,s1,grip_v7
10588270,2332,s1,grip_v7
10588272,2311,s1,grip_v7
10588274,2281,s1,grip_v7
10588276,2208,s1,grip_v7
10588278,2193,s1,grip_v7
10588280,2199,s1,grip_v7
10588282,2287,s1,grip_v7
10588284,2288,s1,grip_v7
10588286,2254,s1,grip_v7
10588288,2211,s1,grip_v7
10588290,2305,s1,grip_v7
10588292,2263,s1,grip_v7
10588294,2237,s1,grip_v7
10588296,2183,s1,grip_v7
10588298,2273,s1,grip_v7
10588300,2253,s1,grip_v7
10588302,2256,s1,grip_v7
10588304,2199,s1,grip_v7
10588306,2238,s1,grip_v7
10588308,2209,s1,grip_v7
10588310,2166,s1,grip_v7
10588312,2130,s1,grip_v7
10588314,2197,s1,grip_v7
10588316,2206,s1,grip_v7
10588318,2223,s1,grip_v7
10588320,2224,s1,grip_v7
10588322,2238,s1,grip_v7
10588324,2214,s1,grip_v7
10588326,2279,s1,grip_v7
10588328,2288,s1,grip_v7
10588330,2273,s1,grip_v7
10588332,2295,s1,grip_v7
10588334,2325,s1,grip_v7
10588336,2352,s1,grip_v7
10588338,2308,s1,grip_v7
10588340,2393,s1,grip_v7
10588342,2374,s1,grip_v7
10588344,2437,s1,grip_v7
10588346,2415,s1,grip_v7
10588348,2462,s1,grip_v7
10588350,2431,s1,grip_v7
10588352,2558,s1,grip_v7
10588354,2541,s1,grip_v7
10588356,2497,s1,grip_v7
10588358,2417,s1,grip_v7
10588360,2425,s1,grip_v7
10588362,2419,s1,grip_v7
10588364,2504,s1,grip_v7
10588366,2480,s1,grip_v7
10588368,2469,s1,grip_v7
10588370,2425,s1,grip_v7
10588372,2479,s1,grip_v7
10588374,2641,s1,grip_v7
10588376,2624,s1,grip_v7
10588378,2706,s1,grip_v7
10588380,2799,s1,grip_v7
10588382,2864,s1,grip_v7
10588384,2855,s1,grip_v7
10588386,2832,s1,grip_v7
10588388,2722,s1,grip_v7
10588390,2730,s1,grip_v7
10588392,2638,s1,grip_v7
10588394,2553,s1,grip_v7
10588396,2457,s1,grip_v7
10588398,2451,s1,grip_v7
10588400,2382,s1,grip_v7
10588402,2315,s1,grip_v7
10588404,2229,s1,grip_v7
10588406,2305,s1,grip_v7
10588408,2315,s1,grip_v7
10588410,2335,s1,grip_v7
10588412,2330,s1,grip_v7
10588414,2313,s1,grip_v7
10588416,2246,s1,grip_v7
10588418,2190,s1,grip_v7
10588420,2098,s1,grip_v7
10588422,2039,s1,grip_v7
10588424,2068,s1,grip_v7
10588426,2043,s1,grip_v7
10588428,1961,s1,grip_v7
10588430,1921,s1,grip_v7
10588432,2033,s1,grip_v7
10588434,2033,s1,grip_v7
10588436,2063,s1,grip_v7
10588438,2005,s1,grip_v7
10588440,2044,s1,grip_v7
10588442,2041,s1,grip_v7
10588444,2061,s1,grip_v7
10588446,1986,s1,grip_v7
10588448,1998,s1,grip_v7
10588450,1952,s1,grip_v7
10588452,1966,s1,grip_v7
10588454,1917,s1,grip_v7
10588456,1943,s1,grip_v7
10588458,1898,s1,grip_v7
10588460,1875,s1,grip_v7
10588462,1808,s1,grip_v7
10588464,1796,s1,grip_v7
10588466,1833,s1,grip_v7
10588468,1775,s1,grip_v7
10588470,1751,s1,grip_v7
10588472,1760,s1,grip_v7
10588474,1819,s1,grip_v7
10588476,1839,s1,grip_v7
10588478,1869,s1,grip_v7
10588480,1819,s1,grip_v7
10588482,1891,s1,grip_v7
10588484,1882,s1,grip_v7
10588486,1827,s1,grip_v7
10588488,1839,s1,grip_v7
10588490,1967,s1,grip_v7
10588492,1954,s1,grip_v7
10588494,1979,s1,grip_v7
10588496,1920,s1,grip_v7
10588498,1981,s1,grip_v7
10588500,1959,s1,grip_v7
10588502,2017,s1,grip_v7
10588504,2001,s1,grip_v7
10588506,2011,s1,grip_v7
10588508,1982,s1,grip_v7
10588510,2054,s1,grip_v7
10588512,2041,s1,grip_v7
10588514,2032,s1,grip_v7
10588516,2019,s1,grip_v7
10588518,2059,s1,grip_v7
10588520,2065,s1,grip_v7
10588522,2100,s1,grip_v7
10588524,2144,s1,grip_v7
10588526,2197,s1,grip_v7
10588528,2192,s1,grip_v7
10588530,2150,s1,grip_v7
10588532,2173,s1,grip_v7
10588534,2193,s1,grip_v7
10588536,2192,s1,grip_v7
10588538,2128,s1,grip_v7
10588540,2152,s1,grip_v7
10588542,2151,s1,grip_v7
10588544,2185,s1,grip_v7
10588546,2118,s1,grip_v7
10588548,2178,s1,grip_v7
10588550,2148,s1,grip_v7
10588552,2160,s1,grip_v7
10588554,2122,s1,grip_v7
10588556,2183,s1,grip_v7
10588558,2175,s1,grip_v7
10588560,2160,s1,grip_v7
10588562,2127,s1,grip_v7
10588564,2178,s1,grip_v7
10588566,2194,s1,grip_v7
10588568,2211,s1,grip_v7
10588570,2192,s1,grip_v7
10588572,2201,s1,grip_v7
10588574,2209,s1,grip_v7
10588576,2256,s1,grip_v7
10588578,2194,s1,grip_v7
10588580,2125,s1,grip_v7
10588582,2192,s1,grip_v7
10588584,2165,s1,grip_v7
10588586,2168,s1,grip_v7
10588588,2135,s1,grip_v7
10588590,2160,s1,grip_v7
10588592,2130,s1,grip_v7
10588594,2158,s1,grip_v7
10588596,2096,s1,grip_v7
10588598,2127,s1,grip_v7
10588600,2150,s1,grip_v7
10588602,2309,s1,grip_v7
10588604,2265,s1,grip_v7
10588606,2193,s1,grip_v7
10588608,2146,s1,grip_v7
10588610,2167,s1,grip_v7
10588612,2177,s1,grip_v7
10588614,2226,s1,grip_v7
10588616,2226,s1,grip_v7
10588618,2255,s1,grip_v7
10588620,2287,s1,grip_v7
10588622,2304,s1,grip_v7
10588624,2331,s1,grip_v7
10588626,2320,s1,grip_v7
10588628,2299,s1,grip_v7
10588630,2261,s1,grip_v7
10588632,2349,s1,grip_v7
10588634,2320,s1,grip_v7
10588636,2371,s1,grip_v7
10588638,2374,s1,grip_v7
10588640,2389,s1,grip_v7
10588642,2353,s1,grip_v7
10588644,2362,s1,grip_v7
10588646,2366,s1,grip_v7
10588648,2473,s1,grip_v7
10588650,2445,s1,grip_v7
10588652,2495,s1,grip_v7
10588654,2458,s1,grip_v7
10588656,2480,s1,grip_v7
10588658,2448,s1,grip_v7
10588660,2419,s1,grip_v7
10588662,2339,s1,grip_v7
10588664,2347,s1,grip_v7
10588666,2367,s1,grip_v7
10588668,2476,s1,grip_v7
10588670,2544,s1,grip_v7
10588672,2453,s1,grip_v7
10588674,2396,s1,grip_v7
10588676,2459,s1,grip_v7
10588678,2470,s1,grip_v7
10588680,2447,s1,grip_v7
10588682,2523,s1,grip_v7
10588684,2505,s1,grip_v7
10588686,2509,s1,grip_v7
10588688,2462,s1,grip_v7
10588690,2539,s1,grip_v7
10588692,2503,s1,grip_v7
10588694,2459,s1,grip_v7
10588696,2382,s1,grip_v7
10588698,2482,s1,grip_v7
10588700,2479,s1,grip_v7
10588702,2602,s1,grip_v7
10588704,2586,s1,grip_v7
10588706,2512,s1,grip_v7
10588708,2446,s1,grip_v7
10588710,2477,s1,grip_v7
10588712,2451,s1,grip_v7
10588714,2444,s1,grip_v7
10588716,2439,s1,grip_v7
10588718,2494,s1,grip_v7
10588720,2481,s1,grip_v7
10588722,2495,s1,grip_v7
10588724,2555,s1,grip_v7
10588726,2537,s1,grip_v7
10588728,2530,s1,grip_v7
10588730,2506,s1,grip_v7
10588732,2543,s1,grip_v7
10588734,2527,s1,grip_v7
10588736,2490,s1,grip_v7
10588738,2384,s1,grip_v7
10588740,2431,s1,grip_v7
10588742,2397,s1,grip_v7
10588744,2384,s1,grip_v7
10588746,2300,s1,grip_v7
10588748,2365,s1,grip_v7
10588750,2359,s1,grip_v7
10588752,2340,s1,grip_v7
10588754,2295,s1,grip_v7
10588756,2365,s1,grip_v7
10588758,2366,s1,grip_v7
10588760,2394,s1,grip_v7
10588762,2384,s1,grip_v7
10588764,2418,s1,grip_v7
10588766,2429,s1,grip_v7
10588768,2468,s1,grip_v7
10597798,2211,s1,grip_v7
10597800,2146,s1,grip_v7
10597802,2094,s1,grip_v7
10597804,2016,s1,grip_v7
10597806,1966,s1,grip_v7
10597808,2003,s1,grip_v7
10597810,1968,s1,grip_v7
10597812,2029,s1,grip_v7
10597814,1989,s1,grip_v7
10597816,1985,s1,grip_v7
10597818,1961,s1,grip_v7
10597820,2039,s1,grip_v7
10597822,2003,s1,grip_v7
10597824,1955,s1,grip_v7
10597826,1963,s1,grip_v7
10597828,1904,s1,grip_v7
10597830,1862,s1,grip_v7
10597832,1895,s1,grip_v7
10597834,1951,s1,grip_v7
10597836,1951,s1,grip_v7
10597838,1947,s1,grip_v7
10597840,1899,s1,grip_v7
10597842,1965,s1,grip_v7
10597844,1970,s1,grip_v7
10597846,2083,s1,grip_v7
10597848,2044,s1,grip_v7
10597850,1986,s1,grip_v7
10597852,1919,s1,grip_v7
10597854,1839,s1,grip_v7
10597856,1831,s1,grip_v7
10597858,1920,s1,grip_v7
10597860,1905,s1,grip_v7
10597862,1936,s1,grip_v7
10597864,1922,s1,grip_v7
10597866,2042,s1,grip_v7
10597868,2044,s1,grip_v7
10597870,2189,s1,grip_v7
10597872,2241,s1,grip_v7
10597874,2198,s1,grip_v7
10597876,2190,s1,grip_v7
10597878,2160,s1,grip_v7
10597880,2163,s1,grip_v7
10597882,2195,s1,grip_v7
10597884,2227,s1,grip_v7
10597886,2264,s1,grip_v7
10597888,2271,s1,grip_v7
10597890,2225,s1,grip_v7
10597892,2285,s1,grip_v7
10597894,2240,s1,grip_v7
10597896,2224,s1,grip_v7
10597898,2203,s1,grip_v7
10597900,2285,s1,grip_v7
10597902,2257,s1,grip_v7
10597904,2239,s1,grip_v7
10597906,2162,s1,grip_v7
10597908,2225,s1,grip_v7
10597910,2244,s1,grip_v7
10597912,2176,s1,grip_v7
10597914,2187,s1,grip_v7
10597916,2334,s1,grip_v7
10597918,2401,s1,grip_v7
10597920,2321,s1,grip_v7
10597922,2352,s1,grip_v7
10597924,2487,s1,grip_v7
10597926,2507,s1,grip_v7
10597928,2512,s1,grip_v7
10597930,2559,s1,grip_v7
10597932,2483,s1,grip_v7
10597934,2427,s1,grip_v7
10597936,2470,s1,grip_v7
10597938,2391,s1,grip_v7
10597940,2330,s1,grip_v7
10597942,2281,s1,grip_v7
10597944,2238,s1,grip_v7
10597946,2192,s1,grip_v7
10597948,2099,s1,grip_v7
10597950,2143,s1,grip_v7
10597952,2083,s1,grip_v7
10597954,2027,s1,grip_v7
10597956,2086,s1,grip_v7
10597958,2224,s1,grip_v7
10597960,2177,s1,grip_v7
10597962,2115,s1,grip_v7
10597964,2112,s1,grip_v7
10597966,2253,s1,grip_v7
10597968,2256,s1,grip_v7
10597970,2211,s1,grip_v7
10597972,2183,s1,grip_v7
10597974,2210,s1,grip_v7
10597976,2191,s1,grip_v7
10597978,2233,s1,grip_v7
10597980,2191,s1,grip_v7
10597982,2122,s1,grip_v7
10597984,2139,s1,grip_v7
10597986,2133,s1,grip_v7
10597988,2125,s1,grip_v7
10597990,2069,s1,grip_v7
10597992,2103,s1,grip_v7
10597994,2061,s1,grip_v7
10597996,2034,s1,grip_v7
10597998,2014,s1,grip_v7
10598000,2155,s1,grip_v7
10598002,2164,s1,grip_v7
10598004,2249,s1,grip_v7
10598006,2211,s1,grip_v7
10598008,2238,s1,grip_v7
10598010,2192,s1,grip_v7
10598012,2123,s1,grip_v7
10598014,2111,s1,grip_v7
10598016,2112,s1,grip_v7
10598018,2087,s1,grip_v7
10598020,2058,s1,grip_v7
10598022,2091,s1,grip_v7
10598024,2096,s1,grip_v7
10598026,2230,s1,grip_v7
10598028,2179,s1,grip_v7
10598030,2222,s1,grip_v7
10598032,2305,s1,grip_v7
10598034,2423,s1,grip_v7
10598036,2385,s1,grip_v7
10598038,2407,s1,grip_v7
10598040,2411,s1,grip_v7
10598042,2445,s1,grip_v7
10598044,2414,s1,grip_v7
10598046,2390,s1,grip_v7
10598048,2304,s1,grip_v7
10598050,2331,s1,grip_v7
10598052,2312,s1,grip_v7
10598054,2323,s1,grip_v7
10598056,2224,s1,grip_v7
10598058,2253,s1,grip_v7
10598060,2207,s1,grip_v7
10598062,2195,s1,grip_v7
10598064,2147,s1,grip_v7
10598066,2210,s1,grip_v7
10598068,2191,s1,grip_v7
10598070,2279,s1,grip_v7
10598072,2225,s1,grip_v7
10598074,2167,s1,grip_v7
10598076,2217,s1,grip_v7
10598078,2154,s1,grip_v7
10598080,2083,s1,grip_v7
10598082,2067,s1,grip_v7
10598084,2178,s1,grip_v7
10598086,2133,s1,grip_v7
10598088,2114,s1,grip_v7
10598090,2087,s1,grip_v7
10598092,2157,s1,grip_v7
10598094,2162,s1,grip_v7
10598096,2226,s1,grip_v7
10598098,2148,s1,grip_v7
10598100,2205,s1,grip_v7
10598102,2177,s1,grip_v7
10598104,2199,s1,grip_v7
10598106,2150,s1,grip_v7
10598108,2169,s1,grip_v7
10598110,2112,s1,grip_v7
10598112,2083,s1,grip_v7
10598114,1995,s1,grip_v7
10598116,1967,s1,grip_v7
10598118,1923,s1,grip_v7
10598120,1951,s1,grip_v7
10598122,1971,s1,grip_v7
10598124,1947,s1,grip_v7
10598126,1913,s1,grip_v7
10598128,1993,s1,grip_v7
10598130,2000,s1,grip_v7
10598132,2001,s1,grip_v7
10598134,2014,s1,grip_v7
10598136,2032,s1,grip_v7
10598138,2004,s1,grip_v7
10598140,1924,s1,grip_v7
10598142,1925,s1,grip_v7
10598144,1879,s1,grip_v7
10598146,1821,s1,grip_v7
10598148,1751,s1,grip_v7
10598150,1865,s1,grip_v7
10598152,1860,s1,grip_v7
10598154,1887,s1,grip_v7
10598156,1898,s1,grip_v7
10598158,1936,s1,grip_v7
10598160,1901,s1,grip_v7
10598162,1915,s1,grip_v7
10598164,1856,s1,grip_v7
10598166,1853,s1,grip_v7
10598168,1887,s1,grip_v7
10598170,1857,s1,grip_v7
10598172,1923,s1,grip_v7
10598174,2026,s1,grip_v7
10598176,2039,s1,grip_v7
10598178,2096,s1,grip_v7
10598180,2123,s1,grip_v7
10598182,2099,s1,grip_v7
10598184,2128,s1,grip_v7
10598186,2144,s1,grip_v7
10598188,2119,s1,grip_v7
10598190,2037,s1,grip_v7
10598192,2077,s1,grip_v7
10598194,2055,s1,grip_v7
10598196,2069,s1,grip_v7
10598198,1997,s1,grip_v7
10598200,2043,s1,grip_v7
10598202,2015,s1,grip_v7
10598204,2000,s1,grip_v7
10598206,2020,s1,grip_v7
10598208,2101,s1,grip_v7
10598210,2047,s1,grip_v7
10598212,2066,s1,grip_v7
10598214,1999,s1,grip_v7
10598216,2032,s1,grip_v7
10598218,2075,s1,grip_v7
10598220,2003,s1,grip_v7
10598222,1998,s1,grip_v7
10598224,2045,s1,grip_v7
10598226,2070,s1,grip_v7
10598228,2076,s1,grip_v7
10598230,2077,s1,grip_v7
10598232,2061,s1,grip_v7
10598234,2064,s1,grip_v7
10598236,2173,s1,grip_v7
10598238,2144,s1,grip_v7
10598240,2096,s1,grip_v7
10598242,2165,s1,grip_v7
10598244,2135,s1,grip_v7
10598246,2157,s1,grip_v7
10598248,2071,s1,grip_v7
10598250,2169,s1,grip_v7
10598252,2188,s1,grip_v7
10598254,2146,s1,grip_v7
10598256,2128,s1,grip_v7
10598258,2206,s1,grip_v7
10598260,2160,s1,grip_v7
10598262,2185,s1,grip_v7
10598264,2112,s1,grip_v7
10598266,2095,s1,grip_v7
10598268,2047,s1,grip_v7
10598270,2114,s1,grip_v7
10598272,2126,s1,grip_v7
10598274,2037,s1,grip_v7
10598276,1995,s1,grip_v7
10598278,2023,s1,grip_v7
10598280,1963,s1,grip_v7
10598282,1910,s1,grip_v7
10598284,1950,s1,grip_v7
10598286,1957,s1,grip_v7
10598288,1957,s1,grip_v7
10598290,1936,s1,grip_v7
10598292,2032,s1,grip_v7
10598294,2020,s1,grip_v7
10598296,2026,s1,grip_v7
10598298,1971,s1,grip_v7
10598300,2063,s1,grip_v7
10598302,2031,s1,grip_v7
10598304,2035,s1,grip_v7
10598306,1957,s1,grip_v7
10598308,1914,s1,grip_v7
10598310,1849,s1,grip_v7
10598312,1856,s1,grip_v7
10598314,1786,s1,grip_v7
10598316,1805,s1,grip_v7
10598318,1791,s1,grip_v7
10598320,1808,s1,grip_v7
10598322,1794,s1,grip_v7
10598324,1826,s1,grip_v7
10598326,1860,s1,grip_v7
10598328,1927,s1,grip_v7
10598330,1963,s1,grip_v7
10598332,1953,s1,grip_v7
10598334,1879,s1,grip_v7
10598336,1799,s1,grip_v7
10598338,1723,s1,grip_v7
10598340,1727,s1,grip_v7
10598342,1808,s1,grip_v7
10598344,1882,s1,grip_v7
10598346,1943,s1,grip_v7
10598348,1891,s1,grip_v7
10598350,1901,s1,grip_v7
10598352,1855,s1,grip_v7
10598354,1790,s1,grip_v7
10598356,1749,s1,grip_v7
10598358,1851,s1,grip_v7
10598360,1826,s1,grip_v7
10598362,1795,s1,grip_v7
10598364,1724,s1,grip_v7
10598366,1749,s1,grip_v7
10598368,1749,s1,grip_v7
10598370,1751,s1,grip_v7
10598372,1739,s1,grip_v7
10598374,1754,s1,grip_v7
10598376,1770,s1,grip_v7
10598378,1789,s1,grip_v7
10598380,1787,s1,grip_v7
10598382,1808,s1,grip_v7
10598384,1888,s1,grip_v7
10598386,1840,s1,grip_v7
10598388,1851,s1,grip_v7
10598390,1902,s1,grip_v7
10598392,1999,s1,grip_v7
10598394,1966,s1,grip_v7
10598396,1930,s1,grip_v7
10598398,1899,s1,grip_v7
10598400,1906,s1,grip_v7
10598402,1893,s1,grip_v7
10598404,1845,s1,grip_v7
10598406,1796,s1,grip_v7
10598408,1769,s1,grip_v7
10598410,1714,s1,grip_v7
10598412,1673,s1,grip_v7
10598414,1607,s1,grip_v7
10598416,1691,s1,grip_v7
10598418,1675,s1,grip_v7
10598420,1745,s1,grip_v7
10598422,1728,s1,grip_v7
10598424,1719,s1,grip_v7
10598426,1738,s1,grip_v7
10598428,1763,s1,grip_v7
10598430,1730,s1,grip_v7
10598432,1761,s1,grip_v7
10598434,1821,s1,grip_v7
10598436,1869,s1,grip_v7
10598438,1863,s1,grip_v7
10598440,1795,s1,grip_v7
10598442,1834,s1,grip_v7
10598444,1809,s1,grip_v7
10598446,1774,s1,grip_v7
10598448,1711,s1,grip_v7
10598450,1787,s1,grip_v7
10598452,1837,s1,grip_v7
10598454,1825,s1,grip_v7
10598456,1776,s1,grip_v7
10598458,1835,s1,grip_v7
10598460,1808,s1,grip_v7
10598462,1849,s1,grip_v7
10598464,1863,s1,grip_v7
10598466,1968,s1,grip_v7
10598468,1980,s1,grip_v7
10598470,2109,s1,grip_v7
10598472,2066,s1,grip_v7
10598474,2060,s1,grip_v7
10598476,2086,s1,grip_v7
10598478,2096,s1,grip_v7
10598480,2118,s1,grip_v7
10598482,2129,s1,grip_v7
10598484,2173,s1,grip_v7
10598486,2154,s1,grip_v7
10598488,2150,s1,grip_v7
10598490,2139,s1,grip_v7
10598492,2241,s1,grip_v7
10598494,2194,s1,grip_v7
10598496,2252,s1,grip_v7
10598498,2252,s1,grip_v7
10598500,2218,s1,grip_v7
10598502,2128,s1,grip_v7
10598504,2032,s1,grip_v7
10598506,1995,s1,grip_v7
10598508,2075,s1,grip_v7
10598510,2062,s1,grip_v7
10598512,2141,s1,grip_v7
10598514,2149,s1,grip_v7
10598516,2080,s1,grip_v7
10598518,2092,s1,grip_v7
10598520,2085,s1,grip_v7
10598522,2005,s1,grip_v7
10598524,1982,s1,grip_v7
10598526,1968,s1,grip_v7
10598528,1951,s1,grip_v7
10598530,1967,s1,grip_v7
10598532,1973,s1,grip_v7
10598534,1967,s1,grip_v7
10598536,1988,s1,grip_v7
10598538,1955,s1,grip_v7
10598540,1945,s1,grip_v7
10598542,2003,s1,grip_v7
10598544,1981,s1,grip_v7
10598546,2001,s1,grip_v7
10598548,1951,s1,grip_v7
10598550,1965,s1,grip_v7
10598552,1959,s1,grip_v7
10598554,1889,s1,grip_v7
10598556,1821,s1,grip_v7
10598558,1897,s1,grip_v7
10598560,1860,s1,grip_v7
10598562,1837,s1,grip_v7
10598564,1811,s1,grip_v7
10598566,1901,s1,grip_v7
10598568,1898,s1,grip_v7
10598570,2031,s1,grip_v7
10598572,2096,s1,grip_v7
10598574,2112,s1,grip_v7
10598576,2096,s1,grip_v7
10598578,2160,s1,grip_v7
10598580,2113,s1,grip_v7
10598582,2112,s1,grip_v7
10598584,2186,s1,grip_v7
10598586,2138,s1,grip_v7
10598588,2118,s1,grip_v7
10598590,2241,s1,grip_v7
10598592,2402,s1,grip_v7
10598594,2465,s1,grip_v7
10598596,2669,s1,grip_v7
10598598,2731,s1,grip_v7
10598600,2743,s1,grip_v7
10598602,2657,s1,grip_v7
10598604,2713,s1,grip_v7
10598606,2722,s1,grip_v7
10598608,2727,s1,grip_v7
10598610,2716,s1,grip_v7
10598612,2697,s1,grip_v7
10598614,2642,s1,grip_v7
10598616,2608,s1,grip_v7
10598618,2510,s1,grip_v7
10598620,2457,s1,grip_v7
10598622,2384,s1,grip_v7
10598624,2330,s1,grip_v7
10598626,2254,s1,grip_v7
10598628,2224,s1,grip_v7
10598630,2188,s1,grip_v7
10598632,2112,s1,grip_v7
10598634,2058,s1,grip_v7
10598636,2128,s1,grip_v7
10598638,2183,s1,grip_v7
10598640,2109,s1,grip_v7
10598642,2101,s1,grip_v7
10598644,2231,s1,grip_v7
10598646,2262,s1,grip_v7
10598648,2223,s1,grip_v7
10598650,2298,s1,grip_v7
10598652,2244,s1,grip_v7
10598654,2288,s1,grip_v7
10598656,2289,s1,grip_v7
10598658,2350,s1,grip_v7
10598660,2315,s1,grip_v7
10598662,2355,s1,grip_v7
10598664,2333,s1,grip_v7
10598666,2377,s1,grip_v7
10598668,2352,s1,grip_v7
10598670,2419,s1,grip_v7
10598672,2388,s1,grip_v7
10598674,2375,s1,grip_v7
10598676,2345,s1,grip_v7
10598678,2432,s1,grip_v7
10598680,2385,s1,grip_v7
10598682,2321,s1,grip_v7
10598684,2291,s1,grip_v7
10598686,2432,s1,grip_v7
10598688,2517,s1,grip_v7
10598690,2488,s1,grip_v7
10598692,2462,s1,grip_v7
10598694,2544,s1,grip_v7
10598696,2637,s1,grip_v7
10598698,2596,s1,grip_v7
10598700,2559,s1,grip_v7
10598702,2547,s1,grip_v7
10598704,2501,s1,grip_v7
10598706,2432,s1,grip_v7
10598708,2464,s1,grip_v7
10598710,2419,s1,grip_v7
10598712,2331,s1,grip_v7
10598714,2299,s1,grip_v7
10598716,2368,s1,grip_v7
10598718,2363,s1,grip_v7
10598720,2448,s1,grip_v7
10598722,2431,s1,grip_v7
10598724,2358,s1,grip_v7
10598726,2323,s1,grip_v7
10598728,2331,s1,grip_v7
10598730,2251,s1,grip_v7
10598732,2170,s1,grip_v7
10598734,2160,s1,grip_v7
10598736,2198,s1,grip_v7
10598738,2275,s1,grip_v7
10598740,2202,s1,grip_v7
10598742,2143,s1,grip_v7
10598744,2167,s1,grip_v7
10598746,2133,s1,grip_v7
10598748,2032,s1,grip_v7
10598750,2113,s1,grip_v7
10598752,2086,s1,grip_v7
10598754,2125,s1,grip_v7
10598756,2101,s1,grip_v7
10598758,2105,s1,grip_v7
10598760,2107,s1,grip_v7
10598762,2153,s1,grip_v7
10598764,2093,s1,grip_v7
10598766,2047,s1,grip_v7
10598768,1981,s1,grip_v7
10598770,1942,s1,grip_v7
10598772,1883,s1,grip_v7
10598774,1924,s1,grip_v7
10598776,1955,s1,grip_v7
10598778,1997,s1,grip_v7
10598780,1983,s1,grip_v7
10598782,1911,s1,grip_v7
10598784,1893,s1,grip_v7
10598786,1835,s1,grip_v7
10598788,1808,s1,grip_v7
10598790,1846,s1,grip_v7
10598792,1911,s1,grip_v7
10598794,1974,s1,grip_v7
10598796,2066,s1,grip_v7
10598798,2009,s1,grip_v7
10598800,2033,s1,grip_v7
10598802,1969,s1,grip_v7
10598804,1964,s1,grip_v7
10598806,1942,s1,grip_v7
10598808,2011,s1,grip_v7
10598810,1989,s1,grip_v7
10598812,1970,s1,grip_v7
10598814,1972,s1,grip_v7
10598816,2045,s1,grip_v7
10598818,2059,s1,grip_v7
10598820,2187,s1,grip_v7
10598822,2188,s1,grip_v7
10598824,2130,s1,grip_v7
10598826,2121,s1,grip_v7
10598828,2043,s1,grip_v7
10598830,1968,s1,grip_v7
10598832,1967,s1,grip_v7
10598834,2020,s1,grip_v7
10598836,2035,s1,grip_v7
10598838,2032,s1,grip_v7
10598840,1963,s1,grip_v7
10598842,1918,s1,grip_v7
10598844,1924,s1,grip_v7
10598846,1894,s1,grip_v7
10598848,1863,s1,grip_v7
10598850,1953,s1,grip_v7
10598852,1930,s1,grip_v7
10598854,1978,s1,grip_v7
10598856,1961,s1,grip_v7
10598858,1939,s1,grip_v7
10598860,1882,s1,grip_v7
10598862,1841,s1,grip_v7
10598864,1778,s1,grip_v7
10598866,1873,s1,grip_v7
10598868,1883,s1,grip_v7
10598870,1904,s1,grip_v7
10598872,1872,s1,grip_v7
10598874,1942,s1,grip_v7
10598876,1998,s1,grip_v7
10598878,1949,s1,grip_v7
10598880,1920,s1,grip_v7
10598882,1938,s1,grip_v7
10598884,1999,s1,grip_v7
10598886,2007,s1,grip_v7
10598888,1973,s1,grip_v7
10598890,1904,s1,grip_v7
10598892,1939,s1,grip_v7
10598894,1900,s1,grip_v7
10598896,1878,s1,grip_v7
10598898,1872,s1,grip_v7
10598900,2128,s1,grip_v7
10598902,2177,s1,grip_v7
10598904,2286,s1,grip_v7
10598906,2315,s1,grip_v7
10598908,2343,s1,grip_v7
10598910,2311,s1,grip_v7
10598912,2367,s1,grip_v7
10598914,2320,s1,grip_v7
10598916,2325,s1,grip_v7
10598918,2289,s1,grip_v7
10598920,2311,s1,grip_v7
10598922,2301,s1,grip_v7
10598924,2243,s1,grip_v7
10598926,2205,s1,grip_v7
10598928,2199,s1,grip_v7
10598930,2119,s1,grip_v7
10598932,2131,s1,grip_v7
10598934,2163,s1,grip_v7
10598936,2150,s1,grip_v7
10598938,2158,s1,grip_v7
10598940,2151,s1,grip_v7
10598942,2199,s1,grip_v7
10598944,2223,s1,grip_v7
10598946,2270,s1,grip_v7
10598948,2191,s1,grip_v7
10598950,2177,s1,grip_v7
10598952,2114,s1,grip_v7
10598954,2141,s1,grip_v7
10598956,2176,s1,grip_v7
10598958,2256,s1,grip_v7
10598960,2245,s1,grip_v7
10598962,2321,s1,grip_v7
10598964,2285,s1,grip_v7
10598966,2347,s1,grip_v7
10598968,2352,s1,grip_v7
10598970,2311,s1,grip_v7
10598972,2235,s1,grip_v7
10598974,2286,s1,grip_v7
10598976,2307,s1,grip_v7
10598978,2238,s1,grip_v7
10598980,2175,s1,grip_v7
10598982,2175,s1,grip_v7
10598984,2279,s1,grip_v7
10598986,2297,s1,grip_v7
10598988,2309,s1,grip_v7
10598990,2295,s1,grip_v7
10598992,2317,s1,grip_v7
10598994,2288,s1,grip_v7
10598996,2249,s1,grip_v7
10598998,2186,s1,grip_v7
10599000,2272,s1,grip_v7
10599002,2290,s1,grip_v7
10599004,2400,s1,grip_v7
10599006,2356,s1,grip_v7
10599008,2366,s1,grip_v7
10599010,2323,s1,grip_v7
10599012,2320,s1,grip_v7
10599014,2298,s1,grip_v7
10599016,2300,s1,grip_v7
10599018,2230,s1,grip_v7
10599020,2176,s1,grip_v7
10599022,2077,s1,grip_v7
10599024,2070,s1,grip_v7
10599026,2101,s1,grip_v7
10599028,2090,s1,grip_v7
10599030,2028,s1,grip_v7
10599032,1968,s1,grip_v7
10599034,2005,s1,grip_v7
10599036,1952,s1,grip_v7
10599038,1876,s1,grip_v7
10599040,1860,s1,grip_v7
10599042,1967,s1,grip_v7
10599044,1938,s1,grip_v7
10599046,1882,s1,grip_v7
10599048,1802,s1,grip_v7
10599050,1877,s1,grip_v7
10599052,1854,s1,grip_v7
10599054,1870,s1,grip_v7
10599056,1808,s1,grip_v7
10599058,1867,s1,grip_v7
10599060,1870,s1,grip_v7
10599062,1871,s1,grip_v7
10599064,1885,s1,grip_v7
10599066,1914,s1,grip_v7
10599068,1872,s1,grip_v7
10599070,1840,s1,grip_v7
10599072,1777,s1,grip_v7
10599074,1771,s1,grip_v7
10599076,1884,s1,grip_v7
10599078,1851,s1,grip_v7
10599080,1898,s1,grip_v7
10599082,1975,s1,grip_v7
10599084,2015,s1,grip_v7
10599086,2027,s1,grip_v7
10599088,2074,s1,grip_v7
10599090,2031,s1,grip_v7
10599092,1997,s1,grip_v7
10599094,1936,s1,grip_v7
10599096,1904,s1,grip_v7
10599098,1867,s1,grip_v7
10599100,2005,s1,grip_v7
10599102,2005,s1,grip_v7
10599104,2086,s1,grip_v7
10599106,2064,s1,grip_v7
10599108,2116,s1,grip_v7
10599110,2066,s1,grip_v7
10599112,2069,s1,grip_v7
10599114,2079,s1,grip_v7
10599116,2131,s1,grip_v7
10599118,2103,s1,grip_v7
10599120,2178,s1,grip_v7
10599122,2115,s1,grip_v7
10599124,2064,s1,grip_v7
10599126,2026,s1,grip_v7
10599128,2030,s1,grip_v7
10599130,1988,s1,grip_v7
10599132,1917,s1,grip_v7
10599134,1872,s1,grip_v7
10599136,1854,s1,grip_v7
10599138,1794,s1,grip_v7
10599140,1738,s1,grip_v7
10599142,1786,s1,grip_v7
10599144,1808,s1,grip_v7
10599146,1793,s1,grip_v7
10599148,1719,s1,grip_v7
10599150,1771,s1,grip_v7
10599152,1728,s1,grip_v7
10599154,1691,s1,grip_v7
10599156,1626,s1,grip_v7
10599158,1702,s1,grip_v7
10599160,1712,s1,grip_v7
10599162,1656,s1,grip_v7
10599164,1652,s1,grip_v7
10599166,1729,s1,grip_v7
10599168,1741,s1,grip_v7
10599170,1838,s1,grip_v7
10599172,1822,s1,grip_v7
10599174,1789,s1,grip_v7
10599176,1808,s1,grip_v7
10599178,1820,s1,grip_v7
10599180,1862,s1,grip_v7
10599182,1903,s1,grip_v7
10599184,1973,s1,grip_v7
10599186,1952,s1,grip_v7
10599188,2001,s1,grip_v7
10599190,2055,s1,grip_v7
10599192,2112,s1,grip_v7
10599194,2065,s1,grip_v7
10599196,2096,s1,grip_v7
10599198,2128,s1,grip_v7
10599200,2251,s1,grip_v7
10599202,2259,s1,grip_v7
10599204,2371,s1,grip_v7
10599206,2317,s1,grip_v7
10599208,2240,s1,grip_v7
10599210,2242,s1,grip_v7
10599212,2219,s1,grip_v7
10599214,2160,s1,grip_v7
10599216,2134,s1,grip_v7
10599218,2079,s1,grip_v7
10599220,2081,s1,grip_v7
10599222,1994,s1,grip_v7
10599224,1971,s1,grip_v7
10599226,2018,s1,grip_v7
10599228,2000,s1,grip_v7
10599230,1947,s1,grip_v7
10599232,1957,s1,grip_v7
10599234,2007,s1,grip_v7
10599236,2015,s1,grip_v7
10599238,1977,s1,grip_v7
10599240,1951,s1,grip_v7
10599242,1983,s1,grip_v7
10599244,2015,s1,grip_v7
10599246,2068,s1,grip_v7
10599248,2011,s1,grip_v7
10599250,2005,s1,grip_v7
10599252,2039,s1,grip_v7
10599254,2112,s1,grip_v7
10599256,2032,s1,grip_v7
10599258,2019,s1,grip_v7
10599260,1969,s1,grip_v7
10599262,2036,s1,grip_v7
10599264,2108,s1,grip_v7
10599266,2152,s1,grip_v7
10599268,2101,s1,grip_v7
10599270,2141,s1,grip_v7
10599272,2175,s1,grip_v7
10599274,2223,s1,grip_v7
10599276,2239,s1,grip_v7
10599278,2260,s1,grip_v7
10599280,2247,s1,grip_v7
10599282,2238,s1,grip_v7
10599284,2242,s1,grip_v7
10599286,2269,s1,grip_v7
10599288,2238,s1,grip_v7
10599290,2196,s1,grip_v7
10599292,2229,s1,grip_v7
10599294,2175,s1,grip_v7
10599296,2139,s1,grip_v7
10599298,2127,s1,grip_v7
10599300,2191,s1,grip_v7
10599302,2147,s1,grip_v7
10599304,2096,s1,grip_v7
10599306,2074,s1,grip_v7
10599308,2164,s1,grip_v7
10599310,2155,s1,grip_v7
10599312,2231,s1,grip_v7
10599314,2161,s1,grip_v7
10599316,2165,s1,grip_v7
10599318,2155,s1,grip_v7
10599320,2161,s1,grip_v7
10599322,2177,s1,grip_v7
10599324,2242,s1,grip_v7
10599326,2261,s1,grip_v7
10599328,2352,s1,grip_v7
10599330,2416,s1,grip_v7
10599332,2381,s1,grip_v7
10599334,2321,s1,grip_v7
10599336,2311,s1,grip_v7
10599338,2378,s1,grip_v7
10599340,2371,s1,grip_v7
10599342,2377,s1,grip_v7
10599344,2369,s1,grip_v7
10599346,2367,s1,grip_v7
10599348,2290,s1,grip_v7
10599350,2293,s1,grip_v7
10599352,2256,s1,grip_v7
10599354,2258,s1,grip_v7
10599356,2217,s1,grip_v7
10599358,2211,s1,grip_v7
10599360,2170,s1,grip_v7
10599362,2229,s1,grip_v7
10599364,2192,s1,grip_v7
10599366,2144,s1,grip_v7
10599368,2070,s1,grip_v7
10599370,2022,s1,grip_v7
10599372,2000,s1,grip_v7
10599374,2002,s1,grip_v7
10599376,2060,s1,grip_v7
10599378,1997,s1,grip_v7
10599380,1909,s1,grip_v7
10599382,1875,s1,grip_v7
10599384,1936,s1,grip_v7
10599386,1904,s1,grip_v7
10599388,1927,s1,grip_v7
10599390,1939,s1,grip_v7
10599392,2015,s1,grip_v7
10599394,2003,s1,grip_v7
10599396,2038,s1,grip_v7
10599398,1995,s1,grip_v7
10599400,2000,s1,grip_v7
10599402,2011,s1,grip_v7
10599404,2014,s1,grip_v7
10599406,1958,s1,grip_v7
10599408,1910,s1,grip_v7
10599410,1871,s1,grip_v7
10599412,1874,s1,grip_v7
10599414,1811,s1,grip_v7
10599416,1829,s1,grip_v7
10599418,1812,s1,grip_v7
10599420,1871,s1,grip_v7
10599422,1904,s1,grip_v7
10599424,1907,s1,grip_v7
10599426,1872,s1,grip_v7
10599428,1937,s1,grip_v7
10599430,1891,s1,grip_v7
10599432,1869,s1,grip_v7
10599434,1968,s1,grip_v7
10599436,1925,s1,grip_v7
10599438,1958,s1,grip_v7
10599440,1997,s1,grip_v7
10599442,2075,s1,grip_v7
10599444,2069,s1,grip_v7
10599446,2091,s1,grip_v7
10599448,2045,s1,grip_v7
10599450,2117,s1,grip_v7
10599452,2087,s1,grip_v7
10599454,2083,s1,grip_v7
10599456,2087,s1,grip_v7
10599458,2239,s1,grip_v7
10599460,2227,s1,grip_v7
10599462,2330,s1,grip_v7
10599464,2294,s1,grip_v7
10599466,2259,s1,grip_v7
10599468,2224,s1,grip_v7
10599470,2193,s1,grip_v7
10599472,2154,s1,grip_v7
10599474,2127,s1,grip_v7
10599476,2073,s1,grip_v7
10599478,2109,s1,grip_v7
10599480,2065,s1,grip_v7
10599482,1984,s1,grip_v7
10599484,1942,s1,grip_v7
10599486,1903,s1,grip_v7
10599488,1833,s1,grip_v7
10599490,1890,s1,grip_v7
10599492,2059,s1,grip_v7
10599494,2080,s1,grip_v7
10599496,2152,s1,grip_v7
10599498,2116,s1,grip_v7
10599500,2191,s1,grip_v7
10599502,2157,s1,grip_v7
10599504,2137,s1,grip_v7
10599506,2127,s1,grip_v7
10599508,2226,s1,grip_v7
10599510,2187,s1,grip_v7
10599512,2202,s1,grip_v7
10599514,2160,s1,grip_v7
10599516,2171,s1,grip_v7
10599518,2151,s1,grip_v7
10599520,2143,s1,grip_v7
10599522,2091,s1,grip_v7
10599524,2111,s1,grip_v7
10599526,2095,s1,grip_v7
10599528,2144,s1,grip_v7
10599530,2103,s1,grip_v7
10599532,2062,s1,grip_v7
10599534,2065,s1,grip_v7
10599536,2172,s1,grip_v7
10599538,2143,s1,grip_v7
10599540,2078,s1,grip_v7
10599542,2114,s1,grip_v7
10599544,2110,s1,grip_v7
10599546,2141,s1,grip_v7
10599548,2095,s1,grip_v7
10599550,2161,s1,grip_v7
10599552,2143,s1,grip_v7
10599554,2274,s1,grip_v7
10599556,2306,s1,grip_v7
10599558,2282,s1,grip_v7
10599560,2241,s1,grip_v7
10599562,2314,s1,grip_v7
10599564,2297,s1,grip_v7
10599566,2335,s1,grip_v7
10599568,2295,s1,grip_v7
10599570,2261,s1,grip_v7
10599572,2265,s1,grip_v7
10599574,2320,s1,grip_v7
10599576,2333,s1,grip_v7
10599578,2333,s1,grip_v7
10599580,2354,s1,grip_v7
10599582,2366,s1,grip_v7
10599584,2368,s1,grip_v7
10599586,2379,s1,grip_v7
10599588,2407,s1,grip_v7
10599590,2367,s1,grip_v7
10599592,2445,s1,grip_v7
10599594,2407,s1,grip_v7
10599596,2480,s1,grip_v7
10599598,2432,s1,grip_v7
10599600,2480,s1,grip_v7
10599602,2406,s1,grip_v7
10599604,2398,s1,grip_v7
10599606,2343,s1,grip_v7
10599608,2404,s1,grip_v7
10599610,2374,s1,grip_v7
10599612,2351,s1,grip_v7
10599614,2294,s1,grip_v7
10599616,2393,s1,grip_v7
10599618,2465,s1,grip_v7
10599620,2398,s1,grip_v7
10599622,2383,s1,grip_v7
10599624,2415,s1,grip_v7
10599626,2433,s1,grip_v7
10599628,2397,s1,grip_v7
10599630,2384,s1,grip_v7
10599632,2394,s1,grip_v7
10599634,2371,s1,grip_v7
10599636,2400,s1,grip_v7
10599638,2322,s1,grip_v7
10599640,2257,s1,grip_v7
10599642,2337,s1,grip_v7
10599644,2306,s1,grip_v7
10599646,2336,s1,grip_v7
10599648,2293,s1,grip_v7
10599650,2343,s1,grip_v7
10599652,2299,s1,grip_v7
10599654,2288,s1,grip_v7
10599656,2250,s1,grip_v7
10599658,2330,s1,grip_v7
10599660,2288,s1,grip_v7
10599662,2283,s1,grip_v7
10599664,2239,s1,grip_v7
10599666,2277,s1,grip_v7
10599668,2226,s1,grip_v7
10599670,2193,s1,grip_v7
10599672,2167,s1,grip_v7
10599674,2130,s1,grip_v7
10599676,2108,s1,grip_v7
10599678,2138,s1,grip_v7
10599680,2100,s1,grip_v7
10599682,2078,s1,grip_v7
10599684,2108,s1,grip_v7
10599686,2034,s1,grip_v7
10599688,1982,s1,grip_v7
10599690,1924,s1,grip_v7
10599692,2022,s1,grip_v7
10599694,1983,s1,grip_v7
10599696,1953,s1,grip_v7
10599698,1895,s1,grip_v7
10599700,1919,s1,grip_v7
10599702,1904,s1,grip_v7
10599704,1945,s1,grip_v7
10599706,1874,s1,grip_v7
10599708,1867,s1,grip_v7
10599710,1823,s1,grip_v7
10599712,1849,s1,grip_v7
10599714,1775,s1,grip_v7
10599716,1744,s1,grip_v7
10599718,1698,s1,grip_v7
10599720,1669,s1,grip_v7
10599722,1616,s1,grip_v7
10599724,1701,s1,grip_v7
10599726,1744,s1,grip_v7
10599728,1798,s1,grip_v7
10599730,1796,s1,grip_v7
10599732,1808,s1,grip_v7
10599734,1859,s1,grip_v7
10599736,1915,s1,grip_v7
10599738,1890,s1,grip_v7
10599740,1858,s1,grip_v7
10599742,1886,s1,grip_v7
10599744,1886,s1,grip_v7
10599746,1931,s1,grip_v7
10599748,1884,s1,grip_v7
10599750,1988,s1,grip_v7
10599752,1975,s1,grip_v7
10599754,1998,s1,grip_v7
10599756,1982,s1,grip_v7
10599758,2061,s1,grip_v7
10599760,2021,s1,grip_v7
10599762,1995,s1,grip_v7
10599764,1946,s1,grip_v7
10599766,2002,s1,grip_v7
10599768,2003,s1,grip_v7
10599770,1983,s1,grip_v7
10599772,1931,s1,grip_v7
10599774,1937,s1,grip_v7
10599776,1933,s1,grip_v7
10599778,1922,s1,grip_v7
10599780,1840,s1,grip_v7
10599782,1801,s1,grip_v7
10599784,1803,s1,grip_v7
10599786,1845,s1,grip_v7
10599788,1823,s1,grip_v7
10599790,1779,s1,grip_v7
10599792,1741,s1,grip_v7
10599794,1816,s1,grip_v7
10599796,1808,s1,grip_v7
10599798,1919,s1,grip_v7
10599800,1907,s1,grip_v7
10599802,1866,s1,grip_v7
10599804,1787,s1,grip_v7
10599806,1741,s1,grip_v7
10599808,1757,s1,grip_v7
10599810,1724,s1,grip_v7
10599812,1708,s1,grip_v7
10599814,1648,s1,grip_v7
10599816,1677,s1,grip_v7
10599818,1663,s1,grip_v7
10599820,1696,s1,grip_v7
10599822,1686,s1,grip_v7
10599824,1717,s1,grip_v7
10599826,1728,s1,grip_v7
10599828,1776,s1,grip_v7
10599830,1791,s1,grip_v7
10599832,1799,s1,grip_v7
10599834,1806,s1,grip_v7
10599836,1835,s1,grip_v7
10599838,1838,s1,grip_v7
10599840,1781,s1,grip_v7
10599842,1837,s1,grip_v7
10599844,1847,s1,grip_v7
10599846,1921,s1,grip_v7
10599848,2000,s1,grip_v7
10599850,2033,s1,grip_v7
10599852,2081,s1,grip_v7
10599854,2128,s1,grip_v7
10599856,2176,s1,grip_v7
10599858,2271,s1,grip_v7
10599860,2235,s1,grip_v7
10599862,2295,s1,grip_v7
10599864,2316,s1,grip_v7
10599866,2352,s1,grip_v7
10599868,2320,s1,grip_v7
10599870,2373,s1,grip_v7
10599872,2320,s1,grip_v7
10599874,2282,s1,grip_v7
10599876,2256,s1,grip_v7
10599878,2224,s1,grip_v7
10599880,2158,s1,grip_v7
10599882,2128,s1,grip_v7
10599884,2177,s1,grip_v7
10599886,2135,s1,grip_v7
10599888,2145,s1,grip_v7
10599890,2159,s1,grip_v7
10599892,2186,s1,grip_v7
10599894,2182,s1,grip_v7
10599896,2205,s1,grip_v7
10599898,2154,s1,grip_v7
10599900,2203,s1,grip_v7
10599902,2169,s1,grip_v7
10599904,2199,s1,grip_v7
10599906,2176,s1,grip_v7
10599908,2185,s1,grip_v7
10599910,2117,s1,grip_v7
10599912,2033,s1,grip_v7
10599914,2027,s1,grip_v7
10599916,2133,s1,grip_v7
10599918,2135,s1,grip_v7
10599920,2226,s1,grip_v7
10599922,2201,s1,grip_v7
10599924,2163,s1,grip_v7
10599926,2131,s1,grip_v7
10599928,2093,s1,grip_v7
10599930,2018,s1,grip_v7
10599932,1949,s1,grip_v7
10599934,2011,s1,grip_v7
10599936,1957,s1,grip_v7
10599938,1914,s1,grip_v7
10599940,1951,s1,grip_v7
10599942,2019,s1,grip_v7
10599944,2014,s1,grip_v7
10599946,2013,s1,grip_v7
10599948,1952,s1,grip_v7
10599950,1968,s1,grip_v7
10599952,1914,s1,grip_v7
10599954,1872,s1,grip_v7
10599956,1802,s1,grip_v7
10599958,1846,s1,grip_v7
10599960,1825,s1,grip_v7
10599962,1825,s1,grip_v7
10599964,1807,s1,grip_v7
10599966,1814,s1,grip_v7
10599968,1783,s1,grip_v7
10599970,1821,s1,grip_v7
10599972,1808,s1,grip_v7
10599974,1785,s1,grip_v7
10599976,1761,s1,grip_v7
10599978,1808,s1,grip_v7
10599980,1746,s1,grip_v7
10599982,1707,s1,grip_v7
10599984,1742,s1,grip_v7
10599986,1732,s1,grip_v7
10599988,1702,s1,grip_v7
10599990,1707,s1,grip_v7
10599992,1843,s1,grip_v7
10599994,1837,s1,grip_v7
10599996,1904,s1,grip_v7
10599998,1915,s1,grip_v7
10600000,1955,s1,grip_v7
10600002,1924,s1,grip_v7
10600004,1852,s1,grip_v7
10600006,1797,s1,grip_v7
10600008,1986,s1,grip_v7
10600010,2057,s1,grip_v7
10600012,2058,s1,grip_v7
10600014,2067,s1,grip_v7
10600016,2097,s1,grip_v7
10600018,2043,s1,grip_v7
10600020,2061,s1,grip_v7
10600022,2005,s1,grip_v7
10600024,1969,s1,grip_v7
10600026,1936,s1,grip_v7
10600028,1939,s1,grip_v7
10600030,1863,s1,grip_v7
10600032,1831,s1,grip_v7
10600034,1867,s1,grip_v7
10600036,1814,s1,grip_v7
10600038,1753,s1,grip_v7
10600040,1712,s1,grip_v7
10600042,1786,s1,grip_v7
10600044,1749,s1,grip_v7
10600046,1728,s1,grip_v7
10600048,1712,s1,grip_v7
10600050,1799,s1,grip_v7
10600052,1781,s1,grip_v7
10600054,1812,s1,grip_v7
10600056,1867,s1,grip_v7
10600058,2013,s1,grip_v7
10600060,2010,s1,grip_v7
10600062,2147,s1,grip_v7
10600064,2197,s1,grip_v7
10600066,2205,s1,grip_v7
10600068,2171,s1,grip_v7
10600070,2192,s1,grip_v7
10600072,2219,s1,grip_v7
10600074,2226,s1,grip_v7
10600076,2193,s1,grip_v7
10600078,2215,s1,grip_v7
10600080,2172,s1,grip_v7
10600082,2081,s1,grip_v7
10600084,2006,s1,grip_v7
10600086,1953,s1,grip_v7
10600088,1899,s1,grip_v7
10600090,1853,s1,grip_v7
10600092,1926,s1,grip_v7
10600094,1910,s1,grip_v7
10600096,1938,s1,grip_v7
10600098,1920,s1,grip_v7
10600100,1970,s1,grip_v7
10600102,1943,s1,grip_v7
10600104,1948,s1,grip_v7
10600106,1882,s1,grip_v7
10600108,1882,s1,grip_v7
10600110,1856,s1,grip_v7
10600112,1883,s1,grip_v7
10600114,1815,s1,grip_v7
10600116,1840,s1,grip_v7
10600118,1818,s1,grip_v7
10600120,1875,s1,grip_v7
10600122,1840,s1,grip_v7
10600124,1853,s1,grip_v7
10600126,1843,s1,grip_v7
10600128,1894,s1,grip_v7
10600130,1834,s1,grip_v7
10600132,1797,s1,grip_v7
10600134,1819,s1,grip_v7
10600136,1799,s1,grip_v7
10600138,1805,s1,grip_v7
10600140,1774,s1,grip_v7
10600142,1798,s1,grip_v7
10600144,1819,s1,grip_v7
10600146,1869,s1,grip_v7
10600148,1810,s1,grip_v7
10600150,1822,s1,grip_v7
10600152,1839,s1,grip_v7
10600154,1845,s1,grip_v7
10600156,1774,s1,grip_v7
10600158,1802,s1,grip_v7
10600160,1758,s1,grip_v7
10600162,1714,s1,grip_v7
10600164,1659,s1,grip_v7
10600166,1718,s1,grip_v7
10600168,1826,s1,grip_v7
10600170,1815,s1,grip_v7
10600172,1776,s1,grip_v7
10600174,1872,s1,grip_v7
10600176,2042,s1,grip_v7
10600178,1986,s1,grip_v7
10600180,1922,s1,grip_v7
10600182,1895,s1,grip_v7
10600184,1903,s1,grip_v7
10600186,1881,s1,grip_v7
10600188,1826,s1,grip_v7
10600190,1778,s1,grip_v7
10600192,1817,s1,grip_v7
10600194,1785,s1,grip_v7
10600196,1746,s1,grip_v7
10600198,1693,s1,grip_v7
10600200,1782,s1,grip_v7
10600202,1763,s1,grip_v7
10600204,1794,s1,grip_v7
10600206,1724,s1,grip_v7
10600208,1776,s1,grip_v7
10600210,1750,s1,grip_v7
10600212,1744,s1,grip_v7
10600214,1743,s1,grip_v7
10600216,1781,s1,grip_v7
10600218,1771,s1,grip_v7
10600220,1791,s1,grip_v7
10600222,1747,s1,grip_v7
10600224,1747,s1,grip_v7
10600226,1735,s1,grip_v7
10600228,1800,s1,grip_v7
10600230,1810,s1,grip_v7
10600232,1761,s1,grip_v7
10600234,1699,s1,grip_v7
10600236,1687,s1,grip_v7
10600238,1690,s1,grip_v7
10600240,1649,s1,grip_v7
10600242,1680,s1,grip_v7
10600244,1678,s1,grip_v7
10600246,1833,s1,grip_v7
10600248,1872,s1,grip_v7
10600250,1844,s1,grip_v7
10600252,1915,s1,grip_v7
10600254,1947,s1,grip_v7
10600256,1915,s1,grip_v7
10600258,1897,s1,grip_v7
10600260,1857,s1,grip_v7
10600262,1883,s1,grip_v7
10600264,1828,s1,grip_v7
10600266,1850,s1,grip_v7
10600268,1840,s1,grip_v7
10600270,1867,s1,grip_v7
10600272,1887,s1,grip_v7
10600274,1913,s1,grip_v7
10600276,1882,s1,grip_v7
10600278,1935,s1,grip_v7
10600280,1937,s1,grip_v7
10600282,1911,s1,grip_v7
10600284,1919,s1,grip_v7
10600286,1928,s1,grip_v7
10600288,1931,s1,grip_v7
10600290,1869,s1,grip_v7
10600292,1897,s1,grip_v7
10600294,1902,s1,grip_v7
10600296,1917,s1,grip_v7
10600298,1871,s1,grip_v7
10600300,1808,s1,grip_v7
10600302,1777,s1,grip_v7
10600304,1729,s1,grip_v7
10600306,1662,s1,grip_v7
10600308,1713,s1,grip_v7
10600310,1685,s1,grip_v7
10600312,1651,s1,grip_v7
10600314,1600,s1,grip_v7
10600316,1671,s1,grip_v7
10600318,1691,s1,grip_v7
10600320,1763,s1,grip_v7
10600322,1744,s1,grip_v7
10600324,1743,s1,grip_v7
10600326,1722,s1,grip_v7
10600328,1763,s1,grip_v7
10600330,1770,s1,grip_v7
10600332,1757,s1,grip_v7
10600334,1781,s1,grip_v7
10600336,1773,s1,grip_v7
10600338,1740,s1,grip_v7
10600340,1791,s1,grip_v7
10600342,1872,s1,grip_v7
10600344,1885,s1,grip_v7
10600346,1936,s1,grip_v7
10600348,1934,s1,grip_v7
10600350,1984,s1,grip_v7
10600352,1995,s1,grip_v7
10600354,2031,s1,grip_v7
10600356,1974,s1,grip_v7
10600358,2072,s1,grip_v7
10600360,2068,s1,grip_v7
10600362,2098,s1,grip_v7
10600364,2060,s1,grip_v7
10600366,2110,s1,grip_v7
10600368,2099,s1,grip_v7
10600370,2107,s1,grip_v7
10600372,2139,s1,grip_v7
10600374,2132,s1,grip_v7
10600376,2098,s1,grip_v7
10600378,2121,s1,grip_v7
10600380,2084,s1,grip_v7
10600382,2071,s1,grip_v7
10600384,2153,s1,grip_v7
10600386,2128,s1,grip_v7
10600388,2117,s1,grip_v7
10600390,2105,s1,grip_v7
10600392,2176,s1,grip_v7
10600394,2157,s1,grip_v7
10600396,2150,s1,grip_v7
10600398,2075,s1,grip_v7
10600400,2111,s1,grip_v7
10600402,2064,s1,grip_v7
10600404,2032,s1,grip_v7
10600406,2001,s1,grip_v7
10600408,2087,s1,grip_v7
10600410,2064,s1,grip_v7
10600412,2134,s1,grip_v7
10600414,2110,s1,grip_v7
10600416,2093,s1,grip_v7
10600418,2058,s1,grip_v7
10600420,2047,s1,grip_v7
10600422,1984,s1,grip_v7
10600424,1984,s1,grip_v7
10600426,1936,s1,grip_v7
10600428,1925,s1,grip_v7
10600430,1907,s1,grip_v7
10600432,1888,s1,grip_v7
10600434,1908,s1,grip_v7
10600436,1983,s1,grip_v7
10600438,2000,s1,grip_v7
10600440,1962,s1,grip_v7
10600442,1995,s1,grip_v7
10600444,2046,s1,grip_v7
10600446,2177,s1,grip_v7
10600448,2154,s1,grip_v7
10600450,2129,s1,grip_v7
10600452,2139,s1,grip_v7
10600454,2242,s1,grip_v7
10600456,2253,s1,grip_v7
10600458,2256,s1,grip_v7
10600460,2211,s1,grip_v7
10600462,2241,s1,grip_v7
10600464,2176,s1,grip_v7
10600466,2146,s1,grip_v7
10600468,2090,s1,grip_v7
10600470,2083,s1,grip_v7
10600472,2043,s1,grip_v7
10600474,2064,s1,grip_v7
10600476,2047,s1,grip_v7
10600478,2122,s1,grip_v7
10600480,2167,s1,grip_v7
10600482,2165,s1,grip_v7
10600484,2171,s1,grip_v7
10600486,2207,s1,grip_v7
10600488,2214,s1,grip_v7
10600490,2138,s1,grip_v7
10600492,2118,s1,grip_v7
10600494,2093,s1,grip_v7
10600496,2037,s1,grip_v7
10600498,1967,s1,grip_v7
10600500,2006,s1,grip_v7
10600502,1977,s1,grip_v7
10600504,1999,s1,grip_v7
10600506,1941,s1,grip_v7
10600508,1927,s1,grip_v7
10600510,1872,s1,grip_v7
10600512,1872,s1,grip_v7
10600514,1808,s1,grip_v7
10600516,1805,s1,grip_v7
10600518,1808,s1,grip_v7
10600520,1744,s1,grip_v7
10600522,1725,s1,grip_v7
10600524,1805,s1,grip_v7
10600526,1935,s1,grip_v7
10600528,1925,s1,grip_v7
10600530,1957,s1,grip_v7
10600532,1985,s1,grip_v7
10600534,1968,s1,grip_v7
10600536,1987,s1,grip_v7
10600538,1951,s1,grip_v7
10600540,1886,s1,grip_v7
10600542,1958,s1,grip_v7
10600544,1936,s1,grip_v7
10600546,1971,s1,grip_v7
10600548,1996,s1,grip_v7
10600550,2070,s1,grip_v7
10600552,2043,s1,grip_v7
10600554,2043,s1,grip_v7
10600556,2035,s1,grip_v7
10600558,2149,s1,grip_v7
10600560,2121,s1,grip_v7
10600562,2178,s1,grip_v7
10600564,2195,s1,grip_v7
10600566,2229,s1,grip_v7
10600568,2185,s1,grip_v7
10600570,2190,s1,grip_v7
10600572,2119,s1,grip_v7
10600574,2082,s1,grip_v7
10600576,2054,s1,grip_v7
10600578,2096,s1,grip_v7
10600580,2041,s1,grip_v7
10600582,1973,s1,grip_v7
10600584,1954,s1,grip_v7
10600586,1980,s1,grip_v7
10600588,1988,s1,grip_v7
10600590,1958,s1,grip_v7
10600592,2009,s1,grip_v7
10600594,1975,s1,grip_v7
10600596,1991,s1,grip_v7
10600598,1958,s1,grip_v7
10600600,1998,s1,grip_v7
10600602,1966,s1,grip_v7
10600604,1971,s1,grip_v7
10600606,1920,s1,grip_v7
10600608,1915,s1,grip_v7
10600610,1880,s1,grip_v7
10600612,1906,s1,grip_v7
10600614,1858,s1,grip_v7
10600616,1885,s1,grip_v7
10600618,1865,s1,grip_v7
10600620,1861,s1,grip_v7
10600622,1863,s1,grip_v7
10600624,1904,s1,grip_v7
10600626,1895,s1,grip_v7
10600628,1938,s1,grip_v7
10600630,1922,s1,grip_v7
10600632,1868,s1,grip_v7
10600634,1883,s1,grip_v7
10600636,1860,s1,grip_v7
10600638,1820,s1,grip_v7
10600640,1792,s1,grip_v7
10600642,1824,s1,grip_v7
10600644,1811,s1,grip_v7
10600646,1815,s1,grip_v7
10600648,1791,s1,grip_v7
10600650,1867,s1,grip_v7
10600652,1851,s1,grip_v7
10600654,1849,s1,grip_v7
10600656,1776,s1,grip_v7
10600658,1825,s1,grip_v7
10600660,1791,s1,grip_v7
10600662,1758,s1,grip_v7
10600664,1703,s1,grip_v7
10600666,1729,s1,grip_v7
10600668,1712,s1,grip_v7
10600670,1718,s1,grip_v7
10600672,1643,s1,grip_v7
10600674,1686,s1,grip_v7
10600676,1843,s1,grip_v7
10600678,1890,s1,grip_v7
10600680,1988,s1,grip_v7
10600682,1991,s1,grip_v7
10600684,2010,s1,grip_v7
10600686,1967,s1,grip_v7
10600688,1921,s1,grip_v7
10600690,1911,s1,grip_v7
10600692,2000,s1,grip_v7
10600694,1978,s1,grip_v7
10600696,1968,s1,grip_v7
10600698,1889,s1,grip_v7
10600700,1937,s1,grip_v7
10600702,1916,s1,grip_v7
10600704,1903,s1,grip_v7
10600706,1829,s1,grip_v7
10600708,1831,s1,grip_v7
10600710,1790,s1,grip_v7
10600712,1795,s1,grip_v7
10600714,1731,s1,grip_v7
10600716,1787,s1,grip_v7
10600718,1782,s1,grip_v7
10600720,1862,s1,grip_v7
10600722,1871,s1,grip_v7
10600724,1889,s1,grip_v7
10600726,1881,s1,grip_v7
10600728,1903,s1,grip_v7
10600730,1899,s1,grip_v7
10600732,1907,s1,grip_v7
10600734,1938,s1,grip_v7
10600736,1954,s1,grip_v7
10600738,1943,s1,grip_v7
10600740,1885,s1,grip_v7
10600742,1921,s1,grip_v7
10600744,1899,s1,grip_v7
10600746,1882,s1,grip_v7
10600748,1840,s1,grip_v7
10600750,1890,s1,grip_v7
10600752,1859,s1,grip_v7
10600754,1857,s1,grip_v7
10600756,1815,s1,grip_v7
10600758,1859,s1,grip_v7
10600760,1823,s1,grip_v7
10600762,1837,s1,grip_v7
10600764,1776,s1,grip_v7
10600766,1795,s1,grip_v7
10600768,1830,s1,grip_v7
10600770,1783,s1,grip_v7
10600772,1749,s1,grip_v7
10600774,1825,s1,grip_v7
10600776,1867,s1,grip_v7
10600778,1842,s1,grip_v7
10600780,1841,s1,grip_v7
10600782,1839,s1,grip_v7
10600784,1850,s1,grip_v7
10600786,1873,s1,grip_v7
10600788,1877,s1,grip_v7
10600790,1807,s1,grip_v7
10600792,1793,s1,grip_v7
10600794,1865,s1,grip_v7
10600796,1835,s1,grip_v7
10600798,1751,s1,grip_v7
10600800,1763,s1,grip_v7
10609822,3365,s1,grip_v7
10609824,3211,s1,grip_v7
10609826,3094,s1,grip_v7
10609828,3035,s1,grip_v7
10609830,3060,s1,grip_v7
10609832,2966,s1,grip_v7
10609834,3166,s1,grip_v7
10609836,3125,s1,grip_v7
10609838,3007,s1,grip_v7
10609840,2928,s1,grip_v7
10609842,3056,s1,grip_v7
10609844,2971,s1,grip_v7
10609846,2865,s1,grip_v7
10609848,2769,s1,grip_v7
10609850,2784,s1,grip_v7
10609852,2715,s1,grip_v7
10609854,2701,s1,grip_v7
10609856,2685,s1,grip_v7
10609858,2654,s1,grip_v7
10609860,2621,s1,grip_v7
10609862,2519,s1,grip_v7
10609864,2509,s1,grip_v7
10609866,2613,s1,grip_v7
10609868,2691,s1,grip_v7
10609870,2641,s1,grip_v7
10609872,2559,s1,grip_v7
10609874,2545,s1,grip_v7
10609876,2623,s1,grip_v7
10609878,2559,s1,grip_v7
10609880,2706,s1,grip_v7
10609882,2799,s1,grip_v7
10609884,2862,s1,grip_v7
10609886,2791,s1,grip_v7
10609888,2775,s1,grip_v7
10609890,2747,s1,grip_v7
10609892,2822,s1,grip_v7
10609894,2737,s1,grip_v7
10609896,2630,s1,grip_v7
10609898,2724,s1,grip_v7
10609900,2801,s1,grip_v7
10609902,2881,s1,grip_v7
10609904,2891,s1,grip_v7
10609906,2800,s1,grip_v7
10609908,2851,s1,grip_v7
10609910,2817,s1,grip_v7
10609912,2755,s1,grip_v7
10609914,2753,s1,grip_v7
10609916,2768,s1,grip_v7
10609918,2718,s1,grip_v7
10609920,2782,s1,grip_v7
10609922,2714,s1,grip_v7
10609924,2662,s1,grip_v7
10609926,2597,s1,grip_v7
10609928,2495,s1,grip_v7
10609930,2485,s1,grip_v7
10609932,2622,s1,grip_v7
10609934,2646,s1,grip_v7
10609936,2784,s1,grip_v7
10609938,2917,s1,grip_v7
10609940,2839,s1,grip_v7
10609942,2778,s1,grip_v7
10609944,2720,s1,grip_v7
10609946,2687,s1,grip_v7
10609948,2605,s1,grip_v7
10609950,2730,s1,grip_v7
10609952,2704,s1,grip_v7
10609954,2609,s1,grip_v7
10609956,2517,s1,grip_v7
10609958,2599,s1,grip_v7
10609960,2762,s1,grip_v7
10609962,2707,s1,grip_v7
10609964,2634,s1,grip_v7
10609966,2529,s1,grip_v7
10609968,2471,s1,grip_v7
10609970,2434,s1,grip_v7
10609972,2373,s1,grip_v7
10609974,2385,s1,grip_v7
10609976,2295,s1,grip_v7
10609978,2247,s1,grip_v7
10609980,2231,s1,grip_v7
10609982,2291,s1,grip_v7
10609984,2463,s1,grip_v7
10609986,2590,s1,grip_v7
10609988,2503,s1,grip_v7
10609990,2491,s1,grip_v7
10609992,2708,s1,grip_v7
10609994,2673,s1,grip_v7
10609996,2606,s1,grip_v7
10609998,2626,s1,grip_v7
10610000,2708,s1,grip_v7
10610002,2659,s1,grip_v7
10610004,2659,s1,grip_v7
10610006,2594,s1,grip_v7
10610008,2626,s1,grip_v7
10610010,2559,s1,grip_v7
10610012,2533,s1,grip_v7
10610014,2480,s1,grip_v7
10610016,2512,s1,grip_v7
10610018,2559,s1,grip_v7
10610020,2800,s1,grip_v7
10610022,2735,s1,grip_v7
10610024,2683,s1,grip_v7
10610026,2559,s1,grip_v7
10610028,2598,s1,grip_v7
10610030,2602,s1,grip_v7
10610032,2546,s1,grip_v7
10610034,2555,s1,grip_v7
10610036,2519,s1,grip_v7
10610038,2519,s1,grip_v7
10610040,2461,s1,grip_v7
10610042,2368,s1,grip_v7
10610044,2301,s1,grip_v7
10610046,2198,s1,grip_v7
10610048,2157,s1,grip_v7
10610050,2235,s1,grip_v7
10610052,2230,s1,grip_v7
10610054,2402,s1,grip_v7
10610056,2471,s1,grip_v7
10610058,2433,s1,grip_v7
10610060,2417,s1,grip_v7
10610062,2327,s1,grip_v7
10610064,2347,s1,grip_v7
10610066,2377,s1,grip_v7
10610068,2350,s1,grip_v7
10610070,2461,s1,grip_v7
10610072,2512,s1,grip_v7
10610074,2474,s1,grip_v7
10610076,2459,s1,grip_v7
10610078,2530,s1,grip_v7
10610080,2629,s1,grip_v7
10610082,2529,s1,grip_v7
10610084,2479,s1,grip_v7
10610086,2448,s1,grip_v7
10610088,2401,s1,grip_v7
10610090,2338,s1,grip_v7
10610092,2258,s1,grip_v7
10610094,2261,s1,grip_v7
10610096,2258,s1,grip_v7
10610098,2183,s1,grip_v7
10610100,2211,s1,grip_v7
10610102,2178,s1,grip_v7
10610104,2195,s1,grip_v7
10610106,2199,s1,grip_v7
10610108,2273,s1,grip_v7
10610110,2239,s1,grip_v7
10610112,2177,s1,grip_v7
10610114,2131,s1,grip_v7
10610116,2160,s1,grip_v7
10610118,2285,s1,grip_v7
10610120,2203,s1,grip_v7
10610122,2221,s1,grip_v7
10610124,2314,s1,grip_v7
10610126,2346,s1,grip_v7
10610128,2421,s1,grip_v7
10610130,2397,s1,grip_v7
10610132,2397,s1,grip_v7
10610134,2399,s1,grip_v7
10610136,2351,s1,grip_v7
10610138,2287,s1,grip_v7
10610140,2241,s1,grip_v7
10610142,2192,s1,grip_v7
10610144,2154,s1,grip_v7
10610146,2251,s1,grip_v7
10610148,2250,s1,grip_v7
10610150,2238,s1,grip_v7
10610152,2282,s1,grip_v7
10610154,2495,s1,grip_v7
10610156,2480,s1,grip_v7
10610158,2482,s1,grip_v7
10610160,2432,s1,grip_v7
10610162,2415,s1,grip_v7
10610164,2349,s1,grip_v7
10610166,2303,s1,grip_v7
10610168,2266,s1,grip_v7
10610170,2355,s1,grip_v7
10610172,2353,s1,grip_v7
10610174,2296,s1,grip_v7
10610176,2370,s1,grip_v7
10610178,2372,s1,grip_v7
10610180,2439,s1,grip_v7
10610182,2438,s1,grip_v7
10610184,2551,s1,grip_v7
10610186,2507,s1,grip_v7
10610188,2455,s1,grip_v7
10610190,2437,s1,grip_v7
10610192,2517,s1,grip_v7
10610194,2448,s1,grip_v7
10610196,2381,s1,grip_v7
10610198,2286,s1,grip_v7
10610200,2286,s1,grip_v7
10610202,2227,s1,grip_v7
10610204,2171,s1,grip_v7
10610206,2177,s1,grip_v7
10610208,2203,s1,grip_v7
10610210,2202,s1,grip_v7
10610212,2144,s1,grip_v7
10610214,2128,s1,grip_v7
10610216,2063,s1,grip_v7
10610218,1990,s1,grip_v7
10610220,1977,s1,grip_v7
10610222,1910,s1,grip_v7
10610224,1851,s1,grip_v7
10610226,1898,s1,grip_v7
10610228,2062,s1,grip_v7
10610230,2138,s1,grip_v7
10610232,2290,s1,grip_v7
10610234,2305,s1,grip_v7
10610236,2263,s1,grip_v7
10610238,2175,s1,grip_v7
10610240,2113,s1,grip_v7
10610242,2111,s1,grip_v7
10610244,2059,s1,grip_v7
10610246,2094,s1,grip_v7
10610248,2080,s1,grip_v7
10610250,2032,s1,grip_v7
10610252,2061,s1,grip_v7
10610254,2000,s1,grip_v7
10610256,1918,s1,grip_v7
10610258,1905,s1,grip_v7
10610260,1914,s1,grip_v7
10610262,1839,s1,grip_v7
10610264,1843,s1,grip_v7
10610266,1963,s1,grip_v7
10610268,2098,s1,grip_v7
10610270,2047,s1,grip_v7
10610272,2128,s1,grip_v7
10610274,2362,s1,grip_v7
10610276,2425,s1,grip_v7
10610278,2591,s1,grip_v7
10610280,2609,s1,grip_v7
10610282,2559,s1,grip_v7
10610284,2526,s1,grip_v7
10610286,2542,s1,grip_v7
10610288,2619,s1,grip_v7
10610290,2608,s1,grip_v7
10610292,2559,s1,grip_v7
10610294,2547,s1,grip_v7
10610296,2586,s1,grip_v7
10610298,2559,s1,grip_v7
10610300,2586,s1,grip_v7
10610302,2544,s1,grip_v7
10610304,2559,s1,grip_v7
10610306,2516,s1,grip_v7
10610308,2479,s1,grip_v7
10610310,2437,s1,grip_v7
10610312,2537,s1,grip_v7
10610314,2629,s1,grip_v7
10610316,2625,s1,grip_v7
10610318,2651,s1,grip_v7
10610320,2605,s1,grip_v7
10610322,2692,s1,grip_v7
10610324,2608,s1,grip_v7
10610326,2671,s1,grip_v7
10610328,2652,s1,grip_v7
10610330,2587,s1,grip_v7
10610332,2559,s1,grip_v7
10610334,2630,s1,grip_v7
10610336,2545,s1,grip_v7
10610338,2465,s1,grip_v7
10610340,2502,s1,grip_v7
10610342,2657,s1,grip_v7
10610344,2624,s1,grip_v7
10610346,2559,s1,grip_v7
10610348,2502,s1,grip_v7
10610350,2559,s1,grip_v7
10610352,2512,s1,grip_v7
10610354,2528,s1,grip_v7
10610356,2480,s1,grip_v7
10610358,2473,s1,grip_v7
10610360,2415,s1,grip_v7
10610362,2453,s1,grip_v7
10610364,2559,s1,grip_v7
10610366,2651,s1,grip_v7
10610368,2608,s1,grip_v7
10610370,2675,s1,grip_v7
10610372,2658,s1,grip_v7
10610374,2627,s1,grip_v7
10610376,2612,s1,grip_v7
10610378,2517,s1,grip_v7
10610380,2529,s1,grip_v7
10610382,2451,s1,grip_v7
10610384,2493,s1,grip_v7
10610386,2478,s1,grip_v7
10610388,2396,s1,grip_v7
10610390,2494,s1,grip_v7
10610392,2704,s1,grip_v7
10610394,2673,s1,grip_v7
10610396,2603,s1,grip_v7
10610398,2521,s1,grip_v7
10610400,2606,s1,grip_v7
10610402,2559,s1,grip_v7
10610404,2491,s1,grip_v7
10610406,2477,s1,grip_v7
10610408,2512,s1,grip_v7
10610410,2441,s1,grip_v7
10610412,2432,s1,grip_v7
10610414,2373,s1,grip_v7
10610416,2342,s1,grip_v7
10610418,2332,s1,grip_v7
10610420,2323,s1,grip_v7
10610422,2231,s1,grip_v7
10610424,2192,s1,grip_v7
10610426,2283,s1,grip_v7
10610428,2238,s1,grip_v7
10610430,2169,s1,grip_v7
10610432,2223,s1,grip_v7
10610434,2313,s1,grip_v7
10610436,2330,s1,grip_v7
10610438,2302,s1,grip_v7
10610440,2219,s1,grip_v7
10610442,2192,s1,grip_v7
10610444,2137,s1,grip_v7
10610446,2135,s1,grip_v7
10610448,2133,s1,grip_v7
10610450,2235,s1,grip_v7
10610452,2207,s1,grip_v7
10610454,2299,s1,grip_v7
10610456,2346,s1,grip_v7
10610458,2368,s1,grip_v7
10610460,2352,s1,grip_v7
10610462,2416,s1,grip_v7
10610464,2319,s1,grip_v7
10610466,2254,s1,grip_v7
10610468,2252,s1,grip_v7
10610470,2330,s1,grip_v7
10610472,2317,s1,grip_v7
10610474,2585,s1,grip_v7
10610476,2800,s1,grip_v7
10610478,2783,s1,grip_v7
10610480,2797,s1,grip_v7
10610482,2766,s1,grip_v7
10610484,2818,s1,grip_v7
10610486,2738,s1,grip_v7
10610488,2662,s1,grip_v7
10610490,2642,s1,grip_v7
10610492,2747,s1,grip_v7
10610494,2717,s1,grip_v7
10610496,2663,s1,grip_v7
10610498,2559,s1,grip_v7
10610500,2645,s1,grip_v7
10610502,2642,s1,grip_v7
10610504,2662,s1,grip_v7
10610506,2559,s1,grip_v7
10610508,2503,s1,grip_v7
10610510,2439,s1,grip_v7
10610512,2433,s1,grip_v7
10610514,2336,s1,grip_v7
10610516,2319,s1,grip_v7
10610518,2291,s1,grip_v7
10610520,2352,s1,grip_v7
10610522,2352,s1,grip_v7
10610524,2347,s1,grip_v7
10610526,2254,s1,grip_v7
10610528,2171,s1,grip_v7
10610530,2162,s1,grip_v7
10610532,2122,s1,grip_v7
10610534,2157,s1,grip_v7
10610536,2142,s1,grip_v7
10610538,2150,s1,grip_v7
10610540,2047,s1,grip_v7
10610542,2042,s1,grip_v7
10610544,2005,s1,grip_v7
10610546,1960,s1,grip_v7
10610548,1937,s1,grip_v7
10610550,2038,s1,grip_v7
10610552,2044,s1,grip_v7
10610554,2046,s1,grip_v7
10610556,2045,s1,grip_v7
10610558,2034,s1,grip_v7
10610560,2003,s1,grip_v7
10610562,2001,s1,grip_v7
10610564,1936,s1,grip_v7
10610566,1930,s1,grip_v7
10610568,1932,s1,grip_v7
10610570,1919,s1,grip_v7
10610572,1881,s1,grip_v7
10610574,1902,s1,grip_v7
10610576,1953,s1,grip_v7
10610578,1904,s1,grip_v7
10610580,1929,s1,grip_v7
10610582,2025,s1,grip_v7
10610584,2114,s1,grip_v7
10610586,2128,s1,grip_v7
10610588,2105,s1,grip_v7
10610590,2022,s1,grip_v7
10610592,2082,s1,grip_v7
10610594,2023,s1,grip_v7
10610596,1947,s1,grip_v7
10610598,1865,s1,grip_v7
10610600,1890,s1,grip_v7
10610602,1860,s1,grip_v7
10610604,1837,s1,grip_v7
10610606,1813,s1,grip_v7
10610608,1894,s1,grip_v7
10610610,1986,s1,grip_v7
10610612,1968,s1,grip_v7
10610614,1939,s1,grip_v7
10610616,1965,s1,grip_v7
10610618,1959,s1,grip_v7
10610620,2000,s1,grip_v7
10610622,1979,s1,grip_v7
10610624,1968,s1,grip_v7
10610626,1952,s1,grip_v7
10610628,2025,s1,grip_v7
10610630,2027,s1,grip_v7
10610632,1951,s1,grip_v7
10610634,1903,s1,grip_v7
10610636,1840,s1,grip_v7
10610638,1781,s1,grip_v7
10610640,1717,s1,grip_v7
10610642,1743,s1,grip_v7
10610644,1696,s1,grip_v7
10610646,1670,s1,grip_v7
10610648,1696,s1,grip_v7
10610650,1743,s1,grip_v7
10610652,1723,s1,grip_v7
10610654,1843,s1,grip_v7
10610656,1886,s1,grip_v7
10610658,1823,s1,grip_v7
10610660,1822,s1,grip_v7
10610662,1831,s1,grip_v7
10610664,1764,s1,grip_v7
10610666,1745,s1,grip_v7
10610668,1763,s1,grip_v7
10610670,1755,s1,grip_v7
10610672,1731,s1,grip_v7
10610674,1679,s1,grip_v7
10610676,1649,s1,grip_v7
10610678,1616,s1,grip_v7
10610680,1573,s1,grip_v7
10610682,1602,s1,grip_v7
10610684,1674,s1,grip_v7
10610686,1717,s1,grip_v7
10610688,1904,s1,grip_v7
10610690,1872,s1,grip_v7
10610692,1846,s1,grip_v7
10610694,1799,s1,grip_v7
10610696,1771,s1,grip_v7
10610698,1847,s1,grip_v7
10610700,1943,s1,grip_v7
10610702,1904,s1,grip_v7
10610704,1966,s1,grip_v7
10610706,2093,s1,grip_v7
10610708,2071,s1,grip_v7
10610710,2244,s1,grip_v7
10610712,2265,s1,grip_v7
10610714,2271,s1,grip_v7
10610716,2273,s1,grip_v7
10610718,2194,s1,grip_v7
10610720,2124,s1,grip_v7
10610722,2096,s1,grip_v7
10610724,2047,s1,grip_v7
10610726,2018,s1,grip_v7
10610728,2055,s1,grip_v7
10610730,2038,s1,grip_v7
10610732,1968,s1,grip_v7
10610734,1977,s1,grip_v7
10610736,1938,s1,grip_v7
10610738,1935,s1,grip_v7
10610740,1925,s1,grip_v7
10610742,1995,s1,grip_v7
10610744,1983,s1,grip_v7
10610746,2032,s1,grip_v7
10610748,2089,s1,grip_v7
10610750,2129,s1,grip_v7
10610752,2135,s1,grip_v7
10610754,2068,s1,grip_v7
10610756,2064,s1,grip_v7
10610758,2246,s1,grip_v7
10610760,2320,s1,grip_v7
10610762,2314,s1,grip_v7
10610764,2289,s1,grip_v7
10610766,2285,s1,grip_v7
10610768,2280,s1,grip_v7
10610770,2288,s1,grip_v7
10610772,2239,s1,grip_v7
10610774,2183,s1,grip_v7
10610776,2160,s1,grip_v7
10610778,2130,s1,grip_v7
10610780,2058,s1,grip_v7
10610782,2061,s1,grip_v7
10610784,2128,s1,grip_v7
10610786,2142,s1,grip_v7
10610788,2190,s1,grip_v7
10610790,2096,s1,grip_v7
10610792,2103,s1,grip_v7
10610794,2047,s1,grip_v7
10610796,2000,s1,grip_v7
10610798,1957,s1,grip_v7
10610800,2038,s1,grip_v7
10610802,2066,s1,grip_v7
10610804,2096,s1,grip_v7
10610806,2125,s1,grip_v7
10610808,2082,s1,grip_v7
10610810,2064,s1,grip_v7
10610812,2133,s1,grip_v7
10610814,2092,s1,grip_v7
10610816,2046,s1,grip_v7
10610818,1999,s1,grip_v7
10610820,1978,s1,grip_v7
10610822,1979,s1,grip_v7
10610824,2047,s1,grip_v7
10610826,2061,s1,grip_v7
10610828,2091,s1,grip_v7
10610830,2036,s1,grip_v7
10610832,2064,s1,grip_v7
10610834,2395,s1,grip_v7
10610836,2433,s1,grip_v7
10610838,2620,s1,grip_v7
10610840,2967,s1,grip_v7
10610842,3123,s1,grip_v7
10610844,3008,s1,grip_v7
10610846,2964,s1,grip_v7
10610848,2927,s1,grip_v7
10610850,2901,s1,grip_v7
10610852,2802,s1,grip_v7
10610854,2714,s1,grip_v7
10610856,2622,s1,grip_v7
10610858,2629,s1,grip_v7
10610860,2588,s1,grip_v7
10610862,2675,s1,grip_v7
10610864,2626,s1,grip_v7
10610866,2559,s1,grip_v7
10610868,2518,s1,grip_v7
10610870,2559,s1,grip_v7
10610872,2487,s1,grip_v7
10610874,2435,s1,grip_v7
10610876,2450,s1,grip_v7
10610878,2450,s1,grip_v7
10610880,2426,s1,grip_v7
10610882,2374,s1,grip_v7
10610884,2342,s1,grip_v7
10610886,2290,s1,grip_v7
10610888,2302,s1,grip_v7
10610890,2224,s1,grip_v7
10610892,2196,s1,grip_v7
10610894,2140,s1,grip_v7
10610896,2109,s1,grip_v7
10610898,2087,s1,grip_v7
10610900,2151,s1,grip_v7
10610902,2195,s1,grip_v7
10610904,2185,s1,grip_v7
10610906,2196,s1,grip_v7
10610908,2224,s1,grip_v7
10610910,2170,s1,grip_v7
10610912,2179,s1,grip_v7
10610914,2112,s1,grip_v7
10610916,2124,s1,grip_v7
10610918,2133,s1,grip_v7
10610920,2119,s1,grip_v7
10610922,2111,s1,grip_v7
10610924,2109,s1,grip_v7
10610926,2173,s1,grip_v7
10610928,2167,s1,grip_v7
10610930,2099,s1,grip_v7
10610932,2069,s1,grip_v7
10610934,2085,s1,grip_v7
10610936,2073,s1,grip_v7
10610938,2085,s1,grip_v7
10610940,2026,s1,grip_v7
10610942,2032,s1,grip_v7
10610944,1968,s1,grip_v7
10610946,1900,s1,grip_v7
10610948,1946,s1,grip_v7
10610950,2061,s1,grip_v7
10610952,2027,s1,grip_v7
10610954,2034,s1,grip_v7
10610956,2047,s1,grip_v7
10610958,1986,s1,grip_v7
10610960,1933,s1,grip_v7
10610962,1862,s1,grip_v7
10610964,1787,s1,grip_v7
10610966,1765,s1,grip_v7
10610968,1757,s1,grip_v7
10610970,1767,s1,grip_v7
10610972,1752,s1,grip_v7
10610974,1739,s1,grip_v7
10610976,1744,s1,grip_v7
10610978,1841,s1,grip_v7
10610980,1908,s1,grip_v7
10610982,1872,s1,grip_v7
10610984,1888,s1,grip_v7
10610986,1866,s1,grip_v7
10610988,1872,s1,grip_v7
10610990,1847,s1,grip_v7
10610992,1904,s1,grip_v7
10610994,1883,s1,grip_v7
10610996,1904,s1,grip_v7
10610998,1873,s1,grip_v7
10611000,1908,s1,grip_v7
10611002,1862,s1,grip_v7
10611004,1855,s1,grip_v7
10611006,1811,s1,grip_v7
10611008,1899,s1,grip_v7
10611010,1892,s1,grip_v7
10611012,1942,s1,grip_v7
10611014,1943,s1,grip_v7
10611016,1994,s1,grip_v7
10611018,1998,s1,grip_v7
10611020,1951,s1,grip_v7
10611022,1877,s1,grip_v7
10611024,1841,s1,grip_v7
10611026,1959,s1,grip_v7
10611028,1931,s1,grip_v7
10611030,1942,s1,grip_v7
10611032,1951,s1,grip_v7
10611034,2025,s1,grip_v7
10611036,2176,s1,grip_v7
10611038,2255,s1,grip_v7
10611040,2189,s1,grip_v7
10611042,2125,s1,grip_v7
10611044,2100,s1,grip_v7
10611046,2175,s1,grip_v7
10611048,2140,s1,grip_v7
10611050,2078,s1,grip_v7
10611052,2033,s1,grip_v7
10611054,2027,s1,grip_v7
10611056,1967,s1,grip_v7
10611058,1957,s1,grip_v7
10611060,1974,s1,grip_v7
10611062,1921,s1,grip_v7
10611064,1849,s1,grip_v7
10611066,1883,s1,grip_v7
10611068,1933,s1,grip_v7
10611070,1857,s1,grip_v7
10611072,1808,s1,grip_v7
10611074,1769,s1,grip_v7
10611076,1875,s1,grip_v7
10611078,1838,s1,grip_v7
10611080,1812,s1,grip_v7
10611082,1819,s1,grip_v7
10611084,1872,s1,grip_v7
10611086,1857,s1,grip_v7
10611088,1855,s1,grip_v7
10611090,1814,s1,grip_v7
10611092,1908,s1,grip_v7
10611094,1901,s1,grip_v7
10611096,1935,s1,grip_v7
10611098,1921,s1,grip_v7
10611100,2007,s1,grip_v7
10611102,2002,s1,grip_v7
10611104,2113,s1,grip_v7
10611106,2209,s1,grip_v7
10611108,2258,s1,grip_v7
10611110,2229,s1,grip_v7
10611112,2299,s1,grip_v7
10611114,2245,s1,grip_v7
10611116,2204,s1,grip_v7
10611118,2174,s1,grip_v7
10611120,2159,s1,grip_v7
10611122,2082,s1,grip_v7
10611124,2054,s1,grip_v7
10611126,2073,s1,grip_v7
10611128,2151,s1,grip_v7
10611130,2185,s1,grip_v7
10611132,2149,s1,grip_v7
10611134,2135,s1,grip_v7
10611136,2155,s1,grip_v7
10611138,2162,s1,grip_v7
10611140,2093,s1,grip_v7
10611142,2058,s1,grip_v7
10611144,1969,s1,grip_v7
10611146,1921,s1,grip_v7
10611148,1914,s1,grip_v7
10611150,1923,s1,grip_v7
10611152,1917,s1,grip_v7
10611154,1939,s1,grip_v7
10611156,1905,s1,grip_v7
10611158,1923,s1,grip_v7
10611160,1885,s1,grip_v7
10611162,1970,s1,grip_v7
10611164,1998,s1,grip_v7
10611166,2011,s1,grip_v7
10611168,2011,s1,grip_v7
10611170,1989,s1,grip_v7
10611172,1971,s1,grip_v7
10611174,1985,s1,grip_v7
10611176,1999,s1,grip_v7
10611178,2019,s1,grip_v7
10611180,1972,s1,grip_v7
10611182,1933,s1,grip_v7
10611184,1962,s1,grip_v7
10611186,1930,s1,grip_v7
10611188,1908,s1,grip_v7
10611190,1862,s1,grip_v7
10611192,1903,s1,grip_v7
10611194,1874,s1,grip_v7
10611196,1858,s1,grip_v7
10611198,1814,s1,grip_v7
10611200,1993,s1,grip_v7
10611202,2010,s1,grip_v7
10611204,2030,s1,grip_v7
10611206,2000,s1,grip_v7
10611208,1971,s1,grip_v7
10611210,1911,s1,grip_v7
10611212,1934,s1,grip_v7
10611214,1886,s1,grip_v7
10611216,1840,s1,grip_v7
10611218,1815,s1,grip_v7
10611220,1796,s1,grip_v7
10611222,1727,s1,grip_v7
10611224,1685,s1,grip_v7
10611226,1680,s1,grip_v7
10611228,1667,s1,grip_v7
10611230,1613,s1,grip_v7
10611232,1573,s1,grip_v7
10611234,1619,s1,grip_v7
10611236,1617,s1,grip_v7
10611238,1614,s1,grip_v7
10611240,1637,s1,grip_v7
10611242,1699,s1,grip_v7
10611244,1695,s1,grip_v7
10611246,1738,s1,grip_v7
10611248,1691,s1,grip_v7
10611250,1702,s1,grip_v7
10611252,1729,s1,grip_v7
10611254,1728,s1,grip_v7
10611256,1712,s1,grip_v7
10611258,1901,s1,grip_v7
10611260,2077,s1,grip_v7
10611262,2032,s1,grip_v7
10611264,2022,s1,grip_v7
10611266,2055,s1,grip_v7
10611268,2087,s1,grip_v7
10611270,2127,s1,grip_v7
10611272,2155,s1,grip_v7
10611274,2114,s1,grip_v7
10611276,2079,s1,grip_v7
10611278,2123,s1,grip_v7
10611280,2191,s1,grip_v7
10611282,2180,s1,grip_v7
10611284,2130,s1,grip_v7
10611286,2127,s1,grip_v7
10611288,2087,s1,grip_v7
10611290,2087,s1,grip_v7
10611292,2162,s1,grip_v7
10611294,2122,s1,grip_v7
10611296,2135,s1,grip_v7
10611298,2121,s1,grip_v7
10611300,2147,s1,grip_v7
10611302,2123,s1,grip_v7
10611304,2139,s1,grip_v7
10611306,2103,s1,grip_v7
10611308,2078,s1,grip_v7
10611310,2032,s1,grip_v7
10611312,1985,s1,grip_v7
10611314,1919,s1,grip_v7
10611316,1891,s1,grip_v7
10611318,1917,s1,grip_v7
10611320,1893,s1,grip_v7
10611322,1872,s1,grip_v7
10611324,1915,s1,grip_v7
10611326,2019,s1,grip_v7
10611328,2042,s1,grip_v7
10611330,2137,s1,grip_v7
10611332,2089,s1,grip_v7
10611334,2172,s1,grip_v7
10611336,2155,s1,grip_v7
10611338,2225,s1,grip_v7
10611340,2230,s1,grip_v7
10611342,2320,s1,grip_v7
10611344,2321,s1,grip_v7
10611346,2553,s1,grip_v7
10611348,2710,s1,grip_v7
10611350,2698,s1,grip_v7
10611352,2813,s1,grip_v7
10611354,2933,s1,grip_v7
10611356,2997,s1,grip_v7
10611358,3005,s1,grip_v7
10611360,2931,s1,grip_v7
10611362,2961,s1,grip_v7
10611364,2879,s1,grip_v7
10611366,2862,s1,grip_v7
10611368,2816,s1,grip_v7
10611370,2763,s1,grip_v7
10611372,2673,s1,grip_v7
10611374,2624,s1,grip_v7
10611376,2559,s1,grip_v7
10611378,2491,s1,grip_v7
10611380,2400,s1,grip_v7
10611382,2313,s1,grip_v7
10611384,2298,s1,grip_v7
10611386,2259,s1,grip_v7
10611388,2233,s1,grip_v7
10611390,2160,s1,grip_v7
10611392,2113,s1,grip_v7
10611394,2022,s1,grip_v7
10611396,1994,s1,grip_v7
10611398,1953,s1,grip_v7
10611400,2082,s1,grip_v7
10611402,2037,s1,grip_v7
10611404,1945,s1,grip_v7
10611406,1874,s1,grip_v7
10611408,1949,s1,grip_v7
10611410,1925,s1,grip_v7
10611412,1889,s1,grip_v7
10611414,1808,s1,grip_v7
10611416,1776,s1,grip_v7
10611418,1808,s1,grip_v7
10611420,1767,s1,grip_v7
10611422,1728,s1,grip_v7
10611424,1709,s1,grip_v7
10611426,1738,s1,grip_v7
10611428,1717,s1,grip_v7
10611430,1665,s1,grip_v7
10611432,1620,s1,grip_v7
10611434,1675,s1,grip_v7
10611436,1681,s1,grip_v7
10611438,1683,s1,grip_v7
10611440,1647,s1,grip_v7
10611442,1613,s1,grip_v7
10611444,1628,s1,grip_v7
10611446,1605,s1,grip_v7
10611448,1615,s1,grip_v7
10611450,1587,s1,grip_v7
10611452,1567,s1,grip_v7
10611454,1622,s1,grip_v7
10611456,1614,s1,grip_v7
10611458,1598,s1,grip_v7
10611460,1589,s1,grip_v7
10611462,1584,s1,grip_v7
10611464,1631,s1,grip_v7
10611466,1654,s1,grip_v7
10611468,1670,s1,grip_v7
10611470,1677,s1,grip_v7
10611472,1680,s1,grip_v7
10611474,1615,s1,grip_v7
10611476,1614,s1,grip_v7
10611478,1681,s1,grip_v7
10611480,1892,s1,grip_v7
10611482,1885,s1,grip_v7
10611484,1843,s1,grip_v7
10611486,2035,s1,grip_v7
10611488,2092,s1,grip_v7
10611490,2021,s1,grip_v7
10611492,1974,s1,grip_v7
10611494,1985,s1,grip_v7
10611496,2059,s1,grip_v7
10611498,1971,s1,grip_v7
10611500,1902,s1,grip_v7
10611502,1853,s1,grip_v7
10611504,1857,s1,grip_v7
10611506,1793,s1,grip_v7
10611508,1823,s1,grip_v7
10611510,1819,s1,grip_v7
10611512,1813,s1,grip_v7
10611514,1815,s1,grip_v7
10611516,1885,s1,grip_v7
10611518,1931,s1,grip_v7
10611520,1933,s1,grip_v7
10611522,1917,s1,grip_v7
10611524,1921,s1,grip_v7
10611526,1967,s1,grip_v7
10611528,1918,s1,grip_v7
10611530,1861,s1,grip_v7
10611532,1901,s1,grip_v7
10611534,1999,s1,grip_v7
10611536,1952,s1,grip_v7
10611538,1946,s1,grip_v7
10611540,1934,s1,grip_v7
10611542,2032,s1,grip_v7
10611544,2001,s1,grip_v7
10611546,2044,s1,grip_v7
10611548,2017,s1,grip_v7
10611550,2047,s1,grip_v7
10611552,2016,s1,grip_v7
10611554,2039,s1,grip_v7
10611556,2064,s1,grip_v7
10611558,2111,s1,grip_v7
10611560,2098,s1,grip_v7
10611562,2238,s1,grip_v7
10611564,2192,s1,grip_v7
10611566,2178,s1,grip_v7
10611568,2213,s1,grip_v7
10611570,2265,s1,grip_v7
10611572,2310,s1,grip_v7
10611574,2274,s1,grip_v7
10611576,2266,s1,grip_v7
10611578,2279,s1,grip_v7
10611580,2295,s1,grip_v7
10611582,2241,s1,grip_v7
10611584,2224,s1,grip_v7
10611586,2259,s1,grip_v7
10611588,2240,s1,grip_v7
10611590,2229,s1,grip_v7
10611592,2197,s1,grip_v7
10611594,2130,s1,grip_v7
10611596,2046,s1,grip_v7
10611598,1963,s1,grip_v7
10611600,1978,s1,grip_v7
10611602,1952,s1,grip_v7
10611604,2055,s1,grip_v7
10611606,1999,s1,grip_v7
10611608,1973,s1,grip_v7
10611610,1932,s1,grip_v7
10611612,1983,s1,grip_v7
10611614,1997,s1,grip_v7
10611616,1984,s1,grip_v7
10611618,1968,s1,grip_v7
10611620,1991,s1,grip_v7
10611622,1968,s1,grip_v7
10611624,1952,s1,grip_v7
10611626,1978,s1,grip_v7
10611628,1969,s1,grip_v7
10611630,1992,s1,grip_v7
10611632,2000,s1,grip_v7
10611634,1953,s1,grip_v7
10611636,1911,s1,grip_v7
10611638,1840,s1,grip_v7
10611640,1778,s1,grip_v7
10611642,1840,s1,grip_v7
10611644,1792,s1,grip_v7
10611646,1740,s1,grip_v7
10611648,1685,s1,grip_v7
10611650,1793,s1,grip_v7
10611652,1826,s1,grip_v7
10611654,1829,s1,grip_v7
10611656,1813,s1,grip_v7
10611658,1825,s1,grip_v7
10611660,1805,s1,grip_v7
10611662,1858,s1,grip_v7
10611664,1840,s1,grip_v7
10611666,1857,s1,grip_v7
10611668,1847,s1,grip_v7
10611670,1915,s1,grip_v7
10611672,1908,s1,grip_v7
10611674,1891,s1,grip_v7
10611676,1922,s1,grip_v7
10611678,1952,s1,grip_v7
10611680,1970,s1,grip_v7
10611682,1904,s1,grip_v7
10611684,1872,s1,grip_v7
10611686,1829,s1,grip_v7
10611688,1831,s1,grip_v7
10611690,1790,s1,grip_v7
10611692,1717,s1,grip_v7
10611694,1724,s1,grip_v7
10611696,1675,s1,grip_v7
10611698,1616,s1,grip_v7
10611700,1675,s1,grip_v7
10611702,1671,s1,grip_v7
10611704,1717,s1,grip_v7
10611706,1732,s1,grip_v7
10611708,1725,s1,grip_v7
10611710,1696,s1,grip_v7
10611712,1749,s1,grip_v7
10611714,1801,s1,grip_v7
10611716,1743,s1,grip_v7
10611718,1703,s1,grip_v7
10611720,1750,s1,grip_v7
10611722,1707,s1,grip_v7
10611724,1667,s1,grip_v7
10611726,1715,s1,grip_v7
10611728,1731,s1,grip_v7
10611730,1783,s1,grip_v7
10611732,1746,s1,grip_v7
10611734,1759,s1,grip_v7
10611736,1755,s1,grip_v7
10611738,1802,s1,grip_v7
10611740,1799,s1,grip_v7
10611742,1871,s1,grip_v7
10611744,1852,s1,grip_v7
10611746,1932,s1,grip_v7
10611748,1938,s1,grip_v7
10611750,1978,s1,grip_v7
10611752,1953,s1,grip_v7
10611754,1986,s1,grip_v7
10611756,1949,s1,grip_v7
10611758,1936,s1,grip_v7
10611760,2002,s1,grip_v7
10611762,1958,s1,grip_v7
10611764,2012,s1,grip_v7
10611766,2139,s1,grip_v7
10611768,2191,s1,grip_v7
10611770,2257,s1,grip_v7
10611772,2240,s1,grip_v7
10611774,2192,s1,grip_v7
10611776,2243,s1,grip_v7
10611778,2199,s1,grip_v7
10611780,2163,s1,grip_v7
10611782,2123,s1,grip_v7
10611784,2224,s1,grip_v7
10611786,2179,s1,grip_v7
10611788,2182,s1,grip_v7
10611790,2179,s1,grip_v7
10611792,2256,s1,grip_v7
10611794,2229,s1,grip_v7
10611796,2234,s1,grip_v7
10611798,2195,s1,grip_v7
10611800,2229,s1,grip_v7
10611802,2179,s1,grip_v7
10611804,2170,s1,grip_v7
10611806,2095,s1,grip_v7
10611808,2096,s1,grip_v7
10611810,2062,s1,grip_v7
10611812,2027,s1,grip_v7
10611814,1942,s1,grip_v7
10611816,1923,s1,grip_v7
10611818,1916,s1,grip_v7
10611820,1891,s1,grip_v7
10611822,1882,s1,grip_v7
10611824,1838,s1,grip_v7
10611826,1974,s1,grip_v7
10611828,2001,s1,grip_v7
10611830,2112,s1,grip_v7
10611832,2192,s1,grip_v7
10611834,2261,s1,grip_v7
10611836,2267,s1,grip_v7
10611838,2378,s1,grip_v7
10611840,2343,s1,grip_v7
10611842,2381,s1,grip_v7
10611844,2318,s1,grip_v7
10611846,2311,s1,grip_v7
10611848,2281,s1,grip_v7
10611850,2332,s1,grip_v7
10611852,2286,s1,grip_v7
10611854,2260,s1,grip_v7
10611856,2173,s1,grip_v7
10611858,2207,s1,grip_v7
10611860,2192,s1,grip_v7
10611862,2243,s1,grip_v7
10611864,2283,s1,grip_v7
10611866,2256,s1,grip_v7
10611868,2199,s1,grip_v7
10611870,2227,s1,grip_v7
10611872,2258,s1,grip_v7
10611874,2231,s1,grip_v7
10611876,2260,s1,grip_v7
10611878,2198,s1,grip_v7
10611880,2224,s1,grip_v7
10611882,2225,s1,grip_v7
10611884,2288,s1,grip_v7
10611886,2257,s1,grip_v7
10611888,2207,s1,grip_v7
10611890,2118,s1,grip_v7
10611892,2131,s1,grip_v7
10611894,2071,s1,grip_v7
10611896,2029,s1,grip_v7
10611898,1949,s1,grip_v7
10611900,2026,s1,grip_v7
10611902,2003,s1,grip_v7
10611904,2000,s1,grip_v7
10611906,1993,s1,grip_v7
10611908,2128,s1,grip_v7
10611910,2122,s1,grip_v7
10611912,2191,s1,grip_v7
10611914,2162,s1,grip_v7
10611916,2112,s1,grip_v7
10611918,2075,s1,grip_v7
10611920,2096,s1,grip_v7
10611922,2030,s1,grip_v7
10611924,1969,s1,grip_v7
10611926,1919,s1,grip_v7
10611928,1903,s1,grip_v7
10611930,1838,s1,grip_v7
10611932,1837,s1,grip_v7
10611934,1890,s1,grip_v7
10611936,1916,s1,grip_v7
10611938,1965,s1,grip_v7
10611940,1958,s1,grip_v7
10611942,1882,s1,grip_v7
10611944,1887,s1,grip_v7
10611946,1830,s1,grip_v7
10611948,1797,s1,grip_v7
10611950,1793,s1,grip_v7
10611952,1765,s1,grip_v7
10611954,1698,s1,grip_v7
10611956,1689,s1,grip_v7
10611958,1771,s1,grip_v7
10611960,1757,s1,grip_v7
10611962,1793,s1,grip_v7
10611964,1777,s1,grip_v7
10611966,1750,s1,grip_v7
10611968,1767,s1,grip_v7
10611970,1753,s1,grip_v7
10611972,1739,s1,grip_v7
10611974,1710,s1,grip_v7
10611976,1744,s1,grip_v7
10611978,1712,s1,grip_v7
10611980,1691,s1,grip_v7
10611982,1712,s1,grip_v7
10611984,1808,s1,grip_v7
10611986,1776,s1,grip_v7
10611988,1725,s1,grip_v7
10611990,1691,s1,grip_v7
10611992,1776,s1,grip_v7
10611994,1744,s1,grip_v7
10611996,1725,s1,grip_v7
10611998,1681,s1,grip_v7
10612000,1711,s1,grip_v7
10612002,1680,s1,grip_v7
10612004,1744,s1,grip_v7
10612006,1710,s1,grip_v7
10612008,1657,s1,grip_v7
10612010,1626,s1,grip_v7
10612012,1659,s1,grip_v7
10612014,1602,s1,grip_v7
10612016,1559,s1,grip_v7
10612018,1533,s1,grip_v7
10612020,1595,s1,grip_v7
10612022,1601,s1,grip_v7
10612024,1563,s1,grip_v7
10612026,1597,s1,grip_v7
10612028,1589,s1,grip_v7
10612030,1673,s1,grip_v7
10612032,1707,s1,grip_v7
10612034,1723,s1,grip_v7
10612036,1747,s1,grip_v7
10612038,1747,s1,grip_v7
10612040,1693,s1,grip_v7
10612042,1776,s1,grip_v7
10612044,1776,s1,grip_v7
10612046,1891,s1,grip_v7
10612048,1904,s1,grip_v7
10612050,1943,s1,grip_v7
10612052,1932,s1,grip_v7
10612054,1988,s1,grip_v7
10612056,1974,s1,grip_v7
10612058,2010,s1,grip_v7
10612060,2011,s1,grip_v7
10612062,2082,s1,grip_v7
10612064,2015,s1,grip_v7
10612066,1962,s1,grip_v7
10612068,1991,s1,grip_v7
10612070,2019,s1,grip_v7
10612072,2032,s1,grip_v7
10612074,2032,s1,grip_v7
10612076,1968,s1,grip_v7
10612078,1935,s1,grip_v7
10612080,1900,s1,grip_v7
10612082,1876,s1,grip_v7
10612084,1872,s1,grip_v7
10612086,1827,s1,grip_v7
10612088,1819,s1,grip_v7
10612090,1783,s1,grip_v7
10612092,1808,s1,grip_v7
10612094,1773,s1,grip_v7
10612096,1774,s1,grip_v7
10612098,1714,s1,grip_v7
10612100,1731,s1,grip_v7
10612102,1719,s1,grip_v7
10612104,1728,s1,grip_v7
10612106,1714,s1,grip_v7
10612108,1680,s1,grip_v7
10612110,1649,s1,grip_v7
10612112,1712,s1,grip_v7
10612114,1699,s1,grip_v7
10612116,1661,s1,grip_v7
10612118,1695,s1,grip_v7
10612120,1673,s1,grip_v7
10612122,1803,s1,grip_v7
10612124,1841,s1,grip_v7
10612126,1841,s1,grip_v7
10612128,1889,s1,grip_v7
10612130,1851,s1,grip_v7
10612132,1814,s1,grip_v7
10612134,1874,s1,grip_v7
10612136,1837,s1,grip_v7
10612138,1782,s1,grip_v7
10612140,1825,s1,grip_v7
10612142,1968,s1,grip_v7
10612144,1940,s1,grip_v7
10612146,1932,s1,grip_v7
10612148,1874,s1,grip_v7
10612150,1866,s1,grip_v7
10612152,1814,s1,grip_v7
10612154,1792,s1,grip_v7
10612156,1735,s1,grip_v7
10612158,1754,s1,grip_v7
10612160,1731,s1,grip_v7
10612162,1778,s1,grip_v7
10612164,1791,s1,grip_v7
10612166,1858,s1,grip_v7
10612168,1904,s1,grip_v7
10612170,2017,s1,grip_v7
10612172,2047,s1,grip_v7
10612174,1981,s1,grip_v7
10612176,1984,s1,grip_v7
10612178,1936,s1,grip_v7
10612180,1953,s1,grip_v7
10612182,1969,s1,grip_v7
10612184,1985,s1,grip_v7
10612186,1970,s1,grip_v7
10612188,1937,s1,grip_v7
10612190,1968,s1,grip_v7
10612192,2225,s1,grip_v7
10612194,2221,s1,grip_v7
10612196,2143,s1,grip_v7
10612198,2054,s1,grip_v7
10612200,2099,s1,grip_v7
10612202,2112,s1,grip_v7
10612204,2147,s1,grip_v7
10612206,2127,s1,grip_v7
10612208,2083,s1,grip_v7
10612210,2015,s1,grip_v7
10612212,2034,s1,grip_v7
10612214,2003,s1,grip_v7
10612216,1970,s1,grip_v7
10612218,1943,s1,grip_v7
10612220,2021,s1,grip_v7
10612222,1965,s1,grip_v7
10612224,1936,s1,grip_v7
10612226,1870,s1,grip_v7
10612228,1839,s1,grip_v7
10612230,1776,s1,grip_v7
10612232,1699,s1,grip_v7
10612234,1741,s1,grip_v7
10612236,1726,s1,grip_v7
10612238,1774,s1,grip_v7
10612240,1746,s1,grip_v7
10612242,1817,s1,grip_v7
10612244,1798,s1,grip_v7
10612246,1863,s1,grip_v7
10612248,1856,s1,grip_v7
10612250,1930,s1,grip_v7
10612252,1926,s1,grip_v7
10612254,2000,s1,grip_v7
10612256,2015,s1,grip_v7
10612258,2122,s1,grip_v7
10612260,2115,s1,grip_v7
10612262,2205,s1,grip_v7
10612264,2180,s1,grip_v7
10612266,2117,s1,grip_v7
10612268,2160,s1,grip_v7
10612270,2096,s1,grip_v7
10612272,2069,s1,grip_v7
10612274,2047,s1,grip_v7
10612276,2041,s1,grip_v7
10612278,2021,s1,grip_v7
10612280,2047,s1,grip_v7
10612282,2013,s1,grip_v7
10612284,2054,s1,grip_v7
10612286,2010,s1,grip_v7
10612288,2027,s1,grip_v7
10612290,2033,s1,grip_v7
10612292,2091,s1,grip_v7
10612294,2055,s1,grip_v7
10612296,2021,s1,grip_v7
10612298,2070,s1,grip_v7
10612300,2037,s1,grip_v7
10612302,2063,s1,grip_v7
10612304,2041,s1,grip_v7
10612306,1961,s1,grip_v7
10612308,1924,s1,grip_v7
10612310,1894,s1,grip_v7
10612312,1811,s1,grip_v7
10612314,1737,s1,grip_v7
10612316,1708,s1,grip_v7
10612318,1689,s1,grip_v7
10612320,1715,s1,grip_v7
10612322,1655,s1,grip_v7
10612324,1616,s1,grip_v7
10612326,1616,s1,grip_v7
10612328,1612,s1,grip_v7
10612330,1707,s1,grip_v7
10612332,1734,s1,grip_v7
10612334,1743,s1,grip_v7
10612336,1727,s1,grip_v7
10612338,1718,s1,grip_v7
10612340,1728,s1,grip_v7
10612342,1793,s1,grip_v7
10612344,1757,s1,grip_v7
10612346,1702,s1,grip_v7
10612348,1650,s1,grip_v7
10612350,1795,s1,grip_v7
10612352,1791,s1,grip_v7
10612354,1759,s1,grip_v7
10612356,1761,s1,grip_v7
10612358,1788,s1,grip_v7
10612360,1815,s1,grip_v7
10612362,1844,s1,grip_v7
10612364,1834,s1,grip_v7
10612366,1787,s1,grip_v7
10612368,1849,s1,grip_v7
10612370,1829,s1,grip_v7
10612372,1877,s1,grip_v7
10612374,2000,s1,grip_v7
10612376,2032,s1,grip_v7
10612378,2096,s1,grip_v7
10612380,2149,s1,grip_v7
10612382,2105,s1,grip_v7
10612384,2032,s1,grip_v7
10612386,2032,s1,grip_v7
10612388,1985,s1,grip_v7
10612390,1984,s1,grip_v7
10612392,2064,s1,grip_v7
10612394,2039,s1,grip_v7
10612396,2116,s1,grip_v7
10612398,2159,s1,grip_v7
10612400,2247,s1,grip_v7
10612402,2224,s1,grip_v7
10612404,2250,s1,grip_v7
10612406,2237,s1,grip_v7
10612408,2309,s1,grip_v7
10612410,2383,s1,grip_v7
10612412,2352,s1,grip_v7
10612414,2404,s1,grip_v7
10612416,2442,s1,grip_v7
10612418,2489,s1,grip_v7
10612420,2416,s1,grip_v7
10612422,2362,s1,grip_v7
10612424,2320,s1,grip_v7
10612426,2528,s1,grip_v7
10612428,2605,s1,grip_v7
10612430,2592,s1,grip_v7
10612432,2626,s1,grip_v7
10612434,2700,s1,grip_v7
10612436,2669,s1,grip_v7
10612438,2647,s1,grip_v7
10612440,2549,s1,grip_v7
10612442,2534,s1,grip_v7
10612444,2460,s1,grip_v7
10612446,2406,s1,grip_v7
10612448,2384,s1,grip_v7
10612450,2399,s1,grip_v7
10612452,2362,s1,grip_v7
10612454,2313,s1,grip_v7
10612456,2222,s1,grip_v7
10612458,2205,s1,grip_v7
10612460,2209,s1,grip_v7
10612462,2137,s1,grip_v7
10612464,2121,s1,grip_v7
10612466,2139,s1,grip_v7
10612468,2153,s1,grip_v7
10612470,2109,s1,grip_v7
10612472,2079,s1,grip_v7
10612474,2080,s1,grip_v7
10612476,2126,s1,grip_v7
10612478,2263,s1,grip_v7
10612480,2267,s1,grip_v7
10612482,2262,s1,grip_v7
10612484,2263,s1,grip_v7
10612486,2199,s1,grip_v7
10612488,2126,s1,grip_v7
10612490,2037,s1,grip_v7
10612492,2018,s1,grip_v7
10612494,1990,s1,grip_v7
10612496,1930,s1,grip_v7
10612498,1869,s1,grip_v7
10612500,1817,s1,grip_v7
10612502,1851,s1,grip_v7
10612504,1833,s1,grip_v7
10612506,1808,s1,grip_v7
10612508,1777,s1,grip_v7
10612510,1731,s1,grip_v7
10612512,1758,s1,grip_v7
10612514,1693,s1,grip_v7
10612516,1637,s1,grip_v7
10612518,1657,s1,grip_v7
10612520,1611,s1,grip_v7
10612522,1616,s1,grip_v7
10612524,1647,s1,grip_v7
10612526,1747,s1,grip_v7
10612528,1779,s1,grip_v7
10612530,1776,s1,grip_v7
10612532,1721,s1,grip_v7
10612534,1781,s1,grip_v7
10612536,1760,s1,grip_v7
10612538,1749,s1,grip_v7
10612540,1718,s1,grip_v7
10612542,1722,s1,grip_v7
10612544,1691,s1,grip_v7
10612546,1637,s1,grip_v7
10612548,1580,s1,grip_v7
10612550,1737,s1,grip_v7
10612552,1855,s1,grip_v7
10612554,1861,s1,grip_v7
10612556,1911,s1,grip_v7
10612558,1985,s1,grip_v7
10612560,1994,s1,grip_v7
10612562,1930,s1,grip_v7
10612564,1916,s1,grip_v7
10612566,2002,s1,grip_v7
10612568,2014,s1,grip_v7
10612570,2032,s1,grip_v7
10612572,1979,s1,grip_v7
10612574,1939,s1,grip_v7
10612576,1995,s1,grip_v7
10612578,1967,s1,grip_v7
10612580,1985,s1,grip_v7
10612582,1985,s1,grip_v7
10612584,2079,s1,grip_v7
10612586,2074,s1,grip_v7
10612588,2126,s1,grip_v7
10612590,2083,s1,grip_v7
10612592,2142,s1,grip_v7
10612594,2093,s1,grip_v7
10612596,2054,s1,grip_v7
10612598,2011,s1,grip_v7
10612600,2039,s1,grip_v7
10612602,1999,s1,grip_v7
10612604,2006,s1,grip_v7
10612606,1969,s1,grip_v7
10612608,1950,s1,grip_v7
10612610,1922,s1,grip_v7
10612612,1970,s1,grip_v7
10612614,1913,s1,grip_v7
10612616,1897,s1,grip_v7
10612618,1904,s1,grip_v7
10612620,1922,s1,grip_v7
10612622,1917,s1,grip_v7
10612624,1857,s1,grip_v7
10612626,1922,s1,grip_v7
10612628,1959,s1,grip_v7
10612630,1983,s1,grip_v7
10612632,1918,s1,grip_v7
10612634,1898,s1,grip_v7
10612636,1898,s1,grip_v7
10612638,1957,s1,grip_v7
10612640,1872,s1,grip_v7
10612642,1934,s1,grip_v7
10612644,1920,s1,grip_v7
10612646,2044,s1,grip_v7
10612648,2062,s1,grip_v7
10612650,1991,s1,grip_v7
10612652,1963,s1,grip_v7
10612654,1936,s1,grip_v7
10612656,2013,s1,grip_v7
10612658,2092,s1,grip_v7
10612660,2047,s1,grip_v7
10612662,2064,s1,grip_v7
10612664,2060,s1,grip_v7
10612666,2080,s1,grip_v7
10612668,2098,s1,grip_v7
10612670,2070,s1,grip_v7
10612672,2018,s1,grip_v7
10612674,1990,s1,grip_v7
10612676,2126,s1,grip_v7
10612678,2079,s1,grip_v7
10612680,2018,s1,grip_v7
10612682,1965,s1,grip_v7
10612684,1952,s1,grip_v7
10612686,1905,s1,grip_v7
10612688,1867,s1,grip_v7
10612690,1818,s1,grip_v7
10612692,1872,s1,grip_v7
10612694,1843,s1,grip_v7
10612696,1965,s1,grip_v7
10612698,2002,s1,grip_v7
10612700,1967,s1,grip_v7
10612702,1979,s1,grip_v7
10612704,2082,s1,grip_v7
10612706,2026,s1,grip_v7
10612708,2036,s1,grip_v7
10612710,2027,s1,grip_v7
10612712,2075,s1,grip_v7
10612714,2081,s1,grip_v7
10612716,2163,s1,grip_v7
10612718,2212,s1,grip_v7
10612720,2252,s1,grip_v7
10612722,2261,s1,grip_v7
10612724,2269,s1,grip_v7
10612726,2415,s1,grip_v7
10612728,2398,s1,grip_v7
10612730,2358,s1,grip_v7
10612732,2297,s1,grip_v7
10612734,2411,s1,grip_v7
10612736,2366,s1,grip_v7
10612738,2309,s1,grip_v7
10612740,2214,s1,grip_v7
10612742,2279,s1,grip_v7
10612744,2275,s1,grip_v7
10612746,2300,s1,grip_v7
10612748,2293,s1,grip_v7
10612750,2314,s1,grip_v7
10612752,2271,s1,grip_v7
10612754,2269,s1,grip_v7
10612756,2279,s1,grip_v7
10612758,2292,s1,grip_v7
10612760,2256,s1,grip_v7
10612762,2282,s1,grip_v7
10612764,2258,s1,grip_v7
10612766,2290,s1,grip_v7
10612768,2377,s1,grip_v7
10612770,2383,s1,grip_v7
10612772,2434,s1,grip_v7
10612774,2368,s1,grip_v7
10612776,2393,s1,grip_v7
10612778,2366,s1,grip_v7
10612780,2307,s1,grip_v7
10612782,2269,s1,grip_v7
10612784,2192,s1,grip_v7
10612786,2099,s1,grip_v7
10612788,2007,s1,grip_v7
10612790,1943,s1,grip_v7
10612792,1966,s1,grip_v7
10612794,1927,s1,grip_v7
10612796,1937,s1,grip_v7
10612798,1863,s1,grip_v7
10612800,1883,s1,grip_v7
10612802,1890,s1,grip_v7
10612804,1903,s1,grip_v7
10612806,1869,s1,grip_v7
10612808,1874,s1,grip_v7
10612810,1853,s1,grip_v7
10612812,1840,s1,grip_v7
10612814,1824,s1,grip_v7
10621844,2352,s1,grip_v7
10621846,2283,s1,grip_v7
10621848,2222,s1,grip_v7
10621850,2281,s1,grip_v7
10621852,2271,s1,grip_v7
10621854,2327,s1,grip_v7
10621856,2341,s1,grip_v7
10621858,2311,s1,grip_v7
10621860,2453,s1,grip_v7
10621862,2423,s1,grip_v7
10621864,2462,s1,grip_v7
10621866,2466,s1,grip_v7
10621868,2617,s1,grip_v7
10621870,2634,s1,grip_v7
10621872,2695,s1,grip_v7
10621874,2801,s1,grip_v7
10621876,2818,s1,grip_v7
10621878,2741,s1,grip_v7
10621880,2852,s1,grip_v7
10621882,2834,s1,grip_v7
10621884,2815,s1,grip_v7
10621886,2797,s1,grip_v7
10621888,2746,s1,grip_v7
10621890,2663,s1,grip_v7
10621892,2608,s1,grip_v7
10621894,2594,s1,grip_v7
10621896,2509,s1,grip_v7
10621898,2404,s1,grip_v7
10621900,2384,s1,grip_v7
10621902,2530,s1,grip_v7
10621904,2538,s1,grip_v7
10621906,2614,s1,grip_v7
10621908,2531,s1,grip_v7
10621910,2467,s1,grip_v7
10621912,2508,s1,grip_v7
10621914,2448,s1,grip_v7
10621916,2383,s1,grip_v7
10621918,2347,s1,grip_v7
10621920,2339,s1,grip_v7
10621922,2389,s1,grip_v7
10621924,2395,s1,grip_v7
10621926,2398,s1,grip_v7
10621928,2412,s1,grip_v7
10621930,2459,s1,grip_v7
10621932,2519,s1,grip_v7
10621934,2559,s1,grip_v7
10621936,2559,s1,grip_v7
10621938,2541,s1,grip_v7
10621940,2480,s1,grip_v7
10621942,2430,s1,grip_v7
10621944,2479,s1,grip_v7
10621946,2406,s1,grip_v7
10621948,2371,s1,grip_v7
10621950,2288,s1,grip_v7
10621952,2273,s1,grip_v7
10621954,2283,s1,grip_v7
10621956,2364,s1,grip_v7
10621958,2323,s1,grip_v7
10621960,2274,s1,grip_v7
10621962,2263,s1,grip_v7
10621964,2256,s1,grip_v7
10621966,2192,s1,grip_v7
10621968,2226,s1,grip_v7
10621970,2191,s1,grip_v7
10621972,2174,s1,grip_v7
10621974,2087,s1,grip_v7
10621976,2113,s1,grip_v7
10621978,2079,s1,grip_v7
10621980,2115,s1,grip_v7
10621982,2066,s1,grip_v7
10621984,2013,s1,grip_v7
10621986,1976,s1,grip_v7
10621988,1967,s1,grip_v7
10621990,1947,s1,grip_v7
10621992,1965,s1,grip_v7
10621994,2059,s1,grip_v7
10621996,2067,s1,grip_v7
10621998,2179,s1,grip_v7
10622000,2170,s1,grip_v7
10622002,2160,s1,grip_v7
10622004,2257,s1,grip_v7
10622006,2277,s1,grip_v7
10622008,2192,s1,grip_v7
10622010,2174,s1,grip_v7
10622012,2128,s1,grip_v7
10622014,2112,s1,grip_v7
10622016,2032,s1,grip_v7
10622018,2103,s1,grip_v7
10622020,2064,s1,grip_v7
10622022,2055,s1,grip_v7
10622024,1982,s1,grip_v7
10622026,1961,s1,grip_v7
10622028,1914,s1,grip_v7
10622030,1874,s1,grip_v7
10622032,1965,s1,grip_v7
10622034,2030,s1,grip_v7
10622036,2025,s1,grip_v7
10622038,2114,s1,grip_v7
10622040,2059,s1,grip_v7
10622042,2009,s1,grip_v7
10622044,2005,s1,grip_v7
10622046,1997,s1,grip_v7
10622048,1969,s1,grip_v7
10622050,1919,s1,grip_v7
10622052,1974,s1,grip_v7
10622054,1987,s1,grip_v7
10622056,2064,s1,grip_v7
10622058,2047,s1,grip_v7
10622060,1971,s1,grip_v7
10622062,2006,s1,grip_v7
10622064,2032,s1,grip_v7
10622066,2017,s1,grip_v7
10622068,1979,s1,grip_v7
10622070,1929,s1,grip_v7
10622072,1892,s1,grip_v7
10622074,1846,s1,grip_v7
10622076,1871,s1,grip_v7
10622078,1894,s1,grip_v7
10622080,1957,s1,grip_v7
10622082,1931,s1,grip_v7
10622084,1902,s1,grip_v7
10622086,1839,s1,grip_v7
10622088,1786,s1,grip_v7
10622090,1744,s1,grip_v7
10622092,1729,s1,grip_v7
10622094,1799,s1,grip_v7
10622096,1794,s1,grip_v7
10622098,1790,s1,grip_v7
10622100,1719,s1,grip_v7
10622102,1750,s1,grip_v7
10622104,1764,s1,grip_v7
10622106,1865,s1,grip_v7
10622108,1826,s1,grip_v7
10622110,1842,s1,grip_v7
10622112,1939,s1,grip_v7
10622114,2190,s1,grip_v7
10622116,2220,s1,grip_v7
10622118,2135,s1,grip_v7
10622120,2265,s1,grip_v7
10622122,2401,s1,grip_v7
10622124,2343,s1,grip_v7
10622126,2254,s1,grip_v7
10622128,2182,s1,grip_v7
10622130,2157,s1,grip_v7
10622132,2125,s1,grip_v7
10622134,2089,s1,grip_v7
10622136,2064,s1,grip_v7
10622138,2105,s1,grip_v7
10622140,2117,s1,grip_v7
10622142,2060,s1,grip_v7
10622144,2026,s1,grip_v7
10622146,1997,s1,grip_v7
10622148,2032,s1,grip_v7
10622150,2029,s1,grip_v7
10622152,2032,s1,grip_v7
10622154,2036,s1,grip_v7
10622156,2107,s1,grip_v7
10622158,2064,s1,grip_v7
10622160,2124,s1,grip_v7
10622162,2163,s1,grip_v7
10622164,2194,s1,grip_v7
10622166,2128,s1,grip_v7
10622168,2123,s1,grip_v7
10622170,2069,s1,grip_v7
10622172,2119,s1,grip_v7
10622174,2173,s1,grip_v7
10622176,2242,s1,grip_v7
10622178,2314,s1,grip_v7
10622180,2451,s1,grip_v7
10622182,2403,s1,grip_v7
10622184,2343,s1,grip_v7
10622186,2279,s1,grip_v7
10622188,2230,s1,grip_v7
10622190,2230,s1,grip_v7
10622192,2217,s1,grip_v7
10622194,2384,s1,grip_v7
10622196,2400,s1,grip_v7
10622198,2413,s1,grip_v7
10622200,2413,s1,grip_v7
10622202,2461,s1,grip_v7
10622204,2411,s1,grip_v7
10622206,2369,s1,grip_v7
10622208,2293,s1,grip_v7
10622210,2373,s1,grip_v7
10622212,2346,s1,grip_v7
10622214,2348,s1,grip_v7
10622216,2387,s1,grip_v7
10622218,2496,s1,grip_v7
10622220,2480,s1,grip_v7
10622222,2559,s1,grip_v7
10622224,2619,s1,grip_v7
10622226,2678,s1,grip_v7
10622228,2665,s1,grip_v7
10622230,2673,s1,grip_v7
10622232,2637,s1,grip_v7
10622234,2691,s1,grip_v7
10622236,2677,s1,grip_v7
10622238,2786,s1,grip_v7
10622240,2731,s1,grip_v7
10622242,2667,s1,grip_v7
10622244,2593,s1,grip_v7
10622246,2596,s1,grip_v7
10622248,2593,s1,grip_v7
10622250,2544,s1,grip_v7
10622252,2490,s1,grip_v7
10622254,2608,s1,grip_v7
10622256,2736,s1,grip_v7
10622258,2650,s1,grip_v7
10622260,2649,s1,grip_v7
10622262,2668,s1,grip_v7
10622264,2650,s1,grip_v7
10622266,2642,s1,grip_v7
10622268,2537,s1,grip_v7
10622270,2451,s1,grip_v7
10622272,2390,s1,grip_v7
10622274,2365,s1,grip_v7
10622276,2403,s1,grip_v7
10622278,2353,s1,grip_v7
10622280,2288,s1,grip_v7
10622282,2225,s1,grip_v7
10622284,2255,s1,grip_v7
10622286,2277,s1,grip_v7
10622288,2287,s1,grip_v7
10622290,2210,s1,grip_v7
10622292,2160,s1,grip_v7
10622294,2183,s1,grip_v7
10622296,2249,s1,grip_v7
10622298,2237,s1,grip_v7
10622300,2167,s1,grip_v7
10622302,2103,s1,grip_v7
10622304,2064,s1,grip_v7
10622306,2032,s1,grip_v7
10622308,1995,s1,grip_v7
10622310,2103,s1,grip_v7
10622312,2080,s1,grip_v7
10622314,2217,s1,grip_v7
10622316,2181,s1,grip_v7
10622318,2127,s1,grip_v7
10622320,2083,s1,grip_v7
10622322,2064,s1,grip_v7
10622324,2031,s1,grip_v7
10622326,2069,s1,grip_v7
10622328,2045,s1,grip_v7
10622330,2123,s1,grip_v7
10622332,2160,s1,grip_v7
10622334,2115,s1,grip_v7
10622336,2090,s1,grip_v7
10622338,2196,s1,grip_v7
10622340,2163,s1,grip_v7
10622342,2096,s1,grip_v7
10622344,2081,s1,grip_v7
10622346,2161,s1,grip_v7
10622348,2115,s1,grip_v7
10622350,2058,s1,grip_v7
10622352,2003,s1,grip_v7
10622354,1977,s1,grip_v7
10622356,2106,s1,grip_v7
10622358,2083,s1,grip_v7
10622360,2016,s1,grip_v7
10622362,2060,s1,grip_v7
10622364,2085,s1,grip_v7
10622366,1998,s1,grip_v7
10622368,1963,s1,grip_v7
10622370,1904,s1,grip_v7
10622372,1904,s1,grip_v7
10622374,1837,s1,grip_v7
10622376,1792,s1,grip_v7
10622378,1744,s1,grip_v7
10622380,1761,s1,grip_v7
10622382,1741,s1,grip_v7
10622384,1740,s1,grip_v7
10622386,1700,s1,grip_v7
10622388,1670,s1,grip_v7
10622390,1610,s1,grip_v7
10622392,1613,s1,grip_v7
10622394,1739,s1,grip_v7
10622396,1694,s1,grip_v7
10622398,1653,s1,grip_v7
10622400,1637,s1,grip_v7
10622402,1757,s1,grip_v7
10622404,1717,s1,grip_v7
10622406,1670,s1,grip_v7
10622408,1633,s1,grip_v7
10622410,1755,s1,grip_v7
10622412,1744,s1,grip_v7
10622414,1754,s1,grip_v7
10622416,1707,s1,grip_v7
10622418,1741,s1,grip_v7
10622420,1732,s1,grip_v7
10622422,1680,s1,grip_v7
10622424,1637,s1,grip_v7
10622426,1718,s1,grip_v7
10622428,1776,s1,grip_v7
10622430,1763,s1,grip_v7
10622432,1750,s1,grip_v7
10622434,1770,s1,grip_v7
10622436,1782,s1,grip_v7
10622438,1742,s1,grip_v7
10622440,1775,s1,grip_v7
10622442,1826,s1,grip_v7
10622444,1807,s1,grip_v7
10622446,1774,s1,grip_v7
10622448,1703,s1,grip_v7
10622450,1693,s1,grip_v7
10622452,1818,s1,grip_v7
10622454,1808,s1,grip_v7
10622456,1773,s1,grip_v7
10622458,1796,s1,grip_v7
10622460,1903,s1,grip_v7
10622462,1902,s1,grip_v7
10622464,2161,s1,grip_v7
10622466,2189,s1,grip_v7
10622468,2181,s1,grip_v7
10622470,2350,s1,grip_v7
10622472,2384,s1,grip_v7
10622474,2320,s1,grip_v7
10622476,2288,s1,grip_v7
10622478,2247,s1,grip_v7
10622480,2201,s1,grip_v7
10622482,2119,s1,grip_v7
10622484,2077,s1,grip_v7
10622486,2101,s1,grip_v7
10622488,2057,s1,grip_v7
10622490,2025,s1,grip_v7
10622492,2014,s1,grip_v7
10622494,2001,s1,grip_v7
10622496,2019,s1,grip_v7
10622498,2064,s1,grip_v7
10622500,2064,s1,grip_v7
10622502,2055,s1,grip_v7
10622504,2070,s1,grip_v7
10622506,2071,s1,grip_v7
10622508,2101,s1,grip_v7
10622510,2167,s1,grip_v7
10622512,2158,s1,grip_v7
10622514,2318,s1,grip_v7
10622516,2491,s1,grip_v7
10622518,2535,s1,grip_v7
10622520,2598,s1,grip_v7
10622522,2794,s1,grip_v7
10622524,2762,s1,grip_v7
10622526,2750,s1,grip_v7
10622528,2687,s1,grip_v7
10622530,2695,s1,grip_v7
10622532,2633,s1,grip_v7
10622534,2559,s1,grip_v7
10622536,2596,s1,grip_v7
10622538,2495,s1,grip_v7
10622540,2384,s1,grip_v7
10622542,2321,s1,grip_v7
10622544,2321,s1,grip_v7
10622546,2471,s1,grip_v7
10622548,2412,s1,grip_v7
10622550,2361,s1,grip_v7
10622552,2271,s1,grip_v7
10622554,2283,s1,grip_v7
10622556,2295,s1,grip_v7
10622558,2206,s1,grip_v7
10622560,2233,s1,grip_v7
10622562,2202,s1,grip_v7
10622564,2224,s1,grip_v7
10622566,2256,s1,grip_v7
10622568,2444,s1,grip_v7
10622570,2448,s1,grip_v7
10622572,2590,s1,grip_v7
10622574,2725,s1,grip_v7
10622576,2746,s1,grip_v7
10622578,2703,s1,grip_v7
10622580,2736,s1,grip_v7
10622582,2780,s1,grip_v7
10622584,2807,s1,grip_v7
10622586,2809,s1,grip_v7
10622588,2690,s1,grip_v7
10622590,2629,s1,grip_v7
10622592,2663,s1,grip_v7
10622594,2720,s1,grip_v7
10622596,2779,s1,grip_v7
10622598,2789,s1,grip_v7
10622600,2686,s1,grip_v7
10622602,2647,s1,grip_v7
10622604,2647,s1,grip_v7
10622606,2559,s1,grip_v7
10622608,2455,s1,grip_v7
10622610,2433,s1,grip_v7
10622612,2434,s1,grip_v7
10622614,2502,s1,grip_v7
10622616,2452,s1,grip_v7
10622618,2366,s1,grip_v7
10622620,2290,s1,grip_v7
10622622,2287,s1,grip_v7
10622624,2213,s1,grip_v7
10622626,2251,s1,grip_v7
10622628,2271,s1,grip_v7
10622630,2339,s1,grip_v7
10622632,2369,s1,grip_v7
10622634,2384,s1,grip_v7
10622636,2379,s1,grip_v7
10622638,2439,s1,grip_v7
10622640,2486,s1,grip_v7
10622642,2480,s1,grip_v7
10622644,2477,s1,grip_v7
10622646,2430,s1,grip_v7
10622648,2415,s1,grip_v7
10622650,2463,s1,grip_v7
10622652,2692,s1,grip_v7
10622654,2623,s1,grip_v7
10622656,2512,s1,grip_v7
10622658,2427,s1,grip_v7
10622660,2453,s1,grip_v7
10622662,2465,s1,grip_v7
10622664,2517,s1,grip_v7
10622666,2433,s1,grip_v7
10622668,2407,s1,grip_v7
10622670,2349,s1,grip_v7
10622672,2319,s1,grip_v7
10622674,2224,s1,grip_v7
10622676,2190,s1,grip_v7
10622678,2153,s1,grip_v7
10622680,2207,s1,grip_v7
10622682,2131,s1,grip_v7
10622684,2101,s1,grip_v7
10622686,2046,s1,grip_v7
10622688,1983,s1,grip_v7
10622690,1926,s1,grip_v7
10622692,1863,s1,grip_v7
10622694,1853,s1,grip_v7
10622696,1940,s1,grip_v7
10622698,1915,s1,grip_v7
10622700,1903,s1,grip_v7
10622702,1871,s1,grip_v7
10622704,1903,s1,grip_v7
10622706,1925,s1,grip_v7
10622708,1865,s1,grip_v7
10622710,1841,s1,grip_v7
10622712,1780,s1,grip_v7
10622714,1722,s1,grip_v7
10622716,1647,s1,grip_v7
10622718,1739,s1,grip_v7
10622720,1737,s1,grip_v7
10622722,1719,s1,grip_v7
10622724,1689,s1,grip_v7
10622726,1640,s1,grip_v7
10622728,1591,s1,grip_v7
10622730,1597,s1,grip_v7
10622732,1535,s1,grip_v7
10622734,1584,s1,grip_v7
10622736,1669,s1,grip_v7
10622738,1759,s1,grip_v7
10622740,1862,s1,grip_v7
10622742,1789,s1,grip_v7
10622744,1823,s1,grip_v7
10622746,1889,s1,grip_v7
10622748,1837,s1,grip_v7
10622750,1817,s1,grip_v7
10622752,1792,s1,grip_v7
10622754,1873,s1,grip_v7
10622756,1891,s1,grip_v7
10622758,2015,s1,grip_v7
10622760,2006,s1,grip_v7
10622762,2064,s1,grip_v7
10622764,2071,s1,grip_v7
10622766,2047,s1,grip_v7
10622768,2096,s1,grip_v7
10622770,2096,s1,grip_v7
10622772,2151,s1,grip_v7
10622774,2173,s1,grip_v7
10622776,2198,s1,grip_v7
10622778,2342,s1,grip_v7
10622780,2299,s1,grip_v7
10622782,2307,s1,grip_v7
10622784,2330,s1,grip_v7
10622786,2387,s1,grip_v7
10622788,2371,s1,grip_v7
10622790,2401,s1,grip_v7
10622792,2384,s1,grip_v7
10622794,2382,s1,grip_v7
10622796,2559,s1,grip_v7
10622798,2928,s1,grip_v7
10622800,2907,s1,grip_v7
10622802,3123,s1,grip_v7
10622804,3387,s1,grip_v7
10622806,3312,s1,grip_v7
10622808,3307,s1,grip_v7
10622810,3270,s1,grip_v7
10622812,3171,s1,grip_v7
10622814,3181,s1,grip_v7
10622816,3282,s1,grip_v7
10622818,3341,s1,grip_v7
10622820,3342,s1,grip_v7
10622822,3582,s1,grip_v7
10622824,3388,s1,grip_v7
10622826,3294,s1,grip_v7
10622828,3200,s1,grip_v7
10622830,3277,s1,grip_v7
10622832,3210,s1,grip_v7
10622834,3118,s1,grip_v7
10622836,2975,s1,grip_v7
10622838,2845,s1,grip_v7
10622840,2821,s1,grip_v7
10622842,2896,s1,grip_v7
10622844,2947,s1,grip_v7
10622846,2892,s1,grip_v7
10622848,2864,s1,grip_v7
10622850,2895,s1,grip_v7
10622852,2982,s1,grip_v7
10622854,2910,s1,grip_v7
10622856,2832,s1,grip_v7
10622858,2736,s1,grip_v7
10622860,2681,s1,grip_v7
10622862,2610,s1,grip_v7
10622864,2586,s1,grip_v7
10622866,2537,s1,grip_v7
10622868,2650,s1,grip_v7
10622870,2607,s1,grip_v7
10622872,2498,s1,grip_v7
10622874,2595,s1,grip_v7
10622876,2653,s1,grip_v7
10622878,2596,s1,grip_v7
10622880,2688,s1,grip_v7
10622882,2757,s1,grip_v7
10622884,2872,s1,grip_v7
10622886,2927,s1,grip_v7
10622888,2902,s1,grip_v7
10622890,3296,s1,grip_v7
10622892,3633,s1,grip_v7
10622894,3636,s1,grip_v7
10622896,3540,s1,grip_v7
10622898,3405,s1,grip_v7
10622900,3332,s1,grip_v7
10622902,3353,s1,grip_v7
10622904,3315,s1,grip_v7
10622906,3175,s1,grip_v7
10622908,3147,s1,grip_v7
10622910,3025,s1,grip_v7
10622912,3089,s1,grip_v7
10622914,3019,s1,grip_v7
10622916,2901,s1,grip_v7
10622918,2845,s1,grip_v7
10622920,2768,s1,grip_v7
10622922,2705,s1,grip_v7
10622924,2595,s1,grip_v7
10622926,2589,s1,grip_v7
10622928,2559,s1,grip_v7
10622930,2626,s1,grip_v7
10622932,2590,s1,grip_v7
10622934,2608,s1,grip_v7
10622936,2605,s1,grip_v7
10622938,2787,s1,grip_v7
10622940,2788,s1,grip_v7
10622942,2815,s1,grip_v7
10622944,2859,s1,grip_v7
10622946,2802,s1,grip_v7
10622948,2718,s1,grip_v7
10622950,2713,s1,grip_v7
10622952,2721,s1,grip_v7
10622954,2768,s1,grip_v7
10622956,2692,s1,grip_v7
10622958,2597,s1,grip_v7
10622960,2559,s1,grip_v7
10622962,2636,s1,grip_v7
10622964,2718,s1,grip_v7
10622966,2679,s1,grip_v7
10622968,2642,s1,grip_v7
10622970,2639,s1,grip_v7
10622972,2643,s1,grip_v7
10622974,2559,s1,grip_v7
10622976,2510,s1,grip_v7
10622978,2430,s1,grip_v7
10622980,2517,s1,grip_v7
10622982,2525,s1,grip_v7
10622984,2478,s1,grip_v7
10622986,2425,s1,grip_v7
10622988,2505,s1,grip_v7
10622990,2441,s1,grip_v7
10622992,2386,s1,grip_v7
10622994,2398,s1,grip_v7
10622996,2559,s1,grip_v7
10622998,2646,s1,grip_v7
10623000,3121,s1,grip_v7
10623002,3158,s1,grip_v7
10623004,3115,s1,grip_v7
10623006,3002,s1,grip_v7
10623008,3017,s1,grip_v7
10623010,2922,s1,grip_v7
10623012,2864,s1,grip_v7
10623014,3122,s1,grip_v7
10623016,3264,s1,grip_v7
10623018,3243,s1,grip_v7
10623020,3634,s1,grip_v7
10623022,3695,s1,grip_v7
10623024,3692,s1,grip_v7
10623026,3683,s1,grip_v7
10623028,3568,s1,grip_v7
10623030,3515,s1,grip_v7
10623032,3509,s1,grip_v7
10623034,3511,s1,grip_v7
10623036,3387,s1,grip_v7
10623038,3311,s1,grip_v7
10623040,3181,s1,grip_v7
10623042,3159,s1,grip_v7
10623044,3220,s1,grip_v7
10623046,3180,s1,grip_v7
10623048,3175,s1,grip_v7
10623050,3120,s1,grip_v7
10623052,3083,s1,grip_v7
10623054,3036,s1,grip_v7
10623056,3107,s1,grip_v7
10623058,3034,s1,grip_v7
10623060,2919,s1,grip_v7
10623062,2822,s1,grip_v7
10623064,2738,s1,grip_v7
10623066,2640,s1,grip_v7
10623068,2745,s1,grip_v7
10623070,2752,s1,grip_v7
10623072,2723,s1,grip_v7
10623074,2762,s1,grip_v7
10623076,2928,s1,grip_v7
10623078,2959,s1,grip_v7
10623080,3003,s1,grip_v7
10623082,2959,s1,grip_v7
10623084,2853,s1,grip_v7
10623086,2775,s1,grip_v7
10623088,2736,s1,grip_v7
10623090,2626,s1,grip_v7
10623092,2513,s1,grip_v7
10623094,2454,s1,grip_v7
10623096,2454,s1,grip_v7
10623098,2435,s1,grip_v7
10623100,2430,s1,grip_v7
10623102,2437,s1,grip_v7
10623104,2386,s1,grip_v7
10623106,2319,s1,grip_v7
10623108,2254,s1,grip_v7
10623110,2351,s1,grip_v7
10623112,2356,s1,grip_v7
10623114,2483,s1,grip_v7
10623116,2480,s1,grip_v7
10623118,2545,s1,grip_v7
10623120,2503,s1,grip_v7
10623122,2640,s1,grip_v7
10623124,2627,s1,grip_v7
10623126,2559,s1,grip_v7
10623128,2512,s1,grip_v7
10623130,2528,s1,grip_v7
10623132,2513,s1,grip_v7
10623134,2496,s1,grip_v7
10623136,2559,s1,grip_v7
10623138,2507,s1,grip_v7
10623140,2521,s1,grip_v7
10623142,2595,s1,grip_v7
10623144,2665,s1,grip_v7
10623146,2608,s1,grip_v7
10623148,2542,s1,grip_v7
10623150,2559,s1,grip_v7
10623152,2559,s1,grip_v7
10623154,2535,s1,grip_v7
10623156,2461,s1,grip_v7
10623158,2453,s1,grip_v7
10623160,2532,s1,grip_v7
10623162,2638,s1,grip_v7
10623164,2556,s1,grip_v7
10623166,2502,s1,grip_v7
10623168,2583,s1,grip_v7
10623170,2551,s1,grip_v7
10623172,2640,s1,grip_v7
10623174,2654,s1,grip_v7
10623176,2909,s1,grip_v7
10623178,3186,s1,grip_v7
10623180,3114,s1,grip_v7
10623182,3040,s1,grip_v7
10623184,3010,s1,grip_v7
10623186,2992,s1,grip_v7
10623188,2958,s1,grip_v7
10623190,2837,s1,grip_v7
10623192,2768,s1,grip_v7
10623194,2698,s1,grip_v7
10623196,2617,s1,grip_v7
10623198,2550,s1,grip_v7
10623200,2559,s1,grip_v7
10623202,2494,s1,grip_v7
10623204,2403,s1,grip_v7
10623206,2323,s1,grip_v7
10623208,2226,s1,grip_v7
10623210,2228,s1,grip_v7
10623212,2287,s1,grip_v7
10623214,2623,s1,grip_v7
10623216,2635,s1,grip_v7
10623218,2800,s1,grip_v7
10623220,2938,s1,grip_v7
10623222,2867,s1,grip_v7
10623224,2786,s1,grip_v7
10623226,2704,s1,grip_v7
10623228,2673,s1,grip_v7
10623230,2730,s1,grip_v7
10623232,2640,s1,grip_v7
10623234,2649,s1,grip_v7
10623236,2741,s1,grip_v7
10623238,2896,s1,grip_v7
10623240,2919,s1,grip_v7
10623242,2813,s1,grip_v7
10623244,2771,s1,grip_v7
10623246,2688,s1,grip_v7
10623248,2679,s1,grip_v7
10623250,2701,s1,grip_v7
10623252,2720,s1,grip_v7
10623254,2794,s1,grip_v7
10623256,2945,s1,grip_v7
10623258,2881,s1,grip_v7
10623260,2879,s1,grip_v7
10623262,2797,s1,grip_v7
10623264,2718,s1,grip_v7
10623266,2665,s1,grip_v7
10623268,2719,s1,grip_v7
10623270,2646,s1,grip_v7
10623272,2559,s1,grip_v7
10623274,2453,s1,grip_v7
10623276,2450,s1,grip_v7
10623278,2415,s1,grip_v7
10623280,2478,s1,grip_v7
10623282,2541,s1,grip_v7
10623284,2654,s1,grip_v7
10623286,2650,s1,grip_v7
10623288,2791,s1,grip_v7
10623290,2869,s1,grip_v7
10623292,2841,s1,grip_v7
10623294,2795,s1,grip_v7
10623296,2771,s1,grip_v7
10623298,2818,s1,grip_v7
10623300,2743,s1,grip_v7
10623302,2715,s1,grip_v7
10623304,2751,s1,grip_v7
10623306,2793,s1,grip_v7
10623308,2720,s1,grip_v7
10623310,2675,s1,grip_v7
10623312,2603,s1,grip_v7
10623314,2615,s1,grip_v7
10623316,2618,s1,grip_v7
10623318,2683,s1,grip_v7
10623320,2630,s1,grip_v7
10623322,2647,s1,grip_v7
10623324,2559,s1,grip_v7
10623326,2503,s1,grip_v7
10623328,2459,s1,grip_v7
10623330,2624,s1,grip_v7
10623332,2627,s1,grip_v7
10623334,2549,s1,grip_v7
10623336,2468,s1,grip_v7
10623338,2401,s1,grip_v7
10623340,2449,s1,grip_v7
10623342,2512,s1,grip_v7
10623344,2511,s1,grip_v7
10623346,2512,s1,grip_v7
10623348,2503,s1,grip_v7
10623350,2401,s1,grip_v7
10623352,2325,s1,grip_v7
10623354,2292,s1,grip_v7
10623356,2217,s1,grip_v7
10623358,2143,s1,grip_v7
10623360,2067,s1,grip_v7
10623362,2112,s1,grip_v7
10623364,2086,s1,grip_v7
10623366,2007,s1,grip_v7
10623368,1943,s1,grip_v7
10623370,2000,s1,grip_v7
10623372,2108,s1,grip_v7
10623374,2046,s1,grip_v7
10623376,1991,s1,grip_v7
10623378,1958,s1,grip_v7
10623380,1971,s1,grip_v7
10623382,1918,s1,grip_v7
10623384,1899,s1,grip_v7
10623386,2275,s1,grip_v7
10623388,2374,s1,grip_v7
10623390,2435,s1,grip_v7
10623392,2687,s1,grip_v7
10623394,2961,s1,grip_v7
10623396,2907,s1,grip_v7
10623398,2917,s1,grip_v7
10623400,2903,s1,grip_v7
10623402,3035,s1,grip_v7
10623404,3021,s1,grip_v7
10623406,3145,s1,grip_v7
10623408,3043,s1,grip_v7
10623410,3034,s1,grip_v7
10623412,2923,s1,grip_v7
10623414,2842,s1,grip_v7
10623416,2913,s1,grip_v7
10623418,2938,s1,grip_v7
10623420,2947,s1,grip_v7
10623422,2863,s1,grip_v7
10623424,2803,s1,grip_v7
10623426,2801,s1,grip_v7
10623428,2716,s1,grip_v7
10623430,2608,s1,grip_v7
10623432,2534,s1,grip_v7
10623434,2496,s1,grip_v7
10623436,2439,s1,grip_v7
10623438,2491,s1,grip_v7
10623440,2480,s1,grip_v7
10623442,2417,s1,grip_v7
10623444,2395,s1,grip_v7
10623446,2389,s1,grip_v7
10623448,2370,s1,grip_v7
10623450,2291,s1,grip_v7
10623452,2322,s1,grip_v7
10623454,2262,s1,grip_v7
10623456,2249,s1,grip_v7
10623458,2213,s1,grip_v7
10623460,2240,s1,grip_v7
10623462,2195,s1,grip_v7
10623464,2160,s1,grip_v7
10623466,2101,s1,grip_v7
10623468,2158,s1,grip_v7
10623470,2173,s1,grip_v7
10623472,2121,s1,grip_v7
10623474,2102,s1,grip_v7
10623476,2162,s1,grip_v7
10623478,2197,s1,grip_v7
10623480,2119,s1,grip_v7
10623482,2017,s1,grip_v7
10623484,1965,s1,grip_v7
10623486,1945,s1,grip_v7
10623488,1942,s1,grip_v7
10623490,1980,s1,grip_v7
10623492,1925,s1,grip_v7
10623494,1913,s1,grip_v7
10623496,2174,s1,grip_v7
10623498,2501,s1,grip_v7
10623500,2487,s1,grip_v7
10623502,2557,s1,grip_v7
10623504,2743,s1,grip_v7
10623506,2779,s1,grip_v7
10623508,2741,s1,grip_v7
10623510,2716,s1,grip_v7
10623512,2686,s1,grip_v7
10623514,2709,s1,grip_v7
10623516,2662,s1,grip_v7
10623518,2651,s1,grip_v7
10623520,2608,s1,grip_v7
10623522,2720,s1,grip_v7
10623524,2662,s1,grip_v7
10623526,2676,s1,grip_v7
10623528,2559,s1,grip_v7
10623530,2530,s1,grip_v7
10623532,2559,s1,grip_v7
10623534,2606,s1,grip_v7
10623536,2546,s1,grip_v7
10623538,2634,s1,grip_v7
10623540,2655,s1,grip_v7
10623542,2601,s1,grip_v7
10623544,2597,s1,grip_v7
10623546,2519,s1,grip_v7
10623548,2464,s1,grip_v7
10623550,2415,s1,grip_v7
10623552,2539,s1,grip_v7
10623554,2512,s1,grip_v7
10623556,2602,s1,grip_v7
10623558,2549,s1,grip_v7
10623560,2470,s1,grip_v7
10623562,2394,s1,grip_v7
10623564,2370,s1,grip_v7
10623566,2319,s1,grip_v7
10623568,2274,s1,grip_v7
10623570,2217,s1,grip_v7
10623572,2183,s1,grip_v7
10623574,2112,s1,grip_v7
10623576,2035,s1,grip_v7
10623578,1990,s1,grip_v7
10623580,2081,s1,grip_v7
10623582,2077,s1,grip_v7
10623584,2002,s1,grip_v7
10623586,1987,s1,grip_v7
10623588,2071,s1,grip_v7
10623590,2067,s1,grip_v7
10623592,2065,s1,grip_v7
10623594,2034,s1,grip_v7
10623596,2159,s1,grip_v7
10623598,2122,s1,grip_v7
10623600,2081,s1,grip_v7
10623602,2111,s1,grip_v7
10623604,2143,s1,grip_v7
10623606,2211,s1,grip_v7
10623608,2177,s1,grip_v7
10623610,2224,s1,grip_v7
10623612,2177,s1,grip_v7
10623614,2189,s1,grip_v7
10623616,2203,s1,grip_v7
10623618,2166,s1,grip_v7
10623620,2187,s1,grip_v7
10623622,2169,s1,grip_v7
10623624,2087,s1,grip_v7
10623626,2031,s1,grip_v7
10623628,1968,s1,grip_v7
10623630,2015,s1,grip_v7
10623632,1999,s1,grip_v7
10623634,1973,s1,grip_v7
10623636,1936,s1,grip_v7
10623638,1978,s1,grip_v7
10623640,1963,s1,grip_v7
10623642,1936,s1,grip_v7
10623644,1952,s1,grip_v7
10623646,2047,s1,grip_v7
10623648,2043,s1,grip_v7
10623650,2015,s1,grip_v7
10623652,2055,s1,grip_v7
10623654,2031,s1,grip_v7
10623656,1993,s1,grip_v7
10623658,1905,s1,grip_v7
10623660,1891,s1,grip_v7
10623662,1871,s1,grip_v7
10623664,1947,s1,grip_v7
10623666,1931,s1,grip_v7
10623668,1904,s1,grip_v7
10623670,1897,s1,grip_v7
10623672,1843,s1,grip_v7
10623674,1805,s1,grip_v7
10623676,1825,s1,grip_v7
10623678,1867,s1,grip_v7
10623680,1791,s1,grip_v7
10623682,1754,s1,grip_v7
10623684,1743,s1,grip_v7
10623686,1840,s1,grip_v7
10623688,1790,s1,grip_v7
10623690,1787,s1,grip_v7
10623692,1781,s1,grip_v7
10623694,1851,s1,grip_v7
10623696,1819,s1,grip_v7
10623698,1875,s1,grip_v7
10623700,1938,s1,grip_v7
10623702,2000,s1,grip_v7
10623704,1959,s1,grip_v7
10623706,1943,s1,grip_v7
10623708,1869,s1,grip_v7
10623710,1958,s1,grip_v7
10623712,1936,s1,grip_v7
10623714,1945,s1,grip_v7
10623716,1908,s1,grip_v7
10623718,1919,s1,grip_v7
10623720,1901,s1,grip_v7
10623722,1967,s1,grip_v7
10623724,1963,s1,grip_v7
10623726,1965,s1,grip_v7
10623728,1936,s1,grip_v7
10623730,1904,s1,grip_v7
10623732,1847,s1,grip_v7
10623734,1787,s1,grip_v7
10623736,1728,s1,grip_v7
10623738,1724,s1,grip_v7
10623740,1706,s1,grip_v7
10623742,1678,s1,grip_v7
10623744,1698,s1,grip_v7
10623746,1742,s1,grip_v7
10623748,1757,s1,grip_v7
10623750,1690,s1,grip_v7
10623752,1699,s1,grip_v7
10623754,1739,s1,grip_v7
10623756,1762,s1,grip_v7
10623758,1806,s1,grip_v7
10623760,1857,s1,grip_v7
10623762,1914,s1,grip_v7
10623764,1907,s1,grip_v7
10623766,2000,s1,grip_v7
10623768,2043,s1,grip_v7
10623770,2066,s1,grip_v7
10623772,2171,s1,grip_v7
10623774,2147,s1,grip_v7
10623776,2075,s1,grip_v7
10623778,1997,s1,grip_v7
10623780,1987,s1,grip_v7
10623782,1930,s1,grip_v7
10623784,1866,s1,grip_v7
10623786,1852,s1,grip_v7
10623788,1803,s1,grip_v7
10623790,1763,s1,grip_v7
10623792,1808,s1,grip_v7
10623794,1889,s1,grip_v7
10623796,1840,s1,grip_v7
10623798,1824,s1,grip_v7
10623800,1851,s1,grip_v7
10623802,2000,s1,grip_v7
10623804,1985,s1,grip_v7
10623806,2096,s1,grip_v7
10623808,2098,s1,grip_v7
10623810,2131,s1,grip_v7
10623812,2139,s1,grip_v7
10623814,2127,s1,grip_v7
10623816,2145,s1,grip_v7
10623818,2192,s1,grip_v7
10623820,2266,s1,grip_v7
10623822,2192,s1,grip_v7
10623824,2103,s1,grip_v7
10623826,2112,s1,grip_v7
10623828,2125,s1,grip_v7
10623830,2097,s1,grip_v7
10623832,2067,s1,grip_v7
10623834,2087,s1,grip_v7
10623836,2055,s1,grip_v7
10623838,2113,s1,grip_v7
10623840,2126,s1,grip_v7
10623842,2069,s1,grip_v7
10623844,2139,s1,grip_v7
10623846,2128,s1,grip_v7
10623848,2135,s1,grip_v7
10623850,2147,s1,grip_v7
10623852,2225,s1,grip_v7
10623854,2224,s1,grip_v7
10623856,2355,s1,grip_v7
10623858,2311,s1,grip_v7
10623860,2218,s1,grip_v7
10623862,2221,s1,grip_v7
10623864,2163,s1,grip_v7
10623866,2129,s1,grip_v7
10623868,2097,s1,grip_v7
10623870,2026,s1,grip_v7
10623872,1957,s1,grip_v7
10623874,1870,s1,grip_v7
10623876,1861,s1,grip_v7
10623878,1842,s1,grip_v7
10623880,1886,s1,grip_v7
10623882,1897,s1,grip_v7
10623884,1878,s1,grip_v7
10623886,1851,s1,grip_v7
10623888,1905,s1,grip_v7
10623890,1867,s1,grip_v7
10623892,1791,s1,grip_v7
10623894,1793,s1,grip_v7
10623896,1739,s1,grip_v7
10623898,1677,s1,grip_v7
10623900,1623,s1,grip_v7
10623902,1696,s1,grip_v7
10623904,1671,s1,grip_v7
10623906,1634,s1,grip_v7
10623908,1595,s1,grip_v7
10623910,1600,s1,grip_v7
10623912,1535,s1,grip_v7
10623914,1523,s1,grip_v7
10623916,1504,s1,grip_v7
10623918,1557,s1,grip_v7
10623920,1600,s1,grip_v7
10623922,1584,s1,grip_v7
10623924,1615,s1,grip_v7
10623926,1787,s1,grip_v7
10623928,1926,s1,grip_v7
10623930,1875,s1,grip_v7
10623932,1919,s1,grip_v7
10623934,1962,s1,grip_v7
10623936,2047,s1,grip_v7
10623938,1987,s1,grip_v7
10623940,1940,s1,grip_v7
10623942,2041,s1,grip_v7
10623944,2105,s1,grip_v7
10623946,2096,s1,grip_v7
10623948,2061,s1,grip_v7
10623950,1968,s1,grip_v7
10623952,2095,s1,grip_v7
10623954,2093,s1,grip_v7
10623956,2154,s1,grip_v7
10623958,2135,s1,grip_v7
10623960,2128,s1,grip_v7
10623962,2078,s1,grip_v7
10623964,2186,s1,grip_v7
10623966,2223,s1,grip_v7
10623968,2202,s1,grip_v7
10623970,2272,s1,grip_v7
10623972,2451,s1,grip_v7
10623974,2433,s1,grip_v7
10623976,2351,s1,grip_v7
10623978,2288,s1,grip_v7
10623980,2400,s1,grip_v7
10623982,2388,s1,grip_v7
10623984,2327,s1,grip_v7
10623986,2364,s1,grip_v7
10623988,2321,s1,grip_v7
10623990,2367,s1,grip_v7
10623992,2369,s1,grip_v7
10623994,2384,s1,grip_v7
10623996,2346,s1,grip_v7
10623998,2369,s1,grip_v7
10624000,2306,s1,grip_v7
10624002,2309,s1,grip_v7
10624004,2242,s1,grip_v7
10624006,2204,s1,grip_v7
10624008,2133,s1,grip_v7
10624010,2062,s1,grip_v7
10624012,2132,s1,grip_v7
10624014,2100,s1,grip_v7
10624016,2019,s1,grip_v7
10624018,2014,s1,grip_v7
10624020,1998,s1,grip_v7
10624022,2139,s1,grip_v7
10624024,2186,s1,grip_v7
10624026,2147,s1,grip_v7
10624028,2123,s1,grip_v7
10624030,2155,s1,grip_v7
10624032,2091,s1,grip_v7
10624034,2013,s1,grip_v7
10624036,2083,s1,grip_v7
10624038,2005,s1,grip_v7
10624040,1931,s1,grip_v7
10624042,1933,s1,grip_v7
10624044,2030,s1,grip_v7
10624046,2032,s1,grip_v7
10624048,2086,s1,grip_v7
10624050,2032,s1,grip_v7
10624052,1970,s1,grip_v7
10624054,1906,s1,grip_v7
10624056,1877,s1,grip_v7
10624058,1867,s1,grip_v7
10624060,1870,s1,grip_v7
10624062,1872,s1,grip_v7
10624064,1855,s1,grip_v7
10624066,1787,s1,grip_v7
10624068,1869,s1,grip_v7
10624070,1889,s1,grip_v7
10624072,1958,s1,grip_v7
10624074,2032,s1,grip_v7
10624076,2079,s1,grip_v7
10624078,2058,s1,grip_v7
10624080,2066,s1,grip_v7
10624082,2035,s1,grip_v7
10624084,2031,s1,grip_v7
10624086,2032,s1,grip_v7
10624088,2098,s1,grip_v7
10624090,2158,s1,grip_v7
10624092,2077,s1,grip_v7
10624094,1994,s1,grip_v7
10624096,2001,s1,grip_v7
10624098,1953,s1,grip_v7
10624100,1904,s1,grip_v7
10624102,2020,s1,grip_v7
10624104,2002,s1,grip_v7
10624106,1953,s1,grip_v7
10624108,1883,s1,grip_v7
10624110,1959,s1,grip_v7
10624112,1950,s1,grip_v7
10624114,2065,s1,grip_v7
10624116,2101,s1,grip_v7
10624118,2064,s1,grip_v7
10624120,2027,s1,grip_v7
10624122,2057,s1,grip_v7
10624124,1976,s1,grip_v7
10624126,1999,s1,grip_v7
10624128,2047,s1,grip_v7
10624130,1975,s1,grip_v7
10624132,1895,s1,grip_v7
10624134,1840,s1,grip_v7
10624136,1887,s1,grip_v7
10624138,1834,s1,grip_v7
10624140,1759,s1,grip_v7
10624142,1697,s1,grip_v7
10624144,1703,s1,grip_v7
10624146,1676,s1,grip_v7
10624148,1616,s1,grip_v7
10624150,1573,s1,grip_v7
10624152,1594,s1,grip_v7
10624154,1648,s1,grip_v7
10624156,1655,s1,grip_v7
10624158,1650,s1,grip_v7
10624160,1789,s1,grip_v7
10624162,1810,s1,grip_v7
10624164,1914,s1,grip_v7
10624166,2020,s1,grip_v7
10624168,2237,s1,grip_v7
10624170,2320,s1,grip_v7
10624172,2514,s1,grip_v7
10624174,2745,s1,grip_v7
10624176,2778,s1,grip_v7
10624178,2758,s1,grip_v7
10624180,2720,s1,grip_v7
10624182,2719,s1,grip_v7
10624184,2684,s1,grip_v7
10624186,2631,s1,grip_v7
10624188,2670,s1,grip_v7
10624190,2630,s1,grip_v7
10624192,2516,s1,grip_v7
10624194,2463,s1,grip_v7
10624196,2378,s1,grip_v7
10624198,2370,s1,grip_v7
10624200,2380,s1,grip_v7
10624202,2406,s1,grip_v7
10624204,2381,s1,grip_v7
10624206,2354,s1,grip_v7
10624208,2267,s1,grip_v7
10624210,2254,s1,grip_v7
10624212,2209,s1,grip_v7
10624214,2173,s1,grip_v7
10624216,2147,s1,grip_v7
10624218,2143,s1,grip_v7
10624220,2097,s1,grip_v7
10624222,2059,s1,grip_v7
10624224,2010,s1,grip_v7
10624226,2005,s1,grip_v7
10624228,1927,s1,grip_v7
10624230,1921,s1,grip_v7
10624232,2022,s1,grip_v7
10624234,2012,s1,grip_v7
10624236,2089,s1,grip_v7
10624238,2071,s1,grip_v7
10624240,2084,s1,grip_v7
10624242,2029,s1,grip_v7
10624244,2046,s1,grip_v7
10624246,2014,s1,grip_v7
10624248,2011,s1,grip_v7
10624250,1943,s1,grip_v7
10624252,1994,s1,grip_v7
10624254,1975,s1,grip_v7
10624256,2010,s1,grip_v7
10624258,1951,s1,grip_v7
10624260,1887,s1,grip_v7
10624262,1855,s1,grip_v7
10624264,1807,s1,grip_v7
10624266,1739,s1,grip_v7
10624268,1744,s1,grip_v7
10624270,1727,s1,grip_v7
10624272,1804,s1,grip_v7
10624274,1808,s1,grip_v7
10624276,1792,s1,grip_v7
10624278,1720,s1,grip_v7
10624280,1722,s1,grip_v7
10624282,1663,s1,grip_v7
10624284,1670,s1,grip_v7
10624286,1835,s1,grip_v7
10624288,1840,s1,grip_v7
10624290,1906,s1,grip_v7
10624292,1876,s1,grip_v7
10624294,1913,s1,grip_v7
10624296,1887,s1,grip_v7
10624298,1855,s1,grip_v7
10624300,1825,s1,grip_v7
10624302,1808,s1,grip_v7
10624304,1802,s1,grip_v7
10624306,1776,s1,grip_v7
10624308,1761,s1,grip_v7
10624310,1863,s1,grip_v7
10624312,1842,s1,grip_v7
10624314,1939,s1,grip_v7
10624316,1933,s1,grip_v7
10624318,1910,s1,grip_v7
10624320,1933,s1,grip_v7
10624322,1856,s1,grip_v7
10624324,1841,s1,grip_v7
10624326,1863,s1,grip_v7
10624328,1865,s1,grip_v7
10624330,1813,s1,grip_v7
10624332,1751,s1,grip_v7
10624334,1728,s1,grip_v7
10624336,1831,s1,grip_v7
10624338,1764,s1,grip_v7
10624340,1712,s1,grip_v7
10624342,1734,s1,grip_v7
10624344,1789,s1,grip_v7
10624346,1744,s1,grip_v7
10624348,1746,s1,grip_v7
10624350,1718,s1,grip_v7
10624352,1726,s1,grip_v7
10624354,1698,s1,grip_v7
10624356,1648,s1,grip_v7
10624358,1643,s1,grip_v7
10624360,1632,s1,grip_v7
10624362,1593,s1,grip_v7
10624364,1701,s1,grip_v7
10624366,1683,s1,grip_v7
10624368,1639,s1,grip_v7
10624370,1648,s1,grip_v7
10624372,1782,s1,grip_v7
10624374,1743,s1,grip_v7
10624376,1686,s1,grip_v7
10624378,1663,s1,grip_v7
10624380,1712,s1,grip_v7
10624382,1702,s1,grip_v7
10624384,1712,s1,grip_v7
10624386,1702,s1,grip_v7
10624388,1702,s1,grip_v7
10624390,1702,s1,grip_v7
10624392,1706,s1,grip_v7
10624394,1687,s1,grip_v7
10624396,1737,s1,grip_v7
10624398,1744,s1,grip_v7
10624400,1721,s1,grip_v7
10624402,1759,s1,grip_v7
10624404,1743,s1,grip_v7
10624406,1757,s1,grip_v7
10624408,1787,s1,grip_v7
10624410,1837,s1,grip_v7
10624412,1858,s1,grip_v7
10624414,1982,s1,grip_v7
10624416,1946,s1,grip_v7
10624418,1898,s1,grip_v7
10624420,1830,s1,grip_v7
10624422,1835,s1,grip_v7
10624424,1790,s1,grip_v7
10624426,1744,s1,grip_v7
10624428,1743,s1,grip_v7
10624430,1672,s1,grip_v7
10624432,1635,s1,grip_v7
10624434,1757,s1,grip_v7
10624436,1936,s1,grip_v7
10624438,1985,s1,grip_v7
10624440,2073,s1,grip_v7
10624442,2078,s1,grip_v7
10624444,2054,s1,grip_v7
10624446,1973,s1,grip_v7
10624448,1971,s1,grip_v7
10624450,2170,s1,grip_v7
10624452,2242,s1,grip_v7
10624454,2354,s1,grip_v7
10624456,2544,s1,grip_v7
10624458,2535,s1,grip_v7
10624460,2496,s1,grip_v7
10624462,2445,s1,grip_v7
10624464,2485,s1,grip_v7
10624466,2487,s1,grip_v7
10624468,2512,s1,grip_v7
10624470,2480,s1,grip_v7
10624472,2541,s1,grip_v7
10624474,2559,s1,grip_v7
10624476,2608,s1,grip_v7
10624478,2606,s1,grip_v7
10624480,2653,s1,grip_v7
10624482,2608,s1,grip_v7
10624484,2634,s1,grip_v7
10624486,2640,s1,grip_v7
10624488,2720,s1,grip_v7
10624490,2864,s1,grip_v7
10624492,2859,s1,grip_v7
10624494,2810,s1,grip_v7
10624496,2819,s1,grip_v7
10624498,2848,s1,grip_v7
10624500,2799,s1,grip_v7
10624502,2768,s1,grip_v7
10624504,2672,s1,grip_v7
10624506,2559,s1,grip_v7
10624508,2471,s1,grip_v7
10624510,2522,s1,grip_v7
10624512,2542,s1,grip_v7
10624514,2469,s1,grip_v7
10624516,2477,s1,grip_v7
10624518,2525,s1,grip_v7
10624520,2555,s1,grip_v7
10624522,2506,s1,grip_v7
10624524,2606,s1,grip_v7
10624526,2718,s1,grip_v7
10624528,2710,s1,grip_v7
10624530,2746,s1,grip_v7
10624532,2747,s1,grip_v7
10624534,2736,s1,grip_v7
10624536,2795,s1,grip_v7
10624538,2770,s1,grip_v7
10624540,2785,s1,grip_v7
10624542,2762,s1,grip_v7
10624544,2761,s1,grip_v7
10624546,2714,s1,grip_v7
10624548,2737,s1,grip_v7
10624550,2757,s1,grip_v7
10624552,2824,s1,grip_v7
10624554,2800,s1,grip_v7
10624556,2911,s1,grip_v7
10624558,2871,s1,grip_v7
10624560,2815,s1,grip_v7
10624562,2754,s1,grip_v7
10624564,2779,s1,grip_v7
10624566,2723,s1,grip_v7
10624568,2715,s1,grip_v7
10624570,2672,s1,grip_v7
10624572,2749,s1,grip_v7
10624574,2768,s1,grip_v7
10624576,2811,s1,grip_v7
10624578,2798,s1,grip_v7
10624580,2791,s1,grip_v7
10624582,2875,s1,grip_v7
10624584,2871,s1,grip_v7
10624586,2805,s1,grip_v7
10624588,2807,s1,grip_v7
10624590,2768,s1,grip_v7
10624592,2745,s1,grip_v7
10624594,2726,s1,grip_v7
10624596,2795,s1,grip_v7
10624598,2785,s1,grip_v7
10624600,2685,s1,grip_v7
10624602,2640,s1,grip_v7
10624604,2593,s1,grip_v7
10624606,2559,s1,grip_v7
10624608,2499,s1,grip_v7
10624610,2457,s1,grip_v7
10624612,2407,s1,grip_v7
10624614,2350,s1,grip_v7
10624616,2321,s1,grip_v7
10624618,2356,s1,grip_v7
10624620,2353,s1,grip_v7
10624622,2379,s1,grip_v7
10624624,2402,s1,grip_v7
10624626,2386,s1,grip_v7
10624628,2358,s1,grip_v7
10624630,2332,s1,grip_v7
10624632,2271,s1,grip_v7
10624634,2346,s1,grip_v7
10624636,2375,s1,grip_v7
10624638,2384,s1,grip_v7
10624640,2428,s1,grip_v7
10624642,2428,s1,grip_v7
10624644,2416,s1,grip_v7
10624646,2422,s1,grip_v7
10624648,2413,s1,grip_v7
10624650,2364,s1,grip_v7
10624652,2384,s1,grip_v7
10624654,2410,s1,grip_v7
10624656,2320,s1,grip_v7
10624658,2239,s1,grip_v7
10624660,2384,s1,grip_v7
10624662,2402,s1,grip_v7
10624664,2342,s1,grip_v7
10624666,2243,s1,grip_v7
10624668,2191,s1,grip_v7
10624670,2179,s1,grip_v7
10624672,2087,s1,grip_v7
10624674,2033,s1,grip_v7
10624676,2187,s1,grip_v7
10624678,2162,s1,grip_v7
10624680,2187,s1,grip_v7
10624682,2352,s1,grip_v7
10624684,2402,s1,grip_v7
10624686,2320,s1,grip_v7
10624688,2256,s1,grip_v7
10624690,2225,s1,grip_v7
10624692,2154,s1,grip_v7
10624694,2180,s1,grip_v7
10624696,2160,s1,grip_v7
10624698,2182,s1,grip_v7
10624700,2113,s1,grip_v7
10624702,2119,s1,grip_v7
10624704,2163,s1,grip_v7
10624706,2123,s1,grip_v7
10624708,2150,s1,grip_v7
10624710,2257,s1,grip_v7
10624712,2195,s1,grip_v7
10624714,2140,s1,grip_v7
10624716,2055,s1,grip_v7
10624718,2064,s1,grip_v7
10624720,2105,s1,grip_v7
10624722,2085,s1,grip_v7
10624724,2175,s1,grip_v7
10624726,2174,s1,grip_v7
10624728,2231,s1,grip_v7
10624730,2241,s1,grip_v7
10624732,2256,s1,grip_v7
10624734,2189,s1,grip_v7
10624736,2234,s1,grip_v7
10624738,2201,s1,grip_v7
10624740,2135,s1,grip_v7
10624742,2096,s1,grip_v7
10624744,2044,s1,grip_v7
10624746,1986,s1,grip_v7
10624748,1931,s1,grip_v7
10624750,1856,s1,grip_v7
10624752,1895,s1,grip_v7
10624754,1861,s1,grip_v7
10624756,1840,s1,grip_v7
10624758,1767,s1,grip_v7
10624760,1808,s1,grip_v7
10624762,1790,s1,grip_v7
10624764,1771,s1,grip_v7
10624766,1696,s1,grip_v7
10624768,1707,s1,grip_v7
10624770,1716,s1,grip_v7
10624772,1681,s1,grip_v7
10624774,1612,s1,grip_v7
10624776,1611,s1,grip_v7
10624778,1725,s1,grip_v7
10624780,1686,s1,grip_v7
10624782,1691,s1,grip_v7
10624784,1659,s1,grip_v7
10624786,1680,s1,grip_v7
10624788,1669,s1,grip_v7
10624790,1671,s1,grip_v7
10624792,1619,s1,grip_v7
10624794,1664,s1,grip_v7
10624796,1703,s1,grip_v7
10624798,1733,s1,grip_v7
10624800,1685,s1,grip_v7
10624802,1669,s1,grip_v7
10624804,1712,s1,grip_v7
10624806,1703,s1,grip_v7
10624808,1650,s1,grip_v7
10624810,1618,s1,grip_v7
10624812,1613,s1,grip_v7
10624814,1602,s1,grip_v7
10624816,1577,s1,grip_v7
10624818,1598,s1,grip_v7
10624820,1655,s1,grip_v7
10624822,1646,s1,grip_v7
10624824,1671,s1,grip_v7
10624826,1755,s1,grip_v7
10624828,1782,s1,grip_v7
10624830,1867,s1,grip_v7
10624832,1902,s1,grip_v7
10624834,1835,s1,grip_v7
10624836,1788,s1,grip_v7
10624838,1831,s1,grip_v7
10624840,1872,s1,grip_v7
10624842,1810,s1,grip_v7
10624844,1776,s1,grip_v7
10624846,1804,s1,grip_v7
10633870,1888,s1,grip_v7
10633872,1860,s1,grip_v7
10633874,1840,s1,grip_v7
10633876,1821,s1,grip_v7
10633878,1788,s1,grip_v7
10633880,1743,s1,grip_v7
10633882,1694,s1,grip_v7
10633884,1643,s1,grip_v7
10633886,1613,s1,grip_v7
10633888,1605,s1,grip_v7
10633890,1666,s1,grip_v7
10633892,1764,s1,grip_v7
10633894,1758,s1,grip_v7
10633896,1762,s1,grip_v7
10633898,1922,s1,grip_v7
10633900,1979,s1,grip_v7
10633902,1943,s1,grip_v7
10633904,1969,s1,grip_v7
10633906,1933,s1,grip_v7
10633908,1899,s1,grip_v7
10633910,1840,s1,grip_v7
10633912,1828,s1,grip_v7
10633914,1782,s1,grip_v7
10633916,1798,s1,grip_v7
10633918,1755,s1,grip_v7
10633920,1741,s1,grip_v7
10633922,1744,s1,grip_v7
10633924,1687,s1,grip_v7
10633926,1690,s1,grip_v7
10633928,1793,s1,grip_v7
10633930,1819,s1,grip_v7
10633932,1923,s1,grip_v7
10633934,1942,s1,grip_v7
10633936,1924,s1,grip_v7
10633938,1939,s1,grip_v7
10633940,1962,s1,grip_v7
10633942,1946,s1,grip_v7
10633944,1886,s1,grip_v7
10633946,1823,s1,grip_v7
10633948,1791,s1,grip_v7
10633950,1767,s1,grip_v7
10633952,1723,s1,grip_v7
10633954,1712,s1,grip_v7
10633956,1742,s1,grip_v7
10633958,1853,s1,grip_v7
10633960,1853,s1,grip_v7
10633962,1840,s1,grip_v7
10633964,1791,s1,grip_v7
10633966,1759,s1,grip_v7
10633968,1726,s1,grip_v7
10633970,1722,s1,grip_v7
10633972,1728,s1,grip_v7
10633974,1854,s1,grip_v7
10633976,1823,s1,grip_v7
10633978,1787,s1,grip_v7
10633980,1757,s1,grip_v7
10633982,1810,s1,grip_v7
10633984,1807,s1,grip_v7
10633986,1795,s1,grip_v7
10633988,1849,s1,grip_v7
10633990,1863,s1,grip_v7
10633992,1856,s1,grip_v7
10633994,1858,s1,grip_v7
10633996,1873,s1,grip_v7
10633998,1918,s1,grip_v7
10634000,1941,s1,grip_v7
10634002,1879,s1,grip_v7
10634004,1882,s1,grip_v7
10634006,1919,s1,grip_v7
10634008,1993,s1,grip_v7
10634010,2000,s1,grip_v7
10634012,1943,s1,grip_v7
10634014,2000,s1,grip_v7
10634016,1968,s1,grip_v7
10634018,1885,s1,grip_v7
10634020,1917,s1,grip_v7
10634022,1909,s1,grip_v7
10634024,1951,s1,grip_v7
10634026,1886,s1,grip_v7
10634028,1846,s1,grip_v7
10634030,1801,s1,grip_v7
10634032,1775,s1,grip_v7
10634034,1743,s1,grip_v7
10634036,1843,s1,grip_v7
10634038,1872,s1,grip_v7
10634040,1928,s1,grip_v7
10634042,1962,s1,grip_v7
10634044,1886,s1,grip_v7
10634046,1872,s1,grip_v7
10634048,1904,s1,grip_v7
10634050,1904,s1,grip_v7
10634052,1846,s1,grip_v7
10634054,1851,s1,grip_v7
10634056,1826,s1,grip_v7
10634058,1869,s1,grip_v7
10634060,1808,s1,grip_v7
10634062,1808,s1,grip_v7
10634064,1760,s1,grip_v7
10634066,1782,s1,grip_v7
10634068,1766,s1,grip_v7
10634070,1805,s1,grip_v7
10634072,1791,s1,grip_v7
10634074,1840,s1,grip_v7
10634076,1815,s1,grip_v7
10634078,1891,s1,grip_v7
10634080,1998,s1,grip_v7
10634082,2063,s1,grip_v7
10634084,2133,s1,grip_v7
10634086,2149,s1,grip_v7
10634088,2144,s1,grip_v7
10634090,2160,s1,grip_v7
10634092,2209,s1,grip_v7
10634094,2137,s1,grip_v7
10634096,2082,s1,grip_v7
10634098,2179,s1,grip_v7
10634100,2163,s1,grip_v7
10634102,2166,s1,grip_v7
10634104,2182,s1,grip_v7
10634106,2185,s1,grip_v7
10634108,2310,s1,grip_v7
10634110,2259,s1,grip_v7
10634112,2183,s1,grip_v7
10634114,2115,s1,grip_v7
10634116,2154,s1,grip_v7
10634118,2151,s1,grip_v7
10634120,2162,s1,grip_v7
10634122,2110,s1,grip_v7
10634124,2157,s1,grip_v7
10634126,2126,s1,grip_v7
10634128,2128,s1,grip_v7
10634130,2128,s1,grip_v7
10634132,2118,s1,grip_v7
10634134,2041,s1,grip_v7
10634136,2018,s1,grip_v7
10634138,2055,s1,grip_v7
10634140,2057,s1,grip_v7
10634142,2130,s1,grip_v7
10634144,2203,s1,grip_v7
10634146,2214,s1,grip_v7
10634148,2343,s1,grip_v7
10634150,2387,s1,grip_v7
10634152,2330,s1,grip_v7
10634154,2413,s1,grip_v7
10634156,2402,s1,grip_v7
10634158,2448,s1,grip_v7
10634160,2467,s1,grip_v7
10634162,2531,s1,grip_v7
10634164,2462,s1,grip_v7
10634166,2415,s1,grip_v7
10634168,2469,s1,grip_v7
10634170,2559,s1,grip_v7
10634172,2531,s1,grip_v7
10634174,2605,s1,grip_v7
10634176,2559,s1,grip_v7
10634178,2480,s1,grip_v7
10634180,2428,s1,grip_v7
10634182,2353,s1,grip_v7
10634184,2288,s1,grip_v7
10634186,2231,s1,grip_v7
10634188,2221,s1,grip_v7
10634190,2254,s1,grip_v7
10634192,2225,s1,grip_v7
10634194,2159,s1,grip_v7
10634196,2112,s1,grip_v7
10634198,2220,s1,grip_v7
10634200,2257,s1,grip_v7
10634202,2173,s1,grip_v7
10634204,2170,s1,grip_v7
10634206,2126,s1,grip_v7
10634208,2133,s1,grip_v7
10634210,2139,s1,grip_v7
10634212,2231,s1,grip_v7
10634214,2180,s1,grip_v7
10634216,2195,s1,grip_v7
10634218,2193,s1,grip_v7
10634220,2224,s1,grip_v7
10634222,2185,s1,grip_v7
10634224,2286,s1,grip_v7
10634226,2288,s1,grip_v7
10634228,2224,s1,grip_v7
10634230,2187,s1,grip_v7
10634232,2223,s1,grip_v7
10634234,2182,s1,grip_v7
10634236,2128,s1,grip_v7
10634238,2122,s1,grip_v7
10634240,2109,s1,grip_v7
10634242,2090,s1,grip_v7
10634244,2010,s1,grip_v7
10634246,2062,s1,grip_v7
10634248,2011,s1,grip_v7
10634250,1961,s1,grip_v7
10634252,1938,s1,grip_v7
10634254,1968,s1,grip_v7
10634256,1966,s1,grip_v7
10634258,1905,s1,grip_v7
10634260,1843,s1,grip_v7
10634262,1890,s1,grip_v7
10634264,1866,s1,grip_v7
10634266,1853,s1,grip_v7
10634268,1810,s1,grip_v7
10634270,1834,s1,grip_v7
10634272,1803,s1,grip_v7
10634274,1763,s1,grip_v7
10634276,1681,s1,grip_v7
10634278,1698,s1,grip_v7
10634280,1745,s1,grip_v7
10634282,1733,s1,grip_v7
10634284,1755,s1,grip_v7
10634286,1712,s1,grip_v7
10634288,1717,s1,grip_v7
10634290,1754,s1,grip_v7
10634292,1701,s1,grip_v7
10634294,1643,s1,grip_v7
10634296,1678,s1,grip_v7
10634298,1679,s1,grip_v7
10634300,1664,s1,grip_v7
10634302,1604,s1,grip_v7
10634304,1654,s1,grip_v7
10634306,1698,s1,grip_v7
10634308,1812,s1,grip_v7
10634310,1806,s1,grip_v7
10634312,1759,s1,grip_v7
10634314,1734,s1,grip_v7
10634316,1697,s1,grip_v7
10634318,1623,s1,grip_v7
10634320,1616,s1,grip_v7
10634322,1607,s1,grip_v7
10634324,1635,s1,grip_v7
10634326,1617,s1,grip_v7
10634328,1595,s1,grip_v7
10634330,1569,s1,grip_v7
10634332,1566,s1,grip_v7
10634334,1527,s1,grip_v7
10634336,1520,s1,grip_v7
10634338,1571,s1,grip_v7
10634340,1613,s1,grip_v7
10634342,1555,s1,grip_v7
10634344,1504,s1,grip_v7
10634346,1669,s1,grip_v7
10634348,1699,s1,grip_v7
10634350,1790,s1,grip_v7
10634352,1829,s1,grip_v7
10634354,1906,s1,grip_v7
10634356,1889,s1,grip_v7
10634358,2017,s1,grip_v7
10634360,2142,s1,grip_v7
10634362,2096,s1,grip_v7
10634364,2195,s1,grip_v7
10634366,2185,s1,grip_v7
10634368,2160,s1,grip_v7
10634370,2151,s1,grip_v7
10634372,2123,s1,grip_v7
10634374,2147,s1,grip_v7
10634376,2096,s1,grip_v7
10634378,2077,s1,grip_v7
10634380,2043,s1,grip_v7
10634382,1959,s1,grip_v7
10634384,1887,s1,grip_v7
10634386,1921,s1,grip_v7
10634388,2009,s1,grip_v7
10634390,1975,s1,grip_v7
10634392,1998,s1,grip_v7
10634394,2054,s1,grip_v7
10634396,2144,s1,grip_v7
10634398,2229,s1,grip_v7
10634400,2267,s1,grip_v7
10634402,2197,s1,grip_v7
10634404,2175,s1,grip_v7
10634406,2349,s1,grip_v7
10634408,2489,s1,grip_v7
10634410,2416,s1,grip_v7
10634412,2333,s1,grip_v7
10634414,2316,s1,grip_v7
10634416,2454,s1,grip_v7
10634418,2511,s1,grip_v7
10634420,2449,s1,grip_v7
10634422,2415,s1,grip_v7
10634424,2416,s1,grip_v7
10634426,2338,s1,grip_v7
10634428,2261,s1,grip_v7
10634430,2232,s1,grip_v7
10634432,2191,s1,grip_v7
10634434,2112,s1,grip_v7
10634436,2063,s1,grip_v7
10634438,2103,s1,grip_v7
10634440,2086,s1,grip_v7
10634442,2091,s1,grip_v7
10634444,2000,s1,grip_v7
10634446,2013,s1,grip_v7
10634448,1980,s1,grip_v7
10634450,1995,s1,grip_v7
10634452,1966,s1,grip_v7
10634454,2019,s1,grip_v7
10634456,2042,s1,grip_v7
10634458,2150,s1,grip_v7
10634460,2095,s1,grip_v7
10634462,2119,s1,grip_v7
10634464,2129,s1,grip_v7
10634466,2153,s1,grip_v7
10634468,2320,s1,grip_v7
10634470,2390,s1,grip_v7
10634472,2358,s1,grip_v7
10634474,2384,s1,grip_v7
10634476,2333,s1,grip_v7
10634478,2274,s1,grip_v7
10634480,2247,s1,grip_v7
10634482,2333,s1,grip_v7
10634484,2295,s1,grip_v7
10634486,2279,s1,grip_v7
10634488,2321,s1,grip_v7
10634490,2277,s1,grip_v7
10634492,2257,s1,grip_v7
10634494,2267,s1,grip_v7
10634496,2327,s1,grip_v7
10634498,2306,s1,grip_v7
10634500,2286,s1,grip_v7
10634502,2225,s1,grip_v7
10634504,2247,s1,grip_v7
10634506,2228,s1,grip_v7
10634508,2298,s1,grip_v7
10634510,2313,s1,grip_v7
10634512,2288,s1,grip_v7
10634514,2326,s1,grip_v7
10634516,2374,s1,grip_v7
10634518,2289,s1,grip_v7
10634520,2307,s1,grip_v7
10634522,2371,s1,grip_v7
10634524,2367,s1,grip_v7
10634526,2368,s1,grip_v7
10634528,2363,s1,grip_v7
10634530,2341,s1,grip_v7
10634532,2438,s1,grip_v7
10634534,2373,s1,grip_v7
10634536,2297,s1,grip_v7
10634538,2234,s1,grip_v7
10634540,2238,s1,grip_v7
10634542,2221,s1,grip_v7
10634544,2160,s1,grip_v7
10634546,2202,s1,grip_v7
10634548,2157,s1,grip_v7
10634550,2153,s1,grip_v7
10634552,2103,s1,grip_v7
10634554,2147,s1,grip_v7
10634556,2117,s1,grip_v7
10634558,2140,s1,grip_v7
10634560,2210,s1,grip_v7
10634562,2273,s1,grip_v7
10634564,2308,s1,grip_v7
10634566,2403,s1,grip_v7
10634568,2401,s1,grip_v7
10634570,2397,s1,grip_v7
10634572,2345,s1,grip_v7
10634574,2389,s1,grip_v7
10634576,2351,s1,grip_v7
10634578,2461,s1,grip_v7
10634580,2479,s1,grip_v7
10634582,2689,s1,grip_v7
10634584,2721,s1,grip_v7
10634586,2623,s1,grip_v7
10634588,2591,s1,grip_v7
10634590,2551,s1,grip_v7
10634592,2611,s1,grip_v7
10634594,2629,s1,grip_v7
10634596,2582,s1,grip_v7
10634598,2627,s1,grip_v7
10634600,2605,s1,grip_v7
10634602,2494,s1,grip_v7
10634604,2471,s1,grip_v7
10634606,2427,s1,grip_v7
10634608,2410,s1,grip_v7
10634610,2304,s1,grip_v7
10634612,2318,s1,grip_v7
10634614,2258,s1,grip_v7
10634616,2176,s1,grip_v7
10634618,2106,s1,grip_v7
10634620,2164,s1,grip_v7
10634622,2155,s1,grip_v7
10634624,2134,s1,grip_v7
10634626,2072,s1,grip_v7
10634628,2030,s1,grip_v7
10634630,1991,s1,grip_v7
10634632,1967,s1,grip_v7
10634634,1899,s1,grip_v7
10634636,1958,s1,grip_v7
10634638,2089,s1,grip_v7
10634640,2091,s1,grip_v7
10634642,2103,s1,grip_v7
10634644,2089,s1,grip_v7
10634646,2160,s1,grip_v7
10634648,2111,s1,grip_v7
10634650,2089,s1,grip_v7
10634652,2030,s1,grip_v7
10634654,2126,s1,grip_v7
10634656,2096,s1,grip_v7
10634658,2090,s1,grip_v7
10634660,2007,s1,grip_v7
10634662,1968,s1,grip_v7
10634664,1922,s1,grip_v7
10634666,1903,s1,grip_v7
10634668,1814,s1,grip_v7
10634670,1802,s1,grip_v7
10634672,1814,s1,grip_v7
10634674,1936,s1,grip_v7
10634676,1920,s1,grip_v7
10634678,1872,s1,grip_v7
10634680,1826,s1,grip_v7
10634682,1873,s1,grip_v7
10634684,1843,s1,grip_v7
10634686,1838,s1,grip_v7
10634688,1872,s1,grip_v7
10634690,1812,s1,grip_v7
10634692,1733,s1,grip_v7
10634694,1667,s1,grip_v7
10634696,1709,s1,grip_v7
10634698,1676,s1,grip_v7
10634700,1610,s1,grip_v7
10634702,1535,s1,grip_v7
10634704,1664,s1,grip_v7
10634706,1665,s1,grip_v7
10634708,1712,s1,grip_v7
10634710,1664,s1,grip_v7
10634712,1665,s1,grip_v7
10634714,1622,s1,grip_v7
10634716,1647,s1,grip_v7
10634718,1594,s1,grip_v7
10634720,1567,s1,grip_v7
10634722,1535,s1,grip_v7
10634724,1535,s1,grip_v7
10634726,1535,s1,grip_v7
10634728,1535,s1,grip_v7
10634730,1533,s1,grip_v7
10634732,1604,s1,grip_v7
10634734,1605,s1,grip_v7
10634736,1580,s1,grip_v7
10634738,1610,s1,grip_v7
10634740,1629,s1,grip_v7
10634742,1674,s1,grip_v7
10634744,1686,s1,grip_v7
10634746,1763,s1,grip_v7
10634748,1808,s1,grip_v7
10634750,1955,s1,grip_v7
10634752,1904,s1,grip_v7
10634754,1861,s1,grip_v7
10634756,1815,s1,grip_v7
10634758,1811,s1,grip_v7
10634760,1765,s1,grip_v7
10634762,1710,s1,grip_v7
10634764,1733,s1,grip_v7
10634766,1815,s1,grip_v7
10634768,1776,s1,grip_v7
10634770,1803,s1,grip_v7
10634772,1887,s1,grip_v7
10634774,1975,s1,grip_v7
10634776,1935,s1,grip_v7
10634778,1904,s1,grip_v7
10634780,1870,s1,grip_v7
10634782,1981,s1,grip_v7
10634784,1943,s1,grip_v7
10634786,1885,s1,grip_v7
10634788,1875,s1,grip_v7
10634790,1906,s1,grip_v7
10634792,1840,s1,grip_v7
10634794,1810,s1,grip_v7
10634796,1937,s1,grip_v7
10634798,1936,s1,grip_v7
10634800,1983,s1,grip_v7
10634802,1962,s1,grip_v7
10634804,2026,s1,grip_v7
10634806,2032,s1,grip_v7
10634808,2085,s1,grip_v7
10634810,2007,s1,grip_v7
10634812,2001,s1,grip_v7
10634814,1984,s1,grip_v7
10634816,2017,s1,grip_v7
10634818,2001,s1,grip_v7
10634820,2030,s1,grip_v7
10634822,2001,s1,grip_v7
10634824,2064,s1,grip_v7
10634826,2047,s1,grip_v7
10634828,1999,s1,grip_v7
10634830,2062,s1,grip_v7
10634832,2017,s1,grip_v7
10634834,1987,s1,grip_v7
10634836,2017,s1,grip_v7
10634838,2107,s1,grip_v7
10634840,2096,s1,grip_v7
10634842,2069,s1,grip_v7
10634844,1986,s1,grip_v7
10634846,2047,s1,grip_v7
10634848,2000,s1,grip_v7
10634850,1935,s1,grip_v7
10634852,1875,s1,grip_v7
10634854,1972,s1,grip_v7
10634856,1954,s1,grip_v7
10634858,1984,s1,grip_v7
10634860,1980,s1,grip_v7
10634862,2039,s1,grip_v7
10634864,2032,s1,grip_v7
10634866,2131,s1,grip_v7
10634868,2081,s1,grip_v7
10634870,2059,s1,grip_v7
10634872,2080,s1,grip_v7
10634874,2012,s1,grip_v7
10634876,1977,s1,grip_v7
10634878,1927,s1,grip_v7
10634880,1950,s1,grip_v7
10634882,1933,s1,grip_v7
10634884,1872,s1,grip_v7
10634886,1841,s1,grip_v7
10634888,1881,s1,grip_v7
10634890,1809,s1,grip_v7
10634892,1779,s1,grip_v7
10634894,1787,s1,grip_v7
10634896,1899,s1,grip_v7
10634898,1923,s1,grip_v7
10634900,1975,s1,grip_v7
10634902,1935,s1,grip_v7
10634904,1921,s1,grip_v7
10634906,1901,s1,grip_v7
10634908,1951,s1,grip_v7
10634910,1898,s1,grip_v7
10634912,1874,s1,grip_v7
10634914,1894,s1,grip_v7
10634916,1925,s1,grip_v7
10634918,1893,s1,grip_v7
10634920,1834,s1,grip_v7
10634922,1827,s1,grip_v7
10634924,1871,s1,grip_v7
10634926,1806,s1,grip_v7
10634928,1847,s1,grip_v7
10634930,1855,s1,grip_v7
10634932,1943,s1,grip_v7
10634934,1936,s1,grip_v7
10634936,1872,s1,grip_v7
10634938,1878,s1,grip_v7
10634940,1971,s1,grip_v7
10634942,2065,s1,grip_v7
10634944,2035,s1,grip_v7
10634946,1975,s1,grip_v7
10634948,2043,s1,grip_v7
10634950,2126,s1,grip_v7
10634952,2067,s1,grip_v7
10634954,2028,s1,grip_v7
10634956,1990,s1,grip_v7
10634958,2066,s1,grip_v7
10634960,2115,s1,grip_v7
10634962,2150,s1,grip_v7
10634964,2112,s1,grip_v7
10634966,2182,s1,grip_v7
10634968,2202,s1,grip_v7
10634970,2254,s1,grip_v7
10634972,2235,s1,grip_v7
10634974,2309,s1,grip_v7
10634976,2318,s1,grip_v7
10634978,2239,s1,grip_v7
10634980,2180,s1,grip_v7
10634982,2121,s1,grip_v7
10634984,2027,s1,grip_v7
10634986,1995,s1,grip_v7
10634988,2068,s1,grip_v7
10634990,2045,s1,grip_v7
10634992,2039,s1,grip_v7
10634994,1953,s1,grip_v7
10634996,1935,s1,grip_v7
10634998,1980,s1,grip_v7
10635000,1943,s1,grip_v7
10635002,1933,s1,grip_v7
10635004,1959,s1,grip_v7
10635006,1933,s1,grip_v7
10635008,1950,s1,grip_v7
10635010,1894,s1,grip_v7
10635012,1950,s1,grip_v7
10635014,1926,s1,grip_v7
10635016,1947,s1,grip_v7
10635018,1917,s1,grip_v7
10635020,1857,s1,grip_v7
10635022,1810,s1,grip_v7
10635024,1824,s1,grip_v7
10635026,1787,s1,grip_v7
10635028,1762,s1,grip_v7
10635030,1759,s1,grip_v7
10635032,1713,s1,grip_v7
10635034,1680,s1,grip_v7
10635036,1633,s1,grip_v7
10635038,1661,s1,grip_v7
10635040,1632,s1,grip_v7
10635042,1635,s1,grip_v7
10635044,1613,s1,grip_v7
10635046,1601,s1,grip_v7
10635048,1652,s1,grip_v7
10635050,1706,s1,grip_v7
10635052,1637,s1,grip_v7
10635054,1633,s1,grip_v7
10635056,1637,s1,grip_v7
10635058,1759,s1,grip_v7
10635060,1728,s1,grip_v7
10635062,1671,s1,grip_v7
10635064,1623,s1,grip_v7
10635066,1605,s1,grip_v7
10635068,1535,s1,grip_v7
10635070,1601,s1,grip_v7
10635072,1642,s1,grip_v7
10635074,1679,s1,grip_v7
10635076,1644,s1,grip_v7
10635078,1599,s1,grip_v7
10635080,1611,s1,grip_v7
10635082,1562,s1,grip_v7
10635084,1664,s1,grip_v7
10635086,1712,s1,grip_v7
10635088,1719,s1,grip_v7
10635090,1781,s1,grip_v7
10635092,1827,s1,grip_v7
10635094,1781,s1,grip_v7
10635096,1764,s1,grip_v7
10635098,1707,s1,grip_v7
10635100,1647,s1,grip_v7
10635102,1584,s1,grip_v7
10635104,1627,s1,grip_v7
10635106,1625,s1,grip_v7
10635108,1715,s1,grip_v7
10635110,1680,s1,grip_v7
10635112,1630,s1,grip_v7
10635114,1631,s1,grip_v7
10635116,1669,s1,grip_v7
10635118,1611,s1,grip_v7
10635120,1635,s1,grip_v7
10635122,1617,s1,grip_v7
10635124,1659,s1,grip_v7
10635126,1603,s1,grip_v7
10635128,1579,s1,grip_v7
10635130,1573,s1,grip_v7
10635132,1632,s1,grip_v7
10635134,1600,s1,grip_v7
10635136,1573,s1,grip_v7
10635138,1535,s1,grip_v7
10635140,1574,s1,grip_v7
10635142,1535,s1,grip_v7
10635144,1513,s1,grip_v7
10635146,1562,s1,grip_v7
10635148,1535,s1,grip_v7
10635150,1593,s1,grip_v7
10635152,1603,s1,grip_v7
10635154,1654,s1,grip_v7
10635156,1678,s1,grip_v7
10635158,1775,s1,grip_v7
10635160,1744,s1,grip_v7
10635162,1719,s1,grip_v7
10635164,1697,s1,grip_v7
10635166,1700,s1,grip_v7
10635168,1712,s1,grip_v7
10635170,1687,s1,grip_v7
10635172,1662,s1,grip_v7
10635174,1728,s1,grip_v7
10635176,1703,s1,grip_v7
10635178,1655,s1,grip_v7
10635180,1633,s1,grip_v7
10635182,1690,s1,grip_v7
10635184,1655,s1,grip_v7
10635186,1694,s1,grip_v7
10635188,1761,s1,grip_v7
10635190,1839,s1,grip_v7
10635192,1856,s1,grip_v7
10635194,1799,s1,grip_v7
10635196,1808,s1,grip_v7
10635198,1805,s1,grip_v7
10635200,1853,s1,grip_v7
10635202,1879,s1,grip_v7
10635204,1949,s1,grip_v7
10635206,1959,s1,grip_v7
10635208,2030,s1,grip_v7
10635210,2000,s1,grip_v7
10635212,2058,s1,grip_v7
10635214,2026,s1,grip_v7
10635216,2008,s1,grip_v7
10635218,2017,s1,grip_v7
10635220,2080,s1,grip_v7
10635222,2080,s1,grip_v7
10635224,2155,s1,grip_v7
10635226,2134,s1,grip_v7
10635228,2105,s1,grip_v7
10635230,2114,s1,grip_v7
10635232,2114,s1,grip_v7
10635234,2086,s1,grip_v7
10635236,2086,s1,grip_v7
10635238,2090,s1,grip_v7
10635240,2032,s1,grip_v7
10635242,1982,s1,grip_v7
10635244,1938,s1,grip_v7
10635246,2043,s1,grip_v7
10635248,2039,s1,grip_v7
10635250,2079,s1,grip_v7
10635252,2091,s1,grip_v7
10635254,2057,s1,grip_v7
10635256,2001,s1,grip_v7
10635258,1920,s1,grip_v7
10635260,1840,s1,grip_v7
10635262,1866,s1,grip_v7
10635264,1840,s1,grip_v7
10635266,1793,s1,grip_v7
10635268,1744,s1,grip_v7
10635270,1702,s1,grip_v7
10635272,1641,s1,grip_v7
10635274,1597,s1,grip_v7
10635276,1535,s1,grip_v7
10635278,1490,s1,grip_v7
10635280,1470,s1,grip_v7
10635282,1534,s1,grip_v7
10635284,1518,s1,grip_v7
10635286,1478,s1,grip_v7
10635288,1481,s1,grip_v7
10635290,1465,s1,grip_v7
10635292,1428,s1,grip_v7
10635294,1373,s1,grip_v7
10635296,1423,s1,grip_v7
10635298,1424,s1,grip_v7
10635300,1469,s1,grip_v7
10635302,1424,s1,grip_v7
10635304,1367,s1,grip_v7
10635306,1446,s1,grip_v7
10635308,1458,s1,grip_v7
10635310,1489,s1,grip_v7
10635312,1474,s1,grip_v7
10635314,1443,s1,grip_v7
10635316,1433,s1,grip_v7
10635318,1374,s1,grip_v7
10635320,1378,s1,grip_v7
10635322,1383,s1,grip_v7
10635324,1475,s1,grip_v7
10635326,1439,s1,grip_v7
10635328,1415,s1,grip_v7
10635330,1434,s1,grip_v7
10635332,1408,s1,grip_v7
10635334,1385,s1,grip_v7
10635336,1377,s1,grip_v7
10635338,1488,s1,grip_v7
10635340,1467,s1,grip_v7
10635342,1486,s1,grip_v7
10635344,1582,s1,grip_v7
10635346,1776,s1,grip_v7
10635348,1785,s1,grip_v7
10635350,1831,s1,grip_v7
10635352,1840,s1,grip_v7
10635354,1941,s1,grip_v7
10635356,1956,s1,grip_v7
10635358,2101,s1,grip_v7
10635360,2042,s1,grip_v7
10635362,1987,s1,grip_v7
10635364,1959,s1,grip_v7
10635366,2009,s1,grip_v7
10635368,1978,s1,grip_v7
10635370,1983,s1,grip_v7
10635372,1985,s1,grip_v7
10635374,2105,s1,grip_v7
10635376,2096,s1,grip_v7
10635378,2062,s1,grip_v7
10635380,2015,s1,grip_v7
10635382,2054,s1,grip_v7
10635384,2019,s1,grip_v7
10635386,1982,s1,grip_v7
10635388,1974,s1,grip_v7
10635390,1984,s1,grip_v7
10635392,1965,s1,grip_v7
10635394,1887,s1,grip_v7
10635396,1847,s1,grip_v7
10635398,1873,s1,grip_v7
10635400,1910,s1,grip_v7
10635402,1831,s1,grip_v7
10635404,1767,s1,grip_v7
10635406,1793,s1,grip_v7
10635408,1808,s1,grip_v7
10635410,1726,s1,grip_v7
10635412,1761,s1,grip_v7
10635414,1729,s1,grip_v7
10635416,1811,s1,grip_v7
10635418,1766,s1,grip_v7
10635420,1774,s1,grip_v7
10635422,1763,s1,grip_v7
10635424,1795,s1,grip_v7
10635426,1872,s1,grip_v7
10635428,1868,s1,grip_v7
10635430,1872,s1,grip_v7
10635432,1958,s1,grip_v7
10635434,1931,s1,grip_v7
10635436,1921,s1,grip_v7
10635438,1874,s1,grip_v7
10635440,1845,s1,grip_v7
10635442,1775,s1,grip_v7
10635444,1730,s1,grip_v7
10635446,1737,s1,grip_v7
10635448,1802,s1,grip_v7
10635450,1810,s1,grip_v7
10635452,1744,s1,grip_v7
10635454,1726,s1,grip_v7
10635456,1709,s1,grip_v7
10635458,1734,s1,grip_v7
10635460,1681,s1,grip_v7
10635462,1659,s1,grip_v7
10635464,1603,s1,grip_v7
10635466,1570,s1,grip_v7
10635468,1535,s1,grip_v7
10635470,1578,s1,grip_v7
10635472,1586,s1,grip_v7
10635474,1659,s1,grip_v7
10635476,1713,s1,grip_v7
10635478,1699,s1,grip_v7
10635480,1726,s1,grip_v7
10635482,1858,s1,grip_v7
10635484,1857,s1,grip_v7
10635486,1827,s1,grip_v7
10635488,1789,s1,grip_v7
10635490,1744,s1,grip_v7
10635492,1745,s1,grip_v7
10635494,1755,s1,grip_v7
10635496,1901,s1,grip_v7
10635498,1890,s1,grip_v7
10635500,1987,s1,grip_v7
10635502,1950,s1,grip_v7
10635504,1937,s1,grip_v7
10635506,1882,s1,grip_v7
10635508,1851,s1,grip_v7
10635510,1803,s1,grip_v7
10635512,1909,s1,grip_v7
10635514,1915,s1,grip_v7
10635516,1997,s1,grip_v7
10635518,1976,s1,grip_v7
10635520,1968,s1,grip_v7
10635522,1988,s1,grip_v7
10635524,1986,s1,grip_v7
10635526,1939,s1,grip_v7
10635528,1974,s1,grip_v7
10635530,2045,s1,grip_v7
10635532,2159,s1,grip_v7
10635534,2271,s1,grip_v7
10635536,2229,s1,grip_v7
10635538,2221,s1,grip_v7
10635540,2384,s1,grip_v7
10635542,2362,s1,grip_v7
10635544,2309,s1,grip_v7
10635546,2234,s1,grip_v7
10635548,2174,s1,grip_v7
10635550,2108,s1,grip_v7
10635552,2045,s1,grip_v7
10635554,2064,s1,grip_v7
10635556,1985,s1,grip_v7
10635558,2000,s1,grip_v7
10635560,2046,s1,grip_v7
10635562,2014,s1,grip_v7
10635564,1999,s1,grip_v7
10635566,2043,s1,grip_v7
10635568,1999,s1,grip_v7
10635570,1985,s1,grip_v7
10635572,1957,s1,grip_v7
10635574,2000,s1,grip_v7
10635576,1979,s1,grip_v7
10635578,1986,s1,grip_v7
10635580,1994,s1,grip_v7
10635582,2042,s1,grip_v7
10635584,2112,s1,grip_v7
10635586,2114,s1,grip_v7
10635588,2131,s1,grip_v7
10635590,2178,s1,grip_v7
10635592,2157,s1,grip_v7
10635594,2099,s1,grip_v7
10635596,2135,s1,grip_v7
10635598,2133,s1,grip_v7
10635600,2154,s1,grip_v7
10635602,2073,s1,grip_v7
10635604,2041,s1,grip_v7
10635606,2014,s1,grip_v7
10635608,2032,s1,grip_v7
10635610,1968,s1,grip_v7
10635612,2015,s1,grip_v7
10635614,1999,s1,grip_v7
10635616,2099,s1,grip_v7
10635618,2128,s1,grip_v7
10635620,2064,s1,grip_v7
10635622,2000,s1,grip_v7
10635624,2000,s1,grip_v7
10635626,1941,s1,grip_v7
10635628,1931,s1,grip_v7
10635630,1921,s1,grip_v7
10635632,2013,s1,grip_v7
10635634,1962,s1,grip_v7
10635636,1920,s1,grip_v7
10635638,1957,s1,grip_v7
10635640,1970,s1,grip_v7
10635642,1936,s1,grip_v7
10635644,1925,s1,grip_v7
10635646,1884,s1,grip_v7
10635648,1840,s1,grip_v7
10635650,1833,s1,grip_v7
10635652,1773,s1,grip_v7
10635654,1776,s1,grip_v7
10635656,1770,s1,grip_v7
10635658,1863,s1,grip_v7
10635660,1819,s1,grip_v7
10635662,1798,s1,grip_v7
10635664,1770,s1,grip_v7
10635666,1939,s1,grip_v7
10635668,2014,s1,grip_v7
10635670,1950,s1,grip_v7
10635672,2065,s1,grip_v7
10635674,2240,s1,grip_v7
10635676,2252,s1,grip_v7
10635678,2182,s1,grip_v7
10635680,2149,s1,grip_v7
10635682,2240,s1,grip_v7
10635684,2235,s1,grip_v7
10635686,2179,s1,grip_v7
10635688,2215,s1,grip_v7
10635690,2165,s1,grip_v7
10635692,2191,s1,grip_v7
10635694,2153,s1,grip_v7
10635696,2165,s1,grip_v7
10635698,2142,s1,grip_v7
10635700,2151,s1,grip_v7
10635702,2116,s1,grip_v7
10635704,2198,s1,grip_v7
10635706,2167,s1,grip_v7
10635708,2172,s1,grip_v7
10635710,2149,s1,grip_v7
10635712,2223,s1,grip_v7
10635714,2192,s1,grip_v7
10635716,2155,s1,grip_v7
10635718,2187,s1,grip_v7
10635720,2192,s1,grip_v7
10635722,2192,s1,grip_v7
10635724,2243,s1,grip_v7
10635726,2160,s1,grip_v7
10635728,2173,s1,grip_v7
10635730,2274,s1,grip_v7
10635732,2282,s1,grip_v7
10635734,2402,s1,grip_v7
10635736,2447,s1,grip_v7
10635738,2451,s1,grip_v7
10635740,2410,s1,grip_v7
10635742,2422,s1,grip_v7
10635744,2405,s1,grip_v7
10635746,2463,s1,grip_v7
10635748,2433,s1,grip_v7
10635750,2502,s1,grip_v7
10635752,2455,s1,grip_v7
10635754,2495,s1,grip_v7
10635756,2470,s1,grip_v7
10635758,2507,s1,grip_v7
10635760,2480,s1,grip_v7
10635762,2480,s1,grip_v7
10635764,2411,s1,grip_v7
10635766,2430,s1,grip_v7
10635768,2390,s1,grip_v7
10635770,2330,s1,grip_v7
10635772,2293,s1,grip_v7
10635774,2448,s1,grip_v7
10635776,2478,s1,grip_v7
10635778,2416,s1,grip_v7
10635780,2381,s1,grip_v7
10635782,2416,s1,grip_v7
10635784,2455,s1,grip_v7
10635786,2445,s1,grip_v7
10635788,2467,s1,grip_v7
10635790,2416,s1,grip_v7
10635792,2396,s1,grip_v7
10635794,2306,s1,grip_v7
10635796,2224,s1,grip_v7
10635798,2239,s1,grip_v7
10635800,2224,s1,grip_v7
10635802,2213,s1,grip_v7
10635804,2159,s1,grip_v7
10635806,2084,s1,grip_v7
10635808,2006,s1,grip_v7
10635810,1926,s1,grip_v7
10635812,1925,s1,grip_v7
10635814,1872,s1,grip_v7
10635816,1825,s1,grip_v7
10635818,1755,s1,grip_v7
10635820,1739,s1,grip_v7
10635822,1735,s1,grip_v7
10635824,1910,s1,grip_v7
10635826,1941,s1,grip_v7
10635828,1872,s1,grip_v7
10635830,1903,s1,grip_v7
10635832,2001,s1,grip_v7
10635834,1930,s1,grip_v7
10635836,1904,s1,grip_v7
10635838,1898,s1,grip_v7
10635840,1887,s1,grip_v7
10635842,1817,s1,grip_v7
10635844,1744,s1,grip_v7
10635846,1798,s1,grip_v7
10635848,1759,s1,grip_v7
10635850,1725,s1,grip_v7
10635852,1685,s1,grip_v7
10635854,1840,s1,grip_v7
10635856,1839,s1,grip_v7
10635858,1913,s1,grip_v7
10635860,1919,s1,grip_v7
10635862,1895,s1,grip_v7
10635864,1856,s1,grip_v7
10635866,1825,s1,grip_v7
10635868,1773,s1,grip_v7
10635870,1831,s1,grip_v7
10635872,1831,s1,grip_v7
10635874,1941,s1,grip_v7
10635876,1987,s1,grip_v7
10635878,2029,s1,grip_v7
10635880,2032,s1,grip_v7
10635882,2199,s1,grip_v7
10635884,2317,s1,grip_v7
10635886,2313,s1,grip_v7
10635888,2289,s1,grip_v7
10635890,2339,s1,grip_v7
10635892,2351,s1,grip_v7
10635894,2288,s1,grip_v7
10635896,2270,s1,grip_v7
10635898,2267,s1,grip_v7
10635900,2272,s1,grip_v7
10635902,2237,s1,grip_v7
10635904,2211,s1,grip_v7
10635906,2235,s1,grip_v7
10635908,2259,s1,grip_v7
10635910,2199,s1,grip_v7
10635912,2172,s1,grip_v7
10635914,2171,s1,grip_v7
10635916,2303,s1,grip_v7
10635918,2294,s1,grip_v7
10635920,2256,s1,grip_v7
10635922,2227,s1,grip_v7
10635924,2218,s1,grip_v7
10635926,2150,s1,grip_v7
10635928,2091,s1,grip_v7
10635930,2070,s1,grip_v7
10635932,2000,s1,grip_v7
10635934,1991,s1,grip_v7
10635936,2027,s1,grip_v7
10635938,2064,s1,grip_v7
10635940,2091,s1,grip_v7
10635942,2072,s1,grip_v7
10635944,1990,s1,grip_v7
10635946,2017,s1,grip_v7
10635948,1970,s1,grip_v7
10635950,1917,s1,grip_v7
10635952,1889,s1,grip_v7
10635954,1951,s1,grip_v7
10635956,1915,s1,grip_v7
10635958,1911,s1,grip_v7
10635960,1875,s1,grip_v7
10635962,1955,s1,grip_v7
10635964,1962,s1,grip_v7
10635966,2102,s1,grip_v7
10635968,2042,s1,grip_v7
10635970,1991,s1,grip_v7
10635972,1942,s1,grip_v7
10635974,1958,s1,grip_v7
10635976,1909,s1,grip_v7
10635978,1866,s1,grip_v7
10635980,1855,s1,grip_v7
10635982,1904,s1,grip_v7
10635984,1927,s1,grip_v7
10635986,1905,s1,grip_v7
10635988,1925,s1,grip_v7
10635990,1943,s1,grip_v7
10635992,1942,s1,grip_v7
10635994,2057,s1,grip_v7
10635996,2167,s1,grip_v7
10635998,2195,s1,grip_v7
10636000,2351,s1,grip_v7
10636002,2359,s1,grip_v7
10636004,2362,s1,grip_v7
10636006,2399,s1,grip_v7
10636008,2426,s1,grip_v7
10636010,2335,s1,grip_v7
10636012,2288,s1,grip_v7
10636014,2202,s1,grip_v7
10636016,2158,s1,grip_v7
10636018,2119,s1,grip_v7
10636020,2117,s1,grip_v7
10636022,2070,s1,grip_v7
10636024,2062,s1,grip_v7
10636026,1983,s1,grip_v7
10636028,1932,s1,grip_v7
10636030,1930,s1,grip_v7
10636032,1893,s1,grip_v7
10636034,1853,s1,grip_v7
10636036,1827,s1,grip_v7
10636038,1823,s1,grip_v7
10636040,1919,s1,grip_v7
10636042,1936,s1,grip_v7
10636044,1857,s1,grip_v7
10636046,1865,s1,grip_v7
10636048,1851,s1,grip_v7
10636050,1927,s1,grip_v7
10636052,2004,s1,grip_v7
10636054,2074,s1,grip_v7
10636056,2066,s1,grip_v7
10636058,2202,s1,grip_v7
10636060,2234,s1,grip_v7
10636062,2187,s1,grip_v7
10636064,2122,s1,grip_v7
10636066,2102,s1,grip_v7
10636068,2125,s1,grip_v7
10636070,2130,s1,grip_v7
10636072,2096,s1,grip_v7
10636074,2064,s1,grip_v7
10636076,1979,s1,grip_v7
10636078,1973,s1,grip_v7
10636080,1973,s1,grip_v7
10636082,1981,s1,grip_v7
10636084,1927,s1,grip_v7
10636086,1873,s1,grip_v7
10636088,1913,s1,grip_v7
10636090,1904,s1,grip_v7
10636092,1914,s1,grip_v7
10636094,1877,s1,grip_v7
10636096,1867,s1,grip_v7
10636098,1836,s1,grip_v7
10636100,1792,s1,grip_v7
10636102,1759,s1,grip_v7
10636104,1854,s1,grip_v7
10636106,1851,s1,grip_v7
10636108,1858,s1,grip_v7
10636110,1808,s1,grip_v7
10636112,1811,s1,grip_v7
10636114,1785,s1,grip_v7
10636116,1843,s1,grip_v7
10636118,1821,s1,grip_v7
10636120,1818,s1,grip_v7
10636122,1795,s1,grip_v7
10636124,1813,s1,grip_v7
10636126,1746,s1,grip_v7
10636128,1745,s1,grip_v7
10636130,1803,s1,grip_v7
10636132,1769,s1,grip_v7
10636134,1761,s1,grip_v7
10636136,1759,s1,grip_v7
10636138,1829,s1,grip_v7
10636140,1808,s1,grip_v7
10636142,1817,s1,grip_v7
10636144,1778,s1,grip_v7
10636146,1806,s1,grip_v7
10636148,1783,s1,grip_v7
10636150,1746,s1,grip_v7
10636152,1693,s1,grip_v7
10636154,1741,s1,grip_v7
10636156,1744,s1,grip_v7
10636158,1860,s1,grip_v7
10636160,1913,s1,grip_v7
10636162,1833,s1,grip_v7
10636164,1879,s1,grip_v7
10636166,1964,s1,grip_v7
10636168,1909,s1,grip_v7
10636170,1869,s1,grip_v7
10636172,1840,s1,grip_v7
10636174,1868,s1,grip_v7
10636176,1818,s1,grip_v7
10636178,1793,s1,grip_v7
10636180,1788,s1,grip_v7
10636182,1823,s1,grip_v7
10636184,1748,s1,grip_v7
10636186,1687,s1,grip_v7
10636188,1690,s1,grip_v7
10636190,1742,s1,grip_v7
10636192,1717,s1,grip_v7
10636194,1680,s1,grip_v7
10636196,1688,s1,grip_v7
10636198,1712,s1,grip_v7
10636200,1850,s1,grip_v7
10636202,1817,s1,grip_v7
10636204,1761,s1,grip_v7
10636206,1796,s1,grip_v7
10636208,1808,s1,grip_v7
10636210,1726,s1,grip_v7
10636212,1744,s1,grip_v7
10636214,1695,s1,grip_v7
10636216,1616,s1,grip_v7
10636218,1566,s1,grip_v7
10636220,1535,s1,grip_v7
10636222,1611,s1,grip_v7
10636224,1535,s1,grip_v7
10636226,1509,s1,grip_v7
10636228,1535,s1,grip_v7
10636230,1535,s1,grip_v7
10636232,1639,s1,grip_v7
10636234,1641,s1,grip_v7
10636236,1582,s1,grip_v7
10636238,1586,s1,grip_v7
10636240,1641,s1,grip_v7
10636242,1599,s1,grip_v7
10636244,1600,s1,grip_v7
10636246,1623,s1,grip_v7
10636248,1610,s1,grip_v7
10636250,1584,s1,grip_v7
10636252,1527,s1,grip_v7
10636254,1483,s1,grip_v7
10636256,1462,s1,grip_v7
10636258,1415,s1,grip_v7
10636260,1407,s1,grip_v7
10636262,1487,s1,grip_v7
10636264,1516,s1,grip_v7
10636266,1697,s1,grip_v7
10636268,1712,s1,grip_v7
10636270,1655,s1,grip_v7
10636272,1684,s1,grip_v7
10636274,1770,s1,grip_v7
10636276,1744,s1,grip_v7
10636278,1775,s1,grip_v7
10636280,1803,s1,grip_v7
10636282,1904,s1,grip_v7
10636284,1873,s1,grip_v7
10636286,1831,s1,grip_v7
10636288,1882,s1,grip_v7
10636290,1847,s1,grip_v7
10636292,1839,s1,grip_v7
10636294,1813,s1,grip_v7
10636296,1814,s1,grip_v7
10636298,1812,s1,grip_v7
10636300,1818,s1,grip_v7
10636302,1792,s1,grip_v7
10636304,1831,s1,grip_v7
10636306,1819,s1,grip_v7
10636308,1893,s1,grip_v7
10636310,1892,s1,grip_v7
10636312,1843,s1,grip_v7
10636314,1835,s1,grip_v7
10636316,1874,s1,grip_v7
10636318,1818,s1,grip_v7
10636320,1779,s1,grip_v7
10636322,1761,s1,grip_v7
10636324,1846,s1,grip_v7
10636326,1847,s1,grip_v7
10636328,1798,s1,grip_v7
10636330,1767,s1,grip_v7
10636332,1837,s1,grip_v7
10636334,1885,s1,grip_v7
10636336,1859,s1,grip_v7
10636338,1840,s1,grip_v7
10636340,1860,s1,grip_v7
10636342,1883,s1,grip_v7
10636344,1835,s1,grip_v7
10636346,1898,s1,grip_v7
10636348,1874,s1,grip_v7
10636350,1907,s1,grip_v7
10636352,1873,s1,grip_v7
10636354,1936,s1,grip_v7
10636356,1917,s1,grip_v7
10636358,1907,s1,grip_v7
10636360,1831,s1,grip_v7
10636362,1805,s1,grip_v7
10636364,1778,s1,grip_v7
10636366,1745,s1,grip_v7
10636368,1753,s1,grip_v7
10636370,1744,s1,grip_v7
10636372,1745,s1,grip_v7
10636374,1713,s1,grip_v7
10636376,1709,s1,grip_v7
10636378,1701,s1,grip_v7
10636380,1682,s1,grip_v7
10636382,1712,s1,grip_v7
10636384,1676,s1,grip_v7
10636386,1678,s1,grip_v7
10636388,1637,s1,grip_v7
10636390,1580,s1,grip_v7
10636392,1511,s1,grip_v7
10636394,1530,s1,grip_v7
10636396,1637,s1,grip_v7
10636398,1680,s1,grip_v7
10636400,1761,s1,grip_v7
10636402,1793,s1,grip_v7
10636404,1853,s1,grip_v7
10636406,1841,s1,grip_v7
10636408,1891,s1,grip_v7
10636410,1847,s1,grip_v7
10636412,1837,s1,grip_v7
10636414,1800,s1,grip_v7
10636416,1806,s1,grip_v7
10636418,1728,s1,grip_v7
10636420,1695,s1,grip_v7
10636422,1715,s1,grip_v7
10636424,1851,s1,grip_v7
10636426,1839,s1,grip_v7
10636428,1921,s1,grip_v7
10636430,1846,s1,grip_v7
10636432,1795,s1,grip_v7
10636434,1724,s1,grip_v7
10636436,1650,s1,grip_v7
10636438,1612,s1,grip_v7
10636440,1667,s1,grip_v7
10636442,1712,s1,grip_v7
10636444,1684,s1,grip_v7
10636446,1638,s1,grip_v7
10636448,1658,s1,grip_v7
10636450,1633,s1,grip_v7
10636452,1561,s1,grip_v7
10636454,1630,s1,grip_v7
10636456,1623,s1,grip_v7
10636458,1635,s1,grip_v7
10636460,1635,s1,grip_v7
10636462,1671,s1,grip_v7
10636464,1636,s1,grip_v7
10636466,1674,s1,grip_v7
10636468,1621,s1,grip_v7
10636470,1617,s1,grip_v7
10636472,1615,s1,grip_v7
10636474,1648,s1,grip_v7
10636476,1701,s1,grip_v7
10636478,1744,s1,grip_v7
10636480,1745,s1,grip_v7
10636482,1798,s1,grip_v7
10636484,1858,s1,grip_v7
10636486,1807,s1,grip_v7
10636488,1842,s1,grip_v7
10636490,1786,s1,grip_v7
10636492,1741,s1,grip_v7
10636494,1840,s1,grip_v7
10636496,2034,s1,grip_v7
10636498,2031,s1,grip_v7
10636500,2139,s1,grip_v7
10636502,2198,s1,grip_v7
10636504,2205,s1,grip_v7
10636506,2210,s1,grip_v7
10636508,2256,s1,grip_v7
10636510,2208,s1,grip_v7
10636512,2155,s1,grip_v7
10636514,2067,s1,grip_v7
10636516,1998,s1,grip_v7
10636518,1962,s1,grip_v7
10636520,1953,s1,grip_v7
10636522,1934,s1,grip_v7
10636524,1947,s1,grip_v7
10636526,1919,s1,grip_v7
10636528,1867,s1,grip_v7
10636530,1925,s1,grip_v7
10636532,1878,s1,grip_v7
10636534,1887,s1,grip_v7
10636536,1927,s1,grip_v7
10636538,1956,s1,grip_v7
10636540,1984,s1,grip_v7
10636542,1938,s1,grip_v7
10636544,1853,s1,grip_v7
10636546,1859,s1,grip_v7
10636548,1840,s1,grip_v7
10636550,1840,s1,grip_v7
10636552,1773,s1,grip_v7
10636554,1770,s1,grip_v7
10636556,1769,s1,grip_v7
10636558,1872,s1,grip_v7
10636560,1834,s1,grip_v7
10636562,1823,s1,grip_v7
10636564,1831,s1,grip_v7
10636566,2002,s1,grip_v7
10636568,2014,s1,grip_v7
10636570,1968,s1,grip_v7
10636572,1921,s1,grip_v7
10636574,2031,s1,grip_v7
10636576,2098,s1,grip_v7
10636578,2025,s1,grip_v7
10636580,1967,s1,grip_v7
10636582,1931,s1,grip_v7
10636584,1906,s1,grip_v7
10636586,1947,s1,grip_v7
10636588,1931,s1,grip_v7
10636590,1985,s1,grip_v7
10636592,1965,s1,grip_v7
10636594,1946,s1,grip_v7
10636596,1919,s1,grip_v7
10636598,1870,s1,grip_v7
10636600,1842,s1,grip_v7
10636602,1798,s1,grip_v7
10636604,1841,s1,grip_v7
10636606,1835,s1,grip_v7
10636608,1888,s1,grip_v7
10636610,1837,s1,grip_v7
10636612,1869,s1,grip_v7
10636614,1850,s1,grip_v7
10636616,1901,s1,grip_v7
10636618,1883,s1,grip_v7
10636620,1872,s1,grip_v7
10636622,1847,s1,grip_v7
10636624,1872,s1,grip_v7
10636626,1904,s1,grip_v7
10636628,1899,s1,grip_v7
10636630,1888,s1,grip_v7
10636632,2016,s1,grip_v7
10636634,2021,s1,grip_v7
10636636,2000,s1,grip_v7
10636638,2013,s1,grip_v7
10636640,1979,s1,grip_v7
10636642,1914,s1,grip_v7
10636644,1871,s1,grip_v7
10636646,1831,s1,grip_v7
10636648,1807,s1,grip_v7
10636650,1798,s1,grip_v7
10636652,1728,s1,grip_v7
10636654,1706,s1,grip_v7
10636656,1685,s1,grip_v7
10636658,1745,s1,grip_v7
10636660,1727,s1,grip_v7
10636662,1719,s1,grip_v7
10636664,1732,s1,grip_v7
10636666,1831,s1,grip_v7
10636668,1776,s1,grip_v7
10636670,1765,s1,grip_v7
10636672,1743,s1,grip_v7
10636674,1806,s1,grip_v7
10636676,1806,s1,grip_v7
10636678,1885,s1,grip_v7
10636680,1947,s1,grip_v7
10636682,2097,s1,grip_v7
10636684,2197,s1,grip_v7
10636686,2139,s1,grip_v7
10636688,2074,s1,grip_v7
10636690,2077,s1,grip_v7
10636692,2045,s1,grip_v7
10636694,1968,s1,grip_v7
10636696,1921,s1,grip_v7
10636698,1852,s1,grip_v7
10636700,1776,s1,grip_v7
10636702,1743,s1,grip_v7
10636704,1834,s1,grip_v7
10636706,1808,s1,grip_v7
10636708,1851,s1,grip_v7
10636710,1808,s1,grip_v7
10636712,1796,s1,grip_v7
10636714,1766,s1,grip_v7
10636716,1823,s1,grip_v7
10636718,1786,s1,grip_v7
10636720,1743,s1,grip_v7
10636722,1709,s1,grip_v7
10636724,1744,s1,grip_v7
10636726,1761,s1,grip_v7
10636728,1828,s1,grip_v7
10636730,1895,s1,grip_v7
10636732,2058,s1,grip_v7
10636734,2064,s1,grip_v7
10636736,1983,s1,grip_v7
10636738,1974,s1,grip_v7
10636740,1963,s1,grip_v7
10636742,1950,s1,grip_v7
10636744,1873,s1,grip_v7
10636746,1873,s1,grip_v7
10636748,1868,s1,grip_v7
10636750,1834,s1,grip_v7
10636752,1759,s1,grip_v7
10636754,1791,s1,grip_v7
10636756,1775,s1,grip_v7
10636758,1799,s1,grip_v7
10636760,1736,s1,grip_v7
10636762,1743,s1,grip_v7
10636764,1723,s1,grip_v7
10636766,1740,s1,grip_v7
10636768,1680,s1,grip_v7
10636770,1692,s1,grip_v7
10636772,1682,s1,grip_v7
10636774,1747,s1,grip_v7
10636776,1702,s1,grip_v7
10636778,1664,s1,grip_v7
10636780,1679,s1,grip_v7
10636782,1664,s1,grip_v7
10636784,1622,s1,grip_v7
10636786,1584,s1,grip_v7
10636788,1580,s1,grip_v7
10636790,1677,s1,grip_v7
10636792,1643,s1,grip_v7
10636794,1584,s1,grip_v7
10636796,1523,s1,grip_v7
10636798,1572,s1,grip_v7
10636800,1535,s1,grip_v7
10636802,1491,s1,grip_v7
10636804,1519,s1,grip_v7
10636806,1500,s1,grip_v7
10636808,1535,s1,grip_v7
10636810,1529,s1,grip_v7
10636812,1535,s1,grip_v7
10636814,1523,s1,grip_v7
10636816,1505,s1,grip_v7
10636818,1456,s1,grip_v7
10636820,1483,s1,grip_v7
10636822,1490,s1,grip_v7
10636824,1573,s1,grip_v7
10636826,1535,s1,grip_v7
10636828,1515,s1,grip_v7
10636830,1488,s1,grip_v7
10636832,1521,s1,grip_v7
10636834,1507,s1,grip_v7
10636836,1471,s1,grip_v7
10636838,1487,s1,grip_v7
10636840,1495,s1,grip_v7
10636842,1477,s1,grip_v7
10636844,1423,s1,grip_v7
10636846,1520,s1,grip_v7
10636848,1520,s1,grip_v7
10636850,1559,s1,grip_v7
10636852,1649,s1,grip_v7
10636854,1826,s1,grip_v7
10636856,1826,s1,grip_v7
10636858,1820,s1,grip_v7
10636860,1894,s1,grip_v7
10636862,2041,s1,grip_v7
10636864,2070,s1,grip_v7
10636866,2102,s1,grip_v7
10636868,2115,s1,grip_v7
10636870,2111,s1,grip_v7
