t_ms,raw,subject,gesture
10203532,1793,s1,grip_v6
10203534,1840,s1,grip_v6
10203536,1903,s1,grip_v6
10203538,1954,s1,grip_v6
10203540,1878,s1,grip_v6
10203542,1935,s1,grip_v6
10203544,1878,s1,grip_v6
10203546,1847,s1,grip_v6
10203548,1856,s1,grip_v6
10203550,1933,s1,grip_v6
10203552,2097,s1,grip_v6
10203554,2295,s1,grip_v6
10203556,2384,s1,grip_v6
10203558,2387,s1,grip_v6
10203560,2340,s1,grip_v6
10203562,2299,s1,grip_v6
10203564,2240,s1,grip_v6
10203566,2180,s1,grip_v6
10203568,2147,s1,grip_v6
10203570,2150,s1,grip_v6
10203572,2141,s1,grip_v6
10203574,2107,s1,grip_v6
10203576,2112,s1,grip_v6
10203578,2116,s1,grip_v6
10203580,2114,s1,grip_v6
10203582,2063,s1,grip_v6
10203584,2075,s1,grip_v6
10203586,2099,s1,grip_v6
10203588,2246,s1,grip_v6
10203590,2254,s1,grip_v6
10203592,2199,s1,grip_v6
10203594,2218,s1,grip_v6
10203596,2223,s1,grip_v6
10203598,2199,s1,grip_v6
10203600,2315,s1,grip_v6
10203602,2331,s1,grip_v6
10203604,2362,s1,grip_v6
10203606,2368,s1,grip_v6
10203608,2349,s1,grip_v6
10203610,2269,s1,grip_v6
10203612,2214,s1,grip_v6
10203614,2133,s1,grip_v6
10203616,2064,s1,grip_v6
10203618,2000,s1,grip_v6
10203620,2028,s1,grip_v6
10203622,1951,s1,grip_v6
10203624,1922,s1,grip_v6
10203626,1931,s1,grip_v6
10203628,1904,s1,grip_v6
10203630,1829,s1,grip_v6
10203632,1856,s1,grip_v6
10203634,1904,s1,grip_v6
10203636,1922,s1,grip_v6
10203638,1894,s1,grip_v6
10203640,1876,s1,grip_v6
10203642,1902,s1,grip_v6
10203644,1875,s1,grip_v6
10203646,1930,s1,grip_v6
10203648,1979,s1,grip_v6
10203650,1981,s1,grip_v6
10203652,1970,s1,grip_v6
10203654,1893,s1,grip_v6
10203656,1835,s1,grip_v6
10203658,1831,s1,grip_v6
10203660,1808,s1,grip_v6
10203662,1798,s1,grip_v6
10203664,1735,s1,grip_v6
10203666,1714,s1,grip_v6
10203668,1790,s1,grip_v6
10203670,1776,s1,grip_v6
10203672,1843,s1,grip_v6
10203674,1890,s1,grip_v6
10203676,1872,s1,grip_v6
10203678,1853,s1,grip_v6
10203680,1860,s1,grip_v6
10203682,1917,s1,grip_v6
10203684,1975,s1,grip_v6
10203686,2001,s1,grip_v6
10203688,2111,s1,grip_v6
10203690,2202,s1,grip_v6
10203692,2178,s1,grip_v6
10203694,2256,s1,grip_v6
10203696,2335,s1,grip_v6
10203698,2292,s1,grip_v6
10203700,2338,s1,grip_v6
10203702,2291,s1,grip_v6
10203704,2288,s1,grip_v6
10203706,2227,s1,grip_v6
10203708,2331,s1,grip_v6
10203710,2429,s1,grip_v6
10203712,2438,s1,grip_v6
10203714,2507,s1,grip_v6
10203716,2484,s1,grip_v6
10203718,2432,s1,grip_v6
10203720,2399,s1,grip_v6
10203722,2322,s1,grip_v6
10203724,2247,s1,grip_v6
10203726,2263,s1,grip_v6
10203728,2218,s1,grip_v6
10203730,2180,s1,grip_v6
10203732,2144,s1,grip_v6
10203734,2107,s1,grip_v6
10203736,2037,s1,grip_v6
10203738,1963,s1,grip_v6
10203740,1878,s1,grip_v6
10203742,1921,s1,grip_v6
10203744,1885,s1,grip_v6
10203746,1904,s1,grip_v6
10203748,1845,s1,grip_v6
10203750,1831,s1,grip_v6
10203752,1791,s1,grip_v6
10203754,1762,s1,grip_v6
10203756,1739,s1,grip_v6
10203758,1796,s1,grip_v6
10203760,1861,s1,grip_v6
10203762,1904,s1,grip_v6
10203764,1840,s1,grip_v6
10203766,1815,s1,grip_v6
10203768,1857,s1,grip_v6
10203770,1840,s1,grip_v6
10203772,1829,s1,grip_v6
10203774,1774,s1,grip_v6
10203776,1807,s1,grip_v6
10203778,1776,s1,grip_v6
10203780,1747,s1,grip_v6
10203782,1732,s1,grip_v6
10203784,1677,s1,grip_v6
10203786,1614,s1,grip_v6
10203788,1616,s1,grip_v6
10203790,1597,s1,grip_v6
10203792,1629,s1,grip_v6
10203794,1594,s1,grip_v6
10203796,1618,s1,grip_v6
10203798,1629,s1,grip_v6
10203800,1591,s1,grip_v6
10203802,1557,s1,grip_v6
10203804,1535,s1,grip_v6
10203806,1475,s1,grip_v6
10203808,1535,s1,grip_v6
10203810,1616,s1,grip_v6
10203812,1628,s1,grip_v6
10203814,1651,s1,grip_v6
10203816,1706,s1,grip_v6
10203818,1711,s1,grip_v6
10203820,1781,s1,grip_v6
10203822,1840,s1,grip_v6
10203824,1781,s1,grip_v6
10203826,1741,s1,grip_v6
10203828,1799,s1,grip_v6
10203830,1759,s1,grip_v6
10203832,1818,s1,grip_v6
10203834,1780,s1,grip_v6
10203836,1751,s1,grip_v6
10203838,1697,s1,grip_v6
10203840,1670,s1,grip_v6
10203842,1776,s1,grip_v6
10203844,1759,s1,grip_v6
10203846,1778,s1,grip_v6
10203848,1721,s1,grip_v6
10203850,1840,s1,grip_v6
10203852,1853,s1,grip_v6
10203854,1856,s1,grip_v6
10203856,1841,s1,grip_v6
10203858,1867,s1,grip_v6
10203860,1872,s1,grip_v6
10203862,1920,s1,grip_v6
10203864,1915,s1,grip_v6
10203866,1833,s1,grip_v6
10203868,1797,s1,grip_v6
10203870,1843,s1,grip_v6
10203872,1835,s1,grip_v6
10203874,1818,s1,grip_v6
10203876,1881,s1,grip_v6
10203878,1837,s1,grip_v6
10203880,1787,s1,grip_v6
10203882,1725,s1,grip_v6
10203884,1871,s1,grip_v6
10203886,1877,s1,grip_v6
10203888,1855,s1,grip_v6
10203890,1790,s1,grip_v6
10203892,1871,s1,grip_v6
10203894,1866,s1,grip_v6
10203896,1818,s1,grip_v6
10203898,1840,s1,grip_v6
10203900,1877,s1,grip_v6
10203902,1862,s1,grip_v6
10203904,1885,s1,grip_v6
10203906,1871,s1,grip_v6
10203908,1872,s1,grip_v6
10203910,1872,s1,grip_v6
10203912,1947,s1,grip_v6
10203914,1897,s1,grip_v6
10203916,1851,s1,grip_v6
10203918,1820,s1,grip_v6
10203920,1812,s1,grip_v6
10203922,1840,s1,grip_v6
10203924,1805,s1,grip_v6
10203926,1766,s1,grip_v6
10203928,1774,s1,grip_v6
10203930,1828,s1,grip_v6
10203932,1776,s1,grip_v6
10203934,1778,s1,grip_v6
10203936,1883,s1,grip_v6
10203938,1922,s1,grip_v6
10203940,1898,s1,grip_v6
10203942,1843,s1,grip_v6
10203944,1776,s1,grip_v6
10203946,1754,s1,grip_v6
10203948,1712,s1,grip_v6
10203950,1698,s1,grip_v6
10203952,1664,s1,grip_v6
10203954,1652,s1,grip_v6
10203956,1658,s1,grip_v6
10203958,1725,s1,grip_v6
10203960,1748,s1,grip_v6
10203962,1891,s1,grip_v6
10203964,1902,s1,grip_v6
10203966,1878,s1,grip_v6
10203968,1883,s1,grip_v6
10203970,2030,s1,grip_v6
10203972,2098,s1,grip_v6
10203974,2029,s1,grip_v6
10203976,2032,s1,grip_v6
10203978,2036,s1,grip_v6
10203980,2077,s1,grip_v6
10203982,2009,s1,grip_v6
10203984,2032,s1,grip_v6
10203986,1986,s1,grip_v6
10203988,1943,s1,grip_v6
10203990,1998,s1,grip_v6
10203992,2177,s1,grip_v6
10203994,2247,s1,grip_v6
10203996,2403,s1,grip_v6
10203998,2350,s1,grip_v6
10204000,2307,s1,grip_v6
10204002,2253,s1,grip_v6
10204004,2250,s1,grip_v6
10204006,2198,s1,grip_v6
10204008,2204,s1,grip_v6
10204010,2211,s1,grip_v6
10204012,2165,s1,grip_v6
10204014,2133,s1,grip_v6
10204016,2134,s1,grip_v6
10204018,2161,s1,grip_v6
10204020,2107,s1,grip_v6
10204022,2096,s1,grip_v6
10204024,2154,s1,grip_v6
10204026,2213,s1,grip_v6
10204028,2212,s1,grip_v6
10204030,2272,s1,grip_v6
10204032,2197,s1,grip_v6
10204034,2155,s1,grip_v6
10204036,2094,s1,grip_v6
10204038,2096,s1,grip_v6
10204040,2174,s1,grip_v6
10204042,2187,s1,grip_v6
10204044,2267,s1,grip_v6
10204046,2362,s1,grip_v6
10204048,2270,s1,grip_v6
10204050,2269,s1,grip_v6
10204052,2212,s1,grip_v6
10204054,2203,s1,grip_v6
10204056,2161,s1,grip_v6
10204058,2145,s1,grip_v6
10204060,2093,s1,grip_v6
10204062,2106,s1,grip_v6
10204064,2029,s1,grip_v6
10204066,1968,s1,grip_v6
10204068,1922,s1,grip_v6
10204070,1925,s1,grip_v6
10204072,1872,s1,grip_v6
10204074,1823,s1,grip_v6
10204076,1805,s1,grip_v6
10204078,1825,s1,grip_v6
10204080,1826,s1,grip_v6
10204082,1819,s1,grip_v6
10204084,1902,s1,grip_v6
10204086,1920,s1,grip_v6
10204088,1943,s1,grip_v6
10204090,1969,s1,grip_v6
10204092,1949,s1,grip_v6
10204094,1995,s1,grip_v6
10204096,2007,s1,grip_v6
10204098,1923,s1,grip_v6
10204100,1872,s1,grip_v6
10204102,1865,s1,grip_v6
10204104,1873,s1,grip_v6
10204106,1837,s1,grip_v6
10204108,1846,s1,grip_v6
10204110,1868,s1,grip_v6
10204112,1942,s1,grip_v6
10204114,1949,s1,grip_v6
10204116,1899,s1,grip_v6
10204118,1922,s1,grip_v6
10204120,1910,s1,grip_v6
10204122,1909,s1,grip_v6
10204124,1871,s1,grip_v6
10204126,1979,s1,grip_v6
10204128,1934,s1,grip_v6
10204130,1922,s1,grip_v6
10204132,1861,s1,grip_v6
10204134,1918,s1,grip_v6
10204136,1888,s1,grip_v6
10204138,1876,s1,grip_v6
10204140,1830,s1,grip_v6
10204142,1920,s1,grip_v6
10204144,1897,s1,grip_v6
10204146,1918,s1,grip_v6
10204148,1853,s1,grip_v6
10204150,1846,s1,grip_v6
10204152,1803,s1,grip_v6
10204154,1798,s1,grip_v6
10204156,1723,s1,grip_v6
10204158,1776,s1,grip_v6
10204160,1872,s1,grip_v6
10204162,1877,s1,grip_v6
10204164,1999,s1,grip_v6
10204166,2063,s1,grip_v6
10204168,2066,s1,grip_v6
10204170,2111,s1,grip_v6
10204172,2154,s1,grip_v6
10204174,2181,s1,grip_v6
10204176,2205,s1,grip_v6
10204178,2293,s1,grip_v6
10204180,2334,s1,grip_v6
10204182,2307,s1,grip_v6
10204184,2306,s1,grip_v6
10204186,2271,s1,grip_v6
10204188,2262,s1,grip_v6
10204190,2197,s1,grip_v6
10204192,2206,s1,grip_v6
10204194,2150,s1,grip_v6
10204196,2175,s1,grip_v6
10204198,2160,s1,grip_v6
10204200,2125,s1,grip_v6
10204202,2082,s1,grip_v6
10204204,2107,s1,grip_v6
10204206,2047,s1,grip_v6
10204208,2067,s1,grip_v6
10204210,2058,s1,grip_v6
10204212,2155,s1,grip_v6
10204214,2121,s1,grip_v6
10204216,2096,s1,grip_v6
10204218,2067,s1,grip_v6
10204220,2096,s1,grip_v6
10204222,2060,s1,grip_v6
10204224,2028,s1,grip_v6
10204226,2199,s1,grip_v6
10204228,2224,s1,grip_v6
10204230,2429,s1,grip_v6
10204232,2455,s1,grip_v6
10204234,2477,s1,grip_v6
10204236,2447,s1,grip_v6
10204238,2423,s1,grip_v6
10204240,2384,s1,grip_v6
10204242,2431,s1,grip_v6
10204244,2386,s1,grip_v6
10204246,2453,s1,grip_v6
10204248,2384,s1,grip_v6
10204250,2379,s1,grip_v6
10204252,2331,s1,grip_v6
10204254,2331,s1,grip_v6
10204256,2336,s1,grip_v6
10204258,2401,s1,grip_v6
10204260,2379,s1,grip_v6
10204262,2465,s1,grip_v6
10204264,2437,s1,grip_v6
10204266,2338,s1,grip_v6
10204268,2285,s1,grip_v6
10204270,2383,s1,grip_v6
10204272,2337,s1,grip_v6
10204274,2352,s1,grip_v6
10204276,2288,s1,grip_v6
10204278,2289,s1,grip_v6
10204280,2266,s1,grip_v6
10204282,2202,s1,grip_v6
10204284,2164,s1,grip_v6
10204286,2194,s1,grip_v6
10204288,2178,s1,grip_v6
10204290,2089,s1,grip_v6
10204292,2030,s1,grip_v6
10204294,2045,s1,grip_v6
10204296,2059,s1,grip_v6
10204298,2032,s1,grip_v6
10204300,2001,s1,grip_v6
10204302,1954,s1,grip_v6
10204304,1953,s1,grip_v6
10204306,1878,s1,grip_v6
10204308,1938,s1,grip_v6
10204310,1936,s1,grip_v6
10204312,2081,s1,grip_v6
10204314,2155,s1,grip_v6
10204316,2188,s1,grip_v6
10204318,2177,s1,grip_v6
10204320,2191,s1,grip_v6
10204322,2283,s1,grip_v6
10204324,2265,s1,grip_v6
10204326,2203,s1,grip_v6
10204328,2177,s1,grip_v6
10204330,2096,s1,grip_v6
10204332,2013,s1,grip_v6
10204334,2082,s1,grip_v6
10204336,2076,s1,grip_v6
10204338,2081,s1,grip_v6
10204340,2003,s1,grip_v6
10204342,2043,s1,grip_v6
10204344,2003,s1,grip_v6
10204346,1974,s1,grip_v6
10204348,2005,s1,grip_v6
10204350,2098,s1,grip_v6
10204352,2062,s1,grip_v6
10204354,2064,s1,grip_v6
10204356,2021,s1,grip_v6
10204358,2192,s1,grip_v6
10204360,2263,s1,grip_v6
10204362,2425,s1,grip_v6
10204364,2460,s1,grip_v6
10204366,2439,s1,grip_v6
10204368,2448,s1,grip_v6
10204370,2409,s1,grip_v6
10204372,2385,s1,grip_v6
10204374,2365,s1,grip_v6
10204376,2384,s1,grip_v6
10204378,2428,s1,grip_v6
10204380,2410,s1,grip_v6
10204382,2321,s1,grip_v6
10204384,2273,s1,grip_v6
10204386,2221,s1,grip_v6
10204388,2199,s1,grip_v6
10204390,2142,s1,grip_v6
10204392,2215,s1,grip_v6
10204394,2194,s1,grip_v6
10204396,2270,s1,grip_v6
10204398,2233,s1,grip_v6
10204400,2179,s1,grip_v6
10204402,2160,s1,grip_v6
10204404,2209,s1,grip_v6
10204406,2170,s1,grip_v6
10204408,2112,s1,grip_v6
10204410,2089,s1,grip_v6
10204412,2158,s1,grip_v6
10204414,2075,s1,grip_v6
10204416,2031,s1,grip_v6
10204418,2005,s1,grip_v6
10204420,2026,s1,grip_v6
10204422,2010,s1,grip_v6
10204424,2019,s1,grip_v6
10204426,2043,s1,grip_v6
10204428,2106,s1,grip_v6
10204430,2111,s1,grip_v6
10204432,2032,s1,grip_v6
10204434,2029,s1,grip_v6
10204436,1985,s1,grip_v6
10204438,2023,s1,grip_v6
10204440,2094,s1,grip_v6
10204442,2128,s1,grip_v6
10204444,2211,s1,grip_v6
10204446,2334,s1,grip_v6
10204448,2295,s1,grip_v6
10204450,2256,s1,grip_v6
10204452,2227,s1,grip_v6
10204454,2335,s1,grip_v6
10204456,2396,s1,grip_v6
10204458,2373,s1,grip_v6
10204460,2393,s1,grip_v6
10204462,2545,s1,grip_v6
10204464,2522,s1,grip_v6
10204466,2443,s1,grip_v6
10204468,2399,s1,grip_v6
10204470,2512,s1,grip_v6
10204472,2559,s1,grip_v6
10204474,2549,s1,grip_v6
10204476,2541,s1,grip_v6
10204478,2626,s1,grip_v6
10204480,2669,s1,grip_v6
10204482,2609,s1,grip_v6
10204484,2647,s1,grip_v6
10204486,2598,s1,grip_v6
10204488,2549,s1,grip_v6
10204490,2455,s1,grip_v6
10204492,2515,s1,grip_v6
10204494,2475,s1,grip_v6
10204496,2466,s1,grip_v6
10204498,2400,s1,grip_v6
10204500,2336,s1,grip_v6
10204502,2275,s1,grip_v6
10204504,2217,s1,grip_v6
10204506,2140,s1,grip_v6
10204508,2149,s1,grip_v6
10204510,2133,s1,grip_v6
10204512,2138,s1,grip_v6
10204514,2075,s1,grip_v6
10204516,2047,s1,grip_v6
10204518,2134,s1,grip_v6
10204520,2141,s1,grip_v6
10204522,2157,s1,grip_v6
10204524,2158,s1,grip_v6
10204526,2208,s1,grip_v6
10204528,2206,s1,grip_v6
10204530,2288,s1,grip_v6
10204532,2260,s1,grip_v6
10204534,2230,s1,grip_v6
10204536,2246,s1,grip_v6
10204538,2208,s1,grip_v6
10204540,2127,s1,grip_v6
10204542,2117,s1,grip_v6
10204544,2077,s1,grip_v6
10204546,2041,s1,grip_v6
10204548,2001,s1,grip_v6
10204550,2196,s1,grip_v6
10204552,2207,s1,grip_v6
10204554,2219,s1,grip_v6
10204556,2166,s1,grip_v6
10204558,2186,s1,grip_v6
10204560,2211,s1,grip_v6
10204562,2254,s1,grip_v6
10204564,2295,s1,grip_v6
10204566,2215,s1,grip_v6
10204568,2154,s1,grip_v6
10204570,2154,s1,grip_v6
10204572,2084,s1,grip_v6
10204574,2015,s1,grip_v6
10204576,1995,s1,grip_v6
10204578,2017,s1,grip_v6
10204580,2015,s1,grip_v6
10204582,1936,s1,grip_v6
10204584,1965,s1,grip_v6
10204586,1904,s1,grip_v6
10204588,1863,s1,grip_v6
10204590,1847,s1,grip_v6
10204592,1945,s1,grip_v6
10204594,1920,s1,grip_v6
10204596,1936,s1,grip_v6
10204598,1875,s1,grip_v6
10204600,1849,s1,grip_v6
10204602,1811,s1,grip_v6
10204604,1793,s1,grip_v6
10204606,1766,s1,grip_v6
10204608,1758,s1,grip_v6
10204610,1729,s1,grip_v6
10204612,1761,s1,grip_v6
10204614,1717,s1,grip_v6
10204616,1682,s1,grip_v6
10204618,1666,s1,grip_v6
10204620,1727,s1,grip_v6
10204622,1749,s1,grip_v6
10204624,1709,s1,grip_v6
10204626,1643,s1,grip_v6
10204628,1680,s1,grip_v6
10204630,1654,s1,grip_v6
10204632,1619,s1,grip_v6
10204634,1685,s1,grip_v6
10204636,1679,s1,grip_v6
10204638,1765,s1,grip_v6
10204640,1869,s1,grip_v6
10204642,1891,s1,grip_v6
10204644,1995,s1,grip_v6
10204646,2083,s1,grip_v6
10204648,2027,s1,grip_v6
10204650,2034,s1,grip_v6
10204652,1984,s1,grip_v6
10204654,1937,s1,grip_v6
10204656,1856,s1,grip_v6
10204658,1891,s1,grip_v6
10204660,1911,s1,grip_v6
10204662,1863,s1,grip_v6
10204664,1875,s1,grip_v6
10204666,1886,s1,grip_v6
10204668,1973,s1,grip_v6
10204670,1934,s1,grip_v6
10204672,1885,s1,grip_v6
10204674,1826,s1,grip_v6
10204676,1817,s1,grip_v6
10204678,1781,s1,grip_v6
10204680,1749,s1,grip_v6
10204682,1724,s1,grip_v6
10204684,1756,s1,grip_v6
10204686,1762,s1,grip_v6
10204688,1809,s1,grip_v6
10204690,1767,s1,grip_v6
10204692,1819,s1,grip_v6
10204694,1794,s1,grip_v6
10204696,1814,s1,grip_v6
10204698,1776,s1,grip_v6
10204700,1842,s1,grip_v6
10204702,1799,s1,grip_v6
10204704,1758,s1,grip_v6
10204706,1681,s1,grip_v6
10204708,1747,s1,grip_v6
10204710,1819,s1,grip_v6
10204712,1827,s1,grip_v6
10204714,1865,s1,grip_v6
10204716,1877,s1,grip_v6
10204718,1903,s1,grip_v6
10204720,1965,s1,grip_v6
10204722,2031,s1,grip_v6
10204724,2032,s1,grip_v6
10204726,1989,s1,grip_v6
10204728,2067,s1,grip_v6
10204730,2038,s1,grip_v6
10204732,1979,s1,grip_v6
10204734,2011,s1,grip_v6
10204736,1979,s1,grip_v6
10204738,1981,s1,grip_v6
10204740,2015,s1,grip_v6
10204742,2183,s1,grip_v6
10204744,2171,s1,grip_v6
10204746,2239,s1,grip_v6
10204748,2266,s1,grip_v6
10204750,2266,s1,grip_v6
10204752,2218,s1,grip_v6
10204754,2208,s1,grip_v6
10204756,2118,s1,grip_v6
10204758,2128,s1,grip_v6
10204760,2133,s1,grip_v6
10204762,2151,s1,grip_v6
10204764,2177,s1,grip_v6
10204766,2151,s1,grip_v6
10204768,2127,s1,grip_v6
10204770,2197,s1,grip_v6
10204772,2156,s1,grip_v6
10204774,2111,s1,grip_v6
10204776,2109,s1,grip_v6
10204778,2115,s1,grip_v6
10204780,2128,s1,grip_v6
10204782,2101,s1,grip_v6
10204784,2114,s1,grip_v6
10204786,2192,s1,grip_v6
10204788,2194,s1,grip_v6
10204790,2130,s1,grip_v6
10204792,2112,s1,grip_v6
10204794,2064,s1,grip_v6
10204796,2015,s1,grip_v6
10204798,1954,s1,grip_v6
10204800,2000,s1,grip_v6
10204802,1996,s1,grip_v6
10204804,1946,s1,grip_v6
10204806,1873,s1,grip_v6
10204808,1853,s1,grip_v6
10204810,1840,s1,grip_v6
10204812,1855,s1,grip_v6
10204814,1831,s1,grip_v6
10204816,1783,s1,grip_v6
10204818,1767,s1,grip_v6
10204820,1827,s1,grip_v6
10204822,1767,s1,grip_v6
10204824,1726,s1,grip_v6
10204826,1740,s1,grip_v6
10204828,1771,s1,grip_v6
10204830,1837,s1,grip_v6
10204832,1815,s1,grip_v6
10204834,1837,s1,grip_v6
10204836,1872,s1,grip_v6
10204838,1991,s1,grip_v6
10204840,1968,s1,grip_v6
10204842,2010,s1,grip_v6
10204844,2000,s1,grip_v6
10204846,2105,s1,grip_v6
10204848,2054,s1,grip_v6
10204850,2096,s1,grip_v6
10204852,2079,s1,grip_v6
10204854,2101,s1,grip_v6
10204856,2047,s1,grip_v6
10204858,2018,s1,grip_v6
10204860,1984,s1,grip_v6
10204862,2002,s1,grip_v6
10204864,1948,s1,grip_v6
10204866,1904,s1,grip_v6
10204868,1886,s1,grip_v6
10204870,1946,s1,grip_v6
10204872,1920,s1,grip_v6
10204874,1920,s1,grip_v6
10204876,1919,s1,grip_v6
10204878,1899,s1,grip_v6
10204880,1872,s1,grip_v6
10204882,1801,s1,grip_v6
10204884,1767,s1,grip_v6
10204886,1760,s1,grip_v6
10204888,1776,s1,grip_v6
10204890,1776,s1,grip_v6
10204892,1724,s1,grip_v6
10204894,1765,s1,grip_v6
10204896,1815,s1,grip_v6
10204898,1749,s1,grip_v6
10204900,1783,s1,grip_v6
10204902,1774,s1,grip_v6
10204904,1856,s1,grip_v6
10204906,1838,s1,grip_v6
10204908,1822,s1,grip_v6
10204910,1792,s1,grip_v6
10204912,1776,s1,grip_v6
10204914,1723,s1,grip_v6
10204916,1699,s1,grip_v6
10204918,1680,s1,grip_v6
10204920,1728,s1,grip_v6
10204922,1765,s1,grip_v6
10204924,1767,s1,grip_v6
10204926,1750,s1,grip_v6
10204928,1857,s1,grip_v6
10204930,1867,s1,grip_v6
10204932,1809,s1,grip_v6
10204934,1799,s1,grip_v6
10204936,1776,s1,grip_v6
10204938,1834,s1,grip_v6
10204940,1839,s1,grip_v6
10204942,1896,s1,grip_v6
10204944,1855,s1,grip_v6
10204946,1894,s1,grip_v6
10204948,1937,s1,grip_v6
10204950,2075,s1,grip_v6
10204952,2059,s1,grip_v6
10204954,2101,s1,grip_v6
10204956,2091,s1,grip_v6
10204958,2105,s1,grip_v6
10204960,2080,s1,grip_v6
10204962,2133,s1,grip_v6
10204964,2083,s1,grip_v6
10204966,2061,s1,grip_v6
10204968,2079,s1,grip_v6
10204970,2065,s1,grip_v6
10204972,2012,s1,grip_v6
10204974,1957,s1,grip_v6
10204976,2020,s1,grip_v6
10204978,2007,s1,grip_v6
10204980,2058,s1,grip_v6
10204982,1972,s1,grip_v6
10204984,1937,s1,grip_v6
10204986,2000,s1,grip_v6
10204988,2047,s1,grip_v6
10204990,2000,s1,grip_v6
10204992,1942,s1,grip_v6
10204994,1927,s1,grip_v6
10204996,1889,s1,grip_v6
10204998,1808,s1,grip_v6
10205000,1840,s1,grip_v6
10205002,1807,s1,grip_v6
10205004,1789,s1,grip_v6
10205006,1786,s1,grip_v6
10205008,1829,s1,grip_v6
10205010,1814,s1,grip_v6
10205012,1931,s1,grip_v6
10205014,1936,s1,grip_v6
10205016,1889,s1,grip_v6
10205018,1856,s1,grip_v6
10205020,1901,s1,grip_v6
10205022,1839,s1,grip_v6
10205024,1803,s1,grip_v6
10205026,1870,s1,grip_v6
10205028,1889,s1,grip_v6
10205030,1925,s1,grip_v6
10205032,1867,s1,grip_v6
10205034,1865,s1,grip_v6
10205036,1889,s1,grip_v6
10205038,1914,s1,grip_v6
10205040,1979,s1,grip_v6
10205042,2003,s1,grip_v6
10205044,2110,s1,grip_v6
10205046,2162,s1,grip_v6
10205048,2095,s1,grip_v6
10205050,2092,s1,grip_v6
10205052,2053,s1,grip_v6
10205054,2069,s1,grip_v6
10205056,2010,s1,grip_v6
10205058,1985,s1,grip_v6
10205060,1936,s1,grip_v6
10205062,1934,s1,grip_v6
10205064,1904,s1,grip_v6
10205066,1879,s1,grip_v6
10205068,1862,s1,grip_v6
10205070,1820,s1,grip_v6
10205072,1747,s1,grip_v6
10205074,1686,s1,grip_v6
10205076,1707,s1,grip_v6
10205078,1723,s1,grip_v6
10205080,1709,s1,grip_v6
10205082,1643,s1,grip_v6
10205084,1695,s1,grip_v6
10205086,1707,s1,grip_v6
10205088,1910,s1,grip_v6
10205090,1937,s1,grip_v6
10205092,1879,s1,grip_v6
10205094,1939,s1,grip_v6
10205096,1941,s1,grip_v6
10205098,1872,s1,grip_v6
10205100,1947,s1,grip_v6
10205102,1936,s1,grip_v6
10205104,1917,s1,grip_v6
10205106,1907,s1,grip_v6
10205108,1997,s1,grip_v6
10205110,2010,s1,grip_v6
10205112,2013,s1,grip_v6
10205114,1986,s1,grip_v6
10205116,1939,s1,grip_v6
10205118,1977,s1,grip_v6
10205120,1904,s1,grip_v6
10205122,1823,s1,grip_v6
10205124,1843,s1,grip_v6
10205126,1904,s1,grip_v6
10205128,1865,s1,grip_v6
10205130,1855,s1,grip_v6
10205132,1783,s1,grip_v6
10205134,1781,s1,grip_v6
10205136,1888,s1,grip_v6
10205138,1995,s1,grip_v6
10205140,1945,s1,grip_v6
10205142,1882,s1,grip_v6
10205144,1909,s1,grip_v6
10205146,1947,s1,grip_v6
10205148,1916,s1,grip_v6
10205150,1914,s1,grip_v6
10205152,1853,s1,grip_v6
10205154,1829,s1,grip_v6
10205156,1746,s1,grip_v6
10205158,1712,s1,grip_v6
10205160,1686,s1,grip_v6
10205162,1679,s1,grip_v6
10205164,1627,s1,grip_v6
10205166,1599,s1,grip_v6
10205168,1584,s1,grip_v6
10205170,1668,s1,grip_v6
10205172,1706,s1,grip_v6
10205174,1646,s1,grip_v6
10205176,1614,s1,grip_v6
10205178,1721,s1,grip_v6
10205180,1769,s1,grip_v6
10205182,1711,s1,grip_v6
10205184,1674,s1,grip_v6
10205186,1750,s1,grip_v6
10205188,1886,s1,grip_v6
10205190,1856,s1,grip_v6
10205192,1809,s1,grip_v6
10205194,1887,s1,grip_v6
10205196,1976,s1,grip_v6
10205198,1912,s1,grip_v6
10205200,1923,s1,grip_v6
10205202,1927,s1,grip_v6
10205204,1972,s1,grip_v6
10205206,1977,s1,grip_v6
10205208,2022,s1,grip_v6
10205210,2005,s1,grip_v6
10205212,2064,s1,grip_v6
10205214,2030,s1,grip_v6
10205216,1995,s1,grip_v6
10205218,1979,s1,grip_v6
10205220,2082,s1,grip_v6
10205222,2151,s1,grip_v6
10205224,2139,s1,grip_v6
10205226,2120,s1,grip_v6
10205228,2240,s1,grip_v6
10205230,2235,s1,grip_v6
10205232,2135,s1,grip_v6
10205234,2128,s1,grip_v6
10205236,2097,s1,grip_v6
10205238,2077,s1,grip_v6
10205240,1997,s1,grip_v6
10205242,1998,s1,grip_v6
10205244,1962,s1,grip_v6
10205246,1968,s1,grip_v6
10205248,1947,s1,grip_v6
10205250,1983,s1,grip_v6
10205252,1933,s1,grip_v6
10205254,1959,s1,grip_v6
10205256,1937,s1,grip_v6
10205258,1911,s1,grip_v6
10205260,1859,s1,grip_v6
10205262,1877,s1,grip_v6
10205264,1821,s1,grip_v6
10205266,1791,s1,grip_v6
10205268,1791,s1,grip_v6
10205270,1861,s1,grip_v6
10205272,1847,s1,grip_v6
10205274,1813,s1,grip_v6
10205276,1835,s1,grip_v6
10205278,1787,s1,grip_v6
10205280,1773,s1,grip_v6
10205282,1770,s1,grip_v6
10205284,1791,s1,grip_v6
10205286,1744,s1,grip_v6
10205288,1701,s1,grip_v6
10205290,1629,s1,grip_v6
10205292,1700,s1,grip_v6
10205294,1664,s1,grip_v6
10205296,1590,s1,grip_v6
10205298,1533,s1,grip_v6
10205300,1645,s1,grip_v6
10205302,1659,s1,grip_v6
10205304,1674,s1,grip_v6
10205306,1620,s1,grip_v6
10205308,1625,s1,grip_v6
10205310,1623,s1,grip_v6
10205312,1670,s1,grip_v6
10205314,1670,s1,grip_v6
10205316,1625,s1,grip_v6
10205318,1600,s1,grip_v6
10205320,1600,s1,grip_v6
10205322,1591,s1,grip_v6
10205324,1609,s1,grip_v6
10205326,1708,s1,grip_v6
10205328,1680,s1,grip_v6
10205330,1720,s1,grip_v6
10205332,1730,s1,grip_v6
10205334,1831,s1,grip_v6
10205336,1798,s1,grip_v6
10205338,1746,s1,grip_v6
10205340,1842,s1,grip_v6
10205342,1951,s1,grip_v6
10205344,1996,s1,grip_v6
10205346,2090,s1,grip_v6
10205348,2035,s1,grip_v6
10205350,2019,s1,grip_v6
10205352,1968,s1,grip_v6
10205354,1993,s1,grip_v6
10205356,1966,s1,grip_v6
10205358,1973,s1,grip_v6
10205360,1941,s1,grip_v6
10205362,1969,s1,grip_v6
10205364,1923,s1,grip_v6
10205366,1888,s1,grip_v6
10205368,1913,s1,grip_v6
10205370,1887,s1,grip_v6
10205372,1924,s1,grip_v6
10205374,1961,s1,grip_v6
10205376,1985,s1,grip_v6
10205378,2043,s1,grip_v6
10205380,2084,s1,grip_v6
10205382,2047,s1,grip_v6
10205384,2099,s1,grip_v6
10205386,2091,s1,grip_v6
10205388,2159,s1,grip_v6
10205390,2134,s1,grip_v6
10205392,2178,s1,grip_v6
10205394,2159,s1,grip_v6
10205396,2269,s1,grip_v6
10205398,2225,s1,grip_v6
10205400,2188,s1,grip_v6
10205402,2127,s1,grip_v6
10205404,2045,s1,grip_v6
10205406,2032,s1,grip_v6
10205408,2065,s1,grip_v6
10205410,2076,s1,grip_v6
10205412,2032,s1,grip_v6
10205414,2011,s1,grip_v6
10205416,2012,s1,grip_v6
10205418,2023,s1,grip_v6
10205420,2064,s1,grip_v6
10205422,2064,s1,grip_v6
10205424,1981,s1,grip_v6
10205426,2005,s1,grip_v6
10205428,1958,s1,grip_v6
10205430,1915,s1,grip_v6
10205432,1849,s1,grip_v6
10205434,1890,s1,grip_v6
10205436,1851,s1,grip_v6
10205438,1798,s1,grip_v6
10205440,1729,s1,grip_v6
10205442,1766,s1,grip_v6
10205444,1730,s1,grip_v6
10205446,1765,s1,grip_v6
10205448,1744,s1,grip_v6
10205450,1795,s1,grip_v6
10205452,1803,s1,grip_v6
10205454,1911,s1,grip_v6
10205456,1869,s1,grip_v6
10205458,1829,s1,grip_v6
10205460,1780,s1,grip_v6
10205462,1821,s1,grip_v6
10205464,1781,s1,grip_v6
10205466,1744,s1,grip_v6
10205468,1707,s1,grip_v6
10205470,1675,s1,grip_v6
10205472,1611,s1,grip_v6
10205474,1567,s1,grip_v6
10205476,1622,s1,grip_v6
10205478,1594,s1,grip_v6
10205480,1530,s1,grip_v6
10205482,1531,s1,grip_v6
10205484,1648,s1,grip_v6
10205486,1645,s1,grip_v6
10205488,1687,s1,grip_v6
10205490,1647,s1,grip_v6
10205492,1641,s1,grip_v6
10205494,1618,s1,grip_v6
10205496,1600,s1,grip_v6
10205498,1584,s1,grip_v6
10205500,1623,s1,grip_v6
10205502,1607,s1,grip_v6
10205504,1652,s1,grip_v6
10205506,1616,s1,grip_v6
10205508,1584,s1,grip_v6
10205510,1599,s1,grip_v6
10205512,1614,s1,grip_v6
10205514,1635,s1,grip_v6
10205516,1639,s1,grip_v6
10205518,1655,s1,grip_v6
10205520,1709,s1,grip_v6
10205522,1819,s1,grip_v6
10205524,1774,s1,grip_v6
10205526,1723,s1,grip_v6
10205528,1790,s1,grip_v6
10205530,1753,s1,grip_v6
10205532,1681,s1,grip_v6
10205534,1645,s1,grip_v6
10205536,1617,s1,grip_v6
10205538,1613,s1,grip_v6
10205540,1600,s1,grip_v6
10205542,1737,s1,grip_v6
10205544,1744,s1,grip_v6
10205546,1895,s1,grip_v6
10205548,1952,s1,grip_v6
10205550,1978,s1,grip_v6
10205552,1935,s1,grip_v6
10205554,1955,s1,grip_v6
10205556,1898,s1,grip_v6
10205558,1889,s1,grip_v6
10205560,1875,s1,grip_v6
10205562,1902,s1,grip_v6
10205564,1872,s1,grip_v6
10205566,1840,s1,grip_v6
10205568,1835,s1,grip_v6
10205570,1885,s1,grip_v6
10205572,1933,s1,grip_v6
10205574,1903,s1,grip_v6
10205576,1863,s1,grip_v6
10205578,1917,s1,grip_v6
10205580,1931,s1,grip_v6
10205582,1859,s1,grip_v6
10205584,1840,s1,grip_v6
10205586,1842,s1,grip_v6
10205588,1890,s1,grip_v6
10205590,1831,s1,grip_v6
10205592,1783,s1,grip_v6
10205594,1725,s1,grip_v6
10205596,1659,s1,grip_v6
10205598,1631,s1,grip_v6
10205600,1728,s1,grip_v6
10205602,1712,s1,grip_v6
10205604,1770,s1,grip_v6
10205606,1856,s1,grip_v6
10205608,1895,s1,grip_v6
10205610,1922,s1,grip_v6
10205612,2062,s1,grip_v6
10205614,2057,s1,grip_v6
10205616,2000,s1,grip_v6
10205618,1970,s1,grip_v6
10205620,1995,s1,grip_v6
10205622,2009,s1,grip_v6
10205624,1982,s1,grip_v6
10205626,2019,s1,grip_v6
10205628,2018,s1,grip_v6
10205630,2011,s1,grip_v6
10205632,1959,s1,grip_v6
10205634,1982,s1,grip_v6
10205636,1940,s1,grip_v6
10205638,1985,s1,grip_v6
10205640,1997,s1,grip_v6
10205642,1983,s1,grip_v6
10205644,2010,s1,grip_v6
10205646,1975,s1,grip_v6
10205648,1910,s1,grip_v6
10205650,1942,s1,grip_v6
10205652,1917,s1,grip_v6
10205654,1920,s1,grip_v6
10205656,1863,s1,grip_v6
10205658,1863,s1,grip_v6
10205660,1855,s1,grip_v6
10205662,1915,s1,grip_v6
10205664,1868,s1,grip_v6
10205666,1827,s1,grip_v6
10205668,1799,s1,grip_v6
10205670,1779,s1,grip_v6
10205672,1838,s1,grip_v6
10205674,1904,s1,grip_v6
10205676,1934,s1,grip_v6
10205678,1990,s1,grip_v6
10205680,1985,s1,grip_v6
10205682,1906,s1,grip_v6
10205684,1953,s1,grip_v6
10205686,1922,s1,grip_v6
10205688,1872,s1,grip_v6
10205690,1792,s1,grip_v6
10205692,1815,s1,grip_v6
10205694,1790,s1,grip_v6
10205696,1735,s1,grip_v6
10205698,1661,s1,grip_v6
10205700,1730,s1,grip_v6
10205702,1711,s1,grip_v6
10205704,1715,s1,grip_v6
10205706,1680,s1,grip_v6
10205708,1648,s1,grip_v6
10205710,1610,s1,grip_v6
10205712,1680,s1,grip_v6
10205714,1653,s1,grip_v6
10205716,1635,s1,grip_v6
10205718,1616,s1,grip_v6
10205720,1674,s1,grip_v6
10205722,1680,s1,grip_v6
10205724,1657,s1,grip_v6
10205726,1674,s1,grip_v6
10205728,1680,s1,grip_v6
10205730,1631,s1,grip_v6
10205732,1577,s1,grip_v6
10205734,1648,s1,grip_v6
10205736,1628,s1,grip_v6
10205738,1620,s1,grip_v6
10205740,1598,s1,grip_v6
10205742,1659,s1,grip_v6
10205744,1616,s1,grip_v6
10205746,1645,s1,grip_v6
10205748,1633,s1,grip_v6
10205750,1662,s1,grip_v6
10205752,1621,s1,grip_v6
10205754,1623,s1,grip_v6
10205756,1593,s1,grip_v6
10205758,1555,s1,grip_v6
10205760,1509,s1,grip_v6
10205762,1509,s1,grip_v6
10205764,1467,s1,grip_v6
10205766,1458,s1,grip_v6
10205768,1459,s1,grip_v6
10205770,1613,s1,grip_v6
10205772,1723,s1,grip_v6
10205774,1691,s1,grip_v6
10205776,1667,s1,grip_v6
10205778,1715,s1,grip_v6
10205780,1703,s1,grip_v6
10205782,1635,s1,grip_v6
10205784,1726,s1,grip_v6
10205786,1712,s1,grip_v6
10205788,1741,s1,grip_v6
10205790,1718,s1,grip_v6
10205792,1765,s1,grip_v6
10205794,1747,s1,grip_v6
10205796,1767,s1,grip_v6
10205798,1727,s1,grip_v6
10205800,1743,s1,grip_v6
10205802,1786,s1,grip_v6
10205804,1748,s1,grip_v6
10205806,1712,s1,grip_v6
10205808,1701,s1,grip_v6
10205810,1669,s1,grip_v6
10205812,1626,s1,grip_v6
10205814,1600,s1,grip_v6
10205816,1616,s1,grip_v6
10205818,1680,s1,grip_v6
10205820,1686,s1,grip_v6
10205822,1687,s1,grip_v6
10205824,1677,s1,grip_v6
10205826,1719,s1,grip_v6
10205828,1739,s1,grip_v6
10205830,1712,s1,grip_v6
10205832,1709,s1,grip_v6
10205834,1775,s1,grip_v6
10205836,1758,s1,grip_v6
10205838,1782,s1,grip_v6
10205840,1723,s1,grip_v6
10205842,1825,s1,grip_v6
10205844,1827,s1,grip_v6
10205846,1969,s1,grip_v6
10205848,2000,s1,grip_v6
10205850,2011,s1,grip_v6
10205852,2004,s1,grip_v6
10205854,2066,s1,grip_v6
10205856,2021,s1,grip_v6
10205858,2031,s1,grip_v6
10205860,2071,s1,grip_v6
10205862,2037,s1,grip_v6
10205864,1987,s1,grip_v6
10205866,1923,s1,grip_v6
10205868,1871,s1,grip_v6
10205870,1851,s1,grip_v6
10205872,1791,s1,grip_v6
10205874,1747,s1,grip_v6
10205876,1786,s1,grip_v6
10205878,1781,s1,grip_v6
10205880,1767,s1,grip_v6
10205882,1755,s1,grip_v6
10205884,1823,s1,grip_v6
10205886,1786,s1,grip_v6
10205888,1751,s1,grip_v6
10205890,1682,s1,grip_v6
10205892,1691,s1,grip_v6
10205894,1653,s1,grip_v6
10205896,1648,s1,grip_v6
10205898,1590,s1,grip_v6
10205900,1577,s1,grip_v6
10205902,1522,s1,grip_v6
10205904,1463,s1,grip_v6
10205906,1405,s1,grip_v6
10205908,1428,s1,grip_v6
10205910,1430,s1,grip_v6
10205912,1427,s1,grip_v6
10205914,1383,s1,grip_v6
10205916,1334,s1,grip_v6
10205918,1322,s1,grip_v6
10205920,1328,s1,grip_v6
10205922,1296,s1,grip_v6
10205924,1303,s1,grip_v6
10205926,1405,s1,grip_v6
10205928,1390,s1,grip_v6
10205930,1419,s1,grip_v6
10205932,1381,s1,grip_v6
10205934,1363,s1,grip_v6
10205936,1353,s1,grip_v6
10205938,1362,s1,grip_v6
10205940,1308,s1,grip_v6
10205942,1408,s1,grip_v6
10205944,1410,s1,grip_v6
10205946,1409,s1,grip_v6
10205948,1455,s1,grip_v6
10205950,1475,s1,grip_v6
10205952,1433,s1,grip_v6
10205954,1425,s1,grip_v6
10205956,1459,s1,grip_v6
10205958,1513,s1,grip_v6
10205960,1501,s1,grip_v6
10205962,1535,s1,grip_v6
10205964,1523,s1,grip_v6
10205966,1485,s1,grip_v6
10205968,1468,s1,grip_v6
10205970,1503,s1,grip_v6
10205972,1461,s1,grip_v6
10205974,1446,s1,grip_v6
10205976,1451,s1,grip_v6
10205978,1467,s1,grip_v6
10205980,1469,s1,grip_v6
10205982,1410,s1,grip_v6
10205984,1388,s1,grip_v6
10205986,1374,s1,grip_v6
10205988,1357,s1,grip_v6
10205990,1334,s1,grip_v6
10205992,1473,s1,grip_v6
10205994,1498,s1,grip_v6
10205996,1584,s1,grip_v6
10205998,1535,s1,grip_v6
10206000,1535,s1,grip_v6
10206002,1520,s1,grip_v6
10206004,1501,s1,grip_v6
10206006,1456,s1,grip_v6
10206008,1442,s1,grip_v6
10206010,1419,s1,grip_v6
10206012,1424,s1,grip_v6
10206014,1370,s1,grip_v6
10206016,1328,s1,grip_v6
10206018,1307,s1,grip_v6
10206020,1282,s1,grip_v6
10206022,1264,s1,grip_v6
10206024,1224,s1,grip_v6
10206026,1264,s1,grip_v6
10206028,1299,s1,grip_v6
10206030,1324,s1,grip_v6
10206032,1268,s1,grip_v6
10206034,1270,s1,grip_v6
10206036,1231,s1,grip_v6
10206038,1210,s1,grip_v6
10206040,1200,s1,grip_v6
10206042,1301,s1,grip_v6
10206044,1303,s1,grip_v6
10206046,1330,s1,grip_v6
10206048,1291,s1,grip_v6
10206050,1267,s1,grip_v6
10206052,1248,s1,grip_v6
10206054,1274,s1,grip_v6
10206056,1263,s1,grip_v6
10206058,1232,s1,grip_v6
10206060,1229,s1,grip_v6
10206062,1227,s1,grip_v6
10206064,1231,s1,grip_v6
10206066,1246,s1,grip_v6
10206068,1289,s1,grip_v6
10206070,1286,s1,grip_v6
10206072,1255,s1,grip_v6
10206074,1290,s1,grip_v6
10206076,1339,s1,grip_v6
10206078,1405,s1,grip_v6
10206080,1424,s1,grip_v6
10206082,1399,s1,grip_v6
10206084,1489,s1,grip_v6
10206086,1507,s1,grip_v6
10206088,1583,s1,grip_v6
10206090,1584,s1,grip_v6
10206092,1633,s1,grip_v6
10206094,1607,s1,grip_v6
10206096,1623,s1,grip_v6
10206098,1585,s1,grip_v6
10206100,1567,s1,grip_v6
10206102,1517,s1,grip_v6
10206104,1458,s1,grip_v6
10206106,1454,s1,grip_v6
10206108,1482,s1,grip_v6
10206110,1479,s1,grip_v6
10206112,1424,s1,grip_v6
10206114,1381,s1,grip_v6
10206116,1492,s1,grip_v6
10206118,1642,s1,grip_v6
10206120,1633,s1,grip_v6
10206122,1631,s1,grip_v6
10206124,1595,s1,grip_v6
10206126,1641,s1,grip_v6
10206128,1631,s1,grip_v6
10206130,1594,s1,grip_v6
10206132,1535,s1,grip_v6
10206134,1607,s1,grip_v6
10206136,1602,s1,grip_v6
10206138,1607,s1,grip_v6
10206140,1625,s1,grip_v6
10206142,1693,s1,grip_v6
10206144,1675,s1,grip_v6
10206146,1687,s1,grip_v6
10206148,1655,s1,grip_v6
10206150,1669,s1,grip_v6
10206152,1714,s1,grip_v6
10206154,1697,s1,grip_v6
10206156,1691,s1,grip_v6
10206158,1838,s1,grip_v6
10206160,1898,s1,grip_v6
10206162,2023,s1,grip_v6
10206164,2167,s1,grip_v6
10206166,2147,s1,grip_v6
10206168,2116,s1,grip_v6
10206170,2160,s1,grip_v6
10206172,2121,s1,grip_v6
10206174,2047,s1,grip_v6
10206176,2110,s1,grip_v6
10206178,2079,s1,grip_v6
10206180,2062,s1,grip_v6
10206182,2146,s1,grip_v6
10206184,2273,s1,grip_v6
10206186,2255,s1,grip_v6
10206188,2256,s1,grip_v6
10206190,2221,s1,grip_v6
10206192,2224,s1,grip_v6
10206194,2160,s1,grip_v6
10206196,2128,s1,grip_v6
10206198,2039,s1,grip_v6
10206200,1964,s1,grip_v6
10206202,1979,s1,grip_v6
10206204,1950,s1,grip_v6
10206206,1931,s1,grip_v6
10206208,1903,s1,grip_v6
10206210,1825,s1,grip_v6
10206212,1744,s1,grip_v6
10206214,1666,s1,grip_v6
10206216,1601,s1,grip_v6
10206218,1568,s1,grip_v6
10206220,1567,s1,grip_v6
10206222,1515,s1,grip_v6
10206224,1469,s1,grip_v6
10206226,1492,s1,grip_v6
10206228,1482,s1,grip_v6
10206230,1472,s1,grip_v6
10206232,1419,s1,grip_v6
10206234,1520,s1,grip_v6
10206236,1502,s1,grip_v6
10206238,1482,s1,grip_v6
10206240,1487,s1,grip_v6
10206242,1621,s1,grip_v6
10206244,1648,s1,grip_v6
10206246,1744,s1,grip_v6
10206248,1710,s1,grip_v6
10206250,1682,s1,grip_v6
10206252,1676,s1,grip_v6
10206254,1654,s1,grip_v6
10206256,1607,s1,grip_v6
10206258,1616,s1,grip_v6
10206260,1586,s1,grip_v6
10206262,1610,s1,grip_v6
10206264,1554,s1,grip_v6
10206266,1509,s1,grip_v6
10206268,1509,s1,grip_v6
10206270,1532,s1,grip_v6
10206272,1584,s1,grip_v6
10206274,1657,s1,grip_v6
10206276,1674,s1,grip_v6
10206278,1808,s1,grip_v6
10206280,1809,s1,grip_v6
10206282,1735,s1,grip_v6
10206284,1789,s1,grip_v6
10206286,1778,s1,grip_v6
10206288,1835,s1,grip_v6
10206290,1807,s1,grip_v6
10206292,1766,s1,grip_v6
10206294,1722,s1,grip_v6
10206296,1716,s1,grip_v6
10206298,1648,s1,grip_v6
10206300,1680,s1,grip_v6
10206302,1679,s1,grip_v6
10206304,1815,s1,grip_v6
10206306,1820,s1,grip_v6
10206308,1754,s1,grip_v6
10206310,1717,s1,grip_v6
10206312,1762,s1,grip_v6
10206314,1706,s1,grip_v6
10206316,1664,s1,grip_v6
10206318,1705,s1,grip_v6
10206320,1723,s1,grip_v6
10206322,1739,s1,grip_v6
10206324,1703,s1,grip_v6
10206326,1703,s1,grip_v6
10206328,1711,s1,grip_v6
10206330,1703,s1,grip_v6
10206332,1654,s1,grip_v6
10206334,1691,s1,grip_v6
10206336,1678,s1,grip_v6
10206338,1680,s1,grip_v6
10206340,1711,s1,grip_v6
10206342,1842,s1,grip_v6
10206344,1862,s1,grip_v6
10206346,1991,s1,grip_v6
10206348,1962,s1,grip_v6
10206350,1898,s1,grip_v6
10206352,1865,s1,grip_v6
10206354,1848,s1,grip_v6
10206356,1778,s1,grip_v6
10206358,1818,s1,grip_v6
10206360,1840,s1,grip_v6
10206362,1941,s1,grip_v6
10206364,1997,s1,grip_v6
10206366,1983,s1,grip_v6
10206368,1938,s1,grip_v6
10206370,1938,s1,grip_v6
10206372,1902,s1,grip_v6
10206374,1850,s1,grip_v6
10206376,1835,s1,grip_v6
10206378,1827,s1,grip_v6
10206380,1802,s1,grip_v6
10206382,1766,s1,grip_v6
10206384,1793,s1,grip_v6
10206386,1861,s1,grip_v6
10206388,1872,s1,grip_v6
10206390,1811,s1,grip_v6
10206392,1825,s1,grip_v6
10206394,1772,s1,grip_v6
10206396,1767,s1,grip_v6
10206398,1761,s1,grip_v6
10206400,1758,s1,grip_v6
10206402,1761,s1,grip_v6
10206404,1840,s1,grip_v6
10206406,1818,s1,grip_v6
10206408,1827,s1,grip_v6
10206410,1865,s1,grip_v6
10206412,1831,s1,grip_v6
10206414,1831,s1,grip_v6
10206416,1901,s1,grip_v6
10206418,1899,s1,grip_v6
10206420,1967,s1,grip_v6
10206422,1943,s1,grip_v6
10206424,1899,s1,grip_v6
10206426,1827,s1,grip_v6
10206428,1840,s1,grip_v6
10206430,1840,s1,grip_v6
10206432,1776,s1,grip_v6
10206434,1713,s1,grip_v6
10206436,1733,s1,grip_v6
10206438,1713,s1,grip_v6
10206440,1647,s1,grip_v6
10206442,1661,s1,grip_v6
10206444,1626,s1,grip_v6
10206446,1609,s1,grip_v6
10206448,1581,s1,grip_v6
10206450,1572,s1,grip_v6
10206452,1557,s1,grip_v6
10206454,1515,s1,grip_v6
10206456,1559,s1,grip_v6
10206458,1565,s1,grip_v6
10206460,1555,s1,grip_v6
10206462,1694,s1,grip_v6
10206464,1808,s1,grip_v6
10206466,1797,s1,grip_v6
10206468,1808,s1,grip_v6
10206470,1986,s1,grip_v6
10206472,1990,s1,grip_v6
10206474,1949,s1,grip_v6
10206476,2021,s1,grip_v6
10206478,2047,s1,grip_v6
10206480,2139,s1,grip_v6
10206482,2079,s1,grip_v6
10206484,2075,s1,grip_v6
10206486,2033,s1,grip_v6
10206488,1984,s1,grip_v6
10206490,1909,s1,grip_v6
10206492,1855,s1,grip_v6
10206494,1855,s1,grip_v6
10206496,1838,s1,grip_v6
10206498,1765,s1,grip_v6
10206500,1753,s1,grip_v6
10206502,1727,s1,grip_v6
10206504,1730,s1,grip_v6
10206506,1738,s1,grip_v6
10206508,1815,s1,grip_v6
10206510,1812,s1,grip_v6
10206512,1872,s1,grip_v6
10206514,1863,s1,grip_v6
10206516,1808,s1,grip_v6
10206518,1777,s1,grip_v6
10206520,1767,s1,grip_v6
10206522,1746,s1,grip_v6
10206524,1772,s1,grip_v6
10206526,1805,s1,grip_v6
10206528,1791,s1,grip_v6
10206530,1744,s1,grip_v6
10206532,1749,s1,grip_v6
10206534,1938,s1,grip_v6
10215554,2126,s1,grip_v6
10215556,2099,s1,grip_v6
10215558,2198,s1,grip_v6
10215560,2141,s1,grip_v6
10215562,2064,s1,grip_v6
10215564,2021,s1,grip_v6
10215566,2069,s1,grip_v6
10215568,2029,s1,grip_v6
10215570,2145,s1,grip_v6
10215572,2177,s1,grip_v6
10215574,2130,s1,grip_v6
10215576,2193,s1,grip_v6
10215578,2221,s1,grip_v6
10215580,2203,s1,grip_v6
10215582,2257,s1,grip_v6
10215584,2204,s1,grip_v6
10215586,2253,s1,grip_v6
10215588,2274,s1,grip_v6
10215590,2235,s1,grip_v6
10215592,2190,s1,grip_v6
10215594,2196,s1,grip_v6
10215596,2135,s1,grip_v6
10215598,2111,s1,grip_v6
10215600,2073,s1,grip_v6
10215602,2113,s1,grip_v6
10215604,2064,s1,grip_v6
10215606,2018,s1,grip_v6
10215608,2054,s1,grip_v6
10215610,2030,s1,grip_v6
10215612,1989,s1,grip_v6
10215614,1941,s1,grip_v6
10215616,1942,s1,grip_v6
10215618,2010,s1,grip_v6
10215620,2059,s1,grip_v6
10215622,1984,s1,grip_v6
10215624,1924,s1,grip_v6
10215626,1950,s1,grip_v6
10215628,1994,s1,grip_v6
10215630,1997,s1,grip_v6
10215632,1982,s1,grip_v6
10215634,1939,s1,grip_v6
10215636,1933,s1,grip_v6
10215638,1854,s1,grip_v6
10215640,1911,s1,grip_v6
10215642,1887,s1,grip_v6
10215644,1872,s1,grip_v6
10215646,1808,s1,grip_v6
10215648,1728,s1,grip_v6
10215650,1719,s1,grip_v6
10215652,1727,s1,grip_v6
10215654,1660,s1,grip_v6
10215656,1606,s1,grip_v6
10215658,1610,s1,grip_v6
10215660,1712,s1,grip_v6
10215662,1721,s1,grip_v6
10215664,1666,s1,grip_v6
10215666,1619,s1,grip_v6
10215668,1677,s1,grip_v6
10215670,1709,s1,grip_v6
10215672,1657,s1,grip_v6
10215674,1659,s1,grip_v6
10215676,1648,s1,grip_v6
10215678,1631,s1,grip_v6
10215680,1585,s1,grip_v6
10215682,1642,s1,grip_v6
10215684,1654,s1,grip_v6
10215686,1603,s1,grip_v6
10215688,1571,s1,grip_v6
10215690,1616,s1,grip_v6
10215692,1615,s1,grip_v6
10215694,1733,s1,grip_v6
10215696,1721,s1,grip_v6
10215698,1655,s1,grip_v6
10215700,1648,s1,grip_v6
10215702,1796,s1,grip_v6
10215704,1821,s1,grip_v6
10215706,1773,s1,grip_v6
10215708,1728,s1,grip_v6
10215710,1835,s1,grip_v6
10215712,1936,s1,grip_v6
10215714,1916,s1,grip_v6
10215716,1927,s1,grip_v6
10215718,2069,s1,grip_v6
10215720,2195,s1,grip_v6
10215722,2163,s1,grip_v6
10215724,2139,s1,grip_v6
10215726,2192,s1,grip_v6
10215728,2247,s1,grip_v6
10215730,2203,s1,grip_v6
10215732,2157,s1,grip_v6
10215734,2096,s1,grip_v6
10215736,2119,s1,grip_v6
10215738,2091,s1,grip_v6
10215740,2064,s1,grip_v6
10215742,2010,s1,grip_v6
10215744,2019,s1,grip_v6
10215746,1959,s1,grip_v6
10215748,1899,s1,grip_v6
10215750,1855,s1,grip_v6
10215752,1777,s1,grip_v6
10215754,1734,s1,grip_v6
10215756,1767,s1,grip_v6
10215758,1757,s1,grip_v6
10215760,1817,s1,grip_v6
10215762,1809,s1,grip_v6
10215764,1744,s1,grip_v6
10215766,1783,s1,grip_v6
10215768,1777,s1,grip_v6
10215770,1805,s1,grip_v6
10215772,1777,s1,grip_v6
10215774,1800,s1,grip_v6
10215776,1761,s1,grip_v6
10215778,1742,s1,grip_v6
10215780,1719,s1,grip_v6
10215782,1744,s1,grip_v6
10215784,1763,s1,grip_v6
10215786,1872,s1,grip_v6
10215788,1840,s1,grip_v6
10215790,1775,s1,grip_v6
10215792,1774,s1,grip_v6
10215794,1840,s1,grip_v6
10215796,1776,s1,grip_v6
10215798,1744,s1,grip_v6
10215800,1730,s1,grip_v6
10215802,1744,s1,grip_v6
10215804,1814,s1,grip_v6
10215806,1858,s1,grip_v6
10215808,1855,s1,grip_v6
10215810,1985,s1,grip_v6
10215812,2005,s1,grip_v6
10215814,1926,s1,grip_v6
10215816,1904,s1,grip_v6
10215818,1968,s1,grip_v6
10215820,1940,s1,grip_v6
10215822,1936,s1,grip_v6
10215824,1933,s1,grip_v6
10215826,1873,s1,grip_v6
10215828,1883,s1,grip_v6
10215830,1910,s1,grip_v6
10215832,1963,s1,grip_v6
10215834,1965,s1,grip_v6
10215836,2063,s1,grip_v6
10215838,2067,s1,grip_v6
10215840,2118,s1,grip_v6
10215842,2055,s1,grip_v6
10215844,1985,s1,grip_v6
10215846,2002,s1,grip_v6
10215848,2105,s1,grip_v6
10215850,2111,s1,grip_v6
10215852,2138,s1,grip_v6
10215854,2110,s1,grip_v6
10215856,2039,s1,grip_v6
10215858,2030,s1,grip_v6
10215860,1991,s1,grip_v6
10215862,2009,s1,grip_v6
10215864,1977,s1,grip_v6
10215866,1981,s1,grip_v6
10215868,1941,s1,grip_v6
10215870,1899,s1,grip_v6
10215872,1874,s1,grip_v6
10215874,1983,s1,grip_v6
10215876,1970,s1,grip_v6
10215878,2022,s1,grip_v6
10215880,2025,s1,grip_v6
10215882,1968,s1,grip_v6
10215884,1992,s1,grip_v6
10215886,1998,s1,grip_v6
10215888,1911,s1,grip_v6
10215890,1898,s1,grip_v6
10215892,1872,s1,grip_v6
10215894,1951,s1,grip_v6
10215896,1961,s1,grip_v6
10215898,1894,s1,grip_v6
10215900,1858,s1,grip_v6
10215902,1887,s1,grip_v6
10215904,1840,s1,grip_v6
10215906,1806,s1,grip_v6
10215908,1803,s1,grip_v6
10215910,1818,s1,grip_v6
10215912,1782,s1,grip_v6
10215914,1744,s1,grip_v6
10215916,1773,s1,grip_v6
10215918,1729,s1,grip_v6
10215920,1682,s1,grip_v6
10215922,1613,s1,grip_v6
10215924,1637,s1,grip_v6
10215926,1570,s1,grip_v6
10215928,1516,s1,grip_v6
10215930,1481,s1,grip_v6
10215932,1597,s1,grip_v6
10215934,1598,s1,grip_v6
10215936,1618,s1,grip_v6
10215938,1577,s1,grip_v6
10215940,1580,s1,grip_v6
10215942,1566,s1,grip_v6
10215944,1535,s1,grip_v6
10215946,1637,s1,grip_v6
10215948,1667,s1,grip_v6
10215950,1658,s1,grip_v6
10215952,1675,s1,grip_v6
10215954,1659,s1,grip_v6
10215956,1696,s1,grip_v6
10215958,1763,s1,grip_v6
10215960,1791,s1,grip_v6
10215962,1878,s1,grip_v6
10215964,1861,s1,grip_v6
10215966,1857,s1,grip_v6
10215968,1917,s1,grip_v6
10215970,1893,s1,grip_v6
10215972,1903,s1,grip_v6
10215974,1922,s1,grip_v6
10215976,1883,s1,grip_v6
10215978,1885,s1,grip_v6
10215980,1845,s1,grip_v6
10215982,1811,s1,grip_v6
10215984,1759,s1,grip_v6
10215986,1698,s1,grip_v6
10215988,1635,s1,grip_v6
10215990,1713,s1,grip_v6
10215992,1708,s1,grip_v6
10215994,1655,s1,grip_v6
10215996,1636,s1,grip_v6
10215998,1680,s1,grip_v6
10216000,1666,s1,grip_v6
10216002,1707,s1,grip_v6
10216004,1663,s1,grip_v6
10216006,1607,s1,grip_v6
10216008,1593,s1,grip_v6
10216010,1698,s1,grip_v6
10216012,1725,s1,grip_v6
10216014,1843,s1,grip_v6
10216016,1803,s1,grip_v6
10216018,1757,s1,grip_v6
10216020,1705,s1,grip_v6
10216022,1639,s1,grip_v6
10216024,1712,s1,grip_v6
10216026,1686,s1,grip_v6
10216028,1714,s1,grip_v6
10216030,1707,s1,grip_v6
10216032,1762,s1,grip_v6
10216034,1748,s1,grip_v6
10216036,1805,s1,grip_v6
10216038,1741,s1,grip_v6
10216040,1775,s1,grip_v6
10216042,1814,s1,grip_v6
10216044,1847,s1,grip_v6
10216046,1936,s1,grip_v6
10216048,2002,s1,grip_v6
10216050,1993,s1,grip_v6
10216052,2022,s1,grip_v6
10216054,2011,s1,grip_v6
10216056,1968,s1,grip_v6
10216058,1937,s1,grip_v6
10216060,1973,s1,grip_v6
10216062,1937,s1,grip_v6
10216064,1865,s1,grip_v6
10216066,1830,s1,grip_v6
10216068,1925,s1,grip_v6
10216070,1952,s1,grip_v6
10216072,1903,s1,grip_v6
10216074,1856,s1,grip_v6
10216076,1890,s1,grip_v6
10216078,1916,s1,grip_v6
10216080,1872,s1,grip_v6
10216082,1808,s1,grip_v6
10216084,1787,s1,grip_v6
10216086,1835,s1,grip_v6
10216088,1825,s1,grip_v6
10216090,1807,s1,grip_v6
10216092,1787,s1,grip_v6
10216094,1933,s1,grip_v6
10216096,1936,s1,grip_v6
10216098,1883,s1,grip_v6
10216100,1843,s1,grip_v6
10216102,1870,s1,grip_v6
10216104,1830,s1,grip_v6
10216106,1775,s1,grip_v6
10216108,1752,s1,grip_v6
10216110,1830,s1,grip_v6
10216112,1840,s1,grip_v6
10216114,1776,s1,grip_v6
10216116,1773,s1,grip_v6
10216118,1833,s1,grip_v6
10216120,1926,s1,grip_v6
10216122,1955,s1,grip_v6
10216124,1956,s1,grip_v6
10216126,2000,s1,grip_v6
10216128,2032,s1,grip_v6
10216130,1981,s1,grip_v6
10216132,1920,s1,grip_v6
10216134,1870,s1,grip_v6
10216136,1841,s1,grip_v6
10216138,1789,s1,grip_v6
10216140,1744,s1,grip_v6
10216142,1712,s1,grip_v6
10216144,1725,s1,grip_v6
10216146,1666,s1,grip_v6
10216148,1706,s1,grip_v6
10216150,1723,s1,grip_v6
10216152,1745,s1,grip_v6
10216154,1730,s1,grip_v6
10216156,1706,s1,grip_v6
10216158,1716,s1,grip_v6
10216160,1733,s1,grip_v6
10216162,1762,s1,grip_v6
10216164,1778,s1,grip_v6
10216166,1789,s1,grip_v6
10216168,1839,s1,grip_v6
10216170,1909,s1,grip_v6
10216172,2033,s1,grip_v6
10216174,2087,s1,grip_v6
10216176,2178,s1,grip_v6
10216178,2281,s1,grip_v6
10216180,2259,s1,grip_v6
10216182,2226,s1,grip_v6
10216184,2291,s1,grip_v6
10216186,2377,s1,grip_v6
10216188,2318,s1,grip_v6
10216190,2246,s1,grip_v6
10216192,2245,s1,grip_v6
10216194,2321,s1,grip_v6
10216196,2240,s1,grip_v6
10216198,2215,s1,grip_v6
10216200,2278,s1,grip_v6
10216202,2277,s1,grip_v6
10216204,2310,s1,grip_v6
10216206,2320,s1,grip_v6
10216208,2304,s1,grip_v6
10216210,2343,s1,grip_v6
10216212,2286,s1,grip_v6
10216214,2207,s1,grip_v6
10216216,2171,s1,grip_v6
10216218,2151,s1,grip_v6
10216220,2093,s1,grip_v6
10216222,2007,s1,grip_v6
10216224,2077,s1,grip_v6
10216226,2039,s1,grip_v6
10216228,2026,s1,grip_v6
10216230,1983,s1,grip_v6
10216232,2011,s1,grip_v6
10216234,1991,s1,grip_v6
10216236,2134,s1,grip_v6
10216238,2141,s1,grip_v6
10216240,2064,s1,grip_v6
10216242,2034,s1,grip_v6
10216244,2080,s1,grip_v6
10216246,2005,s1,grip_v6
10216248,1968,s1,grip_v6
10216250,1965,s1,grip_v6
10216252,1952,s1,grip_v6
10216254,1911,s1,grip_v6
10216256,1890,s1,grip_v6
10216258,1933,s1,grip_v6
10216260,1914,s1,grip_v6
10216262,1911,s1,grip_v6
10216264,1915,s1,grip_v6
10216266,1951,s1,grip_v6
10216268,1952,s1,grip_v6
10216270,1959,s1,grip_v6
10216272,1872,s1,grip_v6
10216274,1903,s1,grip_v6
10216276,1871,s1,grip_v6
10216278,1840,s1,grip_v6
10216280,1776,s1,grip_v6
10216282,1886,s1,grip_v6
10216284,1899,s1,grip_v6
10216286,2002,s1,grip_v6
10216288,1939,s1,grip_v6
10216290,1942,s1,grip_v6
10216292,1920,s1,grip_v6
10216294,2018,s1,grip_v6
10216296,2019,s1,grip_v6
10216298,1970,s1,grip_v6
10216300,1954,s1,grip_v6
10216302,1917,s1,grip_v6
10216304,1881,s1,grip_v6
10216306,1879,s1,grip_v6
10216308,1874,s1,grip_v6
10216310,1904,s1,grip_v6
10216312,1851,s1,grip_v6
10216314,1787,s1,grip_v6
10216316,1799,s1,grip_v6
10216318,1818,s1,grip_v6
10216320,1851,s1,grip_v6
10216322,1803,s1,grip_v6
10216324,1839,s1,grip_v6
10216326,1820,s1,grip_v6
10216328,1797,s1,grip_v6
10216330,1797,s1,grip_v6
10216332,1872,s1,grip_v6
10216334,1942,s1,grip_v6
10216336,1921,s1,grip_v6
10216338,1919,s1,grip_v6
10216340,1974,s1,grip_v6
10216342,1952,s1,grip_v6
10216344,1930,s1,grip_v6
10216346,1853,s1,grip_v6
10216348,1877,s1,grip_v6
10216350,1936,s1,grip_v6
10216352,1917,s1,grip_v6
10216354,1904,s1,grip_v6
10216356,1900,s1,grip_v6
10216358,1872,s1,grip_v6
10216360,1945,s1,grip_v6
10216362,1901,s1,grip_v6
10216364,1831,s1,grip_v6
10216366,1831,s1,grip_v6
10216368,1838,s1,grip_v6
10216370,1850,s1,grip_v6
10216372,1819,s1,grip_v6
10216374,1847,s1,grip_v6
10216376,1834,s1,grip_v6
10216378,1868,s1,grip_v6
10216380,1808,s1,grip_v6
10216382,1774,s1,grip_v6
10216384,1700,s1,grip_v6
10216386,1630,s1,grip_v6
10216388,1580,s1,grip_v6
10216390,1635,s1,grip_v6
10216392,1637,s1,grip_v6
10216394,1711,s1,grip_v6
10216396,1695,s1,grip_v6
10216398,1682,s1,grip_v6
10216400,1650,s1,grip_v6
10216402,1712,s1,grip_v6
10216404,1819,s1,grip_v6
10216406,1872,s1,grip_v6
10216408,1871,s1,grip_v6
10216410,2021,s1,grip_v6
10216412,2022,s1,grip_v6
10216414,1967,s1,grip_v6
10216416,1994,s1,grip_v6
10216418,1967,s1,grip_v6
10216420,1980,s1,grip_v6
10216422,1965,s1,grip_v6
10216424,1999,s1,grip_v6
10216426,1967,s1,grip_v6
10216428,1930,s1,grip_v6
10216430,1959,s1,grip_v6
10216432,1930,s1,grip_v6
10216434,1856,s1,grip_v6
10216436,1775,s1,grip_v6
10216438,1710,s1,grip_v6
10216440,1710,s1,grip_v6
10216442,1744,s1,grip_v6
10216444,1773,s1,grip_v6
10216446,1765,s1,grip_v6
10216448,1727,s1,grip_v6
10216450,1687,s1,grip_v6
10216452,1678,s1,grip_v6
10216454,1647,s1,grip_v6
10216456,1618,s1,grip_v6
10216458,1616,s1,grip_v6
10216460,1650,s1,grip_v6
10216462,1664,s1,grip_v6
10216464,1609,s1,grip_v6
10216466,1643,s1,grip_v6
10216468,1621,s1,grip_v6
10216470,1649,s1,grip_v6
10216472,1621,s1,grip_v6
10216474,1669,s1,grip_v6
10216476,1616,s1,grip_v6
10216478,1535,s1,grip_v6
10216480,1485,s1,grip_v6
10216482,1535,s1,grip_v6
10216484,1533,s1,grip_v6
10216486,1473,s1,grip_v6
10216488,1425,s1,grip_v6
10216490,1468,s1,grip_v6
10216492,1466,s1,grip_v6
10216494,1519,s1,grip_v6
10216496,1502,s1,grip_v6
10216498,1514,s1,grip_v6
10216500,1525,s1,grip_v6
10216502,1478,s1,grip_v6
10216504,1418,s1,grip_v6
10216506,1378,s1,grip_v6
10216508,1361,s1,grip_v6
10216510,1389,s1,grip_v6
10216512,1339,s1,grip_v6
10216514,1284,s1,grip_v6
10216516,1296,s1,grip_v6
10216518,1328,s1,grip_v6
10216520,1360,s1,grip_v6
10216522,1341,s1,grip_v6
10216524,1490,s1,grip_v6
10216526,1510,s1,grip_v6
10216528,1638,s1,grip_v6
10216530,1741,s1,grip_v6
10216532,1808,s1,grip_v6
10216534,1751,s1,grip_v6
10216536,1761,s1,grip_v6
10216538,1741,s1,grip_v6
10216540,1775,s1,grip_v6
10216542,1830,s1,grip_v6
10216544,1799,s1,grip_v6
10216546,1839,s1,grip_v6
10216548,1927,s1,grip_v6
10216550,1941,s1,grip_v6
10216552,1923,s1,grip_v6
10216554,1929,s1,grip_v6
10216556,1971,s1,grip_v6
10216558,1984,s1,grip_v6
10216560,2053,s1,grip_v6
10216562,2069,s1,grip_v6
10216564,2000,s1,grip_v6
10216566,1989,s1,grip_v6
10216568,2002,s1,grip_v6
10216570,2144,s1,grip_v6
10216572,2183,s1,grip_v6
10216574,2191,s1,grip_v6
10216576,2253,s1,grip_v6
10216578,2363,s1,grip_v6
10216580,2341,s1,grip_v6
10216582,2422,s1,grip_v6
10216584,2383,s1,grip_v6
10216586,2415,s1,grip_v6
10216588,2384,s1,grip_v6
10216590,2393,s1,grip_v6
10216592,2384,s1,grip_v6
10216594,2327,s1,grip_v6
10216596,2352,s1,grip_v6
10216598,2416,s1,grip_v6
10216600,2415,s1,grip_v6
10216602,2451,s1,grip_v6
10216604,2470,s1,grip_v6
10216606,2478,s1,grip_v6
10216608,2475,s1,grip_v6
10216610,2509,s1,grip_v6
10216612,2489,s1,grip_v6
10216614,2410,s1,grip_v6
10216616,2325,s1,grip_v6
10216618,2254,s1,grip_v6
10216620,2217,s1,grip_v6
10216622,2191,s1,grip_v6
10216624,2296,s1,grip_v6
10216626,2256,s1,grip_v6
10216628,2235,s1,grip_v6
10216630,2192,s1,grip_v6
10216632,2233,s1,grip_v6
10216634,2189,s1,grip_v6
10216636,2223,s1,grip_v6
10216638,2221,s1,grip_v6
10216640,2233,s1,grip_v6
10216642,2206,s1,grip_v6
10216644,2281,s1,grip_v6
10216646,2317,s1,grip_v6
10216648,2306,s1,grip_v6
10216650,2255,s1,grip_v6
10216652,2279,s1,grip_v6
10216654,2213,s1,grip_v6
10216656,2143,s1,grip_v6
10216658,2175,s1,grip_v6
10216660,2167,s1,grip_v6
10216662,2110,s1,grip_v6
10216664,2083,s1,grip_v6
10216666,2185,s1,grip_v6
10216668,2129,s1,grip_v6
10216670,2044,s1,grip_v6
10216672,1966,s1,grip_v6
10216674,2001,s1,grip_v6
10216676,1968,s1,grip_v6
10216678,1970,s1,grip_v6
10216680,1890,s1,grip_v6
10216682,1895,s1,grip_v6
10216684,1858,s1,grip_v6
10216686,1915,s1,grip_v6
10216688,1941,s1,grip_v6
10216690,1931,s1,grip_v6
10216692,1910,s1,grip_v6
10216694,1963,s1,grip_v6
10216696,1963,s1,grip_v6
10216698,1985,s1,grip_v6
10216700,2000,s1,grip_v6
10216702,2096,s1,grip_v6
10216704,2062,s1,grip_v6
10216706,2017,s1,grip_v6
10216708,2081,s1,grip_v6
10216710,2037,s1,grip_v6
10216712,2066,s1,grip_v6
10216714,2112,s1,grip_v6
10216716,2127,s1,grip_v6
10216718,2207,s1,grip_v6
10216720,2267,s1,grip_v6
10216722,2183,s1,grip_v6
10216724,2131,s1,grip_v6
10216726,2123,s1,grip_v6
10216728,2110,s1,grip_v6
10216730,2064,s1,grip_v6
10216732,2119,s1,grip_v6
10216734,2078,s1,grip_v6
10216736,2032,s1,grip_v6
10216738,2011,s1,grip_v6
10216740,2124,s1,grip_v6
10216742,2114,s1,grip_v6
10216744,2209,s1,grip_v6
10216746,2183,s1,grip_v6
10216748,2146,s1,grip_v6
10216750,2115,s1,grip_v6
10216752,2265,s1,grip_v6
10216754,2222,s1,grip_v6
10216756,2172,s1,grip_v6
10216758,2096,s1,grip_v6
10216760,2107,s1,grip_v6
10216762,2065,s1,grip_v6
10216764,2000,s1,grip_v6
10216766,1987,s1,grip_v6
10216768,1966,s1,grip_v6
10216770,1962,s1,grip_v6
10216772,1934,s1,grip_v6
10216774,1945,s1,grip_v6
10216776,1958,s1,grip_v6
10216778,1968,s1,grip_v6
10216780,1904,s1,grip_v6
10216782,1910,s1,grip_v6
10216784,1867,s1,grip_v6
10216786,1906,s1,grip_v6
10216788,1855,s1,grip_v6
10216790,1808,s1,grip_v6
10216792,1760,s1,grip_v6
10216794,1776,s1,grip_v6
10216796,1712,s1,grip_v6
10216798,1669,s1,grip_v6
10216800,1649,s1,grip_v6
10216802,1699,s1,grip_v6
10216804,1718,s1,grip_v6
10216806,1691,s1,grip_v6
10216808,1680,s1,grip_v6
10216810,1678,s1,grip_v6
10216812,1644,s1,grip_v6
10216814,1655,s1,grip_v6
10216816,1711,s1,grip_v6
10216818,1714,s1,grip_v6
10216820,1728,s1,grip_v6
10216822,1696,s1,grip_v6
10216824,1823,s1,grip_v6
10216826,1821,s1,grip_v6
10216828,1911,s1,grip_v6
10216830,1994,s1,grip_v6
10216832,2013,s1,grip_v6
10216834,1997,s1,grip_v6
10216836,1958,s1,grip_v6
10216838,1872,s1,grip_v6
10216840,1826,s1,grip_v6
10216842,1765,s1,grip_v6
10216844,1727,s1,grip_v6
10216846,1683,s1,grip_v6
10216848,1684,s1,grip_v6
10216850,1682,s1,grip_v6
10216852,1754,s1,grip_v6
10216854,1736,s1,grip_v6
10216856,1685,s1,grip_v6
10216858,1677,s1,grip_v6
10216860,1637,s1,grip_v6
10216862,1642,s1,grip_v6
10216864,1617,s1,grip_v6
10216866,1642,s1,grip_v6
10216868,1617,s1,grip_v6
10216870,1603,s1,grip_v6
10216872,1556,s1,grip_v6
10216874,1595,s1,grip_v6
10216876,1583,s1,grip_v6
10216878,1627,s1,grip_v6
10216880,1614,s1,grip_v6
10216882,1608,s1,grip_v6
10216884,1600,s1,grip_v6
10216886,1640,s1,grip_v6
10216888,1677,s1,grip_v6
10216890,1712,s1,grip_v6
10216892,1698,s1,grip_v6
10216894,1792,s1,grip_v6
10216896,1743,s1,grip_v6
10216898,1714,s1,grip_v6
10216900,1705,s1,grip_v6
10216902,1677,s1,grip_v6
10216904,1671,s1,grip_v6
10216906,1680,s1,grip_v6
10216908,1683,s1,grip_v6
10216910,1639,s1,grip_v6
10216912,1584,s1,grip_v6
10216914,1602,s1,grip_v6
10216916,1723,s1,grip_v6
10216918,1707,s1,grip_v6
10216920,1728,s1,grip_v6
10216922,1661,s1,grip_v6
10216924,1679,s1,grip_v6
10216926,1659,s1,grip_v6
10216928,1665,s1,grip_v6
10216930,1629,s1,grip_v6
10216932,1668,s1,grip_v6
10216934,1663,s1,grip_v6
10216936,1691,s1,grip_v6
10216938,1667,s1,grip_v6
10216940,1715,s1,grip_v6
10216942,1695,s1,grip_v6
10216944,1715,s1,grip_v6
10216946,1664,s1,grip_v6
10216948,1665,s1,grip_v6
10216950,1658,s1,grip_v6
10216952,1665,s1,grip_v6
10216954,1612,s1,grip_v6
10216956,1581,s1,grip_v6
10216958,1658,s1,grip_v6
10216960,1671,s1,grip_v6
10216962,1650,s1,grip_v6
10216964,1626,s1,grip_v6
10216966,1705,s1,grip_v6
10216968,1702,s1,grip_v6
10216970,1715,s1,grip_v6
10216972,1655,s1,grip_v6
10216974,1691,s1,grip_v6
10216976,1669,s1,grip_v6
10216978,1698,s1,grip_v6
10216980,1715,s1,grip_v6
10216982,1770,s1,grip_v6
10216984,1743,s1,grip_v6
10216986,1791,s1,grip_v6
10216988,1840,s1,grip_v6
10216990,1894,s1,grip_v6
10216992,1872,s1,grip_v6
10216994,1942,s1,grip_v6
10216996,1888,s1,grip_v6
10216998,1861,s1,grip_v6
10217000,1871,s1,grip_v6
10217002,1862,s1,grip_v6
10217004,1843,s1,grip_v6
10217006,1842,s1,grip_v6
10217008,1833,s1,grip_v6
10217010,1904,s1,grip_v6
10217012,1871,s1,grip_v6
10217014,1825,s1,grip_v6
10217016,1854,s1,grip_v6
10217018,1853,s1,grip_v6
10217020,1856,s1,grip_v6
10217022,1872,s1,grip_v6
10217024,1987,s1,grip_v6
10217026,2057,s1,grip_v6
10217028,2143,s1,grip_v6
10217030,2065,s1,grip_v6
10217032,2130,s1,grip_v6
10217034,2091,s1,grip_v6
10217036,2069,s1,grip_v6
10217038,2001,s1,grip_v6
10217040,2034,s1,grip_v6
10217042,2005,s1,grip_v6
10217044,2032,s1,grip_v6
10217046,2059,s1,grip_v6
10217048,2098,s1,grip_v6
10217050,2089,s1,grip_v6
10217052,2155,s1,grip_v6
10217054,2192,s1,grip_v6
10217056,2177,s1,grip_v6
10217058,2147,s1,grip_v6
10217060,2186,s1,grip_v6
10217062,2171,s1,grip_v6
10217064,2102,s1,grip_v6
10217066,2143,s1,grip_v6
10217068,2096,s1,grip_v6
10217070,2063,s1,grip_v6
10217072,2029,s1,grip_v6
10217074,2074,s1,grip_v6
10217076,2013,s1,grip_v6
10217078,2030,s1,grip_v6
10217080,1967,s1,grip_v6
10217082,1955,s1,grip_v6
10217084,1905,s1,grip_v6
10217086,1904,s1,grip_v6
10217088,1845,s1,grip_v6
10217090,1853,s1,grip_v6
10217092,1802,s1,grip_v6
10217094,1819,s1,grip_v6
10217096,1788,s1,grip_v6
10217098,1728,s1,grip_v6
10217100,1680,s1,grip_v6
10217102,1697,s1,grip_v6
10217104,1646,s1,grip_v6
10217106,1631,s1,grip_v6
10217108,1594,s1,grip_v6
10217110,1630,s1,grip_v6
10217112,1637,s1,grip_v6
10217114,1627,s1,grip_v6
10217116,1633,s1,grip_v6
10217118,1697,s1,grip_v6
10217120,1730,s1,grip_v6
10217122,1705,s1,grip_v6
10217124,1872,s1,grip_v6
10217126,1904,s1,grip_v6
10217128,2063,s1,grip_v6
10217130,1983,s1,grip_v6
10217132,1970,s1,grip_v6
10217134,1927,s1,grip_v6
10217136,1933,s1,grip_v6
10217138,1853,s1,grip_v6
10217140,1809,s1,grip_v6
10217142,1770,s1,grip_v6
10217144,1743,s1,grip_v6
10217146,1678,s1,grip_v6
10217148,1669,s1,grip_v6
10217150,1648,s1,grip_v6
10217152,1703,s1,grip_v6
10217154,1650,s1,grip_v6
10217156,1619,s1,grip_v6
10217158,1616,s1,grip_v6
10217160,1707,s1,grip_v6
10217162,1667,s1,grip_v6
10217164,1628,s1,grip_v6
10217166,1648,s1,grip_v6
10217168,1735,s1,grip_v6
10217170,1795,s1,grip_v6
10217172,1769,s1,grip_v6
10217174,1767,s1,grip_v6
10217176,1799,s1,grip_v6
10217178,1758,s1,grip_v6
10217180,1858,s1,grip_v6
10217182,2090,s1,grip_v6
10217184,2081,s1,grip_v6
10217186,2161,s1,grip_v6
10217188,2101,s1,grip_v6
10217190,2127,s1,grip_v6
10217192,2128,s1,grip_v6
10217194,2135,s1,grip_v6
10217196,2119,s1,grip_v6
10217198,2073,s1,grip_v6
10217200,2037,s1,grip_v6
10217202,2019,s1,grip_v6
10217204,1982,s1,grip_v6
10217206,1939,s1,grip_v6
10217208,1923,s1,grip_v6
10217210,1968,s1,grip_v6
10217212,1939,s1,grip_v6
10217214,1946,s1,grip_v6
10217216,1927,s1,grip_v6
10217218,1872,s1,grip_v6
10217220,1870,s1,grip_v6
10217222,1824,s1,grip_v6
10217224,1802,s1,grip_v6
10217226,1835,s1,grip_v6
10217228,1885,s1,grip_v6
10217230,1837,s1,grip_v6
10217232,1850,s1,grip_v6
10217234,1803,s1,grip_v6
10217236,1835,s1,grip_v6
10217238,1840,s1,grip_v6
10217240,1934,s1,grip_v6
10217242,1933,s1,grip_v6
10217244,1904,s1,grip_v6
10217246,1920,s1,grip_v6
10217248,2032,s1,grip_v6
10217250,2020,s1,grip_v6
10217252,2068,s1,grip_v6
10217254,2045,s1,grip_v6
10217256,1985,s1,grip_v6
10217258,1949,s1,grip_v6
10217260,1968,s1,grip_v6
10217262,1968,s1,grip_v6
10217264,1893,s1,grip_v6
10217266,1897,s1,grip_v6
10217268,1903,s1,grip_v6
10217270,1892,s1,grip_v6
10217272,1833,s1,grip_v6
10217274,1851,s1,grip_v6
10217276,1807,s1,grip_v6
10217278,1737,s1,grip_v6
10217280,1670,s1,grip_v6
10217282,1739,s1,grip_v6
10217284,1711,s1,grip_v6
10217286,1664,s1,grip_v6
10217288,1611,s1,grip_v6
10217290,1637,s1,grip_v6
10217292,1602,s1,grip_v6
10217294,1562,s1,grip_v6
10217296,1506,s1,grip_v6
10217298,1520,s1,grip_v6
10217300,1519,s1,grip_v6
10217302,1535,s1,grip_v6
10217304,1491,s1,grip_v6
10217306,1489,s1,grip_v6
10217308,1518,s1,grip_v6
10217310,1583,s1,grip_v6
10217312,1584,s1,grip_v6
10217314,1535,s1,grip_v6
10217316,1560,s1,grip_v6
10217318,1658,s1,grip_v6
10217320,1680,s1,grip_v6
10217322,1616,s1,grip_v6
10217324,1645,s1,grip_v6
10217326,1621,s1,grip_v6
10217328,1594,s1,grip_v6
10217330,1530,s1,grip_v6
10217332,1601,s1,grip_v6
10217334,1594,s1,grip_v6
10217336,1602,s1,grip_v6
10217338,1600,s1,grip_v6
10217340,1673,s1,grip_v6
10217342,1665,s1,grip_v6
10217344,1735,s1,grip_v6
10217346,1765,s1,grip_v6
10217348,1757,s1,grip_v6
10217350,1729,s1,grip_v6
10217352,1808,s1,grip_v6
10217354,1898,s1,grip_v6
10217356,1872,s1,grip_v6
10217358,1888,s1,grip_v6
10217360,1931,s1,grip_v6
10217362,1904,s1,grip_v6
10217364,1872,s1,grip_v6
10217366,1872,s1,grip_v6
10217368,1889,s1,grip_v6
10217370,1889,s1,grip_v6
10217372,1875,s1,grip_v6
10217374,1945,s1,grip_v6
10217376,1923,s1,grip_v6
10217378,1935,s1,grip_v6
10217380,1874,s1,grip_v6
10217382,1904,s1,grip_v6
10217384,1897,s1,grip_v6
10217386,1840,s1,grip_v6
10217388,1793,s1,grip_v6
10217390,1807,s1,grip_v6
10217392,1795,s1,grip_v6
10217394,1714,s1,grip_v6
10217396,1669,s1,grip_v6
10217398,1755,s1,grip_v6
10217400,1801,s1,grip_v6
10217402,1773,s1,grip_v6
10217404,1761,s1,grip_v6
10217406,1773,s1,grip_v6
10217408,1780,s1,grip_v6
10217410,1776,s1,grip_v6
10217412,1795,s1,grip_v6
10217414,1802,s1,grip_v6
10217416,1819,s1,grip_v6
10217418,1883,s1,grip_v6
10217420,1984,s1,grip_v6
10217422,1974,s1,grip_v6
10217424,1927,s1,grip_v6
10217426,1923,s1,grip_v6
10217428,1891,s1,grip_v6
10217430,1839,s1,grip_v6
10217432,1949,s1,grip_v6
10217434,1940,s1,grip_v6
10217436,1978,s1,grip_v6
10217438,1905,s1,grip_v6
10217440,1902,s1,grip_v6
10217442,1872,s1,grip_v6
10217444,1889,s1,grip_v6
10217446,1904,s1,grip_v6
10217448,1968,s1,grip_v6
10217450,1940,s1,grip_v6
10217452,1949,s1,grip_v6
10217454,1932,s1,grip_v6
10217456,1935,s1,grip_v6
10217458,1973,s1,grip_v6
10217460,1957,s1,grip_v6
10217462,1954,s1,grip_v6
10217464,1882,s1,grip_v6
10217466,1862,s1,grip_v6
10217468,1792,s1,grip_v6
10217470,1830,s1,grip_v6
10217472,1859,s1,grip_v6
10217474,1901,s1,grip_v6
10217476,1872,s1,grip_v6
10217478,1945,s1,grip_v6
10217480,1973,s1,grip_v6
10217482,1979,s1,grip_v6
10217484,1981,s1,grip_v6
10217486,1963,s1,grip_v6
10217488,1893,s1,grip_v6
10217490,1922,s1,grip_v6
10217492,1902,s1,grip_v6
10217494,1999,s1,grip_v6
10217496,2002,s1,grip_v6
10217498,2032,s1,grip_v6
10217500,1993,s1,grip_v6
10217502,2032,s1,grip_v6
10217504,2022,s1,grip_v6
10217506,2032,s1,grip_v6
10217508,2015,s1,grip_v6
10217510,2079,s1,grip_v6
10217512,2058,s1,grip_v6
10217514,2111,s1,grip_v6
10217516,2144,s1,grip_v6
10217518,2086,s1,grip_v6
10217520,2110,s1,grip_v6
10217522,2089,s1,grip_v6
10217524,2164,s1,grip_v6
10217526,2139,s1,grip_v6
10217528,2176,s1,grip_v6
10217530,2174,s1,grip_v6
10217532,2189,s1,grip_v6
10217534,2114,s1,grip_v6
10217536,2083,s1,grip_v6
10217538,2031,s1,grip_v6
10217540,2007,s1,grip_v6
10217542,1968,s1,grip_v6
10217544,1951,s1,grip_v6
10217546,1881,s1,grip_v6
10217548,1894,s1,grip_v6
10217550,1872,s1,grip_v6
10217552,1911,s1,grip_v6
10217554,1927,s1,grip_v6
10217556,1980,s1,grip_v6
10217558,2002,s1,grip_v6
10217560,2159,s1,grip_v6
10217562,2227,s1,grip_v6
10217564,2176,s1,grip_v6
10217566,2127,s1,grip_v6
10217568,2192,s1,grip_v6
10217570,2259,s1,grip_v6
10217572,2230,s1,grip_v6
10217574,2229,s1,grip_v6
10217576,2219,s1,grip_v6
10217578,2294,s1,grip_v6
10217580,2314,s1,grip_v6
10217582,2323,s1,grip_v6
10217584,2258,s1,grip_v6
10217586,2211,s1,grip_v6
10217588,2127,s1,grip_v6
10217590,2155,s1,grip_v6
10217592,2138,s1,grip_v6
10217594,2093,s1,grip_v6
10217596,2091,s1,grip_v6
10217598,2108,s1,grip_v6
10217600,2209,s1,grip_v6
10217602,2149,s1,grip_v6
10217604,2077,s1,grip_v6
10217606,2019,s1,grip_v6
10217608,1998,s1,grip_v6
10217610,1981,s1,grip_v6
10217612,1936,s1,grip_v6
10217614,1884,s1,grip_v6
10217616,1839,s1,grip_v6
10217618,1779,s1,grip_v6
10217620,1733,s1,grip_v6
10217622,1739,s1,grip_v6
10217624,1879,s1,grip_v6
10217626,1854,s1,grip_v6
10217628,1891,s1,grip_v6
10217630,1860,s1,grip_v6
10217632,1913,s1,grip_v6
10217634,2000,s1,grip_v6
10217636,2055,s1,grip_v6
10217638,2079,s1,grip_v6
10217640,2042,s1,grip_v6
10217642,1973,s1,grip_v6
10217644,1968,s1,grip_v6
10217646,1893,s1,grip_v6
10217648,1909,s1,grip_v6
10217650,1889,s1,grip_v6
10217652,1968,s1,grip_v6
10217654,1917,s1,grip_v6
10217656,1854,s1,grip_v6
10217658,1817,s1,grip_v6
10217660,1863,s1,grip_v6
10217662,1835,s1,grip_v6
10217664,1773,s1,grip_v6
10217666,1742,s1,grip_v6
10217668,1693,s1,grip_v6
10217670,1662,s1,grip_v6
10217672,1678,s1,grip_v6
10217674,1748,s1,grip_v6
10217676,1741,s1,grip_v6
10217678,1814,s1,grip_v6
10217680,1814,s1,grip_v6
10217682,1829,s1,grip_v6
10217684,1853,s1,grip_v6
10217686,1929,s1,grip_v6
10217688,1859,s1,grip_v6
10217690,1864,s1,grip_v6
10217692,1814,s1,grip_v6
10217694,1781,s1,grip_v6
10217696,1725,s1,grip_v6
10217698,1795,s1,grip_v6
10217700,1861,s1,grip_v6
10217702,1886,s1,grip_v6
10217704,1890,s1,grip_v6
10217706,1863,s1,grip_v6
10217708,1850,s1,grip_v6
10217710,1936,s1,grip_v6
10217712,1967,s1,grip_v6
10217714,1923,s1,grip_v6
10217716,1907,s1,grip_v6
10217718,1930,s1,grip_v6
10217720,1923,s1,grip_v6
10217722,1969,s1,grip_v6
10217724,2143,s1,grip_v6
10217726,2165,s1,grip_v6
10217728,2245,s1,grip_v6
10217730,2214,s1,grip_v6
10217732,2287,s1,grip_v6
10217734,2229,s1,grip_v6
10217736,2255,s1,grip_v6
10217738,2249,s1,grip_v6
10217740,2231,s1,grip_v6
10217742,2192,s1,grip_v6
10217744,2238,s1,grip_v6
10217746,2147,s1,grip_v6
10217748,2085,s1,grip_v6
10217750,2047,s1,grip_v6
10217752,2114,s1,grip_v6
10217754,2043,s1,grip_v6
10217756,1983,s1,grip_v6
10217758,1963,s1,grip_v6
10217760,2000,s1,grip_v6
10217762,2073,s1,grip_v6
10217764,2177,s1,grip_v6
10217766,2195,s1,grip_v6
10217768,2256,s1,grip_v6
10217770,2346,s1,grip_v6
10217772,2350,s1,grip_v6
10217774,2431,s1,grip_v6
10217776,2352,s1,grip_v6
10217778,2257,s1,grip_v6
10217780,2247,s1,grip_v6
10217782,2411,s1,grip_v6
10217784,2374,s1,grip_v6
10217786,2289,s1,grip_v6
10217788,2203,s1,grip_v6
10217790,2195,s1,grip_v6
10217792,2224,s1,grip_v6
10217794,2273,s1,grip_v6
10217796,2246,s1,grip_v6
10217798,2431,s1,grip_v6
10217800,2589,s1,grip_v6
10217802,2544,s1,grip_v6
10217804,2559,s1,grip_v6
10217806,2544,s1,grip_v6
10217808,2526,s1,grip_v6
10217810,2647,s1,grip_v6
10217812,2640,s1,grip_v6
10217814,2559,s1,grip_v6
10217816,2658,s1,grip_v6
10217818,2697,s1,grip_v6
10217820,2641,s1,grip_v6
10217822,2608,s1,grip_v6
10217824,2525,s1,grip_v6
10217826,2506,s1,grip_v6
10217828,2559,s1,grip_v6
10217830,2531,s1,grip_v6
10217832,2604,s1,grip_v6
10217834,2599,s1,grip_v6
10217836,2538,s1,grip_v6
10217838,2502,s1,grip_v6
10217840,2434,s1,grip_v6
10217842,2448,s1,grip_v6
10217844,2422,s1,grip_v6
10217846,2437,s1,grip_v6
10217848,2446,s1,grip_v6
10217850,2399,s1,grip_v6
10217852,2374,s1,grip_v6
10217854,2304,s1,grip_v6
10217856,2250,s1,grip_v6
10217858,2224,s1,grip_v6
10217860,2250,s1,grip_v6
10217862,2333,s1,grip_v6
10217864,2354,s1,grip_v6
10217866,2385,s1,grip_v6
10217868,2641,s1,grip_v6
10217870,2650,s1,grip_v6
10217872,2559,s1,grip_v6
10217874,2494,s1,grip_v6
10217876,2432,s1,grip_v6
10217878,2389,s1,grip_v6
10217880,2339,s1,grip_v6
10217882,2301,s1,grip_v6
10217884,2267,s1,grip_v6
10217886,2241,s1,grip_v6
10217888,2163,s1,grip_v6
10217890,2212,s1,grip_v6
10217892,2177,s1,grip_v6
10217894,2095,s1,grip_v6
10217896,2045,s1,grip_v6
10217898,2239,s1,grip_v6
10217900,2245,s1,grip_v6
10217902,2240,s1,grip_v6
10217904,2224,s1,grip_v6
10217906,2145,s1,grip_v6
10217908,2107,s1,grip_v6
10217910,2079,s1,grip_v6
10217912,2083,s1,grip_v6
10217914,2083,s1,grip_v6
10217916,2047,s1,grip_v6
10217918,2032,s1,grip_v6
10217920,2032,s1,grip_v6
10217922,1953,s1,grip_v6
10217924,2011,s1,grip_v6
10217926,2077,s1,grip_v6
10217928,1993,s1,grip_v6
10217930,2041,s1,grip_v6
10217932,2176,s1,grip_v6
10217934,2182,s1,grip_v6
10217936,2087,s1,grip_v6
10217938,2009,s1,grip_v6
10217940,2003,s1,grip_v6
10217942,1988,s1,grip_v6
10217944,1995,s1,grip_v6
10217946,1955,s1,grip_v6
10217948,1889,s1,grip_v6
10217950,1866,s1,grip_v6
10217952,1906,s1,grip_v6
10217954,1834,s1,grip_v6
10217956,1783,s1,grip_v6
10217958,1794,s1,grip_v6
10217960,1758,s1,grip_v6
10217962,1728,s1,grip_v6
10217964,1684,s1,grip_v6
10217966,1776,s1,grip_v6
10217968,1750,s1,grip_v6
10217970,1707,s1,grip_v6
10217972,1667,s1,grip_v6
10217974,1730,s1,grip_v6
10217976,1712,s1,grip_v6
10217978,1731,s1,grip_v6
10217980,1759,s1,grip_v6
10217982,1793,s1,grip_v6
10217984,1757,s1,grip_v6
10217986,1807,s1,grip_v6
10217988,1776,s1,grip_v6
10217990,1746,s1,grip_v6
10217992,1712,s1,grip_v6
10217994,1648,s1,grip_v6
10217996,1648,s1,grip_v6
10217998,1744,s1,grip_v6
10218000,1785,s1,grip_v6
10218002,1739,s1,grip_v6
10218004,1699,s1,grip_v6
10218006,1690,s1,grip_v6
10218008,1861,s1,grip_v6
10218010,1837,s1,grip_v6
10218012,1845,s1,grip_v6
10218014,1808,s1,grip_v6
10218016,1824,s1,grip_v6
10218018,1865,s1,grip_v6
10218020,1822,s1,grip_v6
10218022,1924,s1,grip_v6
10218024,1910,s1,grip_v6
10218026,1887,s1,grip_v6
10218028,1840,s1,grip_v6
10218030,1803,s1,grip_v6
10218032,1762,s1,grip_v6
10218034,1763,s1,grip_v6
10218036,1796,s1,grip_v6
10218038,1825,s1,grip_v6
10218040,1858,s1,grip_v6
10218042,1905,s1,grip_v6
10218044,2083,s1,grip_v6
10218046,2089,s1,grip_v6
10218048,2017,s1,grip_v6
10218050,2016,s1,grip_v6
10218052,2151,s1,grip_v6
10218054,2130,s1,grip_v6
10218056,2047,s1,grip_v6
10218058,2003,s1,grip_v6
10218060,2091,s1,grip_v6
10218062,2138,s1,grip_v6
10218064,2108,s1,grip_v6
10218066,2129,s1,grip_v6
10218068,2112,s1,grip_v6
10218070,2080,s1,grip_v6
10218072,2032,s1,grip_v6
10218074,2096,s1,grip_v6
10218076,2095,s1,grip_v6
10218078,2134,s1,grip_v6
10218080,2102,s1,grip_v6
10218082,2012,s1,grip_v6
10218084,2064,s1,grip_v6
10218086,2035,s1,grip_v6
10218088,2059,s1,grip_v6
10218090,2064,s1,grip_v6
10218092,2070,s1,grip_v6
10218094,2157,s1,grip_v6
10218096,2176,s1,grip_v6
10218098,2128,s1,grip_v6
10218100,2098,s1,grip_v6
10218102,2199,s1,grip_v6
10218104,2194,s1,grip_v6
10218106,2202,s1,grip_v6
10218108,2186,s1,grip_v6
10218110,2295,s1,grip_v6
10218112,2374,s1,grip_v6
10218114,2298,s1,grip_v6
10218116,2323,s1,grip_v6
10218118,2367,s1,grip_v6
10218120,2433,s1,grip_v6
10218122,2385,s1,grip_v6
10218124,2307,s1,grip_v6
10218126,2267,s1,grip_v6
10218128,2208,s1,grip_v6
10218130,2129,s1,grip_v6
10218132,2059,s1,grip_v6
10218134,2128,s1,grip_v6
10218136,2171,s1,grip_v6
10218138,2112,s1,grip_v6
10218140,2082,s1,grip_v6
10218142,2059,s1,grip_v6
10218144,2096,s1,grip_v6
10218146,2019,s1,grip_v6
10218148,1968,s1,grip_v6
10218150,1923,s1,grip_v6
10218152,1989,s1,grip_v6
10218154,2019,s1,grip_v6
10218156,2001,s1,grip_v6
10218158,1959,s1,grip_v6
10218160,1949,s1,grip_v6
10218162,1879,s1,grip_v6
10218164,1837,s1,grip_v6
10218166,1839,s1,grip_v6
10218168,1847,s1,grip_v6
10218170,1824,s1,grip_v6
10218172,1755,s1,grip_v6
10218174,1790,s1,grip_v6
10218176,1797,s1,grip_v6
10218178,1826,s1,grip_v6
10218180,1799,s1,grip_v6
10218182,1808,s1,grip_v6
10218184,1776,s1,grip_v6
10218186,1843,s1,grip_v6
10218188,1806,s1,grip_v6
10218190,1904,s1,grip_v6
10218192,1990,s1,grip_v6
10218194,2014,s1,grip_v6
10218196,2032,s1,grip_v6
10218198,2084,s1,grip_v6
10218200,2223,s1,grip_v6
10218202,2150,s1,grip_v6
10218204,2099,s1,grip_v6
10218206,2202,s1,grip_v6
10218208,2350,s1,grip_v6
10218210,2335,s1,grip_v6
10218212,2384,s1,grip_v6
10218214,2325,s1,grip_v6
10218216,2330,s1,grip_v6
10218218,2301,s1,grip_v6
10218220,2258,s1,grip_v6
10218222,2193,s1,grip_v6
10218224,2134,s1,grip_v6
10218226,2053,s1,grip_v6
10218228,1966,s1,grip_v6
10218230,1897,s1,grip_v6
10218232,1877,s1,grip_v6
10218234,1843,s1,grip_v6
10218236,1851,s1,grip_v6
10218238,1788,s1,grip_v6
10218240,1760,s1,grip_v6
10218242,1724,s1,grip_v6
10218244,1744,s1,grip_v6
10218246,1707,s1,grip_v6
10218248,1727,s1,grip_v6
10218250,1829,s1,grip_v6
10218252,1877,s1,grip_v6
10218254,1875,s1,grip_v6
10218256,1859,s1,grip_v6
10218258,1981,s1,grip_v6
10218260,1958,s1,grip_v6
10218262,2055,s1,grip_v6
10218264,2055,s1,grip_v6
10218266,2047,s1,grip_v6
10218268,2032,s1,grip_v6
10218270,2027,s1,grip_v6
10218272,1950,s1,grip_v6
10218274,1921,s1,grip_v6
10218276,1927,s1,grip_v6
10218278,1923,s1,grip_v6
10218280,1862,s1,grip_v6
10218282,1895,s1,grip_v6
10218284,1899,s1,grip_v6
10218286,1969,s1,grip_v6
10218288,1920,s1,grip_v6
10218290,1872,s1,grip_v6
10218292,1841,s1,grip_v6
10218294,1803,s1,grip_v6
10218296,1734,s1,grip_v6
10218298,1787,s1,grip_v6
10218300,1781,s1,grip_v6
10218302,1840,s1,grip_v6
10218304,1886,s1,grip_v6
10218306,1921,s1,grip_v6
10218308,1922,s1,grip_v6
10218310,1975,s1,grip_v6
10218312,1931,s1,grip_v6
10218314,1874,s1,grip_v6
10218316,1943,s1,grip_v6
10218318,1909,s1,grip_v6
10218320,1872,s1,grip_v6
10218322,1830,s1,grip_v6
10218324,1957,s1,grip_v6
10218326,1953,s1,grip_v6
10218328,2047,s1,grip_v6
10218330,2003,s1,grip_v6
10218332,1936,s1,grip_v6
10218334,1924,s1,grip_v6
10218336,1885,s1,grip_v6
10218338,1827,s1,grip_v6
10218340,1850,s1,grip_v6
10218342,1890,s1,grip_v6
10218344,2027,s1,grip_v6
10218346,1968,s1,grip_v6
10218348,1923,s1,grip_v6
10218350,1903,s1,grip_v6
10218352,1971,s1,grip_v6
10218354,1963,s1,grip_v6
10218356,1897,s1,grip_v6
10218358,1838,s1,grip_v6
10218360,1804,s1,grip_v6
10218362,1761,s1,grip_v6
10218364,1695,s1,grip_v6
10218366,1696,s1,grip_v6
10218368,1712,s1,grip_v6
10218370,1728,s1,grip_v6
10218372,1712,s1,grip_v6
10218374,1733,s1,grip_v6
10218376,1742,s1,grip_v6
10218378,1826,s1,grip_v6
10218380,1837,s1,grip_v6
10218382,1829,s1,grip_v6
10218384,1804,s1,grip_v6
10218386,1829,s1,grip_v6
10218388,1876,s1,grip_v6
10218390,1936,s1,grip_v6
10218392,1949,s1,grip_v6
10218394,2069,s1,grip_v6
10218396,2028,s1,grip_v6
10218398,1986,s1,grip_v6
10218400,1972,s1,grip_v6
10218402,2006,s1,grip_v6
10218404,1947,s1,grip_v6
10218406,1904,s1,grip_v6
10218408,1893,s1,grip_v6
10218410,1919,s1,grip_v6
10218412,1915,s1,grip_v6
10218414,1878,s1,grip_v6
10218416,1854,s1,grip_v6
10218418,1876,s1,grip_v6
10218420,1856,s1,grip_v6
10218422,1802,s1,grip_v6
10218424,1843,s1,grip_v6
10218426,1839,s1,grip_v6
10218428,1862,s1,grip_v6
10218430,1788,s1,grip_v6
10218432,1769,s1,grip_v6
10218434,1740,s1,grip_v6
10218436,1709,s1,grip_v6
10218438,1717,s1,grip_v6
10218440,1727,s1,grip_v6
10218442,1714,s1,grip_v6
10218444,1665,s1,grip_v6
10218446,1613,s1,grip_v6
10218448,1600,s1,grip_v6
10218450,1585,s1,grip_v6
10218452,1605,s1,grip_v6
10218454,1568,s1,grip_v6
10218456,1519,s1,grip_v6
10218458,1515,s1,grip_v6
10218460,1585,s1,grip_v6
10218462,1651,s1,grip_v6
10218464,1632,s1,grip_v6
10218466,1585,s1,grip_v6
10218468,1642,s1,grip_v6
10218470,1744,s1,grip_v6
10218472,1702,s1,grip_v6
10218474,1646,s1,grip_v6
10218476,1673,s1,grip_v6
10218478,1697,s1,grip_v6
10218480,1670,s1,grip_v6
10218482,1731,s1,grip_v6
10218484,1729,s1,grip_v6
10218486,1771,s1,grip_v6
10218488,1735,s1,grip_v6
10218490,1790,s1,grip_v6
10218492,1827,s1,grip_v6
10218494,1871,s1,grip_v6
10218496,1913,s1,grip_v6
10218498,1936,s1,grip_v6
10218500,1909,s1,grip_v6
10218502,1936,s1,grip_v6
10218504,1923,s1,grip_v6
10218506,1898,s1,grip_v6
10218508,1861,s1,grip_v6
10218510,1904,s1,grip_v6
10218512,1955,s1,grip_v6
10218514,1904,s1,grip_v6
10218516,1874,s1,grip_v6
10218518,1989,s1,grip_v6
10218520,1991,s1,grip_v6
10218522,1907,s1,grip_v6
10218524,1871,s1,grip_v6
10218526,1858,s1,grip_v6
10218528,1844,s1,grip_v6
10218530,1783,s1,grip_v6
10218532,1815,s1,grip_v6
10218534,1821,s1,grip_v6
10218536,2003,s1,grip_v6
10218538,2010,s1,grip_v6
10218540,2026,s1,grip_v6
10218542,2007,s1,grip_v6
10218544,2029,s1,grip_v6
10218546,1994,s1,grip_v6
10218548,2007,s1,grip_v6
10218550,2001,s1,grip_v6
10218552,2107,s1,grip_v6
10218554,2096,s1,grip_v6
10218556,2033,s1,grip_v6
10227586,2102,s1,grip_v6
10227588,2133,s1,grip_v6
10227590,2127,s1,grip_v6
10227592,2087,s1,grip_v6
10227594,2031,s1,grip_v6
10227596,2057,s1,grip_v6
10227598,1998,s1,grip_v6
10227600,1920,s1,grip_v6
10227602,1904,s1,grip_v6
10227604,1948,s1,grip_v6
10227606,2081,s1,grip_v6
10227608,2096,s1,grip_v6
10227610,2058,s1,grip_v6
10227612,2126,s1,grip_v6
10227614,2101,s1,grip_v6
10227616,2087,s1,grip_v6
10227618,2125,s1,grip_v6
10227620,2054,s1,grip_v6
10227622,2010,s1,grip_v6
10227624,1994,s1,grip_v6
10227626,2173,s1,grip_v6
10227628,2207,s1,grip_v6
10227630,2185,s1,grip_v6
10227632,2224,s1,grip_v6
10227634,2318,s1,grip_v6
10227636,2311,s1,grip_v6
10227638,2300,s1,grip_v6
10227640,2255,s1,grip_v6
10227642,2185,s1,grip_v6
10227644,2160,s1,grip_v6
10227646,2122,s1,grip_v6
10227648,2032,s1,grip_v6
10227650,2011,s1,grip_v6
10227652,2013,s1,grip_v6
10227654,2045,s1,grip_v6
10227656,1982,s1,grip_v6
10227658,1918,s1,grip_v6
10227660,1966,s1,grip_v6
10227662,1959,s1,grip_v6
10227664,2018,s1,grip_v6
10227666,2031,s1,grip_v6
10227668,2045,s1,grip_v6
10227670,2061,s1,grip_v6
10227672,2227,s1,grip_v6
10227674,2346,s1,grip_v6
10227676,2418,s1,grip_v6
10227678,2422,s1,grip_v6
10227680,2505,s1,grip_v6
10227682,2416,s1,grip_v6
10227684,2349,s1,grip_v6
10227686,2386,s1,grip_v6
10227688,2416,s1,grip_v6
10227690,2484,s1,grip_v6
10227692,2473,s1,grip_v6
10227694,2457,s1,grip_v6
10227696,2383,s1,grip_v6
10227698,2336,s1,grip_v6
10227700,2279,s1,grip_v6
10227702,2235,s1,grip_v6
10227704,2270,s1,grip_v6
10227706,2255,s1,grip_v6
10227708,2190,s1,grip_v6
10227710,2103,s1,grip_v6
10227712,2027,s1,grip_v6
10227714,1939,s1,grip_v6
10227716,1890,s1,grip_v6
10227718,1931,s1,grip_v6
10227720,1927,s1,grip_v6
10227722,2031,s1,grip_v6
10227724,1985,s1,grip_v6
10227726,1926,s1,grip_v6
10227728,1895,s1,grip_v6
10227730,1938,s1,grip_v6
10227732,1918,s1,grip_v6
10227734,1895,s1,grip_v6
10227736,1889,s1,grip_v6
10227738,2003,s1,grip_v6
10227740,1967,s1,grip_v6
10227742,1905,s1,grip_v6
10227744,1858,s1,grip_v6
10227746,1879,s1,grip_v6
10227748,1950,s1,grip_v6
10227750,1981,s1,grip_v6
10227752,2014,s1,grip_v6
10227754,2153,s1,grip_v6
10227756,2276,s1,grip_v6
10227758,2235,s1,grip_v6
10227760,2238,s1,grip_v6
10227762,2155,s1,grip_v6
10227764,2075,s1,grip_v6
10227766,2069,s1,grip_v6
10227768,2162,s1,grip_v6
10227770,2145,s1,grip_v6
10227772,2146,s1,grip_v6
10227774,2061,s1,grip_v6
10227776,2010,s1,grip_v6
10227778,1957,s1,grip_v6
10227780,2025,s1,grip_v6
10227782,2040,s1,grip_v6
10227784,2021,s1,grip_v6
10227786,1990,s1,grip_v6
10227788,2032,s1,grip_v6
10227790,2109,s1,grip_v6
10227792,2135,s1,grip_v6
10227794,2126,s1,grip_v6
10227796,2258,s1,grip_v6
10227798,2351,s1,grip_v6
10227800,2315,s1,grip_v6
10227802,2267,s1,grip_v6
10227804,2323,s1,grip_v6
10227806,2396,s1,grip_v6
10227808,2369,s1,grip_v6
10227810,2391,s1,grip_v6
10227812,2364,s1,grip_v6
10227814,2341,s1,grip_v6
10227816,2239,s1,grip_v6
10227818,2225,s1,grip_v6
10227820,2175,s1,grip_v6
10227822,2160,s1,grip_v6
10227824,2123,s1,grip_v6
10227826,2112,s1,grip_v6
10227828,2121,s1,grip_v6
10227830,2188,s1,grip_v6
10227832,2151,s1,grip_v6
10227834,2115,s1,grip_v6
10227836,2069,s1,grip_v6
10227838,2101,s1,grip_v6
10227840,2118,s1,grip_v6
10227842,2142,s1,grip_v6
10227844,2141,s1,grip_v6
10227846,2218,s1,grip_v6
10227848,2177,s1,grip_v6
10227850,2096,s1,grip_v6
10227852,2064,s1,grip_v6
10227854,2018,s1,grip_v6
10227856,1957,s1,grip_v6
10227858,1894,s1,grip_v6
10227860,1905,s1,grip_v6
10227862,1856,s1,grip_v6
10227864,1792,s1,grip_v6
10227866,1728,s1,grip_v6
10227868,1772,s1,grip_v6
10227870,1751,s1,grip_v6
10227872,1892,s1,grip_v6
10227874,1939,s1,grip_v6
10227876,1875,s1,grip_v6
10227878,1963,s1,grip_v6
10227880,2032,s1,grip_v6
10227882,2006,s1,grip_v6
10227884,1974,s1,grip_v6
10227886,1941,s1,grip_v6
10227888,2011,s1,grip_v6
10227890,2021,s1,grip_v6
10227892,2005,s1,grip_v6
10227894,2000,s1,grip_v6
10227896,2007,s1,grip_v6
10227898,2003,s1,grip_v6
10227900,1985,s1,grip_v6
10227902,2032,s1,grip_v6
10227904,2000,s1,grip_v6
10227906,1999,s1,grip_v6
10227908,1981,s1,grip_v6
10227910,2033,s1,grip_v6
10227912,1987,s1,grip_v6
10227914,1912,s1,grip_v6
10227916,1837,s1,grip_v6
10227918,1919,s1,grip_v6
10227920,1919,s1,grip_v6
10227922,1858,s1,grip_v6
10227924,1895,s1,grip_v6
10227926,1911,s1,grip_v6
10227928,1917,s1,grip_v6
10227930,1978,s1,grip_v6
10227932,1921,s1,grip_v6
10227934,1878,s1,grip_v6
10227936,1846,s1,grip_v6
10227938,1897,s1,grip_v6
10227940,1980,s1,grip_v6
10227942,2019,s1,grip_v6
10227944,2007,s1,grip_v6
10227946,2115,s1,grip_v6
10227948,2215,s1,grip_v6
10227950,2160,s1,grip_v6
10227952,2113,s1,grip_v6
10227954,2169,s1,grip_v6
10227956,2086,s1,grip_v6
10227958,1991,s1,grip_v6
10227960,2005,s1,grip_v6
10227962,1987,s1,grip_v6
10227964,1972,s1,grip_v6
10227966,1911,s1,grip_v6
10227968,1922,s1,grip_v6
10227970,1895,s1,grip_v6
10227972,1943,s1,grip_v6
10227974,1909,s1,grip_v6
10227976,1870,s1,grip_v6
10227978,1822,s1,grip_v6
10227980,1837,s1,grip_v6
10227982,1776,s1,grip_v6
10227984,1774,s1,grip_v6
10227986,1763,s1,grip_v6
10227988,1814,s1,grip_v6
10227990,1801,s1,grip_v6
10227992,1840,s1,grip_v6
10227994,1995,s1,grip_v6
10227996,1977,s1,grip_v6
10227998,2072,s1,grip_v6
10228000,2155,s1,grip_v6
10228002,2195,s1,grip_v6
10228004,2170,s1,grip_v6
10228006,2112,s1,grip_v6
10228008,2047,s1,grip_v6
10228010,2155,s1,grip_v6
10228012,2240,s1,grip_v6
10228014,2416,s1,grip_v6
10228016,2375,s1,grip_v6
10228018,2323,s1,grip_v6
10228020,2379,s1,grip_v6
10228022,2381,s1,grip_v6
10228024,2295,s1,grip_v6
10228026,2267,s1,grip_v6
10228028,2205,s1,grip_v6
10228030,2269,s1,grip_v6
10228032,2220,s1,grip_v6
10228034,2167,s1,grip_v6
10228036,2109,s1,grip_v6
10228038,2080,s1,grip_v6
10228040,2011,s1,grip_v6
10228042,2026,s1,grip_v6
10228044,2080,s1,grip_v6
10228046,2083,s1,grip_v6
10228048,2061,s1,grip_v6
10228050,2000,s1,grip_v6
10228052,2046,s1,grip_v6
10228054,2025,s1,grip_v6
10228056,1998,s1,grip_v6
10228058,1936,s1,grip_v6
10228060,1936,s1,grip_v6
10228062,1914,s1,grip_v6
10228064,1901,s1,grip_v6
10228066,1849,s1,grip_v6
10228068,1856,s1,grip_v6
10228070,1854,s1,grip_v6
10228072,1914,s1,grip_v6
10228074,1873,s1,grip_v6
10228076,1831,s1,grip_v6
10228078,1845,s1,grip_v6
10228080,1856,s1,grip_v6
10228082,1787,s1,grip_v6
10228084,1892,s1,grip_v6
10228086,1928,s1,grip_v6
10228088,2118,s1,grip_v6
10228090,2076,s1,grip_v6
10228092,2025,s1,grip_v6
10228094,2079,s1,grip_v6
10228096,2020,s1,grip_v6
10228098,2032,s1,grip_v6
10228100,2103,s1,grip_v6
10228102,2144,s1,grip_v6
10228104,2123,s1,grip_v6
10228106,2112,s1,grip_v6
10228108,2096,s1,grip_v6
10228110,2096,s1,grip_v6
10228112,2105,s1,grip_v6
10228114,2123,s1,grip_v6
10228116,2057,s1,grip_v6
10228118,2005,s1,grip_v6
10228120,1999,s1,grip_v6
10228122,2042,s1,grip_v6
10228124,1981,s1,grip_v6
10228126,1935,s1,grip_v6
10228128,1884,s1,grip_v6
10228130,1908,s1,grip_v6
10228132,1840,s1,grip_v6
10228134,1821,s1,grip_v6
10228136,1814,s1,grip_v6
10228138,1791,s1,grip_v6
10228140,1762,s1,grip_v6
10228142,1744,s1,grip_v6
10228144,1824,s1,grip_v6
10228146,1782,s1,grip_v6
10228148,1735,s1,grip_v6
10228150,1776,s1,grip_v6
10228152,1934,s1,grip_v6
10228154,1941,s1,grip_v6
10228156,2006,s1,grip_v6
10228158,1957,s1,grip_v6
10228160,1905,s1,grip_v6
10228162,1862,s1,grip_v6
10228164,1791,s1,grip_v6
10228166,1741,s1,grip_v6
10228168,1841,s1,grip_v6
10228170,1804,s1,grip_v6
10228172,1757,s1,grip_v6
10228174,1730,s1,grip_v6
10228176,1737,s1,grip_v6
10228178,1753,s1,grip_v6
10228180,1698,s1,grip_v6
10228182,1622,s1,grip_v6
10228184,1588,s1,grip_v6
10228186,1571,s1,grip_v6
10228188,1600,s1,grip_v6
10228190,1566,s1,grip_v6
10228192,1555,s1,grip_v6
10228194,1648,s1,grip_v6
10228196,1680,s1,grip_v6
10228198,1755,s1,grip_v6
10228200,1744,s1,grip_v6
10228202,1767,s1,grip_v6
10228204,1762,s1,grip_v6
10228206,1789,s1,grip_v6
10228208,1862,s1,grip_v6
10228210,1829,s1,grip_v6
10228212,1972,s1,grip_v6
10228214,2018,s1,grip_v6
10228216,1998,s1,grip_v6
10228218,1949,s1,grip_v6
10228220,1933,s1,grip_v6
10228222,1881,s1,grip_v6
10228224,1847,s1,grip_v6
10228226,1878,s1,grip_v6
10228228,1843,s1,grip_v6
10228230,1883,s1,grip_v6
10228232,1857,s1,grip_v6
10228234,1868,s1,grip_v6
10228236,1847,s1,grip_v6
10228238,1866,s1,grip_v6
10228240,1804,s1,grip_v6
10228242,1854,s1,grip_v6
10228244,2000,s1,grip_v6
10228246,2032,s1,grip_v6
10228248,2131,s1,grip_v6
10228250,2135,s1,grip_v6
10228252,2171,s1,grip_v6
10228254,2128,s1,grip_v6
10228256,2110,s1,grip_v6
10228258,2102,s1,grip_v6
10228260,2170,s1,grip_v6
10228262,2157,s1,grip_v6
10228264,2205,s1,grip_v6
10228266,2135,s1,grip_v6
10228268,2175,s1,grip_v6
10228270,2160,s1,grip_v6
10228272,2227,s1,grip_v6
10228274,2295,s1,grip_v6
10228276,2255,s1,grip_v6
10228278,2175,s1,grip_v6
10228280,2155,s1,grip_v6
10228282,2079,s1,grip_v6
10228284,2076,s1,grip_v6
10228286,2166,s1,grip_v6
10228288,2079,s1,grip_v6
10228290,2004,s1,grip_v6
10228292,2116,s1,grip_v6
10228294,2142,s1,grip_v6
10228296,2179,s1,grip_v6
10228298,2144,s1,grip_v6
10228300,2121,s1,grip_v6
10228302,2096,s1,grip_v6
10228304,2193,s1,grip_v6
10228306,2176,s1,grip_v6
10228308,2211,s1,grip_v6
10228310,2143,s1,grip_v6
10228312,2177,s1,grip_v6
10228314,2158,s1,grip_v6
10228316,2080,s1,grip_v6
10228318,2013,s1,grip_v6
10228320,2096,s1,grip_v6
10228322,2131,s1,grip_v6
10228324,2107,s1,grip_v6
10228326,2104,s1,grip_v6
10228328,2075,s1,grip_v6
10228330,2121,s1,grip_v6
10228332,2101,s1,grip_v6
10228334,2095,s1,grip_v6
10228336,2115,s1,grip_v6
10228338,2039,s1,grip_v6
10228340,2081,s1,grip_v6
10228342,2175,s1,grip_v6
10228344,2171,s1,grip_v6
10228346,2264,s1,grip_v6
10228348,2221,s1,grip_v6
10228350,2131,s1,grip_v6
10228352,2131,s1,grip_v6
10228354,2138,s1,grip_v6
10228356,2126,s1,grip_v6
10228358,2055,s1,grip_v6
10228360,2079,s1,grip_v6
10228362,2007,s1,grip_v6
10228364,1968,s1,grip_v6
10228366,1935,s1,grip_v6
10228368,1966,s1,grip_v6
10228370,1916,s1,grip_v6
10228372,1908,s1,grip_v6
10228374,1884,s1,grip_v6
10228376,1878,s1,grip_v6
10228378,1867,s1,grip_v6
10228380,1961,s1,grip_v6
10228382,1930,s1,grip_v6
10228384,1902,s1,grip_v6
10228386,1923,s1,grip_v6
10228388,2096,s1,grip_v6
10228390,2123,s1,grip_v6
10228392,2094,s1,grip_v6
10228394,2203,s1,grip_v6
10228396,2238,s1,grip_v6
10228398,2475,s1,grip_v6
10228400,2533,s1,grip_v6
10228402,2523,s1,grip_v6
10228404,2512,s1,grip_v6
10228406,2517,s1,grip_v6
10228408,2447,s1,grip_v6
10228410,2423,s1,grip_v6
10228412,2363,s1,grip_v6
10228414,2368,s1,grip_v6
10228416,2301,s1,grip_v6
10228418,2352,s1,grip_v6
10228420,2309,s1,grip_v6
10228422,2359,s1,grip_v6
10228424,2373,s1,grip_v6
10228426,2413,s1,grip_v6
10228428,2371,s1,grip_v6
10228430,2446,s1,grip_v6
10228432,2448,s1,grip_v6
10228434,2391,s1,grip_v6
10228436,2337,s1,grip_v6
10228438,2365,s1,grip_v6
10228440,2318,s1,grip_v6
10228442,2295,s1,grip_v6
10228444,2267,s1,grip_v6
10228446,2262,s1,grip_v6
10228448,2227,s1,grip_v6
10228450,2176,s1,grip_v6
10228452,2281,s1,grip_v6
10228454,2266,s1,grip_v6
10228456,2288,s1,grip_v6
10228458,2192,s1,grip_v6
10228460,2126,s1,grip_v6
10228462,2138,s1,grip_v6
10228464,2081,s1,grip_v6
10228466,1999,s1,grip_v6
10228468,2003,s1,grip_v6
10228470,1978,s1,grip_v6
10228472,1984,s1,grip_v6
10228474,1929,s1,grip_v6
10228476,1891,s1,grip_v6
10228478,1887,s1,grip_v6
10228480,1801,s1,grip_v6
10228482,1749,s1,grip_v6
10228484,1808,s1,grip_v6
10228486,1853,s1,grip_v6
10228488,1858,s1,grip_v6
10228490,1850,s1,grip_v6
10228492,1875,s1,grip_v6
10228494,1998,s1,grip_v6
10228496,2025,s1,grip_v6
10228498,2071,s1,grip_v6
10228500,1986,s1,grip_v6
10228502,2047,s1,grip_v6
10228504,2025,s1,grip_v6
10228506,1966,s1,grip_v6
10228508,1909,s1,grip_v6
10228510,1946,s1,grip_v6
10228512,1913,s1,grip_v6
10228514,1867,s1,grip_v6
10228516,1783,s1,grip_v6
10228518,1798,s1,grip_v6
10228520,1772,s1,grip_v6
10228522,1786,s1,grip_v6
10228524,1727,s1,grip_v6
10228526,1728,s1,grip_v6
10228528,1695,s1,grip_v6
10228530,1680,s1,grip_v6
10228532,1651,s1,grip_v6
10228534,1679,s1,grip_v6
10228536,1702,s1,grip_v6
10228538,1735,s1,grip_v6
10228540,1717,s1,grip_v6
10228542,1677,s1,grip_v6
10228544,1693,s1,grip_v6
10228546,1681,s1,grip_v6
10228548,1680,s1,grip_v6
10228550,1616,s1,grip_v6
10228552,1631,s1,grip_v6
10228554,1615,s1,grip_v6
10228556,1575,s1,grip_v6
10228558,1502,s1,grip_v6
10228560,1619,s1,grip_v6
10228562,1616,s1,grip_v6
10228564,1648,s1,grip_v6
10228566,1685,s1,grip_v6
10228568,1792,s1,grip_v6
10228570,1797,s1,grip_v6
10228572,1861,s1,grip_v6
10228574,1819,s1,grip_v6
10228576,1793,s1,grip_v6
10228578,1755,s1,grip_v6
10228580,1734,s1,grip_v6
10228582,1742,s1,grip_v6
10228584,1761,s1,grip_v6
10228586,1894,s1,grip_v6
10228588,1867,s1,grip_v6
10228590,1866,s1,grip_v6
10228592,1854,s1,grip_v6
10228594,1843,s1,grip_v6
10228596,1851,s1,grip_v6
10228598,1862,s1,grip_v6
10228600,1857,s1,grip_v6
10228602,1845,s1,grip_v6
10228604,1933,s1,grip_v6
10228606,1936,s1,grip_v6
10228608,1883,s1,grip_v6
10228610,1863,s1,grip_v6
10228612,1824,s1,grip_v6
10228614,1862,s1,grip_v6
10228616,1813,s1,grip_v6
10228618,1790,s1,grip_v6
10228620,1735,s1,grip_v6
10228622,1680,s1,grip_v6
10228624,1723,s1,grip_v6
10228626,1797,s1,grip_v6
10228628,1805,s1,grip_v6
10228630,1919,s1,grip_v6
10228632,1934,s1,grip_v6
10228634,1883,s1,grip_v6
10228636,1874,s1,grip_v6
10228638,1955,s1,grip_v6
10228640,1954,s1,grip_v6
10228642,1886,s1,grip_v6
10228644,1853,s1,grip_v6
10228646,1865,s1,grip_v6
10228648,1871,s1,grip_v6
10228650,1834,s1,grip_v6
10228652,1858,s1,grip_v6
10228654,1841,s1,grip_v6
10228656,1871,s1,grip_v6
10228658,1808,s1,grip_v6
10228660,1840,s1,grip_v6
10228662,1808,s1,grip_v6
10228664,1841,s1,grip_v6
10228666,1813,s1,grip_v6
10228668,1830,s1,grip_v6
10228670,1828,s1,grip_v6
10228672,1911,s1,grip_v6
10228674,1873,s1,grip_v6
10228676,1835,s1,grip_v6
10228678,1803,s1,grip_v6
10228680,1831,s1,grip_v6
10228682,1789,s1,grip_v6
10228684,1749,s1,grip_v6
10228686,1791,s1,grip_v6
10228688,1808,s1,grip_v6
10228690,1837,s1,grip_v6
10228692,1840,s1,grip_v6
10228694,1840,s1,grip_v6
10228696,1859,s1,grip_v6
10228698,1871,s1,grip_v6
10228700,1801,s1,grip_v6
10228702,1819,s1,grip_v6
10228704,1790,s1,grip_v6
10228706,1872,s1,grip_v6
10228708,1913,s1,grip_v6
10228710,1842,s1,grip_v6
10228712,1926,s1,grip_v6
10228714,1953,s1,grip_v6
10228716,1869,s1,grip_v6
10228718,1851,s1,grip_v6
10228720,1814,s1,grip_v6
10228722,1808,s1,grip_v6
10228724,1767,s1,grip_v6
10228726,1807,s1,grip_v6
10228728,1890,s1,grip_v6
10228730,1846,s1,grip_v6
10228732,1786,s1,grip_v6
10228734,1777,s1,grip_v6
10228736,1884,s1,grip_v6
10228738,1835,s1,grip_v6
10228740,1809,s1,grip_v6
10228742,1766,s1,grip_v6
10228744,1798,s1,grip_v6
10228746,1803,s1,grip_v6
10228748,1814,s1,grip_v6
10228750,1755,s1,grip_v6
10228752,1770,s1,grip_v6
10228754,1754,s1,grip_v6
10228756,1762,s1,grip_v6
10228758,1727,s1,grip_v6
10228760,1761,s1,grip_v6
10228762,1728,s1,grip_v6
10228764,1729,s1,grip_v6
10228766,1697,s1,grip_v6
10228768,1714,s1,grip_v6
10228770,1698,s1,grip_v6
10228772,1759,s1,grip_v6
10228774,1777,s1,grip_v6
10228776,1763,s1,grip_v6
10228778,1744,s1,grip_v6
10228780,1738,s1,grip_v6
10228782,1680,s1,grip_v6
10228784,1645,s1,grip_v6
10228786,1637,s1,grip_v6
10228788,1670,s1,grip_v6
10228790,1670,s1,grip_v6
10228792,1657,s1,grip_v6
10228794,1773,s1,grip_v6
10228796,1745,s1,grip_v6
10228798,1831,s1,grip_v6
10228800,1908,s1,grip_v6
10228802,1984,s1,grip_v6
10228804,1959,s1,grip_v6
10228806,2018,s1,grip_v6
10228808,2002,s1,grip_v6
10228810,1998,s1,grip_v6
10228812,1989,s1,grip_v6
10228814,2004,s1,grip_v6
10228816,1931,s1,grip_v6
10228818,1936,s1,grip_v6
10228820,1906,s1,grip_v6
10228822,1962,s1,grip_v6
10228824,1935,s1,grip_v6
10228826,1879,s1,grip_v6
10228828,1850,s1,grip_v6
10228830,1834,s1,grip_v6
10228832,1813,s1,grip_v6
10228834,1802,s1,grip_v6
10228836,1915,s1,grip_v6
10228838,1883,s1,grip_v6
10228840,1873,s1,grip_v6
10228842,1869,s1,grip_v6
10228844,1904,s1,grip_v6
10228846,1833,s1,grip_v6
10228848,1809,s1,grip_v6
10228850,1796,s1,grip_v6
10228852,1982,s1,grip_v6
10228854,1968,s1,grip_v6
10228856,1974,s1,grip_v6
10228858,1915,s1,grip_v6
10228860,1898,s1,grip_v6
10228862,1875,s1,grip_v6
10228864,1876,s1,grip_v6
10228866,1819,s1,grip_v6
10228868,1840,s1,grip_v6
10228870,1842,s1,grip_v6
10228872,1920,s1,grip_v6
10228874,1870,s1,grip_v6
10228876,1809,s1,grip_v6
10228878,1767,s1,grip_v6
10228880,1809,s1,grip_v6
10228882,1770,s1,grip_v6
10228884,1730,s1,grip_v6
10228886,1810,s1,grip_v6
10228888,1827,s1,grip_v6
10228890,1936,s1,grip_v6
10228892,2028,s1,grip_v6
10228894,2022,s1,grip_v6
10228896,2075,s1,grip_v6
10228898,2047,s1,grip_v6
10228900,2007,s1,grip_v6
10228902,2035,s1,grip_v6
10228904,2037,s1,grip_v6
10228906,2103,s1,grip_v6
10228908,2064,s1,grip_v6
10228910,2003,s1,grip_v6
10228912,2030,s1,grip_v6
10228914,2096,s1,grip_v6
10228916,2043,s1,grip_v6
10228918,1970,s1,grip_v6
10228920,1907,s1,grip_v6
10228922,1894,s1,grip_v6
10228924,1838,s1,grip_v6
10228926,1806,s1,grip_v6
10228928,1794,s1,grip_v6
10228930,1814,s1,grip_v6
10228932,1857,s1,grip_v6
10228934,1843,s1,grip_v6
10228936,1822,s1,grip_v6
10228938,1835,s1,grip_v6
10228940,1853,s1,grip_v6
10228942,1863,s1,grip_v6
10228944,1985,s1,grip_v6
10228946,1953,s1,grip_v6
10228948,1998,s1,grip_v6
10228950,2010,s1,grip_v6
10228952,2035,s1,grip_v6
10228954,1983,s1,grip_v6
10228956,1958,s1,grip_v6
10228958,1891,s1,grip_v6
10228960,1940,s1,grip_v6
10228962,1900,s1,grip_v6
10228964,1840,s1,grip_v6
10228966,1792,s1,grip_v6
10228968,1842,s1,grip_v6
10228970,1821,s1,grip_v6
10228972,1807,s1,grip_v6
10228974,1724,s1,grip_v6
10228976,1685,s1,grip_v6
10228978,1648,s1,grip_v6
10228980,1703,s1,grip_v6
10228982,1711,s1,grip_v6
10228984,1683,s1,grip_v6
10228986,1708,s1,grip_v6
10228988,1766,s1,grip_v6
10228990,1807,s1,grip_v6
10228992,1835,s1,grip_v6
10228994,1862,s1,grip_v6
10228996,1857,s1,grip_v6
10228998,1873,s1,grip_v6
10229000,1825,s1,grip_v6
10229002,1791,s1,grip_v6
10229004,1723,s1,grip_v6
10229006,1671,s1,grip_v6
10229008,1704,s1,grip_v6
10229010,1738,s1,grip_v6
10229012,1759,s1,grip_v6
10229014,1844,s1,grip_v6
10229016,1803,s1,grip_v6
10229018,1770,s1,grip_v6
10229020,1744,s1,grip_v6
10229022,1775,s1,grip_v6
10229024,1706,s1,grip_v6
10229026,1698,s1,grip_v6
10229028,1712,s1,grip_v6
10229030,1751,s1,grip_v6
10229032,1745,s1,grip_v6
10229034,1708,s1,grip_v6
10229036,1689,s1,grip_v6
10229038,1721,s1,grip_v6
10229040,1731,s1,grip_v6
10229042,1715,s1,grip_v6
10229044,1764,s1,grip_v6
10229046,1762,s1,grip_v6
10229048,1775,s1,grip_v6
10229050,1776,s1,grip_v6
10229052,1867,s1,grip_v6
10229054,1857,s1,grip_v6
10229056,1889,s1,grip_v6
10229058,1840,s1,grip_v6
10229060,1872,s1,grip_v6
10229062,1831,s1,grip_v6
10229064,1887,s1,grip_v6
10229066,1887,s1,grip_v6
10229068,1808,s1,grip_v6
10229070,1835,s1,grip_v6
10229072,1872,s1,grip_v6
10229074,1838,s1,grip_v6
10229076,1794,s1,grip_v6
10229078,1742,s1,grip_v6
10229080,1757,s1,grip_v6
10229082,1711,s1,grip_v6
10229084,1648,s1,grip_v6
10229086,1635,s1,grip_v6
10229088,1585,s1,grip_v6
10229090,1535,s1,grip_v6
10229092,1518,s1,grip_v6
10229094,1584,s1,grip_v6
10229096,1616,s1,grip_v6
10229098,1632,s1,grip_v6
10229100,1569,s1,grip_v6
10229102,1563,s1,grip_v6
10229104,1557,s1,grip_v6
10229106,1584,s1,grip_v6
10229108,1646,s1,grip_v6
10229110,1792,s1,grip_v6
10229112,1819,s1,grip_v6
10229114,1981,s1,grip_v6
10229116,2081,s1,grip_v6
10229118,2189,s1,grip_v6
10229120,2170,s1,grip_v6
10229122,2207,s1,grip_v6
10229124,2189,s1,grip_v6
10229126,2134,s1,grip_v6
10229128,2090,s1,grip_v6
10229130,2115,s1,grip_v6
10229132,2092,s1,grip_v6
10229134,2079,s1,grip_v6
10229136,2105,s1,grip_v6
10229138,2066,s1,grip_v6
10229140,2027,s1,grip_v6
10229142,1968,s1,grip_v6
10229144,2000,s1,grip_v6
10229146,1989,s1,grip_v6
10229148,1982,s1,grip_v6
10229150,1910,s1,grip_v6
10229152,1925,s1,grip_v6
10229154,1888,s1,grip_v6
10229156,1862,s1,grip_v6
10229158,1805,s1,grip_v6
10229160,1818,s1,grip_v6
10229162,1779,s1,grip_v6
10229164,1828,s1,grip_v6
10229166,1780,s1,grip_v6
10229168,1767,s1,grip_v6
10229170,1735,s1,grip_v6
10229172,1759,s1,grip_v6
10229174,1751,s1,grip_v6
10229176,1819,s1,grip_v6
10229178,1854,s1,grip_v6
10229180,1854,s1,grip_v6
10229182,1885,s1,grip_v6
10229184,2045,s1,grip_v6
10229186,2141,s1,grip_v6
10229188,2159,s1,grip_v6
10229190,2223,s1,grip_v6
10229192,2254,s1,grip_v6
10229194,2251,s1,grip_v6
10229196,2310,s1,grip_v6
10229198,2314,s1,grip_v6
10229200,2275,s1,grip_v6
10229202,2239,s1,grip_v6
10229204,2178,s1,grip_v6
10229206,2147,s1,grip_v6
10229208,2086,s1,grip_v6
10229210,2019,s1,grip_v6
10229212,1936,s1,grip_v6
10229214,1876,s1,grip_v6
10229216,1830,s1,grip_v6
10229218,1845,s1,grip_v6
10229220,1830,s1,grip_v6
10229222,1921,s1,grip_v6
10229224,1905,s1,grip_v6
10229226,1842,s1,grip_v6
10229228,1807,s1,grip_v6
10229230,1831,s1,grip_v6
10229232,1791,s1,grip_v6
10229234,1739,s1,grip_v6
10229236,1751,s1,grip_v6
10229238,1810,s1,grip_v6
10229240,1861,s1,grip_v6
10229242,1897,s1,grip_v6
10229244,1917,s1,grip_v6
10229246,2102,s1,grip_v6
10229248,2183,s1,grip_v6
10229250,2114,s1,grip_v6
10229252,2035,s1,grip_v6
10229254,2069,s1,grip_v6
10229256,2060,s1,grip_v6
10229258,1997,s1,grip_v6
10229260,1952,s1,grip_v6
10229262,1905,s1,grip_v6
10229264,1872,s1,grip_v6
10229266,1834,s1,grip_v6
10229268,1776,s1,grip_v6
10229270,1765,s1,grip_v6
10229272,1804,s1,grip_v6
10229274,1730,s1,grip_v6
10229276,1693,s1,grip_v6
10229278,1683,s1,grip_v6
10229280,1629,s1,grip_v6
10229282,1569,s1,grip_v6
10229284,1533,s1,grip_v6
10229286,1634,s1,grip_v6
10229288,1586,s1,grip_v6
10229290,1535,s1,grip_v6
10229292,1535,s1,grip_v6
10229294,1631,s1,grip_v6
10229296,1657,s1,grip_v6
10229298,1717,s1,grip_v6
10229300,1683,s1,grip_v6
10229302,1713,s1,grip_v6
10229304,1690,s1,grip_v6
10229306,1726,s1,grip_v6
10229308,1677,s1,grip_v6
10229310,1746,s1,grip_v6
10229312,1743,s1,grip_v6
10229314,1745,s1,grip_v6
10229316,1747,s1,grip_v6
10229318,1728,s1,grip_v6
10229320,1722,s1,grip_v6
10229322,1717,s1,grip_v6
10229324,1650,s1,grip_v6
10229326,1639,s1,grip_v6
10229328,1683,s1,grip_v6
10229330,1698,s1,grip_v6
10229332,1639,s1,grip_v6
10229334,1616,s1,grip_v6
10229336,1744,s1,grip_v6
10229338,1712,s1,grip_v6
10229340,1696,s1,grip_v6
10229342,1840,s1,grip_v6
10229344,1965,s1,grip_v6
10229346,2032,s1,grip_v6
10229348,2155,s1,grip_v6
10229350,2131,s1,grip_v6
10229352,2150,s1,grip_v6
10229354,2126,s1,grip_v6
10229356,2163,s1,grip_v6
10229358,2187,s1,grip_v6
10229360,2225,s1,grip_v6
10229362,2219,s1,grip_v6
10229364,2239,s1,grip_v6
10229366,2224,s1,grip_v6
10229368,2233,s1,grip_v6
10229370,2193,s1,grip_v6
10229372,2198,s1,grip_v6
10229374,2128,s1,grip_v6
10229376,2078,s1,grip_v6
10229378,2039,s1,grip_v6
10229380,2027,s1,grip_v6
10229382,1947,s1,grip_v6
10229384,1893,s1,grip_v6
10229386,1921,s1,grip_v6
10229388,1899,s1,grip_v6
10229390,1917,s1,grip_v6
10229392,1933,s1,grip_v6
10229394,1939,s1,grip_v6
10229396,2010,s1,grip_v6
10229398,2047,s1,grip_v6
10229400,1987,s1,grip_v6
10229402,1946,s1,grip_v6
10229404,1947,s1,grip_v6
10229406,1927,s1,grip_v6
10229408,1897,s1,grip_v6
10229410,1917,s1,grip_v6
10229412,2023,s1,grip_v6
10229414,1974,s1,grip_v6
10229416,2064,s1,grip_v6
10229418,2178,s1,grip_v6
10229420,2176,s1,grip_v6
10229422,2186,s1,grip_v6
10229424,2129,s1,grip_v6
10229426,2073,s1,grip_v6
10229428,2087,s1,grip_v6
10229430,2047,s1,grip_v6
10229432,1999,s1,grip_v6
10229434,1945,s1,grip_v6
10229436,1943,s1,grip_v6
10229438,1953,s1,grip_v6
10229440,1943,s1,grip_v6
10229442,1877,s1,grip_v6
10229444,1872,s1,grip_v6
10229446,1842,s1,grip_v6
10229448,1817,s1,grip_v6
10229450,1762,s1,grip_v6
10229452,1744,s1,grip_v6
10229454,1686,s1,grip_v6
10229456,1654,s1,grip_v6
10229458,1637,s1,grip_v6
10229460,1697,s1,grip_v6
10229462,1727,s1,grip_v6
10229464,1691,s1,grip_v6
10229466,1647,s1,grip_v6
10229468,1635,s1,grip_v6
10229470,1631,s1,grip_v6
10229472,1710,s1,grip_v6
10229474,1712,s1,grip_v6
10229476,1658,s1,grip_v6
10229478,1613,s1,grip_v6
10229480,1680,s1,grip_v6
10229482,1707,s1,grip_v6
10229484,1707,s1,grip_v6
10229486,1727,s1,grip_v6
10229488,1746,s1,grip_v6
10229490,1834,s1,grip_v6
10229492,1872,s1,grip_v6
10229494,1882,s1,grip_v6
10229496,1918,s1,grip_v6
10229498,1955,s1,grip_v6
10229500,1925,s1,grip_v6
10229502,1975,s1,grip_v6
10229504,1968,s1,grip_v6
10229506,2027,s1,grip_v6
10229508,1984,s1,grip_v6
10229510,2010,s1,grip_v6
10229512,1982,s1,grip_v6
10229514,2030,s1,grip_v6
10229516,2032,s1,grip_v6
10229518,2009,s1,grip_v6
10229520,1974,s1,grip_v6
10229522,1971,s1,grip_v6
10229524,1900,s1,grip_v6
10229526,1863,s1,grip_v6
10229528,2000,s1,grip_v6
10229530,1947,s1,grip_v6
10229532,1965,s1,grip_v6
10229534,1994,s1,grip_v6
10229536,2032,s1,grip_v6
10229538,1974,s1,grip_v6
10229540,1927,s1,grip_v6
10229542,1875,s1,grip_v6
10229544,1906,s1,grip_v6
10229546,1933,s1,grip_v6
10229548,1955,s1,grip_v6
10229550,1933,s1,grip_v6
10229552,1873,s1,grip_v6
10229554,1797,s1,grip_v6
10229556,1725,s1,grip_v6
10229558,1653,s1,grip_v6
10229560,1645,s1,grip_v6
10229562,1612,s1,grip_v6
10229564,1638,s1,grip_v6
10229566,1580,s1,grip_v6
10229568,1556,s1,grip_v6
10229570,1522,s1,grip_v6
10229572,1492,s1,grip_v6
10229574,1449,s1,grip_v6
10229576,1419,s1,grip_v6
10229578,1402,s1,grip_v6
10229580,1407,s1,grip_v6
10229582,1353,s1,grip_v6
10229584,1321,s1,grip_v6
10229586,1357,s1,grip_v6
10229588,1381,s1,grip_v6
10229590,1374,s1,grip_v6
10229592,1320,s1,grip_v6
10229594,1398,s1,grip_v6
10229596,1401,s1,grip_v6
10229598,1392,s1,grip_v6
10229600,1355,s1,grip_v6
10229602,1451,s1,grip_v6
10229604,1449,s1,grip_v6
10229606,1483,s1,grip_v6
10229608,1472,s1,grip_v6
10229610,1494,s1,grip_v6
10229612,1487,s1,grip_v6
10229614,1585,s1,grip_v6
10229616,1584,s1,grip_v6
10229618,1535,s1,grip_v6
10229620,1534,s1,grip_v6
10229622,1593,s1,grip_v6
10229624,1523,s1,grip_v6
10229626,1520,s1,grip_v6
10229628,1534,s1,grip_v6
10229630,1511,s1,grip_v6
10229632,1462,s1,grip_v6
10229634,1437,s1,grip_v6
10229636,1535,s1,grip_v6
10229638,1520,s1,grip_v6
10229640,1513,s1,grip_v6
10229642,1472,s1,grip_v6
10229644,1535,s1,grip_v6
10229646,1535,s1,grip_v6
10229648,1585,s1,grip_v6
10229650,1535,s1,grip_v6
10229652,1591,s1,grip_v6
10229654,1600,s1,grip_v6
10229656,1702,s1,grip_v6
10229658,1682,s1,grip_v6
10229660,1675,s1,grip_v6
10229662,1633,s1,grip_v6
10229664,1664,s1,grip_v6
10229666,1683,s1,grip_v6
10229668,1731,s1,grip_v6
10229670,1744,s1,grip_v6
10229672,1810,s1,grip_v6
10229674,1797,s1,grip_v6
10229676,1765,s1,grip_v6
10229678,1776,s1,grip_v6
10229680,1797,s1,grip_v6
10229682,1792,s1,grip_v6
10229684,1776,s1,grip_v6
10229686,1770,s1,grip_v6
10229688,1770,s1,grip_v6
10229690,1775,s1,grip_v6
10229692,1754,s1,grip_v6
10229694,1887,s1,grip_v6
10229696,1874,s1,grip_v6
10229698,1921,s1,grip_v6
10229700,1945,s1,grip_v6
10229702,2068,s1,grip_v6
10229704,2040,s1,grip_v6
10229706,2130,s1,grip_v6
10229708,2119,s1,grip_v6
10229710,2103,s1,grip_v6
10229712,2058,s1,grip_v6
10229714,2083,s1,grip_v6
10229716,2057,s1,grip_v6
10229718,2046,s1,grip_v6
10229720,2055,s1,grip_v6
10229722,2150,s1,grip_v6
10229724,2106,s1,grip_v6
10229726,2047,s1,grip_v6
10229728,2033,s1,grip_v6
10229730,1994,s1,grip_v6
10229732,1968,s1,grip_v6
10229734,1980,s1,grip_v6
10229736,1986,s1,grip_v6
10229738,1995,s1,grip_v6
10229740,1974,s1,grip_v6
10229742,1911,s1,grip_v6
10229744,1906,s1,grip_v6
10229746,1859,s1,grip_v6
10229748,1835,s1,grip_v6
10229750,1763,s1,grip_v6
10229752,1761,s1,grip_v6
10229754,1744,s1,grip_v6
10229756,1765,s1,grip_v6
10229758,1712,s1,grip_v6
10229760,1726,s1,grip_v6
10229762,1695,s1,grip_v6
10229764,1710,s1,grip_v6
10229766,1829,s1,grip_v6
10229768,1881,s1,grip_v6
10229770,1872,s1,grip_v6
10229772,1927,s1,grip_v6
10229774,1886,s1,grip_v6
10229776,1855,s1,grip_v6
10229778,1904,s1,grip_v6
10229780,1866,s1,grip_v6
10229782,1876,s1,grip_v6
10229784,1820,s1,grip_v6
10229786,1776,s1,grip_v6
10229788,1747,s1,grip_v6
10229790,1695,s1,grip_v6
10229792,1643,s1,grip_v6
10229794,1679,s1,grip_v6
10229796,1666,s1,grip_v6
10229798,1690,s1,grip_v6
10229800,1658,s1,grip_v6
10229802,1680,s1,grip_v6
10229804,1662,s1,grip_v6
10229806,1666,s1,grip_v6
10229808,1594,s1,grip_v6
10229810,1625,s1,grip_v6
10229812,1603,s1,grip_v6
10229814,1574,s1,grip_v6
10229816,1512,s1,grip_v6
10229818,1581,s1,grip_v6
10229820,1564,s1,grip_v6
10229822,1597,s1,grip_v6
10229824,1535,s1,grip_v6
10229826,1534,s1,grip_v6
10229828,1590,s1,grip_v6
10229830,1535,s1,grip_v6
10229832,1571,s1,grip_v6
10229834,1664,s1,grip_v6
10229836,1730,s1,grip_v6
10229838,1770,s1,grip_v6
10229840,1801,s1,grip_v6
10229842,1779,s1,grip_v6
10229844,1849,s1,grip_v6
10229846,1855,s1,grip_v6
10229848,1947,s1,grip_v6
10229850,1915,s1,grip_v6
10229852,1914,s1,grip_v6
10229854,1886,s1,grip_v6
10229856,1883,s1,grip_v6
10229858,1811,s1,grip_v6
10229860,1811,s1,grip_v6
10229862,1781,s1,grip_v6
10229864,1805,s1,grip_v6
10229866,1728,s1,grip_v6
10229868,1758,s1,grip_v6
10229870,1788,s1,grip_v6
10229872,1889,s1,grip_v6
10229874,1994,s1,grip_v6
10229876,1925,s1,grip_v6
10229878,1855,s1,grip_v6
10229880,1875,s1,grip_v6
10229882,1871,s1,grip_v6
10229884,1862,s1,grip_v6
10229886,1885,s1,grip_v6
10229888,1895,s1,grip_v6
10229890,1872,s1,grip_v6
10229892,1807,s1,grip_v6
10229894,1855,s1,grip_v6
10229896,1836,s1,grip_v6
10229898,1843,s1,grip_v6
10229900,1790,s1,grip_v6
10229902,1747,s1,grip_v6
10229904,1762,s1,grip_v6
10229906,1727,s1,grip_v6
10229908,1695,s1,grip_v6
10229910,1660,s1,grip_v6
10229912,1637,s1,grip_v6
10229914,1649,s1,grip_v6
10229916,1578,s1,grip_v6
10229918,1589,s1,grip_v6
10229920,1599,s1,grip_v6
10229922,1638,s1,grip_v6
10229924,1635,s1,grip_v6
10229926,1664,s1,grip_v6
10229928,1680,s1,grip_v6
10229930,1733,s1,grip_v6
10229932,1702,s1,grip_v6
10229934,1653,s1,grip_v6
10229936,1698,s1,grip_v6
10229938,1705,s1,grip_v6
10229940,1775,s1,grip_v6
10229942,1756,s1,grip_v6
10229944,1744,s1,grip_v6
10229946,1755,s1,grip_v6
10229948,1751,s1,grip_v6
10229950,1706,s1,grip_v6
10229952,1734,s1,grip_v6
10229954,1707,s1,grip_v6
10229956,1682,s1,grip_v6
10229958,1648,s1,grip_v6
10229960,1707,s1,grip_v6
10229962,1702,s1,grip_v6
10229964,1698,s1,grip_v6
10229966,1642,s1,grip_v6
10229968,1690,s1,grip_v6
10229970,1767,s1,grip_v6
10229972,1749,s1,grip_v6
10229974,1783,s1,grip_v6
10229976,1802,s1,grip_v6
10229978,1794,s1,grip_v6
10229980,1845,s1,grip_v6
10229982,1839,s1,grip_v6
10229984,1763,s1,grip_v6
10229986,1754,s1,grip_v6
10229988,1744,s1,grip_v6
10229990,1701,s1,grip_v6
10229992,1664,s1,grip_v6
10229994,1690,s1,grip_v6
10229996,1647,s1,grip_v6
10229998,1594,s1,grip_v6
10230000,1526,s1,grip_v6
10230002,1535,s1,grip_v6
10230004,1524,s1,grip_v6
10230006,1584,s1,grip_v6
10230008,1520,s1,grip_v6
10230010,1501,s1,grip_v6
10230012,1488,s1,grip_v6
10230014,1559,s1,grip_v6
10230016,1505,s1,grip_v6
10230018,1471,s1,grip_v6
10230020,1515,s1,grip_v6
10230022,1560,s1,grip_v6
10230024,1581,s1,grip_v6
10230026,1597,s1,grip_v6
10230028,1534,s1,grip_v6
10230030,1529,s1,grip_v6
10230032,1504,s1,grip_v6
10230034,1489,s1,grip_v6
10230036,1509,s1,grip_v6
10230038,1520,s1,grip_v6
10230040,1520,s1,grip_v6
10230042,1473,s1,grip_v6
10230044,1521,s1,grip_v6
10230046,1527,s1,grip_v6
10230048,1559,s1,grip_v6
10230050,1494,s1,grip_v6
10230052,1504,s1,grip_v6
10230054,1526,s1,grip_v6
10230056,1655,s1,grip_v6
10230058,1617,s1,grip_v6
10230060,1584,s1,grip_v6
10230062,1557,s1,grip_v6
10230064,1618,s1,grip_v6
10230066,1611,s1,grip_v6
10230068,1583,s1,grip_v6
10230070,1598,s1,grip_v6
10230072,1702,s1,grip_v6
10230074,1665,s1,grip_v6
10230076,1649,s1,grip_v6
10230078,1648,s1,grip_v6
10230080,1683,s1,grip_v6
10230082,1744,s1,grip_v6
10230084,1750,s1,grip_v6
10230086,1776,s1,grip_v6
10230088,1770,s1,grip_v6
10230090,1817,s1,grip_v6
10230092,1778,s1,grip_v6
10230094,1829,s1,grip_v6
10230096,1827,s1,grip_v6
10230098,1866,s1,grip_v6
10230100,1814,s1,grip_v6
10230102,1795,s1,grip_v6
10230104,1765,s1,grip_v6
10230106,1854,s1,grip_v6
10230108,1846,s1,grip_v6
10230110,1794,s1,grip_v6
10230112,1745,s1,grip_v6
10230114,1808,s1,grip_v6
10230116,1779,s1,grip_v6
10230118,1772,s1,grip_v6
10230120,1762,s1,grip_v6
10230122,1828,s1,grip_v6
10230124,1889,s1,grip_v6
10230126,1879,s1,grip_v6
10230128,1885,s1,grip_v6
10230130,1914,s1,grip_v6
10230132,2010,s1,grip_v6
10230134,2042,s1,grip_v6
10230136,2023,s1,grip_v6
10230138,2035,s1,grip_v6
10230140,2067,s1,grip_v6
10230142,1979,s1,grip_v6
10230144,2001,s1,grip_v6
10230146,1968,s1,grip_v6
10230148,1983,s1,grip_v6
10230150,1975,s1,grip_v6
10230152,2002,s1,grip_v6
10230154,2042,s1,grip_v6
10230156,2128,s1,grip_v6
10230158,2071,s1,grip_v6
10230160,2045,s1,grip_v6
10230162,1994,s1,grip_v6
10230164,2026,s1,grip_v6
10230166,2021,s1,grip_v6
10230168,1945,s1,grip_v6
10230170,1875,s1,grip_v6
10230172,1819,s1,grip_v6
10230174,1755,s1,grip_v6
10230176,1780,s1,grip_v6
10230178,1790,s1,grip_v6
10230180,1895,s1,grip_v6
10230182,1873,s1,grip_v6
10230184,1801,s1,grip_v6
10230186,1811,s1,grip_v6
10230188,1818,s1,grip_v6
10230190,1825,s1,grip_v6
10230192,1753,s1,grip_v6
10230194,1798,s1,grip_v6
10230196,1775,s1,grip_v6
10230198,1795,s1,grip_v6
10230200,1773,s1,grip_v6
10230202,1778,s1,grip_v6
10230204,1763,s1,grip_v6
10230206,1796,s1,grip_v6
10230208,1721,s1,grip_v6
10230210,1737,s1,grip_v6
10230212,1712,s1,grip_v6
10230214,1771,s1,grip_v6
10230216,1743,s1,grip_v6
10230218,1710,s1,grip_v6
10230220,1677,s1,grip_v6
10230222,1643,s1,grip_v6
10230224,1650,s1,grip_v6
10230226,1613,s1,grip_v6
10230228,1619,s1,grip_v6
10230230,1630,s1,grip_v6
10230232,1600,s1,grip_v6
10230234,1535,s1,grip_v6
10230236,1531,s1,grip_v6
10230238,1603,s1,grip_v6
10230240,1591,s1,grip_v6
10230242,1569,s1,grip_v6
10230244,1567,s1,grip_v6
10230246,1535,s1,grip_v6
10230248,1616,s1,grip_v6
10230250,1579,s1,grip_v6
10230252,1630,s1,grip_v6
10230254,1611,s1,grip_v6
10230256,1642,s1,grip_v6
10230258,1582,s1,grip_v6
10230260,1570,s1,grip_v6
10230262,1535,s1,grip_v6
10230264,1535,s1,grip_v6
10230266,1506,s1,grip_v6
10230268,1493,s1,grip_v6
10230270,1456,s1,grip_v6
10230272,1408,s1,grip_v6
10230274,1361,s1,grip_v6
10230276,1319,s1,grip_v6
10230278,1357,s1,grip_v6
10230280,1308,s1,grip_v6
10230282,1271,s1,grip_v6
10230284,1277,s1,grip_v6
10230286,1334,s1,grip_v6
10230288,1364,s1,grip_v6
10230290,1374,s1,grip_v6
10230292,1321,s1,grip_v6
10230294,1398,s1,grip_v6
10230296,1446,s1,grip_v6
10230298,1609,s1,grip_v6
10230300,1610,s1,grip_v6
10230302,1654,s1,grip_v6
10230304,1634,s1,grip_v6
10230306,1639,s1,grip_v6
10230308,1593,s1,grip_v6
10230310,1587,s1,grip_v6
10230312,1584,s1,grip_v6
10230314,1535,s1,grip_v6
10230316,1456,s1,grip_v6
10230318,1407,s1,grip_v6
10230320,1373,s1,grip_v6
10230322,1402,s1,grip_v6
10230324,1380,s1,grip_v6
10230326,1334,s1,grip_v6
10230328,1322,s1,grip_v6
10230330,1316,s1,grip_v6
10230332,1396,s1,grip_v6
10230334,1403,s1,grip_v6
10230336,1626,s1,grip_v6
10230338,1664,s1,grip_v6
10230340,1646,s1,grip_v6
10230342,1621,s1,grip_v6
10230344,1712,s1,grip_v6
10230346,1691,s1,grip_v6
10230348,1742,s1,grip_v6
10230350,1691,s1,grip_v6
10230352,1646,s1,grip_v6
10230354,1609,s1,grip_v6
10230356,1625,s1,grip_v6
10230358,1558,s1,grip_v6
10230360,1579,s1,grip_v6
10230362,1582,s1,grip_v6
10230364,1616,s1,grip_v6
10230366,1589,s1,grip_v6
10230368,1554,s1,grip_v6
10230370,1557,s1,grip_v6
10230372,1647,s1,grip_v6
10230374,1600,s1,grip_v6
10230376,1535,s1,grip_v6
10230378,1503,s1,grip_v6
10230380,1586,s1,grip_v6
10230382,1558,s1,grip_v6
10230384,1510,s1,grip_v6
10230386,1666,s1,grip_v6
10230388,1679,s1,grip_v6
10230390,1798,s1,grip_v6
10230392,1900,s1,grip_v6
10230394,1954,s1,grip_v6
10230396,2021,s1,grip_v6
10230398,2098,s1,grip_v6
10230400,2069,s1,grip_v6
10230402,2118,s1,grip_v6
10230404,2094,s1,grip_v6
10230406,2191,s1,grip_v6
10230408,2231,s1,grip_v6
10230410,2224,s1,grip_v6
10230412,2205,s1,grip_v6
10230414,2176,s1,grip_v6
10230416,2141,s1,grip_v6
10230418,2149,s1,grip_v6
10230420,2158,s1,grip_v6
10230422,2301,s1,grip_v6
10230424,2288,s1,grip_v6
10230426,2258,s1,grip_v6
10230428,2196,s1,grip_v6
10230430,2177,s1,grip_v6
10230432,2131,s1,grip_v6
10230434,2118,s1,grip_v6
10230436,2231,s1,grip_v6
10230438,2217,s1,grip_v6
10230440,2220,s1,grip_v6
10230442,2121,s1,grip_v6
10230444,2096,s1,grip_v6
10230446,2037,s1,grip_v6
10230448,2029,s1,grip_v6
10230450,1958,s1,grip_v6
10230452,1913,s1,grip_v6
10230454,1894,s1,grip_v6
10230456,1895,s1,grip_v6
10230458,1889,s1,grip_v6
10230460,1910,s1,grip_v6
10230462,1873,s1,grip_v6
10230464,1906,s1,grip_v6
10230466,1856,s1,grip_v6
10230468,1777,s1,grip_v6
10230470,1746,s1,grip_v6
10230472,1754,s1,grip_v6
10230474,1813,s1,grip_v6
10230476,1782,s1,grip_v6
10230478,1815,s1,grip_v6
10230480,1838,s1,grip_v6
10230482,1818,s1,grip_v6
10230484,1863,s1,grip_v6
10230486,1881,s1,grip_v6
10230488,1885,s1,grip_v6
10230490,1835,s1,grip_v6
10230492,1780,s1,grip_v6
10230494,1768,s1,grip_v6
10230496,1712,s1,grip_v6
10230498,1725,s1,grip_v6
10230500,1747,s1,grip_v6
10230502,1782,s1,grip_v6
10230504,1750,s1,grip_v6
10230506,1776,s1,grip_v6
10230508,1745,s1,grip_v6
10230510,1737,s1,grip_v6
10230512,1745,s1,grip_v6
10230514,1746,s1,grip_v6
10230516,1705,s1,grip_v6
10230518,1677,s1,grip_v6
10230520,1666,s1,grip_v6
10230522,1599,s1,grip_v6
10230524,1568,s1,grip_v6
10230526,1657,s1,grip_v6
10230528,1728,s1,grip_v6
10230530,1815,s1,grip_v6
10230532,1919,s1,grip_v6
10230534,1979,s1,grip_v6
10230536,1996,s1,grip_v6
10230538,1961,s1,grip_v6
10230540,2063,s1,grip_v6
10230542,2162,s1,grip_v6
10230544,2191,s1,grip_v6
10230546,2185,s1,grip_v6
10230548,2227,s1,grip_v6
10230550,2193,s1,grip_v6
10230552,2159,s1,grip_v6
10230554,2099,s1,grip_v6
10230556,2093,s1,grip_v6
10230558,2063,s1,grip_v6
10230560,2091,s1,grip_v6
10230562,2073,s1,grip_v6
10230564,1975,s1,grip_v6
10230566,1893,s1,grip_v6
10230568,1947,s1,grip_v6
10230570,2169,s1,grip_v6
10230572,2224,s1,grip_v6
10230574,2240,s1,grip_v6
10230576,2175,s1,grip_v6
10230578,2207,s1,grip_v6
10230580,2170,s1,grip_v6
10230582,2189,s1,grip_v6
10230584,2155,s1,grip_v6
10230586,2163,s1,grip_v6
10230588,2117,s1,grip_v6
10239610,1498,s1,grip_v6
10239612,1470,s1,grip_v6
10239614,1425,s1,grip_v6
10239616,1458,s1,grip_v6
10239618,1535,s1,grip_v6
10239620,1597,s1,grip_v6
10239622,1578,s1,grip_v6
10239624,1523,s1,grip_v6
10239626,1535,s1,grip_v6
10239628,1495,s1,grip_v6
10239630,1439,s1,grip_v6
10239632,1474,s1,grip_v6
10239634,1457,s1,grip_v6
10239636,1488,s1,grip_v6
10239638,1504,s1,grip_v6
10239640,1565,s1,grip_v6
10239642,1535,s1,grip_v6
10239644,1472,s1,grip_v6
10239646,1437,s1,grip_v6
10239648,1535,s1,grip_v6
10239650,1535,s1,grip_v6
10239652,1586,s1,grip_v6
10239654,1523,s1,grip_v6
10239656,1498,s1,grip_v6
10239658,1488,s1,grip_v6
10239660,1515,s1,grip_v6
10239662,1462,s1,grip_v6
10239664,1419,s1,grip_v6
10239666,1397,s1,grip_v6
10239668,1485,s1,grip_v6
10239670,1481,s1,grip_v6
10239672,1436,s1,grip_v6
10239674,1398,s1,grip_v6
10239676,1456,s1,grip_v6
10239678,1425,s1,grip_v6
10239680,1390,s1,grip_v6
10239682,1410,s1,grip_v6
10239684,1408,s1,grip_v6
10239686,1389,s1,grip_v6
10239688,1338,s1,grip_v6
10239690,1423,s1,grip_v6
10239692,1457,s1,grip_v6
10239694,1429,s1,grip_v6
10239696,1454,s1,grip_v6
10239698,1598,s1,grip_v6
10239700,1647,s1,grip_v6
10239702,1716,s1,grip_v6
10239704,1734,s1,grip_v6
10239706,1744,s1,grip_v6
10239708,1735,s1,grip_v6
10239710,1731,s1,grip_v6
10239712,1714,s1,grip_v6
10239714,1685,s1,grip_v6
10239716,1682,s1,grip_v6
10239718,1697,s1,grip_v6
10239720,1661,s1,grip_v6
10239722,1693,s1,grip_v6
10239724,1653,s1,grip_v6
10239726,1598,s1,grip_v6
10239728,1533,s1,grip_v6
10239730,1466,s1,grip_v6
10239732,1434,s1,grip_v6
10239734,1405,s1,grip_v6
10239736,1379,s1,grip_v6
10239738,1331,s1,grip_v6
10239740,1405,s1,grip_v6
10239742,1393,s1,grip_v6
10239744,1451,s1,grip_v6
10239746,1442,s1,grip_v6
10239748,1507,s1,grip_v6
10239750,1498,s1,grip_v6
10239752,1535,s1,grip_v6
10239754,1507,s1,grip_v6
10239756,1487,s1,grip_v6
10239758,1503,s1,grip_v6
10239760,1555,s1,grip_v6
10239762,1559,s1,grip_v6
10239764,1535,s1,grip_v6
10239766,1535,s1,grip_v6
10239768,1656,s1,grip_v6
10239770,1649,s1,grip_v6
10239772,1607,s1,grip_v6
10239774,1535,s1,grip_v6
10239776,1513,s1,grip_v6
10239778,1439,s1,grip_v6
10239780,1398,s1,grip_v6
10239782,1451,s1,grip_v6
10239784,1424,s1,grip_v6
10239786,1488,s1,grip_v6
10239788,1491,s1,grip_v6
10239790,1431,s1,grip_v6
10239792,1476,s1,grip_v6
10239794,1531,s1,grip_v6
10239796,1503,s1,grip_v6
10239798,1535,s1,grip_v6
10239800,1535,s1,grip_v6
10239802,1610,s1,grip_v6
10239804,1623,s1,grip_v6
10239806,1751,s1,grip_v6
10239808,1782,s1,grip_v6
10239810,1834,s1,grip_v6
10239812,1814,s1,grip_v6
10239814,1782,s1,grip_v6
10239816,1856,s1,grip_v6
10239818,1831,s1,grip_v6
10239820,1803,s1,grip_v6
10239822,1739,s1,grip_v6
10239824,1751,s1,grip_v6
10239826,1723,s1,grip_v6
10239828,1697,s1,grip_v6
10239830,1645,s1,grip_v6
10239832,1723,s1,grip_v6
10239834,1698,s1,grip_v6
10239836,1683,s1,grip_v6
10239838,1614,s1,grip_v6
10239840,1690,s1,grip_v6
10239842,1675,s1,grip_v6
10239844,1616,s1,grip_v6
10239846,1587,s1,grip_v6
10239848,1697,s1,grip_v6
10239850,1775,s1,grip_v6
10239852,1814,s1,grip_v6
10239854,1856,s1,grip_v6
10239856,1833,s1,grip_v6
10239858,1781,s1,grip_v6
10239860,1785,s1,grip_v6
10239862,1776,s1,grip_v6
10239864,1744,s1,grip_v6
10239866,1740,s1,grip_v6
10239868,1776,s1,grip_v6
10239870,1743,s1,grip_v6
10239872,1678,s1,grip_v6
10239874,1737,s1,grip_v6
10239876,1763,s1,grip_v6
10239878,1779,s1,grip_v6
10239880,1728,s1,grip_v6
10239882,1706,s1,grip_v6
10239884,1712,s1,grip_v6
10239886,1712,s1,grip_v6
10239888,1643,s1,grip_v6
10239890,1610,s1,grip_v6
10239892,1587,s1,grip_v6
10239894,1601,s1,grip_v6
10239896,1566,s1,grip_v6
10239898,1535,s1,grip_v6
10239900,1511,s1,grip_v6
10239902,1558,s1,grip_v6
10239904,1535,s1,grip_v6
10239906,1535,s1,grip_v6
10239908,1535,s1,grip_v6
10239910,1633,s1,grip_v6
10239912,1601,s1,grip_v6
10239914,1598,s1,grip_v6
10239916,1583,s1,grip_v6
10239918,1680,s1,grip_v6
10239920,1657,s1,grip_v6
10239922,1626,s1,grip_v6
10239924,1686,s1,grip_v6
10239926,1651,s1,grip_v6
10239928,1612,s1,grip_v6
10239930,1535,s1,grip_v6
10239932,1621,s1,grip_v6
10239934,1600,s1,grip_v6
10239936,1632,s1,grip_v6
10239938,1600,s1,grip_v6
10239940,1661,s1,grip_v6
10239942,1670,s1,grip_v6
10239944,1778,s1,grip_v6
10239946,1744,s1,grip_v6
10239948,1716,s1,grip_v6
10239950,1697,s1,grip_v6
10239952,1675,s1,grip_v6
10239954,1606,s1,grip_v6
10239956,1611,s1,grip_v6
10239958,1619,s1,grip_v6
10239960,1685,s1,grip_v6
10239962,1664,s1,grip_v6
10239964,1659,s1,grip_v6
10239966,1762,s1,grip_v6
10239968,1744,s1,grip_v6
10239970,1716,s1,grip_v6
10239972,1746,s1,grip_v6
10239974,1823,s1,grip_v6
10239976,1789,s1,grip_v6
10239978,1728,s1,grip_v6
10239980,1679,s1,grip_v6
10239982,1717,s1,grip_v6
10239984,1695,s1,grip_v6
10239986,1701,s1,grip_v6
10239988,1642,s1,grip_v6
10239990,1639,s1,grip_v6
10239992,1605,s1,grip_v6
10239994,1652,s1,grip_v6
10239996,1637,s1,grip_v6
10239998,1707,s1,grip_v6
10240000,1744,s1,grip_v6
10240002,1858,s1,grip_v6
10240004,1955,s1,grip_v6
10240006,2011,s1,grip_v6
10240008,2000,s1,grip_v6
10240010,2067,s1,grip_v6
10240012,2097,s1,grip_v6
10240014,2133,s1,grip_v6
10240016,2192,s1,grip_v6
10240018,2261,s1,grip_v6
10240020,2351,s1,grip_v6
10240022,2288,s1,grip_v6
10240024,2259,s1,grip_v6
10240026,2224,s1,grip_v6
10240028,2257,s1,grip_v6
10240030,2235,s1,grip_v6
10240032,2208,s1,grip_v6
10240034,2211,s1,grip_v6
10240036,2219,s1,grip_v6
10240038,2176,s1,grip_v6
10240040,2099,s1,grip_v6
10240042,2066,s1,grip_v6
10240044,2069,s1,grip_v6
10240046,2086,s1,grip_v6
10240048,2090,s1,grip_v6
10240050,2069,s1,grip_v6
10240052,2181,s1,grip_v6
10240054,2192,s1,grip_v6
10240056,2188,s1,grip_v6
10240058,2160,s1,grip_v6
10240060,2167,s1,grip_v6
10240062,2096,s1,grip_v6
10240064,2023,s1,grip_v6
10240066,2032,s1,grip_v6
10240068,2055,s1,grip_v6
10240070,1999,s1,grip_v6
10240072,1935,s1,grip_v6
10240074,1939,s1,grip_v6
10240076,1926,s1,grip_v6
10240078,1893,s1,grip_v6
10240080,1822,s1,grip_v6
10240082,1920,s1,grip_v6
10240084,1877,s1,grip_v6
10240086,1879,s1,grip_v6
10240088,1846,s1,grip_v6
10240090,1899,s1,grip_v6
10240092,1879,s1,grip_v6
10240094,1922,s1,grip_v6
10240096,1893,s1,grip_v6
10240098,1851,s1,grip_v6
10240100,1787,s1,grip_v6
10240102,1815,s1,grip_v6
10240104,1805,s1,grip_v6
10240106,1739,s1,grip_v6
10240108,1708,s1,grip_v6
10240110,1733,s1,grip_v6
10240112,1703,s1,grip_v6
10240114,1737,s1,grip_v6
10240116,1767,s1,grip_v6
10240118,1761,s1,grip_v6
10240120,1797,s1,grip_v6
10240122,1745,s1,grip_v6
10240124,1728,s1,grip_v6
10240126,1695,s1,grip_v6
10240128,1642,s1,grip_v6
10240130,1646,s1,grip_v6
10240132,1763,s1,grip_v6
10240134,1741,s1,grip_v6
10240136,1804,s1,grip_v6
10240138,1744,s1,grip_v6
10240140,1749,s1,grip_v6
10240142,1719,s1,grip_v6
10240144,1648,s1,grip_v6
10240146,1616,s1,grip_v6
10240148,1600,s1,grip_v6
10240150,1602,s1,grip_v6
10240152,1521,s1,grip_v6
10240154,1466,s1,grip_v6
10240156,1424,s1,grip_v6
10240158,1407,s1,grip_v6
10240160,1466,s1,grip_v6
10240162,1455,s1,grip_v6
10240164,1454,s1,grip_v6
10240166,1449,s1,grip_v6
10240168,1462,s1,grip_v6
10240170,1424,s1,grip_v6
10240172,1395,s1,grip_v6
10240174,1406,s1,grip_v6
10240176,1399,s1,grip_v6
10240178,1489,s1,grip_v6
10240180,1535,s1,grip_v6
10240182,1535,s1,grip_v6
10240184,1668,s1,grip_v6
10240186,1799,s1,grip_v6
10240188,1744,s1,grip_v6
10240190,1706,s1,grip_v6
10240192,1721,s1,grip_v6
10240194,1766,s1,grip_v6
10240196,1716,s1,grip_v6
10240198,1689,s1,grip_v6
10240200,1648,s1,grip_v6
10240202,1680,s1,grip_v6
10240204,1667,s1,grip_v6
10240206,1651,s1,grip_v6
10240208,1696,s1,grip_v6
10240210,1846,s1,grip_v6
10240212,1827,s1,grip_v6
10240214,1814,s1,grip_v6
10240216,1781,s1,grip_v6
10240218,1821,s1,grip_v6
10240220,1831,s1,grip_v6
10240222,1811,s1,grip_v6
10240224,1967,s1,grip_v6
10240226,1935,s1,grip_v6
10240228,1893,s1,grip_v6
10240230,1828,s1,grip_v6
10240232,1950,s1,grip_v6
10240234,1956,s1,grip_v6
10240236,2000,s1,grip_v6
10240238,2045,s1,grip_v6
10240240,2096,s1,grip_v6
10240242,2037,s1,grip_v6
10240244,2036,s1,grip_v6
10240246,1971,s1,grip_v6
10240248,1973,s1,grip_v6
10240250,1937,s1,grip_v6
10240252,1959,s1,grip_v6
10240254,1890,s1,grip_v6
10240256,1866,s1,grip_v6
10240258,1857,s1,grip_v6
10240260,1872,s1,grip_v6
10240262,1898,s1,grip_v6
10240264,1867,s1,grip_v6
10240266,1829,s1,grip_v6
10240268,1831,s1,grip_v6
10240270,1815,s1,grip_v6
10240272,1774,s1,grip_v6
10240274,1941,s1,grip_v6
10240276,1920,s1,grip_v6
10240278,1952,s1,grip_v6
10240280,2000,s1,grip_v6
10240282,2139,s1,grip_v6
10240284,2155,s1,grip_v6
10240286,2288,s1,grip_v6
10240288,2230,s1,grip_v6
10240290,2166,s1,grip_v6
10240292,2134,s1,grip_v6
10240294,2229,s1,grip_v6
10240296,2173,s1,grip_v6
10240298,2203,s1,grip_v6
10240300,2180,s1,grip_v6
10240302,2143,s1,grip_v6
10240304,2065,s1,grip_v6
10240306,2021,s1,grip_v6
10240308,1970,s1,grip_v6
10240310,1989,s1,grip_v6
10240312,1984,s1,grip_v6
10240314,1948,s1,grip_v6
10240316,1949,s1,grip_v6
10240318,1939,s1,grip_v6
10240320,1939,s1,grip_v6
10240322,1930,s1,grip_v6
10240324,1941,s1,grip_v6
10240326,2006,s1,grip_v6
10240328,2030,s1,grip_v6
10240330,1983,s1,grip_v6
10240332,1987,s1,grip_v6
10240334,1961,s1,grip_v6
10240336,1974,s1,grip_v6
10240338,1925,s1,grip_v6
10240340,1926,s1,grip_v6
10240342,1921,s1,grip_v6
10240344,1897,s1,grip_v6
10240346,1827,s1,grip_v6
10240348,1917,s1,grip_v6
10240350,1915,s1,grip_v6
10240352,2026,s1,grip_v6
10240354,1980,s1,grip_v6
10240356,1936,s1,grip_v6
10240358,1926,s1,grip_v6
10240360,2042,s1,grip_v6
10240362,2029,s1,grip_v6
10240364,2001,s1,grip_v6
10240366,1982,s1,grip_v6
10240368,1925,s1,grip_v6
10240370,1887,s1,grip_v6
10240372,1874,s1,grip_v6
10240374,1966,s1,grip_v6
10240376,1935,s1,grip_v6
10240378,1936,s1,grip_v6
10240380,1925,s1,grip_v6
10240382,1905,s1,grip_v6
10240384,1890,s1,grip_v6
10240386,1898,s1,grip_v6
10240388,1843,s1,grip_v6
10240390,1814,s1,grip_v6
10240392,1748,s1,grip_v6
10240394,1691,s1,grip_v6
10240396,1642,s1,grip_v6
10240398,1658,s1,grip_v6
10240400,1633,s1,grip_v6
10240402,1680,s1,grip_v6
10240404,1728,s1,grip_v6
10240406,1745,s1,grip_v6
10240408,1766,s1,grip_v6
10240410,1805,s1,grip_v6
10240412,1893,s1,grip_v6
10240414,1915,s1,grip_v6
10240416,1885,s1,grip_v6
10240418,1899,s1,grip_v6
10240420,1862,s1,grip_v6
10240422,1786,s1,grip_v6
10240424,1823,s1,grip_v6
10240426,1808,s1,grip_v6
10240428,1830,s1,grip_v6
10240430,1808,s1,grip_v6
10240432,1872,s1,grip_v6
10240434,1869,s1,grip_v6
10240436,1922,s1,grip_v6
10240438,1872,s1,grip_v6
10240440,1920,s1,grip_v6
10240442,1917,s1,grip_v6
10240444,1996,s1,grip_v6
10240446,1936,s1,grip_v6
10240448,1904,s1,grip_v6
10240450,1850,s1,grip_v6
10240452,1854,s1,grip_v6
10240454,1784,s1,grip_v6
10240456,1776,s1,grip_v6
10240458,1809,s1,grip_v6
10240460,1841,s1,grip_v6
10240462,1918,s1,grip_v6
10240464,1920,s1,grip_v6
10240466,1903,s1,grip_v6
10240468,1947,s1,grip_v6
10240470,1986,s1,grip_v6
10240472,1945,s1,grip_v6
10240474,1966,s1,grip_v6
10240476,1958,s1,grip_v6
10240478,1995,s1,grip_v6
10240480,1957,s1,grip_v6
10240482,2010,s1,grip_v6
10240484,1990,s1,grip_v6
10240486,2091,s1,grip_v6
10240488,2085,s1,grip_v6
10240490,2064,s1,grip_v6
10240492,2011,s1,grip_v6
10240494,2036,s1,grip_v6
10240496,2007,s1,grip_v6
10240498,1963,s1,grip_v6
10240500,1923,s1,grip_v6
10240502,1949,s1,grip_v6
10240504,1872,s1,grip_v6
10240506,1805,s1,grip_v6
10240508,1755,s1,grip_v6
10240510,1744,s1,grip_v6
10240512,1680,s1,grip_v6
10240514,1645,s1,grip_v6
10240516,1762,s1,grip_v6
10240518,1773,s1,grip_v6
10240520,1867,s1,grip_v6
10240522,1872,s1,grip_v6
10240524,1911,s1,grip_v6
10240526,1886,s1,grip_v6
10240528,1913,s1,grip_v6
10240530,1867,s1,grip_v6
10240532,1888,s1,grip_v6
10240534,1872,s1,grip_v6
10240536,1837,s1,grip_v6
10240538,1857,s1,grip_v6
10240540,1995,s1,grip_v6
10240542,1968,s1,grip_v6
10240544,1931,s1,grip_v6
10240546,1952,s1,grip_v6
10240548,2063,s1,grip_v6
10240550,2077,s1,grip_v6
10240552,2128,s1,grip_v6
10240554,2140,s1,grip_v6
10240556,2080,s1,grip_v6
10240558,2015,s1,grip_v6
10240560,1952,s1,grip_v6
10240562,1872,s1,grip_v6
10240564,1842,s1,grip_v6
10240566,1875,s1,grip_v6
10240568,1927,s1,grip_v6
10240570,1996,s1,grip_v6
10240572,1985,s1,grip_v6
10240574,2081,s1,grip_v6
10240576,2096,s1,grip_v6
10240578,2185,s1,grip_v6
10240580,2234,s1,grip_v6
10240582,2234,s1,grip_v6
10240584,2207,s1,grip_v6
10240586,2191,s1,grip_v6
10240588,2126,s1,grip_v6
10240590,2089,s1,grip_v6
10240592,2064,s1,grip_v6
10240594,2026,s1,grip_v6
10240596,1980,s1,grip_v6
10240598,1968,s1,grip_v6
10240600,1991,s1,grip_v6
10240602,2000,s1,grip_v6
10240604,2021,s1,grip_v6
10240606,2032,s1,grip_v6
10240608,2021,s1,grip_v6
10240610,2080,s1,grip_v6
10240612,2193,s1,grip_v6
10240614,2142,s1,grip_v6
10240616,2064,s1,grip_v6
10240618,2019,s1,grip_v6
10240620,1984,s1,grip_v6
10240622,1950,s1,grip_v6
10240624,2031,s1,grip_v6
10240626,1980,s1,grip_v6
10240628,1898,s1,grip_v6
10240630,1856,s1,grip_v6
10240632,1921,s1,grip_v6
10240634,1889,s1,grip_v6
10240636,1873,s1,grip_v6
10240638,1852,s1,grip_v6
10240640,1824,s1,grip_v6
10240642,1808,s1,grip_v6
10240644,1727,s1,grip_v6
10240646,1779,s1,grip_v6
10240648,1907,s1,grip_v6
10240650,1911,s1,grip_v6
10240652,2018,s1,grip_v6
10240654,2064,s1,grip_v6
10240656,2081,s1,grip_v6
10240658,2063,s1,grip_v6
10240660,2062,s1,grip_v6
10240662,2063,s1,grip_v6
10240664,1994,s1,grip_v6
10240666,1949,s1,grip_v6
10240668,1931,s1,grip_v6
10240670,1890,s1,grip_v6
10240672,1865,s1,grip_v6
10240674,1898,s1,grip_v6
10240676,1850,s1,grip_v6
10240678,1873,s1,grip_v6
10240680,1830,s1,grip_v6
10240682,2003,s1,grip_v6
10240684,2059,s1,grip_v6
10240686,2137,s1,grip_v6
10240688,2104,s1,grip_v6
10240690,2005,s1,grip_v6
10240692,2014,s1,grip_v6
10240694,1990,s1,grip_v6
10240696,1967,s1,grip_v6
10240698,1969,s1,grip_v6
10240700,1919,s1,grip_v6
10240702,1929,s1,grip_v6
10240704,1903,s1,grip_v6
10240706,1902,s1,grip_v6
10240708,1857,s1,grip_v6
10240710,1808,s1,grip_v6
10240712,1732,s1,grip_v6
10240714,1667,s1,grip_v6
10240716,1712,s1,grip_v6
10240718,1697,s1,grip_v6
10240720,1650,s1,grip_v6
10240722,1614,s1,grip_v6
10240724,1799,s1,grip_v6
10240726,1814,s1,grip_v6
10240728,1840,s1,grip_v6
10240730,1883,s1,grip_v6
10240732,1986,s1,grip_v6
10240734,1932,s1,grip_v6
10240736,1858,s1,grip_v6
10240738,1862,s1,grip_v6
10240740,1951,s1,grip_v6
10240742,1975,s1,grip_v6
10240744,2032,s1,grip_v6
10240746,1985,s1,grip_v6
10240748,1929,s1,grip_v6
10240750,1904,s1,grip_v6
10240752,1869,s1,grip_v6
10240754,1806,s1,grip_v6
10240756,1870,s1,grip_v6
10240758,1897,s1,grip_v6
10240760,1985,s1,grip_v6
10240762,2070,s1,grip_v6
10240764,2017,s1,grip_v6
10240766,1950,s1,grip_v6
10240768,1943,s1,grip_v6
10240770,1884,s1,grip_v6
10240772,1835,s1,grip_v6
10240774,1872,s1,grip_v6
10240776,1807,s1,grip_v6
10240778,1776,s1,grip_v6
10240780,1761,s1,grip_v6
10240782,1937,s1,grip_v6
10240784,1982,s1,grip_v6
10240786,2213,s1,grip_v6
10240788,2198,s1,grip_v6
10240790,2151,s1,grip_v6
10240792,2112,s1,grip_v6
10240794,2097,s1,grip_v6
10240796,2062,s1,grip_v6
10240798,2078,s1,grip_v6
10240800,2055,s1,grip_v6
10240802,2107,s1,grip_v6
10240804,2064,s1,grip_v6
10240806,2000,s1,grip_v6
10240808,1985,s1,grip_v6
10240810,1990,s1,grip_v6
10240812,1974,s1,grip_v6
10240814,1906,s1,grip_v6
10240816,1899,s1,grip_v6
10240818,1839,s1,grip_v6
10240820,1814,s1,grip_v6
10240822,1787,s1,grip_v6
10240824,1824,s1,grip_v6
10240826,1834,s1,grip_v6
10240828,1876,s1,grip_v6
10240830,1931,s1,grip_v6
10240832,2074,s1,grip_v6
10240834,2134,s1,grip_v6
10240836,2358,s1,grip_v6
10240838,2327,s1,grip_v6
10240840,2291,s1,grip_v6
10240842,2290,s1,grip_v6
10240844,2385,s1,grip_v6
10240846,2345,s1,grip_v6
10240848,2283,s1,grip_v6
10240850,2224,s1,grip_v6
10240852,2235,s1,grip_v6
10240854,2224,s1,grip_v6
10240856,2148,s1,grip_v6
10240858,2094,s1,grip_v6
10240860,2099,s1,grip_v6
10240862,2039,s1,grip_v6
10240864,1965,s1,grip_v6
10240866,1933,s1,grip_v6
10240868,1914,s1,grip_v6
10240870,1847,s1,grip_v6
10240872,1798,s1,grip_v6
10240874,1815,s1,grip_v6
10240876,1777,s1,grip_v6
10240878,1803,s1,grip_v6
10240880,1735,s1,grip_v6
10240882,1720,s1,grip_v6
10240884,1671,s1,grip_v6
10240886,1615,s1,grip_v6
10240888,1535,s1,grip_v6
10240890,1498,s1,grip_v6
10240892,1453,s1,grip_v6
10240894,1434,s1,grip_v6
10240896,1440,s1,grip_v6
10240898,1415,s1,grip_v6
10240900,1408,s1,grip_v6
10240902,1438,s1,grip_v6
10240904,1422,s1,grip_v6
10240906,1413,s1,grip_v6
10240908,1475,s1,grip_v6
10240910,1418,s1,grip_v6
10240912,1427,s1,grip_v6
10240914,1517,s1,grip_v6
10240916,1623,s1,grip_v6
10240918,1648,s1,grip_v6
10240920,1642,s1,grip_v6
10240922,1597,s1,grip_v6
10240924,1606,s1,grip_v6
10240926,1578,s1,grip_v6
10240928,1567,s1,grip_v6
10240930,1519,s1,grip_v6
10240932,1520,s1,grip_v6
10240934,1520,s1,grip_v6
10240936,1597,s1,grip_v6
10240938,1535,s1,grip_v6
10240940,1535,s1,grip_v6
10240942,1527,s1,grip_v6
10240944,1535,s1,grip_v6
10240946,1482,s1,grip_v6
10240948,1467,s1,grip_v6
10240950,1603,s1,grip_v6
10240952,1614,s1,grip_v6
10240954,1668,s1,grip_v6
10240956,1808,s1,grip_v6
10240958,1863,s1,grip_v6
10240960,1809,s1,grip_v6
10240962,1731,s1,grip_v6
10240964,1703,s1,grip_v6
10240966,1807,s1,grip_v6
10240968,1794,s1,grip_v6
10240970,1812,s1,grip_v6
10240972,1779,s1,grip_v6
10240974,1824,s1,grip_v6
10240976,1808,s1,grip_v6
10240978,1872,s1,grip_v6
10240980,1824,s1,grip_v6
10240982,1827,s1,grip_v6
10240984,1776,s1,grip_v6
10240986,1772,s1,grip_v6
10240988,1741,s1,grip_v6
10240990,1778,s1,grip_v6
10240992,1760,s1,grip_v6
10240994,1778,s1,grip_v6
10240996,1842,s1,grip_v6
10240998,1981,s1,grip_v6
10241000,2002,s1,grip_v6
10241002,2159,s1,grip_v6
10241004,2131,s1,grip_v6
10241006,2058,s1,grip_v6
10241008,1994,s1,grip_v6
10241010,1966,s1,grip_v6
10241012,1889,s1,grip_v6
10241014,1825,s1,grip_v6
10241016,1808,s1,grip_v6
10241018,1776,s1,grip_v6
10241020,1747,s1,grip_v6
10241022,1677,s1,grip_v6
10241024,1714,s1,grip_v6
10241026,1692,s1,grip_v6
10241028,1677,s1,grip_v6
10241030,1611,s1,grip_v6
10241032,1583,s1,grip_v6
10241034,1535,s1,grip_v6
10241036,1535,s1,grip_v6
10241038,1490,s1,grip_v6
10241040,1477,s1,grip_v6
10241042,1456,s1,grip_v6
10241044,1438,s1,grip_v6
10241046,1409,s1,grip_v6
10241048,1461,s1,grip_v6
10241050,1488,s1,grip_v6
10241052,1493,s1,grip_v6
10241054,1431,s1,grip_v6
10241056,1443,s1,grip_v6
10241058,1535,s1,grip_v6
10241060,1574,s1,grip_v6
10241062,1575,s1,grip_v6
10241064,1513,s1,grip_v6
10241066,1535,s1,grip_v6
10241068,1529,s1,grip_v6
10241070,1527,s1,grip_v6
10241072,1465,s1,grip_v6
10241074,1462,s1,grip_v6
10241076,1409,s1,grip_v6
10241078,1392,s1,grip_v6
10241080,1342,s1,grip_v6
10241082,1360,s1,grip_v6
10241084,1339,s1,grip_v6
10241086,1341,s1,grip_v6
10241088,1308,s1,grip_v6
10241090,1333,s1,grip_v6
10241092,1414,s1,grip_v6
10241094,1424,s1,grip_v6
10241096,1485,s1,grip_v6
10241098,1621,s1,grip_v6
10241100,1648,s1,grip_v6
10241102,1761,s1,grip_v6
10241104,1761,s1,grip_v6
10241106,1697,s1,grip_v6
10241108,1718,s1,grip_v6
10241110,1776,s1,grip_v6
10241112,1851,s1,grip_v6
10241114,1791,s1,grip_v6
10241116,1758,s1,grip_v6
10241118,1746,s1,grip_v6
10241120,1783,s1,grip_v6
10241122,1792,s1,grip_v6
10241124,1846,s1,grip_v6
10241126,1824,s1,grip_v6
10241128,1859,s1,grip_v6
10241130,1818,s1,grip_v6
10241132,1886,s1,grip_v6
10241134,1872,s1,grip_v6
10241136,1890,s1,grip_v6
10241138,2027,s1,grip_v6
10241140,2029,s1,grip_v6
10241142,2025,s1,grip_v6
10241144,2115,s1,grip_v6
10241146,2139,s1,grip_v6
10241148,2100,s1,grip_v6
10241150,2066,s1,grip_v6
10241152,2043,s1,grip_v6
10241154,1999,s1,grip_v6
10241156,1975,s1,grip_v6
10241158,2149,s1,grip_v6
10241160,2192,s1,grip_v6
10241162,2237,s1,grip_v6
10241164,2156,s1,grip_v6
10241166,2091,s1,grip_v6
10241168,2064,s1,grip_v6
10241170,2057,s1,grip_v6
10241172,2096,s1,grip_v6
10241174,2119,s1,grip_v6
10241176,2112,s1,grip_v6
10241178,2148,s1,grip_v6
10241180,2091,s1,grip_v6
10241182,2078,s1,grip_v6
10241184,2043,s1,grip_v6
10241186,1997,s1,grip_v6
10241188,1959,s1,grip_v6
10241190,1979,s1,grip_v6
10241192,1999,s1,grip_v6
10241194,2112,s1,grip_v6
10241196,2093,s1,grip_v6
10241198,2027,s1,grip_v6
10241200,2055,s1,grip_v6
10241202,2047,s1,grip_v6
10241204,2025,s1,grip_v6
10241206,2031,s1,grip_v6
10241208,2043,s1,grip_v6
10241210,2002,s1,grip_v6
10241212,1936,s1,grip_v6
10241214,1950,s1,grip_v6
10241216,2035,s1,grip_v6
10241218,2085,s1,grip_v6
10241220,2158,s1,grip_v6
10241222,2138,s1,grip_v6
10241224,2131,s1,grip_v6
10241226,2157,s1,grip_v6
10241228,2197,s1,grip_v6
10241230,2122,s1,grip_v6
10241232,2140,s1,grip_v6
10241234,2123,s1,grip_v6
10241236,2173,s1,grip_v6
10241238,2111,s1,grip_v6
10241240,2064,s1,grip_v6
10241242,2059,s1,grip_v6
10241244,2231,s1,grip_v6
10241246,2246,s1,grip_v6
10241248,2288,s1,grip_v6
10241250,2211,s1,grip_v6
10241252,2167,s1,grip_v6
10241254,2084,s1,grip_v6
10241256,2023,s1,grip_v6
10241258,1993,s1,grip_v6
10241260,2032,s1,grip_v6
10241262,2027,s1,grip_v6
10241264,1953,s1,grip_v6
10241266,1904,s1,grip_v6
10241268,1946,s1,grip_v6
10241270,1943,s1,grip_v6
10241272,1863,s1,grip_v6
10241274,1797,s1,grip_v6
10241276,1766,s1,grip_v6
10241278,1685,s1,grip_v6
10241280,1631,s1,grip_v6
10241282,1723,s1,grip_v6
10241284,1722,s1,grip_v6
10241286,1814,s1,grip_v6
10241288,1762,s1,grip_v6
10241290,1738,s1,grip_v6
10241292,1744,s1,grip_v6
10241294,1723,s1,grip_v6
10241296,1727,s1,grip_v6
10241298,1774,s1,grip_v6
10241300,1796,s1,grip_v6
10241302,1843,s1,grip_v6
10241304,1886,s1,grip_v6
10241306,1872,s1,grip_v6
10241308,1885,s1,grip_v6
10241310,1966,s1,grip_v6
10241312,1989,s1,grip_v6
10241314,1935,s1,grip_v6
10241316,1893,s1,grip_v6
10241318,1872,s1,grip_v6
10241320,1856,s1,grip_v6
10241322,1822,s1,grip_v6
10241324,1877,s1,grip_v6
10241326,1872,s1,grip_v6
10241328,2035,s1,grip_v6
10241330,2039,s1,grip_v6
10241332,1957,s1,grip_v6
10241334,1978,s1,grip_v6
10241336,2078,s1,grip_v6
10241338,2032,s1,grip_v6
10241340,2016,s1,grip_v6
10241342,1989,s1,grip_v6
10241344,2058,s1,grip_v6
10241346,2011,s1,grip_v6
10241348,1999,s1,grip_v6
10241350,1979,s1,grip_v6
10241352,2028,s1,grip_v6
10241354,1957,s1,grip_v6
10241356,1891,s1,grip_v6
10241358,1930,s1,grip_v6
10241360,1898,s1,grip_v6
10241362,1891,s1,grip_v6
10241364,1879,s1,grip_v6
10241366,1922,s1,grip_v6
10241368,1889,s1,grip_v6
10241370,1851,s1,grip_v6
10241372,1821,s1,grip_v6
10241374,1875,s1,grip_v6
10241376,1871,s1,grip_v6
10241378,1831,s1,grip_v6
10241380,1819,s1,grip_v6
10241382,1782,s1,grip_v6
10241384,1734,s1,grip_v6
10241386,1728,s1,grip_v6
10241388,1659,s1,grip_v6
10241390,1651,s1,grip_v6
10241392,1666,s1,grip_v6
10241394,1750,s1,grip_v6
10241396,1780,s1,grip_v6
10241398,1821,s1,grip_v6
10241400,1860,s1,grip_v6
10241402,1921,s1,grip_v6
10241404,1940,s1,grip_v6
10241406,1936,s1,grip_v6
10241408,1968,s1,grip_v6
10241410,1943,s1,grip_v6
10241412,1939,s1,grip_v6
10241414,1910,s1,grip_v6
10241416,1957,s1,grip_v6
10241418,1918,s1,grip_v6
10241420,1905,s1,grip_v6
10241422,1833,s1,grip_v6
10241424,1838,s1,grip_v6
10241426,1799,s1,grip_v6
10241428,1824,s1,grip_v6
10241430,1770,s1,grip_v6
10241432,1713,s1,grip_v6
10241434,1669,s1,grip_v6
10241436,1676,s1,grip_v6
10241438,1627,s1,grip_v6
10241440,1597,s1,grip_v6
10241442,1590,s1,grip_v6
10241444,1669,s1,grip_v6
10241446,1689,s1,grip_v6
10241448,1645,s1,grip_v6
10241450,1629,s1,grip_v6
10241452,1687,s1,grip_v6
10241454,1738,s1,grip_v6
10241456,1680,s1,grip_v6
10241458,1627,s1,grip_v6
10241460,1572,s1,grip_v6
10241462,1503,s1,grip_v6
10241464,1435,s1,grip_v6
10241466,1503,s1,grip_v6
10241468,1488,s1,grip_v6
10241470,1470,s1,grip_v6
10241472,1439,s1,grip_v6
10241474,1472,s1,grip_v6
10241476,1471,s1,grip_v6
10241478,1505,s1,grip_v6
10241480,1460,s1,grip_v6
10241482,1479,s1,grip_v6
10241484,1462,s1,grip_v6
10241486,1522,s1,grip_v6
10241488,1535,s1,grip_v6
10241490,1521,s1,grip_v6
10241492,1535,s1,grip_v6
10241494,1573,s1,grip_v6
10241496,1503,s1,grip_v6
10241498,1453,s1,grip_v6
10241500,1423,s1,grip_v6
10241502,1461,s1,grip_v6
10241504,1441,s1,grip_v6
10241506,1440,s1,grip_v6
10241508,1461,s1,grip_v6
10241510,1430,s1,grip_v6
10241512,1391,s1,grip_v6
10241514,1419,s1,grip_v6
10241516,1502,s1,grip_v6
10241518,1594,s1,grip_v6
10241520,1727,s1,grip_v6
10241522,1706,s1,grip_v6
10241524,1715,s1,grip_v6
10241526,1712,s1,grip_v6
10241528,1776,s1,grip_v6
10241530,1829,s1,grip_v6
10241532,1909,s1,grip_v6
10241534,1919,s1,grip_v6
10241536,2063,s1,grip_v6
10241538,2019,s1,grip_v6
10241540,1989,s1,grip_v6
10241542,1981,s1,grip_v6
10241544,2019,s1,grip_v6
10241546,2031,s1,grip_v6
10241548,2081,s1,grip_v6
10241550,2080,s1,grip_v6
10241552,2198,s1,grip_v6
10241554,2178,s1,grip_v6
10241556,2102,s1,grip_v6
10241558,2080,s1,grip_v6
10241560,2026,s1,grip_v6
10241562,2010,s1,grip_v6
10241564,2065,s1,grip_v6
10241566,2163,s1,grip_v6
10241568,2224,s1,grip_v6
10241570,2294,s1,grip_v6
10241572,2250,s1,grip_v6
10241574,2246,s1,grip_v6
10241576,2198,s1,grip_v6
10241578,2167,s1,grip_v6
10241580,2083,s1,grip_v6
10241582,2084,s1,grip_v6
10241584,2064,s1,grip_v6
10241586,2081,s1,grip_v6
10241588,2018,s1,grip_v6
10241590,1958,s1,grip_v6
10241592,1906,s1,grip_v6
10241594,1907,s1,grip_v6
10241596,1872,s1,grip_v6
10241598,1840,s1,grip_v6
10241600,1907,s1,grip_v6
10241602,1899,s1,grip_v6
10241604,1959,s1,grip_v6
10241606,1953,s1,grip_v6
10241608,1996,s1,grip_v6
10241610,1984,s1,grip_v6
10241612,2006,s1,grip_v6
10241614,2068,s1,grip_v6
10241616,2063,s1,grip_v6
10241618,2128,s1,grip_v6
10241620,2163,s1,grip_v6
10241622,2087,s1,grip_v6
10241624,2061,s1,grip_v6
10241626,2000,s1,grip_v6
10241628,1989,s1,grip_v6
10241630,1927,s1,grip_v6
10241632,1894,s1,grip_v6
10241634,1850,s1,grip_v6
10241636,1843,s1,grip_v6
10241638,1759,s1,grip_v6
10241640,1789,s1,grip_v6
10241642,1827,s1,grip_v6
10241644,1845,s1,grip_v6
10241646,1821,s1,grip_v6
10241648,1829,s1,grip_v6
10241650,1841,s1,grip_v6
10241652,1862,s1,grip_v6
10241654,1856,s1,grip_v6
10241656,1818,s1,grip_v6
10241658,1807,s1,grip_v6
10241660,1831,s1,grip_v6
10241662,1906,s1,grip_v6
10241664,1863,s1,grip_v6
10241666,1829,s1,grip_v6
10241668,1786,s1,grip_v6
10241670,1808,s1,grip_v6
10241672,1837,s1,grip_v6
10241674,1879,s1,grip_v6
10241676,1872,s1,grip_v6
10241678,1927,s1,grip_v6
10241680,1891,s1,grip_v6
10241682,1846,s1,grip_v6
10241684,1795,s1,grip_v6
10241686,1808,s1,grip_v6
10241688,1802,s1,grip_v6
10241690,1808,s1,grip_v6
10241692,1824,s1,grip_v6
10241694,1839,s1,grip_v6
10241696,1842,s1,grip_v6
10241698,1815,s1,grip_v6
10241700,1798,s1,grip_v6
10241702,1797,s1,grip_v6
10241704,1734,s1,grip_v6
10241706,1675,s1,grip_v6
10241708,1670,s1,grip_v6
10241710,1664,s1,grip_v6
10241712,1669,s1,grip_v6
10241714,1611,s1,grip_v6
10241716,1677,s1,grip_v6
10241718,1663,s1,grip_v6
10241720,1659,s1,grip_v6
10241722,1682,s1,grip_v6
10241724,1686,s1,grip_v6
10241726,1719,s1,grip_v6
10241728,1692,s1,grip_v6
10241730,1631,s1,grip_v6
10241732,1663,s1,grip_v6
10241734,1650,s1,grip_v6
10241736,1649,s1,grip_v6
10241738,1615,s1,grip_v6
10241740,1633,s1,grip_v6
10241742,1709,s1,grip_v6
10241744,1664,s1,grip_v6
10241746,1644,s1,grip_v6
10241748,1642,s1,grip_v6
10241750,1648,s1,grip_v6
10241752,1699,s1,grip_v6
10241754,1674,s1,grip_v6
10241756,1607,s1,grip_v6
10241758,1583,s1,grip_v6
10241760,1591,s1,grip_v6
10241762,1585,s1,grip_v6
10241764,1520,s1,grip_v6
10241766,1569,s1,grip_v6
10241768,1556,s1,grip_v6
10241770,1571,s1,grip_v6
10241772,1525,s1,grip_v6
10241774,1505,s1,grip_v6
10241776,1520,s1,grip_v6
10241778,1523,s1,grip_v6
10241780,1473,s1,grip_v6
10241782,1506,s1,grip_v6
10241784,1523,s1,grip_v6
10241786,1584,s1,grip_v6
10241788,1594,s1,grip_v6
10241790,1579,s1,grip_v6
10241792,1535,s1,grip_v6
10241794,1503,s1,grip_v6
10241796,1455,s1,grip_v6
10241798,1418,s1,grip_v6
10241800,1440,s1,grip_v6
10241802,1430,s1,grip_v6
10241804,1417,s1,grip_v6
10241806,1377,s1,grip_v6
10241808,1407,s1,grip_v6
10241810,1447,s1,grip_v6
10241812,1419,s1,grip_v6
10241814,1399,s1,grip_v6
10241816,1447,s1,grip_v6
10241818,1424,s1,grip_v6
10241820,1423,s1,grip_v6
10241822,1364,s1,grip_v6
10241824,1374,s1,grip_v6
10241826,1348,s1,grip_v6
10241828,1345,s1,grip_v6
10241830,1321,s1,grip_v6
10241832,1302,s1,grip_v6
10241834,1275,s1,grip_v6
10241836,1247,s1,grip_v6
10241838,1243,s1,grip_v6
10241840,1291,s1,grip_v6
10241842,1315,s1,grip_v6
10241844,1427,s1,grip_v6
10241846,1402,s1,grip_v6
10241848,1394,s1,grip_v6
10241850,1569,s1,grip_v6
10241852,1584,s1,grip_v6
10241854,1776,s1,grip_v6
10241856,1925,s1,grip_v6
10241858,1957,s1,grip_v6
10241860,1999,s1,grip_v6
10241862,2022,s1,grip_v6
10241864,1943,s1,grip_v6
10241866,1951,s1,grip_v6
10241868,1904,s1,grip_v6
10241870,1929,s1,grip_v6
10241872,1877,s1,grip_v6
10241874,1882,s1,grip_v6
10241876,1872,s1,grip_v6
10241878,1950,s1,grip_v6
10241880,1909,s1,grip_v6
10241882,1899,s1,grip_v6
10241884,1872,s1,grip_v6
10241886,1898,s1,grip_v6
10241888,1872,s1,grip_v6
10241890,1837,s1,grip_v6
10241892,1798,s1,grip_v6
10241894,1821,s1,grip_v6
10241896,1774,s1,grip_v6
10241898,1715,s1,grip_v6
10241900,1707,s1,grip_v6
10241902,1777,s1,grip_v6
10241904,1808,s1,grip_v6
10241906,1796,s1,grip_v6
10241908,1782,s1,grip_v6
10241910,1794,s1,grip_v6
10241912,1773,s1,grip_v6
10241914,1722,s1,grip_v6
10241916,1695,s1,grip_v6
10241918,1648,s1,grip_v6
10241920,1648,s1,grip_v6
10241922,1603,s1,grip_v6
10241924,1616,s1,grip_v6
10241926,1584,s1,grip_v6
10241928,1573,s1,grip_v6
10241930,1520,s1,grip_v6
10241932,1589,s1,grip_v6
10241934,1624,s1,grip_v6
10241936,1621,s1,grip_v6
10241938,1589,s1,grip_v6
10241940,1616,s1,grip_v6
10241942,1647,s1,grip_v6
10241944,1664,s1,grip_v6
10241946,1692,s1,grip_v6
10241948,1667,s1,grip_v6
10241950,1687,s1,grip_v6
10241952,1693,s1,grip_v6
10241954,1727,s1,grip_v6
10241956,1697,s1,grip_v6
10241958,1715,s1,grip_v6
10241960,1712,s1,grip_v6
10241962,1669,s1,grip_v6
10241964,1632,s1,grip_v6
10241966,1706,s1,grip_v6
10241968,1682,s1,grip_v6
10241970,1646,s1,grip_v6
10241972,1649,s1,grip_v6
10241974,1675,s1,grip_v6
10241976,1710,s1,grip_v6
10241978,1806,s1,grip_v6
10241980,1779,s1,grip_v6
10241982,1782,s1,grip_v6
10241984,1741,s1,grip_v6
10241986,1765,s1,grip_v6
10241988,1707,s1,grip_v6
10241990,1666,s1,grip_v6
10241992,1634,s1,grip_v6
10241994,1684,s1,grip_v6
10241996,1638,s1,grip_v6
10241998,1616,s1,grip_v6
10242000,1614,s1,grip_v6
10242002,1607,s1,grip_v6
10242004,1574,s1,grip_v6
10242006,1523,s1,grip_v6
10242008,1601,s1,grip_v6
10242010,1589,s1,grip_v6
10242012,1535,s1,grip_v6
10242014,1529,s1,grip_v6
10242016,1616,s1,grip_v6
10242018,1614,s1,grip_v6
10242020,1610,s1,grip_v6
10242022,1563,s1,grip_v6
10242024,1587,s1,grip_v6
10242026,1573,s1,grip_v6
10242028,1632,s1,grip_v6
10242030,1602,s1,grip_v6
10242032,1591,s1,grip_v6
10242034,1579,s1,grip_v6
10242036,1568,s1,grip_v6
10242038,1575,s1,grip_v6
10242040,1600,s1,grip_v6
10242042,1612,s1,grip_v6
10242044,1683,s1,grip_v6
10242046,1727,s1,grip_v6
10242048,1677,s1,grip_v6
10242050,1659,s1,grip_v6
10242052,1657,s1,grip_v6
10242054,1627,s1,grip_v6
10242056,1646,s1,grip_v6
10242058,1673,s1,grip_v6
10242060,1635,s1,grip_v6
10242062,1562,s1,grip_v6
10242064,1488,s1,grip_v6
10242066,1519,s1,grip_v6
10242068,1509,s1,grip_v6
10242070,1557,s1,grip_v6
10242072,1509,s1,grip_v6
10242074,1571,s1,grip_v6
10242076,1606,s1,grip_v6
10242078,1733,s1,grip_v6
10242080,1709,s1,grip_v6
10242082,1687,s1,grip_v6
10242084,1663,s1,grip_v6
10242086,1712,s1,grip_v6
10242088,1645,s1,grip_v6
10242090,1642,s1,grip_v6
10242092,1648,s1,grip_v6
10242094,1668,s1,grip_v6
10242096,1719,s1,grip_v6
10242098,1790,s1,grip_v6
10242100,1806,s1,grip_v6
10242102,1881,s1,grip_v6
10242104,1901,s1,grip_v6
10242106,1863,s1,grip_v6
10242108,1911,s1,grip_v6
10242110,1877,s1,grip_v6
10242112,1857,s1,grip_v6
10242114,1806,s1,grip_v6
10242116,1844,s1,grip_v6
10242118,1798,s1,grip_v6
10242120,1743,s1,grip_v6
10242122,1711,s1,grip_v6
10242124,1747,s1,grip_v6
10242126,1695,s1,grip_v6
10242128,1707,s1,grip_v6
10242130,1685,s1,grip_v6
10242132,1682,s1,grip_v6
10242134,1661,s1,grip_v6
10242136,1722,s1,grip_v6
10242138,1709,s1,grip_v6
10242140,1657,s1,grip_v6
10242142,1650,s1,grip_v6
10242144,1616,s1,grip_v6
10242146,1584,s1,grip_v6
10242148,1591,s1,grip_v6
10242150,1637,s1,grip_v6
10242152,1647,s1,grip_v6
10242154,1637,s1,grip_v6
10242156,1567,s1,grip_v6
10242158,1594,s1,grip_v6
10242160,1586,s1,grip_v6
10242162,1602,s1,grip_v6
10242164,1629,s1,grip_v6
10242166,1694,s1,grip_v6
10242168,1771,s1,grip_v6
10242170,1809,s1,grip_v6
10242172,1769,s1,grip_v6
10242174,1771,s1,grip_v6
10242176,1751,s1,grip_v6
10242178,1762,s1,grip_v6
10242180,1691,s1,grip_v6
10242182,1709,s1,grip_v6
10242184,1702,s1,grip_v6
10242186,1813,s1,grip_v6
10242188,1828,s1,grip_v6
10242190,1762,s1,grip_v6
10242192,1730,s1,grip_v6
10242194,1840,s1,grip_v6
10242196,1937,s1,grip_v6
10242198,1911,s1,grip_v6
10242200,1875,s1,grip_v6
10242202,1975,s1,grip_v6
10242204,1984,s1,grip_v6
10242206,1932,s1,grip_v6
10242208,1975,s1,grip_v6
10242210,1935,s1,grip_v6
10242212,1952,s1,grip_v6
10242214,1958,s1,grip_v6
10242216,1986,s1,grip_v6
10242218,1936,s1,grip_v6
10242220,1951,s1,grip_v6
10242222,1892,s1,grip_v6
10242224,1877,s1,grip_v6
10242226,1878,s1,grip_v6
10242228,1966,s1,grip_v6
10242230,1917,s1,grip_v6
10242232,1877,s1,grip_v6
10242234,1831,s1,grip_v6
10242236,1854,s1,grip_v6
10242238,1808,s1,grip_v6
10242240,1774,s1,grip_v6
10242242,1835,s1,grip_v6
10242244,1808,s1,grip_v6
10242246,1869,s1,grip_v6
10242248,1867,s1,grip_v6
10242250,1914,s1,grip_v6
10242252,1887,s1,grip_v6
10242254,1835,s1,grip_v6
10242256,1748,s1,grip_v6
10242258,1774,s1,grip_v6
10242260,1742,s1,grip_v6
10242262,1725,s1,grip_v6
10242264,1657,s1,grip_v6
10242266,1657,s1,grip_v6
10242268,1623,s1,grip_v6
10242270,1661,s1,grip_v6
10242272,1632,s1,grip_v6
10242274,1649,s1,grip_v6
10242276,1615,s1,grip_v6
10242278,1625,s1,grip_v6
10242280,1589,s1,grip_v6
10242282,1616,s1,grip_v6
10242284,1615,s1,grip_v6
10242286,1665,s1,grip_v6
10242288,1629,s1,grip_v6
10242290,1590,s1,grip_v6
10242292,1566,s1,grip_v6
10242294,1526,s1,grip_v6
10242296,1460,s1,grip_v6
10242298,1442,s1,grip_v6
10242300,1424,s1,grip_v6
10242302,1459,s1,grip_v6
10242304,1458,s1,grip_v6
10242306,1429,s1,grip_v6
10242308,1393,s1,grip_v6
10242310,1399,s1,grip_v6
10242312,1391,s1,grip_v6
10242314,1329,s1,grip_v6
10242316,1296,s1,grip_v6
10242318,1316,s1,grip_v6
10242320,1328,s1,grip_v6
10242322,1292,s1,grip_v6
10242324,1280,s1,grip_v6
10242326,1262,s1,grip_v6
10242328,1309,s1,grip_v6
10242330,1283,s1,grip_v6
10242332,1278,s1,grip_v6
10242334,1264,s1,grip_v6
10242336,1264,s1,grip_v6
10242338,1219,s1,grip_v6
10242340,1270,s1,grip_v6
10242342,1296,s1,grip_v6
10242344,1360,s1,grip_v6
10242346,1358,s1,grip_v6
10242348,1341,s1,grip_v6
10242350,1391,s1,grip_v6
10242352,1426,s1,grip_v6
10242354,1451,s1,grip_v6
10242356,1456,s1,grip_v6
10242358,1408,s1,grip_v6
10242360,1347,s1,grip_v6
10242362,1303,s1,grip_v6
10242364,1310,s1,grip_v6
10242366,1470,s1,grip_v6
10242368,1483,s1,grip_v6
10242370,1593,s1,grip_v6
10242372,1638,s1,grip_v6
10242374,1694,s1,grip_v6
10242376,1680,s1,grip_v6
10242378,1694,s1,grip_v6
10242380,1660,s1,grip_v6
10242382,1691,s1,grip_v6
10242384,1683,s1,grip_v6
10242386,1744,s1,grip_v6
10242388,1721,s1,grip_v6
10242390,1659,s1,grip_v6
10242392,1635,s1,grip_v6
10242394,1685,s1,grip_v6
10242396,1642,s1,grip_v6
10242398,1584,s1,grip_v6
10242400,1535,s1,grip_v6
10242402,1591,s1,grip_v6
10242404,1590,s1,grip_v6
10242406,1519,s1,grip_v6
10242408,1506,s1,grip_v6
10242410,1520,s1,grip_v6
10242412,1527,s1,grip_v6
10242414,1494,s1,grip_v6
10242416,1603,s1,grip_v6
10242418,1619,s1,grip_v6
10242420,1698,s1,grip_v6
10242422,1658,s1,grip_v6
10242424,1721,s1,grip_v6
10242426,1740,s1,grip_v6
10242428,1837,s1,grip_v6
10242430,1873,s1,grip_v6
10242432,1817,s1,grip_v6
10242434,1767,s1,grip_v6
10242436,1789,s1,grip_v6
10242438,1770,s1,grip_v6
10242440,1778,s1,grip_v6
10242442,1783,s1,grip_v6
10242444,1795,s1,grip_v6
10242446,1762,s1,grip_v6
10242448,1706,s1,grip_v6
10242450,1780,s1,grip_v6
10242452,1776,s1,grip_v6
10242454,1814,s1,grip_v6
10242456,1739,s1,grip_v6
10242458,1737,s1,grip_v6
10242460,1730,s1,grip_v6
10242462,1751,s1,grip_v6
10242464,1680,s1,grip_v6
10242466,1716,s1,grip_v6
10242468,1699,s1,grip_v6
10242470,1701,s1,grip_v6
10242472,1643,s1,grip_v6
10242474,1675,s1,grip_v6
10242476,1650,s1,grip_v6
10242478,1657,s1,grip_v6
10242480,1664,s1,grip_v6
10242482,1655,s1,grip_v6
10242484,1614,s1,grip_v6
10242486,1535,s1,grip_v6
10242488,1489,s1,grip_v6
10242490,1495,s1,grip_v6
10242492,1498,s1,grip_v6
10242494,1535,s1,grip_v6
10242496,1520,s1,grip_v6
10242498,1535,s1,grip_v6
10242500,1495,s1,grip_v6
10242502,1535,s1,grip_v6
10242504,1521,s1,grip_v6
10242506,1461,s1,grip_v6
10242508,1525,s1,grip_v6
10242510,1530,s1,grip_v6
10242512,1616,s1,grip_v6
10242514,1615,s1,grip_v6
10242516,1680,s1,grip_v6
10242518,1664,s1,grip_v6
10242520,1658,s1,grip_v6
10242522,1637,s1,grip_v6
10242524,1739,s1,grip_v6
10242526,1755,s1,grip_v6
10242528,1781,s1,grip_v6
10242530,1831,s1,grip_v6
10242532,1841,s1,grip_v6
10242534,1821,s1,grip_v6
10242536,1842,s1,grip_v6
10242538,1831,s1,grip_v6
10242540,1834,s1,grip_v6
10242542,1827,s1,grip_v6
10242544,1833,s1,grip_v6
10242546,1831,s1,grip_v6
10242548,1791,s1,grip_v6
10242550,1856,s1,grip_v6
10242552,1809,s1,grip_v6
10242554,1789,s1,grip_v6
10242556,1827,s1,grip_v6
10242558,1893,s1,grip_v6
10242560,1850,s1,grip_v6
10242562,1821,s1,grip_v6
10242564,1814,s1,grip_v6
10242566,1803,s1,grip_v6
10242568,1814,s1,grip_v6
10242570,1904,s1,grip_v6
10242572,1843,s1,grip_v6
10242574,1847,s1,grip_v6
10242576,1834,s1,grip_v6
10242578,1935,s1,grip_v6
10242580,1975,s1,grip_v6
10242582,1927,s1,grip_v6
10242584,1905,s1,grip_v6
10242586,2009,s1,grip_v6
10242588,2012,s1,grip_v6
10242590,1942,s1,grip_v6
10242592,1910,s1,grip_v6
10242594,2021,s1,grip_v6
10242596,2079,s1,grip_v6
10242598,2037,s1,grip_v6
10242600,1968,s1,grip_v6
10242602,1952,s1,grip_v6
10242604,1926,s1,grip_v6
10242606,1881,s1,grip_v6
10242608,1869,s1,grip_v6
10242610,1822,s1,grip_v6
10242612,1798,s1,grip_v6
10251634,1746,s1,grip_v6
10251636,1782,s1,grip_v6
10251638,1735,s1,grip_v6
10251640,1677,s1,grip_v6
10251642,1653,s1,grip_v6
10251644,1703,s1,grip_v6
10251646,1694,s1,grip_v6
10251648,1686,s1,grip_v6
10251650,1683,s1,grip_v6
10251652,1707,s1,grip_v6
10251654,1719,s1,grip_v6
10251656,1735,s1,grip_v6
10251658,1733,s1,grip_v6
10251660,1756,s1,grip_v6
10251662,1749,s1,grip_v6
10251664,1752,s1,grip_v6
10251666,1690,s1,grip_v6
10251668,1645,s1,grip_v6
10251670,1671,s1,grip_v6
10251672,1657,s1,grip_v6
10251674,1651,s1,grip_v6
10251676,1602,s1,grip_v6
10251678,1616,s1,grip_v6
10251680,1599,s1,grip_v6
10251682,1623,s1,grip_v6
10251684,1584,s1,grip_v6
10251686,1600,s1,grip_v6
10251688,1597,s1,grip_v6
10251690,1642,s1,grip_v6
10251692,1657,s1,grip_v6
10251694,1627,s1,grip_v6
10251696,1597,s1,grip_v6
10251698,1650,s1,grip_v6
10251700,1661,s1,grip_v6
10251702,1626,s1,grip_v6
10251704,1614,s1,grip_v6
10251706,1641,s1,grip_v6
10251708,1626,s1,grip_v6
10251710,1579,s1,grip_v6
10251712,1584,s1,grip_v6
10251714,1607,s1,grip_v6
10251716,1626,s1,grip_v6
10251718,1617,s1,grip_v6
10251720,1631,s1,grip_v6
10251722,1671,s1,grip_v6
10251724,1757,s1,grip_v6
10251726,1783,s1,grip_v6
10251728,1873,s1,grip_v6
10251730,1874,s1,grip_v6
10251732,1954,s1,grip_v6
10251734,2000,s1,grip_v6
10251736,2001,s1,grip_v6
10251738,1974,s1,grip_v6
10251740,1977,s1,grip_v6
10251742,1897,s1,grip_v6
10251744,1902,s1,grip_v6
10251746,1889,s1,grip_v6
10251748,1914,s1,grip_v6
10251750,1870,s1,grip_v6
10251752,1839,s1,grip_v6
10251754,1821,s1,grip_v6
10251756,1891,s1,grip_v6
10251758,1904,s1,grip_v6
10251760,1841,s1,grip_v6
10251762,1808,s1,grip_v6
10251764,1842,s1,grip_v6
10251766,1834,s1,grip_v6
10251768,1757,s1,grip_v6
10251770,1766,s1,grip_v6
10251772,1764,s1,grip_v6
10251774,1759,s1,grip_v6
10251776,1697,s1,grip_v6
10251778,1669,s1,grip_v6
10251780,1667,s1,grip_v6
10251782,1666,s1,grip_v6
10251784,1609,s1,grip_v6
10251786,1574,s1,grip_v6
10251788,1559,s1,grip_v6
10251790,1587,s1,grip_v6
10251792,1526,s1,grip_v6
10251794,1597,s1,grip_v6
10251796,1630,s1,grip_v6
10251798,1650,s1,grip_v6
10251800,1651,s1,grip_v6
10251802,1701,s1,grip_v6
10251804,1731,s1,grip_v6
10251806,1693,s1,grip_v6
10251808,1635,s1,grip_v6
10251810,1595,s1,grip_v6
10251812,1651,s1,grip_v6
10251814,1631,s1,grip_v6
10251816,1589,s1,grip_v6
10251818,1521,s1,grip_v6
10251820,1535,s1,grip_v6
10251822,1514,s1,grip_v6
10251824,1488,s1,grip_v6
10251826,1424,s1,grip_v6
10251828,1440,s1,grip_v6
10251830,1408,s1,grip_v6
10251832,1386,s1,grip_v6
10251834,1328,s1,grip_v6
10251836,1342,s1,grip_v6
10251838,1360,s1,grip_v6
10251840,1366,s1,grip_v6
10251842,1344,s1,grip_v6
10251844,1375,s1,grip_v6
10251846,1392,s1,grip_v6
10251848,1443,s1,grip_v6
10251850,1418,s1,grip_v6
10251852,1386,s1,grip_v6
10251854,1378,s1,grip_v6
10251856,1425,s1,grip_v6
10251858,1429,s1,grip_v6
10251860,1461,s1,grip_v6
10251862,1488,s1,grip_v6
10251864,1600,s1,grip_v6
10251866,1646,s1,grip_v6
10251868,1596,s1,grip_v6
10251870,1599,s1,grip_v6
10251872,1575,s1,grip_v6
10251874,1586,s1,grip_v6
10251876,1535,s1,grip_v6
10251878,1570,s1,grip_v6
10251880,1535,s1,grip_v6
10251882,1566,s1,grip_v6
10251884,1506,s1,grip_v6
10251886,1505,s1,grip_v6
10251888,1474,s1,grip_v6
10251890,1511,s1,grip_v6
10251892,1521,s1,grip_v6
10251894,1489,s1,grip_v6
10251896,1460,s1,grip_v6
10251898,1483,s1,grip_v6
10251900,1427,s1,grip_v6
10251902,1499,s1,grip_v6
10251904,1515,s1,grip_v6
10251906,1618,s1,grip_v6
10251908,1609,s1,grip_v6
10251910,1568,s1,grip_v6
10251912,1574,s1,grip_v6
10251914,1563,s1,grip_v6
10251916,1527,s1,grip_v6
10251918,1461,s1,grip_v6
10251920,1456,s1,grip_v6
10251922,1472,s1,grip_v6
10251924,1489,s1,grip_v6
10251926,1447,s1,grip_v6
10251928,1423,s1,grip_v6
10251930,1427,s1,grip_v6
10251932,1424,s1,grip_v6
10251934,1383,s1,grip_v6
10251936,1388,s1,grip_v6
10251938,1359,s1,grip_v6
10251940,1391,s1,grip_v6
10251942,1341,s1,grip_v6
10251944,1331,s1,grip_v6
10251946,1330,s1,grip_v6
10251948,1374,s1,grip_v6
10251950,1354,s1,grip_v6
10251952,1331,s1,grip_v6
10251954,1349,s1,grip_v6
10251956,1373,s1,grip_v6
10251958,1386,s1,grip_v6
10251960,1350,s1,grip_v6
10251962,1354,s1,grip_v6
10251964,1407,s1,grip_v6
10251966,1394,s1,grip_v6
10251968,1358,s1,grip_v6
10251970,1360,s1,grip_v6
10251972,1392,s1,grip_v6
10251974,1392,s1,grip_v6
10251976,1367,s1,grip_v6
10251978,1443,s1,grip_v6
10251980,1424,s1,grip_v6
10251982,1461,s1,grip_v6
10251984,1415,s1,grip_v6
10251986,1419,s1,grip_v6
10251988,1392,s1,grip_v6
10251990,1441,s1,grip_v6
10251992,1429,s1,grip_v6
10251994,1408,s1,grip_v6
10251996,1408,s1,grip_v6
10251998,1446,s1,grip_v6
10252000,1424,s1,grip_v6
10252002,1377,s1,grip_v6
10252004,1386,s1,grip_v6
10252006,1461,s1,grip_v6
10252008,1425,s1,grip_v6
10252010,1382,s1,grip_v6
10252012,1353,s1,grip_v6
10252014,1413,s1,grip_v6
10252016,1424,s1,grip_v6
10252018,1375,s1,grip_v6
10252020,1386,s1,grip_v6
10252022,1361,s1,grip_v6
10252024,1338,s1,grip_v6
10252026,1360,s1,grip_v6
10252028,1445,s1,grip_v6
10252030,1431,s1,grip_v6
10252032,1495,s1,grip_v6
10252034,1501,s1,grip_v6
10252036,1519,s1,grip_v6
10252038,1482,s1,grip_v6
10252040,1487,s1,grip_v6
10252042,1600,s1,grip_v6
10252044,1739,s1,grip_v6
10252046,1750,s1,grip_v6
10252048,1805,s1,grip_v6
10252050,1858,s1,grip_v6
10252052,1826,s1,grip_v6
10252054,1811,s1,grip_v6
10252056,1809,s1,grip_v6
10252058,1772,s1,grip_v6
10252060,1812,s1,grip_v6
10252062,1883,s1,grip_v6
10252064,1936,s1,grip_v6
10252066,2017,s1,grip_v6
10252068,1995,s1,grip_v6
10252070,2023,s1,grip_v6
10252072,1995,s1,grip_v6
10252074,2055,s1,grip_v6
10252076,2045,s1,grip_v6
10252078,2064,s1,grip_v6
10252080,2000,s1,grip_v6
10252082,2004,s1,grip_v6
10252084,1968,s1,grip_v6
10252086,1939,s1,grip_v6
10252088,1904,s1,grip_v6
10252090,1901,s1,grip_v6
10252092,1829,s1,grip_v6
10252094,1802,s1,grip_v6
10252096,1823,s1,grip_v6
10252098,1819,s1,grip_v6
10252100,1799,s1,grip_v6
10252102,1779,s1,grip_v6
10252104,1760,s1,grip_v6
10252106,1811,s1,grip_v6
10252108,1750,s1,grip_v6
10252110,1689,s1,grip_v6
10252112,1682,s1,grip_v6
10252114,1690,s1,grip_v6
10252116,1703,s1,grip_v6
10252118,1641,s1,grip_v6
10252120,1594,s1,grip_v6
10252122,1622,s1,grip_v6
10252124,1599,s1,grip_v6
10252126,1667,s1,grip_v6
10252128,1650,s1,grip_v6
10252130,1645,s1,grip_v6
10252132,1584,s1,grip_v6
10252134,1535,s1,grip_v6
10252136,1520,s1,grip_v6
10252138,1529,s1,grip_v6
10252140,1623,s1,grip_v6
10252142,1605,s1,grip_v6
10252144,1602,s1,grip_v6
10252146,1662,s1,grip_v6
10252148,1762,s1,grip_v6
10252150,1715,s1,grip_v6
10252152,1689,s1,grip_v6
10252154,1651,s1,grip_v6
10252156,1680,s1,grip_v6
10252158,1647,s1,grip_v6
10252160,1626,s1,grip_v6
10252162,1655,s1,grip_v6
10252164,1606,s1,grip_v6
10252166,1535,s1,grip_v6
10252168,1489,s1,grip_v6
10252170,1557,s1,grip_v6
10252172,1584,s1,grip_v6
10252174,1635,s1,grip_v6
10252176,1591,s1,grip_v6
10252178,1568,s1,grip_v6
10252180,1609,s1,grip_v6
10252182,1588,s1,grip_v6
10252184,1535,s1,grip_v6
10252186,1658,s1,grip_v6
10252188,1659,s1,grip_v6
10252190,1728,s1,grip_v6
10252192,1767,s1,grip_v6
10252194,1775,s1,grip_v6
10252196,1790,s1,grip_v6
10252198,1778,s1,grip_v6
10252200,1825,s1,grip_v6
10252202,1856,s1,grip_v6
10252204,1865,s1,grip_v6
10252206,1918,s1,grip_v6
10252208,1895,s1,grip_v6
10252210,1823,s1,grip_v6
10252212,1795,s1,grip_v6
10252214,1813,s1,grip_v6
10252216,1778,s1,grip_v6
10252218,1733,s1,grip_v6
10252220,1709,s1,grip_v6
10252222,1661,s1,grip_v6
10252224,1599,s1,grip_v6
10252226,1567,s1,grip_v6
10252228,1637,s1,grip_v6
10252230,1616,s1,grip_v6
10252232,1584,s1,grip_v6
10252234,1560,s1,grip_v6
10252236,1571,s1,grip_v6
10252238,1570,s1,grip_v6
10252240,1520,s1,grip_v6
10252242,1458,s1,grip_v6
10252244,1534,s1,grip_v6
10252246,1580,s1,grip_v6
10252248,1649,s1,grip_v6
10252250,1680,s1,grip_v6
10252252,1701,s1,grip_v6
10252254,1719,s1,grip_v6
10252256,1745,s1,grip_v6
10252258,1744,s1,grip_v6
10252260,1723,s1,grip_v6
10252262,1700,s1,grip_v6
10252264,1681,s1,grip_v6
10252266,1619,s1,grip_v6
10252268,1567,s1,grip_v6
10252270,1619,s1,grip_v6
10252272,1596,s1,grip_v6
10252274,1598,s1,grip_v6
10252276,1535,s1,grip_v6
10252278,1567,s1,grip_v6
10252280,1561,s1,grip_v6
10252282,1582,s1,grip_v6
10252284,1584,s1,grip_v6
10252286,1616,s1,grip_v6
10252288,1616,s1,grip_v6
10252290,1669,s1,grip_v6
10252292,1671,s1,grip_v6
10252294,1682,s1,grip_v6
10252296,1661,s1,grip_v6
10252298,1680,s1,grip_v6
10252300,1642,s1,grip_v6
10252302,1616,s1,grip_v6
10252304,1676,s1,grip_v6
10252306,1616,s1,grip_v6
10252308,1535,s1,grip_v6
10252310,1535,s1,grip_v6
10252312,1600,s1,grip_v6
10252314,1573,s1,grip_v6
10252316,1535,s1,grip_v6
10252318,1535,s1,grip_v6
10252320,1665,s1,grip_v6
10252322,1679,s1,grip_v6
10252324,1767,s1,grip_v6
10252326,1773,s1,grip_v6
10252328,1771,s1,grip_v6
10252330,1830,s1,grip_v6
10252332,1954,s1,grip_v6
10252334,1902,s1,grip_v6
10252336,1856,s1,grip_v6
10252338,1826,s1,grip_v6
10252340,1856,s1,grip_v6
10252342,1821,s1,grip_v6
10252344,1779,s1,grip_v6
10252346,1744,s1,grip_v6
10252348,1732,s1,grip_v6
10252350,1665,s1,grip_v6
10252352,1611,s1,grip_v6
10252354,1613,s1,grip_v6
10252356,1649,s1,grip_v6
10252358,1651,s1,grip_v6
10252360,1607,s1,grip_v6
10252362,1596,s1,grip_v6
10252364,1633,s1,grip_v6
10252366,1648,s1,grip_v6
10252368,1619,s1,grip_v6
10252370,1759,s1,grip_v6
10252372,1767,s1,grip_v6
10252374,1849,s1,grip_v6
10252376,1904,s1,grip_v6
10252378,1967,s1,grip_v6
10252380,1926,s1,grip_v6
10252382,1942,s1,grip_v6
10252384,1868,s1,grip_v6
10252386,1840,s1,grip_v6
10252388,1840,s1,grip_v6
10252390,1819,s1,grip_v6
10252392,1793,s1,grip_v6
10252394,1751,s1,grip_v6
10252396,1744,s1,grip_v6
10252398,1751,s1,grip_v6
10252400,1738,s1,grip_v6
10252402,1726,s1,grip_v6
10252404,1731,s1,grip_v6
10252406,1755,s1,grip_v6
10252408,1776,s1,grip_v6
10252410,1757,s1,grip_v6
10252412,1773,s1,grip_v6
10252414,1773,s1,grip_v6
10252416,1773,s1,grip_v6
10252418,1731,s1,grip_v6
10252420,1751,s1,grip_v6
10252422,1718,s1,grip_v6
10252424,1739,s1,grip_v6
10252426,1692,s1,grip_v6
10252428,1710,s1,grip_v6
10252430,1648,s1,grip_v6
10252432,1577,s1,grip_v6
10252434,1535,s1,grip_v6
10252436,1658,s1,grip_v6
10252438,1692,s1,grip_v6
10252440,1664,s1,grip_v6
10252442,1680,s1,grip_v6
10252444,1696,s1,grip_v6
10252446,1680,s1,grip_v6
10252448,1712,s1,grip_v6
10252450,1655,s1,grip_v6
10252452,1614,s1,grip_v6
10252454,1574,s1,grip_v6
10252456,1574,s1,grip_v6
10252458,1525,s1,grip_v6
10252460,1470,s1,grip_v6
10252462,1456,s1,grip_v6
10252464,1487,s1,grip_v6
10252466,1451,s1,grip_v6
10252468,1435,s1,grip_v6
10252470,1472,s1,grip_v6
10252472,1473,s1,grip_v6
10252474,1499,s1,grip_v6
10252476,1479,s1,grip_v6
10252478,1497,s1,grip_v6
10252480,1509,s1,grip_v6
10252482,1601,s1,grip_v6
10252484,1535,s1,grip_v6
10252486,1519,s1,grip_v6
10252488,1472,s1,grip_v6
10252490,1522,s1,grip_v6
10252492,1498,s1,grip_v6
10252494,1457,s1,grip_v6
10252496,1434,s1,grip_v6
10252498,1431,s1,grip_v6
10252500,1413,s1,grip_v6
10252502,1360,s1,grip_v6
10252504,1333,s1,grip_v6
10252506,1323,s1,grip_v6
10252508,1318,s1,grip_v6
10252510,1296,s1,grip_v6
10252512,1348,s1,grip_v6
10252514,1325,s1,grip_v6
10252516,1296,s1,grip_v6
10252518,1232,s1,grip_v6
10252520,1295,s1,grip_v6
10252522,1290,s1,grip_v6
10252524,1289,s1,grip_v6
10252526,1271,s1,grip_v6
10252528,1358,s1,grip_v6
10252530,1361,s1,grip_v6
10252532,1404,s1,grip_v6
10252534,1383,s1,grip_v6
10252536,1378,s1,grip_v6
10252538,1376,s1,grip_v6
10252540,1446,s1,grip_v6
10252542,1427,s1,grip_v6
10252544,1389,s1,grip_v6
10252546,1365,s1,grip_v6
10252548,1397,s1,grip_v6
10252550,1427,s1,grip_v6
10252552,1381,s1,grip_v6
10252554,1340,s1,grip_v6
10252556,1359,s1,grip_v6
10252558,1316,s1,grip_v6
10252560,1270,s1,grip_v6
10252562,1323,s1,grip_v6
10252564,1330,s1,grip_v6
10252566,1410,s1,grip_v6
10252568,1403,s1,grip_v6
10252570,1392,s1,grip_v6
10252572,1379,s1,grip_v6
10252574,1435,s1,grip_v6
10252576,1472,s1,grip_v6
10252578,1505,s1,grip_v6
10252580,1510,s1,grip_v6
10252582,1600,s1,grip_v6
10252584,1582,s1,grip_v6
10252586,1587,s1,grip_v6
10252588,1563,s1,grip_v6
10252590,1600,s1,grip_v6
10252592,1572,s1,grip_v6
10252594,1535,s1,grip_v6
10252596,1569,s1,grip_v6
10252598,1727,s1,grip_v6
10252600,1717,s1,grip_v6
10252602,1718,s1,grip_v6
10252604,1661,s1,grip_v6
10252606,1642,s1,grip_v6
10252608,1632,s1,grip_v6
10252610,1605,s1,grip_v6
10252612,1608,s1,grip_v6
10252614,1587,s1,grip_v6
10252616,1576,s1,grip_v6
10252618,1535,s1,grip_v6
10252620,1594,s1,grip_v6
10252622,1566,s1,grip_v6
10252624,1583,s1,grip_v6
10252626,1523,s1,grip_v6
10252628,1535,s1,grip_v6
10252630,1507,s1,grip_v6
10252632,1472,s1,grip_v6
10252634,1427,s1,grip_v6
10252636,1471,s1,grip_v6
10252638,1504,s1,grip_v6
10252640,1495,s1,grip_v6
10252642,1478,s1,grip_v6
10252644,1535,s1,grip_v6
10252646,1535,s1,grip_v6
10252648,1648,s1,grip_v6
10252650,1700,s1,grip_v6
10252652,1648,s1,grip_v6
10252654,1621,s1,grip_v6
10252656,1653,s1,grip_v6
10252658,1664,s1,grip_v6
10252660,1619,s1,grip_v6
10252662,1645,s1,grip_v6
10252664,1726,s1,grip_v6
10252666,1754,s1,grip_v6
10252668,1744,s1,grip_v6
10252670,1738,s1,grip_v6
10252672,1739,s1,grip_v6
10252674,1698,s1,grip_v6
10252676,1726,s1,grip_v6
10252678,1865,s1,grip_v6
10252680,1862,s1,grip_v6
10252682,1872,s1,grip_v6
10252684,1863,s1,grip_v6
10252686,1893,s1,grip_v6
10252688,1871,s1,grip_v6
10252690,1894,s1,grip_v6
10252692,1861,s1,grip_v6
10252694,1845,s1,grip_v6
10252696,1835,s1,grip_v6
10252698,1905,s1,grip_v6
10252700,1904,s1,grip_v6
10252702,1863,s1,grip_v6
10252704,1799,s1,grip_v6
10252706,1809,s1,grip_v6
10252708,1755,s1,grip_v6
10252710,1684,s1,grip_v6
10252712,1689,s1,grip_v6
10252714,1729,s1,grip_v6
10252716,1744,s1,grip_v6
10252718,1698,s1,grip_v6
10252720,1712,s1,grip_v6
10252722,1695,s1,grip_v6
10252724,1729,s1,grip_v6
10252726,1682,s1,grip_v6
10252728,1664,s1,grip_v6
10252730,1626,s1,grip_v6
10252732,1662,s1,grip_v6
10252734,1668,s1,grip_v6
10252736,1664,s1,grip_v6
10252738,1663,s1,grip_v6
10252740,1751,s1,grip_v6
10252742,1755,s1,grip_v6
10252744,1735,s1,grip_v6
10252746,1713,s1,grip_v6
10252748,1802,s1,grip_v6
10252750,1839,s1,grip_v6
10252752,1853,s1,grip_v6
10252754,1837,s1,grip_v6
10252756,1914,s1,grip_v6
10252758,1936,s1,grip_v6
10252760,1877,s1,grip_v6
10252762,1888,s1,grip_v6
10252764,1863,s1,grip_v6
10252766,1845,s1,grip_v6
10252768,1813,s1,grip_v6
10252770,1840,s1,grip_v6
10252772,1873,s1,grip_v6
10252774,1936,s1,grip_v6
10252776,1869,s1,grip_v6
10252778,1819,s1,grip_v6
10252780,1776,s1,grip_v6
10252782,1806,s1,grip_v6
10252784,1759,s1,grip_v6
10252786,1722,s1,grip_v6
10252788,1686,s1,grip_v6
10252790,1693,s1,grip_v6
10252792,1663,s1,grip_v6
10252794,1620,s1,grip_v6
10252796,1584,s1,grip_v6
10252798,1535,s1,grip_v6
10252800,1477,s1,grip_v6
10252802,1456,s1,grip_v6
10252804,1475,s1,grip_v6
10252806,1520,s1,grip_v6
10252808,1535,s1,grip_v6
10252810,1490,s1,grip_v6
10252812,1440,s1,grip_v6
10252814,1457,s1,grip_v6
10252816,1415,s1,grip_v6
10252818,1360,s1,grip_v6
10252820,1363,s1,grip_v6
10252822,1381,s1,grip_v6
10252824,1422,s1,grip_v6
10252826,1389,s1,grip_v6
10252828,1392,s1,grip_v6
10252830,1397,s1,grip_v6
10252832,1520,s1,grip_v6
10252834,1511,s1,grip_v6
10252836,1456,s1,grip_v6
10252838,1423,s1,grip_v6
10252840,1461,s1,grip_v6
10252842,1443,s1,grip_v6
10252844,1441,s1,grip_v6
10252846,1447,s1,grip_v6
10252848,1473,s1,grip_v6
10252850,1420,s1,grip_v6
10252852,1391,s1,grip_v6
10252854,1443,s1,grip_v6
10252856,1465,s1,grip_v6
10252858,1509,s1,grip_v6
10252860,1462,s1,grip_v6
10252862,1478,s1,grip_v6
10252864,1459,s1,grip_v6
10252866,1457,s1,grip_v6
10252868,1424,s1,grip_v6
10252870,1530,s1,grip_v6
10252872,1527,s1,grip_v6
10252874,1535,s1,grip_v6
10252876,1529,s1,grip_v6
10252878,1581,s1,grip_v6
10252880,1563,s1,grip_v6
10252882,1554,s1,grip_v6
10252884,1491,s1,grip_v6
10252886,1520,s1,grip_v6
10252888,1503,s1,grip_v6
10252890,1520,s1,grip_v6
10252892,1498,s1,grip_v6
10252894,1450,s1,grip_v6
10252896,1430,s1,grip_v6
10252898,1431,s1,grip_v6
10252900,1378,s1,grip_v6
10252902,1332,s1,grip_v6
10252904,1345,s1,grip_v6
10252906,1377,s1,grip_v6
10252908,1359,s1,grip_v6
10252910,1328,s1,grip_v6
10252912,1383,s1,grip_v6
10252914,1413,s1,grip_v6
10252916,1491,s1,grip_v6
10252918,1443,s1,grip_v6
10252920,1424,s1,grip_v6
10252922,1405,s1,grip_v6
10252924,1465,s1,grip_v6
10252926,1427,s1,grip_v6
10252928,1390,s1,grip_v6
10252930,1354,s1,grip_v6
10252932,1360,s1,grip_v6
10252934,1304,s1,grip_v6
10252936,1305,s1,grip_v6
10252938,1310,s1,grip_v6
10252940,1347,s1,grip_v6
10252942,1319,s1,grip_v6
10252944,1291,s1,grip_v6
10252946,1282,s1,grip_v6
10252948,1355,s1,grip_v6
10252950,1363,s1,grip_v6
10252952,1310,s1,grip_v6
10252954,1278,s1,grip_v6
10252956,1357,s1,grip_v6
10252958,1360,s1,grip_v6
10252960,1305,s1,grip_v6
10252962,1287,s1,grip_v6
10252964,1323,s1,grip_v6
10252966,1338,s1,grip_v6
10252968,1289,s1,grip_v6
10252970,1310,s1,grip_v6
10252972,1296,s1,grip_v6
10252974,1321,s1,grip_v6
10252976,1296,s1,grip_v6
10252978,1335,s1,grip_v6
10252980,1309,s1,grip_v6
10252982,1261,s1,grip_v6
10252984,1227,s1,grip_v6
10252986,1257,s1,grip_v6
10252988,1343,s1,grip_v6
10252990,1296,s1,grip_v6
10252992,1282,s1,grip_v6
10252994,1277,s1,grip_v6
10252996,1326,s1,grip_v6
10252998,1301,s1,grip_v6
10253000,1263,s1,grip_v6
10253002,1273,s1,grip_v6
10253004,1328,s1,grip_v6
10253006,1394,s1,grip_v6
10253008,1410,s1,grip_v6
10253010,1357,s1,grip_v6
10253012,1354,s1,grip_v6
10253014,1354,s1,grip_v6
10253016,1332,s1,grip_v6
10253018,1269,s1,grip_v6
10253020,1298,s1,grip_v6
10253022,1280,s1,grip_v6
10253024,1262,s1,grip_v6
10253026,1245,s1,grip_v6
10253028,1298,s1,grip_v6
10253030,1294,s1,grip_v6
10253032,1322,s1,grip_v6
10253034,1285,s1,grip_v6
10253036,1275,s1,grip_v6
10253038,1264,s1,grip_v6
10253040,1280,s1,grip_v6
10253042,1277,s1,grip_v6
10253044,1311,s1,grip_v6
10253046,1325,s1,grip_v6
10253048,1363,s1,grip_v6
10253050,1349,s1,grip_v6
10253052,1317,s1,grip_v6
10253054,1390,s1,grip_v6
10253056,1386,s1,grip_v6
10253058,1397,s1,grip_v6
10253060,1392,s1,grip_v6
10253062,1458,s1,grip_v6
10253064,1427,s1,grip_v6
10253066,1421,s1,grip_v6
10253068,1461,s1,grip_v6
10253070,1507,s1,grip_v6
10253072,1535,s1,grip_v6
10253074,1565,s1,grip_v6
10253076,1529,s1,grip_v6
10253078,1522,s1,grip_v6
10253080,1488,s1,grip_v6
10253082,1478,s1,grip_v6
10253084,1474,s1,grip_v6
10253086,1535,s1,grip_v6
10253088,1563,s1,grip_v6
10253090,1655,s1,grip_v6
10253092,1679,s1,grip_v6
10253094,1631,s1,grip_v6
10253096,1610,s1,grip_v6
10253098,1600,s1,grip_v6
10253100,1584,s1,grip_v6
10253102,1529,s1,grip_v6
10253104,1526,s1,grip_v6
10253106,1535,s1,grip_v6
10253108,1520,s1,grip_v6
10253110,1455,s1,grip_v6
10253112,1463,s1,grip_v6
10253114,1465,s1,grip_v6
10253116,1483,s1,grip_v6
10253118,1424,s1,grip_v6
10253120,1429,s1,grip_v6
10253122,1423,s1,grip_v6
10253124,1474,s1,grip_v6
10253126,1469,s1,grip_v6
10253128,1443,s1,grip_v6
10253130,1424,s1,grip_v6
10253132,1471,s1,grip_v6
10253134,1447,s1,grip_v6
10253136,1440,s1,grip_v6
10253138,1425,s1,grip_v6
10253140,1477,s1,grip_v6
10253142,1467,s1,grip_v6
10253144,1425,s1,grip_v6
10253146,1430,s1,grip_v6
10253148,1478,s1,grip_v6
10253150,1459,s1,grip_v6
10253152,1445,s1,grip_v6
10253154,1465,s1,grip_v6
10253156,1493,s1,grip_v6
10253158,1535,s1,grip_v6
10253160,1502,s1,grip_v6
10253162,1498,s1,grip_v6
10253164,1520,s1,grip_v6
10253166,1535,s1,grip_v6
10253168,1490,s1,grip_v6
10253170,1485,s1,grip_v6
10253172,1511,s1,grip_v6
10253174,1521,s1,grip_v6
10253176,1473,s1,grip_v6
10253178,1443,s1,grip_v6
10253180,1412,s1,grip_v6
10253182,1438,s1,grip_v6
10253184,1419,s1,grip_v6
10253186,1392,s1,grip_v6
10253188,1386,s1,grip_v6
10253190,1444,s1,grip_v6
10253192,1436,s1,grip_v6
10253194,1392,s1,grip_v6
10253196,1437,s1,grip_v6
10253198,1450,s1,grip_v6
10253200,1456,s1,grip_v6
10253202,1453,s1,grip_v6
10253204,1479,s1,grip_v6
10253206,1488,s1,grip_v6
10253208,1488,s1,grip_v6
10253210,1447,s1,grip_v6
10253212,1424,s1,grip_v6
10253214,1412,s1,grip_v6
10253216,1458,s1,grip_v6
10253218,1425,s1,grip_v6
10253220,1392,s1,grip_v6
10253222,1445,s1,grip_v6
10253224,1605,s1,grip_v6
10253226,1597,s1,grip_v6
10253228,1526,s1,grip_v6
10253230,1588,s1,grip_v6
10253232,1692,s1,grip_v6
10253234,1679,s1,grip_v6
10253236,1641,s1,grip_v6
10253238,1617,s1,grip_v6
10253240,1657,s1,grip_v6
10253242,1645,s1,grip_v6
10253244,1595,s1,grip_v6
10253246,1587,s1,grip_v6
10253248,1579,s1,grip_v6
10253250,1586,s1,grip_v6
10253252,1584,s1,grip_v6
10253254,1606,s1,grip_v6
10253256,1619,s1,grip_v6
10253258,1655,s1,grip_v6
10253260,1627,s1,grip_v6
10253262,1645,s1,grip_v6
10253264,1617,s1,grip_v6
10253266,1623,s1,grip_v6
10253268,1572,s1,grip_v6
10253270,1600,s1,grip_v6
10253272,1600,s1,grip_v6
10253274,1741,s1,grip_v6
10253276,1730,s1,grip_v6
10253278,1668,s1,grip_v6
10253280,1680,s1,grip_v6
10253282,1744,s1,grip_v6
10253284,1731,s1,grip_v6
10253286,1729,s1,grip_v6
10253288,1710,s1,grip_v6
10253290,1783,s1,grip_v6
10253292,1793,s1,grip_v6
10253294,1738,s1,grip_v6
10253296,1729,s1,grip_v6
10253298,1811,s1,grip_v6
10253300,1811,s1,grip_v6
10253302,1776,s1,grip_v6
10253304,1713,s1,grip_v6
10253306,1744,s1,grip_v6
10253308,1713,s1,grip_v6
10253310,1662,s1,grip_v6
10253312,1630,s1,grip_v6
10253314,1646,s1,grip_v6
10253316,1642,s1,grip_v6
10253318,1634,s1,grip_v6
10253320,1753,s1,grip_v6
10253322,1755,s1,grip_v6
10253324,1814,s1,grip_v6
10253326,1803,s1,grip_v6
10253328,1807,s1,grip_v6
10253330,1777,s1,grip_v6
10253332,1717,s1,grip_v6
10253334,1662,s1,grip_v6
10253336,1651,s1,grip_v6
10253338,1644,s1,grip_v6
10253340,1655,s1,grip_v6
10253342,1698,s1,grip_v6
10253344,1683,s1,grip_v6
10253346,1674,s1,grip_v6
10253348,1718,s1,grip_v6
10253350,1695,s1,grip_v6
10253352,1654,s1,grip_v6
10253354,1730,s1,grip_v6
10253356,1703,s1,grip_v6
10253358,1695,s1,grip_v6
10253360,1682,s1,grip_v6
10253362,1727,s1,grip_v6
10253364,1707,s1,grip_v6
10253366,1680,s1,grip_v6
10253368,1683,s1,grip_v6
10253370,1681,s1,grip_v6
10253372,1651,s1,grip_v6
10253374,1659,s1,grip_v6
10253376,1616,s1,grip_v6
10253378,1582,s1,grip_v6
10253380,1564,s1,grip_v6
10253382,1631,s1,grip_v6
10253384,1616,s1,grip_v6
10253386,1596,s1,grip_v6
10253388,1575,s1,grip_v6
10253390,1641,s1,grip_v6
10253392,1644,s1,grip_v6
10253394,1603,s1,grip_v6
10253396,1584,s1,grip_v6
10253398,1637,s1,grip_v6
10253400,1619,s1,grip_v6
10253402,1556,s1,grip_v6
10253404,1591,s1,grip_v6
10253406,1622,s1,grip_v6
10253408,1697,s1,grip_v6
10253410,1678,s1,grip_v6
10253412,1680,s1,grip_v6
10253414,1622,s1,grip_v6
10253416,1635,s1,grip_v6
10253418,1763,s1,grip_v6
10253420,1899,s1,grip_v6
10253422,1914,s1,grip_v6
10253424,2043,s1,grip_v6
10253426,1993,s1,grip_v6
10253428,1974,s1,grip_v6
10253430,1940,s1,grip_v6
10253432,1917,s1,grip_v6
10253434,1849,s1,grip_v6
10253436,1809,s1,grip_v6
10253438,1808,s1,grip_v6
10253440,1793,s1,grip_v6
10253442,1730,s1,grip_v6
10253444,1675,s1,grip_v6
10253446,1650,s1,grip_v6
10253448,1651,s1,grip_v6
10253450,1611,s1,grip_v6
10253452,1576,s1,grip_v6
10253454,1589,s1,grip_v6
10253456,1535,s1,grip_v6
10253458,1491,s1,grip_v6
10253460,1447,s1,grip_v6
10253462,1488,s1,grip_v6
10253464,1466,s1,grip_v6
10253466,1486,s1,grip_v6
10253468,1444,s1,grip_v6
10253470,1458,s1,grip_v6
10253472,1437,s1,grip_v6
10253474,1488,s1,grip_v6
10253476,1472,s1,grip_v6
10253478,1424,s1,grip_v6
10253480,1392,s1,grip_v6
10253482,1406,s1,grip_v6
10253484,1344,s1,grip_v6
10253486,1344,s1,grip_v6
10253488,1353,s1,grip_v6
10253490,1461,s1,grip_v6
10253492,1478,s1,grip_v6
10253494,1424,s1,grip_v6
10253496,1392,s1,grip_v6
10253498,1457,s1,grip_v6
10253500,1445,s1,grip_v6
10253502,1418,s1,grip_v6
10253504,1431,s1,grip_v6
10253506,1395,s1,grip_v6
10253508,1356,s1,grip_v6
10253510,1307,s1,grip_v6
10253512,1337,s1,grip_v6
10253514,1325,s1,grip_v6
10253516,1306,s1,grip_v6
10253518,1288,s1,grip_v6
10253520,1310,s1,grip_v6
10253522,1284,s1,grip_v6
10253524,1327,s1,grip_v6
10253526,1292,s1,grip_v6
10253528,1323,s1,grip_v6
10253530,1337,s1,grip_v6
10253532,1360,s1,grip_v6
10253534,1350,s1,grip_v6
10253536,1439,s1,grip_v6
10253538,1501,s1,grip_v6
10253540,1509,s1,grip_v6
10253542,1534,s1,grip_v6
10253544,1520,s1,grip_v6
10253546,1533,s1,grip_v6
10253548,1526,s1,grip_v6
10253550,1500,s1,grip_v6
10253552,1447,s1,grip_v6
10253554,1456,s1,grip_v6
10253556,1510,s1,grip_v6
10253558,1584,s1,grip_v6
10253560,1535,s1,grip_v6
10253562,1488,s1,grip_v6
10253564,1487,s1,grip_v6
10253566,1490,s1,grip_v6
10253568,1466,s1,grip_v6
10253570,1523,s1,grip_v6
10253572,1511,s1,grip_v6
10253574,1595,s1,grip_v6
10253576,1600,s1,grip_v6
10253578,1606,s1,grip_v6
10253580,1581,s1,grip_v6
10253582,1634,s1,grip_v6
10253584,1607,s1,grip_v6
10253586,1616,s1,grip_v6
10253588,1648,s1,grip_v6
10253590,1721,s1,grip_v6
10253592,1750,s1,grip_v6
10253594,1728,s1,grip_v6
10253596,1715,s1,grip_v6
10253598,1762,s1,grip_v6
10253600,1771,s1,grip_v6
10253602,1735,s1,grip_v6
10253604,1747,s1,grip_v6
10253606,1753,s1,grip_v6
10253608,1783,s1,grip_v6
10253610,1744,s1,grip_v6
10253612,1725,s1,grip_v6
10253614,1690,s1,grip_v6
10253616,1647,s1,grip_v6
10253618,1579,s1,grip_v6
10253620,1559,s1,grip_v6
10253622,1517,s1,grip_v6
10253624,1487,s1,grip_v6
10253626,1417,s1,grip_v6
10253628,1407,s1,grip_v6
10253630,1391,s1,grip_v6
10253632,1333,s1,grip_v6
10253634,1271,s1,grip_v6
10253636,1279,s1,grip_v6
10253638,1319,s1,grip_v6
10253640,1319,s1,grip_v6
10253642,1295,s1,grip_v6
10253644,1266,s1,grip_v6
10253646,1283,s1,grip_v6
10253648,1383,s1,grip_v6
10253650,1366,s1,grip_v6
10253652,1431,s1,grip_v6
10253654,1401,s1,grip_v6
10253656,1373,s1,grip_v6
10253658,1329,s1,grip_v6
10253660,1294,s1,grip_v6
10253662,1315,s1,grip_v6
10253664,1326,s1,grip_v6
10253666,1383,s1,grip_v6
10253668,1365,s1,grip_v6
10253670,1368,s1,grip_v6
10253672,1378,s1,grip_v6
10253674,1430,s1,grip_v6
10253676,1487,s1,grip_v6
10253678,1506,s1,grip_v6
10253680,1565,s1,grip_v6
10253682,1506,s1,grip_v6
10253684,1453,s1,grip_v6
10253686,1410,s1,grip_v6
10253688,1424,s1,grip_v6
10253690,1439,s1,grip_v6
10253692,1406,s1,grip_v6
10253694,1375,s1,grip_v6
10253696,1417,s1,grip_v6
10253698,1373,s1,grip_v6
10253700,1309,s1,grip_v6
10253702,1307,s1,grip_v6
10253704,1398,s1,grip_v6
10253706,1398,s1,grip_v6
10253708,1393,s1,grip_v6
10253710,1348,s1,grip_v6
10253712,1315,s1,grip_v6
10253714,1305,s1,grip_v6
10253716,1290,s1,grip_v6
10253718,1259,s1,grip_v6
10253720,1264,s1,grip_v6
10253722,1250,s1,grip_v6
10253724,1283,s1,grip_v6
10253726,1232,s1,grip_v6
10253728,1223,s1,grip_v6
10253730,1214,s1,grip_v6
10253732,1249,s1,grip_v6
10253734,1221,s1,grip_v6
10253736,1186,s1,grip_v6
10253738,1174,s1,grip_v6
10253740,1169,s1,grip_v6
10253742,1168,s1,grip_v6
10253744,1168,s1,grip_v6
10253746,1191,s1,grip_v6
10253748,1244,s1,grip_v6
10253750,1280,s1,grip_v6
10253752,1241,s1,grip_v6
10253754,1273,s1,grip_v6
10253756,1260,s1,grip_v6
10253758,1305,s1,grip_v6
10253760,1319,s1,grip_v6
10253762,1359,s1,grip_v6
10253764,1329,s1,grip_v6
10253766,1361,s1,grip_v6
10253768,1367,s1,grip_v6
10253770,1339,s1,grip_v6
10253772,1341,s1,grip_v6
10253774,1418,s1,grip_v6
10253776,1374,s1,grip_v6
10253778,1344,s1,grip_v6
10253780,1328,s1,grip_v6
10253782,1413,s1,grip_v6
10253784,1424,s1,grip_v6
10253786,1373,s1,grip_v6
10253788,1370,s1,grip_v6
10253790,1462,s1,grip_v6
10253792,1461,s1,grip_v6
10253794,1404,s1,grip_v6
10253796,1402,s1,grip_v6
10253798,1392,s1,grip_v6
10253800,1382,s1,grip_v6
10253802,1369,s1,grip_v6
10253804,1399,s1,grip_v6
10253806,1399,s1,grip_v6
10253808,1361,s1,grip_v6
10253810,1298,s1,grip_v6
10253812,1323,s1,grip_v6
10253814,1310,s1,grip_v6
10253816,1331,s1,grip_v6
10253818,1282,s1,grip_v6
10253820,1277,s1,grip_v6
10253822,1245,s1,grip_v6
10253824,1233,s1,grip_v6
10253826,1221,s1,grip_v6
10253828,1220,s1,grip_v6
10253830,1233,s1,grip_v6
10253832,1223,s1,grip_v6
10253834,1179,s1,grip_v6
10253836,1143,s1,grip_v6
10253838,1146,s1,grip_v6
10253840,1107,s1,grip_v6
10253842,1062,s1,grip_v6
10253844,1062,s1,grip_v6
10253846,1126,s1,grip_v6
10253848,1136,s1,grip_v6
10253850,1121,s1,grip_v6
10253852,1085,s1,grip_v6
10253854,1127,s1,grip_v6
10253856,1137,s1,grip_v6
10253858,1199,s1,grip_v6
10253860,1161,s1,grip_v6
10253862,1171,s1,grip_v6
10253864,1165,s1,grip_v6
10253866,1203,s1,grip_v6
10253868,1163,s1,grip_v6
10253870,1170,s1,grip_v6
10253872,1163,s1,grip_v6
10253874,1179,s1,grip_v6
10253876,1170,s1,grip_v6
10253878,1182,s1,grip_v6
10253880,1185,s1,grip_v6
10253882,1263,s1,grip_v6
10253884,1248,s1,grip_v6
10253886,1213,s1,grip_v6
10253888,1203,s1,grip_v6
10253890,1220,s1,grip_v6
10253892,1207,s1,grip_v6
10253894,1185,s1,grip_v6
10253896,1231,s1,grip_v6
10253898,1219,s1,grip_v6
10253900,1194,s1,grip_v6
10253902,1157,s1,grip_v6
10253904,1235,s1,grip_v6
10253906,1232,s1,grip_v6
10253908,1216,s1,grip_v6
10253910,1221,s1,grip_v6
10253912,1298,s1,grip_v6
10253914,1291,s1,grip_v6
10253916,1328,s1,grip_v6
10253918,1307,s1,grip_v6
10253920,1295,s1,grip_v6
10253922,1269,s1,grip_v6
10253924,1296,s1,grip_v6
10253926,1243,s1,grip_v6
10253928,1225,s1,grip_v6
10253930,1215,s1,grip_v6
10253932,1267,s1,grip_v6
10253934,1249,s1,grip_v6
10253936,1220,s1,grip_v6
10253938,1231,s1,grip_v6
10253940,1209,s1,grip_v6
10253942,1203,s1,grip_v6
10253944,1216,s1,grip_v6
10253946,1302,s1,grip_v6
10253948,1307,s1,grip_v6
10253950,1280,s1,grip_v6
10253952,1227,s1,grip_v6
10253954,1289,s1,grip_v6
10253956,1267,s1,grip_v6
10253958,1238,s1,grip_v6
10253960,1201,s1,grip_v6
10253962,1318,s1,grip_v6
10253964,1321,s1,grip_v6
10253966,1328,s1,grip_v6
10253968,1405,s1,grip_v6
10253970,1534,s1,grip_v6
10253972,1535,s1,grip_v6
10253974,1616,s1,grip_v6
10253976,1601,s1,grip_v6
10253978,1618,s1,grip_v6
10253980,1620,s1,grip_v6
10253982,1647,s1,grip_v6
10253984,1671,s1,grip_v6
10253986,1654,s1,grip_v6
10253988,1631,s1,grip_v6
10253990,1695,s1,grip_v6
10253992,1654,s1,grip_v6
10253994,1600,s1,grip_v6
10253996,1535,s1,grip_v6
10253998,1534,s1,grip_v6
10254000,1485,s1,grip_v6
10254002,1419,s1,grip_v6
10254004,1430,s1,grip_v6
10254006,1424,s1,grip_v6
10254008,1451,s1,grip_v6
10254010,1414,s1,grip_v6
10254012,1430,s1,grip_v6
10254014,1415,s1,grip_v6
10254016,1431,s1,grip_v6
10254018,1376,s1,grip_v6
10254020,1386,s1,grip_v6
10254022,1371,s1,grip_v6
10254024,1429,s1,grip_v6
10254026,1411,s1,grip_v6
10254028,1440,s1,grip_v6
10254030,1433,s1,grip_v6
10254032,1467,s1,grip_v6
10254034,1472,s1,grip_v6
10254036,1525,s1,grip_v6
10254038,1601,s1,grip_v6
10254040,1577,s1,grip_v6
10254042,1564,s1,grip_v6
10254044,1600,s1,grip_v6
10254046,1662,s1,grip_v6
10254048,1682,s1,grip_v6
10254050,1698,s1,grip_v6
10254052,1627,s1,grip_v6
10254054,1587,s1,grip_v6
10254056,1653,s1,grip_v6
10254058,1648,s1,grip_v6
10254060,1574,s1,grip_v6
10254062,1535,s1,grip_v6
10254064,1499,s1,grip_v6
10254066,1508,s1,grip_v6
10254068,1456,s1,grip_v6
10254070,1501,s1,grip_v6
10254072,1500,s1,grip_v6
10254074,1520,s1,grip_v6
10254076,1490,s1,grip_v6
10254078,1485,s1,grip_v6
10254080,1464,s1,grip_v6
10254082,1488,s1,grip_v6
10254084,1445,s1,grip_v6
10254086,1417,s1,grip_v6
10254088,1460,s1,grip_v6
10254090,1457,s1,grip_v6
10254092,1456,s1,grip_v6
10254094,1468,s1,grip_v6
10254096,1527,s1,grip_v6
10254098,1491,s1,grip_v6
10254100,1473,s1,grip_v6
10254102,1481,s1,grip_v6
10254104,1583,s1,grip_v6
10254106,1565,s1,grip_v6
10254108,1566,s1,grip_v6
10254110,1507,s1,grip_v6
10254112,1475,s1,grip_v6
10254114,1413,s1,grip_v6
10254116,1361,s1,grip_v6
10254118,1321,s1,grip_v6
10254120,1345,s1,grip_v6
10254122,1364,s1,grip_v6
10254124,1368,s1,grip_v6
10254126,1317,s1,grip_v6
10254128,1351,s1,grip_v6
10254130,1379,s1,grip_v6
10254132,1398,s1,grip_v6
10254134,1390,s1,grip_v6
10254136,1381,s1,grip_v6
10254138,1371,s1,grip_v6
10254140,1413,s1,grip_v6
10254142,1389,s1,grip_v6
10254144,1345,s1,grip_v6
10254146,1388,s1,grip_v6
10254148,1365,s1,grip_v6
10254150,1363,s1,grip_v6
10254152,1360,s1,grip_v6
10254154,1443,s1,grip_v6
10254156,1438,s1,grip_v6
10254158,1450,s1,grip_v6
10254160,1414,s1,grip_v6
10254162,1453,s1,grip_v6
10254164,1439,s1,grip_v6
10254166,1449,s1,grip_v6
10254168,1397,s1,grip_v6
10254170,1393,s1,grip_v6
10254172,1366,s1,grip_v6
10254174,1331,s1,grip_v6
10254176,1303,s1,grip_v6
10254178,1278,s1,grip_v6
10254180,1271,s1,grip_v6
10254182,1314,s1,grip_v6
10254184,1300,s1,grip_v6
10254186,1279,s1,grip_v6
10254188,1293,s1,grip_v6
10254190,1389,s1,grip_v6
10254192,1413,s1,grip_v6
10254194,1366,s1,grip_v6
10254196,1401,s1,grip_v6
10254198,1428,s1,grip_v6
10254200,1478,s1,grip_v6
10254202,1487,s1,grip_v6
10254204,1535,s1,grip_v6
10254206,1533,s1,grip_v6
10254208,1578,s1,grip_v6
10254210,1532,s1,grip_v6
10254212,1600,s1,grip_v6
10254214,1586,s1,grip_v6
10254216,1535,s1,grip_v6
10254218,1535,s1,grip_v6
10254220,1638,s1,grip_v6
10254222,1639,s1,grip_v6
10254224,1706,s1,grip_v6
10254226,1718,s1,grip_v6
10254228,1711,s1,grip_v6
10254230,1697,s1,grip_v6
10254232,1770,s1,grip_v6
10254234,1743,s1,grip_v6
10254236,1679,s1,grip_v6
10254238,1651,s1,grip_v6
10254240,1725,s1,grip_v6
10254242,1744,s1,grip_v6
10254244,1681,s1,grip_v6
10254246,1695,s1,grip_v6
10254248,1715,s1,grip_v6
10254250,1765,s1,grip_v6
10254252,1739,s1,grip_v6
10254254,1747,s1,grip_v6
10254256,1722,s1,grip_v6
10254258,1755,s1,grip_v6
10254260,1766,s1,grip_v6
10254262,1808,s1,grip_v6
10254264,1776,s1,grip_v6
10254266,1845,s1,grip_v6
10254268,1858,s1,grip_v6
10254270,1872,s1,grip_v6
10254272,1842,s1,grip_v6
10254274,1847,s1,grip_v6
10254276,1815,s1,grip_v6
10254278,1808,s1,grip_v6
10254280,1815,s1,grip_v6
10254282,1775,s1,grip_v6
10254284,1776,s1,grip_v6
10254286,1861,s1,grip_v6
10254288,1907,s1,grip_v6
10254290,2000,s1,grip_v6
10254292,2021,s1,grip_v6
10254294,1956,s1,grip_v6
10254296,1926,s1,grip_v6
10254298,1911,s1,grip_v6
10254300,1866,s1,grip_v6
10254302,1782,s1,grip_v6
10254304,1771,s1,grip_v6
10254306,1766,s1,grip_v6
10254308,1753,s1,grip_v6
10254310,1686,s1,grip_v6
10254312,1710,s1,grip_v6
10254314,1693,s1,grip_v6
10254316,1727,s1,grip_v6
10254318,1690,s1,grip_v6
10254320,1653,s1,grip_v6
10254322,1635,s1,grip_v6
10254324,1674,s1,grip_v6
10254326,1605,s1,grip_v6
10254328,1562,s1,grip_v6
10254330,1535,s1,grip_v6
10254332,1535,s1,grip_v6
10254334,1485,s1,grip_v6
10254336,1474,s1,grip_v6
10254338,1535,s1,grip_v6
10254340,1535,s1,grip_v6
10254342,1535,s1,grip_v6
10254344,1509,s1,grip_v6
10254346,1495,s1,grip_v6
10254348,1535,s1,grip_v6
10254350,1523,s1,grip_v6
10254352,1482,s1,grip_v6
10254354,1461,s1,grip_v6
10254356,1421,s1,grip_v6
10254358,1383,s1,grip_v6
10254360,1351,s1,grip_v6
10254362,1363,s1,grip_v6
10254364,1344,s1,grip_v6
10254366,1331,s1,grip_v6
10254368,1317,s1,grip_v6
10254370,1288,s1,grip_v6
10254372,1258,s1,grip_v6
10254374,1290,s1,grip_v6
10254376,1270,s1,grip_v6
10254378,1277,s1,grip_v6
10254380,1290,s1,grip_v6
10254382,1344,s1,grip_v6
10254384,1376,s1,grip_v6
10254386,1383,s1,grip_v6
10254388,1404,s1,grip_v6
10254390,1421,s1,grip_v6
10254392,1462,s1,grip_v6
10254394,1515,s1,grip_v6
10254396,1535,s1,grip_v6
10254398,1607,s1,grip_v6
10254400,1648,s1,grip_v6
10254402,1626,s1,grip_v6
10254404,1665,s1,grip_v6
10254406,1622,s1,grip_v6
10254408,1631,s1,grip_v6
10254410,1628,s1,grip_v6
10254412,1697,s1,grip_v6
10254414,1680,s1,grip_v6
10254416,1744,s1,grip_v6
10254418,1725,s1,grip_v6
10254420,1737,s1,grip_v6
10254422,1698,s1,grip_v6
10254424,1728,s1,grip_v6
10254426,1679,s1,grip_v6
10254428,1627,s1,grip_v6
10254430,1578,s1,grip_v6
10254432,1535,s1,grip_v6
10254434,1493,s1,grip_v6
10254436,1459,s1,grip_v6
10254438,1456,s1,grip_v6
10254440,1488,s1,grip_v6
10254442,1509,s1,grip_v6
10254444,1475,s1,grip_v6
10254446,1471,s1,grip_v6
10254448,1508,s1,grip_v6
10254450,1481,s1,grip_v6
10254452,1436,s1,grip_v6
10254454,1535,s1,grip_v6
10254456,1535,s1,grip_v6
10254458,1597,s1,grip_v6
10254460,1616,s1,grip_v6
10254462,1628,s1,grip_v6
10254464,1586,s1,grip_v6
10254466,1578,s1,grip_v6
10254468,1535,s1,grip_v6
10254470,1600,s1,grip_v6
10254472,1616,s1,grip_v6
10254474,1661,s1,grip_v6
10254476,1623,s1,grip_v6
10254478,1598,s1,grip_v6
10254480,1656,s1,grip_v6
10254482,1642,s1,grip_v6
10254484,1711,s1,grip_v6
10254486,1803,s1,grip_v6
10254488,1826,s1,grip_v6
10254490,1850,s1,grip_v6
10254492,1809,s1,grip_v6
10254494,1756,s1,grip_v6
10254496,1833,s1,grip_v6
10254498,1821,s1,grip_v6
10254500,1827,s1,grip_v6
10254502,1806,s1,grip_v6
10254504,1763,s1,grip_v6
10254506,1808,s1,grip_v6
10254508,1890,s1,grip_v6
10254510,1866,s1,grip_v6
10254512,1808,s1,grip_v6
10254514,1791,s1,grip_v6
10254516,1869,s1,grip_v6
10254518,1845,s1,grip_v6
10254520,1787,s1,grip_v6
10254522,1759,s1,grip_v6
10254524,1811,s1,grip_v6
10254526,1766,s1,grip_v6
10254528,1699,s1,grip_v6
10254530,1650,s1,grip_v6
10254532,1666,s1,grip_v6
10254534,1655,s1,grip_v6
10254536,1597,s1,grip_v6
10254538,1577,s1,grip_v6
10254540,1593,s1,grip_v6
10254542,1584,s1,grip_v6
10254544,1535,s1,grip_v6
10254546,1567,s1,grip_v6
10254548,1557,s1,grip_v6
10254550,1584,s1,grip_v6
10254552,1580,s1,grip_v6
10254554,1623,s1,grip_v6
10254556,1600,s1,grip_v6
10254558,1622,s1,grip_v6
10254560,1535,s1,grip_v6
10254562,1535,s1,grip_v6
10254564,1511,s1,grip_v6
10254566,1508,s1,grip_v6
10254568,1499,s1,grip_v6
10254570,1535,s1,grip_v6
10254572,1535,s1,grip_v6
10254574,1638,s1,grip_v6
10254576,1647,s1,grip_v6
10254578,1635,s1,grip_v6
10254580,1644,s1,grip_v6
10254582,1623,s1,grip_v6
10254584,1716,s1,grip_v6
10254586,1744,s1,grip_v6
10254588,1727,s1,grip_v6
10254590,1805,s1,grip_v6
10254592,1801,s1,grip_v6
10254594,1725,s1,grip_v6
10254596,1762,s1,grip_v6
10254598,1739,s1,grip_v6
10254600,1727,s1,grip_v6
10254602,1725,s1,grip_v6
10254604,1785,s1,grip_v6
10254606,1744,s1,grip_v6
10254608,1758,s1,grip_v6
10254610,1698,s1,grip_v6
10254612,1729,s1,grip_v6
10254614,1712,s1,grip_v6
10254616,1684,s1,grip_v6
10254618,1647,s1,grip_v6
10254620,1679,s1,grip_v6
10254622,1702,s1,grip_v6
10254624,1721,s1,grip_v6
10254626,1727,s1,grip_v6
10254628,1728,s1,grip_v6
10254630,1715,s1,grip_v6
10254632,1779,s1,grip_v6
10254634,1792,s1,grip_v6
10254636,1755,s1,grip_v6
10263660,1811,s1,grip_v6
10263662,1802,s1,grip_v6
10263664,1719,s1,grip_v6
10263666,1751,s1,grip_v6
10263668,1738,s1,grip_v6
10263670,1740,s1,grip_v6
10263672,1685,s1,grip_v6
10263674,1759,s1,grip_v6
10263676,1744,s1,grip_v6
10263678,1853,s1,grip_v6
10263680,1855,s1,grip_v6
10263682,1833,s1,grip_v6
10263684,1808,s1,grip_v6
10263686,1791,s1,grip_v6
10263688,1737,s1,grip_v6
10263690,1744,s1,grip_v6
10263692,1775,s1,grip_v6
10263694,1797,s1,grip_v6
10263696,1750,s1,grip_v6
10263698,1712,s1,grip_v6
10263700,1680,s1,grip_v6
10263702,1632,s1,grip_v6
10263704,1562,s1,grip_v6
10263706,1554,s1,grip_v6
10263708,1602,s1,grip_v6
10263710,1590,s1,grip_v6
10263712,1603,s1,grip_v6
10263714,1617,s1,grip_v6
10263716,1619,s1,grip_v6
10263718,1626,s1,grip_v6
10263720,1731,s1,grip_v6
10263722,1705,s1,grip_v6
10263724,1659,s1,grip_v6
10263726,1606,s1,grip_v6
10263728,1593,s1,grip_v6
10263730,1520,s1,grip_v6
10263732,1567,s1,grip_v6
10263734,1594,s1,grip_v6
10263736,1680,s1,grip_v6
10263738,1680,s1,grip_v6
10263740,1618,s1,grip_v6
10263742,1600,s1,grip_v6
10263744,1697,s1,grip_v6
10263746,1680,s1,grip_v6
10263748,1640,s1,grip_v6
10263750,1609,s1,grip_v6
10263752,1637,s1,grip_v6
10263754,1611,s1,grip_v6
10263756,1559,s1,grip_v6
10263758,1605,s1,grip_v6
10263760,1602,s1,grip_v6
10263762,1569,s1,grip_v6
10263764,1508,s1,grip_v6
10263766,1569,s1,grip_v6
10263768,1535,s1,grip_v6
10263770,1506,s1,grip_v6
10263772,1454,s1,grip_v6
10263774,1446,s1,grip_v6
10263776,1424,s1,grip_v6
10263778,1431,s1,grip_v6
10263780,1381,s1,grip_v6
10263782,1381,s1,grip_v6
10263784,1379,s1,grip_v6
10263786,1353,s1,grip_v6
10263788,1357,s1,grip_v6
10263790,1363,s1,grip_v6
10263792,1436,s1,grip_v6
10263794,1520,s1,grip_v6
10263796,1601,s1,grip_v6
10263798,1535,s1,grip_v6
10263800,1530,s1,grip_v6
10263802,1595,s1,grip_v6
10263804,1609,s1,grip_v6
10263806,1535,s1,grip_v6
10263808,1613,s1,grip_v6
10263810,1680,s1,grip_v6
10263812,1789,s1,grip_v6
10263814,1743,s1,grip_v6
10263816,1733,s1,grip_v6
10263818,1713,s1,grip_v6
10263820,1747,s1,grip_v6
10263822,1728,s1,grip_v6
10263824,1743,s1,grip_v6
10263826,1702,s1,grip_v6
10263828,1712,s1,grip_v6
10263830,1691,s1,grip_v6
10263832,1625,s1,grip_v6
10263834,1629,s1,grip_v6
10263836,1632,s1,grip_v6
10263838,1616,s1,grip_v6
10263840,1603,s1,grip_v6
10263842,1614,s1,grip_v6
10263844,1658,s1,grip_v6
10263846,1669,s1,grip_v6
10263848,1642,s1,grip_v6
10263850,1625,s1,grip_v6
10263852,1690,s1,grip_v6
10263854,1667,s1,grip_v6
10263856,1616,s1,grip_v6
10263858,1627,s1,grip_v6
10263860,1617,s1,grip_v6
10263862,1627,s1,grip_v6
10263864,1566,s1,grip_v6
10263866,1562,s1,grip_v6
10263868,1530,s1,grip_v6
10263870,1507,s1,grip_v6
10263872,1435,s1,grip_v6
10263874,1451,s1,grip_v6
10263876,1451,s1,grip_v6
10263878,1485,s1,grip_v6
10263880,1450,s1,grip_v6
10263882,1412,s1,grip_v6
10263884,1394,s1,grip_v6
10263886,1465,s1,grip_v6
10263888,1472,s1,grip_v6
10263890,1424,s1,grip_v6
10263892,1362,s1,grip_v6
10263894,1374,s1,grip_v6
10263896,1358,s1,grip_v6
10263898,1348,s1,grip_v6
10263900,1407,s1,grip_v6
10263902,1465,s1,grip_v6
10263904,1523,s1,grip_v6
10263906,1504,s1,grip_v6
10263908,1584,s1,grip_v6
10263910,1625,s1,grip_v6
10263912,1706,s1,grip_v6
10263914,1694,s1,grip_v6
10263916,1741,s1,grip_v6
10263918,1686,s1,grip_v6
10263920,1659,s1,grip_v6
10263922,1619,s1,grip_v6
10263924,1670,s1,grip_v6
10263926,1649,s1,grip_v6
10263928,1695,s1,grip_v6
10263930,1651,s1,grip_v6
10263932,1695,s1,grip_v6
10263934,1699,s1,grip_v6
10263936,1744,s1,grip_v6
10263938,1779,s1,grip_v6
10263940,1746,s1,grip_v6
10263942,1737,s1,grip_v6
10263944,1680,s1,grip_v6
10263946,1631,s1,grip_v6
10263948,1637,s1,grip_v6
10263950,1783,s1,grip_v6
10263952,1771,s1,grip_v6
10263954,1770,s1,grip_v6
10263956,1765,s1,grip_v6
10263958,1808,s1,grip_v6
10263960,1775,s1,grip_v6
10263962,1776,s1,grip_v6
10263964,1743,s1,grip_v6
10263966,1765,s1,grip_v6
10263968,1734,s1,grip_v6
10263970,1694,s1,grip_v6
10263972,1645,s1,grip_v6
10263974,1701,s1,grip_v6
10263976,1675,s1,grip_v6
10263978,1738,s1,grip_v6
10263980,1743,s1,grip_v6
10263982,1701,s1,grip_v6
10263984,1673,s1,grip_v6
10263986,1712,s1,grip_v6
10263988,1649,s1,grip_v6
10263990,1597,s1,grip_v6
10263992,1535,s1,grip_v6
10263994,1492,s1,grip_v6
10263996,1478,s1,grip_v6
10263998,1442,s1,grip_v6
10264000,1454,s1,grip_v6
10264002,1456,s1,grip_v6
10264004,1421,s1,grip_v6
10264006,1386,s1,grip_v6
10264008,1419,s1,grip_v6
10264010,1450,s1,grip_v6
10264012,1534,s1,grip_v6
10264014,1526,s1,grip_v6
10264016,1535,s1,grip_v6
10264018,1535,s1,grip_v6
10264020,1575,s1,grip_v6
10264022,1533,s1,grip_v6
10264024,1601,s1,grip_v6
10264026,1600,s1,grip_v6
10264028,1674,s1,grip_v6
10264030,1652,s1,grip_v6
10264032,1649,s1,grip_v6
10264034,1658,s1,grip_v6
10264036,1797,s1,grip_v6
10264038,1856,s1,grip_v6
10264040,1785,s1,grip_v6
10264042,1735,s1,grip_v6
10264044,1765,s1,grip_v6
10264046,1717,s1,grip_v6
10264048,1649,s1,grip_v6
10264050,1637,s1,grip_v6
10264052,1648,s1,grip_v6
10264054,1616,s1,grip_v6
10264056,1571,s1,grip_v6
10264058,1619,s1,grip_v6
10264060,1600,s1,grip_v6
10264062,1626,s1,grip_v6
10264064,1690,s1,grip_v6
10264066,1815,s1,grip_v6
10264068,1810,s1,grip_v6
10264070,1840,s1,grip_v6
10264072,1765,s1,grip_v6
10264074,1731,s1,grip_v6
10264076,1717,s1,grip_v6
10264078,1730,s1,grip_v6
10264080,1744,s1,grip_v6
10264082,1737,s1,grip_v6
10264084,1739,s1,grip_v6
10264086,1710,s1,grip_v6
10264088,1639,s1,grip_v6
10264090,1607,s1,grip_v6
10264092,1578,s1,grip_v6
10264094,1527,s1,grip_v6
10264096,1497,s1,grip_v6
10264098,1463,s1,grip_v6
10264100,1443,s1,grip_v6
10264102,1505,s1,grip_v6
10264104,1505,s1,grip_v6
10264106,1507,s1,grip_v6
10264108,1535,s1,grip_v6
10264110,1515,s1,grip_v6
10264112,1626,s1,grip_v6
10264114,1751,s1,grip_v6
10264116,1838,s1,grip_v6
10264118,1822,s1,grip_v6
10264120,1867,s1,grip_v6
10264122,1852,s1,grip_v6
10264124,1842,s1,grip_v6
10264126,1821,s1,grip_v6
10264128,1872,s1,grip_v6
10264130,1808,s1,grip_v6
10264132,1769,s1,grip_v6
10264134,1754,s1,grip_v6
10264136,1774,s1,grip_v6
10264138,1696,s1,grip_v6
10264140,1683,s1,grip_v6
10264142,1679,s1,grip_v6
10264144,1683,s1,grip_v6
10264146,1705,s1,grip_v6
10264148,1648,s1,grip_v6
10264150,1632,s1,grip_v6
10264152,1679,s1,grip_v6
10264154,1661,s1,grip_v6
10264156,1615,s1,grip_v6
10264158,1670,s1,grip_v6
10264160,1648,s1,grip_v6
10264162,1711,s1,grip_v6
10264164,1862,s1,grip_v6
10264166,1904,s1,grip_v6
10264168,1968,s1,grip_v6
10264170,2077,s1,grip_v6
10264172,2027,s1,grip_v6
10264174,2016,s1,grip_v6
10264176,2015,s1,grip_v6
10264178,2096,s1,grip_v6
10264180,2091,s1,grip_v6
10264182,2066,s1,grip_v6
10264184,2006,s1,grip_v6
10264186,2023,s1,grip_v6
10264188,1997,s1,grip_v6
10264190,1965,s1,grip_v6
10264192,1949,s1,grip_v6
10264194,1997,s1,grip_v6
10264196,2011,s1,grip_v6
10264198,1952,s1,grip_v6
10264200,1918,s1,grip_v6
10264202,1952,s1,grip_v6
10264204,1969,s1,grip_v6
10264206,1891,s1,grip_v6
10264208,1872,s1,grip_v6
10264210,1806,s1,grip_v6
10264212,1759,s1,grip_v6
10264214,1717,s1,grip_v6
10264216,1927,s1,grip_v6
10264218,1931,s1,grip_v6
10264220,1952,s1,grip_v6
10264222,1902,s1,grip_v6
10264224,1901,s1,grip_v6
10264226,1843,s1,grip_v6
10264228,1807,s1,grip_v6
10264230,1762,s1,grip_v6
10264232,1743,s1,grip_v6
10264234,1741,s1,grip_v6
10264236,1718,s1,grip_v6
10264238,1649,s1,grip_v6
10264240,1612,s1,grip_v6
10264242,1623,s1,grip_v6
10264244,1639,s1,grip_v6
10264246,1607,s1,grip_v6
10264248,1581,s1,grip_v6
10264250,1620,s1,grip_v6
10264252,1567,s1,grip_v6
10264254,1495,s1,grip_v6
10264256,1455,s1,grip_v6
10264258,1535,s1,grip_v6
10264260,1535,s1,grip_v6
10264262,1566,s1,grip_v6
10264264,1494,s1,grip_v6
10264266,1431,s1,grip_v6
10264268,1487,s1,grip_v6
10264270,1521,s1,grip_v6
10264272,1479,s1,grip_v6
10264274,1440,s1,grip_v6
10264276,1424,s1,grip_v6
10264278,1413,s1,grip_v6
10264280,1380,s1,grip_v6
10264282,1377,s1,grip_v6
10264284,1371,s1,grip_v6
10264286,1378,s1,grip_v6
10264288,1330,s1,grip_v6
10264290,1456,s1,grip_v6
10264292,1516,s1,grip_v6
10264294,1629,s1,grip_v6
10264296,1670,s1,grip_v6
10264298,1613,s1,grip_v6
10264300,1619,s1,grip_v6
10264302,1648,s1,grip_v6
10264304,1613,s1,grip_v6
10264306,1535,s1,grip_v6
10264308,1524,s1,grip_v6
10264310,1535,s1,grip_v6
10264312,1534,s1,grip_v6
10264314,1469,s1,grip_v6
10264316,1525,s1,grip_v6
10264318,1522,s1,grip_v6
10264320,1575,s1,grip_v6
10264322,1522,s1,grip_v6
10264324,1498,s1,grip_v6
10264326,1479,s1,grip_v6
10264328,1437,s1,grip_v6
10264330,1397,s1,grip_v6
10264332,1373,s1,grip_v6
10264334,1341,s1,grip_v6
10264336,1314,s1,grip_v6
10264338,1291,s1,grip_v6
10264340,1282,s1,grip_v6
10264342,1301,s1,grip_v6
10264344,1357,s1,grip_v6
10264346,1362,s1,grip_v6
10264348,1330,s1,grip_v6
10264350,1342,s1,grip_v6
10264352,1322,s1,grip_v6
10264354,1302,s1,grip_v6
10264356,1315,s1,grip_v6
10264358,1377,s1,grip_v6
10264360,1417,s1,grip_v6
10264362,1433,s1,grip_v6
10264364,1379,s1,grip_v6
10264366,1453,s1,grip_v6
10264368,1468,s1,grip_v6
10264370,1486,s1,grip_v6
10264372,1502,s1,grip_v6
10264374,1532,s1,grip_v6
10264376,1512,s1,grip_v6
10264378,1526,s1,grip_v6
10264380,1519,s1,grip_v6
10264382,1471,s1,grip_v6
10264384,1449,s1,grip_v6
10264386,1460,s1,grip_v6
10264388,1453,s1,grip_v6
10264390,1421,s1,grip_v6
10264392,1415,s1,grip_v6
10264394,1495,s1,grip_v6
10264396,1456,s1,grip_v6
10264398,1434,s1,grip_v6
10264400,1477,s1,grip_v6
10264402,1515,s1,grip_v6
10264404,1590,s1,grip_v6
10264406,1585,s1,grip_v6
10264408,1603,s1,grip_v6
10264410,1593,s1,grip_v6
10264412,1623,s1,grip_v6
10264414,1611,s1,grip_v6
10264416,1652,s1,grip_v6
10264418,1630,s1,grip_v6
10264420,1651,s1,grip_v6
10264422,1607,s1,grip_v6
10264424,1578,s1,grip_v6
10264426,1535,s1,grip_v6
10264428,1515,s1,grip_v6
10264430,1493,s1,grip_v6
10264432,1515,s1,grip_v6
10264434,1532,s1,grip_v6
10264436,1535,s1,grip_v6
10264438,1535,s1,grip_v6
10264440,1477,s1,grip_v6
10264442,1454,s1,grip_v6
10264444,1517,s1,grip_v6
10264446,1535,s1,grip_v6
10264448,1492,s1,grip_v6
10264450,1474,s1,grip_v6
10264452,1535,s1,grip_v6
10264454,1529,s1,grip_v6
10264456,1475,s1,grip_v6
10264458,1569,s1,grip_v6
10264460,1563,s1,grip_v6
10264462,1600,s1,grip_v6
10264464,1600,s1,grip_v6
10264466,1647,s1,grip_v6
10264468,1611,s1,grip_v6
10264470,1602,s1,grip_v6
10264472,1535,s1,grip_v6
10264474,1621,s1,grip_v6
10264476,1616,s1,grip_v6
10264478,1698,s1,grip_v6
10264480,1683,s1,grip_v6
10264482,1664,s1,grip_v6
10264484,1648,s1,grip_v6
10264486,1697,s1,grip_v6
10264488,1655,s1,grip_v6
10264490,1614,s1,grip_v6
10264492,1600,s1,grip_v6
10264494,1618,s1,grip_v6
10264496,1598,s1,grip_v6
10264498,1535,s1,grip_v6
10264500,1581,s1,grip_v6
10264502,1584,s1,grip_v6
10264504,1579,s1,grip_v6
10264506,1526,s1,grip_v6
10264508,1599,s1,grip_v6
10264510,1589,s1,grip_v6
10264512,1643,s1,grip_v6
10264514,1659,s1,grip_v6
10264516,1694,s1,grip_v6
10264518,1709,s1,grip_v6
10264520,1731,s1,grip_v6
10264522,1721,s1,grip_v6
10264524,1789,s1,grip_v6
10264526,1762,s1,grip_v6
10264528,1793,s1,grip_v6
10264530,1756,s1,grip_v6
10264532,1711,s1,grip_v6
10264534,1689,s1,grip_v6
10264536,1696,s1,grip_v6
10264538,1638,s1,grip_v6
10264540,1613,s1,grip_v6
10264542,1689,s1,grip_v6
10264544,1669,s1,grip_v6
10264546,1674,s1,grip_v6
10264548,1655,s1,grip_v6
10264550,1664,s1,grip_v6
10264552,1647,s1,grip_v6
10264554,1610,s1,grip_v6
10264556,1535,s1,grip_v6
10264558,1570,s1,grip_v6
10264560,1527,s1,grip_v6
10264562,1488,s1,grip_v6
10264564,1446,s1,grip_v6
10264566,1490,s1,grip_v6
10264568,1469,s1,grip_v6
10264570,1479,s1,grip_v6
10264572,1517,s1,grip_v6
10264574,1565,s1,grip_v6
10264576,1562,s1,grip_v6
10264578,1600,s1,grip_v6
10264580,1535,s1,grip_v6
10264582,1535,s1,grip_v6
10264584,1535,s1,grip_v6
10264586,1565,s1,grip_v6
10264588,1533,s1,grip_v6
10264590,1488,s1,grip_v6
10264592,1473,s1,grip_v6
10264594,1526,s1,grip_v6
10264596,1502,s1,grip_v6
10264598,1442,s1,grip_v6
10264600,1415,s1,grip_v6
10264602,1441,s1,grip_v6
10264604,1424,s1,grip_v6
10264606,1424,s1,grip_v6
10264608,1459,s1,grip_v6
10264610,1422,s1,grip_v6
10264612,1405,s1,grip_v6
10264614,1413,s1,grip_v6
10264616,1379,s1,grip_v6
10264618,1407,s1,grip_v6
10264620,1426,s1,grip_v6
10264622,1439,s1,grip_v6
10264624,1434,s1,grip_v6
10264626,1398,s1,grip_v6
10264628,1427,s1,grip_v6
10264630,1375,s1,grip_v6
10264632,1353,s1,grip_v6
10264634,1351,s1,grip_v6
10264636,1424,s1,grip_v6
10264638,1408,s1,grip_v6
10264640,1365,s1,grip_v6
10264642,1360,s1,grip_v6
10264644,1417,s1,grip_v6
10264646,1419,s1,grip_v6
10264648,1371,s1,grip_v6
10264650,1354,s1,grip_v6
10264652,1395,s1,grip_v6
10264654,1424,s1,grip_v6
10264656,1377,s1,grip_v6
10264658,1391,s1,grip_v6
10264660,1405,s1,grip_v6
10264662,1427,s1,grip_v6
10264664,1387,s1,grip_v6
10264666,1409,s1,grip_v6
10264668,1389,s1,grip_v6
10264670,1429,s1,grip_v6
10264672,1401,s1,grip_v6
10264674,1375,s1,grip_v6
10264676,1359,s1,grip_v6
10264678,1357,s1,grip_v6
10264680,1303,s1,grip_v6
10264682,1301,s1,grip_v6
10264684,1307,s1,grip_v6
10264686,1371,s1,grip_v6
10264688,1431,s1,grip_v6
10264690,1389,s1,grip_v6
10264692,1388,s1,grip_v6
10264694,1433,s1,grip_v6
10264696,1381,s1,grip_v6
10264698,1360,s1,grip_v6
10264700,1345,s1,grip_v6
10264702,1357,s1,grip_v6
10264704,1343,s1,grip_v6
10264706,1282,s1,grip_v6
10264708,1301,s1,grip_v6
10264710,1275,s1,grip_v6
10264712,1279,s1,grip_v6
10264714,1253,s1,grip_v6
10264716,1269,s1,grip_v6
10264718,1245,s1,grip_v6
10264720,1273,s1,grip_v6
10264722,1237,s1,grip_v6
10264724,1247,s1,grip_v6
10264726,1247,s1,grip_v6
10264728,1237,s1,grip_v6
10264730,1233,s1,grip_v6
10264732,1261,s1,grip_v6
10264734,1326,s1,grip_v6
10264736,1319,s1,grip_v6
10264738,1258,s1,grip_v6
10264740,1216,s1,grip_v6
10264742,1221,s1,grip_v6
10264744,1242,s1,grip_v6
10264746,1216,s1,grip_v6
10264748,1169,s1,grip_v6
10264750,1151,s1,grip_v6
10264752,1199,s1,grip_v6
10264754,1177,s1,grip_v6
10264756,1129,s1,grip_v6
10264758,1142,s1,grip_v6
10264760,1164,s1,grip_v6
10264762,1159,s1,grip_v6
10264764,1121,s1,grip_v6
10264766,1173,s1,grip_v6
10264768,1158,s1,grip_v6
10264770,1163,s1,grip_v6
10264772,1110,s1,grip_v6
10264774,1105,s1,grip_v6
10264776,1095,s1,grip_v6
10264778,1136,s1,grip_v6
10264780,1091,s1,grip_v6
10264782,1076,s1,grip_v6
10264784,1076,s1,grip_v6
10264786,1138,s1,grip_v6
10264788,1139,s1,grip_v6
10264790,1121,s1,grip_v6
10264792,1135,s1,grip_v6
10264794,1266,s1,grip_v6
10264796,1360,s1,grip_v6
10264798,1339,s1,grip_v6
10264800,1322,s1,grip_v6
10264802,1358,s1,grip_v6
10264804,1338,s1,grip_v6
10264806,1314,s1,grip_v6
10264808,1282,s1,grip_v6
10264810,1255,s1,grip_v6
10264812,1221,s1,grip_v6
10264814,1205,s1,grip_v6
10264816,1201,s1,grip_v6
10264818,1211,s1,grip_v6
10264820,1270,s1,grip_v6
10264822,1231,s1,grip_v6
10264824,1215,s1,grip_v6
10264826,1193,s1,grip_v6
10264828,1238,s1,grip_v6
10264830,1204,s1,grip_v6
10264832,1232,s1,grip_v6
10264834,1232,s1,grip_v6
10264836,1253,s1,grip_v6
10264838,1291,s1,grip_v6
10264840,1360,s1,grip_v6
10264842,1383,s1,grip_v6
10264844,1471,s1,grip_v6
10264846,1502,s1,grip_v6
10264848,1473,s1,grip_v6
10264850,1438,s1,grip_v6
10264852,1486,s1,grip_v6
10264854,1456,s1,grip_v6
10264856,1393,s1,grip_v6
10264858,1422,s1,grip_v6
10264860,1424,s1,grip_v6
10264862,1535,s1,grip_v6
10264864,1498,s1,grip_v6
10264866,1492,s1,grip_v6
10264868,1467,s1,grip_v6
10264870,1470,s1,grip_v6
10264872,1402,s1,grip_v6
10264874,1449,s1,grip_v6
10264876,1427,s1,grip_v6
10264878,1457,s1,grip_v6
10264880,1436,s1,grip_v6
10264882,1392,s1,grip_v6
10264884,1369,s1,grip_v6
10264886,1365,s1,grip_v6
10264888,1314,s1,grip_v6
10264890,1286,s1,grip_v6
10264892,1346,s1,grip_v6
10264894,1307,s1,grip_v6
10264896,1297,s1,grip_v6
10264898,1259,s1,grip_v6
10264900,1296,s1,grip_v6
10264902,1265,s1,grip_v6
10264904,1264,s1,grip_v6
10264906,1264,s1,grip_v6
10264908,1261,s1,grip_v6
10264910,1302,s1,grip_v6
10264912,1296,s1,grip_v6
10264914,1234,s1,grip_v6
10264916,1205,s1,grip_v6
10264918,1179,s1,grip_v6
10264920,1182,s1,grip_v6
10264922,1178,s1,grip_v6
10264924,1184,s1,grip_v6
10264926,1189,s1,grip_v6
10264928,1290,s1,grip_v6
10264930,1291,s1,grip_v6
10264932,1265,s1,grip_v6
10264934,1235,s1,grip_v6
10264936,1218,s1,grip_v6
10264938,1186,s1,grip_v6
10264940,1154,s1,grip_v6
10264942,1227,s1,grip_v6
10264944,1231,s1,grip_v6
10264946,1256,s1,grip_v6
10264948,1219,s1,grip_v6
10264950,1207,s1,grip_v6
10264952,1269,s1,grip_v6
10264954,1279,s1,grip_v6
10264956,1232,s1,grip_v6
10264958,1232,s1,grip_v6
10264960,1237,s1,grip_v6
10264962,1302,s1,grip_v6
10264964,1290,s1,grip_v6
10264966,1310,s1,grip_v6
10264968,1290,s1,grip_v6
10264970,1294,s1,grip_v6
10264972,1282,s1,grip_v6
10264974,1405,s1,grip_v6
10264976,1422,s1,grip_v6
10264978,1516,s1,grip_v6
10264980,1576,s1,grip_v6
10264982,1614,s1,grip_v6
10264984,1606,s1,grip_v6
10264986,1693,s1,grip_v6
10264988,1747,s1,grip_v6
10264990,1797,s1,grip_v6
10264992,1807,s1,grip_v6
10264994,1904,s1,grip_v6
10264996,1887,s1,grip_v6
10264998,1830,s1,grip_v6
10265000,1846,s1,grip_v6
10265002,1810,s1,grip_v6
10265004,1787,s1,grip_v6
10265006,1707,s1,grip_v6
10265008,1701,s1,grip_v6
10265010,1680,s1,grip_v6
10265012,1668,s1,grip_v6
10265014,1591,s1,grip_v6
10265016,1596,s1,grip_v6
10265018,1569,s1,grip_v6
10265020,1581,s1,grip_v6
10265022,1575,s1,grip_v6
10265024,1590,s1,grip_v6
10265026,1562,s1,grip_v6
10265028,1610,s1,grip_v6
10265030,1593,s1,grip_v6
10265032,1535,s1,grip_v6
10265034,1519,s1,grip_v6
10265036,1535,s1,grip_v6
10265038,1515,s1,grip_v6
10265040,1472,s1,grip_v6
10265042,1469,s1,grip_v6
10265044,1531,s1,grip_v6
10265046,1531,s1,grip_v6
10265048,1519,s1,grip_v6
10265050,1569,s1,grip_v6
10265052,1571,s1,grip_v6
10265054,1557,s1,grip_v6
10265056,1623,s1,grip_v6
10265058,1666,s1,grip_v6
10265060,1743,s1,grip_v6
10265062,1758,s1,grip_v6
10265064,1725,s1,grip_v6
10265066,1712,s1,grip_v6
10265068,1675,s1,grip_v6
10265070,1712,s1,grip_v6
10265072,1773,s1,grip_v6
10265074,1731,s1,grip_v6
10265076,1758,s1,grip_v6
10265078,1824,s1,grip_v6
10265080,1783,s1,grip_v6
10265082,1754,s1,grip_v6
10265084,1728,s1,grip_v6
10265086,1687,s1,grip_v6
10265088,1642,s1,grip_v6
10265090,1653,s1,grip_v6
10265092,1786,s1,grip_v6
10265094,1757,s1,grip_v6
10265096,1755,s1,grip_v6
10265098,1749,s1,grip_v6
10265100,1747,s1,grip_v6
10265102,1731,s1,grip_v6
10265104,1719,s1,grip_v6
10265106,1651,s1,grip_v6
10265108,1641,s1,grip_v6
10265110,1616,s1,grip_v6
10265112,1571,s1,grip_v6
10265114,1509,s1,grip_v6
10265116,1535,s1,grip_v6
10265118,1531,s1,grip_v6
10265120,1535,s1,grip_v6
10265122,1518,s1,grip_v6
10265124,1566,s1,grip_v6
10265126,1579,s1,grip_v6
10265128,1684,s1,grip_v6
10265130,1705,s1,grip_v6
10265132,1698,s1,grip_v6
10265134,1691,s1,grip_v6
10265136,1770,s1,grip_v6
10265138,1726,s1,grip_v6
10265140,1671,s1,grip_v6
10265142,1661,s1,grip_v6
10265144,1664,s1,grip_v6
10265146,1607,s1,grip_v6
10265148,1535,s1,grip_v6
10265150,1535,s1,grip_v6
10265152,1535,s1,grip_v6
10265154,1501,s1,grip_v6
10265156,1434,s1,grip_v6
10265158,1535,s1,grip_v6
10265160,1594,s1,grip_v6
10265162,1535,s1,grip_v6
10265164,1561,s1,grip_v6
10265166,1638,s1,grip_v6
10265168,1611,s1,grip_v6
10265170,1582,s1,grip_v6
10265172,1518,s1,grip_v6
10265174,1487,s1,grip_v6
10265176,1454,s1,grip_v6
10265178,1439,s1,grip_v6
10265180,1398,s1,grip_v6
10265182,1428,s1,grip_v6
10265184,1441,s1,grip_v6
10265186,1572,s1,grip_v6
10265188,1641,s1,grip_v6
10265190,1599,s1,grip_v6
10265192,1535,s1,grip_v6
10265194,1535,s1,grip_v6
10265196,1507,s1,grip_v6
10265198,1447,s1,grip_v6
10265200,1454,s1,grip_v6
10265202,1443,s1,grip_v6
10265204,1435,s1,grip_v6
10265206,1388,s1,grip_v6
10265208,1375,s1,grip_v6
10265210,1344,s1,grip_v6
10265212,1343,s1,grip_v6
10265214,1297,s1,grip_v6
10265216,1297,s1,grip_v6
10265218,1285,s1,grip_v6
10265220,1326,s1,grip_v6
10265222,1309,s1,grip_v6
10265224,1295,s1,grip_v6
10265226,1290,s1,grip_v6
10265228,1377,s1,grip_v6
10265230,1363,s1,grip_v6
10265232,1330,s1,grip_v6
10265234,1328,s1,grip_v6
10265236,1360,s1,grip_v6
10265238,1349,s1,grip_v6
10265240,1313,s1,grip_v6
10265242,1318,s1,grip_v6
10265244,1287,s1,grip_v6
10265246,1282,s1,grip_v6
10265248,1290,s1,grip_v6
10265250,1360,s1,grip_v6
10265252,1422,s1,grip_v6
10265254,1487,s1,grip_v6
10265256,1438,s1,grip_v6
10265258,1454,s1,grip_v6
10265260,1447,s1,grip_v6
10265262,1558,s1,grip_v6
10265264,1561,s1,grip_v6
10265266,1563,s1,grip_v6
10265268,1581,s1,grip_v6
10265270,1619,s1,grip_v6
10265272,1568,s1,grip_v6
10265274,1523,s1,grip_v6
10265276,1499,s1,grip_v6
10265278,1486,s1,grip_v6
10265280,1439,s1,grip_v6
10265282,1408,s1,grip_v6
10265284,1391,s1,grip_v6
10265286,1441,s1,grip_v6
10265288,1405,s1,grip_v6
10265290,1355,s1,grip_v6
10265292,1345,s1,grip_v6
10265294,1387,s1,grip_v6
10265296,1347,s1,grip_v6
10265298,1320,s1,grip_v6
10265300,1392,s1,grip_v6
10265302,1391,s1,grip_v6
10265304,1405,s1,grip_v6
10265306,1370,s1,grip_v6
10265308,1403,s1,grip_v6
10265310,1425,s1,grip_v6
10265312,1463,s1,grip_v6
10265314,1490,s1,grip_v6
10265316,1485,s1,grip_v6
10265318,1424,s1,grip_v6
10265320,1392,s1,grip_v6
10265322,1367,s1,grip_v6
10265324,1345,s1,grip_v6
10265326,1307,s1,grip_v6
10265328,1315,s1,grip_v6
10265330,1265,s1,grip_v6
10265332,1234,s1,grip_v6
10265334,1222,s1,grip_v6
10265336,1250,s1,grip_v6
10265338,1213,s1,grip_v6
10265340,1195,s1,grip_v6
10265342,1232,s1,grip_v6
10265344,1285,s1,grip_v6
10265346,1308,s1,grip_v6
10265348,1271,s1,grip_v6
10265350,1244,s1,grip_v6
10265352,1299,s1,grip_v6
10265354,1328,s1,grip_v6
10265356,1296,s1,grip_v6
10265358,1257,s1,grip_v6
10265360,1344,s1,grip_v6
10265362,1365,s1,grip_v6
10265364,1318,s1,grip_v6
10265366,1273,s1,grip_v6
10265368,1286,s1,grip_v6
10265370,1355,s1,grip_v6
10265372,1371,s1,grip_v6
10265374,1422,s1,grip_v6
10265376,1433,s1,grip_v6
10265378,1505,s1,grip_v6
10265380,1439,s1,grip_v6
10265382,1487,s1,grip_v6
10265384,1617,s1,grip_v6
10265386,1643,s1,grip_v6
10265388,1695,s1,grip_v6
10265390,1666,s1,grip_v6
10265392,1642,s1,grip_v6
10265394,1651,s1,grip_v6
10265396,1644,s1,grip_v6
10265398,1587,s1,grip_v6
10265400,1590,s1,grip_v6
10265402,1578,s1,grip_v6
10265404,1556,s1,grip_v6
10265406,1486,s1,grip_v6
10265408,1523,s1,grip_v6
10265410,1535,s1,grip_v6
10265412,1563,s1,grip_v6
10265414,1506,s1,grip_v6
10265416,1525,s1,grip_v6
10265418,1509,s1,grip_v6
10265420,1534,s1,grip_v6
10265422,1513,s1,grip_v6
10265424,1527,s1,grip_v6
10265426,1535,s1,grip_v6
10265428,1636,s1,grip_v6
10265430,1657,s1,grip_v6
10265432,1611,s1,grip_v6
10265434,1607,s1,grip_v6
10265436,1706,s1,grip_v6
10265438,1778,s1,grip_v6
10265440,1747,s1,grip_v6
10265442,1706,s1,grip_v6
10265444,1701,s1,grip_v6
10265446,1696,s1,grip_v6
10265448,1663,s1,grip_v6
10265450,1680,s1,grip_v6
10265452,1739,s1,grip_v6
10265454,1767,s1,grip_v6
10265456,1706,s1,grip_v6
10265458,1659,s1,grip_v6
10265460,1630,s1,grip_v6
10265462,1598,s1,grip_v6
10265464,1562,s1,grip_v6
10265466,1589,s1,grip_v6
10265468,1599,s1,grip_v6
10265470,1597,s1,grip_v6
10265472,1602,s1,grip_v6
10265474,1600,s1,grip_v6
10265476,1579,s1,grip_v6
10265478,1653,s1,grip_v6
10265480,1645,s1,grip_v6
10265482,1591,s1,grip_v6
10265484,1567,s1,grip_v6
10265486,1587,s1,grip_v6
10265488,1600,s1,grip_v6
10265490,1555,s1,grip_v6
10265492,1535,s1,grip_v6
10265494,1605,s1,grip_v6
10265496,1598,s1,grip_v6
10265498,1523,s1,grip_v6
10265500,1519,s1,grip_v6
10265502,1516,s1,grip_v6
10265504,1472,s1,grip_v6
10265506,1410,s1,grip_v6
10265508,1471,s1,grip_v6
10265510,1463,s1,grip_v6
10265512,1457,s1,grip_v6
10265514,1454,s1,grip_v6
10265516,1489,s1,grip_v6
10265518,1471,s1,grip_v6
10265520,1498,s1,grip_v6
10265522,1455,s1,grip_v6
10265524,1427,s1,grip_v6
10265526,1407,s1,grip_v6
10265528,1414,s1,grip_v6
10265530,1377,s1,grip_v6
10265532,1354,s1,grip_v6
10265534,1331,s1,grip_v6
10265536,1306,s1,grip_v6
10265538,1249,s1,grip_v6
10265540,1204,s1,grip_v6
10265542,1234,s1,grip_v6
10265544,1223,s1,grip_v6
10265546,1239,s1,grip_v6
10265548,1278,s1,grip_v6
10265550,1371,s1,grip_v6
10265552,1371,s1,grip_v6
10265554,1392,s1,grip_v6
10265556,1410,s1,grip_v6
10265558,1503,s1,grip_v6
10265560,1505,s1,grip_v6
10265562,1579,s1,grip_v6
10265564,1555,s1,grip_v6
10265566,1535,s1,grip_v6
10265568,1510,s1,grip_v6
10265570,1507,s1,grip_v6
10265572,1470,s1,grip_v6
10265574,1445,s1,grip_v6
10265576,1441,s1,grip_v6
10265578,1515,s1,grip_v6
10265580,1452,s1,grip_v6
10265582,1422,s1,grip_v6
10265584,1469,s1,grip_v6
10265586,1505,s1,grip_v6
10265588,1568,s1,grip_v6
10265590,1632,s1,grip_v6
10265592,1659,s1,grip_v6
10265594,1648,s1,grip_v6
10265596,1630,s1,grip_v6
10265598,1589,s1,grip_v6
10265600,1627,s1,grip_v6
10265602,1600,s1,grip_v6
10265604,1616,s1,grip_v6
10265606,1715,s1,grip_v6
10265608,1783,s1,grip_v6
10265610,1830,s1,grip_v6
10265612,1941,s1,grip_v6
10265614,1954,s1,grip_v6
10265616,1938,s1,grip_v6
10265618,1907,s1,grip_v6
10265620,1930,s1,grip_v6
10265622,1895,s1,grip_v6
10265624,1906,s1,grip_v6
10265626,1885,s1,grip_v6
10265628,1978,s1,grip_v6
10265630,1969,s1,grip_v6
10265632,1925,s1,grip_v6
10265634,1905,s1,grip_v6
10265636,1975,s1,grip_v6
10265638,1979,s1,grip_v6
10265640,1895,s1,grip_v6
10265642,1841,s1,grip_v6
10265644,1842,s1,grip_v6
10265646,1813,s1,grip_v6
10265648,1735,s1,grip_v6
10265650,1711,s1,grip_v6
10265652,1728,s1,grip_v6
10265654,1750,s1,grip_v6
10265656,1699,s1,grip_v6
10265658,1677,s1,grip_v6
10265660,1626,s1,grip_v6
10265662,1659,s1,grip_v6
10265664,1641,s1,grip_v6
10265666,1590,s1,grip_v6
10265668,1615,s1,grip_v6
10265670,1694,s1,grip_v6
10265672,1651,s1,grip_v6
10265674,1615,s1,grip_v6
10265676,1559,s1,grip_v6
10265678,1535,s1,grip_v6
10265680,1488,s1,grip_v6
10265682,1488,s1,grip_v6
10265684,1599,s1,grip_v6
10265686,1575,s1,grip_v6
10265688,1535,s1,grip_v6
10265690,1504,s1,grip_v6
10265692,1507,s1,grip_v6
10265694,1479,s1,grip_v6
10265696,1429,s1,grip_v6
10265698,1362,s1,grip_v6
10265700,1387,s1,grip_v6
10265702,1367,s1,grip_v6
10265704,1390,s1,grip_v6
10265706,1334,s1,grip_v6
10265708,1345,s1,grip_v6
10265710,1327,s1,grip_v6
10265712,1329,s1,grip_v6
10265714,1334,s1,grip_v6
10265716,1383,s1,grip_v6
10265718,1360,s1,grip_v6
10265720,1396,s1,grip_v6
10265722,1375,s1,grip_v6
10265724,1391,s1,grip_v6
10265726,1370,s1,grip_v6
10265728,1427,s1,grip_v6
10265730,1409,s1,grip_v6
10265732,1411,s1,grip_v6
10265734,1438,s1,grip_v6
10265736,1509,s1,grip_v6
10265738,1535,s1,grip_v6
10265740,1516,s1,grip_v6
10265742,1567,s1,grip_v6
10265744,1577,s1,grip_v6
10265746,1601,s1,grip_v6
10265748,1577,s1,grip_v6
10265750,1535,s1,grip_v6
10265752,1510,s1,grip_v6
10265754,1469,s1,grip_v6
10265756,1472,s1,grip_v6
10265758,1499,s1,grip_v6
10265760,1466,s1,grip_v6
10265762,1461,s1,grip_v6
10265764,1408,s1,grip_v6
10265766,1414,s1,grip_v6
10265768,1403,s1,grip_v6
10265770,1470,s1,grip_v6
10265772,1444,s1,grip_v6
10265774,1407,s1,grip_v6
10265776,1381,s1,grip_v6
10265778,1452,s1,grip_v6
10265780,1399,s1,grip_v6
10265782,1349,s1,grip_v6
10265784,1332,s1,grip_v6
10265786,1334,s1,grip_v6
10265788,1333,s1,grip_v6
10265790,1310,s1,grip_v6
10265792,1310,s1,grip_v6
10265794,1341,s1,grip_v6
10265796,1354,s1,grip_v6
10265798,1318,s1,grip_v6
10265800,1297,s1,grip_v6
10265802,1287,s1,grip_v6
10265804,1302,s1,grip_v6
10265806,1285,s1,grip_v6
10265808,1355,s1,grip_v6
10265810,1345,s1,grip_v6
10265812,1439,s1,grip_v6
10265814,1556,s1,grip_v6
10265816,1601,s1,grip_v6
10265818,1603,s1,grip_v6
10265820,1698,s1,grip_v6
10265822,1707,s1,grip_v6
10265824,1715,s1,grip_v6
10265826,1744,s1,grip_v6
10265828,1693,s1,grip_v6
10265830,1696,s1,grip_v6
10265832,1761,s1,grip_v6
10265834,1763,s1,grip_v6
10265836,1791,s1,grip_v6
10265838,1765,s1,grip_v6
10265840,1701,s1,grip_v6
10265842,1665,s1,grip_v6
10265844,1653,s1,grip_v6
10265846,1598,s1,grip_v6
10265848,1520,s1,grip_v6
10265850,1533,s1,grip_v6
10265852,1535,s1,grip_v6
10265854,1520,s1,grip_v6
10265856,1475,s1,grip_v6
10265858,1469,s1,grip_v6
10265860,1417,s1,grip_v6
10265862,1428,s1,grip_v6
10265864,1470,s1,grip_v6
10265866,1535,s1,grip_v6
10265868,1535,s1,grip_v6
10265870,1649,s1,grip_v6
10265872,1675,s1,grip_v6
10265874,1638,s1,grip_v6
10265876,1612,s1,grip_v6
10265878,1633,s1,grip_v6
10265880,1587,s1,grip_v6
10265882,1535,s1,grip_v6
10265884,1557,s1,grip_v6
10265886,1535,s1,grip_v6
10265888,1589,s1,grip_v6
10265890,1535,s1,grip_v6
10265892,1511,s1,grip_v6
10265894,1572,s1,grip_v6
10265896,1535,s1,grip_v6
10265898,1558,s1,grip_v6
10265900,1597,s1,grip_v6
10265902,1569,s1,grip_v6
10265904,1527,s1,grip_v6
10265906,1475,s1,grip_v6
10265908,1434,s1,grip_v6
10265910,1424,s1,grip_v6
10265912,1426,s1,grip_v6
10265914,1424,s1,grip_v6
10265916,1413,s1,grip_v6
10265918,1395,s1,grip_v6
10265920,1414,s1,grip_v6
10265922,1358,s1,grip_v6
10265924,1344,s1,grip_v6
10265926,1362,s1,grip_v6
10265928,1391,s1,grip_v6
10265930,1393,s1,grip_v6
10265932,1385,s1,grip_v6
10265934,1382,s1,grip_v6
10265936,1453,s1,grip_v6
10265938,1445,s1,grip_v6
10265940,1392,s1,grip_v6
10265942,1401,s1,grip_v6
10265944,1407,s1,grip_v6
10265946,1407,s1,grip_v6
10265948,1396,s1,grip_v6
10265950,1453,s1,grip_v6
10265952,1495,s1,grip_v6
10265954,1535,s1,grip_v6
10265956,1490,s1,grip_v6
10265958,1476,s1,grip_v6
10265960,1478,s1,grip_v6
10265962,1578,s1,grip_v6
10265964,1535,s1,grip_v6
10265966,1523,s1,grip_v6
10265968,1503,s1,grip_v6
10265970,1495,s1,grip_v6
10265972,1456,s1,grip_v6
10265974,1442,s1,grip_v6
10265976,1456,s1,grip_v6
10265978,1443,s1,grip_v6
10265980,1392,s1,grip_v6
10265982,1359,s1,grip_v6
10265984,1354,s1,grip_v6
10265986,1344,s1,grip_v6
10265988,1287,s1,grip_v6
10265990,1245,s1,grip_v6
10265992,1303,s1,grip_v6
10265994,1311,s1,grip_v6
10265996,1322,s1,grip_v6
10265998,1277,s1,grip_v6
10266000,1283,s1,grip_v6
10266002,1291,s1,grip_v6
10266004,1331,s1,grip_v6
10266006,1285,s1,grip_v6
10266008,1344,s1,grip_v6
10266010,1334,s1,grip_v6
10266012,1405,s1,grip_v6
10266014,1501,s1,grip_v6
10266016,1520,s1,grip_v6
10266018,1488,s1,grip_v6
10266020,1535,s1,grip_v6
10266022,1513,s1,grip_v6
10266024,1467,s1,grip_v6
10266026,1437,s1,grip_v6
10266028,1483,s1,grip_v6
10266030,1426,s1,grip_v6
10266032,1380,s1,grip_v6
10266034,1401,s1,grip_v6
10266036,1488,s1,grip_v6
10266038,1459,s1,grip_v6
10266040,1443,s1,grip_v6
10266042,1459,s1,grip_v6
10266044,1509,s1,grip_v6
10266046,1535,s1,grip_v6
10266048,1494,s1,grip_v6
10266050,1509,s1,grip_v6
10266052,1489,s1,grip_v6
10266054,1485,s1,grip_v6
10266056,1431,s1,grip_v6
10266058,1444,s1,grip_v6
10266060,1408,s1,grip_v6
10266062,1394,s1,grip_v6
10266064,1359,s1,grip_v6
10266066,1358,s1,grip_v6
10266068,1378,s1,grip_v6
10266070,1333,s1,grip_v6
10266072,1328,s1,grip_v6
10266074,1332,s1,grip_v6
10266076,1307,s1,grip_v6
10266078,1366,s1,grip_v6
10266080,1353,s1,grip_v6
10266082,1304,s1,grip_v6
10266084,1308,s1,grip_v6
10266086,1378,s1,grip_v6
10266088,1406,s1,grip_v6
10266090,1360,s1,grip_v6
10266092,1380,s1,grip_v6
10266094,1389,s1,grip_v6
10266096,1391,s1,grip_v6
10266098,1344,s1,grip_v6
10266100,1341,s1,grip_v6
10266102,1403,s1,grip_v6
10266104,1387,s1,grip_v6
10266106,1340,s1,grip_v6
10266108,1357,s1,grip_v6
10266110,1389,s1,grip_v6
10266112,1469,s1,grip_v6
10266114,1439,s1,grip_v6
10266116,1401,s1,grip_v6
10266118,1373,s1,grip_v6
10266120,1430,s1,grip_v6
10266122,1379,s1,grip_v6
10266124,1376,s1,grip_v6
10266126,1377,s1,grip_v6
10266128,1456,s1,grip_v6
10266130,1535,s1,grip_v6
10266132,1495,s1,grip_v6
10266134,1462,s1,grip_v6
10266136,1520,s1,grip_v6
10266138,1505,s1,grip_v6
10266140,1473,s1,grip_v6
10266142,1488,s1,grip_v6
10266144,1472,s1,grip_v6
10266146,1488,s1,grip_v6
10266148,1523,s1,grip_v6
10266150,1571,s1,grip_v6
10266152,1616,s1,grip_v6
10266154,1651,s1,grip_v6
10266156,1616,s1,grip_v6
10266158,1637,s1,grip_v6
10266160,1614,s1,grip_v6
10266162,1654,s1,grip_v6
10266164,1605,s1,grip_v6
10266166,1568,s1,grip_v6
10266168,1583,s1,grip_v6
10266170,1639,s1,grip_v6
10266172,1631,s1,grip_v6
10266174,1626,s1,grip_v6
10266176,1597,s1,grip_v6
10266178,1636,s1,grip_v6
10266180,1584,s1,grip_v6
10266182,1524,s1,grip_v6
10266184,1510,s1,grip_v6
10266186,1558,s1,grip_v6
10266188,1535,s1,grip_v6
10266190,1498,s1,grip_v6
10266192,1439,s1,grip_v6
10266194,1414,s1,grip_v6
10266196,1387,s1,grip_v6
10266198,1360,s1,grip_v6
10266200,1341,s1,grip_v6
10266202,1352,s1,grip_v6
10266204,1355,s1,grip_v6
10266206,1295,s1,grip_v6
10266208,1297,s1,grip_v6
10266210,1294,s1,grip_v6
10266212,1363,s1,grip_v6
10266214,1330,s1,grip_v6
10266216,1309,s1,grip_v6
10266218,1319,s1,grip_v6
10266220,1387,s1,grip_v6
10266222,1330,s1,grip_v6
10266224,1305,s1,grip_v6
10266226,1304,s1,grip_v6
10266228,1340,s1,grip_v6
10266230,1296,s1,grip_v6
10266232,1257,s1,grip_v6
10266234,1233,s1,grip_v6
10266236,1245,s1,grip_v6
10266238,1205,s1,grip_v6
10266240,1181,s1,grip_v6
10266242,1185,s1,grip_v6
10266244,1209,s1,grip_v6
10266246,1190,s1,grip_v6
10266248,1139,s1,grip_v6
10266250,1245,s1,grip_v6
10266252,1253,s1,grip_v6
10266254,1255,s1,grip_v6
10266256,1237,s1,grip_v6
10266258,1296,s1,grip_v6
10266260,1290,s1,grip_v6
10266262,1322,s1,grip_v6
10266264,1269,s1,grip_v6
10266266,1254,s1,grip_v6
10266268,1223,s1,grip_v6
10266270,1184,s1,grip_v6
10266272,1143,s1,grip_v6
10266274,1136,s1,grip_v6
10266276,1131,s1,grip_v6
10266278,1126,s1,grip_v6
10266280,1095,s1,grip_v6
10266282,1068,s1,grip_v6
10266284,1099,s1,grip_v6
10266286,1099,s1,grip_v6
10266288,1142,s1,grip_v6
10266290,1159,s1,grip_v6
10266292,1214,s1,grip_v6
10266294,1234,s1,grip_v6
10266296,1225,s1,grip_v6
10266298,1185,s1,grip_v6
10266300,1265,s1,grip_v6
10266302,1249,s1,grip_v6
10266304,1249,s1,grip_v6
10266306,1205,s1,grip_v6
10266308,1219,s1,grip_v6
10266310,1207,s1,grip_v6
10266312,1232,s1,grip_v6
10266314,1189,s1,grip_v6
10266316,1231,s1,grip_v6
10266318,1214,s1,grip_v6
10266320,1237,s1,grip_v6
10266322,1231,s1,grip_v6
10266324,1253,s1,grip_v6
10266326,1317,s1,grip_v6
10266328,1292,s1,grip_v6
10266330,1345,s1,grip_v6
10266332,1435,s1,grip_v6
10266334,1457,s1,grip_v6
10266336,1535,s1,grip_v6
10266338,1645,s1,grip_v6
10266340,1593,s1,grip_v6
10266342,1535,s1,grip_v6
10266344,1602,s1,grip_v6
10266346,1591,s1,grip_v6
10266348,1535,s1,grip_v6
10266350,1535,s1,grip_v6
10266352,1514,s1,grip_v6
10266354,1485,s1,grip_v6
10266356,1433,s1,grip_v6
10266358,1472,s1,grip_v6
10266360,1456,s1,grip_v6
10266362,1462,s1,grip_v6
10266364,1404,s1,grip_v6
10266366,1431,s1,grip_v6
10266368,1415,s1,grip_v6
10266370,1414,s1,grip_v6
10266372,1360,s1,grip_v6
10266374,1343,s1,grip_v6
10266376,1340,s1,grip_v6
10266378,1392,s1,grip_v6
10266380,1387,s1,grip_v6
10266382,1366,s1,grip_v6
10266384,1410,s1,grip_v6
10266386,1433,s1,grip_v6
10266388,1511,s1,grip_v6
10266390,1583,s1,grip_v6
10266392,1594,s1,grip_v6
10266394,1652,s1,grip_v6
10266396,1741,s1,grip_v6
10266398,1689,s1,grip_v6
10266400,1648,s1,grip_v6
10266402,1627,s1,grip_v6
10266404,1584,s1,grip_v6
10266406,1606,s1,grip_v6
10266408,1698,s1,grip_v6
10266410,1681,s1,grip_v6
10266412,1729,s1,grip_v6
10266414,1708,s1,grip_v6
10266416,1687,s1,grip_v6
10266418,1664,s1,grip_v6
10266420,1711,s1,grip_v6
10266422,1727,s1,grip_v6
10266424,1698,s1,grip_v6
10266426,1683,s1,grip_v6
10266428,1767,s1,grip_v6
10266430,1790,s1,grip_v6
10266432,1755,s1,grip_v6
10266434,1747,s1,grip_v6
10266436,1778,s1,grip_v6
10266438,1776,s1,grip_v6
10266440,1769,s1,grip_v6
10266442,1777,s1,grip_v6
10266444,1827,s1,grip_v6
10266446,1821,s1,grip_v6
10266448,1744,s1,grip_v6
10266450,1701,s1,grip_v6
10266452,1642,s1,grip_v6
10266454,1602,s1,grip_v6
10266456,1581,s1,grip_v6
10266458,1610,s1,grip_v6
10266460,1570,s1,grip_v6
10266462,1520,s1,grip_v6
10266464,1474,s1,grip_v6
10266466,1527,s1,grip_v6
10266468,1535,s1,grip_v6
10266470,1563,s1,grip_v6
10266472,1621,s1,grip_v6
10266474,1636,s1,grip_v6
10266476,1620,s1,grip_v6
10266478,1687,s1,grip_v6
10266480,1739,s1,grip_v6
10266482,1765,s1,grip_v6
10266484,1766,s1,grip_v6
10266486,1823,s1,grip_v6
10266488,1812,s1,grip_v6
10266490,1742,s1,grip_v6
10266492,1725,s1,grip_v6
10266494,1735,s1,grip_v6
10266496,1693,s1,grip_v6
10266498,1625,s1,grip_v6
10266500,1607,s1,grip_v6
10266502,1583,s1,grip_v6
10266504,1535,s1,grip_v6
10266506,1473,s1,grip_v6
10266508,1519,s1,grip_v6
10266510,1507,s1,grip_v6
10266512,1535,s1,grip_v6
10266514,1509,s1,grip_v6
10266516,1466,s1,grip_v6
10266518,1493,s1,grip_v6
10266520,1535,s1,grip_v6
10266522,1535,s1,grip_v6
10266524,1535,s1,grip_v6
10266526,1514,s1,grip_v6
10266528,1488,s1,grip_v6
10266530,1442,s1,grip_v6
10266532,1407,s1,grip_v6
10266534,1407,s1,grip_v6
10266536,1431,s1,grip_v6
10266538,1401,s1,grip_v6
10266540,1360,s1,grip_v6
10266542,1472,s1,grip_v6
10266544,1513,s1,grip_v6
10266546,1584,s1,grip_v6
10266548,1585,s1,grip_v6
10266550,1677,s1,grip_v6
10266552,1646,s1,grip_v6
10266554,1637,s1,grip_v6
10266556,1615,s1,grip_v6
10266558,1659,s1,grip_v6
10266560,1621,s1,grip_v6
10266562,1631,s1,grip_v6
10266564,1599,s1,grip_v6
10266566,1533,s1,grip_v6
10266568,1523,s1,grip_v6
10266570,1505,s1,grip_v6
10266572,1477,s1,grip_v6
10266574,1443,s1,grip_v6
10266576,1422,s1,grip_v6
10266578,1424,s1,grip_v6
10266580,1378,s1,grip_v6
10266582,1328,s1,grip_v6
10266584,1312,s1,grip_v6
10266586,1270,s1,grip_v6
10266588,1232,s1,grip_v6
10266590,1189,s1,grip_v6
10266592,1258,s1,grip_v6
10266594,1259,s1,grip_v6
10266596,1265,s1,grip_v6
10266598,1216,s1,grip_v6
10266600,1231,s1,grip_v6
10266602,1233,s1,grip_v6
10266604,1264,s1,grip_v6
10266606,1219,s1,grip_v6
10266608,1249,s1,grip_v6
10266610,1260,s1,grip_v6
10266612,1296,s1,grip_v6
10266614,1327,s1,grip_v6
10266616,1343,s1,grip_v6
10266618,1311,s1,grip_v6
10266620,1306,s1,grip_v6
10266622,1282,s1,grip_v6
10266624,1258,s1,grip_v6
10266626,1227,s1,grip_v6
10266628,1227,s1,grip_v6
10266630,1203,s1,grip_v6
10266632,1168,s1,grip_v6
10266634,1175,s1,grip_v6
10266636,1194,s1,grip_v6
10266638,1190,s1,grip_v6
10266640,1154,s1,grip_v6
10266642,1258,s1,grip_v6
10266644,1263,s1,grip_v6
10266646,1339,s1,grip_v6
10266648,1397,s1,grip_v6
10266650,1449,s1,grip_v6
10266652,1425,s1,grip_v6
10266654,1411,s1,grip_v6
