t_ms,raw,subject,gesture
10178604,1744,s1,grip_sustained10s
10178606,1729,s1,grip_sustained10s
10178608,1709,s1,grip_sustained10s
10178610,1727,s1,grip_sustained10s
10178612,1743,s1,grip_sustained10s
10178614,1735,s1,grip_sustained10s
10178616,1702,s1,grip_sustained10s
10178618,1741,s1,grip_sustained10s
10178620,1737,s1,grip_sustained10s
10178622,1743,s1,grip_sustained10s
10178624,1702,s1,grip_sustained10s
10178626,1744,s1,grip_sustained10s
10178628,1727,s1,grip_sustained10s
10178630,1744,s1,grip_sustained10s
10178632,1703,s1,grip_sustained10s
10178634,1744,s1,grip_sustained10s
10178636,1719,s1,grip_sustained10s
10178638,1748,s1,grip_sustained10s
10178640,1717,s1,grip_sustained10s
10178642,1742,s1,grip_sustained10s
10178644,1713,s1,grip_sustained10s
10178646,1745,s1,grip_sustained10s
10178648,1715,s1,grip_sustained10s
10178650,1715,s1,grip_sustained10s
10178652,1712,s1,grip_sustained10s
10178654,1746,s1,grip_sustained10s
10178656,1730,s1,grip_sustained10s
10178658,1712,s1,grip_sustained10s
10178660,1728,s1,grip_sustained10s
10178662,1741,s1,grip_sustained10s
10178664,1734,s1,grip_sustained10s
10178666,1696,s1,grip_sustained10s
10178668,1730,s1,grip_sustained10s
10178670,1728,s1,grip_sustained10s
10178672,1739,s1,grip_sustained10s
10178674,1695,s1,grip_sustained10s
10178676,1744,s1,grip_sustained10s
10178678,1719,s1,grip_sustained10s
10178680,1741,s1,grip_sustained10s
10178682,1699,s1,grip_sustained10s
10178684,1740,s1,grip_sustained10s
10178686,1712,s1,grip_sustained10s
10178688,1744,s1,grip_sustained10s
10178690,1709,s1,grip_sustained10s
10178692,1723,s1,grip_sustained10s
10178694,1712,s1,grip_sustained10s
10178696,1743,s1,grip_sustained10s
10178698,1713,s1,grip_sustained10s
10178700,1710,s1,grip_sustained10s
10178702,1711,s1,grip_sustained10s
10178704,1743,s1,grip_sustained10s
10178706,1728,s1,grip_sustained10s
10178708,1703,s1,grip_sustained10s
10178710,1719,s1,grip_sustained10s
10178712,1734,s1,grip_sustained10s
10178714,1728,s1,grip_sustained10s
10178716,1694,s1,grip_sustained10s
10178718,1732,s1,grip_sustained10s
10178720,1730,s1,grip_sustained10s
10178722,1738,s1,grip_sustained10s
10178724,1695,s1,grip_sustained10s
10178726,1744,s1,grip_sustained10s
10178728,1725,s1,grip_sustained10s
10178730,1744,s1,grip_sustained10s
10178732,1703,s1,grip_sustained10s
10178734,1744,s1,grip_sustained10s
10178736,1717,s1,grip_sustained10s
10178738,1751,s1,grip_sustained10s
10178740,1717,s1,grip_sustained10s
10178742,1730,s1,grip_sustained10s
10178744,1712,s1,grip_sustained10s
10178746,1746,s1,grip_sustained10s
10178748,1719,s1,grip_sustained10s
10178750,1717,s1,grip_sustained10s
10178752,1712,s1,grip_sustained10s
10178754,1745,s1,grip_sustained10s
10178756,1734,s1,grip_sustained10s
10178758,1710,s1,grip_sustained10s
10178760,1725,s1,grip_sustained10s
10178762,1735,s1,grip_sustained10s
10178764,1734,s1,grip_sustained10s
10178766,1699,s1,grip_sustained10s
10178768,1737,s1,grip_sustained10s
10178770,1732,s1,grip_sustained10s
10178772,1744,s1,grip_sustained10s
10178774,1695,s1,grip_sustained10s
10178776,1745,s1,grip_sustained10s
10178778,1726,s1,grip_sustained10s
10178780,1745,s1,grip_sustained10s
10178782,1711,s1,grip_sustained10s
10178784,1744,s1,grip_sustained10s
10178786,1714,s1,grip_sustained10s
10178788,1745,s1,grip_sustained10s
10178790,1718,s1,grip_sustained10s
10178792,1735,s1,grip_sustained10s
10178794,1711,s1,grip_sustained10s
10178796,1744,s1,grip_sustained10s
10178798,1721,s1,grip_sustained10s
10178800,1712,s1,grip_sustained10s
10178802,1713,s1,grip_sustained10s
10178804,1744,s1,grip_sustained10s
10178806,1731,s1,grip_sustained10s
10178808,1709,s1,grip_sustained10s
10178810,1725,s1,grip_sustained10s
10178812,1738,s1,grip_sustained10s
10178814,1736,s1,grip_sustained10s
10178816,1697,s1,grip_sustained10s
10178818,1741,s1,grip_sustained10s
10178820,1733,s1,grip_sustained10s
10178822,1745,s1,grip_sustained10s
10178824,1702,s1,grip_sustained10s
10178826,1745,s1,grip_sustained10s
10178828,1726,s1,grip_sustained10s
10178830,1744,s1,grip_sustained10s
10178832,1710,s1,grip_sustained10s
10178834,1743,s1,grip_sustained10s
10178836,1714,s1,grip_sustained10s
10178838,1745,s1,grip_sustained10s
10178840,1715,s1,grip_sustained10s
10178842,1732,s1,grip_sustained10s
10178844,1715,s1,grip_sustained10s
10178846,1744,s1,grip_sustained10s
10178848,1723,s1,grip_sustained10s
10178850,1711,s1,grip_sustained10s
10178852,1712,s1,grip_sustained10s
10178854,1744,s1,grip_sustained10s
10178856,1733,s1,grip_sustained10s
10178858,1703,s1,grip_sustained10s
10178860,1726,s1,grip_sustained10s
10178862,1734,s1,grip_sustained10s
10178864,1739,s1,grip_sustained10s
10178866,1695,s1,grip_sustained10s
10178868,1738,s1,grip_sustained10s
10178870,1729,s1,grip_sustained10s
10178872,1741,s1,grip_sustained10s
10178874,1695,s1,grip_sustained10s
10178876,1738,s1,grip_sustained10s
10178878,1719,s1,grip_sustained10s
10178880,1744,s1,grip_sustained10s
10178882,1701,s1,grip_sustained10s
10178884,1738,s1,grip_sustained10s
10178886,1712,s1,grip_sustained10s
10178888,1747,s1,grip_sustained10s
10178890,1715,s1,grip_sustained10s
10178892,1731,s1,grip_sustained10s
10178894,1711,s1,grip_sustained10s
10178896,1744,s1,grip_sustained10s
10178898,1722,s1,grip_sustained10s
10178900,1711,s1,grip_sustained10s
10178902,1713,s1,grip_sustained10s
10178904,1739,s1,grip_sustained10s
10178906,1731,s1,grip_sustained10s
10178908,1708,s1,grip_sustained10s
10178910,1727,s1,grip_sustained10s
10178912,1738,s1,grip_sustained10s
10178914,1733,s1,grip_sustained10s
10178916,1697,s1,grip_sustained10s
10178918,1740,s1,grip_sustained10s
10178920,1731,s1,grip_sustained10s
10178922,1746,s1,grip_sustained10s
10178924,1701,s1,grip_sustained10s
10178926,1745,s1,grip_sustained10s
10178928,1724,s1,grip_sustained10s
10178930,1745,s1,grip_sustained10s
10178932,1706,s1,grip_sustained10s
10178934,1739,s1,grip_sustained10s
10178936,1713,s1,grip_sustained10s
10178938,1747,s1,grip_sustained10s
10178940,1713,s1,grip_sustained10s
10178942,1730,s1,grip_sustained10s
10178944,1713,s1,grip_sustained10s
10178946,1744,s1,grip_sustained10s
10178948,1721,s1,grip_sustained10s
10178950,1712,s1,grip_sustained10s
10178952,1717,s1,grip_sustained10s
10178954,1744,s1,grip_sustained10s
10178956,1735,s1,grip_sustained10s
10178958,1706,s1,grip_sustained10s
10178960,1733,s1,grip_sustained10s
10178962,1741,s1,grip_sustained10s
10178964,1743,s1,grip_sustained10s
10178966,1700,s1,grip_sustained10s
10178968,1747,s1,grip_sustained10s
10178970,1735,s1,grip_sustained10s
10178972,1749,s1,grip_sustained10s
10178974,1702,s1,grip_sustained10s
10178976,1750,s1,grip_sustained10s
10178978,1727,s1,grip_sustained10s
10178980,1746,s1,grip_sustained10s
10178982,1711,s1,grip_sustained10s
10178984,1741,s1,grip_sustained10s
10178986,1723,s1,grip_sustained10s
10178988,1751,s1,grip_sustained10s
10178990,1723,s1,grip_sustained10s
10178992,1738,s1,grip_sustained10s
10178994,1718,s1,grip_sustained10s
10178996,1750,s1,grip_sustained10s
10178998,1730,s1,grip_sustained10s
10179000,1721,s1,grip_sustained10s
10179002,1724,s1,grip_sustained10s
10179004,1751,s1,grip_sustained10s
10179006,1740,s1,grip_sustained10s
10179008,1712,s1,grip_sustained10s
10179010,1743,s1,grip_sustained10s
10179012,1744,s1,grip_sustained10s
10179014,1743,s1,grip_sustained10s
10179016,1705,s1,grip_sustained10s
10179018,1744,s1,grip_sustained10s
10179020,1731,s1,grip_sustained10s
10179022,1747,s1,grip_sustained10s
10179024,1705,s1,grip_sustained10s
10179026,1747,s1,grip_sustained10s
10179028,1727,s1,grip_sustained10s
10179030,1750,s1,grip_sustained10s
10179032,1712,s1,grip_sustained10s
10179034,1744,s1,grip_sustained10s
10179036,1719,s1,grip_sustained10s
10179038,1754,s1,grip_sustained10s
10179040,1723,s1,grip_sustained10s
10179042,1730,s1,grip_sustained10s
10179044,1718,s1,grip_sustained10s
10179046,1747,s1,grip_sustained10s
10179048,1727,s1,grip_sustained10s
10179050,1715,s1,grip_sustained10s
10179052,1727,s1,grip_sustained10s
10179054,1745,s1,grip_sustained10s
10179056,1738,s1,grip_sustained10s
10179058,1712,s1,grip_sustained10s
10179060,1737,s1,grip_sustained10s
10179062,1744,s1,grip_sustained10s
10179064,1739,s1,grip_sustained10s
10179066,1705,s1,grip_sustained10s
10179068,1748,s1,grip_sustained10s
10179070,1735,s1,grip_sustained10s
10179072,1749,s1,grip_sustained10s
10179074,1710,s1,grip_sustained10s
10179076,1748,s1,grip_sustained10s
10179078,1728,s1,grip_sustained10s
10179080,1747,s1,grip_sustained10s
10179082,1712,s1,grip_sustained10s
10179084,1743,s1,grip_sustained10s
10179086,1716,s1,grip_sustained10s
10179088,1751,s1,grip_sustained10s
10179090,1727,s1,grip_sustained10s
10179092,1735,s1,grip_sustained10s
10179094,1719,s1,grip_sustained10s
10179096,1750,s1,grip_sustained10s
10179098,1729,s1,grip_sustained10s
10179100,1714,s1,grip_sustained10s
10179102,1724,s1,grip_sustained10s
10179104,1744,s1,grip_sustained10s
10179106,1735,s1,grip_sustained10s
10179108,1710,s1,grip_sustained10s
10179110,1735,s1,grip_sustained10s
10179112,1739,s1,grip_sustained10s
10179114,1737,s1,grip_sustained10s
10179116,1697,s1,grip_sustained10s
10179118,1744,s1,grip_sustained10s
10179120,1727,s1,grip_sustained10s
10179122,1745,s1,grip_sustained10s
10179124,1699,s1,grip_sustained10s
10179126,1745,s1,grip_sustained10s
10179128,1719,s1,grip_sustained10s
10179130,1744,s1,grip_sustained10s
10179132,1709,s1,grip_sustained10s
10179134,1739,s1,grip_sustained10s
10179136,1717,s1,grip_sustained10s
10179138,1749,s1,grip_sustained10s
10179140,1718,s1,grip_sustained10s
10179142,1728,s1,grip_sustained10s
10179144,1712,s1,grip_sustained10s
10179146,1748,s1,grip_sustained10s
10179148,1727,s1,grip_sustained10s
10179150,1709,s1,grip_sustained10s
10179152,1722,s1,grip_sustained10s
10179154,1743,s1,grip_sustained10s
10179156,1735,s1,grip_sustained10s
10179158,1707,s1,grip_sustained10s
10179160,1735,s1,grip_sustained10s
10179162,1735,s1,grip_sustained10s
10179164,1738,s1,grip_sustained10s
10179166,1694,s1,grip_sustained10s
10179168,1735,s1,grip_sustained10s
10179170,1728,s1,grip_sustained10s
10179172,1742,s1,grip_sustained10s
10179174,1701,s1,grip_sustained10s
10179176,1745,s1,grip_sustained10s
10179178,1722,s1,grip_sustained10s
10179180,1744,s1,grip_sustained10s
10179182,1711,s1,grip_sustained10s
10179184,1742,s1,grip_sustained10s
10179186,1714,s1,grip_sustained10s
10179188,1749,s1,grip_sustained10s
10179190,1727,s1,grip_sustained10s
10179192,1730,s1,grip_sustained10s
10179194,1716,s1,grip_sustained10s
10179196,1746,s1,grip_sustained10s
10179198,1728,s1,grip_sustained10s
10179200,1711,s1,grip_sustained10s
10179202,1718,s1,grip_sustained10s
10179204,1741,s1,grip_sustained10s
10179206,1732,s1,grip_sustained10s
10179208,1703,s1,grip_sustained10s
10179210,1730,s1,grip_sustained10s
10179212,1734,s1,grip_sustained10s
10179214,1734,s1,grip_sustained10s
10179216,1692,s1,grip_sustained10s
10179218,1742,s1,grip_sustained10s
10179220,1727,s1,grip_sustained10s
10179222,1745,s1,grip_sustained10s
10179224,1700,s1,grip_sustained10s
10179226,1743,s1,grip_sustained10s
10179228,1719,s1,grip_sustained10s
10179230,1744,s1,grip_sustained10s
10179232,1707,s1,grip_sustained10s
10179234,1742,s1,grip_sustained10s
10179236,1712,s1,grip_sustained10s
10179238,1747,s1,grip_sustained10s
10179240,1722,s1,grip_sustained10s
10179242,1722,s1,grip_sustained10s
10179244,1712,s1,grip_sustained10s
10179246,1744,s1,grip_sustained10s
10179248,1727,s1,grip_sustained10s
10179250,1711,s1,grip_sustained10s
10179252,1726,s1,grip_sustained10s
10179254,1744,s1,grip_sustained10s
10179256,1738,s1,grip_sustained10s
10179258,1703,s1,grip_sustained10s
10179260,1734,s1,grip_sustained10s
10179262,1734,s1,grip_sustained10s
10179264,1741,s1,grip_sustained10s
10179266,1694,s1,grip_sustained10s
10179268,1745,s1,grip_sustained10s
10179270,1733,s1,grip_sustained10s
10179272,1744,s1,grip_sustained10s
10179274,1706,s1,grip_sustained10s
10179276,1744,s1,grip_sustained10s
10179278,1723,s1,grip_sustained10s
10179280,1747,s1,grip_sustained10s
10179282,1712,s1,grip_sustained10s
10179284,1735,s1,grip_sustained10s
10179286,1712,s1,grip_sustained10s
10179288,1744,s1,grip_sustained10s
10179290,1717,s1,grip_sustained10s
10179292,1724,s1,grip_sustained10s
10179294,1712,s1,grip_sustained10s
10179296,1740,s1,grip_sustained10s
10179298,1727,s1,grip_sustained10s
10179300,1707,s1,grip_sustained10s
10179302,1723,s1,grip_sustained10s
10179304,1740,s1,grip_sustained10s
10179306,1735,s1,grip_sustained10s
10179308,1703,s1,grip_sustained10s
10179310,1735,s1,grip_sustained10s
10179312,1732,s1,grip_sustained10s
10179314,1737,s1,grip_sustained10s
10179316,1694,s1,grip_sustained10s
10179318,1744,s1,grip_sustained10s
10179320,1730,s1,grip_sustained10s
10179322,1747,s1,grip_sustained10s
10179324,1707,s1,grip_sustained10s
10179326,1746,s1,grip_sustained10s
10179328,1728,s1,grip_sustained10s
10179330,1745,s1,grip_sustained10s
10179332,1713,s1,grip_sustained10s
10179334,1739,s1,grip_sustained10s
10179336,1717,s1,grip_sustained10s
10179338,1750,s1,grip_sustained10s
10179340,1725,s1,grip_sustained10s
10179342,1727,s1,grip_sustained10s
10179344,1715,s1,grip_sustained10s
10179346,1745,s1,grip_sustained10s
10179348,1732,s1,grip_sustained10s
10179350,1712,s1,grip_sustained10s
10179352,1729,s1,grip_sustained10s
10179354,1749,s1,grip_sustained10s
10179356,1744,s1,grip_sustained10s
10179358,1712,s1,grip_sustained10s
10179360,1744,s1,grip_sustained10s
10179362,1742,s1,grip_sustained10s
10179364,1745,s1,grip_sustained10s
10179366,1705,s1,grip_sustained10s
10179368,1744,s1,grip_sustained10s
10179370,1731,s1,grip_sustained10s
10179372,1753,s1,grip_sustained10s
10179374,1710,s1,grip_sustained10s
10179376,1749,s1,grip_sustained10s
10179378,1726,s1,grip_sustained10s
10179380,1746,s1,grip_sustained10s
10179382,1716,s1,grip_sustained10s
10179384,1744,s1,grip_sustained10s
10179386,1723,s1,grip_sustained10s
10179388,1755,s1,grip_sustained10s
10179390,1730,s1,grip_sustained10s
10179392,1731,s1,grip_sustained10s
10179394,1719,s1,grip_sustained10s
10179396,1749,s1,grip_sustained10s
10179398,1730,s1,grip_sustained10s
10179400,1712,s1,grip_sustained10s
10179402,1730,s1,grip_sustained10s
10179404,1745,s1,grip_sustained10s
10179406,1744,s1,grip_sustained10s
10179408,1712,s1,grip_sustained10s
10179410,1744,s1,grip_sustained10s
10179412,1738,s1,grip_sustained10s
10179414,1744,s1,grip_sustained10s
10179416,1699,s1,grip_sustained10s
10179418,1744,s1,grip_sustained10s
10179420,1729,s1,grip_sustained10s
10179422,1747,s1,grip_sustained10s
10179424,1707,s1,grip_sustained10s
10179426,1749,s1,grip_sustained10s
10179428,1722,s1,grip_sustained10s
10179430,1747,s1,grip_sustained10s
10179432,1713,s1,grip_sustained10s
10179434,1742,s1,grip_sustained10s
10179436,1715,s1,grip_sustained10s
10179438,1754,s1,grip_sustained10s
10179440,1726,s1,grip_sustained10s
10179442,1723,s1,grip_sustained10s
10179444,1717,s1,grip_sustained10s
10179446,1744,s1,grip_sustained10s
10179448,1727,s1,grip_sustained10s
10179450,1707,s1,grip_sustained10s
10179452,1728,s1,grip_sustained10s
10179454,1743,s1,grip_sustained10s
10179456,1741,s1,grip_sustained10s
10179458,1706,s1,grip_sustained10s
10179460,1735,s1,grip_sustained10s
10179462,1735,s1,grip_sustained10s
10179464,1743,s1,grip_sustained10s
10179466,1696,s1,grip_sustained10s
10179468,1744,s1,grip_sustained10s
10179470,1725,s1,grip_sustained10s
10179472,1750,s1,grip_sustained10s
10179474,1710,s1,grip_sustained10s
10179476,1745,s1,grip_sustained10s
10179478,1717,s1,grip_sustained10s
10179480,1744,s1,grip_sustained10s
10179482,1713,s1,grip_sustained10s
10179484,1738,s1,grip_sustained10s
10179486,1713,s1,grip_sustained10s
10179488,1752,s1,grip_sustained10s
10179490,1723,s1,grip_sustained10s
10179492,1723,s1,grip_sustained10s
10179494,1715,s1,grip_sustained10s
10179496,1743,s1,grip_sustained10s
10179498,1728,s1,grip_sustained10s
10179500,1706,s1,grip_sustained10s
10179502,1725,s1,grip_sustained10s
10179504,1743,s1,grip_sustained10s
10179506,1735,s1,grip_sustained10s
10179508,1705,s1,grip_sustained10s
10179510,1733,s1,grip_sustained10s
10179512,1731,s1,grip_sustained10s
10179514,1741,s1,grip_sustained10s
10179516,1695,s1,grip_sustained10s
10179518,1738,s1,grip_sustained10s
10179520,1721,s1,grip_sustained10s
10179522,1744,s1,grip_sustained10s
10179524,1703,s1,grip_sustained10s
10179526,1743,s1,grip_sustained10s
10179528,1718,s1,grip_sustained10s
10179530,1746,s1,grip_sustained10s
10179532,1712,s1,grip_sustained10s
10179534,1733,s1,grip_sustained10s
10179536,1715,s1,grip_sustained10s
10179538,1751,s1,grip_sustained10s
10179540,1728,s1,grip_sustained10s
10179542,1721,s1,grip_sustained10s
10179544,1715,s1,grip_sustained10s
10179546,1742,s1,grip_sustained10s
10179548,1723,s1,grip_sustained10s
10179550,1702,s1,grip_sustained10s
10179552,1725,s1,grip_sustained10s
10179554,1742,s1,grip_sustained10s
10179556,1742,s1,grip_sustained10s
10179558,1707,s1,grip_sustained10s
10179560,1741,s1,grip_sustained10s
10179562,1733,s1,grip_sustained10s
10179564,1743,s1,grip_sustained10s
10179566,1696,s1,grip_sustained10s
10179568,1744,s1,grip_sustained10s
10179570,1729,s1,grip_sustained10s
10179572,1746,s1,grip_sustained10s
10179574,1711,s1,grip_sustained10s
10179576,1744,s1,grip_sustained10s
10179578,1718,s1,grip_sustained10s
10179580,1746,s1,grip_sustained10s
10179582,1712,s1,grip_sustained10s
10179584,1733,s1,grip_sustained10s
10179586,1715,s1,grip_sustained10s
10179588,1751,s1,grip_sustained10s
10179590,1725,s1,grip_sustained10s
10179592,1722,s1,grip_sustained10s
10179594,1717,s1,grip_sustained10s
10179596,1744,s1,grip_sustained10s
10179598,1731,s1,grip_sustained10s
10179600,1709,s1,grip_sustained10s
10179602,1731,s1,grip_sustained10s
10179604,1743,s1,grip_sustained10s
10179606,1738,s1,grip_sustained10s
10179608,1701,s1,grip_sustained10s
10179610,1735,s1,grip_sustained10s
10179612,1730,s1,grip_sustained10s
10179614,1737,s1,grip_sustained10s
10179616,1694,s1,grip_sustained10s
10179618,1739,s1,grip_sustained10s
10179620,1723,s1,grip_sustained10s
10179622,1746,s1,grip_sustained10s
10179624,1710,s1,grip_sustained10s
10179626,1744,s1,grip_sustained10s
10179628,1717,s1,grip_sustained10s
10179630,1744,s1,grip_sustained10s
10179632,1712,s1,grip_sustained10s
10179634,1731,s1,grip_sustained10s
10179636,1712,s1,grip_sustained10s
10179638,1745,s1,grip_sustained10s
10179640,1722,s1,grip_sustained10s
10179642,1715,s1,grip_sustained10s
10179644,1717,s1,grip_sustained10s
10179646,1743,s1,grip_sustained10s
10179648,1728,s1,grip_sustained10s
10179650,1707,s1,grip_sustained10s
10179652,1728,s1,grip_sustained10s
10179654,1742,s1,grip_sustained10s
10179656,1743,s1,grip_sustained10s
10179658,1703,s1,grip_sustained10s
10179660,1742,s1,grip_sustained10s
10179662,1733,s1,grip_sustained10s
10179664,1740,s1,grip_sustained10s
10179666,1696,s1,grip_sustained10s
10179668,1744,s1,grip_sustained10s
10179670,1722,s1,grip_sustained10s
10179672,1745,s1,grip_sustained10s
10179674,1710,s1,grip_sustained10s
10179676,1744,s1,grip_sustained10s
10179678,1717,s1,grip_sustained10s
10179680,1745,s1,grip_sustained10s
10179682,1713,s1,grip_sustained10s
10179684,1728,s1,grip_sustained10s
10179686,1713,s1,grip_sustained10s
10179688,1750,s1,grip_sustained10s
10179690,1728,s1,grip_sustained10s
10179692,1722,s1,grip_sustained10s
10179694,1718,s1,grip_sustained10s
10179696,1744,s1,grip_sustained10s
10179698,1730,s1,grip_sustained10s
10179700,1709,s1,grip_sustained10s
10179702,1731,s1,grip_sustained10s
10179704,1744,s1,grip_sustained10s
10179706,1743,s1,grip_sustained10s
10179708,1705,s1,grip_sustained10s
10179710,1742,s1,grip_sustained10s
10179712,1731,s1,grip_sustained10s
10179714,1742,s1,grip_sustained10s
10179716,1698,s1,grip_sustained10s
10179718,1746,s1,grip_sustained10s
10179720,1726,s1,grip_sustained10s
10179722,1751,s1,grip_sustained10s
10179724,1712,s1,grip_sustained10s
10179726,1750,s1,grip_sustained10s
10179728,1722,s1,grip_sustained10s
10179730,1747,s1,grip_sustained10s
10179732,1717,s1,grip_sustained10s
10179734,1729,s1,grip_sustained10s
10179736,1713,s1,grip_sustained10s
10179738,1745,s1,grip_sustained10s
10179740,1728,s1,grip_sustained10s
10179742,1714,s1,grip_sustained10s
10179744,1719,s1,grip_sustained10s
10179746,1744,s1,grip_sustained10s
10179748,1731,s1,grip_sustained10s
10179750,1707,s1,grip_sustained10s
10179752,1730,s1,grip_sustained10s
10179754,1739,s1,grip_sustained10s
10179756,1735,s1,grip_sustained10s
10179758,1702,s1,grip_sustained10s
10179760,1738,s1,grip_sustained10s
10179762,1730,s1,grip_sustained10s
10179764,1738,s1,grip_sustained10s
10179766,1699,s1,grip_sustained10s
10179768,1744,s1,grip_sustained10s
10179770,1723,s1,grip_sustained10s
10179772,1744,s1,grip_sustained10s
10179774,1703,s1,grip_sustained10s
10179776,1742,s1,grip_sustained10s
10179778,1714,s1,grip_sustained10s
10179780,1743,s1,grip_sustained10s
10179782,1712,s1,grip_sustained10s
10179784,1727,s1,grip_sustained10s
10179786,1712,s1,grip_sustained10s
10179788,1746,s1,grip_sustained10s
10179790,1725,s1,grip_sustained10s
10179792,1717,s1,grip_sustained10s
10179794,1719,s1,grip_sustained10s
10179796,1744,s1,grip_sustained10s
10179798,1730,s1,grip_sustained10s
10179800,1709,s1,grip_sustained10s
10179802,1731,s1,grip_sustained10s
10179804,1739,s1,grip_sustained10s
10179806,1741,s1,grip_sustained10s
10179808,1698,s1,grip_sustained10s
10179810,1739,s1,grip_sustained10s
10179812,1728,s1,grip_sustained10s
10179814,1743,s1,grip_sustained10s
10179816,1697,s1,grip_sustained10s
10179818,1743,s1,grip_sustained10s
10179820,1725,s1,grip_sustained10s
10179822,1746,s1,grip_sustained10s
10179824,1710,s1,grip_sustained10s
10179826,1743,s1,grip_sustained10s
10179828,1717,s1,grip_sustained10s
10179830,1745,s1,grip_sustained10s
10179832,1713,s1,grip_sustained10s
10179834,1730,s1,grip_sustained10s
10179836,1713,s1,grip_sustained10s
10179838,1750,s1,grip_sustained10s
10179840,1726,s1,grip_sustained10s
10179842,1717,s1,grip_sustained10s
10179844,1715,s1,grip_sustained10s
10179846,1744,s1,grip_sustained10s
10179848,1733,s1,grip_sustained10s
10179850,1703,s1,grip_sustained10s
10179852,1731,s1,grip_sustained10s
10179854,1737,s1,grip_sustained10s
10179856,1743,s1,grip_sustained10s
10179858,1705,s1,grip_sustained10s
10179860,1742,s1,grip_sustained10s
10179862,1730,s1,grip_sustained10s
10179864,1738,s1,grip_sustained10s
10179866,1699,s1,grip_sustained10s
10179868,1744,s1,grip_sustained10s
10179870,1724,s1,grip_sustained10s
10179872,1748,s1,grip_sustained10s
10179874,1711,s1,grip_sustained10s
10179876,1745,s1,grip_sustained10s
10179878,1718,s1,grip_sustained10s
10179880,1745,s1,grip_sustained10s
10179882,1714,s1,grip_sustained10s
10179884,1729,s1,grip_sustained10s
10179886,1713,s1,grip_sustained10s
10179888,1750,s1,grip_sustained10s
10179890,1728,s1,grip_sustained10s
10179892,1715,s1,grip_sustained10s
10179894,1722,s1,grip_sustained10s
10179896,1741,s1,grip_sustained10s
10179898,1734,s1,grip_sustained10s
10179900,1701,s1,grip_sustained10s
10179902,1731,s1,grip_sustained10s
10179904,1739,s1,grip_sustained10s
10179906,1742,s1,grip_sustained10s
10179908,1698,s1,grip_sustained10s
10179910,1739,s1,grip_sustained10s
10179912,1728,s1,grip_sustained10s
10179914,1744,s1,grip_sustained10s
10179916,1696,s1,grip_sustained10s
10179918,1744,s1,grip_sustained10s
10179920,1725,s1,grip_sustained10s
10179922,1750,s1,grip_sustained10s
10179924,1712,s1,grip_sustained10s
10179926,1744,s1,grip_sustained10s
10179928,1715,s1,grip_sustained10s
10179930,1744,s1,grip_sustained10s
10179932,1715,s1,grip_sustained10s
10179934,1729,s1,grip_sustained10s
10179936,1713,s1,grip_sustained10s
10179938,1747,s1,grip_sustained10s
10179940,1728,s1,grip_sustained10s
10179942,1723,s1,grip_sustained10s
10179944,1718,s1,grip_sustained10s
10179946,1743,s1,grip_sustained10s
10179948,1731,s1,grip_sustained10s
10179950,1702,s1,grip_sustained10s
10179952,1734,s1,grip_sustained10s
10179954,1734,s1,grip_sustained10s
10179956,1738,s1,grip_sustained10s
10179958,1700,s1,grip_sustained10s
10179960,1743,s1,grip_sustained10s
10179962,1728,s1,grip_sustained10s
10179964,1744,s1,grip_sustained10s
10179966,1700,s1,grip_sustained10s
10179968,1743,s1,grip_sustained10s
10179970,1721,s1,grip_sustained10s
10179972,1746,s1,grip_sustained10s
10179974,1712,s1,grip_sustained10s
10179976,1744,s1,grip_sustained10s
10179978,1715,s1,grip_sustained10s
10179980,1745,s1,grip_sustained10s
10179982,1712,s1,grip_sustained10s
10179984,1723,s1,grip_sustained10s
10179986,1707,s1,grip_sustained10s
10179988,1745,s1,grip_sustained10s
10179990,1726,s1,grip_sustained10s
10179992,1712,s1,grip_sustained10s
10179994,1715,s1,grip_sustained10s
10179996,1743,s1,grip_sustained10s
10179998,1732,s1,grip_sustained10s
10180000,1702,s1,grip_sustained10s
10180002,1733,s1,grip_sustained10s
10180004,1742,s1,grip_sustained10s
10180006,1744,s1,grip_sustained10s
10180008,1701,s1,grip_sustained10s
10180010,1742,s1,grip_sustained10s
10180012,1729,s1,grip_sustained10s
10180014,1743,s1,grip_sustained10s
10180016,1701,s1,grip_sustained10s
10180018,1746,s1,grip_sustained10s
10180020,1725,s1,grip_sustained10s
10180022,1751,s1,grip_sustained10s
10180024,1710,s1,grip_sustained10s
10180026,1744,s1,grip_sustained10s
10180028,1718,s1,grip_sustained10s
10180030,1749,s1,grip_sustained10s
10180032,1715,s1,grip_sustained10s
10180034,1726,s1,grip_sustained10s
10180036,1714,s1,grip_sustained10s
10180038,1751,s1,grip_sustained10s
10180040,1728,s1,grip_sustained10s
10180042,1717,s1,grip_sustained10s
10180044,1725,s1,grip_sustained10s
10180046,1744,s1,grip_sustained10s
10180048,1732,s1,grip_sustained10s
10180050,1704,s1,grip_sustained10s
10180052,1734,s1,grip_sustained10s
10180054,1739,s1,grip_sustained10s
10180056,1743,s1,grip_sustained10s
10180058,1707,s1,grip_sustained10s
10180060,1744,s1,grip_sustained10s
10180062,1730,s1,grip_sustained10s
10180064,1744,s1,grip_sustained10s
10180066,1705,s1,grip_sustained10s
10180068,1745,s1,grip_sustained10s
10180070,1726,s1,grip_sustained10s
10180072,1754,s1,grip_sustained10s
10180074,1714,s1,grip_sustained10s
10180076,1750,s1,grip_sustained10s
10180078,1725,s1,grip_sustained10s
10180080,1753,s1,grip_sustained10s
10180082,1719,s1,grip_sustained10s
10180084,1728,s1,grip_sustained10s
10180086,1718,s1,grip_sustained10s
10180088,1751,s1,grip_sustained10s
10180090,1734,s1,grip_sustained10s
10180092,1721,s1,grip_sustained10s
10180094,1730,s1,grip_sustained10s
10180096,1743,s1,grip_sustained10s
10180098,1735,s1,grip_sustained10s
10180100,1709,s1,grip_sustained10s
10180102,1738,s1,grip_sustained10s
10180104,1740,s1,grip_sustained10s
10180106,1744,s1,grip_sustained10s
10180108,1703,s1,grip_sustained10s
10180110,1744,s1,grip_sustained10s
10180112,1728,s1,grip_sustained10s
10180114,1744,s1,grip_sustained10s
10180116,1698,s1,grip_sustained10s
10180118,1746,s1,grip_sustained10s
10180120,1724,s1,grip_sustained10s
10180122,1751,s1,grip_sustained10s
10180124,1715,s1,grip_sustained10s
10180126,1744,s1,grip_sustained10s
10180128,1721,s1,grip_sustained10s
10180130,1744,s1,grip_sustained10s
10180132,1723,s1,grip_sustained10s
10180134,1731,s1,grip_sustained10s
10180136,1719,s1,grip_sustained10s
10180138,1753,s1,grip_sustained10s
10180140,1735,s1,grip_sustained10s
10180142,1716,s1,grip_sustained10s
10180144,1726,s1,grip_sustained10s
10180146,1743,s1,grip_sustained10s
10180148,1741,s1,grip_sustained10s
10180150,1710,s1,grip_sustained10s
10180152,1743,s1,grip_sustained10s
10180154,1742,s1,grip_sustained10s
10180156,1745,s1,grip_sustained10s
10180158,1706,s1,grip_sustained10s
10180160,1743,s1,grip_sustained10s
10180162,1728,s1,grip_sustained10s
10180164,1744,s1,grip_sustained10s
10180166,1703,s1,grip_sustained10s
10180168,1746,s1,grip_sustained10s
10180170,1725,s1,grip_sustained10s
10180172,1755,s1,grip_sustained10s
10180174,1713,s1,grip_sustained10s
10180176,1745,s1,grip_sustained10s
10180178,1718,s1,grip_sustained10s
10180180,1749,s1,grip_sustained10s
10180182,1722,s1,grip_sustained10s
10180184,1725,s1,grip_sustained10s
10180186,1713,s1,grip_sustained10s
10180188,1748,s1,grip_sustained10s
10180190,1729,s1,grip_sustained10s
10180192,1713,s1,grip_sustained10s
10180194,1723,s1,grip_sustained10s
10180196,1742,s1,grip_sustained10s
10180198,1731,s1,grip_sustained10s
10180200,1704,s1,grip_sustained10s
10180202,1738,s1,grip_sustained10s
10180204,1737,s1,grip_sustained10s
10180206,1744,s1,grip_sustained10s
10180208,1699,s1,grip_sustained10s
10180210,1743,s1,grip_sustained10s
10180212,1729,s1,grip_sustained10s
10180214,1744,s1,grip_sustained10s
10180216,1700,s1,grip_sustained10s
10180218,1742,s1,grip_sustained10s
10180220,1722,s1,grip_sustained10s
10180222,1745,s1,grip_sustained10s
10180224,1712,s1,grip_sustained10s
10180226,1743,s1,grip_sustained10s
10180228,1712,s1,grip_sustained10s
10180230,1744,s1,grip_sustained10s
10180232,1717,s1,grip_sustained10s
10180234,1722,s1,grip_sustained10s
10180236,1712,s1,grip_sustained10s
10180238,1745,s1,grip_sustained10s
10180240,1730,s1,grip_sustained10s
10180242,1713,s1,grip_sustained10s
10180244,1725,s1,grip_sustained10s
10180246,1740,s1,grip_sustained10s
10180248,1737,s1,grip_sustained10s
10180250,1699,s1,grip_sustained10s
10180252,1735,s1,grip_sustained10s
10180254,1731,s1,grip_sustained10s
10180256,1744,s1,grip_sustained10s
10180258,1698,s1,grip_sustained10s
10180260,1741,s1,grip_sustained10s
10180262,1726,s1,grip_sustained10s
10180264,1740,s1,grip_sustained10s
10180266,1697,s1,grip_sustained10s
10180268,1741,s1,grip_sustained10s
10180270,1717,s1,grip_sustained10s
10180272,1747,s1,grip_sustained10s
10180274,1712,s1,grip_sustained10s
10180276,1741,s1,grip_sustained10s
10180278,1712,s1,grip_sustained10s
10180280,1743,s1,grip_sustained10s
10180282,1714,s1,grip_sustained10s
10180284,1719,s1,grip_sustained10s
10180286,1712,s1,grip_sustained10s
10180288,1744,s1,grip_sustained10s
10180290,1726,s1,grip_sustained10s
10180292,1710,s1,grip_sustained10s
10180294,1718,s1,grip_sustained10s
10180296,1743,s1,grip_sustained10s
10180298,1731,s1,grip_sustained10s
10180300,1700,s1,grip_sustained10s
10180302,1735,s1,grip_sustained10s
10180304,1739,s1,grip_sustained10s
10180306,1744,s1,grip_sustained10s
10180308,1700,s1,grip_sustained10s
10180310,1744,s1,grip_sustained10s
10180312,1730,s1,grip_sustained10s
10180314,1745,s1,grip_sustained10s
10180316,1701,s1,grip_sustained10s
10180318,1744,s1,grip_sustained10s
10180320,1722,s1,grip_sustained10s
10180322,1749,s1,grip_sustained10s
10180324,1713,s1,grip_sustained10s
10180326,1744,s1,grip_sustained10s
10180328,1718,s1,grip_sustained10s
10180330,1745,s1,grip_sustained10s
10180332,1724,s1,grip_sustained10s
10180334,1723,s1,grip_sustained10s
10180336,1721,s1,grip_sustained10s
10180338,1749,s1,grip_sustained10s
10180340,1733,s1,grip_sustained10s
10180342,1714,s1,grip_sustained10s
10180344,1726,s1,grip_sustained10s
10180346,1741,s1,grip_sustained10s
10180348,1734,s1,grip_sustained10s
10180350,1701,s1,grip_sustained10s
10180352,1739,s1,grip_sustained10s
10180354,1733,s1,grip_sustained10s
10180356,1742,s1,grip_sustained10s
10180358,1695,s1,grip_sustained10s
10180360,1744,s1,grip_sustained10s
10180362,1727,s1,grip_sustained10s
10180364,1744,s1,grip_sustained10s
10180366,1705,s1,grip_sustained10s
10180368,1746,s1,grip_sustained10s
10180370,1723,s1,grip_sustained10s
10180372,1748,s1,grip_sustained10s
10180374,1713,s1,grip_sustained10s
10180376,1744,s1,grip_sustained10s
10180378,1716,s1,grip_sustained10s
10180380,1744,s1,grip_sustained10s
10180382,1719,s1,grip_sustained10s
10180384,1723,s1,grip_sustained10s
10180386,1712,s1,grip_sustained10s
10180388,1745,s1,grip_sustained10s
10180390,1728,s1,grip_sustained10s
10180392,1712,s1,grip_sustained10s
10180394,1726,s1,grip_sustained10s
10180396,1738,s1,grip_sustained10s
10180398,1735,s1,grip_sustained10s
10180400,1702,s1,grip_sustained10s
10180402,1737,s1,grip_sustained10s
10180404,1732,s1,grip_sustained10s
10180406,1744,s1,grip_sustained10s
10180408,1699,s1,grip_sustained10s
10180410,1744,s1,grip_sustained10s
10180412,1724,s1,grip_sustained10s
10180414,1743,s1,grip_sustained10s
10180416,1703,s1,grip_sustained10s
10180418,1744,s1,grip_sustained10s
10180420,1722,s1,grip_sustained10s
10180422,1747,s1,grip_sustained10s
10180424,1711,s1,grip_sustained10s
10180426,1742,s1,grip_sustained10s
10180428,1712,s1,grip_sustained10s
10180430,1746,s1,grip_sustained10s
10180432,1722,s1,grip_sustained10s
10180434,1719,s1,grip_sustained10s
10180436,1714,s1,grip_sustained10s
10180438,1744,s1,grip_sustained10s
10180440,1730,s1,grip_sustained10s
10180442,1712,s1,grip_sustained10s
10180444,1728,s1,grip_sustained10s
10180446,1740,s1,grip_sustained10s
10180448,1733,s1,grip_sustained10s
10180450,1699,s1,grip_sustained10s
10180452,1738,s1,grip_sustained10s
10180454,1734,s1,grip_sustained10s
10180456,1744,s1,grip_sustained10s
10180458,1699,s1,grip_sustained10s
10180460,1746,s1,grip_sustained10s
10180462,1723,s1,grip_sustained10s
10180464,1739,s1,grip_sustained10s
10180466,1701,s1,grip_sustained10s
10180468,1744,s1,grip_sustained10s
10180470,1723,s1,grip_sustained10s
10180472,1747,s1,grip_sustained10s
10180474,1712,s1,grip_sustained10s
10180476,1743,s1,grip_sustained10s
10180478,1714,s1,grip_sustained10s
10180480,1745,s1,grip_sustained10s
10180482,1718,s1,grip_sustained10s
10180484,1715,s1,grip_sustained10s
10180486,1712,s1,grip_sustained10s
10180488,1745,s1,grip_sustained10s
10180490,1729,s1,grip_sustained10s
10180492,1709,s1,grip_sustained10s
10180494,1724,s1,grip_sustained10s
10180496,1734,s1,grip_sustained10s
10180498,1730,s1,grip_sustained10s
10180500,1696,s1,grip_sustained10s
10180502,1737,s1,grip_sustained10s
10180504,1733,s1,grip_sustained10s
10180506,1744,s1,grip_sustained10s
10180508,1698,s1,grip_sustained10s
10180510,1743,s1,grip_sustained10s
10180512,1727,s1,grip_sustained10s
10180514,1744,s1,grip_sustained10s
10180516,1710,s1,grip_sustained10s
10180518,1745,s1,grip_sustained10s
10180520,1721,s1,grip_sustained10s
10180522,1749,s1,grip_sustained10s
10180524,1715,s1,grip_sustained10s
10180526,1737,s1,grip_sustained10s
10180528,1712,s1,grip_sustained10s
10180530,1742,s1,grip_sustained10s
10180532,1719,s1,grip_sustained10s
10180534,1712,s1,grip_sustained10s
10180536,1712,s1,grip_sustained10s
10180538,1744,s1,grip_sustained10s
10180540,1730,s1,grip_sustained10s
10180542,1711,s1,grip_sustained10s
10180544,1727,s1,grip_sustained10s
10180546,1733,s1,grip_sustained10s
10180548,1729,s1,grip_sustained10s
10180550,1699,s1,grip_sustained10s
10180552,1735,s1,grip_sustained10s
10180554,1736,s1,grip_sustained10s
10180556,1743,s1,grip_sustained10s
10180558,1699,s1,grip_sustained10s
10180560,1744,s1,grip_sustained10s
10180562,1724,s1,grip_sustained10s
10180564,1743,s1,grip_sustained10s
10180566,1705,s1,grip_sustained10s
10180568,1747,s1,grip_sustained10s
10180570,1719,s1,grip_sustained10s
10180572,1749,s1,grip_sustained10s
10180574,1712,s1,grip_sustained10s
10180576,1734,s1,grip_sustained10s
10180578,1713,s1,grip_sustained10s
10180580,1739,s1,grip_sustained10s
10180582,1715,s1,grip_sustained10s
10180584,1712,s1,grip_sustained10s
10180586,1712,s1,grip_sustained10s
10180588,1743,s1,grip_sustained10s
10180590,1729,s1,grip_sustained10s
10180592,1709,s1,grip_sustained10s
10180594,1723,s1,grip_sustained10s
10180596,1739,s1,grip_sustained10s
10180598,1735,s1,grip_sustained10s
10180600,1699,s1,grip_sustained10s
10180602,1735,s1,grip_sustained10s
10180604,1733,s1,grip_sustained10s
10180606,1746,s1,grip_sustained10s
10180608,1705,s1,grip_sustained10s
10180610,1744,s1,grip_sustained10s
10180612,1728,s1,grip_sustained10s
10180614,1747,s1,grip_sustained10s
10180616,1709,s1,grip_sustained10s
10180618,1745,s1,grip_sustained10s
10180620,1717,s1,grip_sustained10s
10180622,1753,s1,grip_sustained10s
10180624,1722,s1,grip_sustained10s
10180626,1741,s1,grip_sustained10s
10180628,1719,s1,grip_sustained10s
10180630,1748,s1,grip_sustained10s
10180632,1727,s1,grip_sustained10s
10180634,1721,s1,grip_sustained10s
10180636,1719,s1,grip_sustained10s
10180638,1751,s1,grip_sustained10s
10180640,1737,s1,grip_sustained10s
10180642,1715,s1,grip_sustained10s
10180644,1732,s1,grip_sustained10s
10180646,1743,s1,grip_sustained10s
10180648,1739,s1,grip_sustained10s
10180650,1703,s1,grip_sustained10s
10180652,1744,s1,grip_sustained10s
10180654,1739,s1,grip_sustained10s
10180656,1747,s1,grip_sustained10s
10180658,1701,s1,grip_sustained10s
10180660,1745,s1,grip_sustained10s
10180662,1729,s1,grip_sustained10s
10180664,1747,s1,grip_sustained10s
10180666,1708,s1,grip_sustained10s
10180668,1744,s1,grip_sustained10s
10180670,1722,s1,grip_sustained10s
10180672,1750,s1,grip_sustained10s
10180674,1722,s1,grip_sustained10s
10180676,1737,s1,grip_sustained10s
10180678,1715,s1,grip_sustained10s
10180680,1745,s1,grip_sustained10s
10180682,1723,s1,grip_sustained10s
10180684,1716,s1,grip_sustained10s
10180686,1713,s1,grip_sustained10s
10180688,1746,s1,grip_sustained10s
10180690,1734,s1,grip_sustained10s
10180692,1712,s1,grip_sustained10s
10180694,1731,s1,grip_sustained10s
10180696,1739,s1,grip_sustained10s
10180698,1734,s1,grip_sustained10s
10180700,1699,s1,grip_sustained10s
10180702,1738,s1,grip_sustained10s
10180704,1733,s1,grip_sustained10s
10180706,1744,s1,grip_sustained10s
10180708,1705,s1,grip_sustained10s
10180710,1744,s1,grip_sustained10s
10180712,1725,s1,grip_sustained10s
10180714,1743,s1,grip_sustained10s
10180716,1710,s1,grip_sustained10s
10180718,1745,s1,grip_sustained10s
10180720,1725,s1,grip_sustained10s
10180722,1750,s1,grip_sustained10s
10180724,1717,s1,grip_sustained10s
10180726,1735,s1,grip_sustained10s
10180728,1714,s1,grip_sustained10s
10180730,1747,s1,grip_sustained10s
10180732,1727,s1,grip_sustained10s
10180734,1719,s1,grip_sustained10s
10180736,1718,s1,grip_sustained10s
10180738,1747,s1,grip_sustained10s
10180740,1734,s1,grip_sustained10s
10180742,1710,s1,grip_sustained10s
10180744,1732,s1,grip_sustained10s
10180746,1738,s1,grip_sustained10s
10180748,1731,s1,grip_sustained10s
10180750,1694,s1,grip_sustained10s
10180752,1734,s1,grip_sustained10s
10180754,1728,s1,grip_sustained10s
10180756,1741,s1,grip_sustained10s
10180758,1695,s1,grip_sustained10s
10180760,1740,s1,grip_sustained10s
10180762,1719,s1,grip_sustained10s
10180764,1741,s1,grip_sustained10s
10180766,1701,s1,grip_sustained10s
10180768,1739,s1,grip_sustained10s
10180770,1712,s1,grip_sustained10s
10180772,1746,s1,grip_sustained10s
10180774,1715,s1,grip_sustained10s
10180776,1730,s1,grip_sustained10s
10180778,1712,s1,grip_sustained10s
10180780,1744,s1,grip_sustained10s
10180782,1718,s1,grip_sustained10s
10180784,1710,s1,grip_sustained10s
10180786,1712,s1,grip_sustained10s
10180788,1742,s1,grip_sustained10s
10180790,1729,s1,grip_sustained10s
10180792,1710,s1,grip_sustained10s
10180794,1731,s1,grip_sustained10s
10180796,1734,s1,grip_sustained10s
10180798,1732,s1,grip_sustained10s
10180800,1701,s1,grip_sustained10s
10180802,1744,s1,grip_sustained10s
10180804,1737,s1,grip_sustained10s
10180806,1744,s1,grip_sustained10s
10180808,1701,s1,grip_sustained10s
10180810,1746,s1,grip_sustained10s
10180812,1727,s1,grip_sustained10s
10180814,1744,s1,grip_sustained10s
10180816,1709,s1,grip_sustained10s
10180818,1744,s1,grip_sustained10s
10180820,1715,s1,grip_sustained10s
10180822,1751,s1,grip_sustained10s
10180824,1719,s1,grip_sustained10s
10180826,1737,s1,grip_sustained10s
10180828,1718,s1,grip_sustained10s
10180830,1747,s1,grip_sustained10s
10180832,1727,s1,grip_sustained10s
10180834,1714,s1,grip_sustained10s
10180836,1717,s1,grip_sustained10s
10180838,1744,s1,grip_sustained10s
10180840,1731,s1,grip_sustained10s
10180842,1707,s1,grip_sustained10s
10180844,1731,s1,grip_sustained10s
10180846,1735,s1,grip_sustained10s
10180848,1741,s1,grip_sustained10s
10180850,1699,s1,grip_sustained10s
10180852,1741,s1,grip_sustained10s
10180854,1731,s1,grip_sustained10s
10180856,1746,s1,grip_sustained10s
10180858,1701,s1,grip_sustained10s
10180860,1747,s1,grip_sustained10s
10180862,1725,s1,grip_sustained10s
10180864,1745,s1,grip_sustained10s
10180866,1711,s1,grip_sustained10s
10180868,1746,s1,grip_sustained10s
10180870,1722,s1,grip_sustained10s
10180872,1759,s1,grip_sustained10s
10180874,1723,s1,grip_sustained10s
10180876,1739,s1,grip_sustained10s
10180878,1720,s1,grip_sustained10s
10180880,1750,s1,grip_sustained10s
10180882,1726,s1,grip_sustained10s
10180884,1718,s1,grip_sustained10s
10180886,1717,s1,grip_sustained10s
10180888,1746,s1,grip_sustained10s
10180890,1734,s1,grip_sustained10s
10180892,1709,s1,grip_sustained10s
10180894,1729,s1,grip_sustained10s
10180896,1742,s1,grip_sustained10s
10180898,1735,s1,grip_sustained10s
10180900,1698,s1,grip_sustained10s
10180902,1741,s1,grip_sustained10s
10180904,1734,s1,grip_sustained10s
10180906,1747,s1,grip_sustained10s
10180908,1703,s1,grip_sustained10s
10180910,1749,s1,grip_sustained10s
10180912,1727,s1,grip_sustained10s
10180914,1747,s1,grip_sustained10s
10180916,1710,s1,grip_sustained10s
10180918,1744,s1,grip_sustained10s
10180920,1716,s1,grip_sustained10s
10180922,1749,s1,grip_sustained10s
10180924,1715,s1,grip_sustained10s
10180926,1732,s1,grip_sustained10s
10180928,1719,s1,grip_sustained10s
10180930,1746,s1,grip_sustained10s
10180932,1728,s1,grip_sustained10s
10180934,1715,s1,grip_sustained10s
10180936,1721,s1,grip_sustained10s
10180938,1749,s1,grip_sustained10s
10180940,1743,s1,grip_sustained10s
10180942,1713,s1,grip_sustained10s
10180944,1738,s1,grip_sustained10s
10180946,1741,s1,grip_sustained10s
10180948,1741,s1,grip_sustained10s
10180950,1703,s1,grip_sustained10s
10180952,1741,s1,grip_sustained10s
10180954,1730,s1,grip_sustained10s
10180956,1744,s1,grip_sustained10s
10180958,1703,s1,grip_sustained10s
10180960,1750,s1,grip_sustained10s
10180962,1727,s1,grip_sustained10s
10180964,1747,s1,grip_sustained10s
10180966,1711,s1,grip_sustained10s
10180968,1744,s1,grip_sustained10s
10180970,1719,s1,grip_sustained10s
10180972,1751,s1,grip_sustained10s
10180974,1719,s1,grip_sustained10s
10180976,1734,s1,grip_sustained10s
10180978,1716,s1,grip_sustained10s
10180980,1746,s1,grip_sustained10s
10180982,1721,s1,grip_sustained10s
10180984,1712,s1,grip_sustained10s
10180986,1716,s1,grip_sustained10s
10180988,1744,s1,grip_sustained10s
10180990,1739,s1,grip_sustained10s
10180992,1712,s1,grip_sustained10s
10180994,1730,s1,grip_sustained10s
10180996,1737,s1,grip_sustained10s
10180998,1739,s1,grip_sustained10s
10181000,1696,s1,grip_sustained10s
10181002,1744,s1,grip_sustained10s
10181004,1735,s1,grip_sustained10s
10181006,1750,s1,grip_sustained10s
10181008,1705,s1,grip_sustained10s
10181010,1749,s1,grip_sustained10s
10181012,1727,s1,grip_sustained10s
10181014,1744,s1,grip_sustained10s
10181016,1711,s1,grip_sustained10s
10181018,1743,s1,grip_sustained10s
10181020,1715,s1,grip_sustained10s
10181022,1749,s1,grip_sustained10s
10181024,1719,s1,grip_sustained10s
10181026,1730,s1,grip_sustained10s
10181028,1715,s1,grip_sustained10s
10181030,1744,s1,grip_sustained10s
10181032,1727,s1,grip_sustained10s
10181034,1712,s1,grip_sustained10s
10181036,1723,s1,grip_sustained10s
10181038,1743,s1,grip_sustained10s
10181040,1735,s1,grip_sustained10s
10181042,1710,s1,grip_sustained10s
10181044,1733,s1,grip_sustained10s
10181046,1736,s1,grip_sustained10s
10181048,1738,s1,grip_sustained10s
10181050,1695,s1,grip_sustained10s
10181052,1742,s1,grip_sustained10s
10181054,1730,s1,grip_sustained10s
10181056,1739,s1,grip_sustained10s
10181058,1698,s1,grip_sustained10s
10181060,1744,s1,grip_sustained10s
10181062,1719,s1,grip_sustained10s
10181064,1744,s1,grip_sustained10s
10181066,1712,s1,grip_sustained10s
10181068,1741,s1,grip_sustained10s
10181070,1717,s1,grip_sustained10s
10181072,1754,s1,grip_sustained10s
10181074,1726,s1,grip_sustained10s
10181076,1730,s1,grip_sustained10s
10181078,1714,s1,grip_sustained10s
10181080,1744,s1,grip_sustained10s
10181082,1726,s1,grip_sustained10s
10181084,1712,s1,grip_sustained10s
10181086,1721,s1,grip_sustained10s
10181088,1744,s1,grip_sustained10s
10181090,1741,s1,grip_sustained10s
10181092,1713,s1,grip_sustained10s
10181094,1734,s1,grip_sustained10s
10181096,1744,s1,grip_sustained10s
10181098,1744,s1,grip_sustained10s
10181100,1703,s1,grip_sustained10s
10181102,1746,s1,grip_sustained10s
10181104,1732,s1,grip_sustained10s
10181106,1749,s1,grip_sustained10s
10181108,1707,s1,grip_sustained10s
10181110,1750,s1,grip_sustained10s
10181112,1725,s1,grip_sustained10s
10181114,1747,s1,grip_sustained10s
10181116,1711,s1,grip_sustained10s
10181118,1744,s1,grip_sustained10s
10181120,1719,s1,grip_sustained10s
10181122,1754,s1,grip_sustained10s
10181124,1723,s1,grip_sustained10s
10181126,1730,s1,grip_sustained10s
10181128,1717,s1,grip_sustained10s
10181130,1745,s1,grip_sustained10s
10181132,1731,s1,grip_sustained10s
10181134,1712,s1,grip_sustained10s
10181136,1722,s1,grip_sustained10s
10181138,1744,s1,grip_sustained10s
10181140,1739,s1,grip_sustained10s
10181142,1712,s1,grip_sustained10s
10181144,1734,s1,grip_sustained10s
10181146,1738,s1,grip_sustained10s
10181148,1741,s1,grip_sustained10s
10181150,1697,s1,grip_sustained10s
10181152,1743,s1,grip_sustained10s
10181154,1731,s1,grip_sustained10s
10181156,1744,s1,grip_sustained10s
10181158,1703,s1,grip_sustained10s
10181160,1744,s1,grip_sustained10s
10181162,1723,s1,grip_sustained10s
10181164,1744,s1,grip_sustained10s
10181166,1708,s1,grip_sustained10s
10181168,1744,s1,grip_sustained10s
10181170,1714,s1,grip_sustained10s
10181172,1746,s1,grip_sustained10s
10181174,1722,s1,grip_sustained10s
10181176,1744,s1,grip_sustained10s
10181178,1734,s1,grip_sustained10s
10181180,1772,s1,grip_sustained10s
10181182,1764,s1,grip_sustained10s
10181184,1754,s1,grip_sustained10s
10181186,1759,s1,grip_sustained10s
10181188,1801,s1,grip_sustained10s
10181190,1803,s1,grip_sustained10s
10181192,1747,s1,grip_sustained10s
10181194,1766,s1,grip_sustained10s
10181196,1771,s1,grip_sustained10s
10181198,1775,s1,grip_sustained10s
10181200,1735,s1,grip_sustained10s
10181202,1776,s1,grip_sustained10s
10181204,1763,s1,grip_sustained10s
10181206,1778,s1,grip_sustained10s
10181208,1737,s1,grip_sustained10s
10181210,1776,s1,grip_sustained10s
10181212,1746,s1,grip_sustained10s
10181214,1776,s1,grip_sustained10s
10181216,1737,s1,grip_sustained10s
10181218,1766,s1,grip_sustained10s
10181220,1739,s1,grip_sustained10s
10181222,1776,s1,grip_sustained10s
10181224,1754,s1,grip_sustained10s
10181226,1766,s1,grip_sustained10s
10181228,1751,s1,grip_sustained10s
10181230,1781,s1,grip_sustained10s
10181232,1767,s1,grip_sustained10s
10181234,1735,s1,grip_sustained10s
10181236,1745,s1,grip_sustained10s
10181238,1762,s1,grip_sustained10s
10181240,1741,s1,grip_sustained10s
10181242,1712,s1,grip_sustained10s
10181244,1744,s1,grip_sustained10s
10181246,1744,s1,grip_sustained10s
10181248,1753,s1,grip_sustained10s
10181250,1721,s1,grip_sustained10s
10181252,1766,s1,grip_sustained10s
10181254,1757,s1,grip_sustained10s
10181256,1775,s1,grip_sustained10s
10181258,1730,s1,grip_sustained10s
10181260,1773,s1,grip_sustained10s
10181262,1747,s1,grip_sustained10s
10181264,1767,s1,grip_sustained10s
10181266,1712,s1,grip_sustained10s
10181268,1721,s1,grip_sustained10s
10181270,1691,s1,grip_sustained10s
10181272,1709,s1,grip_sustained10s
10181274,1669,s1,grip_sustained10s
10181276,1667,s1,grip_sustained10s
10181278,1665,s1,grip_sustained10s
10181280,1687,s1,grip_sustained10s
10181282,1666,s1,grip_sustained10s
10181284,1661,s1,grip_sustained10s
10181286,1690,s1,grip_sustained10s
10181288,1710,s1,grip_sustained10s
10181290,1707,s1,grip_sustained10s
10181292,1678,s1,grip_sustained10s
10181294,1703,s1,grip_sustained10s
10181296,1712,s1,grip_sustained10s
10181298,1722,s1,grip_sustained10s
10181300,1675,s1,grip_sustained10s
10181302,1712,s1,grip_sustained10s
10181304,1712,s1,grip_sustained10s
10181306,1734,s1,grip_sustained10s
10181308,1683,s1,grip_sustained10s
10181310,1727,s1,grip_sustained10s
10181312,1712,s1,grip_sustained10s
10181314,1746,s1,grip_sustained10s
10181316,1718,s1,grip_sustained10s
10181318,1758,s1,grip_sustained10s
10181320,1739,s1,grip_sustained10s
10181322,1779,s1,grip_sustained10s
10181324,1769,s1,grip_sustained10s
10181326,1769,s1,grip_sustained10s
10181328,1757,s1,grip_sustained10s
10181330,1790,s1,grip_sustained10s
10181332,1778,s1,grip_sustained10s
10181334,1771,s1,grip_sustained10s
10181336,1777,s1,grip_sustained10s
10181338,1803,s1,grip_sustained10s
10181340,1787,s1,grip_sustained10s
10181342,1743,s1,grip_sustained10s
10181344,1776,s1,grip_sustained10s
10181346,1777,s1,grip_sustained10s
10181348,1776,s1,grip_sustained10s
10181350,1730,s1,grip_sustained10s
10181352,1776,s1,grip_sustained10s
10181354,1758,s1,grip_sustained10s
10181356,1781,s1,grip_sustained10s
10181358,1739,s1,grip_sustained10s
10181360,1781,s1,grip_sustained10s
10181362,1749,s1,grip_sustained10s
10181364,1776,s1,grip_sustained10s
10181366,1738,s1,grip_sustained10s
10181368,1764,s1,grip_sustained10s
10181370,1744,s1,grip_sustained10s
10181372,1776,s1,grip_sustained10s
10181374,1745,s1,grip_sustained10s
10181376,1747,s1,grip_sustained10s
10181378,1738,s1,grip_sustained10s
10181380,1762,s1,grip_sustained10s
10181382,1744,s1,grip_sustained10s
10181384,1725,s1,grip_sustained10s
10181386,1739,s1,grip_sustained10s
10181388,1759,s1,grip_sustained10s
10181390,1749,s1,grip_sustained10s
10181392,1712,s1,grip_sustained10s
10181394,1743,s1,grip_sustained10s
10181396,1742,s1,grip_sustained10s
10181398,1744,s1,grip_sustained10s
10181400,1702,s1,grip_sustained10s
10181402,1746,s1,grip_sustained10s
10181404,1735,s1,grip_sustained10s
10181406,1754,s1,grip_sustained10s
10181408,1712,s1,grip_sustained10s
10181410,1755,s1,grip_sustained10s
10181412,1729,s1,grip_sustained10s
10181414,1749,s1,grip_sustained10s
10181416,1713,s1,grip_sustained10s
10181418,1739,s1,grip_sustained10s
10181420,1721,s1,grip_sustained10s
10181422,1751,s1,grip_sustained10s
10181424,1717,s1,grip_sustained10s
10181426,1725,s1,grip_sustained10s
10181428,1714,s1,grip_sustained10s
10181430,1744,s1,grip_sustained10s
10181432,1722,s1,grip_sustained10s
10181434,1698,s1,grip_sustained10s
10181436,1712,s1,grip_sustained10s
10181438,1727,s1,grip_sustained10s
10181440,1719,s1,grip_sustained10s
10181442,1690,s1,grip_sustained10s
10181444,1715,s1,grip_sustained10s
10181446,1713,s1,grip_sustained10s
10181448,1726,s1,grip_sustained10s
10181450,1685,s1,grip_sustained10s
10181452,1741,s1,grip_sustained10s
10181454,1724,s1,grip_sustained10s
10181456,1760,s1,grip_sustained10s
10181458,1742,s1,grip_sustained10s
10181460,1791,s1,grip_sustained10s
10181462,1761,s1,grip_sustained10s
10181464,1797,s1,grip_sustained10s
10181466,1774,s1,grip_sustained10s
10181468,1795,s1,grip_sustained10s
10181470,1771,s1,grip_sustained10s
10181472,1790,s1,grip_sustained10s
10181474,1751,s1,grip_sustained10s
10181476,1773,s1,grip_sustained10s
10181478,1791,s1,grip_sustained10s
10181480,1783,s1,grip_sustained10s
10181482,1762,s1,grip_sustained10s
10181484,1768,s1,grip_sustained10s
10181486,1809,s1,grip_sustained10s
10181488,1823,s1,grip_sustained10s
10181490,1808,s1,grip_sustained10s
10181492,1759,s1,grip_sustained10s
10181494,1777,s1,grip_sustained10s
10181496,1776,s1,grip_sustained10s
10181498,1774,s1,grip_sustained10s
10181500,1695,s1,grip_sustained10s
10181502,1733,s1,grip_sustained10s
10181504,1714,s1,grip_sustained10s
10181506,1728,s1,grip_sustained10s
10181508,1679,s1,grip_sustained10s
10181510,1717,s1,grip_sustained10s
10181512,1695,s1,grip_sustained10s
10181514,1725,s1,grip_sustained10s
10181516,1677,s1,grip_sustained10s
10181518,1659,s1,grip_sustained10s
10181520,1630,s1,grip_sustained10s
10181522,1650,s1,grip_sustained10s
10181524,1592,s1,grip_sustained10s
10181526,1573,s1,grip_sustained10s
10181528,1562,s1,grip_sustained10s
10181530,1598,s1,grip_sustained10s
10181532,1584,s1,grip_sustained10s
10181534,1535,s1,grip_sustained10s
10181536,1535,s1,grip_sustained10s
10181538,1637,s1,grip_sustained10s
10181540,1671,s1,grip_sustained10s
10181542,1615,s1,grip_sustained10s
10181544,1607,s1,grip_sustained10s
10181546,1629,s1,grip_sustained10s
10181548,1631,s1,grip_sustained10s
10181550,1591,s1,grip_sustained10s
10181552,1648,s1,grip_sustained10s
10181554,1648,s1,grip_sustained10s
10181556,1680,s1,grip_sustained10s
10181558,1648,s1,grip_sustained10s
10181560,1690,s1,grip_sustained10s
10181562,1665,s1,grip_sustained10s
10181564,1693,s1,grip_sustained10s
10181566,1660,s1,grip_sustained10s
10181568,1675,s1,grip_sustained10s
10181570,1648,s1,grip_sustained10s
10181572,1683,s1,grip_sustained10s
10181574,1674,s1,grip_sustained10s
10181576,1714,s1,grip_sustained10s
10181578,1718,s1,grip_sustained10s
10181580,1777,s1,grip_sustained10s
10181582,1824,s1,grip_sustained10s
10181584,1825,s1,grip_sustained10s
10181586,1810,s1,grip_sustained10s
10181588,1873,s1,grip_sustained10s
10181590,1936,s1,grip_sustained10s
10181592,1997,s1,grip_sustained10s
10181594,2043,s1,grip_sustained10s
10181596,2055,s1,grip_sustained10s
10181598,2074,s1,grip_sustained10s
10181600,2034,s1,grip_sustained10s
10181602,2003,s1,grip_sustained10s
10181604,2043,s1,grip_sustained10s
10181606,2155,s1,grip_sustained10s
10181608,2109,s1,grip_sustained10s
10181610,2032,s1,grip_sustained10s
10181612,2077,s1,grip_sustained10s
10181614,2163,s1,grip_sustained10s
10181616,2157,s1,grip_sustained10s
10181618,2150,s1,grip_sustained10s
10181620,2086,s1,grip_sustained10s
10181622,2115,s1,grip_sustained10s
10181624,2111,s1,grip_sustained10s
10181626,2127,s1,grip_sustained10s
10181628,2128,s1,grip_sustained10s
10181630,2193,s1,grip_sustained10s
10181632,2219,s1,grip_sustained10s
10181634,2270,s1,grip_sustained10s
10181636,2342,s1,grip_sustained10s
10181638,2349,s1,grip_sustained10s
10181640,2421,s1,grip_sustained10s
10181642,2347,s1,grip_sustained10s
10181644,2359,s1,grip_sustained10s
10181646,2341,s1,grip_sustained10s
10181648,2371,s1,grip_sustained10s
10181650,2311,s1,grip_sustained10s
10181652,2287,s1,grip_sustained10s
10181654,2219,s1,grip_sustained10s
10181656,2206,s1,grip_sustained10s
10181658,2121,s1,grip_sustained10s
10181660,2195,s1,grip_sustained10s
10181662,2255,s1,grip_sustained10s
10181664,2187,s1,grip_sustained10s
10181666,2147,s1,grip_sustained10s
10181668,2199,s1,grip_sustained10s
10181670,2202,s1,grip_sustained10s
10181672,2156,s1,grip_sustained10s
10181674,2134,s1,grip_sustained10s
10181676,2182,s1,grip_sustained10s
10181678,2179,s1,grip_sustained10s
10181680,2245,s1,grip_sustained10s
10181682,2215,s1,grip_sustained10s
10181684,2192,s1,grip_sustained10s
10181686,2162,s1,grip_sustained10s
10181688,2113,s1,grip_sustained10s
10181690,2039,s1,grip_sustained10s
10181692,1982,s1,grip_sustained10s
10181694,1961,s1,grip_sustained10s
10181696,1969,s1,grip_sustained10s
10181698,1954,s1,grip_sustained10s
10181700,1885,s1,grip_sustained10s
10181702,1872,s1,grip_sustained10s
10181704,1851,s1,grip_sustained10s
10181706,1840,s1,grip_sustained10s
10181708,1762,s1,grip_sustained10s
10181710,1759,s1,grip_sustained10s
10181712,1791,s1,grip_sustained10s
10181714,1791,s1,grip_sustained10s
10181716,1726,s1,grip_sustained10s
10181718,1791,s1,grip_sustained10s
10181720,1857,s1,grip_sustained10s
10181722,1945,s1,grip_sustained10s
10181724,2003,s1,grip_sustained10s
10181726,1993,s1,grip_sustained10s
10181728,1971,s1,grip_sustained10s
10181730,2000,s1,grip_sustained10s
10181732,1941,s1,grip_sustained10s
10181734,1942,s1,grip_sustained10s
10181736,1947,s1,grip_sustained10s
10181738,1927,s1,grip_sustained10s
10181740,1872,s1,grip_sustained10s
10181742,1817,s1,grip_sustained10s
10181744,1827,s1,grip_sustained10s
10181746,1834,s1,grip_sustained10s
10181748,1825,s1,grip_sustained10s
10181750,1767,s1,grip_sustained10s
10181752,1821,s1,grip_sustained10s
10181754,1789,s1,grip_sustained10s
10181756,1762,s1,grip_sustained10s
10181758,1751,s1,grip_sustained10s
10181760,1808,s1,grip_sustained10s
10181762,1779,s1,grip_sustained10s
10181764,1699,s1,grip_sustained10s
10181766,1646,s1,grip_sustained10s
10181768,1787,s1,grip_sustained10s
10181770,1815,s1,grip_sustained10s
10181772,1750,s1,grip_sustained10s
10181774,1682,s1,grip_sustained10s
10181776,1778,s1,grip_sustained10s
10181778,1848,s1,grip_sustained10s
10181780,1808,s1,grip_sustained10s
10181782,1793,s1,grip_sustained10s
10181784,1741,s1,grip_sustained10s
10181786,1749,s1,grip_sustained10s
10181788,1776,s1,grip_sustained10s
10181790,1782,s1,grip_sustained10s
10181792,1815,s1,grip_sustained10s
10181794,1763,s1,grip_sustained10s
10181796,1715,s1,grip_sustained10s
10181798,1712,s1,grip_sustained10s
10181800,1674,s1,grip_sustained10s
10181802,1840,s1,grip_sustained10s
10181804,1857,s1,grip_sustained10s
10181806,2032,s1,grip_sustained10s
10181808,2095,s1,grip_sustained10s
10181810,2029,s1,grip_sustained10s
10181812,2053,s1,grip_sustained10s
10181814,2047,s1,grip_sustained10s
10181816,2047,s1,grip_sustained10s
10181818,2032,s1,grip_sustained10s
10181820,2034,s1,grip_sustained10s
10181822,1978,s1,grip_sustained10s
10181824,1957,s1,grip_sustained10s
10181826,1925,s1,grip_sustained10s
10181828,1939,s1,grip_sustained10s
10181830,2000,s1,grip_sustained10s
10181832,1936,s1,grip_sustained10s
10181834,1954,s1,grip_sustained10s
10181836,1968,s1,grip_sustained10s
10181838,2185,s1,grip_sustained10s
10181840,2271,s1,grip_sustained10s
10181842,2278,s1,grip_sustained10s
10181844,2298,s1,grip_sustained10s
10181846,2326,s1,grip_sustained10s
10181848,2240,s1,grip_sustained10s
10181850,2205,s1,grip_sustained10s
10181852,2283,s1,grip_sustained10s
10181854,2298,s1,grip_sustained10s
10181856,2299,s1,grip_sustained10s
10181858,2243,s1,grip_sustained10s
10181860,2209,s1,grip_sustained10s
10181862,2178,s1,grip_sustained10s
10181864,2256,s1,grip_sustained10s
10181866,2179,s1,grip_sustained10s
10181868,2180,s1,grip_sustained10s
10181870,2149,s1,grip_sustained10s
10181872,2269,s1,grip_sustained10s
10181874,2271,s1,grip_sustained10s
10181876,2261,s1,grip_sustained10s
10181878,2249,s1,grip_sustained10s
10181880,2269,s1,grip_sustained10s
10181882,2353,s1,grip_sustained10s
10181884,2304,s1,grip_sustained10s
10181886,2320,s1,grip_sustained10s
10181888,2336,s1,grip_sustained10s
10181890,2287,s1,grip_sustained10s
10181892,2337,s1,grip_sustained10s
10181894,2465,s1,grip_sustained10s
10181896,2418,s1,grip_sustained10s
10181898,2366,s1,grip_sustained10s
10181900,2305,s1,grip_sustained10s
10181902,2377,s1,grip_sustained10s
10181904,2391,s1,grip_sustained10s
10181906,2474,s1,grip_sustained10s
10181908,2501,s1,grip_sustained10s
10181910,2514,s1,grip_sustained10s
10181912,2513,s1,grip_sustained10s
10181914,2447,s1,grip_sustained10s
10181916,2401,s1,grip_sustained10s
10181918,2385,s1,grip_sustained10s
10181920,2348,s1,grip_sustained10s
10181922,2433,s1,grip_sustained10s
10181924,2456,s1,grip_sustained10s
10181926,2374,s1,grip_sustained10s
10181928,2510,s1,grip_sustained10s
10181930,2639,s1,grip_sustained10s
10181932,2814,s1,grip_sustained10s
10181934,2946,s1,grip_sustained10s
10181936,3047,s1,grip_sustained10s
10181938,3399,s1,grip_sustained10s
10181940,3554,s1,grip_sustained10s
10181942,3393,s1,grip_sustained10s
10181944,3446,s1,grip_sustained10s
10181946,3411,s1,grip_sustained10s
10181948,3490,s1,grip_sustained10s
10181950,3348,s1,grip_sustained10s
10181952,3184,s1,grip_sustained10s
10181954,3173,s1,grip_sustained10s
10181956,3031,s1,grip_sustained10s
10181958,2921,s1,grip_sustained10s
10181960,2869,s1,grip_sustained10s
10181962,2799,s1,grip_sustained10s
10181964,2746,s1,grip_sustained10s
10181966,2718,s1,grip_sustained10s
10181968,2879,s1,grip_sustained10s
10181970,3600,s1,grip_sustained10s
10181972,3683,s1,grip_sustained10s
10181974,3678,s1,grip_sustained10s
10181976,3681,s1,grip_sustained10s
10181978,3675,s1,grip_sustained10s
10181980,3684,s1,grip_sustained10s
10181982,3683,s1,grip_sustained10s
10181984,3682,s1,grip_sustained10s
10181986,3681,s1,grip_sustained10s
10181988,3682,s1,grip_sustained10s
10181990,3686,s1,grip_sustained10s
10181992,3679,s1,grip_sustained10s
10181994,3681,s1,grip_sustained10s
10181996,3679,s1,grip_sustained10s
10181998,3677,s1,grip_sustained10s
10182000,3677,s1,grip_sustained10s
10182002,3683,s1,grip_sustained10s
10182004,3678,s1,grip_sustained10s
10182006,3677,s1,grip_sustained10s
10182008,3678,s1,grip_sustained10s
10182010,3675,s1,grip_sustained10s
10182012,3679,s1,grip_sustained10s
10182014,3679,s1,grip_sustained10s
10182016,3686,s1,grip_sustained10s
10182018,3678,s1,grip_sustained10s
10182020,3679,s1,grip_sustained10s
10182022,3677,s1,grip_sustained10s
10182024,3670,s1,grip_sustained10s
10182026,3547,s1,grip_sustained10s
10182028,3615,s1,grip_sustained10s
10182030,3554,s1,grip_sustained10s
10182032,3344,s1,grip_sustained10s
10182034,3205,s1,grip_sustained10s
10182036,3103,s1,grip_sustained10s
10182038,2963,s1,grip_sustained10s
10182040,2955,s1,grip_sustained10s
10182042,2955,s1,grip_sustained10s
10182044,3062,s1,grip_sustained10s
10182046,3191,s1,grip_sustained10s
10182048,3375,s1,grip_sustained10s
10182050,3273,s1,grip_sustained10s
10182052,3211,s1,grip_sustained10s
10182054,3157,s1,grip_sustained10s
10182056,3062,s1,grip_sustained10s
10182058,3085,s1,grip_sustained10s
10182060,3202,s1,grip_sustained10s
10182062,3216,s1,grip_sustained10s
10182064,3189,s1,grip_sustained10s
10182066,3323,s1,grip_sustained10s
10182068,3250,s1,grip_sustained10s
10182070,3094,s1,grip_sustained10s
10182072,2938,s1,grip_sustained10s
10182074,2850,s1,grip_sustained10s
10182076,2789,s1,grip_sustained10s
10182078,2843,s1,grip_sustained10s
10182080,2715,s1,grip_sustained10s
10182082,2640,s1,grip_sustained10s
10182084,2832,s1,grip_sustained10s
10182086,3003,s1,grip_sustained10s
10182088,3038,s1,grip_sustained10s
10182090,3152,s1,grip_sustained10s
10182092,3095,s1,grip_sustained10s
10182094,2995,s1,grip_sustained10s
10182096,2884,s1,grip_sustained10s
10182098,2891,s1,grip_sustained10s
10182100,3008,s1,grip_sustained10s
10182102,3109,s1,grip_sustained10s
10182104,3071,s1,grip_sustained10s
10182106,3146,s1,grip_sustained10s
10182108,2989,s1,grip_sustained10s
10182110,3149,s1,grip_sustained10s
10182112,3197,s1,grip_sustained10s
10182114,3359,s1,grip_sustained10s
10182116,3303,s1,grip_sustained10s
10182118,3294,s1,grip_sustained10s
10182120,3287,s1,grip_sustained10s
10182122,3261,s1,grip_sustained10s
10182124,3440,s1,grip_sustained10s
10182126,3517,s1,grip_sustained10s
10182128,3341,s1,grip_sustained10s
10182130,3235,s1,grip_sustained10s
10182132,3132,s1,grip_sustained10s
10182134,3004,s1,grip_sustained10s
10182136,3145,s1,grip_sustained10s
10182138,3049,s1,grip_sustained10s
10182140,2996,s1,grip_sustained10s
10182142,2997,s1,grip_sustained10s
10182144,3008,s1,grip_sustained10s
10182146,2950,s1,grip_sustained10s
10182148,3021,s1,grip_sustained10s
10182150,2967,s1,grip_sustained10s
10182152,2861,s1,grip_sustained10s
10182154,2943,s1,grip_sustained10s
10182156,3050,s1,grip_sustained10s
10182158,3088,s1,grip_sustained10s
10182160,3479,s1,grip_sustained10s
10182162,3504,s1,grip_sustained10s
10182164,3519,s1,grip_sustained10s
10182166,3645,s1,grip_sustained10s
10182168,3427,s1,grip_sustained10s
10182170,3449,s1,grip_sustained10s
10182172,3364,s1,grip_sustained10s
10182174,3211,s1,grip_sustained10s
10182176,3183,s1,grip_sustained10s
10182178,3205,s1,grip_sustained10s
10182180,3295,s1,grip_sustained10s
10182182,3266,s1,grip_sustained10s
10182184,3145,s1,grip_sustained10s
10182186,3161,s1,grip_sustained10s
10182188,3120,s1,grip_sustained10s
10182190,3273,s1,grip_sustained10s
10182192,3161,s1,grip_sustained10s
10182194,3177,s1,grip_sustained10s
10182196,3255,s1,grip_sustained10s
10182198,3342,s1,grip_sustained10s
10182200,3175,s1,grip_sustained10s
10182202,3298,s1,grip_sustained10s
10182204,3317,s1,grip_sustained10s
10182206,3499,s1,grip_sustained10s
10182208,3441,s1,grip_sustained10s
10182210,3440,s1,grip_sustained10s
10182212,3578,s1,grip_sustained10s
10182214,3683,s1,grip_sustained10s
10182216,3681,s1,grip_sustained10s
10182218,3680,s1,grip_sustained10s
10182220,3681,s1,grip_sustained10s
10182222,3671,s1,grip_sustained10s
10182224,3683,s1,grip_sustained10s
10182226,3647,s1,grip_sustained10s
10182228,3439,s1,grip_sustained10s
10182230,3283,s1,grip_sustained10s
10182232,3202,s1,grip_sustained10s
10182234,3107,s1,grip_sustained10s
10182236,3191,s1,grip_sustained10s
10182238,3110,s1,grip_sustained10s
10182240,3022,s1,grip_sustained10s
10182242,2928,s1,grip_sustained10s
10182244,2948,s1,grip_sustained10s
10182246,2909,s1,grip_sustained10s
10182248,2832,s1,grip_sustained10s
10182250,2719,s1,grip_sustained10s
10182252,2694,s1,grip_sustained10s
10182254,2687,s1,grip_sustained10s
10182256,2639,s1,grip_sustained10s
10182258,2793,s1,grip_sustained10s
10182260,2794,s1,grip_sustained10s
10182262,2703,s1,grip_sustained10s
10182264,2627,s1,grip_sustained10s
10182266,2535,s1,grip_sustained10s
10182268,2432,s1,grip_sustained10s
10182270,2473,s1,grip_sustained10s
10182272,2607,s1,grip_sustained10s
10182274,2597,s1,grip_sustained10s
10182276,2495,s1,grip_sustained10s
10182278,2511,s1,grip_sustained10s
10182280,2689,s1,grip_sustained10s
10182282,2999,s1,grip_sustained10s
10182284,3039,s1,grip_sustained10s
10182286,2951,s1,grip_sustained10s
10182288,3070,s1,grip_sustained10s
10182290,3297,s1,grip_sustained10s
10182292,3317,s1,grip_sustained10s
10182294,3397,s1,grip_sustained10s
10182296,3621,s1,grip_sustained10s
10182298,3685,s1,grip_sustained10s
10182300,3680,s1,grip_sustained10s
10182302,3681,s1,grip_sustained10s
10182304,3685,s1,grip_sustained10s
10182306,3687,s1,grip_sustained10s
10182308,3684,s1,grip_sustained10s
10182310,3691,s1,grip_sustained10s
10182312,3683,s1,grip_sustained10s
10182314,3689,s1,grip_sustained10s
10182316,3681,s1,grip_sustained10s
10182318,3685,s1,grip_sustained10s
10182320,3679,s1,grip_sustained10s
10182322,3679,s1,grip_sustained10s
10182324,3681,s1,grip_sustained10s
10182326,3687,s1,grip_sustained10s
10182328,3684,s1,grip_sustained10s
10182330,3681,s1,grip_sustained10s
10182332,3679,s1,grip_sustained10s
10182334,3679,s1,grip_sustained10s
10182336,3676,s1,grip_sustained10s
10182338,3682,s1,grip_sustained10s
10182340,3671,s1,grip_sustained10s
10182342,3687,s1,grip_sustained10s
10182344,3680,s1,grip_sustained10s
10182346,3678,s1,grip_sustained10s
10182348,3677,s1,grip_sustained10s
10182350,3679,s1,grip_sustained10s
10182352,3664,s1,grip_sustained10s
10182354,3551,s1,grip_sustained10s
10182356,3385,s1,grip_sustained10s
10182358,3215,s1,grip_sustained10s
10182360,3246,s1,grip_sustained10s
10182362,3163,s1,grip_sustained10s
10182364,3217,s1,grip_sustained10s
10182366,3139,s1,grip_sustained10s
10182368,3265,s1,grip_sustained10s
10182370,3371,s1,grip_sustained10s
10182372,3685,s1,grip_sustained10s
10182374,3639,s1,grip_sustained10s
10182376,3559,s1,grip_sustained10s
10182378,3658,s1,grip_sustained10s
10182380,3662,s1,grip_sustained10s
10182382,3681,s1,grip_sustained10s
10182384,3679,s1,grip_sustained10s
10182386,3681,s1,grip_sustained10s
10182388,3679,s1,grip_sustained10s
10182390,3677,s1,grip_sustained10s
10182392,3659,s1,grip_sustained10s
10182394,3677,s1,grip_sustained10s
10182396,3676,s1,grip_sustained10s
10182398,3674,s1,grip_sustained10s
10182400,3639,s1,grip_sustained10s
10182402,3683,s1,grip_sustained10s
10182404,3674,s1,grip_sustained10s
10182406,3681,s1,grip_sustained10s
10182408,3670,s1,grip_sustained10s
10182410,3687,s1,grip_sustained10s
10182412,3680,s1,grip_sustained10s
10182414,3685,s1,grip_sustained10s
10182416,3680,s1,grip_sustained10s
10182418,3678,s1,grip_sustained10s
10182420,3673,s1,grip_sustained10s
10182422,3675,s1,grip_sustained10s
10182424,3670,s1,grip_sustained10s
10182426,3659,s1,grip_sustained10s
10182428,3655,s1,grip_sustained10s
10182430,3690,s1,grip_sustained10s
10182432,3685,s1,grip_sustained10s
10182434,3675,s1,grip_sustained10s
10182436,3674,s1,grip_sustained10s
10182438,3682,s1,grip_sustained10s
10182440,3674,s1,grip_sustained10s
10182442,3680,s1,grip_sustained10s
10182444,3678,s1,grip_sustained10s
10182446,3681,s1,grip_sustained10s
10182448,3665,s1,grip_sustained10s
10182450,3671,s1,grip_sustained10s
10182452,3682,s1,grip_sustained10s
10182454,3677,s1,grip_sustained10s
10182456,3681,s1,grip_sustained10s
10182458,3673,s1,grip_sustained10s
10182460,3670,s1,grip_sustained10s
10182462,3664,s1,grip_sustained10s
10182464,3473,s1,grip_sustained10s
10182466,3404,s1,grip_sustained10s
10182468,3438,s1,grip_sustained10s
10182470,3429,s1,grip_sustained10s
10182472,3600,s1,grip_sustained10s
10182474,3664,s1,grip_sustained10s
10182476,3475,s1,grip_sustained10s
10182478,3557,s1,grip_sustained10s
10182480,3680,s1,grip_sustained10s
10182482,3671,s1,grip_sustained10s
10182484,3679,s1,grip_sustained10s
10182486,3689,s1,grip_sustained10s
10182488,3679,s1,grip_sustained10s
10182490,3678,s1,grip_sustained10s
10182492,3683,s1,grip_sustained10s
10182494,3674,s1,grip_sustained10s
10182496,3524,s1,grip_sustained10s
10182498,3679,s1,grip_sustained10s
10182500,3679,s1,grip_sustained10s
10182502,3683,s1,grip_sustained10s
10182504,3677,s1,grip_sustained10s
10182506,3678,s1,grip_sustained10s
10182508,3559,s1,grip_sustained10s
10182510,3430,s1,grip_sustained10s
10182512,3367,s1,grip_sustained10s
10182514,3509,s1,grip_sustained10s
10182516,3632,s1,grip_sustained10s
10182518,3482,s1,grip_sustained10s
10182520,3498,s1,grip_sustained10s
10182522,3487,s1,grip_sustained10s
10182524,3501,s1,grip_sustained10s
10182526,3335,s1,grip_sustained10s
10182528,3315,s1,grip_sustained10s
10182530,3680,s1,grip_sustained10s
10182532,3675,s1,grip_sustained10s
10182534,3673,s1,grip_sustained10s
10182536,3664,s1,grip_sustained10s
10182538,3677,s1,grip_sustained10s
10182540,3668,s1,grip_sustained10s
10182542,3675,s1,grip_sustained10s
10182544,3674,s1,grip_sustained10s
10182546,3673,s1,grip_sustained10s
10182548,3681,s1,grip_sustained10s
10182550,3675,s1,grip_sustained10s
10182552,3695,s1,grip_sustained10s
10182554,3677,s1,grip_sustained10s
10182556,3683,s1,grip_sustained10s
10182558,3679,s1,grip_sustained10s
10182560,3682,s1,grip_sustained10s
10182562,3682,s1,grip_sustained10s
10182564,3684,s1,grip_sustained10s
10182566,3689,s1,grip_sustained10s
10182568,3680,s1,grip_sustained10s
10182570,3679,s1,grip_sustained10s
10182572,3683,s1,grip_sustained10s
10182574,3680,s1,grip_sustained10s
10182576,3677,s1,grip_sustained10s
10182578,3681,s1,grip_sustained10s
10182580,3670,s1,grip_sustained10s
10182582,3686,s1,grip_sustained10s
10182584,3679,s1,grip_sustained10s
10182586,3670,s1,grip_sustained10s
10182588,3681,s1,grip_sustained10s
10182590,3687,s1,grip_sustained10s
10182592,3689,s1,grip_sustained10s
10182594,3675,s1,grip_sustained10s
10182596,3686,s1,grip_sustained10s
10182598,3687,s1,grip_sustained10s
10182600,3689,s1,grip_sustained10s
10182602,3682,s1,grip_sustained10s
10182604,3686,s1,grip_sustained10s
10182606,3674,s1,grip_sustained10s
10182608,3681,s1,grip_sustained10s
10182610,3680,s1,grip_sustained10s
10182612,3680,s1,grip_sustained10s
10182614,3680,s1,grip_sustained10s
10182616,3680,s1,grip_sustained10s
10182618,3676,s1,grip_sustained10s
10182620,3683,s1,grip_sustained10s
10182622,3679,s1,grip_sustained10s
10182624,3682,s1,grip_sustained10s
10182626,3675,s1,grip_sustained10s
10182628,3683,s1,grip_sustained10s
10182630,3683,s1,grip_sustained10s
10182632,3667,s1,grip_sustained10s
10182634,3684,s1,grip_sustained10s
10182636,3683,s1,grip_sustained10s
10182638,3676,s1,grip_sustained10s
10182640,3683,s1,grip_sustained10s
10182642,3678,s1,grip_sustained10s
10182644,3679,s1,grip_sustained10s
10182646,3677,s1,grip_sustained10s
10182648,3682,s1,grip_sustained10s
10182650,3677,s1,grip_sustained10s
10182652,3682,s1,grip_sustained10s
10182654,3678,s1,grip_sustained10s
10182656,3667,s1,grip_sustained10s
10182658,3671,s1,grip_sustained10s
10182660,3614,s1,grip_sustained10s
10182662,3475,s1,grip_sustained10s
10182664,3566,s1,grip_sustained10s
10182666,3583,s1,grip_sustained10s
10182668,3442,s1,grip_sustained10s
10182670,3381,s1,grip_sustained10s
10182672,3191,s1,grip_sustained10s
10182674,3061,s1,grip_sustained10s
10182676,3010,s1,grip_sustained10s
10182678,3071,s1,grip_sustained10s
10182680,3392,s1,grip_sustained10s
10182682,3530,s1,grip_sustained10s
10182684,3669,s1,grip_sustained10s
10182686,3677,s1,grip_sustained10s
10182688,3681,s1,grip_sustained10s
10182690,3665,s1,grip_sustained10s
10182692,3531,s1,grip_sustained10s
10182694,3371,s1,grip_sustained10s
10182696,3250,s1,grip_sustained10s
10182698,3178,s1,grip_sustained10s
10182700,3066,s1,grip_sustained10s
10182702,3630,s1,grip_sustained10s
10182704,3671,s1,grip_sustained10s
10182706,3677,s1,grip_sustained10s
10182708,3675,s1,grip_sustained10s
10182710,3679,s1,grip_sustained10s
10182712,3685,s1,grip_sustained10s
10182714,3681,s1,grip_sustained10s
10182716,3679,s1,grip_sustained10s
10182718,3677,s1,grip_sustained10s
10182720,3687,s1,grip_sustained10s
10182722,3675,s1,grip_sustained10s
10182724,3681,s1,grip_sustained10s
10182726,3682,s1,grip_sustained10s
10182728,3675,s1,grip_sustained10s
10182730,3675,s1,grip_sustained10s
10182732,3664,s1,grip_sustained10s
10182734,3680,s1,grip_sustained10s
10182736,3681,s1,grip_sustained10s
10182738,3671,s1,grip_sustained10s
10182740,3679,s1,grip_sustained10s
10182742,3683,s1,grip_sustained10s
10182744,3675,s1,grip_sustained10s
10182746,3679,s1,grip_sustained10s
10182748,3668,s1,grip_sustained10s
10182750,3674,s1,grip_sustained10s
10182752,3663,s1,grip_sustained10s
10182754,3507,s1,grip_sustained10s
10182756,3459,s1,grip_sustained10s
10182758,3302,s1,grip_sustained10s
10182760,3195,s1,grip_sustained10s
10182762,3120,s1,grip_sustained10s
10182764,2992,s1,grip_sustained10s
10182766,2866,s1,grip_sustained10s
10182768,2791,s1,grip_sustained10s
10182770,2773,s1,grip_sustained10s
10182772,2704,s1,grip_sustained10s
10182774,2592,s1,grip_sustained10s
10182776,2544,s1,grip_sustained10s
10182778,2559,s1,grip_sustained10s
10182780,2606,s1,grip_sustained10s
10182782,2511,s1,grip_sustained10s
10182784,2443,s1,grip_sustained10s
10182786,2490,s1,grip_sustained10s
10182788,2450,s1,grip_sustained10s
10182790,2419,s1,grip_sustained10s
10182792,2465,s1,grip_sustained10s
10182794,2499,s1,grip_sustained10s
10182796,2439,s1,grip_sustained10s
10182798,2388,s1,grip_sustained10s
10182800,2343,s1,grip_sustained10s
10182802,2283,s1,grip_sustained10s
10182804,2277,s1,grip_sustained10s
10182806,2352,s1,grip_sustained10s
10182808,2357,s1,grip_sustained10s
10182810,2395,s1,grip_sustained10s
10182812,2382,s1,grip_sustained10s
10182814,2629,s1,grip_sustained10s
10182816,2929,s1,grip_sustained10s
10182818,2864,s1,grip_sustained10s
10182820,2762,s1,grip_sustained10s
10182822,2752,s1,grip_sustained10s
10182824,2681,s1,grip_sustained10s
10182826,2590,s1,grip_sustained10s
10182828,2592,s1,grip_sustained10s
10182830,2527,s1,grip_sustained10s
10182832,2454,s1,grip_sustained10s
10182834,2395,s1,grip_sustained10s
10182836,2394,s1,grip_sustained10s
10182838,2341,s1,grip_sustained10s
10182840,2299,s1,grip_sustained10s
10182842,2395,s1,grip_sustained10s
10182844,2429,s1,grip_sustained10s
10182846,2374,s1,grip_sustained10s
10182848,2415,s1,grip_sustained10s
10182850,2592,s1,grip_sustained10s
10182852,2672,s1,grip_sustained10s
10182854,2641,s1,grip_sustained10s
10182856,2736,s1,grip_sustained10s
10182858,2762,s1,grip_sustained10s
10182860,2807,s1,grip_sustained10s
10182862,2785,s1,grip_sustained10s
10182864,3057,s1,grip_sustained10s
10182866,3022,s1,grip_sustained10s
10182868,3097,s1,grip_sustained10s
10182870,3056,s1,grip_sustained10s
10182872,2985,s1,grip_sustained10s
10182874,2863,s1,grip_sustained10s
10182876,2836,s1,grip_sustained10s
10182878,2871,s1,grip_sustained10s
10182880,2871,s1,grip_sustained10s
10182882,2896,s1,grip_sustained10s
10182884,2902,s1,grip_sustained10s
10182886,2943,s1,grip_sustained10s
10182888,2961,s1,grip_sustained10s
10182890,2857,s1,grip_sustained10s
10182892,2753,s1,grip_sustained10s
10182894,2863,s1,grip_sustained10s
10182896,2881,s1,grip_sustained10s
10182898,2994,s1,grip_sustained10s
10182900,2935,s1,grip_sustained10s
10182902,2873,s1,grip_sustained10s
10182904,2864,s1,grip_sustained10s
10182906,2891,s1,grip_sustained10s
10182908,2809,s1,grip_sustained10s
10182910,2704,s1,grip_sustained10s
10182912,2645,s1,grip_sustained10s
10182914,2722,s1,grip_sustained10s
10182916,2769,s1,grip_sustained10s
10182918,2667,s1,grip_sustained10s
10182920,2559,s1,grip_sustained10s
10182922,2475,s1,grip_sustained10s
10182924,2417,s1,grip_sustained10s
10182926,2420,s1,grip_sustained10s
10182928,2427,s1,grip_sustained10s
10182930,2416,s1,grip_sustained10s
10182932,2480,s1,grip_sustained10s
10182934,2418,s1,grip_sustained10s
10182936,2533,s1,grip_sustained10s
10182938,2515,s1,grip_sustained10s
10182940,2613,s1,grip_sustained10s
10182942,2681,s1,grip_sustained10s
10182944,2656,s1,grip_sustained10s
10182946,2645,s1,grip_sustained10s
10182948,2651,s1,grip_sustained10s
10182950,2559,s1,grip_sustained10s
10182952,2615,s1,grip_sustained10s
10182954,2589,s1,grip_sustained10s
10182956,2638,s1,grip_sustained10s
10182958,2649,s1,grip_sustained10s
10182960,2599,s1,grip_sustained10s
10182962,2497,s1,grip_sustained10s
10182964,2426,s1,grip_sustained10s
10182966,2339,s1,grip_sustained10s
10182968,2379,s1,grip_sustained10s
10182970,2445,s1,grip_sustained10s
10182972,2387,s1,grip_sustained10s
10182974,2391,s1,grip_sustained10s
10182976,2358,s1,grip_sustained10s
10182978,2384,s1,grip_sustained10s
10182980,2366,s1,grip_sustained10s
10182982,2340,s1,grip_sustained10s
10182984,2436,s1,grip_sustained10s
10182986,2370,s1,grip_sustained10s
10182988,2381,s1,grip_sustained10s
10182990,2438,s1,grip_sustained10s
10182992,2681,s1,grip_sustained10s
10182994,2698,s1,grip_sustained10s
10182996,2747,s1,grip_sustained10s
10182998,2813,s1,grip_sustained10s
10183000,2845,s1,grip_sustained10s
10183002,2875,s1,grip_sustained10s
10183004,2762,s1,grip_sustained10s
10183006,2761,s1,grip_sustained10s
10183008,2717,s1,grip_sustained10s
10183010,2734,s1,grip_sustained10s
10183012,2672,s1,grip_sustained10s
10183014,2583,s1,grip_sustained10s
10183016,2559,s1,grip_sustained10s
10183018,2624,s1,grip_sustained10s
10183020,2803,s1,grip_sustained10s
10183022,2786,s1,grip_sustained10s
10183024,2830,s1,grip_sustained10s
10183026,2991,s1,grip_sustained10s
10183028,3008,s1,grip_sustained10s
10183030,2942,s1,grip_sustained10s
10183032,2832,s1,grip_sustained10s
10183034,2880,s1,grip_sustained10s
10183036,3038,s1,grip_sustained10s
10183038,3069,s1,grip_sustained10s
10183040,3211,s1,grip_sustained10s
10183042,3119,s1,grip_sustained10s
10183044,2991,s1,grip_sustained10s
10183046,2895,s1,grip_sustained10s
10183048,2853,s1,grip_sustained10s
10183050,2765,s1,grip_sustained10s
10183052,2716,s1,grip_sustained10s
10183054,2679,s1,grip_sustained10s
10183056,2699,s1,grip_sustained10s
10183058,2611,s1,grip_sustained10s
10183060,2605,s1,grip_sustained10s
10183062,2589,s1,grip_sustained10s
10183064,2498,s1,grip_sustained10s
10183066,2433,s1,grip_sustained10s
10183068,2393,s1,grip_sustained10s
10183070,2465,s1,grip_sustained10s
10183072,2389,s1,grip_sustained10s
10183074,2421,s1,grip_sustained10s
10183076,2384,s1,grip_sustained10s
10183078,2346,s1,grip_sustained10s
10183080,2349,s1,grip_sustained10s
10183082,2363,s1,grip_sustained10s
10183084,2278,s1,grip_sustained10s
10183086,2227,s1,grip_sustained10s
10183088,2186,s1,grip_sustained10s
10183090,2251,s1,grip_sustained10s
10183092,2232,s1,grip_sustained10s
10183094,2271,s1,grip_sustained10s
10183096,2281,s1,grip_sustained10s
10183098,2501,s1,grip_sustained10s
10183100,2559,s1,grip_sustained10s
10183102,2486,s1,grip_sustained10s
10183104,2512,s1,grip_sustained10s
10183106,2551,s1,grip_sustained10s
10183108,2497,s1,grip_sustained10s
10183110,2466,s1,grip_sustained10s
10183112,2397,s1,grip_sustained10s
10183114,2399,s1,grip_sustained10s
10183116,2345,s1,grip_sustained10s
10183118,2302,s1,grip_sustained10s
10183120,2303,s1,grip_sustained10s
10183122,2238,s1,grip_sustained10s
10183124,2297,s1,grip_sustained10s
10183126,2342,s1,grip_sustained10s
10183128,2386,s1,grip_sustained10s
10183130,2410,s1,grip_sustained10s
10183132,2382,s1,grip_sustained10s
10183134,2319,s1,grip_sustained10s
10183136,2478,s1,grip_sustained10s
10183138,2463,s1,grip_sustained10s
10183140,2609,s1,grip_sustained10s
10183142,2627,s1,grip_sustained10s
10183144,2645,s1,grip_sustained10s
10183146,2593,s1,grip_sustained10s
10183148,2559,s1,grip_sustained10s
10183150,2545,s1,grip_sustained10s
10183152,2639,s1,grip_sustained10s
10183154,2637,s1,grip_sustained10s
10183156,2651,s1,grip_sustained10s
10183158,2714,s1,grip_sustained10s
10183160,2676,s1,grip_sustained10s
10183162,2666,s1,grip_sustained10s
10183164,2731,s1,grip_sustained10s
10183166,2666,s1,grip_sustained10s
10183168,2637,s1,grip_sustained10s
10183170,2645,s1,grip_sustained10s
10183172,2741,s1,grip_sustained10s
10183174,2695,s1,grip_sustained10s
10183176,2590,s1,grip_sustained10s
10183178,2528,s1,grip_sustained10s
10183180,2501,s1,grip_sustained10s
10183182,2423,s1,grip_sustained10s
10183184,2385,s1,grip_sustained10s
10183186,2559,s1,grip_sustained10s
10183188,2605,s1,grip_sustained10s
10183190,2687,s1,grip_sustained10s
10183192,2619,s1,grip_sustained10s
10183194,2655,s1,grip_sustained10s
10183196,2624,s1,grip_sustained10s
10183198,2659,s1,grip_sustained10s
10183200,2753,s1,grip_sustained10s
10183202,2957,s1,grip_sustained10s
10183204,2958,s1,grip_sustained10s
10183206,3182,s1,grip_sustained10s
10183208,3422,s1,grip_sustained10s
10183210,3285,s1,grip_sustained10s
10183212,3152,s1,grip_sustained10s
10183214,3085,s1,grip_sustained10s
10183216,2995,s1,grip_sustained10s
10183218,2957,s1,grip_sustained10s
10183220,2960,s1,grip_sustained10s
10183222,2930,s1,grip_sustained10s
10183224,2874,s1,grip_sustained10s
10183226,2755,s1,grip_sustained10s
10183228,2691,s1,grip_sustained10s
10183230,2590,s1,grip_sustained10s
10183232,2487,s1,grip_sustained10s
10183234,2400,s1,grip_sustained10s
10183236,2667,s1,grip_sustained10s
10183238,2699,s1,grip_sustained10s
10183240,2800,s1,grip_sustained10s
10183242,2906,s1,grip_sustained10s
10183244,2880,s1,grip_sustained10s
10183246,2967,s1,grip_sustained10s
10183248,2949,s1,grip_sustained10s
10183250,3026,s1,grip_sustained10s
10183252,2974,s1,grip_sustained10s
10183254,2877,s1,grip_sustained10s
10183256,2864,s1,grip_sustained10s
10183258,2791,s1,grip_sustained10s
10183260,2738,s1,grip_sustained10s
10183262,2678,s1,grip_sustained10s
10183264,2790,s1,grip_sustained10s
10183266,2802,s1,grip_sustained10s
10183268,2704,s1,grip_sustained10s
10183270,2682,s1,grip_sustained10s
10183272,2650,s1,grip_sustained10s
10183274,2742,s1,grip_sustained10s
10183276,2816,s1,grip_sustained10s
10183278,2813,s1,grip_sustained10s
10183280,2821,s1,grip_sustained10s
10183282,2871,s1,grip_sustained10s
10183284,2804,s1,grip_sustained10s
10183286,2864,s1,grip_sustained10s
10183288,2794,s1,grip_sustained10s
10183290,2791,s1,grip_sustained10s
10183292,2711,s1,grip_sustained10s
10183294,2711,s1,grip_sustained10s
10183296,2655,s1,grip_sustained10s
10183298,2624,s1,grip_sustained10s
10183300,2538,s1,grip_sustained10s
10183302,2544,s1,grip_sustained10s
10183304,2493,s1,grip_sustained10s
10183306,2516,s1,grip_sustained10s
10183308,2459,s1,grip_sustained10s
10183310,2433,s1,grip_sustained10s
10183312,2430,s1,grip_sustained10s
10183314,2519,s1,grip_sustained10s
10183316,2449,s1,grip_sustained10s
10183318,2420,s1,grip_sustained10s
10183320,2398,s1,grip_sustained10s
10183322,2415,s1,grip_sustained10s
10183324,2496,s1,grip_sustained10s
10183326,2417,s1,grip_sustained10s
10183328,2430,s1,grip_sustained10s
10183330,2406,s1,grip_sustained10s
10183332,2426,s1,grip_sustained10s
10183334,2361,s1,grip_sustained10s
10183336,2352,s1,grip_sustained10s
10183338,2311,s1,grip_sustained10s
10183340,2325,s1,grip_sustained10s
10183342,2285,s1,grip_sustained10s
10183344,2261,s1,grip_sustained10s
10183346,2229,s1,grip_sustained10s
10183348,2256,s1,grip_sustained10s
10183350,2165,s1,grip_sustained10s
10183352,2194,s1,grip_sustained10s
10183354,2160,s1,grip_sustained10s
10183356,2176,s1,grip_sustained10s
10183358,2128,s1,grip_sustained10s
10183360,2102,s1,grip_sustained10s
10183362,2068,s1,grip_sustained10s
10183364,2102,s1,grip_sustained10s
10183366,2128,s1,grip_sustained10s
10183368,2060,s1,grip_sustained10s
10183370,2023,s1,grip_sustained10s
10183372,1985,s1,grip_sustained10s
10183374,2055,s1,grip_sustained10s
10183376,2080,s1,grip_sustained10s
10183378,2131,s1,grip_sustained10s
10183380,2495,s1,grip_sustained10s
10183382,2527,s1,grip_sustained10s
10183384,2673,s1,grip_sustained10s
10183386,2608,s1,grip_sustained10s
10183388,2551,s1,grip_sustained10s
10183390,2523,s1,grip_sustained10s
10183392,2462,s1,grip_sustained10s
10183394,2464,s1,grip_sustained10s
10183396,2515,s1,grip_sustained10s
10183398,2513,s1,grip_sustained10s
10183400,2510,s1,grip_sustained10s
10183402,2535,s1,grip_sustained10s
10183404,2496,s1,grip_sustained10s
10183406,2494,s1,grip_sustained10s
10183408,2480,s1,grip_sustained10s
10183410,2416,s1,grip_sustained10s
10183412,2368,s1,grip_sustained10s
10183414,2450,s1,grip_sustained10s
10183416,2431,s1,grip_sustained10s
10183418,2382,s1,grip_sustained10s
10183420,2289,s1,grip_sustained10s
10183422,2229,s1,grip_sustained10s
10183424,2230,s1,grip_sustained10s
10183426,2256,s1,grip_sustained10s
10183428,2272,s1,grip_sustained10s
10183430,2339,s1,grip_sustained10s
10183432,2443,s1,grip_sustained10s
10183434,2439,s1,grip_sustained10s
10183436,2599,s1,grip_sustained10s
10183438,2559,s1,grip_sustained10s
10183440,2683,s1,grip_sustained10s
10183442,2797,s1,grip_sustained10s
10183444,2866,s1,grip_sustained10s
10183446,2815,s1,grip_sustained10s
10183448,2801,s1,grip_sustained10s
10183450,2766,s1,grip_sustained10s
10183452,2757,s1,grip_sustained10s
10183454,2711,s1,grip_sustained10s
10183456,2740,s1,grip_sustained10s
10183458,2693,s1,grip_sustained10s
10183460,2663,s1,grip_sustained10s
10183462,2646,s1,grip_sustained10s
10183464,2554,s1,grip_sustained10s
10183466,2512,s1,grip_sustained10s
10183468,2511,s1,grip_sustained10s
10183470,2559,s1,grip_sustained10s
10183472,2480,s1,grip_sustained10s
10183474,2439,s1,grip_sustained10s
10183476,2496,s1,grip_sustained10s
10183478,2592,s1,grip_sustained10s
10183480,2667,s1,grip_sustained10s
10183482,2559,s1,grip_sustained10s
10183484,2539,s1,grip_sustained10s
10183486,2588,s1,grip_sustained10s
10183488,2559,s1,grip_sustained10s
10183490,2499,s1,grip_sustained10s
10183492,2447,s1,grip_sustained10s
10183494,2499,s1,grip_sustained10s
10183496,2453,s1,grip_sustained10s
10183498,2427,s1,grip_sustained10s
10183500,2359,s1,grip_sustained10s
10183502,2352,s1,grip_sustained10s
10183504,2311,s1,grip_sustained10s
10183506,2335,s1,grip_sustained10s
10183508,2287,s1,grip_sustained10s
10183510,2230,s1,grip_sustained10s
10183512,2185,s1,grip_sustained10s
10183514,2227,s1,grip_sustained10s
10183516,2415,s1,grip_sustained10s
10183518,2449,s1,grip_sustained10s
10183520,2458,s1,grip_sustained10s
10183522,2589,s1,grip_sustained10s
10183524,2607,s1,grip_sustained10s
10183526,2617,s1,grip_sustained10s
10183528,2654,s1,grip_sustained10s
10183530,2673,s1,grip_sustained10s
10183532,2754,s1,grip_sustained10s
10183534,2665,s1,grip_sustained10s
10183536,2686,s1,grip_sustained10s
10183538,2608,s1,grip_sustained10s
10183540,2495,s1,grip_sustained10s
10183542,2442,s1,grip_sustained10s
10183544,2502,s1,grip_sustained10s
10183546,2471,s1,grip_sustained10s
10183548,2435,s1,grip_sustained10s
10183550,2389,s1,grip_sustained10s
10183552,2529,s1,grip_sustained10s
10183554,2506,s1,grip_sustained10s
10183556,2481,s1,grip_sustained10s
10183558,2411,s1,grip_sustained10s
10183560,2407,s1,grip_sustained10s
10183562,2390,s1,grip_sustained10s
10183564,2448,s1,grip_sustained10s
10183566,2461,s1,grip_sustained10s
10183568,2483,s1,grip_sustained10s
10183570,2481,s1,grip_sustained10s
10183572,2594,s1,grip_sustained10s
10183574,2711,s1,grip_sustained10s
10183576,2622,s1,grip_sustained10s
10183578,2559,s1,grip_sustained10s
10183580,2559,s1,grip_sustained10s
10183582,2500,s1,grip_sustained10s
10183584,2421,s1,grip_sustained10s
10183586,2416,s1,grip_sustained10s
10183588,2397,s1,grip_sustained10s
10183590,2374,s1,grip_sustained10s
10183592,2287,s1,grip_sustained10s
10183594,2285,s1,grip_sustained10s
10183596,2238,s1,grip_sustained10s
10183598,2256,s1,grip_sustained10s
10183600,2255,s1,grip_sustained10s
10183602,2249,s1,grip_sustained10s
10183604,2285,s1,grip_sustained10s
10183606,2359,s1,grip_sustained10s
10183608,2275,s1,grip_sustained10s
10183610,2192,s1,grip_sustained10s
10183612,2117,s1,grip_sustained10s
10183614,2105,s1,grip_sustained10s
10183616,2131,s1,grip_sustained10s
10183618,2058,s1,grip_sustained10s
10183620,1977,s1,grip_sustained10s
10183622,1931,s1,grip_sustained10s
10183624,1868,s1,grip_sustained10s
10183626,1907,s1,grip_sustained10s
10183628,1942,s1,grip_sustained10s
10183630,1936,s1,grip_sustained10s
10183632,1953,s1,grip_sustained10s
10183634,1966,s1,grip_sustained10s
10183636,2003,s1,grip_sustained10s
10183638,2005,s1,grip_sustained10s
10183640,2027,s1,grip_sustained10s
10183642,1953,s1,grip_sustained10s
10183644,1957,s1,grip_sustained10s
10183646,1923,s1,grip_sustained10s
10183648,1923,s1,grip_sustained10s
10183650,1941,s1,grip_sustained10s
10183652,2079,s1,grip_sustained10s
10183654,2092,s1,grip_sustained10s
10183656,2273,s1,grip_sustained10s
10183658,2254,s1,grip_sustained10s
10183660,2160,s1,grip_sustained10s
10183662,2181,s1,grip_sustained10s
10183664,2322,s1,grip_sustained10s
10183666,2322,s1,grip_sustained10s
10183668,2371,s1,grip_sustained10s
10183670,2347,s1,grip_sustained10s
10183672,2289,s1,grip_sustained10s
10183674,2224,s1,grip_sustained10s
10183676,2205,s1,grip_sustained10s
10183678,2181,s1,grip_sustained10s
10183680,2267,s1,grip_sustained10s
10183682,2275,s1,grip_sustained10s
10183684,2274,s1,grip_sustained10s
10183686,2271,s1,grip_sustained10s
10183688,2253,s1,grip_sustained10s
10183690,2208,s1,grip_sustained10s
10183692,2162,s1,grip_sustained10s
10183694,2225,s1,grip_sustained10s
10183696,2189,s1,grip_sustained10s
10183698,2159,s1,grip_sustained10s
10183700,2100,s1,grip_sustained10s
10183702,2109,s1,grip_sustained10s
10183704,2067,s1,grip_sustained10s
10183706,2064,s1,grip_sustained10s
10183708,2013,s1,grip_sustained10s
10183710,1957,s1,grip_sustained10s
10183712,1917,s1,grip_sustained10s
10183714,1899,s1,grip_sustained10s
10183716,1854,s1,grip_sustained10s
10183718,1835,s1,grip_sustained10s
10183720,1921,s1,grip_sustained10s
10183722,1879,s1,grip_sustained10s
10183724,1894,s1,grip_sustained10s
10183726,1872,s1,grip_sustained10s
10183728,1967,s1,grip_sustained10s
10183730,1921,s1,grip_sustained10s
10183732,1956,s1,grip_sustained10s
10183734,1906,s1,grip_sustained10s
10183736,1947,s1,grip_sustained10s
10183738,1903,s1,grip_sustained10s
10183740,1891,s1,grip_sustained10s
10183742,1856,s1,grip_sustained10s
10183744,1893,s1,grip_sustained10s
10183746,1904,s1,grip_sustained10s
10183748,2000,s1,grip_sustained10s
10183750,1967,s1,grip_sustained10s
10183752,1979,s1,grip_sustained10s
10183754,1954,s1,grip_sustained10s
10183756,2065,s1,grip_sustained10s
10183758,2103,s1,grip_sustained10s
10183760,2023,s1,grip_sustained10s
10183762,1981,s1,grip_sustained10s
10183764,2005,s1,grip_sustained10s
10183766,2007,s1,grip_sustained10s
10183768,2034,s1,grip_sustained10s
10183770,2161,s1,grip_sustained10s
10183772,2237,s1,grip_sustained10s
10183774,2236,s1,grip_sustained10s
10183776,2288,s1,grip_sustained10s
10183778,2285,s1,grip_sustained10s
10183780,2310,s1,grip_sustained10s
10183782,2224,s1,grip_sustained10s
10183784,2135,s1,grip_sustained10s
10183786,2130,s1,grip_sustained10s
10183788,2085,s1,grip_sustained10s
10183790,2032,s1,grip_sustained10s
10183792,1947,s1,grip_sustained10s
10183794,2000,s1,grip_sustained10s
10183796,1983,s1,grip_sustained10s
10183798,1974,s1,grip_sustained10s
10183800,1943,s1,grip_sustained10s
10183802,1933,s1,grip_sustained10s
10183804,1937,s1,grip_sustained10s
10183806,1939,s1,grip_sustained10s
10183808,1934,s1,grip_sustained10s
10183810,1914,s1,grip_sustained10s
10183812,1875,s1,grip_sustained10s
10183814,1847,s1,grip_sustained10s
10183816,1779,s1,grip_sustained10s
10183818,1823,s1,grip_sustained10s
10183820,1934,s1,grip_sustained10s
10183822,1920,s1,grip_sustained10s
10183824,1875,s1,grip_sustained10s
10183826,1829,s1,grip_sustained10s
10183828,1974,s1,grip_sustained10s
10183830,2031,s1,grip_sustained10s
10183832,2192,s1,grip_sustained10s
10183834,2179,s1,grip_sustained10s
10183836,2114,s1,grip_sustained10s
10183838,2138,s1,grip_sustained10s
10183840,2210,s1,grip_sustained10s
10183842,2192,s1,grip_sustained10s
10183844,2112,s1,grip_sustained10s
10183846,2083,s1,grip_sustained10s
10183848,2015,s1,grip_sustained10s
10183850,1933,s1,grip_sustained10s
10183852,1906,s1,grip_sustained10s
10183854,1936,s1,grip_sustained10s
10183856,1890,s1,grip_sustained10s
10183858,2001,s1,grip_sustained10s
10183860,2109,s1,grip_sustained10s
10183862,2108,s1,grip_sustained10s
10183864,2146,s1,grip_sustained10s
10183866,2173,s1,grip_sustained10s
10183868,2149,s1,grip_sustained10s
10183870,2139,s1,grip_sustained10s
10183872,2227,s1,grip_sustained10s
10183874,2189,s1,grip_sustained10s
10183876,2217,s1,grip_sustained10s
10183878,2250,s1,grip_sustained10s
10183880,2261,s1,grip_sustained10s
10183882,2384,s1,grip_sustained10s
10183884,2380,s1,grip_sustained10s
10183886,2394,s1,grip_sustained10s
10183888,2477,s1,grip_sustained10s
10183890,2438,s1,grip_sustained10s
10183892,2353,s1,grip_sustained10s
10183894,2381,s1,grip_sustained10s
10183896,2384,s1,grip_sustained10s
10183898,2479,s1,grip_sustained10s
10183900,2391,s1,grip_sustained10s
10183902,2393,s1,grip_sustained10s
10183904,2394,s1,grip_sustained10s
10183906,2379,s1,grip_sustained10s
10183908,2317,s1,grip_sustained10s
10183910,2246,s1,grip_sustained10s
10183912,2283,s1,grip_sustained10s
10183914,2384,s1,grip_sustained10s
10183916,2429,s1,grip_sustained10s
10183918,2480,s1,grip_sustained10s
10183920,2559,s1,grip_sustained10s
10183922,2661,s1,grip_sustained10s
10183924,2762,s1,grip_sustained10s
10183926,2721,s1,grip_sustained10s
10183928,2723,s1,grip_sustained10s
10183930,2673,s1,grip_sustained10s
10183932,2618,s1,grip_sustained10s
10183934,2507,s1,grip_sustained10s
10183936,2557,s1,grip_sustained10s
10183938,2514,s1,grip_sustained10s
10183940,2480,s1,grip_sustained10s
10183942,2432,s1,grip_sustained10s
10183944,2410,s1,grip_sustained10s
10183946,2326,s1,grip_sustained10s
10183948,2301,s1,grip_sustained10s
10183950,2239,s1,grip_sustained10s
10183952,2290,s1,grip_sustained10s
10183954,2400,s1,grip_sustained10s
10183956,2324,s1,grip_sustained10s
10183958,2268,s1,grip_sustained10s
10183960,2369,s1,grip_sustained10s
10183962,2539,s1,grip_sustained10s
10183964,2593,s1,grip_sustained10s
10183966,2606,s1,grip_sustained10s
10183968,2542,s1,grip_sustained10s
10183970,2459,s1,grip_sustained10s
10183972,2425,s1,grip_sustained10s
10183974,2407,s1,grip_sustained10s
10183976,2400,s1,grip_sustained10s
10183978,2423,s1,grip_sustained10s
10183980,2354,s1,grip_sustained10s
10183982,2397,s1,grip_sustained10s
10183984,2480,s1,grip_sustained10s
10183986,2645,s1,grip_sustained10s
10183988,2635,s1,grip_sustained10s
10183990,2677,s1,grip_sustained10s
10183992,2591,s1,grip_sustained10s
10183994,2622,s1,grip_sustained10s
10183996,2598,s1,grip_sustained10s
10183998,2641,s1,grip_sustained10s
10184000,2752,s1,grip_sustained10s
10184002,2726,s1,grip_sustained10s
10184004,2736,s1,grip_sustained10s
10184006,2845,s1,grip_sustained10s
10184008,2770,s1,grip_sustained10s
10184010,2724,s1,grip_sustained10s
10184012,2736,s1,grip_sustained10s
10184014,2660,s1,grip_sustained10s
10184016,2610,s1,grip_sustained10s
10184018,2526,s1,grip_sustained10s
10184020,2483,s1,grip_sustained10s
10184022,2544,s1,grip_sustained10s
10184024,2495,s1,grip_sustained10s
10184026,2405,s1,grip_sustained10s
10184028,2417,s1,grip_sustained10s
10184030,2414,s1,grip_sustained10s
10184032,2429,s1,grip_sustained10s
10184034,2354,s1,grip_sustained10s
10184036,2321,s1,grip_sustained10s
10184038,2299,s1,grip_sustained10s
10184040,2250,s1,grip_sustained10s
10184042,2185,s1,grip_sustained10s
10184044,2171,s1,grip_sustained10s
10184046,2130,s1,grip_sustained10s
10184048,2161,s1,grip_sustained10s
10184050,2119,s1,grip_sustained10s
10184052,2028,s1,grip_sustained10s
10184054,2064,s1,grip_sustained10s
10184056,2074,s1,grip_sustained10s
10184058,2032,s1,grip_sustained10s
10184060,1972,s1,grip_sustained10s
10184062,1936,s1,grip_sustained10s
10184064,1947,s1,grip_sustained10s
10184066,1929,s1,grip_sustained10s
10184068,1889,s1,grip_sustained10s
10184070,2037,s1,grip_sustained10s
10184072,2011,s1,grip_sustained10s
10184074,2112,s1,grip_sustained10s
10184076,2306,s1,grip_sustained10s
10184078,2446,s1,grip_sustained10s
10184080,2425,s1,grip_sustained10s
10184082,2618,s1,grip_sustained10s
10184084,2807,s1,grip_sustained10s
10184086,2784,s1,grip_sustained10s
10184088,2841,s1,grip_sustained10s
10184090,2902,s1,grip_sustained10s
10184092,2846,s1,grip_sustained10s
10184094,2829,s1,grip_sustained10s
10184096,2750,s1,grip_sustained10s
10184098,2782,s1,grip_sustained10s
10184100,2801,s1,grip_sustained10s
10184102,2690,s1,grip_sustained10s
10184104,2610,s1,grip_sustained10s
10184106,2609,s1,grip_sustained10s
10184108,2499,s1,grip_sustained10s
10184110,2414,s1,grip_sustained10s
10184112,2347,s1,grip_sustained10s
10184114,2345,s1,grip_sustained10s
10184116,2308,s1,grip_sustained10s
10184118,2364,s1,grip_sustained10s
10184120,2480,s1,grip_sustained10s
10184122,2624,s1,grip_sustained10s
10184124,2838,s1,grip_sustained10s
10184126,2793,s1,grip_sustained10s
10184128,2704,s1,grip_sustained10s
10184130,2641,s1,grip_sustained10s
10184132,2666,s1,grip_sustained10s
10184134,2599,s1,grip_sustained10s
10184136,2671,s1,grip_sustained10s
10184138,2640,s1,grip_sustained10s
10184140,2733,s1,grip_sustained10s
10184142,2653,s1,grip_sustained10s
10184144,2543,s1,grip_sustained10s
10184146,2473,s1,grip_sustained10s
10184148,2542,s1,grip_sustained10s
10184150,2586,s1,grip_sustained10s
10184152,2487,s1,grip_sustained10s
10184154,2480,s1,grip_sustained10s
10184156,2535,s1,grip_sustained10s
10184158,2455,s1,grip_sustained10s
10184160,2428,s1,grip_sustained10s
10184162,2509,s1,grip_sustained10s
10184164,2441,s1,grip_sustained10s
10184166,2359,s1,grip_sustained10s
10184168,2289,s1,grip_sustained10s
10184170,2356,s1,grip_sustained10s
10184172,2322,s1,grip_sustained10s
10184174,2301,s1,grip_sustained10s
10184176,2213,s1,grip_sustained10s
10184178,2203,s1,grip_sustained10s
10184180,2160,s1,grip_sustained10s
10184182,2107,s1,grip_sustained10s
10184184,2065,s1,grip_sustained10s
10184186,2058,s1,grip_sustained10s
10184188,2017,s1,grip_sustained10s
10184190,2001,s1,grip_sustained10s
10184192,2017,s1,grip_sustained10s
10184194,1973,s1,grip_sustained10s
10184196,1931,s1,grip_sustained10s
10184198,1951,s1,grip_sustained10s
10184200,1887,s1,grip_sustained10s
10184202,1830,s1,grip_sustained10s
10184204,1809,s1,grip_sustained10s
10184206,1895,s1,grip_sustained10s
10184208,2002,s1,grip_sustained10s
10184210,2022,s1,grip_sustained10s
10184212,1987,s1,grip_sustained10s
10184214,2031,s1,grip_sustained10s
10184216,2032,s1,grip_sustained10s
10184218,1997,s1,grip_sustained10s
10184220,1984,s1,grip_sustained10s
10184222,1913,s1,grip_sustained10s
10184224,1845,s1,grip_sustained10s
10184226,1779,s1,grip_sustained10s
10184228,1917,s1,grip_sustained10s
10184230,2043,s1,grip_sustained10s
10184232,2150,s1,grip_sustained10s
10184234,2117,s1,grip_sustained10s
10184236,2123,s1,grip_sustained10s
10184238,2109,s1,grip_sustained10s
10184240,2319,s1,grip_sustained10s
10184242,2339,s1,grip_sustained10s
10184244,2313,s1,grip_sustained10s
10184246,2245,s1,grip_sustained10s
10184248,2195,s1,grip_sustained10s
10184250,2198,s1,grip_sustained10s
10184252,2255,s1,grip_sustained10s
10184254,2277,s1,grip_sustained10s
10184256,2354,s1,grip_sustained10s
10184258,2311,s1,grip_sustained10s
10184260,2235,s1,grip_sustained10s
10184262,2192,s1,grip_sustained10s
10184264,2219,s1,grip_sustained10s
10184266,2224,s1,grip_sustained10s
10184268,2334,s1,grip_sustained10s
10184270,2443,s1,grip_sustained10s
10184272,2627,s1,grip_sustained10s
10184274,2714,s1,grip_sustained10s
10184276,2704,s1,grip_sustained10s
10184278,2688,s1,grip_sustained10s
10184280,2656,s1,grip_sustained10s
10184282,2615,s1,grip_sustained10s
10184284,2513,s1,grip_sustained10s
10184286,2559,s1,grip_sustained10s
10184288,2545,s1,grip_sustained10s
10184290,2535,s1,grip_sustained10s
10184292,2455,s1,grip_sustained10s
10184294,2449,s1,grip_sustained10s
10184296,2413,s1,grip_sustained10s
10184298,2482,s1,grip_sustained10s
10184300,2546,s1,grip_sustained10s
10184302,2559,s1,grip_sustained10s
10184304,2537,s1,grip_sustained10s
10184306,2701,s1,grip_sustained10s
10184308,2704,s1,grip_sustained10s
10184310,2612,s1,grip_sustained10s
10184312,2534,s1,grip_sustained10s
10184314,2559,s1,grip_sustained10s
10184316,2534,s1,grip_sustained10s
10184318,2433,s1,grip_sustained10s
10184320,2383,s1,grip_sustained10s
10184322,2379,s1,grip_sustained10s
10184324,2384,s1,grip_sustained10s
10184326,2448,s1,grip_sustained10s
10184328,2433,s1,grip_sustained10s
10184330,2458,s1,grip_sustained10s
10184332,2387,s1,grip_sustained10s
10184334,2288,s1,grip_sustained10s
10184336,2279,s1,grip_sustained10s
10184338,2237,s1,grip_sustained10s
10184340,2231,s1,grip_sustained10s
10184342,2175,s1,grip_sustained10s
10184344,2186,s1,grip_sustained10s
10184346,2293,s1,grip_sustained10s
10184348,2324,s1,grip_sustained10s
10184350,2335,s1,grip_sustained10s
10184352,2306,s1,grip_sustained10s
10184354,2288,s1,grip_sustained10s
10184356,2288,s1,grip_sustained10s
10184358,2243,s1,grip_sustained10s
10184360,2243,s1,grip_sustained10s
10184362,2272,s1,grip_sustained10s
10184364,2251,s1,grip_sustained10s
10184366,2315,s1,grip_sustained10s
10184368,2334,s1,grip_sustained10s
10184370,2318,s1,grip_sustained10s
10184372,2283,s1,grip_sustained10s
10184374,2244,s1,grip_sustained10s
10184376,2225,s1,grip_sustained10s
10184378,2293,s1,grip_sustained10s
10184380,2414,s1,grip_sustained10s
10184382,2559,s1,grip_sustained10s
10184384,2515,s1,grip_sustained10s
10184386,2441,s1,grip_sustained10s
10184388,2416,s1,grip_sustained10s
10184390,2499,s1,grip_sustained10s
10184392,2448,s1,grip_sustained10s
10184394,2459,s1,grip_sustained10s
10184396,2397,s1,grip_sustained10s
10184398,2384,s1,grip_sustained10s
10184400,2291,s1,grip_sustained10s
10184402,2321,s1,grip_sustained10s
10184404,2289,s1,grip_sustained10s
10184406,2288,s1,grip_sustained10s
10184408,2220,s1,grip_sustained10s
10184410,2192,s1,grip_sustained10s
10184412,2250,s1,grip_sustained10s
10184414,2192,s1,grip_sustained10s
10184416,2155,s1,grip_sustained10s
10184418,2119,s1,grip_sustained10s
10184420,2256,s1,grip_sustained10s
10184422,2303,s1,grip_sustained10s
10184424,2374,s1,grip_sustained10s
10184426,2297,s1,grip_sustained10s
10184428,2415,s1,grip_sustained10s
10184430,2379,s1,grip_sustained10s
10184432,2339,s1,grip_sustained10s
10184434,2375,s1,grip_sustained10s
10184436,2482,s1,grip_sustained10s
10184438,2443,s1,grip_sustained10s
10184440,2435,s1,grip_sustained10s
10184442,2362,s1,grip_sustained10s
10184444,2349,s1,grip_sustained10s
10184446,2407,s1,grip_sustained10s
10184448,2363,s1,grip_sustained10s
10184450,2299,s1,grip_sustained10s
10184452,2348,s1,grip_sustained10s
10184454,2389,s1,grip_sustained10s
10184456,2291,s1,grip_sustained10s
10184458,2239,s1,grip_sustained10s
10184460,2214,s1,grip_sustained10s
10184462,2209,s1,grip_sustained10s
10184464,2154,s1,grip_sustained10s
10184466,2130,s1,grip_sustained10s
10184468,2107,s1,grip_sustained10s
10184470,2093,s1,grip_sustained10s
10184472,2095,s1,grip_sustained10s
10184474,2094,s1,grip_sustained10s
10184476,2058,s1,grip_sustained10s
10184478,2186,s1,grip_sustained10s
10184480,2148,s1,grip_sustained10s
10184482,2254,s1,grip_sustained10s
10184484,2282,s1,grip_sustained10s
10184486,2226,s1,grip_sustained10s
10184488,2257,s1,grip_sustained10s
10184490,2208,s1,grip_sustained10s
10184492,2151,s1,grip_sustained10s
10184494,2262,s1,grip_sustained10s
10184496,2374,s1,grip_sustained10s
10184498,2320,s1,grip_sustained10s
10184500,2448,s1,grip_sustained10s
10184502,2629,s1,grip_sustained10s
10184504,2626,s1,grip_sustained10s
10184506,2651,s1,grip_sustained10s
10184508,2611,s1,grip_sustained10s
10184510,2513,s1,grip_sustained10s
10184512,2501,s1,grip_sustained10s
10184514,2602,s1,grip_sustained10s
10184516,2555,s1,grip_sustained10s
10184518,2605,s1,grip_sustained10s
10184520,2538,s1,grip_sustained10s
10184522,2515,s1,grip_sustained10s
10184524,2515,s1,grip_sustained10s
10184526,2449,s1,grip_sustained10s
10184528,2445,s1,grip_sustained10s
10184530,2449,s1,grip_sustained10s
10184532,2423,s1,grip_sustained10s
10184534,2350,s1,grip_sustained10s
10184536,2406,s1,grip_sustained10s
10184538,2381,s1,grip_sustained10s
10184540,2410,s1,grip_sustained10s
10184542,2384,s1,grip_sustained10s
10184544,2348,s1,grip_sustained10s
10184546,2291,s1,grip_sustained10s
10184548,2249,s1,grip_sustained10s
10184550,2187,s1,grip_sustained10s
10184552,2215,s1,grip_sustained10s
10184554,2213,s1,grip_sustained10s
10184556,2169,s1,grip_sustained10s
10184558,2160,s1,grip_sustained10s
10184560,2215,s1,grip_sustained10s
10184562,2224,s1,grip_sustained10s
10184564,2167,s1,grip_sustained10s
10184566,2166,s1,grip_sustained10s
10184568,2218,s1,grip_sustained10s
10184570,2309,s1,grip_sustained10s
10184572,2236,s1,grip_sustained10s
10184574,2263,s1,grip_sustained10s
10184576,2283,s1,grip_sustained10s
10184578,2478,s1,grip_sustained10s
10184580,2587,s1,grip_sustained10s
10184582,2512,s1,grip_sustained10s
10184584,2436,s1,grip_sustained10s
10184586,2370,s1,grip_sustained10s
10184588,2303,s1,grip_sustained10s
10184590,2327,s1,grip_sustained10s
10184592,2303,s1,grip_sustained10s
10184594,2289,s1,grip_sustained10s
10184596,2269,s1,grip_sustained10s
10184598,2209,s1,grip_sustained10s
10184600,2148,s1,grip_sustained10s
10184602,2147,s1,grip_sustained10s
10184604,2141,s1,grip_sustained10s
10184606,2134,s1,grip_sustained10s
10184608,2064,s1,grip_sustained10s
10184610,2003,s1,grip_sustained10s
10184612,1968,s1,grip_sustained10s
10184614,1965,s1,grip_sustained10s
10184616,1920,s1,grip_sustained10s
10184618,1902,s1,grip_sustained10s
10184620,1915,s1,grip_sustained10s
10184622,1862,s1,grip_sustained10s
10184624,1831,s1,grip_sustained10s
10184626,1870,s1,grip_sustained10s
10184628,1881,s1,grip_sustained10s
10184630,1808,s1,grip_sustained10s
10184632,1791,s1,grip_sustained10s
10184634,1808,s1,grip_sustained10s
10184636,1855,s1,grip_sustained10s
10184638,1894,s1,grip_sustained10s
10184640,1822,s1,grip_sustained10s
10184642,1905,s1,grip_sustained10s
10184644,2083,s1,grip_sustained10s
10184646,2096,s1,grip_sustained10s
10184648,2111,s1,grip_sustained10s
10184650,2025,s1,grip_sustained10s
10184652,2025,s1,grip_sustained10s
10184654,2059,s1,grip_sustained10s
10184656,2015,s1,grip_sustained10s
10184658,1983,s1,grip_sustained10s
10184660,1936,s1,grip_sustained10s
10184662,1904,s1,grip_sustained10s
10184664,1881,s1,grip_sustained10s
10184666,1965,s1,grip_sustained10s
10184668,1984,s1,grip_sustained10s
10184670,1987,s1,grip_sustained10s
10184672,2224,s1,grip_sustained10s
10184674,2256,s1,grip_sustained10s
10184676,2211,s1,grip_sustained10s
10184678,2187,s1,grip_sustained10s
10184680,2160,s1,grip_sustained10s
10184682,2160,s1,grip_sustained10s
10184684,2096,s1,grip_sustained10s
10184686,2058,s1,grip_sustained10s
10184688,2021,s1,grip_sustained10s
10184690,2047,s1,grip_sustained10s
10184692,2061,s1,grip_sustained10s
10184694,2072,s1,grip_sustained10s
10184696,2131,s1,grip_sustained10s
10184698,2066,s1,grip_sustained10s
10184700,1971,s1,grip_sustained10s
10184702,2015,s1,grip_sustained10s
10184704,2073,s1,grip_sustained10s
10184706,2032,s1,grip_sustained10s
10184708,1961,s1,grip_sustained10s
10184710,1907,s1,grip_sustained10s
10184712,1919,s1,grip_sustained10s
10184714,1941,s1,grip_sustained10s
10184716,1967,s1,grip_sustained10s
10184718,1945,s1,grip_sustained10s
10184720,1879,s1,grip_sustained10s
10184722,1899,s1,grip_sustained10s
10184724,1923,s1,grip_sustained10s
10184726,1865,s1,grip_sustained10s
10184728,1836,s1,grip_sustained10s
10184730,1808,s1,grip_sustained10s
10184732,1854,s1,grip_sustained10s
10184734,1822,s1,grip_sustained10s
10184736,1989,s1,grip_sustained10s
10184738,2019,s1,grip_sustained10s
10184740,2160,s1,grip_sustained10s
10184742,2258,s1,grip_sustained10s
10184744,2298,s1,grip_sustained10s
10184746,2267,s1,grip_sustained10s
10184748,2287,s1,grip_sustained10s
10184750,2287,s1,grip_sustained10s
10184752,2290,s1,grip_sustained10s
10184754,2354,s1,grip_sustained10s
10184756,2354,s1,grip_sustained10s
10184758,2389,s1,grip_sustained10s
10184760,2386,s1,grip_sustained10s
10184762,2367,s1,grip_sustained10s
10184764,2429,s1,grip_sustained10s
10184766,2384,s1,grip_sustained10s
10184768,2325,s1,grip_sustained10s
10184770,2320,s1,grip_sustained10s
10184772,2296,s1,grip_sustained10s
10184774,2293,s1,grip_sustained10s
10184776,2214,s1,grip_sustained10s
10184778,2224,s1,grip_sustained10s
10184780,2215,s1,grip_sustained10s
10184782,2346,s1,grip_sustained10s
10184784,2447,s1,grip_sustained10s
10184786,2477,s1,grip_sustained10s
10184788,2414,s1,grip_sustained10s
10184790,2390,s1,grip_sustained10s
10184792,2438,s1,grip_sustained10s
10184794,2647,s1,grip_sustained10s
10184796,2640,s1,grip_sustained10s
10184798,2613,s1,grip_sustained10s
10184800,2559,s1,grip_sustained10s
10184802,2646,s1,grip_sustained10s
10184804,2654,s1,grip_sustained10s
10184806,2819,s1,grip_sustained10s
10184808,2788,s1,grip_sustained10s
10184810,2704,s1,grip_sustained10s
10184812,2659,s1,grip_sustained10s
10184814,2783,s1,grip_sustained10s
10184816,2737,s1,grip_sustained10s
10184818,2666,s1,grip_sustained10s
10184820,2753,s1,grip_sustained10s
10184822,2719,s1,grip_sustained10s
10184824,2802,s1,grip_sustained10s
10184826,2846,s1,grip_sustained10s
10184828,2851,s1,grip_sustained10s
10184830,2816,s1,grip_sustained10s
10184832,2857,s1,grip_sustained10s
10184834,2779,s1,grip_sustained10s
10184836,2768,s1,grip_sustained10s
10184838,2723,s1,grip_sustained10s
10184840,2627,s1,grip_sustained10s
10184842,2512,s1,grip_sustained10s
10184844,2559,s1,grip_sustained10s
10184846,2551,s1,grip_sustained10s
10184848,2554,s1,grip_sustained10s
10184850,2475,s1,grip_sustained10s
10184852,2421,s1,grip_sustained10s
10184854,2418,s1,grip_sustained10s
10184856,2321,s1,grip_sustained10s
10184858,2260,s1,grip_sustained10s
10184860,2332,s1,grip_sustained10s
10184862,2347,s1,grip_sustained10s
10184864,2305,s1,grip_sustained10s
10184866,2255,s1,grip_sustained10s
10184868,2225,s1,grip_sustained10s
10184870,2278,s1,grip_sustained10s
10184872,2278,s1,grip_sustained10s
10184874,2339,s1,grip_sustained10s
10184876,2274,s1,grip_sustained10s
10184878,2198,s1,grip_sustained10s
10184880,2122,s1,grip_sustained10s
10184882,2033,s1,grip_sustained10s
10184884,1983,s1,grip_sustained10s
10184886,2014,s1,grip_sustained10s
10184888,1994,s1,grip_sustained10s
10184890,1978,s1,grip_sustained10s
10184892,1929,s1,grip_sustained10s
10184894,1929,s1,grip_sustained10s
10184896,1991,s1,grip_sustained10s
10184898,2032,s1,grip_sustained10s
10184900,2134,s1,grip_sustained10s
10184902,2096,s1,grip_sustained10s
10184904,2095,s1,grip_sustained10s
10184906,2002,s1,grip_sustained10s
10184908,2027,s1,grip_sustained10s
10184910,2031,s1,grip_sustained10s
10184912,2210,s1,grip_sustained10s
10184914,2251,s1,grip_sustained10s
10184916,2185,s1,grip_sustained10s
10184918,2137,s1,grip_sustained10s
10184920,2068,s1,grip_sustained10s
10184922,2011,s1,grip_sustained10s
10184924,1968,s1,grip_sustained10s
10184926,1910,s1,grip_sustained10s
10184928,1873,s1,grip_sustained10s
10184930,1889,s1,grip_sustained10s
10184932,1931,s1,grip_sustained10s
10184934,1906,s1,grip_sustained10s
10184936,1904,s1,grip_sustained10s
10184938,1955,s1,grip_sustained10s
10184940,2065,s1,grip_sustained10s
10184942,2083,s1,grip_sustained10s
10184944,2053,s1,grip_sustained10s
10184946,2000,s1,grip_sustained10s
10184948,2096,s1,grip_sustained10s
10184950,2063,s1,grip_sustained10s
10184952,2007,s1,grip_sustained10s
10184954,1966,s1,grip_sustained10s
10184956,1904,s1,grip_sustained10s
10184958,1847,s1,grip_sustained10s
10184960,1796,s1,grip_sustained10s
10184962,1820,s1,grip_sustained10s
10184964,1766,s1,grip_sustained10s
10184966,1711,s1,grip_sustained10s
10184968,1717,s1,grip_sustained10s
10184970,1919,s1,grip_sustained10s
10184972,1969,s1,grip_sustained10s
10184974,1982,s1,grip_sustained10s
10184976,2209,s1,grip_sustained10s
10184978,2448,s1,grip_sustained10s
10184980,2451,s1,grip_sustained10s
10184982,2521,s1,grip_sustained10s
10184984,2496,s1,grip_sustained10s
10184986,2624,s1,grip_sustained10s
10184988,2624,s1,grip_sustained10s
10184990,2714,s1,grip_sustained10s
10184992,2653,s1,grip_sustained10s
10184994,2597,s1,grip_sustained10s
10184996,2608,s1,grip_sustained10s
10184998,2536,s1,grip_sustained10s
10185000,2477,s1,grip_sustained10s
10185002,2411,s1,grip_sustained10s
10185004,2361,s1,grip_sustained10s
10185006,2345,s1,grip_sustained10s
10185008,2283,s1,grip_sustained10s
10185010,2247,s1,grip_sustained10s
10185012,2234,s1,grip_sustained10s
10185014,2335,s1,grip_sustained10s
10185016,2450,s1,grip_sustained10s
10185018,2407,s1,grip_sustained10s
10185020,2339,s1,grip_sustained10s
10185022,2310,s1,grip_sustained10s
10185024,2435,s1,grip_sustained10s
10185026,2466,s1,grip_sustained10s
10185028,2493,s1,grip_sustained10s
10185030,2464,s1,grip_sustained10s
10185032,2491,s1,grip_sustained10s
10185034,2411,s1,grip_sustained10s
10185036,2393,s1,grip_sustained10s
10185038,2336,s1,grip_sustained10s
10185040,2292,s1,grip_sustained10s
10185042,2303,s1,grip_sustained10s
10185044,2242,s1,grip_sustained10s
10185046,2197,s1,grip_sustained10s
10185048,2131,s1,grip_sustained10s
10185050,2107,s1,grip_sustained10s
10185052,2077,s1,grip_sustained10s
10185054,2059,s1,grip_sustained10s
10185056,2096,s1,grip_sustained10s
10185058,2058,s1,grip_sustained10s
10185060,2064,s1,grip_sustained10s
10185062,2041,s1,grip_sustained10s
10185064,2135,s1,grip_sustained10s
10185066,2155,s1,grip_sustained10s
10185068,2116,s1,grip_sustained10s
10185070,2116,s1,grip_sustained10s
10185072,2089,s1,grip_sustained10s
10185074,2097,s1,grip_sustained10s
10185076,2058,s1,grip_sustained10s
10185078,2128,s1,grip_sustained10s
10185080,2143,s1,grip_sustained10s
10185082,2262,s1,grip_sustained10s
10185084,2224,s1,grip_sustained10s
10185086,2169,s1,grip_sustained10s
10185088,2222,s1,grip_sustained10s
10185090,2333,s1,grip_sustained10s
10185092,2269,s1,grip_sustained10s
10185094,2198,s1,grip_sustained10s
10185096,2135,s1,grip_sustained10s
10185098,2139,s1,grip_sustained10s
10185100,2119,s1,grip_sustained10s
10185102,2127,s1,grip_sustained10s
10185104,2112,s1,grip_sustained10s
10185106,2096,s1,grip_sustained10s
10185108,2060,s1,grip_sustained10s
10185110,2058,s1,grip_sustained10s
10185112,2087,s1,grip_sustained10s
10185114,2047,s1,grip_sustained10s
10185116,2000,s1,grip_sustained10s
10185118,1971,s1,grip_sustained10s
10185120,1916,s1,grip_sustained10s
10185122,1889,s1,grip_sustained10s
10185124,1826,s1,grip_sustained10s
10185126,1777,s1,grip_sustained10s
10185128,1744,s1,grip_sustained10s
10185130,1801,s1,grip_sustained10s
10185132,1761,s1,grip_sustained10s
10185134,1728,s1,grip_sustained10s
10185136,1791,s1,grip_sustained10s
10185138,1792,s1,grip_sustained10s
10185140,1861,s1,grip_sustained10s
10185142,1823,s1,grip_sustained10s
10185144,1801,s1,grip_sustained10s
10185146,1833,s1,grip_sustained10s
10185148,1824,s1,grip_sustained10s
10185150,1884,s1,grip_sustained10s
10185152,1889,s1,grip_sustained10s
10185154,1843,s1,grip_sustained10s
10185156,1871,s1,grip_sustained10s
10185158,1847,s1,grip_sustained10s
10185160,1797,s1,grip_sustained10s
10185162,1762,s1,grip_sustained10s
10185164,1701,s1,grip_sustained10s
10185166,1729,s1,grip_sustained10s
10185168,1743,s1,grip_sustained10s
10185170,1962,s1,grip_sustained10s
10185172,1998,s1,grip_sustained10s
10185174,2090,s1,grip_sustained10s
10185176,2043,s1,grip_sustained10s
10185178,2045,s1,grip_sustained10s
10185180,2101,s1,grip_sustained10s
10185182,2110,s1,grip_sustained10s
10185184,2055,s1,grip_sustained10s
10185186,2000,s1,grip_sustained10s
10185188,1951,s1,grip_sustained10s
10185190,1982,s1,grip_sustained10s
10185192,1908,s1,grip_sustained10s
10185194,1873,s1,grip_sustained10s
10185196,1831,s1,grip_sustained10s
10185198,1853,s1,grip_sustained10s
10185200,1901,s1,grip_sustained10s
10185202,1964,s1,grip_sustained10s
10185204,1964,s1,grip_sustained10s
10185206,2079,s1,grip_sustained10s
10185208,2017,s1,grip_sustained10s
10185210,1963,s1,grip_sustained10s
10185212,2063,s1,grip_sustained10s
10185214,2037,s1,grip_sustained10s
10185216,2064,s1,grip_sustained10s
10185218,2081,s1,grip_sustained10s
10185220,2133,s1,grip_sustained10s
10185222,2161,s1,grip_sustained10s
10185224,2227,s1,grip_sustained10s
10185226,2193,s1,grip_sustained10s
10185228,2160,s1,grip_sustained10s
10185230,2165,s1,grip_sustained10s
10185232,2182,s1,grip_sustained10s
10185234,2125,s1,grip_sustained10s
10185236,2114,s1,grip_sustained10s
10185238,2064,s1,grip_sustained10s
10185240,2077,s1,grip_sustained10s
10185242,2000,s1,grip_sustained10s
10185244,2025,s1,grip_sustained10s
10185246,2076,s1,grip_sustained10s
10185248,2068,s1,grip_sustained10s
10185250,2027,s1,grip_sustained10s
10185252,2064,s1,grip_sustained10s
10185254,2135,s1,grip_sustained10s
10185256,2187,s1,grip_sustained10s
10185258,2224,s1,grip_sustained10s
10185260,2145,s1,grip_sustained10s
10185262,2122,s1,grip_sustained10s
10185264,2079,s1,grip_sustained10s
10185266,2006,s1,grip_sustained10s
10185268,1933,s1,grip_sustained10s
10185270,1942,s1,grip_sustained10s
10185272,1887,s1,grip_sustained10s
10185274,1883,s1,grip_sustained10s
10185276,1868,s1,grip_sustained10s
10185278,1853,s1,grip_sustained10s
10185280,1814,s1,grip_sustained10s
10185282,1845,s1,grip_sustained10s
10185284,1814,s1,grip_sustained10s
10185286,1843,s1,grip_sustained10s
10185288,1811,s1,grip_sustained10s
10185290,1871,s1,grip_sustained10s
10185292,1873,s1,grip_sustained10s
10185294,1921,s1,grip_sustained10s
10185296,1954,s1,grip_sustained10s
10185298,2167,s1,grip_sustained10s
10185300,2159,s1,grip_sustained10s
10185302,2174,s1,grip_sustained10s
10185304,2222,s1,grip_sustained10s
10185306,2181,s1,grip_sustained10s
10185308,2237,s1,grip_sustained10s
10185310,2252,s1,grip_sustained10s
10185312,2229,s1,grip_sustained10s
10185314,2258,s1,grip_sustained10s
10185316,2175,s1,grip_sustained10s
10185318,2116,s1,grip_sustained10s
10185320,2145,s1,grip_sustained10s
10185322,2145,s1,grip_sustained10s
10185324,2100,s1,grip_sustained10s
10185326,2017,s1,grip_sustained10s
10185328,2064,s1,grip_sustained10s
10185330,2031,s1,grip_sustained10s
10185332,2010,s1,grip_sustained10s
10185334,1946,s1,grip_sustained10s
10185336,1936,s1,grip_sustained10s
10185338,1932,s1,grip_sustained10s
10185340,1905,s1,grip_sustained10s
10185342,1937,s1,grip_sustained10s
10185344,1968,s1,grip_sustained10s
10185346,1920,s1,grip_sustained10s
10185348,2011,s1,grip_sustained10s
10185350,2007,s1,grip_sustained10s
10185352,1941,s1,grip_sustained10s
10185354,1911,s1,grip_sustained10s
10185356,1894,s1,grip_sustained10s
10185358,1854,s1,grip_sustained10s
10185360,1818,s1,grip_sustained10s
10185362,1823,s1,grip_sustained10s
10185364,1851,s1,grip_sustained10s
10185366,1821,s1,grip_sustained10s
10185368,1750,s1,grip_sustained10s
10185370,1770,s1,grip_sustained10s
10185372,1760,s1,grip_sustained10s
10185374,1713,s1,grip_sustained10s
10185376,1821,s1,grip_sustained10s
10185378,1954,s1,grip_sustained10s
10185380,1919,s1,grip_sustained10s
10185382,1918,s1,grip_sustained10s
10185384,1861,s1,grip_sustained10s
10185386,1869,s1,grip_sustained10s
10185388,1840,s1,grip_sustained10s
10185390,1878,s1,grip_sustained10s
10185392,1872,s1,grip_sustained10s
10185394,1827,s1,grip_sustained10s
10185396,1805,s1,grip_sustained10s
10185398,1801,s1,grip_sustained10s
10185400,1847,s1,grip_sustained10s
10185402,1943,s1,grip_sustained10s
10185404,1957,s1,grip_sustained10s
10185406,2098,s1,grip_sustained10s
10185408,2154,s1,grip_sustained10s
10185410,2096,s1,grip_sustained10s
10185412,2079,s1,grip_sustained10s
10185414,2161,s1,grip_sustained10s
10185416,2171,s1,grip_sustained10s
10185418,2096,s1,grip_sustained10s
10185420,2167,s1,grip_sustained10s
10185422,2150,s1,grip_sustained10s
10185424,2225,s1,grip_sustained10s
10185426,2154,s1,grip_sustained10s
10185428,2159,s1,grip_sustained10s
10185430,2134,s1,grip_sustained10s
10185432,2224,s1,grip_sustained10s
10185434,2175,s1,grip_sustained10s
10185436,2146,s1,grip_sustained10s
10185438,2112,s1,grip_sustained10s
10185440,2191,s1,grip_sustained10s
10185442,2149,s1,grip_sustained10s
10185444,2152,s1,grip_sustained10s
10185446,2099,s1,grip_sustained10s
10185448,2064,s1,grip_sustained10s
10185450,1975,s1,grip_sustained10s
10185452,1945,s1,grip_sustained10s
10185454,2000,s1,grip_sustained10s
10185456,1931,s1,grip_sustained10s
10185458,1917,s1,grip_sustained10s
10185460,1921,s1,grip_sustained10s
10185462,2081,s1,grip_sustained10s
10185464,2078,s1,grip_sustained10s
10185466,2032,s1,grip_sustained10s
10185468,2046,s1,grip_sustained10s
10185470,2034,s1,grip_sustained10s
10185472,1978,s1,grip_sustained10s
10185474,1936,s1,grip_sustained10s
10185476,1900,s1,grip_sustained10s
10185478,1903,s1,grip_sustained10s
10185480,1856,s1,grip_sustained10s
10185482,1850,s1,grip_sustained10s
10185484,1806,s1,grip_sustained10s
10185486,1866,s1,grip_sustained10s
10185488,1909,s1,grip_sustained10s
10185490,1933,s1,grip_sustained10s
10185492,1946,s1,grip_sustained10s
10185494,1904,s1,grip_sustained10s
10185496,1887,s1,grip_sustained10s
10185498,1834,s1,grip_sustained10s
10185500,1766,s1,grip_sustained10s
10185502,1727,s1,grip_sustained10s
10185504,1734,s1,grip_sustained10s
10185506,1670,s1,grip_sustained10s
10185508,1616,s1,grip_sustained10s
10185510,1569,s1,grip_sustained10s
10185512,1525,s1,grip_sustained10s
10185514,1569,s1,grip_sustained10s
10185516,1535,s1,grip_sustained10s
10185518,1488,s1,grip_sustained10s
10185520,1472,s1,grip_sustained10s
10185522,1455,s1,grip_sustained10s
10185524,1449,s1,grip_sustained10s
10185526,1383,s1,grip_sustained10s
10185528,1424,s1,grip_sustained10s
10185530,1424,s1,grip_sustained10s
10185532,1535,s1,grip_sustained10s
10185534,1521,s1,grip_sustained10s
10185536,1513,s1,grip_sustained10s
10185538,1479,s1,grip_sustained10s
10185540,1463,s1,grip_sustained10s
10185542,1424,s1,grip_sustained10s
10185544,1415,s1,grip_sustained10s
10185546,1373,s1,grip_sustained10s
10185548,1337,s1,grip_sustained10s
10185550,1318,s1,grip_sustained10s
10185552,1328,s1,grip_sustained10s
10185554,1458,s1,grip_sustained10s
10185556,1456,s1,grip_sustained10s
10185558,1455,s1,grip_sustained10s
10185560,1413,s1,grip_sustained10s
10185562,1456,s1,grip_sustained10s
10185564,1414,s1,grip_sustained10s
10185566,1371,s1,grip_sustained10s
10185568,1325,s1,grip_sustained10s
10185570,1392,s1,grip_sustained10s
10185572,1409,s1,grip_sustained10s
10185574,1446,s1,grip_sustained10s
10185576,1414,s1,grip_sustained10s
10185578,1426,s1,grip_sustained10s
10185580,1413,s1,grip_sustained10s
10185582,1452,s1,grip_sustained10s
10185584,1426,s1,grip_sustained10s
10185586,1424,s1,grip_sustained10s
10185588,1409,s1,grip_sustained10s
10185590,1381,s1,grip_sustained10s
10185592,1362,s1,grip_sustained10s
10185594,1415,s1,grip_sustained10s
10185596,1419,s1,grip_sustained10s
10185598,1445,s1,grip_sustained10s
10185600,1398,s1,grip_sustained10s
10185602,1413,s1,grip_sustained10s
10185604,1535,s1,grip_sustained10s
10185606,1527,s1,grip_sustained10s
10185608,1573,s1,grip_sustained10s
10185610,1616,s1,grip_sustained10s
10185612,1678,s1,grip_sustained10s
10185614,1751,s1,grip_sustained10s
10185616,1826,s1,grip_sustained10s
10185618,1783,s1,grip_sustained10s
10185620,1725,s1,grip_sustained10s
10185622,1776,s1,grip_sustained10s
10185624,1813,s1,grip_sustained10s
10185626,1789,s1,grip_sustained10s
10185628,1744,s1,grip_sustained10s
10185630,1745,s1,grip_sustained10s
10185632,1680,s1,grip_sustained10s
10185634,1635,s1,grip_sustained10s
10185636,1570,s1,grip_sustained10s
10185638,1505,s1,grip_sustained10s
10185640,1501,s1,grip_sustained10s
10185642,1456,s1,grip_sustained10s
10185644,1456,s1,grip_sustained10s
10185646,1457,s1,grip_sustained10s
10185648,1535,s1,grip_sustained10s
10185650,1655,s1,grip_sustained10s
10185652,1751,s1,grip_sustained10s
10185654,1770,s1,grip_sustained10s
10185656,1887,s1,grip_sustained10s
10185658,1933,s1,grip_sustained10s
10185660,1984,s1,grip_sustained10s
10185662,1995,s1,grip_sustained10s
10185664,2015,s1,grip_sustained10s
10185666,2115,s1,grip_sustained10s
10185668,2115,s1,grip_sustained10s
10185670,2097,s1,grip_sustained10s
10185672,2140,s1,grip_sustained10s
10185674,2160,s1,grip_sustained10s
10185676,2113,s1,grip_sustained10s
10185678,2148,s1,grip_sustained10s
10185680,2147,s1,grip_sustained10s
10185682,2192,s1,grip_sustained10s
10185684,2167,s1,grip_sustained10s
10185686,2214,s1,grip_sustained10s
10185688,2199,s1,grip_sustained10s
10185690,2352,s1,grip_sustained10s
10185692,2309,s1,grip_sustained10s
10185694,2278,s1,grip_sustained10s
10185696,2268,s1,grip_sustained10s
10185698,2213,s1,grip_sustained10s
10185700,2192,s1,grip_sustained10s
10185702,2202,s1,grip_sustained10s
10185704,2191,s1,grip_sustained10s
10185706,2220,s1,grip_sustained10s
10185708,2224,s1,grip_sustained10s
10185710,2144,s1,grip_sustained10s
10185712,2080,s1,grip_sustained10s
10185714,2015,s1,grip_sustained10s
10185716,1957,s1,grip_sustained10s
10185718,1971,s1,grip_sustained10s
10185720,2075,s1,grip_sustained10s
10185722,2059,s1,grip_sustained10s
10185724,2047,s1,grip_sustained10s
10185726,2002,s1,grip_sustained10s
10185728,2133,s1,grip_sustained10s
10185730,2147,s1,grip_sustained10s
10185732,2203,s1,grip_sustained10s
10185734,2181,s1,grip_sustained10s
10185736,2141,s1,grip_sustained10s
10185738,2096,s1,grip_sustained10s
10185740,2067,s1,grip_sustained10s
10185742,2016,s1,grip_sustained10s
10185744,2095,s1,grip_sustained10s
10185746,2127,s1,grip_sustained10s
10185748,2082,s1,grip_sustained10s
10185750,2079,s1,grip_sustained10s
10185752,2076,s1,grip_sustained10s
10185754,2044,s1,grip_sustained10s
10185756,2027,s1,grip_sustained10s
10185758,1999,s1,grip_sustained10s
10185760,1930,s1,grip_sustained10s
10185762,1902,s1,grip_sustained10s
10185764,2045,s1,grip_sustained10s
10185766,2055,s1,grip_sustained10s
10185768,2136,s1,grip_sustained10s
10185770,2182,s1,grip_sustained10s
10185772,2237,s1,grip_sustained10s
10185774,2214,s1,grip_sustained10s
10185776,2334,s1,grip_sustained10s
10185778,2415,s1,grip_sustained10s
10185780,2363,s1,grip_sustained10s
10185782,2333,s1,grip_sustained10s
10185784,2399,s1,grip_sustained10s
10185786,2445,s1,grip_sustained10s
10185788,2429,s1,grip_sustained10s
10185790,2453,s1,grip_sustained10s
10185792,2368,s1,grip_sustained10s
10185794,2341,s1,grip_sustained10s
10185796,2437,s1,grip_sustained10s
10185798,2412,s1,grip_sustained10s
10185800,2377,s1,grip_sustained10s
10185802,2421,s1,grip_sustained10s
10185804,2468,s1,grip_sustained10s
10185806,2411,s1,grip_sustained10s
10185808,2369,s1,grip_sustained10s
10185810,2303,s1,grip_sustained10s
10185812,2375,s1,grip_sustained10s
10185814,2439,s1,grip_sustained10s
10185816,2427,s1,grip_sustained10s
10185818,2494,s1,grip_sustained10s
10185820,2469,s1,grip_sustained10s
10185822,2387,s1,grip_sustained10s
10185824,2301,s1,grip_sustained10s
10185826,2225,s1,grip_sustained10s
10185828,2269,s1,grip_sustained10s
10185830,2222,s1,grip_sustained10s
10185832,2226,s1,grip_sustained10s
10185834,2339,s1,grip_sustained10s
10185836,2631,s1,grip_sustained10s
10185838,2606,s1,grip_sustained10s
10185840,2672,s1,grip_sustained10s
10185842,2879,s1,grip_sustained10s
10185844,3007,s1,grip_sustained10s
10185846,2977,s1,grip_sustained10s
10185848,2964,s1,grip_sustained10s
10185850,2882,s1,grip_sustained10s
10185852,2830,s1,grip_sustained10s
10185854,2970,s1,grip_sustained10s
10185856,2982,s1,grip_sustained10s
10185858,3019,s1,grip_sustained10s
10185860,2997,s1,grip_sustained10s
10185862,2945,s1,grip_sustained10s
10185864,2893,s1,grip_sustained10s
10185866,2828,s1,grip_sustained10s
10185868,2769,s1,grip_sustained10s
10185870,2645,s1,grip_sustained10s
10185872,2550,s1,grip_sustained10s
10185874,2434,s1,grip_sustained10s
10185876,2346,s1,grip_sustained10s
10185878,2370,s1,grip_sustained10s
10185880,2382,s1,grip_sustained10s
10185882,2355,s1,grip_sustained10s
10185884,2298,s1,grip_sustained10s
10185886,2256,s1,grip_sustained10s
10185888,2245,s1,grip_sustained10s
10185890,2327,s1,grip_sustained10s
10185892,2258,s1,grip_sustained10s
10185894,2189,s1,grip_sustained10s
10185896,2141,s1,grip_sustained10s
10185898,2237,s1,grip_sustained10s
10185900,2197,s1,grip_sustained10s
10185902,2143,s1,grip_sustained10s
10185904,2085,s1,grip_sustained10s
10185906,2087,s1,grip_sustained10s
10185908,2027,s1,grip_sustained10s
10185910,1967,s1,grip_sustained10s
10185912,1951,s1,grip_sustained10s
10185914,1947,s1,grip_sustained10s
10185916,1967,s1,grip_sustained10s
10185918,1936,s1,grip_sustained10s
10185920,1888,s1,grip_sustained10s
10185922,1904,s1,grip_sustained10s
10185924,1929,s1,grip_sustained10s
10185926,1966,s1,grip_sustained10s
10185928,1982,s1,grip_sustained10s
10185930,2029,s1,grip_sustained10s
10185932,2092,s1,grip_sustained10s
10185934,2078,s1,grip_sustained10s
10185936,2064,s1,grip_sustained10s
10185938,2021,s1,grip_sustained10s
10185940,2073,s1,grip_sustained10s
10185942,2019,s1,grip_sustained10s
10185944,2128,s1,grip_sustained10s
10185946,2178,s1,grip_sustained10s
10185948,2206,s1,grip_sustained10s
10185950,2224,s1,grip_sustained10s
10185952,2223,s1,grip_sustained10s
10185954,2259,s1,grip_sustained10s
10185956,2329,s1,grip_sustained10s
10185958,2448,s1,grip_sustained10s
10185960,2419,s1,grip_sustained10s
10185962,2416,s1,grip_sustained10s
10185964,2435,s1,grip_sustained10s
10185966,2416,s1,grip_sustained10s
10185968,2401,s1,grip_sustained10s
10185970,2487,s1,grip_sustained10s
10185972,2515,s1,grip_sustained10s
10185974,2473,s1,grip_sustained10s
10185976,2645,s1,grip_sustained10s
10185978,2688,s1,grip_sustained10s
10185980,2613,s1,grip_sustained10s
10185982,2544,s1,grip_sustained10s
10185984,2445,s1,grip_sustained10s
10185986,2549,s1,grip_sustained10s
10185988,2640,s1,grip_sustained10s
10185990,2640,s1,grip_sustained10s
10185992,2633,s1,grip_sustained10s
10185994,2658,s1,grip_sustained10s
10185996,2768,s1,grip_sustained10s
10185998,2743,s1,grip_sustained10s
10186000,2731,s1,grip_sustained10s
10186002,2679,s1,grip_sustained10s
10186004,2672,s1,grip_sustained10s
10186006,2596,s1,grip_sustained10s
10186008,2507,s1,grip_sustained10s
10186010,2417,s1,grip_sustained10s
10186012,2465,s1,grip_sustained10s
10186014,2461,s1,grip_sustained10s
10186016,2559,s1,grip_sustained10s
10186018,2525,s1,grip_sustained10s
10186020,2470,s1,grip_sustained10s
10186022,2403,s1,grip_sustained10s
10186024,2337,s1,grip_sustained10s
10186026,2278,s1,grip_sustained10s
10186028,2255,s1,grip_sustained10s
10186030,2195,s1,grip_sustained10s
10186032,2133,s1,grip_sustained10s
10186034,2131,s1,grip_sustained10s
10186036,2135,s1,grip_sustained10s
10186038,2105,s1,grip_sustained10s
10186040,2039,s1,grip_sustained10s
10186042,2000,s1,grip_sustained10s
10186044,1935,s1,grip_sustained10s
10186046,1922,s1,grip_sustained10s
10186048,1872,s1,grip_sustained10s
10186050,1825,s1,grip_sustained10s
10186052,1758,s1,grip_sustained10s
10186054,1731,s1,grip_sustained10s
10186056,1680,s1,grip_sustained10s
10186058,1628,s1,grip_sustained10s
10186060,1625,s1,grip_sustained10s
10186062,1728,s1,grip_sustained10s
10186064,1701,s1,grip_sustained10s
10186066,1693,s1,grip_sustained10s
10186068,1648,s1,grip_sustained10s
10186070,1707,s1,grip_sustained10s
10186072,1680,s1,grip_sustained10s
10186074,1701,s1,grip_sustained10s
10186076,1703,s1,grip_sustained10s
10186078,1695,s1,grip_sustained10s
10186080,1663,s1,grip_sustained10s
10186082,1622,s1,grip_sustained10s
10186084,1587,s1,grip_sustained10s
10186086,1893,s1,grip_sustained10s
10186088,2117,s1,grip_sustained10s
10186090,2170,s1,grip_sustained10s
10186092,2435,s1,grip_sustained10s
10186094,2649,s1,grip_sustained10s
10186096,2637,s1,grip_sustained10s
10186098,2662,s1,grip_sustained10s
10186100,2687,s1,grip_sustained10s
10186102,2608,s1,grip_sustained10s
10186104,2559,s1,grip_sustained10s
10186106,2496,s1,grip_sustained10s
10186108,2432,s1,grip_sustained10s
10186110,2407,s1,grip_sustained10s
10186112,2463,s1,grip_sustained10s
10186114,2464,s1,grip_sustained10s
10186116,2533,s1,grip_sustained10s
10186118,2471,s1,grip_sustained10s
10186120,2448,s1,grip_sustained10s
10186122,2395,s1,grip_sustained10s
10186124,2443,s1,grip_sustained10s
10186126,2403,s1,grip_sustained10s
10186128,2416,s1,grip_sustained10s
10186130,2352,s1,grip_sustained10s
10186132,2274,s1,grip_sustained10s
10186134,2276,s1,grip_sustained10s
10186136,2262,s1,grip_sustained10s
10186138,2323,s1,grip_sustained10s
10186140,2284,s1,grip_sustained10s
10186142,2230,s1,grip_sustained10s
10186144,2345,s1,grip_sustained10s
10186146,2365,s1,grip_sustained10s
10186148,2287,s1,grip_sustained10s
10186150,2210,s1,grip_sustained10s
10186152,2208,s1,grip_sustained10s
10186154,2320,s1,grip_sustained10s
10186156,2303,s1,grip_sustained10s
10186158,2337,s1,grip_sustained10s
10186160,2384,s1,grip_sustained10s
10186162,2448,s1,grip_sustained10s
10186164,2421,s1,grip_sustained10s
10186166,2499,s1,grip_sustained10s
10186168,2512,s1,grip_sustained10s
10186170,2539,s1,grip_sustained10s
10186172,2485,s1,grip_sustained10s
10186174,2498,s1,grip_sustained10s
10186176,2437,s1,grip_sustained10s
10186178,2402,s1,grip_sustained10s
10186180,2382,s1,grip_sustained10s
10186182,2416,s1,grip_sustained10s
10186184,2379,s1,grip_sustained10s
10186186,2339,s1,grip_sustained10s
10186188,2346,s1,grip_sustained10s
10186190,2423,s1,grip_sustained10s
10186192,2403,s1,grip_sustained10s
10186194,2320,s1,grip_sustained10s
10186196,2287,s1,grip_sustained10s
10186198,2350,s1,grip_sustained10s
10186200,2321,s1,grip_sustained10s
10186202,2289,s1,grip_sustained10s
10186204,2215,s1,grip_sustained10s
10186206,2205,s1,grip_sustained10s
10186208,2211,s1,grip_sustained10s
10186210,2167,s1,grip_sustained10s
10186212,2139,s1,grip_sustained10s
10186214,2090,s1,grip_sustained10s
10186216,1999,s1,grip_sustained10s
10186218,1913,s1,grip_sustained10s
10186220,1963,s1,grip_sustained10s
10186222,2054,s1,grip_sustained10s
10186224,2054,s1,grip_sustained10s
10186226,2223,s1,grip_sustained10s
10186228,2322,s1,grip_sustained10s
10186230,2298,s1,grip_sustained10s
10186232,2382,s1,grip_sustained10s
10186234,2323,s1,grip_sustained10s
10186236,2236,s1,grip_sustained10s
10186238,2163,s1,grip_sustained10s
10186240,2127,s1,grip_sustained10s
10186242,2066,s1,grip_sustained10s
10186244,2057,s1,grip_sustained10s
10186246,2035,s1,grip_sustained10s
10186248,2122,s1,grip_sustained10s
10186250,2115,s1,grip_sustained10s
10186252,2080,s1,grip_sustained10s
10186254,2002,s1,grip_sustained10s
10186256,1966,s1,grip_sustained10s
10186258,1947,s1,grip_sustained10s
10186260,1978,s1,grip_sustained10s
10186262,2064,s1,grip_sustained10s
10186264,2061,s1,grip_sustained10s
10186266,2131,s1,grip_sustained10s
10186268,2156,s1,grip_sustained10s
10186270,2107,s1,grip_sustained10s
10186272,2145,s1,grip_sustained10s
10186274,2262,s1,grip_sustained10s
10186276,2203,s1,grip_sustained10s
10186278,2175,s1,grip_sustained10s
10186280,2179,s1,grip_sustained10s
10186282,2274,s1,grip_sustained10s
10186284,2234,s1,grip_sustained10s
10186286,2249,s1,grip_sustained10s
10186288,2343,s1,grip_sustained10s
10186290,2320,s1,grip_sustained10s
10186292,2398,s1,grip_sustained10s
10186294,2415,s1,grip_sustained10s
10186296,2450,s1,grip_sustained10s
10186298,2419,s1,grip_sustained10s
10186300,2477,s1,grip_sustained10s
10186302,2431,s1,grip_sustained10s
10186304,2343,s1,grip_sustained10s
10186306,2322,s1,grip_sustained10s
10186308,2257,s1,grip_sustained10s
10186310,2195,s1,grip_sustained10s
10186312,2172,s1,grip_sustained10s
10186314,2160,s1,grip_sustained10s
10186316,2237,s1,grip_sustained10s
10186318,2197,s1,grip_sustained10s
10186320,2149,s1,grip_sustained10s
10186322,2117,s1,grip_sustained10s
10186324,2224,s1,grip_sustained10s
10186326,2192,s1,grip_sustained10s
10186328,2124,s1,grip_sustained10s
10186330,2086,s1,grip_sustained10s
10186332,2075,s1,grip_sustained10s
10186334,2015,s1,grip_sustained10s
10186336,2000,s1,grip_sustained10s
10186338,2035,s1,grip_sustained10s
10186340,2035,s1,grip_sustained10s
10186342,2155,s1,grip_sustained10s
10186344,2146,s1,grip_sustained10s
10186346,2151,s1,grip_sustained10s
10186348,2096,s1,grip_sustained10s
10186350,2047,s1,grip_sustained10s
10186352,1970,s1,grip_sustained10s
10186354,1971,s1,grip_sustained10s
10186356,1937,s1,grip_sustained10s
10186358,1883,s1,grip_sustained10s
10186360,1823,s1,grip_sustained10s
10186362,1875,s1,grip_sustained10s
10186364,1855,s1,grip_sustained10s
10186366,1867,s1,grip_sustained10s
10186368,1800,s1,grip_sustained10s
10186370,1808,s1,grip_sustained10s
10186372,1782,s1,grip_sustained10s
10186374,1801,s1,grip_sustained10s
10186376,1740,s1,grip_sustained10s
10186378,1725,s1,grip_sustained10s
10186380,1706,s1,grip_sustained10s
10186382,1758,s1,grip_sustained10s
10186384,1840,s1,grip_sustained10s
10186386,1813,s1,grip_sustained10s
10186388,1807,s1,grip_sustained10s
10186390,1774,s1,grip_sustained10s
10186392,1845,s1,grip_sustained10s
10186394,1808,s1,grip_sustained10s
10186396,1743,s1,grip_sustained10s
10186398,1694,s1,grip_sustained10s
10186400,1653,s1,grip_sustained10s
10186402,1610,s1,grip_sustained10s
10186404,1625,s1,grip_sustained10s
10186406,1617,s1,grip_sustained10s
10186408,1659,s1,grip_sustained10s
10186410,1611,s1,grip_sustained10s
10186412,1587,s1,grip_sustained10s
10186414,1564,s1,grip_sustained10s
10186416,1584,s1,grip_sustained10s
10186418,1561,s1,grip_sustained10s
10186420,1535,s1,grip_sustained10s
10186422,1525,s1,grip_sustained10s
10186424,1511,s1,grip_sustained10s
10186426,1583,s1,grip_sustained10s
10186428,1607,s1,grip_sustained10s
10186430,1664,s1,grip_sustained10s
10186432,1616,s1,grip_sustained10s
10186434,1650,s1,grip_sustained10s
10186436,1680,s1,grip_sustained10s
10186438,1670,s1,grip_sustained10s
10186440,1745,s1,grip_sustained10s
10186442,1762,s1,grip_sustained10s
10186444,1759,s1,grip_sustained10s
10186446,1889,s1,grip_sustained10s
10186448,1851,s1,grip_sustained10s
10186450,1778,s1,grip_sustained10s
10186452,1713,s1,grip_sustained10s
10186454,1744,s1,grip_sustained10s
10186456,1719,s1,grip_sustained10s
10186458,1712,s1,grip_sustained10s
10186460,1652,s1,grip_sustained10s
10186462,1739,s1,grip_sustained10s
10186464,1730,s1,grip_sustained10s
10186466,1751,s1,grip_sustained10s
10186468,1734,s1,grip_sustained10s
10186470,1818,s1,grip_sustained10s
10186472,1807,s1,grip_sustained10s
10186474,1859,s1,grip_sustained10s
10186476,1809,s1,grip_sustained10s
10186478,1790,s1,grip_sustained10s
10186480,1801,s1,grip_sustained10s
10186482,1893,s1,grip_sustained10s
10186484,1947,s1,grip_sustained10s
10186486,1872,s1,grip_sustained10s
10186488,1872,s1,grip_sustained10s
10186490,1933,s1,grip_sustained10s
10186492,1860,s1,grip_sustained10s
10186494,1830,s1,grip_sustained10s
10186496,1839,s1,grip_sustained10s
10186498,1904,s1,grip_sustained10s
10186500,1947,s1,grip_sustained10s
10186502,1872,s1,grip_sustained10s
10186504,1844,s1,grip_sustained10s
10186506,1855,s1,grip_sustained10s
10186508,1862,s1,grip_sustained10s
10186510,1803,s1,grip_sustained10s
10186512,1771,s1,grip_sustained10s
10186514,1785,s1,grip_sustained10s
10186516,1808,s1,grip_sustained10s
10186518,1745,s1,grip_sustained10s
10186520,1754,s1,grip_sustained10s
10186522,1700,s1,grip_sustained10s
10186524,1675,s1,grip_sustained10s
10186526,1639,s1,grip_sustained10s
10186528,1698,s1,grip_sustained10s
10186530,1757,s1,grip_sustained10s
10186532,1738,s1,grip_sustained10s
10186534,1779,s1,grip_sustained10s
10186536,1808,s1,grip_sustained10s
10186538,1806,s1,grip_sustained10s
10186540,1827,s1,grip_sustained10s
10186542,1763,s1,grip_sustained10s
10186544,1839,s1,grip_sustained10s
10186546,1951,s1,grip_sustained10s
10186548,1981,s1,grip_sustained10s
10186550,2137,s1,grip_sustained10s
10186552,2101,s1,grip_sustained10s
10186554,2054,s1,grip_sustained10s
10186556,2053,s1,grip_sustained10s
10186558,2065,s1,grip_sustained10s
10186560,1991,s1,grip_sustained10s
10186562,1949,s1,grip_sustained10s
10186564,1882,s1,grip_sustained10s
10186566,1837,s1,grip_sustained10s
10186568,1755,s1,grip_sustained10s
10186570,1923,s1,grip_sustained10s
10186572,2022,s1,grip_sustained10s
10186574,2012,s1,grip_sustained10s
10186576,2089,s1,grip_sustained10s
10186578,2140,s1,grip_sustained10s
10186580,2115,s1,grip_sustained10s
10186582,2137,s1,grip_sustained10s
10186584,2097,s1,grip_sustained10s
10186586,2083,s1,grip_sustained10s
10186588,2102,s1,grip_sustained10s
10186590,2064,s1,grip_sustained10s
10186592,1991,s1,grip_sustained10s
10186594,1990,s1,grip_sustained10s
10186596,2064,s1,grip_sustained10s
10186598,2041,s1,grip_sustained10s
10186600,2015,s1,grip_sustained10s
10186602,2017,s1,grip_sustained10s
10186604,2160,s1,grip_sustained10s
10186606,2171,s1,grip_sustained10s
10186608,2290,s1,grip_sustained10s
10186610,2247,s1,grip_sustained10s
10186612,2191,s1,grip_sustained10s
10186614,2106,s1,grip_sustained10s
10186616,2085,s1,grip_sustained10s
10186618,2055,s1,grip_sustained10s
10186620,1994,s1,grip_sustained10s
10186622,1936,s1,grip_sustained10s
10186624,1951,s1,grip_sustained10s
10186626,1889,s1,grip_sustained10s
10186628,1888,s1,grip_sustained10s
10186630,1898,s1,grip_sustained10s
10186632,1995,s1,grip_sustained10s
10186634,1971,s1,grip_sustained10s
10186636,1953,s1,grip_sustained10s
10186638,1936,s1,grip_sustained10s
10186640,1967,s1,grip_sustained10s
10186642,1931,s1,grip_sustained10s
10186644,1889,s1,grip_sustained10s
10186646,1915,s1,grip_sustained10s
10186648,1859,s1,grip_sustained10s
10186650,1827,s1,grip_sustained10s
10186652,1773,s1,grip_sustained10s
10186654,1819,s1,grip_sustained10s
10186656,1779,s1,grip_sustained10s
10186658,1761,s1,grip_sustained10s
10186660,1762,s1,grip_sustained10s
10186662,1762,s1,grip_sustained10s
10186664,1808,s1,grip_sustained10s
10186666,1853,s1,grip_sustained10s
10186668,1829,s1,grip_sustained10s
10186670,1834,s1,grip_sustained10s
10186672,1812,s1,grip_sustained10s
10186674,1807,s1,grip_sustained10s
10186676,1754,s1,grip_sustained10s
10186678,1717,s1,grip_sustained10s
10186680,1680,s1,grip_sustained10s
10186682,1686,s1,grip_sustained10s
10186684,1621,s1,grip_sustained10s
10186686,1595,s1,grip_sustained10s
10186688,1597,s1,grip_sustained10s
10186690,1637,s1,grip_sustained10s
10186692,1644,s1,grip_sustained10s
10186694,1614,s1,grip_sustained10s
10186696,1616,s1,grip_sustained10s
10186698,1636,s1,grip_sustained10s
10186700,1646,s1,grip_sustained10s
10186702,1635,s1,grip_sustained10s
10186704,1711,s1,grip_sustained10s
10186706,1695,s1,grip_sustained10s
10186708,1723,s1,grip_sustained10s
10186710,1846,s1,grip_sustained10s
10186712,1888,s1,grip_sustained10s
10186714,1861,s1,grip_sustained10s
10186716,1927,s1,grip_sustained10s
10186718,1943,s1,grip_sustained10s
10186720,1973,s1,grip_sustained10s
10186722,1963,s1,grip_sustained10s
10186724,1984,s1,grip_sustained10s
10186726,1915,s1,grip_sustained10s
10186728,1942,s1,grip_sustained10s
10186730,1949,s1,grip_sustained10s
10186732,2081,s1,grip_sustained10s
10186734,2033,s1,grip_sustained10s
10186736,2013,s1,grip_sustained10s
10186738,1982,s1,grip_sustained10s
10186740,1991,s1,grip_sustained10s
10186742,1975,s1,grip_sustained10s
10186744,1926,s1,grip_sustained10s
10186746,1877,s1,grip_sustained10s
10186748,1893,s1,grip_sustained10s
10186750,1900,s1,grip_sustained10s
10186752,1872,s1,grip_sustained10s
10186754,1941,s1,grip_sustained10s
10186756,2032,s1,grip_sustained10s
10186758,2160,s1,grip_sustained10s
10186760,2085,s1,grip_sustained10s
10186762,2025,s1,grip_sustained10s
10186764,1954,s1,grip_sustained10s
10186766,1952,s1,grip_sustained10s
10186768,1949,s1,grip_sustained10s
10186770,1958,s1,grip_sustained10s
10186772,1920,s1,grip_sustained10s
10186774,1934,s1,grip_sustained10s
10186776,1850,s1,grip_sustained10s
10186778,1827,s1,grip_sustained10s
10186780,1859,s1,grip_sustained10s
10186782,1854,s1,grip_sustained10s
10186784,1862,s1,grip_sustained10s
10186786,1819,s1,grip_sustained10s
10186788,1830,s1,grip_sustained10s
10186790,1835,s1,grip_sustained10s
10186792,1840,s1,grip_sustained10s
10186794,1774,s1,grip_sustained10s
10186796,1827,s1,grip_sustained10s
10186798,1837,s1,grip_sustained10s
10186800,1850,s1,grip_sustained10s
10186802,1787,s1,grip_sustained10s
10186804,1969,s1,grip_sustained10s
10186806,1987,s1,grip_sustained10s
10186808,2142,s1,grip_sustained10s
10186810,2128,s1,grip_sustained10s
10186812,2165,s1,grip_sustained10s
10186814,2151,s1,grip_sustained10s
10186816,2225,s1,grip_sustained10s
10186818,2160,s1,grip_sustained10s
10186820,2090,s1,grip_sustained10s
10186822,2074,s1,grip_sustained10s
10186824,1999,s1,grip_sustained10s
10186826,1917,s1,grip_sustained10s
10186828,1855,s1,grip_sustained10s
10186830,1819,s1,grip_sustained10s
10186832,1856,s1,grip_sustained10s
10186834,1803,s1,grip_sustained10s
10186836,1775,s1,grip_sustained10s
10186838,1754,s1,grip_sustained10s
10186840,1875,s1,grip_sustained10s
10186842,1887,s1,grip_sustained10s
10186844,1834,s1,grip_sustained10s
10186846,1845,s1,grip_sustained10s
10186848,1829,s1,grip_sustained10s
10186850,1839,s1,grip_sustained10s
10186852,1885,s1,grip_sustained10s
10186854,1984,s1,grip_sustained10s
10186856,2017,s1,grip_sustained10s
10186858,2103,s1,grip_sustained10s
10186860,2039,s1,grip_sustained10s
10186862,2061,s1,grip_sustained10s
10186864,2005,s1,grip_sustained10s
10186866,2017,s1,grip_sustained10s
10186868,1955,s1,grip_sustained10s
10186870,1928,s1,grip_sustained10s
10186872,1931,s1,grip_sustained10s
10186874,1855,s1,grip_sustained10s
10186876,1781,s1,grip_sustained10s
10186878,1778,s1,grip_sustained10s
10186880,1853,s1,grip_sustained10s
10186882,1777,s1,grip_sustained10s
10186884,1733,s1,grip_sustained10s
10186886,1717,s1,grip_sustained10s
10186888,1763,s1,grip_sustained10s
10186890,1750,s1,grip_sustained10s
10186892,1775,s1,grip_sustained10s
10186894,1749,s1,grip_sustained10s
10186896,1753,s1,grip_sustained10s
10186898,1757,s1,grip_sustained10s
10186900,1808,s1,grip_sustained10s
10186902,1779,s1,grip_sustained10s
10186904,1744,s1,grip_sustained10s
10186906,1730,s1,grip_sustained10s
10186908,1757,s1,grip_sustained10s
10186910,1707,s1,grip_sustained10s
10186912,1669,s1,grip_sustained10s
10186914,1608,s1,grip_sustained10s
10186916,1535,s1,grip_sustained10s
10186918,1488,s1,grip_sustained10s
10186920,1527,s1,grip_sustained10s
10186922,1527,s1,grip_sustained10s
10186924,1582,s1,grip_sustained10s
10186926,1535,s1,grip_sustained10s
10186928,1558,s1,grip_sustained10s
10186930,1648,s1,grip_sustained10s
10186932,1610,s1,grip_sustained10s
10186934,1585,s1,grip_sustained10s
10186936,1586,s1,grip_sustained10s
10186938,1643,s1,grip_sustained10s
10186940,1684,s1,grip_sustained10s
10186942,1670,s1,grip_sustained10s
10186944,1631,s1,grip_sustained10s
10186946,1680,s1,grip_sustained10s
10186948,1701,s1,grip_sustained10s
10186950,1743,s1,grip_sustained10s
10186952,1684,s1,grip_sustained10s
10186954,1700,s1,grip_sustained10s
10186956,1653,s1,grip_sustained10s
10186958,1663,s1,grip_sustained10s
10186960,1669,s1,grip_sustained10s
10186962,1634,s1,grip_sustained10s
10186964,1664,s1,grip_sustained10s
10186966,1632,s1,grip_sustained10s
10186968,1562,s1,grip_sustained10s
10186970,1607,s1,grip_sustained10s
10186972,1614,s1,grip_sustained10s
10186974,1703,s1,grip_sustained10s
10186976,1643,s1,grip_sustained10s
10186978,1700,s1,grip_sustained10s
10186980,1727,s1,grip_sustained10s
10186982,1904,s1,grip_sustained10s
10186984,1895,s1,grip_sustained10s
10186986,1875,s1,grip_sustained10s
10186988,1870,s1,grip_sustained10s
10186990,1915,s1,grip_sustained10s
10186992,1943,s1,grip_sustained10s
10186994,1872,s1,grip_sustained10s
10186996,1899,s1,grip_sustained10s
10186998,1903,s1,grip_sustained10s
10187000,1853,s1,grip_sustained10s
10187002,1773,s1,grip_sustained10s
10187004,1803,s1,grip_sustained10s
10187006,1786,s1,grip_sustained10s
10187008,1763,s1,grip_sustained10s
10187010,1745,s1,grip_sustained10s
10187012,1878,s1,grip_sustained10s
10187014,1913,s1,grip_sustained10s
10187016,1950,s1,grip_sustained10s
10187018,1968,s1,grip_sustained10s
10187020,1961,s1,grip_sustained10s
10187022,1915,s1,grip_sustained10s
10187024,1857,s1,grip_sustained10s
10187026,1799,s1,grip_sustained10s
10187028,1789,s1,grip_sustained10s
10187030,1783,s1,grip_sustained10s
10187032,1770,s1,grip_sustained10s
10187034,1723,s1,grip_sustained10s
10187036,1726,s1,grip_sustained10s
10187038,1829,s1,grip_sustained10s
10187040,1803,s1,grip_sustained10s
10187042,1867,s1,grip_sustained10s
10187044,1905,s1,grip_sustained10s
10187046,1936,s1,grip_sustained10s
10187048,1951,s1,grip_sustained10s
10187050,2029,s1,grip_sustained10s
10187052,1995,s1,grip_sustained10s
10187054,2034,s1,grip_sustained10s
10187056,1993,s1,grip_sustained10s
10187058,2039,s1,grip_sustained10s
10187060,2031,s1,grip_sustained10s
10187062,2065,s1,grip_sustained10s
10187064,2095,s1,grip_sustained10s
10187066,2245,s1,grip_sustained10s
10187068,2208,s1,grip_sustained10s
10187070,2235,s1,grip_sustained10s
10187072,2186,s1,grip_sustained10s
10187074,2118,s1,grip_sustained10s
10187076,2126,s1,grip_sustained10s
10187078,2109,s1,grip_sustained10s
10187080,2111,s1,grip_sustained10s
10187082,2226,s1,grip_sustained10s
10187084,2246,s1,grip_sustained10s
10187086,2183,s1,grip_sustained10s
10187088,2129,s1,grip_sustained10s
10187090,2115,s1,grip_sustained10s
10187092,2064,s1,grip_sustained10s
10187094,1975,s1,grip_sustained10s
10187096,2015,s1,grip_sustained10s
10187098,1997,s1,grip_sustained10s
10187100,2009,s1,grip_sustained10s
10187102,1967,s1,grip_sustained10s
10187104,2003,s1,grip_sustained10s
10187106,1970,s1,grip_sustained10s
10187108,1931,s1,grip_sustained10s
10187110,1852,s1,grip_sustained10s
10187112,1787,s1,grip_sustained10s
10187114,1818,s1,grip_sustained10s
10187116,1799,s1,grip_sustained10s
10187118,1841,s1,grip_sustained10s
10187120,1835,s1,grip_sustained10s
10187122,1798,s1,grip_sustained10s
10187124,1788,s1,grip_sustained10s
10187126,1731,s1,grip_sustained10s
10187128,1703,s1,grip_sustained10s
10187130,1775,s1,grip_sustained10s
10187132,1712,s1,grip_sustained10s
10187134,1741,s1,grip_sustained10s
10187136,1731,s1,grip_sustained10s
10187138,1851,s1,grip_sustained10s
10187140,1810,s1,grip_sustained10s
10187142,1805,s1,grip_sustained10s
10187144,1804,s1,grip_sustained10s
10187146,1840,s1,grip_sustained10s
10187148,1819,s1,grip_sustained10s
10187150,1882,s1,grip_sustained10s
10187152,1857,s1,grip_sustained10s
10187154,1812,s1,grip_sustained10s
10187156,1799,s1,grip_sustained10s
10187158,1766,s1,grip_sustained10s
10187160,1706,s1,grip_sustained10s
10187162,1700,s1,grip_sustained10s
10187164,1667,s1,grip_sustained10s
10187166,1610,s1,grip_sustained10s
10187168,1566,s1,grip_sustained10s
10187170,1610,s1,grip_sustained10s
10187172,1617,s1,grip_sustained10s
10187174,1717,s1,grip_sustained10s
10187176,1823,s1,grip_sustained10s
10187178,1879,s1,grip_sustained10s
10187180,1853,s1,grip_sustained10s
10187182,1913,s1,grip_sustained10s
10187184,1966,s1,grip_sustained10s
10187186,1988,s1,grip_sustained10s
10187188,2025,s1,grip_sustained10s
10187190,2032,s1,grip_sustained10s
10187192,2031,s1,grip_sustained10s
10187194,2055,s1,grip_sustained10s
10187196,1982,s1,grip_sustained10s
10187198,1995,s1,grip_sustained10s
10187200,1959,s1,grip_sustained10s
10187202,1910,s1,grip_sustained10s
10187204,2023,s1,grip_sustained10s
10187206,1974,s1,grip_sustained10s
10187208,2039,s1,grip_sustained10s
10187210,2036,s1,grip_sustained10s
10187212,2087,s1,grip_sustained10s
10187214,2047,s1,grip_sustained10s
10187216,2096,s1,grip_sustained10s
10187218,2064,s1,grip_sustained10s
10187220,2031,s1,grip_sustained10s
10187222,2046,s1,grip_sustained10s
10187224,1970,s1,grip_sustained10s
10187226,2015,s1,grip_sustained10s
10187228,2217,s1,grip_sustained10s
10187230,2313,s1,grip_sustained10s
10187232,2320,s1,grip_sustained10s
10187234,2384,s1,grip_sustained10s
10187236,2401,s1,grip_sustained10s
10187238,2414,s1,grip_sustained10s
10187240,2407,s1,grip_sustained10s
10187242,2353,s1,grip_sustained10s
10187244,2289,s1,grip_sustained10s
10187246,2314,s1,grip_sustained10s
10187248,2293,s1,grip_sustained10s
10187250,2269,s1,grip_sustained10s
10187252,2177,s1,grip_sustained10s
10187254,2160,s1,grip_sustained10s
10187256,2097,s1,grip_sustained10s
10187258,2092,s1,grip_sustained10s
10187260,2032,s1,grip_sustained10s
10187262,1956,s1,grip_sustained10s
10187264,1955,s1,grip_sustained10s
10187266,2031,s1,grip_sustained10s
10187268,1975,s1,grip_sustained10s
10187270,1917,s1,grip_sustained10s
10187272,1932,s1,grip_sustained10s
10187274,1969,s1,grip_sustained10s
10187276,1937,s1,grip_sustained10s
10187278,1968,s1,grip_sustained10s
10187280,1952,s1,grip_sustained10s
10187282,2062,s1,grip_sustained10s
10187284,2031,s1,grip_sustained10s
10187286,1955,s1,grip_sustained10s
10187288,1942,s1,grip_sustained10s
10187290,1983,s1,grip_sustained10s
10187292,1945,s1,grip_sustained10s
10187294,1884,s1,grip_sustained10s
10187296,1904,s1,grip_sustained10s
10187298,1879,s1,grip_sustained10s
10187300,1914,s1,grip_sustained10s
10187302,1858,s1,grip_sustained10s
10187304,1935,s1,grip_sustained10s
10187306,1902,s1,grip_sustained10s
10187308,1846,s1,grip_sustained10s
10187310,1870,s1,grip_sustained10s
10187312,1955,s1,grip_sustained10s
10187314,1917,s1,grip_sustained10s
10187316,1888,s1,grip_sustained10s
10187318,1812,s1,grip_sustained10s
10187320,1899,s1,grip_sustained10s
10187322,1916,s1,grip_sustained10s
10187324,2060,s1,grip_sustained10s
10187326,2101,s1,grip_sustained10s
10187328,2035,s1,grip_sustained10s
10187330,1985,s1,grip_sustained10s
10187332,2013,s1,grip_sustained10s
10187334,2125,s1,grip_sustained10s
10187336,2182,s1,grip_sustained10s
10187338,2180,s1,grip_sustained10s
10187340,2278,s1,grip_sustained10s
10187342,2320,s1,grip_sustained10s
10187344,2256,s1,grip_sustained10s
10187346,2257,s1,grip_sustained10s
10187348,2215,s1,grip_sustained10s
10187350,2195,s1,grip_sustained10s
10187352,2160,s1,grip_sustained10s
10187354,2206,s1,grip_sustained10s
10187356,2156,s1,grip_sustained10s
10187358,2102,s1,grip_sustained10s
10187360,2061,s1,grip_sustained10s
10187362,2110,s1,grip_sustained10s
10187364,2100,s1,grip_sustained10s
10187366,2078,s1,grip_sustained10s
10187368,2066,s1,grip_sustained10s
10187370,2163,s1,grip_sustained10s
10187372,2245,s1,grip_sustained10s
10187374,2288,s1,grip_sustained10s
10187376,2381,s1,grip_sustained10s
10187378,2415,s1,grip_sustained10s
10187380,2500,s1,grip_sustained10s
10187382,2479,s1,grip_sustained10s
10187384,2479,s1,grip_sustained10s
10187386,2486,s1,grip_sustained10s
10187388,2549,s1,grip_sustained10s
10187390,2499,s1,grip_sustained10s
10187392,2406,s1,grip_sustained10s
10187394,2323,s1,grip_sustained10s
10187396,2395,s1,grip_sustained10s
10187398,2348,s1,grip_sustained10s
10187400,2302,s1,grip_sustained10s
10187402,2247,s1,grip_sustained10s
10187404,2333,s1,grip_sustained10s
10187406,2318,s1,grip_sustained10s
10187408,2388,s1,grip_sustained10s
10187410,2349,s1,grip_sustained10s
10187412,2332,s1,grip_sustained10s
10187414,2272,s1,grip_sustained10s
10187416,2302,s1,grip_sustained10s
10187418,2239,s1,grip_sustained10s
10187420,2199,s1,grip_sustained10s
10187422,2162,s1,grip_sustained10s
10187424,2106,s1,grip_sustained10s
10187426,2035,s1,grip_sustained10s
10187428,2085,s1,grip_sustained10s
10187430,2216,s1,grip_sustained10s
10187432,2173,s1,grip_sustained10s
10187434,2167,s1,grip_sustained10s
10187436,2146,s1,grip_sustained10s
10187438,2163,s1,grip_sustained10s
10187440,2161,s1,grip_sustained10s
10187442,2169,s1,grip_sustained10s
10187444,2111,s1,grip_sustained10s
10187446,2101,s1,grip_sustained10s
10187448,2069,s1,grip_sustained10s
10187450,2058,s1,grip_sustained10s
10187452,2079,s1,grip_sustained10s
10187454,2195,s1,grip_sustained10s
10187456,2186,s1,grip_sustained10s
10187458,2318,s1,grip_sustained10s
10187460,2319,s1,grip_sustained10s
10187462,2277,s1,grip_sustained10s
10187464,2235,s1,grip_sustained10s
10187466,2194,s1,grip_sustained10s
10187468,2123,s1,grip_sustained10s
10187470,2059,s1,grip_sustained10s
10187472,2018,s1,grip_sustained10s
10187474,1986,s1,grip_sustained10s
10187476,1925,s1,grip_sustained10s
10187478,1867,s1,grip_sustained10s
10187480,1821,s1,grip_sustained10s
10187482,1811,s1,grip_sustained10s
10187484,1745,s1,grip_sustained10s
10187486,1680,s1,grip_sustained10s
10187488,1706,s1,grip_sustained10s
10187490,1690,s1,grip_sustained10s
10187492,1675,s1,grip_sustained10s
10187494,1673,s1,grip_sustained10s
10187496,1753,s1,grip_sustained10s
10187498,1772,s1,grip_sustained10s
10187500,1806,s1,grip_sustained10s
10187502,1751,s1,grip_sustained10s
10187504,1790,s1,grip_sustained10s
10187506,1751,s1,grip_sustained10s
10187508,1744,s1,grip_sustained10s
10187510,1711,s1,grip_sustained10s
10187512,1732,s1,grip_sustained10s
10187514,1771,s1,grip_sustained10s
10187516,1714,s1,grip_sustained10s
10187518,1682,s1,grip_sustained10s
10187520,1706,s1,grip_sustained10s
10187522,1693,s1,grip_sustained10s
10187524,1766,s1,grip_sustained10s
10187526,1733,s1,grip_sustained10s
10187528,1680,s1,grip_sustained10s
10187530,1649,s1,grip_sustained10s
10187532,1677,s1,grip_sustained10s
10187534,1631,s1,grip_sustained10s
10187536,1617,s1,grip_sustained10s
10187538,1745,s1,grip_sustained10s
10187540,1762,s1,grip_sustained10s
10187542,1854,s1,grip_sustained10s
10187544,1894,s1,grip_sustained10s
10187546,1929,s1,grip_sustained10s
10187548,1906,s1,grip_sustained10s
10187550,1981,s1,grip_sustained10s
10187552,1989,s1,grip_sustained10s
10187554,1962,s1,grip_sustained10s
10187556,1909,s1,grip_sustained10s
10187558,1922,s1,grip_sustained10s
10187560,1840,s1,grip_sustained10s
10187562,1856,s1,grip_sustained10s
10187564,1855,s1,grip_sustained10s
10187566,1837,s1,grip_sustained10s
10187568,1834,s1,grip_sustained10s
10187570,1876,s1,grip_sustained10s
10187572,1872,s1,grip_sustained10s
10187574,1920,s1,grip_sustained10s
10187576,1877,s1,grip_sustained10s
10187578,1835,s1,grip_sustained10s
10187580,1840,s1,grip_sustained10s
10187582,1801,s1,grip_sustained10s
10187584,1732,s1,grip_sustained10s
10187586,1690,s1,grip_sustained10s
10187588,1711,s1,grip_sustained10s
10187590,1771,s1,grip_sustained10s
10187592,1753,s1,grip_sustained10s
10187594,1826,s1,grip_sustained10s
10187596,1877,s1,grip_sustained10s
10187598,1851,s1,grip_sustained10s
10187600,1873,s1,grip_sustained10s
10187602,1838,s1,grip_sustained10s
10187604,1844,s1,grip_sustained10s
10187606,1817,s1,grip_sustained10s
10187608,1824,s1,grip_sustained10s
10187610,1745,s1,grip_sustained10s
10187612,1776,s1,grip_sustained10s
10187614,1762,s1,grip_sustained10s
10187616,1787,s1,grip_sustained10s
10187618,1760,s1,grip_sustained10s
10187620,1759,s1,grip_sustained10s
10187622,1755,s1,grip_sustained10s
10187624,1795,s1,grip_sustained10s
10187626,1766,s1,grip_sustained10s
10187628,1729,s1,grip_sustained10s
10187630,1708,s1,grip_sustained10s
10187632,1754,s1,grip_sustained10s
10187634,1770,s1,grip_sustained10s
10187636,1754,s1,grip_sustained10s
10187638,1755,s1,grip_sustained10s
10187640,1779,s1,grip_sustained10s
10187642,1807,s1,grip_sustained10s
10187644,1802,s1,grip_sustained10s
10187646,1924,s1,grip_sustained10s
10187648,1914,s1,grip_sustained10s
10187650,2054,s1,grip_sustained10s
10187652,2100,s1,grip_sustained10s
10187654,2063,s1,grip_sustained10s
10187656,2032,s1,grip_sustained10s
10187658,2032,s1,grip_sustained10s
10187660,1968,s1,grip_sustained10s
10187662,1965,s1,grip_sustained10s
10187664,1936,s1,grip_sustained10s
10187666,1975,s1,grip_sustained10s
10187668,2046,s1,grip_sustained10s
10187670,2014,s1,grip_sustained10s
10187672,1973,s1,grip_sustained10s
10187674,2075,s1,grip_sustained10s
10187676,2073,s1,grip_sustained10s
10187678,2033,s1,grip_sustained10s
10187680,2029,s1,grip_sustained10s
10187682,2039,s1,grip_sustained10s
10187684,2074,s1,grip_sustained10s
10187686,2095,s1,grip_sustained10s
10187688,2176,s1,grip_sustained10s
10187690,2167,s1,grip_sustained10s
10187692,2160,s1,grip_sustained10s
10187694,2099,s1,grip_sustained10s
10187696,2171,s1,grip_sustained10s
10187698,2131,s1,grip_sustained10s
10187700,2145,s1,grip_sustained10s
10187702,2143,s1,grip_sustained10s
10187704,2128,s1,grip_sustained10s
10187706,2081,s1,grip_sustained10s
10187708,2148,s1,grip_sustained10s
10187710,2128,s1,grip_sustained10s
10187712,2047,s1,grip_sustained10s
10187714,1979,s1,grip_sustained10s
10187716,1935,s1,grip_sustained10s
10187718,1887,s1,grip_sustained10s
10187720,1951,s1,grip_sustained10s
10187722,1943,s1,grip_sustained10s
10187724,2006,s1,grip_sustained10s
10187726,1970,s1,grip_sustained10s
10187728,1931,s1,grip_sustained10s
10187730,1955,s1,grip_sustained10s
10187732,1969,s1,grip_sustained10s
10187734,2019,s1,grip_sustained10s
10187736,1999,s1,grip_sustained10s
10187738,1995,s1,grip_sustained10s
10187740,1988,s1,grip_sustained10s
10187742,2003,s1,grip_sustained10s
10187744,1949,s1,grip_sustained10s
10187746,1945,s1,grip_sustained10s
10187748,1917,s1,grip_sustained10s
10187750,1913,s1,grip_sustained10s
10187752,1842,s1,grip_sustained10s
10187754,1841,s1,grip_sustained10s
10187756,1818,s1,grip_sustained10s
10187758,1843,s1,grip_sustained10s
10187760,1829,s1,grip_sustained10s
10187762,1872,s1,grip_sustained10s
10187764,2000,s1,grip_sustained10s
10187766,2014,s1,grip_sustained10s
10187768,2003,s1,grip_sustained10s
10187770,1974,s1,grip_sustained10s
10187772,1975,s1,grip_sustained10s
10187774,1961,s1,grip_sustained10s
10187776,1937,s1,grip_sustained10s
10187778,1913,s1,grip_sustained10s
10187780,1904,s1,grip_sustained10s
10187782,1957,s1,grip_sustained10s
10187784,1997,s1,grip_sustained10s
10187786,1922,s1,grip_sustained10s
10187788,1856,s1,grip_sustained10s
10187790,1874,s1,grip_sustained10s
10187792,1878,s1,grip_sustained10s
10187794,1847,s1,grip_sustained10s
10187796,1823,s1,grip_sustained10s
10187798,1792,s1,grip_sustained10s
10187800,1788,s1,grip_sustained10s
10187802,1733,s1,grip_sustained10s
10187804,1729,s1,grip_sustained10s
10187806,1699,s1,grip_sustained10s
10187808,1728,s1,grip_sustained10s
10187810,1671,s1,grip_sustained10s
10187812,1677,s1,grip_sustained10s
10187814,1679,s1,grip_sustained10s
10187816,1802,s1,grip_sustained10s
10187818,1771,s1,grip_sustained10s
10187820,1751,s1,grip_sustained10s
10187822,1767,s1,grip_sustained10s
10187824,1786,s1,grip_sustained10s
10187826,1771,s1,grip_sustained10s
10187828,1709,s1,grip_sustained10s
10187830,1721,s1,grip_sustained10s
10187832,1669,s1,grip_sustained10s
10187834,1623,s1,grip_sustained10s
10187836,1559,s1,grip_sustained10s
10187838,1616,s1,grip_sustained10s
10187840,1599,s1,grip_sustained10s
10187842,1577,s1,grip_sustained10s
10187844,1513,s1,grip_sustained10s
10187846,1583,s1,grip_sustained10s
10187848,1572,s1,grip_sustained10s
10187850,1577,s1,grip_sustained10s
10187852,1535,s1,grip_sustained10s
10187854,1535,s1,grip_sustained10s
10187856,1523,s1,grip_sustained10s
10187858,1519,s1,grip_sustained10s
10187860,1489,s1,grip_sustained10s
10187862,1505,s1,grip_sustained10s
10187864,1535,s1,grip_sustained10s
10187866,1485,s1,grip_sustained10s
10187868,1430,s1,grip_sustained10s
10187870,1474,s1,grip_sustained10s
10187872,1515,s1,grip_sustained10s
10187874,1535,s1,grip_sustained10s
10187876,1483,s1,grip_sustained10s
10187878,1445,s1,grip_sustained10s
10187880,1423,s1,grip_sustained10s
10187882,1392,s1,grip_sustained10s
10187884,1347,s1,grip_sustained10s
10187886,1294,s1,grip_sustained10s
10187888,1287,s1,grip_sustained10s
10187890,1350,s1,grip_sustained10s
10187892,1424,s1,grip_sustained10s
10187894,1381,s1,grip_sustained10s
10187896,1384,s1,grip_sustained10s
10187898,1375,s1,grip_sustained10s
10187900,1424,s1,grip_sustained10s
10187902,1390,s1,grip_sustained10s
10187904,1392,s1,grip_sustained10s
10187906,1360,s1,grip_sustained10s
10187908,1335,s1,grip_sustained10s
10187910,1282,s1,grip_sustained10s
10187912,1319,s1,grip_sustained10s
10187914,1328,s1,grip_sustained10s
10187916,1455,s1,grip_sustained10s
10187918,1424,s1,grip_sustained10s
10187920,1406,s1,grip_sustained10s
10187922,1397,s1,grip_sustained10s
10187924,1456,s1,grip_sustained10s
10187926,1460,s1,grip_sustained10s
10187928,1452,s1,grip_sustained10s
10187930,1470,s1,grip_sustained10s
10187932,1601,s1,grip_sustained10s
10187934,1648,s1,grip_sustained10s
10187936,1607,s1,grip_sustained10s
10187938,1573,s1,grip_sustained10s
10187940,1535,s1,grip_sustained10s
10187942,1589,s1,grip_sustained10s
10187944,1629,s1,grip_sustained10s
10187946,1685,s1,grip_sustained10s
10187948,1657,s1,grip_sustained10s
10187950,1699,s1,grip_sustained10s
10187952,1712,s1,grip_sustained10s
10187954,1723,s1,grip_sustained10s
10187956,1689,s1,grip_sustained10s
10187958,1649,s1,grip_sustained10s
10187960,1597,s1,grip_sustained10s
10187962,1618,s1,grip_sustained10s
10187964,1613,s1,grip_sustained10s
10187966,1535,s1,grip_sustained10s
10187968,1510,s1,grip_sustained10s
10187970,1501,s1,grip_sustained10s
10187972,1488,s1,grip_sustained10s
10187974,1524,s1,grip_sustained10s
10187976,1535,s1,grip_sustained10s
10187978,1501,s1,grip_sustained10s
10187980,1467,s1,grip_sustained10s
10187982,1479,s1,grip_sustained10s
10187984,1478,s1,grip_sustained10s
10187986,1424,s1,grip_sustained10s
10187988,1535,s1,grip_sustained10s
10187990,1557,s1,grip_sustained10s
10187992,1616,s1,grip_sustained10s
10187994,1584,s1,grip_sustained10s
10187996,1631,s1,grip_sustained10s
10187998,1594,s1,grip_sustained10s
10188000,1554,s1,grip_sustained10s
10188002,1531,s1,grip_sustained10s
10188004,1587,s1,grip_sustained10s
10188006,1583,s1,grip_sustained10s
10188008,1523,s1,grip_sustained10s
10188010,1482,s1,grip_sustained10s
10188012,1506,s1,grip_sustained10s
10188014,1493,s1,grip_sustained10s
10188016,1519,s1,grip_sustained10s
10188018,1518,s1,grip_sustained10s
10188020,1505,s1,grip_sustained10s
10188022,1489,s1,grip_sustained10s
10188024,1587,s1,grip_sustained10s
10188026,1581,s1,grip_sustained10s
10188028,1527,s1,grip_sustained10s
10188030,1520,s1,grip_sustained10s
10188032,1561,s1,grip_sustained10s
10188034,1584,s1,grip_sustained10s
10188036,1535,s1,grip_sustained10s
10188038,1566,s1,grip_sustained10s
10188040,1535,s1,grip_sustained10s
10188042,1503,s1,grip_sustained10s
10188044,1511,s1,grip_sustained10s
10188046,1584,s1,grip_sustained10s
10188048,1574,s1,grip_sustained10s
10188050,1635,s1,grip_sustained10s
10188052,1663,s1,grip_sustained10s
10188054,1628,s1,grip_sustained10s
10188056,1637,s1,grip_sustained10s
10188058,1639,s1,grip_sustained10s
10188060,1623,s1,grip_sustained10s
10188062,1701,s1,grip_sustained10s
10188064,1707,s1,grip_sustained10s
10188066,1776,s1,grip_sustained10s
10188068,1794,s1,grip_sustained10s
10188070,1754,s1,grip_sustained10s
10188072,1733,s1,grip_sustained10s
10188074,1732,s1,grip_sustained10s
10188076,1742,s1,grip_sustained10s
10188078,1703,s1,grip_sustained10s
10188080,1648,s1,grip_sustained10s
10188082,1665,s1,grip_sustained10s
10188084,1617,s1,grip_sustained10s
10188086,1562,s1,grip_sustained10s
10188088,1584,s1,grip_sustained10s
10188090,1577,s1,grip_sustained10s
10188092,1635,s1,grip_sustained10s
10188094,1626,s1,grip_sustained10s
10188096,1623,s1,grip_sustained10s
10188098,1616,s1,grip_sustained10s
10188100,1680,s1,grip_sustained10s
10188102,1662,s1,grip_sustained10s
10188104,1685,s1,grip_sustained10s
10188106,1715,s1,grip_sustained10s
10188108,1721,s1,grip_sustained10s
10188110,1871,s1,grip_sustained10s
10188112,2000,s1,grip_sustained10s
10188114,2029,s1,grip_sustained10s
10188116,2103,s1,grip_sustained10s
10188118,2126,s1,grip_sustained10s
10188120,2143,s1,grip_sustained10s
10188122,2256,s1,grip_sustained10s
10188124,2228,s1,grip_sustained10s
10188126,2228,s1,grip_sustained10s
10188128,2194,s1,grip_sustained10s
10188130,2254,s1,grip_sustained10s
10188132,2217,s1,grip_sustained10s
10188134,2138,s1,grip_sustained10s
10188136,2041,s1,grip_sustained10s
10188138,2081,s1,grip_sustained10s
10188140,2025,s1,grip_sustained10s
10188142,2007,s1,grip_sustained10s
10188144,1937,s1,grip_sustained10s
10188146,1958,s1,grip_sustained10s
10188148,1922,s1,grip_sustained10s
10188150,1938,s1,grip_sustained10s
10188152,1888,s1,grip_sustained10s
10188154,1882,s1,grip_sustained10s
10188156,1840,s1,grip_sustained10s
10188158,1844,s1,grip_sustained10s
10188160,1808,s1,grip_sustained10s
10188162,1780,s1,grip_sustained10s
10188164,1749,s1,grip_sustained10s
10188166,1749,s1,grip_sustained10s
10188168,1709,s1,grip_sustained10s
10188170,1689,s1,grip_sustained10s
10188172,1840,s1,grip_sustained10s
10188174,1837,s1,grip_sustained10s
10188176,1902,s1,grip_sustained10s
10188178,1925,s1,grip_sustained10s
10188180,1920,s1,grip_sustained10s
10188182,1921,s1,grip_sustained10s
10188184,1913,s1,grip_sustained10s
10188186,1843,s1,grip_sustained10s
10188188,1881,s1,grip_sustained10s
10188190,1837,s1,grip_sustained10s
10188192,1843,s1,grip_sustained10s
10188194,1875,s1,grip_sustained10s
10188196,1919,s1,grip_sustained10s
10188198,1884,s1,grip_sustained10s
10188200,1913,s1,grip_sustained10s
10188202,1856,s1,grip_sustained10s
10188204,1869,s1,grip_sustained10s
10188206,1840,s1,grip_sustained10s
10188208,1867,s1,grip_sustained10s
10188210,1835,s1,grip_sustained10s
10188212,1807,s1,grip_sustained10s
10188214,1776,s1,grip_sustained10s
10188216,1801,s1,grip_sustained10s
10188218,1771,s1,grip_sustained10s
10188220,1741,s1,grip_sustained10s
10188222,1744,s1,grip_sustained10s
10188224,1754,s1,grip_sustained10s
10188226,1717,s1,grip_sustained10s
10188228,1712,s1,grip_sustained10s
10188230,1783,s1,grip_sustained10s
10188232,1766,s1,grip_sustained10s
10188234,1793,s1,grip_sustained10s
10188236,1769,s1,grip_sustained10s
10188238,1791,s1,grip_sustained10s
10188240,1776,s1,grip_sustained10s
10188242,1778,s1,grip_sustained10s
10188244,1712,s1,grip_sustained10s
10188246,1682,s1,grip_sustained10s
10188248,1664,s1,grip_sustained10s
10188250,1637,s1,grip_sustained10s
10188252,1623,s1,grip_sustained10s
10188254,1621,s1,grip_sustained10s
10188256,1619,s1,grip_sustained10s
10188258,1637,s1,grip_sustained10s
10188260,1591,s1,grip_sustained10s
10188262,1568,s1,grip_sustained10s
10188264,1535,s1,grip_sustained10s
10188266,1579,s1,grip_sustained10s
10188268,1520,s1,grip_sustained10s
10188270,1508,s1,grip_sustained10s
10188272,1479,s1,grip_sustained10s
10188274,1450,s1,grip_sustained10s
10188276,1390,s1,grip_sustained10s
10188278,1411,s1,grip_sustained10s
10188280,1460,s1,grip_sustained10s
10188282,1555,s1,grip_sustained10s
10188284,1641,s1,grip_sustained10s
10188286,1579,s1,grip_sustained10s
10188288,1589,s1,grip_sustained10s
10188290,1584,s1,grip_sustained10s
10188292,1597,s1,grip_sustained10s
10188294,1562,s1,grip_sustained10s
10188296,1595,s1,grip_sustained10s
10188298,1577,s1,grip_sustained10s
10188300,1616,s1,grip_sustained10s
10188302,1606,s1,grip_sustained10s
10188304,1600,s1,grip_sustained10s
10188306,1562,s1,grip_sustained10s
10188308,1614,s1,grip_sustained10s
10188310,1629,s1,grip_sustained10s
10188312,1579,s1,grip_sustained10s
10188314,1577,s1,grip_sustained10s
10188316,1590,s1,grip_sustained10s
10188318,1610,s1,grip_sustained10s
10188320,1559,s1,grip_sustained10s
10188322,1531,s1,grip_sustained10s
10188324,1597,s1,grip_sustained10s
10188326,1616,s1,grip_sustained10s
10188328,1600,s1,grip_sustained10s
10188330,1602,s1,grip_sustained10s
10188332,1646,s1,grip_sustained10s
10188334,1707,s1,grip_sustained10s
10188336,1687,s1,grip_sustained10s
10188338,1719,s1,grip_sustained10s
10188340,1735,s1,grip_sustained10s
10188342,1724,s1,grip_sustained10s
10188344,1729,s1,grip_sustained10s
10188346,1753,s1,grip_sustained10s
10188348,1731,s1,grip_sustained10s
10188350,1776,s1,grip_sustained10s
10188352,1751,s1,grip_sustained10s
10188354,1775,s1,grip_sustained10s
10188356,1745,s1,grip_sustained10s
10188358,1777,s1,grip_sustained10s
10188360,1723,s1,grip_sustained10s
10188362,1705,s1,grip_sustained10s
10188364,1712,s1,grip_sustained10s
10188366,1719,s1,grip_sustained10s
10188368,1719,s1,grip_sustained10s
10188370,1665,s1,grip_sustained10s
10188372,1638,s1,grip_sustained10s
10188374,1638,s1,grip_sustained10s
10188376,1600,s1,grip_sustained10s
10188378,1625,s1,grip_sustained10s
10188380,1710,s1,grip_sustained10s
10188382,1709,s1,grip_sustained10s
10188384,1699,s1,grip_sustained10s
10188386,1651,s1,grip_sustained10s
10188388,1697,s1,grip_sustained10s
10188390,1676,s1,grip_sustained10s
10188392,1705,s1,grip_sustained10s
10188394,1683,s1,grip_sustained10s
10188396,1716,s1,grip_sustained10s
10188398,1680,s1,grip_sustained10s
10188400,1675,s1,grip_sustained10s
10188402,1754,s1,grip_sustained10s
10188404,1774,s1,grip_sustained10s
10188406,1731,s1,grip_sustained10s
10188408,1759,s1,grip_sustained10s
10188410,1754,s1,grip_sustained10s
10188412,1749,s1,grip_sustained10s
10188414,1717,s1,grip_sustained10s
10188416,1747,s1,grip_sustained10s
10188418,1686,s1,grip_sustained10s
10188420,1631,s1,grip_sustained10s
10188422,1622,s1,grip_sustained10s
10188424,1677,s1,grip_sustained10s
10188426,1690,s1,grip_sustained10s
10188428,1650,s1,grip_sustained10s
10188430,1623,s1,grip_sustained10s
10188432,1658,s1,grip_sustained10s
10188434,1616,s1,grip_sustained10s
10188436,1562,s1,grip_sustained10s
10188438,1562,s1,grip_sustained10s
10188440,1559,s1,grip_sustained10s
10188442,1584,s1,grip_sustained10s
10188444,1521,s1,grip_sustained10s
10188446,1499,s1,grip_sustained10s
10188448,1510,s1,grip_sustained10s
10188450,1554,s1,grip_sustained10s
10188452,1488,s1,grip_sustained10s
10188454,1494,s1,grip_sustained10s
10188456,1489,s1,grip_sustained10s
10188458,1623,s1,grip_sustained10s
10188460,1627,s1,grip_sustained10s
10188462,1595,s1,grip_sustained10s
10188464,1575,s1,grip_sustained10s
10188466,1655,s1,grip_sustained10s
10188468,1650,s1,grip_sustained10s
10188470,1599,s1,grip_sustained10s
10188472,1583,s1,grip_sustained10s
10188474,1654,s1,grip_sustained10s
10188476,1622,s1,grip_sustained10s
10188478,1601,s1,grip_sustained10s
10188480,1602,s1,grip_sustained10s
10188482,1591,s1,grip_sustained10s
10188484,1600,s1,grip_sustained10s
10188486,1535,s1,grip_sustained10s
10188488,1600,s1,grip_sustained10s
10188490,1611,s1,grip_sustained10s
10188492,1690,s1,grip_sustained10s
10188494,1694,s1,grip_sustained10s
10188496,1762,s1,grip_sustained10s
10188498,1735,s1,grip_sustained10s
10188500,1791,s1,grip_sustained10s
10188502,1781,s1,grip_sustained10s
10188504,1782,s1,grip_sustained10s
10188506,1763,s1,grip_sustained10s
10188508,1727,s1,grip_sustained10s
10188510,1700,s1,grip_sustained10s
10188512,1719,s1,grip_sustained10s
10188514,1728,s1,grip_sustained10s
10188516,1735,s1,grip_sustained10s
10188518,1770,s1,grip_sustained10s
10188520,1770,s1,grip_sustained10s
10188522,1774,s1,grip_sustained10s
10188524,1792,s1,grip_sustained10s
10188526,1856,s1,grip_sustained10s
10188528,1839,s1,grip_sustained10s
10188530,1824,s1,grip_sustained10s
10188532,1902,s1,grip_sustained10s
10188534,1988,s1,grip_sustained10s
10188536,1920,s1,grip_sustained10s
10188538,1919,s1,grip_sustained10s
10188540,1908,s1,grip_sustained10s
10188542,1965,s1,grip_sustained10s
10188544,1901,s1,grip_sustained10s
10188546,1861,s1,grip_sustained10s
10188548,1823,s1,grip_sustained10s
10188550,1852,s1,grip_sustained10s
10188552,1792,s1,grip_sustained10s
10188554,1774,s1,grip_sustained10s
10188556,1744,s1,grip_sustained10s
10188558,1788,s1,grip_sustained10s
10188560,1744,s1,grip_sustained10s
10188562,1707,s1,grip_sustained10s
10188564,1703,s1,grip_sustained10s
10188566,1666,s1,grip_sustained10s
10188568,1685,s1,grip_sustained10s
10188570,1660,s1,grip_sustained10s
10188572,1658,s1,grip_sustained10s
10188574,1617,s1,grip_sustained10s
10188576,1578,s1,grip_sustained10s
10188578,1506,s1,grip_sustained10s
10188580,1571,s1,grip_sustained10s
10188582,1575,s1,grip_sustained10s
10188584,1636,s1,grip_sustained10s
10188586,1600,s1,grip_sustained10s
10188588,1587,s1,grip_sustained10s
10188590,1601,s1,grip_sustained10s
10188592,1643,s1,grip_sustained10s
10188594,1595,s1,grip_sustained10s
10188596,1648,s1,grip_sustained10s
10188598,1639,s1,grip_sustained10s
10188600,1712,s1,grip_sustained10s
10188602,1795,s1,grip_sustained10s
