t_ms,raw,subject,gesture
10325444,1255,s1,rest_v6
10325446,1285,s1,rest_v6
10325448,1278,s1,rest_v6
10325450,1299,s1,rest_v6
10325452,1257,s1,rest_v6
10325454,1283,s1,rest_v6
10325456,1271,s1,rest_v6
10325458,1307,s1,rest_v6
10325460,1270,s1,rest_v6
10325462,1286,s1,rest_v6
10325464,1263,s1,rest_v6
10325466,1305,s1,rest_v6
10325468,1278,s1,rest_v6
10325470,1264,s1,rest_v6
10325472,1264,s1,rest_v6
10325474,1305,s1,rest_v6
10325476,1291,s1,rest_v6
10325478,1264,s1,rest_v6
10325480,1269,s1,rest_v6
10325482,1297,s1,rest_v6
10325484,1296,s1,rest_v6
10325486,1250,s1,rest_v6
10325488,1276,s1,rest_v6
10325490,1287,s1,rest_v6
10325492,1296,s1,rest_v6
10325494,1249,s1,rest_v6
10325496,1283,s1,rest_v6
10325498,1274,s1,rest_v6
10325500,1297,s1,rest_v6
10325502,1256,s1,rest_v6
10325504,1283,s1,rest_v6
10325506,1272,s1,rest_v6
10325508,1301,s1,rest_v6
10325510,1268,s1,rest_v6
10325512,1281,s1,rest_v6
10325514,1259,s1,rest_v6
10325516,1303,s1,rest_v6
10325518,1276,s1,rest_v6
10325520,1264,s1,rest_v6
10325522,1264,s1,rest_v6
10325524,1297,s1,rest_v6
10325526,1281,s1,rest_v6
10325528,1262,s1,rest_v6
10325530,1267,s1,rest_v6
10325532,1296,s1,rest_v6
10325534,1296,s1,rest_v6
10325536,1257,s1,rest_v6
10325538,1280,s1,rest_v6
10325540,1293,s1,rest_v6
10325542,1301,s1,rest_v6
10325544,1255,s1,rest_v6
10325546,1291,s1,rest_v6
10325548,1280,s1,rest_v6
10325550,1305,s1,rest_v6
10325552,1259,s1,rest_v6
10325554,1283,s1,rest_v6
10325556,1274,s1,rest_v6
10325558,1307,s1,rest_v6
10325560,1271,s1,rest_v6
10325562,1280,s1,rest_v6
10325564,1262,s1,rest_v6
10325566,1306,s1,rest_v6
10325568,1277,s1,rest_v6
10325570,1264,s1,rest_v6
10325572,1264,s1,rest_v6
10325574,1307,s1,rest_v6
10325576,1286,s1,rest_v6
10325578,1263,s1,rest_v6
10325580,1270,s1,rest_v6
10325582,1296,s1,rest_v6
10325584,1294,s1,rest_v6
10325586,1257,s1,rest_v6
10325588,1280,s1,rest_v6
10325590,1296,s1,rest_v6
10325592,1298,s1,rest_v6
10325594,1258,s1,rest_v6
10325596,1290,s1,rest_v6
10325598,1286,s1,rest_v6
10325600,1307,s1,rest_v6
10325602,1264,s1,rest_v6
10325604,1292,s1,rest_v6
10325606,1279,s1,rest_v6
10325608,1308,s1,rest_v6
10325610,1274,s1,rest_v6
10325612,1282,s1,rest_v6
10325614,1264,s1,rest_v6
10325616,1309,s1,rest_v6
10325618,1283,s1,rest_v6
10325620,1267,s1,rest_v6
10325622,1267,s1,rest_v6
10325624,1305,s1,rest_v6
10325626,1287,s1,rest_v6
10325628,1265,s1,rest_v6
10325630,1270,s1,rest_v6
10325632,1296,s1,rest_v6
10325634,1293,s1,rest_v6
10325636,1253,s1,rest_v6
10325638,1274,s1,rest_v6
10325640,1293,s1,rest_v6
10325642,1297,s1,rest_v6
10325644,1253,s1,rest_v6
10325646,1286,s1,rest_v6
10325648,1278,s1,rest_v6
10325650,1302,s1,rest_v6
10325652,1258,s1,rest_v6
10325654,1283,s1,rest_v6
10325656,1269,s1,rest_v6
10325658,1302,s1,rest_v6
10325660,1270,s1,rest_v6
10325662,1278,s1,rest_v6
10325664,1259,s1,rest_v6
10325666,1302,s1,rest_v6
10325668,1277,s1,rest_v6
10325670,1263,s1,rest_v6
10325672,1262,s1,rest_v6
10325674,1297,s1,rest_v6
10325676,1285,s1,rest_v6
10325678,1258,s1,rest_v6
10325680,1265,s1,rest_v6
10325682,1296,s1,rest_v6
10325684,1291,s1,rest_v6
10325686,1250,s1,rest_v6
10325688,1271,s1,rest_v6
10325690,1290,s1,rest_v6
10325692,1294,s1,rest_v6
10325694,1248,s1,rest_v6
10325696,1285,s1,rest_v6
10325698,1275,s1,rest_v6
10325700,1296,s1,rest_v6
10325702,1253,s1,rest_v6
10325704,1283,s1,rest_v6
10325706,1268,s1,rest_v6
10325708,1299,s1,rest_v6
10325710,1270,s1,rest_v6
10325712,1280,s1,rest_v6
10325714,1262,s1,rest_v6
10325716,1299,s1,rest_v6
10325718,1280,s1,rest_v6
10325720,1264,s1,rest_v6
10325722,1265,s1,rest_v6
10325724,1299,s1,rest_v6
10325726,1286,s1,rest_v6
10325728,1264,s1,rest_v6
10325730,1268,s1,rest_v6
10325732,1296,s1,rest_v6
10325734,1295,s1,rest_v6
10325736,1250,s1,rest_v6
10325738,1277,s1,rest_v6
10325740,1291,s1,rest_v6
10325742,1296,s1,rest_v6
10325744,1253,s1,rest_v6
10325746,1290,s1,rest_v6
10325748,1280,s1,rest_v6
10325750,1303,s1,rest_v6
10325752,1261,s1,rest_v6
10325754,1284,s1,rest_v6
10325756,1275,s1,rest_v6
10325758,1307,s1,rest_v6
10325760,1270,s1,rest_v6
10325762,1283,s1,rest_v6
10325764,1261,s1,rest_v6
10325766,1309,s1,rest_v6
10325768,1278,s1,rest_v6
10325770,1264,s1,rest_v6
10325772,1263,s1,rest_v6
10325774,1303,s1,rest_v6
10325776,1285,s1,rest_v6
10325778,1263,s1,rest_v6
10325780,1274,s1,rest_v6
10325782,1299,s1,rest_v6
10325784,1296,s1,rest_v6
10325786,1255,s1,rest_v6
10325788,1279,s1,rest_v6
10325790,1296,s1,rest_v6
10325792,1302,s1,rest_v6
10325794,1261,s1,rest_v6
10325796,1291,s1,rest_v6
10325798,1290,s1,rest_v6
10325800,1309,s1,rest_v6
10325802,1266,s1,rest_v6
10325804,1295,s1,rest_v6
10325806,1279,s1,rest_v6
10325808,1313,s1,rest_v6
10325810,1277,s1,rest_v6
10325812,1289,s1,rest_v6
10325814,1266,s1,rest_v6
10325816,1309,s1,rest_v6
10325818,1285,s1,rest_v6
10325820,1267,s1,rest_v6
10325822,1268,s1,rest_v6
10325824,1308,s1,rest_v6
10325826,1294,s1,rest_v6
10325828,1264,s1,rest_v6
10325830,1270,s1,rest_v6
10325832,1297,s1,rest_v6
10325834,1292,s1,rest_v6
10325836,1251,s1,rest_v6
10325838,1277,s1,rest_v6
10325840,1291,s1,rest_v6
10325842,1297,s1,rest_v6
10325844,1249,s1,rest_v6
10325846,1282,s1,rest_v6
10325848,1280,s1,rest_v6
10325850,1301,s1,rest_v6
10325852,1264,s1,rest_v6
10325854,1286,s1,rest_v6
10325856,1271,s1,rest_v6
10325858,1307,s1,rest_v6
10325860,1271,s1,rest_v6
10325862,1279,s1,rest_v6
10325864,1264,s1,rest_v6
10325866,1303,s1,rest_v6
10325868,1279,s1,rest_v6
10325870,1264,s1,rest_v6
10325872,1266,s1,rest_v6
10325874,1301,s1,rest_v6
10325876,1291,s1,rest_v6
10325878,1263,s1,rest_v6
10325880,1268,s1,rest_v6
10325882,1294,s1,rest_v6
10325884,1295,s1,rest_v6
10325886,1249,s1,rest_v6
10325888,1277,s1,rest_v6
10325890,1287,s1,rest_v6
10325892,1297,s1,rest_v6
10325894,1252,s1,rest_v6
10325896,1287,s1,rest_v6
10325898,1277,s1,rest_v6
10325900,1301,s1,rest_v6
10325902,1259,s1,rest_v6
10325904,1282,s1,rest_v6
10325906,1271,s1,rest_v6
10325908,1302,s1,rest_v6
10325910,1269,s1,rest_v6
10325912,1278,s1,rest_v6
10325914,1261,s1,rest_v6
10325916,1308,s1,rest_v6
10325918,1280,s1,rest_v6
10325920,1263,s1,rest_v6
10325922,1265,s1,rest_v6
10325924,1306,s1,rest_v6
10325926,1286,s1,rest_v6
10325928,1263,s1,rest_v6
10325930,1275,s1,rest_v6
10325932,1302,s1,rest_v6
10325934,1296,s1,rest_v6
10325936,1257,s1,rest_v6
10325938,1282,s1,rest_v6
10325940,1296,s1,rest_v6
10325942,1303,s1,rest_v6
10325944,1259,s1,rest_v6
10325946,1290,s1,rest_v6
10325948,1279,s1,rest_v6
10325950,1305,s1,rest_v6
10325952,1266,s1,rest_v6
10325954,1287,s1,rest_v6
10325956,1274,s1,rest_v6
10325958,1305,s1,rest_v6
10325960,1270,s1,rest_v6
10325962,1281,s1,rest_v6
10325964,1261,s1,rest_v6
10325966,1309,s1,rest_v6
10325968,1280,s1,rest_v6
10325970,1266,s1,rest_v6
10325972,1264,s1,rest_v6
10325974,1301,s1,rest_v6
10325976,1285,s1,rest_v6
10325978,1262,s1,rest_v6
10325980,1269,s1,rest_v6
10325982,1296,s1,rest_v6
10325984,1293,s1,rest_v6
10325986,1254,s1,rest_v6
10325988,1280,s1,rest_v6
10325990,1296,s1,rest_v6
10325992,1305,s1,rest_v6
10325994,1259,s1,rest_v6
10325996,1291,s1,rest_v6
10325998,1278,s1,rest_v6
10326000,1305,s1,rest_v6
10326002,1264,s1,rest_v6
10326004,1293,s1,rest_v6
10326006,1275,s1,rest_v6
10326008,1307,s1,rest_v6
10326010,1275,s1,rest_v6
10326012,1281,s1,rest_v6
10326014,1264,s1,rest_v6
10326016,1303,s1,rest_v6
10326018,1286,s1,rest_v6
10326020,1270,s1,rest_v6
10326022,1270,s1,rest_v6
10326024,1301,s1,rest_v6
10326026,1291,s1,rest_v6
10326028,1259,s1,rest_v6
10326030,1271,s1,rest_v6
10326032,1296,s1,rest_v6
10326034,1291,s1,rest_v6
10326036,1253,s1,rest_v6
10326038,1282,s1,rest_v6
10326040,1290,s1,rest_v6
10326042,1299,s1,rest_v6
10326044,1257,s1,rest_v6
10326046,1294,s1,rest_v6
10326048,1278,s1,rest_v6
10326050,1304,s1,rest_v6
10326052,1264,s1,rest_v6
10326054,1289,s1,rest_v6
10326056,1275,s1,rest_v6
10326058,1311,s1,rest_v6
10326060,1277,s1,rest_v6
10326062,1284,s1,rest_v6
10326064,1265,s1,rest_v6
10326066,1307,s1,rest_v6
10326068,1281,s1,rest_v6
10326070,1266,s1,rest_v6
10326072,1267,s1,rest_v6
10326074,1303,s1,rest_v6
10326076,1286,s1,rest_v6
10326078,1263,s1,rest_v6
10326080,1274,s1,rest_v6
10326082,1295,s1,rest_v6
10326084,1295,s1,rest_v6
10326086,1253,s1,rest_v6
10326088,1280,s1,rest_v6
10326090,1290,s1,rest_v6
10326092,1295,s1,rest_v6
10326094,1254,s1,rest_v6
10326096,1289,s1,rest_v6
10326098,1278,s1,rest_v6
10326100,1303,s1,rest_v6
10326102,1262,s1,rest_v6
10326104,1287,s1,rest_v6
10326106,1273,s1,rest_v6
10326108,1308,s1,rest_v6
10326110,1275,s1,rest_v6
10326112,1283,s1,rest_v6
10326114,1264,s1,rest_v6
10326116,1305,s1,rest_v6
10326118,1278,s1,rest_v6
10326120,1265,s1,rest_v6
10326122,1264,s1,rest_v6
10326124,1299,s1,rest_v6
10326126,1289,s1,rest_v6
10326128,1264,s1,rest_v6
10326130,1270,s1,rest_v6
10326132,1296,s1,rest_v6
10326134,1294,s1,rest_v6
10326136,1251,s1,rest_v6
10326138,1279,s1,rest_v6
10326140,1291,s1,rest_v6
10326142,1296,s1,rest_v6
10326144,1257,s1,rest_v6
10326146,1289,s1,rest_v6
10326148,1277,s1,rest_v6
10326150,1301,s1,rest_v6
10326152,1264,s1,rest_v6
10326154,1287,s1,rest_v6
10326156,1270,s1,rest_v6
10326158,1308,s1,rest_v6
10326160,1271,s1,rest_v6
10326162,1279,s1,rest_v6
10326164,1264,s1,rest_v6
10326166,1310,s1,rest_v6
10326168,1281,s1,rest_v6
10326170,1264,s1,rest_v6
10326172,1267,s1,rest_v6
10326174,1302,s1,rest_v6
10326176,1289,s1,rest_v6
10326178,1262,s1,rest_v6
10326180,1275,s1,rest_v6
10326182,1296,s1,rest_v6
10326184,1296,s1,rest_v6
10326186,1258,s1,rest_v6
10326188,1283,s1,rest_v6
10326190,1294,s1,rest_v6
10326192,1297,s1,rest_v6
10326194,1261,s1,rest_v6
10326196,1294,s1,rest_v6
10326198,1281,s1,rest_v6
10326200,1307,s1,rest_v6
10326202,1264,s1,rest_v6
10326204,1289,s1,rest_v6
10326206,1276,s1,rest_v6
10326208,1312,s1,rest_v6
10326210,1279,s1,rest_v6
10326212,1286,s1,rest_v6
10326214,1265,s1,rest_v6
10326216,1309,s1,rest_v6
10326218,1286,s1,rest_v6
10326220,1267,s1,rest_v6
10326222,1271,s1,rest_v6
10326224,1307,s1,rest_v6
10326226,1290,s1,rest_v6
10326228,1264,s1,rest_v6
10326230,1278,s1,rest_v6
10326232,1297,s1,rest_v6
10326234,1296,s1,rest_v6
10326236,1253,s1,rest_v6
10326238,1282,s1,rest_v6
10326240,1294,s1,rest_v6
10326242,1305,s1,rest_v6
10326244,1262,s1,rest_v6
10326246,1296,s1,rest_v6
10326248,1280,s1,rest_v6
10326250,1311,s1,rest_v6
10326252,1265,s1,rest_v6
10326254,1291,s1,rest_v6
10326256,1278,s1,rest_v6
10326258,1313,s1,rest_v6
10326260,1280,s1,rest_v6
10326262,1282,s1,rest_v6
10326264,1265,s1,rest_v6
10326266,1307,s1,rest_v6
10326268,1286,s1,rest_v6
10326270,1264,s1,rest_v6
10326272,1270,s1,rest_v6
10326274,1307,s1,rest_v6
10326276,1296,s1,rest_v6
10326278,1267,s1,rest_v6
10326280,1278,s1,rest_v6
10326282,1297,s1,rest_v6
10326284,1299,s1,rest_v6
10326286,1255,s1,rest_v6
10326288,1283,s1,rest_v6
10326290,1296,s1,rest_v6
10326292,1299,s1,rest_v6
10326294,1258,s1,rest_v6
10326296,1293,s1,rest_v6
10326298,1279,s1,rest_v6
10326300,1305,s1,rest_v6
10326302,1264,s1,rest_v6
10326304,1287,s1,rest_v6
10326306,1276,s1,rest_v6
10326308,1305,s1,rest_v6
10326310,1277,s1,rest_v6
10326312,1283,s1,rest_v6
10326314,1264,s1,rest_v6
10326316,1305,s1,rest_v6
10326318,1280,s1,rest_v6
10326320,1264,s1,rest_v6
10326322,1264,s1,rest_v6
10326324,1307,s1,rest_v6
10326326,1293,s1,rest_v6
10326328,1263,s1,rest_v6
10326330,1277,s1,rest_v6
10326332,1296,s1,rest_v6
10326334,1297,s1,rest_v6
10326336,1255,s1,rest_v6
10326338,1283,s1,rest_v6
10326340,1295,s1,rest_v6
10326342,1305,s1,rest_v6
10326344,1258,s1,rest_v6
10326346,1289,s1,rest_v6
10326348,1279,s1,rest_v6
10326350,1305,s1,rest_v6
10326352,1264,s1,rest_v6
10326354,1292,s1,rest_v6
10326356,1271,s1,rest_v6
10326358,1311,s1,rest_v6
10326360,1278,s1,rest_v6
10326362,1283,s1,rest_v6
10326364,1264,s1,rest_v6
10326366,1310,s1,rest_v6
10326368,1282,s1,rest_v6
10326370,1264,s1,rest_v6
10326372,1269,s1,rest_v6
10326374,1306,s1,rest_v6
10326376,1295,s1,rest_v6
10326378,1264,s1,rest_v6
10326380,1280,s1,rest_v6
10326382,1299,s1,rest_v6
10326384,1299,s1,rest_v6
10326386,1261,s1,rest_v6
10326388,1291,s1,rest_v6
10326390,1296,s1,rest_v6
10326392,1308,s1,rest_v6
10326394,1264,s1,rest_v6
10326396,1297,s1,rest_v6
10326398,1281,s1,rest_v6
10326400,1310,s1,rest_v6
10326402,1268,s1,rest_v6
10326404,1291,s1,rest_v6
10326406,1275,s1,rest_v6
10326408,1309,s1,rest_v6
10326410,1274,s1,rest_v6
10326412,1281,s1,rest_v6
10326414,1264,s1,rest_v6
10326416,1307,s1,rest_v6
10326418,1281,s1,rest_v6
10326420,1264,s1,rest_v6
10326422,1269,s1,rest_v6
10326424,1306,s1,rest_v6
10326426,1294,s1,rest_v6
10326428,1262,s1,rest_v6
10326430,1278,s1,rest_v6
10326432,1298,s1,rest_v6
10326434,1297,s1,rest_v6
10326436,1251,s1,rest_v6
10326438,1281,s1,rest_v6
10326440,1287,s1,rest_v6
10326442,1301,s1,rest_v6
10326444,1254,s1,rest_v6
10326446,1294,s1,rest_v6
10326448,1269,s1,rest_v6
10326450,1304,s1,rest_v6
10326452,1266,s1,rest_v6
10326454,1286,s1,rest_v6
10326456,1269,s1,rest_v6
10326458,1307,s1,rest_v6
10326460,1274,s1,rest_v6
10326462,1279,s1,rest_v6
10326464,1263,s1,rest_v6
10326466,1306,s1,rest_v6
10326468,1283,s1,rest_v6
10326470,1265,s1,rest_v6
10326472,1269,s1,rest_v6
10326474,1309,s1,rest_v6
10326476,1296,s1,rest_v6
10326478,1264,s1,rest_v6
10326480,1280,s1,rest_v6
10326482,1296,s1,rest_v6
10326484,1301,s1,rest_v6
10326486,1257,s1,rest_v6
10326488,1285,s1,rest_v6
10326490,1293,s1,rest_v6
10326492,1302,s1,rest_v6
10326494,1261,s1,rest_v6
10326496,1295,s1,rest_v6
10326498,1278,s1,rest_v6
10326500,1303,s1,rest_v6
10326502,1264,s1,rest_v6
10326504,1286,s1,rest_v6
10326506,1271,s1,rest_v6
10326508,1309,s1,rest_v6
10326510,1278,s1,rest_v6
10326512,1279,s1,rest_v6
10326514,1263,s1,rest_v6
10326516,1302,s1,rest_v6
10326518,1277,s1,rest_v6
10326520,1262,s1,rest_v6
10326522,1269,s1,rest_v6
10326524,1300,s1,rest_v6
10326526,1289,s1,rest_v6
10326528,1264,s1,rest_v6
10326530,1277,s1,rest_v6
10326532,1297,s1,rest_v6
10326534,1297,s1,rest_v6
10326536,1255,s1,rest_v6
10326538,1288,s1,rest_v6
10326540,1296,s1,rest_v6
10326542,1307,s1,rest_v6
10326544,1264,s1,rest_v6
10326546,1301,s1,rest_v6
10326548,1282,s1,rest_v6
10326550,1314,s1,rest_v6
10326552,1275,s1,rest_v6
10326554,1293,s1,rest_v6
10326556,1280,s1,rest_v6
10326558,1315,s1,rest_v6
10326560,1285,s1,rest_v6
10326562,1284,s1,rest_v6
10326564,1270,s1,rest_v6
10326566,1311,s1,rest_v6
10326568,1291,s1,rest_v6
10326570,1268,s1,rest_v6
10326572,1273,s1,rest_v6
10326574,1308,s1,rest_v6
10326576,1293,s1,rest_v6
10326578,1264,s1,rest_v6
10326580,1277,s1,rest_v6
10326582,1299,s1,rest_v6
10326584,1299,s1,rest_v6
10326586,1255,s1,rest_v6
10326588,1283,s1,rest_v6
10326590,1295,s1,rest_v6
10326592,1307,s1,rest_v6
10326594,1259,s1,rest_v6
10326596,1294,s1,rest_v6
10326598,1278,s1,rest_v6
10326600,1307,s1,rest_v6
10326602,1264,s1,rest_v6
10326604,1287,s1,rest_v6
10326606,1278,s1,rest_v6
10326608,1313,s1,rest_v6
10326610,1281,s1,rest_v6
10326612,1280,s1,rest_v6
10326614,1266,s1,rest_v6
10326616,1307,s1,rest_v6
10326618,1285,s1,rest_v6
10326620,1266,s1,rest_v6
10326622,1265,s1,rest_v6
10326624,1308,s1,rest_v6
10326626,1295,s1,rest_v6
10326628,1262,s1,rest_v6
10326630,1278,s1,rest_v6
10326632,1297,s1,rest_v6
10326634,1300,s1,rest_v6
10326636,1255,s1,rest_v6
10326638,1290,s1,rest_v6
10326640,1294,s1,rest_v6
10326642,1302,s1,rest_v6
10326644,1264,s1,rest_v6
10326646,1296,s1,rest_v6
10326648,1283,s1,rest_v6
10326650,1311,s1,rest_v6
10326652,1271,s1,rest_v6
10326654,1290,s1,rest_v6
10326656,1278,s1,rest_v6
10326658,1311,s1,rest_v6
10326660,1278,s1,rest_v6
10326662,1279,s1,rest_v6
10326664,1264,s1,rest_v6
10326666,1312,s1,rest_v6
10326668,1291,s1,rest_v6
10326670,1267,s1,rest_v6
10326672,1269,s1,rest_v6
10326674,1307,s1,rest_v6
10326676,1296,s1,rest_v6
10326678,1263,s1,rest_v6
10326680,1283,s1,rest_v6
10326682,1296,s1,rest_v6
10326684,1303,s1,rest_v6
10326686,1258,s1,rest_v6
10326688,1290,s1,rest_v6
10326690,1291,s1,rest_v6
10326692,1308,s1,rest_v6
10326694,1264,s1,rest_v6
10326696,1296,s1,rest_v6
10326698,1275,s1,rest_v6
10326700,1310,s1,rest_v6
10326702,1276,s1,rest_v6
10326704,1284,s1,rest_v6
10326706,1273,s1,rest_v6
10326708,1311,s1,rest_v6
10326710,1282,s1,rest_v6
10326712,1282,s1,rest_v6
10326714,1264,s1,rest_v6
10326716,1307,s1,rest_v6
10326718,1293,s1,rest_v6
10326720,1268,s1,rest_v6
10326722,1274,s1,rest_v6
10326724,1310,s1,rest_v6
10326726,1298,s1,rest_v6
10326728,1266,s1,rest_v6
10326730,1281,s1,rest_v6
10326732,1296,s1,rest_v6
10326734,1302,s1,rest_v6
10326736,1259,s1,rest_v6
10326738,1287,s1,rest_v6
10326740,1296,s1,rest_v6
10326742,1303,s1,rest_v6
10326744,1264,s1,rest_v6
10326746,1296,s1,rest_v6
10326748,1280,s1,rest_v6
10326750,1310,s1,rest_v6
10326752,1269,s1,rest_v6
10326754,1289,s1,rest_v6
10326756,1281,s1,rest_v6
10326758,1313,s1,rest_v6
10326760,1283,s1,rest_v6
10326762,1280,s1,rest_v6
10326764,1266,s1,rest_v6
10326766,1314,s1,rest_v6
10326768,1292,s1,rest_v6
10326770,1267,s1,rest_v6
10326772,1274,s1,rest_v6
10326774,1310,s1,rest_v6
10326776,1298,s1,rest_v6
10326778,1265,s1,rest_v6
10326780,1285,s1,rest_v6
10326782,1296,s1,rest_v6
10326784,1298,s1,rest_v6
10326786,1260,s1,rest_v6
10326788,1292,s1,rest_v6
10326790,1296,s1,rest_v6
10326792,1305,s1,rest_v6
10326794,1264,s1,rest_v6
10326796,1300,s1,rest_v6
10326798,1280,s1,rest_v6
10326800,1314,s1,rest_v6
10326802,1278,s1,rest_v6
10326804,1290,s1,rest_v6
10326806,1278,s1,rest_v6
10326808,1312,s1,rest_v6
10326810,1281,s1,rest_v6
10326812,1280,s1,rest_v6
10326814,1264,s1,rest_v6
10326816,1309,s1,rest_v6
10326818,1281,s1,rest_v6
10326820,1267,s1,rest_v6
10326822,1267,s1,rest_v6
10326824,1305,s1,rest_v6
10326826,1296,s1,rest_v6
10326828,1262,s1,rest_v6
10326830,1279,s1,rest_v6
10326832,1296,s1,rest_v6
10326834,1302,s1,rest_v6
10326836,1253,s1,rest_v6
10326838,1285,s1,rest_v6
10326840,1289,s1,rest_v6
10326842,1303,s1,rest_v6
10326844,1261,s1,rest_v6
10326846,1296,s1,rest_v6
10326848,1279,s1,rest_v6
10326850,1303,s1,rest_v6
10326852,1267,s1,rest_v6
10326854,1282,s1,rest_v6
10326856,1273,s1,rest_v6
10326858,1307,s1,rest_v6
10326860,1279,s1,rest_v6
10326862,1276,s1,rest_v6
10326864,1265,s1,rest_v6
10326866,1302,s1,rest_v6
10326868,1287,s1,rest_v6
10326870,1264,s1,rest_v6
10326872,1264,s1,rest_v6
10326874,1307,s1,rest_v6
10326876,1294,s1,rest_v6
10326878,1262,s1,rest_v6
10326880,1277,s1,rest_v6
10326882,1291,s1,rest_v6
10326884,1296,s1,rest_v6
10326886,1251,s1,rest_v6
10326888,1289,s1,rest_v6
10326890,1289,s1,rest_v6
10326892,1306,s1,rest_v6
10326894,1264,s1,rest_v6
10326896,1298,s1,rest_v6
10326898,1283,s1,rest_v6
10326900,1310,s1,rest_v6
10326902,1266,s1,rest_v6
10326904,1289,s1,rest_v6
10326906,1276,s1,rest_v6
10326908,1311,s1,rest_v6
10326910,1280,s1,rest_v6
10326912,1274,s1,rest_v6
10326914,1263,s1,rest_v6
10326916,1303,s1,rest_v6
10326918,1285,s1,rest_v6
10326920,1264,s1,rest_v6
10326922,1267,s1,rest_v6
10326924,1304,s1,rest_v6
10326926,1296,s1,rest_v6
10326928,1259,s1,rest_v6
10326930,1278,s1,rest_v6
10326932,1291,s1,rest_v6
10326934,1296,s1,rest_v6
10326936,1252,s1,rest_v6
10326938,1282,s1,rest_v6
10326940,1287,s1,rest_v6
10326942,1306,s1,rest_v6
10326944,1263,s1,rest_v6
10326946,1296,s1,rest_v6
10326948,1276,s1,rest_v6
10326950,1305,s1,rest_v6
10326952,1269,s1,rest_v6
10326954,1283,s1,rest_v6
10326956,1271,s1,rest_v6
10326958,1310,s1,rest_v6
10326960,1279,s1,rest_v6
10326962,1280,s1,rest_v6
10326964,1261,s1,rest_v6
10326966,1309,s1,rest_v6
10326968,1289,s1,rest_v6
10326970,1266,s1,rest_v6
10326972,1271,s1,rest_v6
10326974,1306,s1,rest_v6
10326976,1297,s1,rest_v6
10326978,1262,s1,rest_v6
10326980,1283,s1,rest_v6
10326982,1296,s1,rest_v6
10326984,1302,s1,rest_v6
10326986,1259,s1,rest_v6
10326988,1293,s1,rest_v6
10326990,1296,s1,rest_v6
10326992,1312,s1,rest_v6
10326994,1266,s1,rest_v6
10326996,1303,s1,rest_v6
10326998,1285,s1,rest_v6
10327000,1315,s1,rest_v6
10327002,1279,s1,rest_v6
10327004,1291,s1,rest_v6
10327006,1279,s1,rest_v6
10327008,1317,s1,rest_v6
10327010,1287,s1,rest_v6
10327012,1284,s1,rest_v6
10327014,1266,s1,rest_v6
10327016,1315,s1,rest_v6
10327018,1296,s1,rest_v6
10327020,1273,s1,rest_v6
10327022,1278,s1,rest_v6
10327024,1310,s1,rest_v6
10327026,1302,s1,rest_v6
10327028,1268,s1,rest_v6
10327030,1289,s1,rest_v6
10327032,1299,s1,rest_v6
10327034,1303,s1,rest_v6
10327036,1259,s1,rest_v6
10327038,1296,s1,rest_v6
10327040,1296,s1,rest_v6
10327042,1314,s1,rest_v6
10327044,1264,s1,rest_v6
10327046,1302,s1,rest_v6
10327048,1277,s1,rest_v6
10327050,1310,s1,rest_v6
10327052,1274,s1,rest_v6
10327054,1285,s1,rest_v6
10327056,1278,s1,rest_v6
10327058,1312,s1,rest_v6
10327060,1285,s1,rest_v6
10327062,1282,s1,rest_v6
10327064,1270,s1,rest_v6
10327066,1310,s1,rest_v6
10327068,1295,s1,rest_v6
10327070,1267,s1,rest_v6
10327072,1274,s1,rest_v6
10327074,1304,s1,rest_v6
10327076,1296,s1,rest_v6
10327078,1263,s1,rest_v6
10327080,1283,s1,rest_v6
10327082,1296,s1,rest_v6
10327084,1302,s1,rest_v6
10327086,1258,s1,rest_v6
10327088,1295,s1,rest_v6
10327090,1295,s1,rest_v6
10327092,1307,s1,rest_v6
10327094,1270,s1,rest_v6
10327096,1299,s1,rest_v6
10327098,1280,s1,rest_v6
10327100,1313,s1,rest_v6
10327102,1270,s1,rest_v6
10327104,1285,s1,rest_v6
10327106,1275,s1,rest_v6
10327108,1312,s1,rest_v6
10327110,1280,s1,rest_v6
10327112,1279,s1,rest_v6
10327114,1264,s1,rest_v6
10327116,1312,s1,rest_v6
10327118,1290,s1,rest_v6
10327120,1271,s1,rest_v6
10327122,1277,s1,rest_v6
10327124,1309,s1,rest_v6
10327126,1297,s1,rest_v6
10327128,1264,s1,rest_v6
10327130,1281,s1,rest_v6
10327132,1296,s1,rest_v6
10327134,1299,s1,rest_v6
10327136,1254,s1,rest_v6
10327138,1287,s1,rest_v6
10327140,1291,s1,rest_v6
10327142,1303,s1,rest_v6
10327144,1264,s1,rest_v6
10327146,1297,s1,rest_v6
10327148,1279,s1,rest_v6
10327150,1311,s1,rest_v6
10327152,1277,s1,rest_v6
10327154,1286,s1,rest_v6
10327156,1275,s1,rest_v6
10327158,1315,s1,rest_v6
10327160,1282,s1,rest_v6
10327162,1280,s1,rest_v6
10327164,1268,s1,rest_v6
10327166,1311,s1,rest_v6
10327168,1294,s1,rest_v6
10327170,1264,s1,rest_v6
10327172,1275,s1,rest_v6
10327174,1303,s1,rest_v6
10327176,1296,s1,rest_v6
10327178,1261,s1,rest_v6
10327180,1285,s1,rest_v6
10327182,1296,s1,rest_v6
10327184,1301,s1,rest_v6
10327186,1259,s1,rest_v6
10327188,1292,s1,rest_v6
10327190,1290,s1,rest_v6
10327192,1311,s1,rest_v6
10327194,1265,s1,rest_v6
10327196,1301,s1,rest_v6
10327198,1280,s1,rest_v6
10327200,1317,s1,rest_v6
10327202,1279,s1,rest_v6
10327204,1286,s1,rest_v6
10327206,1275,s1,rest_v6
10327208,1315,s1,rest_v6
10327210,1285,s1,rest_v6
10327212,1280,s1,rest_v6
10327214,1268,s1,rest_v6
10327216,1311,s1,rest_v6
10327218,1292,s1,rest_v6
10327220,1264,s1,rest_v6
10327222,1276,s1,rest_v6
10327224,1310,s1,rest_v6
10327226,1298,s1,rest_v6
10327228,1263,s1,rest_v6
10327230,1287,s1,rest_v6
10327232,1296,s1,rest_v6
10327234,1309,s1,rest_v6
10327236,1262,s1,rest_v6
10327238,1299,s1,rest_v6
10327240,1295,s1,rest_v6
10327242,1312,s1,rest_v6
10327244,1268,s1,rest_v6
10327246,1298,s1,rest_v6
10327248,1280,s1,rest_v6
10327250,1310,s1,rest_v6
10327252,1277,s1,rest_v6
10327254,1282,s1,rest_v6
10327256,1273,s1,rest_v6
10327258,1313,s1,rest_v6
10327260,1283,s1,rest_v6
10327262,1277,s1,rest_v6
10327264,1266,s1,rest_v6
10327266,1309,s1,rest_v6
10327268,1294,s1,rest_v6
10327270,1266,s1,rest_v6
10327272,1276,s1,rest_v6
10327274,1306,s1,rest_v6
10327276,1300,s1,rest_v6
10327278,1264,s1,rest_v6
10327280,1289,s1,rest_v6
10327282,1295,s1,rest_v6
10327284,1306,s1,rest_v6
10327286,1262,s1,rest_v6
10327288,1298,s1,rest_v6
10327290,1296,s1,rest_v6
10327292,1314,s1,rest_v6
10327294,1271,s1,rest_v6
10327296,1303,s1,rest_v6
10327298,1281,s1,rest_v6
10327300,1315,s1,rest_v6
10327302,1280,s1,rest_v6
10327304,1287,s1,rest_v6
10327306,1278,s1,rest_v6
10327308,1318,s1,rest_v6
10327310,1290,s1,rest_v6
10327312,1284,s1,rest_v6
10327314,1274,s1,rest_v6
10327316,1315,s1,rest_v6
10327318,1300,s1,rest_v6
10327320,1275,s1,rest_v6
10327322,1283,s1,rest_v6
10327324,1314,s1,rest_v6
10327326,1309,s1,rest_v6
10327328,1267,s1,rest_v6
10327330,1293,s1,rest_v6
10327332,1300,s1,rest_v6
10327334,1310,s1,rest_v6
10327336,1264,s1,rest_v6
10327338,1298,s1,rest_v6
10327340,1294,s1,rest_v6
10327342,1314,s1,rest_v6
10327344,1277,s1,rest_v6
10327346,1302,s1,rest_v6
10327348,1283,s1,rest_v6
10327350,1316,s1,rest_v6
10327352,1281,s1,rest_v6
10327354,1287,s1,rest_v6
10327356,1280,s1,rest_v6
10327358,1317,s1,rest_v6
10327360,1292,s1,rest_v6
10327362,1277,s1,rest_v6
10327364,1269,s1,rest_v6
10327366,1311,s1,rest_v6
10327368,1291,s1,rest_v6
10327370,1266,s1,rest_v6
10327372,1278,s1,rest_v6
10327374,1303,s1,rest_v6
10327376,1297,s1,rest_v6
10327378,1259,s1,rest_v6
10327380,1283,s1,rest_v6
10327382,1296,s1,rest_v6
10327384,1310,s1,rest_v6
10327386,1261,s1,rest_v6
10327388,1296,s1,rest_v6
10327390,1296,s1,rest_v6
10327392,1312,s1,rest_v6
10327394,1271,s1,rest_v6
10327396,1303,s1,rest_v6
10327398,1283,s1,rest_v6
10327400,1317,s1,rest_v6
10327402,1281,s1,rest_v6
10327404,1289,s1,rest_v6
10327406,1278,s1,rest_v6
10327408,1314,s1,rest_v6
10327410,1292,s1,rest_v6
10327412,1284,s1,rest_v6
10327414,1269,s1,rest_v6
10327416,1312,s1,rest_v6
10327418,1296,s1,rest_v6
10327420,1269,s1,rest_v6
10327422,1280,s1,rest_v6
10327424,1305,s1,rest_v6
10327426,1301,s1,rest_v6
10327428,1265,s1,rest_v6
10327430,1293,s1,rest_v6
10327432,1299,s1,rest_v6
10327434,1310,s1,rest_v6
10327436,1264,s1,rest_v6
10327438,1296,s1,rest_v6
10327440,1294,s1,rest_v6
10327442,1314,s1,rest_v6
10327444,1271,s1,rest_v6
10327446,1307,s1,rest_v6
10327448,1278,s1,rest_v6
10327450,1314,s1,rest_v6
10327452,1274,s1,rest_v6
10327454,1282,s1,rest_v6
10327456,1276,s1,rest_v6
10327458,1311,s1,rest_v6
10327460,1285,s1,rest_v6
10327462,1279,s1,rest_v6
10327464,1268,s1,rest_v6
10327466,1307,s1,rest_v6
10327468,1292,s1,rest_v6
10327470,1265,s1,rest_v6
10327472,1274,s1,rest_v6
10327474,1297,s1,rest_v6
10327476,1296,s1,rest_v6
10327478,1255,s1,rest_v6
10327480,1280,s1,rest_v6
10327482,1291,s1,rest_v6
10327484,1297,s1,rest_v6
10327486,1251,s1,rest_v6
10327488,1290,s1,rest_v6
10327490,1285,s1,rest_v6
10327492,1302,s1,rest_v6
10327494,1264,s1,rest_v6
10327496,1293,s1,rest_v6
10327498,1269,s1,rest_v6
10327500,1301,s1,rest_v6
10327502,1267,s1,rest_v6
10327504,1276,s1,rest_v6
10327506,1264,s1,rest_v6
10327508,1309,s1,rest_v6
10327510,1283,s1,rest_v6
10327512,1271,s1,rest_v6
10327514,1263,s1,rest_v6
10327516,1306,s1,rest_v6
10327518,1289,s1,rest_v6
10327520,1264,s1,rest_v6
10327522,1274,s1,rest_v6
10327524,1299,s1,rest_v6
10327526,1293,s1,rest_v6
10327528,1254,s1,rest_v6
10327530,1282,s1,rest_v6
10327532,1286,s1,rest_v6
10327534,1297,s1,rest_v6
10327536,1255,s1,rest_v6
10327538,1289,s1,rest_v6
10327540,1285,s1,rest_v6
10327542,1306,s1,rest_v6
10327544,1264,s1,rest_v6
10327546,1296,s1,rest_v6
10327548,1275,s1,rest_v6
10327550,1309,s1,rest_v6
10327552,1273,s1,rest_v6
10327554,1280,s1,rest_v6
10327556,1269,s1,rest_v6
10327558,1302,s1,rest_v6
10327560,1282,s1,rest_v6
10327562,1274,s1,rest_v6
10327564,1264,s1,rest_v6
10327566,1302,s1,rest_v6
10327568,1295,s1,rest_v6
10327570,1261,s1,rest_v6
10327572,1274,s1,rest_v6
10327574,1307,s1,rest_v6
10327576,1298,s1,rest_v6
10327578,1259,s1,rest_v6
10327580,1282,s1,rest_v6
10327582,1296,s1,rest_v6
10327584,1303,s1,rest_v6
10327586,1258,s1,rest_v6
10327588,1296,s1,rest_v6
10327590,1289,s1,rest_v6
10327592,1313,s1,rest_v6
10327594,1269,s1,rest_v6
10327596,1301,s1,rest_v6
10327598,1278,s1,rest_v6
10327600,1311,s1,rest_v6
10327602,1279,s1,rest_v6
10327604,1283,s1,rest_v6
10327606,1274,s1,rest_v6
10327608,1317,s1,rest_v6
10327610,1295,s1,rest_v6
10327612,1280,s1,rest_v6
10327614,1278,s1,rest_v6
10327616,1315,s1,rest_v6
10327618,1296,s1,rest_v6
10327620,1269,s1,rest_v6
10327622,1281,s1,rest_v6
10327624,1310,s1,rest_v6
10327626,1299,s1,rest_v6
10327628,1264,s1,rest_v6
10327630,1291,s1,rest_v6
10327632,1296,s1,rest_v6
10327634,1310,s1,rest_v6
10327636,1264,s1,rest_v6
10327638,1297,s1,rest_v6
10327640,1295,s1,rest_v6
10327642,1314,s1,rest_v6
10327644,1277,s1,rest_v6
10327646,1302,s1,rest_v6
10327648,1280,s1,rest_v6
10327650,1319,s1,rest_v6
10327652,1283,s1,rest_v6
10327654,1286,s1,rest_v6
10327656,1278,s1,rest_v6
10327658,1319,s1,rest_v6
10327660,1293,s1,rest_v6
10327662,1279,s1,rest_v6
10327664,1269,s1,rest_v6
10327666,1307,s1,rest_v6
10327668,1297,s1,rest_v6
10327670,1266,s1,rest_v6
10327672,1280,s1,rest_v6
10327674,1307,s1,rest_v6
10327676,1302,s1,rest_v6
10327678,1263,s1,rest_v6
10327680,1290,s1,rest_v6
10327682,1296,s1,rest_v6
10327684,1306,s1,rest_v6
10327686,1263,s1,rest_v6
10327688,1299,s1,rest_v6
10327690,1291,s1,rest_v6
10327692,1314,s1,rest_v6
10327694,1274,s1,rest_v6
10327696,1306,s1,rest_v6
10327698,1278,s1,rest_v6
10327700,1317,s1,rest_v6
10327702,1282,s1,rest_v6
10327704,1285,s1,rest_v6
10327706,1275,s1,rest_v6
10327708,1315,s1,rest_v6
10327710,1290,s1,rest_v6
10327712,1279,s1,rest_v6
10327714,1274,s1,rest_v6
10327716,1310,s1,rest_v6
10327718,1296,s1,rest_v6
10327720,1267,s1,rest_v6
10327722,1280,s1,rest_v6
10327724,1310,s1,rest_v6
10327726,1306,s1,rest_v6
10327728,1266,s1,rest_v6
10327730,1296,s1,rest_v6
10327732,1299,s1,rest_v6
10327734,1313,s1,rest_v6
10327736,1264,s1,rest_v6
10327738,1301,s1,rest_v6
10327740,1296,s1,rest_v6
10327742,1322,s1,rest_v6
10327744,1279,s1,rest_v6
10327746,1308,s1,rest_v6
10327748,1283,s1,rest_v6
10327750,1323,s1,rest_v6
10327752,1287,s1,rest_v6
10327754,1287,s1,rest_v6
10327756,1280,s1,rest_v6
10327758,1321,s1,rest_v6
10327760,1295,s1,rest_v6
10327762,1279,s1,rest_v6
10327764,1275,s1,rest_v6
10327766,1311,s1,rest_v6
10327768,1293,s1,rest_v6
10327770,1269,s1,rest_v6
10327772,1283,s1,rest_v6
10327774,1306,s1,rest_v6
10327776,1302,s1,rest_v6
10327778,1257,s1,rest_v6
10327780,1289,s1,rest_v6
10327782,1293,s1,rest_v6
10327784,1309,s1,rest_v6
10327786,1259,s1,rest_v6
10327788,1295,s1,rest_v6
10327790,1291,s1,rest_v6
10327792,1319,s1,rest_v6
10327794,1274,s1,rest_v6
10327796,1302,s1,rest_v6
10327798,1275,s1,rest_v6
10327800,1313,s1,rest_v6
10327802,1280,s1,rest_v6
10327804,1282,s1,rest_v6
10327806,1279,s1,rest_v6
10327808,1314,s1,rest_v6
10327810,1291,s1,rest_v6
10327812,1279,s1,rest_v6
10327814,1274,s1,rest_v6
10327816,1309,s1,rest_v6
10327818,1299,s1,rest_v6
10327820,1265,s1,rest_v6
10327822,1281,s1,rest_v6
10327824,1308,s1,rest_v6
10327826,1302,s1,rest_v6
10327828,1264,s1,rest_v6
10327830,1291,s1,rest_v6
10327832,1295,s1,rest_v6
10327834,1307,s1,rest_v6
10327836,1264,s1,rest_v6
10327838,1300,s1,rest_v6
10327840,1295,s1,rest_v6
10327842,1317,s1,rest_v6
10327844,1275,s1,rest_v6
10327846,1302,s1,rest_v6
10327848,1274,s1,rest_v6
10327850,1310,s1,rest_v6
10327852,1280,s1,rest_v6
10327854,1277,s1,rest_v6
10327856,1276,s1,rest_v6
10327858,1316,s1,rest_v6
10327860,1290,s1,rest_v6
10327862,1279,s1,rest_v6
10327864,1275,s1,rest_v6
10327866,1312,s1,rest_v6
10327868,1297,s1,rest_v6
10327870,1271,s1,rest_v6
10327872,1282,s1,rest_v6
10327874,1306,s1,rest_v6
10327876,1302,s1,rest_v6
10327878,1264,s1,rest_v6
10327880,1294,s1,rest_v6
10327882,1296,s1,rest_v6
10327884,1312,s1,rest_v6
10327886,1266,s1,rest_v6
10327888,1299,s1,rest_v6
10327890,1296,s1,rest_v6
10327892,1318,s1,rest_v6
10327894,1278,s1,rest_v6
10327896,1303,s1,rest_v6
10327898,1280,s1,rest_v6
10327900,1317,s1,rest_v6
10327902,1283,s1,rest_v6
10327904,1287,s1,rest_v6
10327906,1279,s1,rest_v6
10327908,1315,s1,rest_v6
10327910,1293,s1,rest_v6
10327912,1277,s1,rest_v6
10327914,1275,s1,rest_v6
10327916,1310,s1,rest_v6
10327918,1296,s1,rest_v6
10327920,1267,s1,rest_v6
10327922,1285,s1,rest_v6
10327924,1307,s1,rest_v6
10327926,1313,s1,rest_v6
10327928,1265,s1,rest_v6
10327930,1297,s1,rest_v6
10327932,1297,s1,rest_v6
10327934,1315,s1,rest_v6
10327936,1269,s1,rest_v6
10327938,1297,s1,rest_v6
10327940,1296,s1,rest_v6
10327942,1318,s1,rest_v6
10327944,1281,s1,rest_v6
10327946,1306,s1,rest_v6
10327948,1283,s1,rest_v6
10327950,1319,s1,rest_v6
10327952,1286,s1,rest_v6
10327954,1287,s1,rest_v6
10327956,1281,s1,rest_v6
10327958,1323,s1,rest_v6
10327960,1297,s1,rest_v6
10327962,1281,s1,rest_v6
10327964,1282,s1,rest_v6
10327966,1318,s1,rest_v6
10327968,1303,s1,rest_v6
10327970,1273,s1,rest_v6
10327972,1287,s1,rest_v6
10327974,1312,s1,rest_v6
10327976,1313,s1,rest_v6
10327978,1269,s1,rest_v6
10327980,1297,s1,rest_v6
10327982,1296,s1,rest_v6
10327984,1317,s1,rest_v6
10327986,1271,s1,rest_v6
10327988,1309,s1,rest_v6
10327990,1296,s1,rest_v6
10327992,1325,s1,rest_v6
10327994,1283,s1,rest_v6
10327996,1303,s1,rest_v6
10327998,1279,s1,rest_v6
10328000,1317,s1,rest_v6
10328002,1285,s1,rest_v6
10328004,1281,s1,rest_v6
10328006,1279,s1,rest_v6
10328008,1314,s1,rest_v6
10328010,1297,s1,rest_v6
10328012,1278,s1,rest_v6
10328014,1275,s1,rest_v6
10328016,1313,s1,rest_v6
10328018,1298,s1,rest_v6
10328020,1264,s1,rest_v6
10328022,1282,s1,rest_v6
10328024,1307,s1,rest_v6
10328026,1303,s1,rest_v6
10328028,1261,s1,rest_v6
10328030,1293,s1,rest_v6
10328032,1290,s1,rest_v6
10328034,1310,s1,rest_v6
10328036,1264,s1,rest_v6
10328038,1298,s1,rest_v6
10328040,1293,s1,rest_v6
10328042,1317,s1,rest_v6
10328044,1277,s1,rest_v6
10328046,1301,s1,rest_v6
10328048,1277,s1,rest_v6
10328050,1315,s1,rest_v6
10328052,1289,s1,rest_v6
10328054,1281,s1,rest_v6
10328056,1279,s1,rest_v6
10328058,1318,s1,rest_v6
10328060,1296,s1,rest_v6
10328062,1279,s1,rest_v6
10328064,1279,s1,rest_v6
10328066,1312,s1,rest_v6
10328068,1298,s1,rest_v6
10328070,1269,s1,rest_v6
10328072,1287,s1,rest_v6
10328074,1309,s1,rest_v6
10328076,1307,s1,rest_v6
10328078,1264,s1,rest_v6
10328080,1296,s1,rest_v6
10328082,1295,s1,rest_v6
10328084,1311,s1,rest_v6
10328086,1266,s1,rest_v6
10328088,1300,s1,rest_v6
10328090,1291,s1,rest_v6
10328092,1311,s1,rest_v6
10328094,1271,s1,rest_v6
10328096,1297,s1,rest_v6
10328098,1275,s1,rest_v6
10328100,1313,s1,rest_v6
10328102,1279,s1,rest_v6
10328104,1280,s1,rest_v6
10328106,1275,s1,rest_v6
10328108,1314,s1,rest_v6
10328110,1294,s1,rest_v6
10328112,1276,s1,rest_v6
10328114,1278,s1,rest_v6
10328116,1307,s1,rest_v6
10328118,1296,s1,rest_v6
10328120,1267,s1,rest_v6
10328122,1286,s1,rest_v6
10328124,1305,s1,rest_v6
10328126,1307,s1,rest_v6
10328128,1264,s1,rest_v6
10328130,1296,s1,rest_v6
10328132,1297,s1,rest_v6
10328134,1315,s1,rest_v6
10328136,1267,s1,rest_v6
10328138,1305,s1,rest_v6
10328140,1294,s1,rest_v6
10328142,1323,s1,rest_v6
10328144,1285,s1,rest_v6
10328146,1307,s1,rest_v6
10328148,1280,s1,rest_v6
10328150,1317,s1,rest_v6
10328152,1287,s1,rest_v6
10328154,1280,s1,rest_v6
10328156,1280,s1,rest_v6
10328158,1317,s1,rest_v6
10328160,1297,s1,rest_v6
10328162,1277,s1,rest_v6
10328164,1277,s1,rest_v6
10328166,1312,s1,rest_v6
10328168,1302,s1,rest_v6
10328170,1264,s1,rest_v6
10328172,1286,s1,rest_v6
10328174,1306,s1,rest_v6
10328176,1302,s1,rest_v6
10328178,1264,s1,rest_v6
10328180,1289,s1,rest_v6
10328182,1293,s1,rest_v6
10328184,1311,s1,rest_v6
10328186,1266,s1,rest_v6
10328188,1301,s1,rest_v6
10328190,1286,s1,rest_v6
10328192,1315,s1,rest_v6
10328194,1280,s1,rest_v6
10328196,1299,s1,rest_v6
10328198,1277,s1,rest_v6
10328200,1315,s1,rest_v6
10328202,1282,s1,rest_v6
10328204,1280,s1,rest_v6
10328206,1271,s1,rest_v6
10328208,1317,s1,rest_v6
10328210,1296,s1,rest_v6
10328212,1280,s1,rest_v6
10328214,1276,s1,rest_v6
10328216,1307,s1,rest_v6
10328218,1298,s1,rest_v6
10328220,1265,s1,rest_v6
10328222,1284,s1,rest_v6
10328224,1302,s1,rest_v6
10328226,1306,s1,rest_v6
10328228,1262,s1,rest_v6
10328230,1295,s1,rest_v6
10328232,1295,s1,rest_v6
10328234,1315,s1,rest_v6
10328236,1268,s1,rest_v6
10328238,1298,s1,rest_v6
10328240,1286,s1,rest_v6
10328242,1317,s1,rest_v6
10328244,1278,s1,rest_v6
10328246,1296,s1,rest_v6
10328248,1277,s1,rest_v6
10328250,1317,s1,rest_v6
10328252,1283,s1,rest_v6
10328254,1279,s1,rest_v6
10328256,1275,s1,rest_v6
10328258,1315,s1,rest_v6
10328260,1295,s1,rest_v6
10328262,1275,s1,rest_v6
10328264,1280,s1,rest_v6
10328266,1309,s1,rest_v6
10328268,1301,s1,rest_v6
10328270,1264,s1,rest_v6
10328272,1282,s1,rest_v6
10328274,1306,s1,rest_v6
10328276,1309,s1,rest_v6
10328278,1264,s1,rest_v6
10328280,1296,s1,rest_v6
10328282,1291,s1,rest_v6
10328284,1311,s1,rest_v6
10328286,1268,s1,rest_v6
10328288,1297,s1,rest_v6
10328290,1291,s1,rest_v6
10328292,1313,s1,rest_v6
10328294,1279,s1,rest_v6
10328296,1297,s1,rest_v6
10328298,1277,s1,rest_v6
10328300,1318,s1,rest_v6
10328302,1287,s1,rest_v6
10328304,1280,s1,rest_v6
10328306,1275,s1,rest_v6
10328308,1313,s1,rest_v6
10328310,1290,s1,rest_v6
10328312,1270,s1,rest_v6
10328314,1274,s1,rest_v6
10328316,1305,s1,rest_v6
10328318,1296,s1,rest_v6
10328320,1264,s1,rest_v6
10328322,1280,s1,rest_v6
10328324,1298,s1,rest_v6
10328326,1303,s1,rest_v6
10328328,1262,s1,rest_v6
10328330,1294,s1,rest_v6
10328332,1291,s1,rest_v6
10328334,1313,s1,rest_v6
10328336,1270,s1,rest_v6
10328338,1297,s1,rest_v6
10328340,1291,s1,rest_v6
10328342,1317,s1,rest_v6
10328344,1280,s1,rest_v6
10328346,1296,s1,rest_v6
10328348,1274,s1,rest_v6
10328350,1315,s1,rest_v6
10328352,1286,s1,rest_v6
10328354,1282,s1,rest_v6
10328356,1277,s1,rest_v6
10328358,1319,s1,rest_v6
10328360,1296,s1,rest_v6
10328362,1280,s1,rest_v6
10328364,1283,s1,rest_v6
10328366,1313,s1,rest_v6
10328368,1303,s1,rest_v6
10328370,1266,s1,rest_v6
10328372,1289,s1,rest_v6
10328374,1305,s1,rest_v6
10328376,1310,s1,rest_v6
10328378,1264,s1,rest_v6
10328380,1297,s1,rest_v6
10328382,1292,s1,rest_v6
10328384,1313,s1,rest_v6
10328386,1268,s1,rest_v6
10328388,1298,s1,rest_v6
10328390,1286,s1,rest_v6
10328392,1313,s1,rest_v6
10328394,1279,s1,rest_v6
10328396,1297,s1,rest_v6
10328398,1274,s1,rest_v6
10328400,1317,s1,rest_v6
10328402,1282,s1,rest_v6
10328404,1279,s1,rest_v6
10328406,1277,s1,rest_v6
10328408,1313,s1,rest_v6
10328410,1293,s1,rest_v6
10328412,1274,s1,rest_v6
10328414,1277,s1,rest_v6
10328416,1311,s1,rest_v6
10328418,1297,s1,rest_v6
10328420,1264,s1,rest_v6
10328422,1291,s1,rest_v6
10328424,1303,s1,rest_v6
10328426,1307,s1,rest_v6
10328428,1264,s1,rest_v6
10328430,1296,s1,rest_v6
10328432,1293,s1,rest_v6
10328434,1313,s1,rest_v6
10328436,1267,s1,rest_v6
10328438,1296,s1,rest_v6
10328440,1283,s1,rest_v6
10328442,1313,s1,rest_v6
10328444,1279,s1,rest_v6
10328446,1296,s1,rest_v6
10328448,1269,s1,rest_v6
10328450,1315,s1,rest_v6
10328452,1282,s1,rest_v6
10328454,1273,s1,rest_v6
10328456,1273,s1,rest_v6
10328458,1314,s1,rest_v6
10328460,1296,s1,rest_v6
10328462,1275,s1,rest_v6
10328464,1279,s1,rest_v6
10328466,1303,s1,rest_v6
10328468,1296,s1,rest_v6
10328470,1262,s1,rest_v6
10328472,1285,s1,rest_v6
10328474,1300,s1,rest_v6
10328476,1305,s1,rest_v6
10328478,1257,s1,rest_v6
10328480,1293,s1,rest_v6
10328482,1284,s1,rest_v6
10328484,1307,s1,rest_v6
10328486,1263,s1,rest_v6
10328488,1293,s1,rest_v6
10328490,1285,s1,rest_v6
10328492,1310,s1,rest_v6
10328494,1276,s1,rest_v6
10328496,1291,s1,rest_v6
10328498,1268,s1,rest_v6
10328500,1311,s1,rest_v6
10328502,1280,s1,rest_v6
10328504,1269,s1,rest_v6
10328506,1274,s1,rest_v6
10328508,1312,s1,rest_v6
10328510,1296,s1,rest_v6
10328512,1274,s1,rest_v6
10328514,1278,s1,rest_v6
10328516,1309,s1,rest_v6
10328518,1300,s1,rest_v6
10328520,1266,s1,rest_v6
10328522,1293,s1,rest_v6
10328524,1309,s1,rest_v6
10328526,1311,s1,rest_v6
10328528,1264,s1,rest_v6
10328530,1297,s1,rest_v6
10328532,1294,s1,rest_v6
10328534,1313,s1,rest_v6
10328536,1266,s1,rest_v6
10328538,1297,s1,rest_v6
10328540,1286,s1,rest_v6
10328542,1321,s1,rest_v6
10328544,1282,s1,rest_v6
10328546,1296,s1,rest_v6
10328548,1271,s1,rest_v6
10328550,1313,s1,rest_v6
10328552,1287,s1,rest_v6
10328554,1276,s1,rest_v6
10328556,1270,s1,rest_v6
10328558,1315,s1,rest_v6
10328560,1296,s1,rest_v6
10328562,1273,s1,rest_v6
10328564,1281,s1,rest_v6
10328566,1305,s1,rest_v6
10328568,1297,s1,rest_v6
10328570,1261,s1,rest_v6
10328572,1287,s1,rest_v6
10328574,1297,s1,rest_v6
10328576,1305,s1,rest_v6
10328578,1263,s1,rest_v6
10328580,1295,s1,rest_v6
10328582,1287,s1,rest_v6
10328584,1310,s1,rest_v6
10328586,1266,s1,rest_v6
10328588,1296,s1,rest_v6
10328590,1285,s1,rest_v6
10328592,1313,s1,rest_v6
10328594,1278,s1,rest_v6
10328596,1296,s1,rest_v6
10328598,1271,s1,rest_v6
10328600,1316,s1,rest_v6
10328602,1289,s1,rest_v6
10328604,1275,s1,rest_v6
10328606,1275,s1,rest_v6
10328608,1315,s1,rest_v6
10328610,1294,s1,rest_v6
10328612,1274,s1,rest_v6
10328614,1280,s1,rest_v6
10328616,1307,s1,rest_v6
10328618,1303,s1,rest_v6
10328620,1266,s1,rest_v6
10328622,1290,s1,rest_v6
10328624,1308,s1,rest_v6
10328626,1309,s1,rest_v6
10328628,1266,s1,rest_v6
10328630,1296,s1,rest_v6
10328632,1291,s1,rest_v6
10328634,1312,s1,rest_v6
10328636,1268,s1,rest_v6
10328638,1296,s1,rest_v6
10328640,1283,s1,rest_v6
10328642,1317,s1,rest_v6
10328644,1285,s1,rest_v6
10328646,1296,s1,rest_v6
10328648,1273,s1,rest_v6
10328650,1314,s1,rest_v6
10328652,1286,s1,rest_v6
10328654,1276,s1,rest_v6
10328656,1275,s1,rest_v6
10328658,1315,s1,rest_v6
10328660,1296,s1,rest_v6
10328662,1269,s1,rest_v6
10328664,1282,s1,rest_v6
10328666,1303,s1,rest_v6
10328668,1301,s1,rest_v6
10328670,1264,s1,rest_v6
10328672,1287,s1,rest_v6
10328674,1299,s1,rest_v6
10328676,1309,s1,rest_v6
10328678,1264,s1,rest_v6
10328680,1296,s1,rest_v6
10328682,1291,s1,rest_v6
10328684,1312,s1,rest_v6
10328686,1267,s1,rest_v6
10328688,1300,s1,rest_v6
10328690,1283,s1,rest_v6
10328692,1318,s1,rest_v6
10328694,1281,s1,rest_v6
10328696,1296,s1,rest_v6
10328698,1270,s1,rest_v6
10328700,1315,s1,rest_v6
10328702,1285,s1,rest_v6
10328704,1277,s1,rest_v6
10328706,1274,s1,rest_v6
10328708,1313,s1,rest_v6
10328710,1296,s1,rest_v6
10328712,1270,s1,rest_v6
10328714,1281,s1,rest_v6
10328716,1306,s1,rest_v6
10328718,1302,s1,rest_v6
10328720,1264,s1,rest_v6
10328722,1290,s1,rest_v6
10328724,1300,s1,rest_v6
10328726,1310,s1,rest_v6
10328728,1266,s1,rest_v6
10328730,1302,s1,rest_v6
10328732,1294,s1,rest_v6
10328734,1319,s1,rest_v6
10328736,1274,s1,rest_v6
10328738,1305,s1,rest_v6
10328740,1296,s1,rest_v6
10328742,1323,s1,rest_v6
10328744,1287,s1,rest_v6
10328746,1299,s1,rest_v6
10328748,1281,s1,rest_v6
10328750,1319,s1,rest_v6
10328752,1295,s1,rest_v6
10328754,1282,s1,rest_v6
10328756,1280,s1,rest_v6
10328758,1325,s1,rest_v6
10328760,1307,s1,rest_v6
10328762,1279,s1,rest_v6
10328764,1293,s1,rest_v6
10328766,1315,s1,rest_v6
10328768,1310,s1,rest_v6
10328770,1274,s1,rest_v6
10328772,1296,s1,rest_v6
10328774,1312,s1,rest_v6
10328776,1319,s1,rest_v6
10328778,1278,s1,rest_v6
10328780,1309,s1,rest_v6
10328782,1302,s1,rest_v6
10328784,1326,s1,rest_v6
10328786,1280,s1,rest_v6
10328788,1308,s1,rest_v6
10328790,1296,s1,rest_v6
10328792,1328,s1,rest_v6
10328794,1295,s1,rest_v6
10328796,1302,s1,rest_v6
10328798,1285,s1,rest_v6
10328800,1328,s1,rest_v6
10328802,1296,s1,rest_v6
10328804,1285,s1,rest_v6
10328806,1291,s1,rest_v6
10328808,1328,s1,rest_v6
10328810,1306,s1,rest_v6
10328812,1285,s1,rest_v6
10328814,1295,s1,rest_v6
10328816,1314,s1,rest_v6
10328818,1310,s1,rest_v6
10328820,1271,s1,rest_v6
10328822,1296,s1,rest_v6
10328824,1312,s1,rest_v6
10328826,1322,s1,rest_v6
10328828,1274,s1,rest_v6
10328830,1309,s1,rest_v6
10328832,1297,s1,rest_v6
10328834,1325,s1,rest_v6
10328836,1280,s1,rest_v6
10328838,1311,s1,rest_v6
10328840,1295,s1,rest_v6
10328842,1328,s1,rest_v6
10328844,1295,s1,rest_v6
10328846,1301,s1,rest_v6
10328848,1280,s1,rest_v6
10328850,1328,s1,rest_v6
10328852,1299,s1,rest_v6
10328854,1285,s1,rest_v6
10328856,1289,s1,rest_v6
10328858,1324,s1,rest_v6
10328860,1306,s1,rest_v6
10328862,1282,s1,rest_v6
10328864,1287,s1,rest_v6
10328866,1317,s1,rest_v6
10328868,1314,s1,rest_v6
10328870,1269,s1,rest_v6
10328872,1301,s1,rest_v6
10328874,1310,s1,rest_v6
10328876,1321,s1,rest_v6
10328878,1275,s1,rest_v6
10328880,1308,s1,rest_v6
10328882,1298,s1,rest_v6
10328884,1325,s1,rest_v6
10328886,1279,s1,rest_v6
10328888,1301,s1,rest_v6
10328890,1291,s1,rest_v6
10328892,1324,s1,rest_v6
10328894,1290,s1,rest_v6
10328896,1298,s1,rest_v6
10328898,1279,s1,rest_v6
10328900,1316,s1,rest_v6
10328902,1295,s1,rest_v6
10328904,1279,s1,rest_v6
10328906,1277,s1,rest_v6
10328908,1318,s1,rest_v6
10328910,1299,s1,rest_v6
10328912,1277,s1,rest_v6
10328914,1289,s1,rest_v6
10328916,1307,s1,rest_v6
10328918,1309,s1,rest_v6
10328920,1264,s1,rest_v6
10328922,1291,s1,rest_v6
10328924,1302,s1,rest_v6
10328926,1314,s1,rest_v6
10328928,1267,s1,rest_v6
10328930,1302,s1,rest_v6
10328932,1295,s1,rest_v6
10328934,1314,s1,rest_v6
10328936,1275,s1,rest_v6
10328938,1303,s1,rest_v6
10328940,1289,s1,rest_v6
10328942,1322,s1,rest_v6
10328944,1289,s1,rest_v6
10328946,1296,s1,rest_v6
10328948,1275,s1,rest_v6
10328950,1323,s1,rest_v6
10328952,1293,s1,rest_v6
10328954,1279,s1,rest_v6
10328956,1280,s1,rest_v6
10328958,1315,s1,rest_v6
10328960,1300,s1,rest_v6
10328962,1270,s1,rest_v6
10328964,1283,s1,rest_v6
10328966,1302,s1,rest_v6
10328968,1307,s1,rest_v6
10328970,1264,s1,rest_v6
10328972,1292,s1,rest_v6
10328974,1301,s1,rest_v6
10328976,1314,s1,rest_v6
10328978,1265,s1,rest_v6
10328980,1301,s1,rest_v6
10328982,1287,s1,rest_v6
10328984,1317,s1,rest_v6
10328986,1275,s1,rest_v6
10328988,1301,s1,rest_v6
10328990,1286,s1,rest_v6
10328992,1321,s1,rest_v6
10328994,1285,s1,rest_v6
10328996,1296,s1,rest_v6
10328998,1276,s1,rest_v6
10329000,1319,s1,rest_v6
10329002,1296,s1,rest_v6
10329004,1274,s1,rest_v6
10329006,1277,s1,rest_v6
10329008,1312,s1,rest_v6
10329010,1296,s1,rest_v6
10329012,1274,s1,rest_v6
10329014,1280,s1,rest_v6
10329016,1300,s1,rest_v6
10329018,1300,s1,rest_v6
10329020,1255,s1,rest_v6
10329022,1285,s1,rest_v6
10329024,1296,s1,rest_v6
10329026,1311,s1,rest_v6
10329028,1265,s1,rest_v6
10329030,1294,s1,rest_v6
10329032,1282,s1,rest_v6
10329034,1313,s1,rest_v6
10329036,1266,s1,rest_v6
10329038,1293,s1,rest_v6
10329040,1285,s1,rest_v6
10329042,1318,s1,rest_v6
10329044,1285,s1,rest_v6
10329046,1295,s1,rest_v6
10329048,1273,s1,rest_v6
10329050,1314,s1,rest_v6
10329052,1292,s1,rest_v6
10329054,1271,s1,rest_v6
10329056,1276,s1,rest_v6
10329058,1309,s1,rest_v6
10329060,1296,s1,rest_v6
10329062,1267,s1,rest_v6
10329064,1282,s1,rest_v6
10329066,1303,s1,rest_v6
10329068,1303,s1,rest_v6
10329070,1262,s1,rest_v6
10329072,1291,s1,rest_v6
10329074,1302,s1,rest_v6
10329076,1313,s1,rest_v6
10329078,1265,s1,rest_v6
10329080,1302,s1,rest_v6
10329082,1289,s1,rest_v6
10329084,1318,s1,rest_v6
10329086,1278,s1,rest_v6
10329088,1299,s1,rest_v6
10329090,1285,s1,rest_v6
10329092,1313,s1,rest_v6
10329094,1286,s1,rest_v6
10329096,1295,s1,rest_v6
10329098,1275,s1,rest_v6
10329100,1315,s1,rest_v6
10329102,1295,s1,rest_v6
10329104,1275,s1,rest_v6
10329106,1277,s1,rest_v6
10329108,1313,s1,rest_v6
10329110,1303,s1,rest_v6
10329112,1274,s1,rest_v6
10329114,1282,s1,rest_v6
10329116,1303,s1,rest_v6
10329118,1309,s1,rest_v6
10329120,1265,s1,rest_v6
10329122,1296,s1,rest_v6
10329124,1297,s1,rest_v6
10329126,1313,s1,rest_v6
10329128,1267,s1,rest_v6
10329130,1303,s1,rest_v6
10329132,1290,s1,rest_v6
10329134,1317,s1,rest_v6
10329136,1277,s1,rest_v6
10329138,1296,s1,rest_v6
10329140,1280,s1,rest_v6
10329142,1323,s1,rest_v6
10329144,1290,s1,rest_v6
10329146,1293,s1,rest_v6
10329148,1275,s1,rest_v6
10329150,1319,s1,rest_v6
10329152,1296,s1,rest_v6
10329154,1280,s1,rest_v6
10329156,1283,s1,rest_v6
10329158,1316,s1,rest_v6
10329160,1297,s1,rest_v6
10329162,1270,s1,rest_v6
10329164,1289,s1,rest_v6
10329166,1309,s1,rest_v6
10329168,1305,s1,rest_v6
10329170,1264,s1,rest_v6
10329172,1296,s1,rest_v6
10329174,1301,s1,rest_v6
10329176,1318,s1,rest_v6
10329178,1268,s1,rest_v6
10329180,1303,s1,rest_v6
10329182,1288,s1,rest_v6
10329184,1314,s1,rest_v6
10329186,1273,s1,rest_v6
10329188,1296,s1,rest_v6
10329190,1283,s1,rest_v6
10329192,1319,s1,rest_v6
10329194,1285,s1,rest_v6
10329196,1294,s1,rest_v6
10329198,1271,s1,rest_v6
10329200,1316,s1,rest_v6
10329202,1293,s1,rest_v6
10329204,1271,s1,rest_v6
10329206,1280,s1,rest_v6
10329208,1314,s1,rest_v6
10329210,1299,s1,rest_v6
10329212,1271,s1,rest_v6
10329214,1290,s1,rest_v6
10329216,1305,s1,rest_v6
10329218,1309,s1,rest_v6
10329220,1266,s1,rest_v6
10329222,1296,s1,rest_v6
10329224,1301,s1,rest_v6
10329226,1313,s1,rest_v6
10329228,1267,s1,rest_v6
10329230,1299,s1,rest_v6
10329232,1287,s1,rest_v6
10329234,1314,s1,rest_v6
10329236,1278,s1,rest_v6
10329238,1296,s1,rest_v6
10329240,1282,s1,rest_v6
10329242,1319,s1,rest_v6
10329244,1288,s1,rest_v6
10329246,1290,s1,rest_v6
10329248,1270,s1,rest_v6
10329250,1314,s1,rest_v6
10329252,1294,s1,rest_v6
10329254,1271,s1,rest_v6
10329256,1273,s1,rest_v6
10329258,1308,s1,rest_v6
10329260,1296,s1,rest_v6
10329262,1265,s1,rest_v6
10329264,1282,s1,rest_v6
10329266,1302,s1,rest_v6
10329268,1298,s1,rest_v6
10329270,1259,s1,rest_v6
10329272,1291,s1,rest_v6
10329274,1299,s1,rest_v6
10329276,1317,s1,rest_v6
10329278,1273,s1,rest_v6
10329280,1298,s1,rest_v6
10329282,1289,s1,rest_v6
10329284,1319,s1,rest_v6
10329286,1277,s1,rest_v6
10329288,1295,s1,rest_v6
10329290,1286,s1,rest_v6
10329292,1325,s1,rest_v6
10329294,1289,s1,rest_v6
10329296,1295,s1,rest_v6
10329298,1278,s1,rest_v6
10329300,1322,s1,rest_v6
10329302,1296,s1,rest_v6
10329304,1278,s1,rest_v6
10329306,1284,s1,rest_v6
10329308,1318,s1,rest_v6
10329310,1305,s1,rest_v6
10329312,1271,s1,rest_v6
10329314,1294,s1,rest_v6
10329316,1302,s1,rest_v6
10329318,1309,s1,rest_v6
10329320,1264,s1,rest_v6
10329322,1296,s1,rest_v6
10329324,1299,s1,rest_v6
10329326,1317,s1,rest_v6
10329328,1269,s1,rest_v6
10329330,1310,s1,rest_v6
10329332,1290,s1,rest_v6
10329334,1323,s1,rest_v6
10329336,1283,s1,rest_v6
10329338,1303,s1,rest_v6
10329340,1294,s1,rest_v6
10329342,1327,s1,rest_v6
10329344,1296,s1,rest_v6
10329346,1297,s1,rest_v6
10329348,1282,s1,rest_v6
10329350,1318,s1,rest_v6
10329352,1300,s1,rest_v6
10329354,1278,s1,rest_v6
10329356,1283,s1,rest_v6
10329358,1317,s1,rest_v6
10329360,1307,s1,rest_v6
10329362,1271,s1,rest_v6
10329364,1293,s1,rest_v6
10329366,1309,s1,rest_v6
10329368,1315,s1,rest_v6
10329370,1264,s1,rest_v6
10329372,1299,s1,rest_v6
10329374,1305,s1,rest_v6
10329376,1315,s1,rest_v6
10329378,1275,s1,rest_v6
10329380,1310,s1,rest_v6
10329382,1293,s1,rest_v6
10329384,1327,s1,rest_v6
10329386,1280,s1,rest_v6
10329388,1297,s1,rest_v6
10329390,1289,s1,rest_v6
10329392,1327,s1,rest_v6
10329394,1297,s1,rest_v6
10329396,1297,s1,rest_v6
10329398,1279,s1,rest_v6
10329400,1328,s1,rest_v6
10329402,1302,s1,rest_v6
10329404,1284,s1,rest_v6
10329406,1289,s1,rest_v6
10329408,1323,s1,rest_v6
10329410,1310,s1,rest_v6
10329412,1280,s1,rest_v6
10329414,1296,s1,rest_v6
10329416,1312,s1,rest_v6
10329418,1316,s1,rest_v6
10329420,1269,s1,rest_v6
10329422,1297,s1,rest_v6
10329424,1307,s1,rest_v6
10329426,1325,s1,rest_v6
10329428,1277,s1,rest_v6
10329430,1312,s1,rest_v6
10329432,1293,s1,rest_v6
10329434,1321,s1,rest_v6
10329436,1285,s1,rest_v6
10329438,1296,s1,rest_v6
10329440,1284,s1,rest_v6
10329442,1324,s1,rest_v6
10329444,1290,s1,rest_v6
10329446,1294,s1,rest_v6
10329448,1269,s1,rest_v6
10329450,1319,s1,rest_v6
10329452,1296,s1,rest_v6
10329454,1274,s1,rest_v6
10329456,1283,s1,rest_v6
10329458,1315,s1,rest_v6
10329460,1303,s1,rest_v6
10329462,1273,s1,rest_v6
10329464,1293,s1,rest_v6
10329466,1301,s1,rest_v6
10329468,1305,s1,rest_v6
10329470,1263,s1,rest_v6
10329472,1297,s1,rest_v6
10329474,1298,s1,rest_v6
10329476,1313,s1,rest_v6
10329478,1267,s1,rest_v6
10329480,1303,s1,rest_v6
10329482,1286,s1,rest_v6
10329484,1318,s1,rest_v6
10329486,1279,s1,rest_v6
10329488,1296,s1,rest_v6
10329490,1280,s1,rest_v6
10329492,1321,s1,rest_v6
10329494,1291,s1,rest_v6
10329496,1287,s1,rest_v6
10329498,1270,s1,rest_v6
10329500,1317,s1,rest_v6
10329502,1294,s1,rest_v6
10329504,1277,s1,rest_v6
10329506,1280,s1,rest_v6
10329508,1313,s1,rest_v6
10329510,1307,s1,rest_v6
10329512,1268,s1,rest_v6
10329514,1289,s1,rest_v6
10329516,1301,s1,rest_v6
10329518,1307,s1,rest_v6
10329520,1264,s1,rest_v6
10329522,1296,s1,rest_v6
10329524,1297,s1,rest_v6
10329526,1315,s1,rest_v6
10329528,1273,s1,rest_v6
10329530,1305,s1,rest_v6
10329532,1283,s1,rest_v6
10329534,1321,s1,rest_v6
10329536,1281,s1,rest_v6
10329538,1295,s1,rest_v6
10329540,1283,s1,rest_v6
10329542,1324,s1,rest_v6
10329544,1296,s1,rest_v6
10329546,1291,s1,rest_v6
10329548,1274,s1,rest_v6
10329550,1323,s1,rest_v6
10329552,1301,s1,rest_v6
10329554,1275,s1,rest_v6
10329556,1283,s1,rest_v6
10329558,1323,s1,rest_v6
10329560,1313,s1,rest_v6
10329562,1275,s1,rest_v6
10329564,1293,s1,rest_v6
10329566,1309,s1,rest_v6
10329568,1313,s1,rest_v6
10329570,1267,s1,rest_v6
10329572,1301,s1,rest_v6
10329574,1299,s1,rest_v6
10329576,1317,s1,rest_v6
10329578,1276,s1,rest_v6
10329580,1309,s1,rest_v6
10329582,1285,s1,rest_v6
10329584,1320,s1,rest_v6
10329586,1281,s1,rest_v6
10329588,1295,s1,rest_v6
10329590,1281,s1,rest_v6
10329592,1321,s1,rest_v6
10329594,1296,s1,rest_v6
10329596,1292,s1,rest_v6
10329598,1275,s1,rest_v6
10329600,1317,s1,rest_v6
10329602,1296,s1,rest_v6
10329604,1278,s1,rest_v6
10329606,1286,s1,rest_v6
10329608,1314,s1,rest_v6
10329610,1310,s1,rest_v6
10329612,1269,s1,rest_v6
10329614,1290,s1,rest_v6
10329616,1299,s1,rest_v6
10329618,1310,s1,rest_v6
10329620,1264,s1,rest_v6
10329622,1297,s1,rest_v6
10329624,1301,s1,rest_v6
10329626,1321,s1,rest_v6
10329628,1275,s1,rest_v6
10329630,1305,s1,rest_v6
10329632,1287,s1,rest_v6
10329634,1319,s1,rest_v6
10329636,1283,s1,rest_v6
10329638,1296,s1,rest_v6
10329640,1285,s1,rest_v6
10329642,1323,s1,rest_v6
10329644,1295,s1,rest_v6
10329646,1291,s1,rest_v6
10329648,1282,s1,rest_v6
10329650,1322,s1,rest_v6
10329652,1298,s1,rest_v6
10329654,1275,s1,rest_v6
10329656,1285,s1,rest_v6
10329658,1318,s1,rest_v6
10329660,1303,s1,rest_v6
10329662,1268,s1,rest_v6
10329664,1291,s1,rest_v6
10329666,1301,s1,rest_v6
10329668,1309,s1,rest_v6
10329670,1264,s1,rest_v6
10329672,1296,s1,rest_v6
10329674,1297,s1,rest_v6
10329676,1319,s1,rest_v6
10329678,1275,s1,rest_v6
10329680,1309,s1,rest_v6
10329682,1285,s1,rest_v6
10329684,1321,s1,rest_v6
10329686,1280,s1,rest_v6
10329688,1296,s1,rest_v6
10329690,1283,s1,rest_v6
10329692,1319,s1,rest_v6
10329694,1296,s1,rest_v6
10329696,1293,s1,rest_v6
10329698,1279,s1,rest_v6
10329700,1323,s1,rest_v6
10329702,1299,s1,rest_v6
10329704,1275,s1,rest_v6
10329706,1282,s1,rest_v6
10329708,1316,s1,rest_v6
10329710,1310,s1,rest_v6
10329712,1271,s1,rest_v6
10329714,1293,s1,rest_v6
10329716,1303,s1,rest_v6
10329718,1312,s1,rest_v6
10329720,1264,s1,rest_v6
10329722,1298,s1,rest_v6
10329724,1296,s1,rest_v6
10329726,1318,s1,rest_v6
10329728,1276,s1,rest_v6
10329730,1306,s1,rest_v6
10329732,1287,s1,rest_v6
10329734,1323,s1,rest_v6
10329736,1287,s1,rest_v6
10329738,1296,s1,rest_v6
10329740,1284,s1,rest_v6
10329742,1325,s1,rest_v6
10329744,1296,s1,rest_v6
10329746,1287,s1,rest_v6
10329748,1280,s1,rest_v6
10329750,1319,s1,rest_v6
10329752,1297,s1,rest_v6
10329754,1275,s1,rest_v6
10329756,1281,s1,rest_v6
10329758,1312,s1,rest_v6
10329760,1308,s1,rest_v6
10329762,1266,s1,rest_v6
10329764,1293,s1,rest_v6
10329766,1303,s1,rest_v6
10329768,1311,s1,rest_v6
10329770,1264,s1,rest_v6
10329772,1297,s1,rest_v6
10329774,1298,s1,rest_v6
10329776,1318,s1,rest_v6
10329778,1275,s1,rest_v6
10329780,1307,s1,rest_v6
10329782,1287,s1,rest_v6
10329784,1321,s1,rest_v6
10329786,1283,s1,rest_v6
10329788,1296,s1,rest_v6
10329790,1291,s1,rest_v6
10329792,1328,s1,rest_v6
10329794,1298,s1,rest_v6
10329796,1293,s1,rest_v6
10329798,1283,s1,rest_v6
10329800,1324,s1,rest_v6
10329802,1303,s1,rest_v6
10329804,1283,s1,rest_v6
10329806,1294,s1,rest_v6
10329808,1325,s1,rest_v6
10329810,1317,s1,rest_v6
10329812,1279,s1,rest_v6
10329814,1299,s1,rest_v6
10329816,1311,s1,rest_v6
10329818,1318,s1,rest_v6
10329820,1271,s1,rest_v6
10329822,1308,s1,rest_v6
10329824,1306,s1,rest_v6
10329826,1327,s1,rest_v6
10329828,1279,s1,rest_v6
10329830,1313,s1,rest_v6
10329832,1289,s1,rest_v6
10329834,1328,s1,rest_v6
10329836,1291,s1,rest_v6
10329838,1296,s1,rest_v6
10329840,1287,s1,rest_v6
10329842,1326,s1,rest_v6
10329844,1296,s1,rest_v6
10329846,1290,s1,rest_v6
10329848,1280,s1,rest_v6
10329850,1319,s1,rest_v6
10329852,1302,s1,rest_v6
10329854,1277,s1,rest_v6
10329856,1290,s1,rest_v6
10329858,1318,s1,rest_v6
10329860,1317,s1,rest_v6
10329862,1271,s1,rest_v6
10329864,1296,s1,rest_v6
10329866,1305,s1,rest_v6
10329868,1314,s1,rest_v6
10329870,1267,s1,rest_v6
10329872,1302,s1,rest_v6
10329874,1297,s1,rest_v6
10329876,1319,s1,rest_v6
10329878,1278,s1,rest_v6
10329880,1309,s1,rest_v6
10329882,1284,s1,rest_v6
10329884,1322,s1,rest_v6
10329886,1285,s1,rest_v6
10329888,1289,s1,rest_v6
10329890,1279,s1,rest_v6
10329892,1321,s1,rest_v6
10329894,1291,s1,rest_v6
10329896,1282,s1,rest_v6
10329898,1279,s1,rest_v6
10329900,1317,s1,rest_v6
10329902,1300,s1,rest_v6
10329904,1270,s1,rest_v6
10329906,1282,s1,rest_v6
10329908,1312,s1,rest_v6
10329910,1306,s1,rest_v6
10329912,1268,s1,rest_v6
10329914,1296,s1,rest_v6
10329916,1302,s1,rest_v6
10329918,1313,s1,rest_v6
10329920,1270,s1,rest_v6
10329922,1305,s1,rest_v6
10329924,1298,s1,rest_v6
10329926,1327,s1,rest_v6
10329928,1283,s1,rest_v6
10329930,1321,s1,rest_v6
10329932,1294,s1,rest_v6
10329934,1328,s1,rest_v6
10329936,1295,s1,rest_v6
10329938,1296,s1,rest_v6
10329940,1293,s1,rest_v6
10329942,1328,s1,rest_v6
10329944,1301,s1,rest_v6
10329946,1294,s1,rest_v6
10329948,1280,s1,rest_v6
10329950,1327,s1,rest_v6
10329952,1310,s1,rest_v6
10329954,1280,s1,rest_v6
10329956,1296,s1,rest_v6
10329958,1322,s1,rest_v6
10329960,1315,s1,rest_v6
10329962,1277,s1,rest_v6
10329964,1303,s1,rest_v6
10329966,1309,s1,rest_v6
10329968,1317,s1,rest_v6
10329970,1273,s1,rest_v6
10329972,1308,s1,rest_v6
10329974,1303,s1,rest_v6
10329976,1321,s1,rest_v6
10329978,1281,s1,rest_v6
10329980,1313,s1,rest_v6
10329982,1289,s1,rest_v6
10329984,1328,s1,rest_v6
10329986,1287,s1,rest_v6
10329988,1294,s1,rest_v6
10329990,1287,s1,rest_v6
10329992,1327,s1,rest_v6
10329994,1296,s1,rest_v6
10329996,1287,s1,rest_v6
10329998,1280,s1,rest_v6
10330000,1317,s1,rest_v6
10330002,1299,s1,rest_v6
10330004,1275,s1,rest_v6
10330006,1287,s1,rest_v6
10330008,1317,s1,rest_v6
10330010,1314,s1,rest_v6
10330012,1271,s1,rest_v6
10330014,1296,s1,rest_v6
10330016,1303,s1,rest_v6
10330018,1315,s1,rest_v6
10330020,1267,s1,rest_v6
10330022,1305,s1,rest_v6
10330024,1298,s1,rest_v6
10330026,1327,s1,rest_v6
10330028,1281,s1,rest_v6
10330030,1312,s1,rest_v6
10330032,1287,s1,rest_v6
10330034,1323,s1,rest_v6
10330036,1287,s1,rest_v6
10330038,1291,s1,rest_v6
10330040,1282,s1,rest_v6
10330042,1322,s1,rest_v6
10330044,1296,s1,rest_v6
10330046,1281,s1,rest_v6
10330048,1280,s1,rest_v6
10330050,1322,s1,rest_v6
10330052,1301,s1,rest_v6
10330054,1274,s1,rest_v6
10330056,1283,s1,rest_v6
10330058,1313,s1,rest_v6
10330060,1306,s1,rest_v6
10330062,1264,s1,rest_v6
10330064,1290,s1,rest_v6
10330066,1297,s1,rest_v6
10330068,1310,s1,rest_v6
10330070,1264,s1,rest_v6
10330072,1296,s1,rest_v6
10330074,1294,s1,rest_v6
10330076,1312,s1,rest_v6
10330078,1274,s1,rest_v6
10330080,1301,s1,rest_v6
10330082,1274,s1,rest_v6
10330084,1311,s1,rest_v6
10330086,1282,s1,rest_v6
10330088,1282,s1,rest_v6
10330090,1276,s1,rest_v6
10330092,1316,s1,rest_v6
10330094,1294,s1,rest_v6
10330096,1280,s1,rest_v6
10330098,1271,s1,rest_v6
10330100,1310,s1,rest_v6
10330102,1298,s1,rest_v6
10330104,1269,s1,rest_v6
10330106,1282,s1,rest_v6
10330108,1307,s1,rest_v6
10330110,1303,s1,rest_v6
10330112,1264,s1,rest_v6
10330114,1295,s1,rest_v6
10330116,1296,s1,rest_v6
10330118,1310,s1,rest_v6
10330120,1265,s1,rest_v6
10330122,1301,s1,rest_v6
10330124,1294,s1,rest_v6
10330126,1314,s1,rest_v6
10330128,1275,s1,rest_v6
10330130,1300,s1,rest_v6
10330132,1276,s1,rest_v6
10330134,1315,s1,rest_v6
10330136,1280,s1,rest_v6
10330138,1282,s1,rest_v6
10330140,1279,s1,rest_v6
10330142,1319,s1,rest_v6
10330144,1296,s1,rest_v6
10330146,1281,s1,rest_v6
10330148,1277,s1,rest_v6
10330150,1313,s1,rest_v6
10330152,1298,s1,rest_v6
10330154,1270,s1,rest_v6
10330156,1289,s1,rest_v6
10330158,1314,s1,rest_v6
10330160,1307,s1,rest_v6
10330162,1264,s1,rest_v6
10330164,1296,s1,rest_v6
10330166,1297,s1,rest_v6
10330168,1312,s1,rest_v6
10330170,1265,s1,rest_v6
10330172,1302,s1,rest_v6
10330174,1296,s1,rest_v6
10330176,1319,s1,rest_v6
10330178,1281,s1,rest_v6
10330180,1309,s1,rest_v6
10330182,1287,s1,rest_v6
10330184,1323,s1,rest_v6
10330186,1287,s1,rest_v6
10330188,1289,s1,rest_v6
10330190,1281,s1,rest_v6
10330192,1323,s1,rest_v6
10330194,1298,s1,rest_v6
10330196,1284,s1,rest_v6
10330198,1282,s1,rest_v6
10330200,1319,s1,rest_v6
10330202,1306,s1,rest_v6
10330204,1275,s1,rest_v6
10330206,1287,s1,rest_v6
10330208,1318,s1,rest_v6
10330210,1315,s1,rest_v6
10330212,1272,s1,rest_v6
10330214,1297,s1,rest_v6
10330216,1303,s1,rest_v6
10330218,1318,s1,rest_v6
10330220,1271,s1,rest_v6
10330222,1306,s1,rest_v6
10330224,1299,s1,rest_v6
10330226,1323,s1,rest_v6
10330228,1283,s1,rest_v6
10330230,1311,s1,rest_v6
10330232,1288,s1,rest_v6
10330234,1325,s1,rest_v6
10330236,1293,s1,rest_v6
10330238,1292,s1,rest_v6
10330240,1282,s1,rest_v6
10330242,1328,s1,rest_v6
10330244,1299,s1,rest_v6
10330246,1292,s1,rest_v6
10330248,1282,s1,rest_v6
10330250,1323,s1,rest_v6
10330252,1308,s1,rest_v6
10330254,1278,s1,rest_v6
10330256,1295,s1,rest_v6
10330258,1315,s1,rest_v6
10330260,1313,s1,rest_v6
10330262,1276,s1,rest_v6
10330264,1303,s1,rest_v6
10330266,1310,s1,rest_v6
10330268,1322,s1,rest_v6
10330270,1270,s1,rest_v6
10330272,1303,s1,rest_v6
10330274,1298,s1,rest_v6
10330276,1327,s1,rest_v6
10330278,1283,s1,rest_v6
10330280,1315,s1,rest_v6
10330282,1291,s1,rest_v6
10330284,1325,s1,rest_v6
10330286,1293,s1,rest_v6
10330288,1296,s1,rest_v6
10330290,1282,s1,rest_v6
10330292,1328,s1,rest_v6
10330294,1305,s1,rest_v6
10330296,1286,s1,rest_v6
10330298,1282,s1,rest_v6
10330300,1322,s1,rest_v6
10330302,1310,s1,rest_v6
10330304,1280,s1,rest_v6
10330306,1295,s1,rest_v6
10330308,1321,s1,rest_v6
10330310,1322,s1,rest_v6
10330312,1273,s1,rest_v6
10330314,1307,s1,rest_v6
10330316,1303,s1,rest_v6
10330318,1327,s1,rest_v6
10330320,1279,s1,rest_v6
10330322,1312,s1,rest_v6
10330324,1300,s1,rest_v6
10330326,1324,s1,rest_v6
10330328,1286,s1,rest_v6
10330330,1313,s1,rest_v6
10330332,1287,s1,rest_v6
10330334,1328,s1,rest_v6
10330336,1295,s1,rest_v6
10330338,1293,s1,rest_v6
10330340,1280,s1,rest_v6
10330342,1324,s1,rest_v6
10330344,1297,s1,rest_v6
10330346,1286,s1,rest_v6
10330348,1284,s1,rest_v6
10330350,1321,s1,rest_v6
10330352,1307,s1,rest_v6
10330354,1274,s1,rest_v6
10330356,1292,s1,rest_v6
10330358,1313,s1,rest_v6
10330360,1317,s1,rest_v6
10330362,1266,s1,rest_v6
10330364,1297,s1,rest_v6
10330366,1302,s1,rest_v6
10330368,1318,s1,rest_v6
10330370,1274,s1,rest_v6
10330372,1302,s1,rest_v6
10330374,1295,s1,rest_v6
10330376,1323,s1,rest_v6
10330378,1283,s1,rest_v6
10330380,1301,s1,rest_v6
10330382,1280,s1,rest_v6
10330384,1319,s1,rest_v6
10330386,1289,s1,rest_v6
10330388,1285,s1,rest_v6
10330390,1277,s1,rest_v6
10330392,1323,s1,rest_v6
10330394,1297,s1,rest_v6
10330396,1279,s1,rest_v6
10330398,1280,s1,rest_v6
10330400,1318,s1,rest_v6
10330402,1303,s1,rest_v6
10330404,1275,s1,rest_v6
10330406,1293,s1,rest_v6
10330408,1316,s1,rest_v6
10330410,1313,s1,rest_v6
10330412,1270,s1,rest_v6
10330414,1307,s1,rest_v6
10330416,1302,s1,rest_v6
10330418,1322,s1,rest_v6
10330420,1274,s1,rest_v6
10330422,1314,s1,rest_v6
10330424,1298,s1,rest_v6
10330426,1328,s1,rest_v6
10330428,1286,s1,rest_v6
10330430,1311,s1,rest_v6
10330432,1287,s1,rest_v6
10330434,1328,s1,rest_v6
10330436,1296,s1,rest_v6
10330438,1292,s1,rest_v6
10330440,1282,s1,rest_v6
10330442,1328,s1,rest_v6
10330444,1307,s1,rest_v6
10330446,1290,s1,rest_v6
10330448,1291,s1,rest_v6
10330450,1322,s1,rest_v6
10330452,1313,s1,rest_v6
10330454,1279,s1,rest_v6
10330456,1293,s1,rest_v6
10330458,1316,s1,rest_v6
10330460,1318,s1,rest_v6
10330462,1278,s1,rest_v6
10330464,1301,s1,rest_v6
10330466,1306,s1,rest_v6
10330468,1323,s1,rest_v6
10330470,1274,s1,rest_v6
10330472,1309,s1,rest_v6
10330474,1294,s1,rest_v6
10330476,1325,s1,rest_v6
10330478,1286,s1,rest_v6
10330480,1306,s1,rest_v6
10330482,1283,s1,rest_v6
10330484,1326,s1,rest_v6
10330486,1294,s1,rest_v6
10330488,1291,s1,rest_v6
10330490,1286,s1,rest_v6
10330492,1322,s1,rest_v6
10330494,1299,s1,rest_v6
10330496,1283,s1,rest_v6
10330498,1283,s1,rest_v6
10330500,1316,s1,rest_v6
10330502,1305,s1,rest_v6
10330504,1271,s1,rest_v6
10330506,1291,s1,rest_v6
10330508,1309,s1,rest_v6
10330510,1311,s1,rest_v6
10330512,1267,s1,rest_v6
10330514,1299,s1,rest_v6
10330516,1299,s1,rest_v6
10330518,1322,s1,rest_v6
10330520,1270,s1,rest_v6
10330522,1308,s1,rest_v6
10330524,1297,s1,rest_v6
10330526,1327,s1,rest_v6
10330528,1287,s1,rest_v6
10330530,1310,s1,rest_v6
10330532,1291,s1,rest_v6
10330534,1328,s1,rest_v6
10330536,1296,s1,rest_v6
10330538,1291,s1,rest_v6
10330540,1287,s1,rest_v6
10330542,1328,s1,rest_v6
10330544,1303,s1,rest_v6
10330546,1283,s1,rest_v6
10330548,1282,s1,rest_v6
10330550,1318,s1,rest_v6
10330552,1311,s1,rest_v6
10330554,1278,s1,rest_v6
10330556,1296,s1,rest_v6
10330558,1316,s1,rest_v6
10330560,1317,s1,rest_v6
10330562,1271,s1,rest_v6
10330564,1303,s1,rest_v6
10330566,1300,s1,rest_v6
10330568,1323,s1,rest_v6
10330570,1278,s1,rest_v6
10330572,1308,s1,rest_v6
10330574,1300,s1,rest_v6
10330576,1327,s1,rest_v6
10330578,1289,s1,rest_v6
10330580,1311,s1,rest_v6
10330582,1286,s1,rest_v6
10330584,1328,s1,rest_v6
10330586,1296,s1,rest_v6
10330588,1285,s1,rest_v6
10330590,1280,s1,rest_v6
10330592,1319,s1,rest_v6
10330594,1298,s1,rest_v6
10330596,1282,s1,rest_v6
10330598,1284,s1,rest_v6
10330600,1317,s1,rest_v6
10330602,1305,s1,rest_v6
10330604,1274,s1,rest_v6
10330606,1291,s1,rest_v6
10330608,1317,s1,rest_v6
10330610,1319,s1,rest_v6
10330612,1273,s1,rest_v6
10330614,1306,s1,rest_v6
10330616,1307,s1,rest_v6
10330618,1327,s1,rest_v6
10330620,1283,s1,rest_v6
10330622,1316,s1,rest_v6
10330624,1301,s1,rest_v6
10330626,1331,s1,rest_v6
10330628,1296,s1,rest_v6
10330630,1316,s1,rest_v6
10330632,1292,s1,rest_v6
10330634,1328,s1,rest_v6
10330636,1299,s1,rest_v6
10330638,1293,s1,rest_v6
10330640,1288,s1,rest_v6
10330642,1331,s1,rest_v6
10330644,1311,s1,rest_v6
10330646,1290,s1,rest_v6
10330648,1291,s1,rest_v6
10330650,1319,s1,rest_v6
10330652,1313,s1,rest_v6
10330654,1276,s1,rest_v6
10330656,1294,s1,rest_v6
10330658,1314,s1,rest_v6
10330660,1317,s1,rest_v6
10330662,1273,s1,rest_v6
10330664,1306,s1,rest_v6
10330666,1301,s1,rest_v6
10330668,1326,s1,rest_v6
10330670,1280,s1,rest_v6
10330672,1313,s1,rest_v6
10330674,1296,s1,rest_v6
10330676,1327,s1,rest_v6
10330678,1293,s1,rest_v6
10330680,1311,s1,rest_v6
10330682,1287,s1,rest_v6
10330684,1327,s1,rest_v6
10330686,1296,s1,rest_v6
10330688,1291,s1,rest_v6
10330690,1288,s1,rest_v6
10330692,1327,s1,rest_v6
10330694,1299,s1,rest_v6
10330696,1284,s1,rest_v6
10330698,1287,s1,rest_v6
10330700,1318,s1,rest_v6
10330702,1308,s1,rest_v6
10330704,1273,s1,rest_v6
10330706,1296,s1,rest_v6
10330708,1309,s1,rest_v6
10330710,1314,s1,rest_v6
10330712,1270,s1,rest_v6
10330714,1302,s1,rest_v6
10330716,1296,s1,rest_v6
10330718,1320,s1,rest_v6
10330720,1278,s1,rest_v6
10330722,1305,s1,rest_v6
10330724,1296,s1,rest_v6
10330726,1325,s1,rest_v6
10330728,1283,s1,rest_v6
10330730,1303,s1,rest_v6
10330732,1280,s1,rest_v6
10330734,1321,s1,rest_v6
10330736,1296,s1,rest_v6
10330738,1284,s1,rest_v6
10330740,1282,s1,rest_v6
10330742,1324,s1,rest_v6
10330744,1301,s1,rest_v6
10330746,1285,s1,rest_v6
10330748,1286,s1,rest_v6
10330750,1318,s1,rest_v6
10330752,1306,s1,rest_v6
10330754,1271,s1,rest_v6
10330756,1295,s1,rest_v6
10330758,1306,s1,rest_v6
10330760,1318,s1,rest_v6
10330762,1269,s1,rest_v6
10330764,1300,s1,rest_v6
10330766,1296,s1,rest_v6
10330768,1317,s1,rest_v6
10330770,1276,s1,rest_v6
10330772,1306,s1,rest_v6
10330774,1296,s1,rest_v6
10330776,1326,s1,rest_v6
10330778,1288,s1,rest_v6
10330780,1302,s1,rest_v6
10330782,1279,s1,rest_v6
10330784,1325,s1,rest_v6
10330786,1296,s1,rest_v6
10330788,1285,s1,rest_v6
10330790,1281,s1,rest_v6
10330792,1319,s1,rest_v6
10330794,1298,s1,rest_v6
10330796,1279,s1,rest_v6
10330798,1286,s1,rest_v6
10330800,1315,s1,rest_v6
10330802,1307,s1,rest_v6
10330804,1274,s1,rest_v6
10330806,1297,s1,rest_v6
10330808,1317,s1,rest_v6
10330810,1319,s1,rest_v6
10330812,1268,s1,rest_v6
10330814,1309,s1,rest_v6
10330816,1299,s1,rest_v6
10330818,1322,s1,rest_v6
10330820,1277,s1,rest_v6
10330822,1307,s1,rest_v6
10330824,1295,s1,rest_v6
10330826,1325,s1,rest_v6
10330828,1291,s1,rest_v6
10330830,1303,s1,rest_v6
10330832,1282,s1,rest_v6
10330834,1328,s1,rest_v6
10330836,1297,s1,rest_v6
10330838,1290,s1,rest_v6
10330840,1283,s1,rest_v6
10330842,1326,s1,rest_v6
10330844,1309,s1,rest_v6
10330846,1285,s1,rest_v6
10330848,1291,s1,rest_v6
10330850,1318,s1,rest_v6
10330852,1313,s1,rest_v6
10330854,1274,s1,rest_v6
10330856,1296,s1,rest_v6
10330858,1310,s1,rest_v6
10330860,1315,s1,rest_v6
10330862,1269,s1,rest_v6
10330864,1300,s1,rest_v6
10330866,1296,s1,rest_v6
10330868,1322,s1,rest_v6
10330870,1279,s1,rest_v6
10330872,1307,s1,rest_v6
10330874,1290,s1,rest_v6
10330876,1325,s1,rest_v6
10330878,1286,s1,rest_v6
10330880,1302,s1,rest_v6
10330882,1280,s1,rest_v6
10330884,1323,s1,rest_v6
10330886,1296,s1,rest_v6
10330888,1283,s1,rest_v6
10330890,1284,s1,rest_v6
10330892,1320,s1,rest_v6
10330894,1299,s1,rest_v6
10330896,1278,s1,rest_v6
10330898,1285,s1,rest_v6
10330900,1314,s1,rest_v6
10330902,1307,s1,rest_v6
10330904,1270,s1,rest_v6
10330906,1297,s1,rest_v6
10330908,1306,s1,rest_v6
10330910,1318,s1,rest_v6
10330912,1269,s1,rest_v6
10330914,1303,s1,rest_v6
10330916,1296,s1,rest_v6
10330918,1325,s1,rest_v6
10330920,1283,s1,rest_v6
10330922,1307,s1,rest_v6
10330924,1294,s1,rest_v6
10330926,1328,s1,rest_v6
10330928,1291,s1,rest_v6
10330930,1299,s1,rest_v6
10330932,1283,s1,rest_v6
10330934,1325,s1,rest_v6
10330936,1296,s1,rest_v6
10330938,1286,s1,rest_v6
10330940,1285,s1,rest_v6
10330942,1324,s1,rest_v6
10330944,1306,s1,rest_v6
10330946,1283,s1,rest_v6
10330948,1295,s1,rest_v6
10330950,1314,s1,rest_v6
10330952,1311,s1,rest_v6
10330954,1271,s1,rest_v6
10330956,1296,s1,rest_v6
10330958,1316,s1,rest_v6
10330960,1323,s1,rest_v6
10330962,1274,s1,rest_v6
10330964,1310,s1,rest_v6
10330966,1296,s1,rest_v6
10330968,1321,s1,rest_v6
10330970,1281,s1,rest_v6
10330972,1310,s1,rest_v6
10330974,1295,s1,rest_v6
10330976,1326,s1,rest_v6
10330978,1292,s1,rest_v6
10330980,1299,s1,rest_v6
10330982,1281,s1,rest_v6
10330984,1328,s1,rest_v6
10330986,1296,s1,rest_v6
10330988,1283,s1,rest_v6
10330990,1286,s1,rest_v6
10330992,1328,s1,rest_v6
10330994,1308,s1,rest_v6
10330996,1279,s1,rest_v6
10330998,1290,s1,rest_v6
10331000,1313,s1,rest_v6
10331002,1315,s1,rest_v6
10331004,1271,s1,rest_v6
10331006,1296,s1,rest_v6
10331008,1314,s1,rest_v6
10331010,1319,s1,rest_v6
10331012,1278,s1,rest_v6
10331014,1310,s1,rest_v6
10331016,1298,s1,rest_v6
10331018,1326,s1,rest_v6
10331020,1280,s1,rest_v6
10331022,1307,s1,rest_v6
10331024,1296,s1,rest_v6
10331026,1328,s1,rest_v6
10331028,1293,s1,rest_v6
10331030,1299,s1,rest_v6
10331032,1281,s1,rest_v6
10331034,1325,s1,rest_v6
10331036,1298,s1,rest_v6
10331038,1286,s1,rest_v6
10331040,1284,s1,rest_v6
10331042,1323,s1,rest_v6
10331044,1312,s1,rest_v6
10331046,1283,s1,rest_v6
10331048,1296,s1,rest_v6
10331050,1315,s1,rest_v6
10331052,1319,s1,rest_v6
10331054,1274,s1,rest_v6
10331056,1304,s1,rest_v6
10331058,1313,s1,rest_v6
10331060,1322,s1,rest_v6
10331062,1271,s1,rest_v6
10331064,1307,s1,rest_v6
10331066,1296,s1,rest_v6
10331068,1327,s1,rest_v6
10331070,1277,s1,rest_v6
10331072,1305,s1,rest_v6
10331074,1293,s1,rest_v6
10331076,1319,s1,rest_v6
10331078,1291,s1,rest_v6
10331080,1301,s1,rest_v6
10331082,1279,s1,rest_v6
10331084,1327,s1,rest_v6
10331086,1299,s1,rest_v6
10331088,1279,s1,rest_v6
10331090,1281,s1,rest_v6
10331092,1322,s1,rest_v6
10331094,1303,s1,rest_v6
10331096,1277,s1,rest_v6
10331098,1287,s1,rest_v6
10331100,1310,s1,rest_v6
10331102,1310,s1,rest_v6
10331104,1266,s1,rest_v6
10331106,1295,s1,rest_v6
10331108,1303,s1,rest_v6
10331110,1314,s1,rest_v6
10331112,1269,s1,rest_v6
10331114,1306,s1,rest_v6
10331116,1293,s1,rest_v6
10331118,1324,s1,rest_v6
10331120,1278,s1,rest_v6
10331122,1302,s1,rest_v6
10331124,1285,s1,rest_v6
10331126,1324,s1,rest_v6
10331128,1287,s1,rest_v6
10331130,1296,s1,rest_v6
10331132,1275,s1,rest_v6
10331134,1319,s1,rest_v6
10331136,1296,s1,rest_v6
10331138,1281,s1,rest_v6
10331140,1280,s1,rest_v6
10331142,1319,s1,rest_v6
10331144,1305,s1,rest_v6
10331146,1277,s1,rest_v6
10331148,1287,s1,rest_v6
10331150,1309,s1,rest_v6
10331152,1310,s1,rest_v6
10331154,1265,s1,rest_v6
10331156,1296,s1,rest_v6
10331158,1306,s1,rest_v6
10331160,1313,s1,rest_v6
10331162,1269,s1,rest_v6
10331164,1305,s1,rest_v6
10331166,1296,s1,rest_v6
10331168,1318,s1,rest_v6
10331170,1280,s1,rest_v6
10331172,1301,s1,rest_v6
10331174,1289,s1,rest_v6
10331176,1325,s1,rest_v6
10331178,1290,s1,rest_v6
10331180,1298,s1,rest_v6
10331182,1281,s1,rest_v6
10331184,1325,s1,rest_v6
10331186,1306,s1,rest_v6
10331188,1283,s1,rest_v6
10331190,1290,s1,rest_v6
10331192,1321,s1,rest_v6
10331194,1303,s1,rest_v6
10331196,1275,s1,rest_v6
10331198,1290,s1,rest_v6
10331200,1315,s1,rest_v6
10331202,1314,s1,rest_v6
10331204,1271,s1,rest_v6
10331206,1297,s1,rest_v6
10331208,1312,s1,rest_v6
10331210,1319,s1,rest_v6
10331212,1280,s1,rest_v6
10331214,1315,s1,rest_v6
10331216,1299,s1,rest_v6
10331218,1326,s1,rest_v6
10331220,1281,s1,rest_v6
10331222,1311,s1,rest_v6
10331224,1295,s1,rest_v6
10331226,1329,s1,rest_v6
10331228,1296,s1,rest_v6
10331230,1301,s1,rest_v6
10331232,1283,s1,rest_v6
10331234,1329,s1,rest_v6
10331236,1301,s1,rest_v6
10331238,1287,s1,rest_v6
10331240,1291,s1,rest_v6
10331242,1328,s1,rest_v6
10331244,1309,s1,rest_v6
10331246,1282,s1,rest_v6
10331248,1296,s1,rest_v6
10331250,1314,s1,rest_v6
10331252,1319,s1,rest_v6
10331254,1275,s1,rest_v6
10331256,1304,s1,rest_v6
10331258,1310,s1,rest_v6
10331260,1323,s1,rest_v6
10331262,1279,s1,rest_v6
10331264,1311,s1,rest_v6
10331266,1296,s1,rest_v6
10331268,1326,s1,rest_v6
10331270,1279,s1,rest_v6
10331272,1301,s1,rest_v6
10331274,1291,s1,rest_v6
10331276,1325,s1,rest_v6
10331278,1296,s1,rest_v6
10331280,1297,s1,rest_v6
10331282,1280,s1,rest_v6
10331284,1323,s1,rest_v6
10331286,1296,s1,rest_v6
10331288,1280,s1,rest_v6
10331290,1282,s1,rest_v6
10331292,1322,s1,rest_v6
10331294,1310,s1,rest_v6
10331296,1279,s1,rest_v6
10331298,1291,s1,rest_v6
10331300,1312,s1,rest_v6
10331302,1313,s1,rest_v6
10331304,1268,s1,rest_v6
10331306,1297,s1,rest_v6
10331308,1306,s1,rest_v6
10331310,1319,s1,rest_v6
10331312,1275,s1,rest_v6
10331314,1310,s1,rest_v6
10331316,1293,s1,rest_v6
10331318,1319,s1,rest_v6
10331320,1281,s1,rest_v6
10331322,1301,s1,rest_v6
10331324,1291,s1,rest_v6
10331326,1328,s1,rest_v6
10331328,1291,s1,rest_v6
10331330,1299,s1,rest_v6
10331332,1277,s1,rest_v6
10331334,1328,s1,rest_v6
10331336,1303,s1,rest_v6
10331338,1287,s1,rest_v6
10331340,1291,s1,rest_v6
10331342,1328,s1,rest_v6
10331344,1315,s1,rest_v6
10331346,1282,s1,rest_v6
10331348,1296,s1,rest_v6
10331350,1320,s1,rest_v6
10331352,1319,s1,rest_v6
10331354,1277,s1,rest_v6
10331356,1305,s1,rest_v6
10331358,1313,s1,rest_v6
10331360,1328,s1,rest_v6
10331362,1285,s1,rest_v6
10331364,1318,s1,rest_v6
10331366,1306,s1,rest_v6
10331368,1334,s1,rest_v6
10331370,1295,s1,rest_v6
10331372,1319,s1,rest_v6
10331374,1301,s1,rest_v6
10331376,1335,s1,rest_v6
10331378,1303,s1,rest_v6
10331380,1305,s1,rest_v6
10331382,1291,s1,rest_v6
10331384,1333,s1,rest_v6
10331386,1309,s1,rest_v6
10331388,1291,s1,rest_v6
10331390,1296,s1,rest_v6
10331392,1330,s1,rest_v6
10331394,1319,s1,rest_v6
10331396,1283,s1,rest_v6
10331398,1296,s1,rest_v6
10331400,1318,s1,rest_v6
10331402,1324,s1,rest_v6
10331404,1276,s1,rest_v6
10331406,1304,s1,rest_v6
10331408,1311,s1,rest_v6
10331410,1328,s1,rest_v6
10331412,1276,s1,rest_v6
10331414,1315,s1,rest_v6
10331416,1296,s1,rest_v6
10331418,1328,s1,rest_v6
10331420,1286,s1,rest_v6
10331422,1307,s1,rest_v6
10331424,1296,s1,rest_v6
10331426,1328,s1,rest_v6
10331428,1297,s1,rest_v6
10331430,1302,s1,rest_v6
10331432,1283,s1,rest_v6
10331434,1329,s1,rest_v6
10331436,1301,s1,rest_v6
10331438,1287,s1,rest_v6
10331440,1289,s1,rest_v6
10331442,1326,s1,rest_v6
10331444,1314,s1,rest_v6
10331446,1280,s1,rest_v6
10331448,1296,s1,rest_v6
10331450,1315,s1,rest_v6
10331452,1327,s1,rest_v6
10331454,1276,s1,rest_v6
10331456,1306,s1,rest_v6
10331458,1313,s1,rest_v6
10331460,1327,s1,rest_v6
10331462,1281,s1,rest_v6
10331464,1315,s1,rest_v6
10331466,1299,s1,rest_v6
10331468,1330,s1,rest_v6
10331470,1291,s1,rest_v6
10331472,1307,s1,rest_v6
10331474,1293,s1,rest_v6
10331476,1328,s1,rest_v6
10331478,1296,s1,rest_v6
10331480,1297,s1,rest_v6
10331482,1282,s1,rest_v6
10331484,1326,s1,rest_v6
10331486,1305,s1,rest_v6
10331488,1287,s1,rest_v6
10331490,1284,s1,rest_v6
10331492,1327,s1,rest_v6
10331494,1309,s1,rest_v6
10331496,1281,s1,rest_v6
10331498,1296,s1,rest_v6
10331500,1313,s1,rest_v6
10331502,1314,s1,rest_v6
10331504,1271,s1,rest_v6
10331506,1304,s1,rest_v6
10331508,1307,s1,rest_v6
10331510,1323,s1,rest_v6
10331512,1279,s1,rest_v6
10331514,1313,s1,rest_v6
10331516,1296,s1,rest_v6
10331518,1326,s1,rest_v6
10331520,1284,s1,rest_v6
10331522,1301,s1,rest_v6
10331524,1285,s1,rest_v6
10331526,1326,s1,rest_v6
10331528,1296,s1,rest_v6
10331530,1295,s1,rest_v6
10331532,1280,s1,rest_v6
10331534,1323,s1,rest_v6
10331536,1298,s1,rest_v6
10331538,1285,s1,rest_v6
10331540,1287,s1,rest_v6
10331542,1324,s1,rest_v6
10331544,1311,s1,rest_v6
10331546,1275,s1,rest_v6
10331548,1296,s1,rest_v6
10331550,1312,s1,rest_v6
10331552,1318,s1,rest_v6
10331554,1270,s1,rest_v6
10331556,1303,s1,rest_v6
10331558,1307,s1,rest_v6
10331560,1319,s1,rest_v6
10331562,1278,s1,rest_v6
10331564,1311,s1,rest_v6
10331566,1289,s1,rest_v6
10331568,1327,s1,rest_v6
10331570,1281,s1,rest_v6
10331572,1298,s1,rest_v6
10331574,1283,s1,rest_v6
10331576,1324,s1,rest_v6
10331578,1293,s1,rest_v6
10331580,1290,s1,rest_v6
10331582,1273,s1,rest_v6
10331584,1323,s1,rest_v6
10331586,1303,s1,rest_v6
10331588,1280,s1,rest_v6
10331590,1283,s1,rest_v6
10331592,1319,s1,rest_v6
10331594,1303,s1,rest_v6
10331596,1273,s1,rest_v6
10331598,1294,s1,rest_v6
10331600,1309,s1,rest_v6
10331602,1313,s1,rest_v6
10331604,1265,s1,rest_v6
10331606,1301,s1,rest_v6
10331608,1306,s1,rest_v6
10331610,1325,s1,rest_v6
10331612,1282,s1,rest_v6
10331614,1312,s1,rest_v6
10331616,1290,s1,rest_v6
10331618,1322,s1,rest_v6
10331620,1283,s1,rest_v6
10331622,1299,s1,rest_v6
10331624,1285,s1,rest_v6
10331626,1326,s1,rest_v6
10331628,1296,s1,rest_v6
10331630,1287,s1,rest_v6
10331632,1278,s1,rest_v6
10331634,1317,s1,rest_v6
10331636,1297,s1,rest_v6
10331638,1279,s1,rest_v6
10331640,1285,s1,rest_v6
10331642,1315,s1,rest_v6
10331644,1312,s1,rest_v6
10331646,1273,s1,rest_v6
10331648,1292,s1,rest_v6
10331650,1313,s1,rest_v6
10331652,1319,s1,rest_v6
10331654,1269,s1,rest_v6
10331656,1309,s1,rest_v6
10331658,1308,s1,rest_v6
10331660,1319,s1,rest_v6
10331662,1280,s1,rest_v6
10331664,1315,s1,rest_v6
10331666,1295,s1,rest_v6
10331668,1327,s1,rest_v6
10331670,1287,s1,rest_v6
10331672,1296,s1,rest_v6
10331674,1292,s1,rest_v6
10331676,1327,s1,rest_v6
10331678,1299,s1,rest_v6
10331680,1294,s1,rest_v6
10331682,1282,s1,rest_v6
10331684,1327,s1,rest_v6
10331686,1305,s1,rest_v6
10331688,1281,s1,rest_v6
10331690,1290,s1,rest_v6
10331692,1321,s1,rest_v6
10331694,1311,s1,rest_v6
10331696,1277,s1,rest_v6
10331698,1296,s1,rest_v6
10331700,1309,s1,rest_v6
10331702,1317,s1,rest_v6
10331704,1270,s1,rest_v6
10331706,1302,s1,rest_v6
10331708,1302,s1,rest_v6
10331710,1326,s1,rest_v6
10331712,1281,s1,rest_v6
10331714,1315,s1,rest_v6
10331716,1294,s1,rest_v6
10331718,1325,s1,rest_v6
10331720,1289,s1,rest_v6
10331722,1299,s1,rest_v6
10331724,1287,s1,rest_v6
10331726,1328,s1,rest_v6
10331728,1302,s1,rest_v6
10331730,1295,s1,rest_v6
10331732,1280,s1,rest_v6
10331734,1328,s1,rest_v6
10331736,1311,s1,rest_v6
10331738,1286,s1,rest_v6
10331740,1291,s1,rest_v6
10331742,1326,s1,rest_v6
10331744,1317,s1,rest_v6
10331746,1280,s1,rest_v6
10331748,1297,s1,rest_v6
10331750,1312,s1,rest_v6
10331752,1317,s1,rest_v6
10331754,1279,s1,rest_v6
10331756,1307,s1,rest_v6
10331758,1307,s1,rest_v6
10331760,1326,s1,rest_v6
10331762,1286,s1,rest_v6
10331764,1319,s1,rest_v6
10331766,1296,s1,rest_v6
10331768,1328,s1,rest_v6
10331770,1290,s1,rest_v6
10331772,1298,s1,rest_v6
10331774,1287,s1,rest_v6
10331776,1327,s1,rest_v6
10331778,1296,s1,rest_v6
10331780,1293,s1,rest_v6
10331782,1278,s1,rest_v6
10331784,1325,s1,rest_v6
10331786,1301,s1,rest_v6
10331788,1282,s1,rest_v6
10331790,1289,s1,rest_v6
10331792,1323,s1,rest_v6
10331794,1314,s1,rest_v6
10331796,1277,s1,rest_v6
10331798,1297,s1,rest_v6
10331800,1311,s1,rest_v6
10331802,1314,s1,rest_v6
10331804,1268,s1,rest_v6
10331806,1305,s1,rest_v6
10331808,1302,s1,rest_v6
10331810,1321,s1,rest_v6
10331812,1284,s1,rest_v6
10331814,1314,s1,rest_v6
10331816,1291,s1,rest_v6
10331818,1325,s1,rest_v6
10331820,1286,s1,rest_v6
10331822,1297,s1,rest_v6
10331824,1284,s1,rest_v6
10331826,1322,s1,rest_v6
10331828,1297,s1,rest_v6
10331830,1286,s1,rest_v6
10331832,1279,s1,rest_v6
10331834,1324,s1,rest_v6
10331836,1303,s1,rest_v6
10331838,1279,s1,rest_v6
10331840,1289,s1,rest_v6
10331842,1318,s1,rest_v6
10331844,1313,s1,rest_v6
10331846,1278,s1,rest_v6
10331848,1297,s1,rest_v6
10331850,1305,s1,rest_v6
10331852,1321,s1,rest_v6
10331854,1269,s1,rest_v6
10331856,1309,s1,rest_v6
10331858,1296,s1,rest_v6
10331860,1319,s1,rest_v6
10331862,1280,s1,rest_v6
10331864,1311,s1,rest_v6
10331866,1291,s1,rest_v6
10331868,1327,s1,rest_v6
10331870,1290,s1,rest_v6
10331872,1299,s1,rest_v6
10331874,1285,s1,rest_v6
10331876,1325,s1,rest_v6
10331878,1298,s1,rest_v6
10331880,1293,s1,rest_v6
10331882,1280,s1,rest_v6
10331884,1324,s1,rest_v6
10331886,1306,s1,rest_v6
10331888,1280,s1,rest_v6
10331890,1289,s1,rest_v6
10331892,1318,s1,rest_v6
10331894,1313,s1,rest_v6
10331896,1277,s1,rest_v6
10331898,1296,s1,rest_v6
10331900,1303,s1,rest_v6
10331902,1317,s1,rest_v6
10331904,1271,s1,rest_v6
10331906,1307,s1,rest_v6
10331908,1299,s1,rest_v6
10331910,1323,s1,rest_v6
10331912,1283,s1,rest_v6
10331914,1312,s1,rest_v6
10331916,1290,s1,rest_v6
10331918,1324,s1,rest_v6
10331920,1292,s1,rest_v6
10331922,1296,s1,rest_v6
10331924,1288,s1,rest_v6
10331926,1325,s1,rest_v6
10331928,1298,s1,rest_v6
10331930,1292,s1,rest_v6
10331932,1279,s1,rest_v6
10331934,1322,s1,rest_v6
10331936,1300,s1,rest_v6
10331938,1279,s1,rest_v6
10331940,1282,s1,rest_v6
10331942,1315,s1,rest_v6
10331944,1310,s1,rest_v6
10331946,1270,s1,rest_v6
10331948,1296,s1,rest_v6
10331950,1306,s1,rest_v6
10331952,1321,s1,rest_v6
10331954,1273,s1,rest_v6
10331956,1309,s1,rest_v6
10331958,1300,s1,rest_v6
10331960,1328,s1,rest_v6
10331962,1281,s1,rest_v6
10331964,1311,s1,rest_v6
10331966,1292,s1,rest_v6
10331968,1325,s1,rest_v6
10331970,1290,s1,rest_v6
10331972,1296,s1,rest_v6
10331974,1281,s1,rest_v6
10331976,1319,s1,rest_v6
10331978,1295,s1,rest_v6
10331980,1284,s1,rest_v6
10331982,1273,s1,rest_v6
10331984,1318,s1,rest_v6
10331986,1299,s1,rest_v6
10331988,1273,s1,rest_v6
10331990,1283,s1,rest_v6
10331992,1311,s1,rest_v6
10331994,1306,s1,rest_v6
10331996,1265,s1,rest_v6
10331998,1296,s1,rest_v6
10332000,1302,s1,rest_v6
10332002,1314,s1,rest_v6
10332004,1264,s1,rest_v6
10332006,1299,s1,rest_v6
10332008,1290,s1,rest_v6
10332010,1312,s1,rest_v6
10332012,1269,s1,rest_v6
10332014,1306,s1,rest_v6
10332016,1284,s1,rest_v6
10332018,1327,s1,rest_v6
10332020,1287,s1,rest_v6
10332022,1295,s1,rest_v6
10332024,1280,s1,rest_v6
10332026,1319,s1,rest_v6
10332028,1296,s1,rest_v6
10332030,1287,s1,rest_v6
10332032,1280,s1,rest_v6
10332034,1317,s1,rest_v6
10332036,1301,s1,rest_v6
10332038,1275,s1,rest_v6
10332040,1285,s1,rest_v6
10332042,1318,s1,rest_v6
10332044,1310,s1,rest_v6
10332046,1265,s1,rest_v6
10332048,1296,s1,rest_v6
10332050,1306,s1,rest_v6
10332052,1321,s1,rest_v6
10332054,1269,s1,rest_v6
10332056,1311,s1,rest_v6
10332058,1301,s1,rest_v6
10332060,1326,s1,rest_v6
10332062,1280,s1,rest_v6
10332064,1314,s1,rest_v6
10332066,1291,s1,rest_v6
10332068,1328,s1,rest_v6
10332070,1290,s1,rest_v6
10332072,1296,s1,rest_v6
10332074,1286,s1,rest_v6
10332076,1328,s1,rest_v6
10332078,1301,s1,rest_v6
10332080,1295,s1,rest_v6
10332082,1287,s1,rest_v6
10332084,1328,s1,rest_v6
10332086,1317,s1,rest_v6
10332088,1286,s1,rest_v6
10332090,1296,s1,rest_v6
10332092,1325,s1,rest_v6
10332094,1322,s1,rest_v6
10332096,1279,s1,rest_v6
10332098,1303,s1,rest_v6
10332100,1310,s1,rest_v6
10332102,1325,s1,rest_v6
10332104,1277,s1,rest_v6
10332106,1313,s1,rest_v6
10332108,1302,s1,rest_v6
10332110,1328,s1,rest_v6
10332112,1282,s1,rest_v6
10332114,1309,s1,rest_v6
10332116,1294,s1,rest_v6
10332118,1326,s1,rest_v6
10332120,1291,s1,rest_v6
10332122,1296,s1,rest_v6
10332124,1287,s1,rest_v6
10332126,1327,s1,rest_v6
10332128,1298,s1,rest_v6
10332130,1290,s1,rest_v6
10332132,1280,s1,rest_v6
10332134,1322,s1,rest_v6
10332136,1305,s1,rest_v6
10332138,1279,s1,rest_v6
10332140,1294,s1,rest_v6
10332142,1323,s1,rest_v6
10332144,1319,s1,rest_v6
10332146,1277,s1,rest_v6
10332148,1307,s1,rest_v6
10332150,1309,s1,rest_v6
10332152,1328,s1,rest_v6
10332154,1279,s1,rest_v6
10332156,1314,s1,rest_v6
10332158,1308,s1,rest_v6
10332160,1332,s1,rest_v6
10332162,1293,s1,rest_v6
10332164,1319,s1,rest_v6
10332166,1296,s1,rest_v6
10332168,1329,s1,rest_v6
10332170,1296,s1,rest_v6
10332172,1297,s1,rest_v6
10332174,1293,s1,rest_v6
10332176,1331,s1,rest_v6
10332178,1307,s1,rest_v6
10332180,1297,s1,rest_v6
10332182,1291,s1,rest_v6
10332184,1328,s1,rest_v6
10332186,1317,s1,rest_v6
10332188,1291,s1,rest_v6
10332190,1296,s1,rest_v6
10332192,1322,s1,rest_v6
10332194,1323,s1,rest_v6
10332196,1279,s1,rest_v6
10332198,1303,s1,rest_v6
10332200,1310,s1,rest_v6
10332202,1325,s1,rest_v6
10332204,1277,s1,rest_v6
10332206,1316,s1,rest_v6
10332208,1301,s1,rest_v6
10332210,1328,s1,rest_v6
10332212,1286,s1,rest_v6
10332214,1315,s1,rest_v6
10332216,1290,s1,rest_v6
10332218,1331,s1,rest_v6
10332220,1296,s1,rest_v6
10332222,1298,s1,rest_v6
10332224,1290,s1,rest_v6
10332226,1328,s1,rest_v6
10332228,1300,s1,rest_v6
10332230,1292,s1,rest_v6
10332232,1285,s1,rest_v6
10332234,1322,s1,rest_v6
10332236,1311,s1,rest_v6
10332238,1279,s1,rest_v6
10332240,1294,s1,rest_v6
10332242,1321,s1,rest_v6
10332244,1317,s1,rest_v6
10332246,1275,s1,rest_v6
10332248,1301,s1,rest_v6
10332250,1306,s1,rest_v6
10332252,1325,s1,rest_v6
10332254,1276,s1,rest_v6
10332256,1307,s1,rest_v6
10332258,1299,s1,rest_v6
10332260,1328,s1,rest_v6
10332262,1292,s1,rest_v6
10332264,1312,s1,rest_v6
10332266,1289,s1,rest_v6
10332268,1328,s1,rest_v6
10332270,1296,s1,rest_v6
10332272,1296,s1,rest_v6
10332274,1286,s1,rest_v6
10332276,1328,s1,rest_v6
10332278,1302,s1,rest_v6
10332280,1287,s1,rest_v6
10332282,1284,s1,rest_v6
10332284,1323,s1,rest_v6
10332286,1309,s1,rest_v6
10332288,1283,s1,rest_v6
10332290,1295,s1,rest_v6
10332292,1319,s1,rest_v6
10332294,1318,s1,rest_v6
10332296,1279,s1,rest_v6
10332298,1307,s1,rest_v6
10332300,1309,s1,rest_v6
10332302,1328,s1,rest_v6
10332304,1281,s1,rest_v6
10332306,1314,s1,rest_v6
10332308,1304,s1,rest_v6
10332310,1330,s1,rest_v6
10332312,1291,s1,rest_v6
10332314,1315,s1,rest_v6
10332316,1294,s1,rest_v6
10332318,1329,s1,rest_v6
10332320,1301,s1,rest_v6
10332322,1300,s1,rest_v6
10332324,1293,s1,rest_v6
10332326,1330,s1,rest_v6
10332328,1306,s1,rest_v6
10332330,1293,s1,rest_v6
10332332,1289,s1,rest_v6
10332334,1327,s1,rest_v6
10332336,1316,s1,rest_v6
10332338,1283,s1,rest_v6
10332340,1296,s1,rest_v6
10332342,1318,s1,rest_v6
10332344,1318,s1,rest_v6
10332346,1278,s1,rest_v6
10332348,1302,s1,rest_v6
10332350,1308,s1,rest_v6
10332352,1328,s1,rest_v6
10332354,1275,s1,rest_v6
10332356,1311,s1,rest_v6
10332358,1301,s1,rest_v6
10332360,1329,s1,rest_v6
10332362,1289,s1,rest_v6
10332364,1315,s1,rest_v6
10332366,1293,s1,rest_v6
10332368,1330,s1,rest_v6
10332370,1298,s1,rest_v6
10332372,1296,s1,rest_v6
10332374,1286,s1,rest_v6
10332376,1328,s1,rest_v6
10332378,1306,s1,rest_v6
10332380,1291,s1,rest_v6
10332382,1290,s1,rest_v6
10332384,1327,s1,rest_v6
10332386,1313,s1,rest_v6
10332388,1283,s1,rest_v6
10332390,1296,s1,rest_v6
10332392,1321,s1,rest_v6
10332394,1322,s1,rest_v6
10332396,1282,s1,rest_v6
10332398,1310,s1,rest_v6
10332400,1309,s1,rest_v6
10332402,1327,s1,rest_v6
10332404,1280,s1,rest_v6
10332406,1313,s1,rest_v6
10332408,1301,s1,rest_v6
10332410,1328,s1,rest_v6
10332412,1291,s1,rest_v6
10332414,1312,s1,rest_v6
10332416,1290,s1,rest_v6
10332418,1328,s1,rest_v6
10332420,1296,s1,rest_v6
10332422,1294,s1,rest_v6
10332424,1289,s1,rest_v6
10332426,1326,s1,rest_v6
10332428,1303,s1,rest_v6
10332430,1287,s1,rest_v6
10332432,1286,s1,rest_v6
10332434,1327,s1,rest_v6
10332436,1314,s1,rest_v6
10332438,1280,s1,rest_v6
10332440,1297,s1,rest_v6
10332442,1317,s1,rest_v6
10332444,1325,s1,rest_v6
10332446,1281,s1,rest_v6
10332448,1312,s1,rest_v6
10332450,1312,s1,rest_v6
10332452,1328,s1,rest_v6
10332454,1281,s1,rest_v6
10332456,1314,s1,rest_v6
10332458,1302,s1,rest_v6
10332460,1331,s1,rest_v6
10332462,1295,s1,rest_v6
10332464,1317,s1,rest_v6
10332466,1293,s1,rest_v6
10332468,1339,s1,rest_v6
10332470,1302,s1,rest_v6
10332472,1299,s1,rest_v6
10332474,1291,s1,rest_v6
10332476,1337,s1,rest_v6
10332478,1307,s1,rest_v6
10332480,1293,s1,rest_v6
10332482,1293,s1,rest_v6
10332484,1327,s1,rest_v6
10332486,1319,s1,rest_v6
10332488,1285,s1,rest_v6
10332490,1302,s1,rest_v6
10332492,1326,s1,rest_v6
10332494,1327,s1,rest_v6
10332496,1280,s1,rest_v6
10332498,1309,s1,rest_v6
10332500,1312,s1,rest_v6
10332502,1328,s1,rest_v6
10332504,1285,s1,rest_v6
10332506,1319,s1,rest_v6
10332508,1305,s1,rest_v6
10332510,1334,s1,rest_v6
10332512,1296,s1,rest_v6
10332514,1317,s1,rest_v6
10332516,1294,s1,rest_v6
10332518,1332,s1,rest_v6
10332520,1303,s1,rest_v6
10332522,1299,s1,rest_v6
10332524,1294,s1,rest_v6
10332526,1331,s1,rest_v6
10332528,1313,s1,rest_v6
10332530,1293,s1,rest_v6
10332532,1291,s1,rest_v6
10332534,1327,s1,rest_v6
10332536,1318,s1,rest_v6
10332538,1283,s1,rest_v6
10332540,1301,s1,rest_v6
10332542,1323,s1,rest_v6
10332544,1318,s1,rest_v6
10332546,1278,s1,rest_v6
10332548,1310,s1,rest_v6
10332550,1313,s1,rest_v6
10332552,1328,s1,rest_v6
10332554,1281,s1,rest_v6
10332556,1313,s1,rest_v6
10332558,1298,s1,rest_v6
10332560,1331,s1,rest_v6
10332562,1296,s1,rest_v6
10332564,1314,s1,rest_v6
10332566,1290,s1,rest_v6
10332568,1332,s1,rest_v6
10332570,1301,s1,rest_v6
10332572,1295,s1,rest_v6
10332574,1287,s1,rest_v6
10332576,1328,s1,rest_v6
10332578,1306,s1,rest_v6
10332580,1286,s1,rest_v6
10332582,1291,s1,rest_v6
10332584,1327,s1,rest_v6
10332586,1319,s1,rest_v6
10332588,1280,s1,rest_v6
10332590,1297,s1,rest_v6
10332592,1316,s1,rest_v6
10332594,1319,s1,rest_v6
10332596,1273,s1,rest_v6
10332598,1302,s1,rest_v6
10332600,1303,s1,rest_v6
10332602,1323,s1,rest_v6
10332604,1277,s1,rest_v6
10332606,1310,s1,rest_v6
10332608,1297,s1,rest_v6
10332610,1328,s1,rest_v6
10332612,1287,s1,rest_v6
10332614,1307,s1,rest_v6
10332616,1285,s1,rest_v6
10332618,1325,s1,rest_v6
10332620,1299,s1,rest_v6
10332622,1295,s1,rest_v6
10332624,1286,s1,rest_v6
10332626,1328,s1,rest_v6
10332628,1307,s1,rest_v6
10332630,1286,s1,rest_v6
10332632,1286,s1,rest_v6
10332634,1323,s1,rest_v6
10332636,1311,s1,rest_v6
10332638,1277,s1,rest_v6
10332640,1293,s1,rest_v6
10332642,1311,s1,rest_v6
10332644,1319,s1,rest_v6
10332646,1271,s1,rest_v6
10332648,1311,s1,rest_v6
10332650,1300,s1,rest_v6
10332652,1327,s1,rest_v6
10332654,1283,s1,rest_v6
10332656,1312,s1,rest_v6
10332658,1298,s1,rest_v6
10332660,1329,s1,rest_v6
10332662,1296,s1,rest_v6
10332664,1314,s1,rest_v6
10332666,1291,s1,rest_v6
10332668,1331,s1,rest_v6
10332670,1301,s1,rest_v6
10332672,1296,s1,rest_v6
10332674,1289,s1,rest_v6
10332676,1328,s1,rest_v6
10332678,1312,s1,rest_v6
10332680,1290,s1,rest_v6
10332682,1294,s1,rest_v6
10332684,1328,s1,rest_v6
10332686,1317,s1,rest_v6
10332688,1285,s1,rest_v6
10332690,1299,s1,rest_v6
10332692,1322,s1,rest_v6
10332694,1326,s1,rest_v6
10332696,1280,s1,rest_v6
10332698,1315,s1,rest_v6
10332700,1309,s1,rest_v6
10332702,1328,s1,rest_v6
10332704,1283,s1,rest_v6
10332706,1318,s1,rest_v6
10332708,1303,s1,rest_v6
10332710,1331,s1,rest_v6
10332712,1295,s1,rest_v6
10332714,1316,s1,rest_v6
10332716,1294,s1,rest_v6
10332718,1332,s1,rest_v6
10332720,1306,s1,rest_v6
10332722,1297,s1,rest_v6
10332724,1290,s1,rest_v6
10332726,1330,s1,rest_v6
10332728,1309,s1,rest_v6
10332730,1291,s1,rest_v6
10332732,1294,s1,rest_v6
10332734,1323,s1,rest_v6
10332736,1319,s1,rest_v6
10332738,1283,s1,rest_v6
10332740,1303,s1,rest_v6
10332742,1322,s1,rest_v6
10332744,1326,s1,rest_v6
10332746,1280,s1,rest_v6
10332748,1314,s1,rest_v6
10332750,1311,s1,rest_v6
10332752,1330,s1,rest_v6
10332754,1291,s1,rest_v6
10332756,1314,s1,rest_v6
10332758,1307,s1,rest_v6
10332760,1334,s1,rest_v6
10332762,1298,s1,rest_v6
10332764,1319,s1,rest_v6
10332766,1296,s1,rest_v6
10332768,1334,s1,rest_v6
10332770,1308,s1,rest_v6
10332772,1299,s1,rest_v6
10332774,1296,s1,rest_v6
10332776,1339,s1,rest_v6
10332778,1318,s1,rest_v6
10332780,1296,s1,rest_v6
10332782,1296,s1,rest_v6
10332784,1330,s1,rest_v6
10332786,1326,s1,rest_v6
10332788,1285,s1,rest_v6
10332790,1309,s1,rest_v6
10332792,1327,s1,rest_v6
10332794,1328,s1,rest_v6
10332796,1281,s1,rest_v6
10332798,1315,s1,rest_v6
10332800,1309,s1,rest_v6
10332802,1330,s1,rest_v6
10332804,1289,s1,rest_v6
10332806,1319,s1,rest_v6
10332808,1305,s1,rest_v6
10332810,1337,s1,rest_v6
10332812,1296,s1,rest_v6
10332814,1317,s1,rest_v6
10332816,1296,s1,rest_v6
10332818,1337,s1,rest_v6
10332820,1308,s1,rest_v6
10332822,1301,s1,rest_v6
10332824,1297,s1,rest_v6
10332826,1338,s1,rest_v6
10332828,1317,s1,rest_v6
10332830,1296,s1,rest_v6
10332832,1298,s1,rest_v6
10332834,1335,s1,rest_v6
10332836,1328,s1,rest_v6
10332838,1292,s1,rest_v6
10332840,1307,s1,rest_v6
10332842,1328,s1,rest_v6
10332844,1331,s1,rest_v6
10332846,1287,s1,rest_v6
10332848,1323,s1,rest_v6
10332850,1317,s1,rest_v6
10332852,1335,s1,rest_v6
10332854,1295,s1,rest_v6
10332856,1325,s1,rest_v6
10332858,1311,s1,rest_v6
10332860,1338,s1,rest_v6
10332862,1299,s1,rest_v6
10332864,1317,s1,rest_v6
10332866,1292,s1,rest_v6
10332868,1335,s1,rest_v6
10332870,1303,s1,rest_v6
10332872,1296,s1,rest_v6
10332874,1293,s1,rest_v6
10332876,1333,s1,rest_v6
10332878,1314,s1,rest_v6
10332880,1294,s1,rest_v6
10332882,1296,s1,rest_v6
10332884,1328,s1,rest_v6
10332886,1323,s1,rest_v6
10332888,1287,s1,rest_v6
10332890,1310,s1,rest_v6
10332892,1321,s1,rest_v6
10332894,1328,s1,rest_v6
10332896,1283,s1,rest_v6
10332898,1317,s1,rest_v6
10332900,1309,s1,rest_v6
10332902,1328,s1,rest_v6
10332904,1289,s1,rest_v6
10332906,1317,s1,rest_v6
10332908,1299,s1,rest_v6
10332910,1334,s1,rest_v6
10332912,1301,s1,rest_v6
10332914,1312,s1,rest_v6
10332916,1287,s1,rest_v6
10332918,1328,s1,rest_v6
10332920,1302,s1,rest_v6
10332922,1294,s1,rest_v6
10332924,1293,s1,rest_v6
10332926,1328,s1,rest_v6
10332928,1314,s1,rest_v6
10332930,1289,s1,rest_v6
10332932,1296,s1,rest_v6
10332934,1328,s1,rest_v6
10332936,1324,s1,rest_v6
10332938,1286,s1,rest_v6
10332940,1302,s1,rest_v6
10332942,1319,s1,rest_v6
10332944,1328,s1,rest_v6
10332946,1281,s1,rest_v6
10332948,1321,s1,rest_v6
10332950,1307,s1,rest_v6
10332952,1328,s1,rest_v6
10332954,1286,s1,rest_v6
10332956,1311,s1,rest_v6
10332958,1299,s1,rest_v6
10332960,1328,s1,rest_v6
10332962,1296,s1,rest_v6
10332964,1309,s1,rest_v6
10332966,1290,s1,rest_v6
10332968,1330,s1,rest_v6
10332970,1301,s1,rest_v6
10332972,1296,s1,rest_v6
10332974,1290,s1,rest_v6
10332976,1332,s1,rest_v6
10332978,1314,s1,rest_v6
10332980,1293,s1,rest_v6
10332982,1295,s1,rest_v6
10332984,1328,s1,rest_v6
10332986,1319,s1,rest_v6
10332988,1279,s1,rest_v6
10332990,1305,s1,rest_v6
10332992,1319,s1,rest_v6
10332994,1325,s1,rest_v6
10332996,1283,s1,rest_v6
10332998,1317,s1,rest_v6
10333000,1304,s1,rest_v6
10333002,1331,s1,rest_v6
10333004,1291,s1,rest_v6
10333006,1322,s1,rest_v6
10333008,1297,s1,rest_v6
10333010,1330,s1,rest_v6
10333012,1298,s1,rest_v6
10333014,1312,s1,rest_v6
10333016,1283,s1,rest_v6
10333018,1330,s1,rest_v6
10333020,1303,s1,rest_v6
10333022,1296,s1,rest_v6
10333024,1292,s1,rest_v6
10333026,1328,s1,rest_v6
10333028,1309,s1,rest_v6
10333030,1286,s1,rest_v6
10333032,1293,s1,rest_v6
10333034,1323,s1,rest_v6
10333036,1322,s1,rest_v6
10333038,1281,s1,rest_v6
10333040,1306,s1,rest_v6
10333042,1314,s1,rest_v6
10333044,1325,s1,rest_v6
10333046,1279,s1,rest_v6
10333048,1312,s1,rest_v6
10333050,1301,s1,rest_v6
10333052,1329,s1,rest_v6
10333054,1286,s1,rest_v6
10333056,1317,s1,rest_v6
10333058,1296,s1,rest_v6
10333060,1332,s1,rest_v6
10333062,1296,s1,rest_v6
10333064,1310,s1,rest_v6
10333066,1290,s1,rest_v6
10333068,1332,s1,rest_v6
10333070,1307,s1,rest_v6
10333072,1296,s1,rest_v6
10333074,1291,s1,rest_v6
10333076,1331,s1,rest_v6
10333078,1313,s1,rest_v6
10333080,1293,s1,rest_v6
10333082,1296,s1,rest_v6
10333084,1322,s1,rest_v6
10333086,1321,s1,rest_v6
10333088,1282,s1,rest_v6
10333090,1312,s1,rest_v6
10333092,1319,s1,rest_v6
10333094,1329,s1,rest_v6
10333096,1286,s1,rest_v6
10333098,1317,s1,rest_v6
10333100,1309,s1,rest_v6
10333102,1335,s1,rest_v6
10333104,1293,s1,rest_v6
10333106,1323,s1,rest_v6
10333108,1303,s1,rest_v6
10333110,1335,s1,rest_v6
10333112,1299,s1,rest_v6
10333114,1309,s1,rest_v6
10333116,1292,s1,rest_v6
10333118,1334,s1,rest_v6
10333120,1308,s1,rest_v6
10333122,1293,s1,rest_v6
10333124,1293,s1,rest_v6
10333126,1328,s1,rest_v6
10333128,1314,s1,rest_v6
10333130,1284,s1,rest_v6
10333132,1296,s1,rest_v6
10333134,1327,s1,rest_v6
10333136,1319,s1,rest_v6
10333138,1277,s1,rest_v6
10333140,1306,s1,rest_v6
10333142,1312,s1,rest_v6
10333144,1328,s1,rest_v6
10333146,1280,s1,rest_v6
10333148,1316,s1,rest_v6
10333150,1302,s1,rest_v6
10333152,1329,s1,rest_v6
10333154,1287,s1,rest_v6
10333156,1312,s1,rest_v6
10333158,1299,s1,rest_v6
10333160,1330,s1,rest_v6
10333162,1299,s1,rest_v6
10333164,1309,s1,rest_v6
10333166,1287,s1,rest_v6
10333168,1335,s1,rest_v6
10333170,1306,s1,rest_v6
10333172,1295,s1,rest_v6
10333174,1291,s1,rest_v6
10333176,1329,s1,rest_v6
10333178,1313,s1,rest_v6
10333180,1285,s1,rest_v6
10333182,1296,s1,rest_v6
10333184,1322,s1,rest_v6
10333186,1323,s1,rest_v6
10333188,1280,s1,rest_v6
10333190,1304,s1,rest_v6
10333192,1315,s1,rest_v6
10333194,1327,s1,rest_v6
10333196,1279,s1,rest_v6
10333198,1318,s1,rest_v6
10333200,1302,s1,rest_v6
10333202,1329,s1,rest_v6
10333204,1290,s1,rest_v6
10333206,1310,s1,rest_v6
10333208,1296,s1,rest_v6
10333210,1331,s1,rest_v6
10333212,1300,s1,rest_v6
10333214,1305,s1,rest_v6
10333216,1285,s1,rest_v6
10333218,1330,s1,rest_v6
10333220,1303,s1,rest_v6
10333222,1291,s1,rest_v6
10333224,1289,s1,rest_v6
10333226,1328,s1,rest_v6
10333228,1312,s1,rest_v6
10333230,1285,s1,rest_v6
10333232,1296,s1,rest_v6
10333234,1318,s1,rest_v6
10333236,1318,s1,rest_v6
10333238,1274,s1,rest_v6
10333240,1303,s1,rest_v6
10333242,1319,s1,rest_v6
10333244,1325,s1,rest_v6
10333246,1280,s1,rest_v6
10333248,1315,s1,rest_v6
10333250,1299,s1,rest_v6
10333252,1328,s1,rest_v6
10333254,1289,s1,rest_v6
10333256,1313,s1,rest_v6
10333258,1296,s1,rest_v6
10333260,1329,s1,rest_v6
10333262,1296,s1,rest_v6
10333264,1305,s1,rest_v6
10333266,1289,s1,rest_v6
10333268,1330,s1,rest_v6
10333270,1309,s1,rest_v6
10333272,1296,s1,rest_v6
10333274,1293,s1,rest_v6
10333276,1333,s1,rest_v6
10333278,1317,s1,rest_v6
10333280,1293,s1,rest_v6
10333282,1296,s1,rest_v6
10333284,1326,s1,rest_v6
10333286,1325,s1,rest_v6
10333288,1280,s1,rest_v6
10333290,1307,s1,rest_v6
10333292,1314,s1,rest_v6
10333294,1328,s1,rest_v6
10333296,1289,s1,rest_v6
10333298,1322,s1,rest_v6
10333300,1307,s1,rest_v6
10333302,1339,s1,rest_v6
10333304,1295,s1,rest_v6
10333306,1315,s1,rest_v6
10333308,1299,s1,rest_v6
10333310,1337,s1,rest_v6
10333312,1302,s1,rest_v6
10333314,1309,s1,rest_v6
10333316,1293,s1,rest_v6
10333318,1331,s1,rest_v6
10333320,1314,s1,rest_v6
10333322,1296,s1,rest_v6
10333324,1295,s1,rest_v6
10333326,1329,s1,rest_v6
10333328,1315,s1,rest_v6
10333330,1285,s1,rest_v6
10333332,1298,s1,rest_v6
10333334,1323,s1,rest_v6
10333336,1323,s1,rest_v6
10333338,1281,s1,rest_v6
10333340,1312,s1,rest_v6
10333342,1318,s1,rest_v6
10333344,1328,s1,rest_v6
10333346,1279,s1,rest_v6
10333348,1321,s1,rest_v6
10333350,1299,s1,rest_v6
10333352,1328,s1,rest_v6
10333354,1292,s1,rest_v6
10333356,1312,s1,rest_v6
10333358,1296,s1,rest_v6
10333360,1334,s1,rest_v6
10333362,1297,s1,rest_v6
10333364,1301,s1,rest_v6
10333366,1283,s1,rest_v6
10333368,1331,s1,rest_v6
10333370,1303,s1,rest_v6
10333372,1289,s1,rest_v6
10333374,1289,s1,rest_v6
10333376,1329,s1,rest_v6
10333378,1313,s1,rest_v6
10333380,1285,s1,rest_v6
10333382,1296,s1,rest_v6
10333384,1319,s1,rest_v6
10333386,1322,s1,rest_v6
10333388,1278,s1,rest_v6
10333390,1313,s1,rest_v6
10333392,1311,s1,rest_v6
10333394,1325,s1,rest_v6
10333396,1279,s1,rest_v6
10333398,1314,s1,rest_v6
10333400,1297,s1,rest_v6
10333402,1328,s1,rest_v6
10333404,1285,s1,rest_v6
10333406,1308,s1,rest_v6
10333408,1293,s1,rest_v6
10333410,1328,s1,rest_v6
10333412,1296,s1,rest_v6
10333414,1297,s1,rest_v6
10333416,1280,s1,rest_v6
10333418,1328,s1,rest_v6
10333420,1302,s1,rest_v6
10333422,1286,s1,rest_v6
10333424,1290,s1,rest_v6
10333426,1328,s1,rest_v6
10333428,1311,s1,rest_v6
10333430,1286,s1,rest_v6
10333432,1296,s1,rest_v6
10333434,1319,s1,rest_v6
10333436,1315,s1,rest_v6
10333438,1275,s1,rest_v6
10333440,1307,s1,rest_v6
10333442,1317,s1,rest_v6
10333444,1328,s1,rest_v6
10333446,1282,s1,rest_v6
10333448,1318,s1,rest_v6
10333450,1298,s1,rest_v6
10333452,1329,s1,rest_v6
10333454,1293,s1,rest_v6
10333456,1310,s1,rest_v6
10333458,1296,s1,rest_v6
10333460,1330,s1,rest_v6
10333462,1298,s1,rest_v6
10333464,1298,s1,rest_v6
10333466,1285,s1,rest_v6
10333468,1329,s1,rest_v6
10333470,1310,s1,rest_v6
10333472,1293,s1,rest_v6
10333474,1294,s1,rest_v6
10333476,1328,s1,rest_v6
10333478,1317,s1,rest_v6
10333480,1282,s1,rest_v6
10333482,1301,s1,rest_v6
10333484,1317,s1,rest_v6
10333486,1322,s1,rest_v6
10333488,1280,s1,rest_v6
10333490,1306,s1,rest_v6
10333492,1314,s1,rest_v6
10333494,1327,s1,rest_v6
10333496,1283,s1,rest_v6
10333498,1323,s1,rest_v6
10333500,1307,s1,rest_v6
10333502,1337,s1,rest_v6
10333504,1296,s1,rest_v6
10333506,1309,s1,rest_v6
10333508,1298,s1,rest_v6
10333510,1333,s1,rest_v6
10333512,1302,s1,rest_v6
10333514,1307,s1,rest_v6
10333516,1291,s1,rest_v6
10333518,1333,s1,rest_v6
10333520,1314,s1,rest_v6
10333522,1290,s1,rest_v6
10333524,1292,s1,rest_v6
10333526,1327,s1,rest_v6
10333528,1314,s1,rest_v6
10333530,1286,s1,rest_v6
10333532,1296,s1,rest_v6
10333534,1322,s1,rest_v6
10333536,1325,s1,rest_v6
10333538,1279,s1,rest_v6
10333540,1313,s1,rest_v6
10333542,1316,s1,rest_v6
10333544,1331,s1,rest_v6
10333546,1290,s1,rest_v6
10333548,1325,s1,rest_v6
10333550,1305,s1,rest_v6
10333552,1330,s1,rest_v6
10333554,1296,s1,rest_v6
10333556,1311,s1,rest_v6
10333558,1297,s1,rest_v6
10333560,1337,s1,rest_v6
10333562,1301,s1,rest_v6
10333564,1305,s1,rest_v6
10333566,1290,s1,rest_v6
10333568,1334,s1,rest_v6
10333570,1310,s1,rest_v6
10333572,1295,s1,rest_v6
10333574,1296,s1,rest_v6
10333576,1331,s1,rest_v6
10333578,1322,s1,rest_v6
10333580,1290,s1,rest_v6
10333582,1299,s1,rest_v6
10333584,1321,s1,rest_v6
10333586,1325,s1,rest_v6
10333588,1279,s1,rest_v6
10333590,1310,s1,rest_v6
10333592,1316,s1,rest_v6
10333594,1328,s1,rest_v6
10333596,1282,s1,rest_v6
10333598,1315,s1,rest_v6
10333600,1297,s1,rest_v6
10333602,1330,s1,rest_v6
10333604,1293,s1,rest_v6
10333606,1309,s1,rest_v6
10333608,1293,s1,rest_v6
10333610,1330,s1,rest_v6
10333612,1297,s1,rest_v6
10333614,1296,s1,rest_v6
10333616,1283,s1,rest_v6
10333618,1328,s1,rest_v6
10333620,1307,s1,rest_v6
10333622,1286,s1,rest_v6
10333624,1287,s1,rest_v6
10333626,1326,s1,rest_v6
10333628,1315,s1,rest_v6
10333630,1283,s1,rest_v6
10333632,1298,s1,rest_v6
10333634,1314,s1,rest_v6
10333636,1321,s1,rest_v6
10333638,1271,s1,rest_v6
10333640,1311,s1,rest_v6
10333642,1307,s1,rest_v6
10333644,1325,s1,rest_v6
10333646,1282,s1,rest_v6
10333648,1314,s1,rest_v6
10333650,1296,s1,rest_v6
10333652,1328,s1,rest_v6
10333654,1289,s1,rest_v6
10333656,1307,s1,rest_v6
10333658,1293,s1,rest_v6
10333660,1328,s1,rest_v6
10333662,1297,s1,rest_v6
10333664,1298,s1,rest_v6
10333666,1284,s1,rest_v6
10333668,1328,s1,rest_v6
10333670,1311,s1,rest_v6
10333672,1289,s1,rest_v6
10333674,1290,s1,rest_v6
10333676,1327,s1,rest_v6
10333678,1317,s1,rest_v6
10333680,1286,s1,rest_v6
10333682,1299,s1,rest_v6
10333684,1318,s1,rest_v6
10333686,1324,s1,rest_v6
10333688,1279,s1,rest_v6
10333690,1310,s1,rest_v6
10333692,1311,s1,rest_v6
10333694,1327,s1,rest_v6
10333696,1282,s1,rest_v6
10333698,1315,s1,rest_v6
10333700,1296,s1,rest_v6
10333702,1330,s1,rest_v6
10333704,1292,s1,rest_v6
10333706,1303,s1,rest_v6
10333708,1291,s1,rest_v6
10333710,1328,s1,rest_v6
10333712,1296,s1,rest_v6
10333714,1293,s1,rest_v6
10333716,1282,s1,rest_v6
10333718,1328,s1,rest_v6
10333720,1309,s1,rest_v6
10333722,1285,s1,rest_v6
10333724,1289,s1,rest_v6
10333726,1325,s1,rest_v6
10333728,1312,s1,rest_v6
10333730,1277,s1,rest_v6
10333732,1298,s1,rest_v6
10333734,1315,s1,rest_v6
10333736,1323,s1,rest_v6
10333738,1277,s1,rest_v6
10333740,1310,s1,rest_v6
10333742,1311,s1,rest_v6
10333744,1328,s1,rest_v6
10333746,1282,s1,rest_v6
10333748,1317,s1,rest_v6
10333750,1297,s1,rest_v6
10333752,1328,s1,rest_v6
10333754,1294,s1,rest_v6
10333756,1304,s1,rest_v6
10333758,1293,s1,rest_v6
10333760,1333,s1,rest_v6
10333762,1302,s1,rest_v6
10333764,1299,s1,rest_v6
10333766,1287,s1,rest_v6
10333768,1332,s1,rest_v6
10333770,1312,s1,rest_v6
10333772,1291,s1,rest_v6
10333774,1295,s1,rest_v6
10333776,1327,s1,rest_v6
10333778,1321,s1,rest_v6
10333780,1284,s1,rest_v6
10333782,1303,s1,rest_v6
10333784,1315,s1,rest_v6
10333786,1326,s1,rest_v6
10333788,1278,s1,rest_v6
10333790,1313,s1,rest_v6
10333792,1313,s1,rest_v6
10333794,1328,s1,rest_v6
10333796,1286,s1,rest_v6
10333798,1322,s1,rest_v6
10333800,1301,s1,rest_v6
10333802,1330,s1,rest_v6
10333804,1296,s1,rest_v6
10333806,1312,s1,rest_v6
10333808,1295,s1,rest_v6
10333810,1332,s1,rest_v6
10333812,1301,s1,rest_v6
10333814,1298,s1,rest_v6
10333816,1290,s1,rest_v6
10333818,1334,s1,rest_v6
10333820,1315,s1,rest_v6
10333822,1294,s1,rest_v6
10333824,1296,s1,rest_v6
10333826,1328,s1,rest_v6
10333828,1324,s1,rest_v6
10333830,1286,s1,rest_v6
10333832,1303,s1,rest_v6
10333834,1318,s1,rest_v6
10333836,1328,s1,rest_v6
10333838,1279,s1,rest_v6
10333840,1314,s1,rest_v6
10333842,1315,s1,rest_v6
10333844,1328,s1,rest_v6
10333846,1287,s1,rest_v6
10333848,1321,s1,rest_v6
10333850,1300,s1,rest_v6
10333852,1335,s1,rest_v6
10333854,1297,s1,rest_v6
10333856,1309,s1,rest_v6
10333858,1296,s1,rest_v6
10333860,1339,s1,rest_v6
10333862,1309,s1,rest_v6
10333864,1301,s1,rest_v6
10333866,1293,s1,rest_v6
10333868,1330,s1,rest_v6
10333870,1317,s1,rest_v6
10333872,1287,s1,rest_v6
10333874,1296,s1,rest_v6
10333876,1328,s1,rest_v6
10333878,1324,s1,rest_v6
10333880,1287,s1,rest_v6
10333882,1305,s1,rest_v6
10333884,1318,s1,rest_v6
10333886,1328,s1,rest_v6
10333888,1279,s1,rest_v6
10333890,1313,s1,rest_v6
10333892,1311,s1,rest_v6
10333894,1329,s1,rest_v6
10333896,1285,s1,rest_v6
10333898,1318,s1,rest_v6
10333900,1296,s1,rest_v6
10333902,1329,s1,rest_v6
10333904,1296,s1,rest_v6
10333906,1304,s1,rest_v6
10333908,1296,s1,rest_v6
10333910,1335,s1,rest_v6
10333912,1307,s1,rest_v6
10333914,1299,s1,rest_v6
10333916,1287,s1,rest_v6
10333918,1329,s1,rest_v6
10333920,1313,s1,rest_v6
10333922,1284,s1,rest_v6
10333924,1296,s1,rest_v6
10333926,1327,s1,rest_v6
10333928,1322,s1,rest_v6
10333930,1281,s1,rest_v6
10333932,1305,s1,rest_v6
10333934,1315,s1,rest_v6
10333936,1323,s1,rest_v6
10333938,1278,s1,rest_v6
10333940,1314,s1,rest_v6
10333942,1305,s1,rest_v6
10333944,1328,s1,rest_v6
10333946,1287,s1,rest_v6
10333948,1318,s1,rest_v6
10333950,1296,s1,rest_v6
10333952,1329,s1,rest_v6
10333954,1295,s1,rest_v6
10333956,1298,s1,rest_v6
10333958,1293,s1,rest_v6
10333960,1330,s1,rest_v6
10333962,1301,s1,rest_v6
10333964,1296,s1,rest_v6
10333966,1284,s1,rest_v6
10333968,1328,s1,rest_v6
10333970,1313,s1,rest_v6
10333972,1283,s1,rest_v6
10333974,1293,s1,rest_v6
10333976,1322,s1,rest_v6
10333978,1318,s1,rest_v6
10333980,1279,s1,rest_v6
10333982,1299,s1,rest_v6
10333984,1315,s1,rest_v6
10333986,1328,s1,rest_v6
10333988,1280,s1,rest_v6
10333990,1314,s1,rest_v6
10333992,1307,s1,rest_v6
10333994,1328,s1,rest_v6
10333996,1288,s1,rest_v6
10333998,1317,s1,rest_v6
10334000,1299,s1,rest_v6
10334002,1330,s1,rest_v6
10334004,1297,s1,rest_v6
10334006,1306,s1,rest_v6
10334008,1295,s1,rest_v6
10334010,1334,s1,rest_v6
10334012,1309,s1,rest_v6
10334014,1296,s1,rest_v6
10334016,1292,s1,rest_v6
10334018,1333,s1,rest_v6
10334020,1313,s1,rest_v6
10334022,1291,s1,rest_v6
10334024,1296,s1,rest_v6
10334026,1328,s1,rest_v6
10334028,1324,s1,rest_v6
10334030,1281,s1,rest_v6
10334032,1302,s1,rest_v6
10334034,1321,s1,rest_v6
10334036,1327,s1,rest_v6
10334038,1283,s1,rest_v6
10334040,1318,s1,rest_v6
10334042,1309,s1,rest_v6
10334044,1334,s1,rest_v6
10334046,1294,s1,rest_v6
10334048,1321,s1,rest_v6
10334050,1298,s1,rest_v6
10334052,1332,s1,rest_v6
10334054,1296,s1,rest_v6
10334056,1310,s1,rest_v6
10334058,1296,s1,rest_v6
10334060,1333,s1,rest_v6
10334062,1302,s1,rest_v6
10334064,1294,s1,rest_v6
10334066,1287,s1,rest_v6
10334068,1329,s1,rest_v6
10334070,1313,s1,rest_v6
10334072,1287,s1,rest_v6
10334074,1296,s1,rest_v6
10334076,1328,s1,rest_v6
10334078,1323,s1,rest_v6
10334080,1285,s1,rest_v6
10334082,1305,s1,rest_v6
10334084,1317,s1,rest_v6
10334086,1328,s1,rest_v6
10334088,1282,s1,rest_v6
10334090,1319,s1,rest_v6
10334092,1313,s1,rest_v6
10334094,1339,s1,rest_v6
10334096,1298,s1,rest_v6
10334098,1328,s1,rest_v6
10334100,1303,s1,rest_v6
10334102,1341,s1,rest_v6
10334104,1306,s1,rest_v6
10334106,1311,s1,rest_v6
10334108,1301,s1,rest_v6
10334110,1339,s1,rest_v6
10334112,1313,s1,rest_v6
10334114,1303,s1,rest_v6
10334116,1295,s1,rest_v6
10334118,1333,s1,rest_v6
10334120,1312,s1,rest_v6
10334122,1286,s1,rest_v6
10334124,1296,s1,rest_v6
10334126,1327,s1,rest_v6
10334128,1318,s1,rest_v6
10334130,1279,s1,rest_v6
10334132,1302,s1,rest_v6
10334134,1313,s1,rest_v6
10334136,1328,s1,rest_v6
10334138,1278,s1,rest_v6
10334140,1314,s1,rest_v6
10334142,1306,s1,rest_v6
10334144,1328,s1,rest_v6
10334146,1294,s1,rest_v6
10334148,1323,s1,rest_v6
10334150,1296,s1,rest_v6
10334152,1333,s1,rest_v6
10334154,1299,s1,rest_v6
10334156,1303,s1,rest_v6
10334158,1296,s1,rest_v6
10334160,1338,s1,rest_v6
10334162,1310,s1,rest_v6
10334164,1296,s1,rest_v6
10334166,1290,s1,rest_v6
10334168,1329,s1,rest_v6
10334170,1315,s1,rest_v6
10334172,1286,s1,rest_v6
10334174,1297,s1,rest_v6
10334176,1328,s1,rest_v6
10334178,1325,s1,rest_v6
10334180,1285,s1,rest_v6
10334182,1309,s1,rest_v6
10334184,1318,s1,rest_v6
10334186,1331,s1,rest_v6
10334188,1287,s1,rest_v6
10334190,1322,s1,rest_v6
10334192,1314,s1,rest_v6
10334194,1337,s1,rest_v6
10334196,1294,s1,rest_v6
10334198,1324,s1,rest_v6
10334200,1297,s1,rest_v6
10334202,1334,s1,rest_v6
10334204,1307,s1,rest_v6
10334206,1306,s1,rest_v6
10334208,1296,s1,rest_v6
10334210,1333,s1,rest_v6
10334212,1309,s1,rest_v6
10334214,1300,s1,rest_v6
10334216,1295,s1,rest_v6
10334218,1333,s1,rest_v6
10334220,1317,s1,rest_v6
10334222,1291,s1,rest_v6
10334224,1297,s1,rest_v6
10334226,1328,s1,rest_v6
10334228,1325,s1,rest_v6
10334230,1279,s1,rest_v6
10334232,1307,s1,rest_v6
10334234,1314,s1,rest_v6
10334236,1329,s1,rest_v6
10334238,1281,s1,rest_v6
10334240,1321,s1,rest_v6
10334242,1312,s1,rest_v6
10334244,1332,s1,rest_v6
10334246,1295,s1,rest_v6
10334248,1326,s1,rest_v6
10334250,1300,s1,rest_v6
10334252,1343,s1,rest_v6
10334254,1305,s1,rest_v6
10334256,1308,s1,rest_v6
10334258,1299,s1,rest_v6
10334260,1338,s1,rest_v6
10334262,1310,s1,rest_v6
10334264,1298,s1,rest_v6
10334266,1293,s1,rest_v6
10334268,1334,s1,rest_v6
10334270,1322,s1,rest_v6
10334272,1291,s1,rest_v6
10334274,1300,s1,rest_v6
10334276,1327,s1,rest_v6
10334278,1325,s1,rest_v6
10334280,1283,s1,rest_v6
10334282,1311,s1,rest_v6
10334284,1319,s1,rest_v6
10334286,1329,s1,rest_v6
10334288,1282,s1,rest_v6
10334290,1315,s1,rest_v6
10334292,1306,s1,rest_v6
10334294,1332,s1,rest_v6
10334296,1296,s1,rest_v6
10334298,1325,s1,rest_v6
10334300,1301,s1,rest_v6
10334302,1340,s1,rest_v6
10334304,1306,s1,rest_v6
10334306,1309,s1,rest_v6
10334308,1296,s1,rest_v6
10334310,1335,s1,rest_v6
10334312,1311,s1,rest_v6
10334314,1296,s1,rest_v6
10334316,1291,s1,rest_v6
10334318,1331,s1,rest_v6
10334320,1324,s1,rest_v6
10334322,1290,s1,rest_v6
10334324,1305,s1,rest_v6
10334326,1328,s1,rest_v6
10334328,1325,s1,rest_v6
10334330,1283,s1,rest_v6
10334332,1313,s1,rest_v6
10334334,1319,s1,rest_v6
10334336,1334,s1,rest_v6
10334338,1291,s1,rest_v6
10334340,1324,s1,rest_v6
10334342,1312,s1,rest_v6
10334344,1341,s1,rest_v6
10334346,1296,s1,rest_v6
10334348,1327,s1,rest_v6
10334350,1306,s1,rest_v6
10334352,1344,s1,rest_v6
10334354,1309,s1,rest_v6
10334356,1310,s1,rest_v6
10334358,1300,s1,rest_v6
10334360,1339,s1,rest_v6
10334362,1318,s1,rest_v6
10334364,1302,s1,rest_v6
10334366,1296,s1,rest_v6
10334368,1335,s1,rest_v6
10334370,1324,s1,rest_v6
10334372,1296,s1,rest_v6
10334374,1306,s1,rest_v6
10334376,1328,s1,rest_v6
10334378,1330,s1,rest_v6
10334380,1284,s1,rest_v6
10334382,1315,s1,rest_v6
10334384,1318,s1,rest_v6
10334386,1331,s1,rest_v6
10334388,1282,s1,rest_v6
10334390,1321,s1,rest_v6
10334392,1306,s1,rest_v6
10334394,1335,s1,rest_v6
10334396,1290,s1,rest_v6
10334398,1323,s1,rest_v6
10334400,1296,s1,rest_v6
10334402,1335,s1,rest_v6
10334404,1301,s1,rest_v6
10334406,1301,s1,rest_v6
10334408,1296,s1,rest_v6
10334410,1331,s1,rest_v6
10334412,1310,s1,rest_v6
10334414,1296,s1,rest_v6
10334416,1291,s1,rest_v6
10334418,1328,s1,rest_v6
10334420,1320,s1,rest_v6
10334422,1291,s1,rest_v6
10334424,1301,s1,rest_v6
10334426,1323,s1,rest_v6
10334428,1326,s1,rest_v6
10334430,1282,s1,rest_v6
10334432,1309,s1,rest_v6
10334434,1315,s1,rest_v6
10334436,1330,s1,rest_v6
10334438,1282,s1,rest_v6
10334440,1321,s1,rest_v6
10334442,1306,s1,rest_v6
10334444,1331,s1,rest_v6
10334446,1290,s1,rest_v6
10334448,1315,s1,rest_v6
10334450,1295,s1,rest_v6
10334452,1330,s1,rest_v6
10334454,1298,s1,rest_v6
10334456,1300,s1,rest_v6
10334458,1293,s1,rest_v6
10334460,1333,s1,rest_v6
10334462,1309,s1,rest_v6
10334464,1293,s1,rest_v6
10334466,1292,s1,rest_v6
10334468,1329,s1,rest_v6
10334470,1314,s1,rest_v6
10334472,1289,s1,rest_v6
10334474,1302,s1,rest_v6
10334476,1322,s1,rest_v6
10334478,1325,s1,rest_v6
10334480,1281,s1,rest_v6
10334482,1311,s1,rest_v6
10334484,1314,s1,rest_v6
10334486,1329,s1,rest_v6
10334488,1284,s1,rest_v6
10334490,1322,s1,rest_v6
10334492,1310,s1,rest_v6
10334494,1335,s1,rest_v6
10334496,1296,s1,rest_v6
10334498,1322,s1,rest_v6
10334500,1301,s1,rest_v6
10334502,1339,s1,rest_v6
10334504,1307,s1,rest_v6
10334506,1303,s1,rest_v6
10334508,1297,s1,rest_v6
10334510,1340,s1,rest_v6
10334512,1317,s1,rest_v6
10334514,1298,s1,rest_v6
10334516,1296,s1,rest_v6
10334518,1334,s1,rest_v6
10334520,1323,s1,rest_v6
10334522,1296,s1,rest_v6
10334524,1305,s1,rest_v6
10334526,1331,s1,rest_v6
10334528,1327,s1,rest_v6
10334530,1289,s1,rest_v6
10334532,1315,s1,rest_v6
10334534,1321,s1,rest_v6
10334536,1338,s1,rest_v6
10334538,1290,s1,rest_v6
10334540,1327,s1,rest_v6
10334542,1312,s1,rest_v6
10334544,1339,s1,rest_v6
10334546,1301,s1,rest_v6
10334548,1324,s1,rest_v6
10334550,1300,s1,rest_v6
10334552,1339,s1,rest_v6
10334554,1306,s1,rest_v6
10334556,1310,s1,rest_v6
10334558,1296,s1,rest_v6
10334560,1338,s1,rest_v6
10334562,1313,s1,rest_v6
10334564,1297,s1,rest_v6
10334566,1296,s1,rest_v6
10334568,1331,s1,rest_v6
10334570,1325,s1,rest_v6
10334572,1286,s1,rest_v6
10334574,1305,s1,rest_v6
10334576,1328,s1,rest_v6
10334578,1328,s1,rest_v6
10334580,1283,s1,rest_v6
10334582,1313,s1,rest_v6
10334584,1316,s1,rest_v6
10334586,1335,s1,rest_v6
10334588,1291,s1,rest_v6
10334590,1325,s1,rest_v6
10334592,1313,s1,rest_v6
10334594,1338,s1,rest_v6
10334596,1299,s1,rest_v6
10334598,1324,s1,rest_v6
10334600,1297,s1,rest_v6
10334602,1337,s1,rest_v6
10334604,1305,s1,rest_v6
10334606,1302,s1,rest_v6
10334608,1293,s1,rest_v6
10334610,1335,s1,rest_v6
10334612,1311,s1,rest_v6
10334614,1296,s1,rest_v6
10334616,1295,s1,rest_v6
10334618,1332,s1,rest_v6
10334620,1319,s1,rest_v6
10334622,1286,s1,rest_v6
10334624,1303,s1,rest_v6
10334626,1327,s1,rest_v6
10334628,1327,s1,rest_v6
10334630,1281,s1,rest_v6
10334632,1311,s1,rest_v6
10334634,1314,s1,rest_v6
10334636,1330,s1,rest_v6
10334638,1283,s1,rest_v6
10334640,1317,s1,rest_v6
10334642,1306,s1,rest_v6
10334644,1333,s1,rest_v6
10334646,1296,s1,rest_v6
10334648,1315,s1,rest_v6
10334650,1296,s1,rest_v6
10334652,1334,s1,rest_v6
10334654,1306,s1,rest_v6
10334656,1303,s1,rest_v6
10334658,1296,s1,rest_v6
10334660,1335,s1,rest_v6
10334662,1313,s1,rest_v6
10334664,1296,s1,rest_v6
10334666,1291,s1,rest_v6
10334668,1329,s1,rest_v6
10334670,1315,s1,rest_v6
10334672,1290,s1,rest_v6
10334674,1305,s1,rest_v6
10334676,1328,s1,rest_v6
10334678,1330,s1,rest_v6
10334680,1287,s1,rest_v6
10334682,1315,s1,rest_v6
10334684,1314,s1,rest_v6
10334686,1337,s1,rest_v6
10334688,1293,s1,rest_v6
10334690,1326,s1,rest_v6
10334692,1311,s1,rest_v6
10334694,1335,s1,rest_v6
10334696,1297,s1,rest_v6
10334698,1317,s1,rest_v6
10334700,1296,s1,rest_v6
10334702,1343,s1,rest_v6
10334704,1307,s1,rest_v6
10334706,1302,s1,rest_v6
10334708,1295,s1,rest_v6
10334710,1337,s1,rest_v6
10334712,1313,s1,rest_v6
10334714,1295,s1,rest_v6
10334716,1295,s1,rest_v6
10334718,1328,s1,rest_v6
10334720,1327,s1,rest_v6
10334722,1287,s1,rest_v6
10334724,1307,s1,rest_v6
10334726,1322,s1,rest_v6
10334728,1330,s1,rest_v6
10334730,1285,s1,rest_v6
10334732,1321,s1,rest_v6
10334734,1318,s1,rest_v6
10334736,1333,s1,rest_v6
10334738,1291,s1,rest_v6
10334740,1326,s1,rest_v6
10334742,1309,s1,rest_v6
10334744,1340,s1,rest_v6
10334746,1301,s1,rest_v6
10334748,1319,s1,rest_v6
10334750,1297,s1,rest_v6
10334752,1339,s1,rest_v6
10334754,1312,s1,rest_v6
10334756,1301,s1,rest_v6
10334758,1296,s1,rest_v6
10334760,1338,s1,rest_v6
10334762,1315,s1,rest_v6
10334764,1295,s1,rest_v6
10334766,1295,s1,rest_v6
10334768,1330,s1,rest_v6
10334770,1324,s1,rest_v6
10334772,1287,s1,rest_v6
10334774,1307,s1,rest_v6
10334776,1325,s1,rest_v6
10334778,1327,s1,rest_v6
10334780,1284,s1,rest_v6
10334782,1314,s1,rest_v6
10334784,1310,s1,rest_v6
10334786,1328,s1,rest_v6
10334788,1283,s1,rest_v6
10334790,1318,s1,rest_v6
10334792,1305,s1,rest_v6
10334794,1333,s1,rest_v6
10334796,1296,s1,rest_v6
10334798,1315,s1,rest_v6
10334800,1293,s1,rest_v6
10334802,1336,s1,rest_v6
10334804,1306,s1,rest_v6
10334806,1298,s1,rest_v6
10334808,1292,s1,rest_v6
10334810,1328,s1,rest_v6
10334812,1314,s1,rest_v6
10334814,1293,s1,rest_v6
10334816,1294,s1,rest_v6
10334818,1329,s1,rest_v6
10334820,1317,s1,rest_v6
10334822,1287,s1,rest_v6
10334824,1303,s1,rest_v6
10334826,1323,s1,rest_v6
10334828,1323,s1,rest_v6
10334830,1282,s1,rest_v6
10334832,1312,s1,rest_v6
10334834,1311,s1,rest_v6
10334836,1334,s1,rest_v6
10334838,1287,s1,rest_v6
10334840,1321,s1,rest_v6
10334842,1303,s1,rest_v6
10334844,1331,s1,rest_v6
10334846,1298,s1,rest_v6
10334848,1318,s1,rest_v6
10334850,1296,s1,rest_v6
10334852,1334,s1,rest_v6
10334854,1307,s1,rest_v6
10334856,1298,s1,rest_v6
10334858,1296,s1,rest_v6
10334860,1334,s1,rest_v6
10334862,1317,s1,rest_v6
10334864,1296,s1,rest_v6
10334866,1296,s1,rest_v6
10334868,1328,s1,rest_v6
10334870,1323,s1,rest_v6
10334872,1287,s1,rest_v6
10334874,1306,s1,rest_v6
10334876,1323,s1,rest_v6
10334878,1328,s1,rest_v6
10334880,1285,s1,rest_v6
10334882,1317,s1,rest_v6
10334884,1317,s1,rest_v6
10334886,1331,s1,rest_v6
10334888,1290,s1,rest_v6
10334890,1323,s1,rest_v6
10334892,1310,s1,rest_v6
10334894,1335,s1,rest_v6
10334896,1302,s1,rest_v6
10334898,1316,s1,rest_v6
10334900,1297,s1,rest_v6
10334902,1341,s1,rest_v6
10334904,1310,s1,rest_v6
10334906,1300,s1,rest_v6
10334908,1296,s1,rest_v6
10334910,1335,s1,rest_v6
10334912,1318,s1,rest_v6
10334914,1296,s1,rest_v6
10334916,1298,s1,rest_v6
10334918,1328,s1,rest_v6
10334920,1325,s1,rest_v6
10334922,1287,s1,rest_v6
10334924,1307,s1,rest_v6
10334926,1326,s1,rest_v6
10334928,1331,s1,rest_v6
10334930,1283,s1,rest_v6
10334932,1317,s1,rest_v6
10334934,1314,s1,rest_v6
10334936,1334,s1,rest_v6
10334938,1296,s1,rest_v6
10334940,1325,s1,rest_v6
10334942,1306,s1,rest_v6
10334944,1333,s1,rest_v6
10334946,1298,s1,rest_v6
10334948,1314,s1,rest_v6
10334950,1295,s1,rest_v6
10334952,1335,s1,rest_v6
10334954,1308,s1,rest_v6
10334956,1298,s1,rest_v6
10334958,1294,s1,rest_v6
10334960,1334,s1,rest_v6
10334962,1314,s1,rest_v6
10334964,1296,s1,rest_v6
10334966,1296,s1,rest_v6
10334968,1328,s1,rest_v6
10334970,1323,s1,rest_v6
10334972,1285,s1,rest_v6
10334974,1307,s1,rest_v6
10334976,1323,s1,rest_v6
10334978,1329,s1,rest_v6
10334980,1283,s1,rest_v6
10334982,1319,s1,rest_v6
10334984,1313,s1,rest_v6
10334986,1334,s1,rest_v6
10334988,1293,s1,rest_v6
10334990,1324,s1,rest_v6
10334992,1310,s1,rest_v6
10334994,1342,s1,rest_v6
10334996,1309,s1,rest_v6
10334998,1318,s1,rest_v6
10335000,1296,s1,rest_v6
10335002,1340,s1,rest_v6
10335004,1316,s1,rest_v6
10335006,1306,s1,rest_v6
10335008,1301,s1,rest_v6
10335010,1344,s1,rest_v6
10335012,1326,s1,rest_v6
10335014,1296,s1,rest_v6
10335016,1303,s1,rest_v6
10335018,1331,s1,rest_v6
10335020,1328,s1,rest_v6
10335022,1291,s1,rest_v6
10335024,1315,s1,rest_v6
10335026,1329,s1,rest_v6
10335028,1334,s1,rest_v6
10335030,1287,s1,rest_v6
10335032,1328,s1,rest_v6
10335034,1315,s1,rest_v6
10335036,1339,s1,rest_v6
10335038,1296,s1,rest_v6
10335040,1327,s1,rest_v6
10335042,1313,s1,rest_v6
10335044,1339,s1,rest_v6
10335046,1306,s1,rest_v6
10335048,1321,s1,rest_v6
10335050,1299,s1,rest_v6
10335052,1348,s1,rest_v6
10335054,1319,s1,rest_v6
10335056,1309,s1,rest_v6
10335058,1302,s1,rest_v6
10335060,1339,s1,rest_v6
10335062,1327,s1,rest_v6
10335064,1298,s1,rest_v6
10335066,1307,s1,rest_v6
10335068,1338,s1,rest_v6
10335070,1333,s1,rest_v6
10335072,1296,s1,rest_v6
10335074,1322,s1,rest_v6
10335076,1331,s1,rest_v6
10335078,1339,s1,rest_v6
10335080,1295,s1,rest_v6
10335082,1328,s1,rest_v6
10335084,1319,s1,rest_v6
10335086,1346,s1,rest_v6
10335088,1302,s1,rest_v6
10335090,1328,s1,rest_v6
10335092,1312,s1,rest_v6
10335094,1341,s1,rest_v6
10335096,1310,s1,rest_v6
10335098,1316,s1,rest_v6
10335100,1298,s1,rest_v6
10335102,1344,s1,rest_v6
10335104,1314,s1,rest_v6
10335106,1302,s1,rest_v6
10335108,1301,s1,rest_v6
10335110,1339,s1,rest_v6
10335112,1319,s1,rest_v6
10335114,1298,s1,rest_v6
10335116,1306,s1,rest_v6
10335118,1335,s1,rest_v6
10335120,1329,s1,rest_v6
10335122,1289,s1,rest_v6
10335124,1313,s1,rest_v6
10335126,1328,s1,rest_v6
10335128,1333,s1,rest_v6
10335130,1287,s1,rest_v6
10335132,1326,s1,rest_v6
10335134,1317,s1,rest_v6
10335136,1338,s1,rest_v6
10335138,1296,s1,rest_v6
10335140,1324,s1,rest_v6
10335142,1306,s1,rest_v6
10335144,1333,s1,rest_v6
10335146,1296,s1,rest_v6
10335148,1309,s1,rest_v6
10335150,1290,s1,rest_v6
10335152,1333,s1,rest_v6
10335154,1311,s1,rest_v6
10335156,1294,s1,rest_v6
10335158,1293,s1,rest_v6
10335160,1328,s1,rest_v6
10335162,1314,s1,rest_v6
10335164,1289,s1,rest_v6
10335166,1296,s1,rest_v6
10335168,1328,s1,rest_v6
10335170,1325,s1,rest_v6
10335172,1281,s1,rest_v6
10335174,1309,s1,rest_v6
10335176,1317,s1,rest_v6
10335178,1329,s1,rest_v6
10335180,1285,s1,rest_v6
10335182,1323,s1,rest_v6
10335184,1310,s1,rest_v6
10335186,1336,s1,rest_v6
10335188,1296,s1,rest_v6
10335190,1321,s1,rest_v6
10335192,1306,s1,rest_v6
10335194,1342,s1,rest_v6
10335196,1306,s1,rest_v6
10335198,1319,s1,rest_v6
10335200,1295,s1,rest_v6
10335202,1339,s1,rest_v6
10335204,1313,s1,rest_v6
10335206,1296,s1,rest_v6
10335208,1297,s1,rest_v6
10335210,1335,s1,rest_v6
10335212,1323,s1,rest_v6
10335214,1295,s1,rest_v6
10335216,1301,s1,rest_v6
10335218,1330,s1,rest_v6
10335220,1329,s1,rest_v6
10335222,1291,s1,rest_v6
10335224,1319,s1,rest_v6
10335226,1328,s1,rest_v6
10335228,1339,s1,rest_v6
10335230,1293,s1,rest_v6
10335232,1327,s1,rest_v6
10335234,1315,s1,rest_v6
10335236,1342,s1,rest_v6
10335238,1299,s1,rest_v6
10335240,1325,s1,rest_v6
10335242,1311,s1,rest_v6
10335244,1344,s1,rest_v6
10335246,1306,s1,rest_v6
10335248,1312,s1,rest_v6
10335250,1296,s1,rest_v6
10335252,1344,s1,rest_v6
10335254,1316,s1,rest_v6
10335256,1307,s1,rest_v6
10335258,1301,s1,rest_v6
10335260,1339,s1,rest_v6
10335262,1327,s1,rest_v6
10335264,1296,s1,rest_v6
10335266,1307,s1,rest_v6
10335268,1332,s1,rest_v6
10335270,1333,s1,rest_v6
10335272,1293,s1,rest_v6
10335274,1317,s1,rest_v6
10335276,1330,s1,rest_v6
10335278,1341,s1,rest_v6
10335280,1291,s1,rest_v6
10335282,1328,s1,rest_v6
10335284,1315,s1,rest_v6
10335286,1341,s1,rest_v6
10335288,1297,s1,rest_v6
10335290,1325,s1,rest_v6
10335292,1307,s1,rest_v6
10335294,1338,s1,rest_v6
10335296,1302,s1,rest_v6
10335298,1314,s1,rest_v6
10335300,1294,s1,rest_v6
10335302,1340,s1,rest_v6
10335304,1314,s1,rest_v6
10335306,1301,s1,rest_v6
10335308,1298,s1,rest_v6
10335310,1339,s1,rest_v6
10335312,1326,s1,rest_v6
10335314,1297,s1,rest_v6
10335316,1306,s1,rest_v6
10335318,1328,s1,rest_v6
10335320,1328,s1,rest_v6
10335322,1289,s1,rest_v6
10335324,1315,s1,rest_v6
10335326,1327,s1,rest_v6
10335328,1338,s1,rest_v6
10335330,1296,s1,rest_v6
10335332,1331,s1,rest_v6
10335334,1319,s1,rest_v6
10335336,1345,s1,rest_v6
10335338,1307,s1,rest_v6
10335340,1328,s1,rest_v6
10335342,1309,s1,rest_v6
10335344,1345,s1,rest_v6
10335346,1314,s1,rest_v6
10335348,1327,s1,rest_v6
10335350,1300,s1,rest_v6
10335352,1345,s1,rest_v6
10335354,1326,s1,rest_v6
10335356,1309,s1,rest_v6
10335358,1305,s1,rest_v6
10335360,1342,s1,rest_v6
10335362,1333,s1,rest_v6
10335364,1303,s1,rest_v6
10335366,1313,s1,rest_v6
10335368,1335,s1,rest_v6
10335370,1339,s1,rest_v6
10335372,1296,s1,rest_v6
10335374,1323,s1,rest_v6
10335376,1333,s1,rest_v6
10335378,1344,s1,rest_v6
10335380,1302,s1,rest_v6
10335382,1335,s1,rest_v6
10335384,1321,s1,rest_v6
10335386,1351,s1,rest_v6
10335388,1308,s1,rest_v6
10335390,1329,s1,rest_v6
10335392,1313,s1,rest_v6
10335394,1353,s1,rest_v6
10335396,1315,s1,rest_v6
10335398,1322,s1,rest_v6
10335400,1301,s1,rest_v6
10335402,1344,s1,rest_v6
10335404,1323,s1,rest_v6
10335406,1299,s1,rest_v6
10335408,1301,s1,rest_v6
10335410,1335,s1,rest_v6
10335412,1325,s1,rest_v6
10335414,1295,s1,rest_v6
10335416,1306,s1,rest_v6
10335418,1328,s1,rest_v6
10335420,1335,s1,rest_v6
10335422,1286,s1,rest_v6
10335424,1318,s1,rest_v6
10335426,1323,s1,rest_v6
10335428,1335,s1,rest_v6
10335430,1291,s1,rest_v6
10335432,1327,s1,rest_v6
10335434,1311,s1,rest_v6
10335436,1337,s1,rest_v6
10335438,1296,s1,rest_v6
10335440,1307,s1,rest_v6
10335442,1305,s1,rest_v6
10335444,1339,s1,rest_v6
10335446,1307,s1,rest_v6
10335448,1313,s1,rest_v6
10335450,1295,s1,rest_v6
