t_ms,raw,subject,gesture
10550374,2237,s1,rest_v7
10550376,2193,s1,rest_v7
10550378,2251,s1,rest_v7
10550380,2211,s1,rest_v7
10550382,2235,s1,rest_v7
10550384,2199,s1,rest_v7
10550386,2230,s1,rest_v7
10550388,2213,s1,rest_v7
10550390,2231,s1,rest_v7
10550392,2210,s1,rest_v7
10550394,2211,s1,rest_v7
10550396,2221,s1,rest_v7
10550398,2234,s1,rest_v7
10550400,2220,s1,rest_v7
10550402,2198,s1,rest_v7
10550404,2232,s1,rest_v7
10550406,2226,s1,rest_v7
10550408,2231,s1,rest_v7
10550410,2190,s1,rest_v7
10550412,2239,s1,rest_v7
10550414,2223,s1,rest_v7
10550416,2232,s1,rest_v7
10550418,2183,s1,rest_v7
10550420,2244,s1,rest_v7
10550422,2219,s1,rest_v7
10550424,2240,s1,rest_v7
10550426,2192,s1,rest_v7
10550428,2246,s1,rest_v7
10550430,2210,s1,rest_v7
10550432,2234,s1,rest_v7
10550434,2198,s1,rest_v7
10550436,2224,s1,rest_v7
10550438,2211,s1,rest_v7
10550440,2235,s1,rest_v7
10550442,2209,s1,rest_v7
10550444,2210,s1,rest_v7
10550446,2213,s1,rest_v7
10550448,2229,s1,rest_v7
10550450,2213,s1,rest_v7
10550452,2192,s1,rest_v7
10550454,2231,s1,rest_v7
10550456,2227,s1,rest_v7
10550458,2224,s1,rest_v7
10550460,2185,s1,rest_v7
10550462,2241,s1,rest_v7
10550464,2218,s1,rest_v7
10550466,2230,s1,rest_v7
10550468,2180,s1,rest_v7
10550470,2249,s1,rest_v7
10550472,2212,s1,rest_v7
10550474,2236,s1,rest_v7
10550476,2192,s1,rest_v7
10550478,2251,s1,rest_v7
10550480,2213,s1,rest_v7
10550482,2240,s1,rest_v7
10550484,2197,s1,rest_v7
10550486,2229,s1,rest_v7
10550488,2210,s1,rest_v7
10550490,2241,s1,rest_v7
10550492,2212,s1,rest_v7
10550494,2209,s1,rest_v7
10550496,2218,s1,rest_v7
10550498,2234,s1,rest_v7
10550500,2219,s1,rest_v7
10550502,2193,s1,rest_v7
10550504,2233,s1,rest_v7
10550506,2224,s1,rest_v7
10550508,2225,s1,rest_v7
10550510,2187,s1,rest_v7
10550512,2240,s1,rest_v7
10550514,2221,s1,rest_v7
10550516,2230,s1,rest_v7
10550518,2176,s1,rest_v7
10550520,2247,s1,rest_v7
10550522,2219,s1,rest_v7
10550524,2234,s1,rest_v7
10550526,2191,s1,rest_v7
10550528,2242,s1,rest_v7
10550530,2203,s1,rest_v7
10550532,2231,s1,rest_v7
10550534,2195,s1,rest_v7
10550536,2223,s1,rest_v7
10550538,2206,s1,rest_v7
10550540,2234,s1,rest_v7
10550542,2208,s1,rest_v7
10550544,2203,s1,rest_v7
10550546,2213,s1,rest_v7
10550548,2224,s1,rest_v7
10550550,2210,s1,rest_v7
10550552,2192,s1,rest_v7
10550554,2229,s1,rest_v7
10550556,2224,s1,rest_v7
10550558,2222,s1,rest_v7
10550560,2179,s1,rest_v7
10550562,2239,s1,rest_v7
10550564,2209,s1,rest_v7
10550566,2224,s1,rest_v7
10550568,2176,s1,rest_v7
10550570,2242,s1,rest_v7
10550572,2208,s1,rest_v7
10550574,2228,s1,rest_v7
10550576,2191,s1,rest_v7
10550578,2243,s1,rest_v7
10550580,2203,s1,rest_v7
10550582,2230,s1,rest_v7
10550584,2195,s1,rest_v7
10550586,2221,s1,rest_v7
10550588,2206,s1,rest_v7
10550590,2230,s1,rest_v7
10550592,2209,s1,rest_v7
10550594,2205,s1,rest_v7
10550596,2214,s1,rest_v7
10550598,2226,s1,rest_v7
10550600,2213,s1,rest_v7
10550602,2187,s1,rest_v7
10550604,2227,s1,rest_v7
10550606,2219,s1,rest_v7
10550608,2222,s1,rest_v7
10550610,2177,s1,rest_v7
10550612,2231,s1,rest_v7
10550614,2209,s1,rest_v7
10550616,2223,s1,rest_v7
10550618,2172,s1,rest_v7
10550620,2243,s1,rest_v7
10550622,2210,s1,rest_v7
10550624,2229,s1,rest_v7
10550626,2186,s1,rest_v7
10550628,2239,s1,rest_v7
10550630,2197,s1,rest_v7
10550632,2227,s1,rest_v7
10550634,2192,s1,rest_v7
10550636,2217,s1,rest_v7
10550638,2199,s1,rest_v7
10550640,2229,s1,rest_v7
10550642,2202,s1,rest_v7
10550644,2202,s1,rest_v7
10550646,2214,s1,rest_v7
10550648,2224,s1,rest_v7
10550650,2214,s1,rest_v7
10550652,2186,s1,rest_v7
10550654,2227,s1,rest_v7
10550656,2223,s1,rest_v7
10550658,2218,s1,rest_v7
10550660,2181,s1,rest_v7
10550662,2240,s1,rest_v7
10550664,2218,s1,rest_v7
10550666,2226,s1,rest_v7
10550668,2178,s1,rest_v7
10550670,2245,s1,rest_v7
10550672,2209,s1,rest_v7
10550674,2230,s1,rest_v7
10550676,2192,s1,rest_v7
10550678,2240,s1,rest_v7
10550680,2206,s1,rest_v7
10550682,2231,s1,rest_v7
10550684,2198,s1,rest_v7
10550686,2223,s1,rest_v7
10550688,2209,s1,rest_v7
10550690,2231,s1,rest_v7
10550692,2210,s1,rest_v7
10550694,2202,s1,rest_v7
10550696,2219,s1,rest_v7
10550698,2229,s1,rest_v7
10550700,2218,s1,rest_v7
10550702,2193,s1,rest_v7
10550704,2230,s1,rest_v7
10550706,2224,s1,rest_v7
10550708,2225,s1,rest_v7
10550710,2182,s1,rest_v7
10550712,2241,s1,rest_v7
10550714,2214,s1,rest_v7
10550716,2224,s1,rest_v7
10550718,2176,s1,rest_v7
10550720,2241,s1,rest_v7
10550722,2210,s1,rest_v7
10550724,2227,s1,rest_v7
10550726,2192,s1,rest_v7
10550728,2238,s1,rest_v7
10550730,2205,s1,rest_v7
10550732,2233,s1,rest_v7
10550734,2197,s1,rest_v7
10550736,2220,s1,rest_v7
10550738,2207,s1,rest_v7
10550740,2238,s1,rest_v7
10550742,2214,s1,rest_v7
10550744,2206,s1,rest_v7
10550746,2225,s1,rest_v7
10550748,2231,s1,rest_v7
10550750,2220,s1,rest_v7
10550752,2191,s1,rest_v7
10550754,2231,s1,rest_v7
10550756,2226,s1,rest_v7
10550758,2227,s1,rest_v7
10550760,2182,s1,rest_v7
10550762,2247,s1,rest_v7
10550764,2219,s1,rest_v7
10550766,2229,s1,rest_v7
10550768,2181,s1,rest_v7
10550770,2251,s1,rest_v7
10550772,2218,s1,rest_v7
10550774,2238,s1,rest_v7
10550776,2193,s1,rest_v7
10550778,2240,s1,rest_v7
10550780,2208,s1,rest_v7
10550782,2235,s1,rest_v7
10550784,2206,s1,rest_v7
10550786,2222,s1,rest_v7
10550788,2213,s1,rest_v7
10550790,2230,s1,rest_v7
10550792,2213,s1,rest_v7
10550794,2202,s1,rest_v7
10550796,2224,s1,rest_v7
10550798,2230,s1,rest_v7
10550800,2219,s1,rest_v7
10550802,2192,s1,rest_v7
10550804,2234,s1,rest_v7
10550806,2227,s1,rest_v7
10550808,2227,s1,rest_v7
10550810,2186,s1,rest_v7
10550812,2244,s1,rest_v7
10550814,2218,s1,rest_v7
10550816,2230,s1,rest_v7
10550818,2182,s1,rest_v7
10550820,2250,s1,rest_v7
10550822,2214,s1,rest_v7
10550824,2240,s1,rest_v7
10550826,2198,s1,rest_v7
10550828,2246,s1,rest_v7
10550830,2209,s1,rest_v7
10550832,2239,s1,rest_v7
10550834,2209,s1,rest_v7
10550836,2224,s1,rest_v7
10550838,2215,s1,rest_v7
10550840,2234,s1,rest_v7
10550842,2215,s1,rest_v7
10550844,2209,s1,rest_v7
10550846,2230,s1,rest_v7
10550848,2235,s1,rest_v7
10550850,2224,s1,rest_v7
10550852,2193,s1,rest_v7
10550854,2240,s1,rest_v7
10550856,2231,s1,rest_v7
10550858,2229,s1,rest_v7
10550860,2190,s1,rest_v7
10550862,2246,s1,rest_v7
10550864,2221,s1,rest_v7
10550866,2233,s1,rest_v7
10550868,2190,s1,rest_v7
10550870,2251,s1,rest_v7
10550872,2219,s1,rest_v7
10550874,2239,s1,rest_v7
10550876,2195,s1,rest_v7
10550878,2239,s1,rest_v7
10550880,2207,s1,rest_v7
10550882,2234,s1,rest_v7
10550884,2203,s1,rest_v7
10550886,2220,s1,rest_v7
10550888,2210,s1,rest_v7
10550890,2231,s1,rest_v7
10550892,2214,s1,rest_v7
10550894,2207,s1,rest_v7
10550896,2229,s1,rest_v7
10550898,2233,s1,rest_v7
10550900,2223,s1,rest_v7
10550902,2192,s1,rest_v7
10550904,2239,s1,rest_v7
10550906,2230,s1,rest_v7
10550908,2229,s1,rest_v7
10550910,2185,s1,rest_v7
10550912,2250,s1,rest_v7
10550914,2218,s1,rest_v7
10550916,2231,s1,rest_v7
10550918,2182,s1,rest_v7
10550920,2247,s1,rest_v7
10550922,2211,s1,rest_v7
10550924,2239,s1,rest_v7
10550926,2193,s1,rest_v7
10550928,2240,s1,rest_v7
10550930,2207,s1,rest_v7
10550932,2231,s1,rest_v7
10550934,2205,s1,rest_v7
10550936,2215,s1,rest_v7
10550938,2215,s1,rest_v7
10550940,2237,s1,rest_v7
10550942,2218,s1,rest_v7
10550944,2198,s1,rest_v7
10550946,2224,s1,rest_v7
10550948,2226,s1,rest_v7
10550950,2219,s1,rest_v7
10550952,2187,s1,rest_v7
10550954,2235,s1,rest_v7
10550956,2223,s1,rest_v7
10550958,2224,s1,rest_v7
10550960,2178,s1,rest_v7
10550962,2240,s1,rest_v7
10550964,2209,s1,rest_v7
10550966,2225,s1,rest_v7
10550968,2180,s1,rest_v7
10550970,2242,s1,rest_v7
10550972,2206,s1,rest_v7
10550974,2230,s1,rest_v7
10550976,2190,s1,rest_v7
10550978,2236,s1,rest_v7
10550980,2203,s1,rest_v7
10550982,2234,s1,rest_v7
10550984,2197,s1,rest_v7
10550986,2214,s1,rest_v7
10550988,2211,s1,rest_v7
10550990,2235,s1,rest_v7
10550992,2210,s1,rest_v7
10550994,2198,s1,rest_v7
10550996,2224,s1,rest_v7
10550998,2225,s1,rest_v7
10551000,2220,s1,rest_v7
10551002,2181,s1,rest_v7
10551004,2231,s1,rest_v7
10551006,2215,s1,rest_v7
10551008,2224,s1,rest_v7
10551010,2176,s1,rest_v7
10551012,2242,s1,rest_v7
10551014,2211,s1,rest_v7
10551016,2230,s1,rest_v7
10551018,2185,s1,rest_v7
10551020,2242,s1,rest_v7
10551022,2209,s1,rest_v7
10551024,2231,s1,rest_v7
10551026,2194,s1,rest_v7
10551028,2237,s1,rest_v7
10551030,2209,s1,rest_v7
10551032,2236,s1,rest_v7
10551034,2202,s1,rest_v7
10551036,2209,s1,rest_v7
10551038,2209,s1,rest_v7
10551040,2229,s1,rest_v7
10551042,2213,s1,rest_v7
10551044,2199,s1,rest_v7
10551046,2224,s1,rest_v7
10551048,2224,s1,rest_v7
10551050,2224,s1,rest_v7
10551052,2189,s1,rest_v7
10551054,2238,s1,rest_v7
10551056,2223,s1,rest_v7
10551058,2224,s1,rest_v7
10551060,2182,s1,rest_v7
10551062,2246,s1,rest_v7
10551064,2215,s1,rest_v7
10551066,2226,s1,rest_v7
10551068,2185,s1,rest_v7
10551070,2249,s1,rest_v7
10551072,2215,s1,rest_v7
10551074,2235,s1,rest_v7
10551076,2198,s1,rest_v7
10551078,2239,s1,rest_v7
10551080,2210,s1,rest_v7
10551082,2237,s1,rest_v7
10551084,2208,s1,rest_v7
10551086,2219,s1,rest_v7
10551088,2214,s1,rest_v7
10551090,2234,s1,rest_v7
10551092,2221,s1,rest_v7
10551094,2203,s1,rest_v7
10551096,2226,s1,rest_v7
10551098,2230,s1,rest_v7
10551100,2224,s1,rest_v7
10551102,2192,s1,rest_v7
10551104,2241,s1,rest_v7
10551106,2225,s1,rest_v7
10551108,2235,s1,rest_v7
10551110,2189,s1,rest_v7
10551112,2250,s1,rest_v7
10551114,2219,s1,rest_v7
10551116,2235,s1,rest_v7
10551118,2192,s1,rest_v7
10551120,2254,s1,rest_v7
10551122,2218,s1,rest_v7
10551124,2239,s1,rest_v7
10551126,2203,s1,rest_v7
10551128,2241,s1,rest_v7
10551130,2213,s1,rest_v7
10551132,2242,s1,rest_v7
10551134,2212,s1,rest_v7
10551136,2218,s1,rest_v7
10551138,2221,s1,rest_v7
10551140,2237,s1,rest_v7
10551142,2223,s1,rest_v7
10551144,2207,s1,rest_v7
10551146,2235,s1,rest_v7
10551148,2238,s1,rest_v7
10551150,2229,s1,rest_v7
10551152,2192,s1,rest_v7
10551154,2244,s1,rest_v7
10551156,2224,s1,rest_v7
10551158,2235,s1,rest_v7
10551160,2190,s1,rest_v7
10551162,2255,s1,rest_v7
10551164,2220,s1,rest_v7
10551166,2236,s1,rest_v7
10551168,2191,s1,rest_v7
10551170,2251,s1,rest_v7
10551172,2213,s1,rest_v7
10551174,2239,s1,rest_v7
10551176,2197,s1,rest_v7
10551178,2234,s1,rest_v7
10551180,2210,s1,rest_v7
10551182,2237,s1,rest_v7
10551184,2209,s1,rest_v7
10551186,2210,s1,rest_v7
10551188,2219,s1,rest_v7
10551190,2238,s1,rest_v7
10551192,2215,s1,rest_v7
10551194,2198,s1,rest_v7
10551196,2227,s1,rest_v7
10551198,2227,s1,rest_v7
10551200,2222,s1,rest_v7
10551202,2187,s1,rest_v7
10551204,2238,s1,rest_v7
10551206,2224,s1,rest_v7
10551208,2233,s1,rest_v7
10551210,2187,s1,rest_v7
10551212,2254,s1,rest_v7
10551214,2222,s1,rest_v7
10551216,2238,s1,rest_v7
10551218,2193,s1,rest_v7
10551220,2254,s1,rest_v7
10551222,2219,s1,rest_v7
10551224,2241,s1,rest_v7
10551226,2202,s1,rest_v7
10551228,2237,s1,rest_v7
10551230,2210,s1,rest_v7
10551232,2239,s1,rest_v7
10551234,2214,s1,rest_v7
10551236,2214,s1,rest_v7
10551238,2224,s1,rest_v7
10551240,2237,s1,rest_v7
10551242,2221,s1,rest_v7
10551244,2205,s1,rest_v7
10551246,2238,s1,rest_v7
10551248,2229,s1,rest_v7
10551250,2225,s1,rest_v7
10551252,2192,s1,rest_v7
10551254,2246,s1,rest_v7
10551256,2224,s1,rest_v7
10551258,2234,s1,rest_v7
10551260,2187,s1,rest_v7
10551262,2253,s1,rest_v7
10551264,2218,s1,rest_v7
10551266,2239,s1,rest_v7
10551268,2192,s1,rest_v7
10551270,2251,s1,rest_v7
10551272,2215,s1,rest_v7
10551274,2240,s1,rest_v7
10551276,2206,s1,rest_v7
10551278,2238,s1,rest_v7
10551280,2211,s1,rest_v7
10551282,2237,s1,rest_v7
10551284,2208,s1,rest_v7
10551286,2207,s1,rest_v7
10551288,2219,s1,rest_v7
10551290,2236,s1,rest_v7
10551292,2221,s1,rest_v7
10551294,2198,s1,rest_v7
10551296,2230,s1,rest_v7
10551298,2226,s1,rest_v7
10551300,2226,s1,rest_v7
10551302,2188,s1,rest_v7
10551304,2246,s1,rest_v7
10551306,2224,s1,rest_v7
10551308,2235,s1,rest_v7
10551310,2186,s1,rest_v7
10551312,2250,s1,rest_v7
10551314,2214,s1,rest_v7
10551316,2231,s1,rest_v7
10551318,2189,s1,rest_v7
10551320,2250,s1,rest_v7
10551322,2212,s1,rest_v7
10551324,2236,s1,rest_v7
10551326,2199,s1,rest_v7
10551328,2227,s1,rest_v7
10551330,2205,s1,rest_v7
10551332,2228,s1,rest_v7
10551334,2207,s1,rest_v7
10551336,2205,s1,rest_v7
10551338,2211,s1,rest_v7
10551340,2226,s1,rest_v7
10551342,2216,s1,rest_v7
10551344,2192,s1,rest_v7
10551346,2227,s1,rest_v7
10551348,2219,s1,rest_v7
10551350,2221,s1,rest_v7
10551352,2174,s1,rest_v7
10551354,2234,s1,rest_v7
10551356,2210,s1,rest_v7
10551358,2224,s1,rest_v7
10551360,2174,s1,rest_v7
10551362,2239,s1,rest_v7
10551364,2205,s1,rest_v7
10551366,2227,s1,rest_v7
10551368,2190,s1,rest_v7
10551370,2243,s1,rest_v7
10551372,2209,s1,rest_v7
10551374,2234,s1,rest_v7
10551376,2199,s1,rest_v7
10551378,2224,s1,rest_v7
10551380,2206,s1,rest_v7
10551382,2231,s1,rest_v7
10551384,2208,s1,rest_v7
10551386,2205,s1,rest_v7
10551388,2214,s1,rest_v7
10551390,2225,s1,rest_v7
10551392,2211,s1,rest_v7
10551394,2191,s1,rest_v7
10551396,2227,s1,rest_v7
10551398,2224,s1,rest_v7
10551400,2221,s1,rest_v7
10551402,2182,s1,rest_v7
10551404,2240,s1,rest_v7
10551406,2224,s1,rest_v7
10551408,2229,s1,rest_v7
10551410,2185,s1,rest_v7
10551412,2247,s1,rest_v7
10551414,2213,s1,rest_v7
10551416,2239,s1,rest_v7
10551418,2194,s1,rest_v7
10551420,2245,s1,rest_v7
10551422,2211,s1,rest_v7
10551424,2236,s1,rest_v7
10551426,2202,s1,rest_v7
10551428,2224,s1,rest_v7
10551430,2205,s1,rest_v7
10551432,2235,s1,rest_v7
10551434,2208,s1,rest_v7
10551436,2202,s1,rest_v7
10551438,2218,s1,rest_v7
10551440,2228,s1,rest_v7
10551442,2220,s1,rest_v7
10551444,2188,s1,rest_v7
10551446,2227,s1,rest_v7
10551448,2218,s1,rest_v7
10551450,2219,s1,rest_v7
10551452,2181,s1,rest_v7
10551454,2245,s1,rest_v7
10551456,2219,s1,rest_v7
10551458,2230,s1,rest_v7
10551460,2183,s1,rest_v7
10551462,2250,s1,rest_v7
10551464,2213,s1,rest_v7
10551466,2231,s1,rest_v7
10551468,2191,s1,rest_v7
10551470,2240,s1,rest_v7
10551472,2214,s1,rest_v7
10551474,2239,s1,rest_v7
10551476,2205,s1,rest_v7
10551478,2224,s1,rest_v7
10551480,2208,s1,rest_v7
10551482,2240,s1,rest_v7
10551484,2211,s1,rest_v7
10551486,2209,s1,rest_v7
10551488,2223,s1,rest_v7
10551490,2230,s1,rest_v7
10551492,2219,s1,rest_v7
10551494,2192,s1,rest_v7
10551496,2227,s1,rest_v7
10551498,2224,s1,rest_v7
10551500,2224,s1,rest_v7
10551502,2180,s1,rest_v7
10551504,2239,s1,rest_v7
10551506,2214,s1,rest_v7
10551508,2230,s1,rest_v7
10551510,2179,s1,rest_v7
10551512,2254,s1,rest_v7
10551514,2210,s1,rest_v7
10551516,2235,s1,rest_v7
10551518,2189,s1,rest_v7
10551520,2242,s1,rest_v7
10551522,2205,s1,rest_v7
10551524,2235,s1,rest_v7
10551526,2204,s1,rest_v7
10551528,2224,s1,rest_v7
10551530,2207,s1,rest_v7
10551532,2235,s1,rest_v7
10551534,2210,s1,rest_v7
10551536,2206,s1,rest_v7
10551538,2223,s1,rest_v7
10551540,2235,s1,rest_v7
10551542,2224,s1,rest_v7
10551544,2193,s1,rest_v7
10551546,2238,s1,rest_v7
10551548,2224,s1,rest_v7
10551550,2226,s1,rest_v7
10551552,2183,s1,rest_v7
10551554,2247,s1,rest_v7
10551556,2227,s1,rest_v7
10551558,2239,s1,rest_v7
10551560,2192,s1,rest_v7
10551562,2254,s1,rest_v7
10551564,2218,s1,rest_v7
10551566,2240,s1,rest_v7
10551568,2197,s1,rest_v7
10551570,2240,s1,rest_v7
10551572,2213,s1,rest_v7
10551574,2235,s1,rest_v7
10551576,2206,s1,rest_v7
10551578,2224,s1,rest_v7
10551580,2210,s1,rest_v7
10551582,2237,s1,rest_v7
10551584,2209,s1,rest_v7
10551586,2205,s1,rest_v7
10551588,2224,s1,rest_v7
10551590,2226,s1,rest_v7
10551592,2219,s1,rest_v7
10551594,2190,s1,rest_v7
10551596,2227,s1,rest_v7
10551598,2224,s1,rest_v7
10551600,2224,s1,rest_v7
10551602,2183,s1,rest_v7
10551604,2250,s1,rest_v7
10551606,2219,s1,rest_v7
10551608,2231,s1,rest_v7
10551610,2187,s1,rest_v7
10551612,2252,s1,rest_v7
10551614,2211,s1,rest_v7
10551616,2237,s1,rest_v7
10551618,2192,s1,rest_v7
10551620,2240,s1,rest_v7
10551622,2208,s1,rest_v7
10551624,2237,s1,rest_v7
10551626,2200,s1,rest_v7
10551628,2221,s1,rest_v7
10551630,2208,s1,rest_v7
10551632,2233,s1,rest_v7
10551634,2209,s1,rest_v7
10551636,2199,s1,rest_v7
10551638,2222,s1,rest_v7
10551640,2225,s1,rest_v7
10551642,2223,s1,rest_v7
10551644,2187,s1,rest_v7
10551646,2229,s1,rest_v7
10551648,2219,s1,rest_v7
10551650,2222,s1,rest_v7
10551652,2176,s1,rest_v7
10551654,2241,s1,rest_v7
10551656,2215,s1,rest_v7
10551658,2225,s1,rest_v7
10551660,2181,s1,rest_v7
10551662,2246,s1,rest_v7
10551664,2205,s1,rest_v7
10551666,2229,s1,rest_v7
10551668,2186,s1,rest_v7
10551670,2231,s1,rest_v7
10551672,2207,s1,rest_v7
10551674,2227,s1,rest_v7
10551676,2203,s1,rest_v7
10551678,2221,s1,rest_v7
10551680,2207,s1,rest_v7
10551682,2231,s1,rest_v7
10551684,2209,s1,rest_v7
10551686,2195,s1,rest_v7
10551688,2219,s1,rest_v7
10551690,2226,s1,rest_v7
10551692,2219,s1,rest_v7
10551694,2189,s1,rest_v7
10551696,2231,s1,rest_v7
10551698,2222,s1,rest_v7
10551700,2224,s1,rest_v7
10551702,2182,s1,rest_v7
10551704,2242,s1,rest_v7
10551706,2217,s1,rest_v7
10551708,2229,s1,rest_v7
10551710,2187,s1,rest_v7
10551712,2246,s1,rest_v7
10551714,2208,s1,rest_v7
10551716,2235,s1,rest_v7
10551718,2192,s1,rest_v7
10551720,2237,s1,rest_v7
10551722,2209,s1,rest_v7
10551724,2238,s1,rest_v7
10551726,2209,s1,rest_v7
10551728,2219,s1,rest_v7
10551730,2215,s1,rest_v7
10551732,2235,s1,rest_v7
10551734,2220,s1,rest_v7
10551736,2203,s1,rest_v7
10551738,2235,s1,rest_v7
10551740,2236,s1,rest_v7
10551742,2224,s1,rest_v7
10551744,2190,s1,rest_v7
10551746,2243,s1,rest_v7
10551748,2224,s1,rest_v7
10551750,2227,s1,rest_v7
10551752,2179,s1,rest_v7
10551754,2250,s1,rest_v7
10551756,2220,s1,rest_v7
10551758,2233,s1,rest_v7
10551760,2190,s1,rest_v7
10551762,2255,s1,rest_v7
10551764,2212,s1,rest_v7
10551766,2233,s1,rest_v7
10551768,2192,s1,rest_v7
10551770,2238,s1,rest_v7
10551772,2215,s1,rest_v7
10551774,2238,s1,rest_v7
10551776,2208,s1,rest_v7
10551778,2222,s1,rest_v7
10551780,2210,s1,rest_v7
10551782,2238,s1,rest_v7
10551784,2219,s1,rest_v7
10551786,2199,s1,rest_v7
10551788,2229,s1,rest_v7
10551790,2234,s1,rest_v7
10551792,2224,s1,rest_v7
10551794,2194,s1,rest_v7
10551796,2241,s1,rest_v7
10551798,2225,s1,rest_v7
10551800,2224,s1,rest_v7
10551802,2186,s1,rest_v7
10551804,2253,s1,rest_v7
10551806,2224,s1,rest_v7
10551808,2238,s1,rest_v7
10551810,2192,s1,rest_v7
10551812,2252,s1,rest_v7
10551814,2211,s1,rest_v7
10551816,2243,s1,rest_v7
10551818,2199,s1,rest_v7
10551820,2238,s1,rest_v7
10551822,2215,s1,rest_v7
10551824,2239,s1,rest_v7
10551826,2208,s1,rest_v7
10551828,2221,s1,rest_v7
10551830,2214,s1,rest_v7
10551832,2229,s1,rest_v7
10551834,2214,s1,rest_v7
10551836,2192,s1,rest_v7
10551838,2224,s1,rest_v7
10551840,2224,s1,rest_v7
10551842,2218,s1,rest_v7
10551844,2185,s1,rest_v7
10551846,2239,s1,rest_v7
10551848,2224,s1,rest_v7
10551850,2225,s1,rest_v7
10551852,2183,s1,rest_v7
10551854,2247,s1,rest_v7
10551856,2219,s1,rest_v7
10551858,2235,s1,rest_v7
10551860,2192,s1,rest_v7
10551862,2250,s1,rest_v7
10551864,2214,s1,rest_v7
10551866,2240,s1,rest_v7
10551868,2196,s1,rest_v7
10551870,2238,s1,rest_v7
10551872,2214,s1,rest_v7
10551874,2242,s1,rest_v7
10551876,2211,s1,rest_v7
10551878,2223,s1,rest_v7
10551880,2217,s1,rest_v7
10551882,2238,s1,rest_v7
10551884,2216,s1,rest_v7
10551886,2198,s1,rest_v7
10551888,2224,s1,rest_v7
10551890,2227,s1,rest_v7
10551892,2224,s1,rest_v7
10551894,2191,s1,rest_v7
10551896,2240,s1,rest_v7
10551898,2221,s1,rest_v7
10551900,2229,s1,rest_v7
10551902,2182,s1,rest_v7
10551904,2247,s1,rest_v7
10551906,2221,s1,rest_v7
10551908,2235,s1,rest_v7
10551910,2190,s1,rest_v7
10551912,2247,s1,rest_v7
10551914,2208,s1,rest_v7
10551916,2235,s1,rest_v7
10551918,2197,s1,rest_v7
10551920,2234,s1,rest_v7
10551922,2207,s1,rest_v7
10551924,2237,s1,rest_v7
10551926,2210,s1,rest_v7
10551928,2215,s1,rest_v7
10551930,2217,s1,rest_v7
10551932,2234,s1,rest_v7
10551934,2214,s1,rest_v7
10551936,2197,s1,rest_v7
10551938,2233,s1,rest_v7
10551940,2233,s1,rest_v7
10551942,2226,s1,rest_v7
10551944,2194,s1,rest_v7
10551946,2243,s1,rest_v7
10551948,2225,s1,rest_v7
10551950,2234,s1,rest_v7
10551952,2186,s1,rest_v7
10551954,2251,s1,rest_v7
10551956,2221,s1,rest_v7
10551958,2235,s1,rest_v7
10551960,2192,s1,rest_v7
10551962,2246,s1,rest_v7
10551964,2210,s1,rest_v7
10551966,2237,s1,rest_v7
10551968,2194,s1,rest_v7
10551970,2230,s1,rest_v7
10551972,2209,s1,rest_v7
10551974,2240,s1,rest_v7
10551976,2209,s1,rest_v7
10551978,2212,s1,rest_v7
10551980,2218,s1,rest_v7
10551982,2234,s1,rest_v7
10551984,2218,s1,rest_v7
10551986,2199,s1,rest_v7
10551988,2233,s1,rest_v7
10551990,2229,s1,rest_v7
10551992,2223,s1,rest_v7
10551994,2188,s1,rest_v7
10551996,2241,s1,rest_v7
10551998,2222,s1,rest_v7
10552000,2231,s1,rest_v7
10552002,2179,s1,rest_v7
10552004,2251,s1,rest_v7
10552006,2219,s1,rest_v7
10552008,2237,s1,rest_v7
10552010,2195,s1,rest_v7
10552012,2254,s1,rest_v7
10552014,2217,s1,rest_v7
10552016,2237,s1,rest_v7
10552018,2193,s1,rest_v7
10552020,2231,s1,rest_v7
10552022,2210,s1,rest_v7
10552024,2240,s1,rest_v7
10552026,2214,s1,rest_v7
10552028,2215,s1,rest_v7
10552030,2217,s1,rest_v7
10552032,2236,s1,rest_v7
10552034,2223,s1,rest_v7
10552036,2199,s1,rest_v7
10552038,2234,s1,rest_v7
10552040,2231,s1,rest_v7
10552042,2225,s1,rest_v7
10552044,2191,s1,rest_v7
10552046,2242,s1,rest_v7
10552048,2224,s1,rest_v7
10552050,2227,s1,rest_v7
10552052,2177,s1,rest_v7
10552054,2246,s1,rest_v7
10552056,2211,s1,rest_v7
10552058,2230,s1,rest_v7
10552060,2185,s1,rest_v7
10552062,2247,s1,rest_v7
10552064,2202,s1,rest_v7
10552066,2235,s1,rest_v7
10552068,2195,s1,rest_v7
10552070,2228,s1,rest_v7
10552072,2213,s1,rest_v7
10552074,2235,s1,rest_v7
10552076,2210,s1,rest_v7
10552078,2213,s1,rest_v7
10552080,2223,s1,rest_v7
10552082,2237,s1,rest_v7
10552084,2219,s1,rest_v7
10552086,2197,s1,rest_v7
10552088,2227,s1,rest_v7
10552090,2224,s1,rest_v7
10552092,2224,s1,rest_v7
10552094,2188,s1,rest_v7
10552096,2242,s1,rest_v7
10552098,2222,s1,rest_v7
10552100,2229,s1,rest_v7
10552102,2185,s1,rest_v7
10552104,2249,s1,rest_v7
10552106,2214,s1,rest_v7
10552108,2237,s1,rest_v7
10552110,2192,s1,rest_v7
10552112,2246,s1,rest_v7
10552114,2209,s1,rest_v7
10552116,2237,s1,rest_v7
10552118,2197,s1,rest_v7
10552120,2226,s1,rest_v7
10552122,2211,s1,rest_v7
10552124,2241,s1,rest_v7
10552126,2212,s1,rest_v7
10552128,2211,s1,rest_v7
10552130,2215,s1,rest_v7
10552132,2229,s1,rest_v7
10552134,2217,s1,rest_v7
10552136,2194,s1,rest_v7
10552138,2231,s1,rest_v7
10552140,2228,s1,rest_v7
10552142,2225,s1,rest_v7
10552144,2191,s1,rest_v7
10552146,2243,s1,rest_v7
10552148,2223,s1,rest_v7
10552150,2231,s1,rest_v7
10552152,2181,s1,rest_v7
10552154,2253,s1,rest_v7
10552156,2222,s1,rest_v7
10552158,2238,s1,rest_v7
10552160,2194,s1,rest_v7
10552162,2253,s1,rest_v7
10552164,2209,s1,rest_v7
10552166,2238,s1,rest_v7
10552168,2204,s1,rest_v7
10552170,2232,s1,rest_v7
10552172,2215,s1,rest_v7
10552174,2240,s1,rest_v7
10552176,2215,s1,rest_v7
10552178,2210,s1,rest_v7
10552180,2224,s1,rest_v7
10552182,2238,s1,rest_v7
10552184,2219,s1,rest_v7
10552186,2194,s1,rest_v7
10552188,2231,s1,rest_v7
10552190,2226,s1,rest_v7
10552192,2227,s1,rest_v7
10552194,2189,s1,rest_v7
10552196,2245,s1,rest_v7
10552198,2223,s1,rest_v7
10552200,2235,s1,rest_v7
10552202,2182,s1,rest_v7
10552204,2251,s1,rest_v7
10552206,2221,s1,rest_v7
10552208,2239,s1,rest_v7
10552210,2192,s1,rest_v7
10552212,2246,s1,rest_v7
10552214,2211,s1,rest_v7
10552216,2237,s1,rest_v7
10552218,2205,s1,rest_v7
10552220,2231,s1,rest_v7
10552222,2218,s1,rest_v7
10552224,2238,s1,rest_v7
10552226,2213,s1,rest_v7
10552228,2212,s1,rest_v7
10552230,2223,s1,rest_v7
10552232,2233,s1,rest_v7
10552234,2218,s1,rest_v7
10552236,2192,s1,rest_v7
10552238,2237,s1,rest_v7
10552240,2229,s1,rest_v7
10552242,2230,s1,rest_v7
10552244,2190,s1,rest_v7
10552246,2246,s1,rest_v7
10552248,2224,s1,rest_v7
10552250,2231,s1,rest_v7
10552252,2190,s1,rest_v7
10552254,2253,s1,rest_v7
10552256,2218,s1,rest_v7
10552258,2240,s1,rest_v7
10552260,2198,s1,rest_v7
10552262,2251,s1,rest_v7
10552264,2214,s1,rest_v7
10552266,2241,s1,rest_v7
10552268,2206,s1,rest_v7
10552270,2227,s1,rest_v7
10552272,2219,s1,rest_v7
10552274,2242,s1,rest_v7
10552276,2214,s1,rest_v7
10552278,2210,s1,rest_v7
10552280,2224,s1,rest_v7
10552282,2237,s1,rest_v7
10552284,2221,s1,rest_v7
10552286,2193,s1,rest_v7
10552288,2239,s1,rest_v7
10552290,2228,s1,rest_v7
10552292,2229,s1,rest_v7
10552294,2191,s1,rest_v7
10552296,2247,s1,rest_v7
10552298,2224,s1,rest_v7
10552300,2231,s1,rest_v7
10552302,2183,s1,rest_v7
10552304,2255,s1,rest_v7
10552306,2220,s1,rest_v7
10552308,2237,s1,rest_v7
10552310,2201,s1,rest_v7
10552312,2253,s1,rest_v7
10552314,2214,s1,rest_v7
10552316,2238,s1,rest_v7
10552318,2205,s1,rest_v7
10552320,2226,s1,rest_v7
10552322,2212,s1,rest_v7
10552324,2235,s1,rest_v7
10552326,2215,s1,rest_v7
10552328,2211,s1,rest_v7
10552330,2225,s1,rest_v7
10552332,2230,s1,rest_v7
10552334,2220,s1,rest_v7
10552336,2190,s1,rest_v7
10552338,2234,s1,rest_v7
10552340,2224,s1,rest_v7
10552342,2226,s1,rest_v7
10552344,2187,s1,rest_v7
10552346,2241,s1,rest_v7
10552348,2220,s1,rest_v7
10552350,2230,s1,rest_v7
10552352,2182,s1,rest_v7
10552354,2253,s1,rest_v7
10552356,2215,s1,rest_v7
10552358,2238,s1,rest_v7
10552360,2193,s1,rest_v7
10552362,2246,s1,rest_v7
10552364,2211,s1,rest_v7
10552366,2241,s1,rest_v7
10552368,2198,s1,rest_v7
10552370,2224,s1,rest_v7
10552372,2210,s1,rest_v7
10552374,2235,s1,rest_v7
10552376,2212,s1,rest_v7
10552378,2205,s1,rest_v7
10552380,2224,s1,rest_v7
10552382,2231,s1,rest_v7
10552384,2221,s1,rest_v7
10552386,2192,s1,rest_v7
10552388,2239,s1,rest_v7
10552390,2226,s1,rest_v7
10552392,2227,s1,rest_v7
10552394,2189,s1,rest_v7
10552396,2247,s1,rest_v7
10552398,2224,s1,rest_v7
10552400,2236,s1,rest_v7
10552402,2185,s1,rest_v7
10552404,2251,s1,rest_v7
10552406,2220,s1,rest_v7
10552408,2241,s1,rest_v7
10552410,2197,s1,rest_v7
10552412,2242,s1,rest_v7
10552414,2211,s1,rest_v7
10552416,2237,s1,rest_v7
10552418,2202,s1,rest_v7
10552420,2224,s1,rest_v7
10552422,2210,s1,rest_v7
10552424,2235,s1,rest_v7
10552426,2219,s1,rest_v7
10552428,2209,s1,rest_v7
10552430,2227,s1,rest_v7
10552432,2237,s1,rest_v7
10552434,2224,s1,rest_v7
10552436,2193,s1,rest_v7
10552438,2239,s1,rest_v7
10552440,2224,s1,rest_v7
10552442,2226,s1,rest_v7
10552444,2187,s1,rest_v7
10552446,2244,s1,rest_v7
10552448,2218,s1,rest_v7
10552450,2226,s1,rest_v7
10552452,2186,s1,rest_v7
10552454,2253,s1,rest_v7
10552456,2217,s1,rest_v7
10552458,2235,s1,rest_v7
10552460,2195,s1,rest_v7
10552462,2249,s1,rest_v7
10552464,2208,s1,rest_v7
10552466,2239,s1,rest_v7
10552468,2204,s1,rest_v7
10552470,2223,s1,rest_v7
10552472,2213,s1,rest_v7
10552474,2229,s1,rest_v7
10552476,2213,s1,rest_v7
10552478,2199,s1,rest_v7
10552480,2224,s1,rest_v7
10552482,2231,s1,rest_v7
10552484,2219,s1,rest_v7
10552486,2185,s1,rest_v7
10552488,2233,s1,rest_v7
10552490,2221,s1,rest_v7
10552492,2221,s1,rest_v7
10552494,2180,s1,rest_v7
10552496,2239,s1,rest_v7
10552498,2213,s1,rest_v7
10552500,2225,s1,rest_v7
10552502,2177,s1,rest_v7
10552504,2246,s1,rest_v7
10552506,2207,s1,rest_v7
10552508,2230,s1,rest_v7
10552510,2192,s1,rest_v7
10552512,2238,s1,rest_v7
10552514,2207,s1,rest_v7
10552516,2231,s1,rest_v7
10552518,2199,s1,rest_v7
10552520,2214,s1,rest_v7
10552522,2209,s1,rest_v7
10552524,2227,s1,rest_v7
10552526,2213,s1,rest_v7
10552528,2195,s1,rest_v7
10552530,2221,s1,rest_v7
10552532,2226,s1,rest_v7
10552534,2217,s1,rest_v7
10552536,2189,s1,rest_v7
10552538,2236,s1,rest_v7
10552540,2224,s1,rest_v7
10552542,2224,s1,rest_v7
10552544,2181,s1,rest_v7
10552546,2242,s1,rest_v7
10552548,2214,s1,rest_v7
10552550,2226,s1,rest_v7
10552552,2183,s1,rest_v7
10552554,2247,s1,rest_v7
10552556,2213,s1,rest_v7
10552558,2234,s1,rest_v7
10552560,2199,s1,rest_v7
10552562,2238,s1,rest_v7
10552564,2203,s1,rest_v7
10552566,2234,s1,rest_v7
10552568,2201,s1,rest_v7
10552570,2218,s1,rest_v7
10552572,2209,s1,rest_v7
10552574,2227,s1,rest_v7
10552576,2214,s1,rest_v7
10552578,2197,s1,rest_v7
10552580,2225,s1,rest_v7
10552582,2226,s1,rest_v7
10552584,2217,s1,rest_v7
10552586,2187,s1,rest_v7
10552588,2237,s1,rest_v7
10552590,2222,s1,rest_v7
10552592,2224,s1,rest_v7
10552594,2178,s1,rest_v7
10552596,2246,s1,rest_v7
10552598,2217,s1,rest_v7
10552600,2233,s1,rest_v7
10552602,2184,s1,rest_v7
10552604,2249,s1,rest_v7
10552606,2213,s1,rest_v7
10552608,2235,s1,rest_v7
10552610,2194,s1,rest_v7
10552612,2231,s1,rest_v7
10552614,2206,s1,rest_v7
10552616,2234,s1,rest_v7
10552618,2202,s1,rest_v7
10552620,2212,s1,rest_v7
10552622,2208,s1,rest_v7
10552624,2231,s1,rest_v7
10552626,2215,s1,rest_v7
10552628,2197,s1,rest_v7
10552630,2225,s1,rest_v7
10552632,2224,s1,rest_v7
10552634,2220,s1,rest_v7
10552636,2189,s1,rest_v7
10552638,2236,s1,rest_v7
10552640,2223,s1,rest_v7
10552642,2227,s1,rest_v7
10552644,2185,s1,rest_v7
10552646,2247,s1,rest_v7
10552648,2218,s1,rest_v7
10552650,2231,s1,rest_v7
10552652,2185,s1,rest_v7
10552654,2251,s1,rest_v7
10552656,2211,s1,rest_v7
10552658,2231,s1,rest_v7
10552660,2192,s1,rest_v7
10552662,2229,s1,rest_v7
10552664,2203,s1,rest_v7
10552666,2230,s1,rest_v7
10552668,2202,s1,rest_v7
10552670,2207,s1,rest_v7
10552672,2207,s1,rest_v7
10552674,2227,s1,rest_v7
10552676,2213,s1,rest_v7
10552678,2194,s1,rest_v7
10552680,2224,s1,rest_v7
10552682,2224,s1,rest_v7
10552684,2219,s1,rest_v7
10552686,2183,s1,rest_v7
10552688,2233,s1,rest_v7
10552690,2220,s1,rest_v7
10552692,2224,s1,rest_v7
10552694,2178,s1,rest_v7
10552696,2245,s1,rest_v7
10552698,2211,s1,rest_v7
10552700,2231,s1,rest_v7
10552702,2187,s1,rest_v7
10552704,2245,s1,rest_v7
10552706,2211,s1,rest_v7
10552708,2239,s1,rest_v7
10552710,2203,s1,rest_v7
10552712,2237,s1,rest_v7
10552714,2209,s1,rest_v7
10552716,2238,s1,rest_v7
10552718,2205,s1,rest_v7
10552720,2215,s1,rest_v7
10552722,2213,s1,rest_v7
10552724,2231,s1,rest_v7
10552726,2211,s1,rest_v7
10552728,2192,s1,rest_v7
10552730,2224,s1,rest_v7
10552732,2224,s1,rest_v7
10552734,2220,s1,rest_v7
10552736,2181,s1,rest_v7
10552738,2235,s1,rest_v7
10552740,2216,s1,rest_v7
10552742,2224,s1,rest_v7
10552744,2174,s1,rest_v7
10552746,2244,s1,rest_v7
10552748,2211,s1,rest_v7
10552750,2224,s1,rest_v7
10552752,2187,s1,rest_v7
10552754,2246,s1,rest_v7
10552756,2205,s1,rest_v7
10552758,2227,s1,rest_v7
10552760,2199,s1,rest_v7
10552762,2229,s1,rest_v7
10552764,2199,s1,rest_v7
10552766,2229,s1,rest_v7
10552768,2203,s1,rest_v7
10552770,2208,s1,rest_v7
10552772,2212,s1,rest_v7
10552774,2229,s1,rest_v7
10552776,2209,s1,rest_v7
10552778,2191,s1,rest_v7
10552780,2224,s1,rest_v7
10552782,2225,s1,rest_v7
10552784,2214,s1,rest_v7
10552786,2178,s1,rest_v7
10552788,2231,s1,rest_v7
10552790,2219,s1,rest_v7
10552792,2224,s1,rest_v7
10552794,2176,s1,rest_v7
10552796,2238,s1,rest_v7
10552798,2209,s1,rest_v7
10552800,2225,s1,rest_v7
10552802,2183,s1,rest_v7
10552804,2241,s1,rest_v7
10552806,2205,s1,rest_v7
10552808,2234,s1,rest_v7
10552810,2199,s1,rest_v7
10552812,2231,s1,rest_v7
10552814,2202,s1,rest_v7
10552816,2227,s1,rest_v7
10552818,2202,s1,rest_v7
10552820,2206,s1,rest_v7
10552822,2213,s1,rest_v7
10552824,2227,s1,rest_v7
10552826,2212,s1,rest_v7
10552828,2192,s1,rest_v7
10552830,2224,s1,rest_v7
10552832,2224,s1,rest_v7
10552834,2218,s1,rest_v7
10552836,2180,s1,rest_v7
10552838,2230,s1,rest_v7
10552840,2217,s1,rest_v7
10552842,2224,s1,rest_v7
10552844,2176,s1,rest_v7
10552846,2239,s1,rest_v7
10552848,2208,s1,rest_v7
10552850,2225,s1,rest_v7
10552852,2182,s1,rest_v7
10552854,2241,s1,rest_v7
10552856,2207,s1,rest_v7
10552858,2230,s1,rest_v7
10552860,2192,s1,rest_v7
10552862,2227,s1,rest_v7
10552864,2202,s1,rest_v7
10552866,2229,s1,rest_v7
10552868,2203,s1,rest_v7
10552870,2203,s1,rest_v7
10552872,2208,s1,rest_v7
10552874,2226,s1,rest_v7
10552876,2213,s1,rest_v7
10552878,2192,s1,rest_v7
10552880,2224,s1,rest_v7
10552882,2224,s1,rest_v7
10552884,2223,s1,rest_v7
10552886,2182,s1,rest_v7
10552888,2239,s1,rest_v7
10552890,2222,s1,rest_v7
10552892,2231,s1,rest_v7
10552894,2183,s1,rest_v7
10552896,2252,s1,rest_v7
10552898,2214,s1,rest_v7
10552900,2231,s1,rest_v7
10552902,2185,s1,rest_v7
10552904,2245,s1,rest_v7
10552906,2212,s1,rest_v7
10552908,2238,s1,rest_v7
10552910,2203,s1,rest_v7
10552912,2230,s1,rest_v7
10552914,2206,s1,rest_v7
10552916,2228,s1,rest_v7
10552918,2207,s1,rest_v7
10552920,2207,s1,rest_v7
10552922,2218,s1,rest_v7
10552924,2230,s1,rest_v7
10552926,2219,s1,rest_v7
10552928,2193,s1,rest_v7
10552930,2229,s1,rest_v7
10552932,2226,s1,rest_v7
10552934,2224,s1,rest_v7
10552936,2186,s1,rest_v7
10552938,2239,s1,rest_v7
10552940,2219,s1,rest_v7
10552942,2225,s1,rest_v7
10552944,2179,s1,rest_v7
10552946,2246,s1,rest_v7
10552948,2209,s1,rest_v7
10552950,2234,s1,rest_v7
10552952,2190,s1,rest_v7
10552954,2240,s1,rest_v7
10552956,2207,s1,rest_v7
10552958,2234,s1,rest_v7
10552960,2195,s1,rest_v7
10552962,2224,s1,rest_v7
10552964,2202,s1,rest_v7
10552966,2230,s1,rest_v7
10552968,2203,s1,rest_v7
10552970,2199,s1,rest_v7
10552972,2214,s1,rest_v7
10552974,2225,s1,rest_v7
10552976,2211,s1,rest_v7
10552978,2189,s1,rest_v7
10552980,2225,s1,rest_v7
10552982,2220,s1,rest_v7
10552984,2218,s1,rest_v7
10552986,2179,s1,rest_v7
10552988,2236,s1,rest_v7
10552990,2217,s1,rest_v7
10552992,2224,s1,rest_v7
10552994,2177,s1,rest_v7
10552996,2245,s1,rest_v7
10552998,2209,s1,rest_v7
10553000,2225,s1,rest_v7
10553002,2181,s1,rest_v7
10553004,2239,s1,rest_v7
10553006,2208,s1,rest_v7
10553008,2229,s1,rest_v7
10553010,2195,s1,rest_v7
10553012,2224,s1,rest_v7
10553014,2203,s1,rest_v7
10553016,2230,s1,rest_v7
10553018,2205,s1,rest_v7
10553020,2199,s1,rest_v7
10553022,2217,s1,rest_v7
10553024,2225,s1,rest_v7
10553026,2218,s1,rest_v7
10553028,2192,s1,rest_v7
10553030,2230,s1,rest_v7
10553032,2224,s1,rest_v7
10553034,2221,s1,rest_v7
10553036,2179,s1,rest_v7
10553038,2237,s1,rest_v7
10553040,2217,s1,rest_v7
10553042,2226,s1,rest_v7
10553044,2183,s1,rest_v7
10553046,2247,s1,rest_v7
10553048,2211,s1,rest_v7
10553050,2235,s1,rest_v7
10553052,2191,s1,rest_v7
10553054,2241,s1,rest_v7
10553056,2208,s1,rest_v7
10553058,2236,s1,rest_v7
10553060,2202,s1,rest_v7
10553062,2226,s1,rest_v7
10553064,2208,s1,rest_v7
10553066,2231,s1,rest_v7
10553068,2211,s1,rest_v7
10553070,2206,s1,rest_v7
10553072,2224,s1,rest_v7
10553074,2233,s1,rest_v7
10553076,2219,s1,rest_v7
10553078,2193,s1,rest_v7
10553080,2237,s1,rest_v7
10553082,2226,s1,rest_v7
10553084,2225,s1,rest_v7
10553086,2190,s1,rest_v7
10553088,2247,s1,rest_v7
10553090,2220,s1,rest_v7
10553092,2231,s1,rest_v7
10553094,2183,s1,rest_v7
10553096,2249,s1,rest_v7
10553098,2210,s1,rest_v7
10553100,2235,s1,rest_v7
10553102,2191,s1,rest_v7
10553104,2246,s1,rest_v7
10553106,2212,s1,rest_v7
10553108,2240,s1,rest_v7
10553110,2207,s1,rest_v7
10553112,2230,s1,rest_v7
10553114,2214,s1,rest_v7
10553116,2238,s1,rest_v7
10553118,2214,s1,rest_v7
10553120,2210,s1,rest_v7
10553122,2224,s1,rest_v7
10553124,2234,s1,rest_v7
10553126,2223,s1,rest_v7
10553128,2198,s1,rest_v7
10553130,2240,s1,rest_v7
10553132,2224,s1,rest_v7
10553134,2224,s1,rest_v7
10553136,2186,s1,rest_v7
10553138,2245,s1,rest_v7
10553140,2226,s1,rest_v7
10553142,2234,s1,rest_v7
10553144,2187,s1,rest_v7
10553146,2252,s1,rest_v7
10553148,2211,s1,rest_v7
10553150,2239,s1,rest_v7
10553152,2192,s1,rest_v7
10553154,2244,s1,rest_v7
10553156,2215,s1,rest_v7
10553158,2234,s1,rest_v7
10553160,2205,s1,rest_v7
10553162,2221,s1,rest_v7
10553164,2209,s1,rest_v7
10553166,2234,s1,rest_v7
10553168,2214,s1,rest_v7
10553170,2199,s1,rest_v7
10553172,2224,s1,rest_v7
10553174,2230,s1,rest_v7
10553176,2222,s1,rest_v7
10553178,2189,s1,rest_v7
10553180,2235,s1,rest_v7
10553182,2221,s1,rest_v7
10553184,2224,s1,rest_v7
10553186,2182,s1,rest_v7
10553188,2240,s1,rest_v7
10553190,2217,s1,rest_v7
10553192,2230,s1,rest_v7
10553194,2183,s1,rest_v7
10553196,2247,s1,rest_v7
10553198,2208,s1,rest_v7
10553200,2231,s1,rest_v7
10553202,2191,s1,rest_v7
10553204,2239,s1,rest_v7
10553206,2202,s1,rest_v7
10553208,2234,s1,rest_v7
10553210,2199,s1,rest_v7
10553212,2222,s1,rest_v7
10553214,2207,s1,rest_v7
10553216,2237,s1,rest_v7
10553218,2211,s1,rest_v7
10553220,2201,s1,rest_v7
10553222,2225,s1,rest_v7
10553224,2229,s1,rest_v7
10553226,2224,s1,rest_v7
10553228,2192,s1,rest_v7
10553230,2239,s1,rest_v7
10553232,2222,s1,rest_v7
10553234,2225,s1,rest_v7
10553236,2181,s1,rest_v7
10553238,2243,s1,rest_v7
10553240,2221,s1,rest_v7
10553242,2231,s1,rest_v7
10553244,2187,s1,rest_v7
10553246,2253,s1,rest_v7
10553248,2211,s1,rest_v7
10553250,2239,s1,rest_v7
10553252,2193,s1,rest_v7
10553254,2241,s1,rest_v7
10553256,2210,s1,rest_v7
10553258,2242,s1,rest_v7
10553260,2208,s1,rest_v7
10553262,2224,s1,rest_v7
10553264,2217,s1,rest_v7
10553266,2237,s1,rest_v7
10553268,2222,s1,rest_v7
10553270,2211,s1,rest_v7
10553272,2231,s1,rest_v7
10553274,2236,s1,rest_v7
10553276,2227,s1,rest_v7
10553278,2195,s1,rest_v7
10553280,2244,s1,rest_v7
10553282,2235,s1,rest_v7
10553284,2233,s1,rest_v7
10553286,2191,s1,rest_v7
10553288,2253,s1,rest_v7
10553290,2224,s1,rest_v7
10553292,2238,s1,rest_v7
10553294,2191,s1,rest_v7
10553296,2256,s1,rest_v7
10553298,2214,s1,rest_v7
10553300,2239,s1,rest_v7
10553302,2196,s1,rest_v7
10553304,2241,s1,rest_v7
10553306,2211,s1,rest_v7
10553308,2237,s1,rest_v7
10553310,2207,s1,rest_v7
10553312,2224,s1,rest_v7
10553314,2215,s1,rest_v7
10553316,2235,s1,rest_v7
10553318,2220,s1,rest_v7
10553320,2207,s1,rest_v7
10553322,2227,s1,rest_v7
10553324,2234,s1,rest_v7
10553326,2224,s1,rest_v7
10553328,2194,s1,rest_v7
10553330,2237,s1,rest_v7
10553332,2226,s1,rest_v7
10553334,2227,s1,rest_v7
10553336,2189,s1,rest_v7
10553338,2248,s1,rest_v7
10553340,2225,s1,rest_v7
10553342,2235,s1,rest_v7
10553344,2191,s1,rest_v7
10553346,2256,s1,rest_v7
10553348,2212,s1,rest_v7
10553350,2238,s1,rest_v7
10553352,2198,s1,rest_v7
10553354,2239,s1,rest_v7
10553356,2209,s1,rest_v7
10553358,2240,s1,rest_v7
10553360,2211,s1,rest_v7
10553362,2224,s1,rest_v7
10553364,2219,s1,rest_v7
10553366,2236,s1,rest_v7
10553368,2215,s1,rest_v7
10553370,2205,s1,rest_v7
10553372,2228,s1,rest_v7
10553374,2229,s1,rest_v7
10553376,2224,s1,rest_v7
10553378,2194,s1,rest_v7
10553380,2243,s1,rest_v7
10553382,2227,s1,rest_v7
10553384,2229,s1,rest_v7
10553386,2185,s1,rest_v7
10553388,2250,s1,rest_v7
10553390,2224,s1,rest_v7
10553392,2237,s1,rest_v7
10553394,2190,s1,rest_v7
10553396,2249,s1,rest_v7
10553398,2211,s1,rest_v7
10553400,2235,s1,rest_v7
10553402,2194,s1,rest_v7
10553404,2240,s1,rest_v7
10553406,2210,s1,rest_v7
10553408,2238,s1,rest_v7
10553410,2210,s1,rest_v7
10553412,2224,s1,rest_v7
10553414,2217,s1,rest_v7
10553416,2237,s1,rest_v7
10553418,2215,s1,rest_v7
10553420,2205,s1,rest_v7
10553422,2226,s1,rest_v7
10553424,2235,s1,rest_v7
10553426,2224,s1,rest_v7
10553428,2192,s1,rest_v7
10553430,2244,s1,rest_v7
10553432,2224,s1,rest_v7
10553434,2231,s1,rest_v7
10553436,2190,s1,rest_v7
10553438,2256,s1,rest_v7
10553440,2219,s1,rest_v7
10553442,2237,s1,rest_v7
10553444,2195,s1,rest_v7
10553446,2258,s1,rest_v7
10553448,2224,s1,rest_v7
10553450,2245,s1,rest_v7
10553452,2205,s1,rest_v7
10553454,2247,s1,rest_v7
10553456,2217,s1,rest_v7
10553458,2246,s1,rest_v7
10553460,2221,s1,rest_v7
10553462,2224,s1,rest_v7
10553464,2222,s1,rest_v7
10553466,2245,s1,rest_v7
10553468,2224,s1,rest_v7
10553470,2207,s1,rest_v7
10553472,2238,s1,rest_v7
10553474,2239,s1,rest_v7
10553476,2230,s1,rest_v7
10553478,2195,s1,rest_v7
10553480,2243,s1,rest_v7
10553482,2229,s1,rest_v7
10553484,2235,s1,rest_v7
10553486,2185,s1,rest_v7
10553488,2251,s1,rest_v7
10553490,2223,s1,rest_v7
10553492,2238,s1,rest_v7
10553494,2192,s1,rest_v7
10553496,2256,s1,rest_v7
10553498,2209,s1,rest_v7
10553500,2239,s1,rest_v7
10553502,2195,s1,rest_v7
10553504,2236,s1,rest_v7
10553506,2210,s1,rest_v7
10553508,2238,s1,rest_v7
10553510,2214,s1,rest_v7
10553512,2219,s1,rest_v7
10553514,2222,s1,rest_v7
10553516,2238,s1,rest_v7
10553518,2221,s1,rest_v7
10553520,2199,s1,rest_v7
10553522,2235,s1,rest_v7
10553524,2235,s1,rest_v7
10553526,2229,s1,rest_v7
10553528,2193,s1,rest_v7
10553530,2243,s1,rest_v7
10553532,2224,s1,rest_v7
10553534,2234,s1,rest_v7
10553536,2190,s1,rest_v7
10553538,2253,s1,rest_v7
10553540,2223,s1,rest_v7
10553542,2240,s1,rest_v7
10553544,2192,s1,rest_v7
10553546,2254,s1,rest_v7
10553548,2212,s1,rest_v7
10553550,2241,s1,rest_v7
10553552,2203,s1,rest_v7
10553554,2237,s1,rest_v7
10553556,2219,s1,rest_v7
10553558,2241,s1,rest_v7
10553560,2217,s1,rest_v7
10553562,2219,s1,rest_v7
10553564,2218,s1,rest_v7
10553566,2238,s1,rest_v7
10553568,2224,s1,rest_v7
10553570,2205,s1,rest_v7
10553572,2239,s1,rest_v7
10553574,2235,s1,rest_v7
10553576,2228,s1,rest_v7
10553578,2194,s1,rest_v7
10553580,2249,s1,rest_v7
10553582,2227,s1,rest_v7
10553584,2238,s1,rest_v7
10553586,2190,s1,rest_v7
10553588,2256,s1,rest_v7
10553590,2224,s1,rest_v7
10553592,2238,s1,rest_v7
10553594,2193,s1,rest_v7
10553596,2255,s1,rest_v7
10553598,2218,s1,rest_v7
10553600,2243,s1,rest_v7
10553602,2207,s1,rest_v7
10553604,2239,s1,rest_v7
10553606,2221,s1,rest_v7
10553608,2245,s1,rest_v7
10553610,2215,s1,rest_v7
10553612,2218,s1,rest_v7
10553614,2224,s1,rest_v7
10553616,2238,s1,rest_v7
10553618,2219,s1,rest_v7
10553620,2199,s1,rest_v7
10553622,2235,s1,rest_v7
10553624,2229,s1,rest_v7
10553626,2227,s1,rest_v7
10553628,2192,s1,rest_v7
10553630,2249,s1,rest_v7
10553632,2224,s1,rest_v7
10553634,2235,s1,rest_v7
10553636,2181,s1,rest_v7
10553638,2253,s1,rest_v7
10553640,2220,s1,rest_v7
10553642,2239,s1,rest_v7
10553644,2195,s1,rest_v7
10553646,2255,s1,rest_v7
10553648,2213,s1,rest_v7
10553650,2240,s1,rest_v7
10553652,2197,s1,rest_v7
10553654,2231,s1,rest_v7
10553656,2211,s1,rest_v7
10553658,2235,s1,rest_v7
10553660,2210,s1,rest_v7
10553662,2215,s1,rest_v7
10553664,2221,s1,rest_v7
10553666,2239,s1,rest_v7
10553668,2224,s1,rest_v7
10553670,2205,s1,rest_v7
10553672,2234,s1,rest_v7
10553674,2230,s1,rest_v7
10553676,2229,s1,rest_v7
10553678,2192,s1,rest_v7
10553680,2245,s1,rest_v7
10553682,2223,s1,rest_v7
10553684,2231,s1,rest_v7
10553686,2183,s1,rest_v7
10553688,2251,s1,rest_v7
10553690,2214,s1,rest_v7
10553692,2234,s1,rest_v7
10553694,2192,s1,rest_v7
10553696,2251,s1,rest_v7
10553698,2214,s1,rest_v7
10553700,2239,s1,rest_v7
10553702,2194,s1,rest_v7
10553704,2227,s1,rest_v7
10553706,2211,s1,rest_v7
10553708,2235,s1,rest_v7
10553710,2214,s1,rest_v7
10553712,2213,s1,rest_v7
10553714,2223,s1,rest_v7
10553716,2231,s1,rest_v7
10553718,2221,s1,rest_v7
10553720,2193,s1,rest_v7
10553722,2236,s1,rest_v7
10553724,2227,s1,rest_v7
10553726,2231,s1,rest_v7
10553728,2192,s1,rest_v7
10553730,2242,s1,rest_v7
10553732,2224,s1,rest_v7
10553734,2230,s1,rest_v7
10553736,2186,s1,rest_v7
10553738,2252,s1,rest_v7
10553740,2221,s1,rest_v7
10553742,2240,s1,rest_v7
10553744,2194,s1,rest_v7
10553746,2251,s1,rest_v7
10553748,2213,s1,rest_v7
10553750,2238,s1,rest_v7
10553752,2203,s1,rest_v7
10553754,2235,s1,rest_v7
10553756,2215,s1,rest_v7
10553758,2242,s1,rest_v7
10553760,2219,s1,rest_v7
10553762,2219,s1,rest_v7
10553764,2224,s1,rest_v7
10553766,2235,s1,rest_v7
10553768,2224,s1,rest_v7
10553770,2203,s1,rest_v7
10553772,2240,s1,rest_v7
10553774,2231,s1,rest_v7
10553776,2226,s1,rest_v7
10553778,2192,s1,rest_v7
10553780,2249,s1,rest_v7
10553782,2224,s1,rest_v7
10553784,2235,s1,rest_v7
10553786,2187,s1,rest_v7
10553788,2256,s1,rest_v7
10553790,2223,s1,rest_v7
10553792,2241,s1,rest_v7
10553794,2196,s1,rest_v7
10553796,2255,s1,rest_v7
10553798,2212,s1,rest_v7
10553800,2241,s1,rest_v7
10553802,2208,s1,rest_v7
10553804,2227,s1,rest_v7
10553806,2211,s1,rest_v7
10553808,2240,s1,rest_v7
10553810,2218,s1,rest_v7
10553812,2214,s1,rest_v7
10553814,2224,s1,rest_v7
10553816,2234,s1,rest_v7
10553818,2224,s1,rest_v7
10553820,2197,s1,rest_v7
10553822,2238,s1,rest_v7
10553824,2227,s1,rest_v7
10553826,2229,s1,rest_v7
10553828,2192,s1,rest_v7
10553830,2243,s1,rest_v7
10553832,2224,s1,rest_v7
10553834,2231,s1,rest_v7
10553836,2187,s1,rest_v7
10553838,2257,s1,rest_v7
10553840,2217,s1,rest_v7
10553842,2240,s1,rest_v7
10553844,2195,s1,rest_v7
10553846,2253,s1,rest_v7
10553848,2208,s1,rest_v7
10553850,2240,s1,rest_v7
10553852,2205,s1,rest_v7
10553854,2224,s1,rest_v7
10553856,2217,s1,rest_v7
10553858,2240,s1,rest_v7
10553860,2219,s1,rest_v7
10553862,2213,s1,rest_v7
10553864,2226,s1,rest_v7
10553866,2235,s1,rest_v7
10553868,2224,s1,rest_v7
10553870,2202,s1,rest_v7
10553872,2243,s1,rest_v7
10553874,2230,s1,rest_v7
10553876,2234,s1,rest_v7
10553878,2190,s1,rest_v7
10553880,2252,s1,rest_v7
10553882,2224,s1,rest_v7
10553884,2233,s1,rest_v7
10553886,2182,s1,rest_v7
10553888,2251,s1,rest_v7
10553890,2218,s1,rest_v7
10553892,2239,s1,rest_v7
10553894,2193,s1,rest_v7
10553896,2247,s1,rest_v7
10553898,2207,s1,rest_v7
10553900,2238,s1,rest_v7
10553902,2202,s1,rest_v7
10553904,2222,s1,rest_v7
10553906,2212,s1,rest_v7
10553908,2240,s1,rest_v7
10553910,2215,s1,rest_v7
10553912,2208,s1,rest_v7
10553914,2223,s1,rest_v7
10553916,2231,s1,rest_v7
10553918,2223,s1,rest_v7
10553920,2198,s1,rest_v7
10553922,2234,s1,rest_v7
10553924,2227,s1,rest_v7
10553926,2229,s1,rest_v7
10553928,2189,s1,rest_v7
10553930,2246,s1,rest_v7
10553932,2224,s1,rest_v7
10553934,2235,s1,rest_v7
10553936,2187,s1,rest_v7
10553938,2257,s1,rest_v7
10553940,2223,s1,rest_v7
10553942,2237,s1,rest_v7
10553944,2197,s1,rest_v7
10553946,2250,s1,rest_v7
10553948,2213,s1,rest_v7
10553950,2241,s1,rest_v7
10553952,2203,s1,rest_v7
10553954,2224,s1,rest_v7
10553956,2215,s1,rest_v7
10553958,2240,s1,rest_v7
10553960,2222,s1,rest_v7
10553962,2214,s1,rest_v7
10553964,2226,s1,rest_v7
10553966,2240,s1,rest_v7
10553968,2224,s1,rest_v7
10553970,2198,s1,rest_v7
10553972,2239,s1,rest_v7
10553974,2232,s1,rest_v7
10553976,2234,s1,rest_v7
10553978,2190,s1,rest_v7
10553980,2250,s1,rest_v7
10553982,2224,s1,rest_v7
10553984,2240,s1,rest_v7
10553986,2186,s1,rest_v7
10553988,2254,s1,rest_v7
10553990,2221,s1,rest_v7
10553992,2241,s1,rest_v7
10553994,2197,s1,rest_v7
10553996,2245,s1,rest_v7
10553998,2207,s1,rest_v7
10554000,2240,s1,rest_v7
10554002,2203,s1,rest_v7
10554004,2225,s1,rest_v7
10554006,2213,s1,rest_v7
10554008,2238,s1,rest_v7
10554010,2221,s1,rest_v7
10554012,2209,s1,rest_v7
10554014,2227,s1,rest_v7
10554016,2231,s1,rest_v7
10554018,2223,s1,rest_v7
10554020,2195,s1,rest_v7
10554022,2241,s1,rest_v7
10554024,2227,s1,rest_v7
10554026,2234,s1,rest_v7
10554028,2187,s1,rest_v7
10554030,2249,s1,rest_v7
10554032,2224,s1,rest_v7
10554034,2235,s1,rest_v7
10554036,2187,s1,rest_v7
10554038,2252,s1,rest_v7
10554040,2222,s1,rest_v7
10554042,2241,s1,rest_v7
10554044,2199,s1,rest_v7
10554046,2249,s1,rest_v7
10554048,2215,s1,rest_v7
10554050,2242,s1,rest_v7
10554052,2207,s1,rest_v7
10554054,2223,s1,rest_v7
10554056,2219,s1,rest_v7
10554058,2240,s1,rest_v7
10554060,2219,s1,rest_v7
10554062,2210,s1,rest_v7
10554064,2230,s1,rest_v7
10554066,2240,s1,rest_v7
10554068,2224,s1,rest_v7
10554070,2201,s1,rest_v7
10554072,2240,s1,rest_v7
10554074,2227,s1,rest_v7
10554076,2231,s1,rest_v7
10554078,2192,s1,rest_v7
10554080,2251,s1,rest_v7
10554082,2219,s1,rest_v7
10554084,2235,s1,rest_v7
10554086,2189,s1,rest_v7
10554088,2256,s1,rest_v7
10554090,2219,s1,rest_v7
10554092,2241,s1,rest_v7
10554094,2202,s1,rest_v7
10554096,2246,s1,rest_v7
10554098,2221,s1,rest_v7
10554100,2243,s1,rest_v7
10554102,2213,s1,rest_v7
10554104,2224,s1,rest_v7
10554106,2221,s1,rest_v7
10554108,2243,s1,rest_v7
10554110,2224,s1,rest_v7
10554112,2209,s1,rest_v7
10554114,2235,s1,rest_v7
10554116,2237,s1,rest_v7
10554118,2224,s1,rest_v7
10554120,2195,s1,rest_v7
10554122,2247,s1,rest_v7
10554124,2231,s1,rest_v7
10554126,2235,s1,rest_v7
10554128,2192,s1,rest_v7
10554130,2249,s1,rest_v7
10554132,2221,s1,rest_v7
10554134,2231,s1,rest_v7
10554136,2187,s1,rest_v7
10554138,2250,s1,rest_v7
10554140,2215,s1,rest_v7
10554142,2237,s1,rest_v7
10554144,2198,s1,rest_v7
10554146,2240,s1,rest_v7
10554148,2209,s1,rest_v7
10554150,2240,s1,rest_v7
10554152,2205,s1,rest_v7
10554154,2223,s1,rest_v7
10554156,2217,s1,rest_v7
10554158,2240,s1,rest_v7
10554160,2219,s1,rest_v7
10554162,2206,s1,rest_v7
10554164,2233,s1,rest_v7
10554166,2231,s1,rest_v7
10554168,2224,s1,rest_v7
10554170,2192,s1,rest_v7
10554172,2240,s1,rest_v7
10554174,2224,s1,rest_v7
10554176,2233,s1,rest_v7
10554178,2187,s1,rest_v7
10554180,2246,s1,rest_v7
10554182,2217,s1,rest_v7
10554184,2235,s1,rest_v7
10554186,2191,s1,rest_v7
10554188,2256,s1,rest_v7
10554190,2219,s1,rest_v7
10554192,2246,s1,rest_v7
10554194,2201,s1,rest_v7
10554196,2246,s1,rest_v7
10554198,2220,s1,rest_v7
10554200,2245,s1,rest_v7
10554202,2211,s1,rest_v7
10554204,2223,s1,rest_v7
10554206,2219,s1,rest_v7
10554208,2246,s1,rest_v7
10554210,2223,s1,rest_v7
10554212,2207,s1,rest_v7
10554214,2237,s1,rest_v7
10554216,2231,s1,rest_v7
10554218,2224,s1,rest_v7
10554220,2192,s1,rest_v7
10554222,2245,s1,rest_v7
10554224,2227,s1,rest_v7
10554226,2235,s1,rest_v7
10554228,2190,s1,rest_v7
10554230,2255,s1,rest_v7
10554232,2224,s1,rest_v7
10554234,2238,s1,rest_v7
10554236,2192,s1,rest_v7
10554238,2256,s1,rest_v7
10554240,2224,s1,rest_v7
10554242,2245,s1,rest_v7
10554244,2202,s1,rest_v7
10554246,2245,s1,rest_v7
10554248,2213,s1,rest_v7
10554250,2245,s1,rest_v7
10554252,2215,s1,rest_v7
10554254,2221,s1,rest_v7
10554256,2224,s1,rest_v7
10554258,2242,s1,rest_v7
10554260,2224,s1,rest_v7
10554262,2208,s1,rest_v7
10554264,2234,s1,rest_v7
10554266,2227,s1,rest_v7
10554268,2221,s1,rest_v7
10554270,2192,s1,rest_v7
10554272,2243,s1,rest_v7
10554274,2230,s1,rest_v7
10554276,2238,s1,rest_v7
10554278,2191,s1,rest_v7
10554280,2250,s1,rest_v7
10554282,2223,s1,rest_v7
10554284,2241,s1,rest_v7
10554286,2193,s1,rest_v7
10554288,2256,s1,rest_v7
10554290,2219,s1,rest_v7
10554292,2240,s1,rest_v7
10554294,2203,s1,rest_v7
10554296,2243,s1,rest_v7
10554298,2211,s1,rest_v7
10554300,2239,s1,rest_v7
10554302,2210,s1,rest_v7
10554304,2215,s1,rest_v7
10554306,2222,s1,rest_v7
10554308,2238,s1,rest_v7
10554310,2223,s1,rest_v7
10554312,2209,s1,rest_v7
10554314,2236,s1,rest_v7
10554316,2236,s1,rest_v7
10554318,2231,s1,rest_v7
10554320,2198,s1,rest_v7
10554322,2251,s1,rest_v7
10554324,2231,s1,rest_v7
10554326,2240,s1,rest_v7
10554328,2193,s1,rest_v7
10554330,2254,s1,rest_v7
10554332,2223,s1,rest_v7
10554334,2242,s1,rest_v7
10554336,2194,s1,rest_v7
10554338,2256,s1,rest_v7
10554340,2218,s1,rest_v7
10554342,2245,s1,rest_v7
10554344,2206,s1,rest_v7
10554346,2241,s1,rest_v7
10554348,2210,s1,rest_v7
10554350,2240,s1,rest_v7
10554352,2209,s1,rest_v7
10554354,2213,s1,rest_v7
10554356,2224,s1,rest_v7
10554358,2238,s1,rest_v7
10554360,2224,s1,rest_v7
10554362,2203,s1,rest_v7
10554364,2238,s1,rest_v7
10554366,2236,s1,rest_v7
10554368,2224,s1,rest_v7
10554370,2192,s1,rest_v7
10554372,2243,s1,rest_v7
10554374,2225,s1,rest_v7
10554376,2233,s1,rest_v7
10554378,2190,s1,rest_v7
10554380,2252,s1,rest_v7
10554382,2224,s1,rest_v7
10554384,2239,s1,rest_v7
10554386,2192,s1,rest_v7
10554388,2252,s1,rest_v7
10554390,2221,s1,rest_v7
10554392,2238,s1,rest_v7
10554394,2206,s1,rest_v7
10554396,2241,s1,rest_v7
10554398,2217,s1,rest_v7
10554400,2242,s1,rest_v7
10554402,2213,s1,rest_v7
10554404,2215,s1,rest_v7
10554406,2224,s1,rest_v7
10554408,2239,s1,rest_v7
10554410,2223,s1,rest_v7
10554412,2206,s1,rest_v7
10554414,2236,s1,rest_v7
10554416,2230,s1,rest_v7
10554418,2224,s1,rest_v7
10554420,2192,s1,rest_v7
10554422,2247,s1,rest_v7
10554424,2229,s1,rest_v7
10554426,2235,s1,rest_v7
10554428,2192,s1,rest_v7
10554430,2256,s1,rest_v7
10554432,2223,s1,rest_v7
10554434,2239,s1,rest_v7
10554436,2192,s1,rest_v7
10554438,2255,s1,rest_v7
10554440,2224,s1,rest_v7
10554442,2241,s1,rest_v7
10554444,2207,s1,rest_v7
10554446,2236,s1,rest_v7
10554448,2215,s1,rest_v7
10554450,2240,s1,rest_v7
10554452,2213,s1,rest_v7
10554454,2214,s1,rest_v7
10554456,2224,s1,rest_v7
10554458,2238,s1,rest_v7
10554460,2223,s1,rest_v7
10554462,2205,s1,rest_v7
10554464,2234,s1,rest_v7
10554466,2233,s1,rest_v7
10554468,2225,s1,rest_v7
10554470,2191,s1,rest_v7
10554472,2242,s1,rest_v7
10554474,2224,s1,rest_v7
10554476,2231,s1,rest_v7
10554478,2185,s1,rest_v7
10554480,2251,s1,rest_v7
10554482,2219,s1,rest_v7
10554484,2239,s1,rest_v7
10554486,2192,s1,rest_v7
10554488,2254,s1,rest_v7
10554490,2218,s1,rest_v7
10554492,2240,s1,rest_v7
10554494,2204,s1,rest_v7
10554496,2239,s1,rest_v7
10554498,2215,s1,rest_v7
10554500,2242,s1,rest_v7
10554502,2217,s1,rest_v7
10554504,2218,s1,rest_v7
10554506,2225,s1,rest_v7
10554508,2240,s1,rest_v7
10554510,2225,s1,rest_v7
10554512,2205,s1,rest_v7
10554514,2238,s1,rest_v7
10554516,2229,s1,rest_v7
10554518,2228,s1,rest_v7
10554520,2192,s1,rest_v7
10554522,2245,s1,rest_v7
10554524,2224,s1,rest_v7
10554526,2231,s1,rest_v7
10554528,2187,s1,rest_v7
10554530,2251,s1,rest_v7
10554532,2213,s1,rest_v7
10554534,2237,s1,rest_v7
10554536,2191,s1,rest_v7
10554538,2246,s1,rest_v7
10554540,2215,s1,rest_v7
10554542,2239,s1,rest_v7
10554544,2202,s1,rest_v7
10554546,2230,s1,rest_v7
10554548,2213,s1,rest_v7
10554550,2241,s1,rest_v7
10554552,2213,s1,rest_v7
10554554,2207,s1,rest_v7
10554556,2223,s1,rest_v7
10554558,2231,s1,rest_v7
10554560,2221,s1,rest_v7
10554562,2195,s1,rest_v7
10554564,2236,s1,rest_v7
10554566,2231,s1,rest_v7
10554568,2225,s1,rest_v7
10554570,2191,s1,rest_v7
10554572,2247,s1,rest_v7
10554574,2226,s1,rest_v7
10554576,2237,s1,rest_v7
10554578,2183,s1,rest_v7
10554580,2254,s1,rest_v7
10554582,2215,s1,rest_v7
10554584,2237,s1,rest_v7
10554586,2191,s1,rest_v7
10554588,2246,s1,rest_v7
10554590,2217,s1,rest_v7
10554592,2239,s1,rest_v7
10554594,2203,s1,rest_v7
10554596,2231,s1,rest_v7
10554598,2210,s1,rest_v7
10554600,2240,s1,rest_v7
10554602,2210,s1,rest_v7
10554604,2210,s1,rest_v7
10554606,2224,s1,rest_v7
10554608,2234,s1,rest_v7
10554610,2222,s1,rest_v7
10554612,2199,s1,rest_v7
10554614,2239,s1,rest_v7
10554616,2230,s1,rest_v7
10554618,2230,s1,rest_v7
10554620,2182,s1,rest_v7
10554622,2240,s1,rest_v7
10554624,2222,s1,rest_v7
10554626,2230,s1,rest_v7
10554628,2183,s1,rest_v7
10554630,2247,s1,rest_v7
10554632,2214,s1,rest_v7
10554634,2237,s1,rest_v7
10554636,2188,s1,rest_v7
10554638,2242,s1,rest_v7
10554640,2212,s1,rest_v7
10554642,2238,s1,rest_v7
10554644,2199,s1,rest_v7
10554646,2224,s1,rest_v7
10554648,2199,s1,rest_v7
10554650,2234,s1,rest_v7
10554652,2206,s1,rest_v7
10554654,2205,s1,rest_v7
10554656,2219,s1,rest_v7
10554658,2226,s1,rest_v7
10554660,2222,s1,rest_v7
10554662,2193,s1,rest_v7
10554664,2236,s1,rest_v7
10554666,2224,s1,rest_v7
10554668,2225,s1,rest_v7
10554670,2189,s1,rest_v7
10554672,2245,s1,rest_v7
10554674,2224,s1,rest_v7
10554676,2233,s1,rest_v7
10554678,2188,s1,rest_v7
10554680,2253,s1,rest_v7
10554682,2219,s1,rest_v7
10554684,2234,s1,rest_v7
10554686,2192,s1,rest_v7
10554688,2250,s1,rest_v7
10554690,2215,s1,rest_v7
10554692,2241,s1,rest_v7
10554694,2211,s1,rest_v7
10554696,2231,s1,rest_v7
10554698,2219,s1,rest_v7
10554700,2246,s1,rest_v7
10554702,2215,s1,rest_v7
10554704,2209,s1,rest_v7
10554706,2227,s1,rest_v7
10554708,2239,s1,rest_v7
10554710,2228,s1,rest_v7
10554712,2203,s1,rest_v7
10554714,2242,s1,rest_v7
10554716,2231,s1,rest_v7
10554718,2235,s1,rest_v7
10554720,2192,s1,rest_v7
10554722,2250,s1,rest_v7
10554724,2229,s1,rest_v7
10554726,2239,s1,rest_v7
10554728,2191,s1,rest_v7
10554730,2256,s1,rest_v7
10554732,2222,s1,rest_v7
10554734,2240,s1,rest_v7
10554736,2193,s1,rest_v7
10554738,2249,s1,rest_v7
10554740,2214,s1,rest_v7
10554742,2243,s1,rest_v7
10554744,2207,s1,rest_v7
10554746,2224,s1,rest_v7
10554748,2210,s1,rest_v7
10554750,2241,s1,rest_v7
10554752,2218,s1,rest_v7
10554754,2210,s1,rest_v7
10554756,2228,s1,rest_v7
10554758,2241,s1,rest_v7
10554760,2228,s1,rest_v7
10554762,2202,s1,rest_v7
10554764,2243,s1,rest_v7
10554766,2234,s1,rest_v7
10554768,2232,s1,rest_v7
10554770,2192,s1,rest_v7
10554772,2251,s1,rest_v7
10554774,2227,s1,rest_v7
10554776,2240,s1,rest_v7
10554778,2192,s1,rest_v7
10554780,2256,s1,rest_v7
10554782,2221,s1,rest_v7
10554784,2245,s1,rest_v7
10554786,2199,s1,rest_v7
10554788,2247,s1,rest_v7
10554790,2221,s1,rest_v7
10554792,2245,s1,rest_v7
10554794,2215,s1,rest_v7
10554796,2230,s1,rest_v7
10554798,2215,s1,rest_v7
10554800,2240,s1,rest_v7
10554802,2215,s1,rest_v7
10554804,2211,s1,rest_v7
10554806,2233,s1,rest_v7
10554808,2240,s1,rest_v7
10554810,2231,s1,rest_v7
10554812,2202,s1,rest_v7
10554814,2244,s1,rest_v7
10554816,2235,s1,rest_v7
10554818,2237,s1,rest_v7
10554820,2192,s1,rest_v7
10554822,2255,s1,rest_v7
10554824,2229,s1,rest_v7
10554826,2243,s1,rest_v7
10554828,2193,s1,rest_v7
10554830,2257,s1,rest_v7
10554832,2224,s1,rest_v7
10554834,2244,s1,rest_v7
10554836,2203,s1,rest_v7
10554838,2252,s1,rest_v7
10554840,2225,s1,rest_v7
10554842,2246,s1,rest_v7
10554844,2220,s1,rest_v7
10554846,2236,s1,rest_v7
10554848,2221,s1,rest_v7
10554850,2247,s1,rest_v7
10554852,2224,s1,rest_v7
10554854,2213,s1,rest_v7
10554856,2237,s1,rest_v7
10554858,2245,s1,rest_v7
10554860,2231,s1,rest_v7
10554862,2197,s1,rest_v7
10554864,2245,s1,rest_v7
10554866,2234,s1,rest_v7
10554868,2231,s1,rest_v7
10554870,2190,s1,rest_v7
10554872,2256,s1,rest_v7
10554874,2231,s1,rest_v7
10554876,2243,s1,rest_v7
10554878,2199,s1,rest_v7
10554880,2259,s1,rest_v7
10554882,2222,s1,rest_v7
10554884,2243,s1,rest_v7
10554886,2203,s1,rest_v7
10554888,2250,s1,rest_v7
10554890,2221,s1,rest_v7
10554892,2245,s1,rest_v7
10554894,2218,s1,rest_v7
10554896,2226,s1,rest_v7
10554898,2219,s1,rest_v7
10554900,2239,s1,rest_v7
10554902,2219,s1,rest_v7
10554904,2208,s1,rest_v7
10554906,2229,s1,rest_v7
10554908,2238,s1,rest_v7
10554910,2228,s1,rest_v7
10554912,2199,s1,rest_v7
10554914,2250,s1,rest_v7
10554916,2229,s1,rest_v7
10554918,2234,s1,rest_v7
10554920,2189,s1,rest_v7
10554922,2251,s1,rest_v7
10554924,2224,s1,rest_v7
10554926,2243,s1,rest_v7
10554928,2193,s1,rest_v7
10554930,2258,s1,rest_v7
10554932,2222,s1,rest_v7
10554934,2242,s1,rest_v7
10554936,2201,s1,rest_v7
10554938,2249,s1,rest_v7
10554940,2215,s1,rest_v7
10554942,2241,s1,rest_v7
10554944,2212,s1,rest_v7
10554946,2224,s1,rest_v7
10554948,2215,s1,rest_v7
10554950,2241,s1,rest_v7
10554952,2217,s1,rest_v7
10554954,2201,s1,rest_v7
10554956,2226,s1,rest_v7
10554958,2231,s1,rest_v7
10554960,2224,s1,rest_v7
10554962,2192,s1,rest_v7
10554964,2240,s1,rest_v7
10554966,2229,s1,rest_v7
10554968,2230,s1,rest_v7
10554970,2189,s1,rest_v7
10554972,2253,s1,rest_v7
10554974,2223,s1,rest_v7
10554976,2240,s1,rest_v7
10554978,2192,s1,rest_v7
10554980,2256,s1,rest_v7
10554982,2217,s1,rest_v7
10554984,2238,s1,rest_v7
10554986,2202,s1,rest_v7
10554988,2246,s1,rest_v7
10554990,2219,s1,rest_v7
10554992,2240,s1,rest_v7
10554994,2211,s1,rest_v7
10554996,2223,s1,rest_v7
10554998,2218,s1,rest_v7
10555000,2240,s1,rest_v7
10555002,2221,s1,rest_v7
10555004,2210,s1,rest_v7
10555006,2236,s1,rest_v7
10555008,2239,s1,rest_v7
10555010,2233,s1,rest_v7
10555012,2202,s1,rest_v7
10555014,2244,s1,rest_v7
10555016,2230,s1,rest_v7
10555018,2234,s1,rest_v7
10555020,2190,s1,rest_v7
10555022,2246,s1,rest_v7
10555024,2221,s1,rest_v7
10555026,2239,s1,rest_v7
10555028,2191,s1,rest_v7
10555030,2256,s1,rest_v7
10555032,2222,s1,rest_v7
10555034,2238,s1,rest_v7
10555036,2196,s1,rest_v7
10555038,2237,s1,rest_v7
10555040,2211,s1,rest_v7
10555042,2239,s1,rest_v7
10555044,2210,s1,rest_v7
10555046,2222,s1,rest_v7
10555048,2215,s1,rest_v7
10555050,2238,s1,rest_v7
10555052,2223,s1,rest_v7
10555054,2204,s1,rest_v7
10555056,2231,s1,rest_v7
10555058,2237,s1,rest_v7
10555060,2225,s1,rest_v7
10555062,2194,s1,rest_v7
10555064,2246,s1,rest_v7
10555066,2231,s1,rest_v7
10555068,2230,s1,rest_v7
10555070,2189,s1,rest_v7
10555072,2256,s1,rest_v7
10555074,2227,s1,rest_v7
10555076,2244,s1,rest_v7
10555078,2193,s1,rest_v7
10555080,2256,s1,rest_v7
10555082,2218,s1,rest_v7
10555084,2242,s1,rest_v7
10555086,2207,s1,rest_v7
10555088,2243,s1,rest_v7
10555090,2215,s1,rest_v7
10555092,2242,s1,rest_v7
10555094,2214,s1,rest_v7
10555096,2223,s1,rest_v7
10555098,2221,s1,rest_v7
10555100,2239,s1,rest_v7
10555102,2221,s1,rest_v7
10555104,2207,s1,rest_v7
10555106,2238,s1,rest_v7
10555108,2240,s1,rest_v7
10555110,2228,s1,rest_v7
10555112,2195,s1,rest_v7
10555114,2244,s1,rest_v7
10555116,2229,s1,rest_v7
10555118,2237,s1,rest_v7
10555120,2186,s1,rest_v7
10555122,2253,s1,rest_v7
10555124,2226,s1,rest_v7
10555126,2242,s1,rest_v7
10555128,2193,s1,rest_v7
10555130,2256,s1,rest_v7
10555132,2213,s1,rest_v7
10555134,2240,s1,rest_v7
10555136,2199,s1,rest_v7
10555138,2236,s1,rest_v7
10555140,2214,s1,rest_v7
10555142,2239,s1,rest_v7
10555144,2215,s1,rest_v7
10555146,2215,s1,rest_v7
10555148,2215,s1,rest_v7
10555150,2235,s1,rest_v7
10555152,2221,s1,rest_v7
10555154,2200,s1,rest_v7
10555156,2234,s1,rest_v7
10555158,2235,s1,rest_v7
10555160,2228,s1,rest_v7
10555162,2194,s1,rest_v7
10555164,2245,s1,rest_v7
10555166,2225,s1,rest_v7
10555168,2233,s1,rest_v7
10555170,2185,s1,rest_v7
10555172,2253,s1,rest_v7
10555174,2223,s1,rest_v7
10555176,2239,s1,rest_v7
10555178,2192,s1,rest_v7
10555180,2251,s1,rest_v7
10555182,2213,s1,rest_v7
10555184,2235,s1,rest_v7
10555186,2198,s1,rest_v7
10555188,2238,s1,rest_v7
10555190,2215,s1,rest_v7
10555192,2241,s1,rest_v7
10555194,2210,s1,rest_v7
10555196,2219,s1,rest_v7
10555198,2215,s1,rest_v7
10555200,2237,s1,rest_v7
10555202,2217,s1,rest_v7
10555204,2197,s1,rest_v7
10555206,2230,s1,rest_v7
10555208,2226,s1,rest_v7
10555210,2229,s1,rest_v7
10555212,2192,s1,rest_v7
10555214,2240,s1,rest_v7
10555216,2223,s1,rest_v7
10555218,2233,s1,rest_v7
10555220,2186,s1,rest_v7
10555222,2253,s1,rest_v7
10555224,2219,s1,rest_v7
10555226,2242,s1,rest_v7
10555228,2196,s1,rest_v7
10555230,2254,s1,rest_v7
10555232,2218,s1,rest_v7
10555234,2244,s1,rest_v7
10555236,2206,s1,rest_v7
10555238,2237,s1,rest_v7
10555240,2219,s1,rest_v7
10555242,2245,s1,rest_v7
10555244,2219,s1,rest_v7
10555246,2223,s1,rest_v7
10555248,2222,s1,rest_v7
10555250,2241,s1,rest_v7
10555252,2224,s1,rest_v7
10555254,2202,s1,rest_v7
10555256,2241,s1,rest_v7
10555258,2235,s1,rest_v7
10555260,2236,s1,rest_v7
10555262,2195,s1,rest_v7
10555264,2251,s1,rest_v7
10555266,2229,s1,rest_v7
10555268,2238,s1,rest_v7
10555270,2189,s1,rest_v7
10555272,2259,s1,rest_v7
10555274,2225,s1,rest_v7
10555276,2244,s1,rest_v7
10555278,2205,s1,rest_v7
10555280,2257,s1,rest_v7
10555282,2224,s1,rest_v7
10555284,2252,s1,rest_v7
10555286,2211,s1,rest_v7
10555288,2239,s1,rest_v7
10555290,2221,s1,rest_v7
10555292,2251,s1,rest_v7
10555294,2224,s1,rest_v7
10555296,2224,s1,rest_v7
10555298,2228,s1,rest_v7
10555300,2250,s1,rest_v7
10555302,2227,s1,rest_v7
10555304,2205,s1,rest_v7
10555306,2242,s1,rest_v7
10555308,2237,s1,rest_v7
10555310,2235,s1,rest_v7
10555312,2199,s1,rest_v7
10555314,2254,s1,rest_v7
10555316,2231,s1,rest_v7
10555318,2240,s1,rest_v7
10555320,2192,s1,rest_v7
10555322,2257,s1,rest_v7
10555324,2230,s1,rest_v7
10555326,2244,s1,rest_v7
10555328,2207,s1,rest_v7
10555330,2258,s1,rest_v7
10555332,2223,s1,rest_v7
10555334,2250,s1,rest_v7
10555336,2205,s1,rest_v7
10555338,2240,s1,rest_v7
10555340,2224,s1,rest_v7
10555342,2247,s1,rest_v7
10555344,2223,s1,rest_v7
10555346,2222,s1,rest_v7
10555348,2225,s1,rest_v7
10555350,2239,s1,rest_v7
10555352,2228,s1,rest_v7
10555354,2207,s1,rest_v7
10555356,2243,s1,rest_v7
10555358,2237,s1,rest_v7
10555360,2237,s1,rest_v7
10555362,2203,s1,rest_v7
10555364,2253,s1,rest_v7
10555366,2227,s1,rest_v7
10555368,2239,s1,rest_v7
10555370,2195,s1,rest_v7
10555372,2258,s1,rest_v7
10555374,2227,s1,rest_v7
10555376,2251,s1,rest_v7
10555378,2205,s1,rest_v7
10555380,2261,s1,rest_v7
10555382,2224,s1,rest_v7
10555384,2250,s1,rest_v7
10555386,2215,s1,rest_v7
10555388,2242,s1,rest_v7
10555390,2226,s1,rest_v7
10555392,2255,s1,rest_v7
10555394,2223,s1,rest_v7
10555396,2224,s1,rest_v7
10555398,2231,s1,rest_v7
10555400,2243,s1,rest_v7
10555402,2231,s1,rest_v7
10555404,2201,s1,rest_v7
10555406,2243,s1,rest_v7
10555408,2243,s1,rest_v7
10555410,2241,s1,rest_v7
10555412,2201,s1,rest_v7
10555414,2259,s1,rest_v7
10555416,2235,s1,rest_v7
10555418,2241,s1,rest_v7
10555420,2196,s1,rest_v7
10555422,2263,s1,rest_v7
10555424,2227,s1,rest_v7
10555426,2247,s1,rest_v7
10555428,2205,s1,rest_v7
10555430,2257,s1,rest_v7
10555432,2222,s1,rest_v7
10555434,2253,s1,rest_v7
10555436,2213,s1,rest_v7
10555438,2237,s1,rest_v7
10555440,2224,s1,rest_v7
10555442,2250,s1,rest_v7
10555444,2225,s1,rest_v7
10555446,2224,s1,rest_v7
10555448,2234,s1,rest_v7
10555450,2243,s1,rest_v7
10555452,2231,s1,rest_v7
10555454,2211,s1,rest_v7
10555456,2253,s1,rest_v7
10555458,2247,s1,rest_v7
10555460,2240,s1,rest_v7
10555462,2195,s1,rest_v7
10555464,2256,s1,rest_v7
10555466,2227,s1,rest_v7
10555468,2242,s1,rest_v7
10555470,2190,s1,rest_v7
10555472,2258,s1,rest_v7
10555474,2224,s1,rest_v7
10555476,2245,s1,rest_v7
10555478,2204,s1,rest_v7
10555480,2255,s1,rest_v7
10555482,2221,s1,rest_v7
10555484,2246,s1,rest_v7
10555486,2211,s1,rest_v7
10555488,2235,s1,rest_v7
10555490,2222,s1,rest_v7
10555492,2243,s1,rest_v7
10555494,2222,s1,rest_v7
10555496,2216,s1,rest_v7
10555498,2227,s1,rest_v7
10555500,2242,s1,rest_v7
10555502,2226,s1,rest_v7
10555504,2202,s1,rest_v7
10555506,2241,s1,rest_v7
10555508,2231,s1,rest_v7
10555510,2231,s1,rest_v7
10555512,2193,s1,rest_v7
10555514,2253,s1,rest_v7
10555516,2225,s1,rest_v7
10555518,2237,s1,rest_v7
10555520,2192,s1,rest_v7
10555522,2256,s1,rest_v7
10555524,2224,s1,rest_v7
10555526,2247,s1,rest_v7
10555528,2201,s1,rest_v7
10555530,2251,s1,rest_v7
10555532,2221,s1,rest_v7
10555534,2247,s1,rest_v7
10555536,2210,s1,rest_v7
10555538,2233,s1,rest_v7
10555540,2224,s1,rest_v7
10555542,2244,s1,rest_v7
10555544,2224,s1,rest_v7
10555546,2214,s1,rest_v7
10555548,2233,s1,rest_v7
10555550,2242,s1,rest_v7
10555552,2224,s1,rest_v7
10555554,2198,s1,rest_v7
10555556,2244,s1,rest_v7
10555558,2231,s1,rest_v7
10555560,2237,s1,rest_v7
10555562,2192,s1,rest_v7
10555564,2252,s1,rest_v7
10555566,2231,s1,rest_v7
10555568,2237,s1,rest_v7
10555570,2192,s1,rest_v7
10555572,2257,s1,rest_v7
10555574,2224,s1,rest_v7
10555576,2247,s1,rest_v7
10555578,2208,s1,rest_v7
10555580,2255,s1,rest_v7
10555582,2222,s1,rest_v7
10555584,2247,s1,rest_v7
10555586,2214,s1,rest_v7
10555588,2233,s1,rest_v7
10555590,2224,s1,rest_v7
10555592,2250,s1,rest_v7
10555594,2224,s1,rest_v7
10555596,2221,s1,rest_v7
10555598,2237,s1,rest_v7
10555600,2247,s1,rest_v7
10555602,2234,s1,rest_v7
10555604,2205,s1,rest_v7
10555606,2247,s1,rest_v7
10555608,2233,s1,rest_v7
10555610,2239,s1,rest_v7
10555612,2192,s1,rest_v7
10555614,2255,s1,rest_v7
10555616,2227,s1,rest_v7
10555618,2240,s1,rest_v7
10555620,2193,s1,rest_v7
10555622,2258,s1,rest_v7
10555624,2225,s1,rest_v7
10555626,2250,s1,rest_v7
10555628,2209,s1,rest_v7
10555630,2257,s1,rest_v7
10555632,2223,s1,rest_v7
10555634,2249,s1,rest_v7
10555636,2220,s1,rest_v7
10555638,2234,s1,rest_v7
10555640,2224,s1,rest_v7
10555642,2243,s1,rest_v7
10555644,2224,s1,rest_v7
10555646,2213,s1,rest_v7
10555648,2230,s1,rest_v7
10555650,2238,s1,rest_v7
10555652,2231,s1,rest_v7
10555654,2198,s1,rest_v7
10555656,2249,s1,rest_v7
10555658,2231,s1,rest_v7
10555660,2237,s1,rest_v7
10555662,2190,s1,rest_v7
10555664,2254,s1,rest_v7
10555666,2224,s1,rest_v7
10555668,2241,s1,rest_v7
10555670,2192,s1,rest_v7
10555672,2261,s1,rest_v7
10555674,2225,s1,rest_v7
10555676,2243,s1,rest_v7
10555678,2205,s1,rest_v7
10555680,2249,s1,rest_v7
10555682,2219,s1,rest_v7
10555684,2250,s1,rest_v7
10555686,2209,s1,rest_v7
10555688,2225,s1,rest_v7
10555690,2224,s1,rest_v7
10555692,2243,s1,rest_v7
10555694,2221,s1,rest_v7
10555696,2210,s1,rest_v7
10555698,2234,s1,rest_v7
10555700,2239,s1,rest_v7
10555702,2227,s1,rest_v7
10555704,2202,s1,rest_v7
10555706,2245,s1,rest_v7
10555708,2235,s1,rest_v7
10555710,2238,s1,rest_v7
10555712,2193,s1,rest_v7
10555714,2256,s1,rest_v7
10555716,2233,s1,rest_v7
10555718,2241,s1,rest_v7
10555720,2192,s1,rest_v7
10555722,2257,s1,rest_v7
10555724,2224,s1,rest_v7
10555726,2250,s1,rest_v7
10555728,2208,s1,rest_v7
10555730,2253,s1,rest_v7
10555732,2223,s1,rest_v7
10555734,2246,s1,rest_v7
10555736,2215,s1,rest_v7
10555738,2228,s1,rest_v7
10555740,2226,s1,rest_v7
10555742,2246,s1,rest_v7
10555744,2230,s1,rest_v7
10555746,2215,s1,rest_v7
10555748,2240,s1,rest_v7
10555750,2243,s1,rest_v7
10555752,2234,s1,rest_v7
10555754,2204,s1,rest_v7
10555756,2255,s1,rest_v7
10555758,2240,s1,rest_v7
10555760,2239,s1,rest_v7
10555762,2197,s1,rest_v7
10555764,2259,s1,rest_v7
10555766,2231,s1,rest_v7
10555768,2241,s1,rest_v7
10555770,2198,s1,rest_v7
10555772,2262,s1,rest_v7
10555774,2224,s1,rest_v7
10555776,2251,s1,rest_v7
10555778,2211,s1,rest_v7
10555780,2250,s1,rest_v7
10555782,2222,s1,rest_v7
10555784,2245,s1,rest_v7
10555786,2218,s1,rest_v7
10555788,2229,s1,rest_v7
10555790,2223,s1,rest_v7
10555792,2243,s1,rest_v7
10555794,2224,s1,rest_v7
10555796,2215,s1,rest_v7
10555798,2239,s1,rest_v7
10555800,2241,s1,rest_v7
10555802,2229,s1,rest_v7
10555804,2199,s1,rest_v7
10555806,2248,s1,rest_v7
10555808,2235,s1,rest_v7
10555810,2240,s1,rest_v7
10555812,2197,s1,rest_v7
10555814,2259,s1,rest_v7
10555816,2229,s1,rest_v7
10555818,2249,s1,rest_v7
10555820,2196,s1,rest_v7
10555822,2261,s1,rest_v7
10555824,2224,s1,rest_v7
10555826,2250,s1,rest_v7
10555828,2210,s1,rest_v7
10555830,2251,s1,rest_v7
10555832,2224,s1,rest_v7
10555834,2246,s1,rest_v7
10555836,2220,s1,rest_v7
10555838,2229,s1,rest_v7
10555840,2227,s1,rest_v7
10555842,2246,s1,rest_v7
10555844,2229,s1,rest_v7
10555846,2214,s1,rest_v7
10555848,2241,s1,rest_v7
10555850,2240,s1,rest_v7
10555852,2229,s1,rest_v7
10555854,2202,s1,rest_v7
10555856,2247,s1,rest_v7
10555858,2235,s1,rest_v7
10555860,2240,s1,rest_v7
10555862,2192,s1,rest_v7
10555864,2258,s1,rest_v7
10555866,2225,s1,rest_v7
10555868,2242,s1,rest_v7
10555870,2199,s1,rest_v7
10555872,2258,s1,rest_v7
10555874,2224,s1,rest_v7
10555876,2249,s1,rest_v7
10555878,2208,s1,rest_v7
10555880,2252,s1,rest_v7
10555882,2224,s1,rest_v7
10555884,2247,s1,rest_v7
10555886,2223,s1,rest_v7
10555888,2226,s1,rest_v7
10555890,2225,s1,rest_v7
10555892,2246,s1,rest_v7
10555894,2226,s1,rest_v7
10555896,2213,s1,rest_v7
10555898,2235,s1,rest_v7
10555900,2241,s1,rest_v7
10555902,2234,s1,rest_v7
10555904,2192,s1,rest_v7
10555906,2245,s1,rest_v7
10555908,2231,s1,rest_v7
10555910,2239,s1,rest_v7
10555912,2192,s1,rest_v7
10555914,2256,s1,rest_v7
10555916,2222,s1,rest_v7
10555918,2240,s1,rest_v7
10555920,2192,s1,rest_v7
10555922,2254,s1,rest_v7
10555924,2224,s1,rest_v7
10555926,2242,s1,rest_v7
10555928,2206,s1,rest_v7
10555930,2240,s1,rest_v7
10555932,2212,s1,rest_v7
10555934,2238,s1,rest_v7
10555936,2209,s1,rest_v7
10555938,2219,s1,rest_v7
10555940,2221,s1,rest_v7
10555942,2239,s1,rest_v7
10555944,2224,s1,rest_v7
10555946,2207,s1,rest_v7
10555948,2231,s1,rest_v7
10555950,2234,s1,rest_v7
10555952,2225,s1,rest_v7
10555954,2193,s1,rest_v7
10555956,2245,s1,rest_v7
10555958,2229,s1,rest_v7
10555960,2239,s1,rest_v7
10555962,2191,s1,rest_v7
10555964,2256,s1,rest_v7
10555966,2224,s1,rest_v7
10555968,2241,s1,rest_v7
10555970,2199,s1,rest_v7
10555972,2256,s1,rest_v7
10555974,2222,s1,rest_v7
10555976,2247,s1,rest_v7
10555978,2209,s1,rest_v7
10555980,2249,s1,rest_v7
10555982,2221,s1,rest_v7
10555984,2249,s1,rest_v7
10555986,2223,s1,rest_v7
10555988,2224,s1,rest_v7
10555990,2230,s1,rest_v7
10555992,2247,s1,rest_v7
10555994,2231,s1,rest_v7
10555996,2211,s1,rest_v7
10555998,2247,s1,rest_v7
10556000,2242,s1,rest_v7
10556002,2235,s1,rest_v7
10556004,2195,s1,rest_v7
10556006,2254,s1,rest_v7
10556008,2233,s1,rest_v7
10556010,2242,s1,rest_v7
10556012,2197,s1,rest_v7
10556014,2262,s1,rest_v7
10556016,2226,s1,rest_v7
10556018,2245,s1,rest_v7
10556020,2197,s1,rest_v7
10556022,2258,s1,rest_v7
10556024,2224,s1,rest_v7
10556026,2251,s1,rest_v7
10556028,2214,s1,rest_v7
10556030,2241,s1,rest_v7
10556032,2219,s1,rest_v7
10556034,2247,s1,rest_v7
10556036,2224,s1,rest_v7
10556038,2222,s1,rest_v7
10556040,2226,s1,rest_v7
10556042,2253,s1,rest_v7
10556044,2230,s1,rest_v7
10556046,2214,s1,rest_v7
10556048,2249,s1,rest_v7
10556050,2242,s1,rest_v7
10556052,2235,s1,rest_v7
10556054,2198,s1,rest_v7
10556056,2256,s1,rest_v7
10556058,2237,s1,rest_v7
10556060,2246,s1,rest_v7
10556062,2197,s1,rest_v7
10556064,2263,s1,rest_v7
10556066,2228,s1,rest_v7
10556068,2243,s1,rest_v7
10556070,2202,s1,rest_v7
10556072,2257,s1,rest_v7
10556074,2225,s1,rest_v7
10556076,2249,s1,rest_v7
10556078,2213,s1,rest_v7
10556080,2247,s1,rest_v7
10556082,2224,s1,rest_v7
10556084,2249,s1,rest_v7
10556086,2221,s1,rest_v7
10556088,2224,s1,rest_v7
10556090,2229,s1,rest_v7
10556092,2249,s1,rest_v7
10556094,2231,s1,rest_v7
10556096,2209,s1,rest_v7
10556098,2243,s1,rest_v7
10556100,2240,s1,rest_v7
10556102,2238,s1,rest_v7
10556104,2195,s1,rest_v7
10556106,2254,s1,rest_v7
10556108,2236,s1,rest_v7
10556110,2243,s1,rest_v7
10556112,2196,s1,rest_v7
10556114,2259,s1,rest_v7
10556116,2224,s1,rest_v7
10556118,2243,s1,rest_v7
10556120,2199,s1,rest_v7
10556122,2256,s1,rest_v7
10556124,2224,s1,rest_v7
10556126,2255,s1,rest_v7
10556128,2216,s1,rest_v7
10556130,2251,s1,rest_v7
10556132,2225,s1,rest_v7
10556134,2252,s1,rest_v7
10556136,2224,s1,rest_v7
10556138,2225,s1,rest_v7
10556140,2235,s1,rest_v7
10556142,2246,s1,rest_v7
10556144,2233,s1,rest_v7
10556146,2207,s1,rest_v7
10556148,2242,s1,rest_v7
10556150,2243,s1,rest_v7
10556152,2231,s1,rest_v7
10556154,2199,s1,rest_v7
10556156,2251,s1,rest_v7
10556158,2238,s1,rest_v7
10556160,2250,s1,rest_v7
10556162,2192,s1,rest_v7
10556164,2259,s1,rest_v7
10556166,2225,s1,rest_v7
10556168,2246,s1,rest_v7
10556170,2200,s1,rest_v7
10556172,2256,s1,rest_v7
10556174,2224,s1,rest_v7
10556176,2251,s1,rest_v7
10556178,2215,s1,rest_v7
10556180,2242,s1,rest_v7
10556182,2223,s1,rest_v7
10556184,2254,s1,rest_v7
10556186,2224,s1,rest_v7
10556188,2223,s1,rest_v7
10556190,2231,s1,rest_v7
10556192,2245,s1,rest_v7
10556194,2227,s1,rest_v7
10556196,2207,s1,rest_v7
10556198,2249,s1,rest_v7
10556200,2242,s1,rest_v7
10556202,2233,s1,rest_v7
10556204,2197,s1,rest_v7
10556206,2256,s1,rest_v7
10556208,2236,s1,rest_v7
10556210,2245,s1,rest_v7
10556212,2199,s1,rest_v7
10556214,2267,s1,rest_v7
10556216,2225,s1,rest_v7
10556218,2246,s1,rest_v7
10556220,2205,s1,rest_v7
10556222,2258,s1,rest_v7
10556224,2224,s1,rest_v7
10556226,2253,s1,rest_v7
10556228,2217,s1,rest_v7
10556230,2243,s1,rest_v7
10556232,2222,s1,rest_v7
10556234,2246,s1,rest_v7
10556236,2220,s1,rest_v7
10556238,2221,s1,rest_v7
10556240,2237,s1,rest_v7
10556242,2246,s1,rest_v7
10556244,2231,s1,rest_v7
10556246,2210,s1,rest_v7
10556248,2248,s1,rest_v7
10556250,2243,s1,rest_v7
10556252,2241,s1,rest_v7
10556254,2198,s1,rest_v7
10556256,2257,s1,rest_v7
10556258,2233,s1,rest_v7
10556260,2247,s1,rest_v7
10556262,2203,s1,rest_v7
10556264,2267,s1,rest_v7
10556266,2226,s1,rest_v7
10556268,2247,s1,rest_v7
10556270,2207,s1,rest_v7
10556272,2257,s1,rest_v7
10556274,2224,s1,rest_v7
10556276,2252,s1,rest_v7
10556278,2218,s1,rest_v7
10556280,2245,s1,rest_v7
10556282,2223,s1,rest_v7
10556284,2247,s1,rest_v7
10556286,2224,s1,rest_v7
10556288,2223,s1,rest_v7
10556290,2237,s1,rest_v7
10556292,2251,s1,rest_v7
10556294,2235,s1,rest_v7
10556296,2215,s1,rest_v7
10556298,2255,s1,rest_v7
10556300,2239,s1,rest_v7
10556302,2241,s1,rest_v7
10556304,2194,s1,rest_v7
10556306,2258,s1,rest_v7
10556308,2236,s1,rest_v7
10556310,2246,s1,rest_v7
10556312,2194,s1,rest_v7
10556314,2262,s1,rest_v7
10556316,2225,s1,rest_v7
10556318,2249,s1,rest_v7
10556320,2208,s1,rest_v7
10556322,2259,s1,rest_v7
10556324,2225,s1,rest_v7
10556326,2247,s1,rest_v7
10556328,2217,s1,rest_v7
10556330,2239,s1,rest_v7
10556332,2223,s1,rest_v7
10556334,2245,s1,rest_v7
10556336,2221,s1,rest_v7
10556338,2218,s1,rest_v7
10556340,2234,s1,rest_v7
10556342,2246,s1,rest_v7
10556344,2231,s1,rest_v7
10556346,2209,s1,rest_v7
10556348,2251,s1,rest_v7
10556350,2237,s1,rest_v7
10556352,2235,s1,rest_v7
10556354,2197,s1,rest_v7
10556356,2258,s1,rest_v7
10556358,2235,s1,rest_v7
10556360,2247,s1,rest_v7
10556362,2198,s1,rest_v7
10556364,2265,s1,rest_v7
10556366,2225,s1,rest_v7
10556368,2249,s1,rest_v7
10556370,2205,s1,rest_v7
10556372,2257,s1,rest_v7
10556374,2226,s1,rest_v7
10556376,2250,s1,rest_v7
10556378,2215,s1,rest_v7
10556380,2237,s1,rest_v7
10556382,2220,s1,rest_v7
10556384,2245,s1,rest_v7
10556386,2224,s1,rest_v7
10556388,2213,s1,rest_v7
10556390,2237,s1,rest_v7
10556392,2244,s1,rest_v7
10556394,2230,s1,rest_v7
10556396,2205,s1,rest_v7
10556398,2250,s1,rest_v7
10556400,2235,s1,rest_v7
10556402,2239,s1,rest_v7
10556404,2194,s1,rest_v7
10556406,2256,s1,rest_v7
10556408,2230,s1,rest_v7
10556410,2242,s1,rest_v7
10556412,2193,s1,rest_v7
10556414,2265,s1,rest_v7
10556416,2224,s1,rest_v7
10556418,2249,s1,rest_v7
10556420,2205,s1,rest_v7
10556422,2253,s1,rest_v7
10556424,2226,s1,rest_v7
10556426,2249,s1,rest_v7
10556428,2218,s1,rest_v7
10556430,2238,s1,rest_v7
10556432,2220,s1,rest_v7
10556434,2249,s1,rest_v7
10556436,2222,s1,rest_v7
10556438,2214,s1,rest_v7
10556440,2233,s1,rest_v7
10556442,2242,s1,rest_v7
10556444,2229,s1,rest_v7
10556446,2206,s1,rest_v7
10556448,2250,s1,rest_v7
10556450,2235,s1,rest_v7
10556452,2238,s1,rest_v7
10556454,2192,s1,rest_v7
10556456,2254,s1,rest_v7
10556458,2229,s1,rest_v7
10556460,2243,s1,rest_v7
10556462,2197,s1,rest_v7
10556464,2256,s1,rest_v7
10556466,2219,s1,rest_v7
10556468,2243,s1,rest_v7
10556470,2198,s1,rest_v7
10556472,2249,s1,rest_v7
10556474,2219,s1,rest_v7
10556476,2245,s1,rest_v7
10556478,2218,s1,rest_v7
10556480,2234,s1,rest_v7
10556482,2221,s1,rest_v7
10556484,2243,s1,rest_v7
10556486,2221,s1,rest_v7
10556488,2209,s1,rest_v7
10556490,2237,s1,rest_v7
10556492,2240,s1,rest_v7
10556494,2230,s1,rest_v7
10556496,2206,s1,rest_v7
10556498,2247,s1,rest_v7
10556500,2233,s1,rest_v7
10556502,2231,s1,rest_v7
10556504,2192,s1,rest_v7
10556506,2251,s1,rest_v7
10556508,2227,s1,rest_v7
10556510,2240,s1,rest_v7
10556512,2192,s1,rest_v7
10556514,2258,s1,rest_v7
10556516,2221,s1,rest_v7
10556518,2243,s1,rest_v7
10556520,2199,s1,rest_v7
10556522,2256,s1,rest_v7
10556524,2223,s1,rest_v7
10556526,2247,s1,rest_v7
10556528,2218,s1,rest_v7
10556530,2233,s1,rest_v7
10556532,2219,s1,rest_v7
10556534,2245,s1,rest_v7
10556536,2224,s1,rest_v7
10556538,2215,s1,rest_v7
10556540,2239,s1,rest_v7
10556542,2248,s1,rest_v7
10556544,2239,s1,rest_v7
10556546,2207,s1,rest_v7
10556548,2250,s1,rest_v7
10556550,2238,s1,rest_v7
10556552,2239,s1,rest_v7
10556554,2195,s1,rest_v7
10556556,2262,s1,rest_v7
10556558,2236,s1,rest_v7
10556560,2253,s1,rest_v7
10556562,2198,s1,rest_v7
10556564,2259,s1,rest_v7
10556566,2226,s1,rest_v7
10556568,2250,s1,rest_v7
10556570,2205,s1,rest_v7
10556572,2253,s1,rest_v7
10556574,2224,s1,rest_v7
10556576,2251,s1,rest_v7
10556578,2222,s1,rest_v7
10556580,2236,s1,rest_v7
10556582,2224,s1,rest_v7
10556584,2254,s1,rest_v7
10556586,2224,s1,rest_v7
10556588,2221,s1,rest_v7
10556590,2243,s1,rest_v7
10556592,2247,s1,rest_v7
10556594,2238,s1,rest_v7
10556596,2209,s1,rest_v7
10556598,2256,s1,rest_v7
10556600,2241,s1,rest_v7
10556602,2244,s1,rest_v7
10556604,2199,s1,rest_v7
10556606,2261,s1,rest_v7
10556608,2237,s1,rest_v7
10556610,2247,s1,rest_v7
10556612,2194,s1,rest_v7
10556614,2265,s1,rest_v7
10556616,2224,s1,rest_v7
10556618,2256,s1,rest_v7
10556620,2209,s1,rest_v7
10556622,2255,s1,rest_v7
10556624,2224,s1,rest_v7
10556626,2255,s1,rest_v7
10556628,2219,s1,rest_v7
10556630,2231,s1,rest_v7
10556632,2223,s1,rest_v7
10556634,2247,s1,rest_v7
10556636,2224,s1,rest_v7
10556638,2213,s1,rest_v7
10556640,2239,s1,rest_v7
10556642,2244,s1,rest_v7
10556644,2240,s1,rest_v7
10556646,2207,s1,rest_v7
10556648,2256,s1,rest_v7
10556650,2238,s1,rest_v7
10556652,2243,s1,rest_v7
10556654,2197,s1,rest_v7
10556656,2257,s1,rest_v7
10556658,2234,s1,rest_v7
10556660,2251,s1,rest_v7
10556662,2207,s1,rest_v7
10556664,2263,s1,rest_v7
10556666,2226,s1,rest_v7
10556668,2252,s1,rest_v7
10556670,2210,s1,rest_v7
10556672,2255,s1,rest_v7
10556674,2225,s1,rest_v7
10556676,2251,s1,rest_v7
10556678,2221,s1,rest_v7
10556680,2234,s1,rest_v7
10556682,2223,s1,rest_v7
10556684,2247,s1,rest_v7
10556686,2224,s1,rest_v7
10556688,2213,s1,rest_v7
10556690,2237,s1,rest_v7
10556692,2241,s1,rest_v7
10556694,2233,s1,rest_v7
10556696,2202,s1,rest_v7
10556698,2249,s1,rest_v7
10556700,2235,s1,rest_v7
10556702,2237,s1,rest_v7
10556704,2192,s1,rest_v7
10556706,2253,s1,rest_v7
10556708,2225,s1,rest_v7
10556710,2240,s1,rest_v7
10556712,2195,s1,rest_v7
10556714,2256,s1,rest_v7
10556716,2224,s1,rest_v7
10556718,2245,s1,rest_v7
10556720,2201,s1,rest_v7
10556722,2247,s1,rest_v7
10556724,2224,s1,rest_v7
10556726,2250,s1,rest_v7
10556728,2219,s1,rest_v7
10556730,2227,s1,rest_v7
10556732,2224,s1,rest_v7
10556734,2240,s1,rest_v7
10556736,2223,s1,rest_v7
10556738,2208,s1,rest_v7
10556740,2240,s1,rest_v7
10556742,2240,s1,rest_v7
10556744,2235,s1,rest_v7
10556746,2203,s1,rest_v7
10556748,2256,s1,rest_v7
10556750,2235,s1,rest_v7
10556752,2240,s1,rest_v7
10556754,2192,s1,rest_v7
10556756,2256,s1,rest_v7
10556758,2225,s1,rest_v7
10556760,2241,s1,rest_v7
10556762,2196,s1,rest_v7
10556764,2261,s1,rest_v7
10556766,2224,s1,rest_v7
10556768,2245,s1,rest_v7
10556770,2203,s1,rest_v7
10556772,2247,s1,rest_v7
10556774,2224,s1,rest_v7
10556776,2247,s1,rest_v7
10556778,2219,s1,rest_v7
10556780,2224,s1,rest_v7
10556782,2224,s1,rest_v7
10556784,2246,s1,rest_v7
10556786,2224,s1,rest_v7
10556788,2213,s1,rest_v7
10556790,2241,s1,rest_v7
10556792,2243,s1,rest_v7
10556794,2233,s1,rest_v7
10556796,2204,s1,rest_v7
10556798,2253,s1,rest_v7
10556800,2236,s1,rest_v7
10556802,2244,s1,rest_v7
10556804,2198,s1,rest_v7
10556806,2259,s1,rest_v7
10556808,2231,s1,rest_v7
10556810,2247,s1,rest_v7
10556812,2207,s1,rest_v7
10556814,2269,s1,rest_v7
10556816,2224,s1,rest_v7
10556818,2254,s1,rest_v7
10556820,2211,s1,rest_v7
10556822,2247,s1,rest_v7
10556824,2223,s1,rest_v7
10556826,2253,s1,rest_v7
10556828,2223,s1,rest_v7
10556830,2229,s1,rest_v7
10556832,2225,s1,rest_v7
10556834,2249,s1,rest_v7
10556836,2225,s1,rest_v7
10556838,2209,s1,rest_v7
10556840,2241,s1,rest_v7
10556842,2245,s1,rest_v7
10556844,2240,s1,rest_v7
10556846,2204,s1,rest_v7
10556848,2255,s1,rest_v7
10556850,2235,s1,rest_v7
10556852,2241,s1,rest_v7
10556854,2193,s1,rest_v7
10556856,2263,s1,rest_v7
10556858,2233,s1,rest_v7
10556860,2249,s1,rest_v7
10556862,2203,s1,rest_v7
10556864,2265,s1,rest_v7
10556866,2227,s1,rest_v7
10556868,2254,s1,rest_v7
10556870,2215,s1,rest_v7
10556872,2245,s1,rest_v7
10556874,2225,s1,rest_v7
10556876,2254,s1,rest_v7
10556878,2224,s1,rest_v7
10556880,2234,s1,rest_v7
10556882,2229,s1,rest_v7
10556884,2251,s1,rest_v7
10556886,2229,s1,rest_v7
10556888,2213,s1,rest_v7
10556890,2248,s1,rest_v7
10556892,2246,s1,rest_v7
10556894,2239,s1,rest_v7
10556896,2203,s1,rest_v7
10556898,2256,s1,rest_v7
10556900,2240,s1,rest_v7
10556902,2244,s1,rest_v7
10556904,2195,s1,rest_v7
10556906,2259,s1,rest_v7
10556908,2231,s1,rest_v7
10556910,2243,s1,rest_v7
10556912,2202,s1,rest_v7
10556914,2258,s1,rest_v7
10556916,2224,s1,rest_v7
10556918,2246,s1,rest_v7
10556920,2203,s1,rest_v7
10556922,2245,s1,rest_v7
10556924,2223,s1,rest_v7
10556926,2248,s1,rest_v7
10556928,2223,s1,rest_v7
10556930,2224,s1,rest_v7
10556932,2224,s1,rest_v7
10556934,2243,s1,rest_v7
10556936,2224,s1,rest_v7
10556938,2208,s1,rest_v7
10556940,2239,s1,rest_v7
10556942,2241,s1,rest_v7
10556944,2234,s1,rest_v7
10556946,2199,s1,rest_v7
10556948,2251,s1,rest_v7
10556950,2234,s1,rest_v7
10556952,2240,s1,rest_v7
10556954,2192,s1,rest_v7
10556956,2258,s1,rest_v7
10556958,2228,s1,rest_v7
10556960,2253,s1,rest_v7
10556962,2206,s1,rest_v7
10556964,2263,s1,rest_v7
10556966,2224,s1,rest_v7
10556968,2252,s1,rest_v7
10556970,2207,s1,rest_v7
10556972,2243,s1,rest_v7
10556974,2227,s1,rest_v7
10556976,2256,s1,rest_v7
10556978,2224,s1,rest_v7
10556980,2225,s1,rest_v7
10556982,2231,s1,rest_v7
10556984,2247,s1,rest_v7
10556986,2234,s1,rest_v7
10556988,2212,s1,rest_v7
10556990,2246,s1,rest_v7
10556992,2243,s1,rest_v7
10556994,2238,s1,rest_v7
10556996,2202,s1,rest_v7
10556998,2254,s1,rest_v7
10557000,2237,s1,rest_v7
10557002,2243,s1,rest_v7
10557004,2194,s1,rest_v7
10557006,2261,s1,rest_v7
10557008,2230,s1,rest_v7
10557010,2247,s1,rest_v7
10557012,2202,s1,rest_v7
10557014,2262,s1,rest_v7
10557016,2221,s1,rest_v7
10557018,2247,s1,rest_v7
10557020,2208,s1,rest_v7
10557022,2242,s1,rest_v7
10557024,2218,s1,rest_v7
10557026,2249,s1,rest_v7
10557028,2220,s1,rest_v7
10557030,2225,s1,rest_v7
10557032,2229,s1,rest_v7
10557034,2242,s1,rest_v7
10557036,2224,s1,rest_v7
10557038,2208,s1,rest_v7
10557040,2244,s1,rest_v7
10557042,2244,s1,rest_v7
10557044,2238,s1,rest_v7
10557046,2198,s1,rest_v7
10557048,2253,s1,rest_v7
10557050,2230,s1,rest_v7
10557052,2244,s1,rest_v7
10557054,2192,s1,rest_v7
10557056,2261,s1,rest_v7
10557058,2226,s1,rest_v7
10557060,2247,s1,rest_v7
10557062,2203,s1,rest_v7
10557064,2258,s1,rest_v7
10557066,2224,s1,rest_v7
10557068,2245,s1,rest_v7
10557070,2211,s1,rest_v7
10557072,2240,s1,rest_v7
10557074,2222,s1,rest_v7
10557076,2251,s1,rest_v7
10557078,2224,s1,rest_v7
10557080,2223,s1,rest_v7
10557082,2235,s1,rest_v7
10557084,2246,s1,rest_v7
10557086,2234,s1,rest_v7
10557088,2210,s1,rest_v7
10557090,2249,s1,rest_v7
10557092,2241,s1,rest_v7
10557094,2239,s1,rest_v7
10557096,2205,s1,rest_v7
10557098,2261,s1,rest_v7
10557100,2237,s1,rest_v7
10557102,2247,s1,rest_v7
10557104,2196,s1,rest_v7
10557106,2263,s1,rest_v7
10557108,2233,s1,rest_v7
10557110,2247,s1,rest_v7
10557112,2202,s1,rest_v7
10557114,2259,s1,rest_v7
10557116,2223,s1,rest_v7
10557118,2246,s1,rest_v7
10557120,2210,s1,rest_v7
10557122,2238,s1,rest_v7
10557124,2221,s1,rest_v7
10557126,2246,s1,rest_v7
10557128,2223,s1,rest_v7
10557130,2223,s1,rest_v7
10557132,2227,s1,rest_v7
10557134,2244,s1,rest_v7
10557136,2224,s1,rest_v7
10557138,2203,s1,rest_v7
10557140,2242,s1,rest_v7
10557142,2235,s1,rest_v7
10557144,2235,s1,rest_v7
10557146,2203,s1,rest_v7
10557148,2253,s1,rest_v7
10557150,2230,s1,rest_v7
10557152,2240,s1,rest_v7
10557154,2192,s1,rest_v7
10557156,2258,s1,rest_v7
10557158,2229,s1,rest_v7
10557160,2242,s1,rest_v7
10557162,2206,s1,rest_v7
10557164,2257,s1,rest_v7
10557166,2225,s1,rest_v7
10557168,2250,s1,rest_v7
10557170,2209,s1,rest_v7
10557172,2241,s1,rest_v7
10557174,2223,s1,rest_v7
10557176,2246,s1,rest_v7
10557178,2223,s1,rest_v7
10557180,2221,s1,rest_v7
10557182,2229,s1,rest_v7
10557184,2245,s1,rest_v7
10557186,2225,s1,rest_v7
10557188,2204,s1,rest_v7
10557190,2244,s1,rest_v7
10557192,2240,s1,rest_v7
10557194,2234,s1,rest_v7
10557196,2194,s1,rest_v7
10557198,2255,s1,rest_v7
10557200,2227,s1,rest_v7
10557202,2240,s1,rest_v7
10557204,2192,s1,rest_v7
10557206,2257,s1,rest_v7
10557208,2225,s1,rest_v7
10557210,2243,s1,rest_v7
10557212,2201,s1,rest_v7
10557214,2257,s1,rest_v7
10557216,2218,s1,rest_v7
10557218,2245,s1,rest_v7
10557220,2208,s1,rest_v7
10557222,2236,s1,rest_v7
10557224,2223,s1,rest_v7
10557226,2246,s1,rest_v7
10557228,2222,s1,rest_v7
10557230,2218,s1,rest_v7
10557232,2227,s1,rest_v7
10557234,2243,s1,rest_v7
10557236,2229,s1,rest_v7
10557238,2206,s1,rest_v7
10557240,2251,s1,rest_v7
10557242,2243,s1,rest_v7
10557244,2242,s1,rest_v7
10557246,2199,s1,rest_v7
10557248,2257,s1,rest_v7
10557250,2235,s1,rest_v7
10557252,2244,s1,rest_v7
10557254,2193,s1,rest_v7
10557256,2261,s1,rest_v7
10557258,2233,s1,rest_v7
10557260,2254,s1,rest_v7
10557262,2209,s1,rest_v7
10557264,2263,s1,rest_v7
10557266,2226,s1,rest_v7
10557268,2256,s1,rest_v7
10557270,2219,s1,rest_v7
10557272,2244,s1,rest_v7
10557274,2225,s1,rest_v7
10557276,2256,s1,rest_v7
10557278,2227,s1,rest_v7
10557280,2230,s1,rest_v7
10557282,2239,s1,rest_v7
10557284,2252,s1,rest_v7
10557286,2235,s1,rest_v7
10557288,2211,s1,rest_v7
10557290,2253,s1,rest_v7
10557292,2243,s1,rest_v7
10557294,2241,s1,rest_v7
10557296,2203,s1,rest_v7
10557298,2259,s1,rest_v7
10557300,2237,s1,rest_v7
10557302,2245,s1,rest_v7
10557304,2195,s1,rest_v7
10557306,2263,s1,rest_v7
10557308,2231,s1,rest_v7
10557310,2256,s1,rest_v7
10557312,2210,s1,rest_v7
10557314,2257,s1,rest_v7
10557316,2226,s1,rest_v7
10557318,2255,s1,rest_v7
10557320,2222,s1,rest_v7
10557322,2242,s1,rest_v7
10557324,2228,s1,rest_v7
10557326,2255,s1,rest_v7
10557328,2227,s1,rest_v7
10557330,2224,s1,rest_v7
10557332,2238,s1,rest_v7
10557334,2247,s1,rest_v7
10557336,2236,s1,rest_v7
10557338,2208,s1,rest_v7
10557340,2251,s1,rest_v7
10557342,2247,s1,rest_v7
10557344,2243,s1,rest_v7
10557346,2203,s1,rest_v7
10557348,2257,s1,rest_v7
10557350,2235,s1,rest_v7
10557352,2244,s1,rest_v7
10557354,2197,s1,rest_v7
10557356,2263,s1,rest_v7
10557358,2226,s1,rest_v7
10557360,2251,s1,rest_v7
10557362,2211,s1,rest_v7
10557364,2253,s1,rest_v7
10557366,2222,s1,rest_v7
10557368,2247,s1,rest_v7
10557370,2211,s1,rest_v7
10557372,2235,s1,rest_v7
10557374,2224,s1,rest_v7
10557376,2246,s1,rest_v7
10557378,2225,s1,rest_v7
10557380,2218,s1,rest_v7
10557382,2234,s1,rest_v7
10557384,2244,s1,rest_v7
10557386,2231,s1,rest_v7
10557388,2206,s1,rest_v7
10557390,2250,s1,rest_v7
10557392,2239,s1,rest_v7
10557394,2240,s1,rest_v7
10557396,2198,s1,rest_v7
10557398,2257,s1,rest_v7
10557400,2234,s1,rest_v7
10557402,2241,s1,rest_v7
10557404,2192,s1,rest_v7
10557406,2259,s1,rest_v7
10557408,2226,s1,rest_v7
10557410,2247,s1,rest_v7
10557412,2207,s1,rest_v7
10557414,2256,s1,rest_v7
10557416,2224,s1,rest_v7
10557418,2252,s1,rest_v7
10557420,2214,s1,rest_v7
10557422,2230,s1,rest_v7
10557424,2221,s1,rest_v7
10557426,2245,s1,rest_v7
10557428,2224,s1,rest_v7
10557430,2219,s1,rest_v7
10557432,2234,s1,rest_v7
10557434,2242,s1,rest_v7
10557436,2231,s1,rest_v7
10557438,2210,s1,rest_v7
10557440,2253,s1,rest_v7
10557442,2245,s1,rest_v7
10557444,2241,s1,rest_v7
10557446,2195,s1,rest_v7
10557448,2258,s1,rest_v7
10557450,2230,s1,rest_v7
10557452,2242,s1,rest_v7
10557454,2197,s1,rest_v7
10557456,2265,s1,rest_v7
10557458,2227,s1,rest_v7
10557460,2250,s1,rest_v7
10557462,2207,s1,rest_v7
10557464,2256,s1,rest_v7
10557466,2219,s1,rest_v7
10557468,2251,s1,rest_v7
10557470,2217,s1,rest_v7
10557472,2235,s1,rest_v7
10557474,2224,s1,rest_v7
10557476,2250,s1,rest_v7
10557478,2226,s1,rest_v7
10557480,2222,s1,rest_v7
10557482,2240,s1,rest_v7
10557484,2245,s1,rest_v7
10557486,2235,s1,rest_v7
10557488,2210,s1,rest_v7
10557490,2255,s1,rest_v7
10557492,2241,s1,rest_v7
10557494,2242,s1,rest_v7
10557496,2202,s1,rest_v7
10557498,2261,s1,rest_v7
10557500,2232,s1,rest_v7
10557502,2247,s1,rest_v7
10557504,2195,s1,rest_v7
10557506,2263,s1,rest_v7
10557508,2226,s1,rest_v7
10557510,2252,s1,rest_v7
10557512,2205,s1,rest_v7
10557514,2253,s1,rest_v7
10557516,2223,s1,rest_v7
10557518,2246,s1,rest_v7
10557520,2213,s1,rest_v7
10557522,2231,s1,rest_v7
10557524,2224,s1,rest_v7
10557526,2247,s1,rest_v7
10557528,2224,s1,rest_v7
10557530,2219,s1,rest_v7
10557532,2232,s1,rest_v7
10557534,2242,s1,rest_v7
10557536,2230,s1,rest_v7
10557538,2202,s1,rest_v7
10557540,2247,s1,rest_v7
10557542,2238,s1,rest_v7
10557544,2235,s1,rest_v7
10557546,2192,s1,rest_v7
10557548,2256,s1,rest_v7
10557550,2225,s1,rest_v7
10557552,2238,s1,rest_v7
10557554,2192,s1,rest_v7
10557556,2258,s1,rest_v7
10557558,2224,s1,rest_v7
10557560,2243,s1,rest_v7
10557562,2208,s1,rest_v7
10557564,2255,s1,rest_v7
10557566,2219,s1,rest_v7
10557568,2249,s1,rest_v7
10557570,2218,s1,rest_v7
10557572,2231,s1,rest_v7
10557574,2224,s1,rest_v7
10557576,2250,s1,rest_v7
10557578,2224,s1,rest_v7
10557580,2221,s1,rest_v7
10557582,2241,s1,rest_v7
10557584,2245,s1,rest_v7
10557586,2233,s1,rest_v7
10557588,2209,s1,rest_v7
10557590,2255,s1,rest_v7
10557592,2240,s1,rest_v7
10557594,2245,s1,rest_v7
10557596,2205,s1,rest_v7
10557598,2261,s1,rest_v7
10557600,2235,s1,rest_v7
10557602,2245,s1,rest_v7
10557604,2198,s1,rest_v7
10557606,2263,s1,rest_v7
10557608,2228,s1,rest_v7
10557610,2253,s1,rest_v7
10557612,2218,s1,rest_v7
10557614,2256,s1,rest_v7
10557616,2225,s1,rest_v7
10557618,2255,s1,rest_v7
10557620,2219,s1,rest_v7
10557622,2235,s1,rest_v7
10557624,2230,s1,rest_v7
10557626,2252,s1,rest_v7
10557628,2233,s1,rest_v7
10557630,2224,s1,rest_v7
10557632,2240,s1,rest_v7
10557634,2249,s1,rest_v7
10557636,2238,s1,rest_v7
10557638,2206,s1,rest_v7
10557640,2256,s1,rest_v7
10557642,2242,s1,rest_v7
10557644,2241,s1,rest_v7
10557646,2204,s1,rest_v7
10557648,2261,s1,rest_v7
10557650,2233,s1,rest_v7
10557652,2253,s1,rest_v7
10557654,2203,s1,rest_v7
10557656,2271,s1,rest_v7
10557658,2234,s1,rest_v7
10557660,2253,s1,rest_v7
10557662,2211,s1,rest_v7
10557664,2257,s1,rest_v7
10557666,2224,s1,rest_v7
10557668,2251,s1,rest_v7
10557670,2218,s1,rest_v7
10557672,2233,s1,rest_v7
10557674,2224,s1,rest_v7
10557676,2251,s1,rest_v7
10557678,2227,s1,rest_v7
10557680,2219,s1,rest_v7
10557682,2243,s1,rest_v7
10557684,2245,s1,rest_v7
10557686,2237,s1,rest_v7
10557688,2205,s1,rest_v7
10557690,2253,s1,rest_v7
10557692,2242,s1,rest_v7
10557694,2241,s1,rest_v7
10557696,2197,s1,rest_v7
10557698,2259,s1,rest_v7
10557700,2229,s1,rest_v7
10557702,2242,s1,rest_v7
10557704,2193,s1,rest_v7
10557706,2258,s1,rest_v7
10557708,2224,s1,rest_v7
10557710,2247,s1,rest_v7
10557712,2203,s1,rest_v7
10557714,2249,s1,rest_v7
10557716,2218,s1,rest_v7
10557718,2242,s1,rest_v7
10557720,2211,s1,rest_v7
10557722,2225,s1,rest_v7
10557724,2223,s1,rest_v7
10557726,2242,s1,rest_v7
10557728,2224,s1,rest_v7
10557730,2212,s1,rest_v7
10557732,2241,s1,rest_v7
10557734,2243,s1,rest_v7
10557736,2231,s1,rest_v7
10557738,2197,s1,rest_v7
10557740,2247,s1,rest_v7
10557742,2234,s1,rest_v7
10557744,2242,s1,rest_v7
10557746,2192,s1,rest_v7
10557748,2257,s1,rest_v7
10557750,2230,s1,rest_v7
10557752,2245,s1,rest_v7
10557754,2194,s1,rest_v7
10557756,2262,s1,rest_v7
10557758,2224,s1,rest_v7
10557760,2249,s1,rest_v7
10557762,2209,s1,rest_v7
10557764,2250,s1,rest_v7
10557766,2222,s1,rest_v7
10557768,2246,s1,rest_v7
10557770,2218,s1,rest_v7
10557772,2233,s1,rest_v7
10557774,2229,s1,rest_v7
10557776,2253,s1,rest_v7
10557778,2229,s1,rest_v7
10557780,2219,s1,rest_v7
10557782,2240,s1,rest_v7
10557784,2247,s1,rest_v7
10557786,2231,s1,rest_v7
10557788,2204,s1,rest_v7
10557790,2253,s1,rest_v7
10557792,2238,s1,rest_v7
10557794,2240,s1,rest_v7
10557796,2192,s1,rest_v7
10557798,2261,s1,rest_v7
10557800,2225,s1,rest_v7
10557802,2243,s1,rest_v7
10557804,2192,s1,rest_v7
10557806,2261,s1,rest_v7
10557808,2223,s1,rest_v7
10557810,2243,s1,rest_v7
10557812,2211,s1,rest_v7
10557814,2250,s1,rest_v7
10557816,2222,s1,rest_v7
10557818,2247,s1,rest_v7
10557820,2223,s1,rest_v7
10557822,2227,s1,rest_v7
10557824,2230,s1,rest_v7
10557826,2255,s1,rest_v7
10557828,2227,s1,rest_v7
10557830,2218,s1,rest_v7
10557832,2241,s1,rest_v7
10557834,2240,s1,rest_v7
10557836,2238,s1,rest_v7
10557838,2203,s1,rest_v7
10557840,2256,s1,rest_v7
10557842,2238,s1,rest_v7
10557844,2246,s1,rest_v7
10557846,2195,s1,rest_v7
10557848,2266,s1,rest_v7
10557850,2227,s1,rest_v7
10557852,2246,s1,rest_v7
10557854,2195,s1,rest_v7
10557856,2258,s1,rest_v7
10557858,2229,s1,rest_v7
10557860,2252,s1,rest_v7
10557862,2211,s1,rest_v7
10557864,2251,s1,rest_v7
10557866,2221,s1,rest_v7
10557868,2251,s1,rest_v7
10557870,2221,s1,rest_v7
10557872,2225,s1,rest_v7
10557874,2228,s1,rest_v7
10557876,2247,s1,rest_v7
10557878,2231,s1,rest_v7
10557880,2215,s1,rest_v7
10557882,2245,s1,rest_v7
10557884,2245,s1,rest_v7
10557886,2233,s1,rest_v7
10557888,2201,s1,rest_v7
10557890,2257,s1,rest_v7
10557892,2240,s1,rest_v7
10557894,2245,s1,rest_v7
10557896,2203,s1,rest_v7
10557898,2262,s1,rest_v7
10557900,2231,s1,rest_v7
10557902,2251,s1,rest_v7
10557904,2202,s1,rest_v7
10557906,2270,s1,rest_v7
10557908,2234,s1,rest_v7
10557910,2256,s1,rest_v7
10557912,2220,s1,rest_v7
10557914,2256,s1,rest_v7
10557916,2226,s1,rest_v7
10557918,2254,s1,rest_v7
10557920,2224,s1,rest_v7
10557922,2231,s1,rest_v7
10557924,2231,s1,rest_v7
10557926,2251,s1,rest_v7
10557928,2231,s1,rest_v7
10557930,2218,s1,rest_v7
10557932,2249,s1,rest_v7
10557934,2247,s1,rest_v7
10557936,2239,s1,rest_v7
10557938,2206,s1,rest_v7
10557940,2256,s1,rest_v7
10557942,2240,s1,rest_v7
10557944,2250,s1,rest_v7
10557946,2203,s1,rest_v7
10557948,2268,s1,rest_v7
10557950,2231,s1,rest_v7
10557952,2247,s1,rest_v7
10557954,2202,s1,rest_v7
10557956,2265,s1,rest_v7
10557958,2230,s1,rest_v7
10557960,2251,s1,rest_v7
10557962,2217,s1,rest_v7
10557964,2250,s1,rest_v7
10557966,2224,s1,rest_v7
10557968,2254,s1,rest_v7
10557970,2224,s1,rest_v7
10557972,2227,s1,rest_v7
10557974,2231,s1,rest_v7
10557976,2250,s1,rest_v7
10557978,2231,s1,rest_v7
10557980,2214,s1,rest_v7
10557982,2245,s1,rest_v7
10557984,2247,s1,rest_v7
10557986,2237,s1,rest_v7
10557988,2202,s1,rest_v7
10557990,2254,s1,rest_v7
10557992,2238,s1,rest_v7
10557994,2241,s1,rest_v7
10557996,2201,s1,rest_v7
10557998,2260,s1,rest_v7
10558000,2235,s1,rest_v7
10558002,2249,s1,rest_v7
10558004,2203,s1,rest_v7
10558006,2263,s1,rest_v7
10558008,2227,s1,rest_v7
10558010,2250,s1,rest_v7
10558012,2212,s1,rest_v7
10558014,2243,s1,rest_v7
10558016,2223,s1,rest_v7
10558018,2250,s1,rest_v7
10558020,2219,s1,rest_v7
10558022,2224,s1,rest_v7
10558024,2225,s1,rest_v7
10558026,2243,s1,rest_v7
10558028,2226,s1,rest_v7
10558030,2210,s1,rest_v7
10558032,2241,s1,rest_v7
10558034,2238,s1,rest_v7
10558036,2230,s1,rest_v7
10558038,2192,s1,rest_v7
10558040,2253,s1,rest_v7
10558042,2229,s1,rest_v7
10558044,2238,s1,rest_v7
10558046,2189,s1,rest_v7
10558048,2255,s1,rest_v7
10558050,2224,s1,rest_v7
10558052,2239,s1,rest_v7
10558054,2192,s1,rest_v7
10558056,2256,s1,rest_v7
10558058,2224,s1,rest_v7
10558060,2245,s1,rest_v7
10558062,2208,s1,rest_v7
10558064,2240,s1,rest_v7
10558066,2214,s1,rest_v7
10558068,2245,s1,rest_v7
10558070,2217,s1,rest_v7
10558072,2218,s1,rest_v7
10558074,2224,s1,rest_v7
10558076,2239,s1,rest_v7
10558078,2223,s1,rest_v7
10558080,2204,s1,rest_v7
10558082,2236,s1,rest_v7
10558084,2239,s1,rest_v7
10558086,2229,s1,rest_v7
10558088,2192,s1,rest_v7
10558090,2247,s1,rest_v7
10558092,2226,s1,rest_v7
10558094,2239,s1,rest_v7
10558096,2191,s1,rest_v7
10558098,2256,s1,rest_v7
10558100,2224,s1,rest_v7
10558102,2235,s1,rest_v7
10558104,2192,s1,rest_v7
10558106,2252,s1,rest_v7
10558108,2218,s1,rest_v7
10558110,2243,s1,rest_v7
10558112,2210,s1,rest_v7
10558114,2242,s1,rest_v7
10558116,2218,s1,rest_v7
10558118,2245,s1,rest_v7
10558120,2219,s1,rest_v7
10558122,2224,s1,rest_v7
10558124,2227,s1,rest_v7
10558126,2243,s1,rest_v7
10558128,2226,s1,rest_v7
10558130,2206,s1,rest_v7
10558132,2240,s1,rest_v7
10558134,2238,s1,rest_v7
10558136,2228,s1,rest_v7
10558138,2194,s1,rest_v7
10558140,2256,s1,rest_v7
10558142,2235,s1,rest_v7
10558144,2242,s1,rest_v7
10558146,2197,s1,rest_v7
10558148,2262,s1,rest_v7
10558150,2224,s1,rest_v7
10558152,2245,s1,rest_v7
10558154,2202,s1,rest_v7
10558156,2258,s1,rest_v7
10558158,2224,s1,rest_v7
10558160,2250,s1,rest_v7
10558162,2214,s1,rest_v7
10558164,2245,s1,rest_v7
10558166,2218,s1,rest_v7
10558168,2244,s1,rest_v7
10558170,2222,s1,rest_v7
10558172,2225,s1,rest_v7
10558174,2231,s1,rest_v7
10558176,2247,s1,rest_v7
10558178,2234,s1,rest_v7
10558180,2207,s1,rest_v7
10558182,2242,s1,rest_v7
10558184,2237,s1,rest_v7
10558186,2233,s1,rest_v7
10558188,2194,s1,rest_v7
10558190,2253,s1,rest_v7
10558192,2234,s1,rest_v7
10558194,2241,s1,rest_v7
10558196,2193,s1,rest_v7
10558198,2259,s1,rest_v7
10558200,2224,s1,rest_v7
10558202,2241,s1,rest_v7
10558204,2197,s1,rest_v7
10558206,2259,s1,rest_v7
10558208,2224,s1,rest_v7
10558210,2252,s1,rest_v7
10558212,2214,s1,rest_v7
10558214,2245,s1,rest_v7
10558216,2219,s1,rest_v7
10558218,2243,s1,rest_v7
10558220,2223,s1,rest_v7
10558222,2219,s1,rest_v7
10558224,2227,s1,rest_v7
10558226,2243,s1,rest_v7
10558228,2226,s1,rest_v7
10558230,2207,s1,rest_v7
10558232,2242,s1,rest_v7
10558234,2238,s1,rest_v7
10558236,2231,s1,rest_v7
10558238,2192,s1,rest_v7
10558240,2250,s1,rest_v7
10558242,2226,s1,rest_v7
10558244,2241,s1,rest_v7
10558246,2191,s1,rest_v7
10558248,2261,s1,rest_v7
10558250,2225,s1,rest_v7
10558252,2245,s1,rest_v7
10558254,2197,s1,rest_v7
10558256,2256,s1,rest_v7
10558258,2224,s1,rest_v7
10558260,2251,s1,rest_v7
10558262,2211,s1,rest_v7
10558264,2242,s1,rest_v7
10558266,2223,s1,rest_v7
10558268,2249,s1,rest_v7
10558270,2219,s1,rest_v7
10558272,2219,s1,rest_v7
10558274,2230,s1,rest_v7
10558276,2242,s1,rest_v7
10558278,2229,s1,rest_v7
10558280,2209,s1,rest_v7
10558282,2240,s1,rest_v7
10558284,2235,s1,rest_v7
10558286,2238,s1,rest_v7
10558288,2194,s1,rest_v7
10558290,2255,s1,rest_v7
10558292,2230,s1,rest_v7
10558294,2243,s1,rest_v7
10558296,2197,s1,rest_v7
10558298,2257,s1,rest_v7
10558300,2224,s1,rest_v7
10558302,2242,s1,rest_v7
10558304,2194,s1,rest_v7
10558306,2256,s1,rest_v7
10558308,2222,s1,rest_v7
10558310,2247,s1,rest_v7
10558312,2211,s1,rest_v7
10558314,2243,s1,rest_v7
10558316,2224,s1,rest_v7
10558318,2243,s1,rest_v7
10558320,2222,s1,rest_v7
10558322,2224,s1,rest_v7
10558324,2236,s1,rest_v7
10558326,2246,s1,rest_v7
10558328,2235,s1,rest_v7
10558330,2217,s1,rest_v7
10558332,2251,s1,rest_v7
10558334,2241,s1,rest_v7
10558336,2239,s1,rest_v7
10558338,2195,s1,rest_v7
10558340,2256,s1,rest_v7
10558342,2235,s1,rest_v7
10558344,2241,s1,rest_v7
10558346,2198,s1,rest_v7
10558348,2263,s1,rest_v7
10558350,2234,s1,rest_v7
10558352,2251,s1,rest_v7
10558354,2207,s1,rest_v7
10558356,2259,s1,rest_v7
10558358,2229,s1,rest_v7
10558360,2256,s1,rest_v7
10558362,2219,s1,rest_v7
10558364,2247,s1,rest_v7
10558366,2222,s1,rest_v7
10558368,2255,s1,rest_v7
10558370,2229,s1,rest_v7
10558372,2225,s1,rest_v7
10558374,2237,s1,rest_v7
10558376,2246,s1,rest_v7
10558378,2238,s1,rest_v7
10558380,2211,s1,rest_v7
10558382,2247,s1,rest_v7
10558384,2238,s1,rest_v7
10558386,2236,s1,rest_v7
10558388,2195,s1,rest_v7
10558390,2256,s1,rest_v7
10558392,2231,s1,rest_v7
10558394,2243,s1,rest_v7
10558396,2192,s1,rest_v7
10558398,2259,s1,rest_v7
10558400,2224,s1,rest_v7
10558402,2243,s1,rest_v7
10558404,2202,s1,rest_v7
10558406,2255,s1,rest_v7
10558408,2223,s1,rest_v7
10558410,2252,s1,rest_v7
10558412,2210,s1,rest_v7
10558414,2236,s1,rest_v7
10558416,2217,s1,rest_v7
10558418,2240,s1,rest_v7
10558420,2214,s1,rest_v7
10558422,2215,s1,rest_v7
10558424,2230,s1,rest_v7
10558426,2238,s1,rest_v7
10558428,2226,s1,rest_v7
10558430,2206,s1,rest_v7
10558432,2243,s1,rest_v7
10558434,2231,s1,rest_v7
10558436,2237,s1,rest_v7
10558438,2194,s1,rest_v7
10558440,2256,s1,rest_v7
10558442,2234,s1,rest_v7
10558444,2243,s1,rest_v7
10558446,2202,s1,rest_v7
10558448,2260,s1,rest_v7
10558450,2224,s1,rest_v7
10558452,2243,s1,rest_v7
10558454,2206,s1,rest_v7
10558456,2256,s1,rest_v7
10558458,2222,s1,rest_v7
10558460,2250,s1,rest_v7
10558462,2214,s1,rest_v7
10558464,2238,s1,rest_v7
10558466,2223,s1,rest_v7
10558468,2247,s1,rest_v7
10558470,2222,s1,rest_v7
10558472,2215,s1,rest_v7
10558474,2235,s1,rest_v7
10558476,2243,s1,rest_v7
10558478,2230,s1,rest_v7
10558480,2206,s1,rest_v7
10558482,2248,s1,rest_v7
10558484,2238,s1,rest_v7
10558486,2236,s1,rest_v7
10558488,2194,s1,rest_v7
10558490,2256,s1,rest_v7
10558492,2232,s1,rest_v7
10558494,2242,s1,rest_v7
10558496,2197,s1,rest_v7
10558498,2265,s1,rest_v7
10558500,2224,s1,rest_v7
10558502,2245,s1,rest_v7
10558504,2201,s1,rest_v7
10558506,2256,s1,rest_v7
10558508,2224,s1,rest_v7
10558510,2249,s1,rest_v7
10558512,2220,s1,rest_v7
10558514,2239,s1,rest_v7
10558516,2224,s1,rest_v7
10558518,2253,s1,rest_v7
10558520,2223,s1,rest_v7
10558522,2223,s1,rest_v7
10558524,2236,s1,rest_v7
10558526,2247,s1,rest_v7
10558528,2234,s1,rest_v7
10558530,2206,s1,rest_v7
10558532,2249,s1,rest_v7
10558534,2239,s1,rest_v7
10558536,2237,s1,rest_v7
10558538,2191,s1,rest_v7
10558540,2251,s1,rest_v7
10558542,2231,s1,rest_v7
10558544,2246,s1,rest_v7
10558546,2195,s1,rest_v7
10558548,2261,s1,rest_v7
10558550,2226,s1,rest_v7
10558552,2246,s1,rest_v7
10558554,2206,s1,rest_v7
10558556,2256,s1,rest_v7
10558558,2223,s1,rest_v7
10558560,2246,s1,rest_v7
10558562,2214,s1,rest_v7
10558564,2235,s1,rest_v7
10558566,2223,s1,rest_v7
10558568,2242,s1,rest_v7
10558570,2224,s1,rest_v7
10558572,2219,s1,rest_v7
10558574,2233,s1,rest_v7
10558576,2243,s1,rest_v7
10558578,2231,s1,rest_v7
10558580,2205,s1,rest_v7
10558582,2251,s1,rest_v7
10558584,2237,s1,rest_v7
10558586,2230,s1,rest_v7
10558588,2192,s1,rest_v7
10558590,2254,s1,rest_v7
10558592,2229,s1,rest_v7
10558594,2240,s1,rest_v7
10558596,2193,s1,rest_v7
10558598,2261,s1,rest_v7
10558600,2226,s1,rest_v7
10558602,2245,s1,rest_v7
10558604,2205,s1,rest_v7
10558606,2256,s1,rest_v7
10558608,2226,s1,rest_v7
10558610,2247,s1,rest_v7
10558612,2215,s1,rest_v7
10558614,2235,s1,rest_v7
10558616,2219,s1,rest_v7
10558618,2251,s1,rest_v7
10558620,2221,s1,rest_v7
10558622,2215,s1,rest_v7
10558624,2235,s1,rest_v7
10558626,2241,s1,rest_v7
10558628,2230,s1,rest_v7
10558630,2205,s1,rest_v7
10558632,2246,s1,rest_v7
10558634,2237,s1,rest_v7
10558636,2233,s1,rest_v7
10558638,2192,s1,rest_v7
10558640,2255,s1,rest_v7
10558642,2226,s1,rest_v7
10558644,2242,s1,rest_v7
10558646,2192,s1,rest_v7
10558648,2263,s1,rest_v7
10558650,2225,s1,rest_v7
10558652,2248,s1,rest_v7
10558654,2205,s1,rest_v7
10558656,2256,s1,rest_v7
10558658,2226,s1,rest_v7
10558660,2250,s1,rest_v7
10558662,2218,s1,rest_v7
10558664,2240,s1,rest_v7
10558666,2226,s1,rest_v7
10558668,2250,s1,rest_v7
10558670,2228,s1,rest_v7
10558672,2222,s1,rest_v7
10558674,2239,s1,rest_v7
10558676,2250,s1,rest_v7
10558678,2239,s1,rest_v7
10558680,2208,s1,rest_v7
10558682,2255,s1,rest_v7
10558684,2239,s1,rest_v7
10558686,2240,s1,rest_v7
10558688,2199,s1,rest_v7
10558690,2261,s1,rest_v7
10558692,2230,s1,rest_v7
10558694,2245,s1,rest_v7
10558696,2201,s1,rest_v7
10558698,2263,s1,rest_v7
10558700,2224,s1,rest_v7
10558702,2247,s1,rest_v7
10558704,2207,s1,rest_v7
10558706,2256,s1,rest_v7
10558708,2226,s1,rest_v7
10558710,2255,s1,rest_v7
10558712,2219,s1,rest_v7
10558714,2237,s1,rest_v7
10558716,2224,s1,rest_v7
10558718,2254,s1,rest_v7
10558720,2227,s1,rest_v7
10558722,2217,s1,rest_v7
10558724,2239,s1,rest_v7
10558726,2245,s1,rest_v7
10558728,2234,s1,rest_v7
10558730,2200,s1,rest_v7
10558732,2251,s1,rest_v7
10558734,2233,s1,rest_v7
10558736,2238,s1,rest_v7
10558738,2193,s1,rest_v7
10558740,2256,s1,rest_v7
10558742,2235,s1,rest_v7
10558744,2243,s1,rest_v7
10558746,2199,s1,rest_v7
10558748,2259,s1,rest_v7
10558750,2224,s1,rest_v7
10558752,2245,s1,rest_v7
10558754,2202,s1,rest_v7
10558756,2251,s1,rest_v7
10558758,2224,s1,rest_v7
10558760,2251,s1,rest_v7
10558762,2221,s1,rest_v7
10558764,2237,s1,rest_v7
10558766,2224,s1,rest_v7
10558768,2244,s1,rest_v7
10558770,2223,s1,rest_v7
10558772,2213,s1,rest_v7
10558774,2238,s1,rest_v7
10558776,2242,s1,rest_v7
10558778,2237,s1,rest_v7
10558780,2205,s1,rest_v7
10558782,2254,s1,rest_v7
10558784,2235,s1,rest_v7
10558786,2242,s1,rest_v7
10558788,2194,s1,rest_v7
10558790,2261,s1,rest_v7
10558792,2239,s1,rest_v7
10558794,2246,s1,rest_v7
10558796,2205,s1,rest_v7
10558798,2263,s1,rest_v7
10558800,2226,s1,rest_v7
10558802,2251,s1,rest_v7
10558804,2210,s1,rest_v7
10558806,2255,s1,rest_v7
10558808,2227,s1,rest_v7
10558810,2251,s1,rest_v7
10558812,2223,s1,rest_v7
10558814,2237,s1,rest_v7
10558816,2224,s1,rest_v7
10558818,2249,s1,rest_v7
10558820,2226,s1,rest_v7
10558822,2214,s1,rest_v7
10558824,2238,s1,rest_v7
10558826,2244,s1,rest_v7
10558828,2235,s1,rest_v7
10558830,2205,s1,rest_v7
10558832,2250,s1,rest_v7
10558834,2233,s1,rest_v7
10558836,2242,s1,rest_v7
10558838,2195,s1,rest_v7
10558840,2261,s1,rest_v7
10558842,2235,s1,rest_v7
10558844,2252,s1,rest_v7
10558846,2206,s1,rest_v7
10558848,2267,s1,rest_v7
10558850,2226,s1,rest_v7
10558852,2256,s1,rest_v7
10558854,2211,s1,rest_v7
10558856,2256,s1,rest_v7
10558858,2229,s1,rest_v7
10558860,2255,s1,rest_v7
10558862,2225,s1,rest_v7
10558864,2239,s1,rest_v7
10558866,2228,s1,rest_v7
10558868,2255,s1,rest_v7
10558870,2234,s1,rest_v7
10558872,2224,s1,rest_v7
10558874,2250,s1,rest_v7
10558876,2249,s1,rest_v7
10558878,2243,s1,rest_v7
10558880,2210,s1,rest_v7
10558882,2255,s1,rest_v7
10558884,2241,s1,rest_v7
10558886,2241,s1,rest_v7
10558888,2197,s1,rest_v7
10558890,2262,s1,rest_v7
10558892,2234,s1,rest_v7
10558894,2245,s1,rest_v7
10558896,2199,s1,rest_v7
10558898,2267,s1,rest_v7
10558900,2225,s1,rest_v7
10558902,2250,s1,rest_v7
10558904,2208,s1,rest_v7
10558906,2256,s1,rest_v7
10558908,2224,s1,rest_v7
10558910,2255,s1,rest_v7
10558912,2226,s1,rest_v7
10558914,2237,s1,rest_v7
10558916,2224,s1,rest_v7
10558918,2255,s1,rest_v7
10558920,2226,s1,rest_v7
10558922,2219,s1,rest_v7
10558924,2244,s1,rest_v7
10558926,2249,s1,rest_v7
10558928,2237,s1,rest_v7
10558930,2207,s1,rest_v7
10558932,2256,s1,rest_v7
10558934,2240,s1,rest_v7
10558936,2241,s1,rest_v7
10558938,2199,s1,rest_v7
10558940,2258,s1,rest_v7
10558942,2237,s1,rest_v7
10558944,2251,s1,rest_v7
10558946,2206,s1,rest_v7
10558948,2270,s1,rest_v7
10558950,2229,s1,rest_v7
10558952,2246,s1,rest_v7
10558954,2207,s1,rest_v7
10558956,2250,s1,rest_v7
10558958,2227,s1,rest_v7
10558960,2256,s1,rest_v7
10558962,2225,s1,rest_v7
10558964,2235,s1,rest_v7
10558966,2231,s1,rest_v7
10558968,2249,s1,rest_v7
10558970,2227,s1,rest_v7
10558972,2214,s1,rest_v7
10558974,2244,s1,rest_v7
10558976,2247,s1,rest_v7
10558978,2239,s1,rest_v7
10558980,2203,s1,rest_v7
10558982,2252,s1,rest_v7
10558984,2235,s1,rest_v7
10558986,2240,s1,rest_v7
10558988,2192,s1,rest_v7
10558990,2260,s1,rest_v7
10558992,2230,s1,rest_v7
10558994,2250,s1,rest_v7
10558996,2202,s1,rest_v7
10558998,2265,s1,rest_v7
10559000,2226,s1,rest_v7
10559002,2250,s1,rest_v7
10559004,2209,s1,rest_v7
10559006,2250,s1,rest_v7
10559008,2224,s1,rest_v7
10559010,2251,s1,rest_v7
10559012,2223,s1,rest_v7
10559014,2229,s1,rest_v7
10559016,2224,s1,rest_v7
10559018,2242,s1,rest_v7
10559020,2223,s1,rest_v7
10559022,2211,s1,rest_v7
10559024,2243,s1,rest_v7
10559026,2244,s1,rest_v7
10559028,2235,s1,rest_v7
10559030,2202,s1,rest_v7
10559032,2256,s1,rest_v7
10559034,2238,s1,rest_v7
10559036,2242,s1,rest_v7
10559038,2192,s1,rest_v7
10559040,2259,s1,rest_v7
10559042,2230,s1,rest_v7
10559044,2247,s1,rest_v7
10559046,2203,s1,rest_v7
10559048,2267,s1,rest_v7
10559050,2225,s1,rest_v7
10559052,2249,s1,rest_v7
10559054,2207,s1,rest_v7
10559056,2252,s1,rest_v7
10559058,2224,s1,rest_v7
10559060,2250,s1,rest_v7
10559062,2222,s1,rest_v7
10559064,2231,s1,rest_v7
10559066,2224,s1,rest_v7
10559068,2243,s1,rest_v7
10559070,2226,s1,rest_v7
10559072,2209,s1,rest_v7
10559074,2243,s1,rest_v7
10559076,2245,s1,rest_v7
10559078,2232,s1,rest_v7
10559080,2195,s1,rest_v7
10559082,2254,s1,rest_v7
10559084,2234,s1,rest_v7
10559086,2240,s1,rest_v7
10559088,2192,s1,rest_v7
10559090,2258,s1,rest_v7
10559092,2227,s1,rest_v7
10559094,2246,s1,rest_v7
10559096,2202,s1,rest_v7
10559098,2265,s1,rest_v7
10559100,2224,s1,rest_v7
10559102,2251,s1,rest_v7
10559104,2209,s1,rest_v7
10559106,2251,s1,rest_v7
10559108,2224,s1,rest_v7
10559110,2254,s1,rest_v7
10559112,2224,s1,rest_v7
10559114,2239,s1,rest_v7
10559116,2228,s1,rest_v7
10559118,2250,s1,rest_v7
10559120,2235,s1,rest_v7
10559122,2214,s1,rest_v7
10559124,2246,s1,rest_v7
10559126,2242,s1,rest_v7
10559128,2240,s1,rest_v7
10559130,2205,s1,rest_v7
10559132,2256,s1,rest_v7
10559134,2239,s1,rest_v7
10559136,2243,s1,rest_v7
10559138,2195,s1,rest_v7
10559140,2265,s1,rest_v7
10559142,2234,s1,rest_v7
10559144,2254,s1,rest_v7
10559146,2205,s1,rest_v7
10559148,2265,s1,rest_v7
10559150,2224,s1,rest_v7
10559152,2246,s1,rest_v7
10559154,2203,s1,rest_v7
10559156,2243,s1,rest_v7
10559158,2224,s1,rest_v7
10559160,2251,s1,rest_v7
10559162,2222,s1,rest_v7
10559164,2225,s1,rest_v7
10559166,2226,s1,rest_v7
10559168,2241,s1,rest_v7
10559170,2224,s1,rest_v7
10559172,2208,s1,rest_v7
10559174,2244,s1,rest_v7
10559176,2239,s1,rest_v7
10559178,2229,s1,rest_v7
10559180,2196,s1,rest_v7
10559182,2249,s1,rest_v7
10559184,2230,s1,rest_v7
10559186,2237,s1,rest_v7
10559188,2192,s1,rest_v7
10559190,2256,s1,rest_v7
10559192,2228,s1,rest_v7
10559194,2250,s1,rest_v7
10559196,2201,s1,rest_v7
10559198,2256,s1,rest_v7
10559200,2220,s1,rest_v7
10559202,2242,s1,rest_v7
10559204,2208,s1,rest_v7
10559206,2240,s1,rest_v7
10559208,2222,s1,rest_v7
10559210,2251,s1,rest_v7
10559212,2224,s1,rest_v7
10559214,2227,s1,rest_v7
10559216,2225,s1,rest_v7
10559218,2245,s1,rest_v7
10559220,2227,s1,rest_v7
10559222,2206,s1,rest_v7
10559224,2251,s1,rest_v7
10559226,2245,s1,rest_v7
10559228,2239,s1,rest_v7
10559230,2203,s1,rest_v7
10559232,2256,s1,rest_v7
10559234,2237,s1,rest_v7
10559236,2243,s1,rest_v7
10559238,2194,s1,rest_v7
10559240,2261,s1,rest_v7
10559242,2229,s1,rest_v7
10559244,2244,s1,rest_v7
10559246,2203,s1,rest_v7
10559248,2261,s1,rest_v7
10559250,2224,s1,rest_v7
10559252,2250,s1,rest_v7
10559254,2215,s1,rest_v7
10559256,2243,s1,rest_v7
10559258,2223,s1,rest_v7
10559260,2247,s1,rest_v7
10559262,2222,s1,rest_v7
10559264,2224,s1,rest_v7
10559266,2229,s1,rest_v7
10559268,2247,s1,rest_v7
10559270,2230,s1,rest_v7
10559272,2210,s1,rest_v7
10559274,2242,s1,rest_v7
10559276,2241,s1,rest_v7
10559278,2239,s1,rest_v7
10559280,2207,s1,rest_v7
10559282,2256,s1,rest_v7
10559284,2235,s1,rest_v7
10559286,2242,s1,rest_v7
10559288,2198,s1,rest_v7
10559290,2262,s1,rest_v7
10559292,2232,s1,rest_v7
10559294,2251,s1,rest_v7
10559296,2207,s1,rest_v7
10559298,2259,s1,rest_v7
10559300,2224,s1,rest_v7
10559302,2254,s1,rest_v7
10559304,2211,s1,rest_v7
10559306,2246,s1,rest_v7
10559308,2224,s1,rest_v7
10559310,2256,s1,rest_v7
10559312,2227,s1,rest_v7
10559314,2227,s1,rest_v7
10559316,2229,s1,rest_v7
10559318,2251,s1,rest_v7
10559320,2229,s1,rest_v7
10559322,2214,s1,rest_v7
10559324,2250,s1,rest_v7
10559326,2243,s1,rest_v7
10559328,2241,s1,rest_v7
10559330,2207,s1,rest_v7
10559332,2256,s1,rest_v7
10559334,2237,s1,rest_v7
10559336,2246,s1,rest_v7
10559338,2194,s1,rest_v7
10559340,2262,s1,rest_v7
10559342,2231,s1,rest_v7
10559344,2247,s1,rest_v7
10559346,2205,s1,rest_v7
10559348,2262,s1,rest_v7
10559350,2225,s1,rest_v7
10559352,2255,s1,rest_v7
10559354,2215,s1,rest_v7
10559356,2247,s1,rest_v7
10559358,2229,s1,rest_v7
10559360,2254,s1,rest_v7
10559362,2225,s1,rest_v7
10559364,2226,s1,rest_v7
10559366,2231,s1,rest_v7
10559368,2249,s1,rest_v7
10559370,2235,s1,rest_v7
10559372,2211,s1,rest_v7
10559374,2249,s1,rest_v7
10559376,2245,s1,rest_v7
10559378,2245,s1,rest_v7
10559380,2207,s1,rest_v7
10559382,2261,s1,rest_v7
10559384,2237,s1,rest_v7
10559386,2249,s1,rest_v7
10559388,2194,s1,rest_v7
10559390,2271,s1,rest_v7
10559392,2239,s1,rest_v7
10559394,2259,s1,rest_v7
10559396,2214,s1,rest_v7
10559398,2266,s1,rest_v7
10559400,2231,s1,rest_v7
10559402,2256,s1,rest_v7
10559404,2217,s1,rest_v7
10559406,2246,s1,rest_v7
10559408,2224,s1,rest_v7
10559410,2256,s1,rest_v7
10559412,2234,s1,rest_v7
10559414,2229,s1,rest_v7
10559416,2238,s1,rest_v7
10559418,2254,s1,rest_v7
10559420,2234,s1,rest_v7
10559422,2212,s1,rest_v7
10559424,2250,s1,rest_v7
10559426,2251,s1,rest_v7
10559428,2251,s1,rest_v7
10559430,2208,s1,rest_v7
10559432,2259,s1,rest_v7
10559434,2238,s1,rest_v7
10559436,2247,s1,rest_v7
10559438,2198,s1,rest_v7
10559440,2266,s1,rest_v7
10559442,2234,s1,rest_v7
10559444,2253,s1,rest_v7
10559446,2210,s1,rest_v7
10559448,2263,s1,rest_v7
10559450,2224,s1,rest_v7
10559452,2251,s1,rest_v7
10559454,2217,s1,rest_v7
10559456,2242,s1,rest_v7
10559458,2226,s1,rest_v7
10559460,2251,s1,rest_v7
10559462,2226,s1,rest_v7
10559464,2224,s1,rest_v7
10559466,2238,s1,rest_v7
10559468,2246,s1,rest_v7
10559470,2235,s1,rest_v7
10559472,2211,s1,rest_v7
10559474,2247,s1,rest_v7
10559476,2244,s1,rest_v7
10559478,2241,s1,rest_v7
10559480,2199,s1,rest_v7
10559482,2255,s1,rest_v7
10559484,2231,s1,rest_v7
10559486,2247,s1,rest_v7
10559488,2197,s1,rest_v7
10559490,2263,s1,rest_v7
10559492,2235,s1,rest_v7
10559494,2253,s1,rest_v7
10559496,2208,s1,rest_v7
10559498,2261,s1,rest_v7
10559500,2225,s1,rest_v7
10559502,2253,s1,rest_v7
10559504,2217,s1,rest_v7
10559506,2243,s1,rest_v7
10559508,2226,s1,rest_v7
10559510,2253,s1,rest_v7
10559512,2227,s1,rest_v7
10559514,2227,s1,rest_v7
10559516,2233,s1,rest_v7
10559518,2245,s1,rest_v7
10559520,2231,s1,rest_v7
10559522,2208,s1,rest_v7
10559524,2247,s1,rest_v7
10559526,2242,s1,rest_v7
10559528,2240,s1,rest_v7
10559530,2202,s1,rest_v7
10559532,2257,s1,rest_v7
10559534,2237,s1,rest_v7
10559536,2242,s1,rest_v7
10559538,2194,s1,rest_v7
10559540,2261,s1,rest_v7
10559542,2230,s1,rest_v7
10559544,2249,s1,rest_v7
10559546,2205,s1,rest_v7
10559548,2259,s1,rest_v7
10559550,2224,s1,rest_v7
10559552,2251,s1,rest_v7
10559554,2218,s1,rest_v7
10559556,2242,s1,rest_v7
10559558,2226,s1,rest_v7
10559560,2254,s1,rest_v7
10559562,2225,s1,rest_v7
10559564,2219,s1,rest_v7
10559566,2235,s1,rest_v7
10559568,2245,s1,rest_v7
10559570,2233,s1,rest_v7
10559572,2205,s1,rest_v7
10559574,2246,s1,rest_v7
10559576,2242,s1,rest_v7
10559578,2242,s1,rest_v7
10559580,2203,s1,rest_v7
10559582,2257,s1,rest_v7
10559584,2234,s1,rest_v7
10559586,2245,s1,rest_v7
10559588,2195,s1,rest_v7
10559590,2262,s1,rest_v7
10559592,2230,s1,rest_v7
10559594,2249,s1,rest_v7
10559596,2207,s1,rest_v7
10559598,2257,s1,rest_v7
10559600,2222,s1,rest_v7
10559602,2249,s1,rest_v7
10559604,2210,s1,rest_v7
10559606,2240,s1,rest_v7
10559608,2224,s1,rest_v7
10559610,2251,s1,rest_v7
10559612,2224,s1,rest_v7
10559614,2223,s1,rest_v7
10559616,2235,s1,rest_v7
10559618,2246,s1,rest_v7
10559620,2230,s1,rest_v7
10559622,2203,s1,rest_v7
10559624,2248,s1,rest_v7
10559626,2245,s1,rest_v7
10559628,2243,s1,rest_v7
10559630,2199,s1,rest_v7
10559632,2256,s1,rest_v7
10559634,2233,s1,rest_v7
10559636,2245,s1,rest_v7
10559638,2193,s1,rest_v7
10559640,2261,s1,rest_v7
10559642,2229,s1,rest_v7
10559644,2249,s1,rest_v7
10559646,2206,s1,rest_v7
10559648,2256,s1,rest_v7
10559650,2222,s1,rest_v7
10559652,2247,s1,rest_v7
10559654,2214,s1,rest_v7
10559656,2237,s1,rest_v7
10559658,2224,s1,rest_v7
10559660,2245,s1,rest_v7
10559662,2225,s1,rest_v7
10559664,2224,s1,rest_v7
10559666,2239,s1,rest_v7
10559668,2246,s1,rest_v7
10559670,2226,s1,rest_v7
10559672,2202,s1,rest_v7
10559674,2242,s1,rest_v7
10559676,2241,s1,rest_v7
10559678,2240,s1,rest_v7
10559680,2196,s1,rest_v7
10559682,2256,s1,rest_v7
10559684,2231,s1,rest_v7
10559686,2241,s1,rest_v7
10559688,2192,s1,rest_v7
10559690,2261,s1,rest_v7
10559692,2224,s1,rest_v7
10559694,2247,s1,rest_v7
10559696,2206,s1,rest_v7
10559698,2256,s1,rest_v7
10559700,2219,s1,rest_v7
10559702,2249,s1,rest_v7
10559704,2211,s1,rest_v7
10559706,2237,s1,rest_v7
10559708,2224,s1,rest_v7
10559710,2250,s1,rest_v7
10559712,2225,s1,rest_v7
10559714,2223,s1,rest_v7
10559716,2233,s1,rest_v7
10559718,2243,s1,rest_v7
10559720,2225,s1,rest_v7
10559722,2211,s1,rest_v7
10559724,2253,s1,rest_v7
10559726,2241,s1,rest_v7
10559728,2243,s1,rest_v7
10559730,2199,s1,rest_v7
10559732,2256,s1,rest_v7
10559734,2230,s1,rest_v7
10559736,2244,s1,rest_v7
10559738,2195,s1,rest_v7
10559740,2261,s1,rest_v7
10559742,2224,s1,rest_v7
10559744,2249,s1,rest_v7
10559746,2209,s1,rest_v7
10559748,2256,s1,rest_v7
10559750,2224,s1,rest_v7
10559752,2250,s1,rest_v7
10559754,2216,s1,rest_v7
10559756,2235,s1,rest_v7
10559758,2224,s1,rest_v7
10559760,2251,s1,rest_v7
10559762,2228,s1,rest_v7
10559764,2222,s1,rest_v7
10559766,2239,s1,rest_v7
10559768,2245,s1,rest_v7
10559770,2235,s1,rest_v7
10559772,2203,s1,rest_v7
10559774,2251,s1,rest_v7
10559776,2241,s1,rest_v7
10559778,2245,s1,rest_v7
10559780,2198,s1,rest_v7
10559782,2263,s1,rest_v7
10559784,2237,s1,rest_v7
10559786,2253,s1,rest_v7
10559788,2203,s1,rest_v7
10559790,2267,s1,rest_v7
10559792,2233,s1,rest_v7
10559794,2256,s1,rest_v7
10559796,2217,s1,rest_v7
10559798,2261,s1,rest_v7
10559800,2229,s1,rest_v7
10559802,2257,s1,rest_v7
10559804,2224,s1,rest_v7
10559806,2243,s1,rest_v7
10559808,2234,s1,rest_v7
10559810,2257,s1,rest_v7
10559812,2238,s1,rest_v7
10559814,2224,s1,rest_v7
10559816,2246,s1,rest_v7
10559818,2255,s1,rest_v7
10559820,2241,s1,rest_v7
10559822,2219,s1,rest_v7
10559824,2255,s1,rest_v7
10559826,2242,s1,rest_v7
10559828,2251,s1,rest_v7
10559830,2207,s1,rest_v7
10559832,2268,s1,rest_v7
10559834,2239,s1,rest_v7
10559836,2252,s1,rest_v7
10559838,2202,s1,rest_v7
10559840,2272,s1,rest_v7
10559842,2239,s1,rest_v7
10559844,2256,s1,rest_v7
10559846,2217,s1,rest_v7
10559848,2259,s1,rest_v7
10559850,2227,s1,rest_v7
10559852,2256,s1,rest_v7
10559854,2223,s1,rest_v7
10559856,2240,s1,rest_v7
10559858,2229,s1,rest_v7
10559860,2254,s1,rest_v7
10559862,2235,s1,rest_v7
10559864,2223,s1,rest_v7
10559866,2243,s1,rest_v7
10559868,2247,s1,rest_v7
10559870,2234,s1,rest_v7
10559872,2207,s1,rest_v7
10559874,2256,s1,rest_v7
10559876,2243,s1,rest_v7
10559878,2245,s1,rest_v7
10559880,2201,s1,rest_v7
10559882,2259,s1,rest_v7
10559884,2234,s1,rest_v7
10559886,2251,s1,rest_v7
10559888,2199,s1,rest_v7
10559890,2270,s1,rest_v7
10559892,2229,s1,rest_v7
10559894,2256,s1,rest_v7
10559896,2217,s1,rest_v7
10559898,2261,s1,rest_v7
10559900,2229,s1,rest_v7
10559902,2255,s1,rest_v7
10559904,2223,s1,rest_v7
10559906,2240,s1,rest_v7
10559908,2233,s1,rest_v7
10559910,2256,s1,rest_v7
10559912,2233,s1,rest_v7
10559914,2224,s1,rest_v7
10559916,2244,s1,rest_v7
10559918,2247,s1,rest_v7
10559920,2240,s1,rest_v7
10559922,2209,s1,rest_v7
10559924,2256,s1,rest_v7
10559926,2241,s1,rest_v7
10559928,2244,s1,rest_v7
10559930,2198,s1,rest_v7
10559932,2263,s1,rest_v7
10559934,2235,s1,rest_v7
10559936,2243,s1,rest_v7
10559938,2197,s1,rest_v7
10559940,2263,s1,rest_v7
10559942,2229,s1,rest_v7
10559944,2253,s1,rest_v7
10559946,2212,s1,rest_v7
10559948,2257,s1,rest_v7
10559950,2224,s1,rest_v7
10559952,2247,s1,rest_v7
10559954,2218,s1,rest_v7
10559956,2231,s1,rest_v7
10559958,2224,s1,rest_v7
10559960,2247,s1,rest_v7
10559962,2228,s1,rest_v7
10559964,2221,s1,rest_v7
10559966,2245,s1,rest_v7
10559968,2243,s1,rest_v7
10559970,2238,s1,rest_v7
10559972,2209,s1,rest_v7
10559974,2255,s1,rest_v7
10559976,2241,s1,rest_v7
10559978,2243,s1,rest_v7
10559980,2198,s1,rest_v7
10559982,2265,s1,rest_v7
10559984,2232,s1,rest_v7
10559986,2247,s1,rest_v7
10559988,2197,s1,rest_v7
10559990,2266,s1,rest_v7
10559992,2230,s1,rest_v7
10559994,2251,s1,rest_v7
10559996,2214,s1,rest_v7
10559998,2256,s1,rest_v7
10560000,2224,s1,rest_v7
10560002,2253,s1,rest_v7
10560004,2217,s1,rest_v7
10560006,2228,s1,rest_v7
10560008,2233,s1,rest_v7
10560010,2250,s1,rest_v7
10560012,2229,s1,rest_v7
10560014,2218,s1,rest_v7
10560016,2244,s1,rest_v7
10560018,2240,s1,rest_v7
10560020,2236,s1,rest_v7
10560022,2202,s1,rest_v7
10560024,2256,s1,rest_v7
10560026,2241,s1,rest_v7
10560028,2239,s1,rest_v7
10560030,2196,s1,rest_v7
10560032,2258,s1,rest_v7
10560034,2225,s1,rest_v7
10560036,2247,s1,rest_v7
10560038,2193,s1,rest_v7
10560040,2261,s1,rest_v7
10560042,2224,s1,rest_v7
10560044,2247,s1,rest_v7
10560046,2211,s1,rest_v7
10560048,2254,s1,rest_v7
10560050,2222,s1,rest_v7
10560052,2253,s1,rest_v7
10560054,2219,s1,rest_v7
10560056,2234,s1,rest_v7
10560058,2225,s1,rest_v7
10560060,2250,s1,rest_v7
10560062,2229,s1,rest_v7
10560064,2218,s1,rest_v7
10560066,2240,s1,rest_v7
10560068,2246,s1,rest_v7
10560070,2233,s1,rest_v7
10560072,2201,s1,rest_v7
10560074,2254,s1,rest_v7
10560076,2238,s1,rest_v7
10560078,2242,s1,rest_v7
10560080,2197,s1,rest_v7
10560082,2259,s1,rest_v7
10560084,2228,s1,rest_v7
10560086,2243,s1,rest_v7
10560088,2196,s1,rest_v7
10560090,2258,s1,rest_v7
10560092,2226,s1,rest_v7
10560094,2251,s1,rest_v7
10560096,2212,s1,rest_v7
10560098,2247,s1,rest_v7
10560100,2222,s1,rest_v7
10560102,2251,s1,rest_v7
10560104,2217,s1,rest_v7
10560106,2230,s1,rest_v7
10560108,2226,s1,rest_v7
10560110,2247,s1,rest_v7
10560112,2231,s1,rest_v7
10560114,2218,s1,rest_v7
10560116,2247,s1,rest_v7
10560118,2243,s1,rest_v7
10560120,2237,s1,rest_v7
10560122,2203,s1,rest_v7
10560124,2254,s1,rest_v7
10560126,2238,s1,rest_v7
10560128,2243,s1,rest_v7
10560130,2195,s1,rest_v7
10560132,2259,s1,rest_v7
10560134,2228,s1,rest_v7
10560136,2245,s1,rest_v7
10560138,2198,s1,rest_v7
10560140,2257,s1,rest_v7
10560142,2225,s1,rest_v7
10560144,2251,s1,rest_v7
10560146,2214,s1,rest_v7
10560148,2255,s1,rest_v7
10560150,2223,s1,rest_v7
10560152,2247,s1,rest_v7
10560154,2223,s1,rest_v7
10560156,2232,s1,rest_v7
10560158,2236,s1,rest_v7
10560160,2251,s1,rest_v7
10560162,2235,s1,rest_v7
10560164,2218,s1,rest_v7
10560166,2247,s1,rest_v7
10560168,2244,s1,rest_v7
10560170,2238,s1,rest_v7
10560172,2202,s1,rest_v7
10560174,2255,s1,rest_v7
10560176,2237,s1,rest_v7
10560178,2246,s1,rest_v7
10560180,2197,s1,rest_v7
10560182,2259,s1,rest_v7
10560184,2234,s1,rest_v7
10560186,2247,s1,rest_v7
10560188,2199,s1,rest_v7
10560190,2259,s1,rest_v7
10560192,2225,s1,rest_v7
10560194,2254,s1,rest_v7
10560196,2219,s1,rest_v7
10560198,2254,s1,rest_v7
10560200,2224,s1,rest_v7
10560202,2255,s1,rest_v7
10560204,2224,s1,rest_v7
10560206,2231,s1,rest_v7
10560208,2231,s1,rest_v7
10560210,2251,s1,rest_v7
10560212,2234,s1,rest_v7
10560214,2217,s1,rest_v7
10560216,2245,s1,rest_v7
10560218,2245,s1,rest_v7
10560220,2239,s1,rest_v7
10560222,2206,s1,rest_v7
10560224,2257,s1,rest_v7
10560226,2238,s1,rest_v7
10560228,2246,s1,rest_v7
10560230,2202,s1,rest_v7
10560232,2271,s1,rest_v7
10560234,2231,s1,rest_v7
10560236,2251,s1,rest_v7
10560238,2206,s1,rest_v7
10560240,2266,s1,rest_v7
10560242,2229,s1,rest_v7
10560244,2254,s1,rest_v7
10560246,2218,s1,rest_v7
10560248,2253,s1,rest_v7
10560250,2226,s1,rest_v7
10560252,2256,s1,rest_v7
10560254,2224,s1,rest_v7
10560256,2228,s1,rest_v7
10560258,2234,s1,rest_v7
10560260,2256,s1,rest_v7
10560262,2235,s1,rest_v7
10560264,2222,s1,rest_v7
10560266,2252,s1,rest_v7
10560268,2251,s1,rest_v7
10560270,2239,s1,rest_v7
10560272,2207,s1,rest_v7
10560274,2259,s1,rest_v7
10560276,2241,s1,rest_v7
10560278,2244,s1,rest_v7
10560280,2197,s1,rest_v7
10560282,2261,s1,rest_v7
10560284,2227,s1,rest_v7
10560286,2243,s1,rest_v7
10560288,2201,s1,rest_v7
10560290,2259,s1,rest_v7
10560292,2226,s1,rest_v7
10560294,2251,s1,rest_v7
10560296,2217,s1,rest_v7
10560298,2243,s1,rest_v7
10560300,2223,s1,rest_v7
10560302,2251,s1,rest_v7
10560304,2221,s1,rest_v7
10560306,2226,s1,rest_v7
10560308,2231,s1,rest_v7
10560310,2244,s1,rest_v7
10560312,2231,s1,rest_v7
10560314,2213,s1,rest_v7
10560316,2247,s1,rest_v7
10560318,2241,s1,rest_v7
10560320,2238,s1,rest_v7
10560322,2197,s1,rest_v7
10560324,2256,s1,rest_v7
10560326,2233,s1,rest_v7
10560328,2241,s1,rest_v7
10560330,2195,s1,rest_v7
10560332,2263,s1,rest_v7
10560334,2230,s1,rest_v7
10560336,2245,s1,rest_v7
10560338,2203,s1,rest_v7
10560340,2260,s1,rest_v7
10560342,2226,s1,rest_v7
10560344,2250,s1,rest_v7
10560346,2214,s1,rest_v7
10560348,2242,s1,rest_v7
10560350,2218,s1,rest_v7
10560352,2251,s1,rest_v7
10560354,2224,s1,rest_v7
10560356,2225,s1,rest_v7
10560358,2234,s1,rest_v7
10560360,2250,s1,rest_v7
10560362,2227,s1,rest_v7
10560364,2210,s1,rest_v7
10560366,2243,s1,rest_v7
10560368,2240,s1,rest_v7
10560370,2235,s1,rest_v7
10560372,2198,s1,rest_v7
10560374,2255,s1,rest_v7
10560376,2235,s1,rest_v7
10560378,2240,s1,rest_v7
10560380,2194,s1,rest_v7
