t_ms,raw,subject,gesture
1177350,0,n2,rest
1177352,0,n2,rest
1177354,0,n2,rest
1177356,0,n2,rest
1177358,0,n2,rest
1177360,0,n2,rest
1177362,0,n2,rest
1177364,0,n2,rest
1177366,0,n2,rest
1177368,0,n2,rest
1177370,0,n2,rest
1177372,0,n2,rest
1177374,0,n2,rest
1177376,0,n2,rest
1177378,0,n2,rest
1177380,0,n2,rest
1177382,0,n2,rest
1177384,0,n2,rest
1177386,0,n2,rest
1177388,0,n2,rest
1177390,0,n2,rest
1177392,0,n2,rest
1177394,0,n2,rest
1177396,0,n2,rest
1177398,0,n2,rest
1177400,0,n2,rest
1177402,0,n2,rest
1177404,0,n2,rest
1177406,0,n2,rest
1177408,0,n2,rest
1177410,0,n2,rest
1177412,0,n2,rest
1177414,0,n2,rest
1177416,0,n2,rest
1177418,0,n2,rest
1177420,0,n2,rest
1177422,0,n2,rest
1177424,0,n2,rest
1177426,0,n2,rest
1177428,0,n2,rest
1177430,0,n2,rest
1177432,0,n2,rest
1177434,0,n2,rest
1177436,0,n2,rest
1177438,0,n2,rest
1177440,0,n2,rest
1177442,0,n2,rest
1177444,0,n2,rest
1177446,0,n2,rest
1177448,0,n2,rest
1177450,0,n2,rest
1177452,0,n2,rest
1177454,0,n2,rest
1177456,0,n2,rest
1177458,0,n2,rest
1177460,0,n2,rest
1177462,0,n2,rest
1177464,0,n2,rest
1177466,0,n2,rest
1177468,0,n2,rest
1177470,0,n2,rest
1177472,0,n2,rest
1177474,0,n2,rest
1177476,0,n2,rest
1177478,0,n2,rest
1177480,0,n2,rest
1177482,0,n2,rest
1177484,0,n2,rest
1177486,0,n2,rest
1177488,0,n2,rest
1177490,0,n2,rest
1177492,0,n2,rest
1177494,0,n2,rest
1177496,0,n2,rest
1177498,0,n2,rest
1177500,0,n2,rest
1177502,0,n2,rest
1177504,0,n2,rest
1177506,0,n2,rest
1177508,0,n2,rest
1177510,0,n2,rest
1177512,0,n2,rest
1177514,0,n2,rest
1177516,0,n2,rest
1177518,0,n2,rest
1177520,0,n2,rest
1177522,0,n2,rest
1177524,0,n2,rest
1177526,0,n2,rest
1177528,0,n2,rest
1177530,0,n2,rest
1177532,0,n2,rest
1177534,0,n2,rest
1177536,0,n2,rest
1177538,0,n2,rest
1177540,0,n2,rest
1177542,0,n2,rest
1177544,0,n2,rest
1177546,0,n2,rest
1177548,0,n2,rest
1177550,0,n2,rest
1177552,0,n2,rest
1177554,0,n2,rest
1177556,0,n2,rest
1177558,0,n2,rest
1177560,0,n2,rest
1177562,0,n2,rest
1177564,0,n2,rest
1177566,0,n2,rest
1177568,0,n2,rest
1177570,0,n2,rest
1177572,0,n2,rest
1177574,0,n2,rest
1177576,0,n2,rest
1177578,0,n2,rest
1177580,0,n2,rest
1177582,0,n2,rest
1177584,0,n2,rest
1177586,0,n2,rest
1177588,0,n2,rest
1177590,0,n2,rest
1177592,0,n2,rest
1177594,0,n2,rest
1177596,0,n2,rest
1177598,0,n2,rest
1177600,0,n2,rest
1177602,0,n2,rest
1177604,0,n2,rest
1177606,0,n2,rest
1177608,0,n2,rest
1177610,0,n2,rest
1177612,0,n2,rest
1177614,0,n2,rest
1177616,0,n2,rest
1177618,0,n2,rest
1177620,0,n2,rest
1177622,0,n2,rest
1177624,0,n2,rest
1177626,0,n2,rest
1177628,0,n2,rest
1177630,0,n2,rest
1177632,0,n2,rest
1177634,0,n2,rest
1177636,0,n2,rest
1177638,0,n2,rest
1177640,0,n2,rest
1177642,0,n2,rest
1177644,0,n2,rest
1177646,0,n2,rest
1177648,0,n2,rest
1177650,0,n2,rest
1177652,0,n2,rest
1177654,0,n2,rest
1177656,0,n2,rest
1177658,0,n2,rest
1177660,0,n2,rest
1177662,0,n2,rest
1177664,0,n2,rest
1177666,0,n2,rest
1177668,0,n2,rest
1177670,0,n2,rest
1177672,0,n2,rest
1177674,0,n2,rest
1177676,0,n2,rest
1177678,0,n2,rest
1177680,0,n2,rest
1177682,0,n2,rest
1177684,0,n2,rest
1177686,0,n2,rest
1177688,0,n2,rest
1177690,0,n2,rest
1177692,0,n2,rest
1177694,0,n2,rest
1177696,0,n2,rest
1177698,0,n2,rest
1177700,0,n2,rest
1177702,0,n2,rest
1177704,0,n2,rest
1177706,0,n2,rest
1177708,0,n2,rest
1177710,0,n2,rest
1177712,0,n2,rest
1177714,0,n2,rest
1177716,0,n2,rest
1177718,0,n2,rest
1177720,0,n2,rest
1177722,0,n2,rest
1177724,0,n2,rest
1177726,0,n2,rest
1177728,0,n2,rest
1177730,0,n2,rest
1177732,0,n2,rest
1177734,0,n2,rest
1177736,0,n2,rest
1177738,0,n2,rest
1177740,0,n2,rest
1177742,0,n2,rest
1177744,0,n2,rest
1177746,0,n2,rest
1177748,0,n2,rest
1177750,0,n2,rest
1177752,0,n2,rest
1177754,0,n2,rest
1177756,0,n2,rest
1177758,0,n2,rest
1177760,0,n2,rest
1177762,0,n2,rest
1177764,15,n2,rest
1177766,0,n2,rest
1177768,14,n2,rest
1177770,5,n2,rest
1177772,4,n2,rest
1177774,59,n2,rest
1177776,435,n2,rest
1177778,640,n2,rest
1177780,819,n2,rest
1177782,986,n2,rest
1177784,1143,n2,rest
1177786,1283,n2,rest
1177788,1417,n2,rest
1177790,1535,n2,rest
1177792,1660,n2,rest
1177794,1762,n2,rest
1177796,1863,n2,rest
1177798,1958,n2,rest
1177800,2047,n2,rest
1177802,2141,n2,rest
1177804,2224,n2,rest
1177806,2426,n2,rest
1177808,3038,n2,rest
1177810,3906,n2,rest
1177836,3914,n2,rest
1177838,3693,n2,rest
1177840,3514,n2,rest
1177842,3387,n2,rest
1177844,3296,n2,rest
1177846,3235,n2,rest
1177848,3179,n2,rest
1177850,3141,n2,rest
1177852,3109,n2,rest
1177854,3086,n2,rest
1177856,3058,n2,rest
1177858,3043,n2,rest
1177860,3026,n2,rest
1177862,3018,n2,rest
1177864,3006,n2,rest
1177866,2995,n2,rest
1177868,2992,n2,rest
1177870,2979,n2,rest
1177872,2978,n2,rest
1177874,2967,n2,rest
1177876,2961,n2,rest
1177878,2959,n2,rest
1177880,2959,n2,rest
1177882,2951,n2,rest
1177884,2950,n2,rest
1177886,2945,n2,rest
1177888,2946,n2,rest
1177890,2943,n2,rest
1177892,2939,n2,rest
1177894,2941,n2,rest
1177896,2939,n2,rest
1177898,2939,n2,rest
1177900,2933,n2,rest
1177902,2935,n2,rest
1177904,2935,n2,rest
1177906,2933,n2,rest
1177908,2931,n2,rest
1177910,2929,n2,rest
1177912,2928,n2,rest
1177914,2930,n2,rest
1177916,2928,n2,rest
1177918,2927,n2,rest
1177920,2928,n2,rest
1177922,2930,n2,rest
1177924,2928,n2,rest
1177926,2928,n2,rest
1177928,2931,n2,rest
1177930,2929,n2,rest
1177932,2928,n2,rest
1177934,2929,n2,rest
1177936,2928,n2,rest
1177938,2932,n2,rest
1177940,2928,n2,rest
1177942,2930,n2,rest
1177944,2929,n2,rest
1177946,2928,n2,rest
1177948,2929,n2,rest
1177950,2934,n2,rest
1177952,2931,n2,rest
1177954,2928,n2,rest
1177956,2935,n2,rest
1177958,2933,n2,rest
1177960,2938,n2,rest
1177962,2934,n2,rest
1177964,2937,n2,rest
1177966,2938,n2,rest
1177968,2933,n2,rest
1177970,2937,n2,rest
1177972,2936,n2,rest
1177974,2939,n2,rest
1177976,2942,n2,rest
1177978,2940,n2,rest
1177980,2942,n2,rest
1177982,2939,n2,rest
1177984,2943,n2,rest
1177986,2941,n2,rest
1177988,2945,n2,rest
1177990,2946,n2,rest
1177992,2942,n2,rest
1177994,2943,n2,rest
1177996,2943,n2,rest
1177998,2945,n2,rest
1178000,2949,n2,rest
1178002,2946,n2,rest
1178004,2947,n2,rest
1178006,2946,n2,rest
1178008,2947,n2,rest
1178010,2951,n2,rest
1178012,2955,n2,rest
1178014,2949,n2,rest
1178016,2949,n2,rest
1178018,2954,n2,rest
1178020,2951,n2,rest
1178022,2956,n2,rest
1178024,2960,n2,rest
1178026,2960,n2,rest
1178028,2955,n2,rest
1178030,2959,n2,rest
1178032,2957,n2,rest
1178034,2960,n2,rest
1178036,2960,n2,rest
1178038,2959,n2,rest
1178040,2960,n2,rest
1178042,2960,n2,rest
1178044,2963,n2,rest
1178046,2962,n2,rest
1178048,2961,n2,rest
1178050,2964,n2,rest
1178052,2965,n2,rest
1178054,2962,n2,rest
1178056,2963,n2,rest
1178058,2965,n2,rest
1178060,2970,n2,rest
1178062,2970,n2,rest
1178064,2964,n2,rest
1178066,2967,n2,rest
1178068,2971,n2,rest
1178070,2967,n2,rest
1178072,2967,n2,rest
1178074,2970,n2,rest
1178076,2973,n2,rest
1178078,2976,n2,rest
1178080,2967,n2,rest
1178082,2973,n2,rest
1178084,2975,n2,rest
1178086,2974,n2,rest
1178088,2974,n2,rest
1178090,2975,n2,rest
1178092,2980,n2,rest
1178094,2981,n2,rest
1178096,2979,n2,rest
1178098,2978,n2,rest
1178100,2983,n2,rest
1178102,2981,n2,rest
1178104,2983,n2,rest
1178106,2984,n2,rest
1178108,2986,n2,rest
1178110,2982,n2,rest
1178112,2983,n2,rest
1178114,2982,n2,rest
1178116,2989,n2,rest
1178118,2989,n2,rest
1178120,2987,n2,rest
1178122,2992,n2,rest
1178124,2989,n2,rest
1178126,2992,n2,rest
1178128,2992,n2,rest
1178130,2991,n2,rest
1178132,2992,n2,rest
1178134,2992,n2,rest
1178136,2992,n2,rest
1178138,2991,n2,rest
1178140,2992,n2,rest
1178142,2993,n2,rest
1178144,2995,n2,rest
1178146,2995,n2,rest
1178148,2993,n2,rest
1178150,2998,n2,rest
1178152,2994,n2,rest
1178154,2997,n2,rest
1178156,2996,n2,rest
1178158,2997,n2,rest
1178160,2999,n2,rest
1178162,2997,n2,rest
1178164,2999,n2,rest
1178166,3005,n2,rest
1178168,3004,n2,rest
1178170,3007,n2,rest
1178172,2999,n2,rest
1178174,3003,n2,rest
1178176,3003,n2,rest
1178178,3008,n2,rest
1178180,3003,n2,rest
1178182,3006,n2,rest
1178184,3006,n2,rest
1178186,3008,n2,rest
1178188,3007,n2,rest
1178190,3008,n2,rest
1178192,3009,n2,rest
1178194,3008,n2,rest
1178196,3010,n2,rest
1178198,3013,n2,rest
1178200,3011,n2,rest
1178202,3011,n2,rest
1178204,3010,n2,rest
1178206,3010,n2,rest
1178208,3018,n2,rest
1178210,3015,n2,rest
1178212,3017,n2,rest
1178214,3019,n2,rest
1178216,3018,n2,rest
1178218,3018,n2,rest
1178220,3018,n2,rest
1178222,3018,n2,rest
1178224,3023,n2,rest
1178226,3020,n2,rest
1178228,3024,n2,rest
1178230,3022,n2,rest
1178232,3023,n2,rest
1178234,3023,n2,rest
1178236,3021,n2,rest
1178238,3021,n2,rest
1178240,3024,n2,rest
1178242,3025,n2,rest
1178244,3029,n2,rest
1178246,3026,n2,rest
1178248,3026,n2,rest
1178250,3030,n2,rest
1178252,3025,n2,rest
1178254,3026,n2,rest
1178256,3026,n2,rest
1178258,3034,n2,rest
1178260,3027,n2,rest
1178262,3035,n2,rest
1178264,3024,n2,rest
1178266,3033,n2,rest
1178268,3034,n2,rest
1178270,3037,n2,rest
1178272,3037,n2,rest
1178274,3033,n2,rest
1178276,3035,n2,rest
1178278,3038,n2,rest
1178280,3037,n2,rest
1178282,3040,n2,rest
1178284,3035,n2,rest
1178286,3035,n2,rest
1178288,3038,n2,rest
1178290,3035,n2,rest
1178292,3036,n2,rest
1178294,3041,n2,rest
1178296,3047,n2,rest
1178298,3037,n2,rest
1178300,3038,n2,rest
1178302,3038,n2,rest
1178304,3047,n2,rest
1178306,3043,n2,rest
1178308,3043,n2,rest
1178310,3042,n2,rest
1178312,3043,n2,rest
1178314,3046,n2,rest
1178316,3043,n2,rest
1178318,3042,n2,rest
1178320,3047,n2,rest
1178322,3047,n2,rest
1178324,3047,n2,rest
1178326,3047,n2,rest
1178328,3042,n2,rest
1178330,3052,n2,rest
1178332,3050,n2,rest
1178334,3055,n2,rest
1178336,3051,n2,rest
1178338,3052,n2,rest
1178340,3053,n2,rest
1178342,3055,n2,rest
1178344,3056,n2,rest
1178346,3053,n2,rest
1178348,3056,n2,rest
1178350,3056,n2,rest
1178352,3056,n2,rest
1178354,3056,n2,rest
1178356,3056,n2,rest
1178358,3057,n2,rest
1178360,3056,n2,rest
1178362,3058,n2,rest
1178364,3060,n2,rest
1178366,3061,n2,rest
1178368,3057,n2,rest
1178370,3057,n2,rest
1178372,3056,n2,rest
1178374,3057,n2,rest
1178376,3060,n2,rest
1178378,3065,n2,rest
1178380,3056,n2,rest
1178382,3062,n2,rest
1178384,3061,n2,rest
1178386,3063,n2,rest
1178388,3059,n2,rest
1178390,3061,n2,rest
1178392,3066,n2,rest
1178394,3068,n2,rest
1178396,3063,n2,rest
1178398,3064,n2,rest
1178400,3068,n2,rest
1178402,3068,n2,rest
1178404,3066,n2,rest
1178406,3066,n2,rest
1178408,3071,n2,rest
1178410,3071,n2,rest
1178412,3069,n2,rest
1178414,3070,n2,rest
1178416,3071,n2,rest
1178418,3071,n2,rest
1178420,3071,n2,rest
1178422,3071,n2,rest
1178424,3070,n2,rest
1178426,3069,n2,rest
1178428,3071,n2,rest
1178430,3071,n2,rest
1178432,3071,n2,rest
1178434,3071,n2,rest
1178436,3071,n2,rest
1178438,3083,n2,rest
1178440,3071,n2,rest
1178442,3071,n2,rest
1178444,3071,n2,rest
1178446,3086,n2,rest
1178448,3087,n2,rest
1178450,3084,n2,rest
1178452,3082,n2,rest
1178454,3082,n2,rest
1178456,3086,n2,rest
1178458,3088,n2,rest
1178460,3087,n2,rest
1178462,3088,n2,rest
1178464,3088,n2,rest
1178466,3088,n2,rest
1178468,3088,n2,rest
1178470,3088,n2,rest
1178472,3089,n2,rest
1178474,3089,n2,rest
1178476,3088,n2,rest
1178478,3092,n2,rest
1178480,3090,n2,rest
1178482,3088,n2,rest
1178484,3092,n2,rest
1178486,3091,n2,rest
1178488,3097,n2,rest
1178490,3090,n2,rest
1178492,3093,n2,rest
1178494,3097,n2,rest
1178496,3093,n2,rest
1178498,3090,n2,rest
1178500,3099,n2,rest
1178502,3095,n2,rest
1178504,3098,n2,rest
1178506,3098,n2,rest
1178508,3102,n2,rest
1178510,3099,n2,rest
1178512,3103,n2,rest
1178514,3099,n2,rest
1178516,3097,n2,rest
1178518,3103,n2,rest
1178520,3101,n2,rest
1178522,3103,n2,rest
1178524,3105,n2,rest
1178526,3100,n2,rest
1178528,3099,n2,rest
1178530,3101,n2,rest
1178532,3108,n2,rest
1178534,3103,n2,rest
1178536,3105,n2,rest
1178538,3102,n2,rest
1178540,3107,n2,rest
1178542,3103,n2,rest
1178544,3106,n2,rest
1178546,3106,n2,rest
1178548,3104,n2,rest
1178550,3107,n2,rest
1178552,3102,n2,rest
1178554,3109,n2,rest
1178556,3108,n2,rest
1178558,3113,n2,rest
1178560,3103,n2,rest
1178562,3106,n2,rest
1178564,3115,n2,rest
1178566,3108,n2,rest
1178568,3109,n2,rest
1178570,3113,n2,rest
1178572,3117,n2,rest
1178574,3111,n2,rest
1178576,3113,n2,rest
1178578,3118,n2,rest
1178580,3115,n2,rest
1178582,3109,n2,rest
1178584,3116,n2,rest
1178586,3113,n2,rest
1178588,3114,n2,rest
1178590,3116,n2,rest
1178592,3114,n2,rest
1178594,3115,n2,rest
1178596,3117,n2,rest
1178598,3116,n2,rest
1178600,3117,n2,rest
1178602,3118,n2,rest
1178604,3119,n2,rest
1178606,3118,n2,rest
1178608,3121,n2,rest
1178610,3115,n2,rest
1178612,3120,n2,rest
1178614,3118,n2,rest
1178616,3120,n2,rest
1178618,3121,n2,rest
1178620,3118,n2,rest
1178622,3118,n2,rest
1178624,3123,n2,rest
1178626,3120,n2,rest
1178628,3121,n2,rest
1178630,3120,n2,rest
1178632,3120,n2,rest
1178634,3120,n2,rest
1178636,3121,n2,rest
1178638,3120,n2,rest
1178640,3120,n2,rest
1178642,3126,n2,rest
1178644,3121,n2,rest
1178646,3120,n2,rest
1178648,3121,n2,rest
1178650,3119,n2,rest
1178652,3121,n2,rest
1178654,3120,n2,rest
1178656,3123,n2,rest
1178658,3120,n2,rest
1178660,3123,n2,rest
1178662,3120,n2,rest
1178664,3121,n2,rest
1178666,3121,n2,rest
1178668,3120,n2,rest
1178670,3125,n2,rest
1178672,3121,n2,rest
1178674,3123,n2,rest
1178676,3119,n2,rest
1178678,3122,n2,rest
1178680,3120,n2,rest
1178682,3124,n2,rest
1178684,3125,n2,rest
1178686,3120,n2,rest
1178688,3120,n2,rest
1178690,3124,n2,rest
1178692,3133,n2,rest
1178694,3124,n2,rest
1178696,3122,n2,rest
1178698,3122,n2,rest
1178700,3123,n2,rest
1178702,3127,n2,rest
1178704,3125,n2,rest
1178706,3126,n2,rest
1178708,3127,n2,rest
1178710,3123,n2,rest
1178712,3120,n2,rest
1178714,3126,n2,rest
1178716,3127,n2,rest
1178718,3127,n2,rest
1178720,3129,n2,rest
1178722,3130,n2,rest
1178724,3126,n2,rest
1178726,3131,n2,rest
1178728,3131,n2,rest
1178730,3127,n2,rest
1178732,3127,n2,rest
1178734,3130,n2,rest
1178736,3131,n2,rest
1178738,3129,n2,rest
1178740,3132,n2,rest
1178742,3131,n2,rest
1178744,3131,n2,rest
1178746,3127,n2,rest
1178748,3135,n2,rest
1178750,3127,n2,rest
1178752,3133,n2,rest
1178754,3135,n2,rest
1178756,3132,n2,rest
1178758,3136,n2,rest
1178760,3138,n2,rest
1178762,3131,n2,rest
1178764,3133,n2,rest
1178766,3137,n2,rest
1178768,3132,n2,rest
1178770,3136,n2,rest
1178772,3130,n2,rest
1178774,3127,n2,rest
1178776,3125,n2,rest
1178778,3138,n2,rest
1178780,3122,n2,rest
1178782,3130,n2,rest
1178784,3124,n2,rest
1178786,3119,n2,rest
1178788,3122,n2,rest
1178790,3127,n2,rest
1178792,3120,n2,rest
1178794,3119,n2,rest
1178796,3120,n2,rest
1178798,3120,n2,rest
1178800,3120,n2,rest
1178802,3118,n2,rest
1178804,3111,n2,rest
1178806,3082,n2,rest
1178808,3120,n2,rest
1178810,3115,n2,rest
1178812,3113,n2,rest
1178814,3110,n2,rest
1178816,3107,n2,rest
1178818,3104,n2,rest
1178820,3105,n2,rest
1178822,3099,n2,rest
1178824,3101,n2,rest
1178826,3103,n2,rest
1178828,3104,n2,rest
1178830,3102,n2,rest
1178832,3082,n2,rest
1178834,3108,n2,rest
1178836,3107,n2,rest
1178838,3117,n2,rest
1178840,3106,n2,rest
1178842,3114,n2,rest
1178844,3115,n2,rest
1178846,3103,n2,rest
1178848,3113,n2,rest
1178850,3099,n2,rest
1178852,3093,n2,rest
1178854,3093,n2,rest
1178856,3093,n2,rest
1178858,3086,n2,rest
1178860,3088,n2,rest
1178862,3083,n2,rest
1178864,3090,n2,rest
1178866,3068,n2,rest
1178868,3058,n2,rest
1178870,3059,n2,rest
1178872,3053,n2,rest
1178874,3042,n2,rest
1178876,3037,n2,rest
1178878,3035,n2,rest
1178880,3029,n2,rest
1178882,3061,n2,rest
1178884,3052,n2,rest
1178886,3045,n2,rest
1178888,3042,n2,rest
1178890,3053,n2,rest
1178892,3057,n2,rest
1178894,3056,n2,rest
1178896,3051,n2,rest
1178898,3043,n2,rest
1178900,3042,n2,rest
1178902,3036,n2,rest
1178904,3029,n2,rest
1178906,3035,n2,rest
1178908,3026,n2,rest
1178910,3024,n2,rest
1178912,3024,n2,rest
1178914,3019,n2,rest
1178916,2992,n2,rest
1178918,3008,n2,rest
1178920,3010,n2,rest
1178922,3017,n2,rest
1178924,3010,n2,rest
1178926,3008,n2,rest
1178928,3003,n2,rest
1178930,2954,n2,rest
1178932,2927,n2,rest
1178934,2906,n2,rest
1178936,2889,n2,rest
1178938,2930,n2,rest
1178940,2928,n2,rest
1178942,2923,n2,rest
1178944,2911,n2,rest
1178946,2907,n2,rest
1178948,2925,n2,rest
1178950,2924,n2,rest
1178952,2918,n2,rest
1178954,2918,n2,rest
1178956,2914,n2,rest
1178958,2914,n2,rest
1178960,2911,n2,rest
1178962,2910,n2,rest
1178964,2906,n2,rest
1178966,2903,n2,rest
1178968,2899,n2,rest
1178970,2901,n2,rest
1178972,2894,n2,rest
1178974,2889,n2,rest
1178976,2889,n2,rest
1178978,2882,n2,rest
1178980,2871,n2,rest
1178982,2864,n2,rest
1178984,2870,n2,rest
1178986,2870,n2,rest
1178988,2863,n2,rest
1178990,2862,n2,rest
1178992,2864,n2,rest
1178994,2865,n2,rest
1178996,2864,n2,rest
1178998,2873,n2,rest
1179000,2855,n2,rest
1179002,2864,n2,rest
1179004,2860,n2,rest
1179006,2866,n2,rest
1179008,2860,n2,rest
1179010,2854,n2,rest
1179012,2864,n2,rest
1179014,2863,n2,rest
1179016,2864,n2,rest
1179018,2871,n2,rest
1179020,2862,n2,rest
1179022,2864,n2,rest
1179024,2873,n2,rest
1179026,2864,n2,rest
1179028,2869,n2,rest
1179030,2866,n2,rest
1179032,2873,n2,rest
1179034,2871,n2,rest
1179036,2874,n2,rest
1179038,2879,n2,rest
1179040,2882,n2,rest
1179042,2882,n2,rest
1179044,2880,n2,rest
1179046,2880,n2,rest
1179048,2875,n2,rest
1179050,2880,n2,rest
1179052,2880,n2,rest
1179054,2880,n2,rest
1179056,2879,n2,rest
1179058,2880,n2,rest
1179060,2881,n2,rest
1179062,2881,n2,rest
1179064,2875,n2,rest
1179066,2875,n2,rest
1179068,2901,n2,rest
1179070,2897,n2,rest
1179072,2892,n2,rest
1179074,2890,n2,rest
1179076,2883,n2,rest
1179078,2882,n2,rest
1179080,2880,n2,rest
1179082,2880,n2,rest
1179084,2871,n2,rest
1179086,2876,n2,rest
1179088,2875,n2,rest
1179090,2878,n2,rest
1179092,2875,n2,rest
1179094,2873,n2,rest
1179096,2870,n2,rest
1179098,2870,n2,rest
1179100,2864,n2,rest
1179102,2864,n2,rest
1179104,2864,n2,rest
1179106,2863,n2,rest
1179108,2864,n2,rest
1179110,2863,n2,rest
1179112,2862,n2,rest
1179114,2859,n2,rest
1179116,2869,n2,rest
1179118,2866,n2,rest
1179120,2864,n2,rest
1179122,2862,n2,rest
1179124,2863,n2,rest
1179126,2864,n2,rest
1179128,2864,n2,rest
1179130,2864,n2,rest
1179132,2864,n2,rest
1179134,2864,n2,rest
1179136,2864,n2,rest
1179138,2857,n2,rest
1179140,2863,n2,rest
1179142,2859,n2,rest
1179144,2857,n2,rest
1179146,2881,n2,rest
1179148,2889,n2,rest
1179150,2885,n2,rest
1179152,2886,n2,rest
1179154,2887,n2,rest
1179156,2881,n2,rest
1179158,2866,n2,rest
1179160,2855,n2,rest
1179162,2884,n2,rest
1179164,2878,n2,rest
1179166,2879,n2,rest
1179168,2881,n2,rest
1179170,2878,n2,rest
1179172,2880,n2,rest
1179174,2880,n2,rest
1179176,2878,n2,rest
1179178,2880,n2,rest
1179180,2877,n2,rest
1179182,2873,n2,rest
1179184,2877,n2,rest
1179186,2875,n2,rest
1179188,2879,n2,rest
1179190,2887,n2,rest
1179192,2893,n2,rest
1179194,2883,n2,rest
1179196,2880,n2,rest
1179198,2877,n2,rest
1179200,2881,n2,rest
1179202,2875,n2,rest
1179204,2872,n2,rest
1179206,2864,n2,rest
1179208,2874,n2,rest
1179210,2870,n2,rest
1179212,2874,n2,rest
1179214,2875,n2,rest
1179216,2869,n2,rest
1179218,2867,n2,rest
1179220,2859,n2,rest
1179222,2851,n2,rest
1179224,2846,n2,rest
1179226,2861,n2,rest
1179228,2850,n2,rest
1179230,2881,n2,rest
1179232,2883,n2,rest
1179234,2871,n2,rest
1179236,2874,n2,rest
1179238,2873,n2,rest
1179240,2866,n2,rest
1179242,2880,n2,rest
1179244,2880,n2,rest
1179246,2874,n2,rest
1179248,2871,n2,rest
1179250,2870,n2,rest
1179252,2879,n2,rest
1179254,2877,n2,rest
1179256,2873,n2,rest
1179258,2878,n2,rest
1179260,2880,n2,rest
1179262,2877,n2,rest
1179264,2880,n2,rest
1179266,2875,n2,rest
1179268,2874,n2,rest
1179270,2870,n2,rest
1179272,2875,n2,rest
1179274,2870,n2,rest
1179276,2864,n2,rest
1179278,2873,n2,rest
1179280,2861,n2,rest
1179282,2861,n2,rest
1179284,2859,n2,rest
1179286,2877,n2,rest
1179288,2865,n2,rest
1179290,2866,n2,rest
1179292,2862,n2,rest
1179294,2867,n2,rest
1179296,2883,n2,rest
1179298,2877,n2,rest
1179300,2896,n2,rest
1179302,2897,n2,rest
1179304,2896,n2,rest
1179306,2897,n2,rest
1179308,2896,n2,rest
1179310,2902,n2,rest
1179312,2896,n2,rest
1179314,2905,n2,rest
1179316,2906,n2,rest
1179318,2898,n2,rest
1179320,2901,n2,rest
1179322,2903,n2,rest
1179324,2901,n2,rest
1179326,2901,n2,rest
1179328,2907,n2,rest
1179330,2903,n2,rest
1179332,2893,n2,rest
1179334,2890,n2,rest
1179336,2896,n2,rest
1179338,2899,n2,rest
1179340,2894,n2,rest
1179342,2899,n2,rest
1179344,2896,n2,rest
1179346,2894,n2,rest
1179348,2887,n2,rest
1179350,2876,n2,rest
1179352,2896,n2,rest
1179354,2901,n2,rest
1179356,2891,n2,rest
1179358,2899,n2,rest
1179360,2896,n2,rest
1179362,2890,n2,rest
1179364,2885,n2,rest
1179366,2880,n2,rest
1179368,2876,n2,rest
1179370,2879,n2,rest
1179372,0,n2,rest
1179374,0,n2,rest
1179376,0,n2,rest
1179378,0,n2,rest
1179380,0,n2,rest
1179382,0,n2,rest
1179384,0,n2,rest
1179386,0,n2,rest
1179388,0,n2,rest
1179390,0,n2,rest
1179392,0,n2,rest
1179394,0,n2,rest
1179396,0,n2,rest
1179398,0,n2,rest
1179400,0,n2,rest
1179402,0,n2,rest
1179404,0,n2,rest
1179406,0,n2,rest
1179408,0,n2,rest
1179410,0,n2,rest
1179412,0,n2,rest
1179414,0,n2,rest
1179416,0,n2,rest
1179418,0,n2,rest
1179420,0,n2,rest
1179422,0,n2,rest
1179424,0,n2,rest
1179426,0,n2,rest
1179428,0,n2,rest
1179430,0,n2,rest
1179432,0,n2,rest
1179434,0,n2,rest
1179436,0,n2,rest
1179438,0,n2,rest
1179440,0,n2,rest
1179442,0,n2,rest
1179444,0,n2,rest
1179446,0,n2,rest
1179448,0,n2,rest
1179450,0,n2,rest
1179452,0,n2,rest
1179454,0,n2,rest
1179456,0,n2,rest
1179458,0,n2,rest
1179460,0,n2,rest
1179462,0,n2,rest
1179464,0,n2,rest
1179466,0,n2,rest
1179468,0,n2,rest
1179470,0,n2,rest
1179472,0,n2,rest
1179474,0,n2,rest
1179476,0,n2,rest
1179478,0,n2,rest
1179480,0,n2,rest
1179482,0,n2,rest
1179484,0,n2,rest
1179486,0,n2,rest
1179488,0,n2,rest
1179490,0,n2,rest
1179492,0,n2,rest
1179494,0,n2,rest
1179496,0,n2,rest
1179498,0,n2,rest
1179500,0,n2,rest
1179502,0,n2,rest
1179504,0,n2,rest
1179506,0,n2,rest
1179508,0,n2,rest
1179510,0,n2,rest
1179512,0,n2,rest
1179514,0,n2,rest
1179516,0,n2,rest
1179518,0,n2,rest
1179520,0,n2,rest
1179522,0,n2,rest
1179524,0,n2,rest
1179526,0,n2,rest
1179528,0,n2,rest
1179530,0,n2,rest
1179532,0,n2,rest
1179534,0,n2,rest
1179536,0,n2,rest
1179538,0,n2,rest
1179540,0,n2,rest
1179542,0,n2,rest
1179544,0,n2,rest
1179546,0,n2,rest
1179548,0,n2,rest
1179550,0,n2,rest
1179552,0,n2,rest
1179554,0,n2,rest
1179556,0,n2,rest
1179558,0,n2,rest
1179560,0,n2,rest
1179562,0,n2,rest
1179564,0,n2,rest
1179566,0,n2,rest
1179568,0,n2,rest
1179570,0,n2,rest
1179572,0,n2,rest
1179574,0,n2,rest
1179576,0,n2,rest
1179578,0,n2,rest
1179580,0,n2,rest
1179582,0,n2,rest
1179584,0,n2,rest
1179586,0,n2,rest
1179588,0,n2,rest
1179590,0,n2,rest
1179592,0,n2,rest
1179594,0,n2,rest
1179596,0,n2,rest
1179598,0,n2,rest
1179600,0,n2,rest
1179602,0,n2,rest
1179604,0,n2,rest
1179606,0,n2,rest
1179608,0,n2,rest
1179610,0,n2,rest
1179612,0,n2,rest
1179614,0,n2,rest
1179616,0,n2,rest
1179618,0,n2,rest
1179620,0,n2,rest
1179622,0,n2,rest
1179624,0,n2,rest
1179626,0,n2,rest
1179628,0,n2,rest
1179630,0,n2,rest
1179632,0,n2,rest
1179634,0,n2,rest
1179636,0,n2,rest
1179638,0,n2,rest
1179640,0,n2,rest
1179642,0,n2,rest
1179644,0,n2,rest
1179646,0,n2,rest
1179648,0,n2,rest
1179650,0,n2,rest
1179652,0,n2,rest
1179654,0,n2,rest
1179656,0,n2,rest
1179658,0,n2,rest
1179660,0,n2,rest
1179662,0,n2,rest
1179664,0,n2,rest
1179666,0,n2,rest
1179668,0,n2,rest
1179670,0,n2,rest
1179672,0,n2,rest
1179674,0,n2,rest
1179676,0,n2,rest
1179678,0,n2,rest
1179680,0,n2,rest
1179682,0,n2,rest
1179684,0,n2,rest
1179686,0,n2,rest
1179688,0,n2,rest
1179690,0,n2,rest
1179692,0,n2,rest
1179694,0,n2,rest
1179696,0,n2,rest
1179698,0,n2,rest
1179700,0,n2,rest
1179702,0,n2,rest
1179704,0,n2,rest
1179706,0,n2,rest
1179708,0,n2,rest
1179710,0,n2,rest
1179712,0,n2,rest
1179714,0,n2,rest
1179716,0,n2,rest
1179718,0,n2,rest
1179720,0,n2,rest
1179722,0,n2,rest
1179724,0,n2,rest
1179726,0,n2,rest
1179728,0,n2,rest
1179730,0,n2,rest
1179732,0,n2,rest
1179734,0,n2,rest
1179736,0,n2,rest
1179738,0,n2,rest
1179740,0,n2,rest
1179742,0,n2,rest
1179744,0,n2,rest
1179746,0,n2,rest
1179748,0,n2,rest
1179750,0,n2,rest
1179752,0,n2,rest
1179754,0,n2,rest
1179756,0,n2,rest
1179758,0,n2,rest
1179760,0,n2,rest
1179762,0,n2,rest
1179764,0,n2,rest
1179766,0,n2,rest
1179768,0,n2,rest
1179770,0,n2,rest
1179772,0,n2,rest
1179774,0,n2,rest
1179776,0,n2,rest
1179778,0,n2,rest
1179780,0,n2,rest
1179782,0,n2,rest
1179784,0,n2,rest
1179786,0,n2,rest
1179788,0,n2,rest
1179790,0,n2,rest
1179792,0,n2,rest
1179794,0,n2,rest
1179796,0,n2,rest
1179798,0,n2,rest
1179800,0,n2,rest
1179802,0,n2,rest
1179804,0,n2,rest
1179806,0,n2,rest
1179808,0,n2,rest
1179810,0,n2,rest
1179812,0,n2,rest
1179814,0,n2,rest
1179816,0,n2,rest
1179818,0,n2,rest
1179820,0,n2,rest
1179822,0,n2,rest
1179824,0,n2,rest
1179826,0,n2,rest
1179828,0,n2,rest
1179830,0,n2,rest
1179832,0,n2,rest
1179834,0,n2,rest
1179836,0,n2,rest
1179838,0,n2,rest
1179840,0,n2,rest
1179842,0,n2,rest
1179844,0,n2,rest
1179846,0,n2,rest
1179848,0,n2,rest
1179850,0,n2,rest
1179852,0,n2,rest
1179854,0,n2,rest
1179856,0,n2,rest
1179858,0,n2,rest
1179860,0,n2,rest
1179862,0,n2,rest
1179864,0,n2,rest
1179866,0,n2,rest
1179868,0,n2,rest
1179870,0,n2,rest
1179872,0,n2,rest
1179874,0,n2,rest
1179876,0,n2,rest
1179878,0,n2,rest
1179880,0,n2,rest
1179882,0,n2,rest
1179884,0,n2,rest
1179886,0,n2,rest
1179888,0,n2,rest
1179890,0,n2,rest
1179892,1,n2,rest
1179894,0,n2,rest
1179896,0,n2,rest
1179898,0,n2,rest
1179900,0,n2,rest
1179902,0,n2,rest
1179904,0,n2,rest
1179906,0,n2,rest
1179908,0,n2,rest
1179910,0,n2,rest
1179912,0,n2,rest
1179914,0,n2,rest
1179916,0,n2,rest
1179918,0,n2,rest
1179920,0,n2,rest
1179922,0,n2,rest
1179924,0,n2,rest
1179926,0,n2,rest
1179928,0,n2,rest
1179930,0,n2,rest
1179932,0,n2,rest
1179934,0,n2,rest
1179936,0,n2,rest
1179938,0,n2,rest
1179940,0,n2,rest
1179942,0,n2,rest
1179944,0,n2,rest
1179946,0,n2,rest
1179948,0,n2,rest
1179950,0,n2,rest
1179952,0,n2,rest
1179954,0,n2,rest
1179956,1,n2,rest
1179958,0,n2,rest
1179960,0,n2,rest
1179962,5,n2,rest
1179964,3,n2,rest
1179966,0,n2,rest
1179968,0,n2,rest
1179970,3,n2,rest
1179972,6,n2,rest
1179974,2,n2,rest
1179976,4,n2,rest
1179978,4,n2,rest
1179980,5,n2,rest
1179982,5,n2,rest
1179984,3,n2,rest
1179986,3,n2,rest
1179988,13,n2,rest
1179990,16,n2,rest
1179992,10,n2,rest
1179994,16,n2,rest
1179996,16,n2,rest
1179998,15,n2,rest
1180000,19,n2,rest
1180002,18,n2,rest
1180004,21,n2,rest
1180006,21,n2,rest
1180008,21,n2,rest
1180010,17,n2,rest
1180012,23,n2,rest
1180014,19,n2,rest
1180016,29,n2,rest
1180018,22,n2,rest
1180020,30,n2,rest
1180022,22,n2,rest
1180024,32,n2,rest
1180026,25,n2,rest
1180028,32,n2,rest
1180030,34,n2,rest
1180032,32,n2,rest
1180034,32,n2,rest
1180036,32,n2,rest
1180038,38,n2,rest
1180040,37,n2,rest
1180042,31,n2,rest
1180044,33,n2,rest
1180046,31,n2,rest
1180048,32,n2,rest
1180050,30,n2,rest
1180052,32,n2,rest
1180054,32,n2,rest
1180056,35,n2,rest
1180058,35,n2,rest
1180060,36,n2,rest
1180062,37,n2,rest
1180064,38,n2,rest
1180066,37,n2,rest
1180068,42,n2,rest
1180070,43,n2,rest
1180072,40,n2,rest
1180074,39,n2,rest
1180076,35,n2,rest
1180078,43,n2,rest
1180080,43,n2,rest
1180082,35,n2,rest
1180084,41,n2,rest
1180086,43,n2,rest
1180088,44,n2,rest
1180090,43,n2,rest
1180092,43,n2,rest
1180094,48,n2,rest
1180096,42,n2,rest
1180098,41,n2,rest
1180100,46,n2,rest
1180102,45,n2,rest
1180104,45,n2,rest
1180106,48,n2,rest
1180108,48,n2,rest
1180110,48,n2,rest
1180112,48,n2,rest
1180114,48,n2,rest
1180116,45,n2,rest
1180118,49,n2,rest
1180120,49,n2,rest
1180122,51,n2,rest
1180124,51,n2,rest
1180126,47,n2,rest
1180128,53,n2,rest
1180130,59,n2,rest
1180132,56,n2,rest
1180134,54,n2,rest
1180136,60,n2,rest
1180138,58,n2,rest
1180140,65,n2,rest
1180142,64,n2,rest
1180144,67,n2,rest
1180146,67,n2,rest
1180148,68,n2,rest
1180150,75,n2,rest
1180152,75,n2,rest
1180154,74,n2,rest
1180156,80,n2,rest
1180158,77,n2,rest
1180160,81,n2,rest
1180162,82,n2,rest
1180164,81,n2,rest
1180166,79,n2,rest
1180168,80,n2,rest
1180170,80,n2,rest
1180172,83,n2,rest
1180174,84,n2,rest
1180176,86,n2,rest
1180178,87,n2,rest
1180180,94,n2,rest
1180182,96,n2,rest
1180184,95,n2,rest
1180186,103,n2,rest
1180188,108,n2,rest
1180190,112,n2,rest
1180192,115,n2,rest
1180194,114,n2,rest
1180196,112,n2,rest
1180198,113,n2,rest
1180200,118,n2,rest
1180202,112,n2,rest
1180204,113,n2,rest
1180206,105,n2,rest
1180208,112,n2,rest
1180210,105,n2,rest
1180212,101,n2,rest
1180214,99,n2,rest
1180216,97,n2,rest
1180218,87,n2,rest
1180220,93,n2,rest
1180222,97,n2,rest
1180224,78,n2,rest
1180226,52,n2,rest
1180228,39,n2,rest
1180230,22,n2,rest
1180232,11,n2,rest
1180234,2,n2,rest
1180236,0,n2,rest
1180238,0,n2,rest
1180240,0,n2,rest
1180242,0,n2,rest
1180244,0,n2,rest
1180246,0,n2,rest
1180248,0,n2,rest
1180250,0,n2,rest
1180252,0,n2,rest
1180254,0,n2,rest
1180256,0,n2,rest
1180258,0,n2,rest
1180260,0,n2,rest
1180262,0,n2,rest
1180264,0,n2,rest
1180266,0,n2,rest
1180268,0,n2,rest
1180270,0,n2,rest
1180272,0,n2,rest
1180274,0,n2,rest
1180276,0,n2,rest
1180278,0,n2,rest
1180280,0,n2,rest
1180282,0,n2,rest
1180284,0,n2,rest
1180286,0,n2,rest
1180288,0,n2,rest
1180290,0,n2,rest
1180292,0,n2,rest
1180294,0,n2,rest
1180296,0,n2,rest
1180298,0,n2,rest
1180300,0,n2,rest
1180302,0,n2,rest
1180304,0,n2,rest
1180306,0,n2,rest
1180308,0,n2,rest
1180310,0,n2,rest
1180312,0,n2,rest
1180314,0,n2,rest
1180316,0,n2,rest
1180318,0,n2,rest
1180320,0,n2,rest
1180322,0,n2,rest
1180324,0,n2,rest
1180326,0,n2,rest
1180328,0,n2,rest
1180330,0,n2,rest
1180332,0,n2,rest
1180334,0,n2,rest
1180336,0,n2,rest
1180338,0,n2,rest
1180340,0,n2,rest
1180342,0,n2,rest
1180344,0,n2,rest
1180346,0,n2,rest
1180348,0,n2,rest
1180350,0,n2,rest
1180352,0,n2,rest
1180354,0,n2,rest
1180356,0,n2,rest
1180358,0,n2,rest
1180360,0,n2,rest
1180362,0,n2,rest
1180364,0,n2,rest
1180366,0,n2,rest
1180368,0,n2,rest
1180370,0,n2,rest
1180372,0,n2,rest
1180374,0,n2,rest
1180376,0,n2,rest
1180378,0,n2,rest
1180380,0,n2,rest
1180382,0,n2,rest
1180384,0,n2,rest
1180386,0,n2,rest
1180388,0,n2,rest
1180390,0,n2,rest
1180392,0,n2,rest
1180394,0,n2,rest
1180396,0,n2,rest
1180398,0,n2,rest
1180400,0,n2,rest
1180402,0,n2,rest
1180404,0,n2,rest
1180406,0,n2,rest
1180408,0,n2,rest
1180410,0,n2,rest
1180412,0,n2,rest
1180414,0,n2,rest
1180416,0,n2,rest
1180418,0,n2,rest
1180420,0,n2,rest
1180422,0,n2,rest
1180424,0,n2,rest
1180426,0,n2,rest
1180428,0,n2,rest
1180430,0,n2,rest
1180432,0,n2,rest
1180434,0,n2,rest
1180436,0,n2,rest
1180438,0,n2,rest
1180440,0,n2,rest
1180442,0,n2,rest
1180444,0,n2,rest
1180446,0,n2,rest
1180448,0,n2,rest
1180450,0,n2,rest
1180452,0,n2,rest
1180454,0,n2,rest
1180456,0,n2,rest
1180458,0,n2,rest
1180460,0,n2,rest
1180462,0,n2,rest
1180464,0,n2,rest
1180466,0,n2,rest
1180468,0,n2,rest
1180470,0,n2,rest
1180472,0,n2,rest
1180474,0,n2,rest
1180476,0,n2,rest
1180478,0,n2,rest
1180480,0,n2,rest
1180482,0,n2,rest
1180484,0,n2,rest
1180486,0,n2,rest
1180488,0,n2,rest
1180490,0,n2,rest
1180492,0,n2,rest
1180494,0,n2,rest
1180496,0,n2,rest
1180498,0,n2,rest
1180500,0,n2,rest
1180502,0,n2,rest
1180504,0,n2,rest
1180506,0,n2,rest
1180508,0,n2,rest
1180510,0,n2,rest
1180512,0,n2,rest
1180514,0,n2,rest
1180516,0,n2,rest
1180518,0,n2,rest
1180520,0,n2,rest
1180522,0,n2,rest
1180524,0,n2,rest
1180526,0,n2,rest
1180528,0,n2,rest
1180530,0,n2,rest
1180532,0,n2,rest
1180534,0,n2,rest
1180536,0,n2,rest
1180538,0,n2,rest
1180540,0,n2,rest
1180542,0,n2,rest
1180544,0,n2,rest
1180546,0,n2,rest
1180548,0,n2,rest
1180550,0,n2,rest
1180552,0,n2,rest
1180554,0,n2,rest
1180556,0,n2,rest
1180558,0,n2,rest
1180560,0,n2,rest
1180562,0,n2,rest
1180564,0,n2,rest
1180566,0,n2,rest
1180568,0,n2,rest
1180570,0,n2,rest
1180572,0,n2,rest
1180574,0,n2,rest
1180576,0,n2,rest
1180578,1,n2,rest
1180580,0,n2,rest
1180582,1,n2,rest
1180584,0,n2,rest
1180586,0,n2,rest
1180588,0,n2,rest
1180590,0,n2,rest
1180592,0,n2,rest
1180594,3,n2,rest
1180596,0,n2,rest
1180598,0,n2,rest
1180600,0,n2,rest
1180602,0,n2,rest
1180604,0,n2,rest
1180606,0,n2,rest
1180608,0,n2,rest
1180610,0,n2,rest
1180612,0,n2,rest
1180614,0,n2,rest
1180616,0,n2,rest
1180618,0,n2,rest
1180620,0,n2,rest
1180622,1,n2,rest
1180624,0,n2,rest
1180626,4,n2,rest
1180628,0,n2,rest
1180630,0,n2,rest
1180632,0,n2,rest
1180634,0,n2,rest
1180636,0,n2,rest
1180638,0,n2,rest
1180640,3,n2,rest
1180642,2,n2,rest
1180644,5,n2,rest
1180646,4,n2,rest
1180648,10,n2,rest
1180650,0,n2,rest
1180652,0,n2,rest
1180654,6,n2,rest
1180656,0,n2,rest
1180658,7,n2,rest
1180660,10,n2,rest
1180662,9,n2,rest
1180664,13,n2,rest
1180666,11,n2,rest
1180668,13,n2,rest
1180670,11,n2,rest
1180672,3,n2,rest
1180674,9,n2,rest
1180676,12,n2,rest
1180678,15,n2,rest
1180680,15,n2,rest
1180682,9,n2,rest
1180684,13,n2,rest
1180686,12,n2,rest
1180688,16,n2,rest
1180690,16,n2,rest
1180692,15,n2,rest
1180694,13,n2,rest
1180696,16,n2,rest
1180698,16,n2,rest
1180700,7,n2,rest
1180702,6,n2,rest
1180704,14,n2,rest
1180706,16,n2,rest
1180708,13,n2,rest
1180710,11,n2,rest
1180712,11,n2,rest
1180714,0,n2,rest
1180716,10,n2,rest
1180718,7,n2,rest
1180720,5,n2,rest
1180722,16,n2,rest
1180724,15,n2,rest
1180726,16,n2,rest
1180728,15,n2,rest
1180730,18,n2,rest
1180732,14,n2,rest
1180734,16,n2,rest
1180736,17,n2,rest
1180738,16,n2,rest
1180740,16,n2,rest
1180742,19,n2,rest
1180744,27,n2,rest
1180746,23,n2,rest
1180748,27,n2,rest
1180750,26,n2,rest
1180752,28,n2,rest
1180754,33,n2,rest
1180756,27,n2,rest
1180758,22,n2,rest
1180760,28,n2,rest
1180762,25,n2,rest
1180764,19,n2,rest
1180766,30,n2,rest
1180768,22,n2,rest
1180770,34,n2,rest
1180772,30,n2,rest
1180774,33,n2,rest
1180776,32,n2,rest
1180778,28,n2,rest
1180780,37,n2,rest
1180782,28,n2,rest
1180784,30,n2,rest
1180786,35,n2,rest
1180788,26,n2,rest
1180790,27,n2,rest
1180792,40,n2,rest
1180794,29,n2,rest
1180796,30,n2,rest
1180798,22,n2,rest
1180800,32,n2,rest
1180802,22,n2,rest
1180804,27,n2,rest
1180806,32,n2,rest
1180808,30,n2,rest
1180810,34,n2,rest
1180812,33,n2,rest
1180814,23,n2,rest
1180816,32,n2,rest
1180818,27,n2,rest
1180820,30,n2,rest
1180822,32,n2,rest
1180824,30,n2,rest
1180826,35,n2,rest
1180828,38,n2,rest
1180830,32,n2,rest
1180832,34,n2,rest
1180834,29,n2,rest
1180836,29,n2,rest
1180838,29,n2,rest
1180840,33,n2,rest
1180842,35,n2,rest
1180844,27,n2,rest
1180846,30,n2,rest
1180848,29,n2,rest
1180850,28,n2,rest
1180852,32,n2,rest
1180854,29,n2,rest
1180856,32,n2,rest
1180858,30,n2,rest
1180860,31,n2,rest
1180862,35,n2,rest
1180864,30,n2,rest
1180866,27,n2,rest
1180868,34,n2,rest
1180870,32,n2,rest
1180872,26,n2,rest
1180874,23,n2,rest
1180876,25,n2,rest
1180878,29,n2,rest
1180880,19,n2,rest
1180882,22,n2,rest
1180884,17,n2,rest
1180886,27,n2,rest
1180888,22,n2,rest
1180890,27,n2,rest
1180892,18,n2,rest
1180894,18,n2,rest
1180896,25,n2,rest
1180898,19,n2,rest
1180900,16,n2,rest
1180902,22,n2,rest
1180904,25,n2,rest
1180906,16,n2,rest
1180908,20,n2,rest
1180910,17,n2,rest
1180912,26,n2,rest
1180914,34,n2,rest
1180916,29,n2,rest
1180918,27,n2,rest
1180920,27,n2,rest
1180922,28,n2,rest
1180924,22,n2,rest
1180926,21,n2,rest
1180928,21,n2,rest
1180930,31,n2,rest
1180932,26,n2,rest
1180934,30,n2,rest
1180936,25,n2,rest
1180938,32,n2,rest
1180940,33,n2,rest
1180942,31,n2,rest
1180944,30,n2,rest
1180946,31,n2,rest
1180948,31,n2,rest
1180950,38,n2,rest
1180952,32,n2,rest
1180954,42,n2,rest
1180956,33,n2,rest
1180958,26,n2,rest
1180960,255,n2,rest
1180962,450,n2,rest
1180964,531,n2,rest
1180966,578,n2,rest
1180968,608,n2,rest
1180970,610,n2,rest
1180972,605,n2,rest
1180974,592,n2,rest
1180976,576,n2,rest
1180978,558,n2,rest
1180980,533,n2,rest
1180982,506,n2,rest
1180984,480,n2,rest
1180986,451,n2,rest
1180988,431,n2,rest
1180990,409,n2,rest
1180992,389,n2,rest
1180994,368,n2,rest
1180996,346,n2,rest
1180998,326,n2,rest
1181000,315,n2,rest
1181002,294,n2,rest
1181004,277,n2,rest
1181006,271,n2,rest
1181008,249,n2,rest
1181010,239,n2,rest
1181012,221,n2,rest
1181014,206,n2,rest
1181016,193,n2,rest
1181018,182,n2,rest
1181020,170,n2,rest
1181022,158,n2,rest
1181024,146,n2,rest
1181026,143,n2,rest
1181028,129,n2,rest
1181030,118,n2,rest
1181032,112,n2,rest
1181034,102,n2,rest
1181036,97,n2,rest
1181038,85,n2,rest
1181040,80,n2,rest
1181042,73,n2,rest
1181044,67,n2,rest
1181046,64,n2,rest
1181048,57,n2,rest
1181050,52,n2,rest
1181052,47,n2,rest
1181054,41,n2,rest
1181056,36,n2,rest
1181058,27,n2,rest
1181060,26,n2,rest
1181062,17,n2,rest
1181064,16,n2,rest
1181066,15,n2,rest
1181068,10,n2,rest
1181070,6,n2,rest
1181072,1,n2,rest
1181074,0,n2,rest
1181076,0,n2,rest
1181078,0,n2,rest
1181080,0,n2,rest
1181082,0,n2,rest
1181084,0,n2,rest
1181086,0,n2,rest
1181088,0,n2,rest
1181090,0,n2,rest
1181092,0,n2,rest
1181094,0,n2,rest
1181096,0,n2,rest
1181098,0,n2,rest
1181100,0,n2,rest
1181102,0,n2,rest
1181104,0,n2,rest
1181106,0,n2,rest
1181108,0,n2,rest
1181110,0,n2,rest
1181112,0,n2,rest
1181114,0,n2,rest
1181116,0,n2,rest
1181118,0,n2,rest
1181120,0,n2,rest
1181122,0,n2,rest
1181124,0,n2,rest
1181126,0,n2,rest
1181128,0,n2,rest
1181130,0,n2,rest
1181132,0,n2,rest
1181134,0,n2,rest
1181136,0,n2,rest
1181138,0,n2,rest
1181140,0,n2,rest
1181142,0,n2,rest
1181144,0,n2,rest
1181146,0,n2,rest
1181148,0,n2,rest
1181150,0,n2,rest
1181152,0,n2,rest
1181154,0,n2,rest
1181156,0,n2,rest
1181158,0,n2,rest
1181160,0,n2,rest
1181162,0,n2,rest
1181164,0,n2,rest
1181166,0,n2,rest
1181168,0,n2,rest
1181170,0,n2,rest
1181172,0,n2,rest
1181174,0,n2,rest
1181176,0,n2,rest
1181178,0,n2,rest
1181180,0,n2,rest
1181182,0,n2,rest
1181184,0,n2,rest
1181186,0,n2,rest
1181188,0,n2,rest
1181190,0,n2,rest
1181192,0,n2,rest
1181194,0,n2,rest
1181196,0,n2,rest
1181198,0,n2,rest
1181200,0,n2,rest
1181202,0,n2,rest
1181204,0,n2,rest
1181206,0,n2,rest
1181208,0,n2,rest
1181210,0,n2,rest
1181212,0,n2,rest
1181214,0,n2,rest
1181216,0,n2,rest
1181218,0,n2,rest
1181220,0,n2,rest
1181222,0,n2,rest
1181224,0,n2,rest
1181226,0,n2,rest
1181228,0,n2,rest
1181230,0,n2,rest
1181232,0,n2,rest
1181234,0,n2,rest
1181236,0,n2,rest
1181238,0,n2,rest
1181240,0,n2,rest
1181242,0,n2,rest
1181244,0,n2,rest
1181246,0,n2,rest
1181248,0,n2,rest
1181250,0,n2,rest
1181252,0,n2,rest
1181254,0,n2,rest
1181256,0,n2,rest
1181258,0,n2,rest
1181260,0,n2,rest
1181262,0,n2,rest
1181264,0,n2,rest
1181266,0,n2,rest
1181268,0,n2,rest
1181270,0,n2,rest
1181272,0,n2,rest
1181274,0,n2,rest
1181276,0,n2,rest
1181278,0,n2,rest
1181280,0,n2,rest
1181282,0,n2,rest
1181284,0,n2,rest
1181286,0,n2,rest
1181288,0,n2,rest
1181290,0,n2,rest
1181292,0,n2,rest
1181294,0,n2,rest
1181296,0,n2,rest
1181298,0,n2,rest
1181300,0,n2,rest
1181302,0,n2,rest
1181304,0,n2,rest
1181306,0,n2,rest
1181308,0,n2,rest
1181310,0,n2,rest
1181312,0,n2,rest
1181314,0,n2,rest
1181316,0,n2,rest
1181318,0,n2,rest
1181320,0,n2,rest
1181322,0,n2,rest
1181324,0,n2,rest
1181326,0,n2,rest
1181328,0,n2,rest
1181330,0,n2,rest
1181332,0,n2,rest
1181334,0,n2,rest
1181336,0,n2,rest
1181338,0,n2,rest
1181340,0,n2,rest
1181342,0,n2,rest
1181344,0,n2,rest
1181346,0,n2,rest
1181348,0,n2,rest
1181350,0,n2,rest
1181352,0,n2,rest
1181354,0,n2,rest
1181356,0,n2,rest
1181358,0,n2,rest
1181360,0,n2,rest
1181362,0,n2,rest
1181364,0,n2,rest
1181366,0,n2,rest
1181368,0,n2,rest
1181370,0,n2,rest
1181372,0,n2,rest
1181374,0,n2,rest
1181376,0,n2,rest
1181378,0,n2,rest
1181380,0,n2,rest
1181382,0,n2,rest
1181384,0,n2,rest
1181386,0,n2,rest
1181388,0,n2,rest
1181390,0,n2,rest
1181392,0,n2,rest
1181394,0,n2,rest
1181396,0,n2,rest
1181398,0,n2,rest
1181400,0,n2,rest
1181402,0,n2,rest
1181404,0,n2,rest
1181406,0,n2,rest
1181408,0,n2,rest
1181410,0,n2,rest
1181412,0,n2,rest
1181414,0,n2,rest
1181416,0,n2,rest
1181418,0,n2,rest
1181420,0,n2,rest
1181422,0,n2,rest
1181424,0,n2,rest
1181426,0,n2,rest
1181428,0,n2,rest
1181430,0,n2,rest
1181432,0,n2,rest
1181434,0,n2,rest
1181436,0,n2,rest
1181438,0,n2,rest
1181440,0,n2,rest
1181442,0,n2,rest
1181444,0,n2,rest
1181446,0,n2,rest
1181448,0,n2,rest
1181450,0,n2,rest
1181452,0,n2,rest
1181454,0,n2,rest
1181456,0,n2,rest
1181458,0,n2,rest
1181460,0,n2,rest
1181462,0,n2,rest
1181464,0,n2,rest
1181466,0,n2,rest
1181468,0,n2,rest
1181470,0,n2,rest
1181472,0,n2,rest
1181474,0,n2,rest
1181476,0,n2,rest
1181478,0,n2,rest
1181480,0,n2,rest
1181482,0,n2,rest
1181484,0,n2,rest
1181486,0,n2,rest
1181488,0,n2,rest
1181490,0,n2,rest
1181492,0,n2,rest
1181494,0,n2,rest
1181496,0,n2,rest
1181498,0,n2,rest
1181500,0,n2,rest
1181502,0,n2,rest
1181504,0,n2,rest
1181506,0,n2,rest
1181508,0,n2,rest
1181510,0,n2,rest
1181512,0,n2,rest
1181514,0,n2,rest
1181516,0,n2,rest
1181518,0,n2,rest
1181520,0,n2,rest
1181522,0,n2,rest
1181524,0,n2,rest
1181526,0,n2,rest
1181528,0,n2,rest
1181530,0,n2,rest
1181532,0,n2,rest
1181534,0,n2,rest
1181536,0,n2,rest
1181538,0,n2,rest
1181540,0,n2,rest
1181542,0,n2,rest
1181544,0,n2,rest
1181546,0,n2,rest
1181548,0,n2,rest
1181550,0,n2,rest
1181552,0,n2,rest
1181554,0,n2,rest
1181556,0,n2,rest
1181558,0,n2,rest
1181560,0,n2,rest
1181562,0,n2,rest
1181564,0,n2,rest
1181566,0,n2,rest
1181568,0,n2,rest
1181570,0,n2,rest
1181572,0,n2,rest
1181574,0,n2,rest
1181576,0,n2,rest
1181578,0,n2,rest
1181580,0,n2,rest
1181582,0,n2,rest
1181584,0,n2,rest
1181586,0,n2,rest
1181588,0,n2,rest
1181590,0,n2,rest
1181592,0,n2,rest
1181594,0,n2,rest
1181596,0,n2,rest
1181598,0,n2,rest
1181600,0,n2,rest
1181602,0,n2,rest
1181604,0,n2,rest
1181606,0,n2,rest
1181608,0,n2,rest
1181610,0,n2,rest
1181612,0,n2,rest
1181614,0,n2,rest
1181616,0,n2,rest
1181618,0,n2,rest
1181620,0,n2,rest
1181622,0,n2,rest
1181624,0,n2,rest
1181626,0,n2,rest
1181628,0,n2,rest
1181630,0,n2,rest
1181632,0,n2,rest
1181634,0,n2,rest
1181636,0,n2,rest
1181638,0,n2,rest
1181640,0,n2,rest
1181642,0,n2,rest
1181644,0,n2,rest
1181646,0,n2,rest
1181648,0,n2,rest
1181650,0,n2,rest
1181652,0,n2,rest
1181654,0,n2,rest
1181656,0,n2,rest
1181658,0,n2,rest
1181660,0,n2,rest
1181662,0,n2,rest
1181664,0,n2,rest
1181666,0,n2,rest
1181668,0,n2,rest
1181670,0,n2,rest
1181672,0,n2,rest
1181674,0,n2,rest
1181676,0,n2,rest
1181678,0,n2,rest
1181680,0,n2,rest
1181682,0,n2,rest
1181684,0,n2,rest
1181686,0,n2,rest
1181688,0,n2,rest
1181690,0,n2,rest
1181692,0,n2,rest
1181694,0,n2,rest
1181696,0,n2,rest
1181698,0,n2,rest
1181700,0,n2,rest
1181702,0,n2,rest
1181704,0,n2,rest
1181706,0,n2,rest
1181708,0,n2,rest
1181710,0,n2,rest
1181712,0,n2,rest
1181714,0,n2,rest
1181716,0,n2,rest
1181718,0,n2,rest
1181720,0,n2,rest
1181722,0,n2,rest
1181724,0,n2,rest
1181726,0,n2,rest
1181728,0,n2,rest
1181730,0,n2,rest
1181732,0,n2,rest
1181734,0,n2,rest
1181736,0,n2,rest
1181738,0,n2,rest
1181740,0,n2,rest
1181742,0,n2,rest
1181744,0,n2,rest
1181746,0,n2,rest
1181748,0,n2,rest
1181750,0,n2,rest
1181752,0,n2,rest
1181754,0,n2,rest
1181756,0,n2,rest
1181758,0,n2,rest
1181760,0,n2,rest
1181762,0,n2,rest
1181764,0,n2,rest
1181766,0,n2,rest
1181768,0,n2,rest
1181770,0,n2,rest
1181772,0,n2,rest
1181774,0,n2,rest
1181776,0,n2,rest
1181778,0,n2,rest
1181780,0,n2,rest
1181782,0,n2,rest
1181784,0,n2,rest
1181786,0,n2,rest
1181788,0,n2,rest
1181790,0,n2,rest
1181792,0,n2,rest
1181794,0,n2,rest
1181796,0,n2,rest
1181798,0,n2,rest
1181800,0,n2,rest
1181802,0,n2,rest
1181804,0,n2,rest
1181806,0,n2,rest
1181808,0,n2,rest
1181810,0,n2,rest
1181812,0,n2,rest
1181814,0,n2,rest
1181816,0,n2,rest
1181818,0,n2,rest
1181820,0,n2,rest
1181822,0,n2,rest
1181824,0,n2,rest
1181826,0,n2,rest
1181828,0,n2,rest
1181830,0,n2,rest
1181832,0,n2,rest
1181834,0,n2,rest
1181836,0,n2,rest
1181838,0,n2,rest
1181840,0,n2,rest
1181842,0,n2,rest
1181844,0,n2,rest
1181846,0,n2,rest
1181848,0,n2,rest
1181850,0,n2,rest
1181852,0,n2,rest
1181854,0,n2,rest
1181856,0,n2,rest
1181858,0,n2,rest
1181860,0,n2,rest
1181862,0,n2,rest
1181864,0,n2,rest
1181866,0,n2,rest
1181868,0,n2,rest
1181870,0,n2,rest
1181872,0,n2,rest
1181874,0,n2,rest
1181876,0,n2,rest
1181878,0,n2,rest
1181880,0,n2,rest
1181882,0,n2,rest
1181884,0,n2,rest
1181886,0,n2,rest
1181888,0,n2,rest
1181890,0,n2,rest
1181892,0,n2,rest
1181894,0,n2,rest
1181896,0,n2,rest
1181898,0,n2,rest
1181900,0,n2,rest
1181902,0,n2,rest
1181904,0,n2,rest
1181906,0,n2,rest
1181908,0,n2,rest
1181910,0,n2,rest
1181912,0,n2,rest
1181914,0,n2,rest
1181916,0,n2,rest
1181918,0,n2,rest
1181920,0,n2,rest
1181922,0,n2,rest
1181924,0,n2,rest
1181926,0,n2,rest
1181928,0,n2,rest
1181930,0,n2,rest
1181932,0,n2,rest
1181934,0,n2,rest
1181936,0,n2,rest
1181938,0,n2,rest
1181940,0,n2,rest
1181942,0,n2,rest
1181944,0,n2,rest
1181946,0,n2,rest
1181948,0,n2,rest
1181950,0,n2,rest
1181952,0,n2,rest
1181954,0,n2,rest
1181956,0,n2,rest
1181958,0,n2,rest
1181960,0,n2,rest
1181962,0,n2,rest
1181964,0,n2,rest
1181966,0,n2,rest
1181968,0,n2,rest
1181970,0,n2,rest
1181972,0,n2,rest
1181974,0,n2,rest
1181976,0,n2,rest
1181978,0,n2,rest
1181980,0,n2,rest
1181982,0,n2,rest
1181984,0,n2,rest
1181986,0,n2,rest
1181988,0,n2,rest
1181990,0,n2,rest
1181992,0,n2,rest
1181994,0,n2,rest
1181996,0,n2,rest
1181998,0,n2,rest
1182000,0,n2,rest
1182002,0,n2,rest
1182004,0,n2,rest
1182006,0,n2,rest
1182008,0,n2,rest
1182010,0,n2,rest
1182012,0,n2,rest
1182014,0,n2,rest
1182016,0,n2,rest
1182018,0,n2,rest
1182020,0,n2,rest
1182022,0,n2,rest
1182024,0,n2,rest
1182026,0,n2,rest
1182028,0,n2,rest
1182030,0,n2,rest
1182032,0,n2,rest
1182034,0,n2,rest
1182036,0,n2,rest
1182038,0,n2,rest
1182040,0,n2,rest
1182042,0,n2,rest
1182044,0,n2,rest
1182046,0,n2,rest
1182048,0,n2,rest
1182050,0,n2,rest
1182052,0,n2,rest
1182054,0,n2,rest
1182056,0,n2,rest
1182058,0,n2,rest
1182060,0,n2,rest
1182062,0,n2,rest
1182064,0,n2,rest
1182066,0,n2,rest
1182068,0,n2,rest
1182070,0,n2,rest
1182072,0,n2,rest
1182074,0,n2,rest
1182076,0,n2,rest
1182078,0,n2,rest
1182080,0,n2,rest
1182082,0,n2,rest
1182084,0,n2,rest
1182086,0,n2,rest
1182088,0,n2,rest
1182090,0,n2,rest
1182092,0,n2,rest
1182094,0,n2,rest
1182096,0,n2,rest
1182098,0,n2,rest
1182100,0,n2,rest
1182102,0,n2,rest
1182104,0,n2,rest
1182106,0,n2,rest
1182108,0,n2,rest
1182110,0,n2,rest
1182112,0,n2,rest
1182114,0,n2,rest
1182116,0,n2,rest
1182118,0,n2,rest
1182120,0,n2,rest
1182122,0,n2,rest
1182124,0,n2,rest
1182126,0,n2,rest
1182128,0,n2,rest
1182130,0,n2,rest
1182132,0,n2,rest
1182134,0,n2,rest
1182136,0,n2,rest
1182138,0,n2,rest
1182140,0,n2,rest
1182142,0,n2,rest
1182144,0,n2,rest
1182146,0,n2,rest
1182148,0,n2,rest
1182150,0,n2,rest
1182152,0,n2,rest
1182154,0,n2,rest
1182156,0,n2,rest
1182158,0,n2,rest
1182160,0,n2,rest
1182162,0,n2,rest
1182164,0,n2,rest
1182166,0,n2,rest
1182168,0,n2,rest
1182170,0,n2,rest
1182172,0,n2,rest
1182174,0,n2,rest
1182176,0,n2,rest
1182178,0,n2,rest
1182180,0,n2,rest
1182182,0,n2,rest
1182184,0,n2,rest
1182186,0,n2,rest
1182188,0,n2,rest
1182190,0,n2,rest
1182192,0,n2,rest
1182194,0,n2,rest
1182196,0,n2,rest
1182198,0,n2,rest
1182200,0,n2,rest
1182202,0,n2,rest
1182204,0,n2,rest
1182206,0,n2,rest
1182208,0,n2,rest
1182210,0,n2,rest
1182212,0,n2,rest
1182214,0,n2,rest
1182216,0,n2,rest
1182218,0,n2,rest
1182220,0,n2,rest
1182222,0,n2,rest
1182224,0,n2,rest
1182226,0,n2,rest
1182228,0,n2,rest
1182230,0,n2,rest
1182232,0,n2,rest
1182234,0,n2,rest
1182236,0,n2,rest
1182238,0,n2,rest
1182240,0,n2,rest
1182242,0,n2,rest
1182244,0,n2,rest
1182246,0,n2,rest
1182248,0,n2,rest
1182250,0,n2,rest
1182252,0,n2,rest
1182254,0,n2,rest
1182256,0,n2,rest
1182258,0,n2,rest
1182260,0,n2,rest
1182262,0,n2,rest
1182264,0,n2,rest
1182266,0,n2,rest
1182268,0,n2,rest
1182270,0,n2,rest
1182272,0,n2,rest
1182274,0,n2,rest
1182276,0,n2,rest
1182278,0,n2,rest
1182280,0,n2,rest
1182282,0,n2,rest
1182284,0,n2,rest
1182286,0,n2,rest
1182288,0,n2,rest
1182290,0,n2,rest
1182292,0,n2,rest
1182294,0,n2,rest
1182296,0,n2,rest
1182298,0,n2,rest
1182300,0,n2,rest
1182302,0,n2,rest
1182304,0,n2,rest
1182306,0,n2,rest
1182308,0,n2,rest
1182310,0,n2,rest
1182312,0,n2,rest
1182314,0,n2,rest
1182316,0,n2,rest
1182318,0,n2,rest
1182320,0,n2,rest
1182322,0,n2,rest
1182324,0,n2,rest
1182326,0,n2,rest
1182328,0,n2,rest
1182330,0,n2,rest
1182332,0,n2,rest
1182334,0,n2,rest
1182336,0,n2,rest
1182338,0,n2,rest
1182340,0,n2,rest
1182342,0,n2,rest
1182344,0,n2,rest
1182346,0,n2,rest
1182348,0,n2,rest
1182350,0,n2,rest
1182352,0,n2,rest
1182354,0,n2,rest
1182356,0,n2,rest
1182358,0,n2,rest
1182360,0,n2,rest
1182362,0,n2,rest
1182364,0,n2,rest
1182366,0,n2,rest
1182368,0,n2,rest
1182370,0,n2,rest
1182372,0,n2,rest
1182374,0,n2,rest
1182376,0,n2,rest
1182378,0,n2,rest
1182380,0,n2,rest
1182382,0,n2,rest
1182384,0,n2,rest
1182386,0,n2,rest
1182388,0,n2,rest
1182390,0,n2,rest
1182392,0,n2,rest
1182394,0,n2,rest
1182396,0,n2,rest
1182398,0,n2,rest
1182400,0,n2,rest
1182402,0,n2,rest
1182404,0,n2,rest
1182406,0,n2,rest
1182408,0,n2,rest
1182410,0,n2,rest
1182412,0,n2,rest
1182414,0,n2,rest
1182416,0,n2,rest
1182418,0,n2,rest
1182420,0,n2,rest
1182422,0,n2,rest
1182424,0,n2,rest
1182426,0,n2,rest
1182428,0,n2,rest
1182430,0,n2,rest
1182432,0,n2,rest
1182434,0,n2,rest
1182436,0,n2,rest
1182438,0,n2,rest
1182440,0,n2,rest
1182442,0,n2,rest
1182444,0,n2,rest
1182446,0,n2,rest
1182448,0,n2,rest
1182450,0,n2,rest
1182452,0,n2,rest
1182454,0,n2,rest
1182456,0,n2,rest
1182458,0,n2,rest
1182460,0,n2,rest
1182462,0,n2,rest
1182464,0,n2,rest
1182466,0,n2,rest
1182468,0,n2,rest
1182470,0,n2,rest
1182472,0,n2,rest
1182474,0,n2,rest
1182476,0,n2,rest
1182478,0,n2,rest
1182480,0,n2,rest
1182482,0,n2,rest
1182484,0,n2,rest
1182486,0,n2,rest
1182488,0,n2,rest
1182490,0,n2,rest
1182492,0,n2,rest
1182494,0,n2,rest
1182496,0,n2,rest
1182498,0,n2,rest
1182500,0,n2,rest
1182502,0,n2,rest
1182504,0,n2,rest
1182506,0,n2,rest
1182508,0,n2,rest
1182510,0,n2,rest
1182512,0,n2,rest
1182514,0,n2,rest
1182516,0,n2,rest
1182518,0,n2,rest
1182520,0,n2,rest
1182522,0,n2,rest
1182524,0,n2,rest
1182526,0,n2,rest
1182528,0,n2,rest
1182530,0,n2,rest
1182532,0,n2,rest
1182534,0,n2,rest
1182536,0,n2,rest
1182538,0,n2,rest
1182540,0,n2,rest
1182542,0,n2,rest
1182544,0,n2,rest
1182546,0,n2,rest
1182548,0,n2,rest
1182550,0,n2,rest
1182552,0,n2,rest
1182554,0,n2,rest
1182556,0,n2,rest
1182558,0,n2,rest
1182560,0,n2,rest
1182562,0,n2,rest
1182564,0,n2,rest
1182566,0,n2,rest
1182568,0,n2,rest
1182570,0,n2,rest
1182572,0,n2,rest
1182574,0,n2,rest
1182576,0,n2,rest
1182578,0,n2,rest
1182580,0,n2,rest
1182582,0,n2,rest
1182584,0,n2,rest
1182586,0,n2,rest
1182588,0,n2,rest
1182590,0,n2,rest
1182592,0,n2,rest
1182594,0,n2,rest
1182596,0,n2,rest
1182598,0,n2,rest
1182600,0,n2,rest
1182602,0,n2,rest
1182604,0,n2,rest
1182606,0,n2,rest
1182608,0,n2,rest
1182610,0,n2,rest
1182612,0,n2,rest
1182614,0,n2,rest
1182616,0,n2,rest
1182618,0,n2,rest
1182620,0,n2,rest
1182622,0,n2,rest
1182624,0,n2,rest
1182626,0,n2,rest
1182628,0,n2,rest
1182630,0,n2,rest
1182632,0,n2,rest
1182634,0,n2,rest
1182636,0,n2,rest
1182638,0,n2,rest
1182640,0,n2,rest
1182642,0,n2,rest
1182644,0,n2,rest
1182646,0,n2,rest
1182648,0,n2,rest
1182650,0,n2,rest
1182652,0,n2,rest
1182654,0,n2,rest
1182656,0,n2,rest
1182658,0,n2,rest
1182660,0,n2,rest
1182662,0,n2,rest
1182664,0,n2,rest
1182666,0,n2,rest
1182668,0,n2,rest
1182670,0,n2,rest
1182672,0,n2,rest
1182674,0,n2,rest
1182676,0,n2,rest
1182678,0,n2,rest
1182680,0,n2,rest
1182682,0,n2,rest
1182684,0,n2,rest
1182686,0,n2,rest
1182688,0,n2,rest
1182690,0,n2,rest
1182692,0,n2,rest
1182694,0,n2,rest
1182696,0,n2,rest
1182698,0,n2,rest
1182700,0,n2,rest
1182702,0,n2,rest
1182704,0,n2,rest
1182706,0,n2,rest
1182708,0,n2,rest
1182710,0,n2,rest
1182712,0,n2,rest
1182714,0,n2,rest
1182716,0,n2,rest
1182718,0,n2,rest
1182720,0,n2,rest
1182722,0,n2,rest
1182724,0,n2,rest
1182726,0,n2,rest
1182728,0,n2,rest
1182730,0,n2,rest
1182732,0,n2,rest
1182734,0,n2,rest
1182736,0,n2,rest
1182738,0,n2,rest
1182740,0,n2,rest
1182742,0,n2,rest
1182744,0,n2,rest
1182746,0,n2,rest
1182748,0,n2,rest
1182750,0,n2,rest
1182752,0,n2,rest
1182754,0,n2,rest
1182756,0,n2,rest
1182758,0,n2,rest
1182760,0,n2,rest
1182762,0,n2,rest
1182764,0,n2,rest
1182766,0,n2,rest
1182768,0,n2,rest
1182770,0,n2,rest
1182772,0,n2,rest
1182774,0,n2,rest
1182776,0,n2,rest
1182778,0,n2,rest
1182780,0,n2,rest
1182782,0,n2,rest
1182784,0,n2,rest
1182786,0,n2,rest
1182788,0,n2,rest
1182790,0,n2,rest
1182792,0,n2,rest
1182794,0,n2,rest
1182796,0,n2,rest
1182798,0,n2,rest
1182800,0,n2,rest
1182802,0,n2,rest
1182804,0,n2,rest
1182806,0,n2,rest
1182808,0,n2,rest
1182810,0,n2,rest
1182812,0,n2,rest
1182814,0,n2,rest
1182816,0,n2,rest
1182818,0,n2,rest
1182820,0,n2,rest
1182822,0,n2,rest
1182824,0,n2,rest
1182826,0,n2,rest
1182828,0,n2,rest
1182830,0,n2,rest
1182832,0,n2,rest
1182834,0,n2,rest
1182836,0,n2,rest
1182838,0,n2,rest
1182840,0,n2,rest
1182842,0,n2,rest
1182844,0,n2,rest
1182846,0,n2,rest
1182848,0,n2,rest
1182850,0,n2,rest
1182852,0,n2,rest
1182854,0,n2,rest
1182856,0,n2,rest
1182858,0,n2,rest
1182860,0,n2,rest
1182862,0,n2,rest
1182864,0,n2,rest
1182866,0,n2,rest
1182868,0,n2,rest
1182870,0,n2,rest
1182872,0,n2,rest
1182874,0,n2,rest
1182876,0,n2,rest
1182878,0,n2,rest
1182880,0,n2,rest
1182882,0,n2,rest
1182884,0,n2,rest
1182886,0,n2,rest
1182888,0,n2,rest
1182890,0,n2,rest
1182892,0,n2,rest
1182894,0,n2,rest
1182896,0,n2,rest
1182898,0,n2,rest
1182900,0,n2,rest
1182902,0,n2,rest
1182904,0,n2,rest
1182906,0,n2,rest
1182908,0,n2,rest
1182910,0,n2,rest
1182912,0,n2,rest
1182914,0,n2,rest
1182916,0,n2,rest
1182918,0,n2,rest
1182920,0,n2,rest
1182922,0,n2,rest
1182924,0,n2,rest
1182926,0,n2,rest
1182928,0,n2,rest
1182930,0,n2,rest
1182932,0,n2,rest
1182934,0,n2,rest
1182936,0,n2,rest
1182938,0,n2,rest
1182940,0,n2,rest
1182942,0,n2,rest
1182944,0,n2,rest
1182946,0,n2,rest
1182948,0,n2,rest
1182950,0,n2,rest
1182952,0,n2,rest
1182954,0,n2,rest
1182956,0,n2,rest
1182958,0,n2,rest
1182960,0,n2,rest
1182962,0,n2,rest
1182964,0,n2,rest
1182966,0,n2,rest
1182968,0,n2,rest
1182970,0,n2,rest
1182972,0,n2,rest
1182974,0,n2,rest
1182976,0,n2,rest
1182978,0,n2,rest
1182980,0,n2,rest
1182982,0,n2,rest
1182984,0,n2,rest
1182986,0,n2,rest
1182988,0,n2,rest
1182990,0,n2,rest
1182992,0,n2,rest
1182994,0,n2,rest
1182996,0,n2,rest
1182998,0,n2,rest
1183000,0,n2,rest
1183002,0,n2,rest
1183004,0,n2,rest
1183006,0,n2,rest
1183008,0,n2,rest
1183010,0,n2,rest
1183012,0,n2,rest
1183014,0,n2,rest
1183016,0,n2,rest
1183018,0,n2,rest
1183020,0,n2,rest
1183022,0,n2,rest
1183024,0,n2,rest
1183026,0,n2,rest
1183028,0,n2,rest
1183030,0,n2,rest
1183032,0,n2,rest
1183034,0,n2,rest
1183036,0,n2,rest
1183038,0,n2,rest
1183040,0,n2,rest
1183042,0,n2,rest
1183044,0,n2,rest
1183046,0,n2,rest
1183048,0,n2,rest
1183050,0,n2,rest
1183052,0,n2,rest
1183054,0,n2,rest
1183056,0,n2,rest
1183058,0,n2,rest
1183060,0,n2,rest
1183062,0,n2,rest
1183064,0,n2,rest
1183066,0,n2,rest
1183068,0,n2,rest
1183070,0,n2,rest
1183072,0,n2,rest
1183074,0,n2,rest
1183076,0,n2,rest
1183078,0,n2,rest
1183080,0,n2,rest
1183082,0,n2,rest
1183084,0,n2,rest
1183086,0,n2,rest
1183088,0,n2,rest
1183090,0,n2,rest
1183092,0,n2,rest
1183094,0,n2,rest
1183096,0,n2,rest
1183098,0,n2,rest
1183100,0,n2,rest
1183102,0,n2,rest
1183104,0,n2,rest
1183106,0,n2,rest
1183108,0,n2,rest
1183110,0,n2,rest
1183112,0,n2,rest
1183114,0,n2,rest
1183116,0,n2,rest
1183118,0,n2,rest
1183120,0,n2,rest
1183122,0,n2,rest
1183124,0,n2,rest
1183126,0,n2,rest
1183128,0,n2,rest
1183130,0,n2,rest
1183132,0,n2,rest
1183134,0,n2,rest
1183136,0,n2,rest
1183138,0,n2,rest
1183140,0,n2,rest
1183142,0,n2,rest
1183144,0,n2,rest
1183146,0,n2,rest
1183148,0,n2,rest
1183150,0,n2,rest
1183152,0,n2,rest
1183154,0,n2,rest
1183156,0,n2,rest
1183158,0,n2,rest
1183160,0,n2,rest
1183162,0,n2,rest
1183164,0,n2,rest
1183166,0,n2,rest
1183168,0,n2,rest
1183170,0,n2,rest
1183172,0,n2,rest
1183174,0,n2,rest
1183176,0,n2,rest
1183178,0,n2,rest
1183180,0,n2,rest
1183182,0,n2,rest
1183184,0,n2,rest
1183186,0,n2,rest
1183188,0,n2,rest
1183190,0,n2,rest
1183192,0,n2,rest
1183194,0,n2,rest
1183196,0,n2,rest
1183198,0,n2,rest
1183200,0,n2,rest
1183202,0,n2,rest
1183204,0,n2,rest
1183206,0,n2,rest
1183208,0,n2,rest
1183210,0,n2,rest
1183212,0,n2,rest
1183214,0,n2,rest
1183216,0,n2,rest
1183218,0,n2,rest
1183220,0,n2,rest
1183222,0,n2,rest
1183224,0,n2,rest
1183226,0,n2,rest
1183228,0,n2,rest
1183230,0,n2,rest
1183232,0,n2,rest
1183234,0,n2,rest
1183236,0,n2,rest
1183238,0,n2,rest
1183240,0,n2,rest
1183242,0,n2,rest
1183244,0,n2,rest
1183246,0,n2,rest
1183248,0,n2,rest
1183250,0,n2,rest
1183252,0,n2,rest
1183254,0,n2,rest
1183256,0,n2,rest
1183258,0,n2,rest
1183260,0,n2,rest
1183262,0,n2,rest
1183264,0,n2,rest
1183266,0,n2,rest
1183268,0,n2,rest
1183270,0,n2,rest
1183272,0,n2,rest
1183274,0,n2,rest
1183276,0,n2,rest
1183278,0,n2,rest
1183280,0,n2,rest
1183282,0,n2,rest
1183284,0,n2,rest
1183286,0,n2,rest
1183288,0,n2,rest
1183290,0,n2,rest
1183292,0,n2,rest
1183294,0,n2,rest
1183296,0,n2,rest
1183298,0,n2,rest
1183300,0,n2,rest
1183302,0,n2,rest
1183304,0,n2,rest
1183306,0,n2,rest
1183308,0,n2,rest
1183310,0,n2,rest
1183312,0,n2,rest
1183314,0,n2,rest
1183316,0,n2,rest
1183318,0,n2,rest
1183320,0,n2,rest
1183322,0,n2,rest
1183324,0,n2,rest
1183326,0,n2,rest
1183328,0,n2,rest
1183330,0,n2,rest
1183332,0,n2,rest
1183334,0,n2,rest
1183336,0,n2,rest
1183338,0,n2,rest
1183340,0,n2,rest
1183342,0,n2,rest
1183344,0,n2,rest
1183346,0,n2,rest
1183348,0,n2,rest
1183350,0,n2,rest
1183352,0,n2,rest
1183354,0,n2,rest
1183356,0,n2,rest
1183358,0,n2,rest
1183360,0,n2,rest
1183362,0,n2,rest
1183364,0,n2,rest
1183366,0,n2,rest
1183368,0,n2,rest
1183370,0,n2,rest
1183372,0,n2,rest
1183374,0,n2,rest
1183376,0,n2,rest
1183378,0,n2,rest
1183380,0,n2,rest
1183382,0,n2,rest
1183384,0,n2,rest
1183386,0,n2,rest
1183388,0,n2,rest
1183390,0,n2,rest
1183392,0,n2,rest
1183394,0,n2,rest
1183396,0,n2,rest
1183398,0,n2,rest
1183400,0,n2,rest
1183402,0,n2,rest
1183404,0,n2,rest
1183406,0,n2,rest
1183408,0,n2,rest
1183410,0,n2,rest
1183412,0,n2,rest
1183414,0,n2,rest
1183416,0,n2,rest
1183418,0,n2,rest
1183420,0,n2,rest
1183422,0,n2,rest
1183424,0,n2,rest
1183426,0,n2,rest
1183428,0,n2,rest
1183430,0,n2,rest
1183432,0,n2,rest
1183434,0,n2,rest
1183436,0,n2,rest
1183438,0,n2,rest
1183440,0,n2,rest
1183442,0,n2,rest
1183444,0,n2,rest
1183446,0,n2,rest
1183448,0,n2,rest
1183450,0,n2,rest
1183452,0,n2,rest
1183454,0,n2,rest
1183456,0,n2,rest
1183458,0,n2,rest
1183460,0,n2,rest
1183462,0,n2,rest
1183464,0,n2,rest
1183466,0,n2,rest
1183468,0,n2,rest
1183470,0,n2,rest
1183472,0,n2,rest
1183474,0,n2,rest
1183476,0,n2,rest
1183478,0,n2,rest
1183480,0,n2,rest
1183482,0,n2,rest
1183484,0,n2,rest
1183486,0,n2,rest
1183488,0,n2,rest
1183490,0,n2,rest
1183492,0,n2,rest
1183494,0,n2,rest
1183496,0,n2,rest
1183498,0,n2,rest
1183500,0,n2,rest
1183502,0,n2,rest
1183504,0,n2,rest
1183506,0,n2,rest
1183508,0,n2,rest
1183510,0,n2,rest
1183512,0,n2,rest
1183514,0,n2,rest
1183516,0,n2,rest
1183518,0,n2,rest
1183520,0,n2,rest
1183522,0,n2,rest
1183524,0,n2,rest
1183526,0,n2,rest
1183528,0,n2,rest
1183530,0,n2,rest
1183532,0,n2,rest
1183534,0,n2,rest
1183536,0,n2,rest
1183538,0,n2,rest
1183540,0,n2,rest
1183542,0,n2,rest
1183544,0,n2,rest
1183546,0,n2,rest
1183548,0,n2,rest
1183550,0,n2,rest
1183552,0,n2,rest
1183554,0,n2,rest
1183556,0,n2,rest
1183558,0,n2,rest
1183560,0,n2,rest
1183562,0,n2,rest
1183564,0,n2,rest
1183566,0,n2,rest
1183568,0,n2,rest
1183570,0,n2,rest
1183572,0,n2,rest
1183574,0,n2,rest
1183576,0,n2,rest
1183578,0,n2,rest
1183580,0,n2,rest
1183582,0,n2,rest
1183584,0,n2,rest
1183586,0,n2,rest
1183588,0,n2,rest
1183590,0,n2,rest
1183592,0,n2,rest
1183594,0,n2,rest
1183596,0,n2,rest
1183598,0,n2,rest
1183600,0,n2,rest
1183602,0,n2,rest
1183604,0,n2,rest
1183606,0,n2,rest
1183608,0,n2,rest
1183610,0,n2,rest
1183612,0,n2,rest
1183614,0,n2,rest
1183616,0,n2,rest
1183618,0,n2,rest
1183620,0,n2,rest
1183622,0,n2,rest
1183624,0,n2,rest
1183626,0,n2,rest
1183628,0,n2,rest
1183630,0,n2,rest
1183632,0,n2,rest
1183634,0,n2,rest
1183636,0,n2,rest
1183638,0,n2,rest
1183640,0,n2,rest
1183642,0,n2,rest
1183644,0,n2,rest
1183646,0,n2,rest
1183648,0,n2,rest
1183650,0,n2,rest
1183652,0,n2,rest
1183654,0,n2,rest
1183656,0,n2,rest
1183658,0,n2,rest
1183660,0,n2,rest
1183662,0,n2,rest
1183664,0,n2,rest
1183666,0,n2,rest
1183668,0,n2,rest
1183670,0,n2,rest
1183672,0,n2,rest
1183674,0,n2,rest
1183676,0,n2,rest
1183678,0,n2,rest
1183680,0,n2,rest
1183682,0,n2,rest
1183684,0,n2,rest
1183686,0,n2,rest
1183688,0,n2,rest
1183690,0,n2,rest
1183692,0,n2,rest
1183694,0,n2,rest
1183696,0,n2,rest
1183698,0,n2,rest
1183700,0,n2,rest
1183702,0,n2,rest
1183704,0,n2,rest
1183706,0,n2,rest
1183708,0,n2,rest
1183710,0,n2,rest
1183712,0,n2,rest
1183714,0,n2,rest
1183716,0,n2,rest
1183718,0,n2,rest
1183720,0,n2,rest
1183722,0,n2,rest
1183724,0,n2,rest
1183726,0,n2,rest
1183728,0,n2,rest
1183730,0,n2,rest
1183732,0,n2,rest
1183734,0,n2,rest
1183736,0,n2,rest
1183738,0,n2,rest
1183740,0,n2,rest
1183742,0,n2,rest
1183744,0,n2,rest
1183746,0,n2,rest
1183748,0,n2,rest
1183750,0,n2,rest
1183752,0,n2,rest
1183754,0,n2,rest
1183756,0,n2,rest
1183758,0,n2,rest
1183760,0,n2,rest
1183762,0,n2,rest
1183764,0,n2,rest
1183766,0,n2,rest
1183768,0,n2,rest
1183770,0,n2,rest
1183772,0,n2,rest
1183774,0,n2,rest
1183776,0,n2,rest
1183778,0,n2,rest
1183780,0,n2,rest
1183782,0,n2,rest
1183784,0,n2,rest
1183786,0,n2,rest
1183788,0,n2,rest
1183790,0,n2,rest
1183792,0,n2,rest
1183794,0,n2,rest
1183796,0,n2,rest
1183798,0,n2,rest
1183800,0,n2,rest
1183802,0,n2,rest
1183804,0,n2,rest
1183806,0,n2,rest
1183808,0,n2,rest
1183810,0,n2,rest
1183812,0,n2,rest
1183814,0,n2,rest
1183816,0,n2,rest
1183818,0,n2,rest
1183820,0,n2,rest
1183822,0,n2,rest
1183824,0,n2,rest
1183826,0,n2,rest
1183828,0,n2,rest
1183830,0,n2,rest
1183832,0,n2,rest
1183834,0,n2,rest
1183836,0,n2,rest
1183838,0,n2,rest
1183840,0,n2,rest
1183842,0,n2,rest
1183844,0,n2,rest
1183846,0,n2,rest
1183848,0,n2,rest
1183850,0,n2,rest
1183852,0,n2,rest
1183854,0,n2,rest
1183856,0,n2,rest
1183858,0,n2,rest
1183860,0,n2,rest
1183862,0,n2,rest
1183864,0,n2,rest
1183866,0,n2,rest
1183868,0,n2,rest
1183870,0,n2,rest
1183872,0,n2,rest
1183874,0,n2,rest
1183876,0,n2,rest
1183878,0,n2,rest
1183880,0,n2,rest
1183882,0,n2,rest
1183884,0,n2,rest
1183886,0,n2,rest
1183888,0,n2,rest
1183890,0,n2,rest
1183892,0,n2,rest
1183894,0,n2,rest
1183896,0,n2,rest
1183898,0,n2,rest
1183900,0,n2,rest
1183902,0,n2,rest
1183904,0,n2,rest
1183906,0,n2,rest
1183908,0,n2,rest
1183910,0,n2,rest
1183912,0,n2,rest
1183914,0,n2,rest
1183916,0,n2,rest
1183918,0,n2,rest
1183920,0,n2,rest
1183922,0,n2,rest
1183924,0,n2,rest
1183926,0,n2,rest
1183928,0,n2,rest
1183930,0,n2,rest
1183932,0,n2,rest
1183934,0,n2,rest
1183936,0,n2,rest
1183938,0,n2,rest
1183940,0,n2,rest
1183942,0,n2,rest
1183944,0,n2,rest
1183946,0,n2,rest
1183948,0,n2,rest
1183950,0,n2,rest
1183952,0,n2,rest
1183954,0,n2,rest
1183956,0,n2,rest
1183958,0,n2,rest
1183960,0,n2,rest
1183962,0,n2,rest
1183964,0,n2,rest
1183966,0,n2,rest
1183968,0,n2,rest
1183970,0,n2,rest
1183972,0,n2,rest
1183974,0,n2,rest
1183976,0,n2,rest
1183978,0,n2,rest
1183980,0,n2,rest
1183982,0,n2,rest
1183984,0,n2,rest
1183986,0,n2,rest
1183988,0,n2,rest
1183990,0,n2,rest
1183992,0,n2,rest
1183994,0,n2,rest
1183996,0,n2,rest
1183998,0,n2,rest
1184000,0,n2,rest
1184002,0,n2,rest
1184004,0,n2,rest
1184006,0,n2,rest
1184008,0,n2,rest
1184010,0,n2,rest
1184012,0,n2,rest
1184014,0,n2,rest
1184016,0,n2,rest
1184018,0,n2,rest
1184020,0,n2,rest
1184022,0,n2,rest
1184024,0,n2,rest
1184026,0,n2,rest
1184028,0,n2,rest
1184030,0,n2,rest
1184032,0,n2,rest
1184034,0,n2,rest
1184036,0,n2,rest
1184038,0,n2,rest
1184040,0,n2,rest
1184042,0,n2,rest
1184044,0,n2,rest
1184046,0,n2,rest
1184048,0,n2,rest
1184050,0,n2,rest
1184052,0,n2,rest
1184054,0,n2,rest
1184056,0,n2,rest
1184058,0,n2,rest
1184060,0,n2,rest
1184062,0,n2,rest
1184064,0,n2,rest
1184066,0,n2,rest
1184068,0,n2,rest
1184070,0,n2,rest
1184072,0,n2,rest
1184074,0,n2,rest
1184076,0,n2,rest
1184078,0,n2,rest
1184080,0,n2,rest
1184082,0,n2,rest
1184084,0,n2,rest
1184086,0,n2,rest
1184088,0,n2,rest
1184090,0,n2,rest
1184092,0,n2,rest
1184094,0,n2,rest
1184096,0,n2,rest
1184098,0,n2,rest
1184100,0,n2,rest
1184102,0,n2,rest
1184104,0,n2,rest
1184106,0,n2,rest
1184108,0,n2,rest
1184110,0,n2,rest
1184112,0,n2,rest
1184114,0,n2,rest
1184116,0,n2,rest
1184118,0,n2,rest
1184120,0,n2,rest
1184122,0,n2,rest
1184124,0,n2,rest
1184126,0,n2,rest
1184128,0,n2,rest
1184130,0,n2,rest
1184132,0,n2,rest
1184134,0,n2,rest
1184136,0,n2,rest
1184138,0,n2,rest
1184140,0,n2,rest
1184142,0,n2,rest
1184144,0,n2,rest
1184146,0,n2,rest
1184148,0,n2,rest
1184150,0,n2,rest
1184152,0,n2,rest
1184154,0,n2,rest
1184156,0,n2,rest
1184158,0,n2,rest
1184160,0,n2,rest
1184162,0,n2,rest
1184164,0,n2,rest
1184166,0,n2,rest
1184168,0,n2,rest
1184170,0,n2,rest
1184172,0,n2,rest
1184174,0,n2,rest
1184176,0,n2,rest
1184178,0,n2,rest
1184180,0,n2,rest
1184182,0,n2,rest
1184184,0,n2,rest
1184186,0,n2,rest
1184188,0,n2,rest
1184190,0,n2,rest
1184192,0,n2,rest
1184194,0,n2,rest
1184196,0,n2,rest
1184198,0,n2,rest
1184200,0,n2,rest
1184202,0,n2,rest
1184204,0,n2,rest
1184206,0,n2,rest
1184208,0,n2,rest
1184210,0,n2,rest
1184212,0,n2,rest
1184214,0,n2,rest
1184216,0,n2,rest
1184218,0,n2,rest
1184220,0,n2,rest
1184222,0,n2,rest
1184224,0,n2,rest
1184226,0,n2,rest
1184228,0,n2,rest
1184230,0,n2,rest
1184232,0,n2,rest
1184234,0,n2,rest
1184236,0,n2,rest
1184238,0,n2,rest
1184240,0,n2,rest
1184242,0,n2,rest
1184244,0,n2,rest
1184246,0,n2,rest
1184248,0,n2,rest
1184250,0,n2,rest
1184252,0,n2,rest
1184254,0,n2,rest
1184256,0,n2,rest
1184258,0,n2,rest
1184260,0,n2,rest
1184262,0,n2,rest
1184264,0,n2,rest
1184266,0,n2,rest
1184268,0,n2,rest
1184270,0,n2,rest
1184272,0,n2,rest
1184274,0,n2,rest
1184276,0,n2,rest
1184278,0,n2,rest
1184280,0,n2,rest
1184282,0,n2,rest
1184284,0,n2,rest
1184286,0,n2,rest
1184288,0,n2,rest
1184290,0,n2,rest
1184292,0,n2,rest
1184294,0,n2,rest
1184296,0,n2,rest
1184298,0,n2,rest
1184300,0,n2,rest
1184302,0,n2,rest
1184304,0,n2,rest
1184306,0,n2,rest
1184308,0,n2,rest
1184310,0,n2,rest
1184312,0,n2,rest
1184314,0,n2,rest
1184316,0,n2,rest
1184318,0,n2,rest
1184320,0,n2,rest
1184322,0,n2,rest
1184324,0,n2,rest
1184326,0,n2,rest
1184328,0,n2,rest
1184330,0,n2,rest
1184332,0,n2,rest
1184334,0,n2,rest
1184336,0,n2,rest
1184338,0,n2,rest
1184340,0,n2,rest
1184342,0,n2,rest
1184344,0,n2,rest
1184346,0,n2,rest
1184348,0,n2,rest
1184350,0,n2,rest
1184352,0,n2,rest
1184354,0,n2,rest
1184356,0,n2,rest
1184358,0,n2,rest
1184360,0,n2,rest
1184362,0,n2,rest
1184364,0,n2,rest
1184366,0,n2,rest
1184368,0,n2,rest
1184370,0,n2,rest
1184372,0,n2,rest
1184374,0,n2,rest
1184376,0,n2,rest
1184378,0,n2,rest
1184380,0,n2,rest
1184382,0,n2,rest
1184384,0,n2,rest
1184386,0,n2,rest
1184388,0,n2,rest
1184390,0,n2,rest
1184392,0,n2,rest
1184394,0,n2,rest
1184396,0,n2,rest
1184398,0,n2,rest
1184400,0,n2,rest
1184402,0,n2,rest
1184404,0,n2,rest
1184406,0,n2,rest
1184408,0,n2,rest
1184410,0,n2,rest
1184412,0,n2,rest
1184414,0,n2,rest
1184416,0,n2,rest
1184418,0,n2,rest
1184420,0,n2,rest
1184422,0,n2,rest
1184424,0,n2,rest
1184426,0,n2,rest
1184428,0,n2,rest
1184430,0,n2,rest
1184432,0,n2,rest
1184434,0,n2,rest
1184436,0,n2,rest
1184438,0,n2,rest
1184440,0,n2,rest
1184442,0,n2,rest
1184444,0,n2,rest
1184446,0,n2,rest
1184448,0,n2,rest
1184450,0,n2,rest
1184452,0,n2,rest
1184454,0,n2,rest
1184456,0,n2,rest
1184458,0,n2,rest
1184460,0,n2,rest
1184462,0,n2,rest
1184464,0,n2,rest
1184466,0,n2,rest
1184468,0,n2,rest
1184470,0,n2,rest
1184472,0,n2,rest
1184474,0,n2,rest
1184476,0,n2,rest
1184478,0,n2,rest
1184480,0,n2,rest
1184482,0,n2,rest
1184484,0,n2,rest
1184486,0,n2,rest
1184488,0,n2,rest
1184490,0,n2,rest
1184492,0,n2,rest
1184494,0,n2,rest
1184496,0,n2,rest
1184498,0,n2,rest
1184500,0,n2,rest
1184502,0,n2,rest
1184504,0,n2,rest
1184506,0,n2,rest
1184508,0,n2,rest
1184510,0,n2,rest
1184512,0,n2,rest
1184514,0,n2,rest
1184516,0,n2,rest
1184518,0,n2,rest
1184520,0,n2,rest
1184522,0,n2,rest
1184524,0,n2,rest
1184526,0,n2,rest
1184528,0,n2,rest
1184530,0,n2,rest
1184532,0,n2,rest
1184534,0,n2,rest
1184536,0,n2,rest
1184538,0,n2,rest
1184540,0,n2,rest
1184542,0,n2,rest
1184544,0,n2,rest
1184546,0,n2,rest
1184548,0,n2,rest
1184550,0,n2,rest
1184552,0,n2,rest
1184554,0,n2,rest
1184556,0,n2,rest
1184558,0,n2,rest
1184560,0,n2,rest
1184562,0,n2,rest
1184564,0,n2,rest
1184566,0,n2,rest
1184568,0,n2,rest
1184570,0,n2,rest
1184572,0,n2,rest
1184574,0,n2,rest
1184576,0,n2,rest
1184578,0,n2,rest
1184580,0,n2,rest
1184582,0,n2,rest
1184584,0,n2,rest
1184586,0,n2,rest
1184588,0,n2,rest
1184590,0,n2,rest
1184592,0,n2,rest
1184594,0,n2,rest
1184596,0,n2,rest
1184598,0,n2,rest
1184600,0,n2,rest
1184602,0,n2,rest
1184604,0,n2,rest
1184606,0,n2,rest
1184608,0,n2,rest
1184610,0,n2,rest
1184612,0,n2,rest
1184614,0,n2,rest
1184616,0,n2,rest
1184618,0,n2,rest
1184620,0,n2,rest
1184622,0,n2,rest
1184624,0,n2,rest
1184626,0,n2,rest
1184628,0,n2,rest
1184630,0,n2,rest
1184632,0,n2,rest
1184634,0,n2,rest
1184636,0,n2,rest
1184638,0,n2,rest
1184640,0,n2,rest
1184642,0,n2,rest
1184644,0,n2,rest
1184646,0,n2,rest
1184648,0,n2,rest
1184650,0,n2,rest
1184652,0,n2,rest
1184654,0,n2,rest
1184656,0,n2,rest
1184658,0,n2,rest
1184660,0,n2,rest
1184662,0,n2,rest
1184664,0,n2,rest
1184666,0,n2,rest
1184668,0,n2,rest
1184670,0,n2,rest
1184672,0,n2,rest
1184674,0,n2,rest
1184676,0,n2,rest
1184678,0,n2,rest
1184680,0,n2,rest
1184682,0,n2,rest
1184684,0,n2,rest
1184686,0,n2,rest
1184688,0,n2,rest
1184690,0,n2,rest
1184692,0,n2,rest
1184694,0,n2,rest
1184696,0,n2,rest
1184698,0,n2,rest
1184700,0,n2,rest
1184702,0,n2,rest
1184704,0,n2,rest
1184706,0,n2,rest
1184708,0,n2,rest
1184710,0,n2,rest
1184712,0,n2,rest
1184714,0,n2,rest
1184716,0,n2,rest
1184718,0,n2,rest
1184720,0,n2,rest
1184722,0,n2,rest
1184724,0,n2,rest
1184726,0,n2,rest
1184728,0,n2,rest
1184730,0,n2,rest
1184732,0,n2,rest
1184734,0,n2,rest
1184736,0,n2,rest
1184738,0,n2,rest
1184740,0,n2,rest
1184742,0,n2,rest
1184744,0,n2,rest
1184746,0,n2,rest
1184748,0,n2,rest
1184750,0,n2,rest
1184752,0,n2,rest
1184754,0,n2,rest
1184756,0,n2,rest
1184758,0,n2,rest
1184760,0,n2,rest
1184762,0,n2,rest
1184764,0,n2,rest
1184766,0,n2,rest
1184768,0,n2,rest
1184770,0,n2,rest
1184772,0,n2,rest
1184774,0,n2,rest
1184776,0,n2,rest
1184778,0,n2,rest
1184780,0,n2,rest
1184782,0,n2,rest
1184784,0,n2,rest
1184786,0,n2,rest
1184788,0,n2,rest
1184790,0,n2,rest
1184792,0,n2,rest
1184794,0,n2,rest
1184796,0,n2,rest
1184798,0,n2,rest
1184800,0,n2,rest
1184802,0,n2,rest
1184804,0,n2,rest
1184806,0,n2,rest
1184808,0,n2,rest
1184810,0,n2,rest
1184812,0,n2,rest
1184814,0,n2,rest
1184816,0,n2,rest
1184818,0,n2,rest
1184820,0,n2,rest
1184822,0,n2,rest
1184824,0,n2,rest
1184826,0,n2,rest
1184828,0,n2,rest
1184830,0,n2,rest
1184832,0,n2,rest
1184834,0,n2,rest
1184836,0,n2,rest
1184838,0,n2,rest
1184840,0,n2,rest
1184842,0,n2,rest
1184844,0,n2,rest
1184846,0,n2,rest
1184848,0,n2,rest
1184850,0,n2,rest
1184852,0,n2,rest
1184854,0,n2,rest
1184856,0,n2,rest
1184858,0,n2,rest
1184860,0,n2,rest
1184862,0,n2,rest
1184864,0,n2,rest
1184866,0,n2,rest
1184868,0,n2,rest
1184870,0,n2,rest
1184872,0,n2,rest
1184874,0,n2,rest
1184876,0,n2,rest
1184878,0,n2,rest
1184880,0,n2,rest
1184882,0,n2,rest
1184884,0,n2,rest
1184886,0,n2,rest
1184888,0,n2,rest
1184890,0,n2,rest
1184892,0,n2,rest
1184894,0,n2,rest
1184896,0,n2,rest
1184898,0,n2,rest
1184900,0,n2,rest
1184902,0,n2,rest
1184904,0,n2,rest
1184906,0,n2,rest
1184908,0,n2,rest
1184910,0,n2,rest
1184912,0,n2,rest
1184914,0,n2,rest
1184916,0,n2,rest
1184918,0,n2,rest
1184920,0,n2,rest
1184922,0,n2,rest
1184924,0,n2,rest
1184926,0,n2,rest
1184928,0,n2,rest
1184930,0,n2,rest
1184932,0,n2,rest
1184934,0,n2,rest
1184936,0,n2,rest
1184938,0,n2,rest
1184940,0,n2,rest
1184942,0,n2,rest
1184944,0,n2,rest
1184946,0,n2,rest
1184948,0,n2,rest
1184950,0,n2,rest
1184952,0,n2,rest
1184954,0,n2,rest
1184956,0,n2,rest
1184958,0,n2,rest
1184960,0,n2,rest
1184962,0,n2,rest
1184964,0,n2,rest
1184966,0,n2,rest
1184968,0,n2,rest
1184970,0,n2,rest
1184972,0,n2,rest
1184974,0,n2,rest
1184976,0,n2,rest
1184978,0,n2,rest
1184980,0,n2,rest
1184982,0,n2,rest
1184984,0,n2,rest
1184986,0,n2,rest
1184988,0,n2,rest
1184990,0,n2,rest
1184992,0,n2,rest
1184994,0,n2,rest
1184996,0,n2,rest
1184998,0,n2,rest
1185000,0,n2,rest
1185002,0,n2,rest
1185004,0,n2,rest
1185006,0,n2,rest
1185008,0,n2,rest
1185010,0,n2,rest
1185012,0,n2,rest
1185014,0,n2,rest
1185016,0,n2,rest
1185018,0,n2,rest
1185020,0,n2,rest
1185022,0,n2,rest
1185024,0,n2,rest
1185026,0,n2,rest
1185028,0,n2,rest
1185030,0,n2,rest
1185032,0,n2,rest
1185034,0,n2,rest
1185036,0,n2,rest
1185038,0,n2,rest
1185040,0,n2,rest
1185042,0,n2,rest
1185044,0,n2,rest
1185046,0,n2,rest
1185048,0,n2,rest
1185050,0,n2,rest
1185052,0,n2,rest
1185054,0,n2,rest
1185056,0,n2,rest
1185058,0,n2,rest
1185060,0,n2,rest
1185062,0,n2,rest
1185064,0,n2,rest
1185066,0,n2,rest
1185068,0,n2,rest
1185070,0,n2,rest
1185072,0,n2,rest
1185074,0,n2,rest
1185076,0,n2,rest
1185078,0,n2,rest
1185080,0,n2,rest
1185082,0,n2,rest
1185084,0,n2,rest
1185086,0,n2,rest
1185088,0,n2,rest
1185090,0,n2,rest
1185092,0,n2,rest
1185094,0,n2,rest
1185096,0,n2,rest
1185098,0,n2,rest
1185100,0,n2,rest
1185102,0,n2,rest
1185104,0,n2,rest
1185106,0,n2,rest
1185108,0,n2,rest
1185110,0,n2,rest
1185112,0,n2,rest
1185114,0,n2,rest
1185116,0,n2,rest
1185118,0,n2,rest
1185120,0,n2,rest
1185122,0,n2,rest
1185124,0,n2,rest
1185126,0,n2,rest
1185128,0,n2,rest
1185130,0,n2,rest
1185132,0,n2,rest
1185134,0,n2,rest
1185136,0,n2,rest
1185138,0,n2,rest
1185140,0,n2,rest
1185142,0,n2,rest
1185144,0,n2,rest
1185146,0,n2,rest
1185148,0,n2,rest
1185150,0,n2,rest
1185152,0,n2,rest
1185154,0,n2,rest
1185156,0,n2,rest
1185158,0,n2,rest
1185160,0,n2,rest
1185162,0,n2,rest
1185164,0,n2,rest
1185166,0,n2,rest
1185168,0,n2,rest
1185170,0,n2,rest
1185172,0,n2,rest
1185174,0,n2,rest
1185176,0,n2,rest
1185178,0,n2,rest
1185180,0,n2,rest
1185182,0,n2,rest
1185184,0,n2,rest
1185186,0,n2,rest
1185188,0,n2,rest
1185190,0,n2,rest
1185192,0,n2,rest
1185194,0,n2,rest
1185196,0,n2,rest
1185198,0,n2,rest
1185200,0,n2,rest
1185202,0,n2,rest
1185204,0,n2,rest
1185206,0,n2,rest
1185208,0,n2,rest
1185210,0,n2,rest
1185212,0,n2,rest
1185214,0,n2,rest
1185216,0,n2,rest
1185218,0,n2,rest
1185220,0,n2,rest
1185222,0,n2,rest
1185224,0,n2,rest
1185226,0,n2,rest
1185228,0,n2,rest
1185230,0,n2,rest
1185232,0,n2,rest
1185234,0,n2,rest
1185236,0,n2,rest
1185238,0,n2,rest
1185240,0,n2,rest
1185242,0,n2,rest
1185244,0,n2,rest
1185246,0,n2,rest
1185248,0,n2,rest
1185250,0,n2,rest
1185252,0,n2,rest
1185254,0,n2,rest
1185256,0,n2,rest
1185258,0,n2,rest
1185260,0,n2,rest
1185262,0,n2,rest
1185264,0,n2,rest
1185266,0,n2,rest
1185268,0,n2,rest
1185270,0,n2,rest
1185272,0,n2,rest
1185274,0,n2,rest
1185276,0,n2,rest
1185278,0,n2,rest
1185280,0,n2,rest
1185282,0,n2,rest
1185284,0,n2,rest
1185286,0,n2,rest
1185288,0,n2,rest
1185290,0,n2,rest
1185292,0,n2,rest
1185294,0,n2,rest
1185296,0,n2,rest
1185298,0,n2,rest
1185300,0,n2,rest
1185302,0,n2,rest
1185304,0,n2,rest
1185306,0,n2,rest
1185308,0,n2,rest
1185310,0,n2,rest
1185312,0,n2,rest
1185314,0,n2,rest
1185316,0,n2,rest
1185318,0,n2,rest
1185320,0,n2,rest
1185322,0,n2,rest
1185324,0,n2,rest
1185326,0,n2,rest
1185328,0,n2,rest
1185330,0,n2,rest
1185332,0,n2,rest
1185334,0,n2,rest
1185336,0,n2,rest
1185338,0,n2,rest
1185340,0,n2,rest
1185342,0,n2,rest
1185344,0,n2,rest
1185346,0,n2,rest
1185348,0,n2,rest
1185350,0,n2,rest
1185352,0,n2,rest
1185354,0,n2,rest
1185356,0,n2,rest
1185358,0,n2,rest
1185360,0,n2,rest
1185362,0,n2,rest
1185364,0,n2,rest
1185366,0,n2,rest
1185368,0,n2,rest
1185370,0,n2,rest
1185372,0,n2,rest
1185374,0,n2,rest
1185376,0,n2,rest
1185378,0,n2,rest
1185380,0,n2,rest
1185382,0,n2,rest
1185384,0,n2,rest
1185386,0,n2,rest
1185388,0,n2,rest
1185390,0,n2,rest
1185392,0,n2,rest
1185394,0,n2,rest
1185396,0,n2,rest
1185398,0,n2,rest
1185400,0,n2,rest
1185402,0,n2,rest
1185404,0,n2,rest
1185406,0,n2,rest
1185408,0,n2,rest
1185410,0,n2,rest
1185412,0,n2,rest
1185414,0,n2,rest
1185416,0,n2,rest
1185418,0,n2,rest
1185420,0,n2,rest
1185422,0,n2,rest
1185424,0,n2,rest
1185426,0,n2,rest
1185428,0,n2,rest
1185430,0,n2,rest
1185432,0,n2,rest
1185434,0,n2,rest
1185436,0,n2,rest
1185438,0,n2,rest
1185440,0,n2,rest
1185442,0,n2,rest
1185444,0,n2,rest
1185446,0,n2,rest
1185448,0,n2,rest
1185450,0,n2,rest
1185452,0,n2,rest
1185454,0,n2,rest
1185456,0,n2,rest
1185458,0,n2,rest
1185460,0,n2,rest
1185462,0,n2,rest
1185464,0,n2,rest
1185466,0,n2,rest
1185468,0,n2,rest
1185470,0,n2,rest
1185472,0,n2,rest
1185474,0,n2,rest
1185476,0,n2,rest
1185478,0,n2,rest
1185480,0,n2,rest
1185482,0,n2,rest
1185484,0,n2,rest
1185486,0,n2,rest
1185488,0,n2,rest
1185490,0,n2,rest
1185492,0,n2,rest
1185494,0,n2,rest
1185496,0,n2,rest
1185498,0,n2,rest
1185500,0,n2,rest
1185502,0,n2,rest
1185504,0,n2,rest
1185506,0,n2,rest
1185508,0,n2,rest
1185510,0,n2,rest
1185512,0,n2,rest
1185514,0,n2,rest
1185516,0,n2,rest
1185518,0,n2,rest
1185520,0,n2,rest
1185522,0,n2,rest
1185524,0,n2,rest
1185526,0,n2,rest
1185528,0,n2,rest
1185530,0,n2,rest
1185532,0,n2,rest
1185534,0,n2,rest
1185536,0,n2,rest
1185538,0,n2,rest
1185540,0,n2,rest
1185542,0,n2,rest
1185544,0,n2,rest
1185546,0,n2,rest
1185548,0,n2,rest
1185550,0,n2,rest
1185552,0,n2,rest
1185554,0,n2,rest
1185556,0,n2,rest
1185558,0,n2,rest
1185560,0,n2,rest
1185562,0,n2,rest
1185564,0,n2,rest
1185566,0,n2,rest
1185568,0,n2,rest
1185570,0,n2,rest
1185572,0,n2,rest
1185574,0,n2,rest
1185576,0,n2,rest
1185578,0,n2,rest
1185580,0,n2,rest
1185582,0,n2,rest
1185584,0,n2,rest
1185586,0,n2,rest
1185588,0,n2,rest
1185590,0,n2,rest
1185592,0,n2,rest
1185594,0,n2,rest
1185596,0,n2,rest
1185598,0,n2,rest
1185600,0,n2,rest
1185602,0,n2,rest
1185604,0,n2,rest
1185606,0,n2,rest
1185608,0,n2,rest
1185610,0,n2,rest
1185612,0,n2,rest
1185614,0,n2,rest
1185616,0,n2,rest
1185618,0,n2,rest
1185620,0,n2,rest
1185622,0,n2,rest
1185624,0,n2,rest
1185626,0,n2,rest
1185628,0,n2,rest
1185630,0,n2,rest
1185632,0,n2,rest
1185634,0,n2,rest
1185636,0,n2,rest
1185638,0,n2,rest
1185640,0,n2,rest
1185642,0,n2,rest
1185644,0,n2,rest
1185646,0,n2,rest
1185648,0,n2,rest
1185650,0,n2,rest
1185652,0,n2,rest
1185654,0,n2,rest
1185656,0,n2,rest
1185658,0,n2,rest
1185660,0,n2,rest
1185662,0,n2,rest
1185664,0,n2,rest
1185666,0,n2,rest
1185668,0,n2,rest
1185670,0,n2,rest
1185672,0,n2,rest
1185674,0,n2,rest
1185676,0,n2,rest
1185678,0,n2,rest
1185680,0,n2,rest
1185682,0,n2,rest
1185684,0,n2,rest
1185686,0,n2,rest
1185688,0,n2,rest
1185690,0,n2,rest
1185692,0,n2,rest
1185694,0,n2,rest
1185696,0,n2,rest
1185698,0,n2,rest
1185700,0,n2,rest
1185702,0,n2,rest
1185704,0,n2,rest
1185706,0,n2,rest
1185708,0,n2,rest
1185710,0,n2,rest
1185712,0,n2,rest
1185714,0,n2,rest
1185716,0,n2,rest
1185718,0,n2,rest
1185720,0,n2,rest
1185722,0,n2,rest
1185724,0,n2,rest
1185726,0,n2,rest
1185728,0,n2,rest
1185730,0,n2,rest
1185732,0,n2,rest
1185734,0,n2,rest
1185736,0,n2,rest
1185738,0,n2,rest
1185740,0,n2,rest
1185742,0,n2,rest
1185744,0,n2,rest
1185746,0,n2,rest
1185748,0,n2,rest
1185750,0,n2,rest
1185752,0,n2,rest
1185754,0,n2,rest
1185756,0,n2,rest
1185758,0,n2,rest
1185760,0,n2,rest
1185762,0,n2,rest
1185764,0,n2,rest
1185766,0,n2,rest
1185768,0,n2,rest
1185770,0,n2,rest
1185772,0,n2,rest
1185774,0,n2,rest
1185776,0,n2,rest
1185778,0,n2,rest
1185780,0,n2,rest
1185782,0,n2,rest
1185784,0,n2,rest
1185786,0,n2,rest
1185788,0,n2,rest
1185790,0,n2,rest
1185792,0,n2,rest
1185794,0,n2,rest
1185796,0,n2,rest
1185798,0,n2,rest
1185800,0,n2,rest
1185802,0,n2,rest
1185804,0,n2,rest
1185806,0,n2,rest
1185808,0,n2,rest
1185810,0,n2,rest
1185812,0,n2,rest
1185814,0,n2,rest
1185816,0,n2,rest
1185818,0,n2,rest
1185820,0,n2,rest
1185822,0,n2,rest
1185824,0,n2,rest
1185826,0,n2,rest
1185828,0,n2,rest
1185830,0,n2,rest
1185832,0,n2,rest
1185834,0,n2,rest
1185836,0,n2,rest
1185838,0,n2,rest
1185840,0,n2,rest
1185842,0,n2,rest
1185844,0,n2,rest
1185846,0,n2,rest
1185848,0,n2,rest
1185850,0,n2,rest
1185852,0,n2,rest
1185854,0,n2,rest
1185856,0,n2,rest
1185858,0,n2,rest
1185860,0,n2,rest
1185862,0,n2,rest
1185864,0,n2,rest
1185866,0,n2,rest
1185868,0,n2,rest
1185870,0,n2,rest
1185872,0,n2,rest
1185874,0,n2,rest
1185876,0,n2,rest
1185878,0,n2,rest
1185880,0,n2,rest
1185882,0,n2,rest
1185884,0,n2,rest
1185886,0,n2,rest
1185888,0,n2,rest
1185890,0,n2,rest
1185892,0,n2,rest
1185894,0,n2,rest
1185896,0,n2,rest
1185898,0,n2,rest
1185900,0,n2,rest
1185902,0,n2,rest
1185904,0,n2,rest
1185906,0,n2,rest
1185908,0,n2,rest
1185910,0,n2,rest
1185912,0,n2,rest
1185914,0,n2,rest
1185916,0,n2,rest
1185918,0,n2,rest
1185920,0,n2,rest
1185922,0,n2,rest
1185924,0,n2,rest
1185926,0,n2,rest
1185928,0,n2,rest
1185930,0,n2,rest
1185932,0,n2,rest
1185934,0,n2,rest
1185936,0,n2,rest
1185938,0,n2,rest
1185940,0,n2,rest
1185942,0,n2,rest
1185944,0,n2,rest
1185946,0,n2,rest
1185948,0,n2,rest
1185950,0,n2,rest
1185952,0,n2,rest
1185954,0,n2,rest
1185956,0,n2,rest
1185958,0,n2,rest
1185960,0,n2,rest
1185962,0,n2,rest
1185964,0,n2,rest
1185966,0,n2,rest
1185968,0,n2,rest
1185970,0,n2,rest
1185972,0,n2,rest
1185974,0,n2,rest
1185976,0,n2,rest
1185978,0,n2,rest
1185980,0,n2,rest
1185982,0,n2,rest
1185984,0,n2,rest
1185986,0,n2,rest
1185988,0,n2,rest
1185990,0,n2,rest
1185992,0,n2,rest
1185994,0,n2,rest
1185996,0,n2,rest
1185998,0,n2,rest
1186000,0,n2,rest
1186002,0,n2,rest
1186004,0,n2,rest
1186006,0,n2,rest
1186008,0,n2,rest
1186010,0,n2,rest
1186012,0,n2,rest
1186014,0,n2,rest
1186016,0,n2,rest
1186018,0,n2,rest
1186020,0,n2,rest
1186022,0,n2,rest
1186024,0,n2,rest
1186026,0,n2,rest
1186028,0,n2,rest
1186030,0,n2,rest
1186032,0,n2,rest
1186034,0,n2,rest
1186036,0,n2,rest
1186038,0,n2,rest
1186040,0,n2,rest
1186042,0,n2,rest
1186044,0,n2,rest
1186046,0,n2,rest
1186048,0,n2,rest
1186050,0,n2,rest
1186052,0,n2,rest
1186054,0,n2,rest
1186056,0,n2,rest
1186058,0,n2,rest
1186060,0,n2,rest
1186062,0,n2,rest
1186064,0,n2,rest
1186066,0,n2,rest
1186068,0,n2,rest
1186070,0,n2,rest
1186072,0,n2,rest
1186074,0,n2,rest
1186076,0,n2,rest
1186078,0,n2,rest
1186080,0,n2,rest
1186082,0,n2,rest
1186084,0,n2,rest
1186086,0,n2,rest
1186088,0,n2,rest
1186090,0,n2,rest
1186092,0,n2,rest
1186094,0,n2,rest
1186096,0,n2,rest
1186098,0,n2,rest
1186100,0,n2,rest
1186102,0,n2,rest
1186104,0,n2,rest
1186106,0,n2,rest
1186108,0,n2,rest
1186110,0,n2,rest
1186112,0,n2,rest
1186114,0,n2,rest
1186116,0,n2,rest
1186118,0,n2,rest
1186120,0,n2,rest
1186122,0,n2,rest
1186124,0,n2,rest
1186126,0,n2,rest
1186128,0,n2,rest
1186130,0,n2,rest
1186132,0,n2,rest
1186134,0,n2,rest
1186136,0,n2,rest
1186138,0,n2,rest
1186140,0,n2,rest
1186142,0,n2,rest
1186144,0,n2,rest
1186146,0,n2,rest
1186148,0,n2,rest
1186150,0,n2,rest
1186152,0,n2,rest
1186154,0,n2,rest
1186156,0,n2,rest
1186158,0,n2,rest
1186160,0,n2,rest
1186162,0,n2,rest
1186164,0,n2,rest
1186166,0,n2,rest
1186168,0,n2,rest
1186170,0,n2,rest
1186172,0,n2,rest
1186174,0,n2,rest
1186176,0,n2,rest
1186178,0,n2,rest
1186180,0,n2,rest
1186182,0,n2,rest
1186184,0,n2,rest
1186186,0,n2,rest
1186188,0,n2,rest
1186190,0,n2,rest
1186192,0,n2,rest
1186194,0,n2,rest
1186196,0,n2,rest
1186198,0,n2,rest
1186200,0,n2,rest
1186202,0,n2,rest
1186204,0,n2,rest
1186206,0,n2,rest
1186208,0,n2,rest
1186210,0,n2,rest
1186212,0,n2,rest
1186214,0,n2,rest
1186216,0,n2,rest
1186218,0,n2,rest
1186220,0,n2,rest
1186222,0,n2,rest
1186224,0,n2,rest
1186226,0,n2,rest
1186228,0,n2,rest
1186230,0,n2,rest
1186232,0,n2,rest
1186234,0,n2,rest
1186236,0,n2,rest
1186238,0,n2,rest
1186240,0,n2,rest
1186242,0,n2,rest
1186244,0,n2,rest
1186246,0,n2,rest
1186248,0,n2,rest
1186250,0,n2,rest
1186252,0,n2,rest
1186254,0,n2,rest
1186256,0,n2,rest
1186258,0,n2,rest
1186260,0,n2,rest
1186262,0,n2,rest
1186264,0,n2,rest
1186266,0,n2,rest
1186268,0,n2,rest
1186270,0,n2,rest
1186272,0,n2,rest
1186274,0,n2,rest
1186276,0,n2,rest
1186278,0,n2,rest
1186280,0,n2,rest
1186282,0,n2,rest
1186284,0,n2,rest
1186286,0,n2,rest
1186288,0,n2,rest
1186290,0,n2,rest
1186292,0,n2,rest
1186294,0,n2,rest
1186296,0,n2,rest
1186298,0,n2,rest
1186300,0,n2,rest
1186302,0,n2,rest
1186304,0,n2,rest
1186306,0,n2,rest
1186308,0,n2,rest
1186310,0,n2,rest
1186312,0,n2,rest
1186314,0,n2,rest
1186316,0,n2,rest
1186318,0,n2,rest
1186320,0,n2,rest
1186322,0,n2,rest
1186324,0,n2,rest
1186326,0,n2,rest
1186328,0,n2,rest
1186330,0,n2,rest
1186332,0,n2,rest
1186334,0,n2,rest
1186336,0,n2,rest
1186338,0,n2,rest
1186340,0,n2,rest
1186342,0,n2,rest
1186344,0,n2,rest
1186346,0,n2,rest
1186348,0,n2,rest
1186350,0,n2,rest
1186352,0,n2,rest
1186354,0,n2,rest
1186356,0,n2,rest
1186358,0,n2,rest
1186360,0,n2,rest
1186362,0,n2,rest
1186364,0,n2,rest
1186366,0,n2,rest
1186368,0,n2,rest
1186370,0,n2,rest
1186372,0,n2,rest
1186374,0,n2,rest
1186376,0,n2,rest
1186378,0,n2,rest
1186380,0,n2,rest
1186382,0,n2,rest
1186384,0,n2,rest
1186386,0,n2,rest
1186388,0,n2,rest
1186390,0,n2,rest
1186392,0,n2,rest
1186394,0,n2,rest
1186396,0,n2,rest
1186398,0,n2,rest
1186400,0,n2,rest
1186402,0,n2,rest
1186404,0,n2,rest
1186406,0,n2,rest
1186408,0,n2,rest
1186410,0,n2,rest
1186412,0,n2,rest
1186414,0,n2,rest
1186416,0,n2,rest
1186418,0,n2,rest
1186420,0,n2,rest
1186422,0,n2,rest
1186424,0,n2,rest
1186426,0,n2,rest
1186428,0,n2,rest
1186430,0,n2,rest
1186432,0,n2,rest
1186434,0,n2,rest
1186436,0,n2,rest
1186438,0,n2,rest
1186440,0,n2,rest
1186442,0,n2,rest
1186444,0,n2,rest
1186446,0,n2,rest
1186448,0,n2,rest
1186450,0,n2,rest
1186452,0,n2,rest
1186454,0,n2,rest
1186456,0,n2,rest
1186458,0,n2,rest
1186460,0,n2,rest
1186462,0,n2,rest
1186464,0,n2,rest
1186466,0,n2,rest
1186468,0,n2,rest
1186470,0,n2,rest
1186472,0,n2,rest
1186474,0,n2,rest
1186476,0,n2,rest
1186478,0,n2,rest
1186480,0,n2,rest
1186482,0,n2,rest
1186484,0,n2,rest
1186486,0,n2,rest
1186488,0,n2,rest
1186490,0,n2,rest
1186492,0,n2,rest
1186494,0,n2,rest
1186496,0,n2,rest
1186498,0,n2,rest
1186500,0,n2,rest
1186502,0,n2,rest
1186504,0,n2,rest
1186506,0,n2,rest
1186508,0,n2,rest
1186510,0,n2,rest
1186512,0,n2,rest
1186514,0,n2,rest
1186516,0,n2,rest
1186518,0,n2,rest
1186520,0,n2,rest
1186522,0,n2,rest
1186524,0,n2,rest
1186526,0,n2,rest
1186528,0,n2,rest
1186530,0,n2,rest
1186532,0,n2,rest
1186534,0,n2,rest
1186536,0,n2,rest
1186538,0,n2,rest
1186540,0,n2,rest
1186542,0,n2,rest
1186544,0,n2,rest
1186546,0,n2,rest
1186548,0,n2,rest
1186550,0,n2,rest
1186552,0,n2,rest
1186554,0,n2,rest
1186556,0,n2,rest
1186558,0,n2,rest
1186560,0,n2,rest
1186562,0,n2,rest
1186564,0,n2,rest
1186566,0,n2,rest
1186568,0,n2,rest
1186570,0,n2,rest
1186572,0,n2,rest
1186574,0,n2,rest
1186576,0,n2,rest
1186578,0,n2,rest
1186580,0,n2,rest
1186582,0,n2,rest
1186584,0,n2,rest
1186586,0,n2,rest
1186588,0,n2,rest
1186590,0,n2,rest
1186592,0,n2,rest
1186594,0,n2,rest
1186596,0,n2,rest
1186598,0,n2,rest
1186600,0,n2,rest
1186602,0,n2,rest
1186604,0,n2,rest
1186606,0,n2,rest
1186608,0,n2,rest
1186610,0,n2,rest
1186612,0,n2,rest
1186614,0,n2,rest
1186616,0,n2,rest
1186618,0,n2,rest
1186620,0,n2,rest
1186622,0,n2,rest
1186624,0,n2,rest
1186626,0,n2,rest
1186628,0,n2,rest
1186630,0,n2,rest
1186632,0,n2,rest
1186634,0,n2,rest
1186636,0,n2,rest
1186638,0,n2,rest
1186640,0,n2,rest
1186642,0,n2,rest
1186644,0,n2,rest
1186646,0,n2,rest
1186648,0,n2,rest
1186650,0,n2,rest
1186652,0,n2,rest
1186654,0,n2,rest
1186656,0,n2,rest
1186658,0,n2,rest
1186660,0,n2,rest
1186662,0,n2,rest
1186664,0,n2,rest
1186666,0,n2,rest
1186668,0,n2,rest
1186670,0,n2,rest
1186672,0,n2,rest
1186674,0,n2,rest
1186676,0,n2,rest
1186678,0,n2,rest
1186680,0,n2,rest
1186682,0,n2,rest
1186684,0,n2,rest
1186686,0,n2,rest
1186688,0,n2,rest
1186690,0,n2,rest
1186692,0,n2,rest
1186694,0,n2,rest
1186696,0,n2,rest
1186698,0,n2,rest
1186700,0,n2,rest
1186702,0,n2,rest
1186704,0,n2,rest
1186706,0,n2,rest
1186708,0,n2,rest
1186710,0,n2,rest
1186712,0,n2,rest
1186714,0,n2,rest
1186716,0,n2,rest
1186718,0,n2,rest
1186720,0,n2,rest
1186722,0,n2,rest
1186724,0,n2,rest
1186726,0,n2,rest
1186728,0,n2,rest
1186730,0,n2,rest
1186732,0,n2,rest
1186734,0,n2,rest
1186736,0,n2,rest
1186738,0,n2,rest
1186740,0,n2,rest
1186742,0,n2,rest
1186744,0,n2,rest
1186746,0,n2,rest
1186748,0,n2,rest
1186750,0,n2,rest
1186752,0,n2,rest
1186754,0,n2,rest
1186756,0,n2,rest
1186758,0,n2,rest
1186760,0,n2,rest
1186762,0,n2,rest
1186764,0,n2,rest
1186766,0,n2,rest
1186768,0,n2,rest
1186770,0,n2,rest
1186772,0,n2,rest
1186774,0,n2,rest
1186776,0,n2,rest
1186778,0,n2,rest
1186780,0,n2,rest
1186782,0,n2,rest
1186784,0,n2,rest
1186786,0,n2,rest
1186788,0,n2,rest
1186790,0,n2,rest
1186792,0,n2,rest
1186794,0,n2,rest
1186796,0,n2,rest
1186798,0,n2,rest
1186800,0,n2,rest
1186802,0,n2,rest
1186804,0,n2,rest
1186806,0,n2,rest
1186808,0,n2,rest
1186810,0,n2,rest
1186812,0,n2,rest
1186814,0,n2,rest
1186816,0,n2,rest
1186818,0,n2,rest
1186820,0,n2,rest
1186822,0,n2,rest
1186824,0,n2,rest
1186826,0,n2,rest
1186828,0,n2,rest
1186830,0,n2,rest
1186832,0,n2,rest
1186834,0,n2,rest
1186836,0,n2,rest
1186838,0,n2,rest
1186840,0,n2,rest
1186842,0,n2,rest
1186844,0,n2,rest
1186846,0,n2,rest
1186848,0,n2,rest
1186850,0,n2,rest
1186852,0,n2,rest
1186854,0,n2,rest
1186856,0,n2,rest
1186858,0,n2,rest
1186860,0,n2,rest
1186862,0,n2,rest
1186864,0,n2,rest
1186866,0,n2,rest
1186868,0,n2,rest
1186870,0,n2,rest
1186872,0,n2,rest
1186874,0,n2,rest
1186876,0,n2,rest
1186878,0,n2,rest
1186880,0,n2,rest
1186882,0,n2,rest
1186884,0,n2,rest
1186886,0,n2,rest
1186888,0,n2,rest
1186890,0,n2,rest
1186892,0,n2,rest
1186894,0,n2,rest
1186896,0,n2,rest
1186898,0,n2,rest
1186900,0,n2,rest
1186902,0,n2,rest
1186904,0,n2,rest
1186906,0,n2,rest
1186908,0,n2,rest
1186910,0,n2,rest
1186912,0,n2,rest
1186914,0,n2,rest
1186916,0,n2,rest
1186918,0,n2,rest
1186920,0,n2,rest
1186922,0,n2,rest
1186924,0,n2,rest
1186926,0,n2,rest
1186928,0,n2,rest
1186930,0,n2,rest
1186932,0,n2,rest
1186934,0,n2,rest
1186936,0,n2,rest
1186938,0,n2,rest
1186940,0,n2,rest
1186942,0,n2,rest
1186944,0,n2,rest
1186946,0,n2,rest
1186948,0,n2,rest
1186950,0,n2,rest
1186952,0,n2,rest
1186954,0,n2,rest
1186956,0,n2,rest
1186958,0,n2,rest
1186960,0,n2,rest
1186962,0,n2,rest
1186964,0,n2,rest
1186966,0,n2,rest
1186968,0,n2,rest
1186970,0,n2,rest
1186972,0,n2,rest
1186974,0,n2,rest
1186976,0,n2,rest
1186978,0,n2,rest
1186980,0,n2,rest
1186982,0,n2,rest
1186984,0,n2,rest
1186986,0,n2,rest
1186988,0,n2,rest
1186990,0,n2,rest
1186992,0,n2,rest
1186994,0,n2,rest
1186996,0,n2,rest
1186998,0,n2,rest
1187000,0,n2,rest
1187002,0,n2,rest
1187004,0,n2,rest
1187006,0,n2,rest
1187008,0,n2,rest
1187010,0,n2,rest
1187012,0,n2,rest
1187014,0,n2,rest
1187016,0,n2,rest
1187018,0,n2,rest
1187020,0,n2,rest
1187022,0,n2,rest
1187024,0,n2,rest
1187026,0,n2,rest
1187028,0,n2,rest
1187030,0,n2,rest
1187032,0,n2,rest
1187034,0,n2,rest
1187036,0,n2,rest
1187038,0,n2,rest
1187040,0,n2,rest
1187042,0,n2,rest
1187044,0,n2,rest
1187046,0,n2,rest
1187048,0,n2,rest
1187050,0,n2,rest
1187052,0,n2,rest
1187054,0,n2,rest
1187056,0,n2,rest
1187058,0,n2,rest
1187060,0,n2,rest
1187062,0,n2,rest
1187064,0,n2,rest
1187066,0,n2,rest
1187068,0,n2,rest
1187070,0,n2,rest
1187072,0,n2,rest
1187074,0,n2,rest
1187076,0,n2,rest
1187078,0,n2,rest
1187080,0,n2,rest
1187082,0,n2,rest
1187084,0,n2,rest
1187086,0,n2,rest
1187088,0,n2,rest
1187090,0,n2,rest
1187092,0,n2,rest
1187094,0,n2,rest
1187096,0,n2,rest
1187098,0,n2,rest
1187100,0,n2,rest
1187102,0,n2,rest
1187104,0,n2,rest
1187106,0,n2,rest
1187108,0,n2,rest
1187110,0,n2,rest
1187112,0,n2,rest
1187114,0,n2,rest
1187116,0,n2,rest
1187118,0,n2,rest
1187120,0,n2,rest
1187122,0,n2,rest
1187124,0,n2,rest
1187126,0,n2,rest
1187128,0,n2,rest
1187130,0,n2,rest
1187132,0,n2,rest
1187134,0,n2,rest
1187136,0,n2,rest
1187138,0,n2,rest
1187140,0,n2,rest
1187142,0,n2,rest
1187144,0,n2,rest
1187146,0,n2,rest
1187148,0,n2,rest
1187150,0,n2,rest
1187152,0,n2,rest
1187154,0,n2,rest
1187156,0,n2,rest
1187158,0,n2,rest
1187160,0,n2,rest
1187162,0,n2,rest
1187164,0,n2,rest
1187166,0,n2,rest
1187168,0,n2,rest
1187170,0,n2,rest
1187172,0,n2,rest
1187174,0,n2,rest
1187176,0,n2,rest
1187178,0,n2,rest
1187180,0,n2,rest
1187182,0,n2,rest
1187184,0,n2,rest
1187186,0,n2,rest
1187188,0,n2,rest
1187190,0,n2,rest
1187192,0,n2,rest
1187194,0,n2,rest
1187196,0,n2,rest
1187198,0,n2,rest
1187200,0,n2,rest
1187202,0,n2,rest
1187204,0,n2,rest
1187206,0,n2,rest
1187208,0,n2,rest
1187210,0,n2,rest
1187212,0,n2,rest
1187214,0,n2,rest
1187216,0,n2,rest
1187218,0,n2,rest
1187220,0,n2,rest
1187222,0,n2,rest
1187224,0,n2,rest
1187226,0,n2,rest
1187228,0,n2,rest
1187230,0,n2,rest
1187232,0,n2,rest
1187234,0,n2,rest
1187236,0,n2,rest
1187238,0,n2,rest
1187240,0,n2,rest
1187242,0,n2,rest
1187244,0,n2,rest
1187246,0,n2,rest
1187248,0,n2,rest
1187250,0,n2,rest
1187252,0,n2,rest
1187254,0,n2,rest
1187256,0,n2,rest
1187258,0,n2,rest
1187260,0,n2,rest
1187262,0,n2,rest
1187264,0,n2,rest
1187266,0,n2,rest
1187268,0,n2,rest
1187270,0,n2,rest
1187272,0,n2,rest
1187274,0,n2,rest
1187276,0,n2,rest
1187278,0,n2,rest
1187280,0,n2,rest
1187282,0,n2,rest
1187284,0,n2,rest
1187286,0,n2,rest
1187288,0,n2,rest
1187290,0,n2,rest
1187292,0,n2,rest
1187294,0,n2,rest
1187296,0,n2,rest
1187298,0,n2,rest
1187300,0,n2,rest
1187302,0,n2,rest
1187304,0,n2,rest
1187306,0,n2,rest
1187308,0,n2,rest
1187310,0,n2,rest
1187312,0,n2,rest
1187314,0,n2,rest
1187316,0,n2,rest
1187318,0,n2,rest
1187320,0,n2,rest
1187322,0,n2,rest
1187324,0,n2,rest
1187326,0,n2,rest
1187328,0,n2,rest
1187330,0,n2,rest
1187332,0,n2,rest
1187334,0,n2,rest
1187336,0,n2,rest
1187338,0,n2,rest
1187340,0,n2,rest
1187342,0,n2,rest
1187344,0,n2,rest
1187346,0,n2,rest
1187348,0,n2,rest
1187350,0,n2,rest
1187352,0,n2,rest
1187354,0,n2,rest
1199292,0,n2,rest
1199294,0,n2,rest
1199296,0,n2,rest
1199298,0,n2,rest
1199300,0,n2,rest
1199302,0,n2,rest
1199304,0,n2,rest
1199306,0,n2,rest
1199308,0,n2,rest
1199310,0,n2,rest
1199312,0,n2,rest
1199314,0,n2,rest
1199316,0,n2,rest
1199318,0,n2,rest
1199320,0,n2,rest
1199322,0,n2,rest
1199324,0,n2,rest
1199326,0,n2,rest
1199328,0,n2,rest
1199330,0,n2,rest
1199332,0,n2,rest
1199334,0,n2,rest
1199336,0,n2,rest
1199338,0,n2,rest
1199340,0,n2,rest
1199342,0,n2,rest
1199344,0,n2,rest
1199346,0,n2,rest
1199348,0,n2,rest
1199350,0,n2,rest
1199352,0,n2,rest
1199354,0,n2,rest
1199356,0,n2,rest
1199358,0,n2,rest
1199360,0,n2,rest
1199362,0,n2,rest
1199364,0,n2,rest
1199366,0,n2,rest
1199368,0,n2,rest
1199370,0,n2,rest
1199372,0,n2,rest
1199374,0,n2,rest
1199376,0,n2,rest
1199378,0,n2,rest
1199380,0,n2,rest
1199382,0,n2,rest
1199384,0,n2,rest
1199386,0,n2,rest
1199388,0,n2,rest
1199390,0,n2,rest
1199392,0,n2,rest
1199394,0,n2,rest
1199396,0,n2,rest
1199398,0,n2,rest
1199400,0,n2,rest
1199402,0,n2,rest
1199404,0,n2,rest
1199406,0,n2,rest
1199408,0,n2,rest
1199410,0,n2,rest
1199412,0,n2,rest
1199414,0,n2,rest
1199416,0,n2,rest
1199418,0,n2,rest
1199420,0,n2,rest
1199422,0,n2,rest
1199424,0,n2,rest
1199426,0,n2,rest
1199428,0,n2,rest
1199430,0,n2,rest
1199432,0,n2,rest
1199434,0,n2,rest
1199436,0,n2,rest
1199438,0,n2,rest
1199440,0,n2,rest
1199442,0,n2,rest
1199444,0,n2,rest
1199446,0,n2,rest
1199448,0,n2,rest
1199450,0,n2,rest
1199452,0,n2,rest
1199454,0,n2,rest
1199456,0,n2,rest
1199458,0,n2,rest
1199460,0,n2,rest
1199462,0,n2,rest
1199464,0,n2,rest
1199466,0,n2,rest
1199468,0,n2,rest
1199470,0,n2,rest
1199472,0,n2,rest
1199474,0,n2,rest
1199476,0,n2,rest
1199478,0,n2,rest
1199480,0,n2,rest
1199482,0,n2,rest
1199484,0,n2,rest
1199486,0,n2,rest
1199488,0,n2,rest
1199490,0,n2,rest
1199492,0,n2,rest
1199494,0,n2,rest
1199496,0,n2,rest
1199498,0,n2,rest
1199500,0,n2,rest
1199502,0,n2,rest
1199504,0,n2,rest
1199506,0,n2,rest
1199508,0,n2,rest
1199510,0,n2,rest
1199512,0,n2,rest
1199514,0,n2,rest
1199516,0,n2,rest
1199518,0,n2,rest
1199520,0,n2,rest
1199522,0,n2,rest
1199524,0,n2,rest
1199526,0,n2,rest
1199528,0,n2,rest
1199530,0,n2,rest
1199532,0,n2,rest
1199534,0,n2,rest
1199536,0,n2,rest
1199538,0,n2,rest
1199540,0,n2,rest
1199542,0,n2,rest
1199544,0,n2,rest
1199546,0,n2,rest
1199548,0,n2,rest
1199550,0,n2,rest
1199552,0,n2,rest
1199554,0,n2,rest
1199556,0,n2,rest
1199558,0,n2,rest
1199560,0,n2,rest
1199562,0,n2,rest
1199564,0,n2,rest
1199566,0,n2,rest
1199568,0,n2,rest
1199570,0,n2,rest
1199572,0,n2,rest
1199574,0,n2,rest
1199576,0,n2,rest
1199578,0,n2,rest
1199580,0,n2,rest
1199582,0,n2,rest
1199584,0,n2,rest
1199586,0,n2,rest
1199588,0,n2,rest
1199590,0,n2,rest
1199592,0,n2,rest
1199594,0,n2,rest
1199596,0,n2,rest
1199598,0,n2,rest
1199600,0,n2,rest
1199602,0,n2,rest
1199604,0,n2,rest
1199606,0,n2,rest
1199608,0,n2,rest
1199610,0,n2,rest
1199612,0,n2,rest
1199614,0,n2,rest
1199616,0,n2,rest
1199618,0,n2,rest
1199620,0,n2,rest
1199622,0,n2,rest
1199624,0,n2,rest
1199626,0,n2,rest
1199628,0,n2,rest
1199630,0,n2,rest
1199632,0,n2,rest
1199634,0,n2,rest
1199636,0,n2,rest
1199638,0,n2,rest
1199640,0,n2,rest
1199642,0,n2,rest
1199644,0,n2,rest
1199646,0,n2,rest
1199648,0,n2,rest
1199650,0,n2,rest
1199652,0,n2,rest
1199654,0,n2,rest
1199656,0,n2,rest
1199658,0,n2,rest
1199660,0,n2,rest
1199662,0,n2,rest
1199664,0,n2,rest
1199666,0,n2,rest
1199668,0,n2,rest
1199670,0,n2,rest
1199672,0,n2,rest
1199674,0,n2,rest
1199676,0,n2,rest
1199678,0,n2,rest
1199680,0,n2,rest
1199682,0,n2,rest
1199684,0,n2,rest
1199686,0,n2,rest
1199688,0,n2,rest
1199690,0,n2,rest
1199692,0,n2,rest
1199694,0,n2,rest
1199696,0,n2,rest
1199698,0,n2,rest
1199700,0,n2,rest
1199702,0,n2,rest
1199704,0,n2,rest
1199706,0,n2,rest
1199708,0,n2,rest
1199710,0,n2,rest
1199712,0,n2,rest
1199714,0,n2,rest
1199716,0,n2,rest
1199718,0,n2,rest
1199720,0,n2,rest
1199722,0,n2,rest
1199724,0,n2,rest
1199726,0,n2,rest
1199728,0,n2,rest
1199730,0,n2,rest
1199732,0,n2,rest
1199734,0,n2,rest
1199736,0,n2,rest
1199738,0,n2,rest
1199740,0,n2,rest
1199742,0,n2,rest
1199744,0,n2,rest
1199746,0,n2,rest
1199748,0,n2,rest
1199750,0,n2,rest
1199752,0,n2,rest
1199754,0,n2,rest
1199756,0,n2,rest
1199758,0,n2,rest
1199760,0,n2,rest
1199762,0,n2,rest
1199764,0,n2,rest
1199766,0,n2,rest
1199768,0,n2,rest
1199770,0,n2,rest
1199772,0,n2,rest
1199774,0,n2,rest
1199776,0,n2,rest
1199778,0,n2,rest
1199780,0,n2,rest
1199782,0,n2,rest
1199784,0,n2,rest
1199786,0,n2,rest
1199788,0,n2,rest
1199790,0,n2,rest
1199792,0,n2,rest
1199794,0,n2,rest
1199796,0,n2,rest
1199798,0,n2,rest
1199800,0,n2,rest
1199802,0,n2,rest
1199804,0,n2,rest
1199806,0,n2,rest
1199808,0,n2,rest
1199810,0,n2,rest
1199812,0,n2,rest
1199814,0,n2,rest
1199816,0,n2,rest
1199818,0,n2,rest
1199820,0,n2,rest
1199822,0,n2,rest
1199824,0,n2,rest
1199826,0,n2,rest
1199828,0,n2,rest
1199830,0,n2,rest
1199832,0,n2,rest
1199834,0,n2,rest
1199836,0,n2,rest
1199838,0,n2,rest
1199840,0,n2,rest
1199842,0,n2,rest
1199844,0,n2,rest
1199846,0,n2,rest
1199848,0,n2,rest
1199850,0,n2,rest
1199852,0,n2,rest
1199854,0,n2,rest
1199856,0,n2,rest
1199858,0,n2,rest
1199860,0,n2,rest
1199862,0,n2,rest
1199864,0,n2,rest
1199866,0,n2,rest
1199868,0,n2,rest
1199870,0,n2,rest
1199872,0,n2,rest
1199874,0,n2,rest
1199876,0,n2,rest
1199878,0,n2,rest
1199880,0,n2,rest
1199882,0,n2,rest
1199884,0,n2,rest
1199886,0,n2,rest
1199888,0,n2,rest
1199890,0,n2,rest
1199892,0,n2,rest
1199894,0,n2,rest
1199896,0,n2,rest
1199898,0,n2,rest
1199900,0,n2,rest
1199902,0,n2,rest
1199904,0,n2,rest
1199906,0,n2,rest
1199908,0,n2,rest
1199910,0,n2,rest
1199912,0,n2,rest
1199914,0,n2,rest
1199916,0,n2,rest
1199918,0,n2,rest
1199920,0,n2,rest
1199922,0,n2,rest
1199924,0,n2,rest
1199926,0,n2,rest
1199928,0,n2,rest
1199930,0,n2,rest
1199932,0,n2,rest
1199934,0,n2,rest
1199936,0,n2,rest
1199938,0,n2,rest
1199940,0,n2,rest
1199942,0,n2,rest
1199944,0,n2,rest
1199946,0,n2,rest
1199948,0,n2,rest
1199950,0,n2,rest
1199952,0,n2,rest
1199954,0,n2,rest
1199956,0,n2,rest
1199958,0,n2,rest
1199960,0,n2,rest
1199962,0,n2,rest
1199964,0,n2,rest
1199966,0,n2,rest
1199968,0,n2,rest
1199970,0,n2,rest
1199972,0,n2,rest
1199974,0,n2,rest
1199976,0,n2,rest
1199978,0,n2,rest
1199980,0,n2,rest
1199982,0,n2,rest
1199984,0,n2,rest
1199986,0,n2,rest
1199988,0,n2,rest
1199990,0,n2,rest
1199992,0,n2,rest
1199994,0,n2,rest
1199996,0,n2,rest
1199998,0,n2,rest
1200000,0,n2,rest
1200002,0,n2,rest
1200004,0,n2,rest
1200006,0,n2,rest
1200008,0,n2,rest
1200010,0,n2,rest
1200012,0,n2,rest
1200014,0,n2,rest
1200016,0,n2,rest
1200018,0,n2,rest
1200020,0,n2,rest
1200022,0,n2,rest
1200024,0,n2,rest
1200026,0,n2,rest
1200028,0,n2,rest
1200030,0,n2,rest
1200032,0,n2,rest
1200034,0,n2,rest
1200036,0,n2,rest
1200038,0,n2,rest
1200040,0,n2,rest
1200042,0,n2,rest
1200044,0,n2,rest
1200046,0,n2,rest
1200048,0,n2,rest
1200050,0,n2,rest
1200052,0,n2,rest
1200054,0,n2,rest
1200056,0,n2,rest
1200058,0,n2,rest
1200060,0,n2,rest
1200062,0,n2,rest
1200064,0,n2,rest
1200066,0,n2,rest
1200068,0,n2,rest
1200070,0,n2,rest
1200072,0,n2,rest
1200074,0,n2,rest
1200076,0,n2,rest
1200078,0,n2,rest
1200080,0,n2,rest
1200082,0,n2,rest
1200084,0,n2,rest
1200086,0,n2,rest
1200088,0,n2,rest
1200090,0,n2,rest
1200092,0,n2,rest
1200094,0,n2,rest
1200096,0,n2,rest
1200098,0,n2,rest
1200100,0,n2,rest
1200102,0,n2,rest
1200104,0,n2,rest
1200106,0,n2,rest
1200108,0,n2,rest
1200110,0,n2,rest
1200112,0,n2,rest
1200114,0,n2,rest
1200116,0,n2,rest
1200118,0,n2,rest
1200120,0,n2,rest
1200122,0,n2,rest
1200124,0,n2,rest
1200126,0,n2,rest
1200128,0,n2,rest
1200130,0,n2,rest
1200132,0,n2,rest
1200134,0,n2,rest
1200136,0,n2,rest
1200138,0,n2,rest
1200140,0,n2,rest
1200142,0,n2,rest
1200144,0,n2,rest
1200146,0,n2,rest
1200148,0,n2,rest
1200150,0,n2,rest
1200152,0,n2,rest
1200154,0,n2,rest
1200156,0,n2,rest
1200158,0,n2,rest
1200160,0,n2,rest
1200162,0,n2,rest
1200164,0,n2,rest
1200166,0,n2,rest
1200168,0,n2,rest
1200170,0,n2,rest
1200172,0,n2,rest
1200174,0,n2,rest
1200176,0,n2,rest
1200178,0,n2,rest
1200180,0,n2,rest
1200182,0,n2,rest
1200184,0,n2,rest
1200186,0,n2,rest
1200188,0,n2,rest
1200190,0,n2,rest
1200192,0,n2,rest
1200194,0,n2,rest
1200196,0,n2,rest
1200198,0,n2,rest
1200200,0,n2,rest
1200202,0,n2,rest
1200204,0,n2,rest
1200206,0,n2,rest
1200208,0,n2,rest
1200210,0,n2,rest
1200212,0,n2,rest
1200214,0,n2,rest
1200216,0,n2,rest
1200218,0,n2,rest
1200220,0,n2,rest
1200222,0,n2,rest
1200224,0,n2,rest
1200226,0,n2,rest
1200228,0,n2,rest
1200230,0,n2,rest
1200232,0,n2,rest
1200234,0,n2,rest
1200236,0,n2,rest
1200238,0,n2,rest
1200240,0,n2,rest
1200242,0,n2,rest
1200244,0,n2,rest
1200246,0,n2,rest
1200248,0,n2,rest
1200250,0,n2,rest
1200252,0,n2,rest
1200254,0,n2,rest
1200256,0,n2,rest
1200258,0,n2,rest
1200260,0,n2,rest
1200262,0,n2,rest
1200264,0,n2,rest
1200266,0,n2,rest
1200268,0,n2,rest
1200270,0,n2,rest
1200272,0,n2,rest
1200274,0,n2,rest
1200276,0,n2,rest
1200278,0,n2,rest
1200280,0,n2,rest
1200282,0,n2,rest
1200284,0,n2,rest
1200286,0,n2,rest
1200288,0,n2,rest
1200290,0,n2,rest
1200292,0,n2,rest
1200294,0,n2,rest
1200296,0,n2,rest
1200298,0,n2,rest
1200300,0,n2,rest
1200302,0,n2,rest
1200304,0,n2,rest
1200306,0,n2,rest
1200308,0,n2,rest
1200310,0,n2,rest
1200312,0,n2,rest
1200314,0,n2,rest
1200316,0,n2,rest
1200318,0,n2,rest
1200320,0,n2,rest
1200322,0,n2,rest
1200324,0,n2,rest
1200326,0,n2,rest
1200328,0,n2,rest
1200330,0,n2,rest
1200332,0,n2,rest
1200334,0,n2,rest
1200336,0,n2,rest
1200338,0,n2,rest
1200340,0,n2,rest
1200342,0,n2,rest
1200344,0,n2,rest
1200346,0,n2,rest
1200348,0,n2,rest
1200350,0,n2,rest
1200352,0,n2,rest
1200354,0,n2,rest
1200356,0,n2,rest
1200358,0,n2,rest
1200360,0,n2,rest
1200362,0,n2,rest
1200364,0,n2,rest
1200366,0,n2,rest
1200368,0,n2,rest
1200370,0,n2,rest
1200372,0,n2,rest
1200374,0,n2,rest
1200376,0,n2,rest
1200378,0,n2,rest
1200380,0,n2,rest
1200382,0,n2,rest
1200384,0,n2,rest
1200386,0,n2,rest
1200388,0,n2,rest
1200390,0,n2,rest
1200392,0,n2,rest
1200394,0,n2,rest
1200396,0,n2,rest
1200398,0,n2,rest
1200400,0,n2,rest
1200402,0,n2,rest
1200404,0,n2,rest
1200406,0,n2,rest
1200408,0,n2,rest
1200410,0,n2,rest
1200412,0,n2,rest
1200414,0,n2,rest
1200416,0,n2,rest
1200418,0,n2,rest
1200420,0,n2,rest
1200422,0,n2,rest
1200424,0,n2,rest
1200426,0,n2,rest
1200428,0,n2,rest
1200430,0,n2,rest
1200432,0,n2,rest
1200434,0,n2,rest
1200436,0,n2,rest
1200438,0,n2,rest
1200440,0,n2,rest
1200442,0,n2,rest
1200444,0,n2,rest
1200446,0,n2,rest
1200448,0,n2,rest
1200450,0,n2,rest
1200452,0,n2,rest
1200454,0,n2,rest
1200456,0,n2,rest
1200458,0,n2,rest
1200460,0,n2,rest
1200462,0,n2,rest
1200464,0,n2,rest
1200466,0,n2,rest
1200468,0,n2,rest
1200470,0,n2,rest
1200472,0,n2,rest
1200474,0,n2,rest
1200476,0,n2,rest
1200478,0,n2,rest
1200480,0,n2,rest
1200482,0,n2,rest
1200484,0,n2,rest
1200486,0,n2,rest
1200488,0,n2,rest
1200490,0,n2,rest
1200492,0,n2,rest
1200494,0,n2,rest
1200496,0,n2,rest
1200498,0,n2,rest
1200500,0,n2,rest
1200502,0,n2,rest
1200504,0,n2,rest
1200506,0,n2,rest
1200508,0,n2,rest
1200510,0,n2,rest
1200512,0,n2,rest
1200514,0,n2,rest
1200516,0,n2,rest
1200518,0,n2,rest
1200520,0,n2,rest
1200522,0,n2,rest
1200524,0,n2,rest
1200526,0,n2,rest
1200528,0,n2,rest
1200530,0,n2,rest
1200532,0,n2,rest
1200534,0,n2,rest
1200536,0,n2,rest
1200538,0,n2,rest
1200540,0,n2,rest
1200542,0,n2,rest
1200544,0,n2,rest
1200546,0,n2,rest
1200548,0,n2,rest
1200550,0,n2,rest
1200552,0,n2,rest
1200554,0,n2,rest
1200556,0,n2,rest
1200558,0,n2,rest
1200560,0,n2,rest
1200562,0,n2,rest
1200564,0,n2,rest
1200566,0,n2,rest
1200568,0,n2,rest
1200570,0,n2,rest
1200572,0,n2,rest
1200574,0,n2,rest
1200576,0,n2,rest
1200578,0,n2,rest
1200580,0,n2,rest
1200582,0,n2,rest
1200584,0,n2,rest
1200586,0,n2,rest
1200588,0,n2,rest
1200590,0,n2,rest
1200592,0,n2,rest
1200594,0,n2,rest
1200596,0,n2,rest
1200598,0,n2,rest
1200600,0,n2,rest
1200602,0,n2,rest
1200604,0,n2,rest
1200606,0,n2,rest
1200608,0,n2,rest
1200610,0,n2,rest
1200612,0,n2,rest
1200614,0,n2,rest
1200616,0,n2,rest
1200618,0,n2,rest
1200620,0,n2,rest
1200622,0,n2,rest
1200624,0,n2,rest
1200626,0,n2,rest
1200628,0,n2,rest
1200630,0,n2,rest
1200632,0,n2,rest
1200634,0,n2,rest
1200636,0,n2,rest
1200638,0,n2,rest
1200640,0,n2,rest
1200642,0,n2,rest
1200644,0,n2,rest
1200646,0,n2,rest
1200648,0,n2,rest
1200650,0,n2,rest
1200652,0,n2,rest
1200654,0,n2,rest
1200656,0,n2,rest
1200658,0,n2,rest
1200660,0,n2,rest
1200662,0,n2,rest
1200664,0,n2,rest
1200666,0,n2,rest
1200668,0,n2,rest
1200670,0,n2,rest
1200672,0,n2,rest
1200674,0,n2,rest
1200676,0,n2,rest
1200678,0,n2,rest
1200680,0,n2,rest
1200682,0,n2,rest
1200684,0,n2,rest
1200686,0,n2,rest
1200688,0,n2,rest
1200690,0,n2,rest
1200692,0,n2,rest
1200694,0,n2,rest
1200696,0,n2,rest
1200698,0,n2,rest
1200700,0,n2,rest
1200702,0,n2,rest
1200704,0,n2,rest
1200706,0,n2,rest
1200708,0,n2,rest
1200710,0,n2,rest
1200712,0,n2,rest
1200714,0,n2,rest
1200716,0,n2,rest
1200718,0,n2,rest
1200720,0,n2,rest
1200722,0,n2,rest
1200724,0,n2,rest
1200726,0,n2,rest
1200728,0,n2,rest
1200730,0,n2,rest
1200732,0,n2,rest
1200734,0,n2,rest
1200736,0,n2,rest
1200738,0,n2,rest
1200740,0,n2,rest
1200742,0,n2,rest
1200744,0,n2,rest
1200746,0,n2,rest
1200748,0,n2,rest
1200750,0,n2,rest
1200752,0,n2,rest
1200754,0,n2,rest
1200756,0,n2,rest
1200758,0,n2,rest
1200760,0,n2,rest
1200762,0,n2,rest
1200764,0,n2,rest
1200766,0,n2,rest
1200768,0,n2,rest
1200770,0,n2,rest
1200772,0,n2,rest
1200774,0,n2,rest
1200776,0,n2,rest
1200778,0,n2,rest
1200780,0,n2,rest
1200782,0,n2,rest
1200784,0,n2,rest
1200786,0,n2,rest
1200788,0,n2,rest
1200790,0,n2,rest
1200792,0,n2,rest
1200794,0,n2,rest
1200796,0,n2,rest
1200798,0,n2,rest
1200800,0,n2,rest
1200802,0,n2,rest
1200804,0,n2,rest
1200806,0,n2,rest
1200808,0,n2,rest
1200810,0,n2,rest
1200812,0,n2,rest
1200814,0,n2,rest
1200816,0,n2,rest
1200818,0,n2,rest
1200820,0,n2,rest
1200822,0,n2,rest
1200824,0,n2,rest
1200826,0,n2,rest
1200828,0,n2,rest
1200830,0,n2,rest
1200832,0,n2,rest
1200834,0,n2,rest
1200836,0,n2,rest
1200838,0,n2,rest
1200840,0,n2,rest
1200842,0,n2,rest
1200844,0,n2,rest
1200846,0,n2,rest
1200848,0,n2,rest
1200850,0,n2,rest
1200852,0,n2,rest
1200854,0,n2,rest
1200856,0,n2,rest
1200858,0,n2,rest
1200860,0,n2,rest
1200862,0,n2,rest
1200864,0,n2,rest
1200866,0,n2,rest
1200868,0,n2,rest
1200870,0,n2,rest
1200872,0,n2,rest
1200874,0,n2,rest
1200876,0,n2,rest
1200878,0,n2,rest
1200880,0,n2,rest
1200882,0,n2,rest
1200884,0,n2,rest
1200886,0,n2,rest
1200888,0,n2,rest
1200890,0,n2,rest
1200892,0,n2,rest
1200894,0,n2,rest
1200896,0,n2,rest
1200898,0,n2,rest
1200900,0,n2,rest
1200902,0,n2,rest
1200904,0,n2,rest
1200906,0,n2,rest
1200908,0,n2,rest
1200910,0,n2,rest
1200912,0,n2,rest
1200914,0,n2,rest
1200916,0,n2,rest
1200918,0,n2,rest
1200920,0,n2,rest
1200922,0,n2,rest
1200924,0,n2,rest
1200926,0,n2,rest
1200928,0,n2,rest
1200930,0,n2,rest
1200932,0,n2,rest
1200934,0,n2,rest
1200936,0,n2,rest
1200938,0,n2,rest
1200940,0,n2,rest
1200942,0,n2,rest
1200944,0,n2,rest
1200946,0,n2,rest
1200948,0,n2,rest
1200950,0,n2,rest
1200952,0,n2,rest
1200954,0,n2,rest
1200956,0,n2,rest
1200958,0,n2,rest
1200960,0,n2,rest
1200962,0,n2,rest
1200964,0,n2,rest
1200966,0,n2,rest
1200968,0,n2,rest
1200970,0,n2,rest
1200972,0,n2,rest
1200974,0,n2,rest
1200976,0,n2,rest
1200978,0,n2,rest
1200980,0,n2,rest
1200982,0,n2,rest
1200984,0,n2,rest
1200986,0,n2,rest
1200988,0,n2,rest
1200990,0,n2,rest
1200992,0,n2,rest
1200994,0,n2,rest
1200996,0,n2,rest
1200998,0,n2,rest
1201000,0,n2,rest
1201002,0,n2,rest
1201004,0,n2,rest
1201006,0,n2,rest
1201008,0,n2,rest
1201010,0,n2,rest
1201012,0,n2,rest
1201014,0,n2,rest
1201016,0,n2,rest
1201018,0,n2,rest
1201020,0,n2,rest
1201022,0,n2,rest
1201024,0,n2,rest
1201026,0,n2,rest
1201028,0,n2,rest
1201030,0,n2,rest
1201032,0,n2,rest
1201034,0,n2,rest
1201036,0,n2,rest
1201038,0,n2,rest
1201040,0,n2,rest
1201042,0,n2,rest
1201044,0,n2,rest
1201046,0,n2,rest
1201048,0,n2,rest
1201050,0,n2,rest
1201052,0,n2,rest
1201054,0,n2,rest
1201056,0,n2,rest
1201058,0,n2,rest
1201060,0,n2,rest
1201062,0,n2,rest
1201064,0,n2,rest
1201066,0,n2,rest
1201068,0,n2,rest
1201070,0,n2,rest
1201072,0,n2,rest
1201074,0,n2,rest
1201076,0,n2,rest
1201078,0,n2,rest
1201080,0,n2,rest
1201082,0,n2,rest
1201084,0,n2,rest
1201086,0,n2,rest
1201088,0,n2,rest
1201090,0,n2,rest
1201092,0,n2,rest
1201094,0,n2,rest
1201096,0,n2,rest
1201098,0,n2,rest
1201100,0,n2,rest
1201102,0,n2,rest
1201104,0,n2,rest
1201106,0,n2,rest
1201108,0,n2,rest
1201110,0,n2,rest
1201112,0,n2,rest
1201114,0,n2,rest
1201116,0,n2,rest
1201118,0,n2,rest
1201120,0,n2,rest
1201122,0,n2,rest
1201124,0,n2,rest
1201126,0,n2,rest
1201128,0,n2,rest
1201130,0,n2,rest
1201132,0,n2,rest
1201134,0,n2,rest
1201136,0,n2,rest
1201138,0,n2,rest
1201140,0,n2,rest
1201142,0,n2,rest
1201144,0,n2,rest
1201146,0,n2,rest
1201148,0,n2,rest
1201150,0,n2,rest
1201152,0,n2,rest
1201154,0,n2,rest
1201156,0,n2,rest
1201158,0,n2,rest
1201160,0,n2,rest
1201162,0,n2,rest
1201164,0,n2,rest
1201166,0,n2,rest
1201168,0,n2,rest
1201170,0,n2,rest
1201172,0,n2,rest
1201174,0,n2,rest
1201176,0,n2,rest
1201178,0,n2,rest
1201180,0,n2,rest
1201182,0,n2,rest
1201184,0,n2,rest
1201186,0,n2,rest
1201188,0,n2,rest
1201190,0,n2,rest
1201192,0,n2,rest
1201194,0,n2,rest
1201196,0,n2,rest
1201198,0,n2,rest
1201200,0,n2,rest
1201202,0,n2,rest
1201204,0,n2,rest
1201206,0,n2,rest
1201208,0,n2,rest
1201210,0,n2,rest
1201212,0,n2,rest
1201214,0,n2,rest
1201216,0,n2,rest
1201218,0,n2,rest
1201220,0,n2,rest
1201222,0,n2,rest
1201224,0,n2,rest
1201226,0,n2,rest
1201228,0,n2,rest
1201230,0,n2,rest
1201232,0,n2,rest
1201234,0,n2,rest
1201236,0,n2,rest
1201238,0,n2,rest
1201240,0,n2,rest
1201242,0,n2,rest
1201244,0,n2,rest
1201246,0,n2,rest
1201248,0,n2,rest
1201250,0,n2,rest
1201252,0,n2,rest
1201254,0,n2,rest
1201256,0,n2,rest
1201258,0,n2,rest
1201260,0,n2,rest
1201262,0,n2,rest
1201264,0,n2,rest
1201266,0,n2,rest
1201268,0,n2,rest
1201270,0,n2,rest
1201272,0,n2,rest
1201274,0,n2,rest
1201276,0,n2,rest
1201278,0,n2,rest
1201280,0,n2,rest
1201282,0,n2,rest
1201284,0,n2,rest
1201286,0,n2,rest
1201288,0,n2,rest
1201290,0,n2,rest
1201292,0,n2,rest
1201294,0,n2,rest
1201296,0,n2,rest
1201298,0,n2,rest
1201300,0,n2,rest
1201302,0,n2,rest
1201304,0,n2,rest
1201306,0,n2,rest
1201308,0,n2,rest
1201310,0,n2,rest
1201312,0,n2,rest
1201314,0,n2,rest
1201316,0,n2,rest
1201318,0,n2,rest
1201320,0,n2,rest
1201322,0,n2,rest
1201324,0,n2,rest
1201326,0,n2,rest
1201328,0,n2,rest
1201330,0,n2,rest
1201332,0,n2,rest
1201334,0,n2,rest
1201336,0,n2,rest
1201338,0,n2,rest
1201340,0,n2,rest
1201342,0,n2,rest
1201344,0,n2,rest
1201346,0,n2,rest
1201348,0,n2,rest
1201350,0,n2,rest
1201352,0,n2,rest
1201354,0,n2,rest
1201356,0,n2,rest
1201358,0,n2,rest
1201360,0,n2,rest
1201362,0,n2,rest
1201364,0,n2,rest
1201366,0,n2,rest
1201368,0,n2,rest
1201370,0,n2,rest
1201372,0,n2,rest
1201374,0,n2,rest
1201376,0,n2,rest
1201378,0,n2,rest
1201380,0,n2,rest
1201382,0,n2,rest
1201384,0,n2,rest
1201386,0,n2,rest
1201388,0,n2,rest
1201390,0,n2,rest
1201392,0,n2,rest
1201394,0,n2,rest
1201396,0,n2,rest
1201398,0,n2,rest
1201400,0,n2,rest
1201402,0,n2,rest
1201404,0,n2,rest
1201406,0,n2,rest
1201408,0,n2,rest
1201410,0,n2,rest
1201412,0,n2,rest
1201414,0,n2,rest
1201416,0,n2,rest
1201418,0,n2,rest
1201420,0,n2,rest
1201422,0,n2,rest
1201424,0,n2,rest
1201426,0,n2,rest
1201428,0,n2,rest
1201430,0,n2,rest
1201432,0,n2,rest
1201434,0,n2,rest
1201436,0,n2,rest
1201438,0,n2,rest
1201440,0,n2,rest
1201442,0,n2,rest
1201444,0,n2,rest
1201446,0,n2,rest
1201448,0,n2,rest
1201450,0,n2,rest
1201452,0,n2,rest
1201454,0,n2,rest
1201456,0,n2,rest
1201458,0,n2,rest
1201460,0,n2,rest
1201462,0,n2,rest
1201464,0,n2,rest
1201466,0,n2,rest
1201468,0,n2,rest
1201470,0,n2,rest
1201472,0,n2,rest
1201474,0,n2,rest
1201476,0,n2,rest
1201478,0,n2,rest
1201480,0,n2,rest
1201482,0,n2,rest
1201484,0,n2,rest
1201486,0,n2,rest
1201488,0,n2,rest
1201490,0,n2,rest
1201492,0,n2,rest
1201494,0,n2,rest
1201496,0,n2,rest
1201498,0,n2,rest
1201500,0,n2,rest
1201502,0,n2,rest
1201504,0,n2,rest
1201506,0,n2,rest
1201508,0,n2,rest
1201510,0,n2,rest
1201512,0,n2,rest
1201514,0,n2,rest
1201516,0,n2,rest
1201518,0,n2,rest
1201520,0,n2,rest
1201522,0,n2,rest
1201524,0,n2,rest
1201526,0,n2,rest
1201528,0,n2,rest
1201530,0,n2,rest
1201532,0,n2,rest
1201534,0,n2,rest
1201536,0,n2,rest
1201538,0,n2,rest
1201540,0,n2,rest
1201542,0,n2,rest
1201544,0,n2,rest
1201546,0,n2,rest
1201548,0,n2,rest
1201550,0,n2,rest
1201552,0,n2,rest
1201554,0,n2,rest
1201556,0,n2,rest
1201558,0,n2,rest
1201560,0,n2,rest
1201562,0,n2,rest
1201564,0,n2,rest
1201566,0,n2,rest
1201568,0,n2,rest
1201570,0,n2,rest
1201572,0,n2,rest
1201574,0,n2,rest
1201576,0,n2,rest
1201578,0,n2,rest
1201580,0,n2,rest
1201582,0,n2,rest
1201584,0,n2,rest
1201586,0,n2,rest
1201588,0,n2,rest
1201590,0,n2,rest
1201592,0,n2,rest
1201594,0,n2,rest
1201596,0,n2,rest
1201598,0,n2,rest
1201600,0,n2,rest
1201602,0,n2,rest
1201604,0,n2,rest
1201606,0,n2,rest
1201608,0,n2,rest
1201610,0,n2,rest
1201612,0,n2,rest
1201614,0,n2,rest
1201616,0,n2,rest
1201618,0,n2,rest
1201620,0,n2,rest
1201622,0,n2,rest
1201624,0,n2,rest
1201626,0,n2,rest
1201628,0,n2,rest
1201630,0,n2,rest
1201632,0,n2,rest
1201634,0,n2,rest
1201636,0,n2,rest
1201638,0,n2,rest
1201640,0,n2,rest
1201642,0,n2,rest
1201644,0,n2,rest
1201646,0,n2,rest
1201648,0,n2,rest
1201650,0,n2,rest
1201652,0,n2,rest
1201654,0,n2,rest
1201656,0,n2,rest
1201658,0,n2,rest
1201660,0,n2,rest
1201662,0,n2,rest
1201664,0,n2,rest
1201666,0,n2,rest
1201668,0,n2,rest
1201670,0,n2,rest
1201672,0,n2,rest
1201674,0,n2,rest
1201676,0,n2,rest
1201678,0,n2,rest
1201680,0,n2,rest
1201682,0,n2,rest
1201684,0,n2,rest
1201686,0,n2,rest
1201688,0,n2,rest
1201690,0,n2,rest
1201692,0,n2,rest
1201694,0,n2,rest
1201696,0,n2,rest
1201698,0,n2,rest
1201700,0,n2,rest
1201702,0,n2,rest
1201704,0,n2,rest
1201706,0,n2,rest
1201708,0,n2,rest
1201710,0,n2,rest
1201712,0,n2,rest
1201714,0,n2,rest
1201716,0,n2,rest
1201718,0,n2,rest
1201720,0,n2,rest
1201722,0,n2,rest
1201724,0,n2,rest
1201726,0,n2,rest
1201728,0,n2,rest
1201730,0,n2,rest
1201732,0,n2,rest
1201734,0,n2,rest
1201736,0,n2,rest
1201738,0,n2,rest
1201740,0,n2,rest
1201742,0,n2,rest
1201744,0,n2,rest
1201746,0,n2,rest
1201748,0,n2,rest
1201750,0,n2,rest
1201752,0,n2,rest
1201754,0,n2,rest
1201756,0,n2,rest
1201758,0,n2,rest
1201760,0,n2,rest
1201762,0,n2,rest
1201764,0,n2,rest
1201766,0,n2,rest
1201768,0,n2,rest
1201770,0,n2,rest
1201772,0,n2,rest
1201774,0,n2,rest
1201776,0,n2,rest
1201778,0,n2,rest
1201780,0,n2,rest
1201782,0,n2,rest
1201784,0,n2,rest
1201786,0,n2,rest
1201788,0,n2,rest
1201790,0,n2,rest
1201792,0,n2,rest
1201794,0,n2,rest
1201796,0,n2,rest
1201798,0,n2,rest
1201800,0,n2,rest
1201802,0,n2,rest
1201804,0,n2,rest
1201806,0,n2,rest
1201808,0,n2,rest
1201810,0,n2,rest
1201812,0,n2,rest
1201814,0,n2,rest
1201816,0,n2,rest
1201818,0,n2,rest
1201820,0,n2,rest
1201822,0,n2,rest
1201824,0,n2,rest
1201826,0,n2,rest
1201828,0,n2,rest
1201830,0,n2,rest
1201832,0,n2,rest
1201834,0,n2,rest
1201836,0,n2,rest
1201838,0,n2,rest
1201840,0,n2,rest
1201842,0,n2,rest
1201844,0,n2,rest
1201846,0,n2,rest
1201848,0,n2,rest
1201850,0,n2,rest
1201852,0,n2,rest
1201854,0,n2,rest
1201856,0,n2,rest
1201858,0,n2,rest
1201860,0,n2,rest
1201862,0,n2,rest
1201864,0,n2,rest
1201866,0,n2,rest
1201868,0,n2,rest
1201870,0,n2,rest
1201872,0,n2,rest
1201874,0,n2,rest
1201876,0,n2,rest
1201878,0,n2,rest
1201880,0,n2,rest
1201882,0,n2,rest
1201884,0,n2,rest
1201886,0,n2,rest
1201888,0,n2,rest
1201890,0,n2,rest
1201892,0,n2,rest
1201894,0,n2,rest
1201896,0,n2,rest
1201898,0,n2,rest
1201900,0,n2,rest
1201902,0,n2,rest
1201904,0,n2,rest
1201906,0,n2,rest
1201908,0,n2,rest
1201910,0,n2,rest
1201912,0,n2,rest
1201914,0,n2,rest
1201916,0,n2,rest
1201918,0,n2,rest
1201920,0,n2,rest
1201922,0,n2,rest
1201924,0,n2,rest
1201926,0,n2,rest
1201928,0,n2,rest
1201930,0,n2,rest
1201932,0,n2,rest
1201934,0,n2,rest
1201936,0,n2,rest
1201938,0,n2,rest
1201940,0,n2,rest
1201942,0,n2,rest
1201944,0,n2,rest
1201946,0,n2,rest
1201948,0,n2,rest
1201950,0,n2,rest
1201952,0,n2,rest
1201954,0,n2,rest
1201956,0,n2,rest
1201958,0,n2,rest
1201960,0,n2,rest
1201962,0,n2,rest
1201964,0,n2,rest
1201966,0,n2,rest
1201968,0,n2,rest
1201970,0,n2,rest
1201972,0,n2,rest
1201974,0,n2,rest
1201976,0,n2,rest
1201978,0,n2,rest
1201980,0,n2,rest
1201982,0,n2,rest
1201984,0,n2,rest
1201986,0,n2,rest
1201988,0,n2,rest
1201990,0,n2,rest
1201992,0,n2,rest
1201994,0,n2,rest
1201996,0,n2,rest
1201998,0,n2,rest
1202000,0,n2,rest
1202002,0,n2,rest
1202004,0,n2,rest
1202006,0,n2,rest
1202008,0,n2,rest
1202010,0,n2,rest
1202012,0,n2,rest
1202014,0,n2,rest
1202016,0,n2,rest
1202018,0,n2,rest
1202020,0,n2,rest
1202022,0,n2,rest
1202024,0,n2,rest
1202026,0,n2,rest
1202028,0,n2,rest
1202030,0,n2,rest
1202032,0,n2,rest
1202034,0,n2,rest
1202036,0,n2,rest
1202038,0,n2,rest
1202040,0,n2,rest
1202042,0,n2,rest
1202044,0,n2,rest
1202046,0,n2,rest
1202048,0,n2,rest
1202050,0,n2,rest
1202052,0,n2,rest
1202054,0,n2,rest
1202056,0,n2,rest
1202058,0,n2,rest
1202060,0,n2,rest
1202062,0,n2,rest
1202064,0,n2,rest
1202066,0,n2,rest
1202068,0,n2,rest
1202070,0,n2,rest
1202072,0,n2,rest
1202074,0,n2,rest
1202076,0,n2,rest
1202078,0,n2,rest
1202080,0,n2,rest
1202082,0,n2,rest
1202084,0,n2,rest
1202086,0,n2,rest
1202088,0,n2,rest
1202090,0,n2,rest
1202092,0,n2,rest
1202094,0,n2,rest
1202096,0,n2,rest
1202098,0,n2,rest
1202100,0,n2,rest
1202102,0,n2,rest
1202104,0,n2,rest
1202106,0,n2,rest
1202108,0,n2,rest
1202110,0,n2,rest
1202112,0,n2,rest
1202114,0,n2,rest
1202116,0,n2,rest
1202118,0,n2,rest
1202120,0,n2,rest
1202122,0,n2,rest
1202124,0,n2,rest
1202126,0,n2,rest
1202128,0,n2,rest
1202130,0,n2,rest
1202132,0,n2,rest
1202134,0,n2,rest
1202136,0,n2,rest
1202138,0,n2,rest
1202140,0,n2,rest
1202142,0,n2,rest
1202144,0,n2,rest
1202146,0,n2,rest
1202148,0,n2,rest
1202150,0,n2,rest
1202152,0,n2,rest
1202154,0,n2,rest
1202156,0,n2,rest
1202158,0,n2,rest
1202160,0,n2,rest
1202162,0,n2,rest
1202164,0,n2,rest
1202166,0,n2,rest
1202168,0,n2,rest
1202170,0,n2,rest
1202172,0,n2,rest
1202174,0,n2,rest
1202176,0,n2,rest
1202178,0,n2,rest
1202180,0,n2,rest
1202182,0,n2,rest
1202184,0,n2,rest
1202186,0,n2,rest
1202188,0,n2,rest
1202190,0,n2,rest
1202192,0,n2,rest
1202194,0,n2,rest
1202196,0,n2,rest
1202198,0,n2,rest
1202200,0,n2,rest
1202202,0,n2,rest
1202204,0,n2,rest
1202206,0,n2,rest
1202208,0,n2,rest
1202210,0,n2,rest
1202212,0,n2,rest
1202214,0,n2,rest
1202216,0,n2,rest
1202218,0,n2,rest
1202220,0,n2,rest
1202222,0,n2,rest
1202224,0,n2,rest
1202226,0,n2,rest
1202228,0,n2,rest
1202230,0,n2,rest
1202232,0,n2,rest
1202234,0,n2,rest
1202236,0,n2,rest
1202238,0,n2,rest
1202240,0,n2,rest
1202242,0,n2,rest
1202244,0,n2,rest
1202246,0,n2,rest
1202248,0,n2,rest
1202250,0,n2,rest
1202252,0,n2,rest
1202254,0,n2,rest
1202256,0,n2,rest
1202258,0,n2,rest
1202260,0,n2,rest
1202262,0,n2,rest
1202264,0,n2,rest
1202266,0,n2,rest
1202268,0,n2,rest
1202270,0,n2,rest
1202272,0,n2,rest
1202274,0,n2,rest
1202276,0,n2,rest
1202278,0,n2,rest
1202280,0,n2,rest
1202282,0,n2,rest
1202284,0,n2,rest
1202286,0,n2,rest
1202288,0,n2,rest
1202290,0,n2,rest
1202292,0,n2,rest
1202294,0,n2,rest
1202296,0,n2,rest
1202298,0,n2,rest
1202300,0,n2,rest
1202302,0,n2,rest
1202304,0,n2,rest
1202306,0,n2,rest
1202308,0,n2,rest
1202310,0,n2,rest
1202312,0,n2,rest
1202314,0,n2,rest
1202316,0,n2,rest
1202318,0,n2,rest
1202320,0,n2,rest
1202322,0,n2,rest
1202324,0,n2,rest
1202326,0,n2,rest
1202328,0,n2,rest
1202330,0,n2,rest
1202332,0,n2,rest
1202334,0,n2,rest
1202336,0,n2,rest
1202338,0,n2,rest
1202340,0,n2,rest
1202342,0,n2,rest
1202344,0,n2,rest
1202346,0,n2,rest
1202348,0,n2,rest
1202350,0,n2,rest
1202352,0,n2,rest
1202354,0,n2,rest
1202356,0,n2,rest
1202358,0,n2,rest
1202360,0,n2,rest
1202362,0,n2,rest
1202364,0,n2,rest
1202366,0,n2,rest
1202368,0,n2,rest
1202370,0,n2,rest
1202372,0,n2,rest
1202374,0,n2,rest
1202376,0,n2,rest
1202378,0,n2,rest
1202380,0,n2,rest
1202382,0,n2,rest
1202384,0,n2,rest
1202386,0,n2,rest
1202388,0,n2,rest
1202390,0,n2,rest
1202392,0,n2,rest
1202394,0,n2,rest
1202396,0,n2,rest
1202398,0,n2,rest
1202400,0,n2,rest
1202402,0,n2,rest
1202404,0,n2,rest
1202406,0,n2,rest
1202408,0,n2,rest
1202410,0,n2,rest
1202412,0,n2,rest
1202414,0,n2,rest
1202416,0,n2,rest
1202418,0,n2,rest
1202420,0,n2,rest
1202422,0,n2,rest
1202424,0,n2,rest
1202426,0,n2,rest
1202428,0,n2,rest
1202430,0,n2,rest
1202432,0,n2,rest
1202434,0,n2,rest
1202436,0,n2,rest
1202438,0,n2,rest
1202440,0,n2,rest
1202442,0,n2,rest
1202444,0,n2,rest
1202446,0,n2,rest
1202448,0,n2,rest
1202450,0,n2,rest
1202452,0,n2,rest
1202454,0,n2,rest
1202456,0,n2,rest
1202458,0,n2,rest
1202460,0,n2,rest
1202462,0,n2,rest
1202464,0,n2,rest
1202466,0,n2,rest
1202468,0,n2,rest
1202470,0,n2,rest
1202472,0,n2,rest
1202474,0,n2,rest
1202476,0,n2,rest
1202478,0,n2,rest
1202480,0,n2,rest
1202482,0,n2,rest
1202484,0,n2,rest
1202486,0,n2,rest
1202488,0,n2,rest
1202490,0,n2,rest
1202492,0,n2,rest
1202494,0,n2,rest
1202496,0,n2,rest
1202498,0,n2,rest
1202500,0,n2,rest
1202502,0,n2,rest
1202504,0,n2,rest
1202506,0,n2,rest
1202508,0,n2,rest
1202510,0,n2,rest
1202512,0,n2,rest
1202514,0,n2,rest
1202516,0,n2,rest
1202518,0,n2,rest
1202520,0,n2,rest
1202522,0,n2,rest
1202524,0,n2,rest
1202526,0,n2,rest
1202528,0,n2,rest
1202530,0,n2,rest
1202532,0,n2,rest
1202534,0,n2,rest
1202536,0,n2,rest
1202538,0,n2,rest
1202540,0,n2,rest
1202542,0,n2,rest
1202544,0,n2,rest
1202546,0,n2,rest
1202548,0,n2,rest
1202550,0,n2,rest
1202552,0,n2,rest
1202554,0,n2,rest
1202556,0,n2,rest
1202558,0,n2,rest
1202560,0,n2,rest
1202562,0,n2,rest
1202564,0,n2,rest
1202566,0,n2,rest
1202568,0,n2,rest
1202570,0,n2,rest
1202572,0,n2,rest
1202574,0,n2,rest
1202576,0,n2,rest
1202578,0,n2,rest
1202580,0,n2,rest
1202582,0,n2,rest
1202584,0,n2,rest
1202586,0,n2,rest
1202588,0,n2,rest
1202590,0,n2,rest
1202592,0,n2,rest
1202594,0,n2,rest
1202596,0,n2,rest
1202598,0,n2,rest
1202600,0,n2,rest
1202602,0,n2,rest
1202604,0,n2,rest
1202606,0,n2,rest
1202608,0,n2,rest
1202610,0,n2,rest
1202612,0,n2,rest
1202614,0,n2,rest
1202616,0,n2,rest
1202618,0,n2,rest
1202620,0,n2,rest
1202622,0,n2,rest
1202624,0,n2,rest
1202626,0,n2,rest
1202628,0,n2,rest
1202630,0,n2,rest
1202632,0,n2,rest
1202634,0,n2,rest
1202636,0,n2,rest
1202638,0,n2,rest
1202640,0,n2,rest
1202642,0,n2,rest
1202644,0,n2,rest
1202646,0,n2,rest
1202648,0,n2,rest
1202650,0,n2,rest
1202652,0,n2,rest
1202654,0,n2,rest
1202656,0,n2,rest
1202658,0,n2,rest
1202660,0,n2,rest
1202662,0,n2,rest
1202664,0,n2,rest
1202666,0,n2,rest
1202668,0,n2,rest
1202670,0,n2,rest
1202672,0,n2,rest
1202674,0,n2,rest
1202676,0,n2,rest
1202678,0,n2,rest
1202680,0,n2,rest
1202682,0,n2,rest
1202684,0,n2,rest
1202686,0,n2,rest
1202688,0,n2,rest
1202690,0,n2,rest
1202692,0,n2,rest
1202694,0,n2,rest
1202696,0,n2,rest
1202698,0,n2,rest
1202700,0,n2,rest
1202702,0,n2,rest
1202704,0,n2,rest
1202706,0,n2,rest
1202708,0,n2,rest
1202710,0,n2,rest
1202712,0,n2,rest
1202714,0,n2,rest
1202716,0,n2,rest
1202718,0,n2,rest
1202720,0,n2,rest
1202722,0,n2,rest
1202724,0,n2,rest
1202726,0,n2,rest
1202728,0,n2,rest
1202730,0,n2,rest
1202732,0,n2,rest
1202734,0,n2,rest
1202736,0,n2,rest
1202738,0,n2,rest
1202740,0,n2,rest
1202742,0,n2,rest
1202744,0,n2,rest
1202746,0,n2,rest
1202748,0,n2,rest
1202750,0,n2,rest
1202752,0,n2,rest
1202754,0,n2,rest
1202756,0,n2,rest
1202758,0,n2,rest
1202760,0,n2,rest
1202762,0,n2,rest
1202764,0,n2,rest
1202766,0,n2,rest
1202768,0,n2,rest
1202770,0,n2,rest
1202772,0,n2,rest
1202774,0,n2,rest
1202776,0,n2,rest
1202778,0,n2,rest
1202780,0,n2,rest
1202782,0,n2,rest
1202784,0,n2,rest
1202786,0,n2,rest
1202788,0,n2,rest
1202790,0,n2,rest
1202792,0,n2,rest
1202794,0,n2,rest
1202796,0,n2,rest
1202798,0,n2,rest
1202800,0,n2,rest
1202802,0,n2,rest
1202804,0,n2,rest
1202806,0,n2,rest
1202808,0,n2,rest
1202810,0,n2,rest
1202812,0,n2,rest
1202814,0,n2,rest
1202816,0,n2,rest
1202818,0,n2,rest
1202820,0,n2,rest
1202822,0,n2,rest
1202824,0,n2,rest
1202826,0,n2,rest
1202828,0,n2,rest
1202830,0,n2,rest
1202832,0,n2,rest
1202834,0,n2,rest
1202836,0,n2,rest
1202838,0,n2,rest
1202840,0,n2,rest
1202842,0,n2,rest
1202844,0,n2,rest
1202846,0,n2,rest
1202848,0,n2,rest
1202850,0,n2,rest
1202852,0,n2,rest
1202854,0,n2,rest
1202856,0,n2,rest
1202858,0,n2,rest
1202860,0,n2,rest
1202862,0,n2,rest
1202864,0,n2,rest
1202866,0,n2,rest
1202868,0,n2,rest
1202870,0,n2,rest
1202872,0,n2,rest
1202874,0,n2,rest
1202876,0,n2,rest
1202878,0,n2,rest
1202880,0,n2,rest
1202882,0,n2,rest
1202884,0,n2,rest
1202886,0,n2,rest
1202888,0,n2,rest
1202890,0,n2,rest
1202892,0,n2,rest
1202894,0,n2,rest
1202896,0,n2,rest
1202898,0,n2,rest
1202900,0,n2,rest
1202902,0,n2,rest
1202904,0,n2,rest
1202906,0,n2,rest
1202908,0,n2,rest
1202910,0,n2,rest
1202912,0,n2,rest
1202914,0,n2,rest
1202916,0,n2,rest
1202918,0,n2,rest
1202920,0,n2,rest
1202922,0,n2,rest
1202924,0,n2,rest
1202926,0,n2,rest
1202928,0,n2,rest
1202930,0,n2,rest
1202932,0,n2,rest
1202934,0,n2,rest
1202936,0,n2,rest
1202938,0,n2,rest
1202940,0,n2,rest
1202942,0,n2,rest
1202944,0,n2,rest
1202946,0,n2,rest
1202948,0,n2,rest
1202950,0,n2,rest
1202952,0,n2,rest
1202954,0,n2,rest
1202956,0,n2,rest
1202958,0,n2,rest
1202960,0,n2,rest
1202962,0,n2,rest
1202964,0,n2,rest
1202966,0,n2,rest
1202968,0,n2,rest
1202970,0,n2,rest
1202972,0,n2,rest
1202974,0,n2,rest
1202976,0,n2,rest
1202978,0,n2,rest
1202980,0,n2,rest
1202982,0,n2,rest
1202984,0,n2,rest
1202986,0,n2,rest
1202988,0,n2,rest
1202990,0,n2,rest
1202992,0,n2,rest
1202994,0,n2,rest
1202996,0,n2,rest
1202998,0,n2,rest
1203000,0,n2,rest
1203002,0,n2,rest
1203004,0,n2,rest
1203006,0,n2,rest
1203008,0,n2,rest
1203010,0,n2,rest
1203012,0,n2,rest
1203014,0,n2,rest
1203016,0,n2,rest
1203018,0,n2,rest
1203020,0,n2,rest
1203022,0,n2,rest
1203024,0,n2,rest
1203026,0,n2,rest
1203028,0,n2,rest
1203030,0,n2,rest
1203032,0,n2,rest
1203034,0,n2,rest
1203036,0,n2,rest
1203038,0,n2,rest
1203040,0,n2,rest
1203042,0,n2,rest
1203044,0,n2,rest
1203046,0,n2,rest
1203048,0,n2,rest
1203050,0,n2,rest
1203052,0,n2,rest
1203054,0,n2,rest
1203056,0,n2,rest
1203058,0,n2,rest
1203060,0,n2,rest
1203062,0,n2,rest
1203064,0,n2,rest
1203066,0,n2,rest
1203068,0,n2,rest
1203070,0,n2,rest
1203072,0,n2,rest
1203074,0,n2,rest
1203076,0,n2,rest
1203078,0,n2,rest
1203080,0,n2,rest
1203082,0,n2,rest
1203084,0,n2,rest
1203086,0,n2,rest
1203088,0,n2,rest
1203090,0,n2,rest
1203092,0,n2,rest
1203094,0,n2,rest
1203096,0,n2,rest
1203098,0,n2,rest
1203100,0,n2,rest
1203102,0,n2,rest
1203104,0,n2,rest
1203106,0,n2,rest
1203108,0,n2,rest
1203110,0,n2,rest
1203112,0,n2,rest
1203114,0,n2,rest
1203116,0,n2,rest
1203118,0,n2,rest
1203120,0,n2,rest
1203122,0,n2,rest
1203124,0,n2,rest
1203126,0,n2,rest
1203128,0,n2,rest
1203130,0,n2,rest
1203132,0,n2,rest
1203134,0,n2,rest
1203136,0,n2,rest
1203138,0,n2,rest
1203140,0,n2,rest
1203142,0,n2,rest
1203144,0,n2,rest
1203146,0,n2,rest
1203148,0,n2,rest
1203150,0,n2,rest
1203152,0,n2,rest
1203154,0,n2,rest
1203156,0,n2,rest
1203158,0,n2,rest
1203160,0,n2,rest
1203162,0,n2,rest
1203164,0,n2,rest
1203166,0,n2,rest
1203168,0,n2,rest
1203170,0,n2,rest
1203172,0,n2,rest
1203174,0,n2,rest
1203176,0,n2,rest
1203178,0,n2,rest
1203180,0,n2,rest
1203182,0,n2,rest
1203184,0,n2,rest
1203186,0,n2,rest
1203188,0,n2,rest
1203190,0,n2,rest
1203192,0,n2,rest
1203194,0,n2,rest
1203196,0,n2,rest
1203198,0,n2,rest
1203200,0,n2,rest
1203202,0,n2,rest
1203204,0,n2,rest
1203206,0,n2,rest
1203208,0,n2,rest
1203210,0,n2,rest
1203212,0,n2,rest
1203214,0,n2,rest
1203216,0,n2,rest
1203218,0,n2,rest
1203220,0,n2,rest
1203222,0,n2,rest
1203224,0,n2,rest
1203226,0,n2,rest
1203228,0,n2,rest
1203230,0,n2,rest
1203232,0,n2,rest
1203234,0,n2,rest
1203236,0,n2,rest
1203238,0,n2,rest
1203240,0,n2,rest
1203242,0,n2,rest
1203244,0,n2,rest
1203246,0,n2,rest
1203248,0,n2,rest
1203250,0,n2,rest
1203252,0,n2,rest
1203254,0,n2,rest
1203256,0,n2,rest
1203258,0,n2,rest
1203260,0,n2,rest
1203262,0,n2,rest
1203264,0,n2,rest
1203266,0,n2,rest
1203268,0,n2,rest
1203270,0,n2,rest
1203272,0,n2,rest
1203274,0,n2,rest
1203276,0,n2,rest
1203278,0,n2,rest
1203280,0,n2,rest
1203282,0,n2,rest
1203284,0,n2,rest
1203286,0,n2,rest
1203288,0,n2,rest
1203290,0,n2,rest
1203292,0,n2,rest
1203294,0,n2,rest
1203296,0,n2,rest
1203298,0,n2,rest
1203300,0,n2,rest
1203302,0,n2,rest
1203304,0,n2,rest
1203306,0,n2,rest
1203308,0,n2,rest
1203310,0,n2,rest
1203312,0,n2,rest
1203314,0,n2,rest
1203316,0,n2,rest
1203318,0,n2,rest
1203320,0,n2,rest
1203322,0,n2,rest
1203324,0,n2,rest
1203326,0,n2,rest
1203328,0,n2,rest
1203330,0,n2,rest
1203332,0,n2,rest
1203334,0,n2,rest
1203336,0,n2,rest
1203338,0,n2,rest
1203340,0,n2,rest
1203342,0,n2,rest
1203344,0,n2,rest
1203346,0,n2,rest
1203348,0,n2,rest
1203350,0,n2,rest
1203352,0,n2,rest
1203354,0,n2,rest
1203356,0,n2,rest
1203358,0,n2,rest
1203360,0,n2,rest
1203362,0,n2,rest
1203364,0,n2,rest
1203366,0,n2,rest
1203368,0,n2,rest
1203370,0,n2,rest
1203372,0,n2,rest
1203374,0,n2,rest
1203376,0,n2,rest
1203378,0,n2,rest
1203380,0,n2,rest
1203382,0,n2,rest
1203384,0,n2,rest
1203386,0,n2,rest
1203388,0,n2,rest
1203390,0,n2,rest
1203392,0,n2,rest
1203394,0,n2,rest
1203396,0,n2,rest
1203398,0,n2,rest
1203400,0,n2,rest
1203402,0,n2,rest
1203404,0,n2,rest
1203406,0,n2,rest
1203408,0,n2,rest
1203410,0,n2,rest
1203412,0,n2,rest
1203414,0,n2,rest
1203416,0,n2,rest
1203418,0,n2,rest
1203420,0,n2,rest
1203422,0,n2,rest
1203424,0,n2,rest
1203426,0,n2,rest
1203428,0,n2,rest
1203430,0,n2,rest
1203432,0,n2,rest
1203434,0,n2,rest
1203436,0,n2,rest
1203438,0,n2,rest
1203440,0,n2,rest
1203442,0,n2,rest
1203444,0,n2,rest
1203446,0,n2,rest
1203448,0,n2,rest
1203450,0,n2,rest
1203452,0,n2,rest
1203454,0,n2,rest
1203456,0,n2,rest
1203458,0,n2,rest
1203460,0,n2,rest
1203462,0,n2,rest
1203464,0,n2,rest
1203466,0,n2,rest
1203468,0,n2,rest
1203470,0,n2,rest
1203472,0,n2,rest
1203474,0,n2,rest
1203476,0,n2,rest
1203478,0,n2,rest
1203480,0,n2,rest
1203482,0,n2,rest
1203484,16,n2,rest
1203486,45,n2,rest
1203488,0,n2,rest
1203490,0,n2,rest
1203492,0,n2,rest
1203494,0,n2,rest
1203496,0,n2,rest
1203498,0,n2,rest
1203500,17,n2,rest
1203502,48,n2,rest
1203504,0,n2,rest
1203506,0,n2,rest
1203508,0,n2,rest
1203510,0,n2,rest
1203512,0,n2,rest
1203514,0,n2,rest
1203516,0,n2,rest
1203518,61,n2,rest
1203520,22,n2,rest
1203522,0,n2,rest
1203524,0,n2,rest
1203526,0,n2,rest
1203528,0,n2,rest
1203530,0,n2,rest
1203532,0,n2,rest
1203534,43,n2,rest
1203536,76,n2,rest
1203538,0,n2,rest
1203540,0,n2,rest
1203542,0,n2,rest
1203544,0,n2,rest
1203546,0,n2,rest
1203548,0,n2,rest
1203550,42,n2,rest
1203552,64,n2,rest
1203554,0,n2,rest
1203556,0,n2,rest
1203558,0,n2,rest
1203560,0,n2,rest
1203562,0,n2,rest
1203564,0,n2,rest
1203566,0,n2,rest
1203568,96,n2,rest
1203570,64,n2,rest
1203572,0,n2,rest
1203574,0,n2,rest
1203576,0,n2,rest
1203578,0,n2,rest
1203580,0,n2,rest
1203582,0,n2,rest
1203584,63,n2,rest
1203586,101,n2,rest
1203588,0,n2,rest
1203590,0,n2,rest
1203592,0,n2,rest
1203594,0,n2,rest
1203596,0,n2,rest
1203598,0,n2,rest
1203600,58,n2,rest
1203602,91,n2,rest
1203604,16,n2,rest
1203606,0,n2,rest
1203608,0,n2,rest
1203610,0,n2,rest
1203612,0,n2,rest
1203614,0,n2,rest
1203616,0,n2,rest
1203618,87,n2,rest
1203620,51,n2,rest
1203622,0,n2,rest
1203624,0,n2,rest
1203626,0,n2,rest
1203628,0,n2,rest
1203630,0,n2,rest
1203632,0,n2,rest
1203634,48,n2,rest
1203636,78,n2,rest
1203638,0,n2,rest
1203640,0,n2,rest
1203642,0,n2,rest
1203644,0,n2,rest
1203646,0,n2,rest
1203648,0,n2,rest
1203650,51,n2,rest
1203652,82,n2,rest
1203654,11,n2,rest
1203656,0,n2,rest
1203658,0,n2,rest
1203660,0,n2,rest
1203662,0,n2,rest
1203664,0,n2,rest
1203666,0,n2,rest
1203668,103,n2,rest
1203670,64,n2,rest
1203672,0,n2,rest
1203674,0,n2,rest
1203676,0,n2,rest
1203678,0,n2,rest
1203680,0,n2,rest
1203682,0,n2,rest
1203684,52,n2,rest
1203686,80,n2,rest
1203688,0,n2,rest
1203690,0,n2,rest
1203692,0,n2,rest
1203694,0,n2,rest
1203696,0,n2,rest
1203698,0,n2,rest
1203700,53,n2,rest
1203702,96,n2,rest
1203704,19,n2,rest
1203706,0,n2,rest
1203708,0,n2,rest
1203710,0,n2,rest
1203712,0,n2,rest
1203714,0,n2,rest
1203716,9,n2,rest
1203718,113,n2,rest
1203720,69,n2,rest
1203722,0,n2,rest
1203724,0,n2,rest
1203726,0,n2,rest
1203728,0,n2,rest
1203730,0,n2,rest
1203732,0,n2,rest
1203734,79,n2,rest
1203736,119,n2,rest
1203738,0,n2,rest
1203740,0,n2,rest
1203742,0,n2,rest
1203744,0,n2,rest
1203746,0,n2,rest
1203748,0,n2,rest
1203750,91,n2,rest
1203752,147,n2,rest
1203754,68,n2,rest
1203756,0,n2,rest
1203758,0,n2,rest
1203760,0,n2,rest
1203762,0,n2,rest
1203764,0,n2,rest
1203766,53,n2,rest
1203768,208,n2,rest
1203770,189,n2,rest
1203772,0,n2,rest
1203774,0,n2,rest
1203776,0,n2,rest
1203778,0,n2,rest
1203780,0,n2,rest
1203782,38,n2,rest
1203784,185,n2,rest
1203786,269,n2,rest
1203788,76,n2,rest
1203790,0,n2,rest
1203792,0,n2,rest
1203794,0,n2,rest
1203796,0,n2,rest
1203798,0,n2,rest
1203800,163,n2,rest
1203802,256,n2,rest
1203804,177,n2,rest
1203806,0,n2,rest
1203808,0,n2,rest
1203810,0,n2,rest
1203812,0,n2,rest
1203814,0,n2,rest
1203816,163,n2,rest
1203818,402,n2,rest
1203820,474,n2,rest
1203822,298,n2,rest
1203824,0,n2,rest
1203826,0,n2,rest
1203828,0,n2,rest
1203830,0,n2,rest
1203832,199,n2,rest
1203834,407,n2,rest
1203836,540,n2,rest
1203838,356,n2,rest
1203840,30,n2,rest
1203842,0,n2,rest
1203844,0,n2,rest
1203846,0,n2,rest
1203848,19,n2,rest
1203850,211,n2,rest
1203852,308,n2,rest
1203854,233,n2,rest
1203856,0,n2,rest
1203858,0,n2,rest
1203860,0,n2,rest
1203862,0,n2,rest
1203864,0,n2,rest
1203866,91,n2,rest
1203868,240,n2,rest
1203870,214,n2,rest
1203872,0,n2,rest
1203874,0,n2,rest
1203876,0,n2,rest
1203878,0,n2,rest
1203880,0,n2,rest
1203882,34,n2,rest
1203884,162,n2,rest
1203886,212,n2,rest
1203888,0,n2,rest
1203890,0,n2,rest
1203892,0,n2,rest
1203894,0,n2,rest
1203896,0,n2,rest
1203898,0,n2,rest
1203900,126,n2,rest
1203902,194,n2,rest
1203904,96,n2,rest
1203906,0,n2,rest
1203908,0,n2,rest
1203910,0,n2,rest
1203912,0,n2,rest
1203914,0,n2,rest
1203916,66,n2,rest
1203918,191,n2,rest
1203920,154,n2,rest
1203922,0,n2,rest
1203924,0,n2,rest
1203926,0,n2,rest
1203928,0,n2,rest
1203930,0,n2,rest
1203932,20,n2,rest
1203934,144,n2,rest
1203936,201,n2,rest
1203938,0,n2,rest
1203940,0,n2,rest
1203942,0,n2,rest
1203944,0,n2,rest
1203946,0,n2,rest
1203948,0,n2,rest
1203950,128,n2,rest
1203952,206,n2,rest
1203954,101,n2,rest
1203956,0,n2,rest
1203958,0,n2,rest
1203960,0,n2,rest
1203962,0,n2,rest
1203964,0,n2,rest
1203966,86,n2,rest
1203968,235,n2,rest
1203970,194,n2,rest
1203972,0,n2,rest
1203974,0,n2,rest
1203976,0,n2,rest
1203978,0,n2,rest
1203980,0,n2,rest
1203982,35,n2,rest
1203984,182,n2,rest
1203986,243,n2,rest
1203988,35,n2,rest
1203990,0,n2,rest
1203992,0,n2,rest
1203994,0,n2,rest
1203996,0,n2,rest
1203998,0,n2,rest
1204000,157,n2,rest
1204002,240,n2,rest
1204004,130,n2,rest
1204006,0,n2,rest
1204008,0,n2,rest
1204010,0,n2,rest
1204012,0,n2,rest
1204014,0,n2,rest
1204016,83,n2,rest
1204018,215,n2,rest
1204020,176,n2,rest
1204022,0,n2,rest
1204024,0,n2,rest
1204026,0,n2,rest
1204028,0,n2,rest
1204030,0,n2,rest
1204032,27,n2,rest
1204034,174,n2,rest
1204036,237,n2,rest
1204038,16,n2,rest
1204040,0,n2,rest
1204042,0,n2,rest
1204044,0,n2,rest
1204046,0,n2,rest
1204048,0,n2,rest
1204050,139,n2,rest
1204052,232,n2,rest
1204054,123,n2,rest
1204056,0,n2,rest
1204058,0,n2,rest
1204060,0,n2,rest
1204062,0,n2,rest
1204064,0,n2,rest
1204066,65,n2,rest
1204068,193,n2,rest
1204070,149,n2,rest
1204072,0,n2,rest
1204074,0,n2,rest
1204076,0,n2,rest
1204078,0,n2,rest
1204080,0,n2,rest
1204082,16,n2,rest
1204084,156,n2,rest
1204086,221,n2,rest
1204088,45,n2,rest
1204090,0,n2,rest
1204092,0,n2,rest
1204094,0,n2,rest
1204096,0,n2,rest
1204098,0,n2,rest
1204100,126,n2,rest
1204102,214,n2,rest
1204104,134,n2,rest
1204106,0,n2,rest
1204108,0,n2,rest
1204110,0,n2,rest
1204112,0,n2,rest
1204114,0,n2,rest
1204116,47,n2,rest
1204118,161,n2,rest
1204120,124,n2,rest
1204122,0,n2,rest
1204124,0,n2,rest
1204126,0,n2,rest
1204128,0,n2,rest
1204130,0,n2,rest
1204132,5,n2,rest
1204134,144,n2,rest
1204136,201,n2,rest
1204138,25,n2,rest
1204140,0,n2,rest
1204142,0,n2,rest
1204144,0,n2,rest
1204146,0,n2,rest
1204148,0,n2,rest
1204150,101,n2,rest
1204152,176,n2,rest
1204154,86,n2,rest
1204156,0,n2,rest
1204158,0,n2,rest
1204160,0,n2,rest
1204162,0,n2,rest
1204164,0,n2,rest
1204166,48,n2,rest
1204168,157,n2,rest
1204170,132,n2,rest
1204172,0,n2,rest
1204174,0,n2,rest
1204176,0,n2,rest
1204178,0,n2,rest
1204180,0,n2,rest
1204182,0,n2,rest
1204184,123,n2,rest
1204186,157,n2,rest
1204188,0,n2,rest
1204190,0,n2,rest
1204192,0,n2,rest
1204194,0,n2,rest
1204196,0,n2,rest
1204198,0,n2,rest
1204200,60,n2,rest
1204202,111,n2,rest
1204204,0,n2,rest
1204206,0,n2,rest
1204208,0,n2,rest
1204210,0,n2,rest
1204212,0,n2,rest
1204214,0,n2,rest
1204216,31,n2,rest
1204218,114,n2,rest
1204220,79,n2,rest
1204222,0,n2,rest
1204224,0,n2,rest
1204226,0,n2,rest
1204228,0,n2,rest
1204230,0,n2,rest
1204232,0,n2,rest
1204234,96,n2,rest
1204236,125,n2,rest
1204238,0,n2,rest
1204240,0,n2,rest
1204242,0,n2,rest
1204244,0,n2,rest
1204246,0,n2,rest
1204248,0,n2,rest
1204250,64,n2,rest
1204252,122,n2,rest
1204254,19,n2,rest
1204256,0,n2,rest
1204258,0,n2,rest
1204260,0,n2,rest
1204262,0,n2,rest
1204264,0,n2,rest
1204266,29,n2,rest
1204268,107,n2,rest
1204270,64,n2,rest
1204272,0,n2,rest
1204274,0,n2,rest
1204276,0,n2,rest
1204278,0,n2,rest
1204280,0,n2,rest
1204282,0,n2,rest
1204284,93,n2,rest
1204286,113,n2,rest
1204288,0,n2,rest
1204290,0,n2,rest
1204292,0,n2,rest
1204294,0,n2,rest
1204296,0,n2,rest
1204298,0,n2,rest
1204300,63,n2,rest
1204302,119,n2,rest
1204304,16,n2,rest
1204306,0,n2,rest
1204308,0,n2,rest
1204310,0,n2,rest
1204312,0,n2,rest
1204314,0,n2,rest
1204316,44,n2,rest
1204318,117,n2,rest
1204320,74,n2,rest
1204322,0,n2,rest
1204324,0,n2,rest
1204326,0,n2,rest
1204328,0,n2,rest
1204330,0,n2,rest
1204332,0,n2,rest
1204334,73,n2,rest
1204336,89,n2,rest
1204338,0,n2,rest
1204340,0,n2,rest
1204342,0,n2,rest
1204344,0,n2,rest
1204346,0,n2,rest
1204348,0,n2,rest
1204350,58,n2,rest
1204352,123,n2,rest
1204354,32,n2,rest
1204356,0,n2,rest
1204358,0,n2,rest
1204360,0,n2,rest
1204362,0,n2,rest
1204364,0,n2,rest
1204366,22,n2,rest
1204368,100,n2,rest
1204370,63,n2,rest
1204372,0,n2,rest
1204374,0,n2,rest
1204376,0,n2,rest
1204378,0,n2,rest
1204380,0,n2,rest
1204382,0,n2,rest
1204384,58,n2,rest
1204386,69,n2,rest
1204388,0,n2,rest
1204390,0,n2,rest
1204392,0,n2,rest
1204394,0,n2,rest
1204396,0,n2,rest
1204398,0,n2,rest
1204400,0,n2,rest
1204402,35,n2,rest
1204404,0,n2,rest
1204406,0,n2,rest
1204408,0,n2,rest
1204410,0,n2,rest
1204412,0,n2,rest
1204414,0,n2,rest
1204416,18,n2,rest
1204418,124,n2,rest
1204420,90,n2,rest
1204422,0,n2,rest
1204424,0,n2,rest
1204426,0,n2,rest
1204428,0,n2,rest
1204430,0,n2,rest
1204432,0,n2,rest
1204434,131,n2,rest
1204436,167,n2,rest
1204438,0,n2,rest
1204440,0,n2,rest
1204442,0,n2,rest
1204444,0,n2,rest
1204446,0,n2,rest
1204448,0,n2,rest
1204450,112,n2,rest
1204452,211,n2,rest
1204454,112,n2,rest
1204456,0,n2,rest
1204458,0,n2,rest
1204460,0,n2,rest
1204462,0,n2,rest
1204464,0,n2,rest
1204466,89,n2,rest
1204468,190,n2,rest
1204470,169,n2,rest
1204472,0,n2,rest
1204474,0,n2,rest
1204476,0,n2,rest
1204478,0,n2,rest
1204480,0,n2,rest
1204482,7,n2,rest
1204484,149,n2,rest
1204486,179,n2,rest
1204488,14,n2,rest
1204490,0,n2,rest
1204492,0,n2,rest
1204494,0,n2,rest
1204496,0,n2,rest
1204498,0,n2,rest
1204500,81,n2,rest
1204502,158,n2,rest
1204504,58,n2,rest
1204506,0,n2,rest
1204508,0,n2,rest
1204510,0,n2,rest
1204512,0,n2,rest
1204514,0,n2,rest
1204516,46,n2,rest
1204518,111,n2,rest
1204520,79,n2,rest
1204522,0,n2,rest
1204524,0,n2,rest
1204526,0,n2,rest
1204528,0,n2,rest
1204530,0,n2,rest
1204532,0,n2,rest
1204534,82,n2,rest
1204536,99,n2,rest
1204538,0,n2,rest
1204540,0,n2,rest
1204542,0,n2,rest
1204544,0,n2,rest
1204546,0,n2,rest
1204548,0,n2,rest
1204550,50,n2,rest
1204552,121,n2,rest
1204554,19,n2,rest
1204556,0,n2,rest
1204558,0,n2,rest
1204560,0,n2,rest
1204562,0,n2,rest
1204564,0,n2,rest
1204566,37,n2,rest
1204568,101,n2,rest
1204570,74,n2,rest
1204572,0,n2,rest
1204574,0,n2,rest
1204576,0,n2,rest
1204578,0,n2,rest
1204580,0,n2,rest
1204582,0,n2,rest
1204584,112,n2,rest
1204586,125,n2,rest
1204588,0,n2,rest
1204590,0,n2,rest
1204592,0,n2,rest
1204594,0,n2,rest
1204596,0,n2,rest
1204598,0,n2,rest
1204600,78,n2,rest
1204602,153,n2,rest
1204604,42,n2,rest
1204606,0,n2,rest
1204608,0,n2,rest
1204610,0,n2,rest
1204612,0,n2,rest
1204614,0,n2,rest
1204616,55,n2,rest
1204618,125,n2,rest
1204620,80,n2,rest
1204622,0,n2,rest
1204624,0,n2,rest
1204626,0,n2,rest
1204628,0,n2,rest
1204630,0,n2,rest
1204632,0,n2,rest
1204634,112,n2,rest
1204636,124,n2,rest
1204638,0,n2,rest
1204640,0,n2,rest
1204642,0,n2,rest
1204644,0,n2,rest
1204646,0,n2,rest
1204648,0,n2,rest
1204650,148,n2,rest
1204652,285,n2,rest
1204654,221,n2,rest
1204656,16,n2,rest
1204658,0,n2,rest
1204660,0,n2,rest
1204662,0,n2,rest
1204664,0,n2,rest
1204666,61,n2,rest
1204668,109,n2,rest
1204670,52,n2,rest
1204672,0,n2,rest
1204674,0,n2,rest
1204676,0,n2,rest
1204678,0,n2,rest
1204680,0,n2,rest
1204682,0,n2,rest
1204684,53,n2,rest
1204686,41,n2,rest
1204688,0,n2,rest
1204690,0,n2,rest
1204692,0,n2,rest
1204694,0,n2,rest
1204696,0,n2,rest
1204698,0,n2,rest
1204700,0,n2,rest
1204702,0,n2,rest
1204704,0,n2,rest
1204706,0,n2,rest
1204708,0,n2,rest
1204710,0,n2,rest
1204712,0,n2,rest
1204714,0,n2,rest
1204716,0,n2,rest
1204718,0,n2,rest
1204720,0,n2,rest
1204722,0,n2,rest
1204724,0,n2,rest
1204726,0,n2,rest
1204728,0,n2,rest
1204730,0,n2,rest
1204732,0,n2,rest
1204734,54,n2,rest
1204736,109,n2,rest
1204738,50,n2,rest
1204740,0,n2,rest
1204742,0,n2,rest
1204744,0,n2,rest
1204746,0,n2,rest
1204748,23,n2,rest
1204750,80,n2,rest
1204752,80,n2,rest
1204754,0,n2,rest
1204756,0,n2,rest
1204758,0,n2,rest
1204760,0,n2,rest
1204762,0,n2,rest
1204764,0,n2,rest
1204766,0,n2,rest
1204768,79,n2,rest
1204770,63,n2,rest
1204772,0,n2,rest
1204774,0,n2,rest
1204776,0,n2,rest
1204778,0,n2,rest
1204780,0,n2,rest
1204782,0,n2,rest
1204784,196,n2,rest
1204786,255,n2,rest
1204788,55,n2,rest
1204790,0,n2,rest
1204792,0,n2,rest
1204794,0,n2,rest
1204796,0,n2,rest
1204798,0,n2,rest
1204800,136,n2,rest
1204802,291,n2,rest
1204804,179,n2,rest
1204806,0,n2,rest
1204808,0,n2,rest
1204810,0,n2,rest
1204812,0,n2,rest
1204814,0,n2,rest
1204816,112,n2,rest
1204818,270,n2,rest
1204820,274,n2,rest
1204822,31,n2,rest
1204824,0,n2,rest
1204826,0,n2,rest
1204828,0,n2,rest
1204830,0,n2,rest
1204832,21,n2,rest
1204834,258,n2,rest
1204836,340,n2,rest
1204838,143,n2,rest
1204840,0,n2,rest
1204842,0,n2,rest
1204844,0,n2,rest
1204846,0,n2,rest
1204848,0,n2,rest
1204850,182,n2,rest
1204852,351,n2,rest
1204854,247,n2,rest
1204856,0,n2,rest
1204858,0,n2,rest
1204860,0,n2,rest
1204862,0,n2,rest
1204864,0,n2,rest
1204866,135,n2,rest
1204868,309,n2,rest
1204870,336,n2,rest
1204872,76,n2,rest
1204874,0,n2,rest
1204876,0,n2,rest
1204878,0,n2,rest
1204880,0,n2,rest
1204882,22,n2,rest
1204884,263,n2,rest
1204886,357,n2,rest
1204888,148,n2,rest
1204890,0,n2,rest
1204892,0,n2,rest
1204894,0,n2,rest
1204896,0,n2,rest
1204898,0,n2,rest
1204900,194,n2,rest
1204902,381,n2,rest
1204904,272,n2,rest
1204906,0,n2,rest
1204908,0,n2,rest
1204910,0,n2,rest
1204912,0,n2,rest
1204914,0,n2,rest
1204916,149,n2,rest
1204918,339,n2,rest
1204920,368,n2,rest
1204922,106,n2,rest
1204924,0,n2,rest
1204926,0,n2,rest
1204928,0,n2,rest
1204930,0,n2,rest
1204932,48,n2,rest
1204934,313,n2,rest
1204936,416,n2,rest
1204938,205,n2,rest
1204940,0,n2,rest
1204942,0,n2,rest
1204944,0,n2,rest
1204946,0,n2,rest
1204948,4,n2,rest
1204950,218,n2,rest
1204952,417,n2,rest
1204954,306,n2,rest
1204956,0,n2,rest
1204958,0,n2,rest
1204960,0,n2,rest
1204962,0,n2,rest
1204964,0,n2,rest
1204966,176,n2,rest
1204968,373,n2,rest
1204970,406,n2,rest
1204972,139,n2,rest
1204974,0,n2,rest
1204976,0,n2,rest
1204978,0,n2,rest
1204980,0,n2,rest
1204982,0,n2,rest
1204984,80,n2,rest
1204986,54,n2,rest
1204988,0,n2,rest
1204990,0,n2,rest
1204992,0,n2,rest
1204994,0,n2,rest
1204996,0,n2,rest
1204998,0,n2,rest
1205000,45,n2,rest
1205002,54,n2,rest
1205004,0,n2,rest
1205006,0,n2,rest
1205008,0,n2,rest
1205010,0,n2,rest
1205012,0,n2,rest
1205014,0,n2,rest
1205016,127,n2,rest
1205018,394,n2,rest
1205020,483,n2,rest
1205022,124,n2,rest
1205024,0,n2,rest
1205026,0,n2,rest
1205028,0,n2,rest
1205030,0,n2,rest
1205032,0,n2,rest
1205034,80,n2,rest
1205036,78,n2,rest
1205038,0,n2,rest
1205040,0,n2,rest
1205042,0,n2,rest
1205044,0,n2,rest
1205046,0,n2,rest
1205048,0,n2,rest
1205050,16,n2,rest
1205052,16,n2,rest
1205054,0,n2,rest
1205056,0,n2,rest
1205058,0,n2,rest
1205060,0,n2,rest
1205062,0,n2,rest
1205064,0,n2,rest
1205066,0,n2,rest
1205068,0,n2,rest
1205070,0,n2,rest
1205072,0,n2,rest
1205074,0,n2,rest
1205076,0,n2,rest
1205078,0,n2,rest
1205080,0,n2,rest
1205082,47,n2,rest
1205084,219,n2,rest
1205086,226,n2,rest
1205088,53,n2,rest
1205090,0,n2,rest
1205092,0,n2,rest
1205094,0,n2,rest
1205096,0,n2,rest
1205098,11,n2,rest
1205100,82,n2,rest
1205102,121,n2,rest
1205104,0,n2,rest
1205106,0,n2,rest
1205108,0,n2,rest
1205110,0,n2,rest
1205112,0,n2,rest
1205114,0,n2,rest
1205116,32,n2,rest
1205118,64,n2,rest
1205120,0,n2,rest
1205122,0,n2,rest
1205124,0,n2,rest
1205126,0,n2,rest
1205128,0,n2,rest
1205130,0,n2,rest
1205132,0,n2,rest
1205134,14,n2,rest
1205136,0,n2,rest
1205138,0,n2,rest
1205140,0,n2,rest
1205142,0,n2,rest
1205144,0,n2,rest
1205146,0,n2,rest
1205148,0,n2,rest
1205150,51,n2,rest
1205152,86,n2,rest
1205154,0,n2,rest
1205156,0,n2,rest
1205158,0,n2,rest
1205160,0,n2,rest
1205162,0,n2,rest
1205164,0,n2,rest
1205166,16,n2,rest
1205168,53,n2,rest
1205170,0,n2,rest
1205172,0,n2,rest
1205174,0,n2,rest
1205176,0,n2,rest
1205178,0,n2,rest
1205180,0,n2,rest
1205182,0,n2,rest
1205184,48,n2,rest
1205186,12,n2,rest
1205188,0,n2,rest
1205190,0,n2,rest
1205192,0,n2,rest
1205194,0,n2,rest
1205196,0,n2,rest
1205198,0,n2,rest
1205200,0,n2,rest
1205202,49,n2,rest
1205204,0,n2,rest
1205206,0,n2,rest
1205208,0,n2,rest
1205210,0,n2,rest
1205212,0,n2,rest
1205214,0,n2,rest
1205216,29,n2,rest
1205218,71,n2,rest
1205220,13,n2,rest
1205222,0,n2,rest
1205224,0,n2,rest
1205226,0,n2,rest
1205228,0,n2,rest
1205230,0,n2,rest
1205232,0,n2,rest
1205234,80,n2,rest
1205236,47,n2,rest
1205238,0,n2,rest
1205240,0,n2,rest
1205242,0,n2,rest
1205244,0,n2,rest
1205246,0,n2,rest
1205248,0,n2,rest
1205250,50,n2,rest
1205252,94,n2,rest
1205254,0,n2,rest
1205256,0,n2,rest
1205258,0,n2,rest
1205260,0,n2,rest
1205262,0,n2,rest
1205264,0,n2,rest
1205266,27,n2,rest
1205268,64,n2,rest
1205270,0,n2,rest
1205272,0,n2,rest
1205274,0,n2,rest
1205276,0,n2,rest
1205278,0,n2,rest
1205280,0,n2,rest
1205282,0,n2,rest
1205284,80,n2,rest
1205286,50,n2,rest
1205288,0,n2,rest
1205290,0,n2,rest
1205292,0,n2,rest
1205294,0,n2,rest
1205296,0,n2,rest
1205298,0,n2,rest
1205300,65,n2,rest
1205302,112,n2,rest
1205304,0,n2,rest
1205306,0,n2,rest
1205308,0,n2,rest
1205310,0,n2,rest
1205312,0,n2,rest
1205314,0,n2,rest
1205316,58,n2,rest
1205318,114,n2,rest
1205320,43,n2,rest
1205322,0,n2,rest
1205324,0,n2,rest
1205326,0,n2,rest
1205328,0,n2,rest
1205330,0,n2,rest
1205332,21,n2,rest
1205334,143,n2,rest
1205336,119,n2,rest
1205338,0,n2,rest
1205340,0,n2,rest
1205342,0,n2,rest
1205344,0,n2,rest
1205346,0,n2,rest
1205348,0,n2,rest
1205350,97,n2,rest
1205352,159,n2,rest
1205354,0,n2,rest
1205356,0,n2,rest
1205358,0,n2,rest
1205360,0,n2,rest
1205362,0,n2,rest
1205364,0,n2,rest
1205366,48,n2,rest
1205368,132,n2,rest
1205370,43,n2,rest
1205372,0,n2,rest
1205374,0,n2,rest
1205376,0,n2,rest
1205378,0,n2,rest
1205380,0,n2,rest
1205382,33,n2,rest
1205384,157,n2,rest
1205386,131,n2,rest
1205388,0,n2,rest
1205390,0,n2,rest
1205392,0,n2,rest
1205394,0,n2,rest
1205396,0,n2,rest
1205398,0,n2,rest
1205400,108,n2,rest
1205402,161,n2,rest
1205404,0,n2,rest
1205406,0,n2,rest
1205408,0,n2,rest
1205410,0,n2,rest
1205412,0,n2,rest
1205414,0,n2,rest
1205416,51,n2,rest
1205418,98,n2,rest
1205420,23,n2,rest
1205422,0,n2,rest
1205424,0,n2,rest
1205426,0,n2,rest
1205428,0,n2,rest
1205430,0,n2,rest
1205432,0,n2,rest
1205434,112,n2,rest
1205436,305,n2,rest
1205438,144,n2,rest
1205440,0,n2,rest
1205442,0,n2,rest
1205444,0,n2,rest
1205446,140,n2,rest
1205448,564,n2,rest
1205450,976,n2,rest
1205452,1226,n2,rest
1205454,1034,n2,rest
1205456,703,n2,rest
1205458,471,n2,rest
1205460,400,n2,rest
1205462,656,n2,rest
1205464,1045,n2,rest
1205466,1456,n2,rest
1205468,1679,n2,rest
1205470,1602,n2,rest
1205472,1329,n2,rest
1205474,921,n2,rest
1205476,839,n2,rest
1205478,929,n2,rest
1205480,1210,n2,rest
1205482,1612,n2,rest
1205484,1870,n2,rest
1205486,1840,n2,rest
1205488,1573,n2,rest
1205490,1241,n2,rest
1205492,980,n2,rest
1205494,985,n2,rest
1205496,1189,n2,rest
1205498,1433,n2,rest
1205500,1574,n2,rest
1205502,1442,n2,rest
1205504,1468,n2,rest
1205506,2269,n2,rest
1205508,2383,n2,rest
1205510,2074,n2,rest
1205512,1922,n2,rest
1205514,1936,n2,rest
1205516,1904,n2,rest
1205518,1834,n2,rest
1205520,1563,n2,rest
1205522,1075,n2,rest
1205524,434,n2,rest
1205526,98,n2,rest
1205528,0,n2,rest
1205530,0,n2,rest
1205532,7,n2,rest
1205534,10,n2,rest
1205536,0,n2,rest
1205538,0,n2,rest
1205540,0,n2,rest
1205542,0,n2,rest
1205544,0,n2,rest
1205546,0,n2,rest
1205548,0,n2,rest
1205550,86,n2,rest
1205552,208,n2,rest
1205554,278,n2,rest
1205556,133,n2,rest
1205558,0,n2,rest
1205560,0,n2,rest
1205562,0,n2,rest
1205564,0,n2,rest
1205566,5,n2,rest
1205568,23,n2,rest
1205570,0,n2,rest
1205572,0,n2,rest
1205574,0,n2,rest
1205576,0,n2,rest
1205578,0,n2,rest
1205580,0,n2,rest
1205582,10,n2,rest
1205584,336,n2,rest
1205586,3136,n2,rest
1205588,2512,n2,rest
1205590,1798,n2,rest
1205592,1122,n2,rest
1205594,667,n2,rest
1205596,463,n2,rest
1205598,427,n2,rest
1205600,475,n2,rest
1205602,471,n2,rest
1205604,234,n2,rest
1205606,0,n2,rest
1205608,0,n2,rest
1205610,0,n2,rest
1205612,0,n2,rest
1205614,0,n2,rest
1205616,145,n2,rest
1205618,272,n2,rest
1205620,229,n2,rest
1205622,0,n2,rest
1205624,0,n2,rest
1205626,0,n2,rest
1205628,0,n2,rest
1205630,0,n2,rest
1205632,101,n2,rest
1205634,275,n2,rest
1205636,321,n2,rest
1205638,135,n2,rest
1205640,0,n2,rest
1205642,0,n2,rest
1205644,0,n2,rest
1205646,0,n2,rest
1205648,79,n2,rest
1205650,378,n2,rest
1205652,618,n2,rest
1205654,511,n2,rest
1205656,150,n2,rest
1205658,0,n2,rest
1205660,0,n2,rest
1205662,0,n2,rest
1205664,52,n2,rest
1205666,384,n2,rest
1205668,703,n2,rest
1205670,767,n2,rest
1205672,490,n2,rest
1205674,0,n2,rest
1205676,0,n2,rest
1205678,0,n2,rest
1205680,0,n2,rest
1205682,351,n2,rest
1205684,773,n2,rest
1205686,998,n2,rest
1205688,842,n2,rest
1205690,401,n2,rest
1205692,0,n2,rest
1205694,0,n2,rest
1205696,0,n2,rest
1205698,339,n2,rest
1205700,849,n2,rest
1205702,1286,n2,rest
1205704,1271,n2,rest
1205706,910,n2,rest
1205708,434,n2,rest
1205710,80,n2,rest
1205712,112,n2,rest
1205714,441,n2,rest
1205716,1006,n2,rest
1205718,1566,n2,rest
1205720,1815,n2,rest
1205722,1703,n2,rest
1205724,1263,n2,rest
1205726,999,n2,rest
1205728,945,n2,rest
1205730,1265,n2,rest
1205732,1925,n2,rest
1205734,2627,n2,rest
1205736,3135,n2,rest
1205738,3189,n2,rest
1205740,2893,n2,rest
1205742,2594,n2,rest
1205744,2517,n2,rest
1205746,2820,n2,rest
1205748,3478,n2,rest
1205756,4071,n2,rest
1205758,3785,n2,rest
1205760,3685,n2,rest
1205790,3980,n2,rest
1205792,3475,n2,rest
1205794,3290,n2,rest
1205796,3538,n2,rest
1205806,3399,n2,rest
1205808,2809,n2,rest
1205810,2378,n2,rest
1205812,2309,n2,rest
1205814,2533,n2,rest
1205816,2989,n2,rest
1205818,3473,n2,rest
1205820,3477,n2,rest
1205822,3008,n2,rest
1205824,2350,n2,rest
1205826,1863,n2,rest
1205828,1570,n2,rest
1205830,1616,n2,rest
1205832,2002,n2,rest
1205834,2416,n2,rest
1205836,2618,n2,rest
1205838,2384,n2,rest
1205840,1829,n2,rest
1205842,1211,n2,rest
1205844,837,n2,rest
1205846,828,n2,rest
1205848,1094,n2,rest
1205850,1574,n2,rest
1205852,1919,n2,rest
1205854,1890,n2,rest
1205856,1429,n2,rest
1205858,865,n2,rest
1205860,402,n2,rest
1205862,321,n2,rest
1205864,539,n2,rest
1205866,972,n2,rest
1205868,1431,n2,rest
1205870,1535,n2,rest
1205872,1268,n2,rest
1205874,641,n2,rest
1205876,176,n2,rest
1205878,0,n2,rest
1205880,74,n2,rest
1205882,503,n2,rest
1205884,962,n2,rest
1205886,1230,n2,rest
1205888,1056,n2,rest
1205890,528,n2,rest
1205892,0,n2,rest
1205894,0,n2,rest
1205896,0,n2,rest
1205898,240,n2,rest
1205900,735,n2,rest
1205902,1105,n2,rest
1205904,1023,n2,rest
1205906,587,n2,rest
1205908,47,n2,rest
1205910,0,n2,rest
1205912,0,n2,rest
1205914,129,n2,rest
1205916,553,n2,rest
1205918,975,n2,rest
1205920,1069,n2,rest
1205922,755,n2,rest
1205924,145,n2,rest
1205926,0,n2,rest
1205928,0,n2,rest
1205930,0,n2,rest
1205932,332,n2,rest
1205934,721,n2,rest
1205936,948,n2,rest
1205938,768,n2,rest
1205940,245,n2,rest
1205942,0,n2,rest
1205944,0,n2,rest
1205946,0,n2,rest
1205948,153,n2,rest
1205950,464,n2,rest
1205952,633,n2,rest
1205954,437,n2,rest
1205956,0,n2,rest
1205958,0,n2,rest
1205960,0,n2,rest
1205962,0,n2,rest
1205964,0,n2,rest
1205966,123,n2,rest
1205968,239,n2,rest
1205970,132,n2,rest
1205972,0,n2,rest
1205974,0,n2,rest
1205976,0,n2,rest
1205978,0,n2,rest
1205980,0,n2,rest
1205982,128,n2,rest
1205984,263,n2,rest
1205986,278,n2,rest
1205988,128,n2,rest
1205990,0,n2,rest
1205992,0,n2,rest
1205994,0,n2,rest
1205996,0,n2,rest
1205998,161,n2,rest
1206000,469,n2,rest
1206002,685,n2,rest
1206004,601,n2,rest
1206006,281,n2,rest
1206008,0,n2,rest
1206010,0,n2,rest
1206012,0,n2,rest
1206014,65,n2,rest
1206016,321,n2,rest
1206018,594,n2,rest
1206020,616,n2,rest
1206022,379,n2,rest
1206024,0,n2,rest
1206026,0,n2,rest
1206028,0,n2,rest
1206030,9,n2,rest
1206032,341,n2,rest
1206034,683,n2,rest
1206036,885,n2,rest
1206038,763,n2,rest
1206040,353,n2,rest
1206042,0,n2,rest
1206044,0,n2,rest
1206046,0,n2,rest
1206048,184,n2,rest
1206050,590,n2,rest
1206052,881,n2,rest
1206054,810,n2,rest
1206056,449,n2,rest
1206058,1,n2,rest
1206060,0,n2,rest
1206062,0,n2,rest
1206064,110,n2,rest
1206066,455,n2,rest
1206068,842,n2,rest
1206070,912,n2,rest
1206072,637,n2,rest
1206074,119,n2,rest
1206076,0,n2,rest
1206078,0,n2,rest
1206080,0,n2,rest
1206082,362,n2,rest
1206084,729,n2,rest
1206086,912,n2,rest
1206088,739,n2,rest
1206090,256,n2,rest
1206092,0,n2,rest
1206094,0,n2,rest
1206096,0,n2,rest
1206098,176,n2,rest
1206100,592,n2,rest
1206102,880,n2,rest
1206104,793,n2,rest
1206106,399,n2,rest
1206108,0,n2,rest
1206110,0,n2,rest
1206112,0,n2,rest
1206114,102,n2,rest
1206116,432,n2,rest
1206118,798,n2,rest
1206120,839,n2,rest
1206122,560,n2,rest
1206124,57,n2,rest
1206126,0,n2,rest
1206128,0,n2,rest
1206130,0,n2,rest
1206132,319,n2,rest
1206134,659,n2,rest
1206136,851,n2,rest
1206138,689,n2,rest
1206140,222,n2,rest
1206142,0,n2,rest
1206144,0,n2,rest
1206146,0,n2,rest
1206148,174,n2,rest
1206150,576,n2,rest
1206152,835,n2,rest
1206154,753,n2,rest
1206156,384,n2,rest
1206158,0,n2,rest
1206160,0,n2,rest
1206162,0,n2,rest
1206164,115,n2,rest
1206166,449,n2,rest
1206168,813,n2,rest
1206170,850,n2,rest
1206172,579,n2,rest
1206174,82,n2,rest
1206176,0,n2,rest
1206178,0,n2,rest
1206180,0,n2,rest
1206182,353,n2,rest
1206184,690,n2,rest
1206186,882,n2,rest
1206188,722,n2,rest
1206190,244,n2,rest
1206192,0,n2,rest
1206194,0,n2,rest
1206196,0,n2,rest
1206198,208,n2,rest
1206200,629,n2,rest
1206202,902,n2,rest
1206204,814,n2,rest
1206206,424,n2,rest
1206208,0,n2,rest
1206210,0,n2,rest
1206212,0,n2,rest
1206214,132,n2,rest
1206216,473,n2,rest
1206218,848,n2,rest
1206220,879,n2,rest
1206222,592,n2,rest
1206224,88,n2,rest
1206226,0,n2,rest
1206228,0,n2,rest
1206230,11,n2,rest
1206232,384,n2,rest
1206234,733,n2,rest
1206236,907,n2,rest
1206238,709,n2,rest
1206240,210,n2,rest
1206242,0,n2,rest
1206244,0,n2,rest
1206246,0,n2,rest
1206248,218,n2,rest
1206250,643,n2,rest
1206252,905,n2,rest
1206254,783,n2,rest
1206256,378,n2,rest
1206258,0,n2,rest
1206260,0,n2,rest
1206262,0,n2,rest
1206264,142,n2,rest
1206266,475,n2,rest
1206268,815,n2,rest
1206270,810,n2,rest
1206272,497,n2,rest
1206274,7,n2,rest
1206276,0,n2,rest
1206278,0,n2,rest
1206280,0,n2,rest
1206282,318,n2,rest
1206284,597,n2,rest
1206286,699,n2,rest
1206288,0,n2,rest
1206290,0,n2,rest
1206292,0,n2,rest
1206294,0,n2,rest
1206296,0,n2,rest
1206298,0,n2,rest
1206300,0,n2,rest
1206302,0,n2,rest
1206304,0,n2,rest
1206306,0,n2,rest
1206308,0,n2,rest
1206310,0,n2,rest
1206312,0,n2,rest
1206314,0,n2,rest
1206316,0,n2,rest
1206318,0,n2,rest
1206320,0,n2,rest
1206322,0,n2,rest
1206324,0,n2,rest
1206326,0,n2,rest
1206328,0,n2,rest
1206330,0,n2,rest
1206332,0,n2,rest
1206334,0,n2,rest
1206336,0,n2,rest
1206338,0,n2,rest
1206340,0,n2,rest
1206342,0,n2,rest
1206344,0,n2,rest
1206346,0,n2,rest
1206348,0,n2,rest
1206350,0,n2,rest
1206352,0,n2,rest
1206354,0,n2,rest
1206356,0,n2,rest
1206358,0,n2,rest
1206360,0,n2,rest
1206362,0,n2,rest
1206364,0,n2,rest
1206366,0,n2,rest
1206368,0,n2,rest
1206370,0,n2,rest
1206372,0,n2,rest
1206374,0,n2,rest
1206376,0,n2,rest
1206378,0,n2,rest
1206380,0,n2,rest
1206382,0,n2,rest
1206384,0,n2,rest
1206386,0,n2,rest
1206388,0,n2,rest
1206390,0,n2,rest
1206392,0,n2,rest
1206394,0,n2,rest
1206396,0,n2,rest
1206398,0,n2,rest
1206400,19,n2,rest
1206402,0,n2,rest
1206404,0,n2,rest
1206406,0,n2,rest
1206408,0,n2,rest
1206410,0,n2,rest
1206412,0,n2,rest
1206414,0,n2,rest
1206416,0,n2,rest
1206418,38,n2,rest
1206420,0,n2,rest
1206422,0,n2,rest
1206424,0,n2,rest
1206426,0,n2,rest
1206428,0,n2,rest
1206430,0,n2,rest
1206432,1,n2,rest
1206434,47,n2,rest
1206436,0,n2,rest
1206438,0,n2,rest
1206440,0,n2,rest
1206442,0,n2,rest
1206444,0,n2,rest
1206446,0,n2,rest
1206448,0,n2,rest
1206450,100,n2,rest
1206452,59,n2,rest
1206454,0,n2,rest
1206456,0,n2,rest
1206458,0,n2,rest
1206460,0,n2,rest
1206462,0,n2,rest
1206464,0,n2,rest
1206466,17,n2,rest
1206468,110,n2,rest
1206470,0,n2,rest
1206472,0,n2,rest
1206474,0,n2,rest
1206476,0,n2,rest
1206478,0,n2,rest
1206480,0,n2,rest
1206482,0,n2,rest
1206484,0,n2,rest
1206486,0,n2,rest
1206488,0,n2,rest
1206490,0,n2,rest
1206492,0,n2,rest
1206494,0,n2,rest
1206496,0,n2,rest
1206498,0,n2,rest
1206500,103,n2,rest
1206502,80,n2,rest
1206504,0,n2,rest
1206506,0,n2,rest
1206508,0,n2,rest
1206510,0,n2,rest
1206512,0,n2,rest
1206514,0,n2,rest
1206516,65,n2,rest
1206518,157,n2,rest
1206520,0,n2,rest
1206522,0,n2,rest
1206524,0,n2,rest
1206526,0,n2,rest
1206528,0,n2,rest
1206530,0,n2,rest
1206532,51,n2,rest
1206534,145,n2,rest
1206536,80,n2,rest
1206538,0,n2,rest
1206540,0,n2,rest
1206542,0,n2,rest
1206544,0,n2,rest
1206546,0,n2,rest
1206548,0,n2,rest
1206550,173,n2,rest
1206552,174,n2,rest
1206554,0,n2,rest
1206556,0,n2,rest
1206558,0,n2,rest
1206560,0,n2,rest
1206562,0,n2,rest
1206564,0,n2,rest
1206566,101,n2,rest
1206568,209,n2,rest
1206570,26,n2,rest
1206572,0,n2,rest
1206574,0,n2,rest
1206576,0,n2,rest
1206578,0,n2,rest
1206580,0,n2,rest
1206582,98,n2,rest
1206584,208,n2,rest
1206586,149,n2,rest
1206588,0,n2,rest
1206590,0,n2,rest
1206592,0,n2,rest
1206594,0,n2,rest
1206596,0,n2,rest
1206598,16,n2,rest
1206600,208,n2,rest
1206602,213,n2,rest
1206604,0,n2,rest
1206606,0,n2,rest
1206608,0,n2,rest
1206610,0,n2,rest
1206612,0,n2,rest
1206614,0,n2,rest
1206616,131,n2,rest
1206618,247,n2,rest
1206620,63,n2,rest
1206622,0,n2,rest
1206624,0,n2,rest
1206626,0,n2,rest
1206628,0,n2,rest
1206630,0,n2,rest
1206632,102,n2,rest
1206634,209,n2,rest
1206636,144,n2,rest
1206638,0,n2,rest
1206640,0,n2,rest
1206642,0,n2,rest
1206644,0,n2,rest
1206646,0,n2,rest
1206648,16,n2,rest
1206650,208,n2,rest
1206652,207,n2,rest
1206654,0,n2,rest
1206656,0,n2,rest
1206658,0,n2,rest
1206660,0,n2,rest
1206662,0,n2,rest
1206664,0,n2,rest
1206666,137,n2,rest
1206668,247,n2,rest
1206670,58,n2,rest
1206672,0,n2,rest
1206674,0,n2,rest
1206676,0,n2,rest
1206678,0,n2,rest
1206680,0,n2,rest
1206682,110,n2,rest
1206684,230,n2,rest
1206686,164,n2,rest
1206688,0,n2,rest
1206690,0,n2,rest
1206692,0,n2,rest
1206694,0,n2,rest
1206696,0,n2,rest
1206698,29,n2,rest
1206700,213,n2,rest
1206702,213,n2,rest
1206704,0,n2,rest
1206706,0,n2,rest
1206708,0,n2,rest
1206710,0,n2,rest
1206712,0,n2,rest
1206714,0,n2,rest
1206716,112,n2,rest
1206718,208,n2,rest
1206720,14,n2,rest
1206722,0,n2,rest
1206724,0,n2,rest
1206726,0,n2,rest
1206728,0,n2,rest
1206730,0,n2,rest
1206732,80,n2,rest
1206734,167,n2,rest
1206736,82,n2,rest
1206738,0,n2,rest
1206740,0,n2,rest
1206742,0,n2,rest
1206744,0,n2,rest
1206746,0,n2,rest
1206748,53,n2,rest
1206750,240,n2,rest
1206752,241,n2,rest
1206754,0,n2,rest
1206756,0,n2,rest
1206758,0,n2,rest
1206760,0,n2,rest
1206762,0,n2,rest
1206764,0,n2,rest
1206766,154,n2,rest
1206768,265,n2,rest
1206770,71,n2,rest
1206772,0,n2,rest
1206774,0,n2,rest
1206776,0,n2,rest
1206778,0,n2,rest
1206780,0,n2,rest
1206782,133,n2,rest
1206784,247,n2,rest
1206786,173,n2,rest
1206788,0,n2,rest
1206790,0,n2,rest
1206792,0,n2,rest
1206794,0,n2,rest
1206796,0,n2,rest
1206798,52,n2,rest
1206800,239,n2,rest
1206802,237,n2,rest
1206804,0,n2,rest
1206806,0,n2,rest
1206808,0,n2,rest
1206810,0,n2,rest
1206812,0,n2,rest
1206814,0,n2,rest
1206816,147,n2,rest
1206818,244,n2,rest
1206820,50,n2,rest
1206822,0,n2,rest
1206824,0,n2,rest
1206826,0,n2,rest
1206828,0,n2,rest
1206830,0,n2,rest
1206832,125,n2,rest
1206834,240,n2,rest
1206836,161,n2,rest
1206838,0,n2,rest
1206840,0,n2,rest
1206842,0,n2,rest
1206844,0,n2,rest
1206846,0,n2,rest
1206848,53,n2,rest
1206850,225,n2,rest
1206852,224,n2,rest
1206854,0,n2,rest
1206856,0,n2,rest
1206858,0,n2,rest
1206860,0,n2,rest
1206862,0,n2,rest
1206864,1,n2,rest
1206866,175,n2,rest
1206868,277,n2,rest
1206870,69,n2,rest
1206872,0,n2,rest
1206874,0,n2,rest
1206876,0,n2,rest
1206878,0,n2,rest
1206880,0,n2,rest
1206882,122,n2,rest
1206884,240,n2,rest
1206886,158,n2,rest
1206888,0,n2,rest
1206890,0,n2,rest
1206892,0,n2,rest
1206894,0,n2,rest
1206896,0,n2,rest
1206898,54,n2,rest
1206900,242,n2,rest
1206902,238,n2,rest
1206904,0,n2,rest
1206906,0,n2,rest
1206908,0,n2,rest
1206910,0,n2,rest
1206912,0,n2,rest
1206914,0,n2,rest
1206916,176,n2,rest
1206918,286,n2,rest
1206920,75,n2,rest
1206922,0,n2,rest
1206924,0,n2,rest
1206926,0,n2,rest
1206928,0,n2,rest
1206930,0,n2,rest
1206932,144,n2,rest
1206934,274,n2,rest
1206936,192,n2,rest
1206938,0,n2,rest
1206940,3858,n2,rest
1206942,2987,n2,rest
1206944,2676,n2,rest
1206946,3379,n2,rest
1206954,3866,n2,rest
1206956,2503,n2,rest
1206958,1221,n2,rest
1206960,619,n2,rest
1206962,1041,n2,rest
1206964,2135,n2,rest
1206966,3900,n2,rest
1206970,4032,n2,rest
1206972,2559,n2,rest
1206974,1366,n2,rest
1206976,314,n2,rest
1206978,379,n2,rest
1206980,950,n2,rest
1206982,1020,n2,rest
1206984,1075,n2,rest
1206986,899,n2,rest
1206988,470,n2,rest
1206990,0,n2,rest
1206992,0,n2,rest
1206994,0,n2,rest
1206996,0,n2,rest
1206998,88,n2,rest
1207000,277,n2,rest
1207002,285,n2,rest
1207004,0,n2,rest
1207006,0,n2,rest
1207008,0,n2,rest
1207010,0,n2,rest
1207012,0,n2,rest
1207014,0,n2,rest
1207016,153,n2,rest
1207018,254,n2,rest
1207020,35,n2,rest
1207022,0,n2,rest
1207024,0,n2,rest
1207026,0,n2,rest
1207028,0,n2,rest
1207030,0,n2,rest
1207032,125,n2,rest
1207034,277,n2,rest
1207036,187,n2,rest
1207038,0,n2,rest
1207040,0,n2,rest
1207042,0,n2,rest
1207044,0,n2,rest
1207046,0,n2,rest
1207048,86,n2,rest
1207050,287,n2,rest
1207052,297,n2,rest
1207054,16,n2,rest
1207056,0,n2,rest
1207058,0,n2,rest
1207060,0,n2,rest
1207062,0,n2,rest
1207064,27,n2,rest
1207066,256,n2,rest
1207068,371,n2,rest
1207070,154,n2,rest
1207072,0,n2,rest
1207074,0,n2,rest
1207076,0,n2,rest
1207078,0,n2,rest
1207080,0,n2,rest
1207082,192,n2,rest
1207084,351,n2,rest
1207086,269,n2,rest
1207088,0,n2,rest
1207090,0,n2,rest
1207092,0,n2,rest
1207094,0,n2,rest
1207096,0,n2,rest
1207098,126,n2,rest
1207100,320,n2,rest
1207102,336,n2,rest
1207104,53,n2,rest
1207106,0,n2,rest
1207108,0,n2,rest
1207110,0,n2,rest
1207112,0,n2,rest
1207114,48,n2,rest
1207116,256,n2,rest
1207118,367,n2,rest
1207120,155,n2,rest
1207122,0,n2,rest
1207124,0,n2,rest
1207126,0,n2,rest
1207128,0,n2,rest
1207130,0,n2,rest
1207132,168,n2,rest
1207134,292,n2,rest
1207136,208,n2,rest
1207138,0,n2,rest
1207140,0,n2,rest
1207142,0,n2,rest
1207144,0,n2,rest
1207146,0,n2,rest
1207148,92,n2,rest
1207150,263,n2,rest
1207152,259,n2,rest
1207154,3,n2,rest
1207156,0,n2,rest
1207158,0,n2,rest
1207160,0,n2,rest
1207162,0,n2,rest
1207164,16,n2,rest
1207166,202,n2,rest
1207168,304,n2,rest
1207170,102,n2,rest
1207172,0,n2,rest
1207174,0,n2,rest
1207176,0,n2,rest
1207178,0,n2,rest
1207180,0,n2,rest
1207182,161,n2,rest
1207184,304,n2,rest
1207186,209,n2,rest
1207188,0,n2,rest
1207190,0,n2,rest
1207192,0,n2,rest
1207194,0,n2,rest
1207196,0,n2,rest
1207198,97,n2,rest
1207200,258,n2,rest
1207202,257,n2,rest
1207204,0,n2,rest
1207206,0,n2,rest
1207208,0,n2,rest
1207210,0,n2,rest
1207212,0,n2,rest
1207214,34,n2,rest
1207216,247,n2,rest
1207218,353,n2,rest
1207220,134,n2,rest
1207222,0,n2,rest
1207224,0,n2,rest
1207226,0,n2,rest
1207228,0,n2,rest
1207230,0,n2,rest
1207232,174,n2,rest
1207234,317,n2,rest
1207236,202,n2,rest
1207238,0,n2,rest
1207240,0,n2,rest
1207242,0,n2,rest
1207244,0,n2,rest
1207246,0,n2,rest
1207248,102,n2,rest
1207250,282,n2,rest
1207252,288,n2,rest
1207254,7,n2,rest
1207256,0,n2,rest
1207258,0,n2,rest
1207260,0,n2,rest
1207262,0,n2,rest
1207264,25,n2,rest
1207266,259,n2,rest
1207268,371,n2,rest
1207270,141,n2,rest
1207272,0,n2,rest
1207274,0,n2,rest
1207276,0,n2,rest
1207278,0,n2,rest
1207280,0,n2,rest
1207282,207,n2,rest
1207284,386,n2,rest
1207286,282,n2,rest
1207288,0,n2,rest
1207290,0,n2,rest
1207292,0,n2,rest
1207294,757,n2,rest
1207296,642,n2,rest
1207298,413,n2,rest
1207300,208,n2,rest
1207302,60,n2,rest
1207304,0,n2,rest
1207306,0,n2,rest
1207308,0,n2,rest
1207310,0,n2,rest
1207312,0,n2,rest
1207314,0,n2,rest
1207316,0,n2,rest
1207318,0,n2,rest
1207320,0,n2,rest
1207322,0,n2,rest
1207324,0,n2,rest
1207326,0,n2,rest
1207328,0,n2,rest
1207330,11,n2,rest
1207332,0,n2,rest
1207334,0,n2,rest
1207336,0,n2,rest
1207338,0,n2,rest
1207340,0,n2,rest
1207342,0,n2,rest
1207344,0,n2,rest
1207346,0,n2,rest
1207348,0,n2,rest
1207350,0,n2,rest
1207352,0,n2,rest
1207354,0,n2,rest
1207356,0,n2,rest
1207358,0,n2,rest
1207360,0,n2,rest
1207362,0,n2,rest
1207364,0,n2,rest
1207366,0,n2,rest
1207368,0,n2,rest
1207370,0,n2,rest
1207372,0,n2,rest
1207374,0,n2,rest
1207376,0,n2,rest
1207378,0,n2,rest
1207380,0,n2,rest
1207382,0,n2,rest
1207384,0,n2,rest
1207386,0,n2,rest
1207388,0,n2,rest
1207390,0,n2,rest
1207392,0,n2,rest
1207394,0,n2,rest
1207396,0,n2,rest
1207398,0,n2,rest
1207400,0,n2,rest
1207402,0,n2,rest
1207404,0,n2,rest
1207406,0,n2,rest
1207408,0,n2,rest
1207410,0,n2,rest
1207412,0,n2,rest
1207414,0,n2,rest
1207416,0,n2,rest
1207418,0,n2,rest
1207420,0,n2,rest
1207422,0,n2,rest
1207424,0,n2,rest
1207426,0,n2,rest
1207428,0,n2,rest
1207430,0,n2,rest
1207432,0,n2,rest
1207434,0,n2,rest
1207436,0,n2,rest
1207438,0,n2,rest
1207440,0,n2,rest
1207442,0,n2,rest
1207444,0,n2,rest
1207446,0,n2,rest
1207448,0,n2,rest
1207450,79,n2,rest
1207452,87,n2,rest
1207454,0,n2,rest
1207456,0,n2,rest
1207458,0,n2,rest
1207460,0,n2,rest
1207462,0,n2,rest
1207464,26,n2,rest
1207466,287,n2,rest
1207468,367,n2,rest
1207470,84,n2,rest
1207472,2531,n2,rest
1207474,1140,n2,rest
1207476,82,n2,rest
1207478,179,n2,rest
1207480,989,n2,rest
1207482,2176,n2,rest
1207484,3344,n2,rest
1207486,3326,n2,rest
1207488,2305,n2,rest
1207538,3652,n2,rest
1207540,1897,n2,rest
1207542,799,n2,rest
1207544,463,n2,rest
1207546,976,n2,rest
1207548,2301,n2,rest
1207550,3567,n2,rest
1207554,3247,n2,rest
1207556,1723,n2,rest
1207558,436,n2,rest
1207560,0,n2,rest
1207562,256,n2,rest
1207564,1233,n2,rest
1207566,2689,n2,rest
1207568,3719,n2,rest
1207570,3141,n2,rest
1207572,1938,n2,rest
1207574,594,n2,rest
1207576,0,n2,rest
1207578,0,n2,rest
1207580,838,n2,rest
1207582,2057,n2,rest
1207636,0,n2,rest
1207638,0,n2,rest
1207640,0,n2,rest
1207642,0,n2,rest
1207644,0,n2,rest
1207646,0,n2,rest
1207648,0,n2,rest
1207650,0,n2,rest
1207652,0,n2,rest
1207654,0,n2,rest
1207656,0,n2,rest
1207658,0,n2,rest
1207660,0,n2,rest
1207662,0,n2,rest
1207664,0,n2,rest
1207666,0,n2,rest
1207668,0,n2,rest
1207670,0,n2,rest
1207672,0,n2,rest
1207674,0,n2,rest
1207676,0,n2,rest
1207678,0,n2,rest
1207680,0,n2,rest
1207682,0,n2,rest
1207684,0,n2,rest
1207686,0,n2,rest
1207688,0,n2,rest
1207690,0,n2,rest
1207692,0,n2,rest
1207694,0,n2,rest
1207696,0,n2,rest
1207698,0,n2,rest
1207700,0,n2,rest
1207702,0,n2,rest
1207704,0,n2,rest
1207706,0,n2,rest
1207708,0,n2,rest
1207710,0,n2,rest
1207712,0,n2,rest
1207714,0,n2,rest
1207716,0,n2,rest
1207718,0,n2,rest
1207720,112,n2,rest
1207722,151,n2,rest
1207724,303,n2,rest
1207726,502,n2,rest
1207728,699,n2,rest
1207730,202,n2,rest
1207732,0,n2,rest
1207734,0,n2,rest
1207736,0,n2,rest
1207738,0,n2,rest
1207740,0,n2,rest
1207742,0,n2,rest
1207744,0,n2,rest
1207746,0,n2,rest
1207748,0,n2,rest
1207750,0,n2,rest
1207752,0,n2,rest
1207754,0,n2,rest
1207756,0,n2,rest
1207758,0,n2,rest
1207760,0,n2,rest
1207762,0,n2,rest
1207764,0,n2,rest
1207766,0,n2,rest
1207768,0,n2,rest
1207770,0,n2,rest
1207772,0,n2,rest
1207774,0,n2,rest
1207776,0,n2,rest
1207778,0,n2,rest
1207780,0,n2,rest
1207782,0,n2,rest
1207784,0,n2,rest
1207786,0,n2,rest
1207788,0,n2,rest
1207790,0,n2,rest
1207792,0,n2,rest
1207794,0,n2,rest
1207796,0,n2,rest
1207798,0,n2,rest
1207800,100,n2,rest
1207802,346,n2,rest
1207804,567,n2,rest
1207806,755,n2,rest
1207808,923,n2,rest
1207810,1080,n2,rest
1207812,1229,n2,rest
1207814,1363,n2,rest
1207816,1485,n2,rest
1207818,1614,n2,rest
1207820,1713,n2,rest
1207822,1822,n2,rest
1207824,1918,n2,rest
1207826,2006,n2,rest
1207828,2110,n2,rest
1207830,2183,n2,rest
1207832,2303,n2,rest
1207834,2741,n2,rest
1207836,3511,n2,rest
1207862,4010,n2,rest
1207864,3774,n2,rest
1207866,3572,n2,rest
1207868,3434,n2,rest
1207870,3334,n2,rest
1207872,3259,n2,rest
1207874,3200,n2,rest
1207876,3153,n2,rest
1207878,1382,n2,rest
1207880,1355,n2,rest
1207882,1295,n2,rest
1207884,1232,n2,rest
1207886,1171,n2,rest
1207888,1113,n2,rest
1207890,1063,n2,rest
1207892,1008,n2,rest
1207894,957,n2,rest
1207896,911,n2,rest
1207898,866,n2,rest
1207900,826,n2,rest
1207902,784,n2,rest
1207904,743,n2,rest
1207906,707,n2,rest
1207908,675,n2,rest
1207910,643,n2,rest
1207912,610,n2,rest
1207914,576,n2,rest
1207916,551,n2,rest
1207918,523,n2,rest
1207920,495,n2,rest
1207922,466,n2,rest
1207924,445,n2,rest
1207926,419,n2,rest
1207928,400,n2,rest
1207930,379,n2,rest
1207932,359,n2,rest
1207934,336,n2,rest
1207936,323,n2,rest
1207938,305,n2,rest
1207940,287,n2,rest
1207942,272,n2,rest
1207944,257,n2,rest
1207946,241,n2,rest
1207948,233,n2,rest
1207950,214,n2,rest
1207952,202,n2,rest
1207954,193,n2,rest
1207956,176,n2,rest
1207958,170,n2,rest
1207960,157,n2,rest
1207962,145,n2,rest
1207964,139,n2,rest
1207966,128,n2,rest
1207968,117,n2,rest
1207970,110,n2,rest
1207972,102,n2,rest
1207974,93,n2,rest
1207976,85,n2,rest
1207978,80,n2,rest
1207980,78,n2,rest
1207982,64,n2,rest
1207984,63,n2,rest
1207986,55,n2,rest
1207988,48,n2,rest
1207990,45,n2,rest
1207992,41,n2,rest
1207994,32,n2,rest
1207996,30,n2,rest
1207998,19,n2,rest
1208000,17,n2,rest
1208002,17,n2,rest
1208004,15,n2,rest
1208006,12,n2,rest
1208008,7,n2,rest
1208010,3,n2,rest
1208012,0,n2,rest
1208014,0,n2,rest
1208016,0,n2,rest
1208018,0,n2,rest
1208020,0,n2,rest
1208022,0,n2,rest
1208024,0,n2,rest
1208026,0,n2,rest
1208028,0,n2,rest
1208030,0,n2,rest
1208032,0,n2,rest
1208034,272,n2,rest
1208036,464,n2,rest
1208038,372,n2,rest
1208040,304,n2,rest
1208042,225,n2,rest
1208044,128,n2,rest
1208046,30,n2,rest
1208048,0,n2,rest
1208050,0,n2,rest
1208052,0,n2,rest
1208054,0,n2,rest
1208056,0,n2,rest
1208058,0,n2,rest
1208060,0,n2,rest
1208062,0,n2,rest
1208064,0,n2,rest
1208066,0,n2,rest
1208068,0,n2,rest
1208070,0,n2,rest
1208072,0,n2,rest
1208074,0,n2,rest
1208076,0,n2,rest
1208078,0,n2,rest
1208080,0,n2,rest
1208082,0,n2,rest
1208084,0,n2,rest
1208086,0,n2,rest
1208088,0,n2,rest
1208090,0,n2,rest
1208092,0,n2,rest
1208094,0,n2,rest
1208096,0,n2,rest
1208098,0,n2,rest
1208100,0,n2,rest
1208102,0,n2,rest
1208104,0,n2,rest
1208106,0,n2,rest
1208108,0,n2,rest
1208110,0,n2,rest
1208112,0,n2,rest
1208114,0,n2,rest
1208116,0,n2,rest
1208118,1071,n2,rest
1208120,1013,n2,rest
1208122,965,n2,rest
1208124,919,n2,rest
1208126,876,n2,rest
1208128,832,n2,rest
1208130,787,n2,rest
1208132,752,n2,rest
1208134,717,n2,rest
1208136,683,n2,rest
1208138,871,n2,rest
1208140,1084,n2,rest
1208142,1255,n2,rest
1208144,1419,n2,rest
1208146,1566,n2,rest
1208148,1685,n2,rest
1208150,1808,n2,rest
1208152,1916,n2,rest
1208154,2018,n2,rest
1208156,2120,n2,rest
1208158,2201,n2,rest
1208160,2288,n2,rest
1208162,2368,n2,rest
1208164,2430,n2,rest
1208166,2509,n2,rest
1208168,2585,n2,rest
1208170,2722,n2,rest
1208172,3322,n2,rest
1208200,4016,n2,rest
1208202,3773,n2,rest
1208204,3578,n2,rest
1208206,3437,n2,rest
1208208,3341,n2,rest
1208210,3257,n2,rest
1208212,3201,n2,rest
1208214,3152,n2,rest
1208216,3130,n2,rest
1208218,3095,n2,rest
1208220,3065,n2,rest
1208222,3049,n2,rest
1208224,3037,n2,rest
1208226,3022,n2,rest
1208228,3011,n2,rest
1208230,3001,n2,rest
1208232,2995,n2,rest
1208234,2992,n2,rest
1208236,2976,n2,rest
1208238,2974,n2,rest
1208240,2961,n2,rest
1208242,2963,n2,rest
1208244,2960,n2,rest
1208246,2953,n2,rest
1208248,2943,n2,rest
1208250,2949,n2,rest
1208252,2946,n2,rest
1208254,2949,n2,rest
1208256,2944,n2,rest
1208258,2943,n2,rest
1208260,2935,n2,rest
1208262,2938,n2,rest
1208264,2941,n2,rest
1208266,2935,n2,rest
1208268,2939,n2,rest
1208270,2930,n2,rest
1208272,2941,n2,rest
1208274,2930,n2,rest
1208276,2925,n2,rest
1208278,2931,n2,rest
1208280,2931,n2,rest
1208282,2929,n2,rest
1208284,2929,n2,rest
1208286,2928,n2,rest
1208288,2928,n2,rest
1208290,2933,n2,rest
1208292,2928,n2,rest
1208294,2935,n2,rest
1208296,2929,n2,rest
1208298,2933,n2,rest
1208300,2930,n2,rest
1208302,2930,n2,rest
1208304,2935,n2,rest
1208306,2930,n2,rest
1208308,2928,n2,rest
1208310,2930,n2,rest
1208312,2935,n2,rest
1208314,2931,n2,rest
1208316,2935,n2,rest
1208318,2933,n2,rest
1208320,2930,n2,rest
1208322,2937,n2,rest
1208324,2934,n2,rest
1208326,2939,n2,rest
1208328,2939,n2,rest
1208330,2942,n2,rest
1208332,2939,n2,rest
1208334,2943,n2,rest
1208336,2942,n2,rest
1208338,2934,n2,rest
1208340,2944,n2,rest
1208342,2938,n2,rest
1208344,2942,n2,rest
1208346,2947,n2,rest
1208348,2945,n2,rest
1208350,2945,n2,rest
1208352,2943,n2,rest
1208354,2939,n2,rest
1208356,2947,n2,rest
1208358,2945,n2,rest
1208360,2956,n2,rest
1208362,2948,n2,rest
1208364,2947,n2,rest
1208366,2945,n2,rest
1208368,2951,n2,rest
1208370,2947,n2,rest
1208372,2945,n2,rest
1208374,2945,n2,rest
1208376,2957,n2,rest
1208378,2960,n2,rest
1208380,2951,n2,rest
1208382,2951,n2,rest
1208384,2960,n2,rest
1208386,2961,n2,rest
1208388,2959,n2,rest
1208390,2961,n2,rest
1208392,2959,n2,rest
1208394,2958,n2,rest
1208396,2969,n2,rest
1208398,2967,n2,rest
1208400,2959,n2,rest
1208402,2960,n2,rest
1208404,2963,n2,rest
1208406,2960,n2,rest
1208408,2960,n2,rest
1208410,2963,n2,rest
1208412,2963,n2,rest
1208414,2966,n2,rest
1208416,2963,n2,rest
1208418,2970,n2,rest
1208420,2963,n2,rest
1208422,2963,n2,rest
1208424,2970,n2,rest
1208426,2969,n2,rest
1208428,2977,n2,rest
1208430,2962,n2,rest
1208432,2969,n2,rest
1208434,2974,n2,rest
1208436,2978,n2,rest
1208438,2971,n2,rest
1208440,2979,n2,rest
1208442,2981,n2,rest
1208444,2976,n2,rest
1208446,2987,n2,rest
1208448,2985,n2,rest
1208450,2983,n2,rest
1208452,2981,n2,rest
1208454,2978,n2,rest
1208456,2981,n2,rest
1208458,2981,n2,rest
1208460,2981,n2,rest
1208462,2983,n2,rest
1208464,2985,n2,rest
1208466,2983,n2,rest
1208468,2986,n2,rest
1208470,2989,n2,rest
1208472,2988,n2,rest
1208474,2991,n2,rest
1208476,2987,n2,rest
1208478,2986,n2,rest
1208480,2989,n2,rest
1208482,2992,n2,rest
1208484,2992,n2,rest
1208486,2993,n2,rest
1208488,2992,n2,rest
1208490,2999,n2,rest
1208492,2992,n2,rest
1208494,2992,n2,rest
1208496,607,n2,rest
1208498,1055,n2,rest
1208500,1326,n2,rest
1208502,1488,n2,rest
1208504,1590,n2,rest
1208506,1634,n2,rest
1208508,1641,n2,rest
1208510,1623,n2,rest
1208512,1587,n2,rest
1208514,1535,n2,rest
1208516,1479,n2,rest
1208518,1431,n2,rest
1208520,1374,n2,rest
1208522,1314,n2,rest
1208524,1258,n2,rest
1208526,1198,n2,rest
1208528,1137,n2,rest
1208530,1090,n2,rest
1208532,1037,n2,rest
1208534,981,n2,rest
1208536,934,n2,rest
1208538,892,n2,rest
1208540,848,n2,rest
1208542,805,n2,rest
1208544,767,n2,rest
1208546,726,n2,rest
1208548,697,n2,rest
1208550,656,n2,rest
1208552,626,n2,rest
1208554,594,n2,rest
1208556,569,n2,rest
1208558,539,n2,rest
1208560,507,n2,rest
1208562,481,n2,rest
1208564,459,n2,rest
1208566,436,n2,rest
1208568,410,n2,rest
1208570,389,n2,rest
1208572,368,n2,rest
1208574,347,n2,rest
1208576,329,n2,rest
1208578,313,n2,rest
1208580,302,n2,rest
1208582,279,n2,rest
1208584,266,n2,rest
1208586,250,n2,rest
1208588,240,n2,rest
1208590,223,n2,rest
1208592,210,n2,rest
1208594,197,n2,rest
1208596,181,n2,rest
1208598,171,n2,rest
1208600,160,n2,rest
1208602,149,n2,rest
1208604,141,n2,rest
1208606,133,n2,rest
1208608,125,n2,rest
1208610,113,n2,rest
1208612,106,n2,rest
1208614,100,n2,rest
1208616,89,n2,rest
1208618,81,n2,rest
1208620,78,n2,rest
1208622,69,n2,rest
1208624,67,n2,rest
1208626,59,n2,rest
1208628,55,n2,rest
1208630,48,n2,rest
1208632,42,n2,rest
1208634,46,n2,rest
1208636,42,n2,rest
1208638,35,n2,rest
1208640,31,n2,rest
1208642,29,n2,rest
1208644,19,n2,rest
1208646,16,n2,rest
1208648,16,n2,rest
1208650,9,n2,rest
1208652,6,n2,rest
1208654,3,n2,rest
1208656,0,n2,rest
1208658,0,n2,rest
1208660,0,n2,rest
1208662,0,n2,rest
1208664,0,n2,rest
1208666,0,n2,rest
1208668,0,n2,rest
1208670,291,n2,rest
1208672,506,n2,rest
1208674,607,n2,rest
1208676,765,n2,rest
1208678,893,n2,rest
1208680,991,n2,rest
1208682,1104,n2,rest
1208684,1333,n2,rest
1208686,1467,n2,rest
1208688,1591,n2,rest
1208690,1711,n2,rest
1208692,1808,n2,rest
1208694,1905,n2,rest
1208696,2000,n2,rest
1208698,2095,n2,rest
1208700,2180,n2,rest
1208702,2270,n2,rest
1208704,2483,n2,rest
1208706,3137,n2,rest
1208708,4062,n2,rest
1208734,3873,n2,rest
1208736,3642,n2,rest
1208738,3479,n2,rest
1208740,3371,n2,rest
1208742,3280,n2,rest
1208744,3215,n2,rest
1208746,3171,n2,rest
1208748,3133,n2,rest
1208750,3095,n2,rest
1208752,3081,n2,rest
1208754,3055,n2,rest
1208756,3029,n2,rest
1208758,3019,n2,rest
1208760,3013,n2,rest
1208762,2991,n2,rest
1208764,2998,n2,rest
1208766,2987,n2,rest
1208768,2979,n2,rest
1208770,2979,n2,rest
1208772,2963,n2,rest
1208774,2961,n2,rest
1208776,2959,n2,rest
1208778,2958,n2,rest
1208780,2955,n2,rest
1208782,2950,n2,rest
1208784,2951,n2,rest
1208786,2939,n2,rest
1208788,2941,n2,rest
1208790,2934,n2,rest
1208792,2943,n2,rest
1208794,2943,n2,rest
1208796,2938,n2,rest
1208798,2939,n2,rest
1208800,2938,n2,rest
1208802,2928,n2,rest
1208804,2934,n2,rest
1208806,2935,n2,rest
1208808,2928,n2,rest
1208810,2928,n2,rest
1208812,2930,n2,rest
1208814,2929,n2,rest
1208816,2934,n2,rest
1208818,2931,n2,rest
1208820,2935,n2,rest
1208822,2934,n2,rest
1208824,2928,n2,rest
1208826,2928,n2,rest
1208828,2928,n2,rest
1208830,2931,n2,rest
1208832,2930,n2,rest
1208834,2933,n2,rest
1208836,2933,n2,rest
1208838,2928,n2,rest
1208840,2939,n2,rest
1208842,2940,n2,rest
1208844,2941,n2,rest
1208846,2929,n2,rest
1208848,2935,n2,rest
1208850,2928,n2,rest
1208852,2940,n2,rest
1208854,2935,n2,rest
1208856,2938,n2,rest
1208858,2931,n2,rest
1208860,2934,n2,rest
1208862,2933,n2,rest
1208864,2944,n2,rest
1208866,2934,n2,rest
1208868,2942,n2,rest
1208870,2945,n2,rest
1208872,2943,n2,rest
1208874,2945,n2,rest
1208876,2941,n2,rest
1208878,2946,n2,rest
1208880,2948,n2,rest
1208882,2950,n2,rest
1208884,2950,n2,rest
1208886,2950,n2,rest
1208888,2949,n2,rest
1208890,2946,n2,rest
1208892,2941,n2,rest
1208894,2945,n2,rest
1208896,2947,n2,rest
1208898,2949,n2,rest
1208900,2948,n2,rest
1208902,2947,n2,rest
1208904,2949,n2,rest
1208906,2958,n2,rest
1208908,2959,n2,rest
1208910,2957,n2,rest
1208912,2954,n2,rest
1208914,2955,n2,rest
1208916,2957,n2,rest
1208918,2957,n2,rest
1208920,2959,n2,rest
1208922,2958,n2,rest
1208924,2959,n2,rest
1208926,2960,n2,rest
1208928,2966,n2,rest
1208930,2965,n2,rest
1208932,2966,n2,rest
1208934,2957,n2,rest
1208936,2961,n2,rest
1208938,2960,n2,rest
1208940,2960,n2,rest
1208942,2970,n2,rest
1208944,2967,n2,rest
1208946,2971,n2,rest
1208948,2973,n2,rest
1208950,2973,n2,rest
1208952,2972,n2,rest
1208954,2971,n2,rest
1208956,2971,n2,rest
1208958,2975,n2,rest
1208960,2962,n2,rest
1208962,2977,n2,rest
1208964,2977,n2,rest
1208966,2977,n2,rest
1208968,2971,n2,rest
1208970,2977,n2,rest
1208972,2977,n2,rest
1208974,2973,n2,rest
1208976,2983,n2,rest
1208978,2983,n2,rest
1208980,2978,n2,rest
1208982,2986,n2,rest
1208984,2979,n2,rest
1208986,2983,n2,rest
1208988,2977,n2,rest
1208990,2985,n2,rest
1208992,2986,n2,rest
1208994,2985,n2,rest
1208996,2981,n2,rest
1208998,2989,n2,rest
1209000,2988,n2,rest
1209002,2986,n2,rest
1209004,2992,n2,rest
1209006,2991,n2,rest
1209008,2983,n2,rest
1209010,2989,n2,rest
1209012,2992,n2,rest
1209014,2993,n2,rest
1209016,2990,n2,rest
1209018,2998,n2,rest
1209020,2992,n2,rest
1209022,2994,n2,rest
1209024,2999,n2,rest
1209026,2998,n2,rest
1209028,2994,n2,rest
1209030,2994,n2,rest
1209032,3004,n2,rest
1209034,2995,n2,rest
1209036,3006,n2,rest
1209038,2999,n2,rest
1209040,2997,n2,rest
1209042,2992,n2,rest
1209044,2998,n2,rest
1209046,3007,n2,rest
1209048,2999,n2,rest
1209050,3007,n2,rest
1209052,2999,n2,rest
1209054,3007,n2,rest
1209056,3005,n2,rest
1209058,3009,n2,rest
1209060,3003,n2,rest
1209062,3008,n2,rest
1209064,3011,n2,rest
1209066,3019,n2,rest
1209068,3006,n2,rest
1209070,3006,n2,rest
1209072,3018,n2,rest
1209074,3010,n2,rest
1209076,3013,n2,rest
1209078,3010,n2,rest
1209080,3010,n2,rest
1209082,3019,n2,rest
1209084,3009,n2,rest
1209086,3011,n2,rest
1209088,3016,n2,rest
1209090,3018,n2,rest
1209092,3015,n2,rest
1209094,3013,n2,rest
1209096,3017,n2,rest
1209098,3023,n2,rest
1209100,3015,n2,rest
1209102,3019,n2,rest
1209104,3024,n2,rest
1209106,3019,n2,rest
1209108,3020,n2,rest
1209110,3022,n2,rest
1209112,3020,n2,rest
1209114,3022,n2,rest
1209116,3024,n2,rest
1209118,3025,n2,rest
1209120,3023,n2,rest
1209122,3025,n2,rest
1209124,3024,n2,rest
1209126,3026,n2,rest
1209128,3024,n2,rest
1209130,3024,n2,rest
1209132,3031,n2,rest
1209134,3027,n2,rest
1209136,3030,n2,rest
1209138,3031,n2,rest
1209140,3024,n2,rest
1209142,3029,n2,rest
1209144,3030,n2,rest
1209146,3027,n2,rest
1209148,3034,n2,rest
1209150,3030,n2,rest
1209152,3036,n2,rest
1209154,3027,n2,rest
1209156,3035,n2,rest
1209158,3039,n2,rest
1209160,3043,n2,rest
1209162,3036,n2,rest
1209164,3039,n2,rest
1209166,3045,n2,rest
1209168,3041,n2,rest
1209170,3040,n2,rest
1209172,3039,n2,rest
1209174,3043,n2,rest
1209176,3043,n2,rest
1209178,3039,n2,rest
1209180,3041,n2,rest
1209182,3046,n2,rest
1209184,3043,n2,rest
1209186,3043,n2,rest
1209188,3050,n2,rest
1209190,3043,n2,rest
1209192,3047,n2,rest
1209194,3056,n2,rest
1209196,3052,n2,rest
1209198,3050,n2,rest
1209200,3056,n2,rest
1209202,3051,n2,rest
1209204,3054,n2,rest
1209206,3051,n2,rest
1209208,3054,n2,rest
1209210,3047,n2,rest
1209212,3051,n2,rest
1209214,3050,n2,rest
1209216,3053,n2,rest
1209218,3058,n2,rest
1209220,3057,n2,rest
1209222,3056,n2,rest
1209224,3057,n2,rest
1209226,3054,n2,rest
1209228,3056,n2,rest
1209230,3058,n2,rest
1209232,3055,n2,rest
1209234,3057,n2,rest
1209236,3065,n2,rest
1209238,3056,n2,rest
1209240,3056,n2,rest
1209242,3063,n2,rest
1209244,3062,n2,rest
1209246,3061,n2,rest
1209248,3062,n2,rest
1209250,3061,n2,rest
1209252,3062,n2,rest
1209254,3070,n2,rest
1209256,3063,n2,rest
1209258,3067,n2,rest
1209260,3066,n2,rest
1209262,3071,n2,rest
1209264,3063,n2,rest
1209266,3070,n2,rest
1209268,3071,n2,rest
1209270,3070,n2,rest
1209272,3071,n2,rest
1209274,3071,n2,rest
1209276,3067,n2,rest
1209278,3071,n2,rest
1209280,3066,n2,rest
1209282,3086,n2,rest
1209284,3071,n2,rest
1209286,3070,n2,rest
1209288,3065,n2,rest
1209290,3083,n2,rest
1209292,3083,n2,rest
1209294,3069,n2,rest
1209296,3082,n2,rest
1209298,3083,n2,rest
1255312,0,n2,rest
1255314,0,n2,rest
1255316,0,n2,rest
1255318,0,n2,rest
1255320,0,n2,rest
1255322,0,n2,rest
1255324,0,n2,rest
1255326,0,n2,rest
1255328,0,n2,rest
1255330,0,n2,rest
1255332,0,n2,rest
1255334,0,n2,rest
1255336,0,n2,rest
1255338,0,n2,rest
1255340,0,n2,rest
1255342,0,n2,rest
1255344,0,n2,rest
1255346,0,n2,rest
1255348,0,n2,rest
1255350,0,n2,rest
1255352,0,n2,rest
1255354,0,n2,rest
1255356,0,n2,rest
1255358,0,n2,rest
1255360,0,n2,rest
1255362,0,n2,rest
1255364,0,n2,rest
1255366,0,n2,rest
1255368,0,n2,rest
1255370,0,n2,rest
1255372,0,n2,rest
1255374,0,n2,rest
1255376,0,n2,rest
1255378,0,n2,rest
1255380,0,n2,rest
1255382,0,n2,rest
1255384,0,n2,rest
1255386,0,n2,rest
1255388,0,n2,rest
1255390,0,n2,rest
1255392,0,n2,rest
1255394,0,n2,rest
1255396,0,n2,rest
1255398,0,n2,rest
1255400,0,n2,rest
1255402,0,n2,rest
1255404,0,n2,rest
1255406,0,n2,rest
1255408,0,n2,rest
1255410,0,n2,rest
1255412,0,n2,rest
1255414,0,n2,rest
1255416,0,n2,rest
1255418,0,n2,rest
1255420,0,n2,rest
1255422,0,n2,rest
1255424,0,n2,rest
1255426,0,n2,rest
1255428,0,n2,rest
1255430,0,n2,rest
1255432,0,n2,rest
1255434,0,n2,rest
1255436,0,n2,rest
1255438,0,n2,rest
1255440,0,n2,rest
1255442,0,n2,rest
1255444,0,n2,rest
1255446,0,n2,rest
1255448,0,n2,rest
1255450,0,n2,rest
1255452,0,n2,rest
1255454,0,n2,rest
1255456,0,n2,rest
1255458,0,n2,rest
1255460,0,n2,rest
1255462,0,n2,rest
1255464,0,n2,rest
1255466,0,n2,rest
1255468,0,n2,rest
1255470,0,n2,rest
1255472,0,n2,rest
1255474,0,n2,rest
1255476,0,n2,rest
1255478,0,n2,rest
1255480,0,n2,rest
1255482,0,n2,rest
1255484,0,n2,rest
1255486,0,n2,rest
1255488,0,n2,rest
1255490,0,n2,rest
1255492,0,n2,rest
1255494,0,n2,rest
1255496,0,n2,rest
1255498,0,n2,rest
1255500,0,n2,rest
1255502,0,n2,rest
1255504,0,n2,rest
1255506,0,n2,rest
1255508,0,n2,rest
1255510,0,n2,rest
1255512,0,n2,rest
1255514,0,n2,rest
1255516,0,n2,rest
1255518,0,n2,rest
1255520,0,n2,rest
1255522,0,n2,rest
1255524,0,n2,rest
1255526,0,n2,rest
1255528,0,n2,rest
1255530,0,n2,rest
1255532,0,n2,rest
1255534,0,n2,rest
1255536,0,n2,rest
1255538,0,n2,rest
1255540,0,n2,rest
1255542,0,n2,rest
1255544,0,n2,rest
1255546,0,n2,rest
1255548,0,n2,rest
1255550,0,n2,rest
1255552,0,n2,rest
1255554,0,n2,rest
1255556,0,n2,rest
1255558,0,n2,rest
1255560,0,n2,rest
1255562,0,n2,rest
1255564,0,n2,rest
1255566,0,n2,rest
1255568,0,n2,rest
1255570,0,n2,rest
1255572,0,n2,rest
1255574,0,n2,rest
1255576,0,n2,rest
1255578,0,n2,rest
1255580,0,n2,rest
1255582,0,n2,rest
1255584,0,n2,rest
1255586,0,n2,rest
1255588,0,n2,rest
1255590,0,n2,rest
1255592,0,n2,rest
1255594,0,n2,rest
1255596,0,n2,rest
1255598,0,n2,rest
1255600,0,n2,rest
1255602,0,n2,rest
1255604,0,n2,rest
1255606,0,n2,rest
1255608,0,n2,rest
1255610,0,n2,rest
1255612,0,n2,rest
1255614,0,n2,rest
1255616,0,n2,rest
1255618,0,n2,rest
1255620,0,n2,rest
1255622,0,n2,rest
1255624,0,n2,rest
1255626,0,n2,rest
1255628,0,n2,rest
1255630,0,n2,rest
1255632,0,n2,rest
1255634,0,n2,rest
1255636,0,n2,rest
1255638,0,n2,rest
1255640,0,n2,rest
1255642,0,n2,rest
1255644,0,n2,rest
1255646,0,n2,rest
1255648,0,n2,rest
1255650,0,n2,rest
1255652,0,n2,rest
1255654,0,n2,rest
1255656,0,n2,rest
1255658,0,n2,rest
1255660,0,n2,rest
1255662,0,n2,rest
1255664,0,n2,rest
1255666,0,n2,rest
1255668,0,n2,rest
1255670,0,n2,rest
1255672,0,n2,rest
1255674,0,n2,rest
1255676,0,n2,rest
1255678,0,n2,rest
1255680,0,n2,rest
1255682,0,n2,rest
1255684,0,n2,rest
1255686,0,n2,rest
1255688,0,n2,rest
1255690,0,n2,rest
1255692,0,n2,rest
1255694,0,n2,rest
1255696,0,n2,rest
1255698,0,n2,rest
1255700,0,n2,rest
1255702,0,n2,rest
1255704,0,n2,rest
1255706,0,n2,rest
1255708,0,n2,rest
1255710,0,n2,rest
1255712,0,n2,rest
1255714,0,n2,rest
1255716,0,n2,rest
1255718,0,n2,rest
1255720,0,n2,rest
1255722,0,n2,rest
1255724,0,n2,rest
1255726,0,n2,rest
1255728,0,n2,rest
1255730,0,n2,rest
1255732,0,n2,rest
1255734,0,n2,rest
1255736,0,n2,rest
1255738,0,n2,rest
1255740,0,n2,rest
1255742,0,n2,rest
1255744,0,n2,rest
1255746,0,n2,rest
1255748,0,n2,rest
1255750,0,n2,rest
1255752,0,n2,rest
1255754,0,n2,rest
1255756,0,n2,rest
1255758,0,n2,rest
1255760,0,n2,rest
1255762,0,n2,rest
1255764,0,n2,rest
1255766,0,n2,rest
1255768,0,n2,rest
1255770,0,n2,rest
1255772,0,n2,rest
1255774,0,n2,rest
1255776,0,n2,rest
1255778,0,n2,rest
1255780,0,n2,rest
1255782,0,n2,rest
1255784,0,n2,rest
1255786,0,n2,rest
1255788,0,n2,rest
1255790,0,n2,rest
1255792,0,n2,rest
1255794,0,n2,rest
1255796,0,n2,rest
1255798,0,n2,rest
1255800,0,n2,rest
1255802,0,n2,rest
1255804,0,n2,rest
1255806,0,n2,rest
1255808,0,n2,rest
1255810,0,n2,rest
1255812,0,n2,rest
1255814,0,n2,rest
1255816,0,n2,rest
1255818,0,n2,rest
1255820,0,n2,rest
1255822,0,n2,rest
1255824,0,n2,rest
1255826,0,n2,rest
1255828,0,n2,rest
1255830,0,n2,rest
1255832,0,n2,rest
1255834,0,n2,rest
1255836,0,n2,rest
1255838,0,n2,rest
1255840,0,n2,rest
1255842,0,n2,rest
1255844,0,n2,rest
1255846,0,n2,rest
1255848,0,n2,rest
1255850,0,n2,rest
1255852,0,n2,rest
1255854,0,n2,rest
1255856,0,n2,rest
1255858,0,n2,rest
1255860,0,n2,rest
1255862,0,n2,rest
1255864,0,n2,rest
1255866,0,n2,rest
1255868,0,n2,rest
1255870,0,n2,rest
1255872,0,n2,rest
1255874,0,n2,rest
1255876,0,n2,rest
1255878,0,n2,rest
1255880,0,n2,rest
1255882,0,n2,rest
1255884,0,n2,rest
1255886,0,n2,rest
1255888,0,n2,rest
1255890,0,n2,rest
1255892,0,n2,rest
1255894,0,n2,rest
1255896,0,n2,rest
1255898,0,n2,rest
1255900,0,n2,rest
1255902,0,n2,rest
1255904,0,n2,rest
1255906,0,n2,rest
1255908,0,n2,rest
1255910,0,n2,rest
1255912,0,n2,rest
1255914,0,n2,rest
1255916,0,n2,rest
1255918,0,n2,rest
1255920,0,n2,rest
1255922,0,n2,rest
1255924,0,n2,rest
1255926,0,n2,rest
1255928,0,n2,rest
1255930,0,n2,rest
1255932,0,n2,rest
1255934,0,n2,rest
1255936,0,n2,rest
1255938,0,n2,rest
1255940,0,n2,rest
1255942,0,n2,rest
1255944,0,n2,rest
1255946,0,n2,rest
1255948,0,n2,rest
1255950,0,n2,rest
1255952,0,n2,rest
1255954,0,n2,rest
1255956,0,n2,rest
1255958,0,n2,rest
1255960,0,n2,rest
1255962,0,n2,rest
1255964,0,n2,rest
1255966,0,n2,rest
1255968,0,n2,rest
1255970,0,n2,rest
1255972,0,n2,rest
1255974,0,n2,rest
1255976,0,n2,rest
1255978,0,n2,rest
1255980,0,n2,rest
1255982,0,n2,rest
1255984,0,n2,rest
1255986,0,n2,rest
1255988,0,n2,rest
1255990,0,n2,rest
1255992,0,n2,rest
1255994,0,n2,rest
1255996,0,n2,rest
1255998,0,n2,rest
1256000,0,n2,rest
1256002,0,n2,rest
1256004,0,n2,rest
1256006,0,n2,rest
1256008,0,n2,rest
1256010,0,n2,rest
1256012,0,n2,rest
1256014,0,n2,rest
1256016,0,n2,rest
1256018,0,n2,rest
1256020,0,n2,rest
1256022,0,n2,rest
1256024,0,n2,rest
1256026,0,n2,rest
1256028,0,n2,rest
1256030,0,n2,rest
1256032,0,n2,rest
1256034,0,n2,rest
1256036,0,n2,rest
1256038,0,n2,rest
1256040,0,n2,rest
1256042,0,n2,rest
1256044,0,n2,rest
1256046,0,n2,rest
1256048,0,n2,rest
1256050,0,n2,rest
1256052,0,n2,rest
1256054,0,n2,rest
1256056,0,n2,rest
1256058,0,n2,rest
1256060,0,n2,rest
1256062,0,n2,rest
1256064,0,n2,rest
1256066,0,n2,rest
1256068,0,n2,rest
1256070,0,n2,rest
1256072,0,n2,rest
1256074,0,n2,rest
1256076,0,n2,rest
1256078,0,n2,rest
1256080,0,n2,rest
1256082,0,n2,rest
1256084,0,n2,rest
1256086,0,n2,rest
1256088,0,n2,rest
1256090,0,n2,rest
1256092,0,n2,rest
1256094,0,n2,rest
1256096,0,n2,rest
1256098,0,n2,rest
1256100,0,n2,rest
1256102,0,n2,rest
1256104,0,n2,rest
1256106,0,n2,rest
1256108,0,n2,rest
1256110,0,n2,rest
1256112,0,n2,rest
1256114,0,n2,rest
1256116,0,n2,rest
1256118,0,n2,rest
1256120,0,n2,rest
1256122,0,n2,rest
1256124,0,n2,rest
1256126,0,n2,rest
1256128,0,n2,rest
1256130,0,n2,rest
1256132,0,n2,rest
1256134,0,n2,rest
1256136,0,n2,rest
1256138,0,n2,rest
1256140,0,n2,rest
1256142,0,n2,rest
1256144,0,n2,rest
1256146,0,n2,rest
1256148,0,n2,rest
1256150,0,n2,rest
1256152,0,n2,rest
1256154,0,n2,rest
1256156,0,n2,rest
1256158,0,n2,rest
1256160,0,n2,rest
1256162,0,n2,rest
1256164,0,n2,rest
1256166,0,n2,rest
1256168,0,n2,rest
1256170,0,n2,rest
1256172,0,n2,rest
1256174,0,n2,rest
1256176,0,n2,rest
1256178,0,n2,rest
1256180,0,n2,rest
1256182,0,n2,rest
1256184,0,n2,rest
1256186,0,n2,rest
1256188,0,n2,rest
1256190,0,n2,rest
1256192,0,n2,rest
1256194,0,n2,rest
1256196,0,n2,rest
1256198,0,n2,rest
1256200,0,n2,rest
1256202,0,n2,rest
1256204,0,n2,rest
1256206,0,n2,rest
1256208,0,n2,rest
1256210,0,n2,rest
1256212,0,n2,rest
1256214,0,n2,rest
1256216,0,n2,rest
1256218,0,n2,rest
1256220,0,n2,rest
1256222,0,n2,rest
1256224,0,n2,rest
1256226,0,n2,rest
1256228,0,n2,rest
1256230,0,n2,rest
1256232,0,n2,rest
1256234,0,n2,rest
1256236,0,n2,rest
1256238,0,n2,rest
1256240,0,n2,rest
1256242,0,n2,rest
1256244,0,n2,rest
1256246,0,n2,rest
1256248,0,n2,rest
1256250,0,n2,rest
1256252,0,n2,rest
1256254,0,n2,rest
1256256,0,n2,rest
1256258,0,n2,rest
1256260,0,n2,rest
1256262,0,n2,rest
1256264,0,n2,rest
1256266,0,n2,rest
1256268,0,n2,rest
1256270,0,n2,rest
1256272,0,n2,rest
1256274,0,n2,rest
1256276,0,n2,rest
1256278,0,n2,rest
1256280,0,n2,rest
1256282,0,n2,rest
1256284,0,n2,rest
1256286,0,n2,rest
1256288,0,n2,rest
1256290,0,n2,rest
1256292,0,n2,rest
1256294,0,n2,rest
1256296,0,n2,rest
1256298,0,n2,rest
1256300,0,n2,rest
1256302,0,n2,rest
1256304,0,n2,rest
1256306,0,n2,rest
1256308,0,n2,rest
1256310,0,n2,rest
1256312,0,n2,rest
1256314,0,n2,rest
1256316,0,n2,rest
1256318,0,n2,rest
1256320,0,n2,rest
1256322,0,n2,rest
1256324,0,n2,rest
1256326,0,n2,rest
1256328,0,n2,rest
1256330,0,n2,rest
1256332,0,n2,rest
1256334,0,n2,rest
1256336,0,n2,rest
1256338,0,n2,rest
1256340,0,n2,rest
1256342,0,n2,rest
1256344,0,n2,rest
1256346,0,n2,rest
1256348,0,n2,rest
1256350,0,n2,rest
1256352,0,n2,rest
1256354,0,n2,rest
1256356,0,n2,rest
1256358,0,n2,rest
1256360,0,n2,rest
1256362,0,n2,rest
1256364,0,n2,rest
1256366,0,n2,rest
1256368,0,n2,rest
1256370,0,n2,rest
1256372,0,n2,rest
1256374,0,n2,rest
1256376,0,n2,rest
1256378,0,n2,rest
1256380,0,n2,rest
1256382,0,n2,rest
1256384,0,n2,rest
1256386,0,n2,rest
1256388,0,n2,rest
1256390,0,n2,rest
1256392,0,n2,rest
1256394,0,n2,rest
1256396,0,n2,rest
1256398,0,n2,rest
1256400,0,n2,rest
1256402,0,n2,rest
1256404,0,n2,rest
1256406,0,n2,rest
1256408,0,n2,rest
1256410,0,n2,rest
1256412,0,n2,rest
1256414,0,n2,rest
1256416,0,n2,rest
1256418,0,n2,rest
1256420,0,n2,rest
1256422,0,n2,rest
1256424,0,n2,rest
1256426,0,n2,rest
1256428,0,n2,rest
1256430,0,n2,rest
1256432,0,n2,rest
1256434,0,n2,rest
1256436,0,n2,rest
1256438,0,n2,rest
1256440,0,n2,rest
1256442,0,n2,rest
1256444,0,n2,rest
1256446,0,n2,rest
1256448,0,n2,rest
1256450,0,n2,rest
1256452,0,n2,rest
1256454,0,n2,rest
1256456,0,n2,rest
1256458,0,n2,rest
1256460,0,n2,rest
1256462,0,n2,rest
1256464,0,n2,rest
1256466,0,n2,rest
1256468,0,n2,rest
1256470,0,n2,rest
1256472,0,n2,rest
1256474,0,n2,rest
1256476,0,n2,rest
1256478,0,n2,rest
1256480,0,n2,rest
1256482,0,n2,rest
1256484,0,n2,rest
1256486,0,n2,rest
1256488,0,n2,rest
1256490,0,n2,rest
1256492,0,n2,rest
1256494,0,n2,rest
1256496,0,n2,rest
1256498,0,n2,rest
1256500,0,n2,rest
1256502,0,n2,rest
1256504,0,n2,rest
1256506,0,n2,rest
1256508,0,n2,rest
1256510,0,n2,rest
1256512,0,n2,rest
1256514,0,n2,rest
1256516,0,n2,rest
1256518,0,n2,rest
1256520,0,n2,rest
1256522,0,n2,rest
1256524,0,n2,rest
1256526,0,n2,rest
1256528,0,n2,rest
1256530,0,n2,rest
1256532,0,n2,rest
1256534,0,n2,rest
1256536,0,n2,rest
1256538,0,n2,rest
1256540,0,n2,rest
1256542,0,n2,rest
1256544,0,n2,rest
1256546,0,n2,rest
1256548,0,n2,rest
1256550,0,n2,rest
1256552,0,n2,rest
1256554,0,n2,rest
1256556,0,n2,rest
1256558,0,n2,rest
1256560,0,n2,rest
1256562,0,n2,rest
1256564,0,n2,rest
1256566,0,n2,rest
1256568,0,n2,rest
1256570,0,n2,rest
1256572,0,n2,rest
1256574,0,n2,rest
1256576,0,n2,rest
1256578,0,n2,rest
1256580,0,n2,rest
1256582,0,n2,rest
1256584,0,n2,rest
1256586,0,n2,rest
1256588,0,n2,rest
1256590,0,n2,rest
1256592,0,n2,rest
1256594,0,n2,rest
1256596,0,n2,rest
1256598,0,n2,rest
1256600,0,n2,rest
1256602,0,n2,rest
1256604,0,n2,rest
1256606,0,n2,rest
1256608,0,n2,rest
1256610,0,n2,rest
1256612,0,n2,rest
1256614,0,n2,rest
1256616,0,n2,rest
1256618,0,n2,rest
1256620,0,n2,rest
1256622,0,n2,rest
1256624,0,n2,rest
1256626,0,n2,rest
1256628,0,n2,rest
1256630,0,n2,rest
1256632,0,n2,rest
1256634,0,n2,rest
1256636,0,n2,rest
1256638,0,n2,rest
1256640,0,n2,rest
1256642,0,n2,rest
1256644,0,n2,rest
1256646,0,n2,rest
1256648,0,n2,rest
1256650,0,n2,rest
1256652,0,n2,rest
1256654,0,n2,rest
1256656,0,n2,rest
1256658,0,n2,rest
1256660,0,n2,rest
1256662,0,n2,rest
1256664,0,n2,rest
1256666,0,n2,rest
1256668,0,n2,rest
1256670,0,n2,rest
1256672,0,n2,rest
1256674,0,n2,rest
1256676,0,n2,rest
1256678,0,n2,rest
1256680,0,n2,rest
1256682,0,n2,rest
1256684,0,n2,rest
1256686,0,n2,rest
1256688,0,n2,rest
1256690,0,n2,rest
1256692,0,n2,rest
1256694,0,n2,rest
1256696,0,n2,rest
1256698,0,n2,rest
1256700,0,n2,rest
1256702,0,n2,rest
1256704,0,n2,rest
1256706,0,n2,rest
1256708,0,n2,rest
1256710,0,n2,rest
1256712,0,n2,rest
1256714,0,n2,rest
1256716,0,n2,rest
1256718,0,n2,rest
1256720,0,n2,rest
1256722,0,n2,rest
1256724,0,n2,rest
1256726,0,n2,rest
1256728,0,n2,rest
1256730,0,n2,rest
1256732,0,n2,rest
1256734,0,n2,rest
1256736,0,n2,rest
1256738,0,n2,rest
1256740,0,n2,rest
1256742,0,n2,rest
1256744,0,n2,rest
1256746,0,n2,rest
1256748,0,n2,rest
1256750,0,n2,rest
1256752,0,n2,rest
1256754,0,n2,rest
1256756,0,n2,rest
1256758,0,n2,rest
1256760,0,n2,rest
1256762,0,n2,rest
1256764,0,n2,rest
1256766,0,n2,rest
1256768,0,n2,rest
1256770,0,n2,rest
1256772,0,n2,rest
1256774,0,n2,rest
1256776,0,n2,rest
1256778,0,n2,rest
1256780,0,n2,rest
1256782,0,n2,rest
1256784,0,n2,rest
1256786,0,n2,rest
1256788,0,n2,rest
1256790,0,n2,rest
1256792,0,n2,rest
1256794,0,n2,rest
1256796,0,n2,rest
1256798,0,n2,rest
1256800,0,n2,rest
1256802,0,n2,rest
1256804,0,n2,rest
1256806,0,n2,rest
1256808,0,n2,rest
1256810,0,n2,rest
1256812,0,n2,rest
1256814,0,n2,rest
1256816,0,n2,rest
1256818,0,n2,rest
1256820,0,n2,rest
1256822,0,n2,rest
1256824,0,n2,rest
1256826,0,n2,rest
1256828,0,n2,rest
1256830,0,n2,rest
1256832,0,n2,rest
1256834,0,n2,rest
1256836,0,n2,rest
1256838,0,n2,rest
1256840,0,n2,rest
1256842,0,n2,rest
1256844,0,n2,rest
1256846,0,n2,rest
1256848,0,n2,rest
1256850,0,n2,rest
1256852,0,n2,rest
1256854,0,n2,rest
1256856,0,n2,rest
1256858,0,n2,rest
1256860,0,n2,rest
1256862,0,n2,rest
1256864,0,n2,rest
1256866,0,n2,rest
1256868,0,n2,rest
1256870,0,n2,rest
1256872,0,n2,rest
1256874,0,n2,rest
1256876,0,n2,rest
1256878,0,n2,rest
1256880,0,n2,rest
1256882,0,n2,rest
1256884,0,n2,rest
1256886,0,n2,rest
1256888,0,n2,rest
1256890,0,n2,rest
1256892,0,n2,rest
1256894,0,n2,rest
1256896,0,n2,rest
1256898,0,n2,rest
1256900,0,n2,rest
1256902,0,n2,rest
1256904,0,n2,rest
1256906,0,n2,rest
1256908,0,n2,rest
1256910,0,n2,rest
1256912,0,n2,rest
1256914,0,n2,rest
1256916,0,n2,rest
1256918,0,n2,rest
1256920,0,n2,rest
1256922,0,n2,rest
1256924,0,n2,rest
1256926,0,n2,rest
1256928,0,n2,rest
1256930,0,n2,rest
1256932,0,n2,rest
1256934,0,n2,rest
1256936,0,n2,rest
1256938,0,n2,rest
1256940,0,n2,rest
1256942,0,n2,rest
1256944,0,n2,rest
1256946,0,n2,rest
1256948,0,n2,rest
1256950,0,n2,rest
1256952,0,n2,rest
1256954,0,n2,rest
1256956,0,n2,rest
1256958,0,n2,rest
1256960,0,n2,rest
1256962,0,n2,rest
1256964,0,n2,rest
1256966,0,n2,rest
1256968,0,n2,rest
1256970,0,n2,rest
1256972,0,n2,rest
1256974,0,n2,rest
1256976,0,n2,rest
1256978,0,n2,rest
1256980,0,n2,rest
1256982,0,n2,rest
1256984,0,n2,rest
1256986,0,n2,rest
1256988,0,n2,rest
1256990,0,n2,rest
1256992,0,n2,rest
1256994,0,n2,rest
1256996,0,n2,rest
1256998,0,n2,rest
1257000,0,n2,rest
1257002,0,n2,rest
1257004,0,n2,rest
1257006,0,n2,rest
1257008,0,n2,rest
1257010,0,n2,rest
1257012,0,n2,rest
1257014,0,n2,rest
1257016,0,n2,rest
1257018,0,n2,rest
1257020,0,n2,rest
1257022,0,n2,rest
1257024,0,n2,rest
1257026,0,n2,rest
1257028,0,n2,rest
1257030,0,n2,rest
1257032,0,n2,rest
1257034,0,n2,rest
1257036,0,n2,rest
1257038,0,n2,rest
1257040,0,n2,rest
1257042,0,n2,rest
1257044,0,n2,rest
1257046,0,n2,rest
1257048,0,n2,rest
1257050,0,n2,rest
1257052,0,n2,rest
1257054,0,n2,rest
1257056,0,n2,rest
1257058,0,n2,rest
1257060,0,n2,rest
1257062,0,n2,rest
1257064,0,n2,rest
1257066,0,n2,rest
1257068,0,n2,rest
1257070,0,n2,rest
1257072,0,n2,rest
1257074,0,n2,rest
1257076,0,n2,rest
1257078,0,n2,rest
1257080,0,n2,rest
1257082,0,n2,rest
1257084,0,n2,rest
1257086,0,n2,rest
1257088,0,n2,rest
1257090,0,n2,rest
1257092,0,n2,rest
1257094,0,n2,rest
1257096,0,n2,rest
1257098,0,n2,rest
1257100,0,n2,rest
1257102,0,n2,rest
1257104,0,n2,rest
1257106,0,n2,rest
1257108,0,n2,rest
1257110,0,n2,rest
1257112,0,n2,rest
1257114,0,n2,rest
1257116,0,n2,rest
1257118,0,n2,rest
1257120,0,n2,rest
1257122,0,n2,rest
1257124,0,n2,rest
1257126,0,n2,rest
1257128,0,n2,rest
1257130,0,n2,rest
1257132,0,n2,rest
1257134,0,n2,rest
1257136,0,n2,rest
1257138,0,n2,rest
1257140,0,n2,rest
1257142,0,n2,rest
1257144,0,n2,rest
1257146,0,n2,rest
1257148,0,n2,rest
1257150,0,n2,rest
1257152,0,n2,rest
1257154,0,n2,rest
1257156,0,n2,rest
1257158,0,n2,rest
1257160,0,n2,rest
1257162,0,n2,rest
1257164,0,n2,rest
1257166,0,n2,rest
1257168,0,n2,rest
1257170,0,n2,rest
1257172,0,n2,rest
1257174,0,n2,rest
1257176,0,n2,rest
1257178,0,n2,rest
1257180,0,n2,rest
1257182,0,n2,rest
1257184,0,n2,rest
1257186,0,n2,rest
1257188,0,n2,rest
1257190,0,n2,rest
1257192,0,n2,rest
1257194,0,n2,rest
1257196,0,n2,rest
1257198,0,n2,rest
1257200,0,n2,rest
1257202,0,n2,rest
1257204,0,n2,rest
1257206,0,n2,rest
1257208,0,n2,rest
1257210,0,n2,rest
1257212,0,n2,rest
1257214,0,n2,rest
1257216,0,n2,rest
1257218,0,n2,rest
1257220,0,n2,rest
1257222,0,n2,rest
1257224,0,n2,rest
1257226,0,n2,rest
1257228,0,n2,rest
1257230,0,n2,rest
1257232,0,n2,rest
1257234,0,n2,rest
1257236,0,n2,rest
1257238,0,n2,rest
1257240,0,n2,rest
1257242,0,n2,rest
1257244,0,n2,rest
1257246,0,n2,rest
1257248,0,n2,rest
1257250,0,n2,rest
1257252,0,n2,rest
1257254,0,n2,rest
1257256,0,n2,rest
1257258,0,n2,rest
1257260,0,n2,rest
1257262,0,n2,rest
1257264,0,n2,rest
1257266,0,n2,rest
1257268,0,n2,rest
1257270,0,n2,rest
1257272,0,n2,rest
1257274,0,n2,rest
1257276,0,n2,rest
1257278,0,n2,rest
1257280,0,n2,rest
1257282,0,n2,rest
1257284,0,n2,rest
1257286,0,n2,rest
1257288,0,n2,rest
1257290,0,n2,rest
1257292,0,n2,rest
1257294,0,n2,rest
1257296,0,n2,rest
1257298,0,n2,rest
1257300,0,n2,rest
1257302,0,n2,rest
1257304,0,n2,rest
1257306,0,n2,rest
1257308,0,n2,rest
1257310,0,n2,rest
1257312,0,n2,rest
1257314,0,n2,rest
1257316,0,n2,rest
1257318,0,n2,rest
1257320,0,n2,rest
1257322,0,n2,rest
1257324,0,n2,rest
1257326,0,n2,rest
1257328,0,n2,rest
1257330,0,n2,rest
1257332,0,n2,rest
1257334,0,n2,rest
1257336,0,n2,rest
1257338,0,n2,rest
1257340,0,n2,rest
1257342,0,n2,rest
1257344,0,n2,rest
1257346,0,n2,rest
1257348,0,n2,rest
1257350,0,n2,rest
1257352,0,n2,rest
1257354,0,n2,rest
1257356,0,n2,rest
1257358,0,n2,rest
1257360,0,n2,rest
1257362,0,n2,rest
1257364,0,n2,rest
1257366,0,n2,rest
1257368,0,n2,rest
1257370,0,n2,rest
1257372,0,n2,rest
1257374,0,n2,rest
1257376,0,n2,rest
1257378,0,n2,rest
1257380,0,n2,rest
1257382,0,n2,rest
1257384,0,n2,rest
1257386,0,n2,rest
1257388,0,n2,rest
1257390,0,n2,rest
1257392,0,n2,rest
1257394,0,n2,rest
1257396,0,n2,rest
1257398,0,n2,rest
1257400,0,n2,rest
1257402,0,n2,rest
1257404,0,n2,rest
1257406,0,n2,rest
1257408,0,n2,rest
1257410,0,n2,rest
1257412,0,n2,rest
1257414,0,n2,rest
1257416,0,n2,rest
1257418,0,n2,rest
1257420,0,n2,rest
1257422,0,n2,rest
1257424,0,n2,rest
1257426,0,n2,rest
1257428,0,n2,rest
1257430,0,n2,rest
1257432,0,n2,rest
1257434,0,n2,rest
1257436,0,n2,rest
1257438,0,n2,rest
1257440,0,n2,rest
1257442,0,n2,rest
1257444,0,n2,rest
1257446,0,n2,rest
1257448,0,n2,rest
1257450,0,n2,rest
1257452,0,n2,rest
1257454,0,n2,rest
1257456,0,n2,rest
1257458,0,n2,rest
1257460,0,n2,rest
1257462,0,n2,rest
1257464,0,n2,rest
1257466,0,n2,rest
1257468,0,n2,rest
1257470,0,n2,rest
1257472,0,n2,rest
1257474,0,n2,rest
1257476,0,n2,rest
1257478,0,n2,rest
1257480,0,n2,rest
1257482,0,n2,rest
1257484,0,n2,rest
1257486,0,n2,rest
1257488,0,n2,rest
1257490,0,n2,rest
1257492,0,n2,rest
1257494,0,n2,rest
1257496,0,n2,rest
1257498,0,n2,rest
1257500,0,n2,rest
1257502,0,n2,rest
1257504,0,n2,rest
1257506,0,n2,rest
1257508,0,n2,rest
1257510,0,n2,rest
1257512,0,n2,rest
1257514,0,n2,rest
1257516,0,n2,rest
1257518,0,n2,rest
1257520,0,n2,rest
1257522,0,n2,rest
1257524,0,n2,rest
1257526,0,n2,rest
1257528,0,n2,rest
1257530,0,n2,rest
1257532,0,n2,rest
1257534,0,n2,rest
1257536,0,n2,rest
1257538,0,n2,rest
1257540,0,n2,rest
1257542,0,n2,rest
1257544,0,n2,rest
1257546,0,n2,rest
1257548,0,n2,rest
1257550,0,n2,rest
1257552,0,n2,rest
1257554,0,n2,rest
1257556,0,n2,rest
1257558,0,n2,rest
1257560,0,n2,rest
1257562,0,n2,rest
1257564,0,n2,rest
1257566,0,n2,rest
1257568,0,n2,rest
1257570,0,n2,rest
1257572,0,n2,rest
1257574,0,n2,rest
1257576,0,n2,rest
1257578,0,n2,rest
1257580,0,n2,rest
1257582,0,n2,rest
1257584,0,n2,rest
1257586,0,n2,rest
1257588,0,n2,rest
1257590,0,n2,rest
1257592,0,n2,rest
1257594,0,n2,rest
1257596,0,n2,rest
1257598,0,n2,rest
1257600,0,n2,rest
1257602,0,n2,rest
1257604,0,n2,rest
1257606,0,n2,rest
1257608,0,n2,rest
1257610,0,n2,rest
1257612,0,n2,rest
1257614,0,n2,rest
1257616,0,n2,rest
1257618,0,n2,rest
1257620,0,n2,rest
1257622,0,n2,rest
1257624,0,n2,rest
1257626,0,n2,rest
1257628,0,n2,rest
1257630,0,n2,rest
1257632,0,n2,rest
1257634,0,n2,rest
1257636,0,n2,rest
1257638,0,n2,rest
1257640,0,n2,rest
1257642,0,n2,rest
1257644,0,n2,rest
1257646,0,n2,rest
1257648,0,n2,rest
1257650,0,n2,rest
1257652,0,n2,rest
1257654,0,n2,rest
1257656,0,n2,rest
1257658,0,n2,rest
1257660,0,n2,rest
1257662,0,n2,rest
1257664,0,n2,rest
1257666,0,n2,rest
1257668,0,n2,rest
1257670,0,n2,rest
1257672,0,n2,rest
1257674,0,n2,rest
1257676,0,n2,rest
1257678,0,n2,rest
1257680,0,n2,rest
1257682,0,n2,rest
1257684,0,n2,rest
1257686,0,n2,rest
1257688,0,n2,rest
1257690,0,n2,rest
1257692,0,n2,rest
1257694,0,n2,rest
1257696,0,n2,rest
1257698,0,n2,rest
1257700,0,n2,rest
1257702,0,n2,rest
1257704,0,n2,rest
1257706,0,n2,rest
1257708,0,n2,rest
1257710,0,n2,rest
1257712,0,n2,rest
1257714,0,n2,rest
1257716,0,n2,rest
1257718,0,n2,rest
1257720,0,n2,rest
1257722,0,n2,rest
1257724,0,n2,rest
1257726,0,n2,rest
1257728,0,n2,rest
1257730,0,n2,rest
1257732,0,n2,rest
1257734,0,n2,rest
1257736,0,n2,rest
1257738,0,n2,rest
1257740,0,n2,rest
1257742,0,n2,rest
1257744,0,n2,rest
1257746,0,n2,rest
1257748,0,n2,rest
1257750,0,n2,rest
1257752,0,n2,rest
1257754,0,n2,rest
1257756,0,n2,rest
1257758,0,n2,rest
1257760,0,n2,rest
1257762,0,n2,rest
1257764,0,n2,rest
1257766,0,n2,rest
1257768,0,n2,rest
1257770,0,n2,rest
1257772,0,n2,rest
1257774,0,n2,rest
1257776,0,n2,rest
1257778,0,n2,rest
1257780,0,n2,rest
1257782,0,n2,rest
1257784,0,n2,rest
1257786,0,n2,rest
1257788,0,n2,rest
1257790,0,n2,rest
1257792,0,n2,rest
1257794,0,n2,rest
1257796,0,n2,rest
1257798,0,n2,rest
1257800,0,n2,rest
1257802,0,n2,rest
1257804,0,n2,rest
1257806,0,n2,rest
1257808,0,n2,rest
1257810,0,n2,rest
1257812,0,n2,rest
1257814,0,n2,rest
1257816,0,n2,rest
1257818,0,n2,rest
1257820,0,n2,rest
1257822,0,n2,rest
1257824,0,n2,rest
1257826,0,n2,rest
1257828,0,n2,rest
1257830,0,n2,rest
1257832,0,n2,rest
1257834,0,n2,rest
1257836,0,n2,rest
1257838,0,n2,rest
1257840,0,n2,rest
1257842,0,n2,rest
1257844,0,n2,rest
1257846,0,n2,rest
1257848,0,n2,rest
1257850,0,n2,rest
1257852,0,n2,rest
1257854,0,n2,rest
1257856,0,n2,rest
1257858,0,n2,rest
1257860,0,n2,rest
1257862,0,n2,rest
1257864,0,n2,rest
1257866,0,n2,rest
1257868,0,n2,rest
1257870,0,n2,rest
1257872,0,n2,rest
1257874,0,n2,rest
1257876,0,n2,rest
1257878,0,n2,rest
1257880,0,n2,rest
1257882,0,n2,rest
1257884,0,n2,rest
1257886,0,n2,rest
1257888,0,n2,rest
1257890,0,n2,rest
1257892,0,n2,rest
1257894,0,n2,rest
1257896,0,n2,rest
1257898,0,n2,rest
1257900,0,n2,rest
1257902,0,n2,rest
1257904,0,n2,rest
1257906,0,n2,rest
1257908,0,n2,rest
1257910,0,n2,rest
1257912,0,n2,rest
1257914,0,n2,rest
1257916,0,n2,rest
1257918,0,n2,rest
1257920,0,n2,rest
1257922,0,n2,rest
1257924,0,n2,rest
1257926,0,n2,rest
1257928,0,n2,rest
1257930,0,n2,rest
1257932,0,n2,rest
1257934,0,n2,rest
1257936,0,n2,rest
1257938,0,n2,rest
1257940,0,n2,rest
1257942,0,n2,rest
1257944,0,n2,rest
1257946,0,n2,rest
1257948,0,n2,rest
1257950,0,n2,rest
1257952,0,n2,rest
1257954,0,n2,rest
1257956,0,n2,rest
1257958,0,n2,rest
1257960,0,n2,rest
1257962,0,n2,rest
1257964,0,n2,rest
1257966,0,n2,rest
1257968,0,n2,rest
1257970,0,n2,rest
1257972,0,n2,rest
1257974,0,n2,rest
1257976,0,n2,rest
1257978,0,n2,rest
1257980,0,n2,rest
1257982,0,n2,rest
1257984,0,n2,rest
1257986,0,n2,rest
1257988,0,n2,rest
1257990,0,n2,rest
1257992,0,n2,rest
1257994,0,n2,rest
1257996,0,n2,rest
1257998,0,n2,rest
1258000,0,n2,rest
1258002,0,n2,rest
1258004,0,n2,rest
1258006,0,n2,rest
1258008,0,n2,rest
1258010,0,n2,rest
1258012,0,n2,rest
1258014,0,n2,rest
1258016,0,n2,rest
1258018,0,n2,rest
1258020,0,n2,rest
1258022,0,n2,rest
1258024,0,n2,rest
1258026,0,n2,rest
1258028,0,n2,rest
1258030,0,n2,rest
1258032,0,n2,rest
1258034,0,n2,rest
1258036,0,n2,rest
1258038,0,n2,rest
1258040,0,n2,rest
1258042,0,n2,rest
1258044,0,n2,rest
1258046,0,n2,rest
1258048,0,n2,rest
1258050,0,n2,rest
1258052,0,n2,rest
1258054,0,n2,rest
1258056,0,n2,rest
1258058,0,n2,rest
1258060,0,n2,rest
1258062,0,n2,rest
1258064,0,n2,rest
1258066,0,n2,rest
1258068,0,n2,rest
1258070,0,n2,rest
1258072,0,n2,rest
1258074,0,n2,rest
1258076,0,n2,rest
1258078,0,n2,rest
1258080,0,n2,rest
1258082,0,n2,rest
1258084,0,n2,rest
1258086,0,n2,rest
1258088,0,n2,rest
1258090,0,n2,rest
1258092,0,n2,rest
1258094,0,n2,rest
1258096,0,n2,rest
1258098,0,n2,rest
1258100,0,n2,rest
1258102,0,n2,rest
1258104,0,n2,rest
1258106,0,n2,rest
1258108,0,n2,rest
1258110,0,n2,rest
1258112,0,n2,rest
1258114,0,n2,rest
1258116,0,n2,rest
1258118,0,n2,rest
1258120,0,n2,rest
1258122,0,n2,rest
1258124,0,n2,rest
1258126,0,n2,rest
1258128,0,n2,rest
1258130,0,n2,rest
1258132,0,n2,rest
1258134,0,n2,rest
1258136,0,n2,rest
1258138,0,n2,rest
1258140,0,n2,rest
1258142,0,n2,rest
1258144,0,n2,rest
1258146,0,n2,rest
1258148,0,n2,rest
1258150,0,n2,rest
1258152,0,n2,rest
1258154,0,n2,rest
1258156,0,n2,rest
1258158,0,n2,rest
1258160,0,n2,rest
1258162,0,n2,rest
1258164,0,n2,rest
1258166,0,n2,rest
1258168,0,n2,rest
1258170,0,n2,rest
1258172,0,n2,rest
1258174,0,n2,rest
1258176,0,n2,rest
1258178,0,n2,rest
1258180,0,n2,rest
1258182,0,n2,rest
1258184,0,n2,rest
1258186,0,n2,rest
1258188,0,n2,rest
1258190,0,n2,rest
1258192,0,n2,rest
1258194,0,n2,rest
1258196,0,n2,rest
1258198,0,n2,rest
1258200,0,n2,rest
1258202,0,n2,rest
1258204,0,n2,rest
1258206,0,n2,rest
1258208,0,n2,rest
1258210,0,n2,rest
1258212,0,n2,rest
1258214,0,n2,rest
1258216,0,n2,rest
1258218,0,n2,rest
1258220,0,n2,rest
1258222,0,n2,rest
1258224,0,n2,rest
1258226,0,n2,rest
1258228,0,n2,rest
1258230,0,n2,rest
1258232,0,n2,rest
1258234,0,n2,rest
1258236,0,n2,rest
1258238,0,n2,rest
1258240,0,n2,rest
1258242,0,n2,rest
1258244,0,n2,rest
1258246,0,n2,rest
1258248,0,n2,rest
1258250,0,n2,rest
1258252,0,n2,rest
1258254,0,n2,rest
1258256,0,n2,rest
1258258,0,n2,rest
1258260,0,n2,rest
1258262,0,n2,rest
1258264,0,n2,rest
1258266,0,n2,rest
1258268,0,n2,rest
1258270,0,n2,rest
1258272,0,n2,rest
1258274,0,n2,rest
1258276,0,n2,rest
1258278,0,n2,rest
1258280,0,n2,rest
1258282,0,n2,rest
1258284,0,n2,rest
1258286,0,n2,rest
1258288,0,n2,rest
1258290,0,n2,rest
1258292,0,n2,rest
1258294,0,n2,rest
1258296,0,n2,rest
1258298,0,n2,rest
1258300,0,n2,rest
1258302,0,n2,rest
1258304,0,n2,rest
1258306,0,n2,rest
1258308,0,n2,rest
1258310,0,n2,rest
1258312,0,n2,rest
1258314,0,n2,rest
1258316,0,n2,rest
1258318,0,n2,rest
1258320,0,n2,rest
1258322,0,n2,rest
1258324,0,n2,rest
1258326,0,n2,rest
1258328,0,n2,rest
1258330,0,n2,rest
1258332,0,n2,rest
1258334,0,n2,rest
1258336,0,n2,rest
1258338,0,n2,rest
1258340,0,n2,rest
1258342,0,n2,rest
1258344,0,n2,rest
1258346,0,n2,rest
1258348,0,n2,rest
1258350,0,n2,rest
1258352,0,n2,rest
1258354,0,n2,rest
1258356,0,n2,rest
1258358,0,n2,rest
1258360,0,n2,rest
1258362,0,n2,rest
1258364,0,n2,rest
1258366,0,n2,rest
1258368,0,n2,rest
1258370,0,n2,rest
1258372,0,n2,rest
1258374,0,n2,rest
1258376,0,n2,rest
1258378,0,n2,rest
1258380,0,n2,rest
1258382,0,n2,rest
1258384,0,n2,rest
1258386,0,n2,rest
1258388,0,n2,rest
1258390,0,n2,rest
1258392,0,n2,rest
1258394,0,n2,rest
1258396,0,n2,rest
1258398,0,n2,rest
1258400,0,n2,rest
1258402,0,n2,rest
1258404,0,n2,rest
1258406,0,n2,rest
1258408,0,n2,rest
1258410,0,n2,rest
1258412,0,n2,rest
1258414,0,n2,rest
1258416,0,n2,rest
1258418,0,n2,rest
1258420,0,n2,rest
1258422,0,n2,rest
1258424,0,n2,rest
1258426,0,n2,rest
1258428,0,n2,rest
1258430,0,n2,rest
1258432,0,n2,rest
1258434,0,n2,rest
1258436,0,n2,rest
1258438,0,n2,rest
1258440,0,n2,rest
1258442,0,n2,rest
1258444,0,n2,rest
1258446,0,n2,rest
1258448,0,n2,rest
1258450,0,n2,rest
1258452,0,n2,rest
1258454,0,n2,rest
1258456,0,n2,rest
1258458,0,n2,rest
1258460,0,n2,rest
1258462,0,n2,rest
1258464,0,n2,rest
1258466,0,n2,rest
1258468,0,n2,rest
1258470,0,n2,rest
1258472,0,n2,rest
1258474,0,n2,rest
1258476,0,n2,rest
1258478,0,n2,rest
1258480,0,n2,rest
1258482,0,n2,rest
1258484,0,n2,rest
1258486,0,n2,rest
1258488,0,n2,rest
1258490,0,n2,rest
1258492,0,n2,rest
1258494,0,n2,rest
1258496,0,n2,rest
1258498,0,n2,rest
1258500,0,n2,rest
1258502,0,n2,rest
1258504,0,n2,rest
1258506,0,n2,rest
1258508,0,n2,rest
1258510,0,n2,rest
1258512,0,n2,rest
1258514,0,n2,rest
1258516,0,n2,rest
1258518,0,n2,rest
1258520,0,n2,rest
1258522,0,n2,rest
1258524,0,n2,rest
1258526,0,n2,rest
1258528,0,n2,rest
1258530,0,n2,rest
1258532,0,n2,rest
1258534,0,n2,rest
1258536,0,n2,rest
1258538,0,n2,rest
1258540,0,n2,rest
1258542,0,n2,rest
1258544,0,n2,rest
1258546,0,n2,rest
1258548,0,n2,rest
1258550,0,n2,rest
1258552,0,n2,rest
1258554,0,n2,rest
1258556,0,n2,rest
1258558,0,n2,rest
1258560,0,n2,rest
1258562,0,n2,rest
1258564,0,n2,rest
1258566,0,n2,rest
1258568,0,n2,rest
1258570,0,n2,rest
1258572,0,n2,rest
1258574,0,n2,rest
1258576,0,n2,rest
1258578,0,n2,rest
1258580,0,n2,rest
1258582,0,n2,rest
1258584,0,n2,rest
1258586,0,n2,rest
1258588,0,n2,rest
1258590,0,n2,rest
1258592,0,n2,rest
1258594,0,n2,rest
1258596,0,n2,rest
1258598,0,n2,rest
1258600,0,n2,rest
1258602,0,n2,rest
1258604,0,n2,rest
1258606,0,n2,rest
1258608,0,n2,rest
1258610,0,n2,rest
1258612,0,n2,rest
1258614,0,n2,rest
1258616,0,n2,rest
1258618,0,n2,rest
1258620,0,n2,rest
1258622,0,n2,rest
1258624,0,n2,rest
1258626,0,n2,rest
1258628,0,n2,rest
1258630,0,n2,rest
1258632,0,n2,rest
1258634,0,n2,rest
1258636,0,n2,rest
1258638,0,n2,rest
1258640,0,n2,rest
1258642,0,n2,rest
1258644,0,n2,rest
1258646,0,n2,rest
1258648,0,n2,rest
1258650,0,n2,rest
1258652,0,n2,rest
1258654,0,n2,rest
1258656,0,n2,rest
1258658,0,n2,rest
1258660,0,n2,rest
1258662,0,n2,rest
1258664,0,n2,rest
1258666,0,n2,rest
1258668,0,n2,rest
1258670,0,n2,rest
1258672,0,n2,rest
1258674,0,n2,rest
1258676,0,n2,rest
1258678,0,n2,rest
1258680,0,n2,rest
1258682,0,n2,rest
1258684,0,n2,rest
1258686,0,n2,rest
1258688,0,n2,rest
1258690,0,n2,rest
1258692,0,n2,rest
1258694,0,n2,rest
1258696,0,n2,rest
1258698,0,n2,rest
1258700,0,n2,rest
1258702,0,n2,rest
1258704,0,n2,rest
1258706,0,n2,rest
1258708,0,n2,rest
1258710,0,n2,rest
1258712,0,n2,rest
1258714,0,n2,rest
1258716,0,n2,rest
1258718,0,n2,rest
1258720,0,n2,rest
1258722,0,n2,rest
1258724,0,n2,rest
1258726,0,n2,rest
1258728,0,n2,rest
1258730,0,n2,rest
1258732,0,n2,rest
1258734,0,n2,rest
1258736,0,n2,rest
1258738,0,n2,rest
1258740,0,n2,rest
1258742,0,n2,rest
1258744,0,n2,rest
1258746,0,n2,rest
1258748,0,n2,rest
1258750,0,n2,rest
1258752,0,n2,rest
1258754,0,n2,rest
1258756,0,n2,rest
1258758,0,n2,rest
1258760,0,n2,rest
1258762,0,n2,rest
1258764,0,n2,rest
1258766,0,n2,rest
1258768,0,n2,rest
1258770,0,n2,rest
1258772,0,n2,rest
1258774,0,n2,rest
1258776,0,n2,rest
1258778,0,n2,rest
1258780,0,n2,rest
1258782,0,n2,rest
1258784,0,n2,rest
1258786,0,n2,rest
1258788,0,n2,rest
1258790,0,n2,rest
1258792,0,n2,rest
1258794,0,n2,rest
1258796,0,n2,rest
1258798,0,n2,rest
1258800,0,n2,rest
1258802,0,n2,rest
1258804,0,n2,rest
1258806,0,n2,rest
1258808,0,n2,rest
1258810,0,n2,rest
1258812,0,n2,rest
1258814,0,n2,rest
1258816,0,n2,rest
1258818,0,n2,rest
1258820,0,n2,rest
1258822,0,n2,rest
1258824,0,n2,rest
1258826,0,n2,rest
1258828,0,n2,rest
1258830,0,n2,rest
1258832,0,n2,rest
1258834,0,n2,rest
1258836,0,n2,rest
1258838,0,n2,rest
1258840,0,n2,rest
1258842,0,n2,rest
1258844,0,n2,rest
1258846,0,n2,rest
1258848,0,n2,rest
1258850,0,n2,rest
1258852,0,n2,rest
1258854,0,n2,rest
1258856,0,n2,rest
1258858,0,n2,rest
1258860,0,n2,rest
1258862,0,n2,rest
1258864,0,n2,rest
1258866,0,n2,rest
1258868,0,n2,rest
1258870,0,n2,rest
1258872,0,n2,rest
1258874,0,n2,rest
1258876,0,n2,rest
1258878,0,n2,rest
1258880,0,n2,rest
1258882,0,n2,rest
1258884,0,n2,rest
1258886,0,n2,rest
1258888,0,n2,rest
1258890,0,n2,rest
1258892,0,n2,rest
1258894,0,n2,rest
1258896,0,n2,rest
1258898,0,n2,rest
1258900,0,n2,rest
1258902,0,n2,rest
1258904,0,n2,rest
1258906,0,n2,rest
1258908,0,n2,rest
1258910,0,n2,rest
1258912,0,n2,rest
1258914,0,n2,rest
1258916,0,n2,rest
1258918,0,n2,rest
1258920,0,n2,rest
1258922,0,n2,rest
1258924,0,n2,rest
1258926,0,n2,rest
1258928,0,n2,rest
1258930,0,n2,rest
1258932,0,n2,rest
1258934,0,n2,rest
1258936,0,n2,rest
1258938,0,n2,rest
1258940,0,n2,rest
1258942,0,n2,rest
1258944,0,n2,rest
1258946,0,n2,rest
1258948,0,n2,rest
1258950,0,n2,rest
1258952,0,n2,rest
1258954,0,n2,rest
1258956,0,n2,rest
1258958,0,n2,rest
1258960,0,n2,rest
1258962,0,n2,rest
1258964,0,n2,rest
1258966,0,n2,rest
1258968,0,n2,rest
1258970,0,n2,rest
1258972,0,n2,rest
1258974,0,n2,rest
1258976,0,n2,rest
1258978,0,n2,rest
1258980,0,n2,rest
1258982,0,n2,rest
1258984,0,n2,rest
1258986,0,n2,rest
1258988,0,n2,rest
1258990,0,n2,rest
1258992,0,n2,rest
1258994,0,n2,rest
1258996,0,n2,rest
1258998,0,n2,rest
1259000,0,n2,rest
1259002,0,n2,rest
1259004,0,n2,rest
1259006,0,n2,rest
1259008,0,n2,rest
1259010,0,n2,rest
1259012,0,n2,rest
1259014,0,n2,rest
1259016,0,n2,rest
1259018,0,n2,rest
1259020,0,n2,rest
1259022,0,n2,rest
1259024,0,n2,rest
1259026,0,n2,rest
1259028,0,n2,rest
1259030,0,n2,rest
1259032,0,n2,rest
1259034,0,n2,rest
1259036,0,n2,rest
1259038,0,n2,rest
1259040,0,n2,rest
1259042,0,n2,rest
1259044,0,n2,rest
1259046,0,n2,rest
1259048,0,n2,rest
1259050,0,n2,rest
1259052,0,n2,rest
1259054,0,n2,rest
1259056,0,n2,rest
1259058,0,n2,rest
1259060,0,n2,rest
1259062,0,n2,rest
1259064,0,n2,rest
1259066,0,n2,rest
1259068,0,n2,rest
1259070,0,n2,rest
1259072,0,n2,rest
1259074,0,n2,rest
1259076,0,n2,rest
1259078,0,n2,rest
1259080,0,n2,rest
1259082,0,n2,rest
1259084,0,n2,rest
1259086,0,n2,rest
1259088,0,n2,rest
1259090,0,n2,rest
1259092,0,n2,rest
1259094,0,n2,rest
1259096,0,n2,rest
1259098,0,n2,rest
1259100,0,n2,rest
1259102,0,n2,rest
1259104,0,n2,rest
1259106,0,n2,rest
1259108,0,n2,rest
1259110,0,n2,rest
1259112,0,n2,rest
1259114,0,n2,rest
1259116,0,n2,rest
1259118,0,n2,rest
1259120,0,n2,rest
1259122,0,n2,rest
1259124,0,n2,rest
1259126,0,n2,rest
1259128,0,n2,rest
1259130,0,n2,rest
1259132,0,n2,rest
1259134,0,n2,rest
1259136,0,n2,rest
1259138,0,n2,rest
1259140,0,n2,rest
1259142,0,n2,rest
1259144,0,n2,rest
1259146,0,n2,rest
1259148,0,n2,rest
1259150,0,n2,rest
1259152,0,n2,rest
1259154,0,n2,rest
1259156,0,n2,rest
1259158,0,n2,rest
1259160,0,n2,rest
1259162,0,n2,rest
1259164,0,n2,rest
1259166,0,n2,rest
1259168,0,n2,rest
1259170,0,n2,rest
1259172,0,n2,rest
1259174,0,n2,rest
1259176,0,n2,rest
1259178,0,n2,rest
1259180,0,n2,rest
1259182,0,n2,rest
1259184,0,n2,rest
1259186,0,n2,rest
1259188,0,n2,rest
1259190,0,n2,rest
1259192,0,n2,rest
1259194,0,n2,rest
1259196,0,n2,rest
1259198,0,n2,rest
1259200,0,n2,rest
1259202,0,n2,rest
1259204,0,n2,rest
1259206,0,n2,rest
1259208,0,n2,rest
1259210,0,n2,rest
1259212,0,n2,rest
1259214,0,n2,rest
1259216,0,n2,rest
1259218,0,n2,rest
1259220,0,n2,rest
1259222,0,n2,rest
1259224,0,n2,rest
1259226,0,n2,rest
1259228,0,n2,rest
1259230,0,n2,rest
1259232,0,n2,rest
1259234,0,n2,rest
1259236,0,n2,rest
1259238,0,n2,rest
1259240,0,n2,rest
1259242,0,n2,rest
1259244,0,n2,rest
1259246,0,n2,rest
1259248,0,n2,rest
1259250,0,n2,rest
1259252,0,n2,rest
1259254,0,n2,rest
1259256,0,n2,rest
1259258,0,n2,rest
1259260,0,n2,rest
1259262,0,n2,rest
1259264,0,n2,rest
1259266,0,n2,rest
1259268,0,n2,rest
1259270,0,n2,rest
1259272,0,n2,rest
1259274,0,n2,rest
1259276,0,n2,rest
1259278,0,n2,rest
1259280,0,n2,rest
1259282,0,n2,rest
1259284,0,n2,rest
1259286,0,n2,rest
1259288,0,n2,rest
1259290,0,n2,rest
1259292,0,n2,rest
1259294,0,n2,rest
1259296,0,n2,rest
1259298,0,n2,rest
1259300,0,n2,rest
1259302,0,n2,rest
1259304,0,n2,rest
1259306,0,n2,rest
1259308,0,n2,rest
1259310,0,n2,rest
1259312,0,n2,rest
1259314,0,n2,rest
1259316,0,n2,rest
1259318,0,n2,rest
1259320,0,n2,rest
1259322,0,n2,rest
1259324,0,n2,rest
1259326,0,n2,rest
1259328,0,n2,rest
1259330,0,n2,rest
1259332,0,n2,rest
1259334,0,n2,rest
1259336,0,n2,rest
1259338,0,n2,rest
1259340,0,n2,rest
1259342,0,n2,rest
1259344,0,n2,rest
1259346,0,n2,rest
1259348,0,n2,rest
1259350,0,n2,rest
1259352,0,n2,rest
1259354,0,n2,rest
1259356,0,n2,rest
1259358,0,n2,rest
1259360,0,n2,rest
1259362,0,n2,rest
1259364,0,n2,rest
1259366,0,n2,rest
1259368,0,n2,rest
1259370,0,n2,rest
1259372,0,n2,rest
1259374,0,n2,rest
1259376,0,n2,rest
1259378,0,n2,rest
1259380,0,n2,rest
1259382,0,n2,rest
1259384,0,n2,rest
1259386,0,n2,rest
1259388,0,n2,rest
1259390,0,n2,rest
1259392,0,n2,rest
1259394,0,n2,rest
1259396,0,n2,rest
1259398,0,n2,rest
1259400,0,n2,rest
1259402,0,n2,rest
1259404,0,n2,rest
1259406,0,n2,rest
1259408,0,n2,rest
1259410,0,n2,rest
1259412,0,n2,rest
1259414,0,n2,rest
1259416,0,n2,rest
1259418,0,n2,rest
1259420,0,n2,rest
1259422,0,n2,rest
1259424,0,n2,rest
1259426,0,n2,rest
1259428,0,n2,rest
1259430,0,n2,rest
1259432,0,n2,rest
1259434,0,n2,rest
1259436,0,n2,rest
1259438,0,n2,rest
1259440,0,n2,rest
1259442,0,n2,rest
1259444,0,n2,rest
1259446,0,n2,rest
1259448,0,n2,rest
1259450,0,n2,rest
1259452,0,n2,rest
1259454,0,n2,rest
1259456,0,n2,rest
1259458,0,n2,rest
1259460,0,n2,rest
1259462,0,n2,rest
1259464,0,n2,rest
1259466,0,n2,rest
1259468,0,n2,rest
1259470,0,n2,rest
1259472,0,n2,rest
1259474,0,n2,rest
1259476,0,n2,rest
1259478,0,n2,rest
1259480,0,n2,rest
1259482,0,n2,rest
1259484,0,n2,rest
1259486,0,n2,rest
1259488,0,n2,rest
1259490,0,n2,rest
1259492,0,n2,rest
1259494,0,n2,rest
1259496,0,n2,rest
1259498,0,n2,rest
1259500,0,n2,rest
1259502,0,n2,rest
1259504,0,n2,rest
1259506,0,n2,rest
1259508,0,n2,rest
1259510,0,n2,rest
1259512,0,n2,rest
1259514,0,n2,rest
1259516,0,n2,rest
1259518,0,n2,rest
1259520,0,n2,rest
1259522,0,n2,rest
1259524,0,n2,rest
1259526,0,n2,rest
1259528,0,n2,rest
1259530,0,n2,rest
1259532,0,n2,rest
1259534,0,n2,rest
1259536,0,n2,rest
1259538,0,n2,rest
1259540,0,n2,rest
1259542,0,n2,rest
1259544,0,n2,rest
1259546,0,n2,rest
1259548,0,n2,rest
1259550,0,n2,rest
1259552,0,n2,rest
1259554,0,n2,rest
1259556,0,n2,rest
1259558,0,n2,rest
1259560,0,n2,rest
1259562,0,n2,rest
1259564,0,n2,rest
1259566,0,n2,rest
1259568,0,n2,rest
1259570,0,n2,rest
1259572,0,n2,rest
1259574,0,n2,rest
1259576,0,n2,rest
1259578,0,n2,rest
1259580,0,n2,rest
1259582,0,n2,rest
1259584,0,n2,rest
1259586,0,n2,rest
1259588,0,n2,rest
1259590,0,n2,rest
1259592,0,n2,rest
1259594,0,n2,rest
1259596,0,n2,rest
1259598,0,n2,rest
1259600,0,n2,rest
1259602,0,n2,rest
1259604,0,n2,rest
1259606,0,n2,rest
1259608,0,n2,rest
1259610,0,n2,rest
1259612,111,n2,rest
1259614,350,n2,rest
1259616,561,n2,rest
1259618,749,n2,rest
1259620,922,n2,rest
1259622,1089,n2,rest
1259624,1232,n2,rest
1259626,1365,n2,rest
1259628,1488,n2,rest
1259630,1607,n2,rest
1259632,1725,n2,rest
1259634,1824,n2,rest
1259636,1925,n2,rest
1259638,2011,n2,rest
1259640,2107,n2,rest
1259642,2195,n2,rest
1259644,2320,n2,rest
1259646,2763,n2,rest
1259648,3542,n2,rest
1259664,1737,n2,rest
1259666,2155,n2,rest
1259668,2479,n2,rest
1259670,2686,n2,rest
1259672,2800,n2,rest
1259674,2839,n2,rest
1259676,2839,n2,rest
1259678,2800,n2,rest
1259680,2736,n2,rest
1259682,2656,n2,rest
1259684,2559,n2,rest
1259686,2470,n2,rest
1259688,2375,n2,rest
1259690,2279,n2,rest
1259692,2186,n2,rest
1259694,2093,n2,rest
1259696,1988,n2,rest
1259698,1904,n2,rest
1259700,1812,n2,rest
1259702,1733,n2,rest
1259704,1651,n2,rest
1259706,1578,n2,rest
1259708,1497,n2,rest
1259710,1425,n2,rest
1259712,1360,n2,rest
1259714,1296,n2,rest
1259716,1235,n2,rest
1259718,1177,n2,rest
1259720,1124,n2,rest
1259722,1072,n2,rest
1259724,1010,n2,rest
1259726,969,n2,rest
1259728,917,n2,rest
1259730,877,n2,rest
1259732,832,n2,rest
1259734,788,n2,rest
1259736,753,n2,rest
1259738,717,n2,rest
1259740,682,n2,rest
1259742,647,n2,rest
1259744,617,n2,rest
1259746,587,n2,rest
1259748,559,n2,rest
1259750,528,n2,rest
1259752,496,n2,rest
1259754,469,n2,rest
1259756,446,n2,rest
1259758,430,n2,rest
1259760,400,n2,rest
1259762,384,n2,rest
1259764,362,n2,rest
1259766,342,n2,rest
1259768,326,n2,rest
1259770,304,n2,rest
1259772,289,n2,rest
1259774,276,n2,rest
1259776,257,n2,rest
1259778,243,n2,rest
1259780,231,n2,rest
1259782,211,n2,rest
1259784,204,n2,rest
1259786,193,n2,rest
1259788,178,n2,rest
1259790,170,n2,rest
1259792,156,n2,rest
1259794,144,n2,rest
1259796,139,n2,rest
1259798,128,n2,rest
1259800,117,n2,rest
1259802,110,n2,rest
1259804,100,n2,rest
1259806,93,n2,rest
1259808,83,n2,rest
1259810,80,n2,rest
1259812,71,n2,rest
1259814,66,n2,rest
1259816,63,n2,rest
1259818,54,n2,rest
1259820,48,n2,rest
1259822,43,n2,rest
1259824,38,n2,rest
1259826,32,n2,rest
1259828,27,n2,rest
1259830,21,n2,rest
1259832,17,n2,rest
1259834,13,n2,rest
1259836,9,n2,rest
1259838,4,n2,rest
1259840,1,n2,rest
1259842,0,n2,rest
1259844,0,n2,rest
1259846,0,n2,rest
1259848,0,n2,rest
1259850,0,n2,rest
1259852,0,n2,rest
1259854,0,n2,rest
1259856,0,n2,rest
1259858,0,n2,rest
1259860,0,n2,rest
1259862,0,n2,rest
1259864,0,n2,rest
1259866,0,n2,rest
1259868,0,n2,rest
1259870,0,n2,rest
1259872,0,n2,rest
1259874,0,n2,rest
1259876,0,n2,rest
1259878,0,n2,rest
1259880,0,n2,rest
1259882,0,n2,rest
1259884,0,n2,rest
1259886,0,n2,rest
1259888,0,n2,rest
1259890,0,n2,rest
1259892,0,n2,rest
1259894,0,n2,rest
1259896,0,n2,rest
1259898,0,n2,rest
1259900,0,n2,rest
1259902,0,n2,rest
1259904,0,n2,rest
1259906,0,n2,rest
1259908,0,n2,rest
1259910,0,n2,rest
1259912,0,n2,rest
1259914,0,n2,rest
1259916,0,n2,rest
1259918,0,n2,rest
1259920,0,n2,rest
1259922,0,n2,rest
1259924,0,n2,rest
1259926,0,n2,rest
1259928,0,n2,rest
1259930,0,n2,rest
1259932,0,n2,rest
1259934,0,n2,rest
1259936,0,n2,rest
1259938,0,n2,rest
1259940,0,n2,rest
1259942,0,n2,rest
1259944,0,n2,rest
1259946,0,n2,rest
1259948,0,n2,rest
1259950,0,n2,rest
1259952,0,n2,rest
1259954,0,n2,rest
1259956,0,n2,rest
1259958,0,n2,rest
1259960,0,n2,rest
1259962,0,n2,rest
1259964,0,n2,rest
1259966,0,n2,rest
1259968,0,n2,rest
1259970,0,n2,rest
1259972,0,n2,rest
1259974,0,n2,rest
1259976,0,n2,rest
1259978,0,n2,rest
1259980,0,n2,rest
1259982,0,n2,rest
1259984,0,n2,rest
1259986,0,n2,rest
1259988,0,n2,rest
1259990,0,n2,rest
1259992,0,n2,rest
1259994,0,n2,rest
1259996,0,n2,rest
1259998,0,n2,rest
1260000,0,n2,rest
1260002,0,n2,rest
1260004,0,n2,rest
1260006,0,n2,rest
1260008,0,n2,rest
1260010,0,n2,rest
1260012,0,n2,rest
1260014,0,n2,rest
1260016,0,n2,rest
1260018,0,n2,rest
1260020,0,n2,rest
1260022,0,n2,rest
1260024,0,n2,rest
1260026,0,n2,rest
1260028,0,n2,rest
1260030,0,n2,rest
1260032,0,n2,rest
1260034,0,n2,rest
1260036,0,n2,rest
1260038,0,n2,rest
1260040,0,n2,rest
1260042,0,n2,rest
1260044,0,n2,rest
1260046,0,n2,rest
1260048,0,n2,rest
1260050,0,n2,rest
1260052,0,n2,rest
1260054,0,n2,rest
1260056,0,n2,rest
1260058,0,n2,rest
1260060,0,n2,rest
1260062,0,n2,rest
1260064,0,n2,rest
1260066,0,n2,rest
1260068,0,n2,rest
1260070,0,n2,rest
1260072,0,n2,rest
1260074,0,n2,rest
1260076,0,n2,rest
1260078,0,n2,rest
1260080,0,n2,rest
1260082,0,n2,rest
1260084,0,n2,rest
1260086,0,n2,rest
1260088,0,n2,rest
1260090,0,n2,rest
1260092,0,n2,rest
1260094,0,n2,rest
1260096,0,n2,rest
1260098,0,n2,rest
1260100,0,n2,rest
1260102,0,n2,rest
1260104,0,n2,rest
1260106,0,n2,rest
1260108,0,n2,rest
1260110,0,n2,rest
1260112,0,n2,rest
1260114,0,n2,rest
1260116,0,n2,rest
1260118,0,n2,rest
1260120,0,n2,rest
1260122,0,n2,rest
1260124,0,n2,rest
1260126,0,n2,rest
1260128,0,n2,rest
1260130,0,n2,rest
1260132,0,n2,rest
1260134,0,n2,rest
1260136,0,n2,rest
1260138,0,n2,rest
1260140,0,n2,rest
1260142,0,n2,rest
1260144,0,n2,rest
1260146,0,n2,rest
1260148,0,n2,rest
1260150,0,n2,rest
1260152,0,n2,rest
1260154,0,n2,rest
1260156,0,n2,rest
1260158,0,n2,rest
1260160,0,n2,rest
1260162,0,n2,rest
1260164,0,n2,rest
1260166,0,n2,rest
1260168,0,n2,rest
1260170,0,n2,rest
1260172,0,n2,rest
1260174,0,n2,rest
1260176,0,n2,rest
1260178,0,n2,rest
1260180,0,n2,rest
1260182,0,n2,rest
1260184,0,n2,rest
1260186,0,n2,rest
1260188,0,n2,rest
1260190,0,n2,rest
1260192,0,n2,rest
1260194,0,n2,rest
1260196,0,n2,rest
1260198,0,n2,rest
1260200,0,n2,rest
1260202,0,n2,rest
1260204,0,n2,rest
1260206,0,n2,rest
1260208,0,n2,rest
1260210,0,n2,rest
1260212,0,n2,rest
1260214,0,n2,rest
1260216,0,n2,rest
1260218,0,n2,rest
1260220,0,n2,rest
1260222,0,n2,rest
1260224,0,n2,rest
1260226,0,n2,rest
1260228,0,n2,rest
1260230,0,n2,rest
1260232,0,n2,rest
1260234,0,n2,rest
1260236,0,n2,rest
1260238,0,n2,rest
1260240,0,n2,rest
1260242,0,n2,rest
1260244,0,n2,rest
1260246,0,n2,rest
1260248,0,n2,rest
1260250,0,n2,rest
1260252,0,n2,rest
1260254,0,n2,rest
1260256,0,n2,rest
1260258,0,n2,rest
1260260,0,n2,rest
1260262,0,n2,rest
1260264,0,n2,rest
1260266,0,n2,rest
1260268,0,n2,rest
1260270,0,n2,rest
1260272,0,n2,rest
1260274,0,n2,rest
1260276,0,n2,rest
1260278,0,n2,rest
1260280,0,n2,rest
1260282,0,n2,rest
1260284,0,n2,rest
1260286,0,n2,rest
1260288,0,n2,rest
1260290,0,n2,rest
1260292,0,n2,rest
1260294,0,n2,rest
1260296,0,n2,rest
1260298,0,n2,rest
1260300,0,n2,rest
1260302,0,n2,rest
1260304,0,n2,rest
1260306,0,n2,rest
1260308,0,n2,rest
1260310,0,n2,rest
1260312,0,n2,rest
1260314,0,n2,rest
1260316,0,n2,rest
1260318,0,n2,rest
1260320,0,n2,rest
1260322,0,n2,rest
1260324,0,n2,rest
1260326,0,n2,rest
1260328,0,n2,rest
1260330,0,n2,rest
1260332,0,n2,rest
1260334,0,n2,rest
1260336,0,n2,rest
1260338,0,n2,rest
1260340,0,n2,rest
1260342,0,n2,rest
1260344,0,n2,rest
1260346,0,n2,rest
1260348,0,n2,rest
1260350,0,n2,rest
1260352,0,n2,rest
1260354,0,n2,rest
1260356,0,n2,rest
1260358,0,n2,rest
1260360,0,n2,rest
1260362,0,n2,rest
1260364,0,n2,rest
1260366,0,n2,rest
1260368,0,n2,rest
1260370,0,n2,rest
1260372,0,n2,rest
1260374,0,n2,rest
1260376,0,n2,rest
1260378,0,n2,rest
1260380,0,n2,rest
1260382,0,n2,rest
1260384,0,n2,rest
1260386,0,n2,rest
1260388,0,n2,rest
1260390,0,n2,rest
1260392,0,n2,rest
1260394,0,n2,rest
1260396,0,n2,rest
1260398,0,n2,rest
1260400,0,n2,rest
1260402,0,n2,rest
1260404,0,n2,rest
1260406,0,n2,rest
1260408,0,n2,rest
1260410,0,n2,rest
1260412,0,n2,rest
1260414,0,n2,rest
1260416,0,n2,rest
1260418,0,n2,rest
1260420,0,n2,rest
1260422,0,n2,rest
1260424,0,n2,rest
1260426,0,n2,rest
1260428,0,n2,rest
1260430,0,n2,rest
1260432,0,n2,rest
1260434,0,n2,rest
1260436,0,n2,rest
1260438,0,n2,rest
1260440,0,n2,rest
1260442,0,n2,rest
1260444,0,n2,rest
1260446,0,n2,rest
1260448,0,n2,rest
1260450,0,n2,rest
1260452,0,n2,rest
1260454,0,n2,rest
1260456,0,n2,rest
1260458,0,n2,rest
1260460,0,n2,rest
1260462,0,n2,rest
1260464,0,n2,rest
1260466,0,n2,rest
1260468,0,n2,rest
1260470,0,n2,rest
1260472,0,n2,rest
1260474,0,n2,rest
1260476,0,n2,rest
1260478,0,n2,rest
1260480,0,n2,rest
1260482,0,n2,rest
1260484,0,n2,rest
1260486,0,n2,rest
1260488,0,n2,rest
1260490,0,n2,rest
1260492,0,n2,rest
1260494,0,n2,rest
1260496,0,n2,rest
1260498,0,n2,rest
1260500,0,n2,rest
1260502,0,n2,rest
1260504,0,n2,rest
1260506,0,n2,rest
1260508,0,n2,rest
1260510,0,n2,rest
1260512,0,n2,rest
1260514,0,n2,rest
1260516,0,n2,rest
1260518,0,n2,rest
1260520,0,n2,rest
1260522,0,n2,rest
1260524,0,n2,rest
1260526,0,n2,rest
1260528,0,n2,rest
1260530,0,n2,rest
1260532,0,n2,rest
1260534,0,n2,rest
1260536,0,n2,rest
1260538,0,n2,rest
1260540,0,n2,rest
1260542,0,n2,rest
1260544,0,n2,rest
1260546,0,n2,rest
1260548,0,n2,rest
1260550,0,n2,rest
1260552,0,n2,rest
1260554,0,n2,rest
1260556,0,n2,rest
1260558,0,n2,rest
1260560,0,n2,rest
1260562,0,n2,rest
1260564,0,n2,rest
1260566,0,n2,rest
1260568,0,n2,rest
1260570,0,n2,rest
1260572,0,n2,rest
1260574,0,n2,rest
1260576,0,n2,rest
1260578,0,n2,rest
1260580,0,n2,rest
1260582,0,n2,rest
1260584,0,n2,rest
1260586,0,n2,rest
1260588,0,n2,rest
1260590,0,n2,rest
1260592,0,n2,rest
1260594,0,n2,rest
1260596,0,n2,rest
1260598,0,n2,rest
1260600,0,n2,rest
1260602,0,n2,rest
1260604,0,n2,rest
1260606,0,n2,rest
1260608,0,n2,rest
1260610,0,n2,rest
1260612,0,n2,rest
1260614,0,n2,rest
1260616,0,n2,rest
1260618,0,n2,rest
1260620,0,n2,rest
1260622,0,n2,rest
1260624,0,n2,rest
1260626,0,n2,rest
1260628,0,n2,rest
1260630,0,n2,rest
1260632,0,n2,rest
1260634,0,n2,rest
1260636,0,n2,rest
1260638,0,n2,rest
1260640,0,n2,rest
1260642,0,n2,rest
1260644,0,n2,rest
1260646,0,n2,rest
1260648,0,n2,rest
1260650,0,n2,rest
1260652,0,n2,rest
1260654,0,n2,rest
1260656,0,n2,rest
1260658,0,n2,rest
1260660,0,n2,rest
1260662,0,n2,rest
1260664,0,n2,rest
1260666,0,n2,rest
1260668,0,n2,rest
1260670,0,n2,rest
1260672,0,n2,rest
1260674,0,n2,rest
1260676,0,n2,rest
1260678,0,n2,rest
1260680,0,n2,rest
1260682,0,n2,rest
1260684,0,n2,rest
1260686,0,n2,rest
1260688,0,n2,rest
1260690,0,n2,rest
1260692,0,n2,rest
1260694,0,n2,rest
1260696,0,n2,rest
1260698,0,n2,rest
1260700,0,n2,rest
1260702,0,n2,rest
1260704,0,n2,rest
1260706,0,n2,rest
1260708,0,n2,rest
1260710,0,n2,rest
1260712,0,n2,rest
1260714,0,n2,rest
1260716,0,n2,rest
1260718,0,n2,rest
1260720,0,n2,rest
1260722,0,n2,rest
1260724,0,n2,rest
1260726,0,n2,rest
1260728,0,n2,rest
1260730,0,n2,rest
1260732,0,n2,rest
1260734,0,n2,rest
1260736,0,n2,rest
1260738,0,n2,rest
1260740,0,n2,rest
1260742,0,n2,rest
1260744,0,n2,rest
1260746,0,n2,rest
1260748,0,n2,rest
1260750,0,n2,rest
1260752,0,n2,rest
1260754,0,n2,rest
1260756,0,n2,rest
1260758,0,n2,rest
1260760,0,n2,rest
1260762,0,n2,rest
1260764,0,n2,rest
1260766,0,n2,rest
1260768,0,n2,rest
1260770,0,n2,rest
1260772,0,n2,rest
1260774,0,n2,rest
1260776,0,n2,rest
1260778,0,n2,rest
1260780,0,n2,rest
1260782,0,n2,rest
1260784,0,n2,rest
1260786,0,n2,rest
1260788,0,n2,rest
1260790,0,n2,rest
1260792,0,n2,rest
1260794,0,n2,rest
1260796,0,n2,rest
1260798,0,n2,rest
1260800,0,n2,rest
1260802,0,n2,rest
1260804,0,n2,rest
1260806,0,n2,rest
1260808,0,n2,rest
1260810,0,n2,rest
1260812,0,n2,rest
1260814,0,n2,rest
1260816,0,n2,rest
1260818,0,n2,rest
1260820,0,n2,rest
1260822,0,n2,rest
1260824,0,n2,rest
1260826,0,n2,rest
1260828,0,n2,rest
1260830,0,n2,rest
1260832,0,n2,rest
1260834,0,n2,rest
1260836,0,n2,rest
1260838,0,n2,rest
1260840,0,n2,rest
1260842,0,n2,rest
1260844,0,n2,rest
1260846,0,n2,rest
1260848,0,n2,rest
1260850,0,n2,rest
1260852,0,n2,rest
1260854,0,n2,rest
1260856,0,n2,rest
1260858,0,n2,rest
1260860,0,n2,rest
1260862,0,n2,rest
1260864,0,n2,rest
1260866,0,n2,rest
1260868,0,n2,rest
1260870,0,n2,rest
1260872,0,n2,rest
1260874,0,n2,rest
1260876,0,n2,rest
1260878,0,n2,rest
1260880,0,n2,rest
1260882,0,n2,rest
1260884,0,n2,rest
1260886,0,n2,rest
1260888,0,n2,rest
1260890,0,n2,rest
1260892,0,n2,rest
1260894,0,n2,rest
1260896,0,n2,rest
1260898,0,n2,rest
1260900,0,n2,rest
1260902,0,n2,rest
1260904,0,n2,rest
1260906,0,n2,rest
1260908,0,n2,rest
1260910,0,n2,rest
1260912,0,n2,rest
1260914,0,n2,rest
1260916,0,n2,rest
1260918,0,n2,rest
1260920,0,n2,rest
1260922,0,n2,rest
1260924,0,n2,rest
1260926,0,n2,rest
1260928,0,n2,rest
1260930,0,n2,rest
1260932,0,n2,rest
1260934,0,n2,rest
1260936,0,n2,rest
1260938,0,n2,rest
1260940,0,n2,rest
1260942,0,n2,rest
1260944,0,n2,rest
1260946,0,n2,rest
1260948,0,n2,rest
1260950,0,n2,rest
1260952,0,n2,rest
1260954,0,n2,rest
1260956,0,n2,rest
1260958,0,n2,rest
1260960,0,n2,rest
1260962,0,n2,rest
1260964,0,n2,rest
1260966,0,n2,rest
1260968,0,n2,rest
1260970,0,n2,rest
1260972,0,n2,rest
1260974,0,n2,rest
1260976,0,n2,rest
1260978,0,n2,rest
1260980,0,n2,rest
1260982,0,n2,rest
1260984,0,n2,rest
1260986,0,n2,rest
1260988,0,n2,rest
1260990,0,n2,rest
1260992,0,n2,rest
1260994,0,n2,rest
1260996,0,n2,rest
1260998,0,n2,rest
1261000,0,n2,rest
1261002,0,n2,rest
1261004,0,n2,rest
1261006,0,n2,rest
1261008,0,n2,rest
1261010,0,n2,rest
1261012,0,n2,rest
1261014,0,n2,rest
1261016,0,n2,rest
1261018,0,n2,rest
1261020,0,n2,rest
1261022,0,n2,rest
1261024,0,n2,rest
1261026,0,n2,rest
1261028,0,n2,rest
1261030,0,n2,rest
1261032,0,n2,rest
1261034,0,n2,rest
1261036,0,n2,rest
1261038,0,n2,rest
1261040,0,n2,rest
1261042,0,n2,rest
1261044,0,n2,rest
1261046,0,n2,rest
1261048,0,n2,rest
1261050,0,n2,rest
1261052,0,n2,rest
1261054,0,n2,rest
1261056,0,n2,rest
1261058,0,n2,rest
1261060,0,n2,rest
1261062,0,n2,rest
1261064,0,n2,rest
1261066,0,n2,rest
1261068,0,n2,rest
1261070,0,n2,rest
1261072,0,n2,rest
1261074,0,n2,rest
1261076,0,n2,rest
1261078,0,n2,rest
1261080,0,n2,rest
1261082,0,n2,rest
1261084,0,n2,rest
1261086,0,n2,rest
1261088,0,n2,rest
1261090,0,n2,rest
1261092,0,n2,rest
1261094,0,n2,rest
1261096,0,n2,rest
1261098,0,n2,rest
1261100,0,n2,rest
1261102,0,n2,rest
1261104,0,n2,rest
1261106,0,n2,rest
1261108,0,n2,rest
1261110,0,n2,rest
1261112,0,n2,rest
1261114,0,n2,rest
1261116,0,n2,rest
1261118,0,n2,rest
1261120,0,n2,rest
1261122,0,n2,rest
1261124,0,n2,rest
1261126,0,n2,rest
1261128,0,n2,rest
1261130,0,n2,rest
1261132,0,n2,rest
1261134,0,n2,rest
1261136,0,n2,rest
1261138,0,n2,rest
1261140,0,n2,rest
1261142,0,n2,rest
1261144,0,n2,rest
1261146,0,n2,rest
1261148,0,n2,rest
1261150,0,n2,rest
1261152,0,n2,rest
1261154,0,n2,rest
1261156,0,n2,rest
1261158,0,n2,rest
1261160,0,n2,rest
1261162,0,n2,rest
1261164,0,n2,rest
1261166,0,n2,rest
1261168,0,n2,rest
1261170,0,n2,rest
1261172,0,n2,rest
1261174,0,n2,rest
1261176,0,n2,rest
1261178,0,n2,rest
1261180,0,n2,rest
1261182,0,n2,rest
1261184,0,n2,rest
1261186,0,n2,rest
1261188,0,n2,rest
1261190,0,n2,rest
1261192,0,n2,rest
1261194,0,n2,rest
1261196,0,n2,rest
1261198,0,n2,rest
1261200,0,n2,rest
1261202,0,n2,rest
1261204,0,n2,rest
1261206,0,n2,rest
1261208,0,n2,rest
1261210,0,n2,rest
1261212,0,n2,rest
1261214,0,n2,rest
1261216,0,n2,rest
1261218,0,n2,rest
1261220,0,n2,rest
1261222,0,n2,rest
1261224,0,n2,rest
1261226,0,n2,rest
1261228,0,n2,rest
1261230,0,n2,rest
1261232,0,n2,rest
1261234,0,n2,rest
1261236,0,n2,rest
1261238,0,n2,rest
1261240,0,n2,rest
1261242,0,n2,rest
1261244,0,n2,rest
1261246,0,n2,rest
1261248,0,n2,rest
1261250,0,n2,rest
1261252,0,n2,rest
1261254,0,n2,rest
1261256,0,n2,rest
1261258,0,n2,rest
1261260,0,n2,rest
1261262,0,n2,rest
1261264,0,n2,rest
1261266,0,n2,rest
1261268,0,n2,rest
1261270,0,n2,rest
1261272,0,n2,rest
1261274,0,n2,rest
1261276,0,n2,rest
1261278,0,n2,rest
1261280,0,n2,rest
1261282,0,n2,rest
1261284,0,n2,rest
1261286,0,n2,rest
1261288,0,n2,rest
1261290,0,n2,rest
1261292,0,n2,rest
1261294,0,n2,rest
1261296,0,n2,rest
1261298,0,n2,rest
1261300,0,n2,rest
1261302,0,n2,rest
1261304,0,n2,rest
1261306,0,n2,rest
1261308,0,n2,rest
1261310,0,n2,rest
1261312,0,n2,rest
1261314,0,n2,rest
1261316,0,n2,rest
1261318,0,n2,rest
1261320,0,n2,rest
1261322,0,n2,rest
1261324,0,n2,rest
1261326,0,n2,rest
1261328,0,n2,rest
1261330,0,n2,rest
1261332,0,n2,rest
1261334,0,n2,rest
1261336,0,n2,rest
1261338,0,n2,rest
1261340,0,n2,rest
1261342,0,n2,rest
1261344,0,n2,rest
1261346,0,n2,rest
1261348,0,n2,rest
1261350,0,n2,rest
1261352,0,n2,rest
1261354,0,n2,rest
1261356,0,n2,rest
1261358,0,n2,rest
1261360,0,n2,rest
1261362,0,n2,rest
1261364,0,n2,rest
1261366,0,n2,rest
1261368,0,n2,rest
1261370,0,n2,rest
1261372,0,n2,rest
1261374,0,n2,rest
1261376,0,n2,rest
1261378,0,n2,rest
1261380,0,n2,rest
1261382,0,n2,rest
1261384,0,n2,rest
1261386,0,n2,rest
1261388,0,n2,rest
1261390,0,n2,rest
1261392,0,n2,rest
1261394,0,n2,rest
1261396,0,n2,rest
1261398,0,n2,rest
1261400,0,n2,rest
1261402,0,n2,rest
1261404,0,n2,rest
1261406,0,n2,rest
1261408,0,n2,rest
1261410,0,n2,rest
1261412,0,n2,rest
1261414,0,n2,rest
1261416,0,n2,rest
1261418,0,n2,rest
1261420,0,n2,rest
1261422,0,n2,rest
1261424,0,n2,rest
1261426,0,n2,rest
1261428,0,n2,rest
1261430,0,n2,rest
1261432,0,n2,rest
1261434,0,n2,rest
1261436,0,n2,rest
1261438,0,n2,rest
1261440,0,n2,rest
1261442,0,n2,rest
1261444,0,n2,rest
1261446,0,n2,rest
1261448,0,n2,rest
1261450,0,n2,rest
1261452,0,n2,rest
1261454,0,n2,rest
1261456,0,n2,rest
1261458,0,n2,rest
1261460,0,n2,rest
1261462,0,n2,rest
1261464,0,n2,rest
1261466,0,n2,rest
1261468,0,n2,rest
1261470,0,n2,rest
1261472,0,n2,rest
1261474,0,n2,rest
1261476,0,n2,rest
1261478,0,n2,rest
1261480,0,n2,rest
1261482,0,n2,rest
1261484,0,n2,rest
1261486,0,n2,rest
1261488,0,n2,rest
1261490,0,n2,rest
1261492,0,n2,rest
1261494,0,n2,rest
1261496,0,n2,rest
1261498,0,n2,rest
1261500,0,n2,rest
1261502,0,n2,rest
1261504,0,n2,rest
1261506,0,n2,rest
1261508,0,n2,rest
1261510,0,n2,rest
1261512,0,n2,rest
1261514,0,n2,rest
1261516,0,n2,rest
1261518,0,n2,rest
1261520,0,n2,rest
1261522,0,n2,rest
1261524,0,n2,rest
1261526,0,n2,rest
1261528,0,n2,rest
1261530,0,n2,rest
1261532,0,n2,rest
1261534,0,n2,rest
1261536,0,n2,rest
1261538,0,n2,rest
1261540,0,n2,rest
1261542,0,n2,rest
1261544,0,n2,rest
1261546,0,n2,rest
1261548,0,n2,rest
1261550,0,n2,rest
1261552,0,n2,rest
1261554,0,n2,rest
1261556,0,n2,rest
1261558,0,n2,rest
1261560,0,n2,rest
1261562,0,n2,rest
1261564,0,n2,rest
1261566,0,n2,rest
1261568,0,n2,rest
1261570,0,n2,rest
1261572,0,n2,rest
1261574,0,n2,rest
1261576,0,n2,rest
1261578,0,n2,rest
1261580,0,n2,rest
1261582,0,n2,rest
1261584,0,n2,rest
1261586,0,n2,rest
1261588,0,n2,rest
1261590,0,n2,rest
1261592,0,n2,rest
1261594,0,n2,rest
1261596,0,n2,rest
1261598,0,n2,rest
1261600,0,n2,rest
1261602,0,n2,rest
1261604,0,n2,rest
1261606,0,n2,rest
1261608,0,n2,rest
1261610,0,n2,rest
1261612,0,n2,rest
1261614,0,n2,rest
1261616,0,n2,rest
1261618,0,n2,rest
1261620,0,n2,rest
1261622,0,n2,rest
1261624,0,n2,rest
1261626,0,n2,rest
1261628,0,n2,rest
1261630,0,n2,rest
1261632,0,n2,rest
1261634,0,n2,rest
1261636,0,n2,rest
1261638,0,n2,rest
1261640,0,n2,rest
1261642,0,n2,rest
1261644,0,n2,rest
1261646,0,n2,rest
1261648,0,n2,rest
1261650,0,n2,rest
1261652,0,n2,rest
1261654,0,n2,rest
1261656,0,n2,rest
1261658,0,n2,rest
1261660,0,n2,rest
1261662,0,n2,rest
1261664,0,n2,rest
1261666,0,n2,rest
1261668,0,n2,rest
1261670,0,n2,rest
1261672,0,n2,rest
1261674,0,n2,rest
1261676,0,n2,rest
1261678,0,n2,rest
1261680,0,n2,rest
1261682,0,n2,rest
1261684,0,n2,rest
1261686,0,n2,rest
1261688,0,n2,rest
1261690,0,n2,rest
1261692,0,n2,rest
1261694,0,n2,rest
1261696,0,n2,rest
1261698,0,n2,rest
1261700,0,n2,rest
1261702,0,n2,rest
1261704,0,n2,rest
1261706,0,n2,rest
1261708,0,n2,rest
1261710,0,n2,rest
1261712,0,n2,rest
1261714,0,n2,rest
1261716,0,n2,rest
1261718,0,n2,rest
1261720,0,n2,rest
1261722,0,n2,rest
1261724,0,n2,rest
1261726,0,n2,rest
1261728,0,n2,rest
1261730,0,n2,rest
1261732,0,n2,rest
1261734,0,n2,rest
1261736,0,n2,rest
1261738,0,n2,rest
1261740,0,n2,rest
1261742,0,n2,rest
1261744,0,n2,rest
1261746,0,n2,rest
1261748,0,n2,rest
1261750,0,n2,rest
1261752,0,n2,rest
1261754,0,n2,rest
1261756,0,n2,rest
1261758,0,n2,rest
1261760,0,n2,rest
1261762,0,n2,rest
1261764,0,n2,rest
1261766,0,n2,rest
1261768,0,n2,rest
1261770,0,n2,rest
1261772,0,n2,rest
1261774,0,n2,rest
1261776,0,n2,rest
1261778,0,n2,rest
1261780,0,n2,rest
1261782,0,n2,rest
1261784,0,n2,rest
1261786,0,n2,rest
1261788,0,n2,rest
1261790,0,n2,rest
1261792,0,n2,rest
1261794,0,n2,rest
1261796,0,n2,rest
1261798,0,n2,rest
1261800,0,n2,rest
1261802,0,n2,rest
1261804,0,n2,rest
1261806,0,n2,rest
1261808,0,n2,rest
1261810,0,n2,rest
1261812,0,n2,rest
1261814,0,n2,rest
1261816,0,n2,rest
1261818,0,n2,rest
1261820,0,n2,rest
1261822,0,n2,rest
1261824,0,n2,rest
1261826,0,n2,rest
1261828,0,n2,rest
1261830,0,n2,rest
1261832,0,n2,rest
1261834,0,n2,rest
1261836,0,n2,rest
1261838,0,n2,rest
1261840,0,n2,rest
1261842,0,n2,rest
1261844,0,n2,rest
1261846,0,n2,rest
1261848,0,n2,rest
1261850,0,n2,rest
1261852,0,n2,rest
1261854,0,n2,rest
1261856,0,n2,rest
1261858,0,n2,rest
1261860,0,n2,rest
1261862,0,n2,rest
1261864,0,n2,rest
1261866,0,n2,rest
1261868,0,n2,rest
1261870,0,n2,rest
1261872,0,n2,rest
1261874,0,n2,rest
1261876,0,n2,rest
1261878,0,n2,rest
1261880,0,n2,rest
1261882,0,n2,rest
1261884,0,n2,rest
1261886,0,n2,rest
1261888,0,n2,rest
1261890,0,n2,rest
1261892,0,n2,rest
1261894,0,n2,rest
1261896,0,n2,rest
1261898,0,n2,rest
1261900,0,n2,rest
1261902,0,n2,rest
1261904,0,n2,rest
1261906,0,n2,rest
1261908,0,n2,rest
1261910,0,n2,rest
1261912,0,n2,rest
1261914,0,n2,rest
1261916,0,n2,rest
1261918,0,n2,rest
1261920,0,n2,rest
1261922,0,n2,rest
1261924,0,n2,rest
1261926,0,n2,rest
1261928,0,n2,rest
1261930,0,n2,rest
1261932,0,n2,rest
1261934,0,n2,rest
1261936,0,n2,rest
1261938,0,n2,rest
1261940,0,n2,rest
1261942,0,n2,rest
1261944,0,n2,rest
1261946,0,n2,rest
1261948,0,n2,rest
1261950,0,n2,rest
1261952,0,n2,rest
1261954,0,n2,rest
1261956,0,n2,rest
1261958,0,n2,rest
1261960,0,n2,rest
1261962,0,n2,rest
1261964,0,n2,rest
1261966,0,n2,rest
1261968,0,n2,rest
1261970,0,n2,rest
1261972,0,n2,rest
1261974,0,n2,rest
1261976,0,n2,rest
1261978,0,n2,rest
1261980,0,n2,rest
1261982,0,n2,rest
1261984,0,n2,rest
1261986,0,n2,rest
1261988,0,n2,rest
1261990,0,n2,rest
1261992,0,n2,rest
1261994,0,n2,rest
1261996,0,n2,rest
1261998,0,n2,rest
1262000,0,n2,rest
1262002,0,n2,rest
1262004,0,n2,rest
1262006,0,n2,rest
1262008,0,n2,rest
1262010,0,n2,rest
1262012,0,n2,rest
1262014,0,n2,rest
1262016,0,n2,rest
1262018,0,n2,rest
1262020,0,n2,rest
1262022,0,n2,rest
1262024,0,n2,rest
1262026,0,n2,rest
1262028,0,n2,rest
1262030,0,n2,rest
1262032,0,n2,rest
1262034,0,n2,rest
1262036,0,n2,rest
1262038,0,n2,rest
1262040,0,n2,rest
1262042,0,n2,rest
1262044,0,n2,rest
1262046,0,n2,rest
1262048,0,n2,rest
1262050,0,n2,rest
1262052,0,n2,rest
1262054,0,n2,rest
1262056,0,n2,rest
1262058,0,n2,rest
1262060,0,n2,rest
1262062,0,n2,rest
1262064,0,n2,rest
1262066,0,n2,rest
1262068,0,n2,rest
1262070,0,n2,rest
1262072,0,n2,rest
1262074,0,n2,rest
1262076,0,n2,rest
1262078,0,n2,rest
1262080,0,n2,rest
1262082,0,n2,rest
1262084,0,n2,rest
1262086,0,n2,rest
1262088,0,n2,rest
1262090,0,n2,rest
1262092,0,n2,rest
1262094,0,n2,rest
1262096,0,n2,rest
1262098,0,n2,rest
1262100,0,n2,rest
1262102,0,n2,rest
1262104,0,n2,rest
1262106,0,n2,rest
1262108,0,n2,rest
1262110,0,n2,rest
1262112,0,n2,rest
1262114,0,n2,rest
1262116,0,n2,rest
1262118,0,n2,rest
1262120,0,n2,rest
1262122,0,n2,rest
1262124,0,n2,rest
1262126,0,n2,rest
1262128,0,n2,rest
1262130,0,n2,rest
1262132,0,n2,rest
1262134,0,n2,rest
1262136,0,n2,rest
1262138,0,n2,rest
1262140,0,n2,rest
1262142,0,n2,rest
1262144,0,n2,rest
1262146,0,n2,rest
1262148,0,n2,rest
1262150,0,n2,rest
1262152,0,n2,rest
1262154,0,n2,rest
1262156,0,n2,rest
1262158,0,n2,rest
1262160,0,n2,rest
1262162,0,n2,rest
1262164,0,n2,rest
1262166,0,n2,rest
1262168,0,n2,rest
1262170,0,n2,rest
1262172,0,n2,rest
1262174,0,n2,rest
1262176,0,n2,rest
1262178,0,n2,rest
1262180,0,n2,rest
1262182,0,n2,rest
1262184,0,n2,rest
1262186,0,n2,rest
1262188,0,n2,rest
1262190,0,n2,rest
1262192,0,n2,rest
1262194,0,n2,rest
1262196,0,n2,rest
1262198,0,n2,rest
1262200,0,n2,rest
1262202,0,n2,rest
1262204,0,n2,rest
1262206,0,n2,rest
1262208,0,n2,rest
1262210,0,n2,rest
1262212,0,n2,rest
1262214,0,n2,rest
1262216,0,n2,rest
1262218,0,n2,rest
1262220,0,n2,rest
1262222,0,n2,rest
1262224,0,n2,rest
1262226,0,n2,rest
1262228,0,n2,rest
1262230,0,n2,rest
1262232,0,n2,rest
1262234,0,n2,rest
1262236,0,n2,rest
1262238,0,n2,rest
1262240,0,n2,rest
1262242,0,n2,rest
1262244,0,n2,rest
1262246,0,n2,rest
1262248,0,n2,rest
1262250,0,n2,rest
1262252,0,n2,rest
1262254,0,n2,rest
1262256,0,n2,rest
1262258,0,n2,rest
1262260,0,n2,rest
1262262,0,n2,rest
1262264,0,n2,rest
1262266,0,n2,rest
1262268,0,n2,rest
1262270,0,n2,rest
1262272,0,n2,rest
1262274,0,n2,rest
1262276,0,n2,rest
1262278,0,n2,rest
1262280,0,n2,rest
1262282,0,n2,rest
1262284,0,n2,rest
1262286,0,n2,rest
1262288,0,n2,rest
1262290,0,n2,rest
1262292,0,n2,rest
1262294,0,n2,rest
1262296,0,n2,rest
1262298,0,n2,rest
1262300,0,n2,rest
1262302,0,n2,rest
1262304,0,n2,rest
1262306,0,n2,rest
1262308,0,n2,rest
1262310,0,n2,rest
1262312,0,n2,rest
1262314,0,n2,rest
1262316,0,n2,rest
1262318,0,n2,rest
1262320,0,n2,rest
1262322,0,n2,rest
1262324,0,n2,rest
1262326,0,n2,rest
1262328,0,n2,rest
1262330,0,n2,rest
1262332,0,n2,rest
1262334,0,n2,rest
1262336,0,n2,rest
1262338,0,n2,rest
1262340,0,n2,rest
1262342,0,n2,rest
1262344,0,n2,rest
1262346,0,n2,rest
1262348,0,n2,rest
1262350,0,n2,rest
1262352,0,n2,rest
1262354,0,n2,rest
1262356,0,n2,rest
1262358,0,n2,rest
1262360,0,n2,rest
1262362,0,n2,rest
1262364,0,n2,rest
1262366,0,n2,rest
1262368,0,n2,rest
1262370,0,n2,rest
1262372,0,n2,rest
1262374,0,n2,rest
1262376,0,n2,rest
1262378,0,n2,rest
1262380,0,n2,rest
1262382,0,n2,rest
1262384,0,n2,rest
1262386,0,n2,rest
1262388,0,n2,rest
1262390,0,n2,rest
1262392,0,n2,rest
1262394,0,n2,rest
1262396,0,n2,rest
1262398,0,n2,rest
1262400,0,n2,rest
1262402,0,n2,rest
1262404,0,n2,rest
1262406,0,n2,rest
1262408,0,n2,rest
1262410,0,n2,rest
1262412,0,n2,rest
1262414,0,n2,rest
1262416,0,n2,rest
1262418,0,n2,rest
1262420,0,n2,rest
1262422,0,n2,rest
1262424,0,n2,rest
1262426,0,n2,rest
1262428,0,n2,rest
1262430,0,n2,rest
1262432,0,n2,rest
1262434,0,n2,rest
1262436,0,n2,rest
1262438,0,n2,rest
1262440,0,n2,rest
1262442,0,n2,rest
1262444,0,n2,rest
1262446,0,n2,rest
1262448,0,n2,rest
1262450,0,n2,rest
1262452,0,n2,rest
1262454,0,n2,rest
1262456,0,n2,rest
1262458,0,n2,rest
1262460,0,n2,rest
1262462,0,n2,rest
1262464,0,n2,rest
1262466,0,n2,rest
1262468,0,n2,rest
1262470,0,n2,rest
1262472,0,n2,rest
1262474,0,n2,rest
1262476,0,n2,rest
1262478,0,n2,rest
1262480,0,n2,rest
1262482,0,n2,rest
1262484,0,n2,rest
1262486,0,n2,rest
1262488,0,n2,rest
1262490,0,n2,rest
1262492,0,n2,rest
1262494,0,n2,rest
1262496,0,n2,rest
1262498,0,n2,rest
1262500,0,n2,rest
1262502,0,n2,rest
1262504,0,n2,rest
1262506,0,n2,rest
1262508,0,n2,rest
1262510,0,n2,rest
1262512,0,n2,rest
1262514,0,n2,rest
1262516,0,n2,rest
1262518,0,n2,rest
1262520,0,n2,rest
1262522,0,n2,rest
1262524,0,n2,rest
1262526,0,n2,rest
1262528,0,n2,rest
1262530,0,n2,rest
1262532,0,n2,rest
1262534,0,n2,rest
1262536,0,n2,rest
1262538,0,n2,rest
1262540,0,n2,rest
1262542,0,n2,rest
1262544,0,n2,rest
1262546,0,n2,rest
1262548,0,n2,rest
1262550,0,n2,rest
1262552,0,n2,rest
1262554,0,n2,rest
1262556,0,n2,rest
1262558,0,n2,rest
1262560,0,n2,rest
1262562,0,n2,rest
1262564,0,n2,rest
1262566,0,n2,rest
1262568,0,n2,rest
1262570,0,n2,rest
1262572,0,n2,rest
1262574,0,n2,rest
1262576,0,n2,rest
1262578,0,n2,rest
1262580,0,n2,rest
1262582,0,n2,rest
1262584,0,n2,rest
1262586,0,n2,rest
1262588,0,n2,rest
1262590,0,n2,rest
1262592,0,n2,rest
1262594,0,n2,rest
1262596,0,n2,rest
1262598,0,n2,rest
1262600,0,n2,rest
1262602,0,n2,rest
1262604,0,n2,rest
1262606,0,n2,rest
1262608,0,n2,rest
1262610,0,n2,rest
1262612,0,n2,rest
1262614,0,n2,rest
1262616,0,n2,rest
1262618,0,n2,rest
1262620,0,n2,rest
1262622,0,n2,rest
1262624,0,n2,rest
1262626,0,n2,rest
1262628,0,n2,rest
1262630,0,n2,rest
1262632,0,n2,rest
1262634,0,n2,rest
1262636,0,n2,rest
1262638,0,n2,rest
1262640,0,n2,rest
1262642,0,n2,rest
1262644,0,n2,rest
1262646,0,n2,rest
1262648,0,n2,rest
1262650,0,n2,rest
1262652,0,n2,rest
1262654,0,n2,rest
1262656,0,n2,rest
1262658,0,n2,rest
1262660,0,n2,rest
1262662,0,n2,rest
1262664,0,n2,rest
1262666,0,n2,rest
1262668,0,n2,rest
1262670,0,n2,rest
1262672,0,n2,rest
1262674,0,n2,rest
1262676,0,n2,rest
1262678,0,n2,rest
1262680,0,n2,rest
1262682,0,n2,rest
1262684,0,n2,rest
1262686,0,n2,rest
1262688,0,n2,rest
1262690,0,n2,rest
1262692,0,n2,rest
1262694,0,n2,rest
1262696,0,n2,rest
1262698,0,n2,rest
1262700,0,n2,rest
1262702,0,n2,rest
1262704,0,n2,rest
1262706,0,n2,rest
1262708,0,n2,rest
1262710,0,n2,rest
1262712,0,n2,rest
1262714,0,n2,rest
1262716,0,n2,rest
1262718,0,n2,rest
1262720,0,n2,rest
1262722,0,n2,rest
1262724,0,n2,rest
1262726,0,n2,rest
1262728,0,n2,rest
1262730,0,n2,rest
1262732,0,n2,rest
1262734,0,n2,rest
1262736,0,n2,rest
1262738,0,n2,rest
1262740,0,n2,rest
1262742,0,n2,rest
1262744,0,n2,rest
1262746,0,n2,rest
1262748,0,n2,rest
1262750,0,n2,rest
1262752,0,n2,rest
1262754,0,n2,rest
1262756,0,n2,rest
1262758,0,n2,rest
1262760,0,n2,rest
1262762,0,n2,rest
1262764,0,n2,rest
1262766,0,n2,rest
1262768,0,n2,rest
1262770,0,n2,rest
1262772,0,n2,rest
1262774,0,n2,rest
1262776,0,n2,rest
1262778,0,n2,rest
1262780,0,n2,rest
1262782,0,n2,rest
1262784,0,n2,rest
1262786,0,n2,rest
1262788,0,n2,rest
1262790,0,n2,rest
1262792,0,n2,rest
1262794,0,n2,rest
1262796,0,n2,rest
1262798,0,n2,rest
1262800,0,n2,rest
1262802,0,n2,rest
1262804,0,n2,rest
1262806,0,n2,rest
1262808,0,n2,rest
1262810,0,n2,rest
1262812,0,n2,rest
1262814,0,n2,rest
1262816,0,n2,rest
1262818,0,n2,rest
1262820,0,n2,rest
1262822,0,n2,rest
1262824,0,n2,rest
1262826,0,n2,rest
1262828,0,n2,rest
1262830,0,n2,rest
1262832,0,n2,rest
1262834,0,n2,rest
1262836,0,n2,rest
1262838,0,n2,rest
1262840,0,n2,rest
1262842,0,n2,rest
1262844,0,n2,rest
1262846,0,n2,rest
1262848,0,n2,rest
1262850,0,n2,rest
1262852,0,n2,rest
1262854,0,n2,rest
1262856,0,n2,rest
1262858,0,n2,rest
1262860,0,n2,rest
1262862,0,n2,rest
1262864,0,n2,rest
1262866,0,n2,rest
1262868,0,n2,rest
1262870,0,n2,rest
1262872,0,n2,rest
1262874,0,n2,rest
1262876,0,n2,rest
1262878,0,n2,rest
1262880,0,n2,rest
1262882,0,n2,rest
1262884,0,n2,rest
1262886,0,n2,rest
1262888,0,n2,rest
1262890,0,n2,rest
1262892,0,n2,rest
1262894,0,n2,rest
1262896,0,n2,rest
1262898,0,n2,rest
1262900,0,n2,rest
1262902,0,n2,rest
1262904,0,n2,rest
1262906,0,n2,rest
1262908,0,n2,rest
1262910,0,n2,rest
1262912,0,n2,rest
1262914,0,n2,rest
1262916,0,n2,rest
1262918,0,n2,rest
1262920,0,n2,rest
1262922,0,n2,rest
1262924,0,n2,rest
1262926,0,n2,rest
1262928,0,n2,rest
1262930,0,n2,rest
1262932,0,n2,rest
1262934,0,n2,rest
1262936,0,n2,rest
1262938,0,n2,rest
1262940,0,n2,rest
1262942,0,n2,rest
1262944,0,n2,rest
1262946,0,n2,rest
1262948,0,n2,rest
1262950,0,n2,rest
1262952,0,n2,rest
1262954,0,n2,rest
1262956,0,n2,rest
1262958,0,n2,rest
1262960,0,n2,rest
1262962,0,n2,rest
1262964,0,n2,rest
1262966,0,n2,rest
1262968,0,n2,rest
1262970,0,n2,rest
1262972,0,n2,rest
1262974,0,n2,rest
1262976,0,n2,rest
1262978,0,n2,rest
1262980,0,n2,rest
1262982,0,n2,rest
1262984,0,n2,rest
1262986,0,n2,rest
1262988,0,n2,rest
1262990,0,n2,rest
1262992,0,n2,rest
1262994,0,n2,rest
1262996,0,n2,rest
1262998,0,n2,rest
1263000,0,n2,rest
1263002,0,n2,rest
1263004,0,n2,rest
1263006,0,n2,rest
1263008,0,n2,rest
1263010,0,n2,rest
1263012,0,n2,rest
1263014,0,n2,rest
1263016,0,n2,rest
1263018,0,n2,rest
1263020,0,n2,rest
1263022,0,n2,rest
1263024,0,n2,rest
1263026,0,n2,rest
1263028,0,n2,rest
1263030,0,n2,rest
1263032,0,n2,rest
1263034,0,n2,rest
1263036,0,n2,rest
1263038,0,n2,rest
1263040,0,n2,rest
1263042,0,n2,rest
1263044,0,n2,rest
1263046,0,n2,rest
1263048,0,n2,rest
1263050,0,n2,rest
1263052,0,n2,rest
1263054,0,n2,rest
1263056,0,n2,rest
1263058,0,n2,rest
1263060,0,n2,rest
1263062,0,n2,rest
1263064,0,n2,rest
1263066,0,n2,rest
1263068,0,n2,rest
1263070,0,n2,rest
1263072,0,n2,rest
1263074,0,n2,rest
1263076,0,n2,rest
1263078,0,n2,rest
1263080,0,n2,rest
1263082,0,n2,rest
1263084,0,n2,rest
1263086,0,n2,rest
1263088,0,n2,rest
1263090,0,n2,rest
1263092,0,n2,rest
1263094,0,n2,rest
1263096,0,n2,rest
1263098,0,n2,rest
1263100,0,n2,rest
1263102,0,n2,rest
1263104,0,n2,rest
1263106,0,n2,rest
1263108,0,n2,rest
1263110,0,n2,rest
1263112,0,n2,rest
1263114,0,n2,rest
1263116,0,n2,rest
1263118,0,n2,rest
1263120,0,n2,rest
1263122,0,n2,rest
1263124,0,n2,rest
1263126,0,n2,rest
1263128,0,n2,rest
1263130,0,n2,rest
1263132,0,n2,rest
1263134,0,n2,rest
1263136,0,n2,rest
1263138,0,n2,rest
1263140,0,n2,rest
1263142,0,n2,rest
1263144,0,n2,rest
1263146,0,n2,rest
1263148,0,n2,rest
1263150,0,n2,rest
1263152,0,n2,rest
1263154,0,n2,rest
1263156,0,n2,rest
1263158,0,n2,rest
1263160,0,n2,rest
1263162,0,n2,rest
1263164,0,n2,rest
1263166,0,n2,rest
1263168,0,n2,rest
1263170,0,n2,rest
1263172,0,n2,rest
1263174,0,n2,rest
1263176,0,n2,rest
1263178,0,n2,rest
1263180,0,n2,rest
1263182,0,n2,rest
1263184,0,n2,rest
1263186,0,n2,rest
1263188,0,n2,rest
1263190,0,n2,rest
1263192,0,n2,rest
1263194,0,n2,rest
1263196,0,n2,rest
1263198,0,n2,rest
1263200,0,n2,rest
1263202,0,n2,rest
1263204,0,n2,rest
1263206,0,n2,rest
1263208,0,n2,rest
1263210,0,n2,rest
1263212,0,n2,rest
1263214,0,n2,rest
1263216,0,n2,rest
1263218,0,n2,rest
1263220,0,n2,rest
1263222,0,n2,rest
1263224,0,n2,rest
1263226,0,n2,rest
1263228,0,n2,rest
1263230,0,n2,rest
1263232,0,n2,rest
1263234,0,n2,rest
1263236,0,n2,rest
1263238,0,n2,rest
1263240,0,n2,rest
1263242,0,n2,rest
1263244,0,n2,rest
1263246,0,n2,rest
1263248,0,n2,rest
1263250,0,n2,rest
1263252,0,n2,rest
1263254,0,n2,rest
1263256,0,n2,rest
1263258,0,n2,rest
1263260,0,n2,rest
1263262,0,n2,rest
1263264,0,n2,rest
1263266,0,n2,rest
1263268,0,n2,rest
1263270,0,n2,rest
1263272,0,n2,rest
1263274,0,n2,rest
1263276,0,n2,rest
1263278,0,n2,rest
1263280,0,n2,rest
1263282,0,n2,rest
1263284,0,n2,rest
1263286,0,n2,rest
1263288,0,n2,rest
1263290,0,n2,rest
1263292,0,n2,rest
1263294,0,n2,rest
1263296,0,n2,rest
1263298,0,n2,rest
1263300,0,n2,rest
1263302,0,n2,rest
1263304,0,n2,rest
1263306,0,n2,rest
1263308,0,n2,rest
1263310,0,n2,rest
1263312,0,n2,rest
1263314,0,n2,rest
1263316,0,n2,rest
1263318,0,n2,rest
1263320,0,n2,rest
1263322,0,n2,rest
1263324,0,n2,rest
1263326,0,n2,rest
1263328,0,n2,rest
1263330,0,n2,rest
1263332,0,n2,rest
1263334,0,n2,rest
1263336,0,n2,rest
1263338,0,n2,rest
1263340,0,n2,rest
1263342,0,n2,rest
1263344,0,n2,rest
1263346,0,n2,rest
1263348,0,n2,rest
1263350,0,n2,rest
1263352,0,n2,rest
1263354,0,n2,rest
1263356,0,n2,rest
1263358,0,n2,rest
1263360,0,n2,rest
1263362,0,n2,rest
1263364,0,n2,rest
1263366,0,n2,rest
1263368,0,n2,rest
1263370,0,n2,rest
1263372,0,n2,rest
1263374,0,n2,rest
1263376,0,n2,rest
1263378,0,n2,rest
1263380,0,n2,rest
1263382,0,n2,rest
1263384,0,n2,rest
1263386,0,n2,rest
1263388,0,n2,rest
1263390,0,n2,rest
1263392,0,n2,rest
1263394,0,n2,rest
1263396,0,n2,rest
1263398,0,n2,rest
1263400,0,n2,rest
1263402,0,n2,rest
1263404,0,n2,rest
1263406,0,n2,rest
1263408,0,n2,rest
1263410,0,n2,rest
1263412,0,n2,rest
1263414,0,n2,rest
1263416,0,n2,rest
1263418,0,n2,rest
1263420,0,n2,rest
1263422,0,n2,rest
1263424,0,n2,rest
1263426,0,n2,rest
1263428,0,n2,rest
1263430,0,n2,rest
1263432,0,n2,rest
1263434,0,n2,rest
1263436,0,n2,rest
1263438,0,n2,rest
1263440,0,n2,rest
1263442,0,n2,rest
1263444,0,n2,rest
1263446,0,n2,rest
1263448,0,n2,rest
1263450,0,n2,rest
1263452,0,n2,rest
1263454,0,n2,rest
1263456,0,n2,rest
1263458,0,n2,rest
1263460,0,n2,rest
1263462,0,n2,rest
1263464,0,n2,rest
1263466,0,n2,rest
1263468,0,n2,rest
1263470,0,n2,rest
1263472,0,n2,rest
1263474,0,n2,rest
1263476,0,n2,rest
1263478,0,n2,rest
1263480,0,n2,rest
1263482,0,n2,rest
1263484,0,n2,rest
1263486,0,n2,rest
1263488,0,n2,rest
1263490,0,n2,rest
1263492,0,n2,rest
1263494,0,n2,rest
1263496,0,n2,rest
1263498,0,n2,rest
1263500,0,n2,rest
1263502,0,n2,rest
1263504,0,n2,rest
1263506,0,n2,rest
1263508,0,n2,rest
1263510,0,n2,rest
1263512,0,n2,rest
1263514,0,n2,rest
1263516,0,n2,rest
1263518,0,n2,rest
1263520,0,n2,rest
1263522,0,n2,rest
1263524,0,n2,rest
1263526,0,n2,rest
1263528,0,n2,rest
1263530,0,n2,rest
1263532,0,n2,rest
1263534,0,n2,rest
1263536,0,n2,rest
1263538,0,n2,rest
1263540,0,n2,rest
1263542,0,n2,rest
1263544,0,n2,rest
1263546,0,n2,rest
1263548,0,n2,rest
1263550,0,n2,rest
1263552,0,n2,rest
1263554,0,n2,rest
1263556,0,n2,rest
1263558,0,n2,rest
1263560,0,n2,rest
1263562,0,n2,rest
1263564,0,n2,rest
1263566,0,n2,rest
1263568,0,n2,rest
1263570,0,n2,rest
1263572,0,n2,rest
1263574,0,n2,rest
1263576,0,n2,rest
1263578,0,n2,rest
1263580,0,n2,rest
1263582,0,n2,rest
1263584,0,n2,rest
1263586,0,n2,rest
1263588,0,n2,rest
1263590,0,n2,rest
1263592,0,n2,rest
1263594,0,n2,rest
1263596,0,n2,rest
1263598,0,n2,rest
1263600,0,n2,rest
1263602,0,n2,rest
1263604,0,n2,rest
1263606,0,n2,rest
1263608,0,n2,rest
1263610,0,n2,rest
1263612,0,n2,rest
1263614,0,n2,rest
1263616,0,n2,rest
1263618,0,n2,rest
1263620,0,n2,rest
1263622,0,n2,rest
1263624,0,n2,rest
1263626,0,n2,rest
1263628,0,n2,rest
1263630,0,n2,rest
1263632,0,n2,rest
1263634,0,n2,rest
1263636,0,n2,rest
1263638,0,n2,rest
1263640,0,n2,rest
1263642,0,n2,rest
1263644,0,n2,rest
1263646,0,n2,rest
1263648,0,n2,rest
1263650,0,n2,rest
1263652,0,n2,rest
1263654,0,n2,rest
1263656,0,n2,rest
1263658,0,n2,rest
1263660,0,n2,rest
1263662,0,n2,rest
1263664,0,n2,rest
1263666,0,n2,rest
1263668,0,n2,rest
1263670,0,n2,rest
1263672,0,n2,rest
1263674,0,n2,rest
1263676,0,n2,rest
1263678,0,n2,rest
1263680,0,n2,rest
1263682,0,n2,rest
1263684,0,n2,rest
1263686,0,n2,rest
1263688,0,n2,rest
1263690,0,n2,rest
1263692,0,n2,rest
1263694,0,n2,rest
1263696,0,n2,rest
1263698,0,n2,rest
1263700,0,n2,rest
1263702,0,n2,rest
1263704,0,n2,rest
1263706,0,n2,rest
1263708,0,n2,rest
1263710,0,n2,rest
1263712,0,n2,rest
1263714,0,n2,rest
1263716,0,n2,rest
1263718,0,n2,rest
1263720,0,n2,rest
1263722,0,n2,rest
1263724,0,n2,rest
1263726,0,n2,rest
1263728,0,n2,rest
1263730,0,n2,rest
1263732,0,n2,rest
1263734,0,n2,rest
1263736,0,n2,rest
1263738,0,n2,rest
1263740,0,n2,rest
1263742,0,n2,rest
1263744,0,n2,rest
1263746,0,n2,rest
1263748,0,n2,rest
1263750,0,n2,rest
1263752,0,n2,rest
1263754,0,n2,rest
1263756,0,n2,rest
1263758,0,n2,rest
1263760,0,n2,rest
1263762,0,n2,rest
1263764,0,n2,rest
1263766,0,n2,rest
1263768,0,n2,rest
1263770,0,n2,rest
1263772,0,n2,rest
1263774,0,n2,rest
1263776,0,n2,rest
1263778,0,n2,rest
1263780,0,n2,rest
1263782,0,n2,rest
1263784,0,n2,rest
1263786,0,n2,rest
1263788,0,n2,rest
1263790,0,n2,rest
1263792,0,n2,rest
1263794,0,n2,rest
1263796,0,n2,rest
1263798,0,n2,rest
1263800,0,n2,rest
1263802,0,n2,rest
1263804,0,n2,rest
1263806,0,n2,rest
1263808,0,n2,rest
1263810,0,n2,rest
1263812,0,n2,rest
1263814,0,n2,rest
1263816,0,n2,rest
1263818,0,n2,rest
1263820,0,n2,rest
1263822,0,n2,rest
1263824,0,n2,rest
1263826,0,n2,rest
1263828,0,n2,rest
1263830,0,n2,rest
1263832,0,n2,rest
1263834,0,n2,rest
1263836,0,n2,rest
1263838,0,n2,rest
1263840,0,n2,rest
1263842,0,n2,rest
1263844,0,n2,rest
1263846,0,n2,rest
1263848,0,n2,rest
1263850,0,n2,rest
1263852,0,n2,rest
1263854,0,n2,rest
1263856,0,n2,rest
1263858,0,n2,rest
1263860,0,n2,rest
1263862,0,n2,rest
1263864,0,n2,rest
1263866,0,n2,rest
1263868,0,n2,rest
1263870,0,n2,rest
1263872,0,n2,rest
1263874,0,n2,rest
1263876,0,n2,rest
1263878,0,n2,rest
1263880,0,n2,rest
1263882,0,n2,rest
1263884,0,n2,rest
1263886,0,n2,rest
1263888,0,n2,rest
1263890,0,n2,rest
1263892,0,n2,rest
1263894,0,n2,rest
1263896,0,n2,rest
1263898,0,n2,rest
1263900,0,n2,rest
1263902,0,n2,rest
1263904,0,n2,rest
1263906,0,n2,rest
1263908,0,n2,rest
1263910,0,n2,rest
1263912,0,n2,rest
1263914,0,n2,rest
1263916,0,n2,rest
1263918,0,n2,rest
1263920,0,n2,rest
1263922,0,n2,rest
1263924,0,n2,rest
1263926,0,n2,rest
1263928,0,n2,rest
1263930,0,n2,rest
1263932,0,n2,rest
1263934,0,n2,rest
1263936,0,n2,rest
1263938,0,n2,rest
1263940,0,n2,rest
1263942,0,n2,rest
1263944,0,n2,rest
1263946,0,n2,rest
1263948,0,n2,rest
1263950,0,n2,rest
1263952,0,n2,rest
1263954,0,n2,rest
1263956,0,n2,rest
1263958,0,n2,rest
1263960,0,n2,rest
1263962,0,n2,rest
1263964,0,n2,rest
1263966,0,n2,rest
1263968,0,n2,rest
1263970,0,n2,rest
1263972,0,n2,rest
1263974,0,n2,rest
1263976,0,n2,rest
1263978,0,n2,rest
1263980,0,n2,rest
1263982,0,n2,rest
1263984,0,n2,rest
1263986,0,n2,rest
1263988,0,n2,rest
1263990,0,n2,rest
1263992,0,n2,rest
1263994,0,n2,rest
1263996,0,n2,rest
1263998,0,n2,rest
1264000,0,n2,rest
1264002,0,n2,rest
1264004,0,n2,rest
1264006,0,n2,rest
1264008,0,n2,rest
1264010,0,n2,rest
1264012,0,n2,rest
1264014,0,n2,rest
1264016,0,n2,rest
1264018,0,n2,rest
1264020,0,n2,rest
1264022,0,n2,rest
1264024,0,n2,rest
1264026,0,n2,rest
1264028,0,n2,rest
1264030,0,n2,rest
1264032,0,n2,rest
1264034,0,n2,rest
1264036,0,n2,rest
1264038,0,n2,rest
1264040,0,n2,rest
1264042,0,n2,rest
1264044,0,n2,rest
1264046,0,n2,rest
1264048,0,n2,rest
1264050,0,n2,rest
1264052,0,n2,rest
1264054,0,n2,rest
1264056,0,n2,rest
1264058,0,n2,rest
1264060,0,n2,rest
1264062,0,n2,rest
1264064,0,n2,rest
1264066,0,n2,rest
1264068,0,n2,rest
1264070,0,n2,rest
1264072,0,n2,rest
1264074,0,n2,rest
1264076,0,n2,rest
1264078,0,n2,rest
1264080,0,n2,rest
1264082,0,n2,rest
1264084,0,n2,rest
1264086,0,n2,rest
1264088,0,n2,rest
1264090,0,n2,rest
1264092,0,n2,rest
1264094,0,n2,rest
1264096,0,n2,rest
1264098,0,n2,rest
1264100,0,n2,rest
1264102,0,n2,rest
1264104,0,n2,rest
1264106,0,n2,rest
1264108,0,n2,rest
1264110,0,n2,rest
1264112,0,n2,rest
1264114,0,n2,rest
1264116,0,n2,rest
1264118,0,n2,rest
1264120,0,n2,rest
1264122,0,n2,rest
1264124,0,n2,rest
1264126,0,n2,rest
1264128,0,n2,rest
1264130,0,n2,rest
1264132,0,n2,rest
1264134,0,n2,rest
1264136,0,n2,rest
1264138,0,n2,rest
1264140,0,n2,rest
1264142,0,n2,rest
1264144,0,n2,rest
1264146,0,n2,rest
1264148,0,n2,rest
1264150,0,n2,rest
1264152,0,n2,rest
1264154,0,n2,rest
1264156,0,n2,rest
1264158,0,n2,rest
1264160,0,n2,rest
1264162,0,n2,rest
1264164,0,n2,rest
1264166,0,n2,rest
1264168,0,n2,rest
1264170,0,n2,rest
1264172,0,n2,rest
1264174,0,n2,rest
1264176,0,n2,rest
1264178,0,n2,rest
1264180,0,n2,rest
1264182,0,n2,rest
1264184,0,n2,rest
1264186,0,n2,rest
1264188,0,n2,rest
1264190,0,n2,rest
1264192,0,n2,rest
1264194,0,n2,rest
1264196,0,n2,rest
1264198,0,n2,rest
1264200,0,n2,rest
1264202,0,n2,rest
1264204,0,n2,rest
1264206,0,n2,rest
1264208,0,n2,rest
1264210,0,n2,rest
1264212,0,n2,rest
1264214,0,n2,rest
1264216,0,n2,rest
1264218,0,n2,rest
1264220,0,n2,rest
1264222,0,n2,rest
1264224,0,n2,rest
1264226,0,n2,rest
1264228,0,n2,rest
1264230,0,n2,rest
1264232,0,n2,rest
1264234,0,n2,rest
1264236,0,n2,rest
1264238,0,n2,rest
1264240,0,n2,rest
1264242,0,n2,rest
1264244,0,n2,rest
1264246,0,n2,rest
1264248,0,n2,rest
1264250,0,n2,rest
1264252,0,n2,rest
1264254,0,n2,rest
1264256,0,n2,rest
1264258,0,n2,rest
1264260,0,n2,rest
1264262,0,n2,rest
1264264,0,n2,rest
1264266,0,n2,rest
1264268,0,n2,rest
1264270,0,n2,rest
1264272,0,n2,rest
1264274,0,n2,rest
1264276,0,n2,rest
1264278,0,n2,rest
1264280,0,n2,rest
1264282,0,n2,rest
1264284,0,n2,rest
1264286,0,n2,rest
1264288,0,n2,rest
1264290,0,n2,rest
1264292,0,n2,rest
1264294,0,n2,rest
1264296,0,n2,rest
1264298,0,n2,rest
1264300,0,n2,rest
1264302,0,n2,rest
1264304,0,n2,rest
1264306,0,n2,rest
1264308,0,n2,rest
1264310,0,n2,rest
1264312,0,n2,rest
1264314,0,n2,rest
1264316,0,n2,rest
1264318,0,n2,rest
1264320,0,n2,rest
1264322,0,n2,rest
1264324,0,n2,rest
1264326,0,n2,rest
1264328,0,n2,rest
1264330,0,n2,rest
1264332,0,n2,rest
1264334,0,n2,rest
1264336,0,n2,rest
1264338,0,n2,rest
1264340,0,n2,rest
1264342,0,n2,rest
1264344,0,n2,rest
1264346,0,n2,rest
1264348,0,n2,rest
1264350,0,n2,rest
1264352,0,n2,rest
1264354,0,n2,rest
1264356,0,n2,rest
1264358,0,n2,rest
1264360,0,n2,rest
1264362,0,n2,rest
1264364,0,n2,rest
1264366,0,n2,rest
1264368,0,n2,rest
1264370,0,n2,rest
1264372,0,n2,rest
1264374,0,n2,rest
1264376,0,n2,rest
1264378,0,n2,rest
1264380,0,n2,rest
1264382,0,n2,rest
1264384,0,n2,rest
1264386,0,n2,rest
1264388,0,n2,rest
1264390,0,n2,rest
1264392,0,n2,rest
1264394,0,n2,rest
1264396,0,n2,rest
1264398,0,n2,rest
1264400,0,n2,rest
1264402,0,n2,rest
1264404,0,n2,rest
1264406,0,n2,rest
1264408,0,n2,rest
1264410,0,n2,rest
1264412,0,n2,rest
1264414,0,n2,rest
1264416,0,n2,rest
1264418,0,n2,rest
1264420,0,n2,rest
1264422,0,n2,rest
1264424,0,n2,rest
1264426,0,n2,rest
1264428,0,n2,rest
1264430,0,n2,rest
1264432,0,n2,rest
1264434,0,n2,rest
1264436,0,n2,rest
1264438,0,n2,rest
1264440,0,n2,rest
1264442,0,n2,rest
1264444,0,n2,rest
1264446,0,n2,rest
1264448,0,n2,rest
1264450,0,n2,rest
1264452,0,n2,rest
1264454,0,n2,rest
1264456,0,n2,rest
1264458,0,n2,rest
1264460,0,n2,rest
1264462,0,n2,rest
1264464,0,n2,rest
1264466,0,n2,rest
1264468,0,n2,rest
1264470,0,n2,rest
1264472,0,n2,rest
1264474,0,n2,rest
1264476,0,n2,rest
1264478,0,n2,rest
1264480,0,n2,rest
1264482,0,n2,rest
1264484,0,n2,rest
1264486,0,n2,rest
1264488,0,n2,rest
1264490,0,n2,rest
1264492,0,n2,rest
1264494,0,n2,rest
1264496,0,n2,rest
1264498,0,n2,rest
1264500,0,n2,rest
1264502,0,n2,rest
1264504,0,n2,rest
1264506,0,n2,rest
1264508,0,n2,rest
1264510,0,n2,rest
1264512,0,n2,rest
1264514,0,n2,rest
1264516,0,n2,rest
1264518,0,n2,rest
1264520,0,n2,rest
1264522,0,n2,rest
1264524,0,n2,rest
1264526,0,n2,rest
1264528,0,n2,rest
1264530,0,n2,rest
1264532,0,n2,rest
1264534,0,n2,rest
1264536,0,n2,rest
1264538,0,n2,rest
1264540,0,n2,rest
1264542,0,n2,rest
1264544,0,n2,rest
1264546,0,n2,rest
1264548,0,n2,rest
1264550,0,n2,rest
1264552,0,n2,rest
1264554,0,n2,rest
1264556,0,n2,rest
1264558,0,n2,rest
1264560,0,n2,rest
1264562,0,n2,rest
1264564,0,n2,rest
1264566,0,n2,rest
1264568,0,n2,rest
1264570,0,n2,rest
1264572,0,n2,rest
1264574,0,n2,rest
1264576,0,n2,rest
1264578,0,n2,rest
1264580,0,n2,rest
1264582,0,n2,rest
1264584,0,n2,rest
1264586,0,n2,rest
1264588,0,n2,rest
1264590,0,n2,rest
1264592,0,n2,rest
1264594,0,n2,rest
1264596,0,n2,rest
1264598,0,n2,rest
1264600,0,n2,rest
1264602,0,n2,rest
1264604,0,n2,rest
1264606,0,n2,rest
1264608,0,n2,rest
1264610,0,n2,rest
1264612,0,n2,rest
1264614,0,n2,rest
1264616,0,n2,rest
1264618,0,n2,rest
1264620,0,n2,rest
1264622,0,n2,rest
1264624,0,n2,rest
1264626,0,n2,rest
1264628,0,n2,rest
1264630,0,n2,rest
1264632,0,n2,rest
1264634,0,n2,rest
1264636,0,n2,rest
1264638,0,n2,rest
1264640,0,n2,rest
1264642,0,n2,rest
1264644,0,n2,rest
1264646,0,n2,rest
1264648,0,n2,rest
1264650,0,n2,rest
1264652,0,n2,rest
1264654,0,n2,rest
1264656,0,n2,rest
1264658,0,n2,rest
1264660,0,n2,rest
1264662,0,n2,rest
1264664,0,n2,rest
1264666,0,n2,rest
1264668,0,n2,rest
1264670,0,n2,rest
1264672,0,n2,rest
1264674,0,n2,rest
1264676,0,n2,rest
1264678,0,n2,rest
1264680,0,n2,rest
1264682,0,n2,rest
1264684,0,n2,rest
1264686,0,n2,rest
1264688,0,n2,rest
1264690,0,n2,rest
1264692,0,n2,rest
1264694,0,n2,rest
1264696,0,n2,rest
1264698,0,n2,rest
1264700,0,n2,rest
1264702,0,n2,rest
1264704,0,n2,rest
1264706,0,n2,rest
1264708,0,n2,rest
1264710,0,n2,rest
1264712,0,n2,rest
1264714,0,n2,rest
1264716,0,n2,rest
1264718,0,n2,rest
1264720,0,n2,rest
1264722,0,n2,rest
1264724,0,n2,rest
1264726,0,n2,rest
1264728,0,n2,rest
1264730,0,n2,rest
1264732,0,n2,rest
1264734,0,n2,rest
1264736,0,n2,rest
1264738,0,n2,rest
1264740,0,n2,rest
1264742,0,n2,rest
1264744,0,n2,rest
1264746,0,n2,rest
1264748,0,n2,rest
1264750,0,n2,rest
1264752,0,n2,rest
1264754,0,n2,rest
1264756,0,n2,rest
1264758,0,n2,rest
1264760,0,n2,rest
1264762,0,n2,rest
1264764,0,n2,rest
1264766,0,n2,rest
1264768,0,n2,rest
1264770,0,n2,rest
1264772,0,n2,rest
1264774,0,n2,rest
1264776,0,n2,rest
1264778,0,n2,rest
1264780,0,n2,rest
1264782,0,n2,rest
1264784,0,n2,rest
1264786,0,n2,rest
1264788,0,n2,rest
1264790,0,n2,rest
1264792,0,n2,rest
1264794,0,n2,rest
1264796,0,n2,rest
1264798,0,n2,rest
1264800,0,n2,rest
1264802,0,n2,rest
1264804,0,n2,rest
1264806,0,n2,rest
1264808,0,n2,rest
1264810,0,n2,rest
1264812,0,n2,rest
1264814,0,n2,rest
1264816,0,n2,rest
1264818,0,n2,rest
1264820,0,n2,rest
1264822,0,n2,rest
1264824,0,n2,rest
1264826,0,n2,rest
1264828,0,n2,rest
1264830,0,n2,rest
1264832,0,n2,rest
1264834,0,n2,rest
1264836,0,n2,rest
1264838,0,n2,rest
1264840,0,n2,rest
1264842,0,n2,rest
1264844,0,n2,rest
1264846,0,n2,rest
1264848,0,n2,rest
1264850,0,n2,rest
1264852,0,n2,rest
1264854,0,n2,rest
1264856,0,n2,rest
1264858,0,n2,rest
1264860,0,n2,rest
1264862,0,n2,rest
1264864,0,n2,rest
1264866,0,n2,rest
1264868,0,n2,rest
1264870,0,n2,rest
1264872,0,n2,rest
1264874,0,n2,rest
1264876,0,n2,rest
1264878,0,n2,rest
1264880,0,n2,rest
1264882,0,n2,rest
1264884,0,n2,rest
1264886,0,n2,rest
1264888,0,n2,rest
1264890,0,n2,rest
1264892,0,n2,rest
1264894,0,n2,rest
1264896,0,n2,rest
1264898,0,n2,rest
1264900,0,n2,rest
1264902,0,n2,rest
1264904,0,n2,rest
1264906,0,n2,rest
1264908,0,n2,rest
1264910,0,n2,rest
1264912,0,n2,rest
1264914,0,n2,rest
1264916,0,n2,rest
1264918,0,n2,rest
1264920,0,n2,rest
1264922,0,n2,rest
1264924,0,n2,rest
1264926,0,n2,rest
1264928,0,n2,rest
1264930,0,n2,rest
1264932,0,n2,rest
1264934,0,n2,rest
1264936,0,n2,rest
1264938,0,n2,rest
1264940,0,n2,rest
1264942,0,n2,rest
1264944,0,n2,rest
1264946,0,n2,rest
1264948,0,n2,rest
1264950,0,n2,rest
1264952,0,n2,rest
1264954,0,n2,rest
1264956,0,n2,rest
1264958,0,n2,rest
1264960,0,n2,rest
1264962,0,n2,rest
1264964,0,n2,rest
1264966,0,n2,rest
1264968,0,n2,rest
1264970,0,n2,rest
1264972,0,n2,rest
1264974,0,n2,rest
1264976,0,n2,rest
1264978,0,n2,rest
1264980,0,n2,rest
1264982,0,n2,rest
1264984,0,n2,rest
1264986,0,n2,rest
1264988,0,n2,rest
1264990,0,n2,rest
1264992,0,n2,rest
1264994,0,n2,rest
1264996,0,n2,rest
1264998,0,n2,rest
1265000,0,n2,rest
1265002,0,n2,rest
1265004,0,n2,rest
1265006,0,n2,rest
1265008,0,n2,rest
1265010,0,n2,rest
1265012,0,n2,rest
1265014,0,n2,rest
1265016,0,n2,rest
1265018,0,n2,rest
1265020,0,n2,rest
1265022,0,n2,rest
1265024,0,n2,rest
1265026,0,n2,rest
1265028,0,n2,rest
1265030,0,n2,rest
1265032,0,n2,rest
1265034,0,n2,rest
1265036,0,n2,rest
1265038,0,n2,rest
1265040,0,n2,rest
1265042,0,n2,rest
1265044,0,n2,rest
1265046,0,n2,rest
1265048,0,n2,rest
1265050,0,n2,rest
1265052,0,n2,rest
1265054,0,n2,rest
1265056,0,n2,rest
1265058,0,n2,rest
1265060,0,n2,rest
1265062,0,n2,rest
1265064,0,n2,rest
1265066,0,n2,rest
1265068,0,n2,rest
1265070,0,n2,rest
1265072,0,n2,rest
1265074,0,n2,rest
1265076,0,n2,rest
1265078,0,n2,rest
1265080,0,n2,rest
1265082,0,n2,rest
1265084,0,n2,rest
1265086,0,n2,rest
1265088,0,n2,rest
1265090,0,n2,rest
1265092,0,n2,rest
1265094,0,n2,rest
1265096,0,n2,rest
1265098,0,n2,rest
1265100,0,n2,rest
1265102,0,n2,rest
1265104,0,n2,rest
1265106,0,n2,rest
1265108,0,n2,rest
1265110,0,n2,rest
1265112,0,n2,rest
1265114,0,n2,rest
1265116,0,n2,rest
1265118,0,n2,rest
1265120,0,n2,rest
1265122,0,n2,rest
1265124,0,n2,rest
1265126,0,n2,rest
1265128,0,n2,rest
1265130,0,n2,rest
1265132,0,n2,rest
1265134,0,n2,rest
1265136,0,n2,rest
1265138,0,n2,rest
1265140,0,n2,rest
1265142,0,n2,rest
1265144,0,n2,rest
1265146,0,n2,rest
1265148,0,n2,rest
1265150,0,n2,rest
1265152,0,n2,rest
1265154,0,n2,rest
1265156,0,n2,rest
1265158,0,n2,rest
1265160,0,n2,rest
1265162,0,n2,rest
1265164,0,n2,rest
1265166,0,n2,rest
1265168,0,n2,rest
1265170,0,n2,rest
1265172,0,n2,rest
1265174,0,n2,rest
1265176,0,n2,rest
1265178,0,n2,rest
1265180,0,n2,rest
1265182,0,n2,rest
1265184,0,n2,rest
1265186,0,n2,rest
1265188,0,n2,rest
1265190,0,n2,rest
1265192,0,n2,rest
1265194,0,n2,rest
1265196,0,n2,rest
1265198,0,n2,rest
1265200,0,n2,rest
1265202,0,n2,rest
1265204,0,n2,rest
1265206,0,n2,rest
1265208,0,n2,rest
1265210,0,n2,rest
1265212,0,n2,rest
1265214,0,n2,rest
1265216,0,n2,rest
1265218,0,n2,rest
1265220,0,n2,rest
1265222,0,n2,rest
1265224,0,n2,rest
1265226,0,n2,rest
1265228,0,n2,rest
1265230,0,n2,rest
1265232,0,n2,rest
1265234,0,n2,rest
1265236,0,n2,rest
1265238,0,n2,rest
1265240,0,n2,rest
1265242,0,n2,rest
1265244,0,n2,rest
1265246,0,n2,rest
1265248,0,n2,rest
1265250,0,n2,rest
1265252,0,n2,rest
1265254,0,n2,rest
1265256,0,n2,rest
1265258,0,n2,rest
1265260,0,n2,rest
1265262,0,n2,rest
1265264,0,n2,rest
1265266,0,n2,rest
1265268,0,n2,rest
1265270,0,n2,rest
1265272,0,n2,rest
1265274,0,n2,rest
1265276,0,n2,rest
1265278,0,n2,rest
1265280,0,n2,rest
1265282,0,n2,rest
1265284,0,n2,rest
1265286,0,n2,rest
1265288,0,n2,rest
1265290,0,n2,rest
1265292,0,n2,rest
1265294,0,n2,rest
1265296,0,n2,rest
1265298,0,n2,rest
1265300,0,n2,rest
1265302,0,n2,rest
1265304,0,n2,rest
1265306,0,n2,rest
1265308,0,n2,rest
1265310,0,n2,rest
1265312,0,n2,rest
1265314,0,n2,rest
1265316,0,n2,rest
