t_ms,raw,subject,gesture
281500,462,n5,light
281502,450,n5,light
281504,496,n5,light
281506,612,n5,light
281508,651,n5,light
281510,622,n5,light
281512,592,n5,light
281514,586,n5,light
281516,569,n5,light
281518,544,n5,light
281520,531,n5,light
281522,564,n5,light
281524,562,n5,light
281526,560,n5,light
281528,563,n5,light
281530,542,n5,light
281532,511,n5,light
281534,496,n5,light
281536,473,n5,light
281538,486,n5,light
281540,497,n5,light
281542,500,n5,light
281544,485,n5,light
281546,508,n5,light
281548,511,n5,light
281550,498,n5,light
281552,479,n5,light
281554,471,n5,light
281556,471,n5,light
281558,486,n5,light
281560,527,n5,light
281562,501,n5,light
281564,490,n5,light
281566,479,n5,light
281568,464,n5,light
281570,448,n5,light
281572,453,n5,light
281574,453,n5,light
281576,432,n5,light
281578,429,n5,light
281580,422,n5,light
281582,443,n5,light
281584,457,n5,light
281586,452,n5,light
281588,498,n5,light
281590,530,n5,light
281592,528,n5,light
281594,526,n5,light
281596,510,n5,light
281598,502,n5,light
281600,482,n5,light
281602,477,n5,light
281604,454,n5,light
281606,465,n5,light
281608,462,n5,light
281610,446,n5,light
281612,432,n5,light
281614,432,n5,light
281616,464,n5,light
281618,475,n5,light
281620,469,n5,light
281622,467,n5,light
281624,471,n5,light
281626,479,n5,light
281628,477,n5,light
281630,496,n5,light
281632,524,n5,light
281634,507,n5,light
281636,511,n5,light
281638,501,n5,light
281640,477,n5,light
281642,455,n5,light
281644,459,n5,light
281646,439,n5,light
281648,427,n5,light
281650,430,n5,light
281652,432,n5,light
281654,443,n5,light
281656,432,n5,light
281658,454,n5,light
281660,496,n5,light
281662,495,n5,light
281664,475,n5,light
281666,478,n5,light
281668,466,n5,light
281670,458,n5,light
281672,438,n5,light
281674,451,n5,light
281676,459,n5,light
281678,433,n5,light
281680,421,n5,light
281682,418,n5,light
281684,403,n5,light
281686,401,n5,light
281688,404,n5,light
281690,418,n5,light
281692,418,n5,light
281694,409,n5,light
281696,432,n5,light
281698,421,n5,light
281700,405,n5,light
281702,389,n5,light
281704,384,n5,light
281706,370,n5,light
281708,366,n5,light
281710,369,n5,light
281712,400,n5,light
281714,413,n5,light
281716,429,n5,light
281718,413,n5,light
281720,404,n5,light
281722,387,n5,light
281724,386,n5,light
281726,395,n5,light
281728,395,n5,light
281730,383,n5,light
281732,386,n5,light
281734,383,n5,light
281736,412,n5,light
281738,424,n5,light
281740,447,n5,light
281742,451,n5,light
281744,451,n5,light
281746,432,n5,light
281748,437,n5,light
281750,450,n5,light
281752,458,n5,light
281754,469,n5,light
281756,511,n5,light
281758,511,n5,light
281760,496,n5,light
281762,530,n5,light
281764,565,n5,light
281766,579,n5,light
281768,563,n5,light
281770,550,n5,light
281772,549,n5,light
281774,532,n5,light
281776,503,n5,light
281778,527,n5,light
281780,502,n5,light
281782,535,n5,light
281784,538,n5,light
281786,532,n5,light
281788,507,n5,light
281790,501,n5,light
281792,496,n5,light
281794,495,n5,light
281796,495,n5,light
281798,526,n5,light
281800,542,n5,light
281802,550,n5,light
281804,546,n5,light
281806,528,n5,light
281808,511,n5,light
281810,507,n5,light
281812,503,n5,light
281814,492,n5,light
281816,492,n5,light
281818,483,n5,light
281820,511,n5,light
281822,497,n5,light
281824,492,n5,light
281826,524,n5,light
281828,510,n5,light
281830,494,n5,light
281832,481,n5,light
281834,470,n5,light
281836,453,n5,light
281838,443,n5,light
281840,445,n5,light
281842,471,n5,light
281844,470,n5,light
281846,448,n5,light
281848,433,n5,light
281850,432,n5,light
281852,432,n5,light
281854,458,n5,light
281856,456,n5,light
281858,432,n5,light
281860,411,n5,light
281862,399,n5,light
281864,384,n5,light
281866,371,n5,light
281868,400,n5,light
281870,402,n5,light
281872,412,n5,light
281874,429,n5,light
281876,470,n5,light
281878,457,n5,light
281880,440,n5,light
281882,429,n5,light
281884,431,n5,light
281886,455,n5,light
281888,449,n5,light
281890,448,n5,light
281892,462,n5,light
281894,474,n5,light
281896,477,n5,light
281898,470,n5,light
281900,458,n5,light
281902,462,n5,light
281904,462,n5,light
281906,458,n5,light
281908,441,n5,light
281910,421,n5,light
281912,417,n5,light
281914,419,n5,light
281916,423,n5,light
281918,441,n5,light
281920,448,n5,light
281922,432,n5,light
281924,418,n5,light
281926,432,n5,light
281928,482,n5,light
281930,525,n5,light
281932,496,n5,light
281934,473,n5,light
281936,461,n5,light
281938,435,n5,light
281940,423,n5,light
281942,429,n5,light
281944,450,n5,light
281946,447,n5,light
281948,477,n5,light
281950,489,n5,light
281952,510,n5,light
281954,489,n5,light
281956,472,n5,light
281958,478,n5,light
281960,458,n5,light
281962,445,n5,light
281964,471,n5,light
281966,477,n5,light
281968,462,n5,light
281970,439,n5,light
281972,431,n5,light
281974,421,n5,light
281976,429,n5,light
281978,429,n5,light
281980,426,n5,light
281982,418,n5,light
281984,470,n5,light
281986,468,n5,light
281988,449,n5,light
281990,546,n5,light
281992,644,n5,light
281994,687,n5,light
281996,681,n5,light
281998,655,n5,light
282000,634,n5,light
282002,631,n5,light
282004,658,n5,light
282006,643,n5,light
282008,629,n5,light
282010,624,n5,light
282012,658,n5,light
282014,658,n5,light
282016,656,n5,light
282018,647,n5,light
282020,623,n5,light
282022,602,n5,light
282024,579,n5,light
282026,563,n5,light
282028,541,n5,light
282030,538,n5,light
282032,526,n5,light
282034,498,n5,light
282036,476,n5,light
282038,451,n5,light
282040,443,n5,light
282042,464,n5,light
282044,453,n5,light
282046,438,n5,light
282048,461,n5,light
282050,447,n5,light
282052,442,n5,light
282054,442,n5,light
282056,482,n5,light
282058,501,n5,light
282060,528,n5,light
282062,502,n5,light
282064,533,n5,light
282066,549,n5,light
282068,523,n5,light
282070,500,n5,light
282072,478,n5,light
282074,468,n5,light
282076,464,n5,light
282078,449,n5,light
282080,432,n5,light
282082,417,n5,light
282084,397,n5,light
282086,386,n5,light
282088,369,n5,light
282090,358,n5,light
282092,351,n5,light
282094,352,n5,light
282096,420,n5,light
282098,453,n5,light
282100,447,n5,light
282102,448,n5,light
282104,432,n5,light
282106,413,n5,light
282108,407,n5,light
282110,395,n5,light
282112,389,n5,light
282114,414,n5,light
282116,411,n5,light
282118,422,n5,light
282120,425,n5,light
282122,419,n5,light
282124,425,n5,light
282126,410,n5,light
282128,454,n5,light
282130,448,n5,light
282132,447,n5,light
282134,445,n5,light
282136,422,n5,light
282138,411,n5,light
282140,400,n5,light
282142,401,n5,light
282144,390,n5,light
282146,370,n5,light
282148,354,n5,light
282150,341,n5,light
282152,345,n5,light
282154,370,n5,light
282156,371,n5,light
282158,396,n5,light
282160,395,n5,light
282162,396,n5,light
282164,417,n5,light
282166,406,n5,light
282168,387,n5,light
282170,369,n5,light
282172,353,n5,light
282174,338,n5,light
282176,340,n5,light
282178,369,n5,light
282180,461,n5,light
282182,453,n5,light
282184,531,n5,light
282186,634,n5,light
282188,627,n5,light
282190,607,n5,light
282192,586,n5,light
282194,573,n5,light
282196,569,n5,light
282198,552,n5,light
282200,527,n5,light
282202,498,n5,light
282204,496,n5,light
282206,470,n5,light
282208,461,n5,light
282210,465,n5,light
282212,508,n5,light
282214,503,n5,light
282216,528,n5,light
282218,548,n5,light
282220,554,n5,light
282222,576,n5,light
282224,570,n5,light
282226,581,n5,light
282228,592,n5,light
282230,605,n5,light
282232,602,n5,light
282234,587,n5,light
282236,560,n5,light
282238,551,n5,light
282240,530,n5,light
282242,501,n5,light
282244,481,n5,light
282246,478,n5,light
282248,471,n5,light
282250,490,n5,light
282252,474,n5,light
282254,452,n5,light
282256,431,n5,light
282258,407,n5,light
282260,419,n5,light
282262,410,n5,light
282264,391,n5,light
282266,409,n5,light
282268,423,n5,light
282270,432,n5,light
282272,448,n5,light
282274,449,n5,light
282276,449,n5,light
282278,435,n5,light
282280,429,n5,light
282282,407,n5,light
282284,397,n5,light
282286,398,n5,light
282288,407,n5,light
282290,432,n5,light
282292,435,n5,light
282294,451,n5,light
282296,471,n5,light
282298,453,n5,light
282300,438,n5,light
282302,432,n5,light
282304,411,n5,light
282306,393,n5,light
282308,373,n5,light
282310,366,n5,light
282312,343,n5,light
282314,354,n5,light
282316,347,n5,light
282318,355,n5,light
282320,353,n5,light
282322,338,n5,light
282324,429,n5,light
282326,461,n5,light
282328,436,n5,light
282330,429,n5,light
282332,424,n5,light
282334,417,n5,light
282336,402,n5,light
282338,414,n5,light
282340,407,n5,light
282342,393,n5,light
282344,412,n5,light
282346,441,n5,light
282348,437,n5,light
282350,474,n5,light
282352,496,n5,light
282354,472,n5,light
282356,484,n5,light
282358,494,n5,light
282360,590,n5,light
282362,574,n5,light
282364,557,n5,light
282366,551,n5,light
282368,531,n5,light
282370,505,n5,light
282372,487,n5,light
282374,479,n5,light
282376,485,n5,light
282378,491,n5,light
282380,491,n5,light
282382,477,n5,light
282384,463,n5,light
282386,464,n5,light
282388,464,n5,light
282390,446,n5,light
282392,438,n5,light
282394,432,n5,light
282396,413,n5,light
282398,407,n5,light
282400,403,n5,light
282402,391,n5,light
282404,397,n5,light
282406,382,n5,light
282408,375,n5,light
282410,390,n5,light
282412,404,n5,light
282414,465,n5,light
282416,501,n5,light
282418,499,n5,light
282420,482,n5,light
282422,482,n5,light
282424,470,n5,light
282426,471,n5,light
282428,467,n5,light
282430,455,n5,light
282432,462,n5,light
282434,439,n5,light
282436,448,n5,light
282438,464,n5,light
282440,499,n5,light
282442,493,n5,light
282444,508,n5,light
282446,491,n5,light
282448,489,n5,light
282450,480,n5,light
282452,464,n5,light
282454,448,n5,light
282456,442,n5,light
282458,473,n5,light
282460,532,n5,light
282462,555,n5,light
282464,618,n5,light
282466,646,n5,light
282468,615,n5,light
282470,582,n5,light
282472,558,n5,light
282474,529,n5,light
282476,506,n5,light
282478,509,n5,light
282480,538,n5,light
282482,582,n5,light
282484,577,n5,light
282486,565,n5,light
282488,561,n5,light
282490,548,n5,light
282492,592,n5,light
282494,576,n5,light
282496,576,n5,light
282498,567,n5,light
282500,597,n5,light
282502,605,n5,light
282504,592,n5,light
282506,595,n5,light
282508,646,n5,light
282510,674,n5,light
282512,806,n5,light
282514,852,n5,light
282516,841,n5,light
282518,871,n5,light
282520,943,n5,light
282522,925,n5,light
282524,961,n5,light
282526,1033,n5,light
282528,1142,n5,light
282530,1108,n5,light
282532,1082,n5,light
282534,1049,n5,light
282536,1013,n5,light
282538,973,n5,light
282540,927,n5,light
282542,899,n5,light
282544,858,n5,light
282546,887,n5,light
282548,875,n5,light
282550,849,n5,light
282552,814,n5,light
282554,784,n5,light
282556,750,n5,light
282558,743,n5,light
282560,751,n5,light
282562,727,n5,light
282564,704,n5,light
282566,730,n5,light
282568,804,n5,light
282570,782,n5,light
282572,752,n5,light
282574,746,n5,light
282576,831,n5,light
282578,903,n5,light
282580,880,n5,light
282582,906,n5,light
282584,1085,n5,light
282586,1207,n5,light
282588,1200,n5,light
282590,1149,n5,light
282592,1109,n5,light
282594,1072,n5,light
282596,1053,n5,light
282598,1041,n5,light
282600,992,n5,light
282602,953,n5,light
282604,933,n5,light
282606,886,n5,light
282608,843,n5,light
282610,817,n5,light
282612,784,n5,light
282614,759,n5,light
282616,730,n5,light
282618,711,n5,light
282620,688,n5,light
282622,669,n5,light
282624,653,n5,light
282626,640,n5,light
282628,656,n5,light
282630,720,n5,light
282632,834,n5,light
282634,815,n5,light
282636,786,n5,light
282638,807,n5,light
282640,814,n5,light
282642,806,n5,light
282644,793,n5,light
282646,752,n5,light
282648,732,n5,light
282650,727,n5,light
282652,721,n5,light
282654,746,n5,light
282656,753,n5,light
282658,720,n5,light
282660,730,n5,light
282662,743,n5,light
282664,756,n5,light
282666,770,n5,light
282668,758,n5,light
282670,785,n5,light
282672,823,n5,light
282674,818,n5,light
282676,807,n5,light
282678,819,n5,light
282680,891,n5,light
282682,989,n5,light
282684,1035,n5,light
282686,1021,n5,light
282688,1023,n5,light
282690,979,n5,light
282692,965,n5,light
282694,944,n5,light
282696,977,n5,light
282698,1090,n5,light
282700,1153,n5,light
282702,1151,n5,light
282704,1200,n5,light
282706,1150,n5,light
282708,1131,n5,light
282710,1199,n5,light
282712,1296,n5,light
282714,1362,n5,light
282716,1366,n5,light
282718,1308,n5,light
282720,1249,n5,light
282722,1280,n5,light
282724,1405,n5,light
282726,1483,n5,light
282728,1435,n5,light
282730,1424,n5,light
282732,1439,n5,light
282734,1436,n5,light
282736,1374,n5,light
282738,1347,n5,light
282740,1327,n5,light
282742,1367,n5,light
282744,1439,n5,light
282746,1487,n5,light
282748,1646,n5,light
282750,1749,n5,light
282752,1722,n5,light
282754,1671,n5,light
282756,1665,n5,light
282758,1615,n5,light
282760,1558,n5,light
282762,1535,n5,light
282764,1518,n5,light
282766,1472,n5,light
282768,1424,n5,light
282770,1424,n5,light
282772,1399,n5,light
282774,1360,n5,light
282776,1361,n5,light
282778,1362,n5,light
282780,1348,n5,light
282782,1357,n5,light
282784,1302,n5,light
282786,1319,n5,light
282788,1328,n5,light
282790,1367,n5,light
282792,1319,n5,light
282794,1307,n5,light
282796,1282,n5,light
282798,1234,n5,light
282800,1205,n5,light
282802,1233,n5,light
282804,1216,n5,light
282806,1243,n5,light
282808,1279,n5,light
282810,1238,n5,light
282812,1235,n5,light
282814,1227,n5,light
282816,1261,n5,light
282818,1232,n5,light
282820,1200,n5,light
282822,1163,n5,light
282824,1121,n5,light
282826,1099,n5,light
282828,1059,n5,light
282830,1008,n5,light
282832,963,n5,light
282834,947,n5,light
282836,917,n5,light
282838,913,n5,light
282840,885,n5,light
282842,844,n5,light
282844,806,n5,light
282846,771,n5,light
282848,743,n5,light
282850,747,n5,light
282852,737,n5,light
282854,704,n5,light
282856,677,n5,light
282858,659,n5,light
282860,667,n5,light
282862,687,n5,light
282864,658,n5,light
282866,646,n5,light
282868,634,n5,light
282870,624,n5,light
282872,605,n5,light
282874,576,n5,light
282876,642,n5,light
282878,656,n5,light
282880,656,n5,light
282882,665,n5,light
282884,695,n5,light
282886,682,n5,light
282888,656,n5,light
282890,651,n5,light
282892,714,n5,light
282894,737,n5,light
282896,740,n5,light
282898,715,n5,light
282900,713,n5,light
282902,686,n5,light
282904,673,n5,light
282906,654,n5,light
282908,645,n5,light
282910,640,n5,light
282912,615,n5,light
282914,601,n5,light
282916,633,n5,light
282918,640,n5,light
282920,654,n5,light
282922,765,n5,light
282924,752,n5,light
282926,752,n5,light
282928,729,n5,light
282930,720,n5,light
282932,688,n5,light
282934,674,n5,light
282936,656,n5,light
282938,638,n5,light
282940,624,n5,light
282942,626,n5,light
282944,721,n5,light
282946,778,n5,light
282948,784,n5,light
282950,875,n5,light
282952,911,n5,light
282954,943,n5,light
282956,914,n5,light
282958,875,n5,light
282960,860,n5,light
282962,868,n5,light
282964,903,n5,light
282966,900,n5,light
282968,880,n5,light
282970,881,n5,light
282972,934,n5,light
282974,925,n5,light
282976,903,n5,light
282978,896,n5,light
282980,880,n5,light
282982,874,n5,light
282984,862,n5,light
282986,839,n5,light
282988,812,n5,light
282990,797,n5,light
282992,811,n5,light
282994,780,n5,light
282996,778,n5,light
282998,746,n5,light
283000,742,n5,light
283002,751,n5,light
283004,817,n5,light
283006,820,n5,light
283008,847,n5,light
283010,832,n5,light
283012,797,n5,light
283014,763,n5,light
283016,726,n5,light
283018,695,n5,light
283020,665,n5,light
283022,669,n5,light
283024,661,n5,light
283026,670,n5,light
283028,676,n5,light
283030,654,n5,light
283032,635,n5,light
283034,667,n5,light
283036,678,n5,light
283038,742,n5,light
283040,823,n5,light
283042,806,n5,light
283044,807,n5,light
283046,861,n5,light
283048,889,n5,light
283050,898,n5,light
283052,905,n5,light
283054,880,n5,light
283056,893,n5,light
283058,995,n5,light
283060,1056,n5,light
283062,1085,n5,light
283064,1215,n5,light
283066,1189,n5,light
283068,1145,n5,light
283070,1140,n5,light
283072,1096,n5,light
283074,1043,n5,light
283076,997,n5,light
283078,992,n5,light
283080,1009,n5,light
283082,1023,n5,light
283084,1006,n5,light
283086,990,n5,light
283088,998,n5,light
283090,1018,n5,light
283092,1055,n5,light
283094,1023,n5,light
283096,985,n5,light
283098,949,n5,light
283100,934,n5,light
283102,928,n5,light
283104,922,n5,light
283106,907,n5,light
283108,874,n5,light
283110,880,n5,light
283112,890,n5,light
283114,880,n5,light
283116,881,n5,light
283118,855,n5,light
283120,839,n5,light
283122,812,n5,light
283124,802,n5,light
283126,770,n5,light
283128,766,n5,light
283130,759,n5,light
283132,741,n5,light
283134,736,n5,light
283136,710,n5,light
283138,688,n5,light
283140,656,n5,light
283142,670,n5,light
283144,719,n5,light
283146,739,n5,light
283148,784,n5,light
283150,870,n5,light
283152,875,n5,light
283154,890,n5,light
283156,851,n5,light
283158,848,n5,light
283160,863,n5,light
283162,829,n5,light
283164,819,n5,light
283166,821,n5,light
283168,843,n5,light
283170,849,n5,light
283172,919,n5,light
283174,965,n5,light
283176,1075,n5,light
283178,1107,n5,light
283180,1114,n5,light
283182,1088,n5,light
283184,1059,n5,light
283186,1023,n5,light
283188,1015,n5,light
283190,976,n5,light
283192,933,n5,light
283194,903,n5,light
283196,862,n5,light
283198,845,n5,light
283200,939,n5,light
283202,978,n5,light
283204,970,n5,light
283206,1051,n5,light
283208,1083,n5,light
283210,1062,n5,light
283212,1009,n5,light
283214,975,n5,light
283216,965,n5,light
283218,995,n5,light
283220,958,n5,light
283222,977,n5,light
283224,954,n5,light
283226,912,n5,light
283228,885,n5,light
283230,879,n5,light
283232,846,n5,light
283234,802,n5,light
283236,773,n5,light
283238,797,n5,light
283240,909,n5,light
283242,951,n5,light
283244,1006,n5,light
283246,1017,n5,light
283248,1067,n5,light
283250,1082,n5,light
283252,1069,n5,light
283254,1010,n5,light
283256,964,n5,light
283258,935,n5,light
283260,915,n5,light
283262,912,n5,light
283264,903,n5,light
283266,880,n5,light
283268,886,n5,light
283270,883,n5,light
283272,880,n5,light
283274,919,n5,light
283276,942,n5,light
283278,934,n5,light
283280,942,n5,light
283282,911,n5,light
283284,870,n5,light
283286,894,n5,light
283288,890,n5,light
283290,848,n5,light
283292,832,n5,light
283294,831,n5,light
283296,841,n5,light
283298,901,n5,light
283300,937,n5,light
283302,1047,n5,light
283304,1155,n5,light
283306,1152,n5,light
283308,1115,n5,light
283310,1066,n5,light
283312,1022,n5,light
283314,1023,n5,light
283316,993,n5,light
283318,976,n5,light
283320,935,n5,light
283322,912,n5,light
283324,939,n5,light
283326,952,n5,light
283328,960,n5,light
283330,997,n5,light
283332,975,n5,light
283334,960,n5,light
283336,931,n5,light
283338,906,n5,light
283340,897,n5,light
283342,877,n5,light
283344,848,n5,light
283346,834,n5,light
283348,833,n5,light
283350,850,n5,light
283352,838,n5,light
283354,849,n5,light
283356,886,n5,light
283358,943,n5,light
283360,929,n5,light
283362,909,n5,light
283364,882,n5,light
283366,865,n5,light
283368,875,n5,light
283370,926,n5,light
283372,909,n5,light
283374,880,n5,light
283376,843,n5,light
283378,810,n5,light
283380,777,n5,light
283382,775,n5,light
283384,784,n5,light
283386,772,n5,light
283388,768,n5,light
283390,752,n5,light
283392,767,n5,light
283394,791,n5,light
283396,791,n5,light
283398,807,n5,light
283400,826,n5,light
283402,816,n5,light
283404,781,n5,light
283406,743,n5,light
283408,723,n5,light
283410,693,n5,light
283412,685,n5,light
283414,742,n5,light
283416,823,n5,light
283418,854,n5,light
283420,929,n5,light
283422,979,n5,light
283424,987,n5,light
283426,946,n5,light
283428,912,n5,light
283430,873,n5,light
283432,863,n5,light
283434,847,n5,light
283436,814,n5,light
283438,776,n5,light
283440,767,n5,light
283442,757,n5,light
283444,789,n5,light
283446,919,n5,light
283448,944,n5,light
283450,998,n5,light
283452,1116,n5,light
283454,1141,n5,light
283456,1133,n5,light
283458,1092,n5,light
283460,1088,n5,light
283462,1132,n5,light
283464,1183,n5,light
283466,1221,n5,light
283468,1183,n5,light
283470,1139,n5,light
283472,1135,n5,light
283474,1165,n5,light
283476,1199,n5,light
283478,1166,n5,light
283480,1122,n5,light
283482,1080,n5,light
283484,1023,n5,light
283486,976,n5,light
283488,941,n5,light
283490,990,n5,light
283492,1075,n5,light
283494,1058,n5,light
283496,1104,n5,light
283498,1122,n5,light
283500,1127,n5,light
283502,1105,n5,light
283504,1063,n5,light
283506,1019,n5,light
283508,981,n5,light
283510,958,n5,light
283512,927,n5,light
283514,933,n5,light
283516,944,n5,light
283518,917,n5,light
283520,880,n5,light
283522,896,n5,light
283524,933,n5,light
283526,951,n5,light
283528,1002,n5,light
283530,987,n5,light
283532,944,n5,light
283534,917,n5,light
283536,903,n5,light
283538,889,n5,light
283540,974,n5,light
283542,961,n5,light
283544,944,n5,light
283546,1104,n5,light
283548,1113,n5,light
283550,1097,n5,light
283552,1062,n5,light
283554,1020,n5,light
283556,979,n5,light
283558,994,n5,light
283560,1153,n5,light
283562,1173,n5,light
283564,1198,n5,light
283566,1266,n5,light
283568,1269,n5,light
283570,1244,n5,light
283572,1219,n5,light
283574,1169,n5,light
283576,1154,n5,light
283578,1143,n5,light
283580,1134,n5,light
283582,1169,n5,light
283584,1168,n5,light
283586,1144,n5,light
283588,1097,n5,light
283590,1077,n5,light
283592,1086,n5,light
283594,1137,n5,light
283596,1186,n5,light
283598,1215,n5,light
283600,1205,n5,light
283602,1151,n5,light
283604,1116,n5,light
283606,1154,n5,light
283608,1125,n5,light
283610,1119,n5,light
283612,1091,n5,light
283614,1124,n5,light
283616,1140,n5,light
283618,1175,n5,light
283620,1158,n5,light
283622,1105,n5,light
283624,1065,n5,light
283626,1010,n5,light
283628,969,n5,light
283630,950,n5,light
283632,943,n5,light
283634,928,n5,light
283636,909,n5,light
283638,865,n5,light
283640,827,n5,light
283642,837,n5,light
283644,890,n5,light
283646,912,n5,light
283648,935,n5,light
283650,957,n5,light
283652,975,n5,light
283654,1053,n5,light
283656,1065,n5,light
283658,1053,n5,light
283660,1063,n5,light
283662,1023,n5,light
283664,1015,n5,light
283666,1040,n5,light
283668,1043,n5,light
283670,1036,n5,light
283672,1125,n5,light
283674,1162,n5,light
283676,1126,n5,light
283678,1120,n5,light
283680,1076,n5,light
283682,1047,n5,light
283684,1067,n5,light
283686,1035,n5,light
283688,1040,n5,light
283690,1017,n5,light
283692,973,n5,light
283694,928,n5,light
283696,909,n5,light
283698,894,n5,light
283700,906,n5,light
283702,924,n5,light
283704,906,n5,light
283706,879,n5,light
283708,858,n5,light
283710,850,n5,light
283712,870,n5,light
283714,863,n5,light
283716,848,n5,light
283718,889,n5,light
283720,983,n5,light
283722,977,n5,light
283724,954,n5,light
283726,971,n5,light
283728,974,n5,light
283730,958,n5,light
283732,918,n5,light
283734,883,n5,light
283736,848,n5,light
283738,816,n5,light
283740,823,n5,light
283742,822,n5,light
283744,850,n5,light
283746,829,n5,light
283748,819,n5,light
283750,810,n5,light
283752,790,n5,light
283754,787,n5,light
283756,775,n5,light
283758,816,n5,light
283760,830,n5,light
283762,823,n5,light
283764,794,n5,light
283766,773,n5,light
283768,753,n5,light
283770,725,n5,light
283772,727,n5,light
283774,787,n5,light
283776,787,n5,light
283778,759,n5,light
283780,738,n5,light
283782,715,n5,light
283784,688,n5,light
283786,656,n5,light
283788,624,n5,light
283790,627,n5,light
283792,665,n5,light
283794,707,n5,light
283796,793,n5,light
283798,775,n5,light
283800,751,n5,light
283802,741,n5,light
283804,721,n5,light
283806,735,n5,light
283808,754,n5,light
283810,758,n5,light
283812,747,n5,light
283814,802,n5,light
283816,869,n5,light
283818,886,n5,light
283820,938,n5,light
283822,915,n5,light
283824,928,n5,light
283826,970,n5,light
283828,944,n5,light
283830,918,n5,light
283832,970,n5,light
283834,980,n5,light
283836,985,n5,light
283838,1011,n5,light
283840,993,n5,light
283842,950,n5,light
283844,922,n5,light
283846,880,n5,light
283848,879,n5,light
283850,910,n5,light
283852,891,n5,light
283854,931,n5,light
283856,948,n5,light
283858,963,n5,light
283860,961,n5,light
283862,930,n5,light
283864,927,n5,light
283866,895,n5,light
283868,878,n5,light
283870,871,n5,light
283872,880,n5,light
283874,915,n5,light
283876,945,n5,light
283878,935,n5,light
283880,956,n5,light
283882,1087,n5,light
283884,1123,n5,light
283886,1175,n5,light
283888,1154,n5,light
283890,1100,n5,light
283892,1067,n5,light
283894,1071,n5,light
283896,1061,n5,light
283898,1040,n5,light
283900,1019,n5,light
283902,1022,n5,light
283904,1072,n5,light
283906,1040,n5,light
283908,1019,n5,light
283910,1126,n5,light
283912,1114,n5,light
283914,1101,n5,light
283916,1058,n5,light
283918,1072,n5,light
283920,1037,n5,light
283922,987,n5,light
283924,958,n5,light
283926,943,n5,light
283928,982,n5,light
283930,987,n5,light
283932,965,n5,light
283934,1002,n5,light
283936,1021,n5,light
283938,1039,n5,light
283940,1043,n5,light
283942,1046,n5,light
283944,1004,n5,light
283946,983,n5,light
283948,949,n5,light
283950,912,n5,light
283952,878,n5,light
283954,847,n5,light
283956,807,n5,light
283958,805,n5,light
283960,810,n5,light
283962,795,n5,light
283964,762,n5,light
283966,737,n5,light
283968,727,n5,light
283970,745,n5,light
283972,778,n5,light
283974,805,n5,light
283976,820,n5,light
283978,783,n5,light
283980,752,n5,light
283982,736,n5,light
283984,720,n5,light
283986,721,n5,light
283988,741,n5,light
283990,870,n5,light
283992,917,n5,light
283994,1072,n5,light
283996,1125,n5,light
283998,1093,n5,light
284000,1057,n5,light
284002,1038,n5,light
284004,991,n5,light
284006,944,n5,light
284008,907,n5,light
284010,918,n5,light
284012,970,n5,light
284014,1035,n5,light
284016,1041,n5,light
284018,1017,n5,light
284020,1135,n5,light
284022,1170,n5,light
284024,1136,n5,light
284026,1097,n5,light
284028,1063,n5,light
284030,1078,n5,light
284032,1055,n5,light
284034,1056,n5,light
284036,1073,n5,light
284038,1083,n5,light
284040,1039,n5,light
284042,996,n5,light
284044,972,n5,light
284046,939,n5,light
284048,945,n5,light
284050,961,n5,light
284052,993,n5,light
284054,973,n5,light
284056,989,n5,light
284058,1014,n5,light
284060,1010,n5,light
284062,970,n5,light
284064,943,n5,light
284066,915,n5,light
284068,895,n5,light
284070,852,n5,light
284072,815,n5,light
284074,786,n5,light
284076,770,n5,light
284078,750,n5,light
284080,795,n5,light
284082,807,n5,light
284084,817,n5,light
284086,815,n5,light
284088,871,n5,light
284090,901,n5,light
284092,865,n5,light
284094,855,n5,light
284096,817,n5,light
284098,798,n5,light
284100,775,n5,light
284102,787,n5,light
284104,835,n5,light
284106,862,n5,light
284108,832,n5,light
284110,809,n5,light
284112,815,n5,light
284114,800,n5,light
284116,787,n5,light
284118,786,n5,light
284120,758,n5,light
284122,734,n5,light
284124,710,n5,light
284126,682,n5,light
284128,651,n5,light
284130,619,n5,light
284132,590,n5,light
284134,574,n5,light
284136,574,n5,light
284138,576,n5,light
284140,613,n5,light
284142,622,n5,light
284144,658,n5,light
284146,656,n5,light
284148,643,n5,light
284150,688,n5,light
284152,707,n5,light
284154,694,n5,light
284156,668,n5,light
284158,651,n5,light
284160,657,n5,light
284162,658,n5,light
284164,662,n5,light
284166,673,n5,light
284168,685,n5,light
284170,673,n5,light
284172,676,n5,light
284174,801,n5,light
284176,807,n5,light
284178,816,n5,light
284180,785,n5,light
284182,755,n5,light
284184,739,n5,light
284186,711,n5,light
284188,734,n5,light
284190,801,n5,light
284192,794,n5,light
284194,850,n5,light
284196,894,n5,light
284198,886,n5,light
284200,896,n5,light
284202,892,n5,light
284204,866,n5,light
284206,825,n5,light
284208,818,n5,light
284210,816,n5,light
284212,784,n5,light
284214,800,n5,light
284216,805,n5,light
284218,773,n5,light
284220,754,n5,light
284222,804,n5,light
284224,797,n5,light
284226,841,n5,light
284228,898,n5,light
284230,880,n5,light
284232,905,n5,light
284234,888,n5,light
284236,887,n5,light
284238,879,n5,light
284240,845,n5,light
284242,807,n5,light
284244,769,n5,light
284246,767,n5,light
284248,763,n5,light
284250,726,n5,light
284252,741,n5,light
284254,788,n5,light
284256,804,n5,light
284258,813,n5,light
284260,784,n5,light
284262,770,n5,light
284264,748,n5,light
284266,743,n5,light
284268,739,n5,light
284270,717,n5,light
284272,687,n5,light
284274,666,n5,light
284276,655,n5,light
284278,655,n5,light
284280,631,n5,light
284282,655,n5,light
284284,810,n5,light
284286,841,n5,light
284288,815,n5,light
284290,784,n5,light
284292,755,n5,light
284294,756,n5,light
284296,752,n5,light
284298,725,n5,light
284300,690,n5,light
284302,663,n5,light
284304,657,n5,light
284306,634,n5,light
284308,605,n5,light
284310,582,n5,light
284312,594,n5,light
284314,674,n5,light
284316,681,n5,light
284318,772,n5,light
284320,817,n5,light
284322,785,n5,light
284324,791,n5,light
284326,787,n5,light
284328,781,n5,light
284330,770,n5,light
284332,733,n5,light
284334,702,n5,light
284336,701,n5,light
284338,751,n5,light
284340,794,n5,light
284342,800,n5,light
284344,822,n5,light
284346,823,n5,light
284348,784,n5,light
284350,800,n5,light
284352,775,n5,light
284354,736,n5,light
284356,778,n5,light
284358,845,n5,light
284360,833,n5,light
284362,811,n5,light
284364,801,n5,light
284366,782,n5,light
284368,752,n5,light
284370,743,n5,light
284372,735,n5,light
284374,730,n5,light
284376,749,n5,light
284378,745,n5,light
284380,829,n5,light
284382,830,n5,light
284384,807,n5,light
284386,778,n5,light
284388,763,n5,light
284390,738,n5,light
284392,733,n5,light
284394,790,n5,light
284396,829,n5,light
284398,822,n5,light
284400,790,n5,light
284402,816,n5,light
284404,788,n5,light
284406,804,n5,light
284408,799,n5,light
284410,772,n5,light
284412,754,n5,light
284414,807,n5,light
284416,842,n5,light
284418,815,n5,light
284420,793,n5,light
284422,768,n5,light
284424,752,n5,light
284426,723,n5,light
284428,703,n5,light
284430,714,n5,light
284432,750,n5,light
284434,780,n5,light
284436,743,n5,light
284438,720,n5,light
284440,720,n5,light
284442,732,n5,light
284444,755,n5,light
284446,761,n5,light
284448,758,n5,light
284450,733,n5,light
284452,714,n5,light
284454,717,n5,light
284456,775,n5,light
284458,770,n5,light
284460,810,n5,light
284462,847,n5,light
284464,818,n5,light
284466,787,n5,light
284468,752,n5,light
284470,737,n5,light
284472,791,n5,light
284474,806,n5,light
284476,813,n5,light
284478,829,n5,light
284480,871,n5,light
284482,883,n5,light
284484,881,n5,light
284486,849,n5,light
284488,846,n5,light
284490,837,n5,light
284492,833,n5,light
284494,831,n5,light
284496,800,n5,light
284498,774,n5,light
284500,765,n5,light
284502,752,n5,light
284504,741,n5,light
284506,722,n5,light
293534,691,n5,light
293536,673,n5,light
293538,644,n5,light
293540,626,n5,light
293542,601,n5,light
293544,624,n5,light
293546,639,n5,light
293548,616,n5,light
293550,592,n5,light
293552,599,n5,light
293554,651,n5,light
293556,717,n5,light
293558,720,n5,light
293560,704,n5,light
293562,688,n5,light
293564,713,n5,light
293566,705,n5,light
293568,706,n5,light
293570,704,n5,light
293572,694,n5,light
293574,742,n5,light
293576,751,n5,light
293578,783,n5,light
293580,768,n5,light
293582,783,n5,light
293584,844,n5,light
293586,877,n5,light
293588,911,n5,light
293590,890,n5,light
293592,881,n5,light
293594,867,n5,light
293596,848,n5,light
293598,827,n5,light
293600,837,n5,light
293602,851,n5,light
293604,881,n5,light
293606,940,n5,light
293608,931,n5,light
293610,911,n5,light
293612,879,n5,light
293614,849,n5,light
293616,820,n5,light
293618,799,n5,light
293620,770,n5,light
293622,735,n5,light
293624,704,n5,light
293626,737,n5,light
293628,752,n5,light
293630,720,n5,light
293632,720,n5,light
293634,743,n5,light
293636,781,n5,light
293638,743,n5,light
293640,717,n5,light
293642,693,n5,light
293644,676,n5,light
293646,655,n5,light
293648,651,n5,light
293650,675,n5,light
293652,654,n5,light
293654,673,n5,light
293656,706,n5,light
293658,829,n5,light
293660,885,n5,light
293662,848,n5,light
293664,874,n5,light
293666,849,n5,light
293668,815,n5,light
293670,784,n5,light
293672,837,n5,light
293674,815,n5,light
293676,831,n5,light
293678,880,n5,light
293680,864,n5,light
293682,948,n5,light
293684,960,n5,light
293686,948,n5,light
293688,930,n5,light
293690,892,n5,light
293692,850,n5,light
293694,849,n5,light
293696,859,n5,light
293698,842,n5,light
293700,848,n5,light
293702,832,n5,light
293704,864,n5,light
293706,931,n5,light
293708,939,n5,light
293710,1008,n5,light
293712,1057,n5,light
293714,1023,n5,light
293716,1014,n5,light
293718,1007,n5,light
293720,990,n5,light
293722,1008,n5,light
293724,1005,n5,light
293726,976,n5,light
293728,1006,n5,light
293730,1033,n5,light
293732,1079,n5,light
293734,1161,n5,light
293736,1190,n5,light
293738,1175,n5,light
293740,1197,n5,light
293742,1150,n5,light
293744,1102,n5,light
293746,1066,n5,light
293748,1008,n5,light
293750,1011,n5,light
293752,985,n5,light
293754,997,n5,light
293756,998,n5,light
293758,959,n5,light
293760,953,n5,light
293762,918,n5,light
293764,898,n5,light
293766,869,n5,light
293768,896,n5,light
293770,1040,n5,light
293772,1023,n5,light
293774,1006,n5,light
293776,968,n5,light
293778,926,n5,light
293780,896,n5,light
293782,882,n5,light
293784,903,n5,light
293786,902,n5,light
293788,880,n5,light
293790,859,n5,light
293792,829,n5,light
293794,805,n5,light
293796,773,n5,light
293798,739,n5,light
293800,740,n5,light
293802,783,n5,light
293804,752,n5,light
293806,746,n5,light
293808,752,n5,light
293810,745,n5,light
293812,729,n5,light
293814,725,n5,light
293816,757,n5,light
293818,849,n5,light
293820,842,n5,light
293822,818,n5,light
293824,787,n5,light
293826,751,n5,light
293828,752,n5,light
293830,787,n5,light
293832,778,n5,light
293834,741,n5,light
293836,752,n5,light
293838,775,n5,light
293840,777,n5,light
293842,843,n5,light
293844,896,n5,light
293846,991,n5,light
293848,966,n5,light
293850,930,n5,light
293852,896,n5,light
293854,853,n5,light
293856,830,n5,light
293858,847,n5,light
293860,863,n5,light
293862,880,n5,light
293864,885,n5,light
293866,870,n5,light
293868,855,n5,light
293870,884,n5,light
293872,944,n5,light
293874,929,n5,light
293876,900,n5,light
293878,858,n5,light
293880,832,n5,light
293882,827,n5,light
293884,811,n5,light
293886,815,n5,light
293888,837,n5,light
293890,862,n5,light
293892,861,n5,light
293894,885,n5,light
293896,932,n5,light
293898,912,n5,light
293900,883,n5,light
293902,927,n5,light
293904,997,n5,light
293906,999,n5,light
293908,1057,n5,light
293910,1017,n5,light
293912,975,n5,light
293914,942,n5,light
293916,992,n5,light
293918,960,n5,light
293920,922,n5,light
293922,903,n5,light
293924,896,n5,light
293926,895,n5,light
293928,957,n5,light
293930,995,n5,light
293932,1001,n5,light
293934,1002,n5,light
293936,1035,n5,light
293938,1082,n5,light
293940,1121,n5,light
293942,1088,n5,light
293944,1037,n5,light
293946,1003,n5,light
293948,994,n5,light
293950,989,n5,light
293952,991,n5,light
293954,1015,n5,light
293956,1022,n5,light
293958,1050,n5,light
293960,1015,n5,light
293962,991,n5,light
293964,945,n5,light
293966,916,n5,light
293968,897,n5,light
293970,859,n5,light
293972,832,n5,light
293974,807,n5,light
293976,816,n5,light
293978,871,n5,light
293980,845,n5,light
293982,935,n5,light
293984,974,n5,light
293986,961,n5,light
293988,965,n5,light
293990,1049,n5,light
293992,1061,n5,light
293994,1057,n5,light
293996,1097,n5,light
293998,1089,n5,light
294000,1076,n5,light
294002,1059,n5,light
294004,1104,n5,light
294006,1107,n5,light
294008,1099,n5,light
294010,1065,n5,light
294012,1172,n5,light
294014,1187,n5,light
294016,1185,n5,light
294018,1161,n5,light
294020,1281,n5,light
294022,1283,n5,light
294024,1266,n5,light
294026,1277,n5,light
294028,1311,n5,light
294030,1309,n5,light
294032,1275,n5,light
294034,1257,n5,light
294036,1275,n5,light
294038,1239,n5,light
294040,1232,n5,light
294042,1203,n5,light
294044,1170,n5,light
294046,1136,n5,light
294048,1094,n5,light
294050,1058,n5,light
294052,1083,n5,light
294054,1055,n5,light
294056,1008,n5,light
294058,1013,n5,light
294060,978,n5,light
294062,935,n5,light
294064,929,n5,light
294066,938,n5,light
294068,977,n5,light
294070,945,n5,light
294072,906,n5,light
294074,867,n5,light
294076,846,n5,light
294078,814,n5,light
294080,791,n5,light
294082,763,n5,light
294084,778,n5,light
294086,743,n5,light
294088,707,n5,light
294090,673,n5,light
294092,660,n5,light
294094,661,n5,light
294096,685,n5,light
294098,707,n5,light
294100,721,n5,light
294102,715,n5,light
294104,804,n5,light
294106,842,n5,light
294108,809,n5,light
294110,818,n5,light
294112,837,n5,light
294114,895,n5,light
294116,878,n5,light
294118,880,n5,light
294120,885,n5,light
294122,896,n5,light
294124,912,n5,light
294126,961,n5,light
294128,1194,n5,light
294130,1220,n5,light
294132,1179,n5,light
294134,1132,n5,light
294136,1088,n5,light
294138,1057,n5,light
294140,1017,n5,light
294142,998,n5,light
294144,1012,n5,light
294146,1008,n5,light
294148,1001,n5,light
294150,1040,n5,light
294152,991,n5,light
294154,950,n5,light
294156,938,n5,light
294158,902,n5,light
294160,864,n5,light
294162,834,n5,light
294164,815,n5,light
294166,787,n5,light
294168,813,n5,light
294170,800,n5,light
294172,779,n5,light
294174,791,n5,light
294176,795,n5,light
294178,790,n5,light
294180,802,n5,light
294182,802,n5,light
294184,779,n5,light
294186,763,n5,light
294188,753,n5,light
294190,724,n5,light
294192,690,n5,light
294194,720,n5,light
294196,704,n5,light
294198,673,n5,light
294200,653,n5,light
294202,624,n5,light
294204,599,n5,light
294206,588,n5,light
294208,617,n5,light
294210,635,n5,light
294212,633,n5,light
294214,675,n5,light
294216,813,n5,light
294218,801,n5,light
294220,781,n5,light
294222,752,n5,light
294224,744,n5,light
294226,739,n5,light
294228,714,n5,light
294230,699,n5,light
294232,724,n5,light
294234,746,n5,light
294236,736,n5,light
294238,704,n5,light
294240,685,n5,light
294242,713,n5,light
294244,750,n5,light
294246,720,n5,light
294248,711,n5,light
294250,742,n5,light
294252,752,n5,light
294254,743,n5,light
294256,730,n5,light
294258,720,n5,light
294260,701,n5,light
294262,669,n5,light
294264,656,n5,light
294266,667,n5,light
294268,636,n5,light
294270,619,n5,light
294272,614,n5,light
294274,610,n5,light
294276,592,n5,light
294278,576,n5,light
294280,561,n5,light
294282,577,n5,light
294284,592,n5,light
294286,602,n5,light
294288,576,n5,light
294290,669,n5,light
294292,715,n5,light
294294,705,n5,light
294296,723,n5,light
294298,807,n5,light
294300,866,n5,light
294302,853,n5,light
294304,932,n5,light
294306,989,n5,light
294308,966,n5,light
294310,991,n5,light
294312,957,n5,light
294314,956,n5,light
294316,939,n5,light
294318,977,n5,light
294320,1045,n5,light
294322,1060,n5,light
294324,1035,n5,light
294326,1089,n5,light
294328,1072,n5,light
294330,1055,n5,light
294332,1009,n5,light
294334,990,n5,light
294336,960,n5,light
294338,1002,n5,light
294340,1021,n5,light
294342,1063,n5,light
294344,1040,n5,light
294346,995,n5,light
294348,1023,n5,light
294350,1111,n5,light
294352,1087,n5,light
294354,1104,n5,light
294356,1153,n5,light
294358,1148,n5,light
294360,1157,n5,light
294362,1119,n5,light
294364,1087,n5,light
294366,1133,n5,light
294368,1184,n5,light
294370,1216,n5,light
294372,1190,n5,light
294374,1221,n5,light
294376,1255,n5,light
294378,1226,n5,light
294380,1243,n5,light
294382,1245,n5,light
294384,1193,n5,light
294386,1136,n5,light
294388,1097,n5,light
294390,1094,n5,light
294392,1104,n5,light
294394,1093,n5,light
294396,1071,n5,light
294398,1114,n5,light
294400,1147,n5,light
294402,1117,n5,light
294404,1104,n5,light
294406,1066,n5,light
294408,1047,n5,light
294410,1043,n5,light
294412,1199,n5,light
294414,1203,n5,light
294416,1200,n5,light
294418,1331,n5,light
294420,1360,n5,light
294422,1314,n5,light
294424,1281,n5,light
294426,1232,n5,light
294428,1209,n5,light
294430,1200,n5,light
294432,1338,n5,light
294434,1421,n5,light
294436,1402,n5,light
294438,1520,n5,light
294440,1498,n5,light
294442,1463,n5,light
294444,1411,n5,light
294446,1360,n5,light
294448,1319,n5,light
294450,1282,n5,light
294452,1313,n5,light
294454,1343,n5,light
294456,1333,n5,light
294458,1313,n5,light
294460,1271,n5,light
294462,1243,n5,light
294464,1286,n5,light
294466,1353,n5,light
294468,1344,n5,light
294470,1465,n5,light
294472,1557,n5,light
294474,1521,n5,light
294476,1463,n5,light
294478,1436,n5,light
294480,1401,n5,light
294482,1360,n5,light
294484,1326,n5,light
294486,1302,n5,light
294488,1265,n5,light
294490,1251,n5,light
294492,1238,n5,light
294494,1211,n5,light
294496,1165,n5,light
294498,1138,n5,light
294500,1119,n5,light
294502,1097,n5,light
294504,1100,n5,light
294506,1071,n5,light
294508,1061,n5,light
294510,1053,n5,light
294512,1064,n5,light
294514,1047,n5,light
294516,1075,n5,light
294518,1039,n5,light
294520,1018,n5,light
294522,1041,n5,light
294524,1015,n5,light
294526,1006,n5,light
294528,995,n5,light
294530,1002,n5,light
294532,976,n5,light
294534,937,n5,light
294536,917,n5,light
294538,912,n5,light
294540,899,n5,light
294542,887,n5,light
294544,854,n5,light
294546,845,n5,light
294548,839,n5,light
294550,807,n5,light
294552,772,n5,light
294554,784,n5,light
294556,767,n5,light
294558,742,n5,light
294560,707,n5,light
294562,706,n5,light
294564,683,n5,light
294566,653,n5,light
294568,656,n5,light
294570,651,n5,light
294572,661,n5,light
294574,668,n5,light
294576,688,n5,light
294578,836,n5,light
294580,959,n5,light
294582,947,n5,light
294584,943,n5,light
294586,918,n5,light
294588,897,n5,light
294590,880,n5,light
294592,932,n5,light
294594,928,n5,light
294596,917,n5,light
294598,1005,n5,light
294600,1078,n5,light
294602,1083,n5,light
294604,1253,n5,light
294606,1458,n5,light
294608,1470,n5,light
294610,1418,n5,light
294612,1414,n5,light
294614,1463,n5,light
294616,1488,n5,light
294618,1487,n5,light
294620,1451,n5,light
294622,1419,n5,light
294624,1471,n5,light
294626,1507,n5,light
294628,1460,n5,light
294630,1424,n5,light
294632,1433,n5,light
294634,1391,n5,light
294636,1354,n5,light
294638,1339,n5,light
294640,1390,n5,light
294642,1414,n5,light
294644,1351,n5,light
294646,1334,n5,light
294648,1335,n5,light
294650,1439,n5,light
294652,1520,n5,light
294654,1483,n5,light
294656,1445,n5,light
294658,1471,n5,light
294660,1492,n5,light
294662,1472,n5,light
294664,1457,n5,light
294666,1441,n5,light
294668,1477,n5,light
294670,1474,n5,light
294672,1435,n5,light
294674,1463,n5,light
294676,1429,n5,light
294678,1408,n5,light
294680,1347,n5,light
294682,1367,n5,light
294684,1341,n5,light
294686,1426,n5,light
294688,1466,n5,light
294690,1469,n5,light
294692,1535,n5,light
294694,1492,n5,light
294696,1455,n5,light
294698,1392,n5,light
294700,1328,n5,light
294702,1325,n5,light
294704,1379,n5,light
294706,1366,n5,light
294708,1377,n5,light
294710,1472,n5,light
294712,1493,n5,light
294714,1467,n5,light
294716,1419,n5,light
294718,1365,n5,light
294720,1338,n5,light
294722,1297,n5,light
294724,1247,n5,light
294726,1227,n5,light
294728,1223,n5,light
294730,1309,n5,light
294732,1296,n5,light
294734,1293,n5,light
294736,1344,n5,light
294738,1315,n5,light
294740,1294,n5,light
294742,1282,n5,light
294744,1251,n5,light
294746,1206,n5,light
294748,1168,n5,light
294750,1118,n5,light
294752,1066,n5,light
294754,1083,n5,light
294756,1066,n5,light
294758,1031,n5,light
294760,987,n5,light
294762,1005,n5,light
294764,1003,n5,light
294766,960,n5,light
294768,1023,n5,light
294770,1129,n5,light
294772,1108,n5,light
294774,1134,n5,light
294776,1234,n5,light
294778,1316,n5,light
294780,1376,n5,light
294782,1443,n5,light
294784,1531,n5,light
294786,1600,n5,light
294788,1593,n5,light
294790,1535,n5,light
294792,1562,n5,light
294794,1678,n5,light
294796,1681,n5,light
294798,1759,n5,light
294800,1795,n5,light
294802,1840,n5,light
294804,1969,n5,light
294806,2032,n5,light
294808,2001,n5,light
294810,1929,n5,light
294812,1885,n5,light
294814,1908,n5,light
294816,1989,n5,light
294818,2033,n5,light
294820,1975,n5,light
294822,2005,n5,light
294824,1929,n5,light
294826,1865,n5,light
294828,1820,n5,light
294830,1747,n5,light
294832,1713,n5,light
294834,1763,n5,light
294836,1875,n5,light
294838,1850,n5,light
294840,1975,n5,light
294842,2079,n5,light
294844,2042,n5,light
294846,1955,n5,light
294848,1913,n5,light
294850,1839,n5,light
294852,1791,n5,light
294854,1759,n5,light
294856,1781,n5,light
294858,1760,n5,light
294860,1721,n5,light
294862,1664,n5,light
294864,1622,n5,light
294866,1599,n5,light
294868,1634,n5,light
294870,1605,n5,light
294872,1584,n5,light
294874,1531,n5,light
294876,1492,n5,light
294878,1522,n5,light
294880,1486,n5,light
294882,1459,n5,light
294884,1487,n5,light
294886,1459,n5,light
294888,1453,n5,light
294890,1423,n5,light
294892,1376,n5,light
294894,1389,n5,light
294896,1479,n5,light
294898,1486,n5,light
294900,1483,n5,light
294902,1511,n5,light
294904,1463,n5,light
294906,1423,n5,light
294908,1513,n5,light
294910,1495,n5,light
294912,1494,n5,light
294914,1438,n5,light
294916,1433,n5,light
294918,1469,n5,light
294920,1449,n5,light
294922,1424,n5,light
294924,1465,n5,light
294926,1449,n5,light
294928,1535,n5,light
294930,1614,n5,light
294932,1603,n5,light
294934,1611,n5,light
294936,1602,n5,light
294938,1655,n5,light
294940,1653,n5,light
294942,1654,n5,light
294944,1680,n5,light
294946,1654,n5,light
294948,1733,n5,light
294950,1790,n5,light
294952,1843,n5,light
294954,1833,n5,light
294956,1917,n5,light
294958,1930,n5,light
294960,2006,n5,light
294962,1963,n5,light
294964,1953,n5,light
294966,1953,n5,light
294968,1895,n5,light
294970,1834,n5,light
294972,1856,n5,light
294974,1788,n5,light
294976,1815,n5,light
294978,1909,n5,light
294980,1855,n5,light
294982,1801,n5,light
294984,1731,n5,light
294986,1688,n5,light
294988,1632,n5,light
294990,1638,n5,light
294992,1606,n5,light
294994,1594,n5,light
294996,1643,n5,light
294998,1751,n5,light
295000,1888,n5,light
295002,2220,n5,light
295004,2329,n5,light
295006,2259,n5,light
295008,2169,n5,light
295010,2086,n5,light
295012,2002,n5,light
295014,2000,n5,light
295016,2022,n5,light
295018,2084,n5,light
295020,2097,n5,light
295022,2077,n5,light
295024,2006,n5,light
295026,1958,n5,light
295028,1962,n5,light
295030,1882,n5,light
295032,1913,n5,light
295034,1943,n5,light
295036,1870,n5,light
295038,1824,n5,light
295040,1767,n5,light
295042,1758,n5,light
295044,1744,n5,light
295046,1680,n5,light
295048,1669,n5,light
295050,1616,n5,light
295052,1535,n5,light
295054,1535,n5,light
295056,1583,n5,light
295058,1603,n5,light
295060,1715,n5,light
295062,1650,n5,light
295064,1590,n5,light
295066,1520,n5,light
295068,1526,n5,light
295070,1504,n5,light
295072,1487,n5,light
295074,1424,n5,light
295076,1419,n5,light
295078,1483,n5,light
295080,1555,n5,light
295082,1649,n5,light
295084,1703,n5,light
295086,1740,n5,light
295088,1776,n5,light
295090,1911,n5,light
295092,1879,n5,light
295094,1903,n5,light
295096,1866,n5,light
295098,1863,n5,light
295100,1855,n5,light
295102,1817,n5,light
295104,1776,n5,light
295106,1771,n5,light
295108,1753,n5,light
295110,1691,n5,light
295112,1651,n5,light
295114,1649,n5,light
295116,1648,n5,light
295118,1633,n5,light
295120,1609,n5,light
295122,1733,n5,light
295124,1714,n5,light
295126,1697,n5,light
295128,1733,n5,light
295130,1703,n5,light
295132,1663,n5,light
295134,1685,n5,light
295136,1705,n5,light
295138,1666,n5,light
295140,1678,n5,light
295142,1633,n5,light
295144,1599,n5,light
295146,1680,n5,light
295148,1803,n5,light
295150,1792,n5,light
295152,1770,n5,light
295154,1764,n5,light
295156,1757,n5,light
295158,1827,n5,light
295160,1821,n5,light
295162,1789,n5,light
295164,1821,n5,light
295166,1783,n5,light
295168,1875,n5,light
295170,1943,n5,light
295172,1885,n5,light
295174,1902,n5,light
295176,2000,n5,light
295178,2075,n5,light
295180,2030,n5,light
295182,2002,n5,light
295184,1959,n5,light
295186,1879,n5,light
295188,1814,n5,light
295190,1764,n5,light
295192,1724,n5,light
295194,1710,n5,light
295196,1662,n5,light
295198,1682,n5,light
295200,1648,n5,light
295202,1607,n5,light
295204,1555,n5,light
295206,1615,n5,light
295208,1626,n5,light
295210,1600,n5,light
295212,1674,n5,light
295214,1719,n5,light
295216,1701,n5,light
295218,1738,n5,light
295220,1683,n5,light
295222,1702,n5,light
295224,1678,n5,light
295226,1786,n5,light
295228,1895,n5,light
295230,1869,n5,light
295232,1954,n5,light
295234,1963,n5,light
295236,2078,n5,light
295238,2212,n5,light
295240,2162,n5,light
295242,2195,n5,light
295244,2337,n5,light
295246,2318,n5,light
295248,2401,n5,light
295250,2390,n5,light
295252,2480,n5,light
295254,2461,n5,light
295256,2526,n5,light
295258,2459,n5,light
295260,2391,n5,light
295262,2407,n5,light
295264,2337,n5,light
295266,2237,n5,light
295268,2209,n5,light
295270,2164,n5,light
295272,2128,n5,light
295274,2044,n5,light
295276,2115,n5,light
295278,2064,n5,light
295280,1994,n5,light
295282,1909,n5,light
295284,1843,n5,light
295286,1783,n5,light
295288,1723,n5,light
295290,1702,n5,light
295292,1655,n5,light
295294,1649,n5,light
295296,1615,n5,light
295298,1626,n5,light
295300,1616,n5,light
295302,1616,n5,light
295304,1616,n5,light
295306,1650,n5,light
295308,1703,n5,light
295310,1706,n5,light
295312,1687,n5,light
295314,1674,n5,light
295316,1775,n5,light
295318,1843,n5,light
295320,1808,n5,light
295322,1802,n5,light
295324,1776,n5,light
295326,1743,n5,light
295328,1664,n5,light
295330,1620,n5,light
295332,1738,n5,light
295334,1787,n5,light
295336,1814,n5,light
295338,1967,n5,light
295340,1925,n5,light
295342,1850,n5,light
295344,1840,n5,light
295346,1761,n5,light
295348,1682,n5,light
295350,1621,n5,light
295352,1680,n5,light
295354,1733,n5,light
295356,1697,n5,light
295358,1748,n5,light
295360,1777,n5,light
295362,1742,n5,light
295364,1791,n5,light
295366,1762,n5,light
295368,1685,n5,light
295370,1687,n5,light
295372,1771,n5,light
295374,1815,n5,light
295376,1770,n5,light
295378,1762,n5,light
295380,1716,n5,light
295382,1676,n5,light
295384,1619,n5,light
295386,1680,n5,light
295388,1675,n5,light
295390,1666,n5,light
295392,1617,n5,light
295394,1584,n5,light
295396,1680,n5,light
295398,1798,n5,light
295400,1847,n5,light
295402,1840,n5,light
295404,1879,n5,light
295406,1879,n5,light
295408,1817,n5,light
295410,1811,n5,light
295412,1775,n5,light
295414,1821,n5,light
295416,1974,n5,light
295418,1957,n5,light
295420,2016,n5,light
295422,2028,n5,light
295424,1991,n5,light
295426,1909,n5,light
295428,1931,n5,light
295430,1901,n5,light
295432,1869,n5,light
295434,1847,n5,light
295436,1815,n5,light
295438,1751,n5,light
295440,1711,n5,light
295442,1665,n5,light
295444,1659,n5,light
295446,1625,n5,light
295448,1599,n5,light
295450,1727,n5,light
295452,1754,n5,light
295454,1684,n5,light
295456,1785,n5,light
295458,1955,n5,light
295460,1937,n5,light
295462,1906,n5,light
295464,1874,n5,light
295466,1893,n5,light
295468,1910,n5,light
295470,1919,n5,light
295472,1858,n5,light
295474,1786,n5,light
295476,1731,n5,light
295478,1783,n5,light
295480,1819,n5,light
295482,1822,n5,light
295484,1795,n5,light
295486,1749,n5,light
295488,1716,n5,light
295490,1654,n5,light
295492,1658,n5,light
295494,1613,n5,light
295496,1581,n5,light
295498,1531,n5,light
295500,1534,n5,light
295502,1535,n5,light
295504,1471,n5,light
295506,1429,n5,light
295508,1439,n5,light
295510,1409,n5,light
295512,1488,n5,light
295514,1725,n5,light
295516,1709,n5,light
295518,1785,n5,light
295520,1849,n5,light
295522,1821,n5,light
295524,1799,n5,light
295526,1782,n5,light
295528,1750,n5,light
295530,1723,n5,light
295532,1669,n5,light
295534,1632,n5,light
295536,1586,n5,light
295538,1519,n5,light
295540,1568,n5,light
295542,1565,n5,light
295544,1521,n5,light
295546,1519,n5,light
295548,1491,n5,light
295550,1534,n5,light
295552,1587,n5,light
295554,1631,n5,light
295556,1645,n5,light
295558,1648,n5,light
295560,1619,n5,light
295562,1647,n5,light
295564,1626,n5,light
295566,1655,n5,light
295568,1885,n5,light
295570,1995,n5,light
295572,1949,n5,light
295574,2119,n5,light
295576,2219,n5,light
295578,2250,n5,light
295580,2260,n5,light
295582,2299,n5,light
295584,2389,n5,light
295586,2386,n5,light
295588,2301,n5,light
295590,2352,n5,light
295592,2352,n5,light
295594,2352,n5,light
295596,2395,n5,light
295598,2373,n5,light
295600,2619,n5,light
295602,2655,n5,light
295604,2559,n5,light
295606,2459,n5,light
295608,2363,n5,light
295610,2285,n5,light
295612,2188,n5,light
295614,2094,n5,light
295616,1994,n5,light
295618,1909,n5,light
295620,1880,n5,light
295622,1878,n5,light
295624,1826,n5,light
295626,1756,n5,light
295628,1742,n5,light
295630,1735,n5,light
295632,1706,n5,light
295634,1790,n5,light
295636,1855,n5,light
295638,1794,n5,light
295640,1771,n5,light
295642,1807,n5,light
295644,1840,n5,light
295646,1878,n5,light
295648,1842,n5,light
295650,1785,n5,light
295652,1739,n5,light
295654,1665,n5,light
295656,1618,n5,light
295658,1661,n5,light
295660,1704,n5,light
295662,1641,n5,light
295664,1585,n5,light
295666,1639,n5,light
295668,1861,n5,light
295670,1837,n5,light
295672,1872,n5,light
295674,1983,n5,light
295676,2131,n5,light
295678,2247,n5,light
295680,2198,n5,light
295682,2201,n5,light
295684,2317,n5,light
295686,2325,n5,light
295688,2288,n5,light
295690,2303,n5,light
295692,2240,n5,light
295694,2228,n5,light
295696,2155,n5,light
295698,2076,n5,light
295700,1993,n5,light
295702,1920,n5,light
295704,1943,n5,light
295706,2092,n5,light
295708,2160,n5,light
295710,2193,n5,light
295712,2201,n5,light
295714,2339,n5,light
295716,2540,n5,light
295718,2634,n5,light
295720,2559,n5,light
295722,2474,n5,light
295724,2413,n5,light
295726,2320,n5,light
295728,2247,n5,light
295730,2333,n5,light
295732,2469,n5,light
295734,2412,n5,light
295736,2391,n5,light
295738,2369,n5,light
295740,2342,n5,light
295742,2255,n5,light
295744,2176,n5,light
295746,2160,n5,light
295748,2101,n5,light
295750,2037,n5,light
295752,2017,n5,light
295754,1953,n5,light
295756,1967,n5,light
295758,1981,n5,light
295760,2067,n5,light
295762,2063,n5,light
295764,1975,n5,light
295766,1926,n5,light
295768,1927,n5,light
295770,1902,n5,light
295772,1874,n5,light
295774,1825,n5,light
295776,1748,n5,light
295778,1678,n5,light
295780,1649,n5,light
295782,1649,n5,light
295784,1605,n5,light
295786,1571,n5,light
295788,1527,n5,light
295790,1535,n5,light
295792,1535,n5,light
295794,1489,n5,light
295796,1429,n5,light
295798,1413,n5,light
295800,1381,n5,light
295802,1389,n5,light
295804,1394,n5,light
295806,1370,n5,light
295808,1392,n5,light
295810,1389,n5,light
295812,1382,n5,light
295814,1338,n5,light
295816,1301,n5,light
295818,1317,n5,light
295820,1289,n5,light
295822,1317,n5,light
295824,1454,n5,light
295826,1470,n5,light
295828,1428,n5,light
295830,1456,n5,light
295832,1559,n5,light
295834,1666,n5,light
295836,1687,n5,light
295838,1633,n5,light
295840,1619,n5,light
295842,1615,n5,light
295844,1584,n5,light
295846,1652,n5,light
295848,1776,n5,light
295850,1770,n5,light
295852,1728,n5,light
295854,1827,n5,light
295856,1835,n5,light
295858,1904,n5,light
295860,2012,n5,light
295862,2091,n5,light
295864,2099,n5,light
295866,2032,n5,light
295868,1997,n5,light
295870,2064,n5,light
295872,2105,n5,light
295874,2167,n5,light
295876,2203,n5,light
295878,2222,n5,light
295880,2176,n5,light
295882,2160,n5,light
295884,2083,n5,light
295886,2005,n5,light
295888,1950,n5,light
295890,1934,n5,light
295892,1930,n5,light
295894,2075,n5,light
295896,2206,n5,light
295898,2162,n5,light
295900,2101,n5,light
295902,2064,n5,light
295904,1986,n5,light
295906,1915,n5,light
295908,2032,n5,light
295910,2250,n5,light
295912,2297,n5,light
295914,2288,n5,light
295916,2202,n5,light
295918,2137,n5,light
295920,2130,n5,light
295922,2075,n5,light
295924,2011,n5,light
295926,1923,n5,light
295928,1871,n5,light
295930,1840,n5,light
295932,1776,n5,light
295934,1735,n5,light
295936,1679,n5,light
295938,1613,n5,light
295940,1558,n5,light
295942,1575,n5,light
295944,1600,n5,light
295946,1632,n5,light
295948,1585,n5,light
295950,1519,n5,light
295952,1457,n5,light
295954,1403,n5,light
295956,1366,n5,light
295958,1391,n5,light
295960,1424,n5,light
295962,1393,n5,light
295964,1429,n5,light
295966,1485,n5,light
295968,1471,n5,light
295970,1440,n5,light
295972,1643,n5,light
295974,1840,n5,light
295976,1851,n5,light
295978,1952,n5,light
295980,2098,n5,light
295982,2101,n5,light
295984,2160,n5,light
295986,2128,n5,light
295988,2230,n5,light
295990,2315,n5,light
295992,2258,n5,light
295994,2305,n5,light
295996,2254,n5,light
295998,2171,n5,light
296000,2186,n5,light
296002,2241,n5,light
296004,2224,n5,light
296006,2174,n5,light
296008,2079,n5,light
296010,1991,n5,light
296012,1986,n5,light
296014,1953,n5,light
296016,1904,n5,light
296018,1915,n5,light
296020,1889,n5,light
296022,1904,n5,light
296024,1947,n5,light
296026,1959,n5,light
296028,1904,n5,light
296030,1977,n5,light
296032,1977,n5,light
296034,1958,n5,light
296036,2019,n5,light
296038,1958,n5,light
296040,1911,n5,light
296042,1915,n5,light
296044,1987,n5,light
296046,2089,n5,light
296048,2126,n5,light
296050,2125,n5,light
296052,2096,n5,light
296054,2034,n5,light
296056,1981,n5,light
296058,1937,n5,light
296060,1903,n5,light
296062,1838,n5,light
296064,1917,n5,light
296066,1985,n5,light
296068,1940,n5,light
296070,1947,n5,light
296072,1997,n5,light
296074,2019,n5,light
296076,1952,n5,light
296078,1890,n5,light
296080,1898,n5,light
296082,1904,n5,light
296084,1868,n5,light
296086,1794,n5,light
296088,1723,n5,light
296090,1689,n5,light
296092,1712,n5,light
296094,1791,n5,light
296096,1872,n5,light
296098,1919,n5,light
296100,1893,n5,light
296102,1995,n5,light
296104,2018,n5,light
296106,2037,n5,light
296108,2139,n5,light
296110,2176,n5,light
296112,2119,n5,light
296114,2174,n5,light
296116,2307,n5,light
296118,2368,n5,light
296120,2284,n5,light
296122,2212,n5,light
296124,2160,n5,light
296126,2103,n5,light
296128,2096,n5,light
296130,2094,n5,light
296132,2146,n5,light
296134,2085,n5,light
296136,2017,n5,light
296138,2005,n5,light
296140,1946,n5,light
296142,2043,n5,light
296144,1994,n5,light
296146,1919,n5,light
296148,1871,n5,light
296150,1936,n5,light
296152,1968,n5,light
296154,1905,n5,light
296156,1858,n5,light
296158,1881,n5,light
296160,1856,n5,light
296162,1783,n5,light
296164,1743,n5,light
296166,1771,n5,light
296168,1824,n5,light
296170,1954,n5,light
296172,1919,n5,light
296174,1849,n5,light
296176,1914,n5,light
296178,1942,n5,light
296180,1930,n5,light
296182,1877,n5,light
296184,1812,n5,light
296186,1873,n5,light
296188,1872,n5,light
296190,1812,n5,light
296192,1757,n5,light
296194,1712,n5,light
296196,1725,n5,light
296198,1673,n5,light
296200,1611,n5,light
296202,1616,n5,light
296204,1610,n5,light
296206,1562,n5,light
296208,1658,n5,light
296210,1792,n5,light
296212,1845,n5,light
296214,1819,n5,light
296216,1808,n5,light
296218,1802,n5,light
296220,1923,n5,light
296222,2006,n5,light
296224,1973,n5,light
296226,1898,n5,light
296228,1851,n5,light
296230,1836,n5,light
296232,1843,n5,light
296234,1822,n5,light
296236,1775,n5,light
296238,1701,n5,light
296240,1634,n5,light
296242,1605,n5,light
296244,1555,n5,light
296246,1499,n5,light
296248,1457,n5,light
296250,1415,n5,light
296252,1390,n5,light
296254,1438,n5,light
296256,1499,n5,light
296258,1520,n5,light
296260,1503,n5,light
296262,1603,n5,light
296264,1705,n5,light
296266,1691,n5,light
296268,1673,n5,light
296270,1631,n5,light
296272,1561,n5,light
296274,1491,n5,light
296276,1452,n5,light
296278,1403,n5,light
296280,1342,n5,light
296282,1321,n5,light
296284,1329,n5,light
296286,1319,n5,light
296288,1293,n5,light
296290,1268,n5,light
296292,1265,n5,light
296294,1254,n5,light
296296,1229,n5,light
296298,1270,n5,light
296300,1239,n5,light
296302,1193,n5,light
296304,1137,n5,light
296306,1091,n5,light
296308,1083,n5,light
296310,1053,n5,light
296312,1054,n5,light
296314,1055,n5,light
296316,1093,n5,light
296318,1091,n5,light
296320,1139,n5,light
296322,1117,n5,light
296324,1087,n5,light
296326,1101,n5,light
296328,1157,n5,light
296330,1141,n5,light
296332,1141,n5,light
296334,1104,n5,light
296336,1055,n5,light
296338,1004,n5,light
296340,1008,n5,light
296342,983,n5,light
296344,1023,n5,light
296346,1060,n5,light
296348,1034,n5,light
296350,989,n5,light
296352,944,n5,light
296354,902,n5,light
296356,871,n5,light
296358,908,n5,light
296360,974,n5,light
296362,1074,n5,light
296364,1086,n5,light
296366,1049,n5,light
296368,998,n5,light
296370,1055,n5,light
296372,1155,n5,light
296374,1168,n5,light
296376,1214,n5,light
296378,1221,n5,light
296380,1184,n5,light
296382,1150,n5,light
296384,1127,n5,light
296386,1161,n5,light
296388,1183,n5,light
296390,1140,n5,light
296392,1133,n5,light
296394,1130,n5,light
296396,1083,n5,light
296398,1023,n5,light
296400,985,n5,light
296402,949,n5,light
296404,929,n5,light
296406,912,n5,light
296408,910,n5,light
296410,918,n5,light
296412,887,n5,light
296414,895,n5,light
296416,929,n5,light
296418,897,n5,light
296420,857,n5,light
296422,839,n5,light
296424,858,n5,light
296426,924,n5,light
296428,911,n5,light
296430,888,n5,light
296432,923,n5,light
296434,888,n5,light
296436,891,n5,light
296438,945,n5,light
296440,941,n5,light
296442,976,n5,light
296444,1088,n5,light
296446,1141,n5,light
296448,1198,n5,light
296450,1262,n5,light
296452,1318,n5,light
296454,1282,n5,light
296456,1250,n5,light
296458,1196,n5,light
296460,1150,n5,light
296462,1132,n5,light
296464,1091,n5,light
296466,1063,n5,light
296468,1118,n5,light
296470,1163,n5,light
296472,1152,n5,light
296474,1243,n5,light
296476,1253,n5,light
296478,1200,n5,light
296480,1153,n5,light
296482,1115,n5,light
296484,1077,n5,light
296486,1041,n5,light
296488,992,n5,light
296490,953,n5,light
296492,910,n5,light
296494,864,n5,light
296496,833,n5,light
296498,797,n5,light
296500,765,n5,light
296502,754,n5,light
296504,739,n5,light
296506,714,n5,light
296508,689,n5,light
296510,691,n5,light
296512,677,n5,light
296514,644,n5,light
296516,614,n5,light
296518,591,n5,light
296520,574,n5,light
296522,555,n5,light
296524,534,n5,light
296526,511,n5,light
296528,501,n5,light
296530,501,n5,light
296532,496,n5,light
296534,476,n5,light
296536,477,n5,light
296538,503,n5,light
305564,535,n5,light
305566,511,n5,light
305568,503,n5,light
305570,485,n5,light
305572,464,n5,light
305574,463,n5,light
305576,467,n5,light
305578,482,n5,light
305580,477,n5,light
305582,462,n5,light
305584,453,n5,light
305586,460,n5,light
305588,437,n5,light
305590,461,n5,light
305592,464,n5,light
305594,458,n5,light
305596,486,n5,light
305598,471,n5,light
305600,458,n5,light
305602,438,n5,light
305604,432,n5,light
305606,414,n5,light
305608,399,n5,light
305610,376,n5,light
305612,387,n5,light
305614,374,n5,light
305616,370,n5,light
305618,357,n5,light
305620,383,n5,light
305622,448,n5,light
305624,453,n5,light
305626,432,n5,light
305628,429,n5,light
305630,431,n5,light
305632,443,n5,light
305634,459,n5,light
305636,449,n5,light
305638,438,n5,light
305640,426,n5,light
305642,433,n5,light
305644,428,n5,light
305646,411,n5,light
305648,444,n5,light
305650,438,n5,light
305652,453,n5,light
305654,443,n5,light
305656,423,n5,light
305658,410,n5,light
305660,403,n5,light
305662,475,n5,light
305664,486,n5,light
305666,497,n5,light
305668,480,n5,light
305670,459,n5,light
305672,443,n5,light
305674,447,n5,light
305676,458,n5,light
305678,444,n5,light
305680,444,n5,light
305682,436,n5,light
305684,477,n5,light
305686,480,n5,light
305688,555,n5,light
305690,630,n5,light
305692,630,n5,light
305694,669,n5,light
305696,681,n5,light
305698,661,n5,light
305700,638,n5,light
305702,609,n5,light
305704,576,n5,light
305706,561,n5,light
305708,546,n5,light
305710,561,n5,light
305712,559,n5,light
305714,551,n5,light
305716,541,n5,light
305718,511,n5,light
305720,494,n5,light
305722,475,n5,light
305724,471,n5,light
305726,461,n5,light
305728,445,n5,light
305730,473,n5,light
305732,466,n5,light
305734,443,n5,light
305736,432,n5,light
305738,422,n5,light
305740,404,n5,light
305742,438,n5,light
305744,454,n5,light
305746,442,n5,light
305748,463,n5,light
305750,462,n5,light
305752,448,n5,light
305754,451,n5,light
305756,435,n5,light
305758,423,n5,light
305760,407,n5,light
305762,441,n5,light
305764,447,n5,light
305766,433,n5,light
305768,437,n5,light
305770,495,n5,light
305772,485,n5,light
305774,462,n5,light
305776,451,n5,light
305778,474,n5,light
305780,473,n5,light
305782,461,n5,light
305784,465,n5,light
305786,511,n5,light
305788,501,n5,light
305790,478,n5,light
305792,466,n5,light
305794,456,n5,light
305796,454,n5,light
305798,459,n5,light
305800,473,n5,light
305802,476,n5,light
305804,461,n5,light
305806,442,n5,light
305808,470,n5,light
305810,510,n5,light
305812,487,n5,light
305814,464,n5,light
305816,439,n5,light
305818,432,n5,light
305820,416,n5,light
305822,401,n5,light
305824,387,n5,light
305826,390,n5,light
305828,415,n5,light
305830,405,n5,light
305832,390,n5,light
305834,384,n5,light
305836,366,n5,light
305838,347,n5,light
305840,355,n5,light
305842,359,n5,light
305844,379,n5,light
305846,371,n5,light
305848,371,n5,light
305850,362,n5,light
305852,353,n5,light
305854,337,n5,light
305856,321,n5,light
305858,323,n5,light
305860,351,n5,light
305862,347,n5,light
305864,347,n5,light
305866,336,n5,light
305868,324,n5,light
305870,307,n5,light
305872,291,n5,light
305874,273,n5,light
305876,265,n5,light
305878,277,n5,light
305880,299,n5,light
305882,298,n5,light
305884,304,n5,light
305886,323,n5,light
305888,326,n5,light
305890,309,n5,light
305892,298,n5,light
305894,304,n5,light
305896,306,n5,light
305898,300,n5,light
305900,290,n5,light
305902,282,n5,light
305904,274,n5,light
305906,265,n5,light
305908,279,n5,light
305910,270,n5,light
305912,272,n5,light
305914,263,n5,light
305916,257,n5,light
305918,303,n5,light
305920,354,n5,light
305922,362,n5,light
305924,382,n5,light
305926,467,n5,light
305928,465,n5,light
305930,457,n5,light
305932,439,n5,light
305934,422,n5,light
305936,413,n5,light
305938,418,n5,light
305940,420,n5,light
305942,401,n5,light
305944,413,n5,light
305946,407,n5,light
305948,395,n5,light
305950,374,n5,light
305952,362,n5,light
305954,363,n5,light
305956,395,n5,light
305958,398,n5,light
305960,400,n5,light
305962,383,n5,light
305964,365,n5,light
305966,350,n5,light
305968,337,n5,light
305970,332,n5,light
305972,315,n5,light
305974,321,n5,light
305976,347,n5,light
305978,357,n5,light
305980,347,n5,light
305982,329,n5,light
305984,314,n5,light
305986,297,n5,light
305988,295,n5,light
305990,304,n5,light
305992,315,n5,light
305994,317,n5,light
305996,305,n5,light
305998,318,n5,light
306000,336,n5,light
306002,352,n5,light
306004,338,n5,light
306006,337,n5,light
306008,338,n5,light
306010,336,n5,light
306012,394,n5,light
306014,381,n5,light
306016,367,n5,light
306018,362,n5,light
306020,357,n5,light
306022,355,n5,light
306024,345,n5,light
306026,335,n5,light
306028,315,n5,light
306030,309,n5,light
306032,298,n5,light
306034,303,n5,light
306036,299,n5,light
306038,300,n5,light
306040,324,n5,light
306042,338,n5,light
306044,343,n5,light
306046,346,n5,light
306048,336,n5,light
306050,346,n5,light
306052,342,n5,light
306054,338,n5,light
306056,325,n5,light
306058,311,n5,light
306060,320,n5,light
306062,305,n5,light
306064,292,n5,light
306066,279,n5,light
306068,282,n5,light
306070,281,n5,light
306072,281,n5,light
306074,286,n5,light
306076,294,n5,light
306078,286,n5,light
306080,291,n5,light
306082,279,n5,light
306084,286,n5,light
306086,297,n5,light
306088,304,n5,light
306090,295,n5,light
306092,365,n5,light
306094,364,n5,light
306096,351,n5,light
306098,339,n5,light
306100,383,n5,light
306102,391,n5,light
306104,390,n5,light
306106,373,n5,light
306108,370,n5,light
306110,387,n5,light
306112,432,n5,light
306114,426,n5,light
306116,428,n5,light
306118,417,n5,light
306120,404,n5,light
306122,413,n5,light
306124,418,n5,light
306126,415,n5,light
306128,434,n5,light
306130,428,n5,light
306132,417,n5,light
306134,417,n5,light
306136,415,n5,light
306138,400,n5,light
306140,391,n5,light
306142,384,n5,light
306144,365,n5,light
306146,352,n5,light
306148,351,n5,light
306150,340,n5,light
306152,326,n5,light
306154,312,n5,light
306156,320,n5,light
306158,352,n5,light
306160,361,n5,light
306162,350,n5,light
306164,352,n5,light
306166,336,n5,light
306168,327,n5,light
306170,338,n5,light
306172,359,n5,light
306174,351,n5,light
306176,354,n5,light
306178,368,n5,light
306180,354,n5,light
306182,336,n5,light
306184,332,n5,light
306186,311,n5,light
306188,296,n5,light
306190,294,n5,light
306192,303,n5,light
306194,304,n5,light
306196,287,n5,light
306198,272,n5,light
306200,285,n5,light
306202,298,n5,light
306204,325,n5,light
306206,321,n5,light
306208,335,n5,light
306210,332,n5,light
306212,337,n5,light
306214,353,n5,light
306216,347,n5,light
306218,347,n5,light
306220,339,n5,light
306222,334,n5,light
306224,332,n5,light
306226,323,n5,light
306228,337,n5,light
306230,347,n5,light
306232,351,n5,light
306234,367,n5,light
306236,395,n5,light
306238,474,n5,light
306240,472,n5,light
306242,451,n5,light
306244,433,n5,light
306246,415,n5,light
306248,398,n5,light
306250,394,n5,light
306252,389,n5,light
306254,386,n5,light
306256,380,n5,light
306258,370,n5,light
306260,380,n5,light
306262,370,n5,light
306264,355,n5,light
306266,349,n5,light
306268,339,n5,light
306270,337,n5,light
306272,332,n5,light
306274,339,n5,light
306276,324,n5,light
306278,319,n5,light
306280,326,n5,light
306282,310,n5,light
306284,316,n5,light
306286,320,n5,light
306288,304,n5,light
306290,320,n5,light
306292,375,n5,light
306294,384,n5,light
306296,366,n5,light
306298,375,n5,light
306300,389,n5,light
306302,399,n5,light
306304,384,n5,light
306306,365,n5,light
306308,354,n5,light
306310,347,n5,light
306312,345,n5,light
306314,331,n5,light
306316,326,n5,light
306318,351,n5,light
306320,341,n5,light
306322,323,n5,light
306324,309,n5,light
306326,312,n5,light
306328,304,n5,light
306330,293,n5,light
306332,295,n5,light
306334,294,n5,light
306336,304,n5,light
306338,313,n5,light
306340,301,n5,light
306342,287,n5,light
306344,277,n5,light
306346,273,n5,light
306348,291,n5,light
306350,304,n5,light
306352,299,n5,light
306354,290,n5,light
306356,295,n5,light
306358,279,n5,light
306360,285,n5,light
306362,304,n5,light
306364,331,n5,light
306366,317,n5,light
306368,318,n5,light
306370,357,n5,light
306372,375,n5,light
306374,373,n5,light
306376,358,n5,light
306378,339,n5,light
306380,345,n5,light
306382,384,n5,light
306384,400,n5,light
306386,400,n5,light
306388,457,n5,light
306390,464,n5,light
306392,452,n5,light
306394,453,n5,light
306396,459,n5,light
306398,464,n5,light
306400,442,n5,light
306402,444,n5,light
306404,437,n5,light
306406,451,n5,light
306408,462,n5,light
306410,466,n5,light
306412,453,n5,light
306414,464,n5,light
306416,467,n5,light
306418,454,n5,light
306420,451,n5,light
306422,453,n5,light
306424,435,n5,light
306426,426,n5,light
306428,420,n5,light
306430,402,n5,light
306432,387,n5,light
306434,401,n5,light
306436,420,n5,light
306438,410,n5,light
306440,434,n5,light
306442,454,n5,light
306444,447,n5,light
306446,432,n5,light
306448,439,n5,light
306450,421,n5,light
306452,401,n5,light
306454,400,n5,light
306456,384,n5,light
306458,373,n5,light
306460,364,n5,light
306462,375,n5,light
306464,374,n5,light
306466,367,n5,light
306468,410,n5,light
306470,438,n5,light
306472,427,n5,light
306474,410,n5,light
306476,392,n5,light
306478,373,n5,light
306480,373,n5,light
306482,378,n5,light
306484,381,n5,light
306486,395,n5,light
306488,390,n5,light
306490,422,n5,light
306492,435,n5,light
306494,434,n5,light
306496,457,n5,light
306498,449,n5,light
306500,429,n5,light
306502,411,n5,light
306504,399,n5,light
306506,389,n5,light
306508,385,n5,light
306510,368,n5,light
306512,361,n5,light
306514,371,n5,light
306516,373,n5,light
306518,357,n5,light
306520,362,n5,light
306522,362,n5,light
306524,368,n5,light
306526,368,n5,light
306528,357,n5,light
306530,362,n5,light
306532,366,n5,light
306534,350,n5,light
306536,345,n5,light
306538,334,n5,light
306540,318,n5,light
306542,305,n5,light
306544,326,n5,light
306546,325,n5,light
306548,314,n5,light
306550,341,n5,light
306552,335,n5,light
306554,320,n5,light
306556,307,n5,light
306558,293,n5,light
306560,282,n5,light
306562,278,n5,light
306564,289,n5,light
306566,307,n5,light
306568,335,n5,light
306570,350,n5,light
306572,387,n5,light
306574,382,n5,light
306576,369,n5,light
306578,389,n5,light
306580,394,n5,light
306582,387,n5,light
306584,372,n5,light
306586,357,n5,light
306588,361,n5,light
306590,350,n5,light
306592,359,n5,light
306594,350,n5,light
306596,335,n5,light
306598,367,n5,light
306600,367,n5,light
306602,374,n5,light
306604,360,n5,light
306606,338,n5,light
306608,322,n5,light
306610,304,n5,light
306612,304,n5,light
306614,290,n5,light
306616,287,n5,light
306618,296,n5,light
306620,289,n5,light
306622,285,n5,light
306624,272,n5,light
306626,270,n5,light
306628,290,n5,light
306630,304,n5,light
306632,350,n5,light
306634,341,n5,light
306636,327,n5,light
306638,314,n5,light
306640,300,n5,light
306642,303,n5,light
306644,290,n5,light
306646,278,n5,light
306648,281,n5,light
306650,285,n5,light
306652,272,n5,light
306654,258,n5,light
306656,240,n5,light
306658,233,n5,light
306660,227,n5,light
306662,246,n5,light
306664,243,n5,light
306666,238,n5,light
306668,237,n5,light
306670,242,n5,light
306672,284,n5,light
306674,270,n5,light
306676,263,n5,light
306678,272,n5,light
306680,290,n5,light
306682,319,n5,light
306684,334,n5,light
306686,320,n5,light
306688,304,n5,light
306690,292,n5,light
306692,304,n5,light
306694,299,n5,light
306696,286,n5,light
306698,278,n5,light
306700,295,n5,light
306702,304,n5,light
306704,297,n5,light
306706,304,n5,light
306708,303,n5,light
306710,306,n5,light
306712,333,n5,light
306714,323,n5,light
306716,305,n5,light
306718,303,n5,light
306720,294,n5,light
306722,287,n5,light
306724,295,n5,light
306726,282,n5,light
306728,271,n5,light
306730,257,n5,light
306732,244,n5,light
306734,230,n5,light
306736,223,n5,light
306738,215,n5,light
306740,209,n5,light
306742,240,n5,light
306744,240,n5,light
306746,230,n5,light
306748,222,n5,light
306750,208,n5,light
306752,198,n5,light
306754,191,n5,light
306756,187,n5,light
306758,176,n5,light
306760,171,n5,light
306762,170,n5,light
306764,174,n5,light
306766,170,n5,light
306768,166,n5,light
306770,165,n5,light
306772,165,n5,light
306774,157,n5,light
306776,171,n5,light
306778,176,n5,light
306780,173,n5,light
306782,161,n5,light
306784,158,n5,light
306786,151,n5,light
306788,147,n5,light
306790,142,n5,light
306792,142,n5,light
306794,150,n5,light
306796,161,n5,light
306798,185,n5,light
306800,187,n5,light
306802,195,n5,light
306804,203,n5,light
306806,192,n5,light
306808,181,n5,light
306810,190,n5,light
306812,179,n5,light
306814,175,n5,light
306816,176,n5,light
306818,182,n5,light
306820,179,n5,light
306822,177,n5,light
306824,177,n5,light
306826,176,n5,light
306828,173,n5,light
306830,174,n5,light
306832,165,n5,light
306834,160,n5,light
306836,157,n5,light
306838,147,n5,light
306840,144,n5,light
306842,151,n5,light
306844,144,n5,light
306846,144,n5,light
306848,137,n5,light
306850,138,n5,light
306852,135,n5,light
306854,139,n5,light
306856,171,n5,light
306858,163,n5,light
306860,162,n5,light
306862,189,n5,light
306864,221,n5,light
306866,214,n5,light
306868,234,n5,light
306870,258,n5,light
306872,253,n5,light
306874,241,n5,light
306876,227,n5,light
306878,215,n5,light
306880,214,n5,light
306882,218,n5,light
306884,247,n5,light
306886,246,n5,light
306888,250,n5,light
306890,247,n5,light
306892,263,n5,light
306894,252,n5,light
306896,249,n5,light
306898,238,n5,light
306900,224,n5,light
306902,220,n5,light
306904,208,n5,light
306906,195,n5,light
306908,185,n5,light
306910,181,n5,light
306912,176,n5,light
306914,186,n5,light
306916,192,n5,light
306918,205,n5,light
306920,202,n5,light
306922,192,n5,light
306924,189,n5,light
306926,187,n5,light
306928,177,n5,light
306930,172,n5,light
306932,173,n5,light
306934,192,n5,light
306936,199,n5,light
306938,206,n5,light
306940,240,n5,light
306942,234,n5,light
306944,235,n5,light
306946,224,n5,light
306948,269,n5,light
306950,289,n5,light
306952,285,n5,light
306954,304,n5,light
306956,295,n5,light
306958,289,n5,light
306960,278,n5,light
306962,279,n5,light
306964,295,n5,light
306966,284,n5,light
306968,280,n5,light
306970,298,n5,light
306972,311,n5,light
306974,304,n5,light
306976,293,n5,light
306978,279,n5,light
306980,267,n5,light
306982,258,n5,light
306984,256,n5,light
306986,246,n5,light
306988,240,n5,light
306990,237,n5,light
306992,223,n5,light
306994,209,n5,light
306996,211,n5,light
306998,207,n5,light
307000,215,n5,light
307002,212,n5,light
307004,225,n5,light
307006,235,n5,light
307008,225,n5,light
307010,221,n5,light
307012,212,n5,light
307014,211,n5,light
307016,201,n5,light
307018,219,n5,light
307020,230,n5,light
307022,242,n5,light
307024,240,n5,light
307026,245,n5,light
307028,240,n5,light
307030,241,n5,light
307032,239,n5,light
307034,236,n5,light
307036,225,n5,light
307038,221,n5,light
307040,256,n5,light
307042,259,n5,light
307044,272,n5,light
307046,258,n5,light
307048,246,n5,light
307050,240,n5,light
307052,238,n5,light
307054,228,n5,light
307056,218,n5,light
307058,219,n5,light
307060,217,n5,light
307062,233,n5,light
307064,233,n5,light
307066,231,n5,light
307068,228,n5,light
307070,257,n5,light
307072,271,n5,light
307074,263,n5,light
307076,253,n5,light
307078,258,n5,light
307080,250,n5,light
307082,250,n5,light
307084,245,n5,light
307086,242,n5,light
307088,243,n5,light
307090,251,n5,light
307092,245,n5,light
307094,240,n5,light
307096,235,n5,light
307098,245,n5,light
307100,257,n5,light
307102,248,n5,light
307104,281,n5,light
307106,283,n5,light
307108,275,n5,light
307110,271,n5,light
307112,259,n5,light
307114,261,n5,light
307116,247,n5,light
307118,234,n5,light
307120,237,n5,light
307122,238,n5,light
307124,242,n5,light
307126,261,n5,light
307128,274,n5,light
307130,272,n5,light
307132,258,n5,light
307134,245,n5,light
307136,239,n5,light
307138,235,n5,light
307140,243,n5,light
307142,273,n5,light
307144,268,n5,light
307146,279,n5,light
307148,311,n5,light
307150,321,n5,light
307152,329,n5,light
307154,320,n5,light
307156,312,n5,light
307158,325,n5,light
307160,326,n5,light
307162,315,n5,light
307164,303,n5,light
307166,304,n5,light
307168,287,n5,light
307170,272,n5,light
307172,267,n5,light
307174,261,n5,light
307176,260,n5,light
307178,274,n5,light
307180,267,n5,light
307182,258,n5,light
307184,249,n5,light
307186,240,n5,light
307188,242,n5,light
307190,256,n5,light
307192,253,n5,light
307194,288,n5,light
307196,283,n5,light
307198,271,n5,light
307200,288,n5,light
307202,301,n5,light
307204,287,n5,light
307206,275,n5,light
307208,266,n5,light
307210,250,n5,light
307212,240,n5,light
307214,223,n5,light
307216,218,n5,light
307218,208,n5,light
307220,203,n5,light
307222,190,n5,light
307224,190,n5,light
307226,201,n5,light
307228,215,n5,light
307230,220,n5,light
307232,226,n5,light
307234,272,n5,light
307236,268,n5,light
307238,264,n5,light
307240,265,n5,light
307242,272,n5,light
307244,261,n5,light
307246,262,n5,light
307248,272,n5,light
307250,260,n5,light
307252,260,n5,light
307254,256,n5,light
307256,241,n5,light
307258,233,n5,light
307260,239,n5,light
307262,222,n5,light
307264,215,n5,light
307266,227,n5,light
307268,234,n5,light
307270,261,n5,light
307272,286,n5,light
307274,272,n5,light
307276,291,n5,light
307278,314,n5,light
307280,304,n5,light
307282,291,n5,light
307284,272,n5,light
307286,273,n5,light
307288,282,n5,light
307290,278,n5,light
307292,268,n5,light
307294,272,n5,light
307296,260,n5,light
307298,251,n5,light
307300,239,n5,light
307302,229,n5,light
307304,211,n5,light
307306,218,n5,light
307308,208,n5,light
307310,203,n5,light
307312,194,n5,light
307314,196,n5,light
307316,207,n5,light
307318,196,n5,light
307320,197,n5,light
307322,190,n5,light
307324,192,n5,light
307326,208,n5,light
307328,215,n5,light
307330,208,n5,light
307332,204,n5,light
307334,212,n5,light
307336,242,n5,light
307338,249,n5,light
307340,242,n5,light
307342,283,n5,light
307344,290,n5,light
307346,272,n5,light
307348,278,n5,light
307350,277,n5,light
307352,272,n5,light
307354,282,n5,light
307356,275,n5,light
307358,273,n5,light
307360,263,n5,light
307362,253,n5,light
307364,250,n5,light
307366,247,n5,light
307368,268,n5,light
307370,267,n5,light
307372,254,n5,light
307374,240,n5,light
307376,231,n5,light
307378,221,n5,light
307380,213,n5,light
307382,219,n5,light
307384,238,n5,light
307386,239,n5,light
307388,225,n5,light
307390,243,n5,light
307392,257,n5,light
307394,251,n5,light
307396,257,n5,light
307398,260,n5,light
307400,254,n5,light
307402,249,n5,light
307404,240,n5,light
307406,225,n5,light
307408,218,n5,light
307410,210,n5,light
307412,202,n5,light
307414,192,n5,light
307416,214,n5,light
307418,215,n5,light
307420,213,n5,light
307422,203,n5,light
307424,193,n5,light
307426,185,n5,light
307428,176,n5,light
307430,165,n5,light
307432,161,n5,light
307434,171,n5,light
307436,165,n5,light
307438,166,n5,light
307440,193,n5,light
307442,204,n5,light
307444,212,n5,light
307446,227,n5,light
307448,225,n5,light
307450,215,n5,light
307452,254,n5,light
307454,279,n5,light
307456,307,n5,light
307458,407,n5,light
307460,451,n5,light
307462,439,n5,light
307464,438,n5,light
307466,437,n5,light
307468,447,n5,light
307470,435,n5,light
307472,423,n5,light
307474,410,n5,light
307476,394,n5,light
307478,385,n5,light
307480,389,n5,light
307482,369,n5,light
307484,360,n5,light
307486,349,n5,light
307488,341,n5,light
307490,331,n5,light
307492,329,n5,light
307494,336,n5,light
307496,362,n5,light
307498,351,n5,light
307500,352,n5,light
307502,362,n5,light
307504,358,n5,light
307506,338,n5,light
307508,336,n5,light
307510,325,n5,light
307512,305,n5,light
307514,304,n5,light
307516,291,n5,light
307518,285,n5,light
307520,270,n5,light
307522,253,n5,light
307524,240,n5,light
307526,243,n5,light
307528,261,n5,light
307530,271,n5,light
307532,273,n5,light
307534,274,n5,light
307536,327,n5,light
307538,371,n5,light
307540,406,n5,light
307542,405,n5,light
307544,389,n5,light
307546,384,n5,light
307548,401,n5,light
307550,406,n5,light
307552,390,n5,light
307554,377,n5,light
307556,367,n5,light
307558,343,n5,light
307560,329,n5,light
307562,310,n5,light
307564,304,n5,light
307566,293,n5,light
307568,284,n5,light
307570,289,n5,light
307572,279,n5,light
307574,272,n5,light
307576,259,n5,light
307578,249,n5,light
307580,243,n5,light
307582,247,n5,light
307584,251,n5,light
307586,251,n5,light
307588,243,n5,light
307590,261,n5,light
307592,256,n5,light
307594,247,n5,light
307596,244,n5,light
307598,237,n5,light
307600,238,n5,light
307602,240,n5,light
307604,239,n5,light
307606,250,n5,light
307608,246,n5,light
307610,262,n5,light
307612,252,n5,light
307614,247,n5,light
307616,240,n5,light
307618,282,n5,light
307620,285,n5,light
307622,272,n5,light
307624,261,n5,light
307626,261,n5,light
307628,269,n5,light
307630,290,n5,light
307632,313,n5,light
307634,336,n5,light
307636,347,n5,light
307638,411,n5,light
307640,439,n5,light
307642,454,n5,light
307644,445,n5,light
307646,427,n5,light
307648,411,n5,light
307650,402,n5,light
307652,418,n5,light
307654,419,n5,light
307656,417,n5,light
307658,417,n5,light
307660,411,n5,light
307662,409,n5,light
307664,406,n5,light
307666,394,n5,light
307668,373,n5,light
307670,357,n5,light
307672,336,n5,light
307674,320,n5,light
307676,304,n5,light
307678,309,n5,light
307680,315,n5,light
307682,306,n5,light
307684,297,n5,light
307686,288,n5,light
307688,282,n5,light
307690,304,n5,light
307692,307,n5,light
307694,299,n5,light
307696,301,n5,light
307698,291,n5,light
307700,297,n5,light
307702,283,n5,light
307704,275,n5,light
307706,279,n5,light
307708,277,n5,light
307710,274,n5,light
307712,272,n5,light
307714,262,n5,light
307716,260,n5,light
307718,270,n5,light
307720,267,n5,light
307722,272,n5,light
307724,262,n5,light
307726,247,n5,light
307728,237,n5,light
307730,240,n5,light
307732,239,n5,light
307734,256,n5,light
307736,285,n5,light
307738,272,n5,light
307740,272,n5,light
307742,276,n5,light
307744,304,n5,light
307746,301,n5,light
307748,299,n5,light
307750,285,n5,light
307752,275,n5,light
307754,267,n5,light
307756,251,n5,light
307758,245,n5,light
307760,257,n5,light
307762,246,n5,light
307764,245,n5,light
307766,253,n5,light
307768,336,n5,light
307770,346,n5,light
307772,329,n5,light
307774,319,n5,light
307776,320,n5,light
307778,311,n5,light
307780,299,n5,light
307782,302,n5,light
307784,291,n5,light
307786,283,n5,light
307788,273,n5,light
307790,283,n5,light
307792,288,n5,light
307794,272,n5,light
307796,268,n5,light
307798,254,n5,light
307800,245,n5,light
307802,237,n5,light
307804,226,n5,light
307806,220,n5,light
307808,208,n5,light
307810,208,n5,light
307812,200,n5,light
307814,191,n5,light
307816,190,n5,light
307818,185,n5,light
307820,186,n5,light
307822,176,n5,light
307824,174,n5,light
307826,177,n5,light
307828,192,n5,light
307830,209,n5,light
307832,246,n5,light
307834,259,n5,light
307836,253,n5,light
307838,262,n5,light
307840,359,n5,light
307842,368,n5,light
307844,383,n5,light
307846,377,n5,light
307848,386,n5,light
307850,416,n5,light
307852,456,n5,light
307854,484,n5,light
307856,547,n5,light
307858,528,n5,light
307860,498,n5,light
307862,477,n5,light
307864,453,n5,light
307866,448,n5,light
307868,464,n5,light
307870,470,n5,light
307872,455,n5,light
307874,432,n5,light
307876,410,n5,light
307878,387,n5,light
307880,388,n5,light
307882,381,n5,light
307884,368,n5,light
307886,369,n5,light
307888,352,n5,light
307890,338,n5,light
307892,334,n5,light
307894,336,n5,light
307896,345,n5,light
307898,336,n5,light
307900,323,n5,light
307902,320,n5,light
307904,319,n5,light
307906,305,n5,light
307908,298,n5,light
307910,304,n5,light
307912,311,n5,light
307914,327,n5,light
307916,336,n5,light
307918,336,n5,light
307920,323,n5,light
307922,309,n5,light
307924,295,n5,light
307926,282,n5,light
307928,286,n5,light
307930,279,n5,light
307932,283,n5,light
307934,295,n5,light
307936,284,n5,light
307938,272,n5,light
307940,272,n5,light
307942,267,n5,light
307944,272,n5,light
307946,315,n5,light
307948,360,n5,light
307950,347,n5,light
307952,336,n5,light
307954,336,n5,light
307956,336,n5,light
307958,329,n5,light
307960,317,n5,light
307962,321,n5,light
307964,315,n5,light
307966,313,n5,light
307968,325,n5,light
307970,320,n5,light
307972,331,n5,light
307974,316,n5,light
307976,311,n5,light
307978,304,n5,light
307980,313,n5,light
307982,309,n5,light
307984,304,n5,light
307986,304,n5,light
307988,331,n5,light
307990,368,n5,light
307992,368,n5,light
307994,368,n5,light
307996,367,n5,light
307998,363,n5,light
308000,367,n5,light
308002,357,n5,light
308004,352,n5,light
308006,351,n5,light
308008,353,n5,light
308010,378,n5,light
308012,373,n5,light
308014,358,n5,light
308016,340,n5,light
308018,329,n5,light
308020,326,n5,light
308022,318,n5,light
308024,311,n5,light
308026,304,n5,light
308028,309,n5,light
308030,297,n5,light
308032,282,n5,light
308034,268,n5,light
308036,270,n5,light
308038,301,n5,light
308040,287,n5,light
308042,282,n5,light
308044,274,n5,light
308046,282,n5,light
308048,285,n5,light
308050,272,n5,light
308052,279,n5,light
308054,270,n5,light
308056,263,n5,light
308058,256,n5,light
308060,243,n5,light
308062,240,n5,light
308064,240,n5,light
308066,240,n5,light
308068,228,n5,light
308070,214,n5,light
308072,221,n5,light
308074,240,n5,light
308076,235,n5,light
308078,233,n5,light
308080,243,n5,light
308082,240,n5,light
308084,231,n5,light
308086,218,n5,light
308088,229,n5,light
308090,224,n5,light
308092,220,n5,light
308094,232,n5,light
308096,239,n5,light
308098,240,n5,light
308100,256,n5,light
308102,245,n5,light
308104,246,n5,light
308106,272,n5,light
308108,257,n5,light
308110,266,n5,light
308112,303,n5,light
308114,301,n5,light
308116,314,n5,light
308118,336,n5,light
308120,330,n5,light
308122,341,n5,light
308124,336,n5,light
308126,322,n5,light
308128,315,n5,light
308130,320,n5,light
308132,306,n5,light
308134,311,n5,light
308136,304,n5,light
308138,304,n5,light
308140,295,n5,light
308142,319,n5,light
308144,307,n5,light
308146,301,n5,light
308148,304,n5,light
308150,302,n5,light
308152,282,n5,light
308154,286,n5,light
308156,272,n5,light
308158,259,n5,light
308160,240,n5,light
308162,233,n5,light
308164,239,n5,light
308166,251,n5,light
308168,240,n5,light
308170,241,n5,light
308172,268,n5,light
308174,257,n5,light
308176,246,n5,light
308178,256,n5,light
308180,261,n5,light
308182,267,n5,light
308184,290,n5,light
308186,277,n5,light
308188,304,n5,light
308190,311,n5,light
308192,317,n5,light
308194,306,n5,light
308196,304,n5,light
308198,294,n5,light
308200,295,n5,light
308202,305,n5,light
308204,358,n5,light
308206,353,n5,light
308208,338,n5,light
308210,342,n5,light
308212,334,n5,light
308214,322,n5,light
308216,304,n5,light
308218,293,n5,light
308220,286,n5,light
308222,289,n5,light
308224,298,n5,light
308226,290,n5,light
308228,275,n5,light
308230,271,n5,light
308232,254,n5,light
308234,257,n5,light
308236,271,n5,light
308238,266,n5,light
308240,250,n5,light
308242,247,n5,light
308244,242,n5,light
308246,249,n5,light
308248,253,n5,light
308250,260,n5,light
308252,257,n5,light
308254,249,n5,light
308256,273,n5,light
308258,339,n5,light
308260,368,n5,light
308262,368,n5,light
308264,383,n5,light
308266,380,n5,light
308268,370,n5,light
308270,351,n5,light
308272,336,n5,light
308274,322,n5,light
308276,318,n5,light
308278,310,n5,light
308280,335,n5,light
308282,366,n5,light
308284,358,n5,light
308286,400,n5,light
308288,426,n5,light
308290,433,n5,light
308292,437,n5,light
308294,471,n5,light
308296,460,n5,light
308298,490,n5,light
308300,487,n5,light
308302,464,n5,light
308304,451,n5,light
308306,460,n5,light
308308,447,n5,light
308310,432,n5,light
308312,427,n5,light
308314,407,n5,light
308316,390,n5,light
308318,385,n5,light
308320,368,n5,light
308322,369,n5,light
308324,356,n5,light
308326,337,n5,light
308328,335,n5,light
308330,333,n5,light
308332,327,n5,light
308334,332,n5,light
308336,319,n5,light
308338,307,n5,light
308340,304,n5,light
308342,304,n5,light
308344,310,n5,light
308346,302,n5,light
308348,336,n5,light
308350,356,n5,light
308352,343,n5,light
308354,373,n5,light
308356,388,n5,light
308358,374,n5,light
308360,369,n5,light
308362,412,n5,light
308364,399,n5,light
308366,399,n5,light
308368,413,n5,light
308370,397,n5,light
308372,398,n5,light
308374,401,n5,light
308376,394,n5,light
308378,407,n5,light
308380,391,n5,light
308382,379,n5,light
308384,367,n5,light
308386,354,n5,light
308388,336,n5,light
308390,319,n5,light
308392,304,n5,light
308394,320,n5,light
308396,319,n5,light
308398,348,n5,light
308400,343,n5,light
308402,334,n5,light
308404,345,n5,light
308406,350,n5,light
308408,350,n5,light
308410,390,n5,light
308412,384,n5,light
308414,395,n5,light
308416,397,n5,light
308418,387,n5,light
308420,371,n5,light
308422,390,n5,light
308424,379,n5,light
308426,373,n5,light
308428,387,n5,light
308430,378,n5,light
308432,370,n5,light
308434,358,n5,light
308436,345,n5,light
308438,338,n5,light
308440,329,n5,light
308442,348,n5,light
308444,359,n5,light
308446,354,n5,light
308448,377,n5,light
308450,367,n5,light
308452,366,n5,light
308454,347,n5,light
308456,347,n5,light
308458,335,n5,light
308460,333,n5,light
308462,322,n5,light
308464,326,n5,light
308466,313,n5,light
308468,312,n5,light
308470,307,n5,light
308472,295,n5,light
308474,285,n5,light
308476,273,n5,light
308478,272,n5,light
308480,262,n5,light
308482,246,n5,light
308484,235,n5,light
308486,219,n5,light
308488,224,n5,light
308490,209,n5,light
308492,199,n5,light
308494,190,n5,light
308496,190,n5,light
308498,187,n5,light
308500,187,n5,light
308502,185,n5,light
308504,181,n5,light
308506,180,n5,light
308508,182,n5,light
308510,176,n5,light
308512,166,n5,light
308514,155,n5,light
308516,158,n5,light
308518,159,n5,light
308520,165,n5,light
308522,161,n5,light
308524,155,n5,light
308526,150,n5,light
308528,151,n5,light
308530,147,n5,light
308532,151,n5,light
308534,149,n5,light
308536,144,n5,light
308538,144,n5,light
308540,150,n5,light
308542,174,n5,light
308544,164,n5,light
308546,162,n5,light
308548,161,n5,light
308550,164,n5,light
308552,191,n5,light
308554,208,n5,light
308556,227,n5,light
308558,252,n5,light
308560,271,n5,light
317588,474,n5,light
317590,479,n5,light
317592,559,n5,light
317594,608,n5,light
317596,592,n5,light
317598,570,n5,light
317600,544,n5,light
317602,511,n5,light
317604,499,n5,light
317606,501,n5,light
317608,526,n5,light
317610,502,n5,light
317612,483,n5,light
317614,487,n5,light
317616,496,n5,light
317618,507,n5,light
317620,554,n5,light
317622,640,n5,light
317624,629,n5,light
317626,611,n5,light
317628,651,n5,light
317630,624,n5,light
317632,624,n5,light
317634,598,n5,light
317636,581,n5,light
317638,601,n5,light
317640,661,n5,light
317642,666,n5,light
317644,688,n5,light
317646,671,n5,light
317648,661,n5,light
317650,672,n5,light
317652,656,n5,light
317654,652,n5,light
317656,704,n5,light
317658,682,n5,light
317660,688,n5,light
317662,719,n5,light
317664,829,n5,light
317666,848,n5,light
317668,839,n5,light
317670,811,n5,light
317672,802,n5,light
317674,774,n5,light
317676,763,n5,light
317678,771,n5,light
317680,750,n5,light
317682,752,n5,light
317684,751,n5,light
317686,718,n5,light
317688,691,n5,light
317690,685,n5,light
317692,709,n5,light
317694,720,n5,light
317696,732,n5,light
317698,758,n5,light
317700,779,n5,light
317702,771,n5,light
317704,803,n5,light
317706,789,n5,light
317708,793,n5,light
317710,763,n5,light
317712,739,n5,light
317714,754,n5,light
317716,756,n5,light
317718,721,n5,light
317720,694,n5,light
317722,675,n5,light
317724,657,n5,light
317726,640,n5,light
317728,627,n5,light
317730,600,n5,light
317732,582,n5,light
317734,560,n5,light
317736,534,n5,light
317738,503,n5,light
317740,493,n5,light
317742,481,n5,light
317744,470,n5,light
317746,449,n5,light
317748,438,n5,light
317750,418,n5,light
317752,400,n5,light
317754,385,n5,light
317756,394,n5,light
317758,384,n5,light
317760,366,n5,light
317762,347,n5,light
317764,342,n5,light
317766,346,n5,light
317768,336,n5,light
317770,353,n5,light
317772,340,n5,light
317774,327,n5,light
317776,332,n5,light
317778,339,n5,light
317780,336,n5,light
317782,321,n5,light
317784,304,n5,light
317786,318,n5,light
317788,309,n5,light
317790,304,n5,light
317792,324,n5,light
317794,320,n5,light
317796,319,n5,light
317798,349,n5,light
317800,344,n5,light
317802,336,n5,light
317804,324,n5,light
317806,323,n5,light
317808,323,n5,light
317810,326,n5,light
317812,335,n5,light
317814,330,n5,light
317816,320,n5,light
317818,314,n5,light
317820,318,n5,light
317822,347,n5,light
317824,368,n5,light
317826,374,n5,light
317828,407,n5,light
317830,416,n5,light
317832,429,n5,light
317834,447,n5,light
317836,491,n5,light
317838,485,n5,light
317840,465,n5,light
317842,461,n5,light
317844,458,n5,light
317846,480,n5,light
317848,479,n5,light
317850,463,n5,light
317852,462,n5,light
317854,471,n5,light
317856,477,n5,light
317858,475,n5,light
317860,453,n5,light
317862,432,n5,light
317864,432,n5,light
317866,435,n5,light
317868,419,n5,light
317870,402,n5,light
317872,400,n5,light
317874,405,n5,light
317876,389,n5,light
317878,384,n5,light
317880,375,n5,light
317882,359,n5,light
317884,337,n5,light
317886,336,n5,light
317888,326,n5,light
317890,309,n5,light
317892,302,n5,light
317894,289,n5,light
317896,295,n5,light
317898,299,n5,light
317900,286,n5,light
317902,273,n5,light
317904,303,n5,light
317906,306,n5,light
317908,357,n5,light
317910,399,n5,light
317912,393,n5,light
317914,394,n5,light
317916,377,n5,light
317918,368,n5,light
317920,354,n5,light
317922,339,n5,light
317924,332,n5,light
317926,358,n5,light
317928,377,n5,light
317930,357,n5,light
317932,358,n5,light
317934,374,n5,light
317936,367,n5,light
317938,393,n5,light
317940,385,n5,light
317942,368,n5,light
317944,353,n5,light
317946,345,n5,light
317948,353,n5,light
317950,354,n5,light
317952,354,n5,light
317954,370,n5,light
317956,370,n5,light
317958,381,n5,light
317960,366,n5,light
317962,349,n5,light
317964,363,n5,light
317966,364,n5,light
317968,383,n5,light
317970,431,n5,light
317972,480,n5,light
317974,490,n5,light
317976,477,n5,light
317978,482,n5,light
317980,465,n5,light
317982,455,n5,light
317984,442,n5,light
317986,433,n5,light
317988,420,n5,light
317990,415,n5,light
317992,395,n5,light
317994,388,n5,light
317996,375,n5,light
317998,371,n5,light
318000,358,n5,light
318002,344,n5,light
318004,345,n5,light
318006,348,n5,light
318008,334,n5,light
318010,318,n5,light
318012,320,n5,light
318014,307,n5,light
318016,314,n5,light
318018,301,n5,light
318020,289,n5,light
318022,274,n5,light
318024,266,n5,light
318026,311,n5,light
318028,324,n5,light
318030,389,n5,light
318032,385,n5,light
318034,368,n5,light
318036,348,n5,light
318038,333,n5,light
318040,317,n5,light
318042,305,n5,light
318044,294,n5,light
318046,283,n5,light
318048,323,n5,light
318050,329,n5,light
318052,337,n5,light
318054,327,n5,light
318056,339,n5,light
318058,334,n5,light
318060,329,n5,light
318062,314,n5,light
318064,300,n5,light
318066,287,n5,light
318068,274,n5,light
318070,274,n5,light
318072,273,n5,light
318074,275,n5,light
318076,267,n5,light
318078,251,n5,light
318080,239,n5,light
318082,243,n5,light
318084,241,n5,light
318086,229,n5,light
318088,242,n5,light
318090,241,n5,light
318092,249,n5,light
318094,268,n5,light
318096,304,n5,light
318098,383,n5,light
318100,384,n5,light
318102,377,n5,light
318104,422,n5,light
318106,446,n5,light
318108,432,n5,light
318110,432,n5,light
318112,426,n5,light
318114,442,n5,light
318116,429,n5,light
318118,409,n5,light
318120,411,n5,light
318122,415,n5,light
318124,398,n5,light
318126,384,n5,light
318128,400,n5,light
318130,401,n5,light
318132,385,n5,light
318134,380,n5,light
318136,363,n5,light
318138,351,n5,light
318140,356,n5,light
318142,358,n5,light
318144,381,n5,light
318146,393,n5,light
318148,385,n5,light
318150,390,n5,light
318152,388,n5,light
318154,375,n5,light
318156,362,n5,light
318158,369,n5,light
318160,359,n5,light
318162,340,n5,light
318164,336,n5,light
318166,325,n5,light
318168,319,n5,light
318170,304,n5,light
318172,286,n5,light
318174,271,n5,light
318176,272,n5,light
318178,271,n5,light
318180,303,n5,light
318182,322,n5,light
318184,315,n5,light
318186,314,n5,light
318188,347,n5,light
318190,368,n5,light
318192,369,n5,light
318194,358,n5,light
318196,356,n5,light
318198,347,n5,light
318200,333,n5,light
318202,326,n5,light
318204,347,n5,light
318206,335,n5,light
318208,327,n5,light
318210,325,n5,light
318212,309,n5,light
318214,304,n5,light
318216,297,n5,light
318218,304,n5,light
318220,301,n5,light
318222,303,n5,light
318224,330,n5,light
318226,325,n5,light
318228,320,n5,light
318230,322,n5,light
318232,349,n5,light
318234,343,n5,light
318236,327,n5,light
318238,320,n5,light
318240,320,n5,light
318242,363,n5,light
318244,361,n5,light
318246,367,n5,light
318248,381,n5,light
318250,365,n5,light
318252,353,n5,light
318254,347,n5,light
318256,362,n5,light
318258,357,n5,light
318260,363,n5,light
318262,383,n5,light
318264,405,n5,light
318266,401,n5,light
318268,393,n5,light
318270,388,n5,light
318272,379,n5,light
318274,380,n5,light
318276,371,n5,light
318278,378,n5,light
318280,370,n5,light
318282,367,n5,light
318284,399,n5,light
318286,420,n5,light
318288,434,n5,light
318290,459,n5,light
318292,464,n5,light
318294,439,n5,light
318296,429,n5,light
318298,421,n5,light
318300,411,n5,light
318302,398,n5,light
318304,384,n5,light
318306,383,n5,light
318308,385,n5,light
318310,374,n5,light
318312,382,n5,light
318314,382,n5,light
318316,367,n5,light
318318,375,n5,light
318320,375,n5,light
318322,372,n5,light
318324,358,n5,light
318326,368,n5,light
318328,362,n5,light
318330,351,n5,light
318332,362,n5,light
318334,368,n5,light
318336,358,n5,light
318338,379,n5,light
318340,372,n5,light
318342,358,n5,light
318344,368,n5,light
318346,400,n5,light
318348,400,n5,light
318350,388,n5,light
318352,369,n5,light
318354,354,n5,light
318356,336,n5,light
318358,329,n5,light
318360,357,n5,light
318362,361,n5,light
318364,376,n5,light
318366,363,n5,light
318368,350,n5,light
318370,336,n5,light
318372,321,n5,light
318374,312,n5,light
318376,300,n5,light
318378,282,n5,light
318380,271,n5,light
318382,269,n5,light
318384,268,n5,light
318386,287,n5,light
318388,298,n5,light
318390,308,n5,light
318392,337,n5,light
318394,349,n5,light
318396,347,n5,light
318398,333,n5,light
318400,336,n5,light
318402,336,n5,light
318404,346,n5,light
318406,342,n5,light
318408,337,n5,light
318410,340,n5,light
318412,352,n5,light
318414,336,n5,light
318416,321,n5,light
318418,305,n5,light
318420,295,n5,light
318422,282,n5,light
318424,272,n5,light
318426,264,n5,light
318428,256,n5,light
318430,272,n5,light
318432,272,n5,light
318434,257,n5,light
318436,243,n5,light
318438,241,n5,light
318440,250,n5,light
318442,272,n5,light
318444,274,n5,light
318446,285,n5,light
318448,272,n5,light
318450,278,n5,light
318452,302,n5,light
318454,308,n5,light
318456,318,n5,light
318458,304,n5,light
318460,298,n5,light
318462,295,n5,light
318464,284,n5,light
318466,275,n5,light
318468,295,n5,light
318470,304,n5,light
318472,304,n5,light
318474,335,n5,light
318476,337,n5,light
318478,325,n5,light
318480,319,n5,light
318482,313,n5,light
318484,330,n5,light
318486,351,n5,light
318488,353,n5,light
318490,368,n5,light
318492,361,n5,light
318494,355,n5,light
318496,366,n5,light
318498,364,n5,light
318500,355,n5,light
318502,353,n5,light
318504,357,n5,light
318506,347,n5,light
318508,346,n5,light
318510,331,n5,light
318512,330,n5,light
318514,323,n5,light
318516,316,n5,light
318518,318,n5,light
318520,309,n5,light
318522,306,n5,light
318524,304,n5,light
318526,301,n5,light
318528,320,n5,light
318530,314,n5,light
318532,304,n5,light
318534,304,n5,light
318536,293,n5,light
318538,289,n5,light
318540,283,n5,light
318542,273,n5,light
318544,262,n5,light
318546,251,n5,light
318548,240,n5,light
318550,272,n5,light
318552,277,n5,light
318554,272,n5,light
318556,308,n5,light
318558,317,n5,light
318560,302,n5,light
318562,303,n5,light
318564,294,n5,light
318566,287,n5,light
318568,286,n5,light
318570,304,n5,light
318572,306,n5,light
318574,306,n5,light
318576,303,n5,light
318578,298,n5,light
318580,386,n5,light
318582,402,n5,light
318584,432,n5,light
318586,427,n5,light
318588,417,n5,light
318590,431,n5,light
318592,418,n5,light
318594,434,n5,light
318596,417,n5,light
318598,401,n5,light
318600,413,n5,light
318602,398,n5,light
318604,411,n5,light
318606,411,n5,light
318608,423,n5,light
318610,423,n5,light
318612,419,n5,light
318614,414,n5,light
318616,417,n5,light
318618,399,n5,light
318620,390,n5,light
318622,382,n5,light
318624,368,n5,light
318626,371,n5,light
318628,368,n5,light
318630,351,n5,light
318632,336,n5,light
318634,319,n5,light
318636,304,n5,light
318638,297,n5,light
318640,279,n5,light
318642,266,n5,light
318644,263,n5,light
318646,259,n5,light
318648,271,n5,light
318650,272,n5,light
318652,262,n5,light
318654,261,n5,light
318656,261,n5,light
318658,297,n5,light
318660,320,n5,light
318662,315,n5,light
318664,325,n5,light
318666,307,n5,light
318668,304,n5,light
318670,293,n5,light
318672,285,n5,light
318674,303,n5,light
318676,299,n5,light
318678,285,n5,light
318680,277,n5,light
318682,271,n5,light
318684,266,n5,light
318686,267,n5,light
318688,256,n5,light
318690,259,n5,light
318692,268,n5,light
318694,253,n5,light
318696,241,n5,light
318698,243,n5,light
318700,256,n5,light
318702,268,n5,light
318704,287,n5,light
318706,279,n5,light
318708,282,n5,light
318710,270,n5,light
318712,288,n5,light
318714,320,n5,light
318716,321,n5,light
318718,304,n5,light
318720,302,n5,light
318722,290,n5,light
318724,302,n5,light
318726,321,n5,light
318728,322,n5,light
318730,315,n5,light
318732,304,n5,light
318734,301,n5,light
318736,298,n5,light
318738,287,n5,light
318740,291,n5,light
318742,273,n5,light
318744,263,n5,light
318746,256,n5,light
318748,245,n5,light
318750,236,n5,light
318752,256,n5,light
318754,254,n5,light
318756,243,n5,light
318758,242,n5,light
318760,267,n5,light
318762,257,n5,light
318764,254,n5,light
318766,267,n5,light
318768,263,n5,light
318770,255,n5,light
318772,255,n5,light
318774,256,n5,light
318776,245,n5,light
318778,241,n5,light
318780,245,n5,light
318782,254,n5,light
318784,261,n5,light
318786,263,n5,light
318788,257,n5,light
318790,331,n5,light
318792,409,n5,light
318794,478,n5,light
318796,469,n5,light
318798,470,n5,light
318800,455,n5,light
318802,457,n5,light
318804,449,n5,light
318806,432,n5,light
318808,425,n5,light
318810,407,n5,light
318812,422,n5,light
318814,429,n5,light
318816,414,n5,light
318818,395,n5,light
318820,374,n5,light
318822,359,n5,light
318824,366,n5,light
318826,356,n5,light
318828,339,n5,light
318830,332,n5,light
318832,326,n5,light
318834,319,n5,light
318836,345,n5,light
318838,338,n5,light
318840,318,n5,light
318842,322,n5,light
318844,313,n5,light
318846,304,n5,light
318848,293,n5,light
318850,317,n5,light
318852,322,n5,light
318854,309,n5,light
318856,319,n5,light
318858,322,n5,light
318860,363,n5,light
318862,378,n5,light
318864,451,n5,light
318866,453,n5,light
318868,443,n5,light
318870,498,n5,light
318872,571,n5,light
318874,559,n5,light
318876,562,n5,light
318878,546,n5,light
318880,529,n5,light
318882,535,n5,light
318884,530,n5,light
318886,503,n5,light
318888,496,n5,light
318890,470,n5,light
318892,451,n5,light
318894,431,n5,light
318896,417,n5,light
318898,406,n5,light
318900,397,n5,light
318902,400,n5,light
318904,394,n5,light
318906,378,n5,light
318908,369,n5,light
318910,375,n5,light
318912,365,n5,light
318914,351,n5,light
318916,355,n5,light
318918,347,n5,light
318920,336,n5,light
318922,321,n5,light
318924,308,n5,light
318926,318,n5,light
318928,356,n5,light
318930,380,n5,light
318932,400,n5,light
318934,464,n5,light
318936,502,n5,light
318938,567,n5,light
318940,578,n5,light
318942,565,n5,light
318944,595,n5,light
318946,622,n5,light
318948,624,n5,light
318950,679,n5,light
318952,661,n5,light
318954,633,n5,light
318956,613,n5,light
318958,609,n5,light
318960,618,n5,light
318962,640,n5,light
318964,647,n5,light
318966,650,n5,light
318968,685,n5,light
318970,671,n5,light
318972,646,n5,light
318974,653,n5,light
318976,624,n5,light
318978,592,n5,light
318980,565,n5,light
318982,554,n5,light
318984,528,n5,light
318986,523,n5,light
318988,494,n5,light
318990,478,n5,light
318992,464,n5,light
318994,454,n5,light
318996,465,n5,light
318998,477,n5,light
319000,473,n5,light
319002,463,n5,light
319004,448,n5,light
319006,438,n5,light
319008,443,n5,light
319010,453,n5,light
319012,454,n5,light
319014,438,n5,light
319016,423,n5,light
319018,421,n5,light
319020,401,n5,light
319022,384,n5,light
319024,374,n5,light
319026,374,n5,light
319028,375,n5,light
319030,370,n5,light
319032,384,n5,light
319034,383,n5,light
319036,400,n5,light
319038,391,n5,light
319040,385,n5,light
319042,385,n5,light
319044,368,n5,light
319046,347,n5,light
319048,329,n5,light
319050,325,n5,light
319052,337,n5,light
319054,334,n5,light
319056,318,n5,light
319058,304,n5,light
319060,304,n5,light
319062,305,n5,light
319064,298,n5,light
319066,297,n5,light
319068,304,n5,light
319070,321,n5,light
319072,333,n5,light
319074,362,n5,light
319076,354,n5,light
319078,338,n5,light
319080,326,n5,light
319082,309,n5,light
319084,297,n5,light
319086,299,n5,light
319088,310,n5,light
319090,301,n5,light
319092,304,n5,light
319094,288,n5,light
319096,286,n5,light
319098,277,n5,light
319100,270,n5,light
319102,258,n5,light
319104,258,n5,light
319106,250,n5,light
319108,260,n5,light
319110,259,n5,light
319112,247,n5,light
319114,237,n5,light
319116,241,n5,light
319118,267,n5,light
319120,271,n5,light
319122,256,n5,light
319124,319,n5,light
319126,321,n5,light
319128,319,n5,light
319130,325,n5,light
319132,317,n5,light
319134,307,n5,light
319136,313,n5,light
319138,295,n5,light
319140,289,n5,light
319142,288,n5,light
319144,276,n5,light
319146,271,n5,light
319148,262,n5,light
319150,254,n5,light
319152,272,n5,light
319154,272,n5,light
319156,289,n5,light
319158,283,n5,light
319160,282,n5,light
319162,270,n5,light
319164,268,n5,light
319166,260,n5,light
319168,246,n5,light
319170,249,n5,light
319172,263,n5,light
319174,252,n5,light
319176,272,n5,light
319178,270,n5,light
319180,256,n5,light
319182,247,n5,light
319184,253,n5,light
319186,262,n5,light
319188,269,n5,light
319190,263,n5,light
319192,255,n5,light
319194,245,n5,light
319196,290,n5,light
319198,324,n5,light
319200,322,n5,light
319202,307,n5,light
319204,338,n5,light
319206,359,n5,light
319208,349,n5,light
319210,352,n5,light
319212,331,n5,light
319214,333,n5,light
319216,327,n5,light
319218,322,n5,light
319220,345,n5,light
319222,359,n5,light
319224,368,n5,light
319226,371,n5,light
319228,416,n5,light
319230,413,n5,light
319232,411,n5,light
319234,402,n5,light
319236,400,n5,light
319238,381,n5,light
319240,364,n5,light
319242,347,n5,light
319244,367,n5,light
319246,393,n5,light
319248,420,n5,light
319250,413,n5,light
319252,404,n5,light
319254,388,n5,light
319256,381,n5,light
319258,371,n5,light
319260,358,n5,light
319262,339,n5,light
319264,335,n5,light
319266,335,n5,light
319268,327,n5,light
319270,322,n5,light
319272,318,n5,light
319274,304,n5,light
319276,299,n5,light
319278,298,n5,light
319280,298,n5,light
319282,317,n5,light
319284,304,n5,light
319286,300,n5,light
319288,298,n5,light
319290,289,n5,light
319292,295,n5,light
319294,336,n5,light
319296,350,n5,light
319298,352,n5,light
319300,384,n5,light
319302,470,n5,light
319304,475,n5,light
319306,501,n5,light
319308,511,n5,light
319310,511,n5,light
319312,567,n5,light
319314,562,n5,light
319316,538,n5,light
319318,528,n5,light
319320,523,n5,light
319322,507,n5,light
319324,483,n5,light
319326,470,n5,light
319328,462,n5,light
319330,462,n5,light
319332,491,n5,light
319334,498,n5,light
319336,495,n5,light
319338,525,n5,light
319340,563,n5,light
319342,578,n5,light
319344,567,n5,light
319346,590,n5,light
319348,611,n5,light
319350,591,n5,light
319352,572,n5,light
319354,550,n5,light
319356,547,n5,light
319358,541,n5,light
319360,592,n5,light
319362,598,n5,light
319364,616,n5,light
319366,622,n5,light
319368,651,n5,light
319370,636,n5,light
319372,618,n5,light
319374,593,n5,light
319376,567,n5,light
319378,560,n5,light
319380,600,n5,light
319382,614,n5,light
319384,612,n5,light
319386,615,n5,light
319388,594,n5,light
319390,579,n5,light
319392,566,n5,light
319394,543,n5,light
319396,511,n5,light
319398,486,n5,light
319400,461,n5,light
319402,447,n5,light
319404,420,n5,light
319406,400,n5,light
319408,384,n5,light
319410,384,n5,light
319412,384,n5,light
319414,370,n5,light
319416,351,n5,light
319418,334,n5,light
319420,331,n5,light
319422,328,n5,light
319424,330,n5,light
319426,334,n5,light
319428,321,n5,light
319430,320,n5,light
319432,368,n5,light
319434,356,n5,light
319436,341,n5,light
319438,368,n5,light
319440,414,n5,light
319442,400,n5,light
319444,389,n5,light
319446,372,n5,light
319448,357,n5,light
319450,336,n5,light
319452,319,n5,light
319454,306,n5,light
319456,338,n5,light
319458,350,n5,light
319460,326,n5,light
319462,311,n5,light
319464,313,n5,light
319466,313,n5,light
319468,302,n5,light
319470,292,n5,light
319472,276,n5,light
319474,266,n5,light
319476,248,n5,light
319478,242,n5,light
319480,250,n5,light
319482,255,n5,light
319484,247,n5,light
319486,236,n5,light
319488,235,n5,light
319490,247,n5,light
319492,247,n5,light
319494,254,n5,light
319496,266,n5,light
319498,259,n5,light
319500,247,n5,light
319502,274,n5,light
319504,317,n5,light
319506,321,n5,light
319508,374,n5,light
319510,455,n5,light
319512,493,n5,light
319514,497,n5,light
319516,487,n5,light
319518,464,n5,light
319520,448,n5,light
319522,441,n5,light
319524,422,n5,light
319526,417,n5,light
319528,404,n5,light
319530,400,n5,light
319532,398,n5,light
319534,379,n5,light
319536,359,n5,light
319538,342,n5,light
319540,324,n5,light
319542,310,n5,light
319544,304,n5,light
319546,291,n5,light
319548,294,n5,light
319550,281,n5,light
319552,272,n5,light
319554,259,n5,light
319556,269,n5,light
319558,271,n5,light
319560,260,n5,light
319562,247,n5,light
319564,245,n5,light
319566,235,n5,light
319568,237,n5,light
319570,227,n5,light
319572,220,n5,light
319574,208,n5,light
319576,234,n5,light
319578,240,n5,light
319580,272,n5,light
319582,288,n5,light
319584,290,n5,light
319586,320,n5,light
319588,305,n5,light
319590,289,n5,light
319592,277,n5,light
319594,291,n5,light
319596,341,n5,light
319598,385,n5,light
319600,389,n5,light
319602,394,n5,light
319604,393,n5,light
319606,377,n5,light
319608,381,n5,light
319610,395,n5,light
319612,385,n5,light
319614,380,n5,light
319616,387,n5,light
319618,386,n5,light
319620,373,n5,light
319622,389,n5,light
319624,386,n5,light
319626,369,n5,light
319628,363,n5,light
319630,347,n5,light
319632,335,n5,light
319634,350,n5,light
319636,368,n5,light
319638,363,n5,light
319640,341,n5,light
319642,326,n5,light
319644,340,n5,light
319646,346,n5,light
319648,348,n5,light
319650,335,n5,light
319652,346,n5,light
319654,385,n5,light
319656,389,n5,light
319658,406,n5,light
319660,386,n5,light
319662,388,n5,light
319664,375,n5,light
319666,395,n5,light
319668,388,n5,light
319670,376,n5,light
319672,383,n5,light
319674,374,n5,light
319676,370,n5,light
319678,361,n5,light
319680,366,n5,light
319682,357,n5,light
319684,400,n5,light
319686,394,n5,light
319688,389,n5,light
319690,396,n5,light
319692,437,n5,light
319694,433,n5,light
319696,471,n5,light
319698,464,n5,light
319700,453,n5,light
319702,433,n5,light
319704,430,n5,light
319706,423,n5,light
319708,447,n5,light
319710,492,n5,light
319712,482,n5,light
319714,467,n5,light
319716,464,n5,light
319718,453,n5,light
319720,437,n5,light
319722,474,n5,light
319724,498,n5,light
319726,480,n5,light
319728,487,n5,light
319730,492,n5,light
319732,477,n5,light
319734,457,n5,light
319736,446,n5,light
319738,449,n5,light
319740,453,n5,light
319742,471,n5,light
319744,465,n5,light
319746,483,n5,light
319748,479,n5,light
319750,469,n5,light
319752,461,n5,light
319754,437,n5,light
319756,432,n5,light
319758,425,n5,light
319760,428,n5,light
319762,419,n5,light
319764,401,n5,light
319766,390,n5,light
319768,389,n5,light
319770,378,n5,light
319772,363,n5,light
319774,401,n5,light
319776,427,n5,light
319778,419,n5,light
319780,416,n5,light
319782,407,n5,light
319784,449,n5,light
319786,496,n5,light
319788,491,n5,light
319790,464,n5,light
319792,450,n5,light
319794,436,n5,light
319796,420,n5,light
319798,414,n5,light
319800,423,n5,light
319802,426,n5,light
319804,414,n5,light
319806,413,n5,light
319808,400,n5,light
319810,393,n5,light
319812,381,n5,light
319814,373,n5,light
319816,365,n5,light
319818,366,n5,light
319820,346,n5,light
319822,336,n5,light
319824,326,n5,light
319826,320,n5,light
319828,335,n5,light
319830,330,n5,light
319832,319,n5,light
319834,301,n5,light
319836,295,n5,light
319838,302,n5,light
319840,304,n5,light
319842,303,n5,light
319844,326,n5,light
319846,333,n5,light
319848,318,n5,light
319850,334,n5,light
319852,349,n5,light
319854,353,n5,light
319856,353,n5,light
319858,336,n5,light
319860,322,n5,light
319862,305,n5,light
319864,292,n5,light
319866,282,n5,light
319868,304,n5,light
319870,298,n5,light
319872,311,n5,light
319874,304,n5,light
319876,289,n5,light
319878,291,n5,light
319880,288,n5,light
319882,284,n5,light
319884,290,n5,light
319886,304,n5,light
319888,288,n5,light
319890,272,n5,light
319892,265,n5,light
319894,293,n5,light
319896,306,n5,light
319898,295,n5,light
319900,309,n5,light
319902,335,n5,light
319904,326,n5,light
319906,319,n5,light
319908,304,n5,light
319910,290,n5,light
319912,295,n5,light
319914,299,n5,light
319916,302,n5,light
319918,318,n5,light
319920,320,n5,light
319922,371,n5,light
319924,378,n5,light
319926,365,n5,light
319928,357,n5,light
319930,350,n5,light
319932,334,n5,light
319934,317,n5,light
319936,305,n5,light
319938,310,n5,light
319940,317,n5,light
319942,299,n5,light
319944,284,n5,light
319946,269,n5,light
319948,267,n5,light
319950,258,n5,light
319952,263,n5,light
319954,258,n5,light
319956,278,n5,light
319958,291,n5,light
319960,301,n5,light
319962,309,n5,light
319964,309,n5,light
319966,293,n5,light
319968,278,n5,light
319970,263,n5,light
319972,271,n5,light
319974,298,n5,light
319976,315,n5,light
319978,304,n5,light
319980,303,n5,light
319982,309,n5,light
319984,302,n5,light
319986,290,n5,light
319988,285,n5,light
319990,303,n5,light
319992,315,n5,light
319994,343,n5,light
319996,379,n5,light
319998,401,n5,light
320000,399,n5,light
320002,405,n5,light
320004,400,n5,light
320006,382,n5,light
320008,368,n5,light
320010,375,n5,light
320012,415,n5,light
320014,412,n5,light
320016,414,n5,light
320018,394,n5,light
320020,385,n5,light
320022,415,n5,light
320024,412,n5,light
320026,425,n5,light
320028,464,n5,light
320030,464,n5,light
320032,452,n5,light
320034,451,n5,light
320036,432,n5,light
320038,412,n5,light
320040,400,n5,light
320042,387,n5,light
320044,378,n5,light
320046,384,n5,light
320048,407,n5,light
320050,451,n5,light
320052,449,n5,light
320054,432,n5,light
320056,411,n5,light
320058,416,n5,light
320060,400,n5,light
320062,393,n5,light
320064,372,n5,light
320066,359,n5,light
320068,339,n5,light
320070,330,n5,light
320072,341,n5,light
320074,341,n5,light
320076,330,n5,light
320078,338,n5,light
320080,370,n5,light
320082,429,n5,light
320084,448,n5,light
320086,432,n5,light
320088,465,n5,light
320090,549,n5,light
320092,598,n5,light
320094,581,n5,light
320096,570,n5,light
320098,541,n5,light
320100,511,n5,light
320102,503,n5,light
320104,498,n5,light
320106,491,n5,light
320108,468,n5,light
320110,445,n5,light
320112,438,n5,light
320114,443,n5,light
320116,453,n5,light
320118,435,n5,light
320120,425,n5,light
320122,423,n5,light
320124,408,n5,light
320126,395,n5,light
320128,403,n5,light
320130,416,n5,light
320132,400,n5,light
320134,396,n5,light
320136,383,n5,light
320138,385,n5,light
320140,373,n5,light
320142,387,n5,light
320144,403,n5,light
320146,403,n5,light
320148,421,n5,light
320150,423,n5,light
320152,416,n5,light
320154,401,n5,light
320156,389,n5,light
320158,390,n5,light
320160,396,n5,light
320162,400,n5,light
320164,411,n5,light
320166,422,n5,light
320168,403,n5,light
320170,441,n5,light
320172,511,n5,light
320174,535,n5,light
320176,539,n5,light
320178,543,n5,light
320180,560,n5,light
320182,574,n5,light
320184,555,n5,light
320186,536,n5,light
320188,539,n5,light
320190,523,n5,light
320192,509,n5,light
320194,487,n5,light
320196,464,n5,light
320198,464,n5,light
320200,464,n5,light
320202,447,n5,light
320204,443,n5,light
320206,448,n5,light
320208,446,n5,light
320210,451,n5,light
320212,442,n5,light
320214,429,n5,light
320216,413,n5,light
320218,401,n5,light
320220,400,n5,light
320222,400,n5,light
320224,414,n5,light
320226,432,n5,light
320228,420,n5,light
320230,449,n5,light
320232,451,n5,light
320234,505,n5,light
320236,546,n5,light
320238,528,n5,light
320240,505,n5,light
320242,479,n5,light
320244,479,n5,light
320246,478,n5,light
320248,527,n5,light
320250,524,n5,light
320252,506,n5,light
320254,498,n5,light
320256,499,n5,light
320258,495,n5,light
320260,487,n5,light
320262,477,n5,light
320264,464,n5,light
320266,448,n5,light
320268,434,n5,light
320270,454,n5,light
320272,463,n5,light
320274,442,n5,light
320276,448,n5,light
320278,458,n5,light
320280,441,n5,light
320282,426,n5,light
320284,427,n5,light
320286,436,n5,light
320288,419,n5,light
320290,405,n5,light
320292,398,n5,light
320294,385,n5,light
320296,421,n5,light
320298,427,n5,light
320300,413,n5,light
320302,402,n5,light
320304,405,n5,light
320306,414,n5,light
320308,403,n5,light
320310,395,n5,light
320312,383,n5,light
320314,405,n5,light
320316,422,n5,light
320318,415,n5,light
320320,423,n5,light
320322,438,n5,light
320324,472,n5,light
320326,449,n5,light
320328,432,n5,light
320330,423,n5,light
320332,418,n5,light
320334,403,n5,light
320336,388,n5,light
320338,397,n5,light
320340,390,n5,light
320342,374,n5,light
320344,369,n5,light
320346,383,n5,light
320348,364,n5,light
320350,349,n5,light
320352,351,n5,light
320354,346,n5,light
320356,329,n5,light
320358,318,n5,light
320360,317,n5,light
320362,322,n5,light
320364,306,n5,light
320366,293,n5,light
320368,284,n5,light
320370,272,n5,light
320372,263,n5,light
320374,258,n5,light
320376,247,n5,light
320378,234,n5,light
320380,243,n5,light
320382,241,n5,light
320384,262,n5,light
320386,315,n5,light
320388,353,n5,light
320390,336,n5,light
320392,328,n5,light
320394,348,n5,light
320396,385,n5,light
320398,378,n5,light
320400,368,n5,light
320402,368,n5,light
320404,356,n5,light
320406,346,n5,light
320408,333,n5,light
320410,329,n5,light
320412,337,n5,light
320414,325,n5,light
320416,315,n5,light
320418,304,n5,light
320420,290,n5,light
320422,293,n5,light
320424,292,n5,light
320426,279,n5,light
320428,267,n5,light
320430,254,n5,light
320432,243,n5,light
320434,240,n5,light
320436,229,n5,light
320438,223,n5,light
320440,209,n5,light
320442,210,n5,light
320444,207,n5,light
320446,250,n5,light
320448,263,n5,light
320450,253,n5,light
320452,242,n5,light
320454,242,n5,light
320456,250,n5,light
320458,267,n5,light
320460,258,n5,light
320462,245,n5,light
320464,234,n5,light
320466,233,n5,light
320468,222,n5,light
320470,212,n5,light
320472,221,n5,light
320474,239,n5,light
320476,247,n5,light
320478,269,n5,light
320480,304,n5,light
320482,306,n5,light
320484,318,n5,light
320486,320,n5,light
320488,340,n5,light
320490,347,n5,light
320492,350,n5,light
320494,383,n5,light
320496,379,n5,light
320498,383,n5,light
320500,371,n5,light
320502,354,n5,light
320504,383,n5,light
320506,435,n5,light
320508,454,n5,light
320510,452,n5,light
320512,448,n5,light
320514,434,n5,light
320516,442,n5,light
320518,419,n5,light
320520,422,n5,light
320522,422,n5,light
320524,414,n5,light
320526,421,n5,light
320528,422,n5,light
320530,404,n5,light
320532,410,n5,light
320534,400,n5,light
320536,401,n5,light
320538,393,n5,light
320540,378,n5,light
320542,369,n5,light
320544,354,n5,light
320546,337,n5,light
320548,326,n5,light
320550,324,n5,light
320552,336,n5,light
320554,338,n5,light
320556,349,n5,light
320558,388,n5,light
320560,370,n5,light
320562,368,n5,light
320564,354,n5,light
320566,349,n5,light
320568,367,n5,light
320570,395,n5,light
320572,394,n5,light
320574,385,n5,light
320576,369,n5,light
320578,358,n5,light
320580,352,n5,light
320582,399,n5,light
320584,402,n5,light
320586,459,n5,light
320588,462,n5,light
320590,443,n5,light
320592,426,n5,light
320594,400,n5,light
329608,457,n5,light
329610,448,n5,light
329612,432,n5,light
329614,432,n5,light
329616,416,n5,light
329618,415,n5,light
329620,416,n5,light
329622,402,n5,light
329624,399,n5,light
329626,400,n5,light
329628,384,n5,light
329630,378,n5,light
329632,385,n5,light
329634,396,n5,light
329636,402,n5,light
329638,385,n5,light
329640,381,n5,light
329642,368,n5,light
329644,368,n5,light
329646,368,n5,light
329648,445,n5,light
329650,481,n5,light
329652,492,n5,light
329654,570,n5,light
329656,571,n5,light
329658,560,n5,light
329660,554,n5,light
329662,563,n5,light
329664,558,n5,light
329666,533,n5,light
329668,508,n5,light
329670,502,n5,light
329672,496,n5,light
329674,496,n5,light
329676,501,n5,light
329678,495,n5,light
329680,474,n5,light
329682,480,n5,light
329684,511,n5,light
329686,525,n5,light
329688,587,n5,light
329690,622,n5,light
329692,613,n5,light
329694,592,n5,light
329696,572,n5,light
329698,547,n5,light
329700,526,n5,light
329702,496,n5,light
329704,496,n5,light
329706,490,n5,light
329708,464,n5,light
329710,454,n5,light
329712,460,n5,light
329714,463,n5,light
329716,496,n5,light
329718,526,n5,light
329720,561,n5,light
329722,569,n5,light
329724,591,n5,light
329726,606,n5,light
329728,656,n5,light
329730,634,n5,light
329732,671,n5,light
329734,692,n5,light
329736,675,n5,light
329738,647,n5,light
329740,677,n5,light
329742,688,n5,light
329744,686,n5,light
329746,660,n5,light
329748,654,n5,light
329750,628,n5,light
329752,608,n5,light
329754,594,n5,light
329756,615,n5,light
329758,608,n5,light
329760,578,n5,light
329762,559,n5,light
329764,559,n5,light
329766,564,n5,light
329768,558,n5,light
329770,547,n5,light
329772,560,n5,light
329774,558,n5,light
329776,546,n5,light
329778,511,n5,light
329780,542,n5,light
329782,544,n5,light
329784,511,n5,light
329786,508,n5,light
329788,528,n5,light
329790,561,n5,light
329792,551,n5,light
329794,539,n5,light
329796,540,n5,light
329798,576,n5,light
329800,638,n5,light
329802,719,n5,light
329804,740,n5,light
329806,786,n5,light
329808,830,n5,light
329810,822,n5,light
329812,786,n5,light
329814,785,n5,light
329816,767,n5,light
329818,745,n5,light
329820,713,n5,light
329822,702,n5,light
329824,672,n5,light
329826,640,n5,light
329828,638,n5,light
329830,631,n5,light
329832,627,n5,light
329834,612,n5,light
329836,594,n5,light
329838,577,n5,light
329840,554,n5,light
329842,528,n5,light
329844,496,n5,light
329846,480,n5,light
329848,478,n5,light
329850,464,n5,light
329852,464,n5,light
329854,451,n5,light
329856,445,n5,light
329858,432,n5,light
329860,422,n5,light
329862,423,n5,light
329864,432,n5,light
329866,475,n5,light
329868,503,n5,light
329870,546,n5,light
329872,539,n5,light
329874,511,n5,light
329876,528,n5,light
329878,590,n5,light
329880,621,n5,light
329882,639,n5,light
329884,693,n5,light
329886,702,n5,light
329888,778,n5,light
329890,795,n5,light
329892,767,n5,light
329894,753,n5,light
329896,726,n5,light
329898,720,n5,light
329900,703,n5,light
329902,672,n5,light
329904,651,n5,light
329906,623,n5,light
329908,602,n5,light
329910,603,n5,light
329912,605,n5,light
329914,624,n5,light
329916,608,n5,light
329918,624,n5,light
329920,597,n5,light
329922,576,n5,light
329924,597,n5,light
329926,593,n5,light
329928,609,n5,light
329930,583,n5,light
329932,569,n5,light
329934,569,n5,light
329936,566,n5,light
329938,624,n5,light
329940,624,n5,light
329942,601,n5,light
329944,573,n5,light
329946,564,n5,light
329948,554,n5,light
329950,533,n5,light
329952,507,n5,light
329954,545,n5,light
329956,540,n5,light
329958,571,n5,light
329960,563,n5,light
329962,590,n5,light
329964,576,n5,light
329966,560,n5,light
329968,565,n5,light
329970,560,n5,light
329972,557,n5,light
329974,553,n5,light
329976,546,n5,light
329978,547,n5,light
329980,531,n5,light
329982,508,n5,light
329984,491,n5,light
329986,483,n5,light
329988,464,n5,light
329990,448,n5,light
329992,468,n5,light
329994,464,n5,light
329996,446,n5,light
329998,455,n5,light
330000,437,n5,light
330002,419,n5,light
330004,421,n5,light
330006,407,n5,light
330008,400,n5,light
330010,389,n5,light
330012,388,n5,light
330014,381,n5,light
330016,367,n5,light
330018,366,n5,light
330020,355,n5,light
330022,341,n5,light
330024,339,n5,light
330026,351,n5,light
330028,356,n5,light
330030,363,n5,light
330032,352,n5,light
330034,339,n5,light
330036,338,n5,light
330038,326,n5,light
330040,318,n5,light
330042,368,n5,light
330044,375,n5,light
330046,361,n5,light
330048,343,n5,light
330050,352,n5,light
330052,411,n5,light
330054,432,n5,light
330056,509,n5,light
330058,525,n5,light
330060,549,n5,light
330062,556,n5,light
330064,553,n5,light
330066,530,n5,light
330068,528,n5,light
330070,503,n5,light
330072,502,n5,light
330074,483,n5,light
330076,470,n5,light
330078,451,n5,light
330080,435,n5,light
330082,425,n5,light
330084,419,n5,light
330086,400,n5,light
330088,395,n5,light
330090,393,n5,light
330092,410,n5,light
330094,436,n5,light
330096,426,n5,light
330098,424,n5,light
330100,423,n5,light
330102,405,n5,light
330104,414,n5,light
330106,398,n5,light
330108,404,n5,light
330110,423,n5,light
330112,406,n5,light
330114,432,n5,light
330116,448,n5,light
330118,434,n5,light
330120,435,n5,light
330122,464,n5,light
330124,497,n5,light
330126,488,n5,light
330128,482,n5,light
330130,464,n5,light
330132,438,n5,light
330134,417,n5,light
330136,405,n5,light
330138,399,n5,light
330140,397,n5,light
330142,400,n5,light
330144,386,n5,light
330146,375,n5,light
330148,397,n5,light
330150,401,n5,light
330152,422,n5,light
330154,415,n5,light
330156,407,n5,light
330158,392,n5,light
330160,386,n5,light
330162,375,n5,light
330164,369,n5,light
330166,368,n5,light
330168,365,n5,light
330170,373,n5,light
330172,368,n5,light
330174,371,n5,light
330176,371,n5,light
330178,356,n5,light
330180,354,n5,light
330182,347,n5,light
330184,336,n5,light
330186,321,n5,light
330188,354,n5,light
330190,358,n5,light
330192,348,n5,light
330194,352,n5,light
330196,367,n5,light
330198,363,n5,light
330200,362,n5,light
330202,387,n5,light
330204,385,n5,light
330206,386,n5,light
330208,419,n5,light
330210,409,n5,light
330212,396,n5,light
330214,375,n5,light
330216,366,n5,light
330218,350,n5,light
330220,332,n5,light
330222,341,n5,light
330224,374,n5,light
330226,370,n5,light
330228,385,n5,light
330230,379,n5,light
330232,373,n5,light
330234,358,n5,light
330236,341,n5,light
330238,325,n5,light
330240,313,n5,light
330242,307,n5,light
330244,322,n5,light
330246,330,n5,light
330248,326,n5,light
330250,333,n5,light
330252,323,n5,light
330254,324,n5,light
330256,321,n5,light
330258,313,n5,light
330260,309,n5,light
330262,320,n5,light
330264,334,n5,light
330266,322,n5,light
330268,315,n5,light
330270,313,n5,light
330272,335,n5,light
330274,337,n5,light
330276,334,n5,light
330278,351,n5,light
330280,371,n5,light
330282,384,n5,light
330284,384,n5,light
330286,385,n5,light
330288,375,n5,light
330290,370,n5,light
330292,384,n5,light
330294,400,n5,light
330296,413,n5,light
330298,415,n5,light
330300,454,n5,light
330302,493,n5,light
330304,501,n5,light
330306,500,n5,light
330308,486,n5,light
330310,467,n5,light
330312,461,n5,light
330314,441,n5,light
330316,419,n5,light
330318,402,n5,light
330320,399,n5,light
330322,384,n5,light
330324,366,n5,light
330326,360,n5,light
330328,359,n5,light
330330,385,n5,light
330332,383,n5,light
330334,387,n5,light
330336,389,n5,light
330338,413,n5,light
330340,432,n5,light
330342,448,n5,light
330344,447,n5,light
330346,452,n5,light
330348,448,n5,light
330350,432,n5,light
330352,413,n5,light
330354,400,n5,light
330356,400,n5,light
330358,403,n5,light
330360,386,n5,light
330362,397,n5,light
330364,425,n5,light
330366,412,n5,light
330368,401,n5,light
330370,415,n5,light
330372,411,n5,light
330374,395,n5,light
330376,382,n5,light
330378,365,n5,light
330380,385,n5,light
330382,389,n5,light
330384,383,n5,light
330386,398,n5,light
330388,400,n5,light
330390,445,n5,light
330392,487,n5,light
330394,475,n5,light
330396,499,n5,light
330398,495,n5,light
330400,487,n5,light
330402,481,n5,light
330404,531,n5,light
330406,528,n5,light
330408,530,n5,light
330410,605,n5,light
330412,583,n5,light
330414,571,n5,light
330416,572,n5,light
330418,577,n5,light
330420,571,n5,light
330422,592,n5,light
330424,603,n5,light
330426,592,n5,light
330428,576,n5,light
330430,562,n5,light
330432,542,n5,light
330434,528,n5,light
330436,499,n5,light
330438,496,n5,light
330440,559,n5,light
330442,570,n5,light
330444,560,n5,light
330446,592,n5,light
330448,588,n5,light
330450,573,n5,light
330452,562,n5,light
330454,549,n5,light
330456,543,n5,light
330458,528,n5,light
330460,541,n5,light
330462,539,n5,light
330464,560,n5,light
330466,590,n5,light
330468,592,n5,light
330470,569,n5,light
330472,559,n5,light
330474,583,n5,light
330476,628,n5,light
330478,624,n5,light
330480,599,n5,light
330482,590,n5,light
330484,560,n5,light
330486,540,n5,light
330488,531,n5,light
330490,528,n5,light
330492,511,n5,light
330494,533,n5,light
330496,511,n5,light
330498,490,n5,light
330500,487,n5,light
330502,496,n5,light
330504,483,n5,light
330506,511,n5,light
330508,499,n5,light
330510,480,n5,light
330512,502,n5,light
330514,506,n5,light
330516,507,n5,light
330518,493,n5,light
330520,475,n5,light
330522,457,n5,light
330524,434,n5,light
330526,495,n5,light
330528,505,n5,light
330530,500,n5,light
330532,485,n5,light
330534,476,n5,light
330536,463,n5,light
330538,438,n5,light
330540,425,n5,light
330542,411,n5,light
330544,425,n5,light
330546,464,n5,light
330548,470,n5,light
330550,449,n5,light
330552,455,n5,light
330554,449,n5,light
330556,431,n5,light
330558,420,n5,light
330560,404,n5,light
330562,409,n5,light
330564,417,n5,light
330566,414,n5,light
330568,393,n5,light
330570,381,n5,light
330572,384,n5,light
330574,368,n5,light
330576,347,n5,light
330578,358,n5,light
330580,363,n5,light
330582,343,n5,light
330584,351,n5,light
330586,390,n5,light
330588,375,n5,light
330590,358,n5,light
330592,337,n5,light
330594,323,n5,light
330596,311,n5,light
330598,306,n5,light
330600,307,n5,light
330602,294,n5,light
330604,283,n5,light
330606,272,n5,light
330608,259,n5,light
330610,261,n5,light
330612,272,n5,light
330614,269,n5,light
330616,253,n5,light
330618,258,n5,light
330620,259,n5,light
330622,272,n5,light
330624,262,n5,light
330626,260,n5,light
330628,250,n5,light
330630,286,n5,light
330632,311,n5,light
330634,304,n5,light
330636,321,n5,light
330638,362,n5,light
330640,422,n5,light
330642,431,n5,light
330644,448,n5,light
330646,450,n5,light
330648,431,n5,light
330650,435,n5,light
330652,455,n5,light
330654,443,n5,light
330656,433,n5,light
330658,431,n5,light
330660,420,n5,light
330662,420,n5,light
330664,417,n5,light
330666,400,n5,light
330668,389,n5,light
330670,369,n5,light
330672,354,n5,light
330674,342,n5,light
330676,330,n5,light
330678,313,n5,light
330680,304,n5,light
330682,335,n5,light
330684,394,n5,light
330686,429,n5,light
330688,448,n5,light
330690,481,n5,light
330692,528,n5,light
330694,529,n5,light
330696,497,n5,light
330698,479,n5,light
330700,465,n5,light
330702,470,n5,light
330704,464,n5,light
330706,445,n5,light
330708,422,n5,light
330710,406,n5,light
330712,400,n5,light
330714,401,n5,light
330716,419,n5,light
330718,418,n5,light
330720,409,n5,light
330722,434,n5,light
330724,432,n5,light
330726,422,n5,light
330728,422,n5,light
330730,412,n5,light
330732,404,n5,light
330734,400,n5,light
330736,379,n5,light
330738,382,n5,light
330740,400,n5,light
330742,432,n5,light
330744,421,n5,light
330746,453,n5,light
330748,483,n5,light
330750,477,n5,light
330752,467,n5,light
330754,452,n5,light
330756,458,n5,light
330758,469,n5,light
330760,450,n5,light
330762,452,n5,light
330764,441,n5,light
330766,432,n5,light
330768,427,n5,light
330770,412,n5,light
330772,397,n5,light
330774,379,n5,light
330776,367,n5,light
330778,372,n5,light
330780,384,n5,light
330782,384,n5,light
330784,373,n5,light
330786,381,n5,light
330788,373,n5,light
330790,387,n5,light
330792,398,n5,light
330794,400,n5,light
330796,384,n5,light
330798,382,n5,light
330800,385,n5,light
330802,406,n5,light
330804,400,n5,light
330806,396,n5,light
330808,382,n5,light
330810,394,n5,light
330812,414,n5,light
330814,400,n5,light
330816,388,n5,light
330818,389,n5,light
330820,402,n5,light
330822,405,n5,light
330824,393,n5,light
330826,407,n5,light
330828,425,n5,light
330830,402,n5,light
330832,389,n5,light
330834,398,n5,light
330836,404,n5,light
330838,395,n5,light
330840,387,n5,light
330842,370,n5,light
330844,352,n5,light
330846,336,n5,light
330848,323,n5,light
330850,306,n5,light
330852,300,n5,light
330854,287,n5,light
330856,282,n5,light
330858,273,n5,light
330860,271,n5,light
330862,272,n5,light
330864,267,n5,light
330866,257,n5,light
330868,240,n5,light
330870,227,n5,light
330872,213,n5,light
330874,210,n5,light
330876,226,n5,light
330878,226,n5,light
330880,222,n5,light
330882,232,n5,light
330884,246,n5,light
330886,251,n5,light
330888,241,n5,light
330890,237,n5,light
330892,262,n5,light
330894,281,n5,light
330896,273,n5,light
330898,272,n5,light
330900,282,n5,light
330902,273,n5,light
330904,263,n5,light
330906,247,n5,light
330908,250,n5,light
330910,251,n5,light
330912,242,n5,light
330914,236,n5,light
330916,235,n5,light
330918,222,n5,light
330920,211,n5,light
330922,205,n5,light
330924,208,n5,light
330926,195,n5,light
330928,180,n5,light
330930,173,n5,light
330932,169,n5,light
330934,159,n5,light
330936,179,n5,light
330938,196,n5,light
330940,192,n5,light
330942,205,n5,light
330944,209,n5,light
330946,210,n5,light
330948,210,n5,light
330950,249,n5,light
330952,278,n5,light
330954,272,n5,light
330956,273,n5,light
330958,269,n5,light
330960,279,n5,light
330962,290,n5,light
330964,274,n5,light
330966,317,n5,light
330968,329,n5,light
330970,328,n5,light
330972,308,n5,light
330974,305,n5,light
330976,317,n5,light
330978,311,n5,light
330980,318,n5,light
330982,303,n5,light
330984,287,n5,light
330986,275,n5,light
330988,268,n5,light
330990,254,n5,light
330992,256,n5,light
330994,261,n5,light
330996,272,n5,light
330998,275,n5,light
331000,266,n5,light
331002,279,n5,light
331004,277,n5,light
331006,285,n5,light
331008,300,n5,light
331010,286,n5,light
331012,271,n5,light
331014,259,n5,light
331016,253,n5,light
331018,247,n5,light
331020,254,n5,light
331022,240,n5,light
331024,262,n5,light
331026,268,n5,light
331028,276,n5,light
331030,277,n5,light
331032,286,n5,light
331034,303,n5,light
331036,287,n5,light
331038,274,n5,light
331040,286,n5,light
331042,276,n5,light
331044,262,n5,light
331046,267,n5,light
331048,254,n5,light
331050,269,n5,light
331052,272,n5,light
331054,289,n5,light
331056,326,n5,light
331058,339,n5,light
331060,329,n5,light
331062,325,n5,light
331064,341,n5,light
331066,332,n5,light
331068,317,n5,light
331070,313,n5,light
331072,304,n5,light
331074,291,n5,light
331076,304,n5,light
331078,311,n5,light
331080,315,n5,light
331082,337,n5,light
331084,361,n5,light
331086,337,n5,light
331088,349,n5,light
331090,361,n5,light
331092,353,n5,light
331094,353,n5,light
331096,367,n5,light
331098,399,n5,light
331100,447,n5,light
331102,452,n5,light
331104,471,n5,light
331106,473,n5,light
331108,479,n5,light
331110,469,n5,light
331112,464,n5,light
331114,449,n5,light
331116,427,n5,light
331118,400,n5,light
331120,389,n5,light
331122,400,n5,light
331124,398,n5,light
331126,400,n5,light
331128,391,n5,light
331130,400,n5,light
331132,402,n5,light
331134,387,n5,light
331136,401,n5,light
331138,416,n5,light
331140,400,n5,light
331142,375,n5,light
331144,367,n5,light
331146,364,n5,light
331148,363,n5,light
331150,353,n5,light
331152,343,n5,light
331154,336,n5,light
331156,343,n5,light
331158,323,n5,light
331160,318,n5,light
331162,309,n5,light
331164,298,n5,light
331166,286,n5,light
331168,286,n5,light
331170,295,n5,light
331172,283,n5,light
331174,279,n5,light
331176,278,n5,light
331178,330,n5,light
331180,326,n5,light
331182,320,n5,light
331184,348,n5,light
331186,381,n5,light
331188,369,n5,light
331190,357,n5,light
331192,369,n5,light
331194,405,n5,light
331196,393,n5,light
331198,387,n5,light
331200,369,n5,light
331202,365,n5,light
331204,357,n5,light
331206,368,n5,light
331208,355,n5,light
331210,336,n5,light
331212,319,n5,light
331214,308,n5,light
331216,305,n5,light
331218,299,n5,light
331220,283,n5,light
331222,275,n5,light
331224,267,n5,light
331226,254,n5,light
331228,240,n5,light
331230,229,n5,light
331232,226,n5,light
331234,231,n5,light
331236,231,n5,light
331238,222,n5,light
331240,219,n5,light
331242,219,n5,light
331244,223,n5,light
331246,209,n5,light
331248,197,n5,light
331250,192,n5,light
331252,194,n5,light
331254,189,n5,light
331256,193,n5,light
331258,209,n5,light
331260,199,n5,light
331262,189,n5,light
331264,192,n5,light
331266,187,n5,light
331268,179,n5,light
331270,228,n5,light
331272,253,n5,light
331274,243,n5,light
331276,234,n5,light
331278,227,n5,light
331280,213,n5,light
331282,205,n5,light
331284,199,n5,light
331286,199,n5,light
331288,201,n5,light
331290,217,n5,light
331292,224,n5,light
331294,222,n5,light
331296,227,n5,light
331298,240,n5,light
331300,238,n5,light
331302,224,n5,light
331304,215,n5,light
331306,207,n5,light
331308,199,n5,light
331310,190,n5,light
331312,196,n5,light
331314,187,n5,light
331316,187,n5,light
331318,186,n5,light
331320,208,n5,light
331322,213,n5,light
331324,211,n5,light
331326,199,n5,light
331328,201,n5,light
331330,191,n5,light
331332,191,n5,light
331334,202,n5,light
331336,208,n5,light
331338,198,n5,light
331340,189,n5,light
331342,186,n5,light
331344,178,n5,light
331346,185,n5,light
331348,241,n5,light
331350,248,n5,light
331352,245,n5,light
331354,240,n5,light
331356,242,n5,light
331358,233,n5,light
331360,224,n5,light
331362,218,n5,light
331364,221,n5,light
331366,227,n5,light
331368,214,n5,light
331370,208,n5,light
331372,202,n5,light
331374,208,n5,light
331376,239,n5,light
331378,266,n5,light
331380,261,n5,light
331382,285,n5,light
331384,304,n5,light
331386,318,n5,light
331388,310,n5,light
331390,305,n5,light
331392,296,n5,light
331394,278,n5,light
331396,266,n5,light
331398,264,n5,light
331400,272,n5,light
331402,281,n5,light
331404,280,n5,light
331406,273,n5,light
331408,267,n5,light
331410,254,n5,light
331412,250,n5,light
331414,240,n5,light
331416,227,n5,light
331418,225,n5,light
331420,223,n5,light
331422,218,n5,light
331424,208,n5,light
331426,199,n5,light
331428,187,n5,light
331430,187,n5,light
331432,178,n5,light
331434,209,n5,light
331436,210,n5,light
331438,205,n5,light
331440,194,n5,light
331442,195,n5,light
331444,189,n5,light
331446,186,n5,light
331448,178,n5,light
331450,182,n5,light
331452,175,n5,light
331454,161,n5,light
331456,156,n5,light
331458,153,n5,light
331460,144,n5,light
331462,138,n5,light
331464,131,n5,light
331466,128,n5,light
331468,126,n5,light
331470,128,n5,light
331472,126,n5,light
331474,117,n5,light
331476,112,n5,light
331478,130,n5,light
331480,128,n5,light
331482,128,n5,light
331484,176,n5,light
331486,208,n5,light
331488,238,n5,light
331490,231,n5,light
331492,272,n5,light
331494,311,n5,light
331496,302,n5,light
331498,289,n5,light
331500,302,n5,light
331502,303,n5,light
331504,290,n5,light
331506,279,n5,light
331508,268,n5,light
331510,254,n5,light
331512,253,n5,light
331514,272,n5,light
331516,256,n5,light
331518,249,n5,light
331520,261,n5,light
331522,256,n5,light
331524,247,n5,light
331526,254,n5,light
331528,242,n5,light
331530,237,n5,light
331532,257,n5,light
331534,288,n5,light
331536,278,n5,light
331538,277,n5,light
331540,282,n5,light
331542,277,n5,light
331544,272,n5,light
331546,267,n5,light
331548,272,n5,light
331550,272,n5,light
331552,290,n5,light
331554,320,n5,light
331556,305,n5,light
331558,306,n5,light
331560,304,n5,light
331562,295,n5,light
331564,287,n5,light
331566,272,n5,light
331568,273,n5,light
331570,279,n5,light
331572,279,n5,light
331574,268,n5,light
331576,256,n5,light
331578,240,n5,light
331580,230,n5,light
331582,237,n5,light
331584,272,n5,light
331586,275,n5,light
331588,263,n5,light
331590,272,n5,light
331592,287,n5,light
331594,282,n5,light
331596,299,n5,light
331598,304,n5,light
331600,299,n5,light
331602,311,n5,light
331604,320,n5,light
331606,319,n5,light
331608,311,n5,light
331610,319,n5,light
331612,320,n5,light
331614,351,n5,light
331616,381,n5,light
331618,405,n5,light
331620,401,n5,light
331622,439,n5,light
331624,498,n5,light
331626,511,n5,light
331628,557,n5,light
331630,598,n5,light
331632,599,n5,light
331634,576,n5,light
331636,576,n5,light
331638,560,n5,light
331640,546,n5,light
331642,547,n5,light
331644,533,n5,light
331646,525,n5,light
331648,496,n5,light
331650,478,n5,light
331652,481,n5,light
331654,472,n5,light
331656,447,n5,light
331658,438,n5,light
331660,448,n5,light
331662,432,n5,light
331664,417,n5,light
331666,398,n5,light
331668,386,n5,light
331670,402,n5,light
331672,400,n5,light
331674,397,n5,light
331676,432,n5,light
331678,453,n5,light
331680,437,n5,light
331682,414,n5,light
331684,398,n5,light
331686,400,n5,light
331688,420,n5,light
331690,446,n5,light
331692,435,n5,light
331694,448,n5,light
331696,442,n5,light
331698,441,n5,light
331700,453,n5,light
331702,481,n5,light
331704,477,n5,light
331706,450,n5,light
331708,447,n5,light
331710,469,n5,light
331712,495,n5,light
331714,499,n5,light
331716,475,n5,light
331718,464,n5,light
331720,452,n5,light
331722,445,n5,light
331724,451,n5,light
331726,480,n5,light
331728,461,n5,light
331730,435,n5,light
331732,424,n5,light
331734,412,n5,light
331736,391,n5,light
331738,385,n5,light
331740,400,n5,light
331742,407,n5,light
331744,400,n5,light
331746,405,n5,light
331748,399,n5,light
331750,410,n5,light
331752,397,n5,light
331754,384,n5,light
331756,368,n5,light
331758,350,n5,light
331760,343,n5,light
331762,335,n5,light
331764,336,n5,light
331766,338,n5,light
331768,336,n5,light
331770,323,n5,light
331772,338,n5,light
331774,332,n5,light
331776,325,n5,light
331778,309,n5,light
331780,300,n5,light
331782,295,n5,light
331784,307,n5,light
331786,293,n5,light
331788,275,n5,light
331790,272,n5,light
331792,265,n5,light
331794,251,n5,light
331796,244,n5,light
331798,239,n5,light
331800,230,n5,light
331802,218,n5,light
331804,215,n5,light
331806,208,n5,light
331808,194,n5,light
331810,192,n5,light
331812,192,n5,light
331814,193,n5,light
331816,191,n5,light
331818,191,n5,light
331820,192,n5,light
331822,208,n5,light
331824,208,n5,light
331826,208,n5,light
331828,210,n5,light
331830,199,n5,light
331832,187,n5,light
331834,181,n5,light
331836,176,n5,light
331838,166,n5,light
331840,169,n5,light
331842,162,n5,light
331844,154,n5,light
331846,164,n5,light
331848,170,n5,light
331850,163,n5,light
331852,157,n5,light
331854,199,n5,light
331856,193,n5,light
331858,192,n5,light
331860,206,n5,light
331862,208,n5,light
331864,239,n5,light
331866,260,n5,light
331868,272,n5,light
331870,304,n5,light
331872,308,n5,light
331874,356,n5,light
331876,390,n5,light
331878,394,n5,light
331880,407,n5,light
331882,447,n5,light
331884,462,n5,light
331886,462,n5,light
331888,467,n5,light
331890,496,n5,light
331892,469,n5,light
331894,448,n5,light
331896,432,n5,light
331898,422,n5,light
331900,413,n5,light
331902,401,n5,light
331904,396,n5,light
331906,395,n5,light
331908,385,n5,light
331910,373,n5,light
331912,383,n5,light
331914,375,n5,light
331916,363,n5,light
331918,339,n5,light
331920,323,n5,light
331922,307,n5,light
331924,301,n5,light
331926,293,n5,light
331928,305,n5,light
331930,349,n5,light
331932,372,n5,light
331934,371,n5,light
331936,431,n5,light
331938,450,n5,light
331940,429,n5,light
331942,433,n5,light
331944,417,n5,light
331946,399,n5,light
331948,399,n5,light
331950,391,n5,light
331952,400,n5,light
331954,401,n5,light
331956,432,n5,light
331958,446,n5,light
331960,432,n5,light
331962,435,n5,light
331964,428,n5,light
331966,415,n5,light
331968,393,n5,light
331970,373,n5,light
331972,353,n5,light
331974,341,n5,light
331976,335,n5,light
331978,326,n5,light
331980,346,n5,light
331982,343,n5,light
331984,331,n5,light
331986,321,n5,light
331988,320,n5,light
331990,318,n5,light
331992,307,n5,light
331994,297,n5,light
331996,275,n5,light
331998,267,n5,light
332000,266,n5,light
332002,261,n5,light
332004,273,n5,light
332006,279,n5,light
332008,272,n5,light
332010,276,n5,light
332012,297,n5,light
332014,295,n5,light
332016,289,n5,light
332018,273,n5,light
332020,257,n5,light
332022,267,n5,light
332024,285,n5,light
332026,293,n5,light
332028,303,n5,light
332030,304,n5,light
332032,309,n5,light
332034,331,n5,light
332036,334,n5,light
332038,328,n5,light
332040,329,n5,light
332042,325,n5,light
332044,334,n5,light
332046,336,n5,light
332048,332,n5,light
332050,320,n5,light
332052,322,n5,light
332054,336,n5,light
332056,322,n5,light
332058,323,n5,light
332060,317,n5,light
332062,307,n5,light
332064,301,n5,light
332066,294,n5,light
332068,291,n5,light
332070,303,n5,light
332072,298,n5,light
332074,285,n5,light
332076,270,n5,light
332078,256,n5,light
332080,240,n5,light
332082,240,n5,light
332084,277,n5,light
332086,326,n5,light
332088,334,n5,light
332090,365,n5,light
332092,363,n5,light
332094,351,n5,light
332096,353,n5,light
332098,377,n5,light
332100,395,n5,light
332102,379,n5,light
332104,365,n5,light
332106,349,n5,light
332108,338,n5,light
332110,337,n5,light
332112,359,n5,light
332114,345,n5,light
332116,339,n5,light
332118,342,n5,light
332120,325,n5,light
332122,316,n5,light
332124,301,n5,light
332126,301,n5,light
332128,311,n5,light
332130,308,n5,light
332132,321,n5,light
332134,322,n5,light
332136,333,n5,light
332138,336,n5,light
332140,321,n5,light
332142,321,n5,light
332144,310,n5,light
332146,301,n5,light
332148,291,n5,light
332150,292,n5,light
332152,280,n5,light
332154,297,n5,light
332156,286,n5,light
332158,298,n5,light
332160,304,n5,light
332162,288,n5,light
332164,281,n5,light
332166,282,n5,light
332168,294,n5,light
332170,305,n5,light
332172,329,n5,light
332174,316,n5,light
332176,304,n5,light
332178,290,n5,light
332180,273,n5,light
332182,258,n5,light
332184,251,n5,light
332186,265,n5,light
332188,266,n5,light
332190,254,n5,light
332192,251,n5,light
332194,247,n5,light
332196,262,n5,light
332198,255,n5,light
332200,256,n5,light
332202,283,n5,light
332204,327,n5,light
332206,321,n5,light
332208,325,n5,light
332210,321,n5,light
332212,309,n5,light
332214,311,n5,light
332216,310,n5,light
332218,293,n5,light
332220,286,n5,light
332222,290,n5,light
332224,290,n5,light
332226,281,n5,light
332228,288,n5,light
332230,275,n5,light
332232,284,n5,light
332234,275,n5,light
332236,268,n5,light
332238,269,n5,light
332240,265,n5,light
332242,247,n5,light
332244,240,n5,light
332246,241,n5,light
332248,246,n5,light
332250,240,n5,light
332252,223,n5,light
332254,223,n5,light
332256,218,n5,light
332258,209,n5,light
332260,208,n5,light
332262,197,n5,light
332264,191,n5,light
332266,189,n5,light
332268,189,n5,light
332270,195,n5,light
332272,197,n5,light
332274,194,n5,light
332276,184,n5,light
332278,176,n5,light
332280,166,n5,light
332282,192,n5,light
332284,203,n5,light
332286,192,n5,light
332288,189,n5,light
332290,198,n5,light
332292,192,n5,light
332294,188,n5,light
332296,181,n5,light
332298,177,n5,light
332300,186,n5,light
332302,177,n5,light
332304,176,n5,light
332306,183,n5,light
332308,181,n5,light
332310,177,n5,light
332312,176,n5,light
332314,169,n5,light
332316,170,n5,light
332318,180,n5,light
332320,189,n5,light
332322,188,n5,light
332324,190,n5,light
332326,229,n5,light
332328,244,n5,light
332330,251,n5,light
332332,240,n5,light
332334,241,n5,light
332336,235,n5,light
332338,223,n5,light
332340,210,n5,light
332342,208,n5,light
332344,208,n5,light
332346,202,n5,light
332348,203,n5,light
332350,198,n5,light
332352,201,n5,light
332354,192,n5,light
332356,206,n5,light
332358,198,n5,light
332360,231,n5,light
332362,229,n5,light
332364,219,n5,light
332366,243,n5,light
332368,274,n5,light
332370,272,n5,light
332372,257,n5,light
332374,257,n5,light
332376,243,n5,light
332378,237,n5,light
332380,242,n5,light
332382,239,n5,light
332384,227,n5,light
332386,223,n5,light
332388,213,n5,light
332390,218,n5,light
332392,209,n5,light
332394,203,n5,light
332396,192,n5,light
332398,181,n5,light
332400,187,n5,light
332402,179,n5,light
332404,181,n5,light
332406,192,n5,light
332408,198,n5,light
332410,189,n5,light
332412,179,n5,light
332414,175,n5,light
332416,182,n5,light
332418,186,n5,light
332420,192,n5,light
332422,207,n5,light
332424,200,n5,light
332426,192,n5,light
332428,191,n5,light
332430,188,n5,light
332432,199,n5,light
332434,210,n5,light
332436,211,n5,light
332438,214,n5,light
332440,222,n5,light
332442,241,n5,light
332444,266,n5,light
332446,255,n5,light
332448,243,n5,light
332450,261,n5,light
332452,272,n5,light
332454,292,n5,light
332456,304,n5,light
332458,292,n5,light
332460,354,n5,light
332462,416,n5,light
332464,407,n5,light
332466,410,n5,light
332468,400,n5,light
332470,398,n5,light
332472,396,n5,light
332474,376,n5,light
332476,355,n5,light
332478,363,n5,light
332480,382,n5,light
332482,401,n5,light
332484,388,n5,light
332486,374,n5,light
332488,357,n5,light
332490,351,n5,light
332492,339,n5,light
332494,327,n5,light
332496,336,n5,light
332498,329,n5,light
332500,318,n5,light
332502,307,n5,light
332504,292,n5,light
332506,320,n5,light
332508,342,n5,light
332510,362,n5,light
332512,406,n5,light
332514,405,n5,light
332516,401,n5,light
332518,384,n5,light
332520,362,n5,light
332522,357,n5,light
332524,373,n5,light
332526,396,n5,light
332528,395,n5,light
332530,381,n5,light
332532,365,n5,light
332534,371,n5,light
332536,390,n5,light
332538,418,n5,light
332540,432,n5,light
332542,411,n5,light
332544,393,n5,light
332546,384,n5,light
332548,379,n5,light
332550,368,n5,light
332552,359,n5,light
332554,346,n5,light
332556,330,n5,light
332558,320,n5,light
332560,305,n5,light
332562,304,n5,light
332564,290,n5,light
332566,275,n5,light
332568,268,n5,light
332570,253,n5,light
332572,240,n5,light
332574,237,n5,light
332576,223,n5,light
332578,224,n5,light
332580,240,n5,light
332582,246,n5,light
332584,234,n5,light
332586,221,n5,light
332588,208,n5,light
332590,208,n5,light
332592,205,n5,light
332594,198,n5,light
332596,208,n5,light
332598,205,n5,light
332600,208,n5,light
332602,249,n5,light
332604,262,n5,light
332606,257,n5,light
332608,272,n5,light
332610,278,n5,light
332612,279,n5,light
332614,285,n5,light
341640,279,n5,light
341642,272,n5,light
341644,266,n5,light
341646,257,n5,light
341648,242,n5,light
341650,253,n5,light
341652,251,n5,light
341654,240,n5,light
341656,228,n5,light
341658,219,n5,light
341660,240,n5,light
341662,246,n5,light
341664,254,n5,light
341666,241,n5,light
341668,236,n5,light
341670,255,n5,light
341672,250,n5,light
341674,240,n5,light
341676,237,n5,light
341678,232,n5,light
341680,238,n5,light
341682,226,n5,light
341684,219,n5,light
341686,203,n5,light
341688,219,n5,light
341690,243,n5,light
341692,237,n5,light
341694,228,n5,light
341696,305,n5,light
341698,322,n5,light
341700,306,n5,light
341702,301,n5,light
341704,283,n5,light
341706,271,n5,light
341708,262,n5,light
341710,266,n5,light
341712,282,n5,light
341714,272,n5,light
341716,300,n5,light
341718,315,n5,light
341720,304,n5,light
341722,303,n5,light
341724,304,n5,light
341726,318,n5,light
341728,311,n5,light
341730,319,n5,light
341732,307,n5,light
341734,297,n5,light
341736,286,n5,light
341738,272,n5,light
341740,256,n5,light
341742,254,n5,light
341744,240,n5,light
341746,251,n5,light
341748,259,n5,light
341750,251,n5,light
341752,246,n5,light
341754,234,n5,light
341756,219,n5,light
341758,208,n5,light
341760,203,n5,light
341762,193,n5,light
341764,236,n5,light
341766,224,n5,light
341768,240,n5,light
341770,240,n5,light
341772,240,n5,light
341774,227,n5,light
341776,229,n5,light
341778,226,n5,light
341780,224,n5,light
341782,220,n5,light
341784,212,n5,light
341786,205,n5,light
341788,192,n5,light
341790,186,n5,light
341792,176,n5,light
341794,165,n5,light
341796,155,n5,light
341798,157,n5,light
341800,149,n5,light
341802,141,n5,light
341804,135,n5,light
341806,128,n5,light
341808,135,n5,light
341810,140,n5,light
341812,141,n5,light
341814,134,n5,light
341816,128,n5,light
341818,126,n5,light
341820,139,n5,light
341822,166,n5,light
341824,165,n5,light
341826,164,n5,light
341828,171,n5,light
341830,179,n5,light
341832,191,n5,light
341834,196,n5,light
341836,210,n5,light
341838,227,n5,light
341840,224,n5,light
341842,210,n5,light
341844,203,n5,light
341846,206,n5,light
341848,224,n5,light
341850,224,n5,light
341852,251,n5,light
341854,279,n5,light
341856,340,n5,light
341858,358,n5,light
341860,372,n5,light
341862,371,n5,light
341864,384,n5,light
341866,384,n5,light
341868,368,n5,light
341870,370,n5,light
341872,369,n5,light
341874,368,n5,light
341876,378,n5,light
341878,382,n5,light
341880,368,n5,light
341882,355,n5,light
341884,338,n5,light
341886,337,n5,light
341888,336,n5,light
341890,320,n5,light
341892,318,n5,light
341894,319,n5,light
341896,309,n5,light
341898,317,n5,light
341900,315,n5,light
341902,320,n5,light
341904,309,n5,light
341906,297,n5,light
341908,316,n5,light
341910,308,n5,light
341912,314,n5,light
341914,314,n5,light
341916,316,n5,light
341918,309,n5,light
341920,297,n5,light
341922,293,n5,light
341924,315,n5,light
341926,313,n5,light
341928,355,n5,light
341930,346,n5,light
341932,331,n5,light
341934,329,n5,light
341936,331,n5,light
341938,320,n5,light
341940,320,n5,light
341942,329,n5,light
341944,317,n5,light
341946,306,n5,light
341948,309,n5,light
341950,298,n5,light
341952,285,n5,light
341954,274,n5,light
341956,266,n5,light
341958,289,n5,light
341960,286,n5,light
341962,285,n5,light
341964,304,n5,light
341966,300,n5,light
341968,302,n5,light
341970,289,n5,light
341972,279,n5,light
341974,265,n5,light
341976,270,n5,light
341978,275,n5,light
341980,265,n5,light
341982,270,n5,light
341984,263,n5,light
341986,247,n5,light
341988,240,n5,light
341990,243,n5,light
341992,238,n5,light
341994,223,n5,light
341996,219,n5,light
341998,229,n5,light
342000,222,n5,light
342002,222,n5,light
342004,211,n5,light
342006,204,n5,light
342008,214,n5,light
342010,208,n5,light
342012,198,n5,light
342014,214,n5,light
342016,208,n5,light
342018,212,n5,light
342020,241,n5,light
342022,238,n5,light
342024,226,n5,light
342026,213,n5,light
342028,205,n5,light
342030,192,n5,light
342032,189,n5,light
342034,208,n5,light
342036,209,n5,light
342038,207,n5,light
342040,208,n5,light
342042,220,n5,light
342044,255,n5,light
342046,251,n5,light
342048,267,n5,light
342050,263,n5,light
342052,256,n5,light
342054,259,n5,light
342056,256,n5,light
342058,272,n5,light
342060,267,n5,light
342062,263,n5,light
342064,271,n5,light
342066,255,n5,light
342068,247,n5,light
342070,250,n5,light
342072,235,n5,light
342074,225,n5,light
342076,218,n5,light
342078,209,n5,light
342080,208,n5,light
342082,208,n5,light
342084,206,n5,light
342086,239,n5,light
342088,240,n5,light
342090,228,n5,light
342092,219,n5,light
342094,233,n5,light
342096,239,n5,light
342098,233,n5,light
342100,219,n5,light
342102,208,n5,light
342104,199,n5,light
342106,194,n5,light
342108,191,n5,light
342110,183,n5,light
342112,189,n5,light
342114,227,n5,light
342116,239,n5,light
342118,250,n5,light
342120,291,n5,light
342122,290,n5,light
342124,287,n5,light
342126,283,n5,light
342128,298,n5,light
342130,336,n5,light
342132,333,n5,light
342134,336,n5,light
342136,325,n5,light
342138,323,n5,light
342140,341,n5,light
342142,347,n5,light
342144,339,n5,light
342146,337,n5,light
342148,336,n5,light
342150,344,n5,light
342152,346,n5,light
342154,352,n5,light
342156,343,n5,light
342158,337,n5,light
342160,352,n5,light
342162,368,n5,light
342164,349,n5,light
342166,336,n5,light
342168,335,n5,light
342170,323,n5,light
342172,326,n5,light
342174,336,n5,light
342176,330,n5,light
342178,347,n5,light
342180,368,n5,light
342182,370,n5,light
342184,365,n5,light
342186,341,n5,light
342188,338,n5,light
342190,336,n5,light
342192,338,n5,light
342194,382,n5,light
342196,387,n5,light
342198,368,n5,light
342200,395,n5,light
342202,421,n5,light
342204,428,n5,light
342206,430,n5,light
342208,423,n5,light
342210,400,n5,light
342212,399,n5,light
342214,381,n5,light
342216,403,n5,light
342218,396,n5,light
342220,373,n5,light
342222,366,n5,light
342224,367,n5,light
342226,365,n5,light
342228,361,n5,light
342230,350,n5,light
342232,355,n5,light
342234,342,n5,light
342236,336,n5,light
342238,340,n5,light
342240,334,n5,light
342242,326,n5,light
342244,342,n5,light
342246,358,n5,light
342248,384,n5,light
342250,400,n5,light
342252,396,n5,light
342254,385,n5,light
342256,385,n5,light
342258,417,n5,light
342260,426,n5,light
342262,405,n5,light
342264,390,n5,light
342266,387,n5,light
342268,371,n5,light
342270,368,n5,light
342272,375,n5,light
342274,362,n5,light
342276,350,n5,light
342278,340,n5,light
342280,326,n5,light
342282,326,n5,light
342284,307,n5,light
342286,300,n5,light
342288,302,n5,light
342290,329,n5,light
342292,317,n5,light
342294,305,n5,light
342296,304,n5,light
342298,315,n5,light
342300,335,n5,light
342302,317,n5,light
342304,300,n5,light
342306,295,n5,light
342308,295,n5,light
342310,303,n5,light
342312,304,n5,light
342314,307,n5,light
342316,301,n5,light
342318,299,n5,light
342320,291,n5,light
342322,298,n5,light
342324,322,n5,light
342326,321,n5,light
342328,326,n5,light
342330,330,n5,light
342332,356,n5,light
342334,366,n5,light
342336,349,n5,light
342338,349,n5,light
342340,375,n5,light
342342,362,n5,light
342344,346,n5,light
342346,327,n5,light
342348,332,n5,light
342350,316,n5,light
342352,310,n5,light
342354,311,n5,light
342356,308,n5,light
342358,304,n5,light
342360,298,n5,light
342362,285,n5,light
342364,295,n5,light
342366,306,n5,light
342368,320,n5,light
342370,336,n5,light
342372,391,n5,light
342374,383,n5,light
342376,368,n5,light
342378,368,n5,light
342380,362,n5,light
342382,348,n5,light
342384,347,n5,light
342386,362,n5,light
342388,354,n5,light
342390,354,n5,light
342392,363,n5,light
342394,354,n5,light
342396,368,n5,light
342398,372,n5,light
342400,394,n5,light
342402,410,n5,light
342404,417,n5,light
342406,417,n5,light
342408,416,n5,light
342410,409,n5,light
342412,397,n5,light
342414,414,n5,light
342416,410,n5,light
342418,396,n5,light
342420,371,n5,light
342422,357,n5,light
342424,342,n5,light
342426,355,n5,light
342428,369,n5,light
342430,363,n5,light
342432,390,n5,light
342434,379,n5,light
342436,369,n5,light
342438,357,n5,light
342440,363,n5,light
342442,368,n5,light
342444,363,n5,light
342446,363,n5,light
342448,370,n5,light
342450,407,n5,light
342452,400,n5,light
342454,400,n5,light
342456,397,n5,light
342458,379,n5,light
342460,381,n5,light
342462,375,n5,light
342464,356,n5,light
342466,346,n5,light
342468,353,n5,light
342470,337,n5,light
342472,336,n5,light
342474,374,n5,light
342476,382,n5,light
342478,379,n5,light
342480,397,n5,light
342482,395,n5,light
342484,397,n5,light
342486,415,n5,light
342488,402,n5,light
342490,387,n5,light
342492,373,n5,light
342494,357,n5,light
342496,339,n5,light
342498,325,n5,light
342500,320,n5,light
342502,343,n5,light
342504,337,n5,light
342506,324,n5,light
342508,311,n5,light
342510,304,n5,light
342512,294,n5,light
342514,278,n5,light
342516,268,n5,light
342518,262,n5,light
342520,275,n5,light
342522,267,n5,light
342524,294,n5,light
342526,336,n5,light
342528,324,n5,light
342530,323,n5,light
342532,358,n5,light
342534,363,n5,light
342536,360,n5,light
342538,342,n5,light
342540,327,n5,light
342542,320,n5,light
342544,319,n5,light
342546,309,n5,light
342548,306,n5,light
342550,295,n5,light
342552,301,n5,light
342554,283,n5,light
342556,294,n5,light
342558,325,n5,light
342560,323,n5,light
342562,343,n5,light
342564,385,n5,light
342566,384,n5,light
342568,414,n5,light
342570,410,n5,light
342572,404,n5,light
342574,390,n5,light
342576,393,n5,light
342578,400,n5,light
342580,400,n5,light
342582,397,n5,light
342584,377,n5,light
342586,400,n5,light
342588,410,n5,light
342590,394,n5,light
342592,375,n5,light
342594,382,n5,light
342596,371,n5,light
342598,374,n5,light
342600,378,n5,light
342602,366,n5,light
342604,348,n5,light
342606,336,n5,light
342608,335,n5,light
342610,323,n5,light
342612,356,n5,light
342614,350,n5,light
342616,336,n5,light
342618,331,n5,light
342620,313,n5,light
342622,307,n5,light
342624,334,n5,light
342626,362,n5,light
342628,368,n5,light
342630,360,n5,light
342632,339,n5,light
342634,339,n5,light
342636,327,n5,light
342638,314,n5,light
342640,304,n5,light
342642,325,n5,light
342644,374,n5,light
342646,443,n5,light
342648,466,n5,light
342650,463,n5,light
342652,449,n5,light
342654,429,n5,light
342656,410,n5,light
342658,434,n5,light
342660,443,n5,light
342662,458,n5,light
342664,464,n5,light
342666,455,n5,light
342668,437,n5,light
342670,425,n5,light
342672,407,n5,light
342674,414,n5,light
342676,419,n5,light
342678,421,n5,light
342680,425,n5,light
342682,405,n5,light
342684,397,n5,light
342686,395,n5,light
342688,390,n5,light
342690,392,n5,light
342692,391,n5,light
342694,398,n5,light
342696,386,n5,light
342698,391,n5,light
342700,400,n5,light
342702,393,n5,light
342704,382,n5,light
342706,389,n5,light
342708,371,n5,light
342710,355,n5,light
342712,362,n5,light
342714,358,n5,light
342716,355,n5,light
342718,350,n5,light
342720,335,n5,light
342722,327,n5,light
342724,321,n5,light
342726,320,n5,light
342728,330,n5,light
342730,312,n5,light
342732,304,n5,light
342734,294,n5,light
342736,278,n5,light
342738,334,n5,light
342740,326,n5,light
342742,331,n5,light
342744,385,n5,light
342746,395,n5,light
342748,379,n5,light
342750,370,n5,light
342752,368,n5,light
342754,386,n5,light
342756,379,n5,light
342758,377,n5,light
342760,365,n5,light
342762,347,n5,light
342764,349,n5,light
342766,333,n5,light
342768,313,n5,light
342770,329,n5,light
342772,353,n5,light
342774,346,n5,light
342776,342,n5,light
342778,352,n5,light
342780,353,n5,light
342782,351,n5,light
342784,358,n5,light
342786,365,n5,light
342788,354,n5,light
342790,335,n5,light
342792,320,n5,light
342794,320,n5,light
342796,359,n5,light
342798,369,n5,light
342800,368,n5,light
342802,389,n5,light
342804,381,n5,light
342806,432,n5,light
342808,417,n5,light
342810,414,n5,light
342812,394,n5,light
342814,379,n5,light
342816,368,n5,light
342818,395,n5,light
342820,384,n5,light
342822,373,n5,light
342824,368,n5,light
342826,358,n5,light
342828,367,n5,light
342830,357,n5,light
342832,363,n5,light
342834,354,n5,light
342836,341,n5,light
342838,336,n5,light
342840,346,n5,light
342842,366,n5,light
342844,382,n5,light
342846,371,n5,light
342848,363,n5,light
342850,364,n5,light
342852,368,n5,light
342854,368,n5,light
342856,353,n5,light
342858,335,n5,light
342860,338,n5,light
342862,354,n5,light
342864,342,n5,light
342866,331,n5,light
342868,336,n5,light
342870,336,n5,light
342872,337,n5,light
342874,327,n5,light
342876,328,n5,light
342878,331,n5,light
342880,346,n5,light
342882,337,n5,light
342884,350,n5,light
342886,379,n5,light
342888,389,n5,light
342890,405,n5,light
342892,417,n5,light
342894,409,n5,light
342896,417,n5,light
342898,401,n5,light
342900,443,n5,light
342902,439,n5,light
342904,433,n5,light
342906,421,n5,light
342908,405,n5,light
342910,419,n5,light
342912,424,n5,light
342914,442,n5,light
342916,427,n5,light
342918,412,n5,light
342920,398,n5,light
342922,394,n5,light
342924,378,n5,light
342926,362,n5,light
342928,353,n5,light
342930,361,n5,light
342932,339,n5,light
342934,347,n5,light
342936,387,n5,light
342938,433,n5,light
342940,444,n5,light
342942,555,n5,light
342944,574,n5,light
342946,573,n5,light
342948,558,n5,light
342950,542,n5,light
342952,528,n5,light
342954,507,n5,light
342956,496,n5,light
342958,485,n5,light
342960,481,n5,light
342962,470,n5,light
342964,464,n5,light
342966,438,n5,light
342968,435,n5,light
342970,436,n5,light
342972,416,n5,light
342974,407,n5,light
342976,434,n5,light
342978,423,n5,light
342980,408,n5,light
342982,435,n5,light
342984,430,n5,light
342986,409,n5,light
342988,445,n5,light
342990,484,n5,light
342992,464,n5,light
342994,448,n5,light
342996,426,n5,light
342998,410,n5,light
343000,402,n5,light
343002,398,n5,light
343004,384,n5,light
343006,383,n5,light
343008,411,n5,light
343010,420,n5,light
343012,404,n5,light
343014,389,n5,light
343016,464,n5,light
343018,506,n5,light
343020,486,n5,light
343022,464,n5,light
343024,447,n5,light
343026,432,n5,light
343028,434,n5,light
343030,451,n5,light
343032,445,n5,light
343034,426,n5,light
343036,436,n5,light
343038,450,n5,light
343040,443,n5,light
343042,482,n5,light
343044,511,n5,light
343046,549,n5,light
343048,523,n5,light
343050,494,n5,light
343052,489,n5,light
343054,501,n5,light
343056,534,n5,light
343058,545,n5,light
343060,561,n5,light
343062,573,n5,light
343064,554,n5,light
343066,533,n5,light
343068,542,n5,light
343070,547,n5,light
343072,533,n5,light
343074,510,n5,light
343076,485,n5,light
343078,503,n5,light
343080,529,n5,light
343082,501,n5,light
343084,509,n5,light
343086,511,n5,light
343088,544,n5,light
343090,544,n5,light
343092,581,n5,light
343094,574,n5,light
343096,573,n5,light
343098,574,n5,light
343100,561,n5,light
343102,560,n5,light
343104,535,n5,light
343106,511,n5,light
343108,487,n5,light
343110,471,n5,light
343112,463,n5,light
343114,454,n5,light
343116,433,n5,light
343118,413,n5,light
343120,403,n5,light
343122,407,n5,light
343124,401,n5,light
343126,389,n5,light
343128,393,n5,light
343130,406,n5,light
343132,391,n5,light
343134,378,n5,light
343136,381,n5,light
343138,373,n5,light
343140,369,n5,light
343142,387,n5,light
343144,397,n5,light
343146,420,n5,light
343148,410,n5,light
343150,429,n5,light
343152,413,n5,light
343154,400,n5,light
343156,407,n5,light
343158,397,n5,light
343160,394,n5,light
343162,427,n5,light
343164,413,n5,light
343166,403,n5,light
343168,394,n5,light
343170,384,n5,light
343172,371,n5,light
343174,382,n5,light
343176,410,n5,light
343178,432,n5,light
343180,431,n5,light
343182,417,n5,light
343184,407,n5,light
343186,410,n5,light
343188,406,n5,light
343190,400,n5,light
343192,398,n5,light
343194,438,n5,light
343196,462,n5,light
343198,526,n5,light
343200,538,n5,light
343202,558,n5,light
343204,544,n5,light
343206,528,n5,light
343208,502,n5,light
343210,494,n5,light
343212,471,n5,light
343214,452,n5,light
343216,432,n5,light
343218,418,n5,light
343220,411,n5,light
343222,411,n5,light
343224,399,n5,light
343226,399,n5,light
343228,400,n5,light
343230,384,n5,light
343232,379,n5,light
343234,394,n5,light
343236,391,n5,light
343238,385,n5,light
343240,384,n5,light
343242,369,n5,light
343244,351,n5,light
343246,358,n5,light
343248,355,n5,light
343250,354,n5,light
343252,339,n5,light
343254,378,n5,light
343256,413,n5,light
343258,438,n5,light
343260,478,n5,light
343262,531,n5,light
343264,543,n5,light
343266,511,n5,light
343268,505,n5,light
343270,496,n5,light
343272,492,n5,light
343274,472,n5,light
343276,446,n5,light
343278,432,n5,light
343280,437,n5,light
343282,439,n5,light
343284,427,n5,light
343286,419,n5,light
343288,411,n5,light
343290,389,n5,light
343292,373,n5,light
343294,367,n5,light
343296,366,n5,light
343298,347,n5,light
343300,334,n5,light
343302,331,n5,light
343304,318,n5,light
343306,304,n5,light
343308,292,n5,light
343310,283,n5,light
343312,287,n5,light
343314,295,n5,light
343316,282,n5,light
343318,272,n5,light
343320,255,n5,light
343322,240,n5,light
343324,255,n5,light
343326,277,n5,light
343328,271,n5,light
343330,272,n5,light
343332,281,n5,light
343334,273,n5,light
343336,283,n5,light
343338,273,n5,light
343340,261,n5,light
343342,257,n5,light
343344,261,n5,light
343346,281,n5,light
343348,318,n5,light
343350,339,n5,light
343352,336,n5,light
343354,409,n5,light
343356,449,n5,light
343358,435,n5,light
343360,419,n5,light
343362,391,n5,light
343364,376,n5,light
343366,370,n5,light
343368,394,n5,light
343370,382,n5,light
343372,367,n5,light
343374,350,n5,light
343376,354,n5,light
343378,368,n5,light
343380,406,n5,light
343382,400,n5,light
343384,413,n5,light
343386,431,n5,light
343388,434,n5,light
343390,455,n5,light
343392,442,n5,light
343394,451,n5,light
343396,464,n5,light
343398,458,n5,light
343400,472,n5,light
343402,464,n5,light
343404,459,n5,light
343406,479,n5,light
343408,460,n5,light
343410,445,n5,light
343412,427,n5,light
343414,414,n5,light
343416,405,n5,light
343418,391,n5,light
343420,395,n5,light
343422,394,n5,light
343424,375,n5,light
343426,363,n5,light
343428,350,n5,light
343430,334,n5,light
343432,337,n5,light
343434,320,n5,light
343436,304,n5,light
343438,295,n5,light
343440,279,n5,light
343442,311,n5,light
343444,320,n5,light
343446,311,n5,light
343448,304,n5,light
343450,329,n5,light
343452,311,n5,light
343454,297,n5,light
343456,285,n5,light
343458,289,n5,light
343460,325,n5,light
343462,327,n5,light
343464,351,n5,light
343466,358,n5,light
343468,348,n5,light
343470,331,n5,light
343472,331,n5,light
343474,335,n5,light
343476,336,n5,light
343478,328,n5,light
343480,318,n5,light
343482,305,n5,light
343484,301,n5,light
343486,313,n5,light
343488,318,n5,light
343490,304,n5,light
343492,304,n5,light
343494,318,n5,light
343496,313,n5,light
343498,306,n5,light
343500,298,n5,light
343502,298,n5,light
343504,288,n5,light
343506,294,n5,light
343508,292,n5,light
343510,317,n5,light
343512,304,n5,light
343514,283,n5,light
343516,278,n5,light
343518,269,n5,light
343520,267,n5,light
343522,291,n5,light
343524,299,n5,light
343526,287,n5,light
343528,272,n5,light
343530,258,n5,light
343532,272,n5,light
343534,272,n5,light
343536,260,n5,light
343538,267,n5,light
343540,264,n5,light
343542,286,n5,light
343544,278,n5,light
343546,274,n5,light
343548,288,n5,light
343550,288,n5,light
343552,315,n5,light
343554,314,n5,light
343556,310,n5,light
343558,317,n5,light
343560,319,n5,light
343562,337,n5,light
343564,339,n5,light
343566,336,n5,light
343568,330,n5,light
343570,314,n5,light
343572,301,n5,light
343574,311,n5,light
343576,346,n5,light
343578,347,n5,light
343580,341,n5,light
343582,329,n5,light
343584,323,n5,light
343586,363,n5,light
343588,423,n5,light
343590,418,n5,light
343592,432,n5,light
343594,413,n5,light
343596,411,n5,light
343598,412,n5,light
343600,400,n5,light
343602,388,n5,light
343604,378,n5,light
343606,368,n5,light
343608,359,n5,light
343610,386,n5,light
343612,390,n5,light
343614,397,n5,light
343616,442,n5,light
343618,467,n5,light
343620,493,n5,light
343622,511,n5,light
343624,505,n5,light
343626,486,n5,light
343628,464,n5,light
343630,498,n5,light
343632,501,n5,light
343634,503,n5,light
343636,480,n5,light
343638,480,n5,light
343640,464,n5,light
343642,467,n5,light
343644,474,n5,light
343646,464,n5,light
343648,469,n5,light
343650,449,n5,light
343652,447,n5,light
343654,432,n5,light
343656,426,n5,light
343658,407,n5,light
343660,390,n5,light
343662,389,n5,light
343664,387,n5,light
343666,386,n5,light
343668,368,n5,light
343670,363,n5,light
343672,368,n5,light
343674,355,n5,light
343676,361,n5,light
343678,353,n5,light
343680,343,n5,light
343682,336,n5,light
343684,336,n5,light
343686,336,n5,light
343688,359,n5,light
343690,355,n5,light
343692,352,n5,light
343694,352,n5,light
343696,352,n5,light
343698,383,n5,light
343700,393,n5,light
343702,400,n5,light
343704,391,n5,light
343706,380,n5,light
343708,384,n5,light
343710,400,n5,light
343712,387,n5,light
343714,375,n5,light
343716,368,n5,light
343718,359,n5,light
343720,341,n5,light
343722,326,n5,light
343724,314,n5,light
343726,304,n5,light
343728,295,n5,light
343730,291,n5,light
343732,299,n5,light
343734,314,n5,light
343736,320,n5,light
343738,313,n5,light
343740,304,n5,light
343742,310,n5,light
343744,314,n5,light
343746,310,n5,light
343748,307,n5,light
343750,311,n5,light
343752,306,n5,light
343754,322,n5,light
343756,320,n5,light
343758,320,n5,light
343760,322,n5,light
343762,336,n5,light
343764,347,n5,light
343766,366,n5,light
343768,394,n5,light
343770,401,n5,light
343772,408,n5,light
343774,403,n5,light
343776,389,n5,light
343778,374,n5,light
343780,357,n5,light
343782,347,n5,light
343784,334,n5,light
343786,320,n5,light
343788,318,n5,light
343790,306,n5,light
343792,297,n5,light
343794,301,n5,light
343796,303,n5,light
343798,319,n5,light
343800,311,n5,light
343802,304,n5,light
343804,315,n5,light
343806,329,n5,light
343808,336,n5,light
343810,355,n5,light
343812,340,n5,light
343814,364,n5,light
343816,374,n5,light
343818,368,n5,light
343820,350,n5,light
343822,364,n5,light
343824,362,n5,light
343826,362,n5,light
343828,340,n5,light
343830,329,n5,light
343832,320,n5,light
343834,316,n5,light
343836,352,n5,light
343838,363,n5,light
343840,425,n5,light
343842,420,n5,light
343844,419,n5,light
343846,408,n5,light
343848,410,n5,light
343850,423,n5,light
343852,429,n5,light
343854,429,n5,light
343856,418,n5,light
343858,409,n5,light
343860,399,n5,light
343862,379,n5,light
343864,374,n5,light
343866,384,n5,light
343868,367,n5,light
343870,388,n5,light
343872,375,n5,light
343874,400,n5,light
343876,455,n5,light
343878,475,n5,light
343880,460,n5,light
343882,463,n5,light
343884,464,n5,light
343886,475,n5,light
343888,459,n5,light
343890,436,n5,light
343892,423,n5,light
343894,409,n5,light
343896,389,n5,light
343898,383,n5,light
343900,381,n5,light
343902,375,n5,light
343904,368,n5,light
343906,348,n5,light
343908,347,n5,light
343910,329,n5,light
343912,330,n5,light
343914,329,n5,light
343916,340,n5,light
343918,334,n5,light
343920,340,n5,light
343922,378,n5,light
343924,407,n5,light
343926,423,n5,light
343928,410,n5,light
343930,390,n5,light
343932,389,n5,light
343934,378,n5,light
343936,365,n5,light
343938,368,n5,light
343940,358,n5,light
343942,341,n5,light
343944,325,n5,light
343946,317,n5,light
343948,304,n5,light
343950,288,n5,light
343952,281,n5,light
343954,270,n5,light
343956,260,n5,light
343958,256,n5,light
343960,273,n5,light
343962,272,n5,light
343964,283,n5,light
343966,317,n5,light
343968,314,n5,light
343970,300,n5,light
343972,341,n5,light
343974,354,n5,light
343976,352,n5,light
343978,361,n5,light
343980,394,n5,light
343982,379,n5,light
343984,378,n5,light
343986,358,n5,light
343988,359,n5,light
343990,359,n5,light
343992,371,n5,light
343994,364,n5,light
343996,354,n5,light
343998,363,n5,light
344000,346,n5,light
344002,349,n5,light
344004,375,n5,light
344006,382,n5,light
344008,368,n5,light
344010,404,n5,light
344012,447,n5,light
344014,425,n5,light
344016,425,n5,light
344018,418,n5,light
344020,407,n5,light
344022,400,n5,light
344024,397,n5,light
344026,383,n5,light
344028,397,n5,light
344030,420,n5,light
344032,413,n5,light
344034,400,n5,light
344036,416,n5,light
344038,413,n5,light
344040,417,n5,light
344042,432,n5,light
344044,429,n5,light
344046,415,n5,light
344048,398,n5,light
344050,386,n5,light
344052,374,n5,light
344054,355,n5,light
344056,358,n5,light
344058,337,n5,light
344060,332,n5,light
344062,320,n5,light
344064,324,n5,light
344066,323,n5,light
344068,320,n5,light
344070,331,n5,light
344072,336,n5,light
344074,346,n5,light
344076,327,n5,light
344078,336,n5,light
344080,336,n5,light
344082,351,n5,light
344084,338,n5,light
344086,325,n5,light
344088,325,n5,light
344090,326,n5,light
344092,309,n5,light
344094,293,n5,light
344096,283,n5,light
344098,277,n5,light
344100,281,n5,light
344102,272,n5,light
344104,272,n5,light
344106,265,n5,light
344108,256,n5,light
344110,261,n5,light
344112,251,n5,light
344114,241,n5,light
344116,238,n5,light
344118,247,n5,light
344120,240,n5,light
344122,247,n5,light
344124,298,n5,light
344126,292,n5,light
344128,277,n5,light
344130,267,n5,light
344132,265,n5,light
344134,261,n5,light
344136,269,n5,light
344138,276,n5,light
344140,272,n5,light
344142,287,n5,light
344144,299,n5,light
344146,304,n5,light
344148,384,n5,light
344150,420,n5,light
344152,413,n5,light
344154,419,n5,light
344156,406,n5,light
344158,403,n5,light
344160,390,n5,light
344162,371,n5,light
344164,355,n5,light
344166,342,n5,light
344168,339,n5,light
344170,327,n5,light
344172,349,n5,light
344174,356,n5,light
344176,368,n5,light
344178,368,n5,light
344180,368,n5,light
344182,359,n5,light
344184,358,n5,light
344186,339,n5,light
344188,338,n5,light
344190,359,n5,light
344192,354,n5,light
344194,339,n5,light
344196,333,n5,light
344198,327,n5,light
344200,317,n5,light
344202,304,n5,light
344204,306,n5,light
344206,304,n5,light
344208,284,n5,light
344210,272,n5,light
344212,257,n5,light
344214,285,n5,light
344216,279,n5,light
344218,288,n5,light
344220,291,n5,light
344222,289,n5,light
344224,335,n5,light
344226,352,n5,light
344228,336,n5,light
344230,336,n5,light
344232,377,n5,light
344234,392,n5,light
344236,400,n5,light
344238,421,n5,light
344240,459,n5,light
344242,457,n5,light
344244,442,n5,light
344246,433,n5,light
344248,452,n5,light
344250,455,n5,light
344252,432,n5,light
344254,408,n5,light
344256,389,n5,light
344258,374,n5,light
344260,364,n5,light
344262,349,n5,light
344264,338,n5,light
344266,354,n5,light
344268,338,n5,light
344270,339,n5,light
344272,354,n5,light
344274,348,n5,light
344276,364,n5,light
344278,400,n5,light
344280,406,n5,light
344282,429,n5,light
344284,420,n5,light
344286,403,n5,light
344288,384,n5,light
344290,382,n5,light
344292,364,n5,light
344294,352,n5,light
344296,343,n5,light
344298,354,n5,light
344300,362,n5,light
344302,374,n5,light
344304,370,n5,light
344306,384,n5,light
344308,377,n5,light
344310,378,n5,light
344312,368,n5,light
344314,370,n5,light
344316,362,n5,light
344318,363,n5,light
344320,342,n5,light
344322,330,n5,light
344324,319,n5,light
344326,323,n5,light
344328,329,n5,light
344330,318,n5,light
344332,302,n5,light
344334,285,n5,light
344336,277,n5,light
344338,268,n5,light
344340,261,n5,light
344342,266,n5,light
344344,258,n5,light
344346,272,n5,light
344348,272,n5,light
344350,309,n5,light
344352,320,n5,light
344354,304,n5,light
344356,306,n5,light
344358,300,n5,light
344360,282,n5,light
344362,272,n5,light
344364,263,n5,light
344366,263,n5,light
344368,251,n5,light
344370,251,n5,light
344372,262,n5,light
344374,247,n5,light
344376,250,n5,light
344378,304,n5,light
344380,319,n5,light
344382,336,n5,light
344384,401,n5,light
344386,432,n5,light
344388,438,n5,light
344390,416,n5,light
344392,427,n5,light
344394,416,n5,light
344396,449,n5,light
344398,446,n5,light
344400,464,n5,light
344402,534,n5,light
344404,558,n5,light
344406,594,n5,light
344408,602,n5,light
344410,579,n5,light
344412,557,n5,light
344414,560,n5,light
344416,566,n5,light
344418,546,n5,light
344420,528,n5,light
344422,507,n5,light
344424,485,n5,light
344426,491,n5,light
344428,483,n5,light
344430,485,n5,light
344432,473,n5,light
344434,477,n5,light
344436,479,n5,light
344438,459,n5,light
344440,442,n5,light
344442,422,n5,light
344444,403,n5,light
344446,391,n5,light
344448,393,n5,light
344450,378,n5,light
344452,370,n5,light
344454,362,n5,light
344456,364,n5,light
344458,359,n5,light
344460,347,n5,light
344462,332,n5,light
344464,336,n5,light
344466,334,n5,light
344468,338,n5,light
344470,325,n5,light
344472,338,n5,light
344474,331,n5,light
344476,320,n5,light
344478,333,n5,light
344480,336,n5,light
344482,329,n5,light
344484,334,n5,light
344486,322,n5,light
344488,309,n5,light
344490,327,n5,light
344492,314,n5,light
344494,320,n5,light
344496,331,n5,light
344498,367,n5,light
344500,365,n5,light
344502,368,n5,light
344504,373,n5,light
344506,368,n5,light
344508,355,n5,light
344510,346,n5,light
344512,331,n5,light
344514,336,n5,light
344516,347,n5,light
344518,327,n5,light
344520,315,n5,light
344522,322,n5,light
344524,311,n5,light
344526,304,n5,light
344528,288,n5,light
344530,277,n5,light
344532,262,n5,light
344534,252,n5,light
344536,240,n5,light
344538,229,n5,light
344540,219,n5,light
344542,209,n5,light
344544,201,n5,light
344546,205,n5,light
344548,223,n5,light
344550,246,n5,light
344552,237,n5,light
344554,221,n5,light
344556,213,n5,light
344558,240,n5,light
344560,229,n5,light
344562,221,n5,light
344564,218,n5,light
344566,222,n5,light
344568,225,n5,light
344570,226,n5,light
344572,227,n5,light
344574,245,n5,light
344576,240,n5,light
344578,240,n5,light
344580,235,n5,light
344582,222,n5,light
344584,219,n5,light
344586,240,n5,light
344588,258,n5,light
344590,272,n5,light
344592,270,n5,light
344594,283,n5,light
344596,272,n5,light
344598,258,n5,light
344600,269,n5,light
344602,267,n5,light
344604,250,n5,light
344606,241,n5,light
344608,227,n5,light
344610,222,n5,light
344612,242,n5,light
344614,253,n5,light
344616,266,n5,light
344618,272,n5,light
344620,284,n5,light
344622,287,n5,light
344624,299,n5,light
344626,320,n5,light
344628,324,n5,light
344630,306,n5,light
344632,318,n5,light
344634,326,n5,light
344636,316,n5,light
