t_ms,raw,subject,gesture
843108,2,n6,light
843110,2,n6,light
843666,2,n6,light
843668,9,n6,light
843670,4,n6,light
843674,1,n6,light
843928,7,n6,light
843930,11,n6,light
843932,16,n6,light
843934,16,n6,light
843936,13,n6,light
843938,9,n6,light
843940,7,n6,light
843942,5,n6,light
843944,1,n6,light
854924,1183,n6,light
854926,1189,n6,light
854928,1189,n6,light
854930,1150,n6,light
854932,1139,n6,light
854934,1146,n6,light
854936,1143,n6,light
854938,1119,n6,light
854940,1092,n6,light
854942,1104,n6,light
854944,1092,n6,light
854946,1071,n6,light
854948,1062,n6,light
854950,1097,n6,light
854952,1107,n6,light
854954,1079,n6,light
854956,1067,n6,light
854958,1104,n6,light
854960,1104,n6,light
854962,1088,n6,light
854964,1059,n6,light
854966,1086,n6,light
854968,1101,n6,light
854970,1091,n6,light
854972,1054,n6,light
854974,1077,n6,light
854976,1112,n6,light
854978,1107,n6,light
854980,1059,n6,light
854982,1071,n6,light
854984,1101,n6,light
854986,1110,n6,light
854988,1079,n6,light
854990,1088,n6,light
854992,1124,n6,light
854994,1122,n6,light
854996,1104,n6,light
854998,1089,n6,light
855000,1136,n6,light
855002,1158,n6,light
855004,1131,n6,light
855006,1104,n6,light
855008,1141,n6,light
855010,1169,n6,light
855012,1157,n6,light
855014,1134,n6,light
855016,1178,n6,light
855018,1187,n6,light
855020,1168,n6,light
855022,1127,n6,light
855024,1153,n6,light
855026,1168,n6,light
855028,1162,n6,light
855030,1119,n6,light
855032,1124,n6,light
855034,1163,n6,light
855036,1166,n6,light
855038,1127,n6,light
855040,1136,n6,light
855042,1146,n6,light
855044,1145,n6,light
855046,1123,n6,light
855048,1120,n6,light
855050,1143,n6,light
855052,1138,n6,light
855054,1134,n6,light
855056,1104,n6,light
855058,1127,n6,light
855060,1140,n6,light
855062,1125,n6,light
855064,1089,n6,light
855066,1120,n6,light
855068,1136,n6,light
855070,1125,n6,light
855072,1086,n6,light
855074,1107,n6,light
855076,1129,n6,light
855078,1135,n6,light
855080,1103,n6,light
855082,1114,n6,light
855084,1141,n6,light
855086,1149,n6,light
855088,1119,n6,light
855090,1122,n6,light
855092,1152,n6,light
855094,1155,n6,light
855096,1121,n6,light
855098,1104,n6,light
855100,1121,n6,light
855102,1121,n6,light
855104,1098,n6,light
855106,1056,n6,light
855108,1081,n6,light
855110,1107,n6,light
855112,1094,n6,light
855114,1072,n6,light
855116,1102,n6,light
855118,1109,n6,light
855120,1113,n6,light
855122,1082,n6,light
855124,1117,n6,light
855126,1136,n6,light
855128,1122,n6,light
855130,1083,n6,light
855132,1068,n6,light
855134,1072,n6,light
855136,1104,n6,light
855138,1093,n6,light
855140,1087,n6,light
855142,1119,n6,light
855144,1133,n6,light
855146,1105,n6,light
855148,1089,n6,light
855150,1109,n6,light
855152,1114,n6,light
855154,1110,n6,light
855156,1082,n6,light
855158,1115,n6,light
855160,1142,n6,light
855162,1130,n6,light
855164,1095,n6,light
855166,1135,n6,light
855168,1152,n6,light
855170,1148,n6,light
855172,1107,n6,light
855174,1136,n6,light
855176,1168,n6,light
855178,1173,n6,light
855180,1142,n6,light
855182,1168,n6,light
855184,1200,n6,light
855186,1196,n6,light
855188,1163,n6,light
855190,1152,n6,light
855192,1191,n6,light
855194,1210,n6,light
855196,1190,n6,light
855198,1174,n6,light
855200,1207,n6,light
855202,1223,n6,light
855204,1201,n6,light
855206,1167,n6,light
855208,1202,n6,light
855210,1226,n6,light
855212,1219,n6,light
855214,1183,n6,light
855216,1226,n6,light
855218,1251,n6,light
855220,1255,n6,light
855222,1213,n6,light
855224,1232,n6,light
855226,1266,n6,light
855228,1285,n6,light
855230,1260,n6,light
855232,1246,n6,light
855234,1296,n6,light
855236,1311,n6,light
855238,1291,n6,light
855240,1269,n6,light
855242,1306,n6,light
855244,1325,n6,light
855246,1309,n6,light
855248,1285,n6,light
855250,1315,n6,light
855252,1331,n6,light
855254,1317,n6,light
855256,1276,n6,light
855258,1300,n6,light
855260,1313,n6,light
855262,1307,n6,light
855264,1264,n6,light
855266,1295,n6,light
855268,1311,n6,light
855270,1294,n6,light
855272,1247,n6,light
855274,1267,n6,light
855276,1289,n6,light
855278,1298,n6,light
855280,1256,n6,light
855282,1280,n6,light
855284,1327,n6,light
855286,1331,n6,light
855288,1293,n6,light
855290,1291,n6,light
855292,1322,n6,light
855294,1328,n6,light
855296,1303,n6,light
855298,1283,n6,light
855300,1311,n6,light
855302,1318,n6,light
855304,1294,n6,light
855306,1255,n6,light
855308,1296,n6,light
855310,1331,n6,light
855312,1333,n6,light
855314,1296,n6,light
855316,1347,n6,light
855318,1391,n6,light
855320,1392,n6,light
855322,1344,n6,light
855324,1360,n6,light
855326,1399,n6,light
855328,1396,n6,light
855330,1350,n6,light
855332,1359,n6,light
855334,1392,n6,light
855336,1393,n6,light
855338,1345,n6,light
855340,1344,n6,light
855342,1385,n6,light
855344,1381,n6,light
855346,1351,n6,light
855348,1327,n6,light
855350,1347,n6,light
855352,1357,n6,light
855354,1327,n6,light
855356,1280,n6,light
855358,1293,n6,light
855360,1309,n6,light
855362,1296,n6,light
855364,1259,n6,light
855366,1283,n6,light
855368,1294,n6,light
855370,1273,n6,light
855372,1231,n6,light
855374,1241,n6,light
855376,1247,n6,light
855378,1239,n6,light
855380,1200,n6,light
855382,1205,n6,light
855384,1233,n6,light
855386,1232,n6,light
855388,1200,n6,light
855390,1198,n6,light
855392,1232,n6,light
855394,1234,n6,light
855396,1203,n6,light
855398,1190,n6,light
855400,1214,n6,light
855402,1211,n6,light
855404,1181,n6,light
855406,1147,n6,light
855408,1174,n6,light
855410,1185,n6,light
855412,1159,n6,light
855414,1118,n6,light
855416,1141,n6,light
855418,1155,n6,light
855420,1158,n6,light
855422,1121,n6,light
855424,1142,n6,light
855426,1170,n6,light
855428,1172,n6,light
855430,1135,n6,light
855432,1138,n6,light
855434,1178,n6,light
855436,1200,n6,light
855438,1165,n6,light
855440,1168,n6,light
855442,1205,n6,light
855444,1229,n6,light
855446,1216,n6,light
855448,1200,n6,light
855450,1245,n6,light
855452,1264,n6,light
855454,1260,n6,light
855456,1221,n6,light
855458,1257,n6,light
855460,1284,n6,light
855462,1282,n6,light
855464,1236,n6,light
855466,1257,n6,light
855468,1290,n6,light
855470,1300,n6,light
855472,1264,n6,light
855474,1280,n6,light
855476,1310,n6,light
855478,1327,n6,light
855480,1288,n6,light
855482,1283,n6,light
855484,1305,n6,light
855486,1324,n6,light
855488,1321,n6,light
855490,1300,n6,light
855492,1350,n6,light
855494,1373,n6,light
855496,1361,n6,light
855498,1333,n6,light
855500,1372,n6,light
855502,1392,n6,light
855504,1392,n6,light
855506,1348,n6,light
855508,1373,n6,light
855510,1392,n6,light
855512,1408,n6,light
855514,1367,n6,light
855516,1403,n6,light
855518,1424,n6,light
855520,1418,n6,light
855522,1369,n6,light
855524,1390,n6,light
855526,1415,n6,light
855528,1417,n6,light
855530,1363,n6,light
855532,1366,n6,light
855534,1392,n6,light
855536,1403,n6,light
855538,1371,n6,light
855540,1351,n6,light
855542,1379,n6,light
855544,1390,n6,light
855546,1365,n6,light
855548,1339,n6,light
855550,1371,n6,light
855552,1389,n6,light
855554,1375,n6,light
855556,1335,n6,light
855558,1361,n6,light
855560,1383,n6,light
855562,1381,n6,light
855564,1339,n6,light
855566,1363,n6,light
855568,1378,n6,light
855570,1383,n6,light
855572,1335,n6,light
855574,1344,n6,light
855576,1363,n6,light
855578,1360,n6,light
855580,1322,n6,light
855582,1326,n6,light
855584,1357,n6,light
855586,1365,n6,light
855588,1327,n6,light
855590,1332,n6,light
855592,1363,n6,light
855594,1361,n6,light
855596,1333,n6,light
855598,1301,n6,light
855600,1335,n6,light
855602,1344,n6,light
855604,1332,n6,light
855606,1298,n6,light
855608,1329,n6,light
855610,1343,n6,light
855612,1319,n6,light
855614,1282,n6,light
855616,1315,n6,light
855618,1317,n6,light
855620,1296,n6,light
855622,1255,n6,light
855624,1274,n6,light
855626,1281,n6,light
855628,1264,n6,light
855630,1215,n6,light
855632,1232,n6,light
855634,1255,n6,light
855636,1243,n6,light
855638,1200,n6,light
855640,1211,n6,light
855642,1231,n6,light
855644,1232,n6,light
855646,1191,n6,light
855648,1189,n6,light
855650,1205,n6,light
855652,1204,n6,light
855654,1183,n6,light
855656,1146,n6,light
855658,1177,n6,light
855660,1195,n6,light
855662,1182,n6,light
855664,1146,n6,light
855666,1158,n6,light
855668,1180,n6,light
855670,1190,n6,light
855672,1151,n6,light
855674,1179,n6,light
855676,1191,n6,light
855678,1183,n6,light
855680,1143,n6,light
855682,1174,n6,light
855684,1188,n6,light
855686,1175,n6,light
855688,1131,n6,light
855690,1131,n6,light
855692,1148,n6,light
855694,1155,n6,light
855696,1124,n6,light
855698,1136,n6,light
855700,1159,n6,light
855702,1154,n6,light
855704,1125,n6,light
855706,1110,n6,light
855708,1140,n6,light
855710,1157,n6,light
855712,1151,n6,light
855714,1126,n6,light
855716,1175,n6,light
855718,1194,n6,light
855720,1175,n6,light
855722,1135,n6,light
855724,1149,n6,light
855726,1154,n6,light
855728,1147,n6,light
855730,1109,n6,light
855732,1124,n6,light
855734,1139,n6,light
855736,1133,n6,light
855738,1091,n6,light
855740,1095,n6,light
855742,1109,n6,light
855744,1111,n6,light
855746,1083,n6,light
855748,1072,n6,light
855750,1097,n6,light
855752,1093,n6,light
855754,1062,n6,light
855756,1023,n6,light
855758,1043,n6,light
855760,1051,n6,light
855762,1041,n6,light
855764,1011,n6,light
855766,1062,n6,light
855768,1079,n6,light
855770,1073,n6,light
855772,1037,n6,light
855774,1055,n6,light
855776,1083,n6,light
855778,1086,n6,light
855780,1045,n6,light
855782,1072,n6,light
855784,1091,n6,light
855786,1085,n6,light
855788,1042,n6,light
855790,1046,n6,light
855792,1062,n6,light
855794,1063,n6,light
855796,1040,n6,light
855798,1036,n6,light
855800,1056,n6,light
855802,1063,n6,light
855804,1043,n6,light
855806,1023,n6,light
855808,1069,n6,light
855810,1072,n6,light
855812,1045,n6,light
855814,1035,n6,light
855816,1078,n6,light
855818,1072,n6,light
855820,1040,n6,light
855822,995,n6,light
855824,1012,n6,light
855826,1018,n6,light
855828,1010,n6,light
855830,975,n6,light
855832,1008,n6,light
855834,1023,n6,light
855836,1021,n6,light
855838,980,n6,light
855840,987,n6,light
855842,1019,n6,light
855844,1035,n6,light
855846,1003,n6,light
855848,1002,n6,light
855850,1043,n6,light
855852,1068,n6,light
855854,1058,n6,light
855856,1045,n6,light
855858,1105,n6,light
855860,1152,n6,light
855862,1152,n6,light
855864,1127,n6,light
855866,1191,n6,light
855868,1234,n6,light
855870,1257,n6,light
855872,1220,n6,light
855874,1251,n6,light
855876,1299,n6,light
855878,1309,n6,light
855880,1267,n6,light
855882,1269,n6,light
855884,1291,n6,light
855886,1301,n6,light
855888,1282,n6,light
855890,1267,n6,light
855892,1305,n6,light
855894,1328,n6,light
855896,1314,n6,light
855898,1296,n6,light
855900,1338,n6,light
855902,1370,n6,light
855904,1373,n6,light
855906,1333,n6,light
855908,1377,n6,light
855910,1411,n6,light
855912,1430,n6,light
855914,1395,n6,light
855916,1430,n6,light
855918,1469,n6,light
855920,1488,n6,light
855922,1441,n6,light
855924,1447,n6,light
855926,1479,n6,light
855928,1503,n6,light
855930,1470,n6,light
855932,1470,n6,light
855934,1490,n6,light
855936,1504,n6,light
855938,1488,n6,light
855940,1459,n6,light
855942,1497,n6,light
855944,1519,n6,light
855946,1499,n6,light
855948,1465,n6,light
855950,1504,n6,light
855952,1520,n6,light
855954,1506,n6,light
855956,1460,n6,light
855958,1481,n6,light
855960,1495,n6,light
855962,1495,n6,light
855964,1455,n6,light
855966,1463,n6,light
855968,1479,n6,light
855970,1472,n6,light
855972,1415,n6,light
855974,1411,n6,light
855976,1417,n6,light
855978,1414,n6,light
855980,1377,n6,light
855982,1382,n6,light
855984,1418,n6,light
855986,1445,n6,light
855988,1407,n6,light
855990,1392,n6,light
855992,1424,n6,light
855994,1438,n6,light
855996,1417,n6,light
855998,1391,n6,light
856000,1421,n6,light
856002,1431,n6,light
856004,1421,n6,light
856006,1383,n6,light
856008,1407,n6,light
856010,1416,n6,light
856012,1402,n6,light
856014,1355,n6,light
856016,1372,n6,light
856018,1389,n6,light
856020,1376,n6,light
856022,1328,n6,light
856024,1346,n6,light
856026,1371,n6,light
856028,1360,n6,light
856030,1311,n6,light
856032,1326,n6,light
856034,1344,n6,light
856036,1345,n6,light
856038,1300,n6,light
856040,1296,n6,light
856042,1325,n6,light
856044,1338,n6,light
856046,1311,n6,light
856048,1294,n6,light
856050,1327,n6,light
856052,1344,n6,light
856054,1327,n6,light
856056,1294,n6,light
856058,1332,n6,light
856060,1347,n6,light
856062,1315,n6,light
856064,1278,n6,light
856066,1306,n6,light
856068,1322,n6,light
856070,1309,n6,light
856072,1264,n6,light
856074,1299,n6,light
856076,1319,n6,light
856078,1309,n6,light
856080,1258,n6,light
856082,1261,n6,light
856084,1274,n6,light
856086,1278,n6,light
856088,1250,n6,light
856090,1238,n6,light
856092,1258,n6,light
856094,1258,n6,light
856096,1232,n6,light
856098,1214,n6,light
856100,1247,n6,light
856102,1265,n6,light
856104,1253,n6,light
856106,1226,n6,light
856108,1261,n6,light
856110,1273,n6,light
856112,1267,n6,light
856114,1226,n6,light
856116,1248,n6,light
856118,1281,n6,light
856120,1299,n6,light
856122,1264,n6,light
856124,1278,n6,light
856126,1302,n6,light
856128,1319,n6,light
856130,1296,n6,light
856132,1280,n6,light
856134,1313,n6,light
856136,1335,n6,light
856138,1319,n6,light
856140,1291,n6,light
856142,1326,n6,light
856144,1358,n6,light
856146,1346,n6,light
856148,1315,n6,light
856150,1339,n6,light
856152,1357,n6,light
856154,1365,n6,light
856156,1327,n6,light
856158,1347,n6,light
856160,1379,n6,light
856162,1382,n6,light
856164,1329,n6,light
856166,1348,n6,light
856168,1375,n6,light
856170,1389,n6,light
856172,1348,n6,light
856174,1350,n6,light
856176,1392,n6,light
856178,1424,n6,light
856180,1389,n6,light
856182,1398,n6,light
856184,1438,n6,light
856186,1461,n6,light
856188,1436,n6,light
856190,1423,n6,light
856192,1456,n6,light
856194,1471,n6,light
856196,1467,n6,light
856198,1435,n6,light
856200,1473,n6,light
856202,1518,n6,light
856204,1530,n6,light
856206,1488,n6,light
856208,1522,n6,light
856210,1570,n6,light
856212,1587,n6,light
856214,1535,n6,light
856216,1557,n6,light
856218,1586,n6,light
856220,1619,n6,light
856222,1584,n6,light
856224,1578,n6,light
856226,1613,n6,light
856228,1633,n6,light
856230,1600,n6,light
856232,1587,n6,light
856234,1613,n6,light
856236,1639,n6,light
856238,1617,n6,light
856240,1581,n6,light
856242,1609,n6,light
856244,1639,n6,light
856246,1632,n6,light
856248,1594,n6,light
856250,1621,n6,light
856252,1653,n6,light
856254,1657,n6,light
856256,1603,n6,light
856258,1620,n6,light
856260,1648,n6,light
856262,1653,n6,light
856264,1601,n6,light
856266,1610,n6,light
856268,1626,n6,light
856270,1629,n6,light
856272,1584,n6,light
856274,1571,n6,light
856276,1570,n6,light
856278,1555,n6,light
856280,1502,n6,light
856282,1487,n6,light
856284,1491,n6,light
856286,1493,n6,light
856288,1459,n6,light
856290,1423,n6,light
856292,1434,n6,light
856294,1447,n6,light
856296,1421,n6,light
856298,1394,n6,light
856300,1404,n6,light
856302,1392,n6,light
856304,1367,n6,light
856306,1327,n6,light
856308,1328,n6,light
856310,1325,n6,light
856312,1300,n6,light
856314,1253,n6,light
856316,1246,n6,light
856318,1250,n6,light
856320,1231,n6,light
856322,1181,n6,light
856324,1174,n6,light
856326,1162,n6,light
856328,1134,n6,light
856330,1090,n6,light
856332,1075,n6,light
856334,1072,n6,light
856336,1051,n6,light
856338,1008,n6,light
856340,998,n6,light
856342,999,n6,light
856344,976,n6,light
856346,933,n6,light
856348,905,n6,light
856350,898,n6,light
856352,883,n6,light
856354,864,n6,light
856356,827,n6,light
856358,803,n6,light
856360,794,n6,light
856362,778,n6,light
856364,749,n6,light
856366,737,n6,light
856368,736,n6,light
856370,715,n6,light
856372,688,n6,light
856374,676,n6,light
856376,657,n6,light
856378,644,n6,light
856380,626,n6,light
856382,619,n6,light
856384,609,n6,light
856386,592,n6,light
856388,561,n6,light
856390,537,n6,light
856392,526,n6,light
856394,509,n6,light
856396,483,n6,light
856398,464,n6,light
856400,453,n6,light
856402,433,n6,light
856404,413,n6,light
856406,391,n6,light
856408,373,n6,light
856410,352,n6,light
856412,336,n6,light
856414,324,n6,light
856416,313,n6,light
856418,303,n6,light
856420,288,n6,light
856422,272,n6,light
856424,261,n6,light
856426,247,n6,light
856428,234,n6,light
856430,222,n6,light
856432,208,n6,light
856434,200,n6,light
856436,186,n6,light
856438,176,n6,light
856440,163,n6,light
856442,156,n6,light
856444,145,n6,light
856446,141,n6,light
856448,134,n6,light
856450,128,n6,light
856452,119,n6,light
856454,110,n6,light
856456,112,n6,light
856458,107,n6,light
856460,95,n6,light
856462,97,n6,light
856464,99,n6,light
856466,94,n6,light
856468,86,n6,light
856470,79,n6,light
856472,80,n6,light
856474,73,n6,light
856476,72,n6,light
856478,67,n6,light
856480,62,n6,light
856482,58,n6,light
856484,53,n6,light
856486,54,n6,light
856488,48,n6,light
856490,46,n6,light
856492,38,n6,light
856494,34,n6,light
856496,38,n6,light
856498,32,n6,light
856500,30,n6,light
856502,32,n6,light
856504,45,n6,light
856506,43,n6,light
856508,40,n6,light
856510,48,n6,light
856512,47,n6,light
856514,43,n6,light
856516,47,n6,light
856518,59,n6,light
856520,60,n6,light
856522,52,n6,light
856524,51,n6,light
856526,58,n6,light
856528,58,n6,light
856530,53,n6,light
856532,57,n6,light
856534,65,n6,light
856536,74,n6,light
856538,67,n6,light
856540,68,n6,light
856542,66,n6,light
856544,75,n6,light
856546,71,n6,light
856548,82,n6,light
856550,82,n6,light
856552,81,n6,light
856554,80,n6,light
856556,75,n6,light
856558,67,n6,light
856560,64,n6,light
856562,74,n6,light
856564,70,n6,light
856566,81,n6,light
856568,85,n6,light
856570,95,n6,light
856572,91,n6,light
856574,96,n6,light
856576,94,n6,light
856578,95,n6,light
856580,90,n6,light
856582,89,n6,light
856584,103,n6,light
856586,123,n6,light
856588,113,n6,light
856590,111,n6,light
856592,112,n6,light
856594,112,n6,light
856596,107,n6,light
856598,102,n6,light
856600,103,n6,light
856602,102,n6,light
856604,109,n6,light
856606,107,n6,light
856608,109,n6,light
856610,107,n6,light
856612,102,n6,light
856614,98,n6,light
856616,103,n6,light
856618,113,n6,light
856620,109,n6,light
856622,101,n6,light
856624,97,n6,light
856626,101,n6,light
856628,105,n6,light
856630,102,n6,light
856632,115,n6,light
856634,131,n6,light
856636,144,n6,light
856638,136,n6,light
856640,183,n6,light
856642,242,n6,light
856644,181,n6,light
856646,181,n6,light
856648,175,n6,light
856650,171,n6,light
856652,169,n6,light
856654,171,n6,light
856656,158,n6,light
856658,163,n6,light
856660,172,n6,light
856662,164,n6,light
856664,144,n6,light
856666,149,n6,light
856668,176,n6,light
856670,171,n6,light
856672,176,n6,light
856674,176,n6,light
856676,181,n6,light
856678,185,n6,light
856680,175,n6,light
856682,179,n6,light
856684,197,n6,light
856686,205,n6,light
856688,199,n6,light
856690,176,n6,light
856692,179,n6,light
856694,189,n6,light
856696,191,n6,light
856698,203,n6,light
856700,218,n6,light
856702,231,n6,light
856704,234,n6,light
856706,235,n6,light
856708,258,n6,light
856710,460,n6,light
856712,256,n6,light
856714,203,n6,light
856716,210,n6,light
856718,210,n6,light
856720,209,n6,light
856722,199,n6,light
856724,192,n6,light
856726,194,n6,light
856728,193,n6,light
856730,186,n6,light
856732,181,n6,light
856734,202,n6,light
856736,208,n6,light
856738,195,n6,light
856740,189,n6,light
856742,192,n6,light
856744,193,n6,light
856746,182,n6,light
856748,176,n6,light
856750,183,n6,light
856752,197,n6,light
856754,208,n6,light
856756,199,n6,light
856758,203,n6,light
856760,205,n6,light
856762,207,n6,light
856764,199,n6,light
856766,208,n6,light
856768,214,n6,light
856770,218,n6,light
856772,207,n6,light
856774,203,n6,light
856776,205,n6,light
856778,206,n6,light
856780,196,n6,light
856782,203,n6,light
856784,213,n6,light
856786,223,n6,light
856788,209,n6,light
856790,208,n6,light
856792,205,n6,light
856794,210,n6,light
856796,208,n6,light
856798,201,n6,light
856800,210,n6,light
856802,225,n6,light
856804,225,n6,light
856806,212,n6,light
856808,228,n6,light
856810,242,n6,light
856812,240,n6,light
856814,235,n6,light
856816,248,n6,light
856818,256,n6,light
856820,247,n6,light
856822,237,n6,light
856824,222,n6,light
856826,221,n6,light
856828,217,n6,light
856830,210,n6,light
856832,218,n6,light
856834,230,n6,light
856836,230,n6,light
856838,219,n6,light
856840,209,n6,light
856842,215,n6,light
856844,217,n6,light
856846,214,n6,light
856848,210,n6,light
856850,215,n6,light
856852,224,n6,light
856854,226,n6,light
856856,214,n6,light
856858,211,n6,light
856860,213,n6,light
856862,208,n6,light
856864,203,n6,light
856866,201,n6,light
856868,207,n6,light
856870,209,n6,light
856872,206,n6,light
856874,208,n6,light
856876,221,n6,light
856878,217,n6,light
856880,209,n6,light
856882,224,n6,light
856884,238,n6,light
856886,235,n6,light
856888,226,n6,light
856890,221,n6,light
856892,225,n6,light
856894,231,n6,light
856896,224,n6,light
856898,226,n6,light
856900,235,n6,light
856902,243,n6,light
856904,244,n6,light
856906,235,n6,light
856908,240,n6,light
856910,246,n6,light
856912,256,n6,light
856914,243,n6,light
856916,251,n6,light
856918,269,n6,light
856920,272,n6,light
856922,256,n6,light
856924,254,n6,light
856926,256,n6,light
856928,250,n6,light
856930,237,n6,light
856932,234,n6,light
856934,240,n6,light
856936,250,n6,light
856938,240,n6,light
856940,228,n6,light
856942,230,n6,light
856944,234,n6,light
856946,229,n6,light
856948,225,n6,light
856950,238,n6,light
856952,243,n6,light
856954,246,n6,light
856956,239,n6,light
856958,240,n6,light
856960,240,n6,light
856962,230,n6,light
856964,217,n6,light
856966,225,n6,light
856968,234,n6,light
856970,239,n6,light
856972,229,n6,light
856974,223,n6,light
856976,230,n6,light
856978,229,n6,light
856980,213,n6,light
856982,223,n6,light
856984,246,n6,light
856986,253,n6,light
856988,240,n6,light
856990,247,n6,light
856992,260,n6,light
856994,256,n6,light
856996,241,n6,light
856998,242,n6,light
857000,262,n6,light
857002,270,n6,light
857004,262,n6,light
857006,250,n6,light
857008,245,n6,light
857010,241,n6,light
857012,240,n6,light
857014,235,n6,light
857016,246,n6,light
857018,256,n6,light
857020,248,n6,light
857022,240,n6,light
857024,230,n6,light
857026,220,n6,light
857028,218,n6,light
857030,214,n6,light
857032,206,n6,light
857034,209,n6,light
857036,219,n6,light
857038,209,n6,light
857040,206,n6,light
857042,203,n6,light
857044,207,n6,light
857046,194,n6,light
857048,203,n6,light
857050,214,n6,light
857052,226,n6,light
857054,221,n6,light
857056,223,n6,light
857058,228,n6,light
857060,221,n6,light
857062,209,n6,light
857064,207,n6,light
857066,209,n6,light
857068,210,n6,light
857070,227,n6,light
857072,226,n6,light
857074,220,n6,light
857076,224,n6,light
857078,215,n6,light
857080,207,n6,light
857082,210,n6,light
857084,223,n6,light
857086,240,n6,light
857088,241,n6,light
857090,231,n6,light
857092,240,n6,light
857094,241,n6,light
857096,231,n6,light
857098,229,n6,light
857100,240,n6,light
857102,253,n6,light
857104,246,n6,light
857106,240,n6,light
857108,239,n6,light
857110,230,n6,light
857112,226,n6,light
857114,226,n6,light
857116,247,n6,light
857118,257,n6,light
857120,263,n6,light
857122,254,n6,light
857124,256,n6,light
857126,266,n6,light
857128,261,n6,light
857130,247,n6,light
857132,253,n6,light
857134,269,n6,light
857136,272,n6,light
857138,269,n6,light
857140,258,n6,light
857142,265,n6,light
857144,262,n6,light
857146,256,n6,light
857148,250,n6,light
857150,261,n6,light
857152,269,n6,light
857154,272,n6,light
857156,257,n6,light
857158,245,n6,light
857160,247,n6,light
857162,238,n6,light
857164,235,n6,light
857166,245,n6,light
857168,263,n6,light
857170,254,n6,light
857172,242,n6,light
857174,250,n6,light
857176,256,n6,light
857178,254,n6,light
857180,240,n6,light
857182,247,n6,light
857184,264,n6,light
857186,272,n6,light
857188,261,n6,light
857190,253,n6,light
857192,247,n6,light
857194,243,n6,light
857196,235,n6,light
857198,230,n6,light
857200,240,n6,light
857202,242,n6,light
857204,241,n6,light
857206,230,n6,light
857208,231,n6,light
857210,240,n6,light
857212,235,n6,light
857214,225,n6,light
857216,235,n6,light
857218,239,n6,light
857220,240,n6,light
857222,233,n6,light
857224,230,n6,light
857226,240,n6,light
857228,237,n6,light
857230,233,n6,light
857232,243,n6,light
857234,256,n6,light
857236,262,n6,light
857238,257,n6,light
857240,253,n6,light
857242,266,n6,light
857244,273,n6,light
857246,267,n6,light
857248,277,n6,light
857250,281,n6,light
857252,285,n6,light
857254,277,n6,light
857256,265,n6,light
857258,262,n6,light
857260,260,n6,light
857262,253,n6,light
857264,245,n6,light
857266,254,n6,light
857268,269,n6,light
857270,285,n6,light
857272,281,n6,light
857274,289,n6,light
857276,300,n6,light
857278,304,n6,light
857280,291,n6,light
857282,299,n6,light
857284,305,n6,light
857286,311,n6,light
857288,304,n6,light
857290,292,n6,light
857292,291,n6,light
857294,295,n6,light
857296,288,n6,light
857298,295,n6,light
857300,304,n6,light
857302,304,n6,light
857304,302,n6,light
857306,286,n6,light
857308,289,n6,light
857310,281,n6,light
857312,273,n6,light
857314,265,n6,light
857316,278,n6,light
857318,300,n6,light
857320,304,n6,light
857322,291,n6,light
857324,304,n6,light
857326,304,n6,light
857328,304,n6,light
857330,300,n6,light
857332,293,n6,light
857334,317,n6,light
857336,341,n6,light
857338,337,n6,light
857340,329,n6,light
857342,333,n6,light
857344,331,n6,light
857346,315,n6,light
857348,315,n6,light
857350,326,n6,light
857352,336,n6,light
857354,325,n6,light
857356,314,n6,light
857358,318,n6,light
857360,320,n6,light
857362,310,n6,light
857364,304,n6,light
857366,311,n6,light
857368,321,n6,light
857370,331,n6,light
857372,320,n6,light
857374,317,n6,light
857376,326,n6,light
857378,321,n6,light
857380,304,n6,light
857382,311,n6,light
857384,320,n6,light
857386,322,n6,light
857388,305,n6,light
857390,306,n6,light
857392,309,n6,light
857394,292,n6,light
857396,279,n6,light
857398,284,n6,light
857400,293,n6,light
857402,289,n6,light
857404,275,n6,light
857406,262,n6,light
857408,256,n6,light
857410,256,n6,light
857412,249,n6,light
857414,241,n6,light
857416,253,n6,light
857418,267,n6,light
857420,269,n6,light
857422,259,n6,light
857424,255,n6,light
857426,254,n6,light
857428,256,n6,light
857430,245,n6,light
857432,256,n6,light
857434,261,n6,light
857436,254,n6,light
857438,240,n6,light
857440,240,n6,light
857442,243,n6,light
857444,242,n6,light
857446,234,n6,light
857448,242,n6,light
857450,246,n6,light
857452,258,n6,light
857454,257,n6,light
857456,251,n6,light
857458,258,n6,light
857460,259,n6,light
857462,247,n6,light
857464,240,n6,light
857466,252,n6,light
857468,258,n6,light
857470,257,n6,light
857472,247,n6,light
857474,245,n6,light
857476,243,n6,light
857478,247,n6,light
857480,235,n6,light
857482,250,n6,light
857484,270,n6,light
857486,267,n6,light
857488,256,n6,light
857490,257,n6,light
857492,257,n6,light
857494,251,n6,light
857496,240,n6,light
857498,245,n6,light
857500,255,n6,light
857502,258,n6,light
857504,256,n6,light
857506,250,n6,light
857508,256,n6,light
857510,255,n6,light
857512,241,n6,light
857514,232,n6,light
857516,234,n6,light
857518,247,n6,light
857520,260,n6,light
857522,247,n6,light
857524,250,n6,light
857526,256,n6,light
857528,256,n6,light
857530,253,n6,light
857532,270,n6,light
857534,275,n6,light
857536,278,n6,light
857538,267,n6,light
857540,279,n6,light
857542,281,n6,light
857544,276,n6,light
857546,266,n6,light
857548,262,n6,light
857550,271,n6,light
857552,282,n6,light
857554,285,n6,light
857556,269,n6,light
857558,272,n6,light
857560,273,n6,light
857562,270,n6,light
857564,262,n6,light
857566,272,n6,light
857568,283,n6,light
857570,292,n6,light
857572,289,n6,light
857574,282,n6,light
857576,301,n6,light
857578,307,n6,light
857580,302,n6,light
857582,309,n6,light
857584,322,n6,light
857586,326,n6,light
857588,314,n6,light
857590,315,n6,light
857592,313,n6,light
857594,318,n6,light
857596,306,n6,light
857598,317,n6,light
857600,333,n6,light
857602,336,n6,light
857604,320,n6,light
857606,304,n6,light
857608,301,n6,light
857610,298,n6,light
857612,291,n6,light
857614,278,n6,light
857616,283,n6,light
857618,303,n6,light
857620,308,n6,light
857622,298,n6,light
857624,307,n6,light
857626,314,n6,light
857628,314,n6,light
857630,306,n6,light
857632,321,n6,light
857634,336,n6,light
857636,341,n6,light
857638,327,n6,light
857640,333,n6,light
857642,339,n6,light
857644,336,n6,light
857646,321,n6,light
857648,323,n6,light
857650,330,n6,light
857652,333,n6,light
857654,320,n6,light
857656,306,n6,light
857658,304,n6,light
857660,303,n6,light
857662,293,n6,light
857664,287,n6,light
857666,294,n6,light
857668,295,n6,light
857670,290,n6,light
857672,275,n6,light
857674,277,n6,light
857676,274,n6,light
857678,274,n6,light
857680,262,n6,light
857682,269,n6,light
857684,282,n6,light
857686,297,n6,light
857688,290,n6,light
857690,298,n6,light
857692,314,n6,light
857694,311,n6,light
857696,303,n6,light
857698,289,n6,light
857700,290,n6,light
857702,289,n6,light
857704,282,n6,light
857706,272,n6,light
857708,267,n6,light
857710,263,n6,light
857712,256,n6,light
857714,253,n6,light
857716,261,n6,light
857718,266,n6,light
857720,259,n6,light
857722,247,n6,light
857724,250,n6,light
857726,253,n6,light
857728,254,n6,light
857730,240,n6,light
857732,245,n6,light
857734,268,n6,light
857736,274,n6,light
857738,269,n6,light
857740,263,n6,light
857742,272,n6,light
857744,277,n6,light
857746,272,n6,light
857748,276,n6,light
857750,285,n6,light
857752,291,n6,light
857754,283,n6,light
857756,272,n6,light
857758,271,n6,light
857760,268,n6,light
857762,260,n6,light
857764,253,n6,light
857766,261,n6,light
857768,258,n6,light
857770,266,n6,light
857772,256,n6,light
857774,245,n6,light
857776,240,n6,light
857778,238,n6,light
857780,231,n6,light
857782,222,n6,light
857784,233,n6,light
857786,247,n6,light
857788,240,n6,light
857790,240,n6,light
857792,246,n6,light
857794,257,n6,light
857796,250,n6,light
857798,250,n6,light
857800,272,n6,light
857802,288,n6,light
857804,278,n6,light
857806,278,n6,light
857808,272,n6,light
857810,265,n6,light
857812,256,n6,light
857814,246,n6,light
857816,249,n6,light
857818,254,n6,light
857820,253,n6,light
857822,240,n6,light
857824,242,n6,light
857826,242,n6,light
857828,240,n6,light
857830,233,n6,light
857832,244,n6,light
857834,263,n6,light
857836,278,n6,light
857838,269,n6,light
857840,275,n6,light
857842,289,n6,light
857844,289,n6,light
857846,281,n6,light
857848,292,n6,light
857850,306,n6,light
857852,305,n6,light
857854,299,n6,light
857856,284,n6,light
857858,293,n6,light
857860,298,n6,light
857862,289,n6,light
857864,283,n6,light
857866,293,n6,light
857868,297,n6,light
857870,297,n6,light
857872,279,n6,light
857874,272,n6,light
857876,277,n6,light
857878,283,n6,light
857880,277,n6,light
857882,293,n6,light
857884,304,n6,light
857886,293,n6,light
857888,279,n6,light
857890,263,n6,light
857892,266,n6,light
857894,271,n6,light
857896,263,n6,light
857898,261,n6,light
857900,272,n6,light
857902,279,n6,light
857904,272,n6,light
857906,268,n6,light
857908,268,n6,light
857910,274,n6,light
857912,263,n6,light
857914,259,n6,light
857916,267,n6,light
857918,288,n6,light
857920,287,n6,light
866948,2142,n6,light
866950,2177,n6,light
866952,2159,n6,light
866954,2113,n6,light
866956,2133,n6,light
866958,2174,n6,light
866960,2170,n6,light
866962,2116,n6,light
866964,2139,n6,light
866966,2173,n6,light
866968,2183,n6,light
866970,2119,n6,light
866972,2131,n6,light
866974,2160,n6,light
866976,2183,n6,light
866978,2119,n6,light
866980,2128,n6,light
866982,2160,n6,light
866984,2192,n6,light
866986,2142,n6,light
866988,2135,n6,light
866990,2167,n6,light
866992,2202,n6,light
866994,2165,n6,light
866996,2144,n6,light
866998,2172,n6,light
867000,2208,n6,light
867002,2183,n6,light
867004,2143,n6,light
867006,2168,n6,light
867008,2202,n6,light
867010,2195,n6,light
867012,2141,n6,light
867014,2160,n6,light
867016,2192,n6,light
867018,2203,n6,light
867020,2139,n6,light
867022,2151,n6,light
867024,2182,n6,light
867026,2207,n6,light
867028,2143,n6,light
867030,2146,n6,light
867032,2179,n6,light
867034,2208,n6,light
867036,2158,n6,light
867038,2144,n6,light
867040,2174,n6,light
867042,2208,n6,light
867044,2170,n6,light
867046,2140,n6,light
867048,2162,n6,light
867050,2194,n6,light
867052,2177,n6,light
867054,2128,n6,light
867056,2154,n6,light
867058,2190,n6,light
867060,2186,n6,light
867062,2128,n6,light
867064,2143,n6,light
867066,2178,n6,light
867068,2187,n6,light
867070,2124,n6,light
867072,2131,n6,light
867074,2164,n6,light
867076,2184,n6,light
867078,2126,n6,light
867080,2128,n6,light
867082,2161,n6,light
867084,2181,n6,light
867086,2131,n6,light
867088,2115,n6,light
867090,2146,n6,light
867092,2177,n6,light
867094,2143,n6,light
867096,2114,n6,light
867098,2141,n6,light
867100,2177,n6,light
867102,2160,n6,light
867104,2112,n6,light
867106,2129,n6,light
867108,2167,n6,light
867110,2162,n6,light
867112,2108,n6,light
867114,2119,n6,light
867116,2158,n6,light
867118,2171,n6,light
867120,2107,n6,light
867122,2116,n6,light
867124,2153,n6,light
867126,2174,n6,light
867128,2112,n6,light
867130,2116,n6,light
867132,2147,n6,light
867134,2176,n6,light
867136,2127,n6,light
867138,2112,n6,light
867140,2137,n6,light
867142,2176,n6,light
867144,2140,n6,light
867146,2113,n6,light
867148,2133,n6,light
867150,2171,n6,light
867152,2158,n6,light
867154,2105,n6,light
867156,2123,n6,light
867158,2160,n6,light
867160,2163,n6,light
867162,2109,n6,light
867164,2127,n6,light
867166,2160,n6,light
867168,2173,n6,light
867170,2111,n6,light
867172,2119,n6,light
867174,2154,n6,light
867176,2175,n6,light
867178,2113,n6,light
867180,2121,n6,light
867182,2150,n6,light
867184,2179,n6,light
867186,2128,n6,light
867188,2114,n6,light
867190,2143,n6,light
867192,2176,n6,light
867194,2141,n6,light
867196,2113,n6,light
867198,2143,n6,light
867200,2179,n6,light
867202,2161,n6,light
867204,2114,n6,light
867206,2133,n6,light
867208,2175,n6,light
867210,2170,n6,light
867212,2112,n6,light
867214,2131,n6,light
867216,2164,n6,light
867218,2176,n6,light
867220,2116,n6,light
867222,2127,n6,light
867224,2159,n6,light
867226,2183,n6,light
867228,2123,n6,light
867230,2125,n6,light
867232,2154,n6,light
867234,2183,n6,light
867236,2128,n6,light
867238,2117,n6,light
867240,2144,n6,light
867242,2180,n6,light
867244,2139,n6,light
867246,2115,n6,light
867248,2142,n6,light
867250,2185,n6,light
867252,2165,n6,light
867254,2126,n6,light
867256,2145,n6,light
867258,2186,n6,light
867260,2191,n6,light
867262,2132,n6,light
867264,2151,n6,light
867266,2187,n6,light
867268,2191,n6,light
867270,2123,n6,light
867272,2128,n6,light
867274,2151,n6,light
867276,2172,n6,light
867278,2110,n6,light
867280,2112,n6,light
867282,2131,n6,light
867284,2165,n6,light
867286,2114,n6,light
867288,2107,n6,light
867290,2138,n6,light
867292,2172,n6,light
867294,2132,n6,light
867296,2099,n6,light
867298,2121,n6,light
867300,2161,n6,light
867302,2145,n6,light
867304,2102,n6,light
867306,2118,n6,light
867308,2149,n6,light
867310,2144,n6,light
867312,2090,n6,light
867314,2109,n6,light
867316,2144,n6,light
867318,2160,n6,light
867320,2098,n6,light
867322,2108,n6,light
867324,2147,n6,light
867326,2180,n6,light
867328,2123,n6,light
867330,2123,n6,light
867332,2150,n6,light
867334,2186,n6,light
867336,2130,n6,light
867338,2118,n6,light
867340,2144,n6,light
867342,2179,n6,light
867344,2145,n6,light
867346,2115,n6,light
867348,2143,n6,light
867350,2182,n6,light
867352,2161,n6,light
867354,2113,n6,light
867356,2135,n6,light
867358,2176,n6,light
867360,2170,n6,light
867362,2115,n6,light
867364,2127,n6,light
867366,2165,n6,light
867368,2190,n6,light
867370,2129,n6,light
867372,2141,n6,light
867374,2181,n6,light
867376,2209,n6,light
867378,2154,n6,light
867380,2154,n6,light
867382,2180,n6,light
867384,2211,n6,light
867386,2156,n6,light
867388,2130,n6,light
867390,2153,n6,light
867392,2182,n6,light
867394,2142,n6,light
867396,2112,n6,light
867398,2132,n6,light
867400,2176,n6,light
867402,2174,n6,light
867404,2128,n6,light
867406,2151,n6,light
867408,2187,n6,light
867410,2197,n6,light
867412,2140,n6,light
867414,2158,n6,light
867416,2190,n6,light
867418,2193,n6,light
867420,2128,n6,light
867422,2109,n6,light
867424,2128,n6,light
867426,2151,n6,light
867428,2093,n6,light
867430,2086,n6,light
867432,2118,n6,light
867434,2140,n6,light
867436,2080,n6,light
867438,2064,n6,light
867440,2095,n6,light
867442,2126,n6,light
867444,2080,n6,light
867446,2064,n6,light
867448,2094,n6,light
867450,2139,n6,light
867452,2130,n6,light
867454,2079,n6,light
867456,2096,n6,light
867458,2135,n6,light
867460,2130,n6,light
867462,2076,n6,light
867464,2083,n6,light
867466,2117,n6,light
867468,2134,n6,light
867470,2076,n6,light
867472,2089,n6,light
867474,2116,n6,light
867476,2149,n6,light
867478,2096,n6,light
867480,2096,n6,light
867482,2129,n6,light
867484,2162,n6,light
867486,2114,n6,light
867488,2096,n6,light
867490,2112,n6,light
867492,2137,n6,light
867494,2099,n6,light
867496,2067,n6,light
867498,2091,n6,light
867500,2133,n6,light
867502,2114,n6,light
867504,2077,n6,light
867506,2097,n6,light
867508,2128,n6,light
867510,2117,n6,light
867512,2069,n6,light
867514,2096,n6,light
867516,2135,n6,light
867518,2159,n6,light
867520,2101,n6,light
867522,2096,n6,light
867524,2129,n6,light
867526,2161,n6,light
867528,2109,n6,light
867530,2109,n6,light
867532,2143,n6,light
867534,2185,n6,light
867536,2137,n6,light
867538,2115,n6,light
867540,2145,n6,light
867542,2192,n6,light
867544,2151,n6,light
867546,2129,n6,light
867548,2160,n6,light
867550,2193,n6,light
867552,2180,n6,light
867554,2135,n6,light
867556,2154,n6,light
867558,2191,n6,light
867560,2189,n6,light
867562,2139,n6,light
867564,2163,n6,light
867566,2208,n6,light
867568,2229,n6,light
867570,2166,n6,light
867572,2178,n6,light
867574,2219,n6,light
867576,2243,n6,light
867578,2178,n6,light
867580,2176,n6,light
867582,2208,n6,light
867584,2239,n6,light
867586,2187,n6,light
867588,2160,n6,light
867590,2195,n6,light
867592,2231,n6,light
867594,2194,n6,light
867596,2171,n6,light
867598,2202,n6,light
867600,2238,n6,light
867602,2213,n6,light
867604,2167,n6,light
867606,2179,n6,light
867608,2211,n6,light
867610,2195,n6,light
867612,2135,n6,light
867614,2139,n6,light
867616,2174,n6,light
867618,2197,n6,light
867620,2142,n6,light
867622,2144,n6,light
867624,2167,n6,light
867626,2187,n6,light
867628,2127,n6,light
867630,2127,n6,light
867632,2160,n6,light
867634,2198,n6,light
867636,2154,n6,light
867638,2127,n6,light
867640,2153,n6,light
867642,2193,n6,light
867644,2167,n6,light
867646,2135,n6,light
867648,2165,n6,light
867650,2214,n6,light
867652,2201,n6,light
867654,2160,n6,light
867656,2186,n6,light
867658,2212,n6,light
867660,2204,n6,light
867662,2147,n6,light
867664,2163,n6,light
867666,2207,n6,light
867668,2240,n6,light
867670,2179,n6,light
867672,2179,n6,light
867674,2209,n6,light
867676,2230,n6,light
867678,2163,n6,light
867680,2163,n6,light
867682,2195,n6,light
867684,2231,n6,light
867686,2175,n6,light
867688,2169,n6,light
867690,2193,n6,light
867692,2223,n6,light
867694,2186,n6,light
867696,2158,n6,light
867698,2177,n6,light
867700,2222,n6,light
867702,2209,n6,light
867704,2165,n6,light
867706,2177,n6,light
867708,2209,n6,light
867710,2209,n6,light
867712,2157,n6,light
867714,2173,n6,light
867716,2213,n6,light
867718,2226,n6,light
867720,2170,n6,light
867722,2191,n6,light
867724,2227,n6,light
867726,2239,n6,light
867728,2171,n6,light
867730,2190,n6,light
867732,2233,n6,light
867734,2261,n6,light
867736,2205,n6,light
867738,2183,n6,light
867740,2204,n6,light
867742,2247,n6,light
867744,2218,n6,light
867746,2188,n6,light
867748,2223,n6,light
867750,2267,n6,light
867752,2240,n6,light
867754,2213,n6,light
867756,2240,n6,light
867758,2253,n6,light
867760,2229,n6,light
867762,2176,n6,light
867764,2192,n6,light
867766,2204,n6,light
867768,2188,n6,light
867770,2110,n6,light
867772,2083,n6,light
867774,2113,n6,light
867776,2146,n6,light
867778,2095,n6,light
867780,2118,n6,light
867782,2158,n6,light
867784,2192,n6,light
867786,2134,n6,light
867788,2128,n6,light
867790,2161,n6,light
867792,2202,n6,light
867794,2179,n6,light
867796,2144,n6,light
867798,2160,n6,light
867800,2208,n6,light
867802,2210,n6,light
867804,2157,n6,light
867806,2176,n6,light
867808,2221,n6,light
867810,2215,n6,light
867812,2158,n6,light
867814,2171,n6,light
867816,2189,n6,light
867818,2180,n6,light
867820,2121,n6,light
867822,2119,n6,light
867824,2149,n6,light
867826,2159,n6,light
867828,2099,n6,light
867830,2122,n6,light
867832,2166,n6,light
867834,2203,n6,light
867836,2144,n6,light
867838,2142,n6,light
867840,2197,n6,light
867842,2261,n6,light
867844,2227,n6,light
867846,2219,n6,light
867848,2262,n6,light
867850,2335,n6,light
867852,2319,n6,light
867854,2259,n6,light
867856,2282,n6,light
867858,2321,n6,light
867860,2320,n6,light
867862,2255,n6,light
867864,2266,n6,light
867866,2317,n6,light
867868,2314,n6,light
867870,2238,n6,light
867872,2223,n6,light
867874,2237,n6,light
867876,2246,n6,light
867878,2180,n6,light
867880,2182,n6,light
867882,2208,n6,light
867884,2251,n6,light
867886,2195,n6,light
867888,2192,n6,light
867890,2229,n6,light
867892,2259,n6,light
867894,2208,n6,light
867896,2192,n6,light
867898,2224,n6,light
867900,2256,n6,light
867902,2233,n6,light
867904,2185,n6,light
867906,2193,n6,light
867908,2231,n6,light
867910,2231,n6,light
867912,2177,n6,light
867914,2199,n6,light
867916,2241,n6,light
867918,2247,n6,light
867920,2179,n6,light
867922,2182,n6,light
867924,2218,n6,light
867926,2253,n6,light
867928,2192,n6,light
867930,2181,n6,light
867932,2222,n6,light
867934,2265,n6,light
867936,2215,n6,light
867938,2191,n6,light
867940,2223,n6,light
867942,2261,n6,light
867944,2210,n6,light
867946,2194,n6,light
867948,2242,n6,light
867950,2311,n6,light
867952,2288,n6,light
867954,2245,n6,light
867956,2270,n6,light
867958,2301,n6,light
867960,2294,n6,light
867962,2237,n6,light
867964,2241,n6,light
867966,2288,n6,light
867968,2307,n6,light
867970,2249,n6,light
867972,2254,n6,light
867974,2288,n6,light
867976,2305,n6,light
867978,2239,n6,light
867980,2239,n6,light
867982,2277,n6,light
867984,2298,n6,light
867986,2231,n6,light
867988,2210,n6,light
867990,2224,n6,light
867992,2255,n6,light
867994,2210,n6,light
867996,2191,n6,light
867998,2222,n6,light
868000,2267,n6,light
868002,2249,n6,light
868004,2200,n6,light
868006,2223,n6,light
868008,2262,n6,light
868010,2259,n6,light
868012,2208,n6,light
868014,2235,n6,light
868016,2281,n6,light
868018,2285,n6,light
868020,2213,n6,light
868022,2206,n6,light
868024,2250,n6,light
868026,2257,n6,light
868028,2194,n6,light
868030,2192,n6,light
868032,2229,n6,light
868034,2265,n6,light
868036,2214,n6,light
868038,2189,n6,light
868040,2223,n6,light
868042,2273,n6,light
868044,2228,n6,light
868046,2196,n6,light
868048,2226,n6,light
868050,2288,n6,light
868052,2288,n6,light
868054,2231,n6,light
868056,2247,n6,light
868058,2287,n6,light
868060,2279,n6,light
868062,2217,n6,light
868064,2222,n6,light
868066,2261,n6,light
868068,2283,n6,light
868070,2217,n6,light
868072,2206,n6,light
868074,2237,n6,light
868076,2256,n6,light
868078,2193,n6,light
868080,2192,n6,light
868082,2213,n6,light
868084,2244,n6,light
868086,2192,n6,light
868088,2171,n6,light
868090,2203,n6,light
868092,2247,n6,light
868094,2203,n6,light
868096,2179,n6,light
868098,2213,n6,light
868100,2265,n6,light
868102,2256,n6,light
868104,2210,n6,light
868106,2223,n6,light
868108,2256,n6,light
868110,2254,n6,light
868112,2191,n6,light
868114,2206,n6,light
868116,2251,n6,light
868118,2265,n6,light
868120,2208,n6,light
868122,2215,n6,light
868124,2242,n6,light
868126,2255,n6,light
868128,2192,n6,light
868130,2189,n6,light
868132,2217,n6,light
868134,2255,n6,light
868136,2208,n6,light
868138,2178,n6,light
868140,2193,n6,light
868142,2226,n6,light
868144,2192,n6,light
868146,2162,n6,light
868148,2187,n6,light
868150,2204,n6,light
868152,2173,n6,light
868154,2117,n6,light
868156,2127,n6,light
868158,2159,n6,light
868160,2141,n6,light
868162,2095,n6,light
868164,2096,n6,light
868166,2118,n6,light
868168,2149,n6,light
868170,2096,n6,light
868172,2096,n6,light
868174,2129,n6,light
868176,2155,n6,light
868178,2095,n6,light
868180,2095,n6,light
868182,2128,n6,light
868184,2165,n6,light
868186,2116,n6,light
868188,2112,n6,light
868190,2144,n6,light
868192,2171,n6,light
868194,2130,n6,light
868196,2111,n6,light
868198,2141,n6,light
868200,2192,n6,light
868202,2175,n6,light
868204,2122,n6,light
868206,2128,n6,light
868208,2171,n6,light
868210,2173,n6,light
868212,2112,n6,light
868214,2114,n6,light
868216,2146,n6,light
868218,2170,n6,light
868220,2109,n6,light
868222,2103,n6,light
868224,2135,n6,light
868226,2153,n6,light
868228,2094,n6,light
868230,2098,n6,light
868232,2131,n6,light
868234,2154,n6,light
868236,2096,n6,light
868238,2080,n6,light
868240,2123,n6,light
868242,2158,n6,light
868244,2109,n6,light
868246,2096,n6,light
868248,2128,n6,light
868250,2169,n6,light
868252,2157,n6,light
868254,2112,n6,light
868256,2129,n6,light
868258,2158,n6,light
868260,2139,n6,light
868262,2087,n6,light
868264,2096,n6,light
868266,2141,n6,light
868268,2158,n6,light
868270,2095,n6,light
868272,2107,n6,light
868274,2147,n6,light
868276,2181,n6,light
868278,2127,n6,light
868280,2123,n6,light
868282,2151,n6,light
868284,2187,n6,light
868286,2130,n6,light
868288,2102,n6,light
868290,2139,n6,light
868292,2178,n6,light
868294,2145,n6,light
868296,2109,n6,light
868298,2125,n6,light
868300,2165,n6,light
868302,2140,n6,light
868304,2109,n6,light
868306,2139,n6,light
868308,2187,n6,light
868310,2190,n6,light
868312,2127,n6,light
868314,2128,n6,light
868316,2160,n6,light
868318,2172,n6,light
868320,2112,n6,light
868322,2128,n6,light
868324,2159,n6,light
868326,2191,n6,light
868328,2128,n6,light
868330,2106,n6,light
868332,2123,n6,light
868334,2149,n6,light
868336,2093,n6,light
868338,2085,n6,light
868340,2122,n6,light
868342,2172,n6,light
868344,2133,n6,light
868346,2128,n6,light
868348,2158,n6,light
868350,2171,n6,light
868352,2129,n6,light
868354,2103,n6,light
868356,2121,n6,light
868358,2161,n6,light
868360,2170,n6,light
868362,2125,n6,light
868364,2131,n6,light
868366,2167,n6,light
868368,2173,n6,light
868370,2112,n6,light
868372,2114,n6,light
868374,2146,n6,light
868376,2160,n6,light
868378,2105,n6,light
868380,2091,n6,light
868382,2120,n6,light
868384,2146,n6,light
868386,2095,n6,light
868388,2085,n6,light
868390,2112,n6,light
868392,2160,n6,light
868394,2123,n6,light
868396,2099,n6,light
868398,2122,n6,light
868400,2159,n6,light
868402,2115,n6,light
868404,2086,n6,light
868406,2113,n6,light
868408,2151,n6,light
868410,2141,n6,light
868412,2091,n6,light
868414,2103,n6,light
868416,2142,n6,light
868418,2141,n6,light
868420,2086,n6,light
868422,2095,n6,light
868424,2121,n6,light
868426,2139,n6,light
868428,2074,n6,light
868430,2063,n6,light
868432,2090,n6,light
868434,2112,n6,light
868436,2043,n6,light
868438,2021,n6,light
868440,2054,n6,light
868442,2111,n6,light
868444,2077,n6,light
868446,2054,n6,light
868448,2090,n6,light
868450,2128,n6,light
868452,2101,n6,light
868454,2070,n6,light
868456,2111,n6,light
868458,2145,n6,light
868460,2127,n6,light
868462,2078,n6,light
868464,2097,n6,light
868466,2143,n6,light
868468,2149,n6,light
868470,2096,n6,light
868472,2115,n6,light
868474,2167,n6,light
868476,2194,n6,light
868478,2139,n6,light
868480,2142,n6,light
868482,2179,n6,light
868484,2211,n6,light
868486,2164,n6,light
868488,2147,n6,light
868490,2174,n6,light
868492,2213,n6,light
868494,2175,n6,light
868496,2151,n6,light
868498,2161,n6,light
868500,2192,n6,light
868502,2163,n6,light
868504,2126,n6,light
868506,2151,n6,light
868508,2189,n6,light
868510,2182,n6,light
868512,2127,n6,light
868514,2134,n6,light
868516,2175,n6,light
868518,2185,n6,light
868520,2128,n6,light
868522,2147,n6,light
868524,2193,n6,light
868526,2219,n6,light
868528,2147,n6,light
868530,2143,n6,light
868532,2166,n6,light
868534,2192,n6,light
868536,2138,n6,light
868538,2111,n6,light
868540,2133,n6,light
868542,2170,n6,light
868544,2133,n6,light
868546,2099,n6,light
868548,2107,n6,light
868550,2138,n6,light
868552,2117,n6,light
868554,2066,n6,light
868556,2080,n6,light
868558,2127,n6,light
868560,2128,n6,light
868562,2085,n6,light
868564,2099,n6,light
868566,2139,n6,light
868568,2146,n6,light
868570,2093,n6,light
868572,2099,n6,light
868574,2135,n6,light
868576,2158,n6,light
868578,2106,n6,light
868580,2096,n6,light
868582,2175,n6,light
868584,2227,n6,light
868586,2176,n6,light
868588,2157,n6,light
868590,2181,n6,light
868592,2221,n6,light
868594,2171,n6,light
868596,2131,n6,light
868598,2167,n6,light
868600,2222,n6,light
868602,2205,n6,light
868604,2160,n6,light
868606,2169,n6,light
868608,2197,n6,light
868610,2192,n6,light
868612,2130,n6,light
868614,2131,n6,light
868616,2160,n6,light
868618,2176,n6,light
868620,2109,n6,light
868622,2099,n6,light
868624,2128,n6,light
868626,2142,n6,light
868628,2083,n6,light
868630,2075,n6,light
868632,2090,n6,light
868634,2129,n6,light
868636,2091,n6,light
868638,2069,n6,light
868640,2107,n6,light
868642,2159,n6,light
868644,2121,n6,light
868646,2096,n6,light
868648,2133,n6,light
868650,2189,n6,light
868652,2162,n6,light
868654,2117,n6,light
868656,2126,n6,light
868658,2165,n6,light
868660,2182,n6,light
868662,2126,n6,light
868664,2148,n6,light
868666,2208,n6,light
868668,2226,n6,light
868670,2159,n6,light
868672,2157,n6,light
868674,2191,n6,light
868676,2215,n6,light
868678,2157,n6,light
868680,2159,n6,light
868682,2191,n6,light
868684,2227,n6,light
868686,2175,n6,light
868688,2173,n6,light
868690,2199,n6,light
868692,2217,n6,light
868694,2163,n6,light
868696,2130,n6,light
868698,2154,n6,light
868700,2197,n6,light
868702,2176,n6,light
868704,2130,n6,light
868706,2137,n6,light
868708,2172,n6,light
868710,2158,n6,light
868712,2089,n6,light
868714,2075,n6,light
868716,2128,n6,light
868718,2166,n6,light
868720,2103,n6,light
868722,2096,n6,light
868724,2133,n6,light
868726,2167,n6,light
868728,2107,n6,light
868730,2094,n6,light
868732,2125,n6,light
868734,2160,n6,light
868736,2112,n6,light
868738,2084,n6,light
868740,2110,n6,light
868742,2147,n6,light
868744,2103,n6,light
868746,2075,n6,light
868748,2106,n6,light
868750,2140,n6,light
868752,2117,n6,light
868754,2067,n6,light
868756,2091,n6,light
868758,2128,n6,light
868760,2127,n6,light
868762,2073,n6,light
868764,2084,n6,light
868766,2128,n6,light
868768,2142,n6,light
868770,2083,n6,light
868772,2085,n6,light
868774,2118,n6,light
868776,2146,n6,light
868778,2085,n6,light
868780,2085,n6,light
868782,2112,n6,light
868784,2145,n6,light
868786,2095,n6,light
868788,2066,n6,light
868790,2095,n6,light
868792,2128,n6,light
868794,2086,n6,light
868796,2057,n6,light
868798,2079,n6,light
868800,2123,n6,light
868802,2091,n6,light
868804,2041,n6,light
868806,2055,n6,light
868808,2097,n6,light
868810,2090,n6,light
868812,2037,n6,light
868814,2054,n6,light
868816,2096,n6,light
868818,2109,n6,light
868820,2043,n6,light
868822,2035,n6,light
868824,2073,n6,light
868826,2096,n6,light
868828,2032,n6,light
868830,2027,n6,light
868832,2064,n6,light
868834,2092,n6,light
868836,2026,n6,light
868838,1999,n6,light
868840,2014,n6,light
868842,2060,n6,light
868844,2022,n6,light
868846,1989,n6,light
868848,2012,n6,light
868850,2069,n6,light
868852,2066,n6,light
868854,2007,n6,light
868856,2021,n6,light
868858,2084,n6,light
868860,2093,n6,light
868862,2022,n6,light
868864,2028,n6,light
868866,2070,n6,light
868868,2082,n6,light
868870,2017,n6,light
868872,2017,n6,light
868874,2063,n6,light
868876,2090,n6,light
868878,2026,n6,light
868880,2034,n6,light
868882,2096,n6,light
868884,2134,n6,light
868886,2073,n6,light
868888,2064,n6,light
868890,2096,n6,light
868892,2128,n6,light
868894,2093,n6,light
868896,2047,n6,light
868898,2065,n6,light
868900,2096,n6,light
868902,2097,n6,light
868904,2031,n6,light
868906,2044,n6,light
868908,2103,n6,light
868910,2105,n6,light
868912,2047,n6,light
868914,2064,n6,light
868916,2110,n6,light
868918,2125,n6,light
868920,2066,n6,light
868922,2063,n6,light
868924,2095,n6,light
868926,2128,n6,light
868928,2064,n6,light
868930,2037,n6,light
868932,2063,n6,light
868934,2113,n6,light
868936,2069,n6,light
868938,2053,n6,light
868940,2081,n6,light
868942,2128,n6,light
868944,2093,n6,light
868946,2064,n6,light
868948,2080,n6,light
868950,2119,n6,light
868952,2098,n6,light
868954,2046,n6,light
868956,2065,n6,light
868958,2113,n6,light
868960,2117,n6,light
868962,2058,n6,light
868964,2074,n6,light
868966,2128,n6,light
868968,2149,n6,light
868970,2089,n6,light
868972,2082,n6,light
868974,2127,n6,light
868976,2167,n6,light
868978,2112,n6,light
868980,2116,n6,light
868982,2160,n6,light
868984,2190,n6,light
868986,2123,n6,light
868988,2105,n6,light
868990,2130,n6,light
868992,2188,n6,light
868994,2157,n6,light
868996,2130,n6,light
868998,2163,n6,light
869000,2207,n6,light
869002,2191,n6,light
869004,2138,n6,light
869006,2155,n6,light
869008,2204,n6,light
869010,2220,n6,light
869012,2155,n6,light
869014,2166,n6,light
869016,2224,n6,light
869018,2243,n6,light
869020,2177,n6,light
869022,2171,n6,light
869024,2209,n6,light
869026,2239,n6,light
869028,2169,n6,light
869030,2155,n6,light
869032,2192,n6,light
869034,2231,n6,light
869036,2171,n6,light
869038,2165,n6,light
869040,2178,n6,light
869042,2211,n6,light
869044,2167,n6,light
869046,2143,n6,light
869048,2171,n6,light
869050,2218,n6,light
869052,2202,n6,light
869054,2156,n6,light
869056,2177,n6,light
869058,2220,n6,light
869060,2223,n6,light
869062,2163,n6,light
869064,2170,n6,light
869066,2211,n6,light
869068,2217,n6,light
869070,2151,n6,light
869072,2147,n6,light
869074,2192,n6,light
869076,2224,n6,light
869078,2159,n6,light
869080,2165,n6,light
869082,2189,n6,light
869084,2213,n6,light
869086,2160,n6,light
869088,2135,n6,light
869090,2155,n6,light
869092,2192,n6,light
869094,2153,n6,light
869096,2115,n6,light
869098,2134,n6,light
869100,2185,n6,light
869102,2176,n6,light
869104,2119,n6,light
869106,2132,n6,light
869108,2190,n6,light
869110,2199,n6,light
869112,2134,n6,light
869114,2135,n6,light
869116,2187,n6,light
869118,2214,n6,light
869120,2148,n6,light
869122,2153,n6,light
869124,2207,n6,light
869126,2234,n6,light
869128,2163,n6,light
869130,2150,n6,light
869132,2185,n6,light
869134,2219,n6,light
869136,2160,n6,light
869138,2148,n6,light
869140,2176,n6,light
869142,2213,n6,light
869144,2164,n6,light
869146,2130,n6,light
869148,2148,n6,light
869150,2196,n6,light
869152,2174,n6,light
869154,2128,n6,light
869156,2142,n6,light
869158,2188,n6,light
869160,2189,n6,light
869162,2129,n6,light
869164,2135,n6,light
869166,2189,n6,light
869168,2205,n6,light
869170,2147,n6,light
869172,2145,n6,light
869174,2191,n6,light
869176,2227,n6,light
869178,2166,n6,light
869180,2162,n6,light
869182,2204,n6,light
869184,2243,n6,light
869186,2189,n6,light
869188,2170,n6,light
869190,2205,n6,light
869192,2254,n6,light
869194,2222,n6,light
869196,2175,n6,light
869198,2202,n6,light
869200,2253,n6,light
869202,2239,n6,light
869204,2182,n6,light
869206,2198,n6,light
869208,2246,n6,light
869210,2256,n6,light
869212,2198,n6,light
869214,2206,n6,light
869216,2249,n6,light
869218,2256,n6,light
869220,2192,n6,light
869222,2192,n6,light
869224,2237,n6,light
869226,2260,n6,light
869228,2192,n6,light
869230,2163,n6,light
869232,2197,n6,light
869234,2253,n6,light
869236,2198,n6,light
869238,2173,n6,light
869240,2207,n6,light
869242,2256,n6,light
869244,2215,n6,light
869246,2184,n6,light
869248,2206,n6,light
869250,2256,n6,light
869252,2238,n6,light
869254,2195,n6,light
869256,2207,n6,light
869258,2256,n6,light
869260,2256,n6,light
869262,2191,n6,light
869264,2193,n6,light
869266,2227,n6,light
869268,2247,n6,light
869270,2180,n6,light
869272,2165,n6,light
869274,2208,n6,light
869276,2240,n6,light
869278,2177,n6,light
869280,2149,n6,light
869282,2181,n6,light
869284,2237,n6,light
869286,2192,n6,light
869288,2160,n6,light
869290,2192,n6,light
869292,2237,n6,light
869294,2198,n6,light
869296,2159,n6,light
869298,2171,n6,light
869300,2219,n6,light
869302,2198,n6,light
869304,2146,n6,light
869306,2165,n6,light
869308,2215,n6,light
869310,2223,n6,light
869312,2157,n6,light
869314,2150,n6,light
869316,2205,n6,light
869318,2224,n6,light
869320,2157,n6,light
869322,2147,n6,light
869324,2186,n6,light
869326,2224,n6,light
869328,2165,n6,light
869330,2153,n6,light
869332,2191,n6,light
869334,2222,n6,light
869336,2166,n6,light
869338,2133,n6,light
869340,2151,n6,light
869342,2189,n6,light
869344,2155,n6,light
869346,2096,n6,light
869348,2118,n6,light
869350,2175,n6,light
869352,2158,n6,light
869354,2108,n6,light
869356,2131,n6,light
869358,2194,n6,light
869360,2206,n6,light
869362,2160,n6,light
869364,2179,n6,light
869366,2220,n6,light
869368,2231,n6,light
869370,2165,n6,light
869372,2163,n6,light
869374,2215,n6,light
869376,2261,n6,light
869378,2199,n6,light
869380,2191,n6,light
869382,2229,n6,light
869384,2274,n6,light
869386,2219,n6,light
869388,2192,n6,light
869390,2220,n6,light
869392,2262,n6,light
869394,2227,n6,light
869396,2189,n6,light
869398,2210,n6,light
869400,2257,n6,light
869402,2235,n6,light
869404,2177,n6,light
869406,2192,n6,light
869408,2247,n6,light
869410,2257,n6,light
869412,2193,n6,light
869414,2197,n6,light
869416,2251,n6,light
869418,2260,n6,light
869420,2193,n6,light
869422,2191,n6,light
869424,2240,n6,light
869426,2274,n6,light
869428,2205,n6,light
869430,2190,n6,light
869432,2237,n6,light
869434,2279,n6,light
869436,2224,n6,light
869438,2207,n6,light
869440,2243,n6,light
869442,2291,n6,light
869444,2257,n6,light
869446,2218,n6,light
869448,2243,n6,light
869450,2305,n6,light
869452,2287,n6,light
869454,2235,n6,light
869456,2246,n6,light
869458,2291,n6,light
869460,2295,n6,light
869462,2227,n6,light
869464,2229,n6,light
869466,2273,n6,light
869468,2298,n6,light
869470,2235,n6,light
869472,2235,n6,light
869474,2281,n6,light
869476,2313,n6,light
869478,2244,n6,light
869480,2229,n6,light
869482,2273,n6,light
869484,2313,n6,light
869486,2247,n6,light
869488,2226,n6,light
869490,2252,n6,light
869492,2285,n6,light
869494,2230,n6,light
869496,2182,n6,light
869498,2198,n6,light
869500,2246,n6,light
869502,2221,n6,light
869504,2166,n6,light
869506,2170,n6,light
869508,2220,n6,light
869510,2224,n6,light
869512,2158,n6,light
869514,2160,n6,light
869516,2201,n6,light
869518,2224,n6,light
869520,2158,n6,light
869522,2158,n6,light
869524,2199,n6,light
869526,2225,n6,light
869528,2158,n6,light
869530,2137,n6,light
869532,2175,n6,light
869534,2213,n6,light
869536,2160,n6,light
869538,2142,n6,light
869540,2181,n6,light
869542,2234,n6,light
869544,2199,n6,light
869546,2174,n6,light
869548,2202,n6,light
869550,2255,n6,light
869552,2227,n6,light
869554,2178,n6,light
869556,2192,n6,light
869558,2242,n6,light
869560,2251,n6,light
869562,2189,n6,light
869564,2189,n6,light
869566,2225,n6,light
869568,2243,n6,light
869570,2177,n6,light
869572,2181,n6,light
869574,2224,n6,light
869576,2253,n6,light
869578,2187,n6,light
869580,2177,n6,light
869582,2206,n6,light
869584,2239,n6,light
869586,2189,n6,light
869588,2160,n6,light
869590,2187,n6,light
869592,2235,n6,light
869594,2192,n6,light
869596,2143,n6,light
869598,2166,n6,light
869600,2210,n6,light
869602,2186,n6,light
869604,2128,n6,light
869606,2143,n6,light
869608,2202,n6,light
869610,2201,n6,light
869612,2143,n6,light
869614,2153,n6,light
869616,2202,n6,light
869618,2214,n6,light
869620,2145,n6,light
869622,2143,n6,light
869624,2198,n6,light
869626,2231,n6,light
869628,2166,n6,light
869630,2160,n6,light
869632,2192,n6,light
869634,2239,n6,light
869636,2187,n6,light
869638,2163,n6,light
869640,2209,n6,light
869642,2267,n6,light
869644,2224,n6,light
869646,2184,n6,light
869648,2213,n6,light
869650,2262,n6,light
869652,2238,n6,light
869654,2190,n6,light
869656,2207,n6,light
869658,2271,n6,light
869660,2269,n6,light
869662,2204,n6,light
869664,2210,n6,light
869666,2255,n6,light
869668,2275,n6,light
869670,2211,n6,light
869672,2214,n6,light
869674,2253,n6,light
869676,2276,n6,light
869678,2207,n6,light
869680,2192,n6,light
869682,2229,n6,light
869684,2263,n6,light
869686,2207,n6,light
869688,2180,n6,light
869690,2208,n6,light
869692,2271,n6,light
869694,2243,n6,light
869696,2195,n6,light
869698,2221,n6,light
869700,2277,n6,light
869702,2263,n6,light
869704,2197,n6,light
869706,2218,n6,light
869708,2287,n6,light
869710,2304,n6,light
869712,2238,n6,light
869714,2239,n6,light
869716,2288,n6,light
869718,2303,n6,light
869720,2239,n6,light
869722,2235,n6,light
869724,2287,n6,light
869726,2318,n6,light
869728,2247,n6,light
869730,2231,n6,light
869732,2257,n6,light
869734,2293,n6,light
869736,2230,n6,light
869738,2202,n6,light
869740,2227,n6,light
869742,2268,n6,light
869744,2225,n6,light
869746,2186,n6,light
869748,2206,n6,light
869750,2249,n6,light
869752,2223,n6,light
869754,2170,n6,light
869756,2193,n6,light
869758,2255,n6,light
869760,2253,n6,light
869762,2190,n6,light
869764,2188,n6,light
869766,2228,n6,light
869768,2255,n6,light
869770,2183,n6,light
869772,2186,n6,light
869774,2229,n6,light
869776,2271,n6,light
869778,2203,n6,light
869780,2192,n6,light
869782,2221,n6,light
869784,2251,n6,light
869786,2193,n6,light
869788,2175,n6,light
869790,2201,n6,light
869792,2258,n6,light
869794,2223,n6,light
869796,2188,n6,light
869798,2202,n6,light
869800,2244,n6,light
869802,2219,n6,light
869804,2160,n6,light
869806,2173,n6,light
869808,2224,n6,light
869810,2231,n6,light
869812,2160,n6,light
869814,2165,n6,light
869816,2217,n6,light
869818,2230,n6,light
869820,2161,n6,light
869822,2167,n6,light
869824,2215,n6,light
869826,2256,n6,light
869828,2191,n6,light
869830,2167,n6,light
869832,2219,n6,light
869834,2274,n6,light
869836,2218,n6,light
869838,2197,n6,light
869840,2241,n6,light
869842,2302,n6,light
869844,2263,n6,light
869846,2219,n6,light
869848,2243,n6,light
869850,2300,n6,light
869852,2278,n6,light
869854,2220,n6,light
869856,2239,n6,light
869858,2283,n6,light
869860,2285,n6,light
869862,2213,n6,light
869864,2221,n6,light
869866,2258,n6,light
869868,2263,n6,light
869870,2195,n6,light
869872,2195,n6,light
869874,2252,n6,light
869876,2286,n6,light
869878,2215,n6,light
869880,2197,n6,light
869882,2237,n6,light
869884,2279,n6,light
869886,2224,n6,light
869888,2198,n6,light
869890,2239,n6,light
869892,2291,n6,light
869894,2253,n6,light
869896,2208,n6,light
869898,2237,n6,light
869900,2279,n6,light
869902,2256,n6,light
869904,2199,n6,light
869906,2218,n6,light
869908,2274,n6,light
869910,2285,n6,light
869912,2214,n6,light
869914,2219,n6,light
869916,2269,n6,light
869918,2288,n6,light
869920,2221,n6,light
869922,2207,n6,light
869924,2253,n6,light
869926,2283,n6,light
869928,2216,n6,light
869930,2195,n6,light
869932,2233,n6,light
869934,2272,n6,light
869936,2221,n6,light
869938,2201,n6,light
869940,2247,n6,light
869942,2304,n6,light
869944,2257,n6,light
869946,2219,n6,light
869948,2251,n6,light
878972,1294,n6,light
878974,1238,n6,light
878976,1246,n6,light
878978,1273,n6,light
878980,1275,n6,light
878982,1247,n6,light
878984,1245,n6,light
878986,1294,n6,light
878988,1324,n6,light
878990,1298,n6,light
878992,1296,n6,light
878994,1339,n6,light
878996,1344,n6,light
878998,1325,n6,light
879000,1285,n6,light
879002,1318,n6,light
879004,1338,n6,light
879006,1328,n6,light
879008,1285,n6,light
879010,1333,n6,light
879012,1360,n6,light
879014,1347,n6,light
879016,1301,n6,light
879018,1333,n6,light
879020,1363,n6,light
879022,1360,n6,light
879024,1310,n6,light
879026,1330,n6,light
879028,1369,n6,light
879030,1364,n6,light
879032,1331,n6,light
879034,1323,n6,light
879036,1369,n6,light
879038,1392,n6,light
879040,1355,n6,light
879042,1347,n6,light
879044,1386,n6,light
879046,1397,n6,light
879048,1358,n6,light
879050,1341,n6,light
879052,1363,n6,light
879054,1360,n6,light
879056,1335,n6,light
879058,1296,n6,light
879060,1344,n6,light
879062,1362,n6,light
879064,1349,n6,light
879066,1297,n6,light
879068,1321,n6,light
879070,1361,n6,light
879072,1383,n6,light
879074,1333,n6,light
879076,1373,n6,light
879078,1422,n6,light
879080,1407,n6,light
879082,1361,n6,light
879084,1343,n6,light
879086,1380,n6,light
879088,1387,n6,light
879090,1353,n6,light
879092,1333,n6,light
879094,1363,n6,light
879096,1378,n6,light
879098,1353,n6,light
879100,1317,n6,light
879102,1361,n6,light
879104,1395,n6,light
879106,1391,n6,light
879108,1344,n6,light
879110,1392,n6,light
879112,1422,n6,light
879114,1421,n6,light
879116,1376,n6,light
879118,1401,n6,light
879120,1434,n6,light
879122,1429,n6,light
879124,1391,n6,light
879126,1376,n6,light
879128,1383,n6,light
879130,1399,n6,light
879132,1387,n6,light
879134,1363,n6,light
879136,1386,n6,light
879138,1383,n6,light
879140,1347,n6,light
879142,1328,n6,light
879144,1367,n6,light
879146,1365,n6,light
879148,1332,n6,light
879150,1296,n6,light
879152,1328,n6,light
879154,1342,n6,light
879156,1312,n6,light
879158,1267,n6,light
879160,1284,n6,light
879162,1296,n6,light
879164,1293,n6,light
879166,1246,n6,light
879168,1259,n6,light
879170,1296,n6,light
879172,1302,n6,light
879174,1257,n6,light
879176,1278,n6,light
879178,1316,n6,light
879180,1328,n6,light
879182,1287,n6,light
879184,1281,n6,light
879186,1313,n6,light
879188,1328,n6,light
879190,1310,n6,light
879192,1283,n6,light
879194,1328,n6,light
879196,1335,n6,light
879198,1328,n6,light
879200,1283,n6,light
879202,1323,n6,light
879204,1345,n6,light
879206,1328,n6,light
879208,1286,n6,light
879210,1319,n6,light
879212,1333,n6,light
879214,1333,n6,light
879216,1293,n6,light
879218,1327,n6,light
879220,1361,n6,light
879222,1360,n6,light
879224,1301,n6,light
879226,1315,n6,light
879228,1360,n6,light
879230,1365,n6,light
879232,1323,n6,light
879234,1328,n6,light
879236,1360,n6,light
879238,1360,n6,light
879240,1333,n6,light
879242,1319,n6,light
879244,1327,n6,light
879246,1321,n6,light
879248,1310,n6,light
879250,1274,n6,light
879252,1286,n6,light
879254,1290,n6,light
879256,1277,n6,light
879258,1233,n6,light
879260,1278,n6,light
879262,1291,n6,light
879264,1280,n6,light
879266,1237,n6,light
879268,1279,n6,light
879270,1323,n6,light
879272,1322,n6,light
879274,1274,n6,light
879276,1294,n6,light
879278,1328,n6,light
879280,1328,n6,light
879282,1296,n6,light
879284,1301,n6,light
879286,1345,n6,light
879288,1359,n6,light
879290,1328,n6,light
879292,1315,n6,light
879294,1361,n6,light
879296,1377,n6,light
879298,1357,n6,light
879300,1328,n6,light
879302,1369,n6,light
879304,1391,n6,light
879306,1373,n6,light
879308,1332,n6,light
879310,1369,n6,light
879312,1399,n6,light
879314,1390,n6,light
879316,1343,n6,light
879318,1371,n6,light
879320,1394,n6,light
879322,1399,n6,light
879324,1360,n6,light
879326,1392,n6,light
879328,1422,n6,light
879330,1408,n6,light
879332,1381,n6,light
879334,1380,n6,light
879336,1423,n6,light
879338,1424,n6,light
879340,1388,n6,light
879342,1363,n6,light
879344,1404,n6,light
879346,1421,n6,light
879348,1392,n6,light
879350,1365,n6,light
879352,1435,n6,light
879354,1475,n6,light
879356,1424,n6,light
879358,1411,n6,light
879360,1453,n6,light
879362,1472,n6,light
879364,1466,n6,light
879366,1417,n6,light
879368,1435,n6,light
879370,1467,n6,light
879372,1470,n6,light
879374,1424,n6,light
879376,1424,n6,light
879378,1463,n6,light
879380,1477,n6,light
879382,1433,n6,light
879384,1431,n6,light
879386,1467,n6,light
879388,1469,n6,light
879390,1428,n6,light
879392,1413,n6,light
879394,1455,n6,light
879396,1468,n6,light
879398,1447,n6,light
879400,1413,n6,light
879402,1462,n6,light
879404,1487,n6,light
879406,1470,n6,light
879408,1424,n6,light
879410,1462,n6,light
879412,1482,n6,light
879414,1479,n6,light
879416,1438,n6,light
879418,1488,n6,light
879420,1520,n6,light
879422,1498,n6,light
879424,1438,n6,light
879426,1459,n6,light
879428,1491,n6,light
879430,1488,n6,light
879432,1440,n6,light
879434,1444,n6,light
879436,1472,n6,light
879438,1477,n6,light
879440,1430,n6,light
879442,1435,n6,light
879444,1467,n6,light
879446,1456,n6,light
879448,1418,n6,light
879450,1383,n6,light
879452,1409,n6,light
879454,1413,n6,light
879456,1410,n6,light
879458,1372,n6,light
879460,1411,n6,light
879462,1427,n6,light
879464,1422,n6,light
879466,1375,n6,light
879468,1401,n6,light
879470,1433,n6,light
879472,1431,n6,light
879474,1392,n6,light
879476,1420,n6,light
879478,1451,n6,light
879480,1447,n6,light
879482,1395,n6,light
879484,1396,n6,light
879486,1426,n6,light
879488,1446,n6,light
879490,1418,n6,light
879492,1401,n6,light
879494,1439,n6,light
879496,1453,n6,light
879498,1425,n6,light
879500,1377,n6,light
879502,1413,n6,light
879504,1429,n6,light
879506,1409,n6,light
879508,1365,n6,light
879510,1403,n6,light
879512,1421,n6,light
879514,1409,n6,light
879516,1361,n6,light
879518,1394,n6,light
879520,1421,n6,light
879522,1411,n6,light
879524,1365,n6,light
879526,1364,n6,light
879528,1410,n6,light
879530,1427,n6,light
879532,1382,n6,light
879534,1379,n6,light
879536,1421,n6,light
879538,1424,n6,light
879540,1376,n6,light
879542,1367,n6,light
879544,1407,n6,light
879546,1415,n6,light
879548,1377,n6,light
879550,1351,n6,light
879552,1392,n6,light
879554,1402,n6,light
879556,1374,n6,light
879558,1335,n6,light
879560,1375,n6,light
879562,1397,n6,light
879564,1374,n6,light
879566,1324,n6,light
879568,1339,n6,light
879570,1361,n6,light
879572,1360,n6,light
879574,1313,n6,light
879576,1329,n6,light
879578,1351,n6,light
879580,1360,n6,light
879582,1323,n6,light
879584,1311,n6,light
879586,1351,n6,light
879588,1360,n6,light
879590,1327,n6,light
879592,1304,n6,light
879594,1335,n6,light
879596,1335,n6,light
879598,1323,n6,light
879600,1295,n6,light
879602,1330,n6,light
879604,1339,n6,light
879606,1335,n6,light
879608,1299,n6,light
879610,1346,n6,light
879612,1379,n6,light
879614,1375,n6,light
879616,1330,n6,light
879618,1351,n6,light
879620,1375,n6,light
879622,1371,n6,light
879624,1322,n6,light
879626,1342,n6,light
879628,1369,n6,light
879630,1360,n6,light
879632,1311,n6,light
879634,1318,n6,light
879636,1359,n6,light
879638,1361,n6,light
879640,1326,n6,light
879642,1312,n6,light
879644,1363,n6,light
879646,1387,n6,light
879648,1360,n6,light
879650,1328,n6,light
879652,1369,n6,light
879654,1392,n6,light
879656,1373,n6,light
879658,1331,n6,light
879660,1371,n6,light
879662,1392,n6,light
879664,1376,n6,light
879666,1331,n6,light
879668,1364,n6,light
879670,1392,n6,light
879672,1378,n6,light
879674,1328,n6,light
879676,1355,n6,light
879678,1375,n6,light
879680,1362,n6,light
879682,1325,n6,light
879684,1314,n6,light
879686,1341,n6,light
879688,1344,n6,light
879690,1306,n6,light
879692,1302,n6,light
879694,1328,n6,light
879696,1328,n6,light
879698,1296,n6,light
879700,1262,n6,light
879702,1300,n6,light
879704,1309,n6,light
879706,1286,n6,light
879708,1251,n6,light
879710,1293,n6,light
879712,1306,n6,light
879714,1281,n6,light
879716,1233,n6,light
879718,1255,n6,light
879720,1264,n6,light
879722,1265,n6,light
879724,1226,n6,light
879726,1245,n6,light
879728,1274,n6,light
879730,1262,n6,light
879732,1216,n6,light
879734,1211,n6,light
879736,1247,n6,light
879738,1267,n6,light
879740,1227,n6,light
879742,1232,n6,light
879744,1274,n6,light
879746,1282,n6,light
879748,1264,n6,light
879750,1234,n6,light
879752,1291,n6,light
879754,1333,n6,light
879756,1326,n6,light
879758,1290,n6,light
879760,1342,n6,light
879762,1369,n6,light
879764,1360,n6,light
879766,1314,n6,light
879768,1341,n6,light
879770,1360,n6,light
879772,1355,n6,light
879774,1302,n6,light
879776,1330,n6,light
879778,1351,n6,light
879780,1343,n6,light
879782,1298,n6,light
879784,1296,n6,light
879786,1328,n6,light
879788,1333,n6,light
879790,1301,n6,light
879792,1297,n6,light
879794,1325,n6,light
879796,1319,n6,light
879798,1296,n6,light
879800,1262,n6,light
879802,1281,n6,light
879804,1282,n6,light
879806,1255,n6,light
879808,1217,n6,light
879810,1257,n6,light
879812,1264,n6,light
879814,1251,n6,light
879816,1208,n6,light
879818,1245,n6,light
879820,1292,n6,light
879822,1306,n6,light
879824,1264,n6,light
879826,1307,n6,light
879828,1348,n6,light
879830,1350,n6,light
879832,1305,n6,light
879834,1305,n6,light
879836,1330,n6,light
879838,1335,n6,light
879840,1307,n6,light
879842,1292,n6,light
879844,1329,n6,light
879846,1338,n6,light
879848,1299,n6,light
879850,1279,n6,light
879852,1311,n6,light
879854,1318,n6,light
879856,1296,n6,light
879858,1266,n6,light
879860,1305,n6,light
879862,1310,n6,light
879864,1289,n6,light
879866,1237,n6,light
879868,1256,n6,light
879870,1278,n6,light
879872,1275,n6,light
879874,1231,n6,light
879876,1259,n6,light
879878,1285,n6,light
879880,1282,n6,light
879882,1239,n6,light
879884,1264,n6,light
879886,1296,n6,light
879888,1296,n6,light
879890,1255,n6,light
879892,1264,n6,light
879894,1301,n6,light
879896,1307,n6,light
879898,1274,n6,light
879900,1251,n6,light
879902,1286,n6,light
879904,1307,n6,light
879906,1299,n6,light
879908,1265,n6,light
879910,1298,n6,light
879912,1319,n6,light
879914,1317,n6,light
879916,1271,n6,light
879918,1295,n6,light
879920,1318,n6,light
879922,1314,n6,light
879924,1265,n6,light
879926,1271,n6,light
879928,1289,n6,light
879930,1291,n6,light
879932,1251,n6,light
879934,1239,n6,light
879936,1278,n6,light
879938,1285,n6,light
879940,1250,n6,light
879942,1249,n6,light
879944,1275,n6,light
879946,1274,n6,light
879948,1255,n6,light
879950,1223,n6,light
879952,1264,n6,light
879954,1279,n6,light
879956,1245,n6,light
879958,1207,n6,light
879960,1249,n6,light
879962,1264,n6,light
879964,1251,n6,light
879966,1207,n6,light
879968,1243,n6,light
879970,1267,n6,light
879972,1264,n6,light
879974,1217,n6,light
879976,1235,n6,light
879978,1255,n6,light
879980,1249,n6,light
879982,1213,n6,light
879984,1213,n6,light
879986,1243,n6,light
879988,1262,n6,light
879990,1232,n6,light
879992,1237,n6,light
879994,1287,n6,light
879996,1300,n6,light
879998,1268,n6,light
880000,1250,n6,light
880002,1289,n6,light
880004,1289,n6,light
880006,1276,n6,light
880008,1234,n6,light
880010,1277,n6,light
880012,1303,n6,light
880014,1296,n6,light
880016,1250,n6,light
880018,1277,n6,light
880020,1303,n6,light
880022,1309,n6,light
880024,1264,n6,light
880026,1285,n6,light
880028,1305,n6,light
880030,1309,n6,light
880032,1274,n6,light
880034,1275,n6,light
880036,1296,n6,light
880038,1303,n6,light
880040,1265,n6,light
880042,1259,n6,light
880044,1287,n6,light
880046,1299,n6,light
880048,1271,n6,light
880050,1254,n6,light
880052,1306,n6,light
880054,1325,n6,light
880056,1299,n6,light
880058,1273,n6,light
880060,1310,n6,light
880062,1335,n6,light
880064,1328,n6,light
880066,1279,n6,light
880068,1319,n6,light
880070,1349,n6,light
880072,1340,n6,light
880074,1291,n6,light
880076,1316,n6,light
880078,1346,n6,light
880080,1341,n6,light
880082,1291,n6,light
880084,1301,n6,light
880086,1328,n6,light
880088,1329,n6,light
880090,1296,n6,light
880092,1291,n6,light
880094,1328,n6,light
880096,1328,n6,light
880098,1293,n6,light
880100,1259,n6,light
880102,1277,n6,light
880104,1283,n6,light
880106,1264,n6,light
880108,1232,n6,light
880110,1264,n6,light
880112,1278,n6,light
880114,1261,n6,light
880116,1218,n6,light
880118,1239,n6,light
880120,1254,n6,light
880122,1257,n6,light
880124,1214,n6,light
880126,1233,n6,light
880128,1263,n6,light
880130,1262,n6,light
880132,1227,n6,light
880134,1226,n6,light
880136,1269,n6,light
880138,1303,n6,light
880140,1280,n6,light
880142,1282,n6,light
880144,1345,n6,light
880146,1360,n6,light
880148,1335,n6,light
880150,1312,n6,light
880152,1359,n6,light
880154,1378,n6,light
880156,1358,n6,light
880158,1328,n6,light
880160,1364,n6,light
880162,1386,n6,light
880164,1361,n6,light
880166,1312,n6,light
880168,1338,n6,light
880170,1360,n6,light
880172,1350,n6,light
880174,1297,n6,light
880176,1311,n6,light
880178,1335,n6,light
880180,1344,n6,light
880182,1299,n6,light
880184,1310,n6,light
880186,1345,n6,light
880188,1344,n6,light
880190,1319,n6,light
880192,1302,n6,light
880194,1328,n6,light
880196,1323,n6,light
880198,1308,n6,light
880200,1270,n6,light
880202,1307,n6,light
880204,1312,n6,light
880206,1286,n6,light
880208,1254,n6,light
880210,1283,n6,light
880212,1291,n6,light
880214,1266,n6,light
880216,1213,n6,light
880218,1235,n6,light
880220,1259,n6,light
880222,1252,n6,light
880224,1215,n6,light
880226,1243,n6,light
880228,1268,n6,light
880230,1278,n6,light
880232,1237,n6,light
880234,1253,n6,light
880236,1296,n6,light
880238,1315,n6,light
880240,1274,n6,light
880242,1279,n6,light
880244,1317,n6,light
880246,1317,n6,light
880248,1274,n6,light
880250,1247,n6,light
880252,1285,n6,light
880254,1303,n6,light
880256,1283,n6,light
880258,1250,n6,light
880260,1296,n6,light
880262,1328,n6,light
880264,1325,n6,light
880266,1280,n6,light
880268,1311,n6,light
880270,1338,n6,light
880272,1329,n6,light
880274,1283,n6,light
880276,1306,n6,light
880278,1326,n6,light
880280,1328,n6,light
880282,1289,n6,light
880284,1296,n6,light
880286,1328,n6,light
880288,1330,n6,light
880290,1291,n6,light
880292,1289,n6,light
880294,1327,n6,light
880296,1330,n6,light
880298,1294,n6,light
880300,1279,n6,light
880302,1328,n6,light
880304,1329,n6,light
880306,1297,n6,light
880308,1264,n6,light
880310,1303,n6,light
880312,1327,n6,light
880314,1310,n6,light
880316,1274,n6,light
880318,1311,n6,light
880320,1326,n6,light
880322,1313,n6,light
880324,1267,n6,light
880326,1296,n6,light
880328,1328,n6,light
880330,1332,n6,light
880332,1286,n6,light
880334,1307,n6,light
880336,1335,n6,light
880338,1327,n6,light
880340,1281,n6,light
880342,1269,n6,light
880344,1301,n6,light
880346,1308,n6,light
880348,1286,n6,light
880350,1269,n6,light
880352,1312,n6,light
880354,1317,n6,light
880356,1290,n6,light
880358,1251,n6,light
880360,1269,n6,light
880362,1291,n6,light
880364,1296,n6,light
880366,1261,n6,light
880368,1297,n6,light
880370,1328,n6,light
880372,1317,n6,light
880374,1266,n6,light
880376,1290,n6,light
880378,1313,n6,light
880380,1318,n6,light
880382,1282,n6,light
880384,1286,n6,light
880386,1309,n6,light
880388,1311,n6,light
880390,1277,n6,light
880392,1270,n6,light
880394,1310,n6,light
880396,1318,n6,light
880398,1273,n6,light
880400,1253,n6,light
880402,1293,n6,light
880404,1301,n6,light
880406,1281,n6,light
880408,1255,n6,light
880410,1296,n6,light
880412,1311,n6,light
880414,1296,n6,light
880416,1254,n6,light
880418,1279,n6,light
880420,1303,n6,light
880422,1307,n6,light
880424,1265,n6,light
880426,1296,n6,light
880428,1316,n6,light
880430,1301,n6,light
880432,1252,n6,light
880434,1264,n6,light
880436,1296,n6,light
880438,1299,n6,light
880440,1265,n6,light
880442,1263,n6,light
880444,1287,n6,light
880446,1290,n6,light
880448,1264,n6,light
880450,1232,n6,light
880452,1264,n6,light
880454,1269,n6,light
880456,1254,n6,light
880458,1223,n6,light
880460,1264,n6,light
880462,1277,n6,light
880464,1263,n6,light
880466,1216,n6,light
880468,1243,n6,light
880470,1269,n6,light
880472,1264,n6,light
880474,1223,n6,light
880476,1251,n6,light
880478,1264,n6,light
880480,1255,n6,light
880482,1215,n6,light
880484,1218,n6,light
880486,1260,n6,light
880488,1254,n6,light
880490,1214,n6,light
880492,1199,n6,light
880494,1231,n6,light
880496,1249,n6,light
880498,1231,n6,light
880500,1219,n6,light
880502,1266,n6,light
880504,1294,n6,light
880506,1280,n6,light
880508,1263,n6,light
880510,1313,n6,light
880512,1331,n6,light
880514,1313,n6,light
880516,1274,n6,light
880518,1299,n6,light
880520,1326,n6,light
880522,1322,n6,light
880524,1275,n6,light
880526,1289,n6,light
880528,1325,n6,light
880530,1319,n6,light
880532,1269,n6,light
880534,1265,n6,light
880536,1297,n6,light
880538,1317,n6,light
880540,1281,n6,light
880542,1285,n6,light
880544,1323,n6,light
880546,1342,n6,light
880548,1308,n6,light
880550,1295,n6,light
880552,1328,n6,light
880554,1339,n6,light
880556,1299,n6,light
880558,1268,n6,light
880560,1311,n6,light
880562,1328,n6,light
880564,1306,n6,light
880566,1265,n6,light
880568,1298,n6,light
880570,1329,n6,light
880572,1328,n6,light
880574,1279,n6,light
880576,1296,n6,light
880578,1328,n6,light
880580,1318,n6,light
880582,1271,n6,light
880584,1270,n6,light
880586,1293,n6,light
880588,1305,n6,light
880590,1269,n6,light
880592,1264,n6,light
880594,1296,n6,light
880596,1298,n6,light
880598,1268,n6,light
880600,1243,n6,light
880602,1276,n6,light
880604,1286,n6,light
880606,1257,n6,light
880608,1223,n6,light
880610,1264,n6,light
880612,1278,n6,light
880614,1263,n6,light
880616,1228,n6,light
880618,1262,n6,light
880620,1290,n6,light
880622,1281,n6,light
880624,1232,n6,light
880626,1249,n6,light
880628,1279,n6,light
880630,1296,n6,light
880632,1258,n6,light
880634,1260,n6,light
880636,1280,n6,light
880638,1281,n6,light
880640,1243,n6,light
880642,1240,n6,light
880644,1280,n6,light
880646,1278,n6,light
880648,1239,n6,light
880650,1217,n6,light
880652,1250,n6,light
880654,1267,n6,light
880656,1249,n6,light
880658,1226,n6,light
880660,1264,n6,light
880662,1279,n6,light
880664,1258,n6,light
880666,1216,n6,light
880668,1256,n6,light
880670,1294,n6,light
880672,1287,n6,light
880674,1249,n6,light
880676,1296,n6,light
880678,1328,n6,light
880680,1333,n6,light
880682,1295,n6,light
880684,1317,n6,light
880686,1347,n6,light
880688,1355,n6,light
880690,1324,n6,light
880692,1314,n6,light
880694,1350,n6,light
880696,1369,n6,light
880698,1338,n6,light
880700,1331,n6,light
880702,1367,n6,light
880704,1390,n6,light
880706,1360,n6,light
880708,1333,n6,light
880710,1367,n6,light
880712,1373,n6,light
880714,1359,n6,light
880716,1309,n6,light
880718,1337,n6,light
880720,1360,n6,light
880722,1347,n6,light
880724,1299,n6,light
880726,1332,n6,light
880728,1353,n6,light
880730,1345,n6,light
880732,1295,n6,light
880734,1303,n6,light
880736,1328,n6,light
880738,1328,n6,light
880740,1290,n6,light
880742,1280,n6,light
880744,1305,n6,light
880746,1316,n6,light
880748,1281,n6,light
880750,1264,n6,light
880752,1299,n6,light
880754,1302,n6,light
880756,1271,n6,light
880758,1261,n6,light
880760,1303,n6,light
880762,1312,n6,light
880764,1291,n6,light
880766,1253,n6,light
880768,1295,n6,light
880770,1317,n6,light
880772,1302,n6,light
880774,1251,n6,light
880776,1274,n6,light
880778,1296,n6,light
880780,1289,n6,light
880782,1238,n6,light
880784,1244,n6,light
880786,1277,n6,light
880788,1271,n6,light
880790,1228,n6,light
880792,1225,n6,light
880794,1259,n6,light
880796,1269,n6,light
880798,1245,n6,light
880800,1230,n6,light
880802,1273,n6,light
880804,1293,n6,light
880806,1263,n6,light
880808,1227,n6,light
880810,1267,n6,light
880812,1287,n6,light
880814,1269,n6,light
880816,1230,n6,light
880818,1264,n6,light
880820,1282,n6,light
880822,1280,n6,light
880824,1234,n6,light
880826,1276,n6,light
880828,1308,n6,light
880830,1294,n6,light
880832,1248,n6,light
880834,1261,n6,light
880836,1280,n6,light
880838,1275,n6,light
880840,1237,n6,light
880842,1245,n6,light
880844,1276,n6,light
880846,1275,n6,light
880848,1240,n6,light
880850,1227,n6,light
880852,1280,n6,light
880854,1296,n6,light
880856,1267,n6,light
880858,1238,n6,light
880860,1277,n6,light
880862,1285,n6,light
880864,1271,n6,light
880866,1228,n6,light
880868,1254,n6,light
880870,1268,n6,light
880872,1254,n6,light
880874,1208,n6,light
880876,1234,n6,light
880878,1254,n6,light
880880,1238,n6,light
880882,1198,n6,light
880884,1209,n6,light
880886,1226,n6,light
880888,1227,n6,light
880890,1186,n6,light
880892,1195,n6,light
880894,1232,n6,light
880896,1233,n6,light
880898,1201,n6,light
880900,1194,n6,light
880902,1243,n6,light
880904,1264,n6,light
880906,1236,n6,light
880908,1211,n6,light
880910,1251,n6,light
880912,1255,n6,light
880914,1236,n6,light
880916,1191,n6,light
880918,1219,n6,light
880920,1248,n6,light
880922,1237,n6,light
880924,1200,n6,light
880926,1239,n6,light
880928,1258,n6,light
880930,1258,n6,light
880932,1214,n6,light
880934,1234,n6,light
880936,1270,n6,light
880938,1279,n6,light
880940,1234,n6,light
880942,1245,n6,light
880944,1281,n6,light
880946,1282,n6,light
880948,1246,n6,light
880950,1229,n6,light
880952,1265,n6,light
880954,1271,n6,light
880956,1239,n6,light
880958,1210,n6,light
880960,1247,n6,light
880962,1261,n6,light
880964,1250,n6,light
880966,1211,n6,light
880968,1261,n6,light
880970,1291,n6,light
880972,1268,n6,light
880974,1223,n6,light
880976,1253,n6,light
880978,1276,n6,light
880980,1266,n6,light
880982,1229,n6,light
880984,1245,n6,light
880986,1282,n6,light
880988,1287,n6,light
880990,1246,n6,light
880992,1253,n6,light
880994,1296,n6,light
880996,1298,n6,light
880998,1265,n6,light
881000,1247,n6,light
881002,1282,n6,light
881004,1298,n6,light
881006,1280,n6,light
881008,1249,n6,light
881010,1283,n6,light
881012,1303,n6,light
881014,1296,n6,light
881016,1257,n6,light
881018,1290,n6,light
881020,1325,n6,light
881022,1315,n6,light
881024,1268,n6,light
881026,1295,n6,light
881028,1319,n6,light
881030,1314,n6,light
881032,1268,n6,light
881034,1283,n6,light
881036,1322,n6,light
881038,1326,n6,light
881040,1283,n6,light
881042,1295,n6,light
881044,1328,n6,light
881046,1327,n6,light
881048,1281,n6,light
881050,1265,n6,light
881052,1295,n6,light
881054,1297,n6,light
881056,1276,n6,light
881058,1251,n6,light
881060,1296,n6,light
881062,1314,n6,light
881064,1296,n6,light
881066,1262,n6,light
881068,1302,n6,light
881070,1344,n6,light
881072,1337,n6,light
881074,1293,n6,light
881076,1327,n6,light
881078,1339,n6,light
881080,1338,n6,light
881082,1291,n6,light
881084,1290,n6,light
881086,1323,n6,light
881088,1327,n6,light
881090,1280,n6,light
881092,1282,n6,light
881094,1328,n6,light
881096,1325,n6,light
881098,1289,n6,light
881100,1271,n6,light
881102,1299,n6,light
881104,1303,n6,light
881106,1292,n6,light
881108,1263,n6,light
881110,1296,n6,light
881112,1326,n6,light
881114,1307,n6,light
881116,1265,n6,light
881118,1309,n6,light
881120,1335,n6,light
881122,1311,n6,light
881124,1264,n6,light
881126,1296,n6,light
881128,1321,n6,light
881130,1327,n6,light
881132,1280,n6,light
881134,1305,n6,light
881136,1341,n6,light
881138,1360,n6,light
881140,1325,n6,light
881142,1343,n6,light
881144,1386,n6,light
881146,1392,n6,light
881148,1349,n6,light
881150,1334,n6,light
881152,1366,n6,light
881154,1380,n6,light
881156,1357,n6,light
881158,1328,n6,light
881160,1367,n6,light
881162,1375,n6,light
881164,1343,n6,light
881166,1297,n6,light
881168,1325,n6,light
881170,1334,n6,light
881172,1318,n6,light
881174,1273,n6,light
881176,1303,n6,light
881178,1322,n6,light
881180,1322,n6,light
881182,1277,n6,light
881184,1297,n6,light
881186,1328,n6,light
881188,1331,n6,light
881190,1287,n6,light
881192,1299,n6,light
881194,1339,n6,light
881196,1339,n6,light
881198,1295,n6,light
881200,1283,n6,light
881202,1325,n6,light
881204,1328,n6,light
881206,1296,n6,light
881208,1274,n6,light
881210,1313,n6,light
881212,1328,n6,light
881214,1308,n6,light
881216,1268,n6,light
881218,1312,n6,light
881220,1341,n6,light
881222,1319,n6,light
881224,1269,n6,light
881226,1296,n6,light
881228,1321,n6,light
881230,1323,n6,light
881232,1274,n6,light
881234,1294,n6,light
881236,1329,n6,light
881238,1328,n6,light
881240,1287,n6,light
881242,1301,n6,light
881244,1338,n6,light
881246,1339,n6,light
881248,1306,n6,light
881250,1290,n6,light
881252,1330,n6,light
881254,1342,n6,light
881256,1314,n6,light
881258,1290,n6,light
881260,1319,n6,light
881262,1329,n6,light
881264,1307,n6,light
881266,1271,n6,light
881268,1305,n6,light
881270,1321,n6,light
881272,1312,n6,light
881274,1267,n6,light
881276,1305,n6,light
881278,1343,n6,light
881280,1345,n6,light
881282,1301,n6,light
881284,1330,n6,light
881286,1360,n6,light
881288,1350,n6,light
881290,1301,n6,light
881292,1303,n6,light
881294,1333,n6,light
881296,1339,n6,light
881298,1298,n6,light
881300,1294,n6,light
881302,1328,n6,light
881304,1336,n6,light
881306,1322,n6,light
881308,1296,n6,light
881310,1347,n6,light
881312,1364,n6,light
881314,1345,n6,light
881316,1307,n6,light
881318,1342,n6,light
881320,1360,n6,light
881322,1339,n6,light
881324,1296,n6,light
881326,1326,n6,light
881328,1334,n6,light
881330,1330,n6,light
881332,1293,n6,light
881334,1311,n6,light
881336,1338,n6,light
881338,1343,n6,light
881340,1298,n6,light
881342,1318,n6,light
881344,1357,n6,light
881346,1355,n6,light
881348,1312,n6,light
881350,1309,n6,light
881352,1334,n6,light
881354,1328,n6,light
881356,1296,n6,light
881358,1264,n6,light
881360,1296,n6,light
881362,1308,n6,light
881364,1286,n6,light
881366,1247,n6,light
881368,1281,n6,light
881370,1296,n6,light
881372,1283,n6,light
881374,1243,n6,light
881376,1274,n6,light
881378,1296,n6,light
881380,1296,n6,light
881382,1256,n6,light
881384,1270,n6,light
881386,1295,n6,light
881388,1296,n6,light
881390,1262,n6,light
881392,1261,n6,light
881394,1291,n6,light
881396,1296,n6,light
881398,1267,n6,light
881400,1254,n6,light
881402,1279,n6,light
881404,1284,n6,light
881406,1269,n6,light
881408,1249,n6,light
881410,1298,n6,light
881412,1311,n6,light
881414,1281,n6,light
881416,1242,n6,light
881418,1280,n6,light
881420,1302,n6,light
881422,1290,n6,light
881424,1243,n6,light
881426,1264,n6,light
881428,1283,n6,light
881430,1288,n6,light
881432,1243,n6,light
881434,1270,n6,light
881436,1306,n6,light
881438,1297,n6,light
881440,1246,n6,light
881442,1263,n6,light
881444,1295,n6,light
881446,1302,n6,light
881448,1262,n6,light
881450,1259,n6,light
881452,1303,n6,light
881454,1318,n6,light
881456,1279,n6,light
881458,1273,n6,light
881460,1314,n6,light
881462,1319,n6,light
881464,1283,n6,light
881466,1252,n6,light
881468,1293,n6,light
881470,1296,n6,light
881472,1264,n6,light
881474,1216,n6,light
881476,1243,n6,light
881478,1270,n6,light
881480,1265,n6,light
881482,1226,n6,light
881484,1242,n6,light
881486,1265,n6,light
881488,1267,n6,light
881490,1225,n6,light
881492,1235,n6,light
881494,1255,n6,light
881496,1268,n6,light
881498,1235,n6,light
881500,1230,n6,light
881502,1263,n6,light
881504,1280,n6,light
881506,1258,n6,light
881508,1237,n6,light
881510,1286,n6,light
881512,1307,n6,light
881514,1286,n6,light
881516,1251,n6,light
881518,1287,n6,light
881520,1307,n6,light
881522,1296,n6,light
881524,1255,n6,light
881526,1287,n6,light
881528,1306,n6,light
881530,1296,n6,light
881532,1251,n6,light
881534,1275,n6,light
881536,1318,n6,light
881538,1313,n6,light
881540,1261,n6,light
881542,1274,n6,light
881544,1305,n6,light
881546,1303,n6,light
881548,1263,n6,light
881550,1257,n6,light
881552,1293,n6,light
881554,1287,n6,light
881556,1261,n6,light
881558,1232,n6,light
881560,1269,n6,light
881562,1282,n6,light
881564,1264,n6,light
881566,1232,n6,light
881568,1274,n6,light
881570,1300,n6,light
881572,1291,n6,light
881574,1249,n6,light
881576,1279,n6,light
881578,1296,n6,light
881580,1281,n6,light
881582,1239,n6,light
881584,1263,n6,light
881586,1292,n6,light
881588,1278,n6,light
881590,1231,n6,light
881592,1235,n6,light
881594,1259,n6,light
881596,1262,n6,light
881598,1232,n6,light
881600,1220,n6,light
881602,1266,n6,light
881604,1296,n6,light
881606,1270,n6,light
881608,1261,n6,light
881610,1303,n6,light
881612,1331,n6,light
881614,1313,n6,light
881616,1279,n6,light
881618,1323,n6,light
881620,1349,n6,light
881622,1335,n6,light
881624,1296,n6,light
881626,1331,n6,light
881628,1362,n6,light
881630,1360,n6,light
881632,1313,n6,light
881634,1344,n6,light
881636,1381,n6,light
881638,1375,n6,light
881640,1328,n6,light
881642,1335,n6,light
881644,1360,n6,light
881646,1370,n6,light
881648,1337,n6,light
881650,1328,n6,light
881652,1375,n6,light
881654,1383,n6,light
881656,1345,n6,light
881658,1326,n6,light
881660,1360,n6,light
881662,1369,n6,light
881664,1338,n6,light
881666,1297,n6,light
881668,1335,n6,light
881670,1359,n6,light
881672,1346,n6,light
881674,1307,n6,light
881676,1347,n6,light
881678,1372,n6,light
881680,1360,n6,light
881682,1317,n6,light
881684,1343,n6,light
881686,1375,n6,light
881688,1365,n6,light
881690,1321,n6,light
881692,1335,n6,light
881694,1363,n6,light
881696,1375,n6,light
881698,1333,n6,light
881700,1334,n6,light
881702,1377,n6,light
881704,1394,n6,light
881706,1365,n6,light
881708,1346,n6,light
881710,1393,n6,light
881712,1398,n6,light
881714,1375,n6,light
881716,1339,n6,light
881718,1384,n6,light
881720,1409,n6,light
881722,1399,n6,light
881724,1353,n6,light
881726,1387,n6,light
881728,1408,n6,light
881730,1403,n6,light
881732,1351,n6,light
881734,1365,n6,light
881736,1406,n6,light
881738,1395,n6,light
881740,1346,n6,light
881742,1360,n6,light
881744,1390,n6,light
881746,1391,n6,light
881748,1343,n6,light
881750,1339,n6,light
881752,1382,n6,light
881754,1393,n6,light
881756,1363,n6,light
881758,1352,n6,light
881760,1395,n6,light
881762,1415,n6,light
881764,1388,n6,light
881766,1352,n6,light
881768,1392,n6,light
881770,1405,n6,light
881772,1395,n6,light
881774,1357,n6,light
881776,1382,n6,light
881778,1399,n6,light
881780,1392,n6,light
881782,1344,n6,light
881784,1357,n6,light
881786,1381,n6,light
881788,1392,n6,light
881790,1348,n6,light
881792,1359,n6,light
881794,1386,n6,light
881796,1389,n6,light
881798,1360,n6,light
881800,1347,n6,light
881802,1395,n6,light
881804,1417,n6,light
881806,1384,n6,light
881808,1371,n6,light
881810,1417,n6,light
881812,1424,n6,light
881814,1397,n6,light
881816,1354,n6,light
881818,1384,n6,light
881820,1414,n6,light
881822,1405,n6,light
881824,1358,n6,light
881826,1392,n6,light
881828,1408,n6,light
881830,1395,n6,light
881832,1347,n6,light
881834,1372,n6,light
881836,1397,n6,light
881838,1386,n6,light
881840,1335,n6,light
881842,1351,n6,light
881844,1366,n6,light
881846,1361,n6,light
881848,1328,n6,light
881850,1316,n6,light
881852,1351,n6,light
881854,1360,n6,light
881856,1328,n6,light
881858,1312,n6,light
881860,1338,n6,light
881862,1338,n6,light
881864,1315,n6,light
881866,1277,n6,light
881868,1317,n6,light
881870,1341,n6,light
881872,1311,n6,light
881874,1271,n6,light
881876,1297,n6,light
881878,1313,n6,light
881880,1296,n6,light
881882,1255,n6,light
881884,1285,n6,light
881886,1302,n6,light
881888,1296,n6,light
881890,1250,n6,light
881892,1267,n6,light
881894,1294,n6,light
881896,1297,n6,light
881898,1264,n6,light
881900,1275,n6,light
881902,1318,n6,light
881904,1327,n6,light
881906,1282,n6,light
881908,1264,n6,light
881910,1295,n6,light
881912,1309,n6,light
881914,1293,n6,light
881916,1258,n6,light
881918,1286,n6,light
881920,1300,n6,light
881922,1291,n6,light
881924,1251,n6,light
881926,1285,n6,light
881928,1298,n6,light
881930,1287,n6,light
881932,1242,n6,light
881934,1264,n6,light
881936,1296,n6,light
881938,1296,n6,light
881940,1250,n6,light
881942,1254,n6,light
881944,1280,n6,light
881946,1294,n6,light
881948,1259,n6,light
881950,1253,n6,light
881952,1294,n6,light
881954,1295,n6,light
881956,1262,n6,light
881958,1238,n6,light
881960,1279,n6,light
881962,1296,n6,light
881964,1267,n6,light
881966,1239,n6,light
881968,1281,n6,light
881970,1295,n6,light
881972,1279,n6,light
890998,1503,n6,light
891000,1535,n6,light
891002,1530,n6,light
891004,1480,n6,light
891006,1485,n6,light
891008,1522,n6,light
891010,1532,n6,light
891012,1493,n6,light
891014,1485,n6,light
891016,1520,n6,light
891018,1535,n6,light
891020,1529,n6,light
891022,1505,n6,light
891024,1566,n6,light
891026,1589,n6,light
891028,1581,n6,light
891030,1526,n6,light
891032,1555,n6,light
891034,1575,n6,light
891036,1555,n6,light
891038,1498,n6,light
891040,1519,n6,light
891042,1534,n6,light
891044,1535,n6,light
891046,1491,n6,light
891048,1515,n6,light
891050,1535,n6,light
891052,1554,n6,light
891054,1504,n6,light
891056,1517,n6,light
891058,1559,n6,light
891060,1570,n6,light
891062,1535,n6,light
891064,1515,n6,light
891066,1565,n6,light
891068,1573,n6,light
891070,1535,n6,light
891072,1499,n6,light
891074,1535,n6,light
891076,1583,n6,light
891078,1559,n6,light
891080,1513,n6,light
891082,1555,n6,light
891084,1574,n6,light
891086,1535,n6,light
891088,1494,n6,light
891090,1525,n6,light
891092,1535,n6,light
891094,1554,n6,light
891096,1503,n6,light
891098,1535,n6,light
891100,1601,n6,light
891102,1596,n6,light
891104,1530,n6,light
891106,1567,n6,light
891108,1602,n6,light
891110,1602,n6,light
891112,1535,n6,light
891114,1535,n6,light
891116,1584,n6,light
891118,1584,n6,light
891120,1526,n6,light
891122,1503,n6,light
891124,1526,n6,light
891126,1535,n6,light
891128,1534,n6,light
891130,1487,n6,light
891132,1507,n6,light
891134,1530,n6,light
891136,1520,n6,light
891138,1472,n6,light
891140,1504,n6,light
891142,1535,n6,light
891144,1535,n6,light
891146,1487,n6,light
891148,1505,n6,light
891150,1535,n6,light
891152,1555,n6,light
891154,1510,n6,light
891156,1512,n6,light
891158,1535,n6,light
891160,1562,n6,light
891162,1535,n6,light
891164,1520,n6,light
891166,1574,n6,light
891168,1583,n6,light
891170,1535,n6,light
891172,1509,n6,light
891174,1535,n6,light
891176,1559,n6,light
891178,1535,n6,light
891180,1494,n6,light
891182,1527,n6,light
891184,1559,n6,light
891186,1535,n6,light
891188,1490,n6,light
891190,1520,n6,light
891192,1558,n6,light
891194,1565,n6,light
891196,1504,n6,light
891198,1517,n6,light
891200,1535,n6,light
891202,1573,n6,light
891204,1525,n6,light
891206,1526,n6,light
891208,1571,n6,light
891210,1584,n6,light
891212,1559,n6,light
891214,1521,n6,light
891216,1535,n6,light
891218,1582,n6,light
891220,1575,n6,light
891222,1535,n6,light
891224,1611,n6,light
891226,1642,n6,light
891228,1610,n6,light
891230,1571,n6,light
891232,1600,n6,light
891234,1622,n6,light
891236,1593,n6,light
891238,1535,n6,light
891240,1584,n6,light
891242,1606,n6,light
891244,1597,n6,light
891246,1535,n6,light
891248,1535,n6,light
891250,1573,n6,light
891252,1577,n6,light
891254,1521,n6,light
891256,1535,n6,light
891258,1573,n6,light
891260,1583,n6,light
891262,1535,n6,light
891264,1521,n6,light
891266,1570,n6,light
891268,1584,n6,light
891270,1535,n6,light
891272,1520,n6,light
891274,1555,n6,light
891276,1583,n6,light
891278,1562,n6,light
891280,1513,n6,light
891282,1535,n6,light
891284,1582,n6,light
891286,1581,n6,light
891288,1523,n6,light
891290,1568,n6,light
891292,1600,n6,light
891294,1594,n6,light
891296,1533,n6,light
891298,1535,n6,light
891300,1584,n6,light
891302,1575,n6,light
891304,1511,n6,light
891306,1517,n6,light
891308,1555,n6,light
891310,1569,n6,light
891312,1517,n6,light
891314,1520,n6,light
891316,1555,n6,light
891318,1554,n6,light
891320,1517,n6,light
891322,1481,n6,light
891324,1521,n6,light
891326,1556,n6,light
891328,1535,n6,light
891330,1506,n6,light
891332,1535,n6,light
891334,1574,n6,light
891336,1558,n6,light
891338,1501,n6,light
891340,1508,n6,light
891342,1535,n6,light
891344,1565,n6,light
891346,1518,n6,light
891348,1523,n6,light
891350,1555,n6,light
891352,1535,n6,light
891354,1501,n6,light
891356,1499,n6,light
891358,1520,n6,light
891360,1520,n6,light
891362,1472,n6,light
891364,1456,n6,light
891366,1467,n6,light
891368,1463,n6,light
891370,1423,n6,light
891372,1399,n6,light
891374,1441,n6,light
891376,1456,n6,light
891378,1441,n6,light
891380,1399,n6,light
891382,1447,n6,light
891384,1473,n6,light
891386,1454,n6,light
891388,1405,n6,light
891390,1440,n6,light
891392,1457,n6,light
891394,1458,n6,light
891396,1413,n6,light
891398,1437,n6,light
891400,1459,n6,light
891402,1469,n6,light
891404,1424,n6,light
891406,1444,n6,light
891408,1475,n6,light
891410,1478,n6,light
891412,1439,n6,light
891414,1427,n6,light
891416,1469,n6,light
891418,1491,n6,light
891420,1458,n6,light
891422,1439,n6,light
891424,1473,n6,light
891426,1488,n6,light
891428,1488,n6,light
891430,1441,n6,light
891432,1472,n6,light
891434,1489,n6,light
891436,1472,n6,light
891438,1424,n6,light
891440,1467,n6,light
891442,1493,n6,light
891444,1483,n6,light
891446,1424,n6,light
891448,1445,n6,light
891450,1471,n6,light
891452,1482,n6,light
891454,1434,n6,light
891456,1453,n6,light
891458,1487,n6,light
891460,1499,n6,light
891462,1458,n6,light
891464,1442,n6,light
891466,1465,n6,light
891468,1462,n6,light
891470,1436,n6,light
891472,1413,n6,light
891474,1447,n6,light
891476,1456,n6,light
891478,1425,n6,light
891480,1398,n6,light
891482,1429,n6,light
891484,1455,n6,light
891486,1429,n6,light
891488,1392,n6,light
891490,1425,n6,light
891492,1446,n6,light
891494,1443,n6,light
891496,1391,n6,light
891498,1406,n6,light
891500,1427,n6,light
891502,1430,n6,light
891504,1387,n6,light
891506,1395,n6,light
891508,1414,n6,light
891510,1412,n6,light
891512,1378,n6,light
891514,1355,n6,light
891516,1379,n6,light
891518,1387,n6,light
891520,1355,n6,light
891522,1328,n6,light
891524,1369,n6,light
891526,1399,n6,light
891528,1382,n6,light
891530,1345,n6,light
891532,1392,n6,light
891534,1402,n6,light
891536,1388,n6,light
891538,1339,n6,light
891540,1370,n6,light
891542,1392,n6,light
891544,1392,n6,light
891546,1345,n6,light
891548,1377,n6,light
891550,1404,n6,light
891552,1396,n6,light
891554,1353,n6,light
891556,1377,n6,light
891558,1414,n6,light
891560,1423,n6,light
891562,1386,n6,light
891564,1380,n6,light
891566,1419,n6,light
891568,1442,n6,light
891570,1419,n6,light
891572,1408,n6,light
891574,1456,n6,light
891576,1465,n6,light
891578,1435,n6,light
891580,1393,n6,light
891582,1439,n6,light
891584,1461,n6,light
891586,1439,n6,light
891588,1394,n6,light
891590,1437,n6,light
891592,1461,n6,light
891594,1456,n6,light
891596,1406,n6,light
891598,1420,n6,light
891600,1442,n6,light
891602,1449,n6,light
891604,1407,n6,light
891606,1409,n6,light
891608,1438,n6,light
891610,1439,n6,light
891612,1408,n6,light
891614,1399,n6,light
891616,1440,n6,light
891618,1438,n6,light
891620,1397,n6,light
891622,1379,n6,light
891624,1424,n6,light
891626,1435,n6,light
891628,1408,n6,light
891630,1369,n6,light
891632,1405,n6,light
891634,1431,n6,light
891636,1415,n6,light
891638,1370,n6,light
891640,1408,n6,light
891642,1440,n6,light
891644,1431,n6,light
891646,1383,n6,light
891648,1399,n6,light
891650,1424,n6,light
891652,1422,n6,light
891654,1371,n6,light
891656,1378,n6,light
891658,1392,n6,light
891660,1389,n6,light
891662,1354,n6,light
891664,1331,n6,light
891666,1365,n6,light
891668,1376,n6,light
891670,1357,n6,light
891672,1329,n6,light
891674,1360,n6,light
891676,1367,n6,light
891678,1369,n6,light
891680,1328,n6,light
891682,1363,n6,light
891684,1392,n6,light
891686,1375,n6,light
891688,1335,n6,light
891690,1375,n6,light
891692,1404,n6,light
891694,1391,n6,light
891696,1340,n6,light
891698,1360,n6,light
891700,1398,n6,light
891702,1402,n6,light
891704,1355,n6,light
891706,1371,n6,light
891708,1403,n6,light
891710,1414,n6,light
891712,1374,n6,light
891714,1363,n6,light
891716,1394,n6,light
891718,1403,n6,light
891720,1387,n6,light
891722,1360,n6,light
891724,1411,n6,light
891726,1436,n6,light
891728,1408,n6,light
891730,1378,n6,light
891732,1415,n6,light
891734,1424,n6,light
891736,1407,n6,light
891738,1360,n6,light
891740,1392,n6,light
891742,1402,n6,light
891744,1407,n6,light
891746,1360,n6,light
891748,1389,n6,light
891750,1410,n6,light
891752,1421,n6,light
891754,1381,n6,light
891756,1382,n6,light
891758,1420,n6,light
891760,1437,n6,light
891762,1398,n6,light
891764,1388,n6,light
891766,1422,n6,light
891768,1429,n6,light
891770,1388,n6,light
891772,1376,n6,light
891774,1425,n6,light
891776,1433,n6,light
891778,1409,n6,light
891780,1377,n6,light
891782,1417,n6,light
891784,1425,n6,light
891786,1408,n6,light
891788,1365,n6,light
891790,1407,n6,light
891792,1428,n6,light
891794,1418,n6,light
891796,1367,n6,light
891798,1393,n6,light
891800,1430,n6,light
891802,1431,n6,light
891804,1389,n6,light
891806,1406,n6,light
891808,1424,n6,light
891810,1424,n6,light
891812,1389,n6,light
891814,1377,n6,light
891816,1417,n6,light
891818,1426,n6,light
891820,1387,n6,light
891822,1367,n6,light
891824,1419,n6,light
891826,1439,n6,light
891828,1418,n6,light
891830,1381,n6,light
891832,1423,n6,light
891834,1453,n6,light
891836,1449,n6,light
891838,1407,n6,light
891840,1456,n6,light
891842,1486,n6,light
891844,1472,n6,light
891846,1418,n6,light
891848,1453,n6,light
891850,1485,n6,light
891852,1485,n6,light
891854,1438,n6,light
891856,1469,n6,light
891858,1505,n6,light
891860,1508,n6,light
891862,1458,n6,light
891864,1459,n6,light
891866,1493,n6,light
891868,1498,n6,light
891870,1461,n6,light
891872,1443,n6,light
891874,1481,n6,light
891876,1488,n6,light
891878,1459,n6,light
891880,1437,n6,light
891882,1476,n6,light
891884,1490,n6,light
891886,1462,n6,light
891888,1421,n6,light
891890,1455,n6,light
891892,1486,n6,light
891894,1483,n6,light
891896,1427,n6,light
891898,1444,n6,light
891900,1475,n6,light
891902,1486,n6,light
891904,1449,n6,light
891906,1438,n6,light
891908,1472,n6,light
891910,1493,n6,light
891912,1461,n6,light
891914,1443,n6,light
891916,1468,n6,light
891918,1469,n6,light
891920,1437,n6,light
891922,1413,n6,light
891924,1441,n6,light
891926,1454,n6,light
891928,1418,n6,light
891930,1386,n6,light
891932,1418,n6,light
891934,1417,n6,light
891936,1392,n6,light
891938,1349,n6,light
891940,1389,n6,light
891942,1405,n6,light
891944,1396,n6,light
891946,1354,n6,light
891948,1388,n6,light
891950,1427,n6,light
891952,1426,n6,light
891954,1378,n6,light
891956,1399,n6,light
891958,1429,n6,light
891960,1437,n6,light
891962,1397,n6,light
891964,1393,n6,light
891966,1434,n6,light
891968,1434,n6,light
891970,1399,n6,light
891972,1386,n6,light
891974,1411,n6,light
891976,1434,n6,light
891978,1415,n6,light
891980,1394,n6,light
891982,1438,n6,light
891984,1457,n6,light
891986,1439,n6,light
891988,1393,n6,light
891990,1440,n6,light
891992,1469,n6,light
891994,1456,n6,light
891996,1405,n6,light
891998,1427,n6,light
892000,1453,n6,light
892002,1446,n6,light
892004,1395,n6,light
892006,1415,n6,light
892008,1427,n6,light
892010,1422,n6,light
892012,1390,n6,light
892014,1381,n6,light
892016,1403,n6,light
892018,1407,n6,light
892020,1375,n6,light
892022,1366,n6,light
892024,1396,n6,light
892026,1397,n6,light
892028,1382,n6,light
892030,1349,n6,light
892032,1382,n6,light
892034,1398,n6,light
892036,1377,n6,light
892038,1334,n6,light
892040,1373,n6,light
892042,1391,n6,light
892044,1373,n6,light
892046,1319,n6,light
892048,1328,n6,light
892050,1360,n6,light
892052,1360,n6,light
892054,1315,n6,light
892056,1331,n6,light
892058,1347,n6,light
892060,1341,n6,light
892062,1299,n6,light
892064,1296,n6,light
892066,1339,n6,light
892068,1358,n6,light
892070,1319,n6,light
892072,1317,n6,light
892074,1361,n6,light
892076,1372,n6,light
892078,1350,n6,light
892080,1321,n6,light
892082,1359,n6,light
892084,1387,n6,light
892086,1370,n6,light
892088,1337,n6,light
892090,1387,n6,light
892092,1402,n6,light
892094,1379,n6,light
892096,1328,n6,light
892098,1342,n6,light
892100,1360,n6,light
892102,1355,n6,light
892104,1303,n6,light
892106,1328,n6,light
892108,1351,n6,light
892110,1349,n6,light
892112,1297,n6,light
892114,1315,n6,light
892116,1355,n6,light
892118,1355,n6,light
892120,1312,n6,light
892122,1319,n6,light
892124,1354,n6,light
892126,1370,n6,light
892128,1346,n6,light
892130,1324,n6,light
892132,1362,n6,light
892134,1383,n6,light
892136,1360,n6,light
892138,1325,n6,light
892140,1360,n6,light
892142,1377,n6,light
892144,1360,n6,light
892146,1319,n6,light
892148,1344,n6,light
892150,1360,n6,light
892152,1358,n6,light
892154,1312,n6,light
892156,1333,n6,light
892158,1351,n6,light
892160,1339,n6,light
892162,1297,n6,light
892164,1284,n6,light
892166,1318,n6,light
892168,1333,n6,light
892170,1310,n6,light
892172,1310,n6,light
892174,1352,n6,light
892176,1380,n6,light
892178,1365,n6,light
892180,1344,n6,light
892182,1387,n6,light
892184,1403,n6,light
892186,1392,n6,light
892188,1350,n6,light
892190,1387,n6,light
892192,1402,n6,light
892194,1387,n6,light
892196,1335,n6,light
892198,1355,n6,light
892200,1373,n6,light
892202,1367,n6,light
892204,1328,n6,light
892206,1360,n6,light
892208,1383,n6,light
892210,1378,n6,light
892212,1328,n6,light
892214,1339,n6,light
892216,1371,n6,light
892218,1371,n6,light
892220,1342,n6,light
892222,1317,n6,light
892224,1342,n6,light
892226,1375,n6,light
892228,1361,n6,light
892230,1339,n6,light
892232,1380,n6,light
892234,1389,n6,light
892236,1360,n6,light
892238,1322,n6,light
892240,1355,n6,light
892242,1378,n6,light
892244,1367,n6,light
892246,1328,n6,light
892248,1349,n6,light
892250,1375,n6,light
892252,1375,n6,light
892254,1328,n6,light
892256,1338,n6,light
892258,1367,n6,light
892260,1381,n6,light
892262,1348,n6,light
892264,1355,n6,light
892266,1392,n6,light
892268,1388,n6,light
892270,1349,n6,light
892272,1343,n6,light
892274,1385,n6,light
892276,1393,n6,light
892278,1363,n6,light
892280,1342,n6,light
892282,1378,n6,light
892284,1392,n6,light
892286,1371,n6,light
892288,1333,n6,light
892290,1367,n6,light
892292,1382,n6,light
892294,1363,n6,light
892296,1325,n6,light
892298,1351,n6,light
892300,1367,n6,light
892302,1360,n6,light
892304,1315,n6,light
892306,1349,n6,light
892308,1377,n6,light
892310,1360,n6,light
892312,1316,n6,light
892314,1309,n6,light
892316,1331,n6,light
892318,1343,n6,light
892320,1315,n6,light
892322,1307,n6,light
892324,1339,n6,light
892326,1351,n6,light
892328,1338,n6,light
892330,1312,n6,light
892332,1347,n6,light
892334,1366,n6,light
892336,1361,n6,light
892338,1327,n6,light
892340,1367,n6,light
892342,1398,n6,light
892344,1397,n6,light
892346,1350,n6,light
892348,1385,n6,light
892350,1408,n6,light
892352,1399,n6,light
892354,1347,n6,light
892356,1365,n6,light
892358,1392,n6,light
892360,1392,n6,light
892362,1346,n6,light
892364,1360,n6,light
892366,1383,n6,light
892368,1377,n6,light
892370,1339,n6,light
892372,1335,n6,light
892374,1375,n6,light
892376,1389,n6,light
892378,1360,n6,light
892380,1341,n6,light
892382,1379,n6,light
892384,1393,n6,light
892386,1376,n6,light
892388,1342,n6,light
892390,1371,n6,light
892392,1391,n6,light
892394,1384,n6,light
892396,1338,n6,light
892398,1372,n6,light
892400,1390,n6,light
892402,1390,n6,light
892404,1346,n6,light
892406,1359,n6,light
892408,1396,n6,light
892410,1408,n6,light
892412,1365,n6,light
892414,1366,n6,light
892416,1405,n6,light
892418,1413,n6,light
892420,1376,n6,light
892422,1383,n6,light
892424,1423,n6,light
892426,1430,n6,light
892428,1392,n6,light
892430,1374,n6,light
892432,1419,n6,light
892434,1430,n6,light
892436,1405,n6,light
892438,1371,n6,light
892440,1418,n6,light
892442,1440,n6,light
892444,1424,n6,light
892446,1376,n6,light
892448,1394,n6,light
892450,1424,n6,light
892452,1425,n6,light
892454,1378,n6,light
892456,1392,n6,light
892458,1414,n6,light
892460,1431,n6,light
892462,1397,n6,light
892464,1404,n6,light
892466,1446,n6,light
892468,1451,n6,light
892470,1402,n6,light
892472,1399,n6,light
892474,1427,n6,light
892476,1427,n6,light
892478,1408,n6,light
892480,1386,n6,light
892482,1429,n6,light
892484,1449,n6,light
892486,1427,n6,light
892488,1394,n6,light
892490,1442,n6,light
892492,1461,n6,light
892494,1442,n6,light
892496,1392,n6,light
892498,1422,n6,light
892500,1447,n6,light
892502,1439,n6,light
892504,1392,n6,light
892506,1417,n6,light
892508,1441,n6,light
892510,1439,n6,light
892512,1392,n6,light
892514,1402,n6,light
892516,1439,n6,light
892518,1443,n6,light
892520,1397,n6,light
892522,1383,n6,light
892524,1424,n6,light
892526,1441,n6,light
892528,1415,n6,light
892530,1395,n6,light
892532,1431,n6,light
892534,1453,n6,light
892536,1437,n6,light
892538,1403,n6,light
892540,1447,n6,light
892542,1471,n6,light
892544,1456,n6,light
892546,1411,n6,light
892548,1439,n6,light
892550,1462,n6,light
892552,1455,n6,light
892554,1406,n6,light
892556,1438,n6,light
892558,1453,n6,light
892560,1446,n6,light
892562,1398,n6,light
892564,1403,n6,light
892566,1425,n6,light
892568,1427,n6,light
892570,1389,n6,light
892572,1381,n6,light
892574,1418,n6,light
892576,1424,n6,light
892578,1395,n6,light
892580,1387,n6,light
892582,1435,n6,light
892584,1453,n6,light
892586,1415,n6,light
892588,1389,n6,light
892590,1421,n6,light
892592,1449,n6,light
892594,1442,n6,light
892596,1399,n6,light
892598,1435,n6,light
892600,1461,n6,light
892602,1457,n6,light
892604,1407,n6,light
892606,1424,n6,light
892608,1447,n6,light
892610,1453,n6,light
892612,1403,n6,light
892614,1409,n6,light
892616,1436,n6,light
892618,1442,n6,light
892620,1403,n6,light
892622,1398,n6,light
892624,1429,n6,light
892626,1426,n6,light
892628,1393,n6,light
892630,1370,n6,light
892632,1399,n6,light
892634,1406,n6,light
892636,1370,n6,light
892638,1339,n6,light
892640,1376,n6,light
892642,1377,n6,light
892644,1355,n6,light
892646,1310,n6,light
892648,1342,n6,light
892650,1365,n6,light
892652,1353,n6,light
892654,1310,n6,light
892656,1339,n6,light
892658,1355,n6,light
892660,1344,n6,light
892662,1295,n6,light
892664,1312,n6,light
892666,1346,n6,light
892668,1359,n6,light
892670,1313,n6,light
892672,1331,n6,light
892674,1377,n6,light
892676,1388,n6,light
892678,1354,n6,light
892680,1338,n6,light
892682,1376,n6,light
892684,1399,n6,light
892686,1386,n6,light
892688,1357,n6,light
892690,1408,n6,light
892692,1425,n6,light
892694,1408,n6,light
892696,1359,n6,light
892698,1377,n6,light
892700,1403,n6,light
892702,1397,n6,light
892704,1347,n6,light
892706,1367,n6,light
892708,1392,n6,light
892710,1393,n6,light
892712,1349,n6,light
892714,1363,n6,light
892716,1393,n6,light
892718,1392,n6,light
892720,1351,n6,light
892722,1346,n6,light
892724,1385,n6,light
892726,1390,n6,light
892728,1346,n6,light
892730,1326,n6,light
892732,1360,n6,light
892734,1387,n6,light
892736,1360,n6,light
892738,1333,n6,light
892740,1382,n6,light
892742,1403,n6,light
892744,1385,n6,light
892746,1345,n6,light
892748,1379,n6,light
892750,1389,n6,light
892752,1376,n6,light
892754,1328,n6,light
892756,1362,n6,light
892758,1393,n6,light
892760,1385,n6,light
892762,1334,n6,light
892764,1343,n6,light
892766,1375,n6,light
892768,1385,n6,light
892770,1344,n6,light
892772,1355,n6,light
892774,1394,n6,light
892776,1407,n6,light
892778,1379,n6,light
892780,1360,n6,light
892782,1399,n6,light
892784,1421,n6,light
892786,1397,n6,light
892788,1370,n6,light
892790,1423,n6,light
892792,1447,n6,light
892794,1427,n6,light
892796,1390,n6,light
892798,1423,n6,light
892800,1445,n6,light
892802,1439,n6,light
892804,1392,n6,light
892806,1423,n6,light
892808,1443,n6,light
892810,1434,n6,light
892812,1383,n6,light
892814,1392,n6,light
892816,1424,n6,light
892818,1425,n6,light
892820,1378,n6,light
892822,1381,n6,light
892824,1411,n6,light
892826,1423,n6,light
892828,1403,n6,light
892830,1394,n6,light
892832,1441,n6,light
892834,1455,n6,light
892836,1424,n6,light
892838,1382,n6,light
892840,1419,n6,light
892842,1447,n6,light
892844,1431,n6,light
892846,1392,n6,light
892848,1423,n6,light
892850,1447,n6,light
892852,1421,n6,light
892854,1366,n6,light
892856,1392,n6,light
892858,1411,n6,light
892860,1410,n6,light
892862,1366,n6,light
892864,1382,n6,light
892866,1415,n6,light
892868,1417,n6,light
892870,1373,n6,light
892872,1373,n6,light
892874,1407,n6,light
892876,1409,n6,light
892878,1375,n6,light
892880,1360,n6,light
892882,1392,n6,light
892884,1407,n6,light
892886,1393,n6,light
892888,1360,n6,light
892890,1409,n6,light
892892,1426,n6,light
892894,1413,n6,light
892896,1365,n6,light
892898,1389,n6,light
892900,1408,n6,light
892902,1404,n6,light
892904,1358,n6,light
892906,1386,n6,light
892908,1404,n6,light
892910,1398,n6,light
892912,1351,n6,light
892914,1363,n6,light
892916,1398,n6,light
892918,1398,n6,light
892920,1360,n6,light
892922,1350,n6,light
892924,1379,n6,light
892926,1404,n6,light
892928,1374,n6,light
892930,1359,n6,light
892932,1408,n6,light
892934,1414,n6,light
892936,1375,n6,light
892938,1347,n6,light
892940,1375,n6,light
892942,1387,n6,light
892944,1362,n6,light
892946,1321,n6,light
892948,1348,n6,light
892950,1364,n6,light
892952,1347,n6,light
892954,1298,n6,light
892956,1324,n6,light
892958,1339,n6,light
892960,1345,n6,light
892962,1303,n6,light
892964,1307,n6,light
892966,1331,n6,light
892968,1345,n6,light
892970,1307,n6,light
892972,1309,n6,light
892974,1345,n6,light
892976,1353,n6,light
892978,1322,n6,light
892980,1309,n6,light
892982,1346,n6,light
892984,1360,n6,light
892986,1334,n6,light
892988,1303,n6,light
892990,1340,n6,light
892992,1365,n6,light
892994,1363,n6,light
892996,1328,n6,light
892998,1376,n6,light
893000,1408,n6,light
893002,1406,n6,light
893004,1360,n6,light
893006,1405,n6,light
893008,1427,n6,light
893010,1424,n6,light
893012,1374,n6,light
893014,1393,n6,light
893016,1437,n6,light
893018,1447,n6,light
893020,1403,n6,light
893022,1419,n6,light
893024,1442,n6,light
893026,1451,n6,light
893028,1419,n6,light
893030,1394,n6,light
893032,1424,n6,light
893034,1434,n6,light
893036,1409,n6,light
893038,1379,n6,light
893040,1418,n6,light
893042,1422,n6,light
893044,1410,n6,light
893046,1366,n6,light
893048,1399,n6,light
893050,1422,n6,light
893052,1407,n6,light
893054,1358,n6,light
893056,1391,n6,light
893058,1411,n6,light
893060,1405,n6,light
893062,1357,n6,light
893064,1377,n6,light
893066,1406,n6,light
893068,1415,n6,light
893070,1379,n6,light
893072,1386,n6,light
893074,1429,n6,light
893076,1439,n6,light
893078,1397,n6,light
893080,1387,n6,light
893082,1422,n6,light
893084,1426,n6,light
893086,1399,n6,light
893088,1373,n6,light
893090,1413,n6,light
893092,1427,n6,light
893094,1415,n6,light
893096,1374,n6,light
893098,1412,n6,light
893100,1437,n6,light
893102,1426,n6,light
893104,1378,n6,light
893106,1397,n6,light
893108,1433,n6,light
893110,1436,n6,light
893112,1383,n6,light
893114,1383,n6,light
893116,1413,n6,light
893118,1422,n6,light
893120,1374,n6,light
893122,1381,n6,light
893124,1424,n6,light
893126,1430,n6,light
893128,1398,n6,light
893130,1392,n6,light
893132,1424,n6,light
893134,1442,n6,light
893136,1419,n6,light
893138,1392,n6,light
893140,1429,n6,light
893142,1446,n6,light
893144,1424,n6,light
893146,1380,n6,light
893148,1407,n6,light
893150,1428,n6,light
893152,1426,n6,light
893154,1383,n6,light
893156,1424,n6,light
893158,1459,n6,light
893160,1455,n6,light
893162,1396,n6,light
893164,1418,n6,light
893166,1438,n6,light
893168,1441,n6,light
893170,1392,n6,light
893172,1391,n6,light
893174,1419,n6,light
893176,1422,n6,light
893178,1389,n6,light
893180,1364,n6,light
893182,1398,n6,light
893184,1406,n6,light
893186,1379,n6,light
893188,1359,n6,light
893190,1402,n6,light
893192,1421,n6,light
893194,1392,n6,light
893196,1356,n6,light
893198,1398,n6,light
893200,1418,n6,light
893202,1395,n6,light
893204,1362,n6,light
893206,1397,n6,light
893208,1398,n6,light
893210,1392,n6,light
893212,1343,n6,light
893214,1360,n6,light
893216,1383,n6,light
893218,1397,n6,light
893220,1360,n6,light
893222,1373,n6,light
893224,1418,n6,light
893226,1434,n6,light
893228,1394,n6,light
893230,1387,n6,light
893232,1417,n6,light
893234,1423,n6,light
893236,1405,n6,light
893238,1376,n6,light
893240,1413,n6,light
893242,1424,n6,light
893244,1405,n6,light
893246,1370,n6,light
893248,1409,n6,light
893250,1427,n6,light
893252,1409,n6,light
893254,1360,n6,light
893256,1393,n6,light
893258,1414,n6,light
893260,1418,n6,light
893262,1373,n6,light
893264,1407,n6,light
893266,1431,n6,light
893268,1420,n6,light
893270,1370,n6,light
893272,1373,n6,light
893274,1408,n6,light
893276,1417,n6,light
893278,1385,n6,light
893280,1371,n6,light
893282,1407,n6,light
893284,1435,n6,light
893286,1407,n6,light
893288,1393,n6,light
893290,1425,n6,light
893292,1441,n6,light
893294,1422,n6,light
893296,1389,n6,light
893298,1424,n6,light
893300,1432,n6,light
893302,1415,n6,light
893304,1371,n6,light
893306,1398,n6,light
893308,1424,n6,light
893310,1418,n6,light
893312,1362,n6,light
893314,1386,n6,light
893316,1408,n6,light
893318,1402,n6,light
893320,1357,n6,light
893322,1370,n6,light
893324,1407,n6,light
893326,1418,n6,light
893328,1376,n6,light
893330,1361,n6,light
893332,1404,n6,light
893334,1424,n6,light
893336,1397,n6,light
893338,1373,n6,light
893340,1409,n6,light
893342,1420,n6,light
893344,1404,n6,light
893346,1363,n6,light
893348,1403,n6,light
893350,1427,n6,light
893352,1410,n6,light
893354,1365,n6,light
893356,1395,n6,light
893358,1424,n6,light
893360,1424,n6,light
893362,1379,n6,light
893364,1415,n6,light
893366,1446,n6,light
893368,1431,n6,light
893370,1375,n6,light
893372,1392,n6,light
893374,1418,n6,light
893376,1424,n6,light
893378,1383,n6,light
893380,1381,n6,light
893382,1419,n6,light
893384,1430,n6,light
893386,1405,n6,light
893388,1386,n6,light
893390,1426,n6,light
893392,1440,n6,light
893394,1417,n6,light
893396,1381,n6,light
893398,1418,n6,light
893400,1428,n6,light
893402,1405,n6,light
893404,1362,n6,light
893406,1393,n6,light
893408,1411,n6,light
893410,1407,n6,light
893412,1355,n6,light
893414,1372,n6,light
893416,1407,n6,light
893418,1406,n6,light
893420,1354,n6,light
893422,1370,n6,light
893424,1393,n6,light
893426,1393,n6,light
893428,1360,n6,light
893430,1349,n6,light
893432,1390,n6,light
893434,1399,n6,light
893436,1372,n6,light
893438,1360,n6,light
893440,1401,n6,light
893442,1413,n6,light
893444,1387,n6,light
893446,1345,n6,light
893448,1378,n6,light
893450,1392,n6,light
893452,1375,n6,light
893454,1328,n6,light
893456,1350,n6,light
893458,1371,n6,light
893460,1377,n6,light
893462,1330,n6,light
893464,1355,n6,light
893466,1395,n6,light
893468,1406,n6,light
893470,1360,n6,light
893472,1377,n6,light
893474,1403,n6,light
893476,1411,n6,light
893478,1383,n6,light
893480,1378,n6,light
893482,1420,n6,light
893484,1429,n6,light
893486,1399,n6,light
893488,1386,n6,light
893490,1431,n6,light
893492,1445,n6,light
893494,1424,n6,light
893496,1390,n6,light
893498,1424,n6,light
893500,1453,n6,light
893502,1442,n6,light
893504,1397,n6,light
893506,1431,n6,light
893508,1451,n6,light
893510,1441,n6,light
893512,1394,n6,light
893514,1417,n6,light
893516,1437,n6,light
893518,1431,n6,light
893520,1386,n6,light
893522,1405,n6,light
893524,1428,n6,light
893526,1430,n6,light
893528,1387,n6,light
893530,1385,n6,light
893532,1430,n6,light
893534,1446,n6,light
893536,1414,n6,light
893538,1390,n6,light
893540,1433,n6,light
893542,1456,n6,light
893544,1439,n6,light
893546,1399,n6,light
893548,1429,n6,light
893550,1455,n6,light
893552,1447,n6,light
893554,1405,n6,light
893556,1440,n6,light
893558,1463,n6,light
893560,1467,n6,light
893562,1420,n6,light
893564,1437,n6,light
893566,1473,n6,light
893568,1469,n6,light
893570,1419,n6,light
893572,1424,n6,light
893574,1451,n6,light
893576,1461,n6,light
893578,1413,n6,light
893580,1403,n6,light
893582,1426,n6,light
893584,1437,n6,light
893586,1405,n6,light
893588,1381,n6,light
893590,1421,n6,light
893592,1437,n6,light
893594,1421,n6,light
893596,1392,n6,light
893598,1435,n6,light
893600,1462,n6,light
893602,1434,n6,light
893604,1394,n6,light
893606,1424,n6,light
893608,1438,n6,light
893610,1438,n6,light
893612,1395,n6,light
893614,1424,n6,light
893616,1445,n6,light
893618,1441,n6,light
893620,1392,n6,light
893622,1409,n6,light
893624,1437,n6,light
893626,1443,n6,light
893628,1397,n6,light
893630,1392,n6,light
893632,1424,n6,light
893634,1435,n6,light
893636,1399,n6,light
893638,1385,n6,light
893640,1426,n6,light
893642,1434,n6,light
893644,1409,n6,light
893646,1376,n6,light
893648,1416,n6,light
893650,1433,n6,light
893652,1421,n6,light
893654,1377,n6,light
893656,1407,n6,light
893658,1430,n6,light
893660,1434,n6,light
893662,1389,n6,light
893664,1413,n6,light
893666,1438,n6,light
893668,1443,n6,light
893670,1392,n6,light
893672,1423,n6,light
893674,1459,n6,light
893676,1466,n6,light
893678,1422,n6,light
893680,1414,n6,light
893682,1453,n6,light
893684,1475,n6,light
893686,1445,n6,light
893688,1427,n6,light
893690,1467,n6,light
893692,1472,n6,light
893694,1425,n6,light
893696,1392,n6,light
893698,1419,n6,light
893700,1426,n6,light
893702,1405,n6,light
893704,1361,n6,light
893706,1383,n6,light
893708,1413,n6,light
893710,1422,n6,light
893712,1373,n6,light
893714,1407,n6,light
893716,1425,n6,light
893718,1424,n6,light
893720,1381,n6,light
893722,1403,n6,light
893724,1430,n6,light
893726,1430,n6,light
893728,1392,n6,light
893730,1389,n6,light
893732,1427,n6,light
893734,1436,n6,light
893736,1398,n6,light
893738,1379,n6,light
893740,1411,n6,light
893742,1426,n6,light
893744,1411,n6,light
893746,1385,n6,light
893748,1427,n6,light
893750,1444,n6,light
893752,1424,n6,light
893754,1381,n6,light
893756,1422,n6,light
893758,1430,n6,light
893760,1409,n6,light
893762,1358,n6,light
893764,1387,n6,light
893766,1415,n6,light
893768,1414,n6,light
893770,1365,n6,light
893772,1379,n6,light
893774,1398,n6,light
893776,1393,n6,light
893778,1351,n6,light
893780,1339,n6,light
893782,1358,n6,light
893784,1354,n6,light
893786,1328,n6,light
893788,1305,n6,light
893790,1331,n6,light
893792,1347,n6,light
893794,1328,n6,light
893796,1296,n6,light
893798,1328,n6,light
893800,1355,n6,light
893802,1345,n6,light
893804,1311,n6,light
893806,1347,n6,light
893808,1373,n6,light
893810,1366,n6,light
893812,1325,n6,light
893814,1367,n6,light
893816,1399,n6,light
893818,1405,n6,light
893820,1360,n6,light
893822,1391,n6,light
893824,1424,n6,light
893826,1424,n6,light
893828,1381,n6,light
893830,1395,n6,light
893832,1435,n6,light
893834,1446,n6,light
893836,1406,n6,light
893838,1392,n6,light
893840,1423,n6,light
893842,1444,n6,light
893844,1425,n6,light
893846,1397,n6,light
893848,1453,n6,light
893850,1482,n6,light
893852,1451,n6,light
893854,1422,n6,light
893856,1451,n6,light
893858,1457,n6,light
893860,1450,n6,light
893862,1401,n6,light
893864,1424,n6,light
893866,1443,n6,light
893868,1450,n6,light
893870,1403,n6,light
893872,1424,n6,light
893874,1451,n6,light
893876,1451,n6,light
893878,1399,n6,light
893880,1395,n6,light
893882,1427,n6,light
893884,1440,n6,light
893886,1415,n6,light
893888,1395,n6,light
893890,1438,n6,light
893892,1455,n6,light
893894,1429,n6,light
893896,1396,n6,light
893898,1436,n6,light
893900,1459,n6,light
893902,1456,n6,light
893904,1419,n6,light
893906,1456,n6,light
893908,1478,n6,light
893910,1472,n6,light
893912,1423,n6,light
893914,1442,n6,light
893916,1467,n6,light
893918,1477,n6,light
893920,1436,n6,light
893922,1459,n6,light
893924,1503,n6,light
893926,1505,n6,light
893928,1458,n6,light
893930,1455,n6,light
893932,1476,n6,light
893934,1493,n6,light
893936,1463,n6,light
893938,1462,n6,light
893940,1502,n6,light
893942,1502,n6,light
893944,1471,n6,light
893946,1440,n6,light
893948,1479,n6,light
893950,1492,n6,light
893952,1473,n6,light
893954,1436,n6,light
893956,1473,n6,light
893958,1489,n6,light
893960,1488,n6,light
893962,1438,n6,light
893964,1461,n6,light
893966,1491,n6,light
893968,1499,n6,light
893970,1453,n6,light
893972,1477,n6,light
893974,1491,n6,light
893976,1492,n6,light
893978,1446,n6,light
893980,1456,n6,light
893982,1484,n6,light
893984,1491,n6,light
893986,1453,n6,light
893988,1435,n6,light
893990,1472,n6,light
893992,1479,n6,light
893994,1450,n6,light
893996,1411,n6,light
893998,1439,n6,light
903016,255,n6,light
903018,281,n6,light
903020,305,n6,light
903022,304,n6,light
903024,310,n6,light
903026,337,n6,light
903028,346,n6,light
903030,329,n6,light
903032,311,n6,light
903034,307,n6,light
903036,307,n6,light
903038,298,n6,light
903040,279,n6,light
903042,268,n6,light
903044,257,n6,light
903046,248,n6,light
903048,250,n6,light
903050,241,n6,light
903052,234,n6,light
903054,221,n6,light
903056,220,n6,light
903058,226,n6,light
903060,234,n6,light
903062,224,n6,light
903064,232,n6,light
903066,256,n6,light
903068,267,n6,light
903070,255,n6,light
903072,245,n6,light
903074,248,n6,light
903076,265,n6,light
903078,261,n6,light
903080,253,n6,light
903082,241,n6,light
903084,242,n6,light
903086,243,n6,light
903088,236,n6,light
903090,222,n6,light
903092,211,n6,light
903094,227,n6,light
903096,227,n6,light
903098,222,n6,light
903100,242,n6,light
903102,249,n6,light
903104,254,n6,light
903106,251,n6,light
903108,256,n6,light
903110,266,n6,light
903112,252,n6,light
903114,239,n6,light
903116,241,n6,light
903118,259,n6,light
903120,254,n6,light
903122,240,n6,light
903124,233,n6,light
903126,237,n6,light
903128,229,n6,light
903130,217,n6,light
903132,206,n6,light
903134,194,n6,light
903136,185,n6,light
903138,182,n6,light
903140,176,n6,light
903142,185,n6,light
903144,192,n6,light
903146,179,n6,light
903148,196,n6,light
903150,193,n6,light
903152,180,n6,light
903154,175,n6,light
903156,168,n6,light
903158,172,n6,light
903160,173,n6,light
903162,180,n6,light
903164,177,n6,light
903166,171,n6,light
903168,171,n6,light
903170,163,n6,light
903172,156,n6,light
903174,174,n6,light
903176,173,n6,light
903178,176,n6,light
903180,189,n6,light
903182,181,n6,light
903184,183,n6,light
903186,176,n6,light
903188,162,n6,light
903190,159,n6,light
903192,146,n6,light
903194,144,n6,light
903196,132,n6,light
903198,133,n6,light
903200,137,n6,light
903202,129,n6,light
903204,138,n6,light
903206,133,n6,light
903208,127,n6,light
903210,150,n6,light
903212,154,n6,light
903214,155,n6,light
903216,174,n6,light
903218,192,n6,light
903220,194,n6,light
903222,182,n6,light
903224,175,n6,light
903226,177,n6,light
903228,174,n6,light
903230,169,n6,light
903232,171,n6,light
903234,167,n6,light
903236,155,n6,light
903238,150,n6,light
903240,144,n6,light
903242,162,n6,light
903244,178,n6,light
903246,173,n6,light
903248,163,n6,light
903250,192,n6,light
903252,235,n6,light
903254,263,n6,light
903256,272,n6,light
903258,308,n6,light
903260,327,n6,light
903262,317,n6,light
903264,304,n6,light
903266,286,n6,light
903268,279,n6,light
903270,271,n6,light
903272,254,n6,light
903274,240,n6,light
903276,231,n6,light
903278,237,n6,light
903280,256,n6,light
903282,245,n6,light
903284,232,n6,light
903286,230,n6,light
903288,224,n6,light
903290,214,n6,light
903292,227,n6,light
903294,236,n6,light
903296,222,n6,light
903298,210,n6,light
903300,202,n6,light
903302,208,n6,light
903304,222,n6,light
903306,225,n6,light
903308,225,n6,light
903310,240,n6,light
903312,237,n6,light
903314,222,n6,light
903316,211,n6,light
903318,229,n6,light
903320,218,n6,light
903322,208,n6,light
903324,202,n6,light
903326,198,n6,light
903328,206,n6,light
903330,205,n6,light
903332,198,n6,light
903334,211,n6,light
903336,213,n6,light
903338,209,n6,light
903340,202,n6,light
903342,192,n6,light
903344,186,n6,light
903346,189,n6,light
903348,189,n6,light
903350,185,n6,light
903352,186,n6,light
903354,176,n6,light
903356,174,n6,light
903358,167,n6,light
903360,159,n6,light
903362,155,n6,light
903364,157,n6,light
903366,146,n6,light
903368,139,n6,light
903370,139,n6,light
903372,144,n6,light
903374,154,n6,light
903376,158,n6,light
903378,154,n6,light
903380,154,n6,light
903382,160,n6,light
903384,161,n6,light
903386,153,n6,light
903388,151,n6,light
903390,143,n6,light
903392,144,n6,light
903394,142,n6,light
903396,151,n6,light
903398,145,n6,light
903400,135,n6,light
903402,128,n6,light
903404,127,n6,light
903406,119,n6,light
903408,115,n6,light
903410,112,n6,light
903412,101,n6,light
903414,96,n6,light
903416,92,n6,light
903418,102,n6,light
903420,109,n6,light
903422,107,n6,light
903424,107,n6,light
903426,111,n6,light
903428,112,n6,light
903430,123,n6,light
903432,131,n6,light
903434,135,n6,light
903436,133,n6,light
903438,130,n6,light
903440,147,n6,light
903442,167,n6,light
903444,173,n6,light
903446,161,n6,light
903448,169,n6,light
903450,178,n6,light
903452,198,n6,light
903454,192,n6,light
903456,191,n6,light
903458,190,n6,light
903460,200,n6,light
903462,189,n6,light
903464,191,n6,light
903466,180,n6,light
903468,185,n6,light
903470,181,n6,light
903472,173,n6,light
903474,163,n6,light
903476,151,n6,light
903478,160,n6,light
903480,172,n6,light
903482,163,n6,light
903484,175,n6,light
903486,182,n6,light
903488,176,n6,light
903490,163,n6,light
903492,159,n6,light
903494,173,n6,light
903496,170,n6,light
903498,160,n6,light
903500,154,n6,light
903502,169,n6,light
903504,176,n6,light
903506,171,n6,light
903508,171,n6,light
903510,185,n6,light
903512,195,n6,light
903514,191,n6,light
903516,200,n6,light
903518,210,n6,light
903520,200,n6,light
903522,187,n6,light
903524,177,n6,light
903526,176,n6,light
903528,169,n6,light
903530,157,n6,light
903532,149,n6,light
903534,146,n6,light
903536,144,n6,light
903538,135,n6,light
903540,129,n6,light
903542,142,n6,light
903544,147,n6,light
903546,144,n6,light
903548,132,n6,light
903550,133,n6,light
903552,160,n6,light
903554,175,n6,light
903556,189,n6,light
903558,192,n6,light
903560,233,n6,light
903562,254,n6,light
903564,253,n6,light
903566,248,n6,light
903568,267,n6,light
903570,256,n6,light
903572,243,n6,light
903574,229,n6,light
903576,218,n6,light
903578,214,n6,light
903580,222,n6,light
903582,210,n6,light
903584,208,n6,light
903586,204,n6,light
903588,195,n6,light
903590,185,n6,light
903592,205,n6,light
903594,193,n6,light
903596,181,n6,light
903598,175,n6,light
903600,172,n6,light
903602,161,n6,light
903604,150,n6,light
903606,141,n6,light
903608,131,n6,light
903610,128,n6,light
903612,117,n6,light
903614,115,n6,light
903616,112,n6,light
903618,113,n6,light
903620,116,n6,light
903622,124,n6,light
903624,116,n6,light
903626,131,n6,light
903628,145,n6,light
903630,144,n6,light
903632,152,n6,light
903634,167,n6,light
903636,159,n6,light
903638,154,n6,light
903640,147,n6,light
903642,158,n6,light
903644,160,n6,light
903646,153,n6,light
903648,145,n6,light
903650,164,n6,light
903652,171,n6,light
903654,165,n6,light
903656,163,n6,light
903658,165,n6,light
903660,190,n6,light
903662,195,n6,light
903664,185,n6,light
903666,191,n6,light
903668,212,n6,light
903670,208,n6,light
903672,199,n6,light
903674,194,n6,light
903676,181,n6,light
903678,172,n6,light
903680,173,n6,light
903682,177,n6,light
903684,176,n6,light
903686,169,n6,light
903688,159,n6,light
903690,148,n6,light
903692,146,n6,light
903694,143,n6,light
903696,139,n6,light
903698,140,n6,light
903700,139,n6,light
903702,144,n6,light
903704,133,n6,light
903706,125,n6,light
903708,135,n6,light
903710,144,n6,light
903712,142,n6,light
903714,141,n6,light
903716,141,n6,light
903718,135,n6,light
903720,128,n6,light
903722,119,n6,light
903724,112,n6,light
903726,112,n6,light
903728,112,n6,light
903730,111,n6,light
903732,112,n6,light
903734,120,n6,light
903736,112,n6,light
903738,112,n6,light
903740,110,n6,light
903742,114,n6,light
903744,122,n6,light
903746,118,n6,light
903748,135,n6,light
903750,153,n6,light
903752,148,n6,light
903754,162,n6,light
903756,165,n6,light
903758,161,n6,light
903760,153,n6,light
903762,151,n6,light
903764,154,n6,light
903766,144,n6,light
903768,157,n6,light
903770,165,n6,light
903772,160,n6,light
903774,158,n6,light
903776,153,n6,light
903778,159,n6,light
903780,155,n6,light
903782,146,n6,light
903784,141,n6,light
903786,150,n6,light
903788,157,n6,light
903790,145,n6,light
903792,169,n6,light
903794,187,n6,light
903796,181,n6,light
903798,173,n6,light
903800,177,n6,light
903802,189,n6,light
903804,176,n6,light
903806,173,n6,light
903808,170,n6,light
903810,170,n6,light
903812,162,n6,light
903814,155,n6,light
903816,154,n6,light
903818,175,n6,light
903820,182,n6,light
903822,176,n6,light
903824,189,n6,light
903826,212,n6,light
903828,217,n6,light
903830,206,n6,light
903832,201,n6,light
903834,208,n6,light
903836,217,n6,light
903838,209,n6,light
903840,203,n6,light
903842,208,n6,light
903844,209,n6,light
903846,207,n6,light
903848,206,n6,light
903850,208,n6,light
903852,203,n6,light
903854,199,n6,light
903856,190,n6,light
903858,198,n6,light
903860,207,n6,light
903862,199,n6,light
903864,188,n6,light
903866,176,n6,light
903868,179,n6,light
903870,176,n6,light
903872,163,n6,light
903874,153,n6,light
903876,161,n6,light
903878,153,n6,light
903880,144,n6,light
903882,144,n6,light
903884,169,n6,light
903886,169,n6,light
903888,169,n6,light
903890,177,n6,light
903892,176,n6,light
903894,171,n6,light
903896,159,n6,light
903898,154,n6,light
903900,189,n6,light
903902,215,n6,light
903904,213,n6,light
903906,230,n6,light
903908,236,n6,light
903910,249,n6,light
903912,250,n6,light
903914,240,n6,light
903916,229,n6,light
903918,239,n6,light
903920,240,n6,light
903922,236,n6,light
903924,231,n6,light
903926,230,n6,light
903928,221,n6,light
903930,208,n6,light
903932,198,n6,light
903934,208,n6,light
903936,208,n6,light
903938,208,n6,light
903940,213,n6,light
903942,215,n6,light
903944,210,n6,light
903946,226,n6,light
903948,252,n6,light
903950,243,n6,light
903952,237,n6,light
903954,234,n6,light
903956,226,n6,light
903958,211,n6,light
903960,203,n6,light
903962,194,n6,light
903964,198,n6,light
903966,185,n6,light
903968,193,n6,light
903970,182,n6,light
903972,174,n6,light
903974,170,n6,light
903976,161,n6,light
903978,163,n6,light
903980,179,n6,light
903982,197,n6,light
903984,191,n6,light
903986,185,n6,light
903988,176,n6,light
903990,167,n6,light
903992,154,n6,light
903994,145,n6,light
903996,142,n6,light
903998,144,n6,light
904000,146,n6,light
904002,173,n6,light
904004,165,n6,light
904006,154,n6,light
904008,155,n6,light
904010,171,n6,light
904012,162,n6,light
904014,151,n6,light
904016,149,n6,light
904018,154,n6,light
904020,144,n6,light
904022,140,n6,light
904024,131,n6,light
904026,134,n6,light
904028,134,n6,light
904030,128,n6,light
904032,121,n6,light
904034,128,n6,light
904036,144,n6,light
904038,144,n6,light
904040,151,n6,light
904042,162,n6,light
904044,166,n6,light
904046,160,n6,light
904048,149,n6,light
904050,160,n6,light
904052,190,n6,light
904054,182,n6,light
904056,176,n6,light
904058,175,n6,light
904060,187,n6,light
904062,185,n6,light
904064,176,n6,light
904066,175,n6,light
904068,162,n6,light
904070,149,n6,light
904072,143,n6,light
904074,138,n6,light
904076,135,n6,light
904078,131,n6,light
904080,119,n6,light
904082,113,n6,light
904084,123,n6,light
904086,133,n6,light
904088,128,n6,light
904090,128,n6,light
904092,128,n6,light
904094,144,n6,light
904096,146,n6,light
904098,139,n6,light
904100,128,n6,light
904102,121,n6,light
904104,112,n6,light
904106,109,n6,light
904108,99,n6,light
904110,100,n6,light
904112,98,n6,light
904114,93,n6,light
904116,97,n6,light
904118,112,n6,light
904120,111,n6,light
904122,112,n6,light
904124,115,n6,light
904126,145,n6,light
904128,163,n6,light
904130,157,n6,light
904132,160,n6,light
904134,158,n6,light
904136,154,n6,light
904138,144,n6,light
904140,137,n6,light
904142,144,n6,light
904144,144,n6,light
904146,137,n6,light
904148,130,n6,light
904150,141,n6,light
904152,161,n6,light
904154,158,n6,light
904156,146,n6,light
904158,158,n6,light
904160,176,n6,light
904162,165,n6,light
904164,161,n6,light
904166,162,n6,light
904168,191,n6,light
904170,208,n6,light
904172,199,n6,light
904174,199,n6,light
904176,215,n6,light
904178,226,n6,light
904180,220,n6,light
904182,221,n6,light
904184,248,n6,light
904186,247,n6,light
904188,243,n6,light
904190,240,n6,light
904192,240,n6,light
904194,240,n6,light
904196,227,n6,light
904198,218,n6,light
904200,211,n6,light
904202,205,n6,light
904204,191,n6,light
904206,184,n6,light
904208,177,n6,light
904210,175,n6,light
904212,161,n6,light
904214,149,n6,light
904216,142,n6,light
904218,131,n6,light
904220,128,n6,light
904222,126,n6,light
904224,118,n6,light
904226,118,n6,light
904228,121,n6,light
904230,113,n6,light
904232,121,n6,light
904234,116,n6,light
904236,112,n6,light
904238,107,n6,light
904240,106,n6,light
904242,112,n6,light
904244,107,n6,light
904246,100,n6,light
904248,108,n6,light
904250,105,n6,light
904252,127,n6,light
904254,127,n6,light
904256,119,n6,light
904258,112,n6,light
904260,111,n6,light
904262,109,n6,light
904264,105,n6,light
904266,105,n6,light
904268,102,n6,light
904270,97,n6,light
904272,93,n6,light
904274,87,n6,light
904276,86,n6,light
904278,98,n6,light
904280,89,n6,light
904282,82,n6,light
904284,96,n6,light
904286,100,n6,light
904288,93,n6,light
904290,87,n6,light
904292,100,n6,light
904294,117,n6,light
904296,111,n6,light
904298,101,n6,light
904300,110,n6,light
904302,129,n6,light
904304,138,n6,light
904306,141,n6,light
904308,151,n6,light
904310,176,n6,light
904312,173,n6,light
904314,185,n6,light
904316,206,n6,light
904318,194,n6,light
904320,190,n6,light
904322,182,n6,light
904324,181,n6,light
904326,184,n6,light
904328,176,n6,light
904330,168,n6,light
904332,163,n6,light
904334,160,n6,light
904336,154,n6,light
904338,157,n6,light
904340,153,n6,light
904342,183,n6,light
904344,203,n6,light
904346,195,n6,light
904348,186,n6,light
904350,188,n6,light
904352,186,n6,light
904354,177,n6,light
904356,176,n6,light
904358,172,n6,light
904360,176,n6,light
904362,166,n6,light
904364,158,n6,light
904366,146,n6,light
904368,153,n6,light
904370,155,n6,light
904372,144,n6,light
904374,134,n6,light
904376,128,n6,light
904378,126,n6,light
904380,137,n6,light
904382,138,n6,light
904384,146,n6,light
904386,140,n6,light
904388,131,n6,light
904390,125,n6,light
904392,134,n6,light
904394,129,n6,light
904396,123,n6,light
904398,126,n6,light
904400,128,n6,light
904402,125,n6,light
904404,137,n6,light
904406,131,n6,light
904408,139,n6,light
904410,150,n6,light
904412,150,n6,light
904414,145,n6,light
904416,144,n6,light
904418,142,n6,light
904420,144,n6,light
904422,144,n6,light
904424,145,n6,light
904426,165,n6,light
904428,160,n6,light
904430,173,n6,light
904432,161,n6,light
904434,152,n6,light
904436,149,n6,light
904438,144,n6,light
904440,142,n6,light
904442,134,n6,light
904444,134,n6,light
904446,134,n6,light
904448,124,n6,light
904450,129,n6,light
904452,155,n6,light
904454,153,n6,light
904456,150,n6,light
904458,164,n6,light
904460,161,n6,light
904462,151,n6,light
904464,143,n6,light
904466,156,n6,light
904468,154,n6,light
904470,145,n6,light
904472,141,n6,light
904474,131,n6,light
904476,126,n6,light
904478,124,n6,light
904480,114,n6,light
904482,112,n6,light
904484,100,n6,light
904486,100,n6,light
904488,96,n6,light
904490,91,n6,light
904492,86,n6,light
904494,80,n6,light
904496,84,n6,light
904498,80,n6,light
904500,75,n6,light
904502,71,n6,light
904504,69,n6,light
904506,64,n6,light
904508,58,n6,light
904510,52,n6,light
904512,52,n6,light
904514,54,n6,light
904516,51,n6,light
904518,59,n6,light
904520,64,n6,light
904522,64,n6,light
904524,64,n6,light
904526,70,n6,light
904528,91,n6,light
904530,96,n6,light
904532,87,n6,light
904534,84,n6,light
904536,92,n6,light
904538,101,n6,light
904540,99,n6,light
904542,103,n6,light
904544,112,n6,light
904546,109,n6,light
904548,107,n6,light
904550,109,n6,light
904552,144,n6,light
904554,146,n6,light
904556,140,n6,light
904558,144,n6,light
904560,151,n6,light
904562,146,n6,light
904564,159,n6,light
904566,170,n6,light
904568,167,n6,light
904570,176,n6,light
904572,174,n6,light
904574,169,n6,light
904576,165,n6,light
904578,160,n6,light
904580,158,n6,light
904582,148,n6,light
904584,144,n6,light
904586,144,n6,light
904588,135,n6,light
904590,125,n6,light
904592,119,n6,light
904594,125,n6,light
904596,127,n6,light
904598,125,n6,light
904600,116,n6,light
904602,125,n6,light
904604,128,n6,light
904606,132,n6,light
904608,133,n6,light
904610,138,n6,light
904612,136,n6,light
904614,128,n6,light
904616,128,n6,light
904618,141,n6,light
904620,135,n6,light
904622,128,n6,light
904624,122,n6,light
904626,128,n6,light
904628,124,n6,light
904630,113,n6,light
904632,114,n6,light
904634,121,n6,light
904636,128,n6,light
904638,125,n6,light
904640,128,n6,light
904642,134,n6,light
904644,132,n6,light
904646,126,n6,light
904648,124,n6,light
904650,121,n6,light
904652,123,n6,light
904654,144,n6,light
904656,147,n6,light
904658,163,n6,light
904660,213,n6,light
904662,213,n6,light
904664,212,n6,light
904666,227,n6,light
904668,218,n6,light
904670,215,n6,light
904672,217,n6,light
904674,205,n6,light
904676,194,n6,light
904678,182,n6,light
904680,173,n6,light
904682,163,n6,light
904684,163,n6,light
904686,157,n6,light
904688,150,n6,light
904690,141,n6,light
904692,132,n6,light
904694,130,n6,light
904696,124,n6,light
904698,119,n6,light
904700,113,n6,light
904702,113,n6,light
904704,107,n6,light
904706,101,n6,light
904708,91,n6,light
904710,90,n6,light
904712,83,n6,light
904714,77,n6,light
904716,77,n6,light
904718,95,n6,light
904720,87,n6,light
904722,86,n6,light
904724,93,n6,light
904726,102,n6,light
904728,96,n6,light
904730,91,n6,light
904732,110,n6,light
904734,114,n6,light
904736,110,n6,light
904738,108,n6,light
904740,102,n6,light
904742,112,n6,light
904744,118,n6,light
904746,113,n6,light
904748,112,n6,light
904750,127,n6,light
904752,121,n6,light
904754,128,n6,light
904756,122,n6,light
904758,115,n6,light
904760,112,n6,light
904762,121,n6,light
904764,123,n6,light
904766,117,n6,light
904768,138,n6,light
904770,135,n6,light
904772,143,n6,light
904774,144,n6,light
904776,154,n6,light
904778,165,n6,light
904780,163,n6,light
904782,159,n6,light
904784,168,n6,light
904786,176,n6,light
904788,175,n6,light
904790,169,n6,light
904792,169,n6,light
904794,163,n6,light
904796,160,n6,light
904798,149,n6,light
904800,146,n6,light
904802,143,n6,light
904804,134,n6,light
904806,126,n6,light
904808,115,n6,light
904810,113,n6,light
904812,110,n6,light
904814,102,n6,light
904816,99,n6,light
904818,116,n6,light
904820,114,n6,light
904822,110,n6,light
904824,102,n6,light
904826,100,n6,light
904828,93,n6,light
904830,83,n6,light
904832,80,n6,light
904834,74,n6,light
904836,69,n6,light
904838,69,n6,light
904840,70,n6,light
904842,77,n6,light
904844,80,n6,light
904846,80,n6,light
904848,83,n6,light
904850,93,n6,light
904852,107,n6,light
904854,99,n6,light
904856,106,n6,light
904858,103,n6,light
904860,112,n6,light
904862,108,n6,light
904864,99,n6,light
904866,101,n6,light
904868,95,n6,light
904870,87,n6,light
904872,80,n6,light
904874,80,n6,light
904876,86,n6,light
904878,81,n6,light
904880,82,n6,light
904882,91,n6,light
904884,90,n6,light
904886,83,n6,light
904888,80,n6,light
904890,73,n6,light
904892,77,n6,light
904894,83,n6,light
904896,87,n6,light
904898,80,n6,light
904900,86,n6,light
904902,101,n6,light
904904,96,n6,light
904906,90,n6,light
904908,92,n6,light
904910,90,n6,light
904912,96,n6,light
904914,91,n6,light
904916,81,n6,light
904918,80,n6,light
904920,70,n6,light
904922,66,n6,light
904924,64,n6,light
904926,81,n6,light
904928,87,n6,light
904930,91,n6,light
904932,92,n6,light
904934,94,n6,light
904936,94,n6,light
904938,94,n6,light
904940,91,n6,light
904942,81,n6,light
904944,80,n6,light
904946,76,n6,light
904948,85,n6,light
904950,90,n6,light
904952,95,n6,light
904954,105,n6,light
904956,106,n6,light
904958,107,n6,light
904960,118,n6,light
904962,112,n6,light
904964,109,n6,light
904966,102,n6,light
904968,101,n6,light
904970,102,n6,light
904972,109,n6,light
904974,101,n6,light
904976,112,n6,light
904978,113,n6,light
904980,112,n6,light
904982,111,n6,light
904984,118,n6,light
904986,144,n6,light
904988,156,n6,light
904990,147,n6,light
904992,169,n6,light
904994,162,n6,light
904996,159,n6,light
904998,176,n6,light
905000,176,n6,light
905002,174,n6,light
905004,165,n6,light
905006,157,n6,light
905008,144,n6,light
905010,148,n6,light
905012,145,n6,light
905014,138,n6,light
905016,144,n6,light
905018,158,n6,light
905020,169,n6,light
905022,167,n6,light
905024,181,n6,light
905026,187,n6,light
905028,176,n6,light
905030,169,n6,light
905032,161,n6,light
905034,167,n6,light
905036,160,n6,light
905038,148,n6,light
905040,143,n6,light
905042,140,n6,light
905044,128,n6,light
905046,122,n6,light
905048,112,n6,light
905050,106,n6,light
905052,106,n6,light
905054,97,n6,light
905056,89,n6,light
905058,82,n6,light
905060,80,n6,light
905062,85,n6,light
905064,81,n6,light
905066,81,n6,light
905068,99,n6,light
905070,112,n6,light
905072,112,n6,light
905074,107,n6,light
905076,112,n6,light
905078,122,n6,light
905080,134,n6,light
905082,134,n6,light
905084,148,n6,light
905086,161,n6,light
905088,161,n6,light
905090,159,n6,light
905092,189,n6,light
905094,198,n6,light
905096,189,n6,light
905098,180,n6,light
905100,176,n6,light
905102,174,n6,light
905104,165,n6,light
905106,159,n6,light
905108,148,n6,light
905110,145,n6,light
905112,136,n6,light
905114,138,n6,light
905116,131,n6,light
905118,150,n6,light
905120,146,n6,light
905122,150,n6,light
905124,159,n6,light
905126,158,n6,light
905128,151,n6,light
905130,144,n6,light
905132,135,n6,light
905134,128,n6,light
905136,121,n6,light
905138,122,n6,light
905140,122,n6,light
905142,118,n6,light
905144,135,n6,light
905146,133,n6,light
905148,125,n6,light
905150,120,n6,light
905152,112,n6,light
905154,112,n6,light
905156,112,n6,light
905158,106,n6,light
905160,103,n6,light
905162,106,n6,light
905164,97,n6,light
905166,89,n6,light
905168,90,n6,light
905170,84,n6,light
905172,85,n6,light
905174,83,n6,light
905176,90,n6,light
905178,85,n6,light
905180,79,n6,light
905182,74,n6,light
905184,80,n6,light
905186,94,n6,light
905188,101,n6,light
905190,96,n6,light
905192,112,n6,light
905194,119,n6,light
905196,125,n6,light
905198,115,n6,light
905200,110,n6,light
905202,101,n6,light
905204,93,n6,light
905206,85,n6,light
905208,80,n6,light
905210,80,n6,light
905212,74,n6,light
905214,66,n6,light
905216,62,n6,light
905218,65,n6,light
905220,64,n6,light
905222,60,n6,light
905224,55,n6,light
905226,64,n6,light
905228,73,n6,light
905230,67,n6,light
905232,63,n6,light
905234,66,n6,light
905236,70,n6,light
905238,66,n6,light
905240,61,n6,light
905242,61,n6,light
905244,64,n6,light
905246,69,n6,light
905248,65,n6,light
905250,63,n6,light
905252,57,n6,light
905254,59,n6,light
905256,59,n6,light
905258,55,n6,light
905260,54,n6,light
905262,56,n6,light
905264,51,n6,light
905266,48,n6,light
905268,48,n6,light
905270,61,n6,light
905272,58,n6,light
905274,56,n6,light
905276,75,n6,light
905278,78,n6,light
905280,70,n6,light
905282,66,n6,light
905284,65,n6,light
905286,78,n6,light
905288,75,n6,light
905290,70,n6,light
905292,89,n6,light
905294,97,n6,light
905296,91,n6,light
905298,85,n6,light
905300,85,n6,light
905302,95,n6,light
905304,86,n6,light
905306,86,n6,light
905308,86,n6,light
905310,108,n6,light
905312,107,n6,light
905314,99,n6,light
905316,110,n6,light
905318,117,n6,light
905320,113,n6,light
905322,107,n6,light
905324,107,n6,light
905326,107,n6,light
905328,101,n6,light
905330,93,n6,light
905332,83,n6,light
905334,81,n6,light
905336,80,n6,light
905338,75,n6,light
905340,70,n6,light
905342,78,n6,light
905344,80,n6,light
905346,80,n6,light
905348,82,n6,light
905350,94,n6,light
905352,91,n6,light
905354,87,n6,light
905356,90,n6,light
905358,81,n6,light
905360,90,n6,light
905362,90,n6,light
905364,95,n6,light
905366,99,n6,light
905368,109,n6,light
905370,104,n6,light
905372,96,n6,light
905374,93,n6,light
905376,99,n6,light
905378,96,n6,light
905380,89,n6,light
905382,99,n6,light
905384,109,n6,light
905386,99,n6,light
905388,99,n6,light
905390,96,n6,light
905392,93,n6,light
905394,84,n6,light
905396,86,n6,light
905398,85,n6,light
905400,85,n6,light
905402,95,n6,light
905404,94,n6,light
905406,86,n6,light
905408,93,n6,light
905410,101,n6,light
905412,97,n6,light
905414,94,n6,light
905416,83,n6,light
905418,86,n6,light
905420,80,n6,light
905422,79,n6,light
905424,72,n6,light
905426,69,n6,light
905428,67,n6,light
905430,69,n6,light
905432,64,n6,light
905434,74,n6,light
905436,74,n6,light
905438,66,n6,light
905440,66,n6,light
905442,80,n6,light
905444,75,n6,light
905446,68,n6,light
905448,64,n6,light
905450,66,n6,light
905452,64,n6,light
905454,59,n6,light
905456,49,n6,light
905458,48,n6,light
905460,56,n6,light
905462,60,n6,light
905464,57,n6,light
905466,62,n6,light
905468,77,n6,light
905470,79,n6,light
905472,78,n6,light
905474,71,n6,light
905476,83,n6,light
905478,93,n6,light
905480,87,n6,light
905482,80,n6,light
905484,85,n6,light
905486,86,n6,light
905488,80,n6,light
905490,75,n6,light
905492,77,n6,light
905494,80,n6,light
905496,80,n6,light
905498,82,n6,light
905500,124,n6,light
905502,144,n6,light
905504,137,n6,light
905506,143,n6,light
905508,160,n6,light
905510,177,n6,light
905512,185,n6,light
905514,182,n6,light
905516,197,n6,light
905518,208,n6,light
905520,206,n6,light
905522,201,n6,light
905524,193,n6,light
905526,203,n6,light
905528,193,n6,light
905530,182,n6,light
905532,193,n6,light
905534,204,n6,light
905536,196,n6,light
905538,192,n6,light
905540,182,n6,light
905542,175,n6,light
905544,165,n6,light
905546,153,n6,light
905548,148,n6,light
905550,142,n6,light
905552,139,n6,light
905554,131,n6,light
905556,123,n6,light
905558,121,n6,light
905560,132,n6,light
905562,133,n6,light
905564,125,n6,light
905566,115,n6,light
905568,117,n6,light
905570,132,n6,light
905572,126,n6,light
905574,126,n6,light
905576,128,n6,light
905578,124,n6,light
905580,115,n6,light
905582,111,n6,light
905584,125,n6,light
905586,134,n6,light
905588,129,n6,light
905590,123,n6,light
905592,126,n6,light
905594,128,n6,light
905596,122,n6,light
905598,112,n6,light
905600,128,n6,light
905602,128,n6,light
905604,118,n6,light
905606,111,n6,light
905608,102,n6,light
905610,119,n6,light
905612,123,n6,light
905614,118,n6,light
905616,112,n6,light
905618,107,n6,light
905620,112,n6,light
905622,115,n6,light
905624,112,n6,light
905626,130,n6,light
905628,129,n6,light
905630,127,n6,light
905632,130,n6,light
905634,166,n6,light
905636,158,n6,light
905638,155,n6,light
905640,147,n6,light
905642,139,n6,light
905644,132,n6,light
905646,137,n6,light
905648,128,n6,light
905650,121,n6,light
905652,128,n6,light
905654,122,n6,light
905656,112,n6,light
905658,112,n6,light
905660,120,n6,light
905662,120,n6,light
905664,116,n6,light
905666,111,n6,light
905668,109,n6,light
905670,115,n6,light
905672,133,n6,light
905674,132,n6,light
905676,149,n6,light
905678,149,n6,light
905680,143,n6,light
905682,135,n6,light
905684,130,n6,light
905686,125,n6,light
905688,117,n6,light
905690,112,n6,light
905692,115,n6,light
905694,112,n6,light
905696,118,n6,light
905698,112,n6,light
905700,109,n6,light
905702,102,n6,light
905704,106,n6,light
905706,102,n6,light
905708,91,n6,light
905710,98,n6,light
905712,94,n6,light
905714,84,n6,light
905716,90,n6,light
905718,96,n6,light
905720,97,n6,light
905722,99,n6,light
905724,96,n6,light
905726,107,n6,light
905728,101,n6,light
905730,95,n6,light
905732,84,n6,light
905734,80,n6,light
905736,76,n6,light
905738,67,n6,light
905740,64,n6,light
905742,61,n6,light
905744,64,n6,light
905746,73,n6,light
905748,66,n6,light
905750,64,n6,light
905752,68,n6,light
905754,69,n6,light
905756,68,n6,light
905758,65,n6,light
905760,64,n6,light
905762,64,n6,light
905764,66,n6,light
905766,66,n6,light
905768,66,n6,light
905770,64,n6,light
905772,58,n6,light
905774,52,n6,light
905776,49,n6,light
905778,48,n6,light
905780,49,n6,light
905782,46,n6,light
905784,48,n6,light
905786,62,n6,light
905788,62,n6,light
905790,64,n6,light
905792,82,n6,light
905794,96,n6,light
905796,87,n6,light
905798,81,n6,light
905800,93,n6,light
905802,121,n6,light
905804,138,n6,light
905806,150,n6,light
905808,181,n6,light
905810,183,n6,light
905812,174,n6,light
905814,162,n6,light
905816,154,n6,light
905818,144,n6,light
905820,143,n6,light
905822,143,n6,light
905824,135,n6,light
905826,135,n6,light
905828,130,n6,light
905830,123,n6,light
905832,115,n6,light
905834,117,n6,light
905836,110,n6,light
905838,102,n6,light
905840,97,n6,light
905842,110,n6,light
905844,107,n6,light
905846,98,n6,light
905848,103,n6,light
905850,112,n6,light
905852,106,n6,light
905854,97,n6,light
905856,90,n6,light
905858,87,n6,light
905860,86,n6,light
905862,80,n6,light
905864,76,n6,light
905866,77,n6,light
905868,95,n6,light
905870,93,n6,light
905872,89,n6,light
905874,87,n6,light
905876,81,n6,light
905878,83,n6,light
905880,102,n6,light
905882,100,n6,light
905884,98,n6,light
905886,104,n6,light
905888,106,n6,light
905890,114,n6,light
905892,112,n6,light
905894,103,n6,light
905896,104,n6,light
905898,96,n6,light
905900,93,n6,light
905902,86,n6,light
905904,80,n6,light
905906,74,n6,light
905908,66,n6,light
905910,63,n6,light
905912,63,n6,light
905914,66,n6,light
905916,65,n6,light
905918,68,n6,light
905920,73,n6,light
905922,79,n6,light
905924,74,n6,light
905926,85,n6,light
905928,81,n6,light
905930,81,n6,light
905932,79,n6,light
905934,73,n6,light
905936,66,n6,light
905938,61,n6,light
905940,55,n6,light
905942,50,n6,light
905944,47,n6,light
905946,48,n6,light
905948,51,n6,light
905950,55,n6,light
905952,82,n6,light
905954,105,n6,light
905956,110,n6,light
905958,131,n6,light
905960,134,n6,light
905962,129,n6,light
905964,126,n6,light
905966,128,n6,light
905968,128,n6,light
905970,122,n6,light
905972,113,n6,light
905974,115,n6,light
905976,112,n6,light
905978,106,n6,light
905980,102,n6,light
905982,98,n6,light
905984,106,n6,light
905986,112,n6,light
905988,105,n6,light
905990,96,n6,light
905992,90,n6,light
905994,90,n6,light
905996,82,n6,light
905998,79,n6,light
906000,73,n6,light
906002,75,n6,light
906004,71,n6,light
906006,64,n6,light
906008,64,n6,light
906010,64,n6,light
906012,57,n6,light
906014,53,n6,light
906016,52,n6,light
906018,54,n6,light
906020,54,n6,light
