t_ms,raw,subject,gesture
376072,1063,n7,light
376074,1035,n7,light
376076,998,n7,light
376078,966,n7,light
376080,942,n7,light
376082,928,n7,light
376084,930,n7,light
376086,957,n7,light
376088,931,n7,light
376090,917,n7,light
376092,881,n7,light
376094,848,n7,light
376096,870,n7,light
376098,879,n7,light
376100,899,n7,light
376102,893,n7,light
376104,970,n7,light
376106,1056,n7,light
376108,1315,n7,light
376110,1405,n7,light
376112,1423,n7,light
376114,1365,n7,light
376116,1333,n7,light
376118,1435,n7,light
376120,1499,n7,light
376122,1475,n7,light
376124,1530,n7,light
376126,1566,n7,light
376128,1516,n7,light
376130,1451,n7,light
376132,1386,n7,light
376134,1328,n7,light
376136,1291,n7,light
376138,1245,n7,light
376140,1228,n7,light
376142,1251,n7,light
376144,1226,n7,light
376146,1197,n7,light
376148,1237,n7,light
376150,1294,n7,light
376152,1288,n7,light
376154,1261,n7,light
376156,1216,n7,light
376158,1168,n7,light
376160,1146,n7,light
376162,1104,n7,light
376164,1185,n7,light
376166,1260,n7,light
376168,1200,n7,light
376170,1201,n7,light
376172,1225,n7,light
376174,1355,n7,light
376176,1391,n7,light
376178,1488,n7,light
376180,1530,n7,light
376182,1499,n7,light
376184,1530,n7,light
376186,1619,n7,light
376188,1669,n7,light
376190,1839,n7,light
376192,1930,n7,light
376194,1950,n7,light
376196,1891,n7,light
376198,1870,n7,light
376200,1833,n7,light
376202,1854,n7,light
376204,1819,n7,light
376206,1765,n7,light
376208,1831,n7,light
376210,1793,n7,light
376212,1824,n7,light
376214,1947,n7,light
376216,1913,n7,light
376218,1901,n7,light
376220,1941,n7,light
376222,1984,n7,light
376224,1968,n7,light
376226,2086,n7,light
376228,2078,n7,light
376230,2112,n7,light
376232,2112,n7,light
376234,2064,n7,light
376236,2003,n7,light
376238,1998,n7,light
376240,2027,n7,light
376242,2032,n7,light
376244,1995,n7,light
376246,2061,n7,light
376248,2096,n7,light
376250,2161,n7,light
376252,2192,n7,light
376254,2251,n7,light
376256,2240,n7,light
376258,2279,n7,light
376260,2305,n7,light
376262,2266,n7,light
376264,2237,n7,light
376266,2301,n7,light
376268,2303,n7,light
376270,2390,n7,light
376272,2393,n7,light
376274,2441,n7,light
376276,2506,n7,light
376278,2506,n7,light
376280,2517,n7,light
376282,2597,n7,light
376284,2691,n7,light
376286,2748,n7,light
376288,2767,n7,light
376290,2672,n7,light
376292,2704,n7,light
376294,2651,n7,light
376296,2708,n7,light
376298,2831,n7,light
376300,2828,n7,light
376302,2729,n7,light
376304,2657,n7,light
376306,2551,n7,light
376308,2528,n7,light
376310,2781,n7,light
376312,3105,n7,light
376314,3186,n7,light
376316,3152,n7,light
376318,3614,n7,light
376320,3621,n7,light
376322,3612,n7,light
376324,3583,n7,light
376326,3583,n7,light
376328,3461,n7,light
376330,3243,n7,light
376332,3088,n7,light
376334,2985,n7,light
376336,2959,n7,light
376338,2870,n7,light
376340,2767,n7,light
376342,2674,n7,light
376344,2559,n7,light
376346,2535,n7,light
376348,2441,n7,light
376350,2367,n7,light
376352,2298,n7,light
376354,2204,n7,light
376356,2108,n7,light
376358,2019,n7,light
376360,1938,n7,light
376362,1866,n7,light
376364,1798,n7,light
376366,1742,n7,light
376368,1690,n7,light
376370,1665,n7,light
376372,1617,n7,light
376374,1612,n7,light
376376,1635,n7,light
376378,1589,n7,light
376380,1530,n7,light
376382,1491,n7,light
376384,1450,n7,light
376386,1483,n7,light
376388,1477,n7,light
376390,1466,n7,light
376392,1651,n7,light
376394,1639,n7,light
376396,1649,n7,light
376398,1776,n7,light
376400,1748,n7,light
376402,1732,n7,light
376404,1712,n7,light
376406,1831,n7,light
376408,1911,n7,light
376410,1845,n7,light
376412,1787,n7,light
376414,1748,n7,light
376416,1723,n7,light
376418,1690,n7,light
376420,1778,n7,light
376422,1795,n7,light
376424,1807,n7,light
376426,1868,n7,light
376428,1854,n7,light
376430,1793,n7,light
376432,1740,n7,light
376434,1702,n7,light
376436,1743,n7,light
376438,1908,n7,light
376440,1902,n7,light
376442,2064,n7,light
376444,2180,n7,light
376446,2156,n7,light
376448,2075,n7,light
376450,2059,n7,light
376452,2009,n7,light
376454,1925,n7,light
376456,1845,n7,light
376458,1765,n7,light
376460,1684,n7,light
376462,1657,n7,light
376464,1609,n7,light
376466,1599,n7,light
376468,1559,n7,light
376470,1533,n7,light
376472,1482,n7,light
376474,1437,n7,light
376476,1421,n7,light
376478,1381,n7,light
376480,1348,n7,light
376482,1379,n7,light
376484,1358,n7,light
376486,1367,n7,light
376488,1328,n7,light
376490,1456,n7,light
376492,1453,n7,light
376494,1398,n7,light
376496,1360,n7,light
376498,1360,n7,light
376500,1648,n7,light
376502,1855,n7,light
376504,1962,n7,light
376506,2247,n7,light
376508,2337,n7,light
376510,2318,n7,light
376512,2243,n7,light
376514,2160,n7,light
376516,2106,n7,light
376518,2074,n7,light
376520,2041,n7,light
376522,1973,n7,light
376524,1901,n7,light
376526,1837,n7,light
376528,1788,n7,light
376530,1795,n7,light
376532,1869,n7,light
376534,1931,n7,light
376536,1984,n7,light
376538,2080,n7,light
376540,2096,n7,light
376542,2080,n7,light
376544,2102,n7,light
376546,2064,n7,light
376548,2080,n7,light
376550,2010,n7,light
376552,1979,n7,light
376554,1963,n7,light
376556,1975,n7,light
376558,1904,n7,light
376560,1927,n7,light
376562,1936,n7,light
376564,1876,n7,light
376566,1797,n7,light
376568,1766,n7,light
376570,1872,n7,light
376572,1968,n7,light
376574,1987,n7,light
376576,2039,n7,light
376578,2032,n7,light
376580,2025,n7,light
376582,2094,n7,light
376584,2027,n7,light
376586,2006,n7,light
376588,2059,n7,light
376590,1991,n7,light
376592,2026,n7,light
376594,2066,n7,light
376596,2064,n7,light
376598,2057,n7,light
376600,2014,n7,light
376602,1993,n7,light
376604,1922,n7,light
376606,1917,n7,light
376608,1919,n7,light
376610,1913,n7,light
376612,1856,n7,light
376614,1884,n7,light
376616,1953,n7,light
376618,1911,n7,light
376620,1932,n7,light
376622,1859,n7,light
376624,1778,n7,light
376626,1700,n7,light
376628,1691,n7,light
376630,1762,n7,light
376632,1760,n7,light
376634,1969,n7,light
376636,2016,n7,light
376638,2257,n7,light
376640,2414,n7,light
376642,2382,n7,light
376644,2283,n7,light
376646,2276,n7,light
376648,2252,n7,light
376650,2177,n7,light
376652,2098,n7,light
376654,2065,n7,light
376656,2064,n7,light
376658,2224,n7,light
376660,2483,n7,light
376662,2498,n7,light
376664,2821,n7,light
376666,2931,n7,light
376668,3008,n7,light
376670,3332,n7,light
376672,3440,n7,light
376674,3456,n7,light
376676,3449,n7,light
376678,3472,n7,light
376680,3456,n7,light
376682,3453,n7,light
376684,3422,n7,light
376686,3264,n7,light
376688,3189,n7,light
376690,3071,n7,light
376692,2965,n7,light
376694,3007,n7,light
376696,2993,n7,light
376698,3088,n7,light
376700,2997,n7,light
376702,3021,n7,light
376704,3089,n7,light
376706,3027,n7,light
376708,2919,n7,light
376710,2902,n7,light
376712,2985,n7,light
376714,2911,n7,light
376716,2879,n7,light
376718,2832,n7,light
376720,2721,n7,light
376722,2608,n7,light
376724,2497,n7,light
376726,2391,n7,light
376728,2288,n7,light
376730,2189,n7,light
376732,2149,n7,light
376734,2165,n7,light
376736,2181,n7,light
376738,2106,n7,light
376740,2134,n7,light
376742,2126,n7,light
376744,2150,n7,light
376746,2128,n7,light
376748,2309,n7,light
376750,2494,n7,light
376752,2485,n7,light
376754,2599,n7,light
376756,2590,n7,light
376758,2518,n7,light
376760,2559,n7,light
376762,2530,n7,light
376764,2511,n7,light
376766,2475,n7,light
376768,2397,n7,light
376770,2325,n7,light
376772,2225,n7,light
376774,2139,n7,light
376776,2067,n7,light
376778,1999,n7,light
376780,1939,n7,light
376782,1882,n7,light
376784,1840,n7,light
376786,1826,n7,light
376788,1829,n7,light
376790,1788,n7,light
376792,1811,n7,light
376794,1749,n7,light
376796,1689,n7,light
376798,1655,n7,light
376800,1712,n7,light
376802,1794,n7,light
376804,1750,n7,light
376806,1815,n7,light
376808,1901,n7,light
376810,1898,n7,light
376812,1853,n7,light
376814,1810,n7,light
376816,1756,n7,light
376818,1731,n7,light
376820,1707,n7,light
376822,1653,n7,light
376824,1621,n7,light
376826,1570,n7,light
376828,1652,n7,light
376830,1696,n7,light
376832,1643,n7,light
376834,1626,n7,light
376836,1600,n7,light
376838,1582,n7,light
376840,1594,n7,light
376842,1534,n7,light
376844,1607,n7,light
376846,1603,n7,light
376848,1573,n7,light
376850,1514,n7,light
376852,1458,n7,light
376854,1450,n7,light
376856,1395,n7,light
376858,1344,n7,light
376860,1312,n7,light
376862,1297,n7,light
376864,1313,n7,light
376866,1398,n7,light
376868,1407,n7,light
376870,1359,n7,light
376872,1318,n7,light
376874,1370,n7,light
376876,1415,n7,light
376878,1455,n7,light
376880,1456,n7,light
376882,1397,n7,light
376884,1382,n7,light
376886,1354,n7,light
376888,1317,n7,light
376890,1280,n7,light
376892,1226,n7,light
376894,1183,n7,light
376896,1139,n7,light
376898,1125,n7,light
376900,1088,n7,light
376902,1084,n7,light
376904,1078,n7,light
376906,1059,n7,light
376908,1014,n7,light
376910,993,n7,light
376912,995,n7,light
376914,992,n7,light
376916,976,n7,light
376918,942,n7,light
376920,912,n7,light
376922,879,n7,light
376924,849,n7,light
376926,828,n7,light
376928,823,n7,light
376930,838,n7,light
376932,832,n7,light
376934,842,n7,light
376936,855,n7,light
376938,865,n7,light
376940,841,n7,light
376942,862,n7,light
376944,879,n7,light
376946,843,n7,light
376948,845,n7,light
376950,902,n7,light
376952,919,n7,light
376954,911,n7,light
376956,965,n7,light
376958,1003,n7,light
376960,1127,n7,light
376962,1210,n7,light
376964,1171,n7,light
376966,1126,n7,light
376968,1089,n7,light
376970,1043,n7,light
376972,1011,n7,light
376974,981,n7,light
376976,945,n7,light
376978,941,n7,light
376980,990,n7,light
376982,1107,n7,light
376984,1143,n7,light
376986,1251,n7,light
376988,1324,n7,light
376990,1285,n7,light
376992,1294,n7,light
376994,1279,n7,light
376996,1253,n7,light
376998,1230,n7,light
377000,1225,n7,light
377002,1186,n7,light
377004,1190,n7,light
377006,1157,n7,light
377008,1103,n7,light
377010,1094,n7,light
377012,1093,n7,light
377014,1062,n7,light
377016,1086,n7,light
377018,1114,n7,light
377020,1066,n7,light
377022,1008,n7,light
377024,971,n7,light
377026,944,n7,light
377028,967,n7,light
377030,963,n7,light
377032,971,n7,light
377034,940,n7,light
377036,925,n7,light
377038,886,n7,light
377040,843,n7,light
377042,816,n7,light
377044,791,n7,light
377046,772,n7,light
377048,743,n7,light
377050,757,n7,light
377052,780,n7,light
377054,767,n7,light
377056,793,n7,light
377058,880,n7,light
377060,899,n7,light
377062,876,n7,light
377064,891,n7,light
377066,924,n7,light
377068,989,n7,light
377070,1073,n7,light
377072,1094,n7,light
377074,1188,n7,light
377076,1168,n7,light
377078,1135,n7,light
377080,1126,n7,light
377082,1095,n7,light
377084,1095,n7,light
377086,1066,n7,light
377088,1036,n7,light
377090,1022,n7,light
377092,1062,n7,light
377094,1037,n7,light
377096,1033,n7,light
377098,1014,n7,light
377100,978,n7,light
377102,943,n7,light
377104,912,n7,light
377106,880,n7,light
377108,848,n7,light
377110,815,n7,light
377112,806,n7,light
377114,847,n7,light
377116,901,n7,light
377118,953,n7,light
377120,976,n7,light
377122,1041,n7,light
377124,1040,n7,light
377126,1035,n7,light
377128,1006,n7,light
377130,976,n7,light
377132,1006,n7,light
377134,1040,n7,light
377136,1009,n7,light
377138,1052,n7,light
377140,1009,n7,light
377142,976,n7,light
377144,944,n7,light
377146,925,n7,light
377148,880,n7,light
377150,876,n7,light
377152,936,n7,light
377154,1010,n7,light
377156,1008,n7,light
377158,1043,n7,light
377160,1057,n7,light
377162,1112,n7,light
377164,1093,n7,light
377166,1058,n7,light
377168,1005,n7,light
377170,1019,n7,light
377172,1040,n7,light
377174,992,n7,light
377176,1061,n7,light
377178,1086,n7,light
377180,1061,n7,light
377182,1131,n7,light
377184,1216,n7,light
377186,1264,n7,light
377188,1337,n7,light
377190,1401,n7,light
377192,1360,n7,light
377194,1371,n7,light
377196,1360,n7,light
377198,1369,n7,light
377200,1426,n7,light
377202,1412,n7,light
377204,1396,n7,light
377206,1431,n7,light
377208,1465,n7,light
377210,1450,n7,light
377212,1404,n7,light
377214,1392,n7,light
377216,1488,n7,light
377218,1849,n7,light
377220,1994,n7,light
377222,2067,n7,light
377224,2179,n7,light
377226,2416,n7,light
377228,2478,n7,light
377230,2455,n7,light
377232,2618,n7,light
377234,2643,n7,light
377236,2669,n7,light
377238,2707,n7,light
377240,2624,n7,light
377242,2646,n7,light
377244,2667,n7,light
377246,2701,n7,light
377248,2741,n7,light
377250,2660,n7,light
377252,2594,n7,light
377254,2510,n7,light
377256,2432,n7,light
377258,2333,n7,light
377260,2323,n7,light
377262,2303,n7,light
377264,2269,n7,light
377266,2255,n7,light
377268,2224,n7,light
377270,2135,n7,light
377272,2065,n7,light
377274,2035,n7,light
377276,1967,n7,light
377278,1917,n7,light
377280,1840,n7,light
377282,1762,n7,light
377284,1741,n7,light
377286,1692,n7,light
377288,1630,n7,light
377290,1582,n7,light
377292,1527,n7,light
377294,1486,n7,light
377296,1456,n7,light
377298,1535,n7,light
377300,1631,n7,light
377302,1624,n7,light
377304,1636,n7,light
377306,1680,n7,light
377308,1633,n7,light
377310,1599,n7,light
377312,1584,n7,light
377314,1623,n7,light
377316,1559,n7,light
377318,1520,n7,light
377320,1506,n7,light
377322,1456,n7,light
377324,1467,n7,light
377326,1414,n7,light
377328,1360,n7,light
377330,1399,n7,light
377332,1362,n7,light
377334,1344,n7,light
377336,1335,n7,light
377338,1314,n7,light
377340,1295,n7,light
377342,1278,n7,light
377344,1296,n7,light
377346,1279,n7,light
377348,1296,n7,light
377350,1242,n7,light
377352,1217,n7,light
377354,1216,n7,light
377356,1219,n7,light
377358,1195,n7,light
377360,1168,n7,light
377362,1169,n7,light
377364,1189,n7,light
377366,1204,n7,light
377368,1182,n7,light
377370,1170,n7,light
377372,1197,n7,light
377374,1217,n7,light
377376,1253,n7,light
377378,1251,n7,light
377380,1210,n7,light
377382,1197,n7,light
377384,1158,n7,light
377386,1107,n7,light
377388,1073,n7,light
377390,1088,n7,light
377392,1075,n7,light
377394,1116,n7,light
377396,1106,n7,light
377398,1136,n7,light
377400,1106,n7,light
377402,1083,n7,light
377404,1058,n7,light
377406,1082,n7,light
377408,1072,n7,light
377410,1023,n7,light
377412,1009,n7,light
377414,1072,n7,light
377416,1108,n7,light
377418,1097,n7,light
377420,1137,n7,light
377422,1111,n7,light
377424,1106,n7,light
377426,1152,n7,light
377428,1129,n7,light
377430,1201,n7,light
377432,1184,n7,light
377434,1190,n7,light
377436,1147,n7,light
377438,1099,n7,light
377440,1059,n7,light
377442,1018,n7,light
377444,987,n7,light
377446,959,n7,light
377448,945,n7,light
377450,974,n7,light
377452,940,n7,light
377454,913,n7,light
377456,915,n7,light
377458,880,n7,light
377460,853,n7,light
377462,826,n7,light
377464,819,n7,light
377466,896,n7,light
377468,912,n7,light
377470,880,n7,light
377472,893,n7,light
377474,947,n7,light
377476,959,n7,light
377478,941,n7,light
377480,946,n7,light
377482,960,n7,light
377484,1006,n7,light
377486,1113,n7,light
377488,1221,n7,light
377490,1360,n7,light
377492,1561,n7,light
377494,1562,n7,light
377496,1501,n7,light
377498,1442,n7,light
377500,1470,n7,light
377502,1526,n7,light
377504,1609,n7,light
377506,1635,n7,light
377508,1751,n7,light
377510,1744,n7,light
377512,1728,n7,light
377514,1680,n7,light
377516,1606,n7,light
377518,1565,n7,light
377520,1514,n7,light
377522,1450,n7,light
377524,1401,n7,light
377526,1339,n7,light
377528,1286,n7,light
377530,1276,n7,light
377532,1232,n7,light
377534,1192,n7,light
377536,1158,n7,light
377538,1171,n7,light
377540,1232,n7,light
377542,1200,n7,light
377544,1157,n7,light
377546,1124,n7,light
377548,1115,n7,light
377550,1095,n7,light
377552,1127,n7,light
377554,1090,n7,light
377556,1074,n7,light
377558,1064,n7,light
377560,1009,n7,light
377562,973,n7,light
377564,940,n7,light
377566,894,n7,light
377568,850,n7,light
377570,818,n7,light
377572,800,n7,light
377574,803,n7,light
377576,794,n7,light
377578,783,n7,light
377580,760,n7,light
377582,800,n7,light
377584,835,n7,light
377586,811,n7,light
377588,775,n7,light
377590,752,n7,light
377592,784,n7,light
377594,782,n7,light
377596,789,n7,light
377598,783,n7,light
377600,815,n7,light
377602,795,n7,light
377604,815,n7,light
377606,827,n7,light
377608,797,n7,light
377610,779,n7,light
377612,781,n7,light
377614,758,n7,light
377616,726,n7,light
377618,753,n7,light
377620,787,n7,light
377622,815,n7,light
377624,920,n7,light
377626,961,n7,light
377628,963,n7,light
377630,933,n7,light
377632,977,n7,light
377634,959,n7,light
377636,955,n7,light
377638,1011,n7,light
377640,998,n7,light
377642,978,n7,light
377644,1010,n7,light
377646,989,n7,light
377648,950,n7,light
377650,970,n7,light
377652,1121,n7,light
377654,1163,n7,light
377656,1241,n7,light
377658,1261,n7,light
377660,1231,n7,light
377662,1209,n7,light
377664,1286,n7,light
377666,1270,n7,light
377668,1243,n7,light
377670,1394,n7,light
377672,1465,n7,light
377674,1639,n7,light
377676,1696,n7,light
377678,1678,n7,light
377680,1625,n7,light
377682,1558,n7,light
377684,1535,n7,light
377686,1565,n7,light
377688,1566,n7,light
377690,1558,n7,light
377692,1506,n7,light
377694,1484,n7,light
377696,1475,n7,light
377698,1422,n7,light
377700,1410,n7,light
377702,1365,n7,light
377704,1319,n7,light
377706,1291,n7,light
377708,1264,n7,light
377710,1353,n7,light
377712,1441,n7,light
377714,1419,n7,light
377716,1393,n7,light
377718,1449,n7,light
377720,1397,n7,light
377722,1465,n7,light
377724,1477,n7,light
377726,1421,n7,light
377728,1357,n7,light
377730,1344,n7,light
377732,1435,n7,light
377734,1421,n7,light
377736,1417,n7,light
377738,1473,n7,light
377740,1495,n7,light
377742,1444,n7,light
377744,1385,n7,light
377746,1338,n7,light
377748,1311,n7,light
377750,1332,n7,light
377752,1365,n7,light
377754,1402,n7,light
377756,1436,n7,light
377758,1407,n7,light
377760,1405,n7,light
377762,1426,n7,light
377764,1461,n7,light
377766,1619,n7,light
377768,1666,n7,light
377770,1606,n7,light
377772,1584,n7,light
377774,1520,n7,light
377776,1584,n7,light
377778,1661,n7,light
377780,1647,n7,light
377782,1674,n7,light
377784,1659,n7,light
377786,1689,n7,light
377788,1647,n7,light
377790,1693,n7,light
377792,1642,n7,light
377794,1577,n7,light
377796,1516,n7,light
377798,1477,n7,light
377800,1486,n7,light
377802,1463,n7,light
377804,1399,n7,light
377806,1378,n7,light
377808,1395,n7,light
377810,1437,n7,light
377812,1401,n7,light
377814,1424,n7,light
377816,1504,n7,light
377818,1597,n7,light
377820,1727,n7,light
377822,1681,n7,light
377824,1776,n7,light
377826,1997,n7,light
377828,2005,n7,light
377830,1931,n7,light
377832,1859,n7,light
377834,1808,n7,light
377836,1772,n7,light
377838,1705,n7,light
377840,1649,n7,light
377842,1584,n7,light
377844,1535,n7,light
377846,1520,n7,light
377848,1457,n7,light
377850,1437,n7,light
377852,1379,n7,light
377854,1314,n7,light
377856,1263,n7,light
377858,1270,n7,light
377860,1381,n7,light
377862,1391,n7,light
377864,1471,n7,light
377866,1500,n7,light
377868,1521,n7,light
377870,1508,n7,light
377872,1535,n7,light
377874,1535,n7,light
377876,1501,n7,light
377878,1442,n7,light
377880,1392,n7,light
377882,1362,n7,light
377884,1372,n7,light
377886,1349,n7,light
377888,1295,n7,light
377890,1253,n7,light
377892,1198,n7,light
377894,1152,n7,light
377896,1109,n7,light
377898,1083,n7,light
377900,1072,n7,light
377902,1057,n7,light
377904,1049,n7,light
377906,1075,n7,light
377908,1084,n7,light
377910,1133,n7,light
377912,1094,n7,light
377914,1083,n7,light
377916,1150,n7,light
377918,1168,n7,light
377920,1280,n7,light
377922,1279,n7,light
377924,1248,n7,light
377926,1230,n7,light
377928,1279,n7,light
377930,1434,n7,light
377932,1454,n7,light
377934,1427,n7,light
377936,1519,n7,light
377938,1531,n7,light
377940,1470,n7,light
377942,1415,n7,light
377944,1377,n7,light
377946,1335,n7,light
377948,1283,n7,light
377950,1227,n7,light
377952,1199,n7,light
377954,1165,n7,light
377956,1147,n7,light
377958,1104,n7,light
377960,1059,n7,light
377962,1009,n7,light
377964,1005,n7,light
377966,1046,n7,light
377968,1089,n7,light
377970,1142,n7,light
377972,1222,n7,light
377974,1279,n7,light
377976,1486,n7,light
377978,1535,n7,light
377980,1478,n7,light
377982,1427,n7,light
377984,1366,n7,light
377986,1345,n7,light
377988,1391,n7,light
377990,1360,n7,light
377992,1357,n7,light
377994,1312,n7,light
377996,1273,n7,light
377998,1333,n7,light
378000,1506,n7,light
378002,1501,n7,light
378004,1648,n7,light
378006,1786,n7,light
378008,1792,n7,light
378010,1761,n7,light
378012,1710,n7,light
378014,1658,n7,light
378016,1703,n7,light
378018,1743,n7,light
378020,1710,n7,light
378022,1678,n7,light
378024,1679,n7,light
378026,1615,n7,light
378028,1587,n7,light
378030,1535,n7,light
378032,1475,n7,light
378034,1442,n7,light
378036,1451,n7,light
378038,1443,n7,light
378040,1435,n7,light
378042,1475,n7,light
378044,1467,n7,light
378046,1424,n7,light
378048,1439,n7,light
378050,1395,n7,light
378052,1373,n7,light
378054,1334,n7,light
378056,1282,n7,light
378058,1247,n7,light
378060,1222,n7,light
378062,1203,n7,light
378064,1277,n7,light
378066,1335,n7,light
378068,1297,n7,light
378070,1327,n7,light
378072,1279,n7,light
378074,1246,n7,light
378076,1278,n7,light
378078,1309,n7,light
378080,1264,n7,light
378082,1232,n7,light
378084,1206,n7,light
378086,1174,n7,light
378088,1183,n7,light
378090,1206,n7,light
378092,1194,n7,light
378094,1275,n7,light
378096,1285,n7,light
378098,1336,n7,light
378100,1364,n7,light
378102,1423,n7,light
378104,1373,n7,light
378106,1360,n7,light
378108,1347,n7,light
378110,1335,n7,light
378112,1296,n7,light
378114,1327,n7,light
378116,1279,n7,light
378118,1232,n7,light
378120,1202,n7,light
378122,1214,n7,light
378124,1202,n7,light
378126,1150,n7,light
378128,1117,n7,light
378130,1109,n7,light
378132,1066,n7,light
378134,1054,n7,light
378136,1093,n7,light
378138,1061,n7,light
378140,1023,n7,light
378142,1040,n7,light
378144,1095,n7,light
378146,1168,n7,light
378148,1138,n7,light
378150,1136,n7,light
378152,1132,n7,light
378154,1115,n7,light
378156,1120,n7,light
378158,1106,n7,light
378160,1099,n7,light
378162,1130,n7,light
378164,1149,n7,light
378166,1181,n7,light
378168,1156,n7,light
378170,1114,n7,light
378172,1090,n7,light
378174,1062,n7,light
378176,1018,n7,light
378178,1134,n7,light
378180,1174,n7,light
378182,1146,n7,light
378184,1162,n7,light
378186,1170,n7,light
378188,1165,n7,light
378190,1152,n7,light
378192,1104,n7,light
378194,1079,n7,light
378196,1067,n7,light
378198,1078,n7,light
378200,1063,n7,light
378202,1041,n7,light
378204,1013,n7,light
378206,1002,n7,light
378208,978,n7,light
378210,939,n7,light
378212,934,n7,light
378214,954,n7,light
378216,976,n7,light
378218,939,n7,light
378220,931,n7,light
378222,944,n7,light
378224,947,n7,light
378226,965,n7,light
378228,983,n7,light
378230,965,n7,light
378232,954,n7,light
378234,926,n7,light
378236,1034,n7,light
378238,1122,n7,light
378240,1173,n7,light
378242,1312,n7,light
378244,1317,n7,light
378246,1286,n7,light
378248,1303,n7,light
378250,1323,n7,light
378252,1297,n7,light
378254,1309,n7,light
378256,1279,n7,light
378258,1227,n7,light
378260,1200,n7,light
378262,1158,n7,light
378264,1114,n7,light
378266,1105,n7,light
378268,1170,n7,light
378270,1269,n7,light
378272,1277,n7,light
378274,1373,n7,light
378276,1399,n7,light
378278,1363,n7,light
378280,1321,n7,light
378282,1307,n7,light
378284,1324,n7,light
378286,1266,n7,light
378288,1213,n7,light
378290,1167,n7,light
378292,1154,n7,light
378294,1161,n7,light
378296,1163,n7,light
378298,1161,n7,light
378300,1194,n7,light
378302,1173,n7,light
378304,1136,n7,light
378306,1118,n7,light
378308,1107,n7,light
378310,1129,n7,light
378312,1093,n7,light
378314,1094,n7,light
378316,1152,n7,light
378318,1171,n7,light
378320,1159,n7,light
378322,1183,n7,light
378324,1149,n7,light
378326,1161,n7,light
378328,1168,n7,light
378330,1165,n7,light
378332,1155,n7,light
378334,1167,n7,light
378336,1145,n7,light
378338,1103,n7,light
378340,1072,n7,light
378342,1036,n7,light
378344,1051,n7,light
378346,1023,n7,light
378348,1051,n7,light
378350,1011,n7,light
378352,993,n7,light
378354,986,n7,light
378356,950,n7,light
378358,911,n7,light
378360,880,n7,light
378362,894,n7,light
378364,912,n7,light
378366,903,n7,light
378368,923,n7,light
378370,887,n7,light
378372,895,n7,light
378374,869,n7,light
378376,836,n7,light
378378,830,n7,light
378380,800,n7,light
378382,822,n7,light
378384,883,n7,light
378386,943,n7,light
378388,918,n7,light
378390,970,n7,light
378392,999,n7,light
378394,978,n7,light
378396,947,n7,light
378398,913,n7,light
378400,919,n7,light
378402,960,n7,light
378404,947,n7,light
378406,919,n7,light
378408,917,n7,light
378410,890,n7,light
378412,864,n7,light
378414,842,n7,light
378416,816,n7,light
378418,806,n7,light
378420,817,n7,light
378422,974,n7,light
378424,998,n7,light
378426,1130,n7,light
378428,1162,n7,light
378430,1111,n7,light
378432,1126,n7,light
378434,1089,n7,light
378436,1075,n7,light
378438,1107,n7,light
378440,1095,n7,light
378442,1179,n7,light
378444,1207,n7,light
378446,1184,n7,light
378448,1137,n7,light
378450,1159,n7,light
378452,1154,n7,light
378454,1134,n7,light
378456,1130,n7,light
378458,1090,n7,light
378460,1061,n7,light
378462,1054,n7,light
378464,1011,n7,light
378466,1012,n7,light
378468,1011,n7,light
378470,994,n7,light
378472,986,n7,light
378474,1000,n7,light
378476,986,n7,light
378478,961,n7,light
378480,965,n7,light
378482,931,n7,light
378484,929,n7,light
378486,944,n7,light
378488,930,n7,light
378490,927,n7,light
378492,955,n7,light
378494,960,n7,light
378496,951,n7,light
378498,922,n7,light
378500,947,n7,light
378502,964,n7,light
378504,966,n7,light
378506,975,n7,light
378508,978,n7,light
378510,944,n7,light
378512,975,n7,light
378514,959,n7,light
378516,969,n7,light
378518,935,n7,light
378520,899,n7,light
378522,852,n7,light
378524,816,n7,light
378526,784,n7,light
378528,773,n7,light
378530,787,n7,light
378532,759,n7,light
378534,727,n7,light
378536,710,n7,light
378538,701,n7,light
378540,719,n7,light
378542,709,n7,light
378544,688,n7,light
378546,679,n7,light
378548,677,n7,light
378550,711,n7,light
378552,727,n7,light
378554,723,n7,light
378556,775,n7,light
378558,798,n7,light
378560,778,n7,light
378562,814,n7,light
378564,949,n7,light
378566,925,n7,light
378568,909,n7,light
378570,934,n7,light
378572,934,n7,light
378574,929,n7,light
378576,898,n7,light
378578,877,n7,light
378580,948,n7,light
378582,1039,n7,light
378584,1042,n7,light
378586,1018,n7,light
378588,1010,n7,light
378590,1061,n7,light
378592,1072,n7,light
378594,1102,n7,light
378596,1075,n7,light
378598,1079,n7,light
378600,1136,n7,light
378602,1137,n7,light
378604,1101,n7,light
378606,1074,n7,light
378608,1034,n7,light
378610,993,n7,light
378612,945,n7,light
378614,912,n7,light
378616,885,n7,light
378618,864,n7,light
378620,843,n7,light
378622,832,n7,light
378624,816,n7,light
378626,817,n7,light
378628,791,n7,light
378630,805,n7,light
378632,799,n7,light
378634,843,n7,light
378636,966,n7,light
378638,998,n7,light
378640,1168,n7,light
378642,1277,n7,light
378644,1260,n7,light
378646,1254,n7,light
378648,1309,n7,light
378650,1283,n7,light
378652,1292,n7,light
378654,1233,n7,light
378656,1181,n7,light
378658,1149,n7,light
378660,1111,n7,light
378662,1071,n7,light
378664,1062,n7,light
378666,1047,n7,light
378668,1023,n7,light
378670,996,n7,light
378672,971,n7,light
378674,983,n7,light
378676,950,n7,light
378678,912,n7,light
378680,896,n7,light
378682,881,n7,light
378684,879,n7,light
378686,942,n7,light
378688,954,n7,light
378690,979,n7,light
378692,1051,n7,light
378694,1007,n7,light
378696,965,n7,light
378698,944,n7,light
378700,1015,n7,light
378702,1022,n7,light
378704,1104,n7,light
378706,1118,n7,light
378708,1074,n7,light
378710,1023,n7,light
378712,979,n7,light
378714,960,n7,light
378716,976,n7,light
378718,1000,n7,light
378720,978,n7,light
378722,1002,n7,light
378724,979,n7,light
378726,958,n7,light
378728,932,n7,light
378730,947,n7,light
378732,1067,n7,light
378734,1122,n7,light
378736,1127,n7,light
378738,1217,n7,light
378740,1282,n7,light
378742,1250,n7,light
378744,1258,n7,light
378746,1330,n7,light
378748,1331,n7,light
378750,1378,n7,light
378752,1358,n7,light
378754,1350,n7,light
378756,1327,n7,light
378758,1291,n7,light
378760,1233,n7,light
378762,1182,n7,light
378764,1165,n7,light
378766,1156,n7,light
378768,1121,n7,light
378770,1098,n7,light
378772,1048,n7,light
378774,1004,n7,light
378776,973,n7,light
378778,971,n7,light
378780,969,n7,light
378782,924,n7,light
378784,896,n7,light
378786,872,n7,light
378788,848,n7,light
378790,832,n7,light
378792,817,n7,light
378794,815,n7,light
378796,807,n7,light
378798,797,n7,light
378800,779,n7,light
378802,752,n7,light
378804,735,n7,light
378806,727,n7,light
378808,739,n7,light
378810,727,n7,light
378812,701,n7,light
378814,701,n7,light
378816,718,n7,light
378818,709,n7,light
378820,705,n7,light
378822,688,n7,light
378824,661,n7,light
378826,678,n7,light
378828,714,n7,light
378830,698,n7,light
378832,681,n7,light
378834,678,n7,light
378836,667,n7,light
378838,668,n7,light
378840,695,n7,light
378842,677,n7,light
378844,769,n7,light
378846,789,n7,light
378848,797,n7,light
378850,805,n7,light
378852,772,n7,light
378854,743,n7,light
378856,754,n7,light
378858,768,n7,light
378860,745,n7,light
378862,719,n7,light
378864,720,n7,light
378866,720,n7,light
378868,704,n7,light
378870,698,n7,light
378872,682,n7,light
378874,646,n7,light
378876,624,n7,light
378878,593,n7,light
378880,576,n7,light
378882,550,n7,light
378884,528,n7,light
378886,511,n7,light
378888,523,n7,light
378890,528,n7,light
378892,559,n7,light
378894,592,n7,light
378896,589,n7,light
378898,645,n7,light
378900,674,n7,light
378902,671,n7,light
378904,689,n7,light
378906,684,n7,light
378908,693,n7,light
378910,741,n7,light
378912,729,n7,light
378914,715,n7,light
378916,720,n7,light
378918,700,n7,light
378920,674,n7,light
378922,659,n7,light
378924,656,n7,light
378926,653,n7,light
378928,681,n7,light
378930,738,n7,light
378932,739,n7,light
378934,725,n7,light
378936,710,n7,light
378938,685,n7,light
378940,653,n7,light
378942,624,n7,light
378944,603,n7,light
378946,583,n7,light
378948,566,n7,light
378950,566,n7,light
378952,560,n7,light
378954,642,n7,light
378956,669,n7,light
378958,731,n7,light
378960,802,n7,light
378962,790,n7,light
378964,752,n7,light
378966,718,n7,light
378968,691,n7,light
378970,678,n7,light
378972,666,n7,light
378974,677,n7,light
378976,656,n7,light
378978,692,n7,light
378980,688,n7,light
378982,725,n7,light
378984,720,n7,light
378986,706,n7,light
378988,706,n7,light
378990,735,n7,light
378992,752,n7,light
378994,726,n7,light
378996,719,n7,light
378998,691,n7,light
379000,753,n7,light
379002,799,n7,light
379004,826,n7,light
379006,866,n7,light
379008,875,n7,light
379010,861,n7,light
379012,833,n7,light
379014,871,n7,light
379016,877,n7,light
379018,890,n7,light
379020,909,n7,light
379022,946,n7,light
379024,957,n7,light
379026,949,n7,light
379028,941,n7,light
379030,912,n7,light
379032,911,n7,light
379034,912,n7,light
379036,912,n7,light
379038,877,n7,light
379040,837,n7,light
379042,854,n7,light
379044,851,n7,light
379046,836,n7,light
379048,867,n7,light
379050,903,n7,light
379052,899,n7,light
379054,898,n7,light
379056,901,n7,light
379058,918,n7,light
379060,999,n7,light
379062,992,n7,light
379064,1008,n7,light
379066,1053,n7,light
379068,1011,n7,light
379070,990,n7,light
379072,990,n7,light
388092,1129,n7,light
388094,1083,n7,light
388096,1063,n7,light
388098,1099,n7,light
388100,1136,n7,light
388102,1154,n7,light
388104,1192,n7,light
388106,1154,n7,light
388108,1139,n7,light
388110,1111,n7,light
388112,1114,n7,light
388114,1095,n7,light
388116,1173,n7,light
388118,1177,n7,light
388120,1202,n7,light
388122,1211,n7,light
388124,1181,n7,light
388126,1153,n7,light
388128,1169,n7,light
388130,1245,n7,light
388132,1264,n7,light
388134,1232,n7,light
388136,1186,n7,light
388138,1191,n7,light
388140,1253,n7,light
388142,1243,n7,light
388144,1219,n7,light
388146,1191,n7,light
388148,1190,n7,light
388150,1199,n7,light
388152,1209,n7,light
388154,1165,n7,light
388156,1130,n7,light
388158,1082,n7,light
388160,1063,n7,light
388162,1050,n7,light
388164,1040,n7,light
388166,1009,n7,light
388168,990,n7,light
388170,976,n7,light
388172,992,n7,light
388174,949,n7,light
388176,924,n7,light
388178,883,n7,light
388180,859,n7,light
388182,861,n7,light
388184,833,n7,light
388186,844,n7,light
388188,825,n7,light
388190,820,n7,light
388192,832,n7,light
388194,828,n7,light
388196,811,n7,light
388198,830,n7,light
388200,818,n7,light
388202,847,n7,light
388204,851,n7,light
388206,845,n7,light
388208,848,n7,light
388210,866,n7,light
388212,847,n7,light
388214,832,n7,light
388216,848,n7,light
388218,944,n7,light
388220,1040,n7,light
388222,1039,n7,light
388224,1187,n7,light
388226,1278,n7,light
388228,1232,n7,light
388230,1212,n7,light
388232,1178,n7,light
388234,1138,n7,light
388236,1119,n7,light
388238,1136,n7,light
388240,1115,n7,light
388242,1110,n7,light
388244,1126,n7,light
388246,1097,n7,light
388248,1072,n7,light
388250,1041,n7,light
388252,991,n7,light
388254,960,n7,light
388256,949,n7,light
388258,927,n7,light
388260,974,n7,light
388262,1003,n7,light
388264,1006,n7,light
388266,1033,n7,light
388268,1053,n7,light
388270,1006,n7,light
388272,1040,n7,light
388274,1068,n7,light
388276,1067,n7,light
388278,1012,n7,light
388280,979,n7,light
388282,962,n7,light
388284,991,n7,light
388286,1005,n7,light
388288,969,n7,light
388290,996,n7,light
388292,1023,n7,light
388294,1013,n7,light
388296,995,n7,light
388298,1003,n7,light
388300,998,n7,light
388302,986,n7,light
388304,967,n7,light
388306,962,n7,light
388308,976,n7,light
388310,1019,n7,light
388312,1066,n7,light
388314,1110,n7,light
388316,1101,n7,light
388318,1159,n7,light
388320,1168,n7,light
388322,1138,n7,light
388324,1123,n7,light
388326,1075,n7,light
388328,1048,n7,light
388330,1055,n7,light
388332,1065,n7,light
388334,1053,n7,light
388336,1022,n7,light
388338,1078,n7,light
388340,1114,n7,light
388342,1104,n7,light
388344,1066,n7,light
388346,1069,n7,light
388348,1057,n7,light
388350,1020,n7,light
388352,983,n7,light
388354,961,n7,light
388356,947,n7,light
388358,982,n7,light
388360,961,n7,light
388362,944,n7,light
388364,901,n7,light
388366,865,n7,light
388368,832,n7,light
388370,827,n7,light
388372,817,n7,light
388374,784,n7,light
388376,811,n7,light
388378,820,n7,light
388380,853,n7,light
388382,848,n7,light
388384,895,n7,light
388386,869,n7,light
388388,891,n7,light
388390,917,n7,light
388392,912,n7,light
388394,885,n7,light
388396,921,n7,light
388398,933,n7,light
388400,911,n7,light
388402,893,n7,light
388404,867,n7,light
388406,887,n7,light
388408,885,n7,light
388410,886,n7,light
388412,886,n7,light
388414,853,n7,light
388416,818,n7,light
388418,791,n7,light
388420,805,n7,light
388422,899,n7,light
388424,911,n7,light
388426,990,n7,light
388428,1082,n7,light
388430,1071,n7,light
388432,1043,n7,light
388434,1046,n7,light
388436,1002,n7,light
388438,988,n7,light
388440,960,n7,light
388442,919,n7,light
388444,889,n7,light
388446,849,n7,light
388448,827,n7,light
388450,839,n7,light
388452,831,n7,light
388454,806,n7,light
388456,829,n7,light
388458,838,n7,light
388460,815,n7,light
388462,815,n7,light
388464,819,n7,light
388466,787,n7,light
388468,791,n7,light
388470,759,n7,light
388472,741,n7,light
388474,743,n7,light
388476,726,n7,light
388478,704,n7,light
388480,727,n7,light
388482,721,n7,light
388484,757,n7,light
388486,773,n7,light
388488,789,n7,light
388490,816,n7,light
388492,849,n7,light
388494,830,n7,light
388496,805,n7,light
388498,765,n7,light
388500,756,n7,light
388502,723,n7,light
388504,723,n7,light
388506,763,n7,light
388508,770,n7,light
388510,815,n7,light
388512,800,n7,light
388514,778,n7,light
388516,741,n7,light
388518,739,n7,light
388520,759,n7,light
388522,729,n7,light
388524,702,n7,light
388526,690,n7,light
388528,662,n7,light
388530,662,n7,light
388532,661,n7,light
388534,658,n7,light
388536,656,n7,light
388538,678,n7,light
388540,662,n7,light
388542,684,n7,light
388544,688,n7,light
388546,697,n7,light
388548,688,n7,light
388550,669,n7,light
388552,650,n7,light
388554,635,n7,light
388556,619,n7,light
388558,614,n7,light
388560,605,n7,light
388562,660,n7,light
388564,687,n7,light
388566,677,n7,light
388568,701,n7,light
388570,725,n7,light
388572,699,n7,light
388574,666,n7,light
388576,642,n7,light
388578,683,n7,light
388580,663,n7,light
388582,681,n7,light
388584,682,n7,light
388586,675,n7,light
388588,667,n7,light
388590,666,n7,light
388592,655,n7,light
388594,725,n7,light
388596,775,n7,light
388598,782,n7,light
388600,752,n7,light
388602,737,n7,light
388604,720,n7,light
388606,743,n7,light
388608,746,n7,light
388610,727,n7,light
388612,724,n7,light
388614,691,n7,light
388616,676,n7,light
388618,671,n7,light
388620,717,n7,light
388622,733,n7,light
388624,708,n7,light
388626,715,n7,light
388628,704,n7,light
388630,692,n7,light
388632,718,n7,light
388634,706,n7,light
388636,675,n7,light
388638,641,n7,light
388640,640,n7,light
388642,626,n7,light
388644,649,n7,light
388646,784,n7,light
388648,834,n7,light
388650,955,n7,light
388652,1023,n7,light
388654,1014,n7,light
388656,980,n7,light
388658,964,n7,light
388660,965,n7,light
388662,956,n7,light
388664,977,n7,light
388666,1058,n7,light
388668,1074,n7,light
388670,1074,n7,light
388672,1105,n7,light
388674,1071,n7,light
388676,1111,n7,light
388678,1147,n7,light
388680,1117,n7,light
388682,1136,n7,light
388684,1153,n7,light
388686,1217,n7,light
388688,1247,n7,light
388690,1215,n7,light
388692,1261,n7,light
388694,1357,n7,light
388696,1332,n7,light
388698,1306,n7,light
388700,1286,n7,light
388702,1237,n7,light
388704,1219,n7,light
388706,1256,n7,light
388708,1232,n7,light
388710,1217,n7,light
388712,1223,n7,light
388714,1201,n7,light
388716,1206,n7,light
388718,1238,n7,light
388720,1258,n7,light
388722,1227,n7,light
388724,1275,n7,light
388726,1243,n7,light
388728,1197,n7,light
388730,1163,n7,light
388732,1126,n7,light
388734,1102,n7,light
388736,1082,n7,light
388738,1078,n7,light
388740,1071,n7,light
388742,1054,n7,light
388744,1013,n7,light
388746,976,n7,light
388748,944,n7,light
388750,965,n7,light
388752,1013,n7,light
388754,972,n7,light
388756,929,n7,light
388758,912,n7,light
388760,907,n7,light
388762,914,n7,light
388764,883,n7,light
388766,879,n7,light
388768,869,n7,light
388770,862,n7,light
388772,880,n7,light
388774,848,n7,light
388776,819,n7,light
388778,784,n7,light
388780,754,n7,light
388782,771,n7,light
388784,828,n7,light
388786,838,n7,light
388788,884,n7,light
388790,905,n7,light
388792,947,n7,light
388794,946,n7,light
388796,917,n7,light
388798,899,n7,light
388800,949,n7,light
388802,945,n7,light
388804,939,n7,light
388806,924,n7,light
388808,944,n7,light
388810,910,n7,light
388812,886,n7,light
388814,894,n7,light
388816,885,n7,light
388818,849,n7,light
388820,841,n7,light
388822,842,n7,light
388824,809,n7,light
388826,779,n7,light
388828,775,n7,light
388830,820,n7,light
388832,818,n7,light
388834,861,n7,light
388836,896,n7,light
388838,871,n7,light
388840,875,n7,light
388842,869,n7,light
388844,854,n7,light
388846,863,n7,light
388848,833,n7,light
388850,797,n7,light
388852,775,n7,light
388854,758,n7,light
388856,771,n7,light
388858,782,n7,light
388860,766,n7,light
388862,737,n7,light
388864,726,n7,light
388866,773,n7,light
388868,790,n7,light
388870,902,n7,light
388872,957,n7,light
388874,951,n7,light
388876,929,n7,light
388878,951,n7,light
388880,934,n7,light
388882,912,n7,light
388884,875,n7,light
388886,848,n7,light
388888,867,n7,light
388890,885,n7,light
388892,857,n7,light
388894,823,n7,light
388896,834,n7,light
388898,831,n7,light
388900,807,n7,light
388902,772,n7,light
388904,766,n7,light
388906,737,n7,light
388908,718,n7,light
388910,693,n7,light
388912,661,n7,light
388914,642,n7,light
388916,629,n7,light
388918,624,n7,light
388920,592,n7,light
388922,581,n7,light
388924,583,n7,light
388926,597,n7,light
388928,592,n7,light
388930,621,n7,light
388932,625,n7,light
388934,637,n7,light
388936,628,n7,light
388938,621,n7,light
388940,603,n7,light
388942,622,n7,light
388944,594,n7,light
388946,581,n7,light
388948,582,n7,light
388950,650,n7,light
388952,671,n7,light
388954,693,n7,light
388956,704,n7,light
388958,688,n7,light
388960,657,n7,light
388962,661,n7,light
388964,688,n7,light
388966,673,n7,light
388968,653,n7,light
388970,640,n7,light
388972,682,n7,light
388974,710,n7,light
388976,702,n7,light
388978,741,n7,light
388980,795,n7,light
388982,766,n7,light
388984,767,n7,light
388986,779,n7,light
388988,759,n7,light
388990,747,n7,light
388992,724,n7,light
388994,783,n7,light
388996,784,n7,light
388998,776,n7,light
389000,783,n7,light
389002,770,n7,light
389004,773,n7,light
389006,746,n7,light
389008,713,n7,light
389010,724,n7,light
389012,709,n7,light
389014,679,n7,light
389016,663,n7,light
389018,656,n7,light
389020,637,n7,light
389022,652,n7,light
389024,630,n7,light
389026,611,n7,light
389028,658,n7,light
389030,787,n7,light
389032,804,n7,light
389034,907,n7,light
389036,983,n7,light
389038,953,n7,light
389040,935,n7,light
389042,987,n7,light
389044,995,n7,light
389046,1069,n7,light
389048,1015,n7,light
389050,1005,n7,light
389052,976,n7,light
389054,949,n7,light
389056,919,n7,light
389058,880,n7,light
389060,835,n7,light
389062,804,n7,light
389064,773,n7,light
389066,769,n7,light
389068,756,n7,light
389070,722,n7,light
389072,689,n7,light
389074,668,n7,light
389076,675,n7,light
389078,715,n7,light
389080,705,n7,light
389082,766,n7,light
389084,763,n7,light
389086,751,n7,light
389088,767,n7,light
389090,753,n7,light
389092,794,n7,light
389094,775,n7,light
389096,809,n7,light
389098,802,n7,light
389100,775,n7,light
389102,747,n7,light
389104,769,n7,light
389106,766,n7,light
389108,745,n7,light
389110,720,n7,light
389112,710,n7,light
389114,758,n7,light
389116,805,n7,light
389118,805,n7,light
389120,811,n7,light
389122,894,n7,light
389124,930,n7,light
389126,917,n7,light
389128,933,n7,light
389130,962,n7,light
389132,923,n7,light
389134,880,n7,light
389136,853,n7,light
389138,839,n7,light
389140,816,n7,light
389142,832,n7,light
389144,801,n7,light
389146,770,n7,light
389148,740,n7,light
389150,750,n7,light
389152,720,n7,light
389154,709,n7,light
389156,678,n7,light
389158,667,n7,light
389160,679,n7,light
389162,650,n7,light
389164,627,n7,light
389166,627,n7,light
389168,611,n7,light
389170,582,n7,light
389172,573,n7,light
389174,575,n7,light
389176,583,n7,light
389178,634,n7,light
389180,752,n7,light
389182,749,n7,light
389184,735,n7,light
389186,807,n7,light
389188,834,n7,light
389190,848,n7,light
389192,857,n7,light
389194,839,n7,light
389196,834,n7,light
389198,823,n7,light
389200,799,n7,light
389202,771,n7,light
389204,735,n7,light
389206,720,n7,light
389208,699,n7,light
389210,687,n7,light
389212,701,n7,light
389214,707,n7,light
389216,690,n7,light
389218,734,n7,light
389220,720,n7,light
389222,733,n7,light
389224,726,n7,light
389226,710,n7,light
389228,720,n7,light
389230,689,n7,light
389232,673,n7,light
389234,647,n7,light
389236,622,n7,light
389238,640,n7,light
389240,628,n7,light
389242,603,n7,light
389244,581,n7,light
389246,560,n7,light
389248,583,n7,light
389250,592,n7,light
389252,630,n7,light
389254,658,n7,light
389256,657,n7,light
389258,655,n7,light
389260,666,n7,light
389262,655,n7,light
389264,648,n7,light
389266,633,n7,light
389268,620,n7,light
389270,607,n7,light
389272,592,n7,light
389274,620,n7,light
389276,633,n7,light
389278,609,n7,light
389280,585,n7,light
389282,560,n7,light
389284,543,n7,light
389286,544,n7,light
389288,624,n7,light
389290,682,n7,light
389292,704,n7,light
389294,673,n7,light
389296,649,n7,light
389298,635,n7,light
389300,617,n7,light
389302,629,n7,light
389304,641,n7,light
389306,711,n7,light
389308,767,n7,light
389310,751,n7,light
389312,759,n7,light
389314,777,n7,light
389316,807,n7,light
389318,784,n7,light
389320,773,n7,light
389322,756,n7,light
389324,775,n7,light
389326,752,n7,light
389328,723,n7,light
389330,726,n7,light
389332,739,n7,light
389334,741,n7,light
389336,709,n7,light
389338,689,n7,light
389340,705,n7,light
389342,705,n7,light
389344,694,n7,light
389346,780,n7,light
389348,816,n7,light
389350,845,n7,light
389352,899,n7,light
389354,937,n7,light
389356,910,n7,light
389358,867,n7,light
389360,850,n7,light
389362,849,n7,light
389364,817,n7,light
389366,807,n7,light
389368,802,n7,light
389370,845,n7,light
389372,839,n7,light
389374,857,n7,light
389376,851,n7,light
389378,835,n7,light
389380,819,n7,light
389382,791,n7,light
389384,783,n7,light
389386,767,n7,light
389388,765,n7,light
389390,747,n7,light
389392,757,n7,light
389394,755,n7,light
389396,722,n7,light
389398,692,n7,light
389400,685,n7,light
389402,682,n7,light
389404,698,n7,light
389406,684,n7,light
389408,656,n7,light
389410,654,n7,light
389412,709,n7,light
389414,777,n7,light
389416,793,n7,light
389418,891,n7,light
389420,919,n7,light
389422,883,n7,light
389424,843,n7,light
389426,815,n7,light
389428,802,n7,light
389430,791,n7,light
389432,769,n7,light
389434,735,n7,light
389436,724,n7,light
389438,720,n7,light
389440,711,n7,light
389442,695,n7,light
389444,671,n7,light
389446,687,n7,light
389448,727,n7,light
389450,753,n7,light
389452,739,n7,light
389454,738,n7,light
389456,713,n7,light
389458,680,n7,light
389460,665,n7,light
389462,640,n7,light
389464,653,n7,light
389466,656,n7,light
389468,686,n7,light
389470,709,n7,light
389472,693,n7,light
389474,671,n7,light
389476,656,n7,light
389478,699,n7,light
389480,694,n7,light
389482,663,n7,light
389484,668,n7,light
389486,720,n7,light
389488,702,n7,light
389490,667,n7,light
389492,683,n7,light
389494,749,n7,light
389496,751,n7,light
389498,738,n7,light
389500,710,n7,light
389502,717,n7,light
389504,716,n7,light
389506,712,n7,light
389508,763,n7,light
389510,751,n7,light
389512,754,n7,light
389514,785,n7,light
389516,794,n7,light
389518,774,n7,light
389520,755,n7,light
389522,717,n7,light
389524,695,n7,light
389526,683,n7,light
389528,670,n7,light
389530,657,n7,light
389532,668,n7,light
389534,647,n7,light
389536,645,n7,light
389538,663,n7,light
389540,656,n7,light
389542,645,n7,light
389544,663,n7,light
389546,663,n7,light
389548,663,n7,light
389550,707,n7,light
389552,715,n7,light
389554,751,n7,light
389556,811,n7,light
389558,795,n7,light
389560,766,n7,light
389562,762,n7,light
389564,752,n7,light
389566,720,n7,light
389568,687,n7,light
389570,654,n7,light
389572,622,n7,light
389574,599,n7,light
389576,627,n7,light
389578,635,n7,light
389580,677,n7,light
389582,690,n7,light
389584,710,n7,light
389586,730,n7,light
389588,780,n7,light
389590,769,n7,light
389592,747,n7,light
389594,722,n7,light
389596,774,n7,light
389598,812,n7,light
389600,823,n7,light
389602,887,n7,light
389604,899,n7,light
389606,859,n7,light
389608,818,n7,light
389610,791,n7,light
389612,784,n7,light
389614,795,n7,light
389616,787,n7,light
389618,758,n7,light
389620,747,n7,light
389622,725,n7,light
389624,720,n7,light
389626,707,n7,light
389628,732,n7,light
389630,742,n7,light
389632,722,n7,light
389634,704,n7,light
389636,673,n7,light
389638,665,n7,light
389640,685,n7,light
389642,679,n7,light
389644,651,n7,light
389646,656,n7,light
389648,688,n7,light
389650,684,n7,light
389652,670,n7,light
389654,640,n7,light
389656,645,n7,light
389658,627,n7,light
389660,627,n7,light
389662,626,n7,light
389664,609,n7,light
389666,624,n7,light
389668,637,n7,light
389670,628,n7,light
389672,626,n7,light
389674,671,n7,light
389676,651,n7,light
389678,656,n7,light
389680,730,n7,light
389682,800,n7,light
389684,803,n7,light
389686,873,n7,light
389688,880,n7,light
389690,899,n7,light
389692,924,n7,light
389694,909,n7,light
389696,879,n7,light
389698,924,n7,light
389700,950,n7,light
389702,963,n7,light
389704,958,n7,light
389706,931,n7,light
389708,912,n7,light
389710,938,n7,light
389712,943,n7,light
389714,939,n7,light
389716,901,n7,light
389718,867,n7,light
389720,860,n7,light
389722,821,n7,light
389724,814,n7,light
389726,808,n7,light
389728,818,n7,light
389730,783,n7,light
389732,788,n7,light
389734,786,n7,light
389736,751,n7,light
389738,735,n7,light
389740,741,n7,light
389742,732,n7,light
389744,770,n7,light
389746,770,n7,light
389748,797,n7,light
389750,799,n7,light
389752,838,n7,light
389754,838,n7,light
389756,881,n7,light
389758,897,n7,light
389760,886,n7,light
389762,873,n7,light
389764,896,n7,light
389766,894,n7,light
389768,871,n7,light
389770,842,n7,light
389772,840,n7,light
389774,838,n7,light
389776,821,n7,light
389778,787,n7,light
389780,768,n7,light
389782,757,n7,light
389784,743,n7,light
389786,720,n7,light
389788,711,n7,light
389790,697,n7,light
389792,708,n7,light
389794,698,n7,light
389796,699,n7,light
389798,677,n7,light
389800,673,n7,light
389802,656,n7,light
389804,660,n7,light
389806,633,n7,light
389808,624,n7,light
389810,618,n7,light
389812,624,n7,light
389814,656,n7,light
389816,639,n7,light
389818,624,n7,light
389820,607,n7,light
389822,593,n7,light
389824,585,n7,light
389826,572,n7,light
389828,551,n7,light
389830,524,n7,light
389832,511,n7,light
389834,501,n7,light
389836,492,n7,light
389838,480,n7,light
389840,465,n7,light
389842,490,n7,light
389844,465,n7,light
389846,454,n7,light
389848,465,n7,light
389850,454,n7,light
389852,464,n7,light
389854,478,n7,light
389856,478,n7,light
389858,464,n7,light
389860,485,n7,light
389862,474,n7,light
389864,468,n7,light
389866,475,n7,light
389868,465,n7,light
389870,493,n7,light
389872,529,n7,light
389874,529,n7,light
389876,496,n7,light
389878,511,n7,light
389880,528,n7,light
389882,507,n7,light
389884,494,n7,light
389886,501,n7,light
389888,508,n7,light
389890,496,n7,light
389892,503,n7,light
389894,566,n7,light
389896,626,n7,light
389898,675,n7,light
389900,645,n7,light
389902,630,n7,light
389904,621,n7,light
389906,602,n7,light
389908,592,n7,light
389910,581,n7,light
389912,592,n7,light
389914,592,n7,light
389916,619,n7,light
389918,616,n7,light
389920,677,n7,light
389922,695,n7,light
389924,693,n7,light
389926,688,n7,light
389928,665,n7,light
389930,639,n7,light
389932,634,n7,light
389934,640,n7,light
389936,636,n7,light
389938,622,n7,light
389940,592,n7,light
389942,592,n7,light
389944,594,n7,light
389946,601,n7,light
389948,592,n7,light
389950,573,n7,light
389952,560,n7,light
389954,565,n7,light
389956,592,n7,light
389958,634,n7,light
389960,630,n7,light
389962,617,n7,light
389964,597,n7,light
389966,586,n7,light
389968,610,n7,light
389970,613,n7,light
389972,669,n7,light
389974,675,n7,light
389976,649,n7,light
389978,641,n7,light
389980,654,n7,light
389982,642,n7,light
389984,621,n7,light
389986,608,n7,light
389988,626,n7,light
389990,608,n7,light
389992,594,n7,light
389994,615,n7,light
389996,607,n7,light
389998,576,n7,light
390000,577,n7,light
390002,555,n7,light
390004,540,n7,light
390006,560,n7,light
390008,554,n7,light
390010,547,n7,light
390012,530,n7,light
390014,558,n7,light
390016,601,n7,light
390018,603,n7,light
390020,637,n7,light
390022,704,n7,light
390024,697,n7,light
390026,720,n7,light
390028,756,n7,light
390030,752,n7,light
390032,753,n7,light
390034,748,n7,light
390036,746,n7,light
390038,715,n7,light
390040,687,n7,light
390042,681,n7,light
390044,688,n7,light
390046,672,n7,light
390048,662,n7,light
390050,658,n7,light
390052,637,n7,light
390054,619,n7,light
390056,599,n7,light
390058,592,n7,light
390060,638,n7,light
390062,656,n7,light
390064,671,n7,light
390066,647,n7,light
390068,623,n7,light
390070,598,n7,light
390072,611,n7,light
390074,611,n7,light
390076,595,n7,light
390078,625,n7,light
390080,643,n7,light
390082,630,n7,light
390084,637,n7,light
390086,607,n7,light
390088,603,n7,light
390090,592,n7,light
390092,617,n7,light
390094,602,n7,light
390096,590,n7,light
390098,575,n7,light
390100,560,n7,light
390102,558,n7,light
390104,533,n7,light
390106,560,n7,light
390108,583,n7,light
390110,610,n7,light
390112,672,n7,light
390114,678,n7,light
390116,671,n7,light
390118,673,n7,light
390120,653,n7,light
390122,658,n7,light
390124,666,n7,light
390126,653,n7,light
390128,661,n7,light
390130,657,n7,light
390132,645,n7,light
390134,635,n7,light
390136,619,n7,light
390138,621,n7,light
390140,629,n7,light
390142,674,n7,light
390144,662,n7,light
390146,647,n7,light
390148,632,n7,light
390150,643,n7,light
390152,659,n7,light
390154,654,n7,light
390156,656,n7,light
390158,690,n7,light
390160,726,n7,light
390162,735,n7,light
390164,751,n7,light
390166,750,n7,light
390168,750,n7,light
390170,782,n7,light
390172,746,n7,light
390174,727,n7,light
390176,704,n7,light
390178,683,n7,light
390180,653,n7,light
390182,631,n7,light
390184,613,n7,light
390186,587,n7,light
390188,562,n7,light
390190,592,n7,light
390192,574,n7,light
390194,547,n7,light
390196,523,n7,light
390198,509,n7,light
390200,493,n7,light
390202,487,n7,light
390204,482,n7,light
390206,487,n7,light
390208,477,n7,light
390210,450,n7,light
390212,477,n7,light
390214,460,n7,light
390216,447,n7,light
390218,438,n7,light
390220,464,n7,light
390222,500,n7,light
390224,531,n7,light
390226,549,n7,light
390228,608,n7,light
390230,601,n7,light
390232,599,n7,light
390234,587,n7,light
390236,573,n7,light
390238,592,n7,light
390240,597,n7,light
390242,578,n7,light
390244,603,n7,light
390246,630,n7,light
390248,637,n7,light
390250,610,n7,light
390252,614,n7,light
390254,622,n7,light
390256,606,n7,light
390258,583,n7,light
390260,624,n7,light
390262,650,n7,light
390264,625,n7,light
390266,607,n7,light
390268,598,n7,light
390270,640,n7,light
390272,692,n7,light
390274,679,n7,light
390276,758,n7,light
390278,797,n7,light
390280,778,n7,light
390282,782,n7,light
390284,745,n7,light
390286,785,n7,light
390288,796,n7,light
390290,777,n7,light
390292,749,n7,light
390294,734,n7,light
390296,718,n7,light
390298,726,n7,light
390300,717,n7,light
390302,688,n7,light
390304,685,n7,light
390306,688,n7,light
390308,687,n7,light
390310,655,n7,light
390312,650,n7,light
390314,670,n7,light
390316,678,n7,light
390318,666,n7,light
390320,665,n7,light
390322,643,n7,light
390324,617,n7,light
390326,596,n7,light
390328,588,n7,light
390330,598,n7,light
390332,582,n7,light
390334,567,n7,light
390336,566,n7,light
390338,560,n7,light
390340,564,n7,light
390342,576,n7,light
390344,613,n7,light
390346,637,n7,light
390348,624,n7,light
390350,596,n7,light
390352,632,n7,light
390354,639,n7,light
390356,619,n7,light
390358,593,n7,light
390360,577,n7,light
390362,565,n7,light
390364,569,n7,light
390366,555,n7,light
390368,548,n7,light
390370,511,n7,light
390372,502,n7,light
390374,528,n7,light
390376,511,n7,light
390378,491,n7,light
390380,468,n7,light
390382,484,n7,light
390384,477,n7,light
390386,491,n7,light
390388,481,n7,light
390390,461,n7,light
390392,438,n7,light
390394,462,n7,light
390396,474,n7,light
390398,510,n7,light
390400,511,n7,light
390402,558,n7,light
390404,656,n7,light
390406,669,n7,light
390408,656,n7,light
390410,642,n7,light
390412,626,n7,light
390414,635,n7,light
390416,625,n7,light
390418,596,n7,light
390420,567,n7,light
390422,592,n7,light
390424,577,n7,light
390426,560,n7,light
390428,550,n7,light
390430,538,n7,light
390432,576,n7,light
390434,567,n7,light
390436,570,n7,light
390438,574,n7,light
390440,550,n7,light
390442,529,n7,light
390444,558,n7,light
390446,567,n7,light
390448,544,n7,light
390450,537,n7,light
390452,570,n7,light
390454,572,n7,light
390456,574,n7,light
390458,555,n7,light
390460,528,n7,light
390462,531,n7,light
390464,586,n7,light
390466,608,n7,light
390468,675,n7,light
390470,719,n7,light
390472,737,n7,light
390474,708,n7,light
390476,698,n7,light
390478,679,n7,light
390480,678,n7,light
390482,656,n7,light
390484,627,n7,light
390486,599,n7,light
390488,577,n7,light
390490,547,n7,light
390492,528,n7,light
390494,527,n7,light
390496,511,n7,light
390498,545,n7,light
390500,546,n7,light
390502,553,n7,light
390504,576,n7,light
390506,562,n7,light
390508,558,n7,light
390510,558,n7,light
390512,546,n7,light
390514,612,n7,light
390516,745,n7,light
390518,801,n7,light
390520,926,n7,light
390522,941,n7,light
390524,911,n7,light
390526,873,n7,light
390528,833,n7,light
390530,791,n7,light
390532,768,n7,light
390534,738,n7,light
390536,720,n7,light
390538,704,n7,light
390540,685,n7,light
390542,655,n7,light
390544,625,n7,light
390546,638,n7,light
390548,645,n7,light
390550,631,n7,light
390552,635,n7,light
390554,634,n7,light
390556,608,n7,light
390558,593,n7,light
390560,576,n7,light
390562,607,n7,light
390564,603,n7,light
390566,592,n7,light
390568,587,n7,light
390570,589,n7,light
390572,576,n7,light
390574,581,n7,light
390576,595,n7,light
390578,618,n7,light
390580,610,n7,light
390582,642,n7,light
390584,688,n7,light
390586,688,n7,light
390588,750,n7,light
390590,786,n7,light
390592,781,n7,light
390594,748,n7,light
390596,721,n7,light
390598,725,n7,light
390600,722,n7,light
390602,750,n7,light
390604,759,n7,light
390606,726,n7,light
390608,704,n7,light
390610,702,n7,light
390612,701,n7,light
390614,675,n7,light
390616,672,n7,light
390618,651,n7,light
390620,631,n7,light
390622,615,n7,light
390624,617,n7,light
390626,600,n7,light
390628,596,n7,light
390630,577,n7,light
390632,555,n7,light
390634,528,n7,light
390636,511,n7,light
390638,511,n7,light
390640,511,n7,light
390642,496,n7,light
390644,493,n7,light
390646,560,n7,light
390648,605,n7,light
390650,605,n7,light
390652,647,n7,light
390654,697,n7,light
390656,675,n7,light
390658,671,n7,light
390660,653,n7,light
390662,625,n7,light
390664,618,n7,light
390666,591,n7,light
390668,576,n7,light
390670,560,n7,light
390672,592,n7,light
390674,602,n7,light
390676,601,n7,light
390678,618,n7,light
390680,675,n7,light
390682,682,n7,light
390684,731,n7,light
390686,725,n7,light
390688,719,n7,light
390690,688,n7,light
390692,669,n7,light
390694,678,n7,light
390696,701,n7,light
390698,706,n7,light
390700,699,n7,light
390702,691,n7,light
390704,678,n7,light
390706,671,n7,light
390708,691,n7,light
390710,670,n7,light
390712,644,n7,light
390714,617,n7,light
390716,592,n7,light
390718,580,n7,light
390720,581,n7,light
390722,574,n7,light
390724,555,n7,light
390726,541,n7,light
390728,529,n7,light
390730,509,n7,light
390732,541,n7,light
390734,586,n7,light
390736,607,n7,light
390738,631,n7,light
390740,637,n7,light
390742,622,n7,light
390744,605,n7,light
390746,593,n7,light
390748,594,n7,light
390750,577,n7,light
390752,582,n7,light
390754,562,n7,light
390756,535,n7,light
390758,537,n7,light
390760,530,n7,light
390762,511,n7,light
390764,509,n7,light
390766,528,n7,light
390768,534,n7,light
390770,537,n7,light
390772,562,n7,light
390774,603,n7,light
390776,597,n7,light
390778,597,n7,light
390780,597,n7,light
390782,586,n7,light
390784,595,n7,light
390786,586,n7,light
390788,590,n7,light
390790,593,n7,light
390792,581,n7,light
390794,592,n7,light
390796,610,n7,light
390798,628,n7,light
390800,606,n7,light
390802,611,n7,light
390804,640,n7,light
390806,649,n7,light
390808,623,n7,light
390810,598,n7,light
390812,617,n7,light
390814,623,n7,light
390816,592,n7,light
390818,567,n7,light
390820,555,n7,light
390822,573,n7,light
390824,594,n7,light
390826,578,n7,light
390828,576,n7,light
390830,571,n7,light
390832,560,n7,light
390834,543,n7,light
390836,549,n7,light
390838,543,n7,light
390840,528,n7,light
390842,506,n7,light
390844,482,n7,light
390846,479,n7,light
390848,467,n7,light
390850,484,n7,light
390852,476,n7,light
390854,496,n7,light
390856,496,n7,light
390858,490,n7,light
390860,502,n7,light
390862,496,n7,light
390864,471,n7,light
390866,463,n7,light
390868,449,n7,light
390870,441,n7,light
390872,462,n7,light
390874,464,n7,light
390876,448,n7,light
390878,457,n7,light
390880,464,n7,light
390882,494,n7,light
390884,505,n7,light
390886,557,n7,light
390888,546,n7,light
390890,548,n7,light
390892,526,n7,light
390894,503,n7,light
390896,478,n7,light
390898,457,n7,light
390900,455,n7,light
390902,432,n7,light
390904,430,n7,light
390906,471,n7,light
390908,503,n7,light
390910,496,n7,light
390912,565,n7,light
390914,622,n7,light
390916,645,n7,light
390918,702,n7,light
390920,745,n7,light
390922,735,n7,light
390924,713,n7,light
390926,683,n7,light
390928,683,n7,light
390930,707,n7,light
390932,725,n7,light
390934,711,n7,light
390936,715,n7,light
390938,763,n7,light
390940,763,n7,light
390942,736,n7,light
390944,720,n7,light
390946,688,n7,light
390948,663,n7,light
390950,645,n7,light
390952,632,n7,light
390954,607,n7,light
390956,589,n7,light
390958,576,n7,light
390960,559,n7,light
390962,546,n7,light
390964,528,n7,light
390966,545,n7,light
390968,529,n7,light
390970,528,n7,light
390972,560,n7,light
390974,560,n7,light
390976,539,n7,light
390978,540,n7,light
390980,554,n7,light
390982,559,n7,light
390984,545,n7,light
390986,539,n7,light
390988,531,n7,light
390990,560,n7,light
390992,627,n7,light
390994,615,n7,light
390996,603,n7,light
390998,592,n7,light
391000,615,n7,light
391002,620,n7,light
391004,637,n7,light
391006,622,n7,light
391008,603,n7,light
391010,598,n7,light
391012,610,n7,light
391014,597,n7,light
391016,654,n7,light
391018,626,n7,light
391020,681,n7,light
391022,697,n7,light
391024,674,n7,light
391026,673,n7,light
391028,685,n7,light
391030,686,n7,light
391032,674,n7,light
391034,656,n7,light
391036,670,n7,light
391038,663,n7,light
391040,655,n7,light
391042,660,n7,light
391044,667,n7,light
391046,646,n7,light
391048,617,n7,light
391050,592,n7,light
391052,561,n7,light
391054,569,n7,light
391056,589,n7,light
391058,585,n7,light
391060,591,n7,light
391062,591,n7,light
391064,567,n7,light
391066,544,n7,light
391068,511,n7,light
391070,490,n7,light
391072,507,n7,light
391074,526,n7,light
391076,496,n7,light
391078,494,n7,light
391080,496,n7,light
391082,524,n7,light
391084,528,n7,light
391086,528,n7,light
391088,573,n7,light
391090,565,n7,light
391092,571,n7,light
391094,553,n7,light
391096,553,n7,light
400122,798,n7,light
400124,791,n7,light
400126,819,n7,light
400128,790,n7,light
400130,765,n7,light
400132,761,n7,light
400134,753,n7,light
400136,749,n7,light
400138,842,n7,light
400140,935,n7,light
400142,1023,n7,light
400144,1195,n7,light
400146,1283,n7,light
400148,1348,n7,light
400150,1360,n7,light
400152,1447,n7,light
400154,1473,n7,light
400156,1469,n7,light
400158,1425,n7,light
400160,1422,n7,light
400162,1397,n7,light
400164,1341,n7,light
400166,1299,n7,light
400168,1264,n7,light
400170,1211,n7,light
400172,1158,n7,light
400174,1111,n7,light
400176,1088,n7,light
400178,1065,n7,light
400180,1045,n7,light
400182,1055,n7,light
400184,1055,n7,light
400186,1010,n7,light
400188,986,n7,light
400190,943,n7,light
400192,898,n7,light
400194,873,n7,light
400196,841,n7,light
400198,820,n7,light
400200,801,n7,light
400202,784,n7,light
400204,779,n7,light
400206,781,n7,light
400208,811,n7,light
400210,797,n7,light
400212,769,n7,light
400214,752,n7,light
400216,759,n7,light
400218,797,n7,light
400220,819,n7,light
400222,827,n7,light
400224,801,n7,light
400226,784,n7,light
400228,794,n7,light
400230,782,n7,light
400232,752,n7,light
400234,771,n7,light
400236,784,n7,light
400238,835,n7,light
400240,825,n7,light
400242,787,n7,light
400244,773,n7,light
400246,752,n7,light
400248,752,n7,light
400250,736,n7,light
400252,714,n7,light
400254,691,n7,light
400256,704,n7,light
400258,704,n7,light
400260,673,n7,light
400262,650,n7,light
400264,624,n7,light
400266,597,n7,light
400268,580,n7,light
400270,570,n7,light
400272,560,n7,light
400274,560,n7,light
400276,587,n7,light
400278,576,n7,light
400280,573,n7,light
400282,551,n7,light
400284,606,n7,light
400286,615,n7,light
400288,587,n7,light
400290,571,n7,light
400292,567,n7,light
400294,546,n7,light
400296,554,n7,light
400298,540,n7,light
400300,550,n7,light
400302,541,n7,light
400304,510,n7,light
400306,511,n7,light
400308,490,n7,light
400310,478,n7,light
400312,485,n7,light
400314,526,n7,light
400316,501,n7,light
400318,503,n7,light
400320,484,n7,light
400322,486,n7,light
400324,464,n7,light
400326,452,n7,light
400328,433,n7,light
400330,435,n7,light
400332,431,n7,light
400334,419,n7,light
400336,418,n7,light
400338,400,n7,light
400340,382,n7,light
400342,367,n7,light
400344,359,n7,light
400346,350,n7,light
400348,368,n7,light
400350,416,n7,light
400352,403,n7,light
400354,384,n7,light
400356,384,n7,light
400358,453,n7,light
400360,582,n7,light
400362,576,n7,light
400364,597,n7,light
400366,646,n7,light
400368,697,n7,light
400370,700,n7,light
400372,698,n7,light
400374,755,n7,light
400376,782,n7,light
400378,769,n7,light
400380,770,n7,light
400382,802,n7,light
400384,783,n7,light
400386,752,n7,light
400388,733,n7,light
400390,711,n7,light
400392,740,n7,light
400394,755,n7,light
400396,735,n7,light
400398,742,n7,light
400400,752,n7,light
400402,742,n7,light
400404,730,n7,light
400406,720,n7,light
400408,720,n7,light
400410,699,n7,light
400412,688,n7,light
400414,688,n7,light
400416,688,n7,light
400418,705,n7,light
400420,725,n7,light
400422,698,n7,light
400424,720,n7,light
400426,705,n7,light
400428,715,n7,light
400430,705,n7,light
400432,703,n7,light
400434,705,n7,light
400436,672,n7,light
400438,650,n7,light
400440,624,n7,light
400442,602,n7,light
400444,577,n7,light
400446,604,n7,light
400448,640,n7,light
400450,626,n7,light
400452,704,n7,light
400454,728,n7,light
400456,705,n7,light
400458,707,n7,light
400460,720,n7,light
400462,711,n7,light
400464,692,n7,light
400466,657,n7,light
400468,627,n7,light
400470,638,n7,light
400472,626,n7,light
400474,599,n7,light
400476,589,n7,light
400478,560,n7,light
400480,544,n7,light
400482,536,n7,light
400484,567,n7,light
400486,569,n7,light
400488,578,n7,light
400490,607,n7,light
400492,630,n7,light
400494,653,n7,light
400496,676,n7,light
400498,688,n7,light
400500,692,n7,light
400502,683,n7,light
400504,658,n7,light
400506,650,n7,light
400508,625,n7,light
400510,623,n7,light
400512,608,n7,light
400514,597,n7,light
400516,580,n7,light
400518,582,n7,light
400520,574,n7,light
400522,575,n7,light
400524,548,n7,light
400526,539,n7,light
400528,577,n7,light
400530,574,n7,light
400532,560,n7,light
400534,587,n7,light
400536,679,n7,light
400538,698,n7,light
400540,731,n7,light
400542,828,n7,light
400544,815,n7,light
400546,789,n7,light
400548,768,n7,light
400550,783,n7,light
400552,785,n7,light
400554,785,n7,light
400556,816,n7,light
400558,803,n7,light
400560,837,n7,light
400562,853,n7,light
400564,833,n7,light
400566,815,n7,light
400568,816,n7,light
400570,794,n7,light
400572,785,n7,light
400574,815,n7,light
400576,835,n7,light
400578,813,n7,light
400580,785,n7,light
400582,807,n7,light
400584,826,n7,light
400586,835,n7,light
400588,847,n7,light
400590,833,n7,light
400592,849,n7,light
400594,815,n7,light
400596,777,n7,light
400598,743,n7,light
400600,712,n7,light
400602,688,n7,light
400604,699,n7,light
400606,705,n7,light
400608,695,n7,light
400610,685,n7,light
400612,657,n7,light
400614,639,n7,light
400616,691,n7,light
400618,723,n7,light
400620,751,n7,light
400622,863,n7,light
400624,912,n7,light
400626,912,n7,light
400628,934,n7,light
400630,936,n7,light
400632,963,n7,light
400634,942,n7,light
400636,907,n7,light
400638,930,n7,light
400640,925,n7,light
400642,996,n7,light
400644,1008,n7,light
400646,966,n7,light
400648,928,n7,light
400650,937,n7,light
400652,922,n7,light
400654,895,n7,light
400656,857,n7,light
400658,938,n7,light
400660,949,n7,light
400662,923,n7,light
400664,880,n7,light
400666,879,n7,light
400668,887,n7,light
400670,883,n7,light
400672,896,n7,light
400674,912,n7,light
400676,919,n7,light
400678,959,n7,light
400680,955,n7,light
400682,974,n7,light
400684,964,n7,light
400686,941,n7,light
400688,938,n7,light
400690,909,n7,light
400692,864,n7,light
400694,861,n7,light
400696,880,n7,light
400698,856,n7,light
400700,839,n7,light
400702,899,n7,light
400704,945,n7,light
400706,971,n7,light
400708,986,n7,light
400710,963,n7,light
400712,919,n7,light
400714,955,n7,light
400716,947,n7,light
400718,923,n7,light
400720,944,n7,light
400722,1006,n7,light
400724,1003,n7,light
400726,961,n7,light
400728,921,n7,light
400730,889,n7,light
400732,863,n7,light
400734,821,n7,light
400736,795,n7,light
400738,769,n7,light
400740,779,n7,light
400742,784,n7,light
400744,766,n7,light
400746,787,n7,light
400748,794,n7,light
400750,833,n7,light
400752,807,n7,light
400754,788,n7,light
400756,816,n7,light
400758,850,n7,light
400760,827,n7,light
400762,819,n7,light
400764,782,n7,light
400766,766,n7,light
400768,766,n7,light
400770,736,n7,light
400772,711,n7,light
400774,717,n7,light
400776,717,n7,light
400778,685,n7,light
400780,661,n7,light
400782,640,n7,light
400784,628,n7,light
400786,614,n7,light
400788,624,n7,light
400790,610,n7,light
400792,655,n7,light
400794,703,n7,light
400796,691,n7,light
400798,705,n7,light
400800,751,n7,light
400802,768,n7,light
400804,741,n7,light
400806,720,n7,light
400808,710,n7,light
400810,715,n7,light
400812,714,n7,light
400814,704,n7,light
400816,689,n7,light
400818,670,n7,light
400820,689,n7,light
400822,675,n7,light
400824,691,n7,light
400826,701,n7,light
400828,675,n7,light
400830,691,n7,light
400832,720,n7,light
400834,704,n7,light
400836,847,n7,light
400838,966,n7,light
400840,1015,n7,light
400842,1089,n7,light
400844,1097,n7,light
400846,1063,n7,light
400848,1043,n7,light
400850,1088,n7,light
400852,1115,n7,light
400854,1113,n7,light
400856,1103,n7,light
400858,1143,n7,light
400860,1185,n7,light
400862,1217,n7,light
400864,1177,n7,light
400866,1190,n7,light
400868,1228,n7,light
400870,1216,n7,light
400872,1191,n7,light
400874,1211,n7,light
400876,1182,n7,light
400878,1211,n7,light
400880,1186,n7,light
400882,1217,n7,light
400884,1174,n7,light
400886,1150,n7,light
400888,1122,n7,light
400890,1139,n7,light
400892,1150,n7,light
400894,1125,n7,light
400896,1108,n7,light
400898,1198,n7,light
400900,1196,n7,light
400902,1143,n7,light
400904,1123,n7,light
400906,1136,n7,light
400908,1179,n7,light
400910,1216,n7,light
400912,1199,n7,light
400914,1200,n7,light
400916,1162,n7,light
400918,1174,n7,light
400920,1167,n7,light
400922,1123,n7,light
400924,1199,n7,light
400926,1254,n7,light
400928,1259,n7,light
400930,1233,n7,light
400932,1215,n7,light
400934,1191,n7,light
400936,1245,n7,light
400938,1246,n7,light
400940,1248,n7,light
400942,1282,n7,light
400944,1346,n7,light
400946,1399,n7,light
400948,1383,n7,light
400950,1345,n7,light
400952,1405,n7,light
400954,1408,n7,light
400956,1360,n7,light
400958,1339,n7,light
400960,1311,n7,light
400962,1260,n7,light
400964,1202,n7,light
400966,1163,n7,light
400968,1137,n7,light
400970,1111,n7,light
400972,1148,n7,light
400974,1146,n7,light
400976,1153,n7,light
400978,1104,n7,light
400980,1104,n7,light
400982,1087,n7,light
400984,1121,n7,light
400986,1130,n7,light
400988,1107,n7,light
400990,1083,n7,light
400992,1104,n7,light
400994,1095,n7,light
400996,1072,n7,light
400998,1021,n7,light
401000,1003,n7,light
401002,1088,n7,light
401004,1078,n7,light
401006,1072,n7,light
401008,1104,n7,light
401010,1077,n7,light
401012,1046,n7,light
401014,1097,n7,light
401016,1126,n7,light
401018,1124,n7,light
401020,1143,n7,light
401022,1179,n7,light
401024,1165,n7,light
401026,1170,n7,light
401028,1216,n7,light
401030,1182,n7,light
401032,1184,n7,light
401034,1179,n7,light
401036,1170,n7,light
401038,1156,n7,light
401040,1147,n7,light
401042,1137,n7,light
401044,1105,n7,light
401046,1072,n7,light
401048,1042,n7,light
401050,1008,n7,light
401052,983,n7,light
401054,945,n7,light
401056,906,n7,light
401058,906,n7,light
401060,919,n7,light
401062,976,n7,light
401064,949,n7,light
401066,924,n7,light
401068,882,n7,light
401070,907,n7,light
401072,880,n7,light
401074,855,n7,light
401076,861,n7,light
401078,870,n7,light
401080,874,n7,light
401082,943,n7,light
401084,976,n7,light
401086,940,n7,light
401088,903,n7,light
401090,894,n7,light
401092,903,n7,light
401094,865,n7,light
401096,869,n7,light
401098,839,n7,light
401100,800,n7,light
401102,764,n7,light
401104,743,n7,light
401106,718,n7,light
401108,689,n7,light
401110,705,n7,light
401112,718,n7,light
401114,695,n7,light
401116,701,n7,light
401118,702,n7,light
401120,754,n7,light
401122,782,n7,light
401124,880,n7,light
401126,986,n7,light
401128,973,n7,light
401130,960,n7,light
401132,935,n7,light
401134,976,n7,light
401136,1005,n7,light
401138,1002,n7,light
401140,1023,n7,light
401142,1031,n7,light
401144,1007,n7,light
401146,979,n7,light
401148,956,n7,light
401150,944,n7,light
401152,894,n7,light
401154,850,n7,light
401156,843,n7,light
401158,919,n7,light
401160,923,n7,light
401162,971,n7,light
401164,966,n7,light
401166,923,n7,light
401168,879,n7,light
401170,857,n7,light
401172,845,n7,light
401174,880,n7,light
401176,899,n7,light
401178,930,n7,light
401180,903,n7,light
401182,866,n7,light
401184,851,n7,light
401186,834,n7,light
401188,818,n7,light
401190,827,n7,light
401192,860,n7,light
401194,832,n7,light
401196,807,n7,light
401198,770,n7,light
401200,738,n7,light
401202,714,n7,light
401204,688,n7,light
401206,662,n7,light
401208,640,n7,light
401210,625,n7,light
401212,604,n7,light
401214,591,n7,light
401216,571,n7,light
401218,561,n7,light
401220,569,n7,light
401222,548,n7,light
401224,528,n7,light
401226,527,n7,light
401228,511,n7,light
401230,505,n7,light
401232,511,n7,light
401234,500,n7,light
401236,539,n7,light
401238,608,n7,light
401240,624,n7,light
401242,615,n7,light
401244,592,n7,light
401246,577,n7,light
401248,556,n7,light
401250,560,n7,light
401252,589,n7,light
401254,592,n7,light
401256,624,n7,light
401258,694,n7,light
401260,727,n7,light
401262,716,n7,light
401264,737,n7,light
401266,757,n7,light
401268,735,n7,light
401270,717,n7,light
401272,688,n7,light
401274,659,n7,light
401276,635,n7,light
401278,610,n7,light
401280,591,n7,light
401282,563,n7,light
401284,546,n7,light
401286,528,n7,light
401288,511,n7,light
401290,579,n7,light
401292,592,n7,light
401294,653,n7,light
401296,657,n7,light
401298,679,n7,light
401300,675,n7,light
401302,670,n7,light
401304,648,n7,light
401306,631,n7,light
401308,611,n7,light
401310,651,n7,light
401312,715,n7,light
401314,704,n7,light
401316,698,n7,light
401318,674,n7,light
401320,647,n7,light
401322,619,n7,light
401324,592,n7,light
401326,575,n7,light
401328,571,n7,light
401330,555,n7,light
401332,562,n7,light
401334,568,n7,light
401336,550,n7,light
401338,597,n7,light
401340,603,n7,light
401342,591,n7,light
401344,608,n7,light
401346,602,n7,light
401348,599,n7,light
401350,582,n7,light
401352,599,n7,light
401354,645,n7,light
401356,670,n7,light
401358,710,n7,light
401360,838,n7,light
401362,868,n7,light
401364,850,n7,light
401366,889,n7,light
401368,912,n7,light
401370,880,n7,light
401372,838,n7,light
401374,816,n7,light
401376,827,n7,light
401378,798,n7,light
401380,795,n7,light
401382,762,n7,light
401384,762,n7,light
401386,771,n7,light
401388,764,n7,light
401390,775,n7,light
401392,789,n7,light
401394,771,n7,light
401396,739,n7,light
401398,726,n7,light
401400,720,n7,light
401402,745,n7,light
401404,725,n7,light
401406,734,n7,light
401408,759,n7,light
401410,771,n7,light
401412,767,n7,light
401414,752,n7,light
401416,746,n7,light
401418,788,n7,light
401420,837,n7,light
401422,848,n7,light
401424,813,n7,light
401426,781,n7,light
401428,784,n7,light
401430,784,n7,light
401432,755,n7,light
401434,725,n7,light
401436,720,n7,light
401438,692,n7,light
401440,688,n7,light
401442,698,n7,light
401444,679,n7,light
401446,683,n7,light
401448,703,n7,light
401450,690,n7,light
401452,683,n7,light
401454,669,n7,light
401456,675,n7,light
401458,689,n7,light
401460,709,n7,light
401462,710,n7,light
401464,722,n7,light
401466,753,n7,light
401468,803,n7,light
401470,837,n7,light
401472,863,n7,light
401474,842,n7,light
401476,918,n7,light
401478,949,n7,light
401480,934,n7,light
401482,965,n7,light
401484,966,n7,light
401486,938,n7,light
401488,918,n7,light
401490,891,n7,light
401492,848,n7,light
401494,823,n7,light
401496,787,n7,light
401498,754,n7,light
401500,752,n7,light
401502,724,n7,light
401504,690,n7,light
401506,679,n7,light
401508,691,n7,light
401510,668,n7,light
401512,651,n7,light
401514,632,n7,light
401516,628,n7,light
401518,640,n7,light
401520,624,n7,light
401522,608,n7,light
401524,593,n7,light
401526,607,n7,light
401528,599,n7,light
401530,586,n7,light
401532,602,n7,light
401534,665,n7,light
401536,689,n7,light
401538,673,n7,light
401540,673,n7,light
401542,708,n7,light
401544,771,n7,light
401546,770,n7,light
401548,754,n7,light
401550,763,n7,light
401552,741,n7,light
401554,721,n7,light
401556,723,n7,light
401558,698,n7,light
401560,691,n7,light
401562,657,n7,light
401564,641,n7,light
401566,661,n7,light
401568,653,n7,light
401570,635,n7,light
401572,615,n7,light
401574,605,n7,light
401576,613,n7,light
401578,623,n7,light
401580,599,n7,light
401582,608,n7,light
401584,594,n7,light
401586,571,n7,light
401588,551,n7,light
401590,530,n7,light
401592,509,n7,light
401594,499,n7,light
401596,531,n7,light
401598,528,n7,light
401600,560,n7,light
401602,537,n7,light
401604,535,n7,light
401606,506,n7,light
401608,526,n7,light
401610,563,n7,light
401612,638,n7,light
401614,673,n7,light
401616,737,n7,light
401618,833,n7,light
401620,848,n7,light
401622,843,n7,light
401624,807,n7,light
401626,785,n7,light
401628,766,n7,light
401630,751,n7,light
401632,722,n7,light
401634,714,n7,light
401636,715,n7,light
401638,710,n7,light
401640,696,n7,light
401642,721,n7,light
401644,752,n7,light
401646,758,n7,light
401648,736,n7,light
401650,741,n7,light
401652,742,n7,light
401654,727,n7,light
401656,704,n7,light
401658,691,n7,light
401660,694,n7,light
401662,674,n7,light
401664,675,n7,light
401666,650,n7,light
401668,635,n7,light
401670,613,n7,light
401672,595,n7,light
401674,578,n7,light
401676,624,n7,light
401678,645,n7,light
401680,655,n7,light
401682,639,n7,light
401684,645,n7,light
401686,639,n7,light
401688,619,n7,light
401690,592,n7,light
401692,573,n7,light
401694,571,n7,light
401696,557,n7,light
401698,533,n7,light
401700,527,n7,light
401702,511,n7,light
401704,567,n7,light
401706,582,n7,light
401708,598,n7,light
401710,609,n7,light
401712,602,n7,light
401714,575,n7,light
401716,569,n7,light
401718,560,n7,light
401720,542,n7,light
401722,557,n7,light
401724,528,n7,light
401726,496,n7,light
401728,486,n7,light
401730,489,n7,light
401732,469,n7,light
401734,449,n7,light
401736,443,n7,light
401738,433,n7,light
401740,432,n7,light
401742,445,n7,light
401744,433,n7,light
401746,432,n7,light
401748,414,n7,light
401750,401,n7,light
401752,397,n7,light
401754,382,n7,light
401756,383,n7,light
401758,382,n7,light
401760,386,n7,light
401762,443,n7,light
401764,464,n7,light
401766,470,n7,light
401768,503,n7,light
401770,511,n7,light
401772,500,n7,light
401774,503,n7,light
401776,496,n7,light
401778,482,n7,light
401780,466,n7,light
401782,485,n7,light
401784,478,n7,light
401786,479,n7,light
401788,511,n7,light
401790,527,n7,light
401792,576,n7,light
401794,591,n7,light
401796,565,n7,light
401798,547,n7,light
401800,536,n7,light
401802,544,n7,light
401804,557,n7,light
401806,550,n7,light
401808,528,n7,light
401810,527,n7,light
401812,499,n7,light
401814,481,n7,light
401816,496,n7,light
401818,475,n7,light
401820,457,n7,light
401822,438,n7,light
401824,458,n7,light
401826,466,n7,light
401828,448,n7,light
401830,432,n7,light
401832,422,n7,light
401834,464,n7,light
401836,493,n7,light
401838,470,n7,light
401840,486,n7,light
401842,507,n7,light
401844,511,n7,light
401846,501,n7,light
401848,482,n7,light
401850,496,n7,light
401852,511,n7,light
401854,507,n7,light
401856,496,n7,light
401858,496,n7,light
401860,482,n7,light
401862,461,n7,light
401864,459,n7,light
401866,461,n7,light
401868,445,n7,light
401870,434,n7,light
401872,457,n7,light
401874,457,n7,light
401876,439,n7,light
401878,458,n7,light
401880,533,n7,light
401882,532,n7,light
401884,532,n7,light
401886,511,n7,light
401888,495,n7,light
401890,483,n7,light
401892,466,n7,light
401894,461,n7,light
401896,496,n7,light
401898,496,n7,light
401900,505,n7,light
401902,511,n7,light
401904,511,n7,light
401906,496,n7,light
401908,494,n7,light
401910,489,n7,light
401912,474,n7,light
401914,464,n7,light
401916,485,n7,light
401918,528,n7,light
401920,523,n7,light
401922,496,n7,light
401924,527,n7,light
401926,563,n7,light
401928,565,n7,light
401930,544,n7,light
401932,555,n7,light
401934,586,n7,light
401936,592,n7,light
401938,587,n7,light
401940,587,n7,light
401942,618,n7,light
401944,623,n7,light
401946,615,n7,light
401948,592,n7,light
401950,591,n7,light
401952,591,n7,light
401954,582,n7,light
401956,565,n7,light
401958,550,n7,light
401960,539,n7,light
401962,544,n7,light
401964,544,n7,light
401966,552,n7,light
401968,560,n7,light
401970,557,n7,light
401972,545,n7,light
401974,537,n7,light
401976,531,n7,light
401978,511,n7,light
401980,494,n7,light
401982,483,n7,light
401984,496,n7,light
401986,495,n7,light
401988,487,n7,light
401990,471,n7,light
401992,479,n7,light
401994,483,n7,light
401996,490,n7,light
401998,471,n7,light
402000,477,n7,light
402002,481,n7,light
402004,465,n7,light
402006,443,n7,light
402008,438,n7,light
402010,439,n7,light
402012,432,n7,light
402014,411,n7,light
402016,427,n7,light
402018,449,n7,light
402020,451,n7,light
402022,445,n7,light
402024,464,n7,light
402026,462,n7,light
402028,449,n7,light
402030,432,n7,light
402032,433,n7,light
402034,431,n7,light
402036,428,n7,light
402038,418,n7,light
402040,406,n7,light
402042,385,n7,light
402044,388,n7,light
402046,429,n7,light
402048,430,n7,light
402050,439,n7,light
402052,453,n7,light
402054,460,n7,light
402056,438,n7,light
402058,425,n7,light
402060,418,n7,light
402062,399,n7,light
402064,379,n7,light
402066,384,n7,light
402068,383,n7,light
402070,368,n7,light
402072,366,n7,light
402074,374,n7,light
402076,356,n7,light
402078,348,n7,light
402080,336,n7,light
402082,335,n7,light
402084,341,n7,light
402086,336,n7,light
402088,331,n7,light
402090,321,n7,light
402092,326,n7,light
402094,325,n7,light
402096,311,n7,light
402098,320,n7,light
402100,339,n7,light
402102,336,n7,light
402104,336,n7,light
402106,340,n7,light
402108,343,n7,light
402110,340,n7,light
402112,343,n7,light
402114,354,n7,light
402116,351,n7,light
402118,400,n7,light
402120,493,n7,light
402122,532,n7,light
402124,511,n7,light
402126,559,n7,light
402128,574,n7,light
402130,593,n7,light
402132,591,n7,light
402134,561,n7,light
402136,581,n7,light
402138,594,n7,light
402140,592,n7,light
402142,576,n7,light
402144,598,n7,light
402146,592,n7,light
402148,582,n7,light
402150,567,n7,light
402152,549,n7,light
402154,530,n7,light
402156,511,n7,light
402158,491,n7,light
402160,467,n7,light
402162,446,n7,light
402164,434,n7,light
402166,432,n7,light
402168,447,n7,light
402170,441,n7,light
402172,442,n7,light
402174,464,n7,light
402176,509,n7,light
402178,557,n7,light
402180,547,n7,light
402182,571,n7,light
402184,611,n7,light
402186,661,n7,light
402188,642,n7,light
402190,656,n7,light
402192,653,n7,light
402194,656,n7,light
402196,653,n7,light
402198,643,n7,light
402200,687,n7,light
402202,710,n7,light
402204,704,n7,light
402206,700,n7,light
402208,701,n7,light
402210,730,n7,light
402212,731,n7,light
402214,742,n7,light
402216,750,n7,light
402218,750,n7,light
402220,745,n7,light
402222,727,n7,light
402224,774,n7,light
402226,785,n7,light
402228,767,n7,light
402230,742,n7,light
402232,765,n7,light
402234,774,n7,light
402236,763,n7,light
402238,742,n7,light
402240,747,n7,light
402242,767,n7,light
402244,745,n7,light
402246,715,n7,light
402248,705,n7,light
402250,676,n7,light
402252,656,n7,light
402254,639,n7,light
402256,626,n7,light
402258,606,n7,light
402260,582,n7,light
402262,558,n7,light
402264,535,n7,light
402266,528,n7,light
402268,537,n7,light
402270,544,n7,light
402272,528,n7,light
402274,560,n7,light
402276,622,n7,light
402278,629,n7,light
402280,637,n7,light
402282,611,n7,light
402284,594,n7,light
402286,592,n7,light
402288,648,n7,light
402290,675,n7,light
402292,646,n7,light
402294,640,n7,light
402296,621,n7,light
402298,604,n7,light
402300,579,n7,light
402302,559,n7,light
402304,557,n7,light
402306,553,n7,light
402308,529,n7,light
402310,505,n7,light
402312,496,n7,light
402314,473,n7,light
402316,452,n7,light
402318,443,n7,light
402320,431,n7,light
402322,421,n7,light
402324,406,n7,light
402326,410,n7,light
402328,407,n7,light
402330,397,n7,light
402332,403,n7,light
402334,412,n7,light
402336,403,n7,light
402338,391,n7,light
402340,417,n7,light
402342,438,n7,light
402344,423,n7,light
402346,423,n7,light
402348,434,n7,light
402350,477,n7,light
402352,480,n7,light
402354,459,n7,light
402356,442,n7,light
402358,460,n7,light
402360,511,n7,light
402362,573,n7,light
402364,572,n7,light
402366,560,n7,light
402368,541,n7,light
402370,566,n7,light
402372,643,n7,light
402374,637,n7,light
402376,635,n7,light
402378,610,n7,light
402380,599,n7,light
402382,579,n7,light
402384,565,n7,light
402386,546,n7,light
402388,528,n7,light
402390,511,n7,light
402392,496,n7,light
402394,487,n7,light
402396,499,n7,light
402398,505,n7,light
402400,528,n7,light
402402,527,n7,light
402404,511,n7,light
402406,498,n7,light
402408,511,n7,light
402410,559,n7,light
402412,565,n7,light
402414,545,n7,light
402416,528,n7,light
402418,510,n7,light
402420,488,n7,light
402422,466,n7,light
402424,458,n7,light
402426,463,n7,light
402428,445,n7,light
402430,437,n7,light
402432,413,n7,light
402434,413,n7,light
402436,393,n7,light
402438,397,n7,light
402440,409,n7,light
402442,400,n7,light
402444,406,n7,light
402446,422,n7,light
402448,406,n7,light
402450,386,n7,light
402452,370,n7,light
402454,369,n7,light
402456,361,n7,light
402458,371,n7,light
402460,367,n7,light
402462,368,n7,light
402464,366,n7,light
402466,400,n7,light
402468,427,n7,light
402470,467,n7,light
402472,496,n7,light
402474,505,n7,light
402476,556,n7,light
402478,608,n7,light
402480,624,n7,light
402482,654,n7,light
402484,687,n7,light
402486,691,n7,light
402488,663,n7,light
402490,635,n7,light
402492,645,n7,light
402494,646,n7,light
402496,645,n7,light
402498,623,n7,light
402500,611,n7,light
402502,606,n7,light
402504,588,n7,light
402506,576,n7,light
402508,563,n7,light
402510,574,n7,light
402512,604,n7,light
402514,594,n7,light
402516,617,n7,light
402518,642,n7,light
402520,631,n7,light
402522,612,n7,light
402524,605,n7,light
402526,592,n7,light
402528,560,n7,light
402530,559,n7,light
402532,538,n7,light
402534,533,n7,light
402536,511,n7,light
402538,511,n7,light
402540,523,n7,light
402542,511,n7,light
402544,502,n7,light
402546,483,n7,light
402548,460,n7,light
402550,457,n7,light
402552,464,n7,light
402554,494,n7,light
402556,486,n7,light
402558,528,n7,light
402560,571,n7,light
402562,574,n7,light
402564,565,n7,light
402566,577,n7,light
402568,594,n7,light
402570,587,n7,light
402572,573,n7,light
402574,561,n7,light
402576,545,n7,light
402578,560,n7,light
402580,593,n7,light
402582,577,n7,light
402584,575,n7,light
402586,614,n7,light
402588,595,n7,light
402590,582,n7,light
402592,575,n7,light
402594,553,n7,light
402596,544,n7,light
402598,528,n7,light
402600,510,n7,light
402602,509,n7,light
402604,490,n7,light
402606,478,n7,light
402608,496,n7,light
402610,497,n7,light
402612,474,n7,light
402614,480,n7,light
402616,506,n7,light
402618,532,n7,light
402620,528,n7,light
402622,502,n7,light
402624,511,n7,light
402626,563,n7,light
402628,613,n7,light
402630,691,n7,light
402632,704,n7,light
402634,784,n7,light
402636,830,n7,light
402638,803,n7,light
402640,789,n7,light
402642,759,n7,light
402644,741,n7,light
402646,730,n7,light
402648,742,n7,light
402650,741,n7,light
402652,747,n7,light
402654,786,n7,light
402656,787,n7,light
402658,778,n7,light
402660,816,n7,light
402662,844,n7,light
402664,816,n7,light
402666,811,n7,light
402668,801,n7,light
402670,797,n7,light
402672,783,n7,light
402674,752,n7,light
402676,739,n7,light
402678,788,n7,light
402680,813,n7,light
402682,775,n7,light
402684,775,n7,light
402686,784,n7,light
402688,755,n7,light
402690,731,n7,light
402692,704,n7,light
402694,688,n7,light
402696,678,n7,light
402698,669,n7,light
402700,683,n7,light
402702,658,n7,light
402704,643,n7,light
402706,624,n7,light
402708,607,n7,light
402710,598,n7,light
402712,576,n7,light
402714,565,n7,light
402716,561,n7,light
402718,560,n7,light
402720,553,n7,light
402722,532,n7,light
402724,527,n7,light
402726,557,n7,light
402728,593,n7,light
402730,617,n7,light
402732,597,n7,light
402734,678,n7,light
402736,719,n7,light
402738,700,n7,light
402740,725,n7,light
402742,759,n7,light
402744,748,n7,light
402746,745,n7,light
402748,720,n7,light
402750,695,n7,light
402752,709,n7,light
402754,677,n7,light
402756,688,n7,light
402758,706,n7,light
402760,702,n7,light
402762,683,n7,light
402764,668,n7,light
402766,645,n7,light
402768,664,n7,light
402770,682,n7,light
402772,679,n7,light
402774,643,n7,light
402776,618,n7,light
402778,608,n7,light
402780,602,n7,light
402782,576,n7,light
402784,554,n7,light
402786,534,n7,light
402788,510,n7,light
402790,487,n7,light
402792,480,n7,light
402794,506,n7,light
402796,491,n7,light
402798,491,n7,light
402800,497,n7,light
402802,528,n7,light
402804,534,n7,light
402806,511,n7,light
402808,528,n7,light
402810,498,n7,light
402812,498,n7,light
402814,496,n7,light
402816,496,n7,light
402818,501,n7,light
402820,523,n7,light
402822,511,n7,light
402824,505,n7,light
402826,493,n7,light
402828,485,n7,light
402830,478,n7,light
402832,487,n7,light
402834,484,n7,light
402836,498,n7,light
402838,511,n7,light
402840,496,n7,light
402842,511,n7,light
402844,560,n7,light
402846,552,n7,light
402848,611,n7,light
402850,646,n7,light
402852,689,n7,light
402854,760,n7,light
402856,752,n7,light
402858,763,n7,light
402860,758,n7,light
402862,726,n7,light
402864,702,n7,light
402866,702,n7,light
402868,702,n7,light
402870,701,n7,light
402872,689,n7,light
402874,688,n7,light
402876,703,n7,light
402878,695,n7,light
402880,691,n7,light
402882,666,n7,light
402884,643,n7,light
402886,662,n7,light
402888,642,n7,light
402890,619,n7,light
402892,615,n7,light
402894,607,n7,light
402896,592,n7,light
402898,567,n7,light
402900,548,n7,light
402902,528,n7,light
402904,503,n7,light
402906,483,n7,light
402908,471,n7,light
402910,480,n7,light
402912,467,n7,light
402914,458,n7,light
402916,486,n7,light
402918,497,n7,light
402920,498,n7,light
402922,493,n7,light
402924,564,n7,light
402926,655,n7,light
402928,659,n7,light
402930,693,n7,light
402932,770,n7,light
402934,755,n7,light
402936,723,n7,light
402938,697,n7,light
402940,669,n7,light
402942,643,n7,light
402944,669,n7,light
402946,671,n7,light
402948,658,n7,light
402950,634,n7,light
402952,634,n7,light
402954,622,n7,light
402956,593,n7,light
402958,568,n7,light
402960,555,n7,light
402962,534,n7,light
402964,510,n7,light
402966,510,n7,light
402968,489,n7,light
402970,464,n7,light
402972,463,n7,light
402974,439,n7,light
402976,438,n7,light
402978,425,n7,light
402980,455,n7,light
402982,456,n7,light
402984,450,n7,light
402986,450,n7,light
402988,454,n7,light
402990,446,n7,light
402992,462,n7,light
402994,555,n7,light
402996,585,n7,light
402998,580,n7,light
403000,608,n7,light
403002,651,n7,light
403004,683,n7,light
403006,679,n7,light
403008,762,n7,light
403010,757,n7,light
403012,749,n7,light
403014,751,n7,light
403016,727,n7,light
403018,697,n7,light
403020,668,n7,light
403022,638,n7,light
403024,613,n7,light
403026,594,n7,light
403028,592,n7,light
403030,592,n7,light
403032,576,n7,light
403034,559,n7,light
403036,576,n7,light
403038,576,n7,light
403040,571,n7,light
403042,604,n7,light
403044,626,n7,light
403046,626,n7,light
403048,653,n7,light
403050,671,n7,light
403052,655,n7,light
403054,626,n7,light
403056,623,n7,light
403058,599,n7,light
403060,593,n7,light
403062,577,n7,light
403064,577,n7,light
403066,576,n7,light
403068,586,n7,light
403070,581,n7,light
403072,554,n7,light
403074,551,n7,light
403076,543,n7,light
403078,560,n7,light
403080,605,n7,light
403082,594,n7,light
403084,607,n7,light
403086,663,n7,light
403088,663,n7,light
403090,631,n7,light
403092,605,n7,light
403094,596,n7,light
403096,579,n7,light
403098,560,n7,light
403100,535,n7,light
403102,532,n7,light
403104,507,n7,light
403106,690,n7,light
403108,1237,n7,light
403110,1291,n7,light
403112,1243,n7,light
403114,1249,n7,light
403116,1298,n7,light
403118,1349,n7,light
403120,1462,n7,light
403122,1579,n7,light
403124,1648,n7,light
412140,511,n7,light
412142,535,n7,light
412144,598,n7,light
412146,608,n7,light
412148,660,n7,light
412150,653,n7,light
412152,657,n7,light
412154,673,n7,light
412156,663,n7,light
412158,689,n7,light
412160,688,n7,light
412162,686,n7,light
412164,715,n7,light
412166,688,n7,light
412168,666,n7,light
412170,641,n7,light
412172,634,n7,light
412174,657,n7,light
412176,678,n7,light
412178,663,n7,light
412180,702,n7,light
412182,723,n7,light
412184,736,n7,light
412186,732,n7,light
412188,811,n7,light
412190,781,n7,light
412192,753,n7,light
412194,735,n7,light
412196,701,n7,light
412198,686,n7,light
412200,671,n7,light
412202,656,n7,light
412204,628,n7,light
412206,610,n7,light
412208,586,n7,light
412210,560,n7,light
412212,531,n7,light
412214,535,n7,light
412216,529,n7,light
412218,527,n7,light
412220,497,n7,light
412222,474,n7,light
412224,464,n7,light
412226,490,n7,light
412228,539,n7,light
412230,542,n7,light
412232,590,n7,light
412234,587,n7,light
412236,581,n7,light
412238,569,n7,light
412240,550,n7,light
412242,530,n7,light
412244,508,n7,light
412246,511,n7,light
412248,511,n7,light
412250,494,n7,light
412252,494,n7,light
412254,509,n7,light
412256,561,n7,light
412258,559,n7,light
412260,560,n7,light
412262,553,n7,light
412264,568,n7,light
412266,554,n7,light
412268,560,n7,light
412270,566,n7,light
412272,545,n7,light
412274,541,n7,light
412276,538,n7,light
412278,511,n7,light
412280,495,n7,light
412282,465,n7,light
412284,446,n7,light
412286,473,n7,light
412288,508,n7,light
412290,533,n7,light
412292,543,n7,light
412294,528,n7,light
412296,505,n7,light
412298,511,n7,light
412300,511,n7,light
412302,503,n7,light
412304,492,n7,light
412306,469,n7,light
412308,506,n7,light
412310,613,n7,light
412312,642,n7,light
412314,714,n7,light
412316,779,n7,light
412318,816,n7,light
412320,799,n7,light
412322,832,n7,light
412324,848,n7,light
412326,847,n7,light
412328,869,n7,light
412330,837,n7,light
412332,842,n7,light
412334,848,n7,light
412336,810,n7,light
412338,784,n7,light
412340,754,n7,light
412342,719,n7,light
412344,693,n7,light
412346,656,n7,light
412348,629,n7,light
412350,635,n7,light
412352,670,n7,light
412354,657,n7,light
412356,713,n7,light
412358,716,n7,light
412360,706,n7,light
412362,710,n7,light
412364,679,n7,light
412366,718,n7,light
412368,767,n7,light
412370,768,n7,light
412372,797,n7,light
412374,789,n7,light
412376,752,n7,light
412378,726,n7,light
412380,703,n7,light
412382,681,n7,light
412384,653,n7,light
412386,641,n7,light
412388,641,n7,light
412390,647,n7,light
412392,622,n7,light
412394,596,n7,light
412396,580,n7,light
412398,561,n7,light
412400,576,n7,light
412402,624,n7,light
412404,618,n7,light
412406,609,n7,light
412408,611,n7,light
412410,674,n7,light
412412,695,n7,light
412414,809,n7,light
412416,862,n7,light
412418,835,n7,light
412420,858,n7,light
412422,846,n7,light
412424,827,n7,light
412426,811,n7,light
412428,774,n7,light
412430,767,n7,light
412432,761,n7,light
412434,727,n7,light
412436,741,n7,light
412438,720,n7,light
412440,691,n7,light
412442,659,n7,light
412444,645,n7,light
412446,639,n7,light
412448,615,n7,light
412450,598,n7,light
412452,598,n7,light
412454,574,n7,light
412456,619,n7,light
412458,610,n7,light
412460,585,n7,light
412462,560,n7,light
412464,528,n7,light
412466,502,n7,light
412468,505,n7,light
412470,494,n7,light
412472,466,n7,light
412474,458,n7,light
412476,500,n7,light
412478,541,n7,light
412480,535,n7,light
412482,542,n7,light
412484,611,n7,light
412486,651,n7,light
412488,626,n7,light
412490,671,n7,light
412492,738,n7,light
412494,720,n7,light
412496,715,n7,light
412498,755,n7,light
412500,741,n7,light
412502,759,n7,light
412504,747,n7,light
412506,720,n7,light
412508,693,n7,light
412510,683,n7,light
412512,670,n7,light
412514,722,n7,light
412516,730,n7,light
412518,747,n7,light
412520,773,n7,light
412522,802,n7,light
412524,797,n7,light
412526,794,n7,light
412528,829,n7,light
412530,819,n7,light
412532,809,n7,light
412534,778,n7,light
412536,742,n7,light
412538,758,n7,light
412540,816,n7,light
412542,816,n7,light
412544,801,n7,light
412546,773,n7,light
412548,758,n7,light
412550,791,n7,light
412552,818,n7,light
412554,848,n7,light
412556,819,n7,light
412558,800,n7,light
412560,770,n7,light
412562,751,n7,light
412564,752,n7,light
412566,741,n7,light
412568,720,n7,light
412570,746,n7,light
412572,770,n7,light
412574,742,n7,light
412576,716,n7,light
412578,731,n7,light
412580,732,n7,light
412582,750,n7,light
412584,759,n7,light
412586,752,n7,light
412588,747,n7,light
412590,736,n7,light
412592,711,n7,light
412594,722,n7,light
412596,727,n7,light
412598,703,n7,light
412600,677,n7,light
412602,678,n7,light
412604,694,n7,light
412606,743,n7,light
412608,803,n7,light
412610,816,n7,light
412612,810,n7,light
412614,784,n7,light
412616,851,n7,light
412618,853,n7,light
412620,827,n7,light
412622,829,n7,light
412624,826,n7,light
412626,817,n7,light
412628,848,n7,light
412630,848,n7,light
412632,848,n7,light
412634,863,n7,light
412636,896,n7,light
412638,880,n7,light
412640,863,n7,light
412642,851,n7,light
412644,862,n7,light
412646,861,n7,light
412648,873,n7,light
412650,881,n7,light
412652,853,n7,light
412654,877,n7,light
412656,880,n7,light
412658,888,n7,light
412660,864,n7,light
412662,855,n7,light
412664,858,n7,light
412666,831,n7,light
412668,802,n7,light
412670,787,n7,light
412672,831,n7,light
412674,826,n7,light
412676,805,n7,light
412678,780,n7,light
412680,759,n7,light
412682,769,n7,light
412684,786,n7,light
412686,821,n7,light
412688,793,n7,light
412690,814,n7,light
412692,862,n7,light
412694,837,n7,light
412696,848,n7,light
412698,833,n7,light
412700,795,n7,light
412702,777,n7,light
412704,743,n7,light
412706,721,n7,light
412708,689,n7,light
412710,679,n7,light
412712,656,n7,light
412714,645,n7,light
412716,629,n7,light
412718,651,n7,light
412720,650,n7,light
412722,673,n7,light
412724,655,n7,light
412726,638,n7,light
412728,625,n7,light
412730,633,n7,light
412732,625,n7,light
412734,602,n7,light
412736,573,n7,light
412738,559,n7,light
412740,560,n7,light
412742,550,n7,light
412744,575,n7,light
412746,574,n7,light
412748,550,n7,light
412750,624,n7,light
412752,688,n7,light
412754,679,n7,light
412756,754,n7,light
412758,769,n7,light
412760,757,n7,light
412762,753,n7,light
412764,768,n7,light
412766,759,n7,light
412768,741,n7,light
412770,719,n7,light
412772,691,n7,light
412774,679,n7,light
412776,688,n7,light
412778,693,n7,light
412780,737,n7,light
412782,732,n7,light
412784,707,n7,light
412786,689,n7,light
412788,741,n7,light
412790,727,n7,light
412792,715,n7,light
412794,699,n7,light
412796,678,n7,light
412798,706,n7,light
412800,706,n7,light
412802,698,n7,light
412804,704,n7,light
412806,708,n7,light
412808,688,n7,light
412810,683,n7,light
412812,671,n7,light
412814,644,n7,light
412816,613,n7,light
412818,592,n7,light
412820,574,n7,light
412822,560,n7,light
412824,559,n7,light
412826,544,n7,light
412828,547,n7,light
412830,543,n7,light
412832,585,n7,light
412834,571,n7,light
412836,560,n7,light
412838,541,n7,light
412840,549,n7,light
412842,531,n7,light
412844,500,n7,light
412846,496,n7,light
412848,496,n7,light
412850,498,n7,light
412852,531,n7,light
412854,506,n7,light
412856,509,n7,light
412858,495,n7,light
412860,476,n7,light
412862,473,n7,light
412864,458,n7,light
412866,447,n7,light
412868,436,n7,light
412870,448,n7,light
412872,446,n7,light
412874,490,n7,light
412876,511,n7,light
412878,497,n7,light
412880,501,n7,light
412882,524,n7,light
412884,497,n7,light
412886,481,n7,light
412888,482,n7,light
412890,470,n7,light
412892,451,n7,light
412894,456,n7,light
412896,460,n7,light
412898,496,n7,light
412900,489,n7,light
412902,487,n7,light
412904,475,n7,light
412906,464,n7,light
412908,477,n7,light
412910,464,n7,light
412912,469,n7,light
412914,448,n7,light
412916,447,n7,light
412918,458,n7,light
412920,489,n7,light
412922,473,n7,light
412924,482,n7,light
412926,480,n7,light
412928,480,n7,light
412930,461,n7,light
412932,448,n7,light
412934,461,n7,light
412936,470,n7,light
412938,464,n7,light
412940,451,n7,light
412942,435,n7,light
412944,445,n7,light
412946,447,n7,light
412948,439,n7,light
412950,421,n7,light
412952,411,n7,light
412954,421,n7,light
412956,425,n7,light
412958,401,n7,light
412960,400,n7,light
412962,398,n7,light
412964,377,n7,light
412966,388,n7,light
412968,381,n7,light
412970,398,n7,light
412972,400,n7,light
412974,400,n7,light
412976,391,n7,light
412978,454,n7,light
412980,466,n7,light
412982,525,n7,light
412984,505,n7,light
412986,485,n7,light
412988,474,n7,light
412990,470,n7,light
412992,495,n7,light
412994,473,n7,light
412996,486,n7,light
412998,496,n7,light
413000,478,n7,light
413002,464,n7,light
413004,454,n7,light
413006,461,n7,light
413008,483,n7,light
413010,496,n7,light
413012,487,n7,light
413014,544,n7,light
413016,549,n7,light
413018,511,n7,light
413020,498,n7,light
413022,486,n7,light
413024,476,n7,light
413026,452,n7,light
413028,479,n7,light
413030,501,n7,light
413032,493,n7,light
413034,565,n7,light
413036,653,n7,light
413038,651,n7,light
413040,653,n7,light
413042,662,n7,light
413044,706,n7,light
413046,720,n7,light
413048,752,n7,light
413050,749,n7,light
413052,749,n7,light
413054,736,n7,light
413056,787,n7,light
413058,778,n7,light
413060,781,n7,light
413062,757,n7,light
413064,751,n7,light
413066,737,n7,light
413068,718,n7,light
413070,693,n7,light
413072,665,n7,light
413074,689,n7,light
413076,763,n7,light
413078,768,n7,light
413080,806,n7,light
413082,800,n7,light
413084,784,n7,light
413086,752,n7,light
413088,711,n7,light
413090,693,n7,light
413092,689,n7,light
413094,656,n7,light
413096,636,n7,light
413098,620,n7,light
413100,595,n7,light
413102,592,n7,light
413104,592,n7,light
413106,586,n7,light
413108,626,n7,light
413110,649,n7,light
413112,654,n7,light
413114,692,n7,light
413116,699,n7,light
413118,684,n7,light
413120,682,n7,light
413122,655,n7,light
413124,624,n7,light
413126,617,n7,light
413128,636,n7,light
413130,624,n7,light
413132,622,n7,light
413134,627,n7,light
413136,651,n7,light
413138,629,n7,light
413140,610,n7,light
413142,603,n7,light
413144,626,n7,light
413146,607,n7,light
413148,577,n7,light
413150,560,n7,light
413152,539,n7,light
413154,560,n7,light
413156,574,n7,light
413158,591,n7,light
413160,566,n7,light
413162,560,n7,light
413164,591,n7,light
413166,572,n7,light
413168,546,n7,light
413170,540,n7,light
413172,545,n7,light
413174,528,n7,light
413176,505,n7,light
413178,501,n7,light
413180,481,n7,light
413182,478,n7,light
413184,470,n7,light
413186,456,n7,light
413188,464,n7,light
413190,464,n7,light
413192,455,n7,light
413194,433,n7,light
413196,426,n7,light
413198,431,n7,light
413200,411,n7,light
413202,400,n7,light
413204,398,n7,light
413206,458,n7,light
413208,534,n7,light
413210,527,n7,light
413212,532,n7,light
413214,549,n7,light
413216,525,n7,light
413218,495,n7,light
413220,474,n7,light
413222,451,n7,light
413224,434,n7,light
413226,441,n7,light
413228,431,n7,light
413230,410,n7,light
413232,396,n7,light
413234,396,n7,light
413236,417,n7,light
413238,436,n7,light
413240,445,n7,light
413242,431,n7,light
413244,411,n7,light
413246,393,n7,light
413248,380,n7,light
413250,363,n7,light
413252,368,n7,light
413254,373,n7,light
413256,392,n7,light
413258,430,n7,light
413260,438,n7,light
413262,431,n7,light
413264,499,n7,light
413266,523,n7,light
413268,493,n7,light
413270,465,n7,light
413272,441,n7,light
413274,437,n7,light
413276,418,n7,light
413278,400,n7,light
413280,381,n7,light
413282,371,n7,light
413284,386,n7,light
413286,397,n7,light
413288,387,n7,light
413290,372,n7,light
413292,372,n7,light
413294,385,n7,light
413296,399,n7,light
413298,426,n7,light
413300,431,n7,light
413302,414,n7,light
413304,414,n7,light
413306,447,n7,light
413308,429,n7,light
413310,416,n7,light
413312,396,n7,light
413314,400,n7,light
413316,389,n7,light
413318,371,n7,light
413320,368,n7,light
413322,382,n7,light
413324,400,n7,light
413326,405,n7,light
413328,428,n7,light
413330,423,n7,light
413332,475,n7,light
413334,526,n7,light
413336,563,n7,light
413338,554,n7,light
413340,563,n7,light
413342,591,n7,light
413344,609,n7,light
413346,592,n7,light
413348,602,n7,light
413350,581,n7,light
413352,570,n7,light
413354,545,n7,light
413356,539,n7,light
413358,511,n7,light
413360,534,n7,light
413362,503,n7,light
413364,496,n7,light
413366,468,n7,light
413368,458,n7,light
413370,444,n7,light
413372,439,n7,light
413374,502,n7,light
413376,563,n7,light
413378,589,n7,light
413380,679,n7,light
413382,671,n7,light
413384,640,n7,light
413386,617,n7,light
413388,637,n7,light
413390,614,n7,light
413392,587,n7,light
413394,575,n7,light
413396,560,n7,light
413398,540,n7,light
413400,527,n7,light
413402,547,n7,light
413404,544,n7,light
413406,531,n7,light
413408,506,n7,light
413410,483,n7,light
413412,465,n7,light
413414,438,n7,light
413416,432,n7,light
413418,422,n7,light
413420,425,n7,light
413422,469,n7,light
413424,465,n7,light
413426,448,n7,light
413428,455,n7,light
413430,439,n7,light
413432,433,n7,light
413434,429,n7,light
413436,410,n7,light
413438,437,n7,light
413440,483,n7,light
413442,466,n7,light
413444,493,n7,light
413446,499,n7,light
413448,569,n7,light
413450,606,n7,light
413452,607,n7,light
413454,623,n7,light
413456,655,n7,light
413458,656,n7,light
413460,656,n7,light
413462,633,n7,light
413464,610,n7,light
413466,583,n7,light
413468,560,n7,light
413470,544,n7,light
413472,548,n7,light
413474,528,n7,light
413476,523,n7,light
413478,555,n7,light
413480,550,n7,light
413482,576,n7,light
413484,603,n7,light
413486,590,n7,light
413488,605,n7,light
413490,605,n7,light
413492,622,n7,light
413494,646,n7,light
413496,704,n7,light
413498,699,n7,light
413500,667,n7,light
413502,639,n7,light
413504,622,n7,light
413506,626,n7,light
413508,641,n7,light
413510,624,n7,light
413512,614,n7,light
413514,612,n7,light
413516,589,n7,light
413518,599,n7,light
413520,594,n7,light
413522,604,n7,light
413524,623,n7,light
413526,608,n7,light
413528,592,n7,light
413530,583,n7,light
413532,587,n7,light
413534,589,n7,light
413536,631,n7,light
413538,641,n7,light
413540,614,n7,light
413542,604,n7,light
413544,587,n7,light
413546,576,n7,light
413548,589,n7,light
413550,593,n7,light
413552,587,n7,light
413554,588,n7,light
413556,609,n7,light
413558,620,n7,light
413560,603,n7,light
413562,587,n7,light
413564,592,n7,light
413566,573,n7,light
413568,554,n7,light
413570,541,n7,light
413572,534,n7,light
413574,529,n7,light
413576,503,n7,light
413578,511,n7,light
413580,496,n7,light
413582,498,n7,light
413584,474,n7,light
413586,455,n7,light
413588,441,n7,light
413590,427,n7,light
413592,429,n7,light
413594,483,n7,light
413596,483,n7,light
413598,477,n7,light
413600,546,n7,light
413602,613,n7,light
413604,610,n7,light
413606,656,n7,light
413608,699,n7,light
413610,694,n7,light
413612,688,n7,light
413614,703,n7,light
413616,673,n7,light
413618,677,n7,light
413620,674,n7,light
413622,655,n7,light
413624,624,n7,light
413626,592,n7,light
413628,592,n7,light
413630,576,n7,light
413632,582,n7,light
413634,557,n7,light
413636,555,n7,light
413638,615,n7,light
413640,690,n7,light
413642,703,n7,light
413644,734,n7,light
413646,715,n7,light
413648,688,n7,light
413650,714,n7,light
413652,688,n7,light
413654,675,n7,light
413656,658,n7,light
413658,633,n7,light
413660,613,n7,light
413662,599,n7,light
413664,577,n7,light
413666,609,n7,light
413668,624,n7,light
413670,611,n7,light
413672,659,n7,light
413674,693,n7,light
413676,677,n7,light
413678,647,n7,light
413680,656,n7,light
413682,647,n7,light
413684,624,n7,light
413686,594,n7,light
413688,581,n7,light
413690,589,n7,light
413692,610,n7,light
413694,602,n7,light
413696,606,n7,light
413698,621,n7,light
413700,637,n7,light
413702,638,n7,light
413704,645,n7,light
413706,619,n7,light
413708,619,n7,light
413710,598,n7,light
413712,595,n7,light
413714,582,n7,light
413716,565,n7,light
413718,567,n7,light
413720,560,n7,light
413722,569,n7,light
413724,560,n7,light
413726,540,n7,light
413728,576,n7,light
413730,596,n7,light
413732,625,n7,light
413734,607,n7,light
413736,581,n7,light
413738,576,n7,light
413740,579,n7,light
413742,590,n7,light
413744,602,n7,light
413746,594,n7,light
413748,624,n7,light
413750,607,n7,light
413752,595,n7,light
413754,592,n7,light
413756,575,n7,light
413758,581,n7,light
413760,560,n7,light
413762,547,n7,light
413764,587,n7,light
413766,634,n7,light
413768,637,n7,light
413770,621,n7,light
413772,626,n7,light
413774,672,n7,light
413776,734,n7,light
413778,786,n7,light
413780,848,n7,light
413782,902,n7,light
413784,891,n7,light
413786,849,n7,light
413788,837,n7,light
413790,821,n7,light
413792,816,n7,light
413794,789,n7,light
413796,780,n7,light
413798,775,n7,light
413800,768,n7,light
413802,807,n7,light
413804,798,n7,light
413806,842,n7,light
413808,835,n7,light
413810,838,n7,light
413812,818,n7,light
413814,839,n7,light
413816,816,n7,light
413818,799,n7,light
413820,838,n7,light
413822,814,n7,light
413824,774,n7,light
413826,768,n7,light
413828,752,n7,light
413830,732,n7,light
413832,720,n7,light
413834,698,n7,light
413836,692,n7,light
413838,685,n7,light
413840,707,n7,light
413842,689,n7,light
413844,707,n7,light
413846,695,n7,light
413848,718,n7,light
413850,715,n7,light
413852,710,n7,light
413854,721,n7,light
413856,714,n7,light
413858,688,n7,light
413860,656,n7,light
413862,627,n7,light
413864,624,n7,light
413866,609,n7,light
413868,622,n7,light
413870,620,n7,light
413872,597,n7,light
413874,578,n7,light
413876,575,n7,light
413878,578,n7,light
413880,571,n7,light
413882,566,n7,light
413884,553,n7,light
413886,531,n7,light
413888,528,n7,light
413890,511,n7,light
413892,556,n7,light
413894,607,n7,light
413896,617,n7,light
413898,656,n7,light
413900,674,n7,light
413902,684,n7,light
413904,657,n7,light
413906,635,n7,light
413908,651,n7,light
413910,662,n7,light
413912,676,n7,light
413914,704,n7,light
413916,685,n7,light
413918,656,n7,light
413920,640,n7,light
413922,615,n7,light
413924,586,n7,light
413926,563,n7,light
413928,566,n7,light
413930,553,n7,light
413932,553,n7,light
413934,530,n7,light
413936,500,n7,light
413938,483,n7,light
413940,478,n7,light
413942,461,n7,light
413944,449,n7,light
413946,457,n7,light
413948,449,n7,light
413950,496,n7,light
413952,586,n7,light
413954,602,n7,light
413956,704,n7,light
413958,723,n7,light
413960,742,n7,light
413962,797,n7,light
413964,798,n7,light
413966,810,n7,light
413968,869,n7,light
413970,878,n7,light
413972,843,n7,light
413974,807,n7,light
413976,771,n7,light
413978,751,n7,light
413980,720,n7,light
413982,704,n7,light
413984,679,n7,light
413986,710,n7,light
413988,697,n7,light
413990,697,n7,light
413992,711,n7,light
413994,675,n7,light
413996,656,n7,light
413998,640,n7,light
414000,615,n7,light
414002,590,n7,light
414004,574,n7,light
414006,565,n7,light
414008,568,n7,light
414010,609,n7,light
414012,609,n7,light
414014,638,n7,light
414016,624,n7,light
414018,613,n7,light
414020,622,n7,light
414022,610,n7,light
414024,613,n7,light
414026,592,n7,light
414028,574,n7,light
414030,603,n7,light
414032,656,n7,light
414034,656,n7,light
414036,655,n7,light
414038,677,n7,light
414040,694,n7,light
414042,669,n7,light
414044,657,n7,light
414046,671,n7,light
414048,678,n7,light
414050,668,n7,light
414052,710,n7,light
414054,738,n7,light
414056,720,n7,light
414058,731,n7,light
414060,720,n7,light
414062,708,n7,light
414064,688,n7,light
414066,671,n7,light
414068,683,n7,light
414070,722,n7,light
414072,704,n7,light
414074,677,n7,light
414076,651,n7,light
414078,650,n7,light
414080,622,n7,light
414082,606,n7,light
414084,614,n7,light
414086,607,n7,light
414088,625,n7,light
414090,670,n7,light
414092,666,n7,light
414094,688,n7,light
414096,706,n7,light
414098,714,n7,light
414100,720,n7,light
414102,699,n7,light
414104,683,n7,light
414106,695,n7,light
414108,688,n7,light
414110,669,n7,light
414112,651,n7,light
414114,636,n7,light
414116,654,n7,light
414118,630,n7,light
414120,624,n7,light
414122,597,n7,light
414124,610,n7,light
414126,608,n7,light
414128,591,n7,light
414130,615,n7,light
414132,656,n7,light
414134,666,n7,light
414136,656,n7,light
414138,653,n7,light
414140,671,n7,light
414142,688,n7,light
414144,707,n7,light
414146,717,n7,light
414148,803,n7,light
414150,825,n7,light
414152,798,n7,light
414154,758,n7,light
414156,752,n7,light
414158,741,n7,light
414160,710,n7,light
414162,674,n7,light
414164,645,n7,light
414166,623,n7,light
414168,595,n7,light
414170,577,n7,light
414172,551,n7,light
414174,534,n7,light
414176,533,n7,light
414178,583,n7,light
414180,583,n7,light
414182,650,n7,light
414184,671,n7,light
414186,656,n7,light
414188,631,n7,light
414190,629,n7,light
414192,681,n7,light
414194,721,n7,light
414196,750,n7,light
414198,784,n7,light
414200,783,n7,light
414202,793,n7,light
414204,791,n7,light
414206,778,n7,light
414208,806,n7,light
414210,818,n7,light
414212,816,n7,light
414214,832,n7,light
414216,891,n7,light
414218,893,n7,light
414220,874,n7,light
414222,863,n7,light
414224,858,n7,light
414226,830,n7,light
414228,799,n7,light
414230,765,n7,light
414232,738,n7,light
414234,736,n7,light
414236,731,n7,light
414238,750,n7,light
414240,739,n7,light
414242,761,n7,light
414244,758,n7,light
414246,734,n7,light
414248,708,n7,light
414250,686,n7,light
414252,678,n7,light
414254,659,n7,light
414256,690,n7,light
414258,696,n7,light
414260,680,n7,light
414262,673,n7,light
414264,673,n7,light
414266,690,n7,light
414268,685,n7,light
414270,658,n7,light
414272,666,n7,light
414274,655,n7,light
414276,623,n7,light
414278,599,n7,light
414280,593,n7,light
414282,581,n7,light
414284,554,n7,light
414286,531,n7,light
414288,528,n7,light
414290,511,n7,light
414292,496,n7,light
414294,474,n7,light
414296,459,n7,light
414298,481,n7,light
414300,480,n7,light
414302,464,n7,light
414304,470,n7,light
414306,560,n7,light
414308,657,n7,light
414310,671,n7,light
414312,736,n7,light
414314,809,n7,light
414316,862,n7,light
414318,827,n7,light
414320,795,n7,light
414322,790,n7,light
414324,777,n7,light
414326,752,n7,light
414328,730,n7,light
414330,704,n7,light
414332,710,n7,light
414334,705,n7,light
414336,699,n7,light
414338,682,n7,light
414340,678,n7,light
414342,656,n7,light
414344,666,n7,light
414346,646,n7,light
414348,644,n7,light
414350,646,n7,light
414352,631,n7,light
414354,635,n7,light
414356,688,n7,light
414358,705,n7,light
414360,699,n7,light
414362,690,n7,light
414364,751,n7,light
414366,773,n7,light
414368,749,n7,light
414370,740,n7,light
414372,706,n7,light
414374,677,n7,light
414376,646,n7,light
414378,640,n7,light
414380,630,n7,light
414382,640,n7,light
414384,625,n7,light
414386,594,n7,light
414388,576,n7,light
414390,582,n7,light
414392,567,n7,light
414394,551,n7,light
414396,550,n7,light
414398,561,n7,light
414400,559,n7,light
414402,556,n7,light
414404,546,n7,light
414406,555,n7,light
414408,591,n7,light
414410,588,n7,light
414412,574,n7,light
414414,560,n7,light
414416,626,n7,light
414418,659,n7,light
414420,651,n7,light
414422,674,n7,light
414424,661,n7,light
414426,635,n7,light
414428,623,n7,light
414430,602,n7,light
414432,594,n7,light
414434,577,n7,light
414436,553,n7,light
414438,530,n7,light
414440,511,n7,light
414442,506,n7,light
414444,496,n7,light
414446,480,n7,light
414448,476,n7,light
414450,478,n7,light
414452,466,n7,light
414454,499,n7,light
414456,525,n7,light
414458,597,n7,light
414460,618,n7,light
414462,598,n7,light
414464,592,n7,light
414466,574,n7,light
414468,580,n7,light
414470,592,n7,light
414472,610,n7,light
414474,648,n7,light
414476,746,n7,light
414478,794,n7,light
414480,878,n7,light
414482,845,n7,light
414484,821,n7,light
414486,874,n7,light
414488,880,n7,light
414490,854,n7,light
414492,832,n7,light
414494,800,n7,light
414496,811,n7,light
414498,790,n7,light
414500,769,n7,light
414502,760,n7,light
414504,797,n7,light
414506,838,n7,light
414508,828,n7,light
414510,843,n7,light
414512,846,n7,light
414514,870,n7,light
414516,861,n7,light
414518,823,n7,light
414520,800,n7,light
414522,883,n7,light
414524,999,n7,light
414526,989,n7,light
414528,1023,n7,light
414530,1088,n7,light
414532,1094,n7,light
414534,1090,n7,light
414536,1055,n7,light
414538,1017,n7,light
414540,983,n7,light
414542,957,n7,light
414544,939,n7,light
414546,912,n7,light
414548,872,n7,light
414550,836,n7,light
414552,815,n7,light
414554,784,n7,light
414556,792,n7,light
414558,817,n7,light
414560,848,n7,light
414562,857,n7,light
414564,914,n7,light
414566,944,n7,light
414568,927,n7,light
414570,898,n7,light
414572,912,n7,light
414574,945,n7,light
414576,948,n7,light
414578,955,n7,light
414580,929,n7,light
414582,895,n7,light
414584,888,n7,light
414586,896,n7,light
414588,875,n7,light
414590,834,n7,light
414592,805,n7,light
414594,768,n7,light
414596,734,n7,light
414598,704,n7,light
414600,699,n7,light
414602,698,n7,light
414604,673,n7,light
414606,675,n7,light
414608,656,n7,light
414610,624,n7,light
414612,611,n7,light
414614,589,n7,light
414616,591,n7,light
414618,594,n7,light
414620,608,n7,light
414622,619,n7,light
414624,609,n7,light
414626,595,n7,light
414628,578,n7,light
414630,557,n7,light
414632,579,n7,light
414634,588,n7,light
414636,618,n7,light
414638,657,n7,light
414640,640,n7,light
414642,613,n7,light
414644,593,n7,light
414646,572,n7,light
414648,577,n7,light
414650,563,n7,light
414652,565,n7,light
414654,583,n7,light
414656,567,n7,light
414658,597,n7,light
414660,583,n7,light
414662,592,n7,light
414664,576,n7,light
414666,570,n7,light
414668,583,n7,light
414670,569,n7,light
414672,542,n7,light
414674,511,n7,light
414676,490,n7,light
414678,466,n7,light
414680,447,n7,light
414682,438,n7,light
414684,429,n7,light
414686,462,n7,light
414688,529,n7,light
414690,528,n7,light
414692,511,n7,light
414694,487,n7,light
414696,509,n7,light
414698,553,n7,light
414700,564,n7,light
414702,550,n7,light
414704,526,n7,light
414706,496,n7,light
414708,511,n7,light
414710,664,n7,light
414712,736,n7,light
414714,817,n7,light
414716,919,n7,light
414718,937,n7,light
414720,907,n7,light
414722,864,n7,light
414724,830,n7,light
414726,791,n7,light
414728,756,n7,light
414730,727,n7,light
414732,697,n7,light
414734,667,n7,light
414736,656,n7,light
414738,693,n7,light
414740,743,n7,light
414742,779,n7,light
414744,781,n7,light
414746,817,n7,light
414748,848,n7,light
414750,842,n7,light
414752,822,n7,light
414754,807,n7,light
414756,809,n7,light
414758,776,n7,light
414760,740,n7,light
414762,729,n7,light
414764,699,n7,light
414766,701,n7,light
414768,692,n7,light
414770,706,n7,light
414772,695,n7,light
414774,670,n7,light
414776,688,n7,light
414778,669,n7,light
414780,699,n7,light
414782,720,n7,light
414784,706,n7,light
414786,697,n7,light
414788,727,n7,light
414790,753,n7,light
414792,816,n7,light
414794,832,n7,light
414796,914,n7,light
414798,907,n7,light
414800,871,n7,light
414802,848,n7,light
414804,827,n7,light
414806,810,n7,light
414808,779,n7,light
414810,752,n7,light
414812,723,n7,light
414814,710,n7,light
414816,685,n7,light
414818,679,n7,light
414820,667,n7,light
414822,654,n7,light
414824,636,n7,light
414826,660,n7,light
414828,651,n7,light
414830,651,n7,light
414832,675,n7,light
414834,669,n7,light
414836,654,n7,light
414838,643,n7,light
414840,615,n7,light
414842,582,n7,light
414844,566,n7,light
414846,540,n7,light
414848,510,n7,light
414850,485,n7,light
414852,466,n7,light
414854,471,n7,light
414856,511,n7,light
414858,525,n7,light
414860,511,n7,light
414862,511,n7,light
414864,556,n7,light
414866,552,n7,light
414868,535,n7,light
414870,528,n7,light
414872,567,n7,light
414874,576,n7,light
414876,559,n7,light
414878,545,n7,light
414880,575,n7,light
414882,576,n7,light
414884,560,n7,light
414886,530,n7,light
414888,511,n7,light
414890,545,n7,light
414892,546,n7,light
414894,511,n7,light
414896,535,n7,light
414898,546,n7,light
414900,531,n7,light
414902,544,n7,light
414904,574,n7,light
414906,560,n7,light
414908,528,n7,light
414910,511,n7,light
414912,500,n7,light
414914,511,n7,light
414916,526,n7,light
414918,525,n7,light
414920,545,n7,light
414922,631,n7,light
414924,683,n7,light
414926,711,n7,light
414928,693,n7,light
414930,688,n7,light
414932,659,n7,light
414934,694,n7,light
414936,691,n7,light
414938,724,n7,light
414940,720,n7,light
414942,689,n7,light
414944,665,n7,light
414946,646,n7,light
414948,639,n7,light
414950,624,n7,light
414952,644,n7,light
414954,628,n7,light
414956,618,n7,light
414958,595,n7,light
414960,570,n7,light
414962,565,n7,light
414964,539,n7,light
414966,511,n7,light
414968,491,n7,light
414970,478,n7,light
414972,482,n7,light
414974,465,n7,light
414976,462,n7,light
414978,452,n7,light
414980,434,n7,light
414982,441,n7,light
414984,423,n7,light
414986,431,n7,light
414988,433,n7,light
414990,438,n7,light
414992,438,n7,light
414994,432,n7,light
414996,464,n7,light
414998,448,n7,light
415000,493,n7,light
415002,511,n7,light
415004,566,n7,light
415006,560,n7,light
415008,539,n7,light
415010,555,n7,light
415012,546,n7,light
415014,531,n7,light
415016,543,n7,light
415018,536,n7,light
415020,527,n7,light
415022,500,n7,light
415024,524,n7,light
415026,541,n7,light
415028,541,n7,light
415030,543,n7,light
415032,586,n7,light
415034,596,n7,light
415036,638,n7,light
415038,616,n7,light
415040,592,n7,light
415042,603,n7,light
415044,592,n7,light
415046,596,n7,light
415048,608,n7,light
415050,678,n7,light
415052,673,n7,light
415054,715,n7,light
415056,720,n7,light
415058,688,n7,light
415060,656,n7,light
415062,639,n7,light
415064,633,n7,light
415066,618,n7,light
415068,619,n7,light
415070,644,n7,light
415072,620,n7,light
415074,604,n7,light
415076,578,n7,light
415078,560,n7,light
415080,546,n7,light
415082,511,n7,light
415084,495,n7,light
415086,480,n7,light
415088,527,n7,light
415090,539,n7,light
415092,549,n7,light
415094,550,n7,light
415096,547,n7,light
415098,594,n7,light
415100,596,n7,light
415102,573,n7,light
415104,556,n7,light
415106,534,n7,light
415108,528,n7,light
415110,511,n7,light
415112,505,n7,light
415114,491,n7,light
415116,511,n7,light
415118,549,n7,light
415120,544,n7,light
415122,599,n7,light
415124,683,n7,light
415126,677,n7,light
415128,720,n7,light
415130,745,n7,light
415132,743,n7,light
415134,743,n7,light
415136,724,n7,light
415138,691,n7,light
415140,671,n7,light
415142,664,n7,light
415144,639,n7,light
415146,638,n7,light
424176,366,n7,light
424178,383,n7,light
424180,384,n7,light
424182,367,n7,light
424184,353,n7,light
424186,343,n7,light
424188,325,n7,light
424190,314,n7,light
424192,303,n7,light
424194,295,n7,light
424196,295,n7,light
424198,295,n7,light
424200,587,n7,light
424202,801,n7,light
424204,1003,n7,light
424206,525,n7,light
424208,350,n7,light
424210,363,n7,light
424212,368,n7,light
424214,384,n7,light
424216,378,n7,light
424218,368,n7,light
424220,421,n7,light
424222,427,n7,light
424224,449,n7,light
424226,477,n7,light
424228,433,n7,light
424230,463,n7,light
424232,448,n7,light
424234,429,n7,light
424236,410,n7,light
424238,410,n7,light
424240,403,n7,light
424242,400,n7,light
424244,383,n7,light
424246,384,n7,light
424248,387,n7,light
424250,384,n7,light
424252,367,n7,light
424254,363,n7,light
424256,378,n7,light
424258,400,n7,light
424260,417,n7,light
424262,414,n7,light
424264,399,n7,light
424266,409,n7,light
424268,404,n7,light
424270,398,n7,light
424272,377,n7,light
424274,371,n7,light
424276,357,n7,light
424278,342,n7,light
424280,331,n7,light
424282,325,n7,light
424284,322,n7,light
424286,336,n7,light
424288,322,n7,light
424290,327,n7,light
424292,317,n7,light
424294,317,n7,light
424296,326,n7,light
424298,339,n7,light
424300,347,n7,light
424302,361,n7,light
424304,383,n7,light
424306,369,n7,light
424308,367,n7,light
424310,354,n7,light
424312,362,n7,light
424314,361,n7,light
424316,341,n7,light
424318,353,n7,light
424320,342,n7,light
424322,336,n7,light
424324,320,n7,light
424326,329,n7,light
424328,331,n7,light
424330,336,n7,light
424332,341,n7,light
424334,335,n7,light
424336,314,n7,light
424338,335,n7,light
424340,374,n7,light
424342,375,n7,light
424344,400,n7,light
424346,431,n7,light
424348,417,n7,light
424350,416,n7,light
424352,425,n7,light
424354,416,n7,light
424356,414,n7,light
424358,417,n7,light
424360,448,n7,light
424362,464,n7,light
424364,452,n7,light
424366,439,n7,light
424368,462,n7,light
424370,491,n7,light
424372,502,n7,light
424374,475,n7,light
424376,458,n7,light
424378,448,n7,light
424380,437,n7,light
424382,431,n7,light
424384,421,n7,light
424386,431,n7,light
424388,414,n7,light
424390,413,n7,light
424392,464,n7,light
424394,465,n7,light
424396,458,n7,light
424398,464,n7,light
424400,473,n7,light
424402,455,n7,light
424404,439,n7,light
424406,429,n7,light
424408,417,n7,light
424410,467,n7,light
424412,536,n7,light
424414,543,n7,light
424416,599,n7,light
424418,677,n7,light
424420,703,n7,light
424422,707,n7,light
424424,734,n7,light
424426,734,n7,light
424428,715,n7,light
424430,688,n7,light
424432,666,n7,light
424434,713,n7,light
424436,725,n7,light
424438,688,n7,light
424440,706,n7,light
424442,720,n7,light
424444,702,n7,light
424446,691,n7,light
424448,673,n7,light
424450,672,n7,light
424452,649,n7,light
424454,641,n7,light
424456,617,n7,light
424458,588,n7,light
424460,598,n7,light
424462,592,n7,light
424464,609,n7,light
424466,624,n7,light
424468,686,n7,light
424470,752,n7,light
424472,762,n7,light
424474,735,n7,light
424476,753,n7,light
424478,784,n7,light
424480,775,n7,light
424482,790,n7,light
424484,789,n7,light
424486,784,n7,light
424488,763,n7,light
424490,745,n7,light
424492,717,n7,light
424494,691,n7,light
424496,671,n7,light
424498,640,n7,light
424500,641,n7,light
424502,663,n7,light
424504,661,n7,light
424506,655,n7,light
424508,710,n7,light
424510,720,n7,light
424512,723,n7,light
424514,706,n7,light
424516,782,n7,light
424518,762,n7,light
424520,738,n7,light
424522,735,n7,light
424524,778,n7,light
424526,755,n7,light
424528,752,n7,light
424530,741,n7,light
424532,755,n7,light
424534,749,n7,light
424536,722,n7,light
424538,752,n7,light
424540,720,n7,light
424542,718,n7,light
424544,710,n7,light
424546,731,n7,light
424548,720,n7,light
424550,722,n7,light
424552,730,n7,light
424554,705,n7,light
424556,675,n7,light
424558,653,n7,light
424560,654,n7,light
424562,656,n7,light
424564,657,n7,light
424566,656,n7,light
424568,625,n7,light
424570,605,n7,light
424572,627,n7,light
424574,662,n7,light
424576,656,n7,light
424578,674,n7,light
424580,679,n7,light
424582,656,n7,light
424584,639,n7,light
424586,669,n7,light
424588,784,n7,light
424590,783,n7,light
424592,798,n7,light
424594,898,n7,light
424596,905,n7,light
424598,880,n7,light
424600,871,n7,light
424602,962,n7,light
424604,1008,n7,light
424606,981,n7,light
424608,980,n7,light
424610,985,n7,light
424612,970,n7,light
424614,969,n7,light
424616,967,n7,light
424618,958,n7,light
424620,928,n7,light
424622,891,n7,light
424624,881,n7,light
424626,873,n7,light
424628,848,n7,light
424630,841,n7,light
424632,832,n7,light
424634,816,n7,light
424636,801,n7,light
424638,815,n7,light
424640,879,n7,light
424642,885,n7,light
424644,976,n7,light
424646,976,n7,light
424648,983,n7,light
424650,1072,n7,light
424652,1139,n7,light
424654,1143,n7,light
424656,1200,n7,light
424658,1181,n7,light
424660,1161,n7,light
424662,1117,n7,light
424664,1099,n7,light
424666,1067,n7,light
424668,1039,n7,light
424670,1002,n7,light
424672,1017,n7,light
424674,1054,n7,light
424676,1023,n7,light
424678,1093,n7,light
424680,1074,n7,light
424682,1060,n7,light
424684,1057,n7,light
424686,1023,n7,light
424688,977,n7,light
424690,948,n7,light
424692,944,n7,light
424694,943,n7,light
424696,961,n7,light
424698,928,n7,light
424700,949,n7,light
424702,944,n7,light
424704,912,n7,light
424706,877,n7,light
424708,882,n7,light
424710,851,n7,light
424712,831,n7,light
424714,850,n7,light
424716,849,n7,light
424718,866,n7,light
424720,988,n7,light
424722,1007,n7,light
424724,1011,n7,light
424726,1060,n7,light
424728,1065,n7,light
424730,1083,n7,light
424732,1061,n7,light
424734,1070,n7,light
424736,1023,n7,light
424738,999,n7,light
424740,1003,n7,light
424742,1001,n7,light
424744,1023,n7,light
424746,995,n7,light
424748,976,n7,light
424750,961,n7,light
424752,931,n7,light
424754,895,n7,light
424756,883,n7,light
424758,849,n7,light
424760,852,n7,light
424762,863,n7,light
424764,834,n7,light
424766,809,n7,light
424768,783,n7,light
424770,763,n7,light
424772,754,n7,light
424774,785,n7,light
424776,826,n7,light
424778,831,n7,light
424780,847,n7,light
424782,910,n7,light
424784,880,n7,light
424786,901,n7,light
424788,901,n7,light
424790,943,n7,light
424792,987,n7,light
424794,983,n7,light
424796,944,n7,light
424798,916,n7,light
424800,913,n7,light
424802,950,n7,light
424804,913,n7,light
424806,875,n7,light
424808,837,n7,light
424810,821,n7,light
424812,791,n7,light
424814,784,n7,light
424816,775,n7,light
424818,854,n7,light
424820,859,n7,light
424822,915,n7,light
424824,928,n7,light
424826,923,n7,light
424828,893,n7,light
424830,849,n7,light
424832,833,n7,light
424834,849,n7,light
424836,866,n7,light
424838,853,n7,light
424840,846,n7,light
424842,848,n7,light
424844,891,n7,light
424846,875,n7,light
424848,870,n7,light
424850,861,n7,light
424852,848,n7,light
424854,847,n7,light
424856,869,n7,light
424858,887,n7,light
424860,939,n7,light
424862,1009,n7,light
424864,1040,n7,light
424866,1040,n7,light
424868,1039,n7,light
424870,1055,n7,light
424872,1040,n7,light
424874,1060,n7,light
424876,1119,n7,light
424878,1105,n7,light
424880,1157,n7,light
424882,1177,n7,light
424884,1211,n7,light
424886,1325,n7,light
424888,1377,n7,light
424890,1396,n7,light
424892,1389,n7,light
424894,1462,n7,light
424896,1466,n7,light
424898,1527,n7,light
424900,1535,n7,light
424902,1535,n7,light
424904,1568,n7,light
424906,1531,n7,light
424908,1474,n7,light
424910,1439,n7,light
424912,1378,n7,light
424914,1357,n7,light
424916,1323,n7,light
424918,1325,n7,light
424920,1314,n7,light
424922,1271,n7,light
424924,1243,n7,light
424926,1205,n7,light
424928,1168,n7,light
424930,1119,n7,light
424932,1075,n7,light
424934,1048,n7,light
424936,991,n7,light
424938,996,n7,light
424940,1017,n7,light
424942,976,n7,light
424944,939,n7,light
424946,939,n7,light
424948,995,n7,light
424950,1023,n7,light
424952,976,n7,light
424954,931,n7,light
424956,891,n7,light
424958,859,n7,light
424960,850,n7,light
424962,921,n7,light
424964,924,n7,light
424966,1001,n7,light
424968,1035,n7,light
424970,997,n7,light
424972,976,n7,light
424974,1040,n7,light
424976,1065,n7,light
424978,1120,n7,light
424980,1139,n7,light
424982,1096,n7,light
424984,1047,n7,light
424986,1046,n7,light
424988,1008,n7,light
424990,1019,n7,light
424992,1090,n7,light
424994,1104,n7,light
424996,1095,n7,light
424998,1229,n7,light
425000,1206,n7,light
425002,1206,n7,light
425004,1168,n7,light
425006,1113,n7,light
425008,1125,n7,light
425010,1151,n7,light
425012,1137,n7,light
425014,1107,n7,light
425016,1123,n7,light
425018,1207,n7,light
425020,1213,n7,light
425022,1207,n7,light
425024,1168,n7,light
425026,1146,n7,light
425028,1171,n7,light
425030,1197,n7,light
425032,1152,n7,light
425034,1127,n7,light
425036,1184,n7,light
425038,1185,n7,light
425040,1193,n7,light
425042,1218,n7,light
425044,1235,n7,light
425046,1238,n7,light
425048,1210,n7,light
425050,1187,n7,light
425052,1175,n7,light
425054,1136,n7,light
425056,1094,n7,light
425058,1061,n7,light
425060,1072,n7,light
425062,1039,n7,light
425064,1014,n7,light
425066,972,n7,light
425068,948,n7,light
425070,909,n7,light
425072,872,n7,light
425074,848,n7,light
425076,853,n7,light
425078,866,n7,light
425080,877,n7,light
425082,970,n7,light
425084,949,n7,light
425086,971,n7,light
425088,1021,n7,light
425090,1008,n7,light
425092,1021,n7,light
425094,1007,n7,light
425096,1031,n7,light
425098,990,n7,light
425100,963,n7,light
425102,989,n7,light
425104,961,n7,light
425106,955,n7,light
425108,941,n7,light
425110,904,n7,light
425112,867,n7,light
425114,866,n7,light
425116,885,n7,light
425118,854,n7,light
425120,838,n7,light
425122,831,n7,light
425124,806,n7,light
425126,796,n7,light
425128,873,n7,light
425130,893,n7,light
425132,886,n7,light
425134,867,n7,light
425136,850,n7,light
425138,882,n7,light
425140,925,n7,light
425142,899,n7,light
425144,893,n7,light
425146,892,n7,light
425148,866,n7,light
425150,863,n7,light
425152,885,n7,light
425154,880,n7,light
425156,912,n7,light
425158,885,n7,light
425160,929,n7,light
425162,930,n7,light
425164,904,n7,light
425166,903,n7,light
425168,921,n7,light
425170,944,n7,light
425172,949,n7,light
425174,970,n7,light
425176,949,n7,light
425178,926,n7,light
425180,928,n7,light
425182,910,n7,light
425184,877,n7,light
425186,848,n7,light
425188,819,n7,light
425190,795,n7,light
425192,789,n7,light
425194,768,n7,light
425196,779,n7,light
425198,773,n7,light
425200,766,n7,light
425202,752,n7,light
425204,761,n7,light
425206,732,n7,light
425208,709,n7,light
425210,718,n7,light
425212,739,n7,light
425214,747,n7,light
425216,801,n7,light
425218,879,n7,light
425220,944,n7,light
425222,951,n7,light
425224,957,n7,light
425226,1007,n7,light
425228,1022,n7,light
425230,1040,n7,light
425232,1008,n7,light
425234,981,n7,light
425236,951,n7,light
425238,975,n7,light
425240,949,n7,light
425242,925,n7,light
425244,893,n7,light
425246,851,n7,light
425248,813,n7,light
425250,779,n7,light
425252,778,n7,light
425254,741,n7,light
425256,713,n7,light
425258,726,n7,light
425260,726,n7,light
425262,722,n7,light
425264,720,n7,light
425266,714,n7,light
425268,686,n7,light
425270,757,n7,light
425272,827,n7,light
425274,873,n7,light
425276,877,n7,light
425278,848,n7,light
425280,878,n7,light
425282,899,n7,light
425284,871,n7,light
425286,851,n7,light
425288,846,n7,light
425290,833,n7,light
425292,816,n7,light
425294,814,n7,light
425296,815,n7,light
425298,838,n7,light
425300,817,n7,light
425302,786,n7,light
425304,758,n7,light
425306,726,n7,light
425308,724,n7,light
425310,709,n7,light
425312,676,n7,light
425314,709,n7,light
425316,758,n7,light
425318,727,n7,light
425320,727,n7,light
425322,771,n7,light
425324,821,n7,light
425326,814,n7,light
425328,886,n7,light
425330,898,n7,light
425332,877,n7,light
425334,843,n7,light
425336,816,n7,light
425338,795,n7,light
425340,767,n7,light
425342,772,n7,light
425344,744,n7,light
425346,738,n7,light
425348,778,n7,light
425350,746,n7,light
425352,704,n7,light
425354,737,n7,light
425356,773,n7,light
425358,796,n7,light
425360,883,n7,light
425362,946,n7,light
425364,935,n7,light
425366,910,n7,light
425368,934,n7,light
425370,949,n7,light
425372,926,n7,light
425374,931,n7,light
425376,915,n7,light
425378,905,n7,light
425380,896,n7,light
425382,873,n7,light
425384,887,n7,light
425386,905,n7,light
425388,922,n7,light
425390,962,n7,light
425392,973,n7,light
425394,975,n7,light
425396,954,n7,light
425398,944,n7,light
425400,902,n7,light
425402,895,n7,light
425404,884,n7,light
425406,879,n7,light
425408,876,n7,light
425410,843,n7,light
425412,816,n7,light
425414,819,n7,light
425416,812,n7,light
425418,818,n7,light
425420,798,n7,light
425422,755,n7,light
425424,749,n7,light
425426,730,n7,light
425428,694,n7,light
425430,673,n7,light
425432,677,n7,light
425434,670,n7,light
425436,667,n7,light
425438,646,n7,light
425440,630,n7,light
425442,606,n7,light
425444,578,n7,light
425446,561,n7,light
425448,543,n7,light
425450,535,n7,light
425452,572,n7,light
425454,572,n7,light
425456,607,n7,light
425458,625,n7,light
425460,685,n7,light
425462,695,n7,light
425464,664,n7,light
425466,643,n7,light
425468,615,n7,light
425470,598,n7,light
425472,601,n7,light
425474,588,n7,light
425476,570,n7,light
425478,547,n7,light
425480,533,n7,light
425482,554,n7,light
425484,547,n7,light
425486,538,n7,light
425488,511,n7,light
425490,495,n7,light
425492,525,n7,light
425494,573,n7,light
425496,581,n7,light
425498,557,n7,light
425500,530,n7,light
425502,503,n7,light
425504,511,n7,light
425506,560,n7,light
425508,558,n7,light
425510,563,n7,light
425512,559,n7,light
425514,544,n7,light
425516,531,n7,light
425518,537,n7,light
425520,511,n7,light
425522,494,n7,light
425524,493,n7,light
425526,479,n7,light
425528,482,n7,light
425530,525,n7,light
425532,555,n7,light
425534,663,n7,light
425536,655,n7,light
425538,625,n7,light
425540,637,n7,light
425542,704,n7,light
425544,733,n7,light
425546,722,n7,light
425548,790,n7,light
425550,835,n7,light
425552,799,n7,light
425554,770,n7,light
425556,736,n7,light
425558,705,n7,light
425560,670,n7,light
425562,649,n7,light
425564,620,n7,light
425566,596,n7,light
425568,594,n7,light
425570,571,n7,light
425572,558,n7,light
425574,584,n7,light
425576,574,n7,light
425578,561,n7,light
425580,559,n7,light
425582,532,n7,light
425584,501,n7,light
425586,489,n7,light
425588,479,n7,light
425590,467,n7,light
425592,467,n7,light
425594,467,n7,light
425596,506,n7,light
425598,487,n7,light
425600,504,n7,light
425602,541,n7,light
425604,511,n7,light
425606,496,n7,light
425608,509,n7,light
425610,511,n7,light
425612,496,n7,light
425614,496,n7,light
425616,498,n7,light
425618,471,n7,light
425620,456,n7,light
425622,439,n7,light
425624,465,n7,light
425626,479,n7,light
425628,497,n7,light
425630,559,n7,light
425632,540,n7,light
425634,507,n7,light
425636,496,n7,light
425638,477,n7,light
425640,468,n7,light
425642,464,n7,light
425644,464,n7,light
425646,435,n7,light
425648,422,n7,light
425650,413,n7,light
425652,443,n7,light
425654,499,n7,light
425656,538,n7,light
425658,565,n7,light
425660,589,n7,light
425662,595,n7,light
425664,629,n7,light
425666,619,n7,light
425668,597,n7,light
425670,611,n7,light
425672,661,n7,light
425674,685,n7,light
425676,737,n7,light
425678,753,n7,light
425680,741,n7,light
425682,714,n7,light
425684,721,n7,light
425686,751,n7,light
425688,752,n7,light
425690,739,n7,light
425692,758,n7,light
425694,741,n7,light
425696,737,n7,light
425698,714,n7,light
425700,685,n7,light
425702,662,n7,light
425704,678,n7,light
425706,656,n7,light
425708,635,n7,light
425710,623,n7,light
425712,602,n7,light
425714,625,n7,light
425716,603,n7,light
425718,588,n7,light
425720,565,n7,light
425722,544,n7,light
425724,528,n7,light
425726,527,n7,light
425728,511,n7,light
425730,511,n7,light
425732,499,n7,light
425734,479,n7,light
425736,486,n7,light
425738,482,n7,light
425740,490,n7,light
425742,496,n7,light
425744,496,n7,light
425746,570,n7,light
425748,601,n7,light
425750,579,n7,light
425752,566,n7,light
425754,567,n7,light
425756,559,n7,light
425758,548,n7,light
425760,531,n7,light
425762,501,n7,light
425764,486,n7,light
425766,479,n7,light
425768,482,n7,light
425770,490,n7,light
425772,511,n7,light
425774,501,n7,light
425776,482,n7,light
425778,471,n7,light
425780,453,n7,light
425782,490,n7,light
425784,480,n7,light
425786,501,n7,light
425788,511,n7,light
425790,487,n7,light
425792,530,n7,light
425794,565,n7,light
425796,552,n7,light
425798,534,n7,light
425800,527,n7,light
425802,511,n7,light
425804,543,n7,light
425806,549,n7,light
425808,542,n7,light
425810,578,n7,light
425812,576,n7,light
425814,565,n7,light
425816,542,n7,light
425818,532,n7,light
425820,528,n7,light
425822,503,n7,light
425824,480,n7,light
425826,485,n7,light
425828,486,n7,light
425830,510,n7,light
425832,560,n7,light
425834,548,n7,light
425836,550,n7,light
425838,540,n7,light
425840,511,n7,light
425842,511,n7,light
425844,555,n7,light
425846,575,n7,light
425848,557,n7,light
425850,581,n7,light
425852,557,n7,light
425854,553,n7,light
425856,528,n7,light
425858,501,n7,light
425860,535,n7,light
425862,524,n7,light
425864,504,n7,light
425866,485,n7,light
425868,490,n7,light
425870,466,n7,light
425872,451,n7,light
425874,433,n7,light
425876,438,n7,light
425878,455,n7,light
425880,454,n7,light
425882,435,n7,light
425884,457,n7,light
425886,471,n7,light
425888,477,n7,light
425890,464,n7,light
425892,457,n7,light
425894,452,n7,light
425896,431,n7,light
425898,409,n7,light
425900,389,n7,light
425902,378,n7,light
425904,366,n7,light
425906,357,n7,light
425908,360,n7,light
425910,362,n7,light
425912,411,n7,light
425914,419,n7,light
425916,415,n7,light
425918,438,n7,light
425920,431,n7,light
425922,417,n7,light
425924,400,n7,light
425926,382,n7,light
425928,372,n7,light
425930,370,n7,light
425932,368,n7,light
425934,416,n7,light
425936,423,n7,light
425938,445,n7,light
425940,439,n7,light
425942,426,n7,light
425944,417,n7,light
425946,414,n7,light
425948,441,n7,light
425950,464,n7,light
425952,455,n7,light
425954,453,n7,light
425956,465,n7,light
425958,454,n7,light
425960,433,n7,light
425962,417,n7,light
425964,430,n7,light
425966,423,n7,light
425968,438,n7,light
425970,422,n7,light
425972,401,n7,light
425974,395,n7,light
425976,376,n7,light
425978,384,n7,light
425980,375,n7,light
425982,362,n7,light
425984,397,n7,light
425986,400,n7,light
425988,400,n7,light
425990,417,n7,light
425992,434,n7,light
425994,462,n7,light
425996,560,n7,light
425998,576,n7,light
426000,566,n7,light
426002,643,n7,light
426004,687,n7,light
426006,752,n7,light
426008,800,n7,light
426010,784,n7,light
426012,778,n7,light
426014,754,n7,light
426016,764,n7,light
426018,767,n7,light
426020,739,n7,light
426022,705,n7,light
426024,688,n7,light
426026,678,n7,light
426028,660,n7,light
426030,633,n7,light
426032,606,n7,light
426034,579,n7,light
426036,549,n7,light
426038,535,n7,light
426040,528,n7,light
426042,499,n7,light
426044,483,n7,light
426046,464,n7,light
426048,446,n7,light
426050,469,n7,light
426052,455,n7,light
426054,438,n7,light
426056,452,n7,light
426058,467,n7,light
426060,464,n7,light
426062,535,n7,light
426064,553,n7,light
426066,528,n7,light
426068,497,n7,light
426070,495,n7,light
426072,496,n7,light
426074,503,n7,light
426076,554,n7,light
426078,539,n7,light
426080,527,n7,light
426082,511,n7,light
426084,494,n7,light
426086,498,n7,light
426088,556,n7,light
426090,542,n7,light
426092,595,n7,light
426094,583,n7,light
426096,575,n7,light
426098,552,n7,light
426100,544,n7,light
426102,557,n7,light
426104,563,n7,light
426106,544,n7,light
426108,523,n7,light
426110,528,n7,light
426112,539,n7,light
426114,511,n7,light
426116,502,n7,light
426118,505,n7,light
426120,506,n7,light
426122,496,n7,light
426124,481,n7,light
426126,481,n7,light
426128,467,n7,light
426130,490,n7,light
426132,481,n7,light
426134,473,n7,light
426136,503,n7,light
426138,505,n7,light
426140,489,n7,light
426142,486,n7,light
426144,480,n7,light
426146,495,n7,light
426148,511,n7,light
426150,495,n7,light
426152,491,n7,light
426154,496,n7,light
426156,509,n7,light
426158,489,n7,light
426160,484,n7,light
426162,496,n7,light
426164,484,n7,light
426166,466,n7,light
426168,480,n7,light
426170,477,n7,light
426172,464,n7,light
426174,474,n7,light
426176,524,n7,light
426178,560,n7,light
426180,542,n7,light
426182,528,n7,light
426184,541,n7,light
426186,535,n7,light
426188,505,n7,light
426190,499,n7,light
426192,511,n7,light
426194,527,n7,light
426196,507,n7,light
426198,482,n7,light
426200,470,n7,light
426202,462,n7,light
426204,445,n7,light
426206,438,n7,light
426208,430,n7,light
426210,443,n7,light
426212,434,n7,light
426214,426,n7,light
426216,406,n7,light
426218,421,n7,light
426220,451,n7,light
426222,438,n7,light
426224,431,n7,light
426226,442,n7,light
426228,427,n7,light
426230,426,n7,light
426232,410,n7,light
426234,419,n7,light
426236,463,n7,light
426238,445,n7,light
426240,432,n7,light
426242,451,n7,light
426244,470,n7,light
426246,485,n7,light
426248,466,n7,light
426250,450,n7,light
426252,498,n7,light
426254,493,n7,light
426256,479,n7,light
426258,464,n7,light
426260,462,n7,light
426262,490,n7,light
426264,511,n7,light
426266,511,n7,light
426268,511,n7,light
426270,524,n7,light
426272,544,n7,light
426274,550,n7,light
426276,547,n7,light
426278,576,n7,light
426280,571,n7,light
426282,550,n7,light
426284,541,n7,light
426286,511,n7,light
426288,491,n7,light
426290,487,n7,light
426292,478,n7,light
426294,496,n7,light
426296,490,n7,light
426298,477,n7,light
426300,481,n7,light
426302,511,n7,light
426304,511,n7,light
426306,528,n7,light
426308,528,n7,light
426310,510,n7,light
426312,560,n7,light
426314,563,n7,light
426316,544,n7,light
426318,529,n7,light
426320,563,n7,light
426322,613,n7,light
426324,611,n7,light
426326,674,n7,light
426328,710,n7,light
426330,687,n7,light
426332,671,n7,light
426334,643,n7,light
426336,623,n7,light
426338,596,n7,light
426340,579,n7,light
426342,563,n7,light
426344,546,n7,light
426346,527,n7,light
426348,500,n7,light
426350,487,n7,light
426352,480,n7,light
426354,498,n7,light
426356,492,n7,light
426358,511,n7,light
426360,533,n7,light
426362,530,n7,light
426364,505,n7,light
426366,491,n7,light
426368,498,n7,light
426370,497,n7,light
426372,490,n7,light
426374,470,n7,light
426376,465,n7,light
426378,486,n7,light
426380,477,n7,light
426382,449,n7,light
426384,437,n7,light
426386,437,n7,light
426388,464,n7,light
426390,465,n7,light
426392,443,n7,light
426394,425,n7,light
426396,400,n7,light
426398,431,n7,light
426400,432,n7,light
426402,443,n7,light
426404,421,n7,light
426406,407,n7,light
426408,400,n7,light
426410,394,n7,light
426412,391,n7,light
426414,461,n7,light
426416,464,n7,light
426418,503,n7,light
426420,498,n7,light
426422,481,n7,light
426424,487,n7,light
426426,464,n7,light
426428,469,n7,light
426430,450,n7,light
426432,442,n7,light
426434,421,n7,light
426436,418,n7,light
426438,409,n7,light
426440,400,n7,light
426442,411,n7,light
426444,411,n7,light
426446,410,n7,light
426448,407,n7,light
426450,470,n7,light
426452,511,n7,light
426454,505,n7,light
426456,507,n7,light
426458,511,n7,light
426460,554,n7,light
426462,545,n7,light
426464,528,n7,light
426466,508,n7,light
426468,491,n7,light
426470,467,n7,light
426472,462,n7,light
426474,464,n7,light
426476,447,n7,light
426478,432,n7,light
426480,412,n7,light
426482,411,n7,light
426484,394,n7,light
426486,383,n7,light
426488,374,n7,light
426490,369,n7,light
426492,353,n7,light
426494,361,n7,light
426496,361,n7,light
426498,353,n7,light
426500,378,n7,light
426502,380,n7,light
426504,423,n7,light
426506,424,n7,light
426508,418,n7,light
426510,419,n7,light
426512,411,n7,light
426514,400,n7,light
426516,384,n7,light
426518,431,n7,light
426520,464,n7,light
426522,463,n7,light
426524,465,n7,light
426526,479,n7,light
426528,463,n7,light
426530,507,n7,light
426532,523,n7,light
426534,496,n7,light
426536,486,n7,light
426538,464,n7,light
426540,464,n7,light
426542,448,n7,light
426544,443,n7,light
426546,428,n7,light
426548,407,n7,light
426550,395,n7,light
426552,379,n7,light
426554,371,n7,light
426556,384,n7,light
426558,380,n7,light
426560,397,n7,light
426562,406,n7,light
426564,398,n7,light
426566,385,n7,light
426568,378,n7,light
426570,363,n7,light
426572,369,n7,light
426574,371,n7,light
426576,381,n7,light
426578,384,n7,light
426580,383,n7,light
426582,368,n7,light
426584,419,n7,light
426586,491,n7,light
426588,551,n7,light
426590,596,n7,light
426592,686,n7,light
426594,717,n7,light
426596,690,n7,light
426598,666,n7,light
426600,641,n7,light
426602,630,n7,light
426604,598,n7,light
426606,578,n7,light
426608,567,n7,light
426610,538,n7,light
426612,523,n7,light
426614,496,n7,light
426616,482,n7,light
426618,497,n7,light
426620,507,n7,light
426622,485,n7,light
426624,496,n7,light
426626,511,n7,light
426628,491,n7,light
426630,470,n7,light
426632,449,n7,light
426634,449,n7,light
426636,425,n7,light
426638,409,n7,light
426640,410,n7,light
426642,413,n7,light
426644,408,n7,light
426646,400,n7,light
426648,394,n7,light
426650,400,n7,light
426652,389,n7,light
426654,479,n7,light
426656,656,n7,light
426658,773,n7,light
426660,827,n7,light
426662,734,n7,light
426664,531,n7,light
426666,499,n7,light
426668,464,n7,light
426670,461,n7,light
426672,447,n7,light
426674,419,n7,light
426676,423,n7,light
426678,413,n7,light
426680,400,n7,light
426682,386,n7,light
426684,398,n7,light
426686,404,n7,light
426688,400,n7,light
426690,390,n7,light
426692,399,n7,light
426694,413,n7,light
426696,446,n7,light
426698,443,n7,light
426700,479,n7,light
426702,503,n7,light
426704,511,n7,light
426706,499,n7,light
426708,509,n7,light
426710,569,n7,light
426712,610,n7,light
426714,587,n7,light
426716,573,n7,light
426718,585,n7,light
426720,602,n7,light
426722,576,n7,light
426724,561,n7,light
426726,561,n7,light
426728,555,n7,light
426730,558,n7,light
426732,558,n7,light
426734,591,n7,light
426736,577,n7,light
426738,581,n7,light
426740,570,n7,light
426742,577,n7,light
426744,577,n7,light
426746,582,n7,light
426748,576,n7,light
426750,569,n7,light
426752,545,n7,light
426754,528,n7,light
426756,509,n7,light
426758,497,n7,light
426760,502,n7,light
426762,528,n7,light
426764,538,n7,light
426766,525,n7,light
426768,578,n7,light
426770,597,n7,light
426772,613,n7,light
426774,593,n7,light
426776,577,n7,light
426778,588,n7,light
426780,567,n7,light
426782,562,n7,light
426784,576,n7,light
426786,621,n7,light
426788,606,n7,light
426790,588,n7,light
426792,571,n7,light
426794,558,n7,light
426796,562,n7,light
426798,543,n7,light
426800,537,n7,light
426802,550,n7,light
426804,554,n7,light
426806,557,n7,light
426808,551,n7,light
426810,553,n7,light
426812,573,n7,light
426814,592,n7,light
426816,588,n7,light
426818,578,n7,light
426820,672,n7,light
426822,784,n7,light
426824,803,n7,light
426826,909,n7,light
426828,935,n7,light
426830,932,n7,light
426832,898,n7,light
426834,885,n7,light
426836,859,n7,light
426838,846,n7,light
426840,811,n7,light
426842,791,n7,light
426844,765,n7,light
426846,727,n7,light
426848,704,n7,light
426850,691,n7,light
426852,691,n7,light
426854,689,n7,light
426856,690,n7,light
426858,703,n7,light
426860,699,n7,light
426862,718,n7,light
426864,759,n7,light
426866,752,n7,light
426868,720,n7,light
426870,724,n7,light
426872,697,n7,light
426874,691,n7,light
426876,659,n7,light
426878,649,n7,light
426880,627,n7,light
426882,637,n7,light
426884,626,n7,light
426886,610,n7,light
426888,576,n7,light
426890,560,n7,light
426892,538,n7,light
426894,530,n7,light
426896,526,n7,light
426898,502,n7,light
426900,480,n7,light
426902,483,n7,light
426904,490,n7,light
426906,465,n7,light
426908,464,n7,light
426910,464,n7,light
426912,445,n7,light
426914,429,n7,light
426916,436,n7,light
426918,465,n7,light
426920,500,n7,light
426922,494,n7,light
426924,511,n7,light
426926,543,n7,light
426928,511,n7,light
426930,486,n7,light
426932,496,n7,light
426934,511,n7,light
426936,537,n7,light
426938,509,n7,light
426940,528,n7,light
426942,529,n7,light
426944,531,n7,light
426946,511,n7,light
426948,496,n7,light
426950,490,n7,light
426952,466,n7,light
426954,448,n7,light
426956,438,n7,light
426958,432,n7,light
426960,441,n7,light
426962,486,n7,light
426964,473,n7,light
426966,448,n7,light
426968,449,n7,light
426970,474,n7,light
426972,454,n7,light
426974,432,n7,light
426976,431,n7,light
426978,423,n7,light
426980,411,n7,light
426982,405,n7,light
426984,419,n7,light
426986,405,n7,light
426988,385,n7,light
426990,387,n7,light
426992,380,n7,light
426994,378,n7,light
426996,365,n7,light
426998,357,n7,light
427000,363,n7,light
427002,375,n7,light
427004,375,n7,light
427006,405,n7,light
427008,398,n7,light
427010,407,n7,light
427012,439,n7,light
427014,446,n7,light
427016,432,n7,light
427018,416,n7,light
427020,413,n7,light
427022,410,n7,light
427024,389,n7,light
427026,393,n7,light
427028,400,n7,light
427030,439,n7,light
427032,446,n7,light
427034,480,n7,light
427036,487,n7,light
427038,469,n7,light
427040,451,n7,light
427042,437,n7,light
427044,417,n7,light
427046,407,n7,light
427048,430,n7,light
427050,435,n7,light
427052,432,n7,light
427054,434,n7,light
427056,441,n7,light
427058,462,n7,light
427060,486,n7,light
427062,525,n7,light
427064,560,n7,light
427066,559,n7,light
427068,557,n7,light
427070,548,n7,light
427072,560,n7,light
427074,542,n7,light
427076,542,n7,light
427078,547,n7,light
427080,528,n7,light
427082,507,n7,light
427084,502,n7,light
427086,485,n7,light
427088,468,n7,light
427090,494,n7,light
427092,486,n7,light
427094,486,n7,light
427096,464,n7,light
427098,455,n7,light
427100,485,n7,light
427102,469,n7,light
427104,449,n7,light
427106,437,n7,light
427108,425,n7,light
427110,429,n7,light
427112,411,n7,light
427114,407,n7,light
427116,405,n7,light
427118,441,n7,light
427120,491,n7,light
427122,491,n7,light
427124,473,n7,light
427126,477,n7,light
427128,495,n7,light
427130,477,n7,light
427132,496,n7,light
427134,529,n7,light
427136,557,n7,light
427138,543,n7,light
427140,511,n7,light
427142,498,n7,light
427144,486,n7,light
427146,464,n7,light
427148,457,n7,light
427150,464,n7,light
427152,527,n7,light
427154,541,n7,light
427156,546,n7,light
427158,558,n7,light
427160,577,n7,light
427162,567,n7,light
427164,565,n7,light
427166,549,n7,light
427168,541,n7,light
427170,531,n7,light
427172,511,n7,light
436200,1014,n7,light
436202,990,n7,light
436204,949,n7,light
436206,954,n7,light
436208,912,n7,light
436210,880,n7,light
436212,868,n7,light
436214,827,n7,light
436216,795,n7,light
436218,757,n7,light
436220,748,n7,light
436222,736,n7,light
436224,721,n7,light
436226,746,n7,light
436228,726,n7,light
436230,765,n7,light
436232,777,n7,light
436234,749,n7,light
436236,747,n7,light
436238,770,n7,light
436240,791,n7,light
436242,802,n7,light
436244,785,n7,light
436246,848,n7,light
436248,892,n7,light
436250,867,n7,light
436252,850,n7,light
436254,820,n7,light
436256,855,n7,light
436258,833,n7,light
436260,797,n7,light
436262,851,n7,light
436264,974,n7,light
436266,963,n7,light
436268,979,n7,light
436270,960,n7,light
436272,954,n7,light
436274,956,n7,light
436276,963,n7,light
436278,941,n7,light
436280,897,n7,light
436282,878,n7,light
436284,869,n7,light
436286,861,n7,light
436288,855,n7,light
436290,854,n7,light
436292,826,n7,light
436294,814,n7,light
436296,794,n7,light
436298,784,n7,light
436300,768,n7,light
436302,759,n7,light
436304,755,n7,light
436306,729,n7,light
436308,725,n7,light
436310,738,n7,light
436312,727,n7,light
436314,726,n7,light
436316,753,n7,light
436318,741,n7,light
436320,734,n7,light
436322,700,n7,light
436324,695,n7,light
436326,744,n7,light
436328,763,n7,light
436330,754,n7,light
436332,735,n7,light
436334,714,n7,light
436336,686,n7,light
436338,656,n7,light
436340,644,n7,light
436342,635,n7,light
436344,629,n7,light
436346,673,n7,light
436348,685,n7,light
436350,689,n7,light
436352,694,n7,light
436354,662,n7,light
436356,633,n7,light
436358,602,n7,light
436360,598,n7,light
436362,603,n7,light
436364,589,n7,light
436366,683,n7,light
436368,750,n7,light
436370,749,n7,light
436372,816,n7,light
436374,827,n7,light
436376,811,n7,light
436378,829,n7,light
436380,821,n7,light
436382,848,n7,light
436384,827,n7,light
436386,795,n7,light
436388,796,n7,light
436390,817,n7,light
436392,847,n7,light
436394,899,n7,light
436396,894,n7,light
436398,880,n7,light
436400,867,n7,light
436402,853,n7,light
436404,822,n7,light
436406,818,n7,light
436408,837,n7,light
436410,823,n7,light
436412,822,n7,light
436414,832,n7,light
436416,800,n7,light
436418,812,n7,light
436420,875,n7,light
436422,859,n7,light
436424,934,n7,light
436426,960,n7,light
436428,941,n7,light
436430,935,n7,light
436432,917,n7,light
436434,896,n7,light
436436,865,n7,light
436438,863,n7,light
436440,836,n7,light
436442,812,n7,light
436444,801,n7,light
436446,784,n7,light
436448,831,n7,light
436450,896,n7,light
436452,915,n7,light
436454,974,n7,light
436456,1051,n7,light
436458,1034,n7,light
436460,1023,n7,light
436462,1057,n7,light
436464,1070,n7,light
436466,1104,n7,light
436468,1162,n7,light
436470,1145,n7,light
436472,1154,n7,light
436474,1125,n7,light
436476,1091,n7,light
436478,1057,n7,light
436480,1068,n7,light
436482,1072,n7,light
436484,1067,n7,light
436486,1054,n7,light
436488,1044,n7,light
436490,1046,n7,light
436492,1056,n7,light
436494,1087,n7,light
436496,1074,n7,light
436498,1163,n7,light
436500,1200,n7,light
436502,1161,n7,light
436504,1105,n7,light
436506,1066,n7,light
436508,1050,n7,light
436510,1068,n7,light
436512,1046,n7,light
436514,1058,n7,light
436516,1042,n7,light
436518,1005,n7,light
436520,959,n7,light
436522,925,n7,light
436524,925,n7,light
436526,912,n7,light
436528,902,n7,light
436530,927,n7,light
436532,911,n7,light
436534,943,n7,light
436536,951,n7,light
436538,972,n7,light
436540,1040,n7,light
436542,1107,n7,light
436544,1163,n7,light
436546,1200,n7,light
436548,1200,n7,light
436550,1263,n7,light
436552,1302,n7,light
436554,1267,n7,light
436556,1259,n7,light
436558,1223,n7,light
436560,1198,n7,light
436562,1181,n7,light
436564,1168,n7,light
436566,1118,n7,light
436568,1094,n7,light
436570,1056,n7,light
436572,1023,n7,light
436574,998,n7,light
436576,960,n7,light
436578,937,n7,light
436580,940,n7,light
436582,1051,n7,light
436584,1126,n7,light
436586,1165,n7,light
436588,1209,n7,light
436590,1178,n7,light
436592,1138,n7,light
436594,1094,n7,light
436596,1049,n7,light
436598,1035,n7,light
436600,986,n7,light
436602,951,n7,light
436604,960,n7,light
436606,938,n7,light
436608,901,n7,light
436610,894,n7,light
436612,906,n7,light
436614,917,n7,light
436616,1005,n7,light
436618,1015,n7,light
436620,1005,n7,light
436622,1089,n7,light
436624,1141,n7,light
436626,1135,n7,light
436628,1120,n7,light
436630,1085,n7,light
436632,1111,n7,light
436634,1076,n7,light
436636,1034,n7,light
436638,982,n7,light
436640,944,n7,light
436642,901,n7,light
436644,863,n7,light
436646,848,n7,light
436648,823,n7,light
436650,820,n7,light
436652,870,n7,light
436654,867,n7,light
436656,930,n7,light
436658,903,n7,light
436660,871,n7,light
436662,901,n7,light
436664,906,n7,light
436666,875,n7,light
436668,910,n7,light
436670,883,n7,light
436672,874,n7,light
436674,843,n7,light
436676,834,n7,light
436678,838,n7,light
436680,829,n7,light
436682,799,n7,light
436684,773,n7,light
436686,768,n7,light
436688,751,n7,light
436690,748,n7,light
436692,767,n7,light
436694,777,n7,light
436696,754,n7,light
436698,740,n7,light
436700,711,n7,light
436702,717,n7,light
436704,802,n7,light
436706,799,n7,light
436708,839,n7,light
436710,915,n7,light
436712,902,n7,light
436714,864,n7,light
436716,828,n7,light
436718,800,n7,light
436720,785,n7,light
436722,767,n7,light
436724,747,n7,light
436726,774,n7,light
436728,753,n7,light
436730,756,n7,light
436732,733,n7,light
436734,734,n7,light
436736,727,n7,light
436738,737,n7,light
436740,711,n7,light
436742,727,n7,light
436744,722,n7,light
436746,711,n7,light
436748,702,n7,light
436750,689,n7,light
436752,710,n7,light
436754,688,n7,light
436756,657,n7,light
436758,631,n7,light
436760,639,n7,light
436762,622,n7,light
436764,599,n7,light
436766,611,n7,light
436768,603,n7,light
436770,615,n7,light
436772,596,n7,light
436774,574,n7,light
436776,567,n7,light
436778,579,n7,light
436780,565,n7,light
436782,537,n7,light
436784,534,n7,light
436786,589,n7,light
436788,583,n7,light
436790,562,n7,light
436792,557,n7,light
436794,528,n7,light
436796,511,n7,light
436798,489,n7,light
436800,492,n7,light
436802,574,n7,light
436804,649,n7,light
436806,656,n7,light
436808,748,n7,light
436810,902,n7,light
436812,950,n7,light
436814,962,n7,light
436816,1014,n7,light
436818,976,n7,light
436820,957,n7,light
436822,952,n7,light
436824,945,n7,light
436826,915,n7,light
436828,882,n7,light
436830,886,n7,light
436832,937,n7,light
436834,973,n7,light
436836,976,n7,light
436838,967,n7,light
436840,1020,n7,light
436842,1001,n7,light
436844,993,n7,light
436846,973,n7,light
436848,987,n7,light
436850,1075,n7,light
436852,1066,n7,light
436854,1051,n7,light
436856,1101,n7,light
436858,1135,n7,light
436860,1093,n7,light
436862,1056,n7,light
436864,1012,n7,light
436866,969,n7,light
436868,951,n7,light
436870,912,n7,light
436872,923,n7,light
436874,931,n7,light
436876,911,n7,light
436878,880,n7,light
436880,883,n7,light
436882,929,n7,light
436884,1019,n7,light
436886,1023,n7,light
436888,1066,n7,light
436890,1041,n7,light
436892,1035,n7,light
436894,1039,n7,light
436896,1004,n7,light
436898,995,n7,light
436900,986,n7,light
436902,978,n7,light
436904,959,n7,light
436906,932,n7,light
436908,891,n7,light
436910,863,n7,light
436912,846,n7,light
436914,896,n7,light
436916,886,n7,light
436918,950,n7,light
436920,950,n7,light
436922,944,n7,light
436924,963,n7,light
436926,947,n7,light
436928,915,n7,light
436930,930,n7,light
436932,967,n7,light
436934,973,n7,light
436936,952,n7,light
436938,958,n7,light
436940,912,n7,light
436942,869,n7,light
436944,847,n7,light
436946,829,n7,light
436948,848,n7,light
436950,868,n7,light
436952,831,n7,light
436954,821,n7,light
436956,822,n7,light
436958,808,n7,light
436960,785,n7,light
436962,758,n7,light
436964,739,n7,light
436966,710,n7,light
436968,710,n7,light
436970,698,n7,light
436972,690,n7,light
436974,700,n7,light
436976,688,n7,light
436978,671,n7,light
436980,694,n7,light
436982,722,n7,light
436984,703,n7,light
436986,663,n7,light
436988,659,n7,light
436990,675,n7,light
436992,665,n7,light
436994,705,n7,light
436996,751,n7,light
436998,725,n7,light
437000,751,n7,light
437002,756,n7,light
437004,780,n7,light
437006,753,n7,light
437008,725,n7,light
437010,717,n7,light
437012,707,n7,light
437014,697,n7,light
437016,699,n7,light
437018,729,n7,light
437020,725,n7,light
437022,691,n7,light
437024,720,n7,light
437026,739,n7,light
437028,720,n7,light
437030,727,n7,light
437032,748,n7,light
437034,720,n7,light
437036,693,n7,light
437038,678,n7,light
437040,661,n7,light
437042,631,n7,light
437044,640,n7,light
437046,613,n7,light
437048,582,n7,light
437050,560,n7,light
437052,531,n7,light
437054,528,n7,light
437056,511,n7,light
437058,496,n7,light
437060,492,n7,light
437062,495,n7,light
437064,484,n7,light
437066,466,n7,light
437068,451,n7,light
437070,438,n7,light
437072,464,n7,light
437074,475,n7,light
437076,482,n7,light
437078,528,n7,light
437080,511,n7,light
437082,603,n7,light
437084,679,n7,light
437086,683,n7,light
437088,702,n7,light
437090,707,n7,light
437092,699,n7,light
437094,671,n7,light
437096,655,n7,light
437098,646,n7,light
437100,619,n7,light
437102,595,n7,light
437104,577,n7,light
437106,559,n7,light
437108,550,n7,light
437110,553,n7,light
437112,542,n7,light
437114,510,n7,light
437116,511,n7,light
437118,555,n7,light
437120,551,n7,light
437122,591,n7,light
437124,592,n7,light
437126,572,n7,light
437128,576,n7,light
437130,573,n7,light
437132,572,n7,light
437134,554,n7,light
437136,528,n7,light
437138,525,n7,light
437140,497,n7,light
437142,511,n7,light
437144,499,n7,light
437146,511,n7,light
437148,610,n7,light
437150,675,n7,light
437152,715,n7,light
437154,807,n7,light
437156,861,n7,light
437158,837,n7,light
437160,848,n7,light
437162,859,n7,light
437164,867,n7,light
437166,837,n7,light
437168,815,n7,light
437170,797,n7,light
437172,801,n7,light
437174,788,n7,light
437176,775,n7,light
437178,761,n7,light
437180,774,n7,light
437182,739,n7,light
437184,719,n7,light
437186,720,n7,light
437188,699,n7,light
437190,710,n7,light
437192,731,n7,light
437194,751,n7,light
437196,784,n7,light
437198,847,n7,light
437200,860,n7,light
437202,843,n7,light
437204,845,n7,light
437206,867,n7,light
437208,862,n7,light
437210,863,n7,light
437212,843,n7,light
437214,863,n7,light
437216,883,n7,light
437218,848,n7,light
437220,842,n7,light
437222,896,n7,light
437224,911,n7,light
437226,890,n7,light
437228,893,n7,light
437230,879,n7,light
437232,862,n7,light
437234,837,n7,light
437236,807,n7,light
437238,782,n7,light
437240,798,n7,light
437242,784,n7,light
437244,793,n7,light
437246,862,n7,light
437248,849,n7,light
437250,827,n7,light
437252,803,n7,light
437254,780,n7,light
437256,781,n7,light
437258,765,n7,light
437260,752,n7,light
437262,739,n7,light
437264,737,n7,light
437266,769,n7,light
437268,823,n7,light
437270,818,n7,light
437272,852,n7,light
437274,818,n7,light
437276,813,n7,light
437278,810,n7,light
437280,784,n7,light
437282,794,n7,light
437284,789,n7,light
437286,762,n7,light
437288,775,n7,light
437290,770,n7,light
437292,770,n7,light
437294,785,n7,light
437296,764,n7,light
437298,814,n7,light
437300,817,n7,light
437302,800,n7,light
437304,767,n7,light
437306,754,n7,light
437308,741,n7,light
437310,727,n7,light
437312,707,n7,light
437314,701,n7,light
437316,715,n7,light
437318,774,n7,light
437320,794,n7,light
437322,816,n7,light
437324,841,n7,light
437326,899,n7,light
437328,919,n7,light
437330,891,n7,light
437332,880,n7,light
437334,854,n7,light
437336,851,n7,light
437338,829,n7,light
437340,815,n7,light
437342,839,n7,light
437344,834,n7,light
437346,847,n7,light
437348,913,n7,light
437350,907,n7,light
437352,871,n7,light
437354,852,n7,light
437356,838,n7,light
437358,827,n7,light
437360,835,n7,light
437362,875,n7,light
437364,841,n7,light
437366,801,n7,light
437368,777,n7,light
437370,752,n7,light
437372,745,n7,light
437374,747,n7,light
437376,714,n7,light
437378,708,n7,light
437380,694,n7,light
437382,707,n7,light
437384,688,n7,light
437386,671,n7,light
437388,656,n7,light
437390,625,n7,light
437392,611,n7,light
437394,592,n7,light
437396,603,n7,light
437398,578,n7,light
437400,570,n7,light
437402,576,n7,light
437404,560,n7,light
437406,550,n7,light
437408,527,n7,light
437410,560,n7,light
437412,553,n7,light
437414,555,n7,light
437416,570,n7,light
437418,571,n7,light
437420,555,n7,light
437422,549,n7,light
437424,548,n7,light
437426,527,n7,light
437428,530,n7,light
437430,569,n7,light
437432,554,n7,light
437434,531,n7,light
437436,526,n7,light
437438,538,n7,light
437440,557,n7,light
437442,560,n7,light
437444,541,n7,light
437446,565,n7,light
437448,576,n7,light
437450,590,n7,light
437452,572,n7,light
437454,562,n7,light
437456,589,n7,light
437458,617,n7,light
437460,656,n7,light
437462,646,n7,light
437464,709,n7,light
437466,782,n7,light
437468,797,n7,light
437470,854,n7,light
437472,891,n7,light
437474,877,n7,light
437476,880,n7,light
437478,882,n7,light
437480,881,n7,light
437482,960,n7,light
437484,982,n7,light
437486,958,n7,light
437488,957,n7,light
437490,961,n7,light
437492,934,n7,light
437494,912,n7,light
437496,922,n7,light
437498,958,n7,light
437500,927,n7,light
437502,914,n7,light
437504,883,n7,light
437506,891,n7,light
437508,898,n7,light
437510,890,n7,light
437512,853,n7,light
437514,820,n7,light
437516,807,n7,light
437518,784,n7,light
437520,777,n7,light
437522,747,n7,light
437524,721,n7,light
437526,744,n7,light
437528,735,n7,light
437530,786,n7,light
437532,805,n7,light
437534,769,n7,light
437536,775,n7,light
437538,750,n7,light
437540,765,n7,light
437542,788,n7,light
437544,780,n7,light
437546,816,n7,light
437548,839,n7,light
437550,834,n7,light
437552,821,n7,light
437554,815,n7,light
437556,791,n7,light
437558,810,n7,light
437560,882,n7,light
437562,874,n7,light
437564,907,n7,light
437566,956,n7,light
437568,975,n7,light
437570,961,n7,light
437572,979,n7,light
437574,968,n7,light
437576,945,n7,light
437578,933,n7,light
437580,891,n7,light
437582,880,n7,light
437584,880,n7,light
437586,919,n7,light
437588,908,n7,light
437590,911,n7,light
437592,873,n7,light
437594,850,n7,light
437596,864,n7,light
437598,868,n7,light
437600,835,n7,light
437602,870,n7,light
437604,942,n7,light
437606,936,n7,light
437608,941,n7,light
437610,977,n7,light
437612,959,n7,light
437614,919,n7,light
437616,894,n7,light
437618,898,n7,light
437620,908,n7,light
437622,890,n7,light
437624,863,n7,light
437626,822,n7,light
437628,789,n7,light
437630,786,n7,light
437632,756,n7,light
437634,722,n7,light
437636,692,n7,light
437638,679,n7,light
437640,673,n7,light
437642,649,n7,light
437644,624,n7,light
437646,635,n7,light
437648,657,n7,light
437650,656,n7,light
437652,629,n7,light
437654,602,n7,light
437656,592,n7,light
437658,643,n7,light
437660,640,n7,light
437662,677,n7,light
437664,739,n7,light
437666,720,n7,light
437668,737,n7,light
437670,721,n7,light
437672,724,n7,light
437674,755,n7,light
437676,769,n7,light
437678,752,n7,light
437680,763,n7,light
437682,786,n7,light
437684,784,n7,light
437686,778,n7,light
437688,754,n7,light
437690,775,n7,light
437692,749,n7,light
437694,726,n7,light
437696,717,n7,light
437698,688,n7,light
437700,670,n7,light
437702,656,n7,light
437704,637,n7,light
437706,645,n7,light
437708,627,n7,light
437710,681,n7,light
437712,672,n7,light
437714,674,n7,light
437716,661,n7,light
437718,659,n7,light
437720,641,n7,light
437722,663,n7,light
437724,670,n7,light
437726,647,n7,light
437728,704,n7,light
437730,721,n7,light
437732,721,n7,light
437734,725,n7,light
437736,724,n7,light
437738,750,n7,light
437740,782,n7,light
437742,764,n7,light
437744,733,n7,light
437746,733,n7,light
437748,745,n7,light
437750,753,n7,light
437752,734,n7,light
437754,706,n7,light
437756,731,n7,light
437758,726,n7,light
437760,710,n7,light
437762,694,n7,light
437764,681,n7,light
437766,666,n7,light
437768,705,n7,light
437770,699,n7,light
437772,702,n7,light
437774,726,n7,light
437776,751,n7,light
437778,746,n7,light
437780,793,n7,light
437782,815,n7,light
437784,791,n7,light
437786,782,n7,light
437788,762,n7,light
437790,749,n7,light
437792,770,n7,light
437794,784,n7,light
437796,767,n7,light
437798,767,n7,light
437800,766,n7,light
437802,739,n7,light
437804,737,n7,light
437806,723,n7,light
437808,695,n7,light
437810,721,n7,light
437812,720,n7,light
437814,697,n7,light
437816,703,n7,light
437818,675,n7,light
437820,657,n7,light
437822,643,n7,light
437824,624,n7,light
437826,617,n7,light
437828,608,n7,light
437830,577,n7,light
437832,568,n7,light
437834,576,n7,light
437836,576,n7,light
437838,550,n7,light
437840,545,n7,light
437842,561,n7,light
437844,541,n7,light
437846,540,n7,light
437848,544,n7,light
437850,523,n7,light
437852,548,n7,light
437854,544,n7,light
437856,585,n7,light
437858,580,n7,light
437860,589,n7,light
437862,635,n7,light
437864,641,n7,light
437866,647,n7,light
437868,640,n7,light
437870,656,n7,light
437872,656,n7,light
437874,631,n7,light
437876,623,n7,light
437878,615,n7,light
437880,621,n7,light
437882,592,n7,light
437884,570,n7,light
437886,593,n7,light
437888,573,n7,light
437890,560,n7,light
437892,532,n7,light
437894,556,n7,light
437896,543,n7,light
437898,511,n7,light
437900,525,n7,light
437902,527,n7,light
437904,583,n7,light
437906,624,n7,light
437908,673,n7,light
437910,765,n7,light
437912,774,n7,light
437914,753,n7,light
437916,752,n7,light
437918,766,n7,light
437920,745,n7,light
437922,731,n7,light
437924,703,n7,light
437926,688,n7,light
437928,677,n7,light
437930,651,n7,light
437932,651,n7,light
437934,659,n7,light
437936,646,n7,light
437938,656,n7,light
437940,629,n7,light
437942,624,n7,light
437944,609,n7,light
437946,589,n7,light
437948,615,n7,light
437950,638,n7,light
437952,673,n7,light
437954,656,n7,light
437956,706,n7,light
437958,753,n7,light
437960,736,n7,light
437962,704,n7,light
437964,684,n7,light
437966,667,n7,light
437968,638,n7,light
437970,633,n7,light
437972,607,n7,light
437974,578,n7,light
437976,559,n7,light
437978,545,n7,light
437980,558,n7,light
437982,588,n7,light
437984,580,n7,light
437986,583,n7,light
437988,619,n7,light
437990,653,n7,light
437992,624,n7,light
437994,612,n7,light
437996,611,n7,light
437998,608,n7,light
438000,602,n7,light
438002,674,n7,light
438004,711,n7,light
438006,701,n7,light
438008,815,n7,light
438010,897,n7,light
438012,880,n7,light
438014,847,n7,light
438016,835,n7,light
438018,867,n7,light
438020,847,n7,light
438022,812,n7,light
438024,798,n7,light
438026,822,n7,light
438028,802,n7,light
438030,814,n7,light
438032,816,n7,light
438034,783,n7,light
438036,757,n7,light
438038,763,n7,light
438040,743,n7,light
438042,709,n7,light
438044,685,n7,light
438046,678,n7,light
438048,661,n7,light
438050,663,n7,light
438052,651,n7,light
438054,656,n7,light
438056,628,n7,light
438058,610,n7,light
438060,598,n7,light
438062,589,n7,light
438064,567,n7,light
438066,560,n7,light
438068,533,n7,light
438070,503,n7,light
438072,486,n7,light
438074,485,n7,light
438076,541,n7,light
438078,545,n7,light
438080,531,n7,light
438082,525,n7,light
438084,511,n7,light
438086,491,n7,light
438088,478,n7,light
438090,528,n7,light
438092,533,n7,light
438094,508,n7,light
438096,484,n7,light
438098,466,n7,light
438100,449,n7,light
438102,480,n7,light
438104,485,n7,light
438106,482,n7,light
438108,530,n7,light
438110,537,n7,light
438112,604,n7,light
438114,632,n7,light
438116,688,n7,light
438118,708,n7,light
438120,688,n7,light
438122,688,n7,light
438124,662,n7,light
438126,651,n7,light
438128,635,n7,light
438130,617,n7,light
438132,606,n7,light
438134,592,n7,light
438136,576,n7,light
438138,606,n7,light
438140,614,n7,light
438142,660,n7,light
438144,742,n7,light
438146,718,n7,light
438148,696,n7,light
438150,729,n7,light
438152,765,n7,light
438154,758,n7,light
438156,789,n7,light
438158,784,n7,light
438160,768,n7,light
438162,836,n7,light
438164,871,n7,light
438166,869,n7,light
438168,885,n7,light
438170,858,n7,light
438172,831,n7,light
438174,787,n7,light
438176,778,n7,light
438178,761,n7,light
438180,784,n7,light
438182,796,n7,light
438184,769,n7,light
438186,733,n7,light
438188,709,n7,light
438190,705,n7,light
438192,718,n7,light
438194,720,n7,light
438196,699,n7,light
438198,713,n7,light
438200,704,n7,light
438202,714,n7,light
438204,727,n7,light
438206,737,n7,light
438208,721,n7,light
438210,732,n7,light
438212,795,n7,light
438214,826,n7,light
438216,816,n7,light
438218,830,n7,light
438220,796,n7,light
438222,766,n7,light
438224,736,n7,light
438226,709,n7,light
438228,686,n7,light
438230,655,n7,light
438232,643,n7,light
438234,666,n7,light
438236,659,n7,light
438238,656,n7,light
438240,672,n7,light
438242,669,n7,light
438244,669,n7,light
438246,686,n7,light
438248,654,n7,light
438250,631,n7,light
438252,603,n7,light
438254,626,n7,light
438256,653,n7,light
438258,640,n7,light
438260,629,n7,light
438262,631,n7,light
438264,649,n7,light
438266,673,n7,light
438268,683,n7,light
438270,667,n7,light
438272,683,n7,light
438274,673,n7,light
438276,674,n7,light
438278,691,n7,light
438280,705,n7,light
438282,692,n7,light
438284,683,n7,light
438286,672,n7,light
438288,699,n7,light
438290,697,n7,light
438292,675,n7,light
438294,655,n7,light
438296,636,n7,light
438298,619,n7,light
438300,607,n7,light
438302,598,n7,light
438304,588,n7,light
438306,570,n7,light
438308,545,n7,light
438310,528,n7,light
438312,511,n7,light
438314,498,n7,light
438316,483,n7,light
438318,497,n7,light
438320,486,n7,light
438322,470,n7,light
438324,506,n7,light
438326,511,n7,light
438328,530,n7,light
438330,554,n7,light
438332,541,n7,light
438334,511,n7,light
438336,502,n7,light
438338,535,n7,light
438340,560,n7,light
438342,561,n7,light
438344,594,n7,light
438346,591,n7,light
438348,601,n7,light
438350,608,n7,light
438352,582,n7,light
438354,555,n7,light
438356,532,n7,light
438358,511,n7,light
438360,496,n7,light
438362,481,n7,light
438364,462,n7,light
438366,446,n7,light
438368,434,n7,light
438370,410,n7,light
438372,411,n7,light
438374,413,n7,light
438376,422,n7,light
438378,418,n7,light
438380,459,n7,light
438382,466,n7,light
438384,453,n7,light
438386,478,n7,light
438388,486,n7,light
438390,508,n7,light
438392,602,n7,light
438394,624,n7,light
438396,599,n7,light
438398,576,n7,light
438400,574,n7,light
438402,588,n7,light
438404,571,n7,light
438406,571,n7,light
438408,589,n7,light
438410,590,n7,light
438412,572,n7,light
438414,550,n7,light
438416,541,n7,light
438418,592,n7,light
438420,615,n7,light
438422,620,n7,light
438424,592,n7,light
438426,588,n7,light
438428,624,n7,light
438430,620,n7,light
438432,605,n7,light
438434,592,n7,light
438436,564,n7,light
438438,543,n7,light
438440,528,n7,light
438442,576,n7,light
438444,581,n7,light
438446,657,n7,light
438448,699,n7,light
438450,718,n7,light
438452,711,n7,light
438454,683,n7,light
438456,656,n7,light
438458,656,n7,light
438460,647,n7,light
438462,650,n7,light
438464,646,n7,light
438466,627,n7,light
438468,614,n7,light
438470,590,n7,light
438472,560,n7,light
438474,558,n7,light
438476,551,n7,light
438478,529,n7,light
438480,507,n7,light
438482,487,n7,light
438484,464,n7,light
438486,455,n7,light
438488,462,n7,light
438490,443,n7,light
438492,428,n7,light
438494,413,n7,light
438496,404,n7,light
438498,387,n7,light
438500,375,n7,light
438502,368,n7,light
438504,350,n7,light
438506,339,n7,light
438508,327,n7,light
438510,318,n7,light
438512,309,n7,light
438514,295,n7,light
438516,285,n7,light
438518,283,n7,light
438520,278,n7,light
438522,295,n7,light
438524,298,n7,light
438526,323,n7,light
438528,368,n7,light
438530,374,n7,light
438532,368,n7,light
438534,359,n7,light
438536,368,n7,light
438538,357,n7,light
438540,367,n7,light
438542,436,n7,light
438544,455,n7,light
438546,470,n7,light
438548,468,n7,light
438550,449,n7,light
438552,437,n7,light
438554,419,n7,light
438556,402,n7,light
438558,407,n7,light
438560,439,n7,light
438562,431,n7,light
438564,422,n7,light
438566,448,n7,light
438568,462,n7,light
438570,453,n7,light
438572,464,n7,light
438574,466,n7,light
438576,507,n7,light
438578,528,n7,light
438580,509,n7,light
438582,511,n7,light
438584,497,n7,light
438586,501,n7,light
438588,493,n7,light
438590,479,n7,light
438592,455,n7,light
438594,455,n7,light
438596,475,n7,light
438598,534,n7,light
438600,546,n7,light
438602,563,n7,light
438604,576,n7,light
438606,566,n7,light
438608,558,n7,light
438610,529,n7,light
438612,531,n7,light
438614,575,n7,light
438616,569,n7,light
438618,551,n7,light
438620,527,n7,light
438622,528,n7,light
438624,538,n7,light
438626,511,n7,light
438628,496,n7,light
438630,499,n7,light
438632,486,n7,light
438634,465,n7,light
438636,443,n7,light
438638,423,n7,light
438640,444,n7,light
438642,462,n7,light
438644,469,n7,light
438646,511,n7,light
438648,587,n7,light
438650,610,n7,light
438652,586,n7,light
438654,560,n7,light
438656,560,n7,light
438658,607,n7,light
438660,645,n7,light
438662,633,n7,light
438664,624,n7,light
438666,602,n7,light
438668,585,n7,light
438670,568,n7,light
438672,545,n7,light
438674,543,n7,light
438676,553,n7,light
438678,549,n7,light
438680,534,n7,light
438682,511,n7,light
438684,492,n7,light
438686,507,n7,light
438688,523,n7,light
438690,494,n7,light
438692,485,n7,light
438694,473,n7,light
438696,483,n7,light
438698,482,n7,light
438700,464,n7,light
438702,477,n7,light
438704,464,n7,light
438706,465,n7,light
438708,459,n7,light
438710,434,n7,light
438712,438,n7,light
438714,462,n7,light
438716,470,n7,light
438718,454,n7,light
438720,503,n7,light
438722,555,n7,light
438724,541,n7,light
438726,511,n7,light
438728,496,n7,light
438730,497,n7,light
438732,497,n7,light
438734,482,n7,light
438736,464,n7,light
438738,445,n7,light
438740,443,n7,light
438742,458,n7,light
438744,464,n7,light
438746,451,n7,light
438748,432,n7,light
438750,407,n7,light
438752,419,n7,light
438754,401,n7,light
438756,395,n7,light
438758,430,n7,light
438760,479,n7,light
438762,469,n7,light
438764,487,n7,light
438766,496,n7,light
438768,507,n7,light
438770,496,n7,light
438772,477,n7,light
438774,463,n7,light
438776,458,n7,light
438778,458,n7,light
438780,461,n7,light
438782,436,n7,light
438784,419,n7,light
438786,401,n7,light
438788,382,n7,light
438790,371,n7,light
438792,369,n7,light
438794,358,n7,light
438796,410,n7,light
438798,426,n7,light
438800,464,n7,light
438802,465,n7,light
438804,464,n7,light
438806,465,n7,light
438808,471,n7,light
438810,464,n7,light
438812,544,n7,light
438814,603,n7,light
438816,599,n7,light
438818,630,n7,light
438820,624,n7,light
438822,637,n7,light
438824,634,n7,light
438826,615,n7,light
438828,596,n7,light
438830,579,n7,light
438832,574,n7,light
438834,598,n7,light
438836,601,n7,light
438838,624,n7,light
438840,622,n7,light
438842,621,n7,light
438844,602,n7,light
438846,607,n7,light
438848,595,n7,light
438850,575,n7,light
438852,592,n7,light
438854,610,n7,light
438856,608,n7,light
438858,640,n7,light
438860,659,n7,light
438862,654,n7,light
438864,701,n7,light
438866,711,n7,light
438868,709,n7,light
438870,695,n7,light
438872,694,n7,light
438874,677,n7,light
438876,657,n7,light
438878,693,n7,light
438880,721,n7,light
438882,717,n7,light
438884,721,n7,light
438886,753,n7,light
438888,761,n7,light
438890,729,n7,light
438892,704,n7,light
438894,681,n7,light
438896,673,n7,light
438898,694,n7,light
438900,682,n7,light
438902,659,n7,light
438904,647,n7,light
438906,624,n7,light
438908,618,n7,light
438910,622,n7,light
438912,620,n7,light
438914,613,n7,light
438916,592,n7,light
438918,572,n7,light
438920,556,n7,light
438922,532,n7,light
438924,528,n7,light
438926,507,n7,light
438928,491,n7,light
438930,480,n7,light
438932,475,n7,light
438934,528,n7,light
438936,529,n7,light
438938,574,n7,light
438940,581,n7,light
438942,560,n7,light
438944,562,n7,light
438946,575,n7,light
438948,587,n7,light
438950,619,n7,light
438952,635,n7,light
438954,635,n7,light
438956,611,n7,light
438958,641,n7,light
438960,673,n7,light
438962,641,n7,light
438964,619,n7,light
438966,603,n7,light
438968,576,n7,light
438970,551,n7,light
438972,530,n7,light
438974,534,n7,light
438976,525,n7,light
438978,528,n7,light
438980,511,n7,light
438982,496,n7,light
438984,501,n7,light
438986,503,n7,light
438988,498,n7,light
438990,560,n7,light
438992,558,n7,light
438994,542,n7,light
438996,528,n7,light
438998,560,n7,light
439000,603,n7,light
439002,645,n7,light
439004,691,n7,light
439006,735,n7,light
439008,720,n7,light
439010,707,n7,light
439012,677,n7,light
439014,651,n7,light
439016,631,n7,light
439018,627,n7,light
439020,611,n7,light
439022,587,n7,light
439024,562,n7,light
439026,545,n7,light
439028,527,n7,light
439030,528,n7,light
439032,542,n7,light
439034,525,n7,light
439036,511,n7,light
439038,501,n7,light
439040,529,n7,light
439042,535,n7,light
439044,560,n7,light
439046,570,n7,light
439048,563,n7,light
439050,565,n7,light
439052,543,n7,light
439054,535,n7,light
439056,557,n7,light
439058,563,n7,light
439060,563,n7,light
439062,606,n7,light
439064,625,n7,light
439066,655,n7,light
439068,641,n7,light
439070,671,n7,light
439072,696,n7,light
439074,685,n7,light
439076,656,n7,light
439078,658,n7,light
439080,684,n7,light
439082,663,n7,light
439084,653,n7,light
439086,638,n7,light
439088,621,n7,light
439090,592,n7,light
439092,571,n7,light
439094,561,n7,light
439096,544,n7,light
439098,511,n7,light
439100,491,n7,light
439102,511,n7,light
439104,565,n7,light
439106,563,n7,light
439108,575,n7,light
439110,623,n7,light
439112,624,n7,light
439114,594,n7,light
439116,579,n7,light
439118,558,n7,light
439120,530,n7,light
439122,503,n7,light
439124,484,n7,light
439126,469,n7,light
439128,448,n7,light
439130,434,n7,light
439132,478,n7,light
439134,553,n7,light
439136,565,n7,light
439138,622,n7,light
439140,595,n7,light
439142,579,n7,light
439144,587,n7,light
439146,562,n7,light
439148,537,n7,light
439150,549,n7,light
439152,541,n7,light
439154,560,n7,light
439156,550,n7,light
439158,528,n7,light
439160,506,n7,light
439162,523,n7,light
439164,531,n7,light
439166,524,n7,light
439168,506,n7,light
439170,523,n7,light
439172,529,n7,light
439174,569,n7,light
439176,642,n7,light
439178,627,n7,light
439180,641,n7,light
439182,690,n7,light
439184,687,n7,light
439186,674,n7,light
439188,695,n7,light
439190,699,n7,light
439192,691,n7,light
439194,701,n7,light
439196,704,n7,light
439198,730,n7,light
439200,707,n7,light
439202,682,n7,light
