t_ms,raw,subject,gesture
628970,0,s1,rest
628980,0,s1,rest
628990,0,s1,rest
629000,0,s1,rest
629010,0,s1,rest
629020,0,s1,rest
629030,0,s1,rest
629040,0,s1,rest
629050,0,s1,rest
629060,0,s1,rest
629070,0,s1,rest
629080,0,s1,rest
629090,0,s1,rest
629100,0,s1,rest
629110,0,s1,rest
629120,0,s1,rest
629130,0,s1,rest
629140,0,s1,rest
629150,0,s1,rest
629160,0,s1,rest
629170,0,s1,rest
629180,0,s1,rest
629190,0,s1,rest
629200,0,s1,rest
629210,0,s1,rest
629220,0,s1,rest
629230,0,s1,rest
629240,0,s1,rest
629250,0,s1,rest
629260,0,s1,rest
629270,0,s1,rest
629280,0,s1,rest
629290,0,s1,rest
629300,0,s1,rest
629310,0,s1,rest
629320,0,s1,rest
629330,0,s1,rest
629340,0,s1,rest
629350,0,s1,rest
629360,0,s1,rest
629370,0,s1,rest
629380,0,s1,rest
629390,0,s1,rest
629400,0,s1,rest
629410,0,s1,rest
629420,0,s1,rest
629430,0,s1,rest
629440,0,s1,rest
629450,0,s1,rest
629460,0,s1,rest
629470,0,s1,rest
629480,0,s1,rest
629490,0,s1,rest
629500,0,s1,rest
629510,0,s1,rest
629520,0,s1,rest
629530,0,s1,rest
629540,0,s1,rest
629550,0,s1,rest
629560,0,s1,rest
629570,0,s1,rest
629580,0,s1,rest
629590,0,s1,rest
629600,0,s1,rest
629610,0,s1,rest
629620,0,s1,rest
629630,0,s1,rest
629640,0,s1,rest
629650,0,s1,rest
629660,0,s1,rest
629670,0,s1,rest
629680,0,s1,rest
629690,0,s1,rest
629700,0,s1,rest
629710,0,s1,rest
629720,0,s1,rest
629730,0,s1,rest
629740,0,s1,rest
629750,0,s1,rest
629760,0,s1,rest
629770,0,s1,rest
629780,0,s1,rest
629790,0,s1,rest
629800,0,s1,rest
629810,0,s1,rest
629820,0,s1,rest
629830,0,s1,rest
629840,0,s1,rest
629850,0,s1,rest
629860,0,s1,rest
629870,0,s1,rest
629880,0,s1,rest
629890,0,s1,rest
629900,0,s1,rest
629910,0,s1,rest
629920,0,s1,rest
629930,0,s1,rest
629940,0,s1,rest
629950,0,s1,rest
629960,0,s1,rest
629970,0,s1,rest
629980,0,s1,rest
629990,0,s1,rest
630000,0,s1,rest
630010,0,s1,rest
630020,0,s1,rest
630030,0,s1,rest
630040,0,s1,rest
630050,0,s1,rest
630060,0,s1,rest
630070,0,s1,rest
630080,0,s1,rest
630090,0,s1,rest
630100,0,s1,rest
630110,0,s1,rest
630120,0,s1,rest
630130,0,s1,rest
630140,0,s1,rest
630150,0,s1,rest
630160,0,s1,rest
630170,0,s1,rest
630180,0,s1,rest
630190,0,s1,rest
630200,0,s1,rest
630210,0,s1,rest
630220,0,s1,rest
630230,0,s1,rest
630240,0,s1,rest
630250,0,s1,rest
630260,0,s1,rest
630270,0,s1,rest
630280,0,s1,rest
630290,0,s1,rest
630300,0,s1,rest
630310,0,s1,rest
630320,0,s1,rest
630330,0,s1,rest
630340,0,s1,rest
630350,0,s1,rest
630360,0,s1,rest
630370,0,s1,rest
630380,0,s1,rest
630390,0,s1,rest
630400,0,s1,rest
630410,0,s1,rest
630420,0,s1,rest
630430,0,s1,rest
630440,0,s1,rest
630450,0,s1,rest
630460,0,s1,rest
630470,0,s1,rest
630480,0,s1,rest
630490,0,s1,rest
630500,0,s1,rest
630510,0,s1,rest
630520,0,s1,rest
630530,0,s1,rest
630540,0,s1,rest
630550,0,s1,rest
630560,0,s1,rest
630570,0,s1,rest
630580,0,s1,rest
630590,0,s1,rest
630600,0,s1,rest
630610,0,s1,rest
630620,0,s1,rest
630630,0,s1,rest
630640,0,s1,rest
630650,0,s1,rest
630660,0,s1,rest
630670,0,s1,rest
630680,0,s1,rest
630690,0,s1,rest
630700,0,s1,rest
630710,0,s1,rest
630720,0,s1,rest
630730,0,s1,rest
630740,0,s1,rest
630750,0,s1,rest
630760,0,s1,rest
630770,0,s1,rest
630780,0,s1,rest
630790,0,s1,rest
630800,0,s1,rest
630810,0,s1,rest
630820,0,s1,rest
630830,0,s1,rest
630840,0,s1,rest
630850,0,s1,rest
630860,0,s1,rest
630870,0,s1,rest
630880,0,s1,rest
630890,0,s1,rest
630900,0,s1,rest
630910,0,s1,rest
630920,0,s1,rest
630930,0,s1,rest
630940,0,s1,rest
630950,0,s1,rest
630960,0,s1,rest
630970,0,s1,rest
630980,0,s1,rest
630990,0,s1,rest
631000,0,s1,rest
631010,0,s1,rest
631020,0,s1,rest
631030,0,s1,rest
631040,0,s1,rest
631050,0,s1,rest
631060,0,s1,rest
631070,0,s1,rest
631080,0,s1,rest
631090,0,s1,rest
631100,0,s1,rest
631110,0,s1,rest
631120,0,s1,rest
631130,0,s1,rest
631140,0,s1,rest
631150,0,s1,rest
631160,0,s1,rest
631170,0,s1,rest
631180,0,s1,rest
631190,0,s1,rest
631200,0,s1,rest
631210,0,s1,rest
631220,0,s1,rest
631230,0,s1,rest
631240,0,s1,rest
631250,0,s1,rest
631260,0,s1,rest
631270,0,s1,rest
631280,0,s1,rest
631290,0,s1,rest
631300,0,s1,rest
631310,0,s1,rest
631320,0,s1,rest
631330,0,s1,rest
631340,0,s1,rest
631350,0,s1,rest
631360,0,s1,rest
631370,0,s1,rest
631380,0,s1,rest
631390,0,s1,rest
631400,0,s1,rest
631410,0,s1,rest
631420,0,s1,rest
631430,0,s1,rest
631440,0,s1,rest
631450,0,s1,rest
631460,0,s1,rest
631470,0,s1,rest
631480,0,s1,rest
631490,0,s1,rest
631500,0,s1,rest
631510,0,s1,rest
631520,0,s1,rest
631530,0,s1,rest
631540,0,s1,rest
631550,0,s1,rest
631560,0,s1,rest
631570,0,s1,rest
631580,0,s1,rest
631590,0,s1,rest
631600,0,s1,rest
631610,0,s1,rest
631620,0,s1,rest
631630,0,s1,rest
631640,0,s1,rest
631650,0,s1,rest
631660,0,s1,rest
631670,0,s1,rest
631680,0,s1,rest
631690,0,s1,rest
631700,0,s1,rest
631710,0,s1,rest
631720,0,s1,rest
631730,0,s1,rest
631740,0,s1,rest
631750,0,s1,rest
631760,0,s1,rest
631770,0,s1,rest
631780,0,s1,rest
631790,0,s1,rest
631800,0,s1,rest
631810,0,s1,rest
631820,0,s1,rest
631830,0,s1,rest
631840,0,s1,rest
631850,0,s1,rest
631860,0,s1,rest
631870,0,s1,rest
631880,0,s1,rest
631890,0,s1,rest
631900,0,s1,rest
631910,0,s1,rest
631920,0,s1,rest
631930,0,s1,rest
631940,0,s1,rest
631950,0,s1,rest
631960,0,s1,rest
631970,0,s1,rest
631980,0,s1,rest
631990,0,s1,rest
632000,0,s1,rest
632010,0,s1,rest
632020,0,s1,rest
632030,0,s1,rest
632040,0,s1,rest
632050,0,s1,rest
632060,0,s1,rest
632070,0,s1,rest
632080,0,s1,rest
632090,0,s1,rest
632100,0,s1,rest
632110,0,s1,rest
632120,0,s1,rest
632130,0,s1,rest
632140,0,s1,rest
632150,0,s1,rest
632160,0,s1,rest
632170,0,s1,rest
632180,0,s1,rest
632190,0,s1,rest
632200,0,s1,rest
632210,0,s1,rest
632220,0,s1,rest
632230,0,s1,rest
632240,0,s1,rest
632250,0,s1,rest
632260,0,s1,rest
632270,0,s1,rest
632280,0,s1,rest
632290,0,s1,rest
632300,0,s1,rest
632310,0,s1,rest
632320,0,s1,rest
632330,0,s1,rest
632340,0,s1,rest
632350,0,s1,rest
632360,0,s1,rest
632370,0,s1,rest
632380,0,s1,rest
632390,0,s1,rest
632400,0,s1,rest
632410,0,s1,rest
632420,0,s1,rest
632430,0,s1,rest
632440,0,s1,rest
632450,0,s1,rest
632460,0,s1,rest
632470,0,s1,rest
632480,0,s1,rest
632490,0,s1,rest
632500,0,s1,rest
632510,0,s1,rest
632520,0,s1,rest
632530,0,s1,rest
632540,0,s1,rest
632550,0,s1,rest
632560,0,s1,rest
632570,0,s1,rest
632580,0,s1,rest
632590,0,s1,rest
632600,0,s1,rest
632610,0,s1,rest
632620,0,s1,rest
632630,0,s1,rest
632640,0,s1,rest
632650,0,s1,rest
632660,0,s1,rest
632670,0,s1,rest
632680,0,s1,rest
632690,0,s1,rest
632700,0,s1,rest
632710,0,s1,rest
632720,0,s1,rest
632730,0,s1,rest
632740,0,s1,rest
632750,0,s1,rest
632760,0,s1,rest
632770,0,s1,rest
632780,0,s1,rest
632790,0,s1,rest
632800,0,s1,rest
632810,0,s1,rest
632820,0,s1,rest
632830,0,s1,rest
632840,0,s1,rest
632850,0,s1,rest
632860,0,s1,rest
632870,0,s1,rest
632880,0,s1,rest
632890,0,s1,rest
632900,0,s1,rest
632910,0,s1,rest
632920,0,s1,rest
632930,0,s1,rest
632940,0,s1,rest
632950,0,s1,rest
632960,0,s1,rest
632970,0,s1,rest
632980,0,s1,rest
632990,0,s1,rest
633000,0,s1,rest
633010,0,s1,rest
633020,0,s1,rest
633030,0,s1,rest
633040,0,s1,rest
633050,0,s1,rest
633060,0,s1,rest
633070,0,s1,rest
633080,0,s1,rest
633090,0,s1,rest
633100,0,s1,rest
633110,0,s1,rest
633120,0,s1,rest
633130,0,s1,rest
633140,0,s1,rest
633150,0,s1,rest
633160,0,s1,rest
633170,0,s1,rest
633180,0,s1,rest
633190,0,s1,rest
633200,0,s1,rest
633210,0,s1,rest
633220,0,s1,rest
633230,0,s1,rest
633240,0,s1,rest
633250,0,s1,rest
633260,0,s1,rest
633270,0,s1,rest
633280,0,s1,rest
633290,0,s1,rest
633300,0,s1,rest
633310,0,s1,rest
633320,0,s1,rest
633330,0,s1,rest
633340,0,s1,rest
633350,0,s1,rest
633360,0,s1,rest
633370,0,s1,rest
633380,0,s1,rest
633390,0,s1,rest
633400,0,s1,rest
633410,0,s1,rest
633420,0,s1,rest
633430,0,s1,rest
633440,0,s1,rest
633450,0,s1,rest
633460,0,s1,rest
633470,0,s1,rest
633480,0,s1,rest
633490,0,s1,rest
633500,0,s1,rest
633510,0,s1,rest
633520,0,s1,rest
633530,0,s1,rest
633540,0,s1,rest
633550,0,s1,rest
633560,0,s1,rest
633570,0,s1,rest
633580,0,s1,rest
633590,0,s1,rest
633600,0,s1,rest
633610,0,s1,rest
633620,0,s1,rest
633630,0,s1,rest
633640,0,s1,rest
633650,0,s1,rest
633660,0,s1,rest
633670,0,s1,rest
633680,0,s1,rest
633690,0,s1,rest
633700,0,s1,rest
633710,0,s1,rest
633720,0,s1,rest
633730,0,s1,rest
633740,0,s1,rest
633750,0,s1,rest
633760,0,s1,rest
633770,0,s1,rest
633780,0,s1,rest
633790,0,s1,rest
633800,0,s1,rest
633810,0,s1,rest
633820,0,s1,rest
633830,0,s1,rest
633840,0,s1,rest
633850,0,s1,rest
633860,0,s1,rest
633870,0,s1,rest
633880,0,s1,rest
633890,0,s1,rest
633900,0,s1,rest
633910,0,s1,rest
633920,0,s1,rest
633930,0,s1,rest
633940,0,s1,rest
633950,0,s1,rest
633960,0,s1,rest
633970,0,s1,rest
633980,0,s1,rest
633990,0,s1,rest
634000,0,s1,rest
634010,0,s1,rest
634020,0,s1,rest
634030,0,s1,rest
634040,0,s1,rest
634050,0,s1,rest
634060,0,s1,rest
634070,0,s1,rest
634080,0,s1,rest
634090,0,s1,rest
634100,0,s1,rest
634110,0,s1,rest
634120,0,s1,rest
634130,0,s1,rest
634140,0,s1,rest
634150,0,s1,rest
634160,0,s1,rest
634170,0,s1,rest
634180,0,s1,rest
634190,0,s1,rest
634200,0,s1,rest
634210,0,s1,rest
634220,0,s1,rest
634230,0,s1,rest
634240,0,s1,rest
634250,0,s1,rest
634260,0,s1,rest
634270,0,s1,rest
634280,0,s1,rest
634290,0,s1,rest
634300,0,s1,rest
634310,0,s1,rest
634320,0,s1,rest
634330,0,s1,rest
634340,0,s1,rest
634350,0,s1,rest
634360,0,s1,rest
634370,0,s1,rest
634380,0,s1,rest
634390,0,s1,rest
634400,0,s1,rest
634410,0,s1,rest
634420,0,s1,rest
634430,0,s1,rest
634440,0,s1,rest
634450,0,s1,rest
634460,0,s1,rest
634470,0,s1,rest
634480,0,s1,rest
634490,0,s1,rest
634500,0,s1,rest
634510,0,s1,rest
634520,0,s1,rest
634530,0,s1,rest
634540,0,s1,rest
634550,0,s1,rest
634560,0,s1,rest
634570,0,s1,rest
634580,0,s1,rest
634590,0,s1,rest
634600,0,s1,rest
634610,0,s1,rest
634620,0,s1,rest
634630,0,s1,rest
634640,0,s1,rest
634650,0,s1,rest
634660,0,s1,rest
634670,0,s1,rest
634680,0,s1,rest
634690,0,s1,rest
634700,0,s1,rest
634710,0,s1,rest
634720,0,s1,rest
634730,0,s1,rest
634740,0,s1,rest
634750,0,s1,rest
634760,0,s1,rest
634770,0,s1,rest
634780,0,s1,rest
634790,0,s1,rest
634800,0,s1,rest
634810,0,s1,rest
634820,0,s1,rest
634830,0,s1,rest
634840,0,s1,rest
634850,0,s1,rest
634860,0,s1,rest
634870,0,s1,rest
634880,0,s1,rest
634890,0,s1,rest
634900,0,s1,rest
634910,0,s1,rest
634920,0,s1,rest
634930,0,s1,rest
634940,0,s1,rest
634950,0,s1,rest
634960,0,s1,rest
634970,0,s1,rest
634980,0,s1,rest
634990,0,s1,rest
635000,0,s1,rest
635010,0,s1,rest
635020,0,s1,rest
635030,0,s1,rest
635040,0,s1,rest
635050,0,s1,rest
635060,0,s1,rest
635070,0,s1,rest
635080,0,s1,rest
635090,0,s1,rest
635100,0,s1,rest
635110,0,s1,rest
635120,0,s1,rest
635130,0,s1,rest
635140,0,s1,rest
635150,0,s1,rest
635160,0,s1,rest
635170,0,s1,rest
635180,0,s1,rest
635190,0,s1,rest
635200,0,s1,rest
635210,0,s1,rest
635220,0,s1,rest
635230,0,s1,rest
635240,0,s1,rest
635250,0,s1,rest
635260,0,s1,rest
635270,9,s1,rest
635280,0,s1,rest
635290,0,s1,rest
635300,0,s1,rest
635310,0,s1,rest
635320,2,s1,rest
635330,0,s1,rest
635340,0,s1,rest
635350,0,s1,rest
635360,0,s1,rest
635370,34,s1,rest
635380,0,s1,rest
635390,0,s1,rest
635400,0,s1,rest
635410,0,s1,rest
635420,0,s1,rest
635430,0,s1,rest
635440,0,s1,rest
635450,0,s1,rest
635460,0,s1,rest
635470,0,s1,rest
635480,0,s1,rest
635490,0,s1,rest
635500,0,s1,rest
635510,0,s1,rest
635520,0,s1,rest
635530,0,s1,rest
635540,0,s1,rest
635550,0,s1,rest
635560,0,s1,rest
635570,0,s1,rest
635580,0,s1,rest
635590,0,s1,rest
635600,0,s1,rest
635610,0,s1,rest
635620,0,s1,rest
635630,0,s1,rest
635640,0,s1,rest
635650,0,s1,rest
635660,0,s1,rest
635670,0,s1,rest
635680,0,s1,rest
635690,0,s1,rest
635700,0,s1,rest
635710,0,s1,rest
635720,0,s1,rest
635730,0,s1,rest
635740,0,s1,rest
635750,0,s1,rest
635760,0,s1,rest
635770,0,s1,rest
635780,0,s1,rest
635790,0,s1,rest
635800,0,s1,rest
635810,0,s1,rest
635820,0,s1,rest
635830,0,s1,rest
635840,0,s1,rest
635850,0,s1,rest
635860,0,s1,rest
635870,0,s1,rest
635880,0,s1,rest
635890,0,s1,rest
635900,0,s1,rest
635910,0,s1,rest
635920,0,s1,rest
635930,0,s1,rest
635940,0,s1,rest
635950,0,s1,rest
635960,0,s1,rest
635970,0,s1,rest
635980,0,s1,rest
635990,0,s1,rest
636000,0,s1,rest
636010,0,s1,rest
636020,0,s1,rest
636030,0,s1,rest
636040,0,s1,rest
636050,0,s1,rest
636060,0,s1,rest
636070,0,s1,rest
636080,0,s1,rest
636090,0,s1,rest
636100,0,s1,rest
636110,0,s1,rest
636120,0,s1,rest
636130,0,s1,rest
636140,0,s1,rest
636150,0,s1,rest
636160,0,s1,rest
636170,0,s1,rest
636180,0,s1,rest
636190,0,s1,rest
636200,0,s1,rest
636210,0,s1,rest
636220,0,s1,rest
636230,0,s1,rest
636240,0,s1,rest
636250,0,s1,rest
636260,0,s1,rest
636270,0,s1,rest
636280,0,s1,rest
636290,0,s1,rest
636300,0,s1,rest
636310,0,s1,rest
636320,0,s1,rest
636330,0,s1,rest
636340,0,s1,rest
636350,0,s1,rest
636360,0,s1,rest
636370,0,s1,rest
636380,0,s1,rest
636390,0,s1,rest
636400,0,s1,rest
636410,0,s1,rest
636420,0,s1,rest
636430,0,s1,rest
636440,0,s1,rest
636450,0,s1,rest
636460,0,s1,rest
636470,0,s1,rest
636480,0,s1,rest
636490,0,s1,rest
636500,0,s1,rest
636510,0,s1,rest
636520,0,s1,rest
636530,0,s1,rest
636540,0,s1,rest
636550,0,s1,rest
636560,0,s1,rest
636570,0,s1,rest
636580,0,s1,rest
636590,0,s1,rest
636600,0,s1,rest
636610,0,s1,rest
636620,0,s1,rest
636630,0,s1,rest
636640,0,s1,rest
636650,0,s1,rest
636660,0,s1,rest
636670,0,s1,rest
636680,0,s1,rest
636690,0,s1,rest
636700,0,s1,rest
636710,0,s1,rest
636720,0,s1,rest
636730,0,s1,rest
636740,0,s1,rest
636750,0,s1,rest
636760,0,s1,rest
636770,0,s1,rest
636780,0,s1,rest
636790,0,s1,rest
636800,0,s1,rest
636810,0,s1,rest
636820,0,s1,rest
636830,0,s1,rest
636840,0,s1,rest
636850,0,s1,rest
636860,0,s1,rest
636870,0,s1,rest
636880,0,s1,rest
636890,0,s1,rest
636900,0,s1,rest
636910,0,s1,rest
636920,0,s1,rest
636930,0,s1,rest
636940,0,s1,rest
636950,0,s1,rest
636960,0,s1,rest
636970,0,s1,rest
636980,0,s1,rest
636990,0,s1,rest
637000,0,s1,rest
637010,0,s1,rest
637020,0,s1,rest
637030,0,s1,rest
637040,0,s1,rest
637050,0,s1,rest
637060,0,s1,rest
637070,0,s1,rest
637080,0,s1,rest
637090,0,s1,rest
637100,0,s1,rest
637110,0,s1,rest
637120,0,s1,rest
637130,0,s1,rest
637140,0,s1,rest
637150,0,s1,rest
637160,0,s1,rest
637170,0,s1,rest
637180,0,s1,rest
637190,0,s1,rest
637200,0,s1,rest
637210,0,s1,rest
637220,0,s1,rest
637230,0,s1,rest
637240,0,s1,rest
637250,0,s1,rest
637260,0,s1,rest
637270,0,s1,rest
637280,0,s1,rest
637290,0,s1,rest
637300,0,s1,rest
637310,0,s1,rest
637320,0,s1,rest
637330,0,s1,rest
637340,0,s1,rest
637350,0,s1,rest
637360,0,s1,rest
637370,0,s1,rest
637380,0,s1,rest
637390,0,s1,rest
637400,0,s1,rest
637410,0,s1,rest
637420,0,s1,rest
637430,0,s1,rest
637440,0,s1,rest
637450,0,s1,rest
637460,0,s1,rest
637470,0,s1,rest
637480,0,s1,rest
637490,0,s1,rest
637500,0,s1,rest
637510,0,s1,rest
637520,0,s1,rest
637530,0,s1,rest
637540,0,s1,rest
637550,0,s1,rest
637560,0,s1,rest
637570,13,s1,rest
637580,0,s1,rest
637590,0,s1,rest
637600,0,s1,rest
637610,0,s1,rest
637620,0,s1,rest
637630,0,s1,rest
637640,0,s1,rest
637650,0,s1,rest
637660,0,s1,rest
637670,0,s1,rest
637680,0,s1,rest
637690,0,s1,rest
637700,0,s1,rest
637710,0,s1,rest
637720,0,s1,rest
637730,0,s1,rest
637740,0,s1,rest
637750,0,s1,rest
637760,0,s1,rest
637770,0,s1,rest
637780,0,s1,rest
637790,0,s1,rest
637800,0,s1,rest
637810,0,s1,rest
637820,0,s1,rest
637830,0,s1,rest
637840,0,s1,rest
637850,0,s1,rest
637860,0,s1,rest
637870,0,s1,rest
637880,0,s1,rest
637890,0,s1,rest
637900,0,s1,rest
637910,0,s1,rest
637920,0,s1,rest
637930,0,s1,rest
637940,0,s1,rest
637950,0,s1,rest
637960,0,s1,rest
637970,0,s1,rest
637980,0,s1,rest
637990,0,s1,rest
638000,0,s1,rest
638010,0,s1,rest
638020,0,s1,rest
638030,0,s1,rest
638040,0,s1,rest
638050,0,s1,rest
638060,0,s1,rest
638070,0,s1,rest
638080,0,s1,rest
638090,0,s1,rest
638100,0,s1,rest
638110,0,s1,rest
638120,0,s1,rest
638130,0,s1,rest
638140,0,s1,rest
638150,0,s1,rest
638160,0,s1,rest
638170,0,s1,rest
638180,0,s1,rest
638190,0,s1,rest
638200,0,s1,rest
638210,0,s1,rest
638220,0,s1,rest
638230,0,s1,rest
638240,0,s1,rest
638250,0,s1,rest
638260,0,s1,rest
638270,0,s1,rest
638280,0,s1,rest
638290,0,s1,rest
638300,0,s1,rest
638310,0,s1,rest
638320,0,s1,rest
638330,0,s1,rest
638340,0,s1,rest
638350,0,s1,rest
638360,0,s1,rest
638370,0,s1,rest
638380,0,s1,rest
638390,0,s1,rest
638400,0,s1,rest
638410,0,s1,rest
638420,0,s1,rest
638430,0,s1,rest
638440,0,s1,rest
638450,0,s1,rest
638460,0,s1,rest
638470,0,s1,rest
638480,0,s1,rest
638490,0,s1,rest
638500,0,s1,rest
638510,0,s1,rest
638520,0,s1,rest
638530,0,s1,rest
638540,0,s1,rest
638550,0,s1,rest
638560,0,s1,rest
638570,0,s1,rest
638580,0,s1,rest
638590,0,s1,rest
638600,0,s1,rest
638610,0,s1,rest
638620,0,s1,rest
638630,0,s1,rest
638640,0,s1,rest
638650,0,s1,rest
638660,0,s1,rest
638670,0,s1,rest
638680,0,s1,rest
638690,0,s1,rest
638700,0,s1,rest
638710,0,s1,rest
638720,0,s1,rest
638730,0,s1,rest
638740,0,s1,rest
638750,0,s1,rest
638760,0,s1,rest
638770,0,s1,rest
638780,0,s1,rest
638790,0,s1,rest
638800,0,s1,rest
638810,0,s1,rest
638820,0,s1,rest
638830,0,s1,rest
638840,0,s1,rest
638850,0,s1,rest
638860,0,s1,rest
638870,0,s1,rest
638880,0,s1,rest
638890,0,s1,rest
638900,0,s1,rest
638910,0,s1,rest
638920,0,s1,rest
638930,0,s1,rest
638940,0,s1,rest
638950,0,s1,rest
638960,0,s1,rest
638970,0,s1,rest
638980,0,s1,rest
638990,0,s1,rest
639000,0,s1,rest
639010,0,s1,rest
639020,0,s1,rest
639030,0,s1,rest
639040,0,s1,rest
639050,0,s1,rest
639060,0,s1,rest
639070,0,s1,rest
639080,0,s1,rest
639090,0,s1,rest
639100,0,s1,rest
639110,0,s1,rest
639120,0,s1,rest
639130,0,s1,rest
639140,0,s1,rest
639150,0,s1,rest
639160,0,s1,rest
639170,0,s1,rest
639180,0,s1,rest
639190,0,s1,rest
639200,0,s1,rest
639210,0,s1,rest
639220,0,s1,rest
639230,0,s1,rest
639240,0,s1,rest
639250,0,s1,rest
639260,0,s1,rest
639270,0,s1,rest
639280,0,s1,rest
639290,0,s1,rest
639300,0,s1,rest
639310,0,s1,rest
639320,0,s1,rest
639330,0,s1,rest
639340,0,s1,rest
639350,0,s1,rest
639360,0,s1,rest
639370,0,s1,rest
639380,0,s1,rest
639390,0,s1,rest
639400,0,s1,rest
639410,0,s1,rest
639420,0,s1,rest
639430,0,s1,rest
639440,0,s1,rest
639450,0,s1,rest
639460,0,s1,rest
639470,0,s1,rest
639480,0,s1,rest
639490,0,s1,rest
639500,0,s1,rest
639510,0,s1,rest
639520,0,s1,rest
639530,0,s1,rest
639540,0,s1,rest
639550,0,s1,rest
639560,0,s1,rest
639570,0,s1,rest
639580,0,s1,rest
639590,0,s1,rest
639600,0,s1,rest
639610,0,s1,rest
639620,0,s1,rest
639630,0,s1,rest
639640,0,s1,rest
639650,0,s1,rest
639660,0,s1,rest
639670,0,s1,rest
639680,0,s1,rest
639690,0,s1,rest
639700,0,s1,rest
639710,0,s1,rest
639720,0,s1,rest
639730,0,s1,rest
639740,0,s1,rest
639750,0,s1,rest
639760,0,s1,rest
639770,0,s1,rest
639780,0,s1,rest
639790,0,s1,rest
639800,0,s1,rest
639810,0,s1,rest
639820,0,s1,rest
639830,0,s1,rest
639840,0,s1,rest
639850,0,s1,rest
639860,0,s1,rest
639870,0,s1,rest
639880,0,s1,rest
639890,0,s1,rest
639900,0,s1,rest
639910,0,s1,rest
639920,0,s1,rest
639930,0,s1,rest
639940,0,s1,rest
639950,0,s1,rest
639960,0,s1,rest
639970,0,s1,rest
639980,0,s1,rest
639990,0,s1,rest
640000,0,s1,rest
640010,0,s1,rest
640020,0,s1,rest
640030,0,s1,rest
640040,0,s1,rest
640050,0,s1,rest
640060,0,s1,rest
640070,0,s1,rest
640080,0,s1,rest
640090,0,s1,rest
640100,0,s1,rest
640110,0,s1,rest
640120,0,s1,rest
640130,0,s1,rest
640140,0,s1,rest
640150,0,s1,rest
640160,0,s1,rest
640170,0,s1,rest
640180,0,s1,rest
640190,0,s1,rest
640200,0,s1,rest
640210,0,s1,rest
640220,0,s1,rest
640230,0,s1,rest
640240,0,s1,rest
640250,0,s1,rest
640260,0,s1,rest
640270,0,s1,rest
640280,0,s1,rest
640290,0,s1,rest
640300,0,s1,rest
640310,0,s1,rest
640320,0,s1,rest
640330,0,s1,rest
640340,0,s1,rest
640350,0,s1,rest
640360,0,s1,rest
640370,0,s1,rest
640380,0,s1,rest
640390,0,s1,rest
640400,0,s1,rest
640410,0,s1,rest
640420,0,s1,rest
640430,0,s1,rest
640440,0,s1,rest
640450,0,s1,rest
640460,0,s1,rest
640470,0,s1,rest
640480,0,s1,rest
640490,0,s1,rest
640500,0,s1,rest
640510,0,s1,rest
640520,0,s1,rest
640530,0,s1,rest
640540,0,s1,rest
640550,0,s1,rest
640560,0,s1,rest
640570,0,s1,rest
640580,0,s1,rest
640590,0,s1,rest
640600,0,s1,rest
640610,0,s1,rest
640620,0,s1,rest
640630,0,s1,rest
640640,0,s1,rest
640650,0,s1,rest
640660,0,s1,rest
640670,0,s1,rest
640680,0,s1,rest
640690,0,s1,rest
640700,0,s1,rest
640710,0,s1,rest
640720,0,s1,rest
640730,0,s1,rest
640740,0,s1,rest
640750,0,s1,rest
640760,0,s1,rest
640770,0,s1,rest
640780,0,s1,rest
640790,0,s1,rest
640800,0,s1,rest
640810,0,s1,rest
640820,0,s1,rest
640830,0,s1,rest
640840,0,s1,rest
640850,0,s1,rest
640860,0,s1,rest
640870,0,s1,rest
640880,0,s1,rest
640890,0,s1,rest
640900,0,s1,rest
640910,0,s1,rest
640920,0,s1,rest
640930,0,s1,rest
640940,0,s1,rest
640950,0,s1,rest
640960,0,s1,rest
640970,0,s1,rest
640980,0,s1,rest
640990,0,s1,rest
641000,0,s1,rest
641010,0,s1,rest
641020,0,s1,rest
641030,0,s1,rest
641040,0,s1,rest
641050,0,s1,rest
641060,0,s1,rest
641070,0,s1,rest
641080,0,s1,rest
641090,0,s1,rest
641100,0,s1,rest
641110,0,s1,rest
641120,0,s1,rest
641130,0,s1,rest
641140,0,s1,rest
641150,0,s1,rest
641160,0,s1,rest
641170,0,s1,rest
641180,0,s1,rest
641190,0,s1,rest
641200,0,s1,rest
641210,0,s1,rest
641220,0,s1,rest
641230,0,s1,rest
641240,0,s1,rest
641250,0,s1,rest
641260,0,s1,rest
641270,0,s1,rest
641280,0,s1,rest
641290,0,s1,rest
641300,0,s1,rest
641310,0,s1,rest
641320,0,s1,rest
641330,0,s1,rest
641340,0,s1,rest
641350,0,s1,rest
641360,0,s1,rest
641370,0,s1,rest
641380,0,s1,rest
641390,0,s1,rest
641400,0,s1,rest
641410,0,s1,rest
641420,0,s1,rest
641430,0,s1,rest
641440,0,s1,rest
641450,0,s1,rest
641460,0,s1,rest
641470,0,s1,rest
641480,0,s1,rest
641490,0,s1,rest
641500,0,s1,rest
641510,0,s1,rest
641520,0,s1,rest
641530,0,s1,rest
641540,0,s1,rest
641550,0,s1,rest
641560,0,s1,rest
641570,0,s1,rest
641580,0,s1,rest
641590,0,s1,rest
641600,0,s1,rest
641610,0,s1,rest
641620,0,s1,rest
641630,0,s1,rest
641640,0,s1,rest
641650,0,s1,rest
641660,0,s1,rest
641670,0,s1,rest
641680,0,s1,rest
641690,0,s1,rest
641700,0,s1,rest
641710,0,s1,rest
641720,0,s1,rest
641730,0,s1,rest
641740,0,s1,rest
641750,0,s1,rest
641760,0,s1,rest
641770,0,s1,rest
641780,0,s1,rest
641790,0,s1,rest
641800,0,s1,rest
641810,0,s1,rest
641820,0,s1,rest
641830,0,s1,rest
641840,0,s1,rest
641850,0,s1,rest
641860,0,s1,rest
641870,0,s1,rest
641880,0,s1,rest
641890,0,s1,rest
641900,0,s1,rest
641910,0,s1,rest
641920,0,s1,rest
641930,0,s1,rest
641940,0,s1,rest
641950,0,s1,rest
641960,0,s1,rest
641970,0,s1,rest
641980,0,s1,rest
641990,0,s1,rest
642000,0,s1,rest
642010,0,s1,rest
642020,0,s1,rest
642030,0,s1,rest
642040,0,s1,rest
642050,0,s1,rest
642060,0,s1,rest
642070,0,s1,rest
642080,0,s1,rest
642090,0,s1,rest
642100,0,s1,rest
642110,0,s1,rest
642120,0,s1,rest
642130,0,s1,rest
642140,0,s1,rest
642150,0,s1,rest
642160,0,s1,rest
642170,0,s1,rest
642180,0,s1,rest
642190,0,s1,rest
642200,0,s1,rest
642210,0,s1,rest
642220,0,s1,rest
642230,0,s1,rest
642240,0,s1,rest
642250,0,s1,rest
642260,0,s1,rest
642270,0,s1,rest
642280,0,s1,rest
642290,0,s1,rest
642300,0,s1,rest
642310,0,s1,rest
642320,0,s1,rest
642330,0,s1,rest
642340,0,s1,rest
642350,0,s1,rest
642360,0,s1,rest
642370,0,s1,rest
642380,0,s1,rest
642390,0,s1,rest
642400,0,s1,rest
642410,0,s1,rest
642420,0,s1,rest
642430,0,s1,rest
642440,0,s1,rest
642450,0,s1,rest
642460,0,s1,rest
642470,0,s1,rest
642480,0,s1,rest
642490,0,s1,rest
642500,0,s1,rest
642510,0,s1,rest
642520,0,s1,rest
642530,0,s1,rest
642540,0,s1,rest
642550,0,s1,rest
642560,0,s1,rest
642570,0,s1,rest
642580,0,s1,rest
642590,0,s1,rest
642600,0,s1,rest
642610,0,s1,rest
642620,0,s1,rest
642630,0,s1,rest
642640,0,s1,rest
642650,0,s1,rest
642660,0,s1,rest
642670,0,s1,rest
642680,0,s1,rest
642690,0,s1,rest
642700,0,s1,rest
642710,0,s1,rest
642720,0,s1,rest
642730,0,s1,rest
642740,0,s1,rest
642750,0,s1,rest
642760,0,s1,rest
642770,0,s1,rest
642780,0,s1,rest
642790,0,s1,rest
642800,0,s1,rest
642810,0,s1,rest
642820,0,s1,rest
642830,0,s1,rest
642840,0,s1,rest
642850,0,s1,rest
642860,0,s1,rest
642870,0,s1,rest
642880,0,s1,rest
642890,0,s1,rest
642900,0,s1,rest
642910,0,s1,rest
642920,0,s1,rest
642930,0,s1,rest
642940,0,s1,rest
642950,0,s1,rest
642960,0,s1,rest
642970,0,s1,rest
642980,0,s1,rest
642990,0,s1,rest
643000,0,s1,rest
643010,0,s1,rest
643020,0,s1,rest
643030,0,s1,rest
643040,0,s1,rest
643050,0,s1,rest
643060,0,s1,rest
643070,0,s1,rest
643080,0,s1,rest
643090,0,s1,rest
643100,0,s1,rest
643110,0,s1,rest
643120,0,s1,rest
643130,0,s1,rest
643140,0,s1,rest
643150,0,s1,rest
643160,0,s1,rest
643170,0,s1,rest
643180,0,s1,rest
643190,0,s1,rest
643200,0,s1,rest
643210,0,s1,rest
643220,0,s1,rest
643230,0,s1,rest
643240,0,s1,rest
643250,0,s1,rest
643260,0,s1,rest
643270,0,s1,rest
643280,0,s1,rest
643290,0,s1,rest
643300,0,s1,rest
643310,0,s1,rest
643320,0,s1,rest
643330,0,s1,rest
643340,0,s1,rest
643350,0,s1,rest
643360,0,s1,rest
643370,0,s1,rest
643380,0,s1,rest
643390,0,s1,rest
643400,0,s1,rest
643410,0,s1,rest
643420,0,s1,rest
643430,0,s1,rest
643440,0,s1,rest
643450,0,s1,rest
643460,0,s1,rest
643470,0,s1,rest
643480,0,s1,rest
643490,0,s1,rest
643500,0,s1,rest
643510,0,s1,rest
643520,0,s1,rest
643530,0,s1,rest
643540,0,s1,rest
643550,0,s1,rest
643560,0,s1,rest
643570,0,s1,rest
643580,0,s1,rest
643590,0,s1,rest
643600,0,s1,rest
643610,0,s1,rest
643620,0,s1,rest
643630,0,s1,rest
643640,0,s1,rest
643650,0,s1,rest
643660,0,s1,rest
643670,0,s1,rest
643680,0,s1,rest
643690,0,s1,rest
643700,0,s1,rest
643710,0,s1,rest
643720,0,s1,rest
643730,0,s1,rest
643740,0,s1,rest
643750,0,s1,rest
643760,0,s1,rest
643770,0,s1,rest
643780,0,s1,rest
643790,0,s1,rest
643800,0,s1,rest
643810,0,s1,rest
643820,0,s1,rest
643830,0,s1,rest
643840,0,s1,rest
643850,0,s1,rest
643860,0,s1,rest
643870,0,s1,rest
643880,0,s1,rest
643890,0,s1,rest
643900,0,s1,rest
643910,0,s1,rest
643920,0,s1,rest
643930,0,s1,rest
643940,0,s1,rest
643950,0,s1,rest
643960,0,s1,rest
643970,0,s1,rest
643980,0,s1,rest
643990,0,s1,rest
644000,0,s1,rest
644010,0,s1,rest
644020,0,s1,rest
644030,0,s1,rest
644040,0,s1,rest
644050,0,s1,rest
644060,0,s1,rest
644070,0,s1,rest
644080,0,s1,rest
644090,0,s1,rest
644100,0,s1,rest
644110,0,s1,rest
644120,0,s1,rest
644130,0,s1,rest
644140,0,s1,rest
644150,0,s1,rest
644160,0,s1,rest
644170,0,s1,rest
644180,0,s1,rest
644190,0,s1,rest
644200,0,s1,rest
644210,0,s1,rest
644220,0,s1,rest
644230,0,s1,rest
644240,0,s1,rest
644250,0,s1,rest
644260,0,s1,rest
644270,0,s1,rest
644280,0,s1,rest
644290,0,s1,rest
644300,0,s1,rest
644310,0,s1,rest
644320,0,s1,rest
644330,0,s1,rest
644340,0,s1,rest
644350,0,s1,rest
644360,0,s1,rest
644370,0,s1,rest
644380,0,s1,rest
644390,0,s1,rest
644400,0,s1,rest
644410,0,s1,rest
644420,0,s1,rest
644430,0,s1,rest
644440,0,s1,rest
644450,0,s1,rest
644460,0,s1,rest
644470,0,s1,rest
644480,0,s1,rest
644490,0,s1,rest
644500,0,s1,rest
644510,0,s1,rest
644520,0,s1,rest
644530,0,s1,rest
644540,0,s1,rest
644550,0,s1,rest
644560,0,s1,rest
644570,0,s1,rest
644580,0,s1,rest
644590,0,s1,rest
644600,0,s1,rest
644610,0,s1,rest
644620,0,s1,rest
644630,0,s1,rest
644640,0,s1,rest
644650,0,s1,rest
644660,0,s1,rest
644670,0,s1,rest
644680,0,s1,rest
644690,0,s1,rest
644700,0,s1,rest
644710,0,s1,rest
644720,0,s1,rest
644730,0,s1,rest
644740,0,s1,rest
644750,0,s1,rest
644760,0,s1,rest
644770,0,s1,rest
644780,0,s1,rest
644790,0,s1,rest
644800,0,s1,rest
644810,0,s1,rest
644820,0,s1,rest
644830,0,s1,rest
644840,0,s1,rest
644850,0,s1,rest
644860,0,s1,rest
644870,0,s1,rest
644880,0,s1,rest
644890,0,s1,rest
644900,0,s1,rest
644910,0,s1,rest
644920,0,s1,rest
644930,0,s1,rest
644940,0,s1,rest
644950,0,s1,rest
644960,0,s1,rest
644970,0,s1,rest
644980,0,s1,rest
644990,0,s1,rest
645000,0,s1,rest
645010,0,s1,rest
645020,0,s1,rest
645030,0,s1,rest
645040,0,s1,rest
645050,0,s1,rest
645060,0,s1,rest
645070,0,s1,rest
645080,0,s1,rest
645090,0,s1,rest
645100,0,s1,rest
645110,0,s1,rest
645120,0,s1,rest
645130,0,s1,rest
645140,0,s1,rest
645150,0,s1,rest
645160,0,s1,rest
645170,0,s1,rest
645180,0,s1,rest
645190,0,s1,rest
645200,0,s1,rest
645210,0,s1,rest
645220,0,s1,rest
645230,0,s1,rest
645240,0,s1,rest
645250,0,s1,rest
645260,0,s1,rest
645270,0,s1,rest
645280,0,s1,rest
645290,0,s1,rest
645300,0,s1,rest
645310,0,s1,rest
645320,0,s1,rest
645330,0,s1,rest
645340,0,s1,rest
645350,0,s1,rest
645360,0,s1,rest
645370,0,s1,rest
645380,0,s1,rest
645390,0,s1,rest
645400,0,s1,rest
645410,0,s1,rest
645420,0,s1,rest
645430,0,s1,rest
645440,0,s1,rest
645450,0,s1,rest
645460,0,s1,rest
645470,0,s1,rest
645480,0,s1,rest
645490,0,s1,rest
645500,0,s1,rest
645510,0,s1,rest
645520,0,s1,rest
645530,0,s1,rest
645540,0,s1,rest
645550,0,s1,rest
645560,0,s1,rest
645570,0,s1,rest
645580,0,s1,rest
645590,0,s1,rest
645600,0,s1,rest
645610,0,s1,rest
645620,0,s1,rest
645630,0,s1,rest
645640,0,s1,rest
645650,0,s1,rest
645660,0,s1,rest
645670,0,s1,rest
645680,0,s1,rest
645690,0,s1,rest
645700,0,s1,rest
645710,0,s1,rest
645720,0,s1,rest
645730,0,s1,rest
645740,0,s1,rest
645750,0,s1,rest
645760,0,s1,rest
645770,0,s1,rest
645780,0,s1,rest
645790,0,s1,rest
645800,0,s1,rest
645810,0,s1,rest
645820,0,s1,rest
645830,0,s1,rest
645840,0,s1,rest
645850,0,s1,rest
645860,0,s1,rest
645870,0,s1,rest
645880,0,s1,rest
645890,0,s1,rest
645900,0,s1,rest
645910,0,s1,rest
645920,0,s1,rest
645930,0,s1,rest
645940,0,s1,rest
645950,0,s1,rest
645960,0,s1,rest
645970,0,s1,rest
645980,0,s1,rest
645990,0,s1,rest
646000,0,s1,rest
646010,0,s1,rest
646020,0,s1,rest
646030,0,s1,rest
646040,0,s1,rest
646050,0,s1,rest
646060,0,s1,rest
646070,0,s1,rest
646080,0,s1,rest
646090,0,s1,rest
646100,0,s1,rest
646110,0,s1,rest
646120,0,s1,rest
646130,0,s1,rest
646140,0,s1,rest
646150,0,s1,rest
646160,0,s1,rest
646170,0,s1,rest
646180,0,s1,rest
646190,0,s1,rest
646200,0,s1,rest
646210,0,s1,rest
646220,0,s1,rest
646230,0,s1,rest
646240,0,s1,rest
646250,0,s1,rest
646260,0,s1,rest
646270,0,s1,rest
646280,0,s1,rest
646290,0,s1,rest
646300,0,s1,rest
646310,0,s1,rest
646320,0,s1,rest
646330,0,s1,rest
646340,0,s1,rest
646350,0,s1,rest
646360,0,s1,rest
646370,0,s1,rest
646380,0,s1,rest
646390,0,s1,rest
646400,0,s1,rest
646410,0,s1,rest
646420,0,s1,rest
646430,0,s1,rest
646440,0,s1,rest
646450,0,s1,rest
646460,0,s1,rest
646470,0,s1,rest
646480,0,s1,rest
646490,0,s1,rest
646500,0,s1,rest
646510,0,s1,rest
646520,0,s1,rest
646530,0,s1,rest
646540,0,s1,rest
646550,0,s1,rest
646560,0,s1,rest
646570,0,s1,rest
646580,0,s1,rest
646590,0,s1,rest
646600,0,s1,rest
646610,0,s1,rest
646620,0,s1,rest
646630,0,s1,rest
646640,0,s1,rest
646650,0,s1,rest
646660,0,s1,rest
646670,0,s1,rest
646680,0,s1,rest
646690,0,s1,rest
646700,0,s1,rest
646710,0,s1,rest
646720,0,s1,rest
646730,0,s1,rest
646740,0,s1,rest
646750,0,s1,rest
646760,0,s1,rest
646770,0,s1,rest
646780,0,s1,rest
646790,0,s1,rest
646800,0,s1,rest
646810,0,s1,rest
646820,0,s1,rest
646830,0,s1,rest
646840,0,s1,rest
646850,0,s1,rest
646860,0,s1,rest
646870,0,s1,rest
646880,0,s1,rest
646890,0,s1,rest
646900,0,s1,rest
646910,0,s1,rest
646920,0,s1,rest
646930,0,s1,rest
646940,0,s1,rest
646950,0,s1,rest
646960,0,s1,rest
646970,0,s1,rest
646980,0,s1,rest
646990,0,s1,rest
647000,0,s1,rest
647010,0,s1,rest
647020,0,s1,rest
647030,0,s1,rest
647040,0,s1,rest
647050,0,s1,rest
647060,0,s1,rest
647070,0,s1,rest
647080,0,s1,rest
647090,0,s1,rest
647100,0,s1,rest
647110,0,s1,rest
647120,0,s1,rest
647130,0,s1,rest
647140,0,s1,rest
647150,0,s1,rest
647160,0,s1,rest
647170,0,s1,rest
647180,0,s1,rest
647190,0,s1,rest
647200,0,s1,rest
647210,0,s1,rest
647220,0,s1,rest
647230,0,s1,rest
647240,0,s1,rest
647250,0,s1,rest
647260,0,s1,rest
647270,0,s1,rest
647280,0,s1,rest
647290,0,s1,rest
647300,0,s1,rest
647310,0,s1,rest
647320,0,s1,rest
647330,0,s1,rest
647340,0,s1,rest
647350,0,s1,rest
647360,0,s1,rest
647370,0,s1,rest
647380,0,s1,rest
647390,0,s1,rest
647400,0,s1,rest
647410,0,s1,rest
647420,0,s1,rest
647430,0,s1,rest
647440,0,s1,rest
647450,0,s1,rest
647460,0,s1,rest
647470,0,s1,rest
647480,0,s1,rest
647490,0,s1,rest
647500,0,s1,rest
647510,0,s1,rest
647520,0,s1,rest
647530,0,s1,rest
647540,0,s1,rest
647550,0,s1,rest
647560,0,s1,rest
647570,0,s1,rest
647580,0,s1,rest
647590,0,s1,rest
647600,0,s1,rest
647610,0,s1,rest
647620,0,s1,rest
647630,0,s1,rest
647640,0,s1,rest
647650,0,s1,rest
647660,0,s1,rest
647670,0,s1,rest
647680,0,s1,rest
647690,0,s1,rest
647700,0,s1,rest
647710,0,s1,rest
647720,0,s1,rest
647730,0,s1,rest
647740,0,s1,rest
647750,0,s1,rest
647760,0,s1,rest
647770,0,s1,rest
647780,0,s1,rest
647790,0,s1,rest
647800,0,s1,rest
647810,0,s1,rest
647820,0,s1,rest
647830,0,s1,rest
647840,0,s1,rest
647850,0,s1,rest
647860,0,s1,rest
647870,0,s1,rest
647880,0,s1,rest
647890,0,s1,rest
647900,0,s1,rest
647910,0,s1,rest
647920,0,s1,rest
647930,0,s1,rest
647940,0,s1,rest
647950,0,s1,rest
647960,0,s1,rest
647970,0,s1,rest
647980,0,s1,rest
647990,0,s1,rest
648000,0,s1,rest
648010,0,s1,rest
648020,0,s1,rest
648030,0,s1,rest
648040,0,s1,rest
648050,0,s1,rest
648060,0,s1,rest
648070,0,s1,rest
648080,0,s1,rest
648090,0,s1,rest
648100,0,s1,rest
648110,0,s1,rest
648120,0,s1,rest
648130,0,s1,rest
648140,0,s1,rest
648150,0,s1,rest
648160,0,s1,rest
648170,0,s1,rest
648180,0,s1,rest
648190,0,s1,rest
648200,0,s1,rest
648210,0,s1,rest
648220,0,s1,rest
648230,0,s1,rest
648240,0,s1,rest
648250,0,s1,rest
648260,0,s1,rest
648270,0,s1,rest
648280,0,s1,rest
648290,0,s1,rest
648300,0,s1,rest
648310,0,s1,rest
648320,0,s1,rest
648330,0,s1,rest
648340,0,s1,rest
648350,0,s1,rest
648360,0,s1,rest
648370,0,s1,rest
648380,0,s1,rest
648390,0,s1,rest
648400,0,s1,rest
648410,0,s1,rest
648420,0,s1,rest
648430,0,s1,rest
648440,0,s1,rest
648450,0,s1,rest
648460,0,s1,rest
648470,0,s1,rest
648480,0,s1,rest
648490,0,s1,rest
648500,0,s1,rest
648510,0,s1,rest
648520,0,s1,rest
648530,0,s1,rest
648540,0,s1,rest
648550,0,s1,rest
648560,0,s1,rest
648570,0,s1,rest
648580,0,s1,rest
648590,0,s1,rest
648600,0,s1,rest
648610,0,s1,rest
648620,0,s1,rest
648630,0,s1,rest
648640,0,s1,rest
648650,0,s1,rest
648660,0,s1,rest
648670,0,s1,rest
648680,0,s1,rest
648690,0,s1,rest
648700,0,s1,rest
648710,0,s1,rest
648720,0,s1,rest
648730,0,s1,rest
648740,0,s1,rest
648750,0,s1,rest
648760,0,s1,rest
648770,0,s1,rest
648780,0,s1,rest
648790,0,s1,rest
648800,0,s1,rest
648810,0,s1,rest
648820,0,s1,rest
648830,0,s1,rest
648840,0,s1,rest
648850,0,s1,rest
648860,0,s1,rest
648870,0,s1,rest
648880,0,s1,rest
648890,0,s1,rest
648900,0,s1,rest
648910,0,s1,rest
648920,0,s1,rest
648930,0,s1,rest
648940,0,s1,rest
648950,0,s1,rest
648960,0,s1,rest
648970,0,s1,rest
648980,0,s1,rest
648990,0,s1,rest
649000,0,s1,rest
649010,0,s1,rest
649020,0,s1,rest
649030,0,s1,rest
649040,0,s1,rest
649050,0,s1,rest
649060,0,s1,rest
649070,0,s1,rest
649080,0,s1,rest
649090,0,s1,rest
649100,0,s1,rest
649110,0,s1,rest
649120,0,s1,rest
649130,0,s1,rest
649140,0,s1,rest
649150,0,s1,rest
649160,0,s1,rest
649170,0,s1,rest
649180,0,s1,rest
649190,0,s1,rest
649200,0,s1,rest
649210,0,s1,rest
649220,0,s1,rest
649230,0,s1,rest
649240,0,s1,rest
649250,0,s1,rest
649260,0,s1,rest
649270,0,s1,rest
649280,0,s1,rest
649290,0,s1,rest
649300,0,s1,rest
649310,0,s1,rest
649320,0,s1,rest
649330,0,s1,rest
649340,0,s1,rest
649350,0,s1,rest
649360,0,s1,rest
649370,0,s1,rest
649380,0,s1,rest
649390,0,s1,rest
649400,0,s1,rest
649410,0,s1,rest
649420,0,s1,rest
649430,0,s1,rest
649440,0,s1,rest
649450,0,s1,rest
649460,0,s1,rest
649470,0,s1,rest
649480,0,s1,rest
649490,0,s1,rest
649500,0,s1,rest
649510,0,s1,rest
649520,0,s1,rest
649530,0,s1,rest
649540,0,s1,rest
649550,0,s1,rest
649560,0,s1,rest
649570,0,s1,rest
649580,0,s1,rest
649590,0,s1,rest
649600,0,s1,rest
649610,0,s1,rest
649620,0,s1,rest
649630,0,s1,rest
649640,0,s1,rest
649650,0,s1,rest
649660,0,s1,rest
649670,0,s1,rest
649680,0,s1,rest
649690,0,s1,rest
649700,0,s1,rest
649710,0,s1,rest
649720,0,s1,rest
649730,0,s1,rest
649740,0,s1,rest
649750,0,s1,rest
649760,0,s1,rest
649770,0,s1,rest
649780,0,s1,rest
649790,0,s1,rest
649800,0,s1,rest
649810,0,s1,rest
649820,0,s1,rest
649830,0,s1,rest
649840,0,s1,rest
649850,0,s1,rest
649860,0,s1,rest
649870,0,s1,rest
649880,0,s1,rest
649890,0,s1,rest
649900,0,s1,rest
649910,0,s1,rest
649920,0,s1,rest
649930,0,s1,rest
649940,0,s1,rest
649950,0,s1,rest
649960,0,s1,rest
649970,0,s1,rest
649980,0,s1,rest
649990,0,s1,rest
650000,0,s1,rest
650010,0,s1,rest
650020,0,s1,rest
650030,0,s1,rest
650040,0,s1,rest
650050,0,s1,rest
650060,0,s1,rest
650070,0,s1,rest
650080,0,s1,rest
650090,0,s1,rest
650100,0,s1,rest
650110,0,s1,rest
650120,0,s1,rest
650130,0,s1,rest
650140,0,s1,rest
650150,0,s1,rest
650160,0,s1,rest
650170,0,s1,rest
650180,0,s1,rest
650190,0,s1,rest
650200,0,s1,rest
650210,0,s1,rest
650220,158,s1,rest
650230,0,s1,rest
650240,321,s1,rest
650250,432,s1,rest
650260,603,s1,rest
650270,1168,s1,rest
650280,951,s1,rest
650290,1264,s1,rest
650300,817,s1,rest
650310,80,s1,rest
650320,0,s1,rest
650330,0,s1,rest
650340,0,s1,rest
650350,0,s1,rest
650360,0,s1,rest
650370,0,s1,rest
650380,0,s1,rest
650390,0,s1,rest
650400,0,s1,rest
650410,0,s1,rest
650420,0,s1,rest
650430,0,s1,rest
650440,0,s1,rest
650450,0,s1,rest
650460,0,s1,rest
650470,0,s1,rest
650480,0,s1,rest
650490,0,s1,rest
650500,0,s1,rest
650510,0,s1,rest
650520,0,s1,rest
650530,0,s1,rest
650540,0,s1,rest
650550,0,s1,rest
650560,0,s1,rest
650570,0,s1,rest
650580,0,s1,rest
650590,0,s1,rest
650600,0,s1,rest
650610,0,s1,rest
650620,0,s1,rest
650630,0,s1,rest
650640,0,s1,rest
650650,0,s1,rest
650660,0,s1,rest
650670,14,s1,rest
650680,0,s1,rest
650690,0,s1,rest
650700,0,s1,rest
650710,0,s1,rest
650720,176,s1,rest
650730,0,s1,rest
650740,0,s1,rest
650750,0,s1,rest
650760,0,s1,rest
650770,0,s1,rest
650780,0,s1,rest
650790,0,s1,rest
650800,0,s1,rest
650810,0,s1,rest
650820,0,s1,rest
650830,0,s1,rest
650840,0,s1,rest
650850,0,s1,rest
650860,0,s1,rest
650870,0,s1,rest
650880,0,s1,rest
650890,0,s1,rest
650900,0,s1,rest
650910,0,s1,rest
650920,13,s1,rest
650930,0,s1,rest
650940,0,s1,rest
650950,0,s1,rest
650960,0,s1,rest
650970,49,s1,rest
650980,0,s1,rest
650990,0,s1,rest
651000,0,s1,rest
651010,0,s1,rest
651020,53,s1,rest
651030,0,s1,rest
651040,0,s1,rest
651050,0,s1,rest
651060,0,s1,rest
651070,166,s1,rest
651080,0,s1,rest
651090,92,s1,rest
651100,1666,s1,rest
651110,4095,s1,rest
651120,3488,s1,rest
651130,1253,s1,rest
651140,132,s1,rest
651150,492,s1,rest
651160,978,s1,rest
651170,893,s1,rest
651180,0,s1,rest
651190,37,s1,rest
651200,67,s1,rest
651210,0,s1,rest
651220,385,s1,rest
651230,0,s1,rest
651240,863,s1,rest
651250,323,s1,rest
651260,0,s1,rest
651270,0,s1,rest
651280,0,s1,rest
651290,2,s1,rest
651300,0,s1,rest
651310,0,s1,rest
651320,0,s1,rest
651330,0,s1,rest
651340,16,s1,rest
651350,101,s1,rest
651360,0,s1,rest
651370,206,s1,rest
651380,0,s1,rest
651390,118,s1,rest
651400,105,s1,rest
651410,0,s1,rest
651420,202,s1,rest
651430,0,s1,rest
651440,195,s1,rest
651450,267,s1,rest
651460,675,s1,rest
651470,0,s1,rest
651480,0,s1,rest
651490,0,s1,rest
651500,0,s1,rest
651510,0,s1,rest
651520,194,s1,rest
651530,0,s1,rest
651540,0,s1,rest
651550,77,s1,rest
651560,0,s1,rest
651570,1915,s1,rest
651580,4095,s1,rest
651590,3309,s1,rest
651600,2042,s1,rest
651610,756,s1,rest
651620,1846,s1,rest
651630,1559,s1,rest
651640,1665,s1,rest
651650,717,s1,rest
651660,363,s1,rest
651670,796,s1,rest
651680,0,s1,rest
651690,243,s1,rest
651700,63,s1,rest
651710,0,s1,rest
651720,592,s1,rest
651730,0,s1,rest
651740,60,s1,rest
651750,56,s1,rest
651760,0,s1,rest
651770,49,s1,rest
651780,0,s1,rest
651790,83,s1,rest
651800,119,s1,rest
651810,0,s1,rest
651820,765,s1,rest
651830,0,s1,rest
651840,0,s1,rest
651850,181,s1,rest
651860,27,s1,rest
651870,799,s1,rest
651880,0,s1,rest
651890,554,s1,rest
651900,303,s1,rest
651910,51,s1,rest
651920,850,s1,rest
651930,0,s1,rest
651940,611,s1,rest
651950,191,s1,rest
651960,0,s1,rest
651970,597,s1,rest
651980,0,s1,rest
651990,400,s1,rest
652000,193,s1,rest
652010,0,s1,rest
652020,560,s1,rest
652030,0,s1,rest
652040,325,s1,rest
652050,154,s1,rest
652060,0,s1,rest
652070,528,s1,rest
652080,0,s1,rest
652090,204,s1,rest
652100,64,s1,rest
652110,0,s1,rest
652120,532,s1,rest
652130,0,s1,rest
652140,39,s1,rest
652150,86,s1,rest
652160,0,s1,rest
652170,486,s1,rest
652180,0,s1,rest
652190,80,s1,rest
652200,129,s1,rest
652210,0,s1,rest
652220,541,s1,rest
652230,0,s1,rest
652240,176,s1,rest
652250,144,s1,rest
652260,0,s1,rest
652270,567,s1,rest
652280,0,s1,rest
652290,193,s1,rest
652300,152,s1,rest
652310,0,s1,rest
652320,570,s1,rest
652330,0,s1,rest
652340,197,s1,rest
652350,115,s1,rest
652360,0,s1,rest
652370,499,s1,rest
652380,0,s1,rest
652390,99,s1,rest
652400,144,s1,rest
652410,0,s1,rest
652420,467,s1,rest
652430,0,s1,rest
652440,59,s1,rest
652450,103,s1,rest
652460,0,s1,rest
652470,437,s1,rest
652480,0,s1,rest
652490,48,s1,rest
652500,75,s1,rest
652510,0,s1,rest
652520,350,s1,rest
652530,0,s1,rest
652540,37,s1,rest
652550,71,s1,rest
652560,0,s1,rest
652570,352,s1,rest
652580,0,s1,rest
652590,0,s1,rest
652600,9,s1,rest
652610,0,s1,rest
652620,434,s1,rest
652630,0,s1,rest
652640,2,s1,rest
652650,74,s1,rest
652660,0,s1,rest
652670,0,s1,rest
652680,0,s1,rest
652690,0,s1,rest
652700,0,s1,rest
652710,0,s1,rest
652720,0,s1,rest
652730,0,s1,rest
652740,0,s1,rest
652750,95,s1,rest
652760,0,s1,rest
652770,431,s1,rest
652780,0,s1,rest
652790,80,s1,rest
652800,114,s1,rest
652810,0,s1,rest
652820,45,s1,rest
652830,0,s1,rest
652840,0,s1,rest
652850,0,s1,rest
652860,0,s1,rest
652870,0,s1,rest
652880,0,s1,rest
652890,0,s1,rest
652900,0,s1,rest
652910,0,s1,rest
652920,0,s1,rest
652930,0,s1,rest
652940,0,s1,rest
652950,113,s1,rest
652960,0,s1,rest
652970,498,s1,rest
652980,0,s1,rest
652990,0,s1,rest
653000,0,s1,rest
653010,0,s1,rest
653020,0,s1,rest
653030,0,s1,rest
653040,0,s1,rest
653050,0,s1,rest
653060,0,s1,rest
653070,0,s1,rest
653080,0,s1,rest
653090,0,s1,rest
653100,0,s1,rest
653110,967,s1,rest
653120,1615,s1,rest
653130,688,s1,rest
653140,496,s1,rest
653150,369,s1,rest
653160,287,s1,rest
653170,208,s1,rest
653180,155,s1,rest
653190,106,s1,rest
653200,70,s1,rest
653210,45,s1,rest
653220,16,s1,rest
653230,0,s1,rest
653240,0,s1,rest
653250,0,s1,rest
653260,0,s1,rest
653270,0,s1,rest
653280,0,s1,rest
653290,0,s1,rest
653300,0,s1,rest
653310,0,s1,rest
653320,0,s1,rest
653330,0,s1,rest
653340,0,s1,rest
653350,0,s1,rest
653360,0,s1,rest
653370,0,s1,rest
653380,0,s1,rest
653390,0,s1,rest
653400,0,s1,rest
653410,0,s1,rest
653420,0,s1,rest
653430,0,s1,rest
653440,0,s1,rest
653450,0,s1,rest
653460,0,s1,rest
653470,0,s1,rest
653480,0,s1,rest
653490,0,s1,rest
653500,0,s1,rest
653510,0,s1,rest
653520,0,s1,rest
653530,0,s1,rest
653540,0,s1,rest
653550,0,s1,rest
653560,0,s1,rest
653570,0,s1,rest
653580,718,s1,rest
653590,1466,s1,rest
653600,1998,s1,rest
653610,3171,s1,rest
653620,4095,s1,rest
653630,4095,s1,rest
653640,2308,s1,rest
653650,2314,s1,rest
653660,2166,s1,rest
653670,1562,s1,rest
653680,192,s1,rest
653690,0,s1,rest
653700,0,s1,rest
653710,0,s1,rest
653720,0,s1,rest
653730,4095,s1,rest
653740,2757,s1,rest
653750,3632,s1,rest
653760,4095,s1,rest
653770,4095,s1,rest
653780,4095,s1,rest
653790,3689,s1,rest
653800,1677,s1,rest
653810,475,s1,rest
653820,2854,s1,rest
653830,1969,s1,rest
653840,1604,s1,rest
653850,1245,s1,rest
653860,974,s1,rest
653870,758,s1,rest
653880,591,s1,rest
653890,452,s1,rest
653900,340,s1,rest
653910,259,s1,rest
653920,194,s1,rest
653930,139,s1,rest
653940,95,s1,rest
653950,64,s1,rest
653960,42,s1,rest
653970,16,s1,rest
653980,0,s1,rest
653990,0,s1,rest
654000,0,s1,rest
654010,0,s1,rest
654020,0,s1,rest
654030,0,s1,rest
654040,0,s1,rest
654050,0,s1,rest
654060,0,s1,rest
654070,0,s1,rest
654080,0,s1,rest
654090,0,s1,rest
654100,0,s1,rest
654110,0,s1,rest
654120,0,s1,rest
654130,0,s1,rest
654140,0,s1,rest
654150,0,s1,rest
654160,0,s1,rest
654170,0,s1,rest
654180,0,s1,rest
654190,0,s1,rest
654200,0,s1,rest
654210,0,s1,rest
654220,0,s1,rest
654230,0,s1,rest
654240,0,s1,rest
654250,0,s1,rest
654260,0,s1,rest
654270,0,s1,rest
654280,0,s1,rest
654290,0,s1,rest
654300,0,s1,rest
654310,0,s1,rest
654320,0,s1,rest
654330,0,s1,rest
654340,0,s1,rest
654350,0,s1,rest
654360,0,s1,rest
654370,0,s1,rest
654380,0,s1,rest
654390,0,s1,rest
654400,0,s1,rest
654410,0,s1,rest
654420,0,s1,rest
654430,0,s1,rest
654440,0,s1,rest
654450,0,s1,rest
654460,0,s1,rest
654470,0,s1,rest
654480,0,s1,rest
654490,0,s1,rest
654500,0,s1,rest
654510,0,s1,rest
654520,0,s1,rest
654530,0,s1,rest
654540,0,s1,rest
654550,0,s1,rest
654560,0,s1,rest
654570,0,s1,rest
654580,0,s1,rest
654590,0,s1,rest
654600,0,s1,rest
654610,0,s1,rest
654620,0,s1,rest
654630,0,s1,rest
654640,0,s1,rest
654650,0,s1,rest
654660,0,s1,rest
654670,0,s1,rest
654680,0,s1,rest
654690,0,s1,rest
654700,0,s1,rest
654710,0,s1,rest
654720,0,s1,rest
654730,0,s1,rest
654740,0,s1,rest
654750,0,s1,rest
654760,0,s1,rest
654770,0,s1,rest
654780,0,s1,rest
654790,0,s1,rest
654800,0,s1,rest
654810,0,s1,rest
654820,0,s1,rest
654830,0,s1,rest
654840,0,s1,rest
654850,0,s1,rest
654860,0,s1,rest
654870,0,s1,rest
654880,0,s1,rest
654890,0,s1,rest
654900,0,s1,rest
654910,0,s1,rest
654920,0,s1,rest
654930,0,s1,rest
654940,0,s1,rest
654950,0,s1,rest
654960,0,s1,rest
654970,0,s1,rest
654980,0,s1,rest
654990,0,s1,rest
655000,0,s1,rest
655010,0,s1,rest
655020,0,s1,rest
655030,0,s1,rest
655040,0,s1,rest
655050,0,s1,rest
655060,0,s1,rest
655070,0,s1,rest
655080,0,s1,rest
655090,0,s1,rest
655100,0,s1,rest
655110,0,s1,rest
655120,0,s1,rest
655130,0,s1,rest
655140,0,s1,rest
655150,0,s1,rest
655160,0,s1,rest
655170,0,s1,rest
655180,0,s1,rest
655190,0,s1,rest
655200,0,s1,rest
655210,0,s1,rest
655220,0,s1,rest
655230,0,s1,rest
655240,0,s1,rest
655250,0,s1,rest
655260,0,s1,rest
655270,0,s1,rest
655280,0,s1,rest
655290,0,s1,rest
655300,0,s1,rest
655310,0,s1,rest
655320,0,s1,rest
655330,0,s1,rest
655340,0,s1,rest
655350,0,s1,rest
655360,0,s1,rest
655370,0,s1,rest
655380,0,s1,rest
655390,0,s1,rest
655400,0,s1,rest
655410,0,s1,rest
655420,0,s1,rest
655430,0,s1,rest
655440,0,s1,rest
655450,0,s1,rest
655460,0,s1,rest
655470,0,s1,rest
655480,0,s1,rest
655490,0,s1,rest
655500,0,s1,rest
655510,0,s1,rest
655520,0,s1,rest
655530,0,s1,rest
655540,0,s1,rest
655550,0,s1,rest
655560,0,s1,rest
655570,0,s1,rest
655580,0,s1,rest
655590,0,s1,rest
655600,0,s1,rest
655610,0,s1,rest
655620,0,s1,rest
655630,0,s1,rest
655640,0,s1,rest
655650,0,s1,rest
655660,0,s1,rest
655670,0,s1,rest
655680,0,s1,rest
655690,0,s1,rest
655700,0,s1,rest
655710,0,s1,rest
655720,0,s1,rest
655730,0,s1,rest
655740,0,s1,rest
655750,0,s1,rest
655760,0,s1,rest
655770,0,s1,rest
655780,0,s1,rest
655790,0,s1,rest
655800,0,s1,rest
655810,0,s1,rest
655820,0,s1,rest
655830,0,s1,rest
655840,0,s1,rest
655850,0,s1,rest
655860,0,s1,rest
655870,0,s1,rest
655880,0,s1,rest
655890,0,s1,rest
655900,0,s1,rest
655910,0,s1,rest
655920,0,s1,rest
655930,0,s1,rest
655940,0,s1,rest
655950,0,s1,rest
655960,0,s1,rest
655970,0,s1,rest
655980,0,s1,rest
655990,0,s1,rest
656000,0,s1,rest
656010,0,s1,rest
656020,0,s1,rest
656030,0,s1,rest
656040,0,s1,rest
656050,0,s1,rest
656060,0,s1,rest
656070,0,s1,rest
656080,0,s1,rest
656090,0,s1,rest
656100,0,s1,rest
656110,0,s1,rest
656120,0,s1,rest
656130,0,s1,rest
656140,0,s1,rest
656150,0,s1,rest
656160,0,s1,rest
656170,0,s1,rest
656180,0,s1,rest
656190,0,s1,rest
656200,0,s1,rest
656210,0,s1,rest
656220,0,s1,rest
656230,0,s1,rest
656240,0,s1,rest
656250,0,s1,rest
656260,0,s1,rest
656270,0,s1,rest
656280,0,s1,rest
656290,0,s1,rest
656300,0,s1,rest
656310,0,s1,rest
656320,0,s1,rest
656330,0,s1,rest
656340,0,s1,rest
656350,0,s1,rest
656360,0,s1,rest
656370,0,s1,rest
656380,0,s1,rest
656390,0,s1,rest
656400,0,s1,rest
656410,0,s1,rest
656420,0,s1,rest
656430,0,s1,rest
656440,0,s1,rest
656450,0,s1,rest
656460,0,s1,rest
656470,0,s1,rest
656480,0,s1,rest
656490,0,s1,rest
656500,0,s1,rest
656510,0,s1,rest
656520,0,s1,rest
656530,0,s1,rest
656540,0,s1,rest
656550,0,s1,rest
656560,0,s1,rest
656570,0,s1,rest
656580,0,s1,rest
656590,0,s1,rest
656600,0,s1,rest
656610,0,s1,rest
656620,0,s1,rest
656630,0,s1,rest
656640,0,s1,rest
656650,0,s1,rest
656660,0,s1,rest
656670,0,s1,rest
656680,0,s1,rest
656690,0,s1,rest
656700,0,s1,rest
656710,0,s1,rest
656720,0,s1,rest
656730,0,s1,rest
656740,0,s1,rest
656750,0,s1,rest
656760,0,s1,rest
656770,0,s1,rest
656780,0,s1,rest
656790,0,s1,rest
656800,0,s1,rest
656810,0,s1,rest
656820,0,s1,rest
656830,0,s1,rest
656840,0,s1,rest
656850,0,s1,rest
656860,0,s1,rest
656870,0,s1,rest
656880,0,s1,rest
656890,0,s1,rest
656900,0,s1,rest
656910,0,s1,rest
656920,0,s1,rest
656930,0,s1,rest
656940,0,s1,rest
656950,0,s1,rest
656960,0,s1,rest
656970,0,s1,rest
656980,0,s1,rest
656990,0,s1,rest
657000,0,s1,rest
657010,0,s1,rest
657020,0,s1,rest
657030,0,s1,rest
657040,0,s1,rest
657050,0,s1,rest
657060,0,s1,rest
657070,0,s1,rest
657080,0,s1,rest
657090,0,s1,rest
657100,0,s1,rest
657110,0,s1,rest
657120,0,s1,rest
657130,0,s1,rest
657140,0,s1,rest
657150,0,s1,rest
657160,0,s1,rest
657170,0,s1,rest
657180,0,s1,rest
657190,0,s1,rest
657200,0,s1,rest
657210,0,s1,rest
657220,0,s1,rest
657230,0,s1,rest
657240,0,s1,rest
657250,0,s1,rest
657260,0,s1,rest
657270,0,s1,rest
657280,0,s1,rest
657290,0,s1,rest
657300,0,s1,rest
657310,0,s1,rest
657320,0,s1,rest
657330,0,s1,rest
657340,0,s1,rest
657350,0,s1,rest
657360,0,s1,rest
657370,0,s1,rest
657380,0,s1,rest
657390,0,s1,rest
657400,0,s1,rest
657410,0,s1,rest
657420,0,s1,rest
657430,0,s1,rest
657440,0,s1,rest
657450,0,s1,rest
657460,0,s1,rest
657470,0,s1,rest
657480,0,s1,rest
657490,0,s1,rest
657500,0,s1,rest
657510,0,s1,rest
657520,0,s1,rest
657530,0,s1,rest
657540,0,s1,rest
657550,0,s1,rest
657560,0,s1,rest
657570,0,s1,rest
657580,0,s1,rest
657590,0,s1,rest
657600,0,s1,rest
657610,0,s1,rest
657620,0,s1,rest
657630,0,s1,rest
657640,0,s1,rest
657650,0,s1,rest
657660,0,s1,rest
657670,0,s1,rest
657680,0,s1,rest
657690,0,s1,rest
657700,0,s1,rest
657710,0,s1,rest
657720,0,s1,rest
657730,0,s1,rest
657740,0,s1,rest
657750,0,s1,rest
657760,0,s1,rest
657770,0,s1,rest
657780,0,s1,rest
657790,0,s1,rest
657800,0,s1,rest
657810,0,s1,rest
657820,0,s1,rest
657830,0,s1,rest
657840,0,s1,rest
657850,0,s1,rest
657860,0,s1,rest
657870,0,s1,rest
657880,0,s1,rest
657890,0,s1,rest
657900,0,s1,rest
657910,0,s1,rest
657920,0,s1,rest
657930,0,s1,rest
657940,0,s1,rest
657950,0,s1,rest
657960,0,s1,rest
657970,0,s1,rest
657980,0,s1,rest
657990,0,s1,rest
658000,0,s1,rest
658010,0,s1,rest
658020,0,s1,rest
658030,0,s1,rest
658040,0,s1,rest
658050,0,s1,rest
658060,0,s1,rest
658070,0,s1,rest
658080,0,s1,rest
658090,0,s1,rest
658100,0,s1,rest
658110,0,s1,rest
658120,0,s1,rest
658130,0,s1,rest
658140,0,s1,rest
658150,0,s1,rest
658160,0,s1,rest
658170,0,s1,rest
658180,0,s1,rest
658190,0,s1,rest
658200,0,s1,rest
658210,0,s1,rest
658220,0,s1,rest
658230,0,s1,rest
658240,0,s1,rest
658250,0,s1,rest
658260,0,s1,rest
658270,0,s1,rest
658280,0,s1,rest
658290,0,s1,rest
658300,0,s1,rest
658310,0,s1,rest
658320,0,s1,rest
658330,0,s1,rest
658340,0,s1,rest
658350,0,s1,rest
658360,0,s1,rest
658370,0,s1,rest
658380,0,s1,rest
658390,0,s1,rest
658400,0,s1,rest
658410,0,s1,rest
658420,0,s1,rest
658430,0,s1,rest
658440,0,s1,rest
658450,0,s1,rest
658460,0,s1,rest
658470,0,s1,rest
658480,0,s1,rest
658490,0,s1,rest
658500,0,s1,rest
658510,0,s1,rest
658520,0,s1,rest
658530,0,s1,rest
658540,0,s1,rest
658550,0,s1,rest
658560,0,s1,rest
658570,0,s1,rest
658580,0,s1,rest
658590,0,s1,rest
658600,0,s1,rest
658610,0,s1,rest
658620,0,s1,rest
658630,0,s1,rest
658640,0,s1,rest
658650,0,s1,rest
658660,0,s1,rest
658670,0,s1,rest
658680,0,s1,rest
658690,0,s1,rest
658700,0,s1,rest
658710,0,s1,rest
658720,0,s1,rest
658730,0,s1,rest
658740,0,s1,rest
658750,0,s1,rest
658760,0,s1,rest
658770,0,s1,rest
658780,0,s1,rest
658790,0,s1,rest
658800,0,s1,rest
658810,0,s1,rest
658820,0,s1,rest
658830,0,s1,rest
658840,0,s1,rest
658850,0,s1,rest
658860,0,s1,rest
658870,0,s1,rest
658880,0,s1,rest
658890,0,s1,rest
658900,0,s1,rest
658910,0,s1,rest
658920,0,s1,rest
658930,0,s1,rest
658940,0,s1,rest
658950,0,s1,rest
658960,0,s1,rest
658970,0,s1,rest
658980,0,s1,rest
658990,0,s1,rest
659000,0,s1,rest
659010,0,s1,rest
659020,0,s1,rest
659030,0,s1,rest
659040,0,s1,rest
659050,0,s1,rest
659060,0,s1,rest
659070,0,s1,rest
659080,0,s1,rest
659090,0,s1,rest
659100,0,s1,rest
659110,0,s1,rest
659120,0,s1,rest
659130,0,s1,rest
659140,0,s1,rest
659150,0,s1,rest
659160,0,s1,rest
659170,0,s1,rest
659180,0,s1,rest
659190,0,s1,rest
659200,0,s1,rest
659210,0,s1,rest
659220,0,s1,rest
659230,0,s1,rest
659240,0,s1,rest
659250,0,s1,rest
659260,0,s1,rest
659270,0,s1,rest
659280,0,s1,rest
659290,0,s1,rest
659300,0,s1,rest
659310,0,s1,rest
659320,0,s1,rest
659330,0,s1,rest
659340,0,s1,rest
659350,0,s1,rest
659360,0,s1,rest
659370,0,s1,rest
659380,0,s1,rest
659390,0,s1,rest
659400,0,s1,rest
659410,0,s1,rest
659420,0,s1,rest
659430,0,s1,rest
659440,0,s1,rest
659450,0,s1,rest
659460,0,s1,rest
659470,0,s1,rest
659480,0,s1,rest
659490,0,s1,rest
659500,0,s1,rest
659510,0,s1,rest
659520,0,s1,rest
659530,0,s1,rest
659540,0,s1,rest
659550,0,s1,rest
659560,0,s1,rest
659570,0,s1,rest
659580,0,s1,rest
659590,0,s1,rest
659600,0,s1,rest
659610,0,s1,rest
659620,0,s1,rest
659630,0,s1,rest
659640,0,s1,rest
659650,0,s1,rest
659660,0,s1,rest
659670,0,s1,rest
659680,0,s1,rest
659690,0,s1,rest
659700,0,s1,rest
659710,0,s1,rest
659720,0,s1,rest
659730,0,s1,rest
659740,0,s1,rest
659750,0,s1,rest
659760,0,s1,rest
659770,0,s1,rest
659780,0,s1,rest
659790,0,s1,rest
659800,0,s1,rest
659810,0,s1,rest
659820,0,s1,rest
659830,0,s1,rest
659840,0,s1,rest
659850,0,s1,rest
659860,0,s1,rest
659870,0,s1,rest
659880,0,s1,rest
659890,0,s1,rest
659900,0,s1,rest
659910,0,s1,rest
659920,0,s1,rest
659930,0,s1,rest
659940,0,s1,rest
659950,0,s1,rest
659960,0,s1,rest
659970,0,s1,rest
659980,0,s1,rest
659990,0,s1,rest
660000,0,s1,rest
660010,0,s1,rest
660020,0,s1,rest
660030,0,s1,rest
660040,0,s1,rest
660050,0,s1,rest
660060,0,s1,rest
660070,0,s1,rest
660080,0,s1,rest
660090,0,s1,rest
660100,0,s1,rest
660110,0,s1,rest
660120,0,s1,rest
660130,0,s1,rest
660140,0,s1,rest
660150,0,s1,rest
660160,0,s1,rest
660170,0,s1,rest
660180,0,s1,rest
660190,0,s1,rest
660200,0,s1,rest
660210,0,s1,rest
660220,0,s1,rest
660230,0,s1,rest
660240,0,s1,rest
660250,0,s1,rest
660260,0,s1,rest
660270,0,s1,rest
660280,0,s1,rest
660290,0,s1,rest
660300,0,s1,rest
660310,0,s1,rest
660320,0,s1,rest
660330,0,s1,rest
660340,0,s1,rest
660350,0,s1,rest
660360,0,s1,rest
660370,0,s1,rest
660380,0,s1,rest
660390,0,s1,rest
660400,0,s1,rest
660410,0,s1,rest
660420,0,s1,rest
660430,0,s1,rest
660440,0,s1,rest
660450,0,s1,rest
660460,0,s1,rest
660470,0,s1,rest
660480,0,s1,rest
660490,0,s1,rest
660500,0,s1,rest
660510,0,s1,rest
660520,0,s1,rest
660530,0,s1,rest
660540,0,s1,rest
660550,0,s1,rest
660560,0,s1,rest
660570,0,s1,rest
660580,0,s1,rest
660590,0,s1,rest
660600,0,s1,rest
660610,0,s1,rest
660620,0,s1,rest
660630,0,s1,rest
660640,0,s1,rest
660650,0,s1,rest
660660,0,s1,rest
660670,0,s1,rest
660680,0,s1,rest
660690,0,s1,rest
660700,0,s1,rest
660710,0,s1,rest
660720,0,s1,rest
660730,0,s1,rest
660740,0,s1,rest
660750,0,s1,rest
660760,0,s1,rest
660770,0,s1,rest
660780,0,s1,rest
660790,0,s1,rest
660800,0,s1,rest
660810,0,s1,rest
660820,0,s1,rest
660830,0,s1,rest
660840,0,s1,rest
660850,0,s1,rest
660860,0,s1,rest
660870,0,s1,rest
660880,0,s1,rest
660890,0,s1,rest
660900,0,s1,rest
660910,0,s1,rest
660920,0,s1,rest
660930,0,s1,rest
660940,0,s1,rest
660950,0,s1,rest
660960,0,s1,rest
660970,0,s1,rest
660980,0,s1,rest
660990,0,s1,rest
661000,0,s1,rest
661010,0,s1,rest
661020,0,s1,rest
661030,0,s1,rest
661040,0,s1,rest
661050,0,s1,rest
661060,0,s1,rest
661070,0,s1,rest
661080,0,s1,rest
661090,0,s1,rest
661100,0,s1,rest
661110,0,s1,rest
661120,0,s1,rest
661130,0,s1,rest
661140,0,s1,rest
661150,0,s1,rest
661160,0,s1,rest
661170,0,s1,rest
661180,0,s1,rest
661190,0,s1,rest
661200,0,s1,rest
661210,0,s1,rest
661220,0,s1,rest
661230,0,s1,rest
661240,0,s1,rest
661250,0,s1,rest
661260,0,s1,rest
661270,0,s1,rest
661280,0,s1,rest
661290,0,s1,rest
661300,0,s1,rest
661310,0,s1,rest
661320,0,s1,rest
661330,0,s1,rest
661340,0,s1,rest
661350,0,s1,rest
661360,0,s1,rest
661370,0,s1,rest
661380,0,s1,rest
661390,0,s1,rest
661400,0,s1,rest
661410,0,s1,rest
661420,0,s1,rest
661430,0,s1,rest
661440,0,s1,rest
661450,0,s1,rest
661460,0,s1,rest
661470,0,s1,rest
661480,0,s1,rest
661490,0,s1,rest
661500,0,s1,rest
661510,0,s1,rest
661520,0,s1,rest
661530,0,s1,rest
661540,0,s1,rest
661550,0,s1,rest
661560,0,s1,rest
661570,0,s1,rest
661580,0,s1,rest
661590,0,s1,rest
661600,0,s1,rest
661610,0,s1,rest
661620,0,s1,rest
661630,0,s1,rest
661640,0,s1,rest
661650,0,s1,rest
661660,0,s1,rest
661670,0,s1,rest
661680,0,s1,rest
661690,0,s1,rest
661700,0,s1,rest
661710,0,s1,rest
661720,0,s1,rest
661730,0,s1,rest
661740,0,s1,rest
661750,0,s1,rest
661760,0,s1,rest
661770,0,s1,rest
661780,0,s1,rest
661790,0,s1,rest
661800,0,s1,rest
661810,0,s1,rest
661820,0,s1,rest
661830,0,s1,rest
661840,0,s1,rest
661850,0,s1,rest
661860,0,s1,rest
661870,0,s1,rest
661880,0,s1,rest
661890,0,s1,rest
661900,0,s1,rest
661910,0,s1,rest
661920,0,s1,rest
661930,0,s1,rest
661940,0,s1,rest
661950,0,s1,rest
661960,0,s1,rest
661970,0,s1,rest
661980,0,s1,rest
661990,0,s1,rest
662000,0,s1,rest
662010,0,s1,rest
662020,0,s1,rest
662030,0,s1,rest
662040,0,s1,rest
662050,0,s1,rest
662060,0,s1,rest
662070,0,s1,rest
662080,0,s1,rest
662090,0,s1,rest
662100,0,s1,rest
662110,0,s1,rest
662120,0,s1,rest
662130,0,s1,rest
662140,0,s1,rest
662150,0,s1,rest
662160,0,s1,rest
662170,0,s1,rest
662180,0,s1,rest
662190,0,s1,rest
662200,0,s1,rest
662210,0,s1,rest
662220,0,s1,rest
662230,0,s1,rest
662240,0,s1,rest
662250,0,s1,rest
662260,0,s1,rest
662270,0,s1,rest
662280,0,s1,rest
662290,0,s1,rest
662300,0,s1,rest
662310,0,s1,rest
662320,0,s1,rest
662330,0,s1,rest
662340,0,s1,rest
662350,0,s1,rest
662360,0,s1,rest
662370,0,s1,rest
662380,0,s1,rest
662390,0,s1,rest
662400,0,s1,rest
662410,0,s1,rest
662420,0,s1,rest
662430,0,s1,rest
662440,0,s1,rest
662450,0,s1,rest
662460,0,s1,rest
662470,0,s1,rest
662480,0,s1,rest
662490,0,s1,rest
662500,0,s1,rest
662510,0,s1,rest
662520,0,s1,rest
662530,0,s1,rest
662540,0,s1,rest
662550,0,s1,rest
662560,0,s1,rest
662570,0,s1,rest
662580,0,s1,rest
662590,0,s1,rest
662600,0,s1,rest
662610,0,s1,rest
662620,0,s1,rest
662630,0,s1,rest
662640,0,s1,rest
662650,0,s1,rest
662660,0,s1,rest
662670,0,s1,rest
662680,0,s1,rest
662690,0,s1,rest
662700,0,s1,rest
662710,0,s1,rest
662720,0,s1,rest
662730,0,s1,rest
662740,0,s1,rest
662750,0,s1,rest
662760,0,s1,rest
662770,0,s1,rest
662780,0,s1,rest
662790,0,s1,rest
662800,0,s1,rest
662810,0,s1,rest
662820,0,s1,rest
662830,0,s1,rest
662840,0,s1,rest
662850,0,s1,rest
662860,0,s1,rest
662870,0,s1,rest
662880,0,s1,rest
662890,0,s1,rest
662900,0,s1,rest
662910,0,s1,rest
662920,0,s1,rest
662930,0,s1,rest
662940,0,s1,rest
662950,0,s1,rest
662960,0,s1,rest
662970,0,s1,rest
662980,0,s1,rest
662990,0,s1,rest
663000,0,s1,rest
663010,0,s1,rest
663020,0,s1,rest
663030,0,s1,rest
663040,0,s1,rest
663050,0,s1,rest
663060,0,s1,rest
663070,0,s1,rest
663080,0,s1,rest
663090,0,s1,rest
663100,0,s1,rest
663110,0,s1,rest
663120,0,s1,rest
663130,0,s1,rest
663140,0,s1,rest
663150,0,s1,rest
663160,0,s1,rest
663170,0,s1,rest
663180,0,s1,rest
663190,0,s1,rest
663200,0,s1,rest
663210,0,s1,rest
663220,0,s1,rest
663230,0,s1,rest
663240,0,s1,rest
663250,0,s1,rest
663260,0,s1,rest
663270,0,s1,rest
663280,0,s1,rest
663290,0,s1,rest
663300,0,s1,rest
663310,0,s1,rest
663320,0,s1,rest
663330,0,s1,rest
663340,0,s1,rest
663350,0,s1,rest
663360,0,s1,rest
663370,0,s1,rest
663380,0,s1,rest
663390,0,s1,rest
663400,0,s1,rest
663410,0,s1,rest
663420,0,s1,rest
663430,0,s1,rest
663440,0,s1,rest
663450,0,s1,rest
663460,0,s1,rest
663470,0,s1,rest
663480,0,s1,rest
663490,0,s1,rest
663500,0,s1,rest
663510,0,s1,rest
663520,0,s1,rest
663530,0,s1,rest
663540,0,s1,rest
663550,0,s1,rest
663560,0,s1,rest
663570,0,s1,rest
663580,0,s1,rest
663590,0,s1,rest
663600,0,s1,rest
663610,0,s1,rest
663620,0,s1,rest
663630,0,s1,rest
663640,0,s1,rest
663650,0,s1,rest
663660,0,s1,rest
663670,0,s1,rest
663680,0,s1,rest
663690,0,s1,rest
663700,0,s1,rest
663710,0,s1,rest
663720,0,s1,rest
663730,0,s1,rest
663740,0,s1,rest
663750,0,s1,rest
663760,0,s1,rest
663770,0,s1,rest
663780,0,s1,rest
663790,0,s1,rest
663800,0,s1,rest
663810,0,s1,rest
663820,0,s1,rest
663830,0,s1,rest
663840,0,s1,rest
663850,0,s1,rest
663860,0,s1,rest
663870,0,s1,rest
663880,0,s1,rest
663890,0,s1,rest
663900,0,s1,rest
663910,0,s1,rest
663920,0,s1,rest
663930,0,s1,rest
663940,0,s1,rest
663950,0,s1,rest
663960,0,s1,rest
663970,0,s1,rest
663980,0,s1,rest
663990,0,s1,rest
664000,0,s1,rest
664010,0,s1,rest
664020,0,s1,rest
664030,0,s1,rest
664040,0,s1,rest
664050,0,s1,rest
664060,0,s1,rest
664070,0,s1,rest
664080,0,s1,rest
664090,0,s1,rest
664100,0,s1,rest
664110,0,s1,rest
664120,0,s1,rest
664130,0,s1,rest
664140,0,s1,rest
664150,0,s1,rest
664160,0,s1,rest
664170,0,s1,rest
664180,0,s1,rest
664190,0,s1,rest
664200,0,s1,rest
664210,0,s1,rest
664220,0,s1,rest
664230,0,s1,rest
664240,0,s1,rest
664250,0,s1,rest
664260,0,s1,rest
664270,0,s1,rest
664280,0,s1,rest
664290,0,s1,rest
664300,0,s1,rest
664310,0,s1,rest
664320,0,s1,rest
664330,0,s1,rest
664340,0,s1,rest
664350,0,s1,rest
664360,0,s1,rest
664370,0,s1,rest
664380,0,s1,rest
664390,0,s1,rest
664400,0,s1,rest
664410,0,s1,rest
664420,0,s1,rest
664430,0,s1,rest
664440,0,s1,rest
664450,0,s1,rest
664460,0,s1,rest
664470,0,s1,rest
664480,0,s1,rest
664490,0,s1,rest
664500,0,s1,rest
664510,0,s1,rest
664520,0,s1,rest
664530,0,s1,rest
664540,0,s1,rest
664550,0,s1,rest
664560,0,s1,rest
664570,0,s1,rest
664580,0,s1,rest
664590,0,s1,rest
664600,0,s1,rest
664610,0,s1,rest
664620,0,s1,rest
664630,0,s1,rest
664640,0,s1,rest
664650,0,s1,rest
664660,0,s1,rest
664670,0,s1,rest
664680,0,s1,rest
664690,0,s1,rest
664700,0,s1,rest
664710,0,s1,rest
664720,0,s1,rest
664730,0,s1,rest
664740,0,s1,rest
664750,0,s1,rest
664760,0,s1,rest
664770,0,s1,rest
664780,0,s1,rest
664790,0,s1,rest
664800,0,s1,rest
664810,0,s1,rest
664820,0,s1,rest
664830,0,s1,rest
664840,0,s1,rest
664850,0,s1,rest
664860,0,s1,rest
664870,0,s1,rest
664880,0,s1,rest
664890,0,s1,rest
664900,0,s1,rest
664910,0,s1,rest
664920,0,s1,rest
664930,0,s1,rest
664940,0,s1,rest
664950,0,s1,rest
664960,0,s1,rest
664970,0,s1,rest
664980,0,s1,rest
664990,0,s1,rest
665000,0,s1,rest
665010,0,s1,rest
665020,0,s1,rest
665030,0,s1,rest
665040,0,s1,rest
665050,0,s1,rest
665060,0,s1,rest
665070,0,s1,rest
665080,0,s1,rest
665090,0,s1,rest
665100,0,s1,rest
665110,0,s1,rest
665120,0,s1,rest
665130,0,s1,rest
665140,0,s1,rest
665150,0,s1,rest
665160,0,s1,rest
665170,0,s1,rest
665180,0,s1,rest
665190,0,s1,rest
665200,0,s1,rest
665210,0,s1,rest
665220,0,s1,rest
665230,0,s1,rest
665240,0,s1,rest
665250,0,s1,rest
665260,0,s1,rest
665270,0,s1,rest
665280,0,s1,rest
665290,0,s1,rest
665300,0,s1,rest
665310,0,s1,rest
665320,0,s1,rest
665330,0,s1,rest
665340,0,s1,rest
665350,0,s1,rest
665360,0,s1,rest
665370,0,s1,rest
665380,0,s1,rest
665390,0,s1,rest
665400,0,s1,rest
665410,0,s1,rest
665420,0,s1,rest
665430,0,s1,rest
665440,0,s1,rest
665450,0,s1,rest
665460,0,s1,rest
665470,0,s1,rest
665480,0,s1,rest
665490,0,s1,rest
665500,0,s1,rest
665510,0,s1,rest
665520,0,s1,rest
665530,0,s1,rest
665540,0,s1,rest
665550,0,s1,rest
665560,0,s1,rest
665570,0,s1,rest
665580,0,s1,rest
665590,0,s1,rest
665600,0,s1,rest
665610,0,s1,rest
665620,0,s1,rest
665630,0,s1,rest
665640,0,s1,rest
665650,0,s1,rest
665660,0,s1,rest
665670,0,s1,rest
665680,0,s1,rest
665690,0,s1,rest
665700,0,s1,rest
665710,0,s1,rest
665720,0,s1,rest
665730,0,s1,rest
665740,0,s1,rest
665750,0,s1,rest
665760,0,s1,rest
665770,0,s1,rest
665780,0,s1,rest
665790,0,s1,rest
665800,0,s1,rest
665810,0,s1,rest
665820,0,s1,rest
665830,0,s1,rest
665840,0,s1,rest
665850,0,s1,rest
665860,0,s1,rest
665870,0,s1,rest
665880,0,s1,rest
665890,0,s1,rest
665900,0,s1,rest
665910,0,s1,rest
665920,0,s1,rest
665930,0,s1,rest
665940,0,s1,rest
665950,0,s1,rest
665960,0,s1,rest
665970,0,s1,rest
665980,0,s1,rest
665990,0,s1,rest
666000,0,s1,rest
666010,0,s1,rest
666020,0,s1,rest
666030,0,s1,rest
666040,0,s1,rest
666050,0,s1,rest
666060,0,s1,rest
666070,0,s1,rest
666080,0,s1,rest
666090,0,s1,rest
666100,0,s1,rest
666110,0,s1,rest
666120,0,s1,rest
666130,0,s1,rest
666140,0,s1,rest
666150,0,s1,rest
666160,0,s1,rest
666170,0,s1,rest
666180,0,s1,rest
666190,0,s1,rest
666200,0,s1,rest
666210,0,s1,rest
666220,0,s1,rest
666230,0,s1,rest
666240,0,s1,rest
666250,0,s1,rest
666260,0,s1,rest
666270,0,s1,rest
666280,0,s1,rest
666290,0,s1,rest
666300,0,s1,rest
666310,0,s1,rest
666320,0,s1,rest
666330,0,s1,rest
666340,0,s1,rest
666350,0,s1,rest
666360,0,s1,rest
666370,0,s1,rest
666380,0,s1,rest
666390,0,s1,rest
666400,0,s1,rest
666410,0,s1,rest
666420,0,s1,rest
666430,0,s1,rest
666440,0,s1,rest
666450,0,s1,rest
666460,0,s1,rest
666470,0,s1,rest
666480,0,s1,rest
666490,0,s1,rest
666500,0,s1,rest
666510,0,s1,rest
666520,0,s1,rest
666530,0,s1,rest
666540,0,s1,rest
666550,0,s1,rest
666560,0,s1,rest
666570,0,s1,rest
666580,0,s1,rest
666590,0,s1,rest
666600,0,s1,rest
666610,0,s1,rest
666620,0,s1,rest
666630,0,s1,rest
666640,0,s1,rest
666650,0,s1,rest
666660,0,s1,rest
666670,0,s1,rest
666680,0,s1,rest
666690,0,s1,rest
666700,0,s1,rest
666710,0,s1,rest
666720,0,s1,rest
666730,0,s1,rest
666740,0,s1,rest
666750,0,s1,rest
666760,0,s1,rest
666770,0,s1,rest
666780,0,s1,rest
666790,0,s1,rest
666800,0,s1,rest
666810,0,s1,rest
666820,0,s1,rest
666830,0,s1,rest
666840,0,s1,rest
666850,0,s1,rest
666860,0,s1,rest
666870,0,s1,rest
666880,0,s1,rest
666890,0,s1,rest
666900,0,s1,rest
666910,0,s1,rest
666920,0,s1,rest
666930,0,s1,rest
666940,0,s1,rest
666950,0,s1,rest
666960,0,s1,rest
666970,0,s1,rest
666980,0,s1,rest
666990,0,s1,rest
667000,0,s1,rest
667010,0,s1,rest
667020,0,s1,rest
667030,0,s1,rest
667040,0,s1,rest
667050,0,s1,rest
667060,0,s1,rest
667070,0,s1,rest
667080,0,s1,rest
667090,0,s1,rest
667100,0,s1,rest
667110,0,s1,rest
667120,0,s1,rest
667130,0,s1,rest
667140,0,s1,rest
667150,0,s1,rest
667160,0,s1,rest
667170,0,s1,rest
667180,0,s1,rest
667190,0,s1,rest
667200,0,s1,rest
667210,0,s1,rest
667220,0,s1,rest
667230,0,s1,rest
667240,0,s1,rest
667250,0,s1,rest
667260,0,s1,rest
667270,0,s1,rest
667280,0,s1,rest
667290,0,s1,rest
667300,0,s1,rest
667310,0,s1,rest
667320,0,s1,rest
667330,0,s1,rest
667340,0,s1,rest
667350,0,s1,rest
667360,0,s1,rest
667370,0,s1,rest
667380,0,s1,rest
667390,0,s1,rest
667400,0,s1,rest
667410,0,s1,rest
667420,0,s1,rest
667430,0,s1,rest
667440,0,s1,rest
667450,0,s1,rest
667460,0,s1,rest
667470,0,s1,rest
667480,0,s1,rest
667490,0,s1,rest
667500,0,s1,rest
667510,0,s1,rest
667520,0,s1,rest
667530,0,s1,rest
667540,0,s1,rest
667550,0,s1,rest
667560,0,s1,rest
667570,0,s1,rest
667580,0,s1,rest
667590,0,s1,rest
667600,0,s1,rest
667610,0,s1,rest
667620,0,s1,rest
667630,0,s1,rest
667640,0,s1,rest
667650,0,s1,rest
667660,0,s1,rest
667670,0,s1,rest
667680,0,s1,rest
667690,0,s1,rest
667700,0,s1,rest
667710,0,s1,rest
667720,0,s1,rest
667730,0,s1,rest
667740,0,s1,rest
667750,0,s1,rest
667760,0,s1,rest
667770,0,s1,rest
667780,0,s1,rest
667790,0,s1,rest
667800,0,s1,rest
667810,0,s1,rest
667820,0,s1,rest
667830,0,s1,rest
667840,0,s1,rest
667850,0,s1,rest
667860,0,s1,rest
667870,0,s1,rest
667880,0,s1,rest
667890,0,s1,rest
667900,0,s1,rest
667910,0,s1,rest
667920,0,s1,rest
667930,0,s1,rest
667940,0,s1,rest
667950,0,s1,rest
667960,0,s1,rest
667970,0,s1,rest
667980,0,s1,rest
667990,0,s1,rest
668000,0,s1,rest
668010,0,s1,rest
668020,0,s1,rest
668030,0,s1,rest
668040,0,s1,rest
668050,0,s1,rest
668060,0,s1,rest
668070,0,s1,rest
668080,0,s1,rest
668090,0,s1,rest
668100,0,s1,rest
668110,0,s1,rest
668120,0,s1,rest
668130,0,s1,rest
668140,0,s1,rest
668150,0,s1,rest
668160,0,s1,rest
668170,0,s1,rest
668180,0,s1,rest
668190,0,s1,rest
668200,0,s1,rest
668210,0,s1,rest
668220,0,s1,rest
668230,0,s1,rest
668240,0,s1,rest
668250,0,s1,rest
668260,0,s1,rest
668270,0,s1,rest
668280,0,s1,rest
668290,0,s1,rest
668300,0,s1,rest
668310,0,s1,rest
668320,0,s1,rest
668330,0,s1,rest
668340,0,s1,rest
668350,0,s1,rest
668360,0,s1,rest
668370,0,s1,rest
668380,0,s1,rest
668390,0,s1,rest
668400,0,s1,rest
668410,0,s1,rest
668420,0,s1,rest
668430,0,s1,rest
668440,0,s1,rest
668450,0,s1,rest
668460,0,s1,rest
668470,0,s1,rest
668480,0,s1,rest
668490,0,s1,rest
668500,0,s1,rest
668510,0,s1,rest
668520,0,s1,rest
668530,0,s1,rest
668540,0,s1,rest
668550,0,s1,rest
668560,0,s1,rest
668570,0,s1,rest
668580,0,s1,rest
668590,0,s1,rest
668600,0,s1,rest
668610,0,s1,rest
668620,0,s1,rest
668630,0,s1,rest
668640,0,s1,rest
668650,0,s1,rest
668660,0,s1,rest
668670,0,s1,rest
668680,0,s1,rest
668690,0,s1,rest
668700,0,s1,rest
668710,0,s1,rest
668720,0,s1,rest
668730,0,s1,rest
668740,0,s1,rest
668750,0,s1,rest
668760,0,s1,rest
668770,0,s1,rest
668780,0,s1,rest
668790,0,s1,rest
668800,0,s1,rest
668810,0,s1,rest
668820,0,s1,rest
668830,0,s1,rest
668840,0,s1,rest
668850,0,s1,rest
668860,0,s1,rest
668870,0,s1,rest
668880,0,s1,rest
668890,0,s1,rest
668900,0,s1,rest
668910,0,s1,rest
668920,0,s1,rest
668930,0,s1,rest
668940,0,s1,rest
668950,0,s1,rest
668960,0,s1,rest
668970,0,s1,rest
668980,0,s1,rest
668990,0,s1,rest
669000,0,s1,rest
669010,0,s1,rest
669020,0,s1,rest
669030,0,s1,rest
669040,0,s1,rest
669050,0,s1,rest
669060,0,s1,rest
669070,0,s1,rest
669080,0,s1,rest
669090,0,s1,rest
669100,0,s1,rest
669110,0,s1,rest
669120,0,s1,rest
669130,0,s1,rest
669140,0,s1,rest
669150,0,s1,rest
669160,0,s1,rest
669170,0,s1,rest
669180,0,s1,rest
669190,0,s1,rest
669200,0,s1,rest
669210,0,s1,rest
669220,0,s1,rest
669230,0,s1,rest
669240,0,s1,rest
669250,0,s1,rest
669260,0,s1,rest
669270,0,s1,rest
669280,0,s1,rest
669290,0,s1,rest
669300,0,s1,rest
669310,0,s1,rest
669320,0,s1,rest
669330,0,s1,rest
669340,0,s1,rest
669350,0,s1,rest
669360,0,s1,rest
669370,0,s1,rest
669380,0,s1,rest
669390,0,s1,rest
669400,0,s1,rest
669410,0,s1,rest
669420,0,s1,rest
669430,0,s1,rest
669440,0,s1,rest
669450,0,s1,rest
669460,0,s1,rest
669470,0,s1,rest
669480,0,s1,rest
669490,0,s1,rest
669500,0,s1,rest
669510,0,s1,rest
669520,0,s1,rest
669530,0,s1,rest
669540,0,s1,rest
669550,0,s1,rest
669560,0,s1,rest
669570,0,s1,rest
669580,0,s1,rest
669590,0,s1,rest
669600,0,s1,rest
669610,0,s1,rest
669620,0,s1,rest
669630,0,s1,rest
669640,0,s1,rest
669650,0,s1,rest
669660,0,s1,rest
669670,0,s1,rest
669680,0,s1,rest
669690,0,s1,rest
669700,0,s1,rest
669710,0,s1,rest
669720,0,s1,rest
669730,0,s1,rest
669740,0,s1,rest
669750,0,s1,rest
669760,0,s1,rest
669770,0,s1,rest
669780,0,s1,rest
669790,0,s1,rest
669800,0,s1,rest
669810,0,s1,rest
669820,0,s1,rest
669830,0,s1,rest
669840,0,s1,rest
669850,0,s1,rest
669860,0,s1,rest
669870,0,s1,rest
669880,0,s1,rest
669890,0,s1,rest
669900,0,s1,rest
669910,0,s1,rest
669920,0,s1,rest
669930,0,s1,rest
669940,0,s1,rest
669950,0,s1,rest
669960,0,s1,rest
669970,0,s1,rest
669980,0,s1,rest
669990,0,s1,rest
670000,0,s1,rest
670010,0,s1,rest
670020,0,s1,rest
670030,0,s1,rest
670040,0,s1,rest
670050,0,s1,rest
670060,0,s1,rest
670070,0,s1,rest
670080,0,s1,rest
670090,0,s1,rest
670100,0,s1,rest
670110,0,s1,rest
670120,0,s1,rest
670130,0,s1,rest
670140,0,s1,rest
670150,0,s1,rest
670160,0,s1,rest
670170,0,s1,rest
670180,0,s1,rest
670190,0,s1,rest
670200,0,s1,rest
670210,0,s1,rest
670220,0,s1,rest
670230,0,s1,rest
670240,0,s1,rest
670250,0,s1,rest
670260,0,s1,rest
670270,0,s1,rest
670280,0,s1,rest
670290,0,s1,rest
670300,0,s1,rest
670310,0,s1,rest
670320,0,s1,rest
670330,0,s1,rest
670340,0,s1,rest
670350,0,s1,rest
670360,0,s1,rest
670370,0,s1,rest
670380,0,s1,rest
670390,0,s1,rest
670400,0,s1,rest
670410,0,s1,rest
670420,0,s1,rest
670430,0,s1,rest
670440,0,s1,rest
670450,0,s1,rest
670460,0,s1,rest
670470,0,s1,rest
670480,0,s1,rest
670490,0,s1,rest
670500,0,s1,rest
670510,0,s1,rest
670520,0,s1,rest
670530,0,s1,rest
670540,0,s1,rest
670550,0,s1,rest
670560,0,s1,rest
670570,0,s1,rest
670580,0,s1,rest
670590,0,s1,rest
670600,0,s1,rest
670610,0,s1,rest
670620,0,s1,rest
670630,0,s1,rest
670640,0,s1,rest
670650,0,s1,rest
670660,0,s1,rest
670670,0,s1,rest
670680,0,s1,rest
670690,0,s1,rest
670700,0,s1,rest
670710,0,s1,rest
670720,0,s1,rest
670730,0,s1,rest
670740,0,s1,rest
670750,0,s1,rest
670760,0,s1,rest
670770,0,s1,rest
670780,0,s1,rest
670790,0,s1,rest
670800,0,s1,rest
670810,0,s1,rest
670820,0,s1,rest
670830,0,s1,rest
670840,0,s1,rest
670850,0,s1,rest
670860,0,s1,rest
670870,0,s1,rest
670880,0,s1,rest
670890,0,s1,rest
670900,0,s1,rest
670910,0,s1,rest
670920,0,s1,rest
670930,0,s1,rest
670940,0,s1,rest
670950,0,s1,rest
670960,0,s1,rest
670970,0,s1,rest
670980,0,s1,rest
670990,0,s1,rest
671000,0,s1,rest
671010,0,s1,rest
671020,0,s1,rest
671030,0,s1,rest
671040,0,s1,rest
671050,0,s1,rest
671060,0,s1,rest
671070,0,s1,rest
671080,0,s1,rest
671090,0,s1,rest
671100,0,s1,rest
671110,0,s1,rest
671120,0,s1,rest
671130,0,s1,rest
671140,0,s1,rest
671150,0,s1,rest
671160,0,s1,rest
671170,0,s1,rest
671180,0,s1,rest
671190,0,s1,rest
671200,0,s1,rest
671210,0,s1,rest
671220,0,s1,rest
671230,0,s1,rest
671240,0,s1,rest
671250,0,s1,rest
671260,0,s1,rest
671270,0,s1,rest
671280,0,s1,rest
671290,0,s1,rest
671300,0,s1,rest
671310,0,s1,rest
671320,0,s1,rest
671330,0,s1,rest
671340,0,s1,rest
671350,0,s1,rest
671360,0,s1,rest
671370,0,s1,rest
671380,0,s1,rest
671390,0,s1,rest
671400,0,s1,rest
671410,0,s1,rest
671420,0,s1,rest
671430,0,s1,rest
671440,0,s1,rest
671450,0,s1,rest
671460,0,s1,rest
671470,0,s1,rest
671480,0,s1,rest
671490,0,s1,rest
671500,0,s1,rest
671510,0,s1,rest
671520,0,s1,rest
671530,0,s1,rest
671540,0,s1,rest
671550,0,s1,rest
671560,0,s1,rest
671570,0,s1,rest
671580,0,s1,rest
671590,0,s1,rest
671600,0,s1,rest
671610,0,s1,rest
671620,0,s1,rest
671630,0,s1,rest
671640,0,s1,rest
671650,0,s1,rest
671660,0,s1,rest
671670,0,s1,rest
671680,0,s1,rest
671690,0,s1,rest
671700,0,s1,rest
671710,0,s1,rest
671720,0,s1,rest
671730,0,s1,rest
671740,0,s1,rest
671750,0,s1,rest
671760,0,s1,rest
671770,0,s1,rest
671780,0,s1,rest
671790,0,s1,rest
671800,0,s1,rest
671810,0,s1,rest
671820,0,s1,rest
671830,0,s1,rest
671840,0,s1,rest
671850,0,s1,rest
671860,0,s1,rest
671870,0,s1,rest
671880,0,s1,rest
671890,0,s1,rest
671900,0,s1,rest
671910,0,s1,rest
671920,0,s1,rest
671930,0,s1,rest
671940,0,s1,rest
671950,0,s1,rest
671960,0,s1,rest
671970,0,s1,rest
671980,0,s1,rest
671990,0,s1,rest
672000,0,s1,rest
672010,0,s1,rest
672020,0,s1,rest
672030,0,s1,rest
672040,0,s1,rest
672050,0,s1,rest
672060,0,s1,rest
672070,0,s1,rest
672080,0,s1,rest
672090,0,s1,rest
672100,0,s1,rest
672110,0,s1,rest
672120,0,s1,rest
672130,0,s1,rest
672140,0,s1,rest
672150,0,s1,rest
672160,0,s1,rest
672170,0,s1,rest
672180,0,s1,rest
672190,0,s1,rest
672200,0,s1,rest
672210,0,s1,rest
672220,0,s1,rest
672230,0,s1,rest
672240,0,s1,rest
672250,0,s1,rest
672260,0,s1,rest
672270,0,s1,rest
672280,0,s1,rest
672290,0,s1,rest
672300,0,s1,rest
672310,0,s1,rest
672320,0,s1,rest
672330,0,s1,rest
672340,0,s1,rest
672350,0,s1,rest
672360,0,s1,rest
672370,0,s1,rest
672380,0,s1,rest
672390,0,s1,rest
672400,0,s1,rest
672410,0,s1,rest
672420,0,s1,rest
672430,0,s1,rest
672440,0,s1,rest
672450,0,s1,rest
672460,0,s1,rest
672470,0,s1,rest
672480,0,s1,rest
672490,0,s1,rest
672500,0,s1,rest
672510,0,s1,rest
672520,0,s1,rest
672530,0,s1,rest
672540,0,s1,rest
672550,0,s1,rest
672560,0,s1,rest
672570,0,s1,rest
672580,0,s1,rest
672590,0,s1,rest
672600,0,s1,rest
672610,0,s1,rest
672620,0,s1,rest
672630,0,s1,rest
672640,0,s1,rest
672650,0,s1,rest
672660,0,s1,rest
672670,0,s1,rest
672680,0,s1,rest
672690,0,s1,rest
672700,0,s1,rest
672710,0,s1,rest
672720,0,s1,rest
672730,0,s1,rest
672740,0,s1,rest
672750,0,s1,rest
672760,0,s1,rest
672770,0,s1,rest
672780,0,s1,rest
672790,0,s1,rest
672800,0,s1,rest
672810,0,s1,rest
672820,0,s1,rest
672830,0,s1,rest
672840,0,s1,rest
672850,0,s1,rest
672860,0,s1,rest
672870,0,s1,rest
672880,0,s1,rest
672890,0,s1,rest
672900,0,s1,rest
672910,0,s1,rest
672920,0,s1,rest
672930,0,s1,rest
672940,0,s1,rest
672950,0,s1,rest
672960,0,s1,rest
672970,0,s1,rest
672980,0,s1,rest
672990,0,s1,rest
673000,0,s1,rest
673010,0,s1,rest
673020,0,s1,rest
673030,0,s1,rest
673040,0,s1,rest
673050,0,s1,rest
673060,0,s1,rest
673070,0,s1,rest
673080,0,s1,rest
673090,0,s1,rest
673100,0,s1,rest
673110,0,s1,rest
673120,0,s1,rest
673130,0,s1,rest
673140,0,s1,rest
673150,0,s1,rest
673160,0,s1,rest
673170,0,s1,rest
673180,0,s1,rest
673190,0,s1,rest
673200,0,s1,rest
673210,0,s1,rest
673220,0,s1,rest
673230,0,s1,rest
673240,0,s1,rest
673250,0,s1,rest
673260,0,s1,rest
673270,0,s1,rest
673280,0,s1,rest
673290,0,s1,rest
673300,0,s1,rest
673310,0,s1,rest
673320,0,s1,rest
673330,0,s1,rest
673340,0,s1,rest
673350,0,s1,rest
673360,0,s1,rest
673370,0,s1,rest
673380,0,s1,rest
673390,0,s1,rest
673400,0,s1,rest
673410,0,s1,rest
673420,0,s1,rest
673430,0,s1,rest
673440,0,s1,rest
673450,0,s1,rest
673460,0,s1,rest
673470,0,s1,rest
673480,0,s1,rest
673490,0,s1,rest
673500,0,s1,rest
673510,0,s1,rest
673520,0,s1,rest
673530,0,s1,rest
673540,0,s1,rest
673550,0,s1,rest
673560,0,s1,rest
673570,0,s1,rest
673580,0,s1,rest
673590,0,s1,rest
673600,0,s1,rest
673610,0,s1,rest
673620,0,s1,rest
673630,0,s1,rest
673640,0,s1,rest
673650,0,s1,rest
673660,0,s1,rest
673670,0,s1,rest
673680,0,s1,rest
673690,0,s1,rest
673700,0,s1,rest
673710,0,s1,rest
673720,0,s1,rest
673730,0,s1,rest
673740,0,s1,rest
673750,0,s1,rest
673760,0,s1,rest
673770,0,s1,rest
673780,0,s1,rest
673790,0,s1,rest
673800,0,s1,rest
673810,0,s1,rest
673820,0,s1,rest
673830,0,s1,rest
673840,0,s1,rest
673850,0,s1,rest
673860,0,s1,rest
673870,0,s1,rest
673880,0,s1,rest
673890,0,s1,rest
673900,0,s1,rest
673910,0,s1,rest
673920,0,s1,rest
673930,0,s1,rest
673940,0,s1,rest
673950,0,s1,rest
673960,0,s1,rest
673970,0,s1,rest
673980,0,s1,rest
673990,0,s1,rest
674000,0,s1,rest
674010,0,s1,rest
674020,0,s1,rest
674030,0,s1,rest
674040,0,s1,rest
674050,0,s1,rest
674060,0,s1,rest
674070,0,s1,rest
674080,0,s1,rest
674090,0,s1,rest
674100,0,s1,rest
674110,0,s1,rest
674120,0,s1,rest
674130,0,s1,rest
674140,0,s1,rest
674150,0,s1,rest
674160,0,s1,rest
674170,0,s1,rest
674180,0,s1,rest
674190,0,s1,rest
674200,0,s1,rest
674210,0,s1,rest
674220,0,s1,rest
674230,0,s1,rest
674240,0,s1,rest
674250,0,s1,rest
674260,0,s1,rest
674270,0,s1,rest
674280,0,s1,rest
674290,0,s1,rest
674300,0,s1,rest
674310,0,s1,rest
674320,0,s1,rest
674330,0,s1,rest
674340,0,s1,rest
674350,0,s1,rest
674360,0,s1,rest
674370,0,s1,rest
674380,0,s1,rest
674390,0,s1,rest
674400,0,s1,rest
674410,0,s1,rest
674420,0,s1,rest
674430,0,s1,rest
674440,0,s1,rest
674450,0,s1,rest
674460,0,s1,rest
674470,0,s1,rest
674480,0,s1,rest
674490,0,s1,rest
674500,0,s1,rest
674510,0,s1,rest
674520,0,s1,rest
674530,0,s1,rest
674540,0,s1,rest
674550,0,s1,rest
674560,0,s1,rest
674570,0,s1,rest
674580,0,s1,rest
674590,0,s1,rest
674600,0,s1,rest
674610,0,s1,rest
674620,0,s1,rest
674630,0,s1,rest
674640,0,s1,rest
674650,0,s1,rest
674660,0,s1,rest
674670,0,s1,rest
674680,0,s1,rest
674690,0,s1,rest
674700,0,s1,rest
674710,0,s1,rest
674720,0,s1,rest
674730,0,s1,rest
674740,0,s1,rest
674750,0,s1,rest
674760,0,s1,rest
674770,0,s1,rest
674780,0,s1,rest
674790,0,s1,rest
674800,0,s1,rest
674810,0,s1,rest
674820,0,s1,rest
674830,0,s1,rest
674840,0,s1,rest
674850,0,s1,rest
674860,0,s1,rest
674870,0,s1,rest
674880,0,s1,rest
674890,0,s1,rest
674900,0,s1,rest
674910,0,s1,rest
674920,0,s1,rest
674930,0,s1,rest
674940,0,s1,rest
674950,0,s1,rest
674960,0,s1,rest
674970,0,s1,rest
674980,0,s1,rest
674990,0,s1,rest
675000,0,s1,rest
675010,0,s1,rest
675020,0,s1,rest
675030,0,s1,rest
675040,0,s1,rest
675050,0,s1,rest
675060,0,s1,rest
675070,0,s1,rest
675080,0,s1,rest
675090,0,s1,rest
675100,0,s1,rest
675110,0,s1,rest
675120,0,s1,rest
675130,0,s1,rest
675140,0,s1,rest
675150,0,s1,rest
675160,0,s1,rest
675170,0,s1,rest
675180,0,s1,rest
675190,0,s1,rest
675200,0,s1,rest
675210,0,s1,rest
675220,0,s1,rest
675230,0,s1,rest
675240,0,s1,rest
675250,0,s1,rest
675260,0,s1,rest
675270,0,s1,rest
675280,0,s1,rest
675290,0,s1,rest
675300,0,s1,rest
675310,0,s1,rest
675320,0,s1,rest
675330,0,s1,rest
675340,0,s1,rest
675350,0,s1,rest
675360,0,s1,rest
675370,0,s1,rest
675380,0,s1,rest
675390,0,s1,rest
675400,0,s1,rest
675410,0,s1,rest
675420,0,s1,rest
675430,0,s1,rest
675440,0,s1,rest
675450,0,s1,rest
675460,0,s1,rest
675470,0,s1,rest
675480,0,s1,rest
675490,0,s1,rest
675500,0,s1,rest
675510,0,s1,rest
675520,0,s1,rest
675530,0,s1,rest
675540,0,s1,rest
675550,0,s1,rest
675560,0,s1,rest
675570,0,s1,rest
675580,0,s1,rest
675590,0,s1,rest
675600,0,s1,rest
675610,0,s1,rest
675620,0,s1,rest
675630,0,s1,rest
675640,0,s1,rest
675650,0,s1,rest
675660,0,s1,rest
675670,0,s1,rest
675680,0,s1,rest
675690,0,s1,rest
675700,0,s1,rest
675710,0,s1,rest
675720,0,s1,rest
675730,0,s1,rest
675740,0,s1,rest
675750,0,s1,rest
675760,0,s1,rest
675770,0,s1,rest
675780,0,s1,rest
675790,0,s1,rest
675800,0,s1,rest
675810,0,s1,rest
675820,0,s1,rest
675830,0,s1,rest
675840,0,s1,rest
675850,0,s1,rest
675860,0,s1,rest
675870,0,s1,rest
675880,0,s1,rest
675890,0,s1,rest
675900,0,s1,rest
675910,0,s1,rest
675920,0,s1,rest
675930,0,s1,rest
675940,0,s1,rest
675950,0,s1,rest
675960,0,s1,rest
675970,0,s1,rest
675980,0,s1,rest
675990,0,s1,rest
676000,0,s1,rest
676010,0,s1,rest
676020,0,s1,rest
676030,0,s1,rest
676040,0,s1,rest
676050,0,s1,rest
676060,0,s1,rest
676070,0,s1,rest
676080,0,s1,rest
676090,0,s1,rest
676100,0,s1,rest
676110,0,s1,rest
676120,0,s1,rest
676130,0,s1,rest
676140,0,s1,rest
676150,0,s1,rest
676160,0,s1,rest
676170,0,s1,rest
676180,0,s1,rest
676190,0,s1,rest
676200,0,s1,rest
676210,0,s1,rest
676220,0,s1,rest
676230,0,s1,rest
676240,0,s1,rest
676250,0,s1,rest
676260,0,s1,rest
676270,0,s1,rest
676280,0,s1,rest
676290,0,s1,rest
676300,0,s1,rest
676310,0,s1,rest
676320,0,s1,rest
676330,0,s1,rest
676340,0,s1,rest
676350,0,s1,rest
676360,0,s1,rest
676370,0,s1,rest
676380,0,s1,rest
676390,0,s1,rest
676400,0,s1,rest
676410,0,s1,rest
676420,0,s1,rest
676430,0,s1,rest
676440,0,s1,rest
676450,0,s1,rest
676460,0,s1,rest
676470,0,s1,rest
676480,0,s1,rest
676490,0,s1,rest
676500,0,s1,rest
676510,0,s1,rest
676520,0,s1,rest
676530,0,s1,rest
676540,0,s1,rest
676550,0,s1,rest
676560,0,s1,rest
676570,0,s1,rest
676580,0,s1,rest
676590,0,s1,rest
676600,0,s1,rest
676610,0,s1,rest
676620,0,s1,rest
676630,0,s1,rest
676640,0,s1,rest
676650,0,s1,rest
676660,0,s1,rest
676670,0,s1,rest
676680,0,s1,rest
676690,0,s1,rest
676700,0,s1,rest
676710,0,s1,rest
676720,0,s1,rest
676730,0,s1,rest
676740,0,s1,rest
676750,0,s1,rest
676760,0,s1,rest
676770,0,s1,rest
676780,0,s1,rest
676790,0,s1,rest
676800,0,s1,rest
676810,0,s1,rest
676820,0,s1,rest
676830,0,s1,rest
676840,0,s1,rest
676850,0,s1,rest
676860,0,s1,rest
676870,0,s1,rest
676880,0,s1,rest
676890,0,s1,rest
676900,0,s1,rest
676910,0,s1,rest
676920,0,s1,rest
676930,0,s1,rest
676940,0,s1,rest
676950,0,s1,rest
676960,0,s1,rest
676970,0,s1,rest
676980,0,s1,rest
676990,0,s1,rest
677000,0,s1,rest
677010,0,s1,rest
677020,0,s1,rest
677030,0,s1,rest
677040,0,s1,rest
677050,0,s1,rest
677060,0,s1,rest
677070,0,s1,rest
677080,0,s1,rest
677090,0,s1,rest
677100,0,s1,rest
677110,0,s1,rest
677120,0,s1,rest
677130,0,s1,rest
677140,0,s1,rest
677150,0,s1,rest
677160,0,s1,rest
677170,0,s1,rest
677180,0,s1,rest
677190,0,s1,rest
677200,0,s1,rest
677210,0,s1,rest
677220,0,s1,rest
677230,0,s1,rest
677240,0,s1,rest
677250,0,s1,rest
677260,0,s1,rest
677270,0,s1,rest
677280,0,s1,rest
677290,0,s1,rest
677300,0,s1,rest
677310,0,s1,rest
677320,0,s1,rest
677330,0,s1,rest
677340,0,s1,rest
677350,0,s1,rest
677360,0,s1,rest
677370,0,s1,rest
677380,0,s1,rest
677390,0,s1,rest
677400,0,s1,rest
677410,0,s1,rest
677420,0,s1,rest
677430,0,s1,rest
677440,0,s1,rest
677450,0,s1,rest
677460,0,s1,rest
677470,0,s1,rest
677480,0,s1,rest
677490,0,s1,rest
677500,0,s1,rest
677510,0,s1,rest
677520,0,s1,rest
677530,0,s1,rest
677540,0,s1,rest
677550,0,s1,rest
677560,0,s1,rest
677570,0,s1,rest
677580,0,s1,rest
677590,0,s1,rest
677600,0,s1,rest
677610,0,s1,rest
677620,0,s1,rest
677630,0,s1,rest
677640,0,s1,rest
677650,0,s1,rest
677660,0,s1,rest
677670,0,s1,rest
677680,0,s1,rest
677690,0,s1,rest
677700,0,s1,rest
677710,0,s1,rest
677720,0,s1,rest
677730,0,s1,rest
677740,0,s1,rest
677750,0,s1,rest
677760,0,s1,rest
677770,0,s1,rest
677780,0,s1,rest
677790,0,s1,rest
677800,0,s1,rest
677810,0,s1,rest
677820,0,s1,rest
677830,0,s1,rest
677840,0,s1,rest
677850,0,s1,rest
677860,0,s1,rest
677870,0,s1,rest
677880,0,s1,rest
677890,0,s1,rest
677900,0,s1,rest
677910,0,s1,rest
677920,0,s1,rest
677930,0,s1,rest
677940,0,s1,rest
677950,0,s1,rest
677960,0,s1,rest
677970,0,s1,rest
677980,0,s1,rest
677990,0,s1,rest
678000,0,s1,rest
678010,0,s1,rest
678020,0,s1,rest
678030,0,s1,rest
678040,0,s1,rest
678050,0,s1,rest
678060,0,s1,rest
678070,0,s1,rest
678080,0,s1,rest
678090,0,s1,rest
678100,0,s1,rest
678110,0,s1,rest
678120,0,s1,rest
678130,0,s1,rest
678140,0,s1,rest
678150,0,s1,rest
678160,0,s1,rest
678170,0,s1,rest
678180,0,s1,rest
678190,0,s1,rest
678200,0,s1,rest
678210,0,s1,rest
678220,0,s1,rest
678230,0,s1,rest
678240,0,s1,rest
678250,0,s1,rest
678260,0,s1,rest
678270,0,s1,rest
678280,0,s1,rest
678290,0,s1,rest
678300,0,s1,rest
678310,0,s1,rest
678320,0,s1,rest
678330,0,s1,rest
678340,0,s1,rest
678350,0,s1,rest
678360,0,s1,rest
678370,0,s1,rest
678380,0,s1,rest
678390,0,s1,rest
678400,0,s1,rest
678410,0,s1,rest
678420,0,s1,rest
678430,0,s1,rest
678440,0,s1,rest
678450,0,s1,rest
678460,0,s1,rest
678470,0,s1,rest
678480,0,s1,rest
678490,0,s1,rest
678500,0,s1,rest
678510,0,s1,rest
678520,0,s1,rest
678530,0,s1,rest
678540,0,s1,rest
678550,0,s1,rest
678560,0,s1,rest
678570,0,s1,rest
678580,0,s1,rest
678590,0,s1,rest
678600,0,s1,rest
678610,0,s1,rest
678620,0,s1,rest
678630,0,s1,rest
678640,0,s1,rest
678650,0,s1,rest
678660,0,s1,rest
678670,0,s1,rest
678680,0,s1,rest
678690,0,s1,rest
678700,0,s1,rest
678710,0,s1,rest
678720,0,s1,rest
678730,0,s1,rest
678740,0,s1,rest
678750,0,s1,rest
678760,0,s1,rest
678770,0,s1,rest
678780,0,s1,rest
678790,0,s1,rest
678800,0,s1,rest
678810,0,s1,rest
678820,0,s1,rest
678830,0,s1,rest
678840,0,s1,rest
678850,0,s1,rest
678860,0,s1,rest
678870,0,s1,rest
678880,0,s1,rest
678890,0,s1,rest
678900,0,s1,rest
678910,0,s1,rest
678920,0,s1,rest
678930,0,s1,rest
678940,0,s1,rest
678950,0,s1,rest
678960,0,s1,rest
678970,0,s1,rest
678980,0,s1,rest
678990,0,s1,rest
679000,0,s1,rest
679010,0,s1,rest
679020,0,s1,rest
679030,0,s1,rest
679040,0,s1,rest
679050,0,s1,rest
679060,0,s1,rest
679070,0,s1,rest
679080,0,s1,rest
679090,0,s1,rest
679100,0,s1,rest
679110,0,s1,rest
679120,0,s1,rest
679130,0,s1,rest
679140,0,s1,rest
679150,0,s1,rest
679160,0,s1,rest
679170,0,s1,rest
679180,0,s1,rest
679190,0,s1,rest
679200,0,s1,rest
679210,0,s1,rest
679220,0,s1,rest
679230,0,s1,rest
679240,0,s1,rest
679250,0,s1,rest
679260,0,s1,rest
679270,0,s1,rest
679280,0,s1,rest
679290,0,s1,rest
679300,0,s1,rest
679310,0,s1,rest
679320,0,s1,rest
679330,0,s1,rest
679340,0,s1,rest
679350,0,s1,rest
679360,0,s1,rest
679370,0,s1,rest
679380,0,s1,rest
679390,0,s1,rest
679400,0,s1,rest
679410,0,s1,rest
679420,0,s1,rest
679430,0,s1,rest
679440,0,s1,rest
679450,0,s1,rest
679460,0,s1,rest
679470,0,s1,rest
679480,0,s1,rest
679490,0,s1,rest
679500,0,s1,rest
679510,0,s1,rest
679520,0,s1,rest
679530,0,s1,rest
679540,0,s1,rest
679550,0,s1,rest
679560,0,s1,rest
679570,0,s1,rest
679580,0,s1,rest
679590,0,s1,rest
679600,0,s1,rest
679610,0,s1,rest
679620,0,s1,rest
679630,0,s1,rest
679640,0,s1,rest
679650,0,s1,rest
679660,0,s1,rest
679670,0,s1,rest
679680,0,s1,rest
679690,0,s1,rest
679700,0,s1,rest
679710,0,s1,rest
679720,0,s1,rest
679730,0,s1,rest
679740,0,s1,rest
679750,0,s1,rest
679760,0,s1,rest
679770,0,s1,rest
679780,0,s1,rest
679790,0,s1,rest
679800,0,s1,rest
679810,0,s1,rest
679820,0,s1,rest
679830,0,s1,rest
679840,0,s1,rest
679850,0,s1,rest
679860,0,s1,rest
679870,0,s1,rest
679880,0,s1,rest
679890,0,s1,rest
679900,0,s1,rest
679910,0,s1,rest
679920,0,s1,rest
679930,0,s1,rest
679940,0,s1,rest
679950,0,s1,rest
679960,0,s1,rest
679970,0,s1,rest
679980,0,s1,rest
679990,0,s1,rest
680000,0,s1,rest
680010,0,s1,rest
680020,0,s1,rest
680030,0,s1,rest
680040,0,s1,rest
680050,0,s1,rest
680060,0,s1,rest
680070,0,s1,rest
680080,0,s1,rest
680090,0,s1,rest
680100,0,s1,rest
680110,0,s1,rest
680120,0,s1,rest
680130,0,s1,rest
680140,0,s1,rest
680150,0,s1,rest
680160,0,s1,rest
680170,0,s1,rest
680180,0,s1,rest
680190,0,s1,rest
680200,0,s1,rest
680210,0,s1,rest
680220,0,s1,rest
680230,0,s1,rest
680240,0,s1,rest
680250,0,s1,rest
680260,0,s1,rest
680270,0,s1,rest
680280,0,s1,rest
680290,0,s1,rest
680300,0,s1,rest
680310,0,s1,rest
680320,0,s1,rest
680330,0,s1,rest
680340,0,s1,rest
680350,0,s1,rest
680360,0,s1,rest
680370,0,s1,rest
680380,0,s1,rest
680390,0,s1,rest
680400,0,s1,rest
680410,0,s1,rest
680420,0,s1,rest
680430,0,s1,rest
680440,0,s1,rest
680450,0,s1,rest
680460,0,s1,rest
680470,0,s1,rest
680480,0,s1,rest
680490,0,s1,rest
680500,0,s1,rest
680510,0,s1,rest
680520,0,s1,rest
680530,0,s1,rest
680540,0,s1,rest
680550,0,s1,rest
680560,0,s1,rest
680570,0,s1,rest
680580,0,s1,rest
680590,0,s1,rest
680600,0,s1,rest
680610,0,s1,rest
680620,0,s1,rest
680630,0,s1,rest
680640,0,s1,rest
680650,0,s1,rest
680660,0,s1,rest
680670,0,s1,rest
680680,0,s1,rest
680690,0,s1,rest
680700,0,s1,rest
680710,0,s1,rest
680720,0,s1,rest
680730,0,s1,rest
680740,0,s1,rest
680750,0,s1,rest
680760,0,s1,rest
680770,0,s1,rest
680780,0,s1,rest
680790,0,s1,rest
680800,0,s1,rest
680810,0,s1,rest
680820,0,s1,rest
680830,0,s1,rest
680840,0,s1,rest
680850,0,s1,rest
680860,0,s1,rest
680870,0,s1,rest
680880,0,s1,rest
680890,0,s1,rest
680900,0,s1,rest
680910,0,s1,rest
680920,0,s1,rest
680930,0,s1,rest
680940,0,s1,rest
680950,0,s1,rest
680960,0,s1,rest
680970,0,s1,rest
680980,0,s1,rest
680990,0,s1,rest
681000,0,s1,rest
681010,0,s1,rest
681020,0,s1,rest
681030,0,s1,rest
681040,0,s1,rest
681050,0,s1,rest
681060,0,s1,rest
681070,0,s1,rest
681080,0,s1,rest
681090,0,s1,rest
681100,0,s1,rest
681110,0,s1,rest
681120,0,s1,rest
681130,0,s1,rest
681140,0,s1,rest
681150,0,s1,rest
681160,0,s1,rest
681170,0,s1,rest
681180,0,s1,rest
681190,0,s1,rest
681200,0,s1,rest
681210,0,s1,rest
681220,0,s1,rest
681230,0,s1,rest
681240,0,s1,rest
681250,0,s1,rest
681260,0,s1,rest
681270,0,s1,rest
681280,0,s1,rest
681290,0,s1,rest
681300,0,s1,rest
681310,0,s1,rest
681320,0,s1,rest
681330,0,s1,rest
681340,0,s1,rest
681350,0,s1,rest
681360,0,s1,rest
681370,0,s1,rest
681380,0,s1,rest
681390,0,s1,rest
681400,0,s1,rest
681410,0,s1,rest
681420,0,s1,rest
681430,0,s1,rest
681440,0,s1,rest
681450,0,s1,rest
681460,0,s1,rest
681470,0,s1,rest
681480,0,s1,rest
681490,0,s1,rest
681500,0,s1,rest
681510,0,s1,rest
681520,0,s1,rest
681530,0,s1,rest
681540,0,s1,rest
681550,0,s1,rest
681560,0,s1,rest
681570,0,s1,rest
681580,0,s1,rest
681590,0,s1,rest
681600,0,s1,rest
681610,0,s1,rest
681620,0,s1,rest
681630,0,s1,rest
681640,0,s1,rest
681650,0,s1,rest
681660,0,s1,rest
681670,0,s1,rest
681680,0,s1,rest
681690,0,s1,rest
681700,0,s1,rest
681710,0,s1,rest
681720,0,s1,rest
681730,0,s1,rest
681740,0,s1,rest
681750,0,s1,rest
681760,0,s1,rest
681770,0,s1,rest
681780,0,s1,rest
681790,0,s1,rest
681800,0,s1,rest
681810,0,s1,rest
681820,0,s1,rest
681830,0,s1,rest
681840,0,s1,rest
681850,0,s1,rest
681860,0,s1,rest
681870,0,s1,rest
681880,0,s1,rest
681890,0,s1,rest
681900,0,s1,rest
681910,0,s1,rest
681920,0,s1,rest
681930,0,s1,rest
681940,0,s1,rest
681950,0,s1,rest
681960,0,s1,rest
681970,0,s1,rest
681980,0,s1,rest
681990,0,s1,rest
682000,0,s1,rest
682010,0,s1,rest
682020,0,s1,rest
682030,0,s1,rest
682040,0,s1,rest
682050,0,s1,rest
682060,0,s1,rest
682070,0,s1,rest
682080,0,s1,rest
682090,0,s1,rest
682100,0,s1,rest
682110,0,s1,rest
682120,0,s1,rest
682130,0,s1,rest
682140,0,s1,rest
682150,0,s1,rest
682160,0,s1,rest
682170,0,s1,rest
682180,0,s1,rest
682190,0,s1,rest
682200,0,s1,rest
682210,0,s1,rest
682220,0,s1,rest
682230,0,s1,rest
682240,0,s1,rest
682250,0,s1,rest
682260,0,s1,rest
682270,0,s1,rest
682280,0,s1,rest
682290,0,s1,rest
682300,0,s1,rest
682310,0,s1,rest
682320,0,s1,rest
682330,0,s1,rest
682340,0,s1,rest
682350,0,s1,rest
682360,0,s1,rest
682370,0,s1,rest
682380,0,s1,rest
682390,0,s1,rest
682400,0,s1,rest
682410,0,s1,rest
682420,0,s1,rest
682430,0,s1,rest
682440,0,s1,rest
682450,0,s1,rest
682460,0,s1,rest
682470,0,s1,rest
682480,0,s1,rest
682490,0,s1,rest
682500,0,s1,rest
682510,0,s1,rest
682520,0,s1,rest
682530,0,s1,rest
682540,0,s1,rest
682550,0,s1,rest
682560,0,s1,rest
682570,0,s1,rest
682580,0,s1,rest
682590,0,s1,rest
682600,0,s1,rest
682610,0,s1,rest
682620,0,s1,rest
682630,0,s1,rest
682640,0,s1,rest
682650,0,s1,rest
682660,0,s1,rest
682670,0,s1,rest
682680,0,s1,rest
682690,0,s1,rest
682700,0,s1,rest
682710,0,s1,rest
682720,0,s1,rest
682730,0,s1,rest
682740,0,s1,rest
682750,0,s1,rest
682760,0,s1,rest
682770,0,s1,rest
682780,0,s1,rest
682790,0,s1,rest
682800,0,s1,rest
682810,0,s1,rest
682820,0,s1,rest
682830,0,s1,rest
682840,0,s1,rest
682850,0,s1,rest
682860,0,s1,rest
682870,0,s1,rest
682880,0,s1,rest
682890,0,s1,rest
682900,0,s1,rest
682910,0,s1,rest
682920,0,s1,rest
682930,0,s1,rest
682940,0,s1,rest
682950,0,s1,rest
682960,0,s1,rest
682970,0,s1,rest
682980,0,s1,rest
682990,0,s1,rest
683000,0,s1,rest
683010,0,s1,rest
683020,0,s1,rest
683030,0,s1,rest
683040,0,s1,rest
683050,0,s1,rest
683060,0,s1,rest
683070,0,s1,rest
683080,0,s1,rest
683090,0,s1,rest
683100,0,s1,rest
683110,0,s1,rest
683120,0,s1,rest
683130,0,s1,rest
683140,0,s1,rest
683150,0,s1,rest
683160,0,s1,rest
683170,0,s1,rest
683180,0,s1,rest
683190,0,s1,rest
683200,0,s1,rest
683210,0,s1,rest
683220,0,s1,rest
683230,0,s1,rest
683240,0,s1,rest
683250,0,s1,rest
683260,0,s1,rest
683270,0,s1,rest
683280,0,s1,rest
683290,0,s1,rest
683300,0,s1,rest
683310,0,s1,rest
683320,0,s1,rest
683330,0,s1,rest
683340,0,s1,rest
683350,0,s1,rest
683360,0,s1,rest
683370,0,s1,rest
683380,0,s1,rest
683390,0,s1,rest
683400,0,s1,rest
683410,0,s1,rest
683420,0,s1,rest
683430,0,s1,rest
683440,0,s1,rest
683450,0,s1,rest
683460,0,s1,rest
683470,0,s1,rest
683480,0,s1,rest
683490,0,s1,rest
683500,0,s1,rest
683510,0,s1,rest
683520,0,s1,rest
683530,0,s1,rest
683540,0,s1,rest
683550,0,s1,rest
683560,0,s1,rest
683570,0,s1,rest
683580,0,s1,rest
683590,0,s1,rest
683600,0,s1,rest
683610,0,s1,rest
683620,0,s1,rest
683630,0,s1,rest
683640,0,s1,rest
683650,0,s1,rest
683660,0,s1,rest
683670,0,s1,rest
683680,0,s1,rest
683690,0,s1,rest
683700,0,s1,rest
683710,0,s1,rest
683720,0,s1,rest
683730,0,s1,rest
683740,0,s1,rest
683750,0,s1,rest
683760,0,s1,rest
683770,0,s1,rest
683780,0,s1,rest
683790,0,s1,rest
683800,0,s1,rest
683810,0,s1,rest
683820,0,s1,rest
683830,0,s1,rest
683840,0,s1,rest
683850,0,s1,rest
683860,0,s1,rest
683870,0,s1,rest
683880,0,s1,rest
683890,0,s1,rest
683900,0,s1,rest
683910,0,s1,rest
683920,0,s1,rest
683930,0,s1,rest
683940,0,s1,rest
683950,0,s1,rest
683960,0,s1,rest
683970,0,s1,rest
683980,0,s1,rest
683990,0,s1,rest
684000,0,s1,rest
684010,0,s1,rest
684020,0,s1,rest
684030,0,s1,rest
684040,0,s1,rest
684050,0,s1,rest
684060,0,s1,rest
684070,0,s1,rest
684080,0,s1,rest
684090,0,s1,rest
684100,0,s1,rest
684110,0,s1,rest
684120,0,s1,rest
684130,0,s1,rest
684140,0,s1,rest
684150,0,s1,rest
684160,0,s1,rest
684170,0,s1,rest
684180,0,s1,rest
684190,0,s1,rest
684200,0,s1,rest
684210,0,s1,rest
684220,0,s1,rest
684230,0,s1,rest
684240,0,s1,rest
684250,0,s1,rest
684260,0,s1,rest
684270,0,s1,rest
684280,0,s1,rest
684290,0,s1,rest
684300,0,s1,rest
684310,0,s1,rest
684320,0,s1,rest
684330,0,s1,rest
684340,0,s1,rest
684350,0,s1,rest
684360,0,s1,rest
684370,0,s1,rest
684380,0,s1,rest
684390,0,s1,rest
684400,0,s1,rest
684410,0,s1,rest
684420,0,s1,rest
684430,0,s1,rest
684440,0,s1,rest
684450,0,s1,rest
684460,0,s1,rest
684470,0,s1,rest
684480,0,s1,rest
684490,0,s1,rest
684500,0,s1,rest
684510,0,s1,rest
684520,0,s1,rest
684530,0,s1,rest
684540,0,s1,rest
684550,0,s1,rest
684560,0,s1,rest
684570,0,s1,rest
684580,0,s1,rest
684590,0,s1,rest
684600,0,s1,rest
684610,0,s1,rest
684620,0,s1,rest
684630,0,s1,rest
684640,0,s1,rest
684650,0,s1,rest
684660,0,s1,rest
684670,0,s1,rest
684680,0,s1,rest
684690,0,s1,rest
684700,0,s1,rest
684710,0,s1,rest
684720,0,s1,rest
684730,0,s1,rest
684740,0,s1,rest
684750,0,s1,rest
684760,0,s1,rest
684770,0,s1,rest
684780,0,s1,rest
684790,0,s1,rest
684800,0,s1,rest
684810,0,s1,rest
684820,0,s1,rest
684830,0,s1,rest
684840,0,s1,rest
684850,0,s1,rest
684860,0,s1,rest
684870,0,s1,rest
684880,0,s1,rest
684890,0,s1,rest
684900,0,s1,rest
684910,0,s1,rest
684920,0,s1,rest
684930,0,s1,rest
684940,0,s1,rest
684950,0,s1,rest
684960,0,s1,rest
684970,0,s1,rest
684980,0,s1,rest
684990,0,s1,rest
685000,0,s1,rest
685010,0,s1,rest
685020,0,s1,rest
685030,0,s1,rest
685040,0,s1,rest
685050,0,s1,rest
685060,0,s1,rest
685070,0,s1,rest
685080,0,s1,rest
685090,0,s1,rest
685100,0,s1,rest
685110,0,s1,rest
685120,0,s1,rest
685130,0,s1,rest
685140,0,s1,rest
685150,0,s1,rest
685160,0,s1,rest
685170,0,s1,rest
685180,0,s1,rest
685190,0,s1,rest
685200,0,s1,rest
685210,0,s1,rest
685220,0,s1,rest
685230,0,s1,rest
685240,0,s1,rest
685250,0,s1,rest
685260,0,s1,rest
685270,0,s1,rest
685280,0,s1,rest
685290,0,s1,rest
685300,0,s1,rest
685310,0,s1,rest
685320,0,s1,rest
685330,0,s1,rest
685340,0,s1,rest
685350,0,s1,rest
685360,0,s1,rest
685370,0,s1,rest
685380,0,s1,rest
685390,0,s1,rest
685400,0,s1,rest
685410,0,s1,rest
685420,0,s1,rest
685430,0,s1,rest
685440,0,s1,rest
685450,0,s1,rest
685460,0,s1,rest
685470,0,s1,rest
685480,0,s1,rest
685490,0,s1,rest
685500,0,s1,rest
685510,0,s1,rest
685520,0,s1,rest
685530,0,s1,rest
685540,0,s1,rest
685550,0,s1,rest
685560,0,s1,rest
685570,0,s1,rest
685580,0,s1,rest
685590,0,s1,rest
685600,0,s1,rest
685610,0,s1,rest
685620,0,s1,rest
685630,0,s1,rest
685640,0,s1,rest
685650,0,s1,rest
685660,0,s1,rest
685670,0,s1,rest
685680,0,s1,rest
685690,0,s1,rest
685700,0,s1,rest
685710,0,s1,rest
685720,0,s1,rest
685730,0,s1,rest
685740,0,s1,rest
685750,0,s1,rest
685760,0,s1,rest
685770,0,s1,rest
685780,0,s1,rest
685790,0,s1,rest
685800,0,s1,rest
685810,0,s1,rest
685820,0,s1,rest
685830,0,s1,rest
685840,0,s1,rest
685850,0,s1,rest
685860,0,s1,rest
685870,0,s1,rest
685880,0,s1,rest
685890,0,s1,rest
685900,0,s1,rest
685910,0,s1,rest
685920,0,s1,rest
685930,0,s1,rest
685940,0,s1,rest
685950,0,s1,rest
685960,0,s1,rest
685970,0,s1,rest
685980,0,s1,rest
685990,0,s1,rest
686000,0,s1,rest
686010,0,s1,rest
686020,0,s1,rest
686030,0,s1,rest
686040,0,s1,rest
686050,0,s1,rest
686060,0,s1,rest
686070,0,s1,rest
686080,0,s1,rest
686090,0,s1,rest
686100,0,s1,rest
686110,0,s1,rest
686120,0,s1,rest
686130,0,s1,rest
686140,0,s1,rest
686150,0,s1,rest
686160,0,s1,rest
686170,0,s1,rest
686180,0,s1,rest
686190,0,s1,rest
686200,0,s1,rest
686210,0,s1,rest
686220,0,s1,rest
686230,0,s1,rest
686240,0,s1,rest
686250,0,s1,rest
686260,0,s1,rest
686270,0,s1,rest
686280,0,s1,rest
686290,0,s1,rest
686300,0,s1,rest
686310,0,s1,rest
686320,0,s1,rest
686330,0,s1,rest
686340,0,s1,rest
686350,0,s1,rest
686360,0,s1,rest
686370,0,s1,rest
686380,0,s1,rest
686390,0,s1,rest
686400,0,s1,rest
686410,0,s1,rest
686420,0,s1,rest
686430,0,s1,rest
686440,0,s1,rest
686450,0,s1,rest
686460,0,s1,rest
686470,0,s1,rest
686480,0,s1,rest
686490,0,s1,rest
686500,0,s1,rest
686510,0,s1,rest
686520,0,s1,rest
686530,0,s1,rest
686540,0,s1,rest
686550,0,s1,rest
686560,0,s1,rest
686570,0,s1,rest
686580,0,s1,rest
686590,0,s1,rest
686600,0,s1,rest
686610,0,s1,rest
686620,0,s1,rest
686630,0,s1,rest
686640,0,s1,rest
686650,0,s1,rest
686660,0,s1,rest
686670,0,s1,rest
686680,0,s1,rest
686690,0,s1,rest
686700,0,s1,rest
686710,0,s1,rest
686720,0,s1,rest
686730,0,s1,rest
686740,0,s1,rest
686750,0,s1,rest
686760,0,s1,rest
686770,0,s1,rest
686780,0,s1,rest
686790,0,s1,rest
686800,0,s1,rest
686810,0,s1,rest
686820,0,s1,rest
686830,0,s1,rest
686840,0,s1,rest
686850,0,s1,rest
686860,0,s1,rest
686870,0,s1,rest
686880,0,s1,rest
686890,0,s1,rest
686900,0,s1,rest
686910,0,s1,rest
686920,0,s1,rest
686930,0,s1,rest
686940,0,s1,rest
686950,0,s1,rest
686960,0,s1,rest
686970,0,s1,rest
686980,0,s1,rest
686990,0,s1,rest
687000,0,s1,rest
687010,0,s1,rest
687020,0,s1,rest
687030,0,s1,rest
687040,0,s1,rest
687050,0,s1,rest
687060,0,s1,rest
687070,0,s1,rest
687080,0,s1,rest
687090,0,s1,rest
687100,0,s1,rest
687110,0,s1,rest
687120,0,s1,rest
687130,0,s1,rest
687140,0,s1,rest
687150,0,s1,rest
687160,0,s1,rest
687170,0,s1,rest
687180,0,s1,rest
687190,0,s1,rest
687200,0,s1,rest
687210,0,s1,rest
687220,0,s1,rest
687230,0,s1,rest
687240,0,s1,rest
687250,0,s1,rest
687260,0,s1,rest
687270,0,s1,rest
687280,0,s1,rest
687290,0,s1,rest
687300,0,s1,rest
687310,0,s1,rest
687320,0,s1,rest
687330,0,s1,rest
687340,0,s1,rest
687350,0,s1,rest
687360,0,s1,rest
687370,0,s1,rest
687380,0,s1,rest
687390,0,s1,rest
687400,0,s1,rest
687410,0,s1,rest
687420,0,s1,rest
687430,0,s1,rest
687440,0,s1,rest
687450,0,s1,rest
687460,0,s1,rest
687470,0,s1,rest
687480,0,s1,rest
687490,0,s1,rest
687500,0,s1,rest
687510,0,s1,rest
687520,0,s1,rest
687530,0,s1,rest
687540,0,s1,rest
687550,0,s1,rest
687560,0,s1,rest
687570,0,s1,rest
687580,0,s1,rest
687590,0,s1,rest
687600,0,s1,rest
687610,0,s1,rest
687620,0,s1,rest
687630,0,s1,rest
687640,0,s1,rest
687650,0,s1,rest
687660,0,s1,rest
687670,0,s1,rest
687680,0,s1,rest
687690,0,s1,rest
687700,0,s1,rest
687710,0,s1,rest
687720,0,s1,rest
687730,0,s1,rest
687740,0,s1,rest
687750,0,s1,rest
687760,0,s1,rest
687770,0,s1,rest
687780,0,s1,rest
687790,0,s1,rest
687800,0,s1,rest
687810,0,s1,rest
687820,0,s1,rest
687830,0,s1,rest
687840,0,s1,rest
687850,0,s1,rest
687860,0,s1,rest
687870,0,s1,rest
687880,0,s1,rest
687890,0,s1,rest
687900,0,s1,rest
687910,0,s1,rest
687920,0,s1,rest
687930,0,s1,rest
687940,0,s1,rest
687950,0,s1,rest
687960,0,s1,rest
687970,0,s1,rest
687980,0,s1,rest
687990,0,s1,rest
688000,0,s1,rest
688010,0,s1,rest
688020,0,s1,rest
688030,0,s1,rest
688040,0,s1,rest
688050,0,s1,rest
688060,0,s1,rest
688070,0,s1,rest
688080,0,s1,rest
688090,0,s1,rest
688100,0,s1,rest
688110,0,s1,rest
688120,0,s1,rest
688130,0,s1,rest
688140,0,s1,rest
688150,0,s1,rest
688160,0,s1,rest
688170,0,s1,rest
688180,0,s1,rest
688190,0,s1,rest
688200,0,s1,rest
688210,0,s1,rest
688220,0,s1,rest
688230,0,s1,rest
688240,0,s1,rest
688250,0,s1,rest
688260,0,s1,rest
688270,0,s1,rest
688280,0,s1,rest
688290,0,s1,rest
688300,0,s1,rest
688310,0,s1,rest
688320,0,s1,rest
688330,0,s1,rest
688340,0,s1,rest
688350,0,s1,rest
688360,0,s1,rest
688370,0,s1,rest
688380,0,s1,rest
688390,0,s1,rest
688400,0,s1,rest
688410,0,s1,rest
688420,0,s1,rest
688430,0,s1,rest
688440,0,s1,rest
688450,0,s1,rest
688460,0,s1,rest
688470,0,s1,rest
688480,0,s1,rest
688490,0,s1,rest
688500,0,s1,rest
688510,0,s1,rest
688520,0,s1,rest
688530,0,s1,rest
688540,0,s1,rest
688550,0,s1,rest
688560,0,s1,rest
688570,0,s1,rest
688580,0,s1,rest
688590,0,s1,rest
688600,0,s1,rest
688610,0,s1,rest
688620,0,s1,rest
688630,0,s1,rest
688640,0,s1,rest
688650,0,s1,rest
688660,0,s1,rest
688670,0,s1,rest
688680,0,s1,rest
688690,0,s1,rest
688700,0,s1,rest
688710,0,s1,rest
688720,0,s1,rest
688730,0,s1,rest
688740,0,s1,rest
688750,0,s1,rest
688760,0,s1,rest
688770,0,s1,rest
688780,0,s1,rest
688790,0,s1,rest
688800,0,s1,rest
688810,0,s1,rest
688820,0,s1,rest
688830,0,s1,rest
688840,0,s1,rest
688850,0,s1,rest
688860,0,s1,rest
688870,0,s1,rest
688880,0,s1,rest
688890,0,s1,rest
688900,0,s1,rest
688910,0,s1,rest
688920,0,s1,rest
688930,0,s1,rest
688940,0,s1,rest
688950,0,s1,rest
688960,0,s1,rest
688970,0,s1,rest
688980,0,s1,rest
688990,0,s1,rest
689000,0,s1,rest
689010,0,s1,rest
689020,0,s1,rest
689030,0,s1,rest
689040,0,s1,rest
689050,0,s1,rest
689060,0,s1,rest
689070,0,s1,rest
689080,0,s1,rest
689090,0,s1,rest
689100,0,s1,rest
689110,0,s1,rest
689120,0,s1,rest
689130,0,s1,rest
689140,0,s1,rest
689150,0,s1,rest
689160,0,s1,rest
689170,0,s1,rest
689180,0,s1,rest
689190,0,s1,rest
689200,0,s1,rest
689210,0,s1,rest
689220,0,s1,rest
689230,0,s1,rest
689240,0,s1,rest
689250,0,s1,rest
689260,0,s1,rest
689270,0,s1,rest
689280,0,s1,rest
689290,0,s1,rest
689300,0,s1,rest
689310,0,s1,rest
689320,0,s1,rest
689330,0,s1,rest
689340,0,s1,rest
689350,0,s1,rest
689360,0,s1,rest
689370,0,s1,rest
689380,0,s1,rest
689390,0,s1,rest
689400,0,s1,rest
689410,0,s1,rest
689420,0,s1,rest
689430,0,s1,rest
689440,0,s1,rest
689450,0,s1,rest
689460,0,s1,rest
689470,0,s1,rest
689480,0,s1,rest
689490,0,s1,rest
689500,0,s1,rest
689510,0,s1,rest
689520,0,s1,rest
689530,0,s1,rest
689540,0,s1,rest
689550,0,s1,rest
689560,0,s1,rest
689570,0,s1,rest
689580,0,s1,rest
689590,0,s1,rest
689600,0,s1,rest
689610,0,s1,rest
689620,0,s1,rest
689630,0,s1,rest
689640,0,s1,rest
689650,0,s1,rest
689660,0,s1,rest
689670,0,s1,rest
689680,0,s1,rest
689690,0,s1,rest
689700,0,s1,rest
689710,0,s1,rest
689720,0,s1,rest
689730,0,s1,rest
689740,0,s1,rest
689750,0,s1,rest
689760,0,s1,rest
689770,0,s1,rest
689780,0,s1,rest
689790,0,s1,rest
689800,0,s1,rest
689810,0,s1,rest
689820,0,s1,rest
689830,0,s1,rest
689840,0,s1,rest
689850,0,s1,rest
689860,0,s1,rest
689870,0,s1,rest
689880,0,s1,rest
689890,0,s1,rest
689900,0,s1,rest
689910,0,s1,rest
689920,0,s1,rest
689930,0,s1,rest
689940,0,s1,rest
689950,0,s1,rest
689960,0,s1,rest
689970,0,s1,rest
689980,0,s1,rest
689990,0,s1,rest
690000,0,s1,rest
690010,0,s1,rest
690020,0,s1,rest
690030,0,s1,rest
690040,0,s1,rest
690050,0,s1,rest
690060,0,s1,rest
690070,0,s1,rest
690080,0,s1,rest
690090,0,s1,rest
690100,0,s1,rest
690110,0,s1,rest
690120,0,s1,rest
690130,0,s1,rest
690140,0,s1,rest
690150,0,s1,rest
690160,0,s1,rest
690170,0,s1,rest
690180,0,s1,rest
690190,0,s1,rest
690200,0,s1,rest
690210,0,s1,rest
690220,0,s1,rest
690230,0,s1,rest
690240,0,s1,rest
690250,0,s1,rest
690260,0,s1,rest
690270,0,s1,rest
690280,0,s1,rest
690290,0,s1,rest
690300,0,s1,rest
690310,0,s1,rest
690320,0,s1,rest
690330,0,s1,rest
690340,0,s1,rest
690350,0,s1,rest
690360,0,s1,rest
690370,0,s1,rest
690380,0,s1,rest
690390,0,s1,rest
690400,0,s1,rest
690410,0,s1,rest
690420,0,s1,rest
690430,0,s1,rest
690440,0,s1,rest
690450,0,s1,rest
690460,0,s1,rest
690470,0,s1,rest
690480,0,s1,rest
690490,0,s1,rest
690500,0,s1,rest
690510,0,s1,rest
690520,0,s1,rest
690530,0,s1,rest
690540,0,s1,rest
690550,0,s1,rest
690560,0,s1,rest
690570,0,s1,rest
690580,0,s1,rest
690590,0,s1,rest
690600,0,s1,rest
690610,0,s1,rest
690620,0,s1,rest
690630,0,s1,rest
690640,0,s1,rest
690650,0,s1,rest
690660,0,s1,rest
690670,0,s1,rest
690680,0,s1,rest
690690,0,s1,rest
690700,0,s1,rest
690710,0,s1,rest
690720,0,s1,rest
690730,0,s1,rest
690740,0,s1,rest
690750,0,s1,rest
690760,0,s1,rest
690770,0,s1,rest
690780,0,s1,rest
690790,0,s1,rest
690800,0,s1,rest
690810,0,s1,rest
690820,0,s1,rest
690830,0,s1,rest
690840,0,s1,rest
690850,0,s1,rest
690860,0,s1,rest
690870,0,s1,rest
690880,0,s1,rest
690890,0,s1,rest
690900,0,s1,rest
690910,0,s1,rest
690920,0,s1,rest
690930,0,s1,rest
690940,0,s1,rest
690950,0,s1,rest
690960,0,s1,rest
690970,0,s1,rest
690980,0,s1,rest
690990,0,s1,rest
691000,0,s1,rest
691010,0,s1,rest
691020,0,s1,rest
691030,0,s1,rest
691040,0,s1,rest
691050,0,s1,rest
691060,0,s1,rest
691070,0,s1,rest
691080,0,s1,rest
691090,0,s1,rest
691100,0,s1,rest
691110,0,s1,rest
691120,0,s1,rest
691130,0,s1,rest
691140,0,s1,rest
691150,0,s1,rest
691160,0,s1,rest
691170,0,s1,rest
691180,0,s1,rest
691190,0,s1,rest
691200,0,s1,rest
691210,0,s1,rest
691220,0,s1,rest
691230,0,s1,rest
691240,0,s1,rest
691250,0,s1,rest
691260,0,s1,rest
691270,0,s1,rest
691280,0,s1,rest
691290,0,s1,rest
691300,0,s1,rest
691310,0,s1,rest
691320,0,s1,rest
691330,0,s1,rest
691340,0,s1,rest
691350,0,s1,rest
691360,0,s1,rest
691370,0,s1,rest
691380,0,s1,rest
691390,0,s1,rest
691400,0,s1,rest
691410,0,s1,rest
691420,0,s1,rest
691430,0,s1,rest
691440,0,s1,rest
691450,0,s1,rest
691460,0,s1,rest
691470,0,s1,rest
691480,0,s1,rest
691490,0,s1,rest
691500,0,s1,rest
691510,0,s1,rest
691520,0,s1,rest
691530,0,s1,rest
691540,0,s1,rest
691550,0,s1,rest
691560,0,s1,rest
691570,0,s1,rest
691580,0,s1,rest
691590,0,s1,rest
691600,0,s1,rest
691610,0,s1,rest
691620,0,s1,rest
691630,0,s1,rest
691640,0,s1,rest
691650,0,s1,rest
691660,0,s1,rest
691670,0,s1,rest
691680,0,s1,rest
691690,0,s1,rest
691700,0,s1,rest
691710,0,s1,rest
691720,0,s1,rest
691730,0,s1,rest
691740,0,s1,rest
691750,0,s1,rest
691760,0,s1,rest
691770,0,s1,rest
691780,0,s1,rest
691790,0,s1,rest
691800,0,s1,rest
691810,0,s1,rest
691820,0,s1,rest
691830,0,s1,rest
691840,0,s1,rest
691850,0,s1,rest
691860,0,s1,rest
691870,0,s1,rest
691880,0,s1,rest
691890,0,s1,rest
691900,0,s1,rest
691910,0,s1,rest
691920,0,s1,rest
691930,0,s1,rest
691940,0,s1,rest
691950,0,s1,rest
691960,0,s1,rest
691970,0,s1,rest
691980,0,s1,rest
691990,0,s1,rest
692000,0,s1,rest
692010,0,s1,rest
692020,0,s1,rest
692030,0,s1,rest
692040,0,s1,rest
692050,0,s1,rest
692060,0,s1,rest
692070,0,s1,rest
692080,0,s1,rest
692090,0,s1,rest
692100,0,s1,rest
692110,0,s1,rest
692120,0,s1,rest
692130,0,s1,rest
692140,0,s1,rest
692150,0,s1,rest
692160,0,s1,rest
692170,0,s1,rest
692180,0,s1,rest
692190,0,s1,rest
692200,0,s1,rest
692210,0,s1,rest
692220,0,s1,rest
692230,0,s1,rest
692240,0,s1,rest
692250,0,s1,rest
692260,0,s1,rest
692270,0,s1,rest
692280,0,s1,rest
692290,0,s1,rest
692300,0,s1,rest
692310,0,s1,rest
692320,0,s1,rest
692330,0,s1,rest
692340,0,s1,rest
692350,0,s1,rest
692360,0,s1,rest
692370,0,s1,rest
692380,0,s1,rest
692390,0,s1,rest
692400,0,s1,rest
692410,0,s1,rest
692420,0,s1,rest
692430,0,s1,rest
692440,0,s1,rest
692450,0,s1,rest
692460,0,s1,rest
692470,0,s1,rest
692480,0,s1,rest
692490,0,s1,rest
692500,0,s1,rest
692510,0,s1,rest
692520,0,s1,rest
692530,0,s1,rest
692540,0,s1,rest
692550,0,s1,rest
692560,0,s1,rest
692570,0,s1,rest
692580,0,s1,rest
692590,0,s1,rest
692600,0,s1,rest
692610,0,s1,rest
692620,0,s1,rest
692630,0,s1,rest
692640,0,s1,rest
692650,0,s1,rest
692660,0,s1,rest
692670,0,s1,rest
692680,0,s1,rest
692690,0,s1,rest
692700,0,s1,rest
692710,0,s1,rest
692720,0,s1,rest
692730,0,s1,rest
692740,0,s1,rest
692750,0,s1,rest
692760,0,s1,rest
692770,0,s1,rest
692780,0,s1,rest
692790,0,s1,rest
692800,0,s1,rest
692810,0,s1,rest
692820,0,s1,rest
692830,0,s1,rest
692840,0,s1,rest
692850,0,s1,rest
692860,0,s1,rest
692870,0,s1,rest
692880,0,s1,rest
692890,0,s1,rest
692900,0,s1,rest
692910,0,s1,rest
692920,0,s1,rest
692930,0,s1,rest
692940,0,s1,rest
692950,0,s1,rest
692960,0,s1,rest
692970,0,s1,rest
692980,0,s1,rest
692990,0,s1,rest
693000,0,s1,rest
693010,0,s1,rest
693020,0,s1,rest
693030,0,s1,rest
693040,0,s1,rest
693050,0,s1,rest
693060,0,s1,rest
693070,0,s1,rest
693080,0,s1,rest
693090,0,s1,rest
693100,0,s1,rest
693110,0,s1,rest
693120,0,s1,rest
693130,0,s1,rest
693140,0,s1,rest
693150,0,s1,rest
693160,0,s1,rest
693170,0,s1,rest
693180,0,s1,rest
693190,0,s1,rest
693200,0,s1,rest
693210,0,s1,rest
693220,0,s1,rest
693230,0,s1,rest
693240,0,s1,rest
693250,0,s1,rest
693260,0,s1,rest
693270,0,s1,rest
693280,0,s1,rest
693290,0,s1,rest
693300,0,s1,rest
693310,0,s1,rest
693320,0,s1,rest
693330,0,s1,rest
693340,0,s1,rest
693350,0,s1,rest
693360,0,s1,rest
693370,0,s1,rest
693380,0,s1,rest
693390,0,s1,rest
693400,0,s1,rest
693410,0,s1,rest
693420,0,s1,rest
693430,0,s1,rest
693440,0,s1,rest
693450,0,s1,rest
693460,0,s1,rest
693470,0,s1,rest
693480,0,s1,rest
693490,0,s1,rest
693500,0,s1,rest
693510,0,s1,rest
693520,0,s1,rest
693530,0,s1,rest
693540,0,s1,rest
693550,0,s1,rest
693560,0,s1,rest
693570,0,s1,rest
693580,0,s1,rest
693590,0,s1,rest
693600,0,s1,rest
693610,0,s1,rest
693620,0,s1,rest
693630,0,s1,rest
693640,0,s1,rest
693650,0,s1,rest
693660,0,s1,rest
693670,0,s1,rest
693680,0,s1,rest
693690,0,s1,rest
693700,0,s1,rest
693710,0,s1,rest
693720,0,s1,rest
693730,0,s1,rest
693740,0,s1,rest
693750,0,s1,rest
693760,0,s1,rest
693770,0,s1,rest
693780,0,s1,rest
693790,0,s1,rest
693800,0,s1,rest
693810,0,s1,rest
693820,0,s1,rest
693830,0,s1,rest
693840,0,s1,rest
693850,0,s1,rest
693860,0,s1,rest
693870,0,s1,rest
693880,0,s1,rest
693890,0,s1,rest
693900,0,s1,rest
693910,0,s1,rest
693920,0,s1,rest
693930,0,s1,rest
693940,0,s1,rest
693950,0,s1,rest
693960,0,s1,rest
693970,0,s1,rest
693980,0,s1,rest
693990,0,s1,rest
694000,0,s1,rest
694010,0,s1,rest
694020,0,s1,rest
694030,0,s1,rest
694040,0,s1,rest
694050,0,s1,rest
694060,0,s1,rest
694070,0,s1,rest
694080,0,s1,rest
694090,0,s1,rest
694100,0,s1,rest
694110,0,s1,rest
694120,0,s1,rest
694130,0,s1,rest
694140,0,s1,rest
694150,0,s1,rest
694160,0,s1,rest
694170,0,s1,rest
694180,0,s1,rest
694190,0,s1,rest
694200,0,s1,rest
694210,0,s1,rest
694220,0,s1,rest
694230,0,s1,rest
694240,0,s1,rest
694250,0,s1,rest
694260,0,s1,rest
694270,0,s1,rest
694280,0,s1,rest
694290,0,s1,rest
694300,0,s1,rest
694310,0,s1,rest
694320,0,s1,rest
694330,0,s1,rest
694340,0,s1,rest
694350,0,s1,rest
694360,0,s1,rest
694370,0,s1,rest
694380,0,s1,rest
694390,0,s1,rest
694400,0,s1,rest
694410,0,s1,rest
694420,0,s1,rest
694430,0,s1,rest
694440,0,s1,rest
694450,0,s1,rest
694460,0,s1,rest
694470,0,s1,rest
694480,0,s1,rest
694490,0,s1,rest
694500,0,s1,rest
694510,0,s1,rest
694520,0,s1,rest
694530,0,s1,rest
694540,0,s1,rest
694550,0,s1,rest
694560,0,s1,rest
694570,0,s1,rest
694580,0,s1,rest
694590,0,s1,rest
694600,0,s1,rest
694610,0,s1,rest
694620,0,s1,rest
694630,0,s1,rest
694640,0,s1,rest
694650,0,s1,rest
694660,0,s1,rest
694670,0,s1,rest
694680,0,s1,rest
694690,0,s1,rest
694700,0,s1,rest
694710,0,s1,rest
694720,0,s1,rest
694730,0,s1,rest
694740,0,s1,rest
694750,0,s1,rest
694760,0,s1,rest
694770,0,s1,rest
694780,0,s1,rest
694790,0,s1,rest
694800,0,s1,rest
694810,0,s1,rest
694820,0,s1,rest
694830,0,s1,rest
694840,0,s1,rest
694850,0,s1,rest
694860,0,s1,rest
694870,0,s1,rest
694880,0,s1,rest
694890,0,s1,rest
694900,0,s1,rest
694910,0,s1,rest
694920,0,s1,rest
694930,0,s1,rest
694940,0,s1,rest
694950,0,s1,rest
694960,0,s1,rest
694970,0,s1,rest
694980,0,s1,rest
694990,0,s1,rest
695000,0,s1,rest
695010,0,s1,rest
695020,0,s1,rest
695030,0,s1,rest
695040,0,s1,rest
695050,0,s1,rest
695060,0,s1,rest
695070,0,s1,rest
695080,0,s1,rest
695090,0,s1,rest
695100,0,s1,rest
695110,0,s1,rest
695120,0,s1,rest
695130,0,s1,rest
695140,0,s1,rest
695150,0,s1,rest
695160,0,s1,rest
695170,0,s1,rest
695180,0,s1,rest
695190,0,s1,rest
695200,0,s1,rest
695210,0,s1,rest
695220,0,s1,rest
695230,0,s1,rest
695240,0,s1,rest
695250,0,s1,rest
695260,0,s1,rest
695270,0,s1,rest
695280,0,s1,rest
695290,0,s1,rest
695300,0,s1,rest
695310,0,s1,rest
695320,0,s1,rest
695330,0,s1,rest
695340,0,s1,rest
695350,0,s1,rest
695360,0,s1,rest
695370,0,s1,rest
695380,0,s1,rest
695390,0,s1,rest
695400,0,s1,rest
695410,0,s1,rest
695420,0,s1,rest
695430,0,s1,rest
695440,0,s1,rest
695450,0,s1,rest
695460,0,s1,rest
695470,0,s1,rest
695480,0,s1,rest
695490,0,s1,rest
695500,0,s1,rest
695510,0,s1,rest
695520,0,s1,rest
695530,0,s1,rest
695540,0,s1,rest
695550,0,s1,rest
695560,0,s1,rest
695570,0,s1,rest
695580,0,s1,rest
695590,0,s1,rest
695600,0,s1,rest
695610,0,s1,rest
695620,0,s1,rest
695630,0,s1,rest
695640,0,s1,rest
695650,0,s1,rest
695660,0,s1,rest
695670,0,s1,rest
695680,0,s1,rest
695690,0,s1,rest
695700,0,s1,rest
695710,0,s1,rest
695720,0,s1,rest
695730,0,s1,rest
695740,0,s1,rest
695750,0,s1,rest
695760,0,s1,rest
695770,0,s1,rest
695780,0,s1,rest
695790,0,s1,rest
695800,0,s1,rest
695810,0,s1,rest
695820,0,s1,rest
695830,0,s1,rest
695840,0,s1,rest
695850,0,s1,rest
695860,0,s1,rest
695870,0,s1,rest
695880,0,s1,rest
695890,0,s1,rest
695900,0,s1,rest
695910,0,s1,rest
695920,0,s1,rest
695930,0,s1,rest
695940,0,s1,rest
695950,0,s1,rest
695960,0,s1,rest
695970,0,s1,rest
695980,0,s1,rest
695990,0,s1,rest
696000,0,s1,rest
696010,0,s1,rest
696020,0,s1,rest
696030,0,s1,rest
696040,0,s1,rest
696050,0,s1,rest
696060,0,s1,rest
696070,0,s1,rest
696080,0,s1,rest
696090,0,s1,rest
696100,0,s1,rest
696110,0,s1,rest
696120,0,s1,rest
696130,0,s1,rest
696140,0,s1,rest
696150,0,s1,rest
696160,0,s1,rest
696170,0,s1,rest
696180,0,s1,rest
696190,0,s1,rest
696200,0,s1,rest
696210,0,s1,rest
696220,0,s1,rest
696230,0,s1,rest
696240,0,s1,rest
696250,0,s1,rest
696260,0,s1,rest
696270,0,s1,rest
696280,0,s1,rest
696290,0,s1,rest
696300,0,s1,rest
696310,0,s1,rest
696320,0,s1,rest
696330,0,s1,rest
696340,0,s1,rest
696350,0,s1,rest
696360,0,s1,rest
696370,0,s1,rest
696380,0,s1,rest
696390,0,s1,rest
696400,0,s1,rest
696410,0,s1,rest
696420,0,s1,rest
696430,0,s1,rest
696440,0,s1,rest
696450,0,s1,rest
696460,0,s1,rest
696470,0,s1,rest
696480,0,s1,rest
696490,0,s1,rest
696500,0,s1,rest
696510,0,s1,rest
696520,0,s1,rest
696530,0,s1,rest
696540,0,s1,rest
696550,0,s1,rest
696560,0,s1,rest
696570,0,s1,rest
696580,0,s1,rest
696590,0,s1,rest
696600,0,s1,rest
696610,0,s1,rest
696620,0,s1,rest
696630,0,s1,rest
696640,0,s1,rest
696650,0,s1,rest
696660,0,s1,rest
696670,0,s1,rest
696680,0,s1,rest
696690,0,s1,rest
696700,0,s1,rest
696710,0,s1,rest
696720,0,s1,rest
696730,0,s1,rest
696740,0,s1,rest
696750,0,s1,rest
696760,0,s1,rest
696770,0,s1,rest
696780,0,s1,rest
696790,0,s1,rest
696800,0,s1,rest
696810,0,s1,rest
696820,0,s1,rest
696830,0,s1,rest
696840,0,s1,rest
696850,0,s1,rest
696860,0,s1,rest
696870,0,s1,rest
696880,0,s1,rest
696890,0,s1,rest
696900,0,s1,rest
696910,0,s1,rest
696920,0,s1,rest
696930,0,s1,rest
696940,0,s1,rest
696950,0,s1,rest
696960,0,s1,rest
696970,0,s1,rest
696980,0,s1,rest
696990,0,s1,rest
697000,0,s1,rest
697010,0,s1,rest
697020,0,s1,rest
697030,0,s1,rest
697040,0,s1,rest
697050,0,s1,rest
697060,0,s1,rest
697070,0,s1,rest
697080,0,s1,rest
697090,0,s1,rest
697100,0,s1,rest
697110,0,s1,rest
697120,0,s1,rest
697130,0,s1,rest
697140,0,s1,rest
697150,0,s1,rest
697160,0,s1,rest
697170,0,s1,rest
697180,0,s1,rest
697190,0,s1,rest
697200,0,s1,rest
697210,0,s1,rest
697220,0,s1,rest
697230,0,s1,rest
697240,0,s1,rest
697250,0,s1,rest
697260,0,s1,rest
697270,0,s1,rest
697280,0,s1,rest
697290,0,s1,rest
697300,0,s1,rest
697310,0,s1,rest
697320,0,s1,rest
697330,0,s1,rest
697340,0,s1,rest
697350,0,s1,rest
697360,0,s1,rest
697370,0,s1,rest
697380,0,s1,rest
697390,0,s1,rest
697400,0,s1,rest
697410,0,s1,rest
697420,0,s1,rest
697430,0,s1,rest
697440,0,s1,rest
697450,0,s1,rest
697460,0,s1,rest
697470,0,s1,rest
697480,0,s1,rest
697490,0,s1,rest
697500,0,s1,rest
697510,0,s1,rest
697520,0,s1,rest
697530,0,s1,rest
697540,0,s1,rest
697550,0,s1,rest
697560,0,s1,rest
697570,0,s1,rest
697580,0,s1,rest
697590,0,s1,rest
697600,0,s1,rest
697610,0,s1,rest
697620,0,s1,rest
697630,0,s1,rest
697640,0,s1,rest
697650,0,s1,rest
697660,0,s1,rest
697670,0,s1,rest
697680,0,s1,rest
697690,0,s1,rest
697700,0,s1,rest
697710,0,s1,rest
697720,0,s1,rest
697730,0,s1,rest
697740,0,s1,rest
697750,0,s1,rest
697760,0,s1,rest
697770,0,s1,rest
697780,0,s1,rest
697790,0,s1,rest
697800,0,s1,rest
697810,0,s1,rest
697820,0,s1,rest
697830,0,s1,rest
697840,0,s1,rest
697850,0,s1,rest
697860,0,s1,rest
697870,0,s1,rest
697880,0,s1,rest
697890,0,s1,rest
697900,0,s1,rest
697910,0,s1,rest
697920,0,s1,rest
697930,0,s1,rest
697940,0,s1,rest
697950,0,s1,rest
697960,0,s1,rest
697970,0,s1,rest
697980,0,s1,rest
697990,0,s1,rest
698000,0,s1,rest
698010,0,s1,rest
698020,0,s1,rest
698030,0,s1,rest
698040,0,s1,rest
698050,0,s1,rest
698060,0,s1,rest
698070,0,s1,rest
698080,0,s1,rest
698090,0,s1,rest
698100,0,s1,rest
698110,0,s1,rest
698120,0,s1,rest
698130,0,s1,rest
698140,0,s1,rest
698150,0,s1,rest
698160,0,s1,rest
698170,0,s1,rest
698180,0,s1,rest
698190,0,s1,rest
698200,0,s1,rest
698210,0,s1,rest
698220,0,s1,rest
698230,0,s1,rest
698240,0,s1,rest
698250,0,s1,rest
698260,0,s1,rest
698270,0,s1,rest
698280,0,s1,rest
698290,0,s1,rest
698300,0,s1,rest
698310,0,s1,rest
698320,0,s1,rest
698330,0,s1,rest
698340,0,s1,rest
698350,0,s1,rest
698360,0,s1,rest
698370,0,s1,rest
698380,0,s1,rest
698390,0,s1,rest
698400,0,s1,rest
698410,0,s1,rest
698420,0,s1,rest
698430,0,s1,rest
698440,0,s1,rest
698450,0,s1,rest
698460,0,s1,rest
698470,0,s1,rest
698480,0,s1,rest
698490,0,s1,rest
698500,0,s1,rest
698510,0,s1,rest
698520,0,s1,rest
698530,0,s1,rest
698540,0,s1,rest
698550,0,s1,rest
698560,0,s1,rest
698570,0,s1,rest
698580,0,s1,rest
698590,0,s1,rest
698600,0,s1,rest
698610,0,s1,rest
698620,0,s1,rest
698630,0,s1,rest
698640,0,s1,rest
698650,0,s1,rest
698660,0,s1,rest
698670,0,s1,rest
698680,0,s1,rest
698690,0,s1,rest
698700,0,s1,rest
698710,0,s1,rest
698720,0,s1,rest
698730,0,s1,rest
698740,0,s1,rest
698750,0,s1,rest
698760,0,s1,rest
698770,0,s1,rest
698780,0,s1,rest
698790,0,s1,rest
698800,0,s1,rest
698810,0,s1,rest
698820,0,s1,rest
698830,0,s1,rest
698840,0,s1,rest
698850,0,s1,rest
698860,0,s1,rest
698870,0,s1,rest
698880,0,s1,rest
698890,0,s1,rest
698900,0,s1,rest
698910,0,s1,rest
698920,0,s1,rest
698930,0,s1,rest
698940,0,s1,rest
698950,0,s1,rest
698960,0,s1,rest
698970,0,s1,rest
698980,0,s1,rest
698990,0,s1,rest
699000,0,s1,rest
699010,0,s1,rest
699020,0,s1,rest
699030,0,s1,rest
699040,0,s1,rest
699050,0,s1,rest
699060,0,s1,rest
699070,0,s1,rest
699080,0,s1,rest
