t_ms,raw,subject,gesture
586478,922,n5,grip
586480,925,n5,grip
586482,902,n5,grip
586484,912,n5,grip
586486,889,n5,grip
586488,891,n5,grip
586490,893,n5,grip
586492,912,n5,grip
586494,912,n5,grip
586496,925,n5,grip
586498,903,n5,grip
586500,874,n5,grip
586502,848,n5,grip
586504,839,n5,grip
586506,800,n5,grip
586508,767,n5,grip
586510,749,n5,grip
586512,719,n5,grip
586514,689,n5,grip
586516,677,n5,grip
586518,674,n5,grip
586520,656,n5,grip
586522,641,n5,grip
586524,638,n5,grip
586526,615,n5,grip
586528,602,n5,grip
586530,591,n5,grip
586532,624,n5,grip
586534,624,n5,grip
586536,599,n5,grip
586538,587,n5,grip
586540,592,n5,grip
586542,618,n5,grip
586544,606,n5,grip
586546,639,n5,grip
586548,673,n5,grip
586550,669,n5,grip
586552,666,n5,grip
586554,717,n5,grip
586556,768,n5,grip
586558,783,n5,grip
586560,758,n5,grip
586562,748,n5,grip
586564,722,n5,grip
586566,722,n5,grip
586568,742,n5,grip
586570,729,n5,grip
586572,698,n5,grip
586574,685,n5,grip
586576,658,n5,grip
586578,635,n5,grip
586580,619,n5,grip
586582,607,n5,grip
586584,579,n5,grip
586586,559,n5,grip
586588,545,n5,grip
586590,525,n5,grip
586592,507,n5,grip
586594,488,n5,grip
586596,470,n5,grip
586598,475,n5,grip
586600,464,n5,grip
586602,450,n5,grip
586604,435,n5,grip
586606,420,n5,grip
586608,416,n5,grip
586610,417,n5,grip
586612,401,n5,grip
586614,396,n5,grip
586616,388,n5,grip
586618,385,n5,grip
586620,389,n5,grip
586622,391,n5,grip
586624,435,n5,grip
586626,432,n5,grip
586628,436,n5,grip
586630,423,n5,grip
586632,403,n5,grip
586634,386,n5,grip
586636,368,n5,grip
586638,354,n5,grip
586640,337,n5,grip
586642,320,n5,grip
586644,322,n5,grip
586646,348,n5,grip
586648,350,n5,grip
586650,361,n5,grip
586652,357,n5,grip
586654,366,n5,grip
586656,367,n5,grip
586658,368,n5,grip
586660,354,n5,grip
586662,363,n5,grip
586664,379,n5,grip
586666,688,n5,grip
586668,913,n5,grip
586670,1165,n5,grip
586672,1395,n5,grip
586674,1567,n5,grip
586676,1761,n5,grip
586678,1895,n5,grip
586680,2025,n5,grip
586682,2128,n5,grip
586684,2231,n5,grip
586686,2333,n5,grip
586688,2428,n5,grip
586690,2543,n5,grip
586692,2619,n5,grip
586694,2688,n5,grip
586696,2783,n5,grip
586698,3285,n5,grip
586700,4095,n5,grip
586702,4095,n5,grip
586704,4095,n5,grip
586706,4095,n5,grip
586708,4095,n5,grip
586710,4095,n5,grip
586712,4095,n5,grip
586714,4095,n5,grip
586716,4095,n5,grip
586718,4095,n5,grip
586720,4095,n5,grip
586722,4095,n5,grip
586724,4095,n5,grip
586726,4095,n5,grip
586728,4095,n5,grip
586730,4076,n5,grip
586732,3861,n5,grip
586734,3667,n5,grip
586736,3520,n5,grip
586738,3418,n5,grip
586740,3345,n5,grip
586742,3287,n5,grip
586744,3241,n5,grip
586746,3202,n5,grip
586748,3173,n5,grip
586750,3150,n5,grip
586752,3130,n5,grip
586754,3113,n5,grip
586756,3094,n5,grip
586758,3086,n5,grip
586760,3065,n5,grip
586762,3056,n5,grip
586764,3042,n5,grip
586766,3033,n5,grip
586768,3025,n5,grip
586770,3014,n5,grip
586772,3007,n5,grip
586774,2999,n5,grip
586776,2992,n5,grip
586778,2989,n5,grip
586780,2979,n5,grip
586782,2975,n5,grip
586784,2967,n5,grip
586786,2967,n5,grip
586788,2960,n5,grip
586790,2958,n5,grip
586792,2955,n5,grip
586794,2951,n5,grip
586796,2945,n5,grip
586798,2942,n5,grip
586800,2941,n5,grip
586802,2935,n5,grip
586804,2931,n5,grip
586806,2930,n5,grip
586808,2928,n5,grip
586810,2928,n5,grip
586812,2925,n5,grip
586814,2922,n5,grip
586816,2916,n5,grip
586818,2916,n5,grip
586820,2911,n5,grip
586822,2911,n5,grip
586824,2909,n5,grip
586826,2907,n5,grip
586828,2902,n5,grip
586830,2900,n5,grip
586832,2896,n5,grip
586834,2896,n5,grip
586836,2894,n5,grip
586838,2894,n5,grip
586840,2893,n5,grip
586842,2886,n5,grip
586844,2882,n5,grip
586846,2881,n5,grip
586848,2879,n5,grip
586850,2871,n5,grip
586852,2868,n5,grip
586854,2864,n5,grip
586856,2862,n5,grip
586858,2859,n5,grip
586860,2854,n5,grip
586862,2850,n5,grip
586864,2846,n5,grip
586866,2847,n5,grip
586868,2843,n5,grip
586870,2844,n5,grip
586872,2844,n5,grip
586874,2845,n5,grip
586876,2845,n5,grip
586878,2845,n5,grip
586880,2847,n5,grip
586882,2847,n5,grip
586884,2845,n5,grip
586886,2847,n5,grip
586888,2850,n5,grip
586890,2850,n5,grip
586892,2849,n5,grip
586894,2848,n5,grip
586896,2849,n5,grip
586898,2849,n5,grip
586900,2847,n5,grip
586902,2849,n5,grip
586904,2852,n5,grip
586906,2852,n5,grip
586908,2853,n5,grip
586910,2854,n5,grip
586912,2853,n5,grip
586914,2855,n5,grip
586916,2853,n5,grip
586918,2857,n5,grip
586920,2853,n5,grip
586922,2855,n5,grip
586924,2855,n5,grip
586926,2858,n5,grip
586928,2857,n5,grip
586930,2858,n5,grip
586932,2857,n5,grip
586934,2858,n5,grip
586936,2859,n5,grip
586938,2861,n5,grip
586940,2861,n5,grip
586942,2860,n5,grip
586944,2861,n5,grip
586946,2863,n5,grip
586948,2862,n5,grip
586950,2862,n5,grip
586952,2860,n5,grip
586954,2864,n5,grip
586956,2862,n5,grip
586958,2864,n5,grip
586960,2864,n5,grip
586962,2863,n5,grip
586964,2864,n5,grip
586966,2863,n5,grip
586968,2864,n5,grip
586970,2864,n5,grip
586972,2864,n5,grip
586974,2865,n5,grip
586976,2865,n5,grip
586978,2867,n5,grip
586980,2866,n5,grip
586982,2866,n5,grip
586984,2865,n5,grip
586986,2866,n5,grip
586988,2865,n5,grip
586990,2866,n5,grip
586992,2868,n5,grip
586994,2867,n5,grip
586996,2870,n5,grip
586998,2868,n5,grip
587000,2866,n5,grip
587002,2867,n5,grip
587004,2870,n5,grip
587006,2870,n5,grip
587008,2869,n5,grip
587010,2869,n5,grip
587012,2867,n5,grip
587014,2871,n5,grip
587016,2871,n5,grip
587018,2870,n5,grip
587020,2873,n5,grip
587022,2869,n5,grip
587024,2873,n5,grip
587026,2873,n5,grip
587028,2871,n5,grip
587030,2869,n5,grip
587032,2874,n5,grip
587034,2871,n5,grip
587036,2875,n5,grip
587038,2873,n5,grip
587040,2873,n5,grip
587042,2874,n5,grip
587044,2876,n5,grip
587046,2873,n5,grip
587048,2871,n5,grip
587050,2876,n5,grip
587052,2875,n5,grip
587054,2875,n5,grip
587056,2875,n5,grip
587058,2875,n5,grip
587060,2874,n5,grip
587062,2877,n5,grip
587064,2877,n5,grip
587066,2875,n5,grip
587068,2871,n5,grip
587070,2878,n5,grip
587072,2878,n5,grip
587074,2880,n5,grip
587076,2879,n5,grip
587078,2877,n5,grip
587080,2878,n5,grip
587082,2879,n5,grip
587084,2880,n5,grip
587086,2878,n5,grip
587088,2879,n5,grip
587090,2879,n5,grip
587092,2879,n5,grip
587094,2878,n5,grip
587096,2880,n5,grip
587098,2879,n5,grip
587100,2880,n5,grip
587102,2879,n5,grip
587104,2880,n5,grip
587106,2880,n5,grip
587108,2880,n5,grip
587110,2877,n5,grip
587112,2879,n5,grip
587114,2880,n5,grip
587116,2880,n5,grip
587118,2880,n5,grip
587120,2881,n5,grip
587122,2881,n5,grip
587124,2883,n5,grip
587126,2883,n5,grip
587128,2881,n5,grip
587130,2880,n5,grip
587132,2884,n5,grip
587134,2883,n5,grip
587136,2881,n5,grip
587138,2882,n5,grip
587140,2880,n5,grip
587142,2883,n5,grip
587144,2881,n5,grip
587146,2883,n5,grip
587148,2881,n5,grip
587150,2881,n5,grip
587152,2882,n5,grip
587154,2883,n5,grip
587156,2881,n5,grip
587158,2884,n5,grip
587160,2883,n5,grip
587162,2881,n5,grip
587164,2884,n5,grip
587166,2883,n5,grip
587168,2883,n5,grip
587170,2882,n5,grip
587172,2883,n5,grip
587174,2883,n5,grip
587176,2886,n5,grip
587178,2883,n5,grip
587180,2886,n5,grip
587182,2882,n5,grip
587184,2885,n5,grip
587186,2883,n5,grip
587188,2885,n5,grip
587190,2885,n5,grip
587192,2884,n5,grip
587194,2886,n5,grip
587196,2885,n5,grip
587198,2885,n5,grip
587200,2883,n5,grip
587202,2884,n5,grip
587204,2885,n5,grip
587206,2887,n5,grip
587208,2878,n5,grip
587210,2876,n5,grip
587212,2862,n5,grip
587214,2871,n5,grip
587216,2871,n5,grip
587218,2853,n5,grip
587220,0,n5,grip
587222,0,n5,grip
587224,0,n5,grip
587226,0,n5,grip
587228,0,n5,grip
587230,0,n5,grip
587232,0,n5,grip
587234,0,n5,grip
587236,0,n5,grip
587238,0,n5,grip
587240,0,n5,grip
587242,0,n5,grip
587244,0,n5,grip
587246,0,n5,grip
587248,0,n5,grip
587250,0,n5,grip
587252,0,n5,grip
587254,0,n5,grip
587256,0,n5,grip
587258,0,n5,grip
587260,0,n5,grip
587262,0,n5,grip
587264,0,n5,grip
587266,0,n5,grip
587268,0,n5,grip
587270,0,n5,grip
587272,0,n5,grip
587274,0,n5,grip
587276,0,n5,grip
587278,0,n5,grip
587280,0,n5,grip
587282,0,n5,grip
587284,0,n5,grip
587286,0,n5,grip
587288,0,n5,grip
587290,0,n5,grip
587292,0,n5,grip
587294,0,n5,grip
587296,0,n5,grip
587298,0,n5,grip
587300,0,n5,grip
587302,0,n5,grip
587304,16,n5,grip
587306,29,n5,grip
587308,67,n5,grip
587310,82,n5,grip
587312,112,n5,grip
587314,176,n5,grip
587316,275,n5,grip
587318,322,n5,grip
587320,336,n5,grip
587322,335,n5,grip
587324,326,n5,grip
587326,320,n5,grip
587328,318,n5,grip
587330,335,n5,grip
587332,342,n5,grip
587334,411,n5,grip
587336,423,n5,grip
587338,478,n5,grip
587340,479,n5,grip
587342,475,n5,grip
587344,557,n5,grip
587346,567,n5,grip
587348,565,n5,grip
587350,582,n5,grip
587352,573,n5,grip
587354,585,n5,grip
587356,576,n5,grip
587358,557,n5,grip
587360,538,n5,grip
587362,511,n5,grip
587364,531,n5,grip
587366,570,n5,grip
587368,576,n5,grip
587370,565,n5,grip
587372,560,n5,grip
587374,592,n5,grip
587376,656,n5,grip
587378,745,n5,grip
587380,877,n5,grip
587382,880,n5,grip
587384,923,n5,grip
587386,917,n5,grip
587388,889,n5,grip
587390,893,n5,grip
587392,1008,n5,grip
587394,1021,n5,grip
587396,1071,n5,grip
587398,1152,n5,grip
587400,1133,n5,grip
587402,1136,n5,grip
587404,1142,n5,grip
587406,1143,n5,grip
587408,1168,n5,grip
587410,1200,n5,grip
587412,1170,n5,grip
587414,1151,n5,grip
587416,1105,n5,grip
587418,1080,n5,grip
587420,1088,n5,grip
587422,1130,n5,grip
587424,1195,n5,grip
587426,1200,n5,grip
587428,1221,n5,grip
587430,1178,n5,grip
587432,1168,n5,grip
587434,1189,n5,grip
587436,1197,n5,grip
587438,1218,n5,grip
587440,1175,n5,grip
587442,1200,n5,grip
587444,1174,n5,grip
587446,1169,n5,grip
587448,1131,n5,grip
587450,1155,n5,grip
587452,1198,n5,grip
587454,1233,n5,grip
587456,1264,n5,grip
587458,1333,n5,grip
587460,1487,n5,grip
587462,1535,n5,grip
587464,1494,n5,grip
587466,1427,n5,grip
587468,1391,n5,grip
587470,1411,n5,grip
587472,1424,n5,grip
587474,1398,n5,grip
587476,1357,n5,grip
587478,1307,n5,grip
587480,1279,n5,grip
587482,1277,n5,grip
587484,1248,n5,grip
587486,1236,n5,grip
587488,1215,n5,grip
587490,1167,n5,grip
587492,1117,n5,grip
587494,1136,n5,grip
587496,1150,n5,grip
587498,1130,n5,grip
587500,1226,n5,grip
587502,1264,n5,grip
587504,1238,n5,grip
587506,1261,n5,grip
587508,1201,n5,grip
587510,1168,n5,grip
587512,1141,n5,grip
587514,1146,n5,grip
587516,1117,n5,grip
587518,1088,n5,grip
587520,1057,n5,grip
587522,1005,n5,grip
587524,973,n5,grip
587526,1072,n5,grip
587528,1102,n5,grip
587530,1195,n5,grip
587532,1145,n5,grip
587534,1207,n5,grip
587536,1205,n5,grip
587538,1200,n5,grip
587540,1178,n5,grip
587542,1137,n5,grip
587544,1097,n5,grip
587546,1058,n5,grip
587548,1008,n5,grip
587550,1058,n5,grip
587552,1122,n5,grip
587554,1126,n5,grip
587556,1232,n5,grip
587558,1254,n5,grip
587560,1209,n5,grip
587562,1153,n5,grip
587564,1121,n5,grip
587566,1093,n5,grip
587568,1118,n5,grip
587570,1152,n5,grip
587572,1276,n5,grip
587574,1264,n5,grip
587576,1270,n5,grip
587578,1296,n5,grip
587580,1300,n5,grip
587582,1264,n5,grip
587584,1248,n5,grip
587586,1202,n5,grip
587588,1166,n5,grip
587590,1169,n5,grip
587592,1151,n5,grip
587594,1174,n5,grip
587596,1215,n5,grip
587598,1244,n5,grip
587600,1279,n5,grip
587602,1299,n5,grip
587604,1266,n5,grip
587606,1227,n5,grip
587608,1168,n5,grip
587610,1138,n5,grip
587612,1123,n5,grip
587614,1194,n5,grip
587616,1217,n5,grip
587618,1219,n5,grip
587620,1226,n5,grip
587622,1171,n5,grip
587624,1168,n5,grip
587626,1154,n5,grip
587628,1139,n5,grip
587630,1096,n5,grip
587632,1072,n5,grip
587634,1057,n5,grip
587636,1007,n5,grip
587638,971,n5,grip
587640,949,n5,grip
587642,919,n5,grip
587644,963,n5,grip
587646,925,n5,grip
587648,883,n5,grip
587650,866,n5,grip
587652,868,n5,grip
587654,862,n5,grip
587656,880,n5,grip
587658,911,n5,grip
587660,880,n5,grip
587662,877,n5,grip
587664,911,n5,grip
587666,967,n5,grip
587668,967,n5,grip
587670,1042,n5,grip
587672,1088,n5,grip
587674,1051,n5,grip
587676,1008,n5,grip
587678,1009,n5,grip
587680,989,n5,grip
587682,1009,n5,grip
587684,967,n5,grip
587686,931,n5,grip
587688,900,n5,grip
587690,879,n5,grip
587692,854,n5,grip
587694,832,n5,grip
587696,847,n5,grip
587698,857,n5,grip
587700,887,n5,grip
587702,868,n5,grip
587704,848,n5,grip
587706,846,n5,grip
587708,818,n5,grip
587710,786,n5,grip
587712,797,n5,grip
587714,816,n5,grip
587716,819,n5,grip
587718,858,n5,grip
587720,842,n5,grip
587722,811,n5,grip
587724,817,n5,grip
587726,811,n5,grip
587728,796,n5,grip
587730,820,n5,grip
587732,827,n5,grip
587734,892,n5,grip
587736,912,n5,grip
587738,1007,n5,grip
587740,1049,n5,grip
587742,998,n5,grip
587744,951,n5,grip
587746,930,n5,grip
587748,961,n5,grip
587750,999,n5,grip
587752,988,n5,grip
587754,947,n5,grip
587756,973,n5,grip
587758,929,n5,grip
587760,903,n5,grip
587762,1001,n5,grip
587764,1023,n5,grip
587766,1056,n5,grip
587768,1023,n5,grip
587770,994,n5,grip
587772,963,n5,grip
587774,947,n5,grip
587776,1002,n5,grip
587778,1002,n5,grip
587780,973,n5,grip
587782,969,n5,grip
587784,974,n5,grip
587786,1006,n5,grip
587788,1038,n5,grip
587790,1040,n5,grip
587792,1138,n5,grip
587794,1294,n5,grip
587796,1264,n5,grip
587798,1227,n5,grip
587800,1255,n5,grip
587802,1255,n5,grip
587804,1227,n5,grip
587806,1170,n5,grip
587808,1120,n5,grip
587810,1077,n5,grip
587812,1050,n5,grip
587814,1081,n5,grip
587816,1125,n5,grip
587818,1106,n5,grip
587820,1087,n5,grip
587822,1233,n5,grip
587824,1322,n5,grip
587826,1305,n5,grip
587828,1248,n5,grip
587830,1214,n5,grip
587832,1215,n5,grip
587834,1213,n5,grip
587836,1232,n5,grip
587838,1198,n5,grip
587840,1150,n5,grip
587842,1104,n5,grip
587844,1112,n5,grip
587846,1088,n5,grip
587848,1043,n5,grip
587850,1050,n5,grip
587852,1077,n5,grip
587854,1118,n5,grip
587856,1136,n5,grip
587858,1118,n5,grip
587860,1089,n5,grip
587862,1103,n5,grip
587864,1072,n5,grip
587866,1046,n5,grip
587868,1022,n5,grip
587870,1006,n5,grip
587872,1014,n5,grip
587874,1009,n5,grip
587876,970,n5,grip
587878,985,n5,grip
587880,1040,n5,grip
587882,1023,n5,grip
587884,989,n5,grip
587886,956,n5,grip
587888,929,n5,grip
587890,912,n5,grip
587892,910,n5,grip
587894,870,n5,grip
587896,855,n5,grip
587898,832,n5,grip
587900,818,n5,grip
587902,795,n5,grip
587904,770,n5,grip
587906,803,n5,grip
587908,787,n5,grip
587910,758,n5,grip
587912,757,n5,grip
587914,731,n5,grip
587916,706,n5,grip
587918,683,n5,grip
587920,681,n5,grip
587922,669,n5,grip
587924,649,n5,grip
587926,640,n5,grip
587928,709,n5,grip
587930,773,n5,grip
587932,751,n5,grip
587934,727,n5,grip
587936,720,n5,grip
587938,766,n5,grip
587940,752,n5,grip
587942,730,n5,grip
587944,749,n5,grip
587946,814,n5,grip
587948,782,n5,grip
587950,783,n5,grip
587952,786,n5,grip
587954,754,n5,grip
587956,731,n5,grip
587958,710,n5,grip
587960,688,n5,grip
587962,669,n5,grip
587964,656,n5,grip
587966,650,n5,grip
587968,635,n5,grip
587970,642,n5,grip
587972,624,n5,grip
587974,637,n5,grip
587976,615,n5,grip
587978,602,n5,grip
587980,613,n5,grip
587982,593,n5,grip
587984,567,n5,grip
587986,560,n5,grip
587988,530,n5,grip
587990,511,n5,grip
587992,494,n5,grip
587994,525,n5,grip
587996,549,n5,grip
587998,570,n5,grip
588000,607,n5,grip
588002,717,n5,grip
588004,727,n5,grip
588006,717,n5,grip
588008,720,n5,grip
588010,704,n5,grip
588012,691,n5,grip
588014,702,n5,grip
588016,727,n5,grip
588018,732,n5,grip
588020,749,n5,grip
588022,791,n5,grip
588024,786,n5,grip
588026,816,n5,grip
588028,867,n5,grip
588030,855,n5,grip
588032,851,n5,grip
588034,893,n5,grip
588036,853,n5,grip
588038,896,n5,grip
588040,950,n5,grip
588042,934,n5,grip
588044,894,n5,grip
588046,859,n5,grip
588048,869,n5,grip
588050,837,n5,grip
588052,798,n5,grip
588054,816,n5,grip
588056,816,n5,grip
588058,823,n5,grip
588060,863,n5,grip
588062,855,n5,grip
588064,843,n5,grip
588066,899,n5,grip
588068,944,n5,grip
588070,982,n5,grip
588072,957,n5,grip
588074,933,n5,grip
588076,931,n5,grip
588078,913,n5,grip
588080,895,n5,grip
588082,901,n5,grip
588084,962,n5,grip
588086,1015,n5,grip
588088,1008,n5,grip
588090,965,n5,grip
588092,944,n5,grip
588094,900,n5,grip
588096,859,n5,grip
588098,816,n5,grip
588100,893,n5,grip
588102,981,n5,grip
588104,949,n5,grip
588106,935,n5,grip
588108,900,n5,grip
588110,913,n5,grip
588112,969,n5,grip
588114,970,n5,grip
588116,943,n5,grip
588118,974,n5,grip
588120,1009,n5,grip
588122,1057,n5,grip
588124,1159,n5,grip
588126,1149,n5,grip
588128,1204,n5,grip
588130,1264,n5,grip
588132,1236,n5,grip
588134,1187,n5,grip
588136,1143,n5,grip
588138,1153,n5,grip
588140,1152,n5,grip
588142,1169,n5,grip
588144,1191,n5,grip
588146,1231,n5,grip
588148,1259,n5,grip
588150,1328,n5,grip
588152,1306,n5,grip
588154,1252,n5,grip
588156,1217,n5,grip
588158,1230,n5,grip
588160,1274,n5,grip
588162,1287,n5,grip
588164,1366,n5,grip
588166,1385,n5,grip
588168,1341,n5,grip
588170,1277,n5,grip
588172,1232,n5,grip
588174,1189,n5,grip
588176,1136,n5,grip
588178,1111,n5,grip
588180,1064,n5,grip
588182,1014,n5,grip
588184,1034,n5,grip
588186,1063,n5,grip
588188,1049,n5,grip
588190,1093,n5,grip
588192,1187,n5,grip
588194,1198,n5,grip
588196,1232,n5,grip
588198,1265,n5,grip
588200,1230,n5,grip
588202,1200,n5,grip
588204,1239,n5,grip
588206,1232,n5,grip
588208,1203,n5,grip
588210,1152,n5,grip
588212,1107,n5,grip
588214,1170,n5,grip
588216,1209,n5,grip
588218,1183,n5,grip
588220,1233,n5,grip
588222,1212,n5,grip
588224,1171,n5,grip
588226,1142,n5,grip
588228,1162,n5,grip
588230,1147,n5,grip
588232,1138,n5,grip
588234,1127,n5,grip
588236,1082,n5,grip
588238,1072,n5,grip
588240,1104,n5,grip
588242,1104,n5,grip
588244,1136,n5,grip
588246,1115,n5,grip
588248,1159,n5,grip
588250,1168,n5,grip
588252,1187,n5,grip
588254,1266,n5,grip
588256,1237,n5,grip
588258,1211,n5,grip
588260,1209,n5,grip
588262,1279,n5,grip
588264,1328,n5,grip
588266,1280,n5,grip
588268,1225,n5,grip
588270,1237,n5,grip
588272,1276,n5,grip
588274,1239,n5,grip
588276,1232,n5,grip
588278,1301,n5,grip
588280,1329,n5,grip
588282,1364,n5,grip
588284,1315,n5,grip
588286,1301,n5,grip
588288,1329,n5,grip
588290,1328,n5,grip
588292,1377,n5,grip
588294,1428,n5,grip
588296,1411,n5,grip
588298,1410,n5,grip
588300,1365,n5,grip
588302,1327,n5,grip
588304,1271,n5,grip
588306,1255,n5,grip
588308,1209,n5,grip
588310,1156,n5,grip
588312,1151,n5,grip
588314,1191,n5,grip
588316,1190,n5,grip
588318,1238,n5,grip
588320,1283,n5,grip
588322,1298,n5,grip
588324,1372,n5,grip
588326,1365,n5,grip
588328,1340,n5,grip
588330,1297,n5,grip
588332,1277,n5,grip
588334,1350,n5,grip
588336,1351,n5,grip
588338,1312,n5,grip
588340,1265,n5,grip
588342,1255,n5,grip
588344,1311,n5,grip
588346,1358,n5,grip
588348,1312,n5,grip
588350,1383,n5,grip
588352,1381,n5,grip
588354,1349,n5,grip
588356,1325,n5,grip
588358,1283,n5,grip
588360,1261,n5,grip
588362,1209,n5,grip
588364,1160,n5,grip
588366,1175,n5,grip
588368,1193,n5,grip
588370,1186,n5,grip
588372,1154,n5,grip
588374,1217,n5,grip
588376,1226,n5,grip
588378,1201,n5,grip
588380,1221,n5,grip
588382,1180,n5,grip
588384,1143,n5,grip
588386,1099,n5,grip
588388,1054,n5,grip
588390,1063,n5,grip
588392,1119,n5,grip
588394,1182,n5,grip
588396,1187,n5,grip
588398,1168,n5,grip
588400,1147,n5,grip
588402,1109,n5,grip
588404,1065,n5,grip
588406,1057,n5,grip
588408,1075,n5,grip
588410,1063,n5,grip
588412,1043,n5,grip
588414,1101,n5,grip
588416,1118,n5,grip
588418,1093,n5,grip
588420,1095,n5,grip
588422,1142,n5,grip
588424,1201,n5,grip
588426,1212,n5,grip
588428,1194,n5,grip
588430,1152,n5,grip
588432,1152,n5,grip
588434,1184,n5,grip
588436,1169,n5,grip
588438,1169,n5,grip
588440,1168,n5,grip
588442,1141,n5,grip
588444,1151,n5,grip
588446,1161,n5,grip
588448,1155,n5,grip
588450,1238,n5,grip
588452,1312,n5,grip
588454,1318,n5,grip
588456,1307,n5,grip
588458,1265,n5,grip
588460,1214,n5,grip
588462,1227,n5,grip
588464,1185,n5,grip
588466,1178,n5,grip
588468,1136,n5,grip
588470,1105,n5,grip
588472,1132,n5,grip
588474,1127,n5,grip
588476,1111,n5,grip
588478,1075,n5,grip
588480,1021,n5,grip
588482,993,n5,grip
588484,1018,n5,grip
588486,1069,n5,grip
588488,1046,n5,grip
588490,995,n5,grip
588492,960,n5,grip
588494,939,n5,grip
588496,923,n5,grip
588498,902,n5,grip
588500,896,n5,grip
588502,881,n5,grip
588504,892,n5,grip
588506,878,n5,grip
588508,893,n5,grip
588510,905,n5,grip
588512,883,n5,grip
588514,880,n5,grip
588516,861,n5,grip
588518,855,n5,grip
588520,880,n5,grip
588522,895,n5,grip
588524,878,n5,grip
588526,938,n5,grip
588528,950,n5,grip
588530,966,n5,grip
588532,966,n5,grip
588534,925,n5,grip
588536,912,n5,grip
588538,897,n5,grip
588540,888,n5,grip
588542,918,n5,grip
588544,947,n5,grip
588546,934,n5,grip
588548,925,n5,grip
588550,992,n5,grip
588552,1094,n5,grip
588554,1053,n5,grip
588556,1055,n5,grip
588558,1173,n5,grip
588560,1311,n5,grip
588562,1266,n5,grip
588564,1261,n5,grip
588566,1263,n5,grip
588568,1275,n5,grip
588570,1257,n5,grip
588572,1239,n5,grip
588574,1191,n5,grip
588576,1168,n5,grip
588578,1138,n5,grip
588580,1147,n5,grip
588582,1201,n5,grip
588584,1178,n5,grip
588586,1171,n5,grip
588588,1152,n5,grip
588590,1109,n5,grip
588592,1071,n5,grip
588594,1103,n5,grip
588596,1088,n5,grip
588598,1074,n5,grip
588600,1070,n5,grip
588602,1071,n5,grip
588604,1111,n5,grip
588606,1088,n5,grip
588608,1040,n5,grip
588610,1036,n5,grip
588612,1035,n5,grip
588614,1081,n5,grip
588616,1053,n5,grip
588618,1062,n5,grip
588620,1060,n5,grip
588622,1090,n5,grip
588624,1100,n5,grip
588626,1155,n5,grip
588628,1113,n5,grip
588630,1191,n5,grip
588632,1197,n5,grip
588634,1222,n5,grip
588636,1215,n5,grip
588638,1247,n5,grip
588640,1215,n5,grip
588642,1182,n5,grip
588644,1164,n5,grip
588646,1157,n5,grip
588648,1144,n5,grip
588650,1136,n5,grip
588652,1109,n5,grip
588654,1097,n5,grip
588656,1119,n5,grip
588658,1101,n5,grip
588660,1099,n5,grip
588662,1067,n5,grip
588664,1105,n5,grip
588666,1104,n5,grip
588668,1083,n5,grip
588670,1082,n5,grip
588672,1085,n5,grip
588674,1072,n5,grip
588676,1113,n5,grip
588678,1074,n5,grip
588680,1066,n5,grip
588682,1055,n5,grip
588684,1047,n5,grip
588686,1040,n5,grip
588688,1005,n5,grip
588690,1010,n5,grip
588692,1023,n5,grip
588694,1022,n5,grip
588696,1005,n5,grip
588698,1036,n5,grip
588700,1013,n5,grip
588702,1078,n5,grip
588704,1055,n5,grip
588706,1051,n5,grip
588708,1023,n5,grip
588710,982,n5,grip
588712,960,n5,grip
588714,919,n5,grip
588716,912,n5,grip
588718,918,n5,grip
588720,941,n5,grip
588722,974,n5,grip
588724,995,n5,grip
588726,976,n5,grip
588728,946,n5,grip
588730,910,n5,grip
588732,882,n5,grip
588734,891,n5,grip
588736,926,n5,grip
588738,944,n5,grip
588740,950,n5,grip
588742,1063,n5,grip
588744,1152,n5,grip
588746,1121,n5,grip
588748,1126,n5,grip
588750,1084,n5,grip
588752,1040,n5,grip
588754,1005,n5,grip
588756,1019,n5,grip
588758,1072,n5,grip
588760,1092,n5,grip
588762,1206,n5,grip
588764,1209,n5,grip
588766,1290,n5,grip
588768,1290,n5,grip
588770,1242,n5,grip
588772,1269,n5,grip
588774,1266,n5,grip
588776,1250,n5,grip
588778,1230,n5,grip
588780,1234,n5,grip
588782,1200,n5,grip
588784,1171,n5,grip
588786,1166,n5,grip
588788,1147,n5,grip
588790,1139,n5,grip
588792,1137,n5,grip
588794,1118,n5,grip
588796,1120,n5,grip
588798,1075,n5,grip
588800,1063,n5,grip
588802,1009,n5,grip
588804,984,n5,grip
588806,966,n5,grip
588808,983,n5,grip
588810,960,n5,grip
588812,955,n5,grip
588814,916,n5,grip
588816,909,n5,grip
588818,880,n5,grip
588820,877,n5,grip
588822,899,n5,grip
588824,910,n5,grip
588826,921,n5,grip
588828,887,n5,grip
588830,848,n5,grip
588832,817,n5,grip
588834,849,n5,grip
588836,874,n5,grip
588838,854,n5,grip
588840,823,n5,grip
588842,811,n5,grip
588844,805,n5,grip
588846,833,n5,grip
588848,839,n5,grip
588850,809,n5,grip
588852,801,n5,grip
588854,768,n5,grip
588856,758,n5,grip
588858,813,n5,grip
588860,791,n5,grip
588862,784,n5,grip
588864,752,n5,grip
588866,747,n5,grip
588868,733,n5,grip
588870,705,n5,grip
588872,698,n5,grip
588874,721,n5,grip
588876,719,n5,grip
588878,688,n5,grip
588880,681,n5,grip
588882,656,n5,grip
588884,671,n5,grip
588886,679,n5,grip
588888,679,n5,grip
588890,668,n5,grip
588892,649,n5,grip
588894,666,n5,grip
588896,666,n5,grip
588898,635,n5,grip
588900,651,n5,grip
588902,688,n5,grip
588904,704,n5,grip
588906,705,n5,grip
588908,715,n5,grip
588910,718,n5,grip
588912,804,n5,grip
588914,877,n5,grip
588916,981,n5,grip
588918,1043,n5,grip
588920,991,n5,grip
588922,995,n5,grip
588924,993,n5,grip
588926,1002,n5,grip
588928,991,n5,grip
588930,948,n5,grip
588932,906,n5,grip
588934,868,n5,grip
588936,832,n5,grip
588938,835,n5,grip
588940,849,n5,grip
588942,912,n5,grip
588944,979,n5,grip
588946,945,n5,grip
588948,910,n5,grip
588950,894,n5,grip
588952,853,n5,grip
588954,845,n5,grip
588956,829,n5,grip
588958,794,n5,grip
588960,813,n5,grip
588962,839,n5,grip
588964,810,n5,grip
588966,837,n5,grip
588968,816,n5,grip
588970,809,n5,grip
588972,835,n5,grip
588974,845,n5,grip
588976,822,n5,grip
588978,816,n5,grip
588980,779,n5,grip
588982,764,n5,grip
588984,743,n5,grip
588986,767,n5,grip
588988,787,n5,grip
588990,877,n5,grip
588992,843,n5,grip
588994,823,n5,grip
588996,843,n5,grip
588998,818,n5,grip
589000,786,n5,grip
589002,775,n5,grip
589004,750,n5,grip
589006,749,n5,grip
589008,767,n5,grip
589010,794,n5,grip
589012,809,n5,grip
589014,789,n5,grip
589016,761,n5,grip
589018,749,n5,grip
589020,717,n5,grip
589022,686,n5,grip
589024,667,n5,grip
589026,646,n5,grip
589028,702,n5,grip
589030,720,n5,grip
589032,701,n5,grip
589034,688,n5,grip
589036,707,n5,grip
589038,692,n5,grip
589040,659,n5,grip
589042,652,n5,grip
589044,669,n5,grip
589046,699,n5,grip
589048,686,n5,grip
589050,653,n5,grip
589052,629,n5,grip
589054,647,n5,grip
589056,657,n5,grip
589058,679,n5,grip
589060,710,n5,grip
589062,686,n5,grip
589064,656,n5,grip
589066,677,n5,grip
589068,714,n5,grip
589070,713,n5,grip
589072,752,n5,grip
589074,801,n5,grip
589076,803,n5,grip
589078,773,n5,grip
589080,736,n5,grip
589082,705,n5,grip
589084,687,n5,grip
589086,688,n5,grip
589088,723,n5,grip
589090,800,n5,grip
589092,794,n5,grip
589094,822,n5,grip
589096,863,n5,grip
589098,832,n5,grip
589100,804,n5,grip
589102,787,n5,grip
589104,779,n5,grip
589106,823,n5,grip
589108,845,n5,grip
589110,912,n5,grip
589112,892,n5,grip
589114,889,n5,grip
589116,931,n5,grip
589118,921,n5,grip
589120,913,n5,grip
589122,895,n5,grip
589124,917,n5,grip
589126,914,n5,grip
589128,938,n5,grip
589130,950,n5,grip
589132,928,n5,grip
589134,958,n5,grip
589136,934,n5,grip
589138,976,n5,grip
589140,1042,n5,grip
589142,1095,n5,grip
589144,1075,n5,grip
589146,1056,n5,grip
589148,1015,n5,grip
589150,975,n5,grip
589152,950,n5,grip
589154,977,n5,grip
589156,995,n5,grip
589158,964,n5,grip
589160,931,n5,grip
589162,930,n5,grip
589164,912,n5,grip
589166,877,n5,grip
589168,891,n5,grip
589170,904,n5,grip
589172,869,n5,grip
589174,893,n5,grip
589176,883,n5,grip
589178,871,n5,grip
589180,862,n5,grip
589182,881,n5,grip
589184,891,n5,grip
589186,906,n5,grip
589188,889,n5,grip
589190,889,n5,grip
589192,863,n5,grip
589194,896,n5,grip
589196,959,n5,grip
589198,1037,n5,grip
589200,1040,n5,grip
589202,1011,n5,grip
589204,976,n5,grip
589206,941,n5,grip
589208,950,n5,grip
589210,981,n5,grip
589212,1052,n5,grip
589214,1107,n5,grip
589216,1232,n5,grip
589218,1221,n5,grip
589220,1231,n5,grip
589222,1178,n5,grip
589224,1168,n5,grip
589226,1127,n5,grip
589228,1089,n5,grip
589230,1104,n5,grip
589232,1072,n5,grip
589234,1105,n5,grip
589236,1080,n5,grip
589238,1038,n5,grip
589240,1008,n5,grip
589242,1056,n5,grip
589244,1035,n5,grip
589246,981,n5,grip
589248,970,n5,grip
589250,945,n5,grip
589252,903,n5,grip
589254,875,n5,grip
589256,875,n5,grip
589258,846,n5,grip
589260,826,n5,grip
589262,880,n5,grip
589264,867,n5,grip
589266,902,n5,grip
589268,1034,n5,grip
589270,1141,n5,grip
589272,1111,n5,grip
589274,1195,n5,grip
589276,1387,n5,grip
589278,1473,n5,grip
589280,1473,n5,grip
589282,1433,n5,grip
589284,1449,n5,grip
589286,1487,n5,grip
589288,1505,n5,grip
589290,1465,n5,grip
589292,1425,n5,grip
589294,1387,n5,grip
589296,1365,n5,grip
589298,1424,n5,grip
589300,1364,n5,grip
589302,1329,n5,grip
589304,1297,n5,grip
589306,1243,n5,grip
589308,1189,n5,grip
589310,1139,n5,grip
589312,1145,n5,grip
589314,1151,n5,grip
589316,1119,n5,grip
589318,1071,n5,grip
589320,1053,n5,grip
589322,1055,n5,grip
589324,1075,n5,grip
589326,1082,n5,grip
589328,1046,n5,grip
589330,1008,n5,grip
589332,967,n5,grip
589334,919,n5,grip
589336,917,n5,grip
589338,997,n5,grip
589340,1053,n5,grip
589342,1021,n5,grip
589344,977,n5,grip
589346,983,n5,grip
589348,1015,n5,grip
589350,1014,n5,grip
589352,1014,n5,grip
589354,974,n5,grip
589356,974,n5,grip
589358,1006,n5,grip
589360,1003,n5,grip
589362,1038,n5,grip
589364,1009,n5,grip
589366,975,n5,grip
589368,945,n5,grip
589370,911,n5,grip
589372,887,n5,grip
589374,899,n5,grip
589376,896,n5,grip
589378,910,n5,grip
589380,913,n5,grip
589382,949,n5,grip
589384,1008,n5,grip
589386,971,n5,grip
589388,938,n5,grip
589390,912,n5,grip
589392,879,n5,grip
589394,848,n5,grip
589396,850,n5,grip
589398,878,n5,grip
589400,910,n5,grip
589402,883,n5,grip
589404,841,n5,grip
589406,814,n5,grip
589408,796,n5,grip
589410,779,n5,grip
589412,747,n5,grip
589414,777,n5,grip
589416,809,n5,grip
589418,837,n5,grip
589420,816,n5,grip
589422,880,n5,grip
589424,995,n5,grip
589426,1040,n5,grip
589428,1175,n5,grip
589430,1312,n5,grip
589432,1266,n5,grip
589434,1255,n5,grip
589436,1206,n5,grip
589438,1168,n5,grip
589440,1120,n5,grip
589442,1101,n5,grip
589444,1072,n5,grip
589446,1039,n5,grip
589448,991,n5,grip
589450,1015,n5,grip
589452,1016,n5,grip
589454,986,n5,grip
589456,944,n5,grip
589458,1013,n5,grip
589460,1008,n5,grip
589462,964,n5,grip
589464,930,n5,grip
589466,896,n5,grip
589468,861,n5,grip
589470,873,n5,grip
589472,839,n5,grip
589474,806,n5,grip
589476,807,n5,grip
589478,777,n5,grip
589480,775,n5,grip
589482,752,n5,grip
589484,805,n5,grip
589486,880,n5,grip
589488,879,n5,grip
603506,0,n5,grip
603508,0,n5,grip
603510,0,n5,grip
603512,0,n5,grip
603514,0,n5,grip
603516,0,n5,grip
603518,0,n5,grip
603520,0,n5,grip
603522,0,n5,grip
603524,0,n5,grip
603526,43,n5,grip
603528,151,n5,grip
603530,212,n5,grip
603532,334,n5,grip
603534,381,n5,grip
603536,384,n5,grip
603538,384,n5,grip
603540,380,n5,grip
603542,378,n5,grip
603544,384,n5,grip
603546,510,n5,grip
603548,528,n5,grip
603550,581,n5,grip
603552,655,n5,grip
603554,642,n5,grip
603556,611,n5,grip
603558,588,n5,grip
603560,587,n5,grip
603562,614,n5,grip
603564,699,n5,grip
603566,701,n5,grip
603568,673,n5,grip
603570,651,n5,grip
603572,656,n5,grip
603574,700,n5,grip
603576,723,n5,grip
603578,759,n5,grip
603580,839,n5,grip
603582,832,n5,grip
603584,901,n5,grip
603586,953,n5,grip
603588,995,n5,grip
603590,977,n5,grip
603592,997,n5,grip
603594,1014,n5,grip
603596,1074,n5,grip
603598,1104,n5,grip
603600,1106,n5,grip
603602,1169,n5,grip
603604,1215,n5,grip
603606,1158,n5,grip
603608,1105,n5,grip
603610,1071,n5,grip
603612,1063,n5,grip
603614,1021,n5,grip
603616,981,n5,grip
603618,991,n5,grip
603620,979,n5,grip
603622,1003,n5,grip
603624,1110,n5,grip
603626,1113,n5,grip
603628,1145,n5,grip
603630,1104,n5,grip
603632,1055,n5,grip
603634,1008,n5,grip
603636,965,n5,grip
603638,962,n5,grip
603640,939,n5,grip
603642,931,n5,grip
603644,917,n5,grip
603646,912,n5,grip
603648,933,n5,grip
603650,982,n5,grip
603652,996,n5,grip
603654,976,n5,grip
603656,959,n5,grip
603658,950,n5,grip
603660,960,n5,grip
603662,931,n5,grip
603664,913,n5,grip
603666,875,n5,grip
603668,853,n5,grip
603670,844,n5,grip
603672,822,n5,grip
603674,899,n5,grip
603676,880,n5,grip
603678,851,n5,grip
603680,869,n5,grip
603682,875,n5,grip
603684,906,n5,grip
603686,1015,n5,grip
603688,1022,n5,grip
603690,1058,n5,grip
603692,1093,n5,grip
603694,1094,n5,grip
603696,1073,n5,grip
603698,1062,n5,grip
603700,1138,n5,grip
603702,1215,n5,grip
603704,1206,n5,grip
603706,1279,n5,grip
603708,1393,n5,grip
603710,1405,n5,grip
603712,1385,n5,grip
603714,1328,n5,grip
603716,1281,n5,grip
603718,1257,n5,grip
603720,1319,n5,grip
603722,1341,n5,grip
603724,1298,n5,grip
603726,1334,n5,grip
603728,1359,n5,grip
603730,1299,n5,grip
603732,1253,n5,grip
603734,1239,n5,grip
603736,1287,n5,grip
603738,1281,n5,grip
603740,1308,n5,grip
603742,1345,n5,grip
603744,1316,n5,grip
603746,1302,n5,grip
603748,1263,n5,grip
603750,1225,n5,grip
603752,1245,n5,grip
603754,1231,n5,grip
603756,1223,n5,grip
603758,1206,n5,grip
603760,1179,n5,grip
603762,1213,n5,grip
603764,1191,n5,grip
603766,1172,n5,grip
603768,1136,n5,grip
603770,1148,n5,grip
603772,1178,n5,grip
603774,1187,n5,grip
603776,1149,n5,grip
603778,1119,n5,grip
603780,1077,n5,grip
603782,1134,n5,grip
603784,1146,n5,grip
603786,1167,n5,grip
603788,1210,n5,grip
603790,1213,n5,grip
603792,1225,n5,grip
603794,1227,n5,grip
603796,1186,n5,grip
603798,1163,n5,grip
603800,1119,n5,grip
603802,1168,n5,grip
603804,1170,n5,grip
603806,1188,n5,grip
603808,1154,n5,grip
603810,1120,n5,grip
603812,1094,n5,grip
603814,1065,n5,grip
603816,1046,n5,grip
603818,1021,n5,grip
603820,1002,n5,grip
603822,1008,n5,grip
603824,960,n5,grip
603826,929,n5,grip
603828,911,n5,grip
603830,867,n5,grip
603832,907,n5,grip
603834,1008,n5,grip
603836,973,n5,grip
603838,942,n5,grip
603840,902,n5,grip
603842,912,n5,grip
603844,937,n5,grip
603846,913,n5,grip
603848,981,n5,grip
603850,980,n5,grip
603852,968,n5,grip
603854,1013,n5,grip
603856,1068,n5,grip
603858,1051,n5,grip
603860,1043,n5,grip
603862,1040,n5,grip
603864,1006,n5,grip
603866,969,n5,grip
603868,993,n5,grip
603870,986,n5,grip
603872,944,n5,grip
603874,907,n5,grip
603876,880,n5,grip
603878,913,n5,grip
603880,1008,n5,grip
603882,1001,n5,grip
603884,1059,n5,grip
603886,1071,n5,grip
603888,1023,n5,grip
603890,997,n5,grip
603892,959,n5,grip
603894,923,n5,grip
603896,941,n5,grip
603898,1085,n5,grip
603900,1226,n5,grip
603902,1328,n5,grip
603904,1470,n5,grip
603906,1580,n5,grip
603908,1534,n5,grip
603910,1507,n5,grip
603912,1462,n5,grip
603914,1455,n5,grip
603916,1490,n5,grip
603918,1478,n5,grip
603920,1456,n5,grip
603922,1569,n5,grip
603924,1558,n5,grip
603926,1578,n5,grip
603928,1680,n5,grip
603930,1658,n5,grip
603932,1616,n5,grip
603934,1669,n5,grip
603936,1665,n5,grip
603938,1700,n5,grip
603940,1655,n5,grip
603942,1638,n5,grip
603944,1649,n5,grip
603946,1617,n5,grip
603948,1588,n5,grip
603950,1521,n5,grip
603952,1461,n5,grip
603954,1418,n5,grip
603956,1430,n5,grip
603958,1441,n5,grip
603960,1378,n5,grip
603962,1344,n5,grip
603964,1317,n5,grip
603966,1269,n5,grip
603968,1233,n5,grip
603970,1188,n5,grip
603972,1141,n5,grip
603974,1104,n5,grip
603976,1088,n5,grip
603978,1083,n5,grip
603980,1079,n5,grip
603982,1115,n5,grip
603984,1187,n5,grip
603986,1210,n5,grip
603988,1366,n5,grip
603990,1349,n5,grip
603992,1311,n5,grip
603994,1275,n5,grip
603996,1251,n5,grip
603998,1227,n5,grip
604000,1198,n5,grip
604002,1232,n5,grip
604004,1321,n5,grip
604006,1455,n5,grip
604008,1455,n5,grip
604010,1486,n5,grip
604012,1455,n5,grip
604014,1531,n5,grip
604016,1603,n5,grip
604018,1555,n5,grip
604020,1525,n5,grip
604022,1509,n5,grip
604024,1479,n5,grip
604026,1427,n5,grip
604028,1408,n5,grip
604030,1378,n5,grip
604032,1336,n5,grip
604034,1295,n5,grip
604036,1251,n5,grip
604038,1245,n5,grip
604040,1243,n5,grip
604042,1250,n5,grip
604044,1200,n5,grip
604046,1266,n5,grip
604048,1301,n5,grip
604050,1296,n5,grip
604052,1395,n5,grip
604054,1378,n5,grip
604056,1373,n5,grip
604058,1374,n5,grip
604060,1325,n5,grip
604062,1282,n5,grip
604064,1231,n5,grip
604066,1170,n5,grip
604068,1163,n5,grip
604070,1162,n5,grip
604072,1211,n5,grip
604074,1212,n5,grip
604076,1223,n5,grip
604078,1194,n5,grip
604080,1143,n5,grip
604082,1095,n5,grip
604084,1050,n5,grip
604086,1011,n5,grip
604088,976,n5,grip
604090,950,n5,grip
604092,958,n5,grip
604094,942,n5,grip
604096,1007,n5,grip
604098,1049,n5,grip
604100,1019,n5,grip
604102,989,n5,grip
604104,962,n5,grip
604106,944,n5,grip
604108,944,n5,grip
604110,929,n5,grip
604112,911,n5,grip
604114,941,n5,grip
604116,923,n5,grip
604118,935,n5,grip
604120,957,n5,grip
604122,944,n5,grip
604124,909,n5,grip
604126,878,n5,grip
604128,834,n5,grip
604130,827,n5,grip
604132,821,n5,grip
604134,836,n5,grip
604136,909,n5,grip
604138,935,n5,grip
604140,895,n5,grip
604142,881,n5,grip
604144,963,n5,grip
604146,944,n5,grip
604148,907,n5,grip
604150,906,n5,grip
604152,979,n5,grip
604154,962,n5,grip
604156,947,n5,grip
604158,971,n5,grip
604160,944,n5,grip
604162,915,n5,grip
604164,914,n5,grip
604166,923,n5,grip
604168,944,n5,grip
604170,916,n5,grip
604172,991,n5,grip
604174,1121,n5,grip
604176,1104,n5,grip
604178,1146,n5,grip
604180,1203,n5,grip
604182,1245,n5,grip
604184,1232,n5,grip
604186,1176,n5,grip
604188,1183,n5,grip
604190,1161,n5,grip
604192,1151,n5,grip
604194,1143,n5,grip
604196,1136,n5,grip
604198,1088,n5,grip
604200,1087,n5,grip
604202,1140,n5,grip
604204,1195,n5,grip
604206,1171,n5,grip
604208,1194,n5,grip
604210,1207,n5,grip
604212,1255,n5,grip
604214,1302,n5,grip
604216,1261,n5,grip
604218,1270,n5,grip
604220,1360,n5,grip
604222,1406,n5,grip
604224,1376,n5,grip
604226,1443,n5,grip
604228,1424,n5,grip
604230,1360,n5,grip
604232,1303,n5,grip
604234,1263,n5,grip
604236,1218,n5,grip
604238,1189,n5,grip
604240,1186,n5,grip
604242,1136,n5,grip
604244,1102,n5,grip
604246,1068,n5,grip
604248,1088,n5,grip
604250,1127,n5,grip
604252,1116,n5,grip
604254,1078,n5,grip
604256,1110,n5,grip
604258,1110,n5,grip
604260,1081,n5,grip
604262,1077,n5,grip
604264,1059,n5,grip
604266,1020,n5,grip
604268,993,n5,grip
604270,987,n5,grip
604272,979,n5,grip
604274,1019,n5,grip
604276,1120,n5,grip
604278,1145,n5,grip
604280,1134,n5,grip
604282,1186,n5,grip
604284,1221,n5,grip
604286,1187,n5,grip
604288,1145,n5,grip
604290,1127,n5,grip
604292,1095,n5,grip
604294,1066,n5,grip
604296,1040,n5,grip
604298,1011,n5,grip
604300,973,n5,grip
604302,1005,n5,grip
604304,1094,n5,grip
604306,1195,n5,grip
604308,1351,n5,grip
604310,1378,n5,grip
604312,1375,n5,grip
604314,1322,n5,grip
604316,1291,n5,grip
604318,1259,n5,grip
604320,1200,n5,grip
604322,1152,n5,grip
604324,1104,n5,grip
604326,1058,n5,grip
604328,1044,n5,grip
604330,1057,n5,grip
604332,1021,n5,grip
604334,987,n5,grip
604336,1006,n5,grip
604338,1017,n5,grip
604340,1011,n5,grip
604342,1023,n5,grip
604344,991,n5,grip
604346,960,n5,grip
604348,970,n5,grip
604350,963,n5,grip
604352,941,n5,grip
604354,964,n5,grip
604356,976,n5,grip
604358,944,n5,grip
604360,976,n5,grip
604362,1055,n5,grip
604364,1002,n5,grip
604366,959,n5,grip
604368,921,n5,grip
604370,908,n5,grip
604372,891,n5,grip
604374,880,n5,grip
604376,850,n5,grip
604378,827,n5,grip
604380,821,n5,grip
604382,811,n5,grip
604384,783,n5,grip
604386,773,n5,grip
604388,765,n5,grip
604390,784,n5,grip
604392,752,n5,grip
604394,737,n5,grip
604396,787,n5,grip
604398,774,n5,grip
604400,841,n5,grip
604402,847,n5,grip
604404,842,n5,grip
604406,851,n5,grip
604408,897,n5,grip
604410,1008,n5,grip
604412,1001,n5,grip
604414,973,n5,grip
604416,944,n5,grip
604418,921,n5,grip
604420,879,n5,grip
604422,875,n5,grip
604424,881,n5,grip
604426,858,n5,grip
604428,878,n5,grip
604430,870,n5,grip
604432,859,n5,grip
604434,838,n5,grip
604436,829,n5,grip
604438,864,n5,grip
604440,880,n5,grip
604442,849,n5,grip
604444,833,n5,grip
604446,855,n5,grip
604448,861,n5,grip
604450,941,n5,grip
604452,914,n5,grip
604454,875,n5,grip
604456,880,n5,grip
604458,875,n5,grip
604460,833,n5,grip
604462,837,n5,grip
604464,810,n5,grip
604466,789,n5,grip
604468,757,n5,grip
604470,735,n5,grip
604472,703,n5,grip
604474,715,n5,grip
604476,727,n5,grip
604478,714,n5,grip
604480,705,n5,grip
604482,742,n5,grip
604484,767,n5,grip
604486,880,n5,grip
604488,939,n5,grip
604490,920,n5,grip
604492,894,n5,grip
604494,875,n5,grip
604496,839,n5,grip
604498,819,n5,grip
604500,784,n5,grip
604502,763,n5,grip
604504,816,n5,grip
604506,880,n5,grip
604508,841,n5,grip
604510,809,n5,grip
604512,903,n5,grip
604514,1017,n5,grip
604516,1040,n5,grip
604518,999,n5,grip
604520,960,n5,grip
604522,912,n5,grip
604524,889,n5,grip
604526,891,n5,grip
604528,882,n5,grip
604530,848,n5,grip
604532,816,n5,grip
604534,800,n5,grip
604536,847,n5,grip
604538,814,n5,grip
604540,787,n5,grip
604542,795,n5,grip
604544,819,n5,grip
604546,837,n5,grip
604548,841,n5,grip
604550,846,n5,grip
604552,880,n5,grip
604554,881,n5,grip
604556,848,n5,grip
604558,888,n5,grip
604560,885,n5,grip
604562,916,n5,grip
604564,938,n5,grip
604566,913,n5,grip
604568,901,n5,grip
604570,931,n5,grip
604572,897,n5,grip
604574,864,n5,grip
604576,855,n5,grip
604578,879,n5,grip
604580,878,n5,grip
604582,924,n5,grip
604584,928,n5,grip
604586,899,n5,grip
604588,880,n5,grip
604590,867,n5,grip
604592,863,n5,grip
604594,840,n5,grip
604596,799,n5,grip
604598,769,n5,grip
604600,757,n5,grip
604602,720,n5,grip
604604,708,n5,grip
604606,734,n5,grip
604608,771,n5,grip
604610,758,n5,grip
604612,725,n5,grip
604614,770,n5,grip
604616,783,n5,grip
604618,765,n5,grip
604620,737,n5,grip
604622,737,n5,grip
604624,726,n5,grip
604626,752,n5,grip
604628,817,n5,grip
604630,827,n5,grip
604632,927,n5,grip
604634,930,n5,grip
604636,900,n5,grip
604638,874,n5,grip
604640,859,n5,grip
604642,869,n5,grip
604644,890,n5,grip
604646,963,n5,grip
604648,1093,n5,grip
604650,1125,n5,grip
604652,1200,n5,grip
604654,1315,n5,grip
604656,1290,n5,grip
604658,1314,n5,grip
604660,1367,n5,grip
604662,1337,n5,grip
604664,1294,n5,grip
604666,1346,n5,grip
604668,1420,n5,grip
604670,1403,n5,grip
604672,1500,n5,grip
604674,1510,n5,grip
604676,1488,n5,grip
604678,1523,n5,grip
604680,1489,n5,grip
604682,1469,n5,grip
604684,1460,n5,grip
604686,1429,n5,grip
604688,1390,n5,grip
604690,1349,n5,grip
604692,1335,n5,grip
604694,1339,n5,grip
604696,1355,n5,grip
604698,1335,n5,grip
604700,1325,n5,grip
604702,1281,n5,grip
604704,1247,n5,grip
604706,1203,n5,grip
604708,1149,n5,grip
604710,1111,n5,grip
604712,1084,n5,grip
604714,1066,n5,grip
604716,1018,n5,grip
604718,993,n5,grip
604720,1005,n5,grip
604722,965,n5,grip
604724,1007,n5,grip
604726,982,n5,grip
604728,980,n5,grip
604730,971,n5,grip
604732,950,n5,grip
604734,921,n5,grip
604736,881,n5,grip
604738,862,n5,grip
604740,870,n5,grip
604742,877,n5,grip
604744,871,n5,grip
604746,832,n5,grip
604748,809,n5,grip
604750,783,n5,grip
604752,769,n5,grip
604754,751,n5,grip
604756,737,n5,grip
604758,737,n5,grip
604760,784,n5,grip
604762,784,n5,grip
604764,854,n5,grip
604766,879,n5,grip
604768,851,n5,grip
604770,824,n5,grip
604772,803,n5,grip
604774,810,n5,grip
604776,842,n5,grip
604778,906,n5,grip
604780,894,n5,grip
604782,1005,n5,grip
604784,1132,n5,grip
604786,1221,n5,grip
604788,1202,n5,grip
604790,1151,n5,grip
604792,1111,n5,grip
604794,1079,n5,grip
604796,1072,n5,grip
604798,1055,n5,grip
604800,1043,n5,grip
604802,1042,n5,grip
604804,1039,n5,grip
604806,1008,n5,grip
604808,1038,n5,grip
604810,996,n5,grip
604812,998,n5,grip
604814,1041,n5,grip
604816,1111,n5,grip
604818,1105,n5,grip
604820,1194,n5,grip
604822,1232,n5,grip
604824,1287,n5,grip
604826,1270,n5,grip
604828,1233,n5,grip
604830,1243,n5,grip
604832,1258,n5,grip
604834,1230,n5,grip
604836,1257,n5,grip
604838,1257,n5,grip
604840,1229,n5,grip
604842,1224,n5,grip
604844,1209,n5,grip
604846,1168,n5,grip
604848,1126,n5,grip
604850,1114,n5,grip
604852,1120,n5,grip
604854,1089,n5,grip
604856,1072,n5,grip
604858,1055,n5,grip
604860,1040,n5,grip
604862,1008,n5,grip
604864,976,n5,grip
604866,967,n5,grip
604868,929,n5,grip
604870,907,n5,grip
604872,923,n5,grip
604874,899,n5,grip
604876,914,n5,grip
604878,1043,n5,grip
604880,1045,n5,grip
604882,1023,n5,grip
604884,979,n5,grip
604886,960,n5,grip
604888,989,n5,grip
604890,976,n5,grip
604892,927,n5,grip
604894,947,n5,grip
604896,993,n5,grip
604898,1037,n5,grip
604900,1039,n5,grip
604902,1022,n5,grip
604904,1115,n5,grip
604906,1163,n5,grip
604908,1135,n5,grip
604910,1090,n5,grip
604912,1070,n5,grip
604914,1018,n5,grip
604916,976,n5,grip
604918,934,n5,grip
604920,903,n5,grip
604922,875,n5,grip
604924,852,n5,grip
604926,817,n5,grip
604928,783,n5,grip
604930,759,n5,grip
604932,722,n5,grip
604934,688,n5,grip
604936,668,n5,grip
604938,653,n5,grip
604940,671,n5,grip
604942,735,n5,grip
604944,817,n5,grip
604946,801,n5,grip
604948,863,n5,grip
604950,965,n5,grip
604952,935,n5,grip
604954,898,n5,grip
604956,877,n5,grip
604958,887,n5,grip
604960,947,n5,grip
604962,922,n5,grip
604964,923,n5,grip
604966,931,n5,grip
604968,896,n5,grip
604970,873,n5,grip
604972,895,n5,grip
604974,938,n5,grip
604976,929,n5,grip
604978,967,n5,grip
604980,945,n5,grip
604982,906,n5,grip
604984,868,n5,grip
604986,929,n5,grip
604988,967,n5,grip
604990,944,n5,grip
604992,953,n5,grip
604994,1015,n5,grip
604996,1059,n5,grip
604998,1041,n5,grip
605000,1045,n5,grip
605002,1057,n5,grip
605004,1044,n5,grip
605006,993,n5,grip
605008,955,n5,grip
605010,927,n5,grip
605012,882,n5,grip
605014,851,n5,grip
605016,816,n5,grip
605018,817,n5,grip
605020,817,n5,grip
605022,816,n5,grip
605024,806,n5,grip
605026,817,n5,grip
605028,812,n5,grip
605030,795,n5,grip
605032,831,n5,grip
605034,853,n5,grip
605036,867,n5,grip
605038,961,n5,grip
605040,966,n5,grip
605042,935,n5,grip
605044,912,n5,grip
605046,871,n5,grip
605048,833,n5,grip
605050,855,n5,grip
605052,838,n5,grip
605054,827,n5,grip
605056,863,n5,grip
605058,842,n5,grip
605060,848,n5,grip
605062,919,n5,grip
605064,1033,n5,grip
605066,1045,n5,grip
605068,1134,n5,grip
605070,1168,n5,grip
605072,1125,n5,grip
605074,1089,n5,grip
605076,1098,n5,grip
605078,1136,n5,grip
605080,1134,n5,grip
605082,1092,n5,grip
605084,1099,n5,grip
605086,1101,n5,grip
605088,1070,n5,grip
605090,1038,n5,grip
605092,1039,n5,grip
605094,993,n5,grip
605096,1019,n5,grip
605098,1021,n5,grip
605100,1006,n5,grip
605102,1008,n5,grip
605104,979,n5,grip
605106,999,n5,grip
605108,959,n5,grip
605110,914,n5,grip
605112,883,n5,grip
605114,880,n5,grip
605116,867,n5,grip
605118,892,n5,grip
605120,897,n5,grip
605122,899,n5,grip
605124,895,n5,grip
605126,947,n5,grip
605128,1047,n5,grip
605130,1054,n5,grip
605132,1042,n5,grip
605134,1088,n5,grip
605136,1152,n5,grip
605138,1175,n5,grip
605140,1149,n5,grip
605142,1121,n5,grip
605144,1222,n5,grip
605146,1199,n5,grip
605148,1199,n5,grip
605150,1203,n5,grip
605152,1187,n5,grip
605154,1200,n5,grip
605156,1210,n5,grip
605158,1168,n5,grip
605160,1203,n5,grip
605162,1175,n5,grip
605164,1169,n5,grip
605166,1147,n5,grip
605168,1130,n5,grip
605170,1121,n5,grip
605172,1078,n5,grip
605174,1051,n5,grip
605176,1008,n5,grip
605178,976,n5,grip
605180,964,n5,grip
605182,923,n5,grip
605184,896,n5,grip
605186,864,n5,grip
605188,828,n5,grip
605190,815,n5,grip
605192,785,n5,grip
605194,767,n5,grip
605196,741,n5,grip
605198,723,n5,grip
605200,736,n5,grip
605202,797,n5,grip
605204,775,n5,grip
605206,774,n5,grip
605208,787,n5,grip
605210,774,n5,grip
605212,738,n5,grip
605214,719,n5,grip
605216,723,n5,grip
605218,787,n5,grip
605220,805,n5,grip
605222,811,n5,grip
605224,809,n5,grip
605226,835,n5,grip
605228,807,n5,grip
605230,790,n5,grip
605232,791,n5,grip
605234,764,n5,grip
605236,736,n5,grip
605238,735,n5,grip
605240,769,n5,grip
605242,803,n5,grip
605244,862,n5,grip
605246,957,n5,grip
605248,977,n5,grip
605250,958,n5,grip
605252,941,n5,grip
605254,946,n5,grip
605256,929,n5,grip
605258,928,n5,grip
605260,918,n5,grip
605262,898,n5,grip
605264,881,n5,grip
605266,897,n5,grip
605268,884,n5,grip
605270,879,n5,grip
605272,959,n5,grip
605274,944,n5,grip
605276,941,n5,grip
605278,913,n5,grip
605280,877,n5,grip
605282,854,n5,grip
605284,831,n5,grip
605286,803,n5,grip
605288,789,n5,grip
605290,784,n5,grip
605292,759,n5,grip
605294,753,n5,grip
605296,755,n5,grip
605298,720,n5,grip
605300,696,n5,grip
605302,678,n5,grip
605304,688,n5,grip
605306,688,n5,grip
605308,677,n5,grip
605310,691,n5,grip
605312,741,n5,grip
605314,851,n5,grip
605316,959,n5,grip
605318,947,n5,grip
605320,982,n5,grip
605322,1094,n5,grip
605324,1099,n5,grip
605326,1072,n5,grip
605328,1088,n5,grip
605330,1079,n5,grip
605332,1043,n5,grip
605334,1042,n5,grip
605336,1088,n5,grip
605338,1131,n5,grip
605340,1086,n5,grip
605342,1044,n5,grip
605344,1020,n5,grip
605346,982,n5,grip
605348,970,n5,grip
605350,939,n5,grip
605352,907,n5,grip
605354,931,n5,grip
605356,922,n5,grip
605358,887,n5,grip
605360,849,n5,grip
605362,816,n5,grip
605364,790,n5,grip
605366,759,n5,grip
605368,743,n5,grip
605370,741,n5,grip
605372,725,n5,grip
605374,741,n5,grip
605376,819,n5,grip
605378,788,n5,grip
605380,810,n5,grip
605382,811,n5,grip
605384,816,n5,grip
605386,787,n5,grip
605388,809,n5,grip
605390,842,n5,grip
605392,827,n5,grip
605394,801,n5,grip
605396,771,n5,grip
605398,800,n5,grip
605400,820,n5,grip
605402,810,n5,grip
605404,777,n5,grip
605406,767,n5,grip
605408,796,n5,grip
605410,805,n5,grip
605412,829,n5,grip
605414,995,n5,grip
605416,994,n5,grip
605418,967,n5,grip
605420,981,n5,grip
605422,985,n5,grip
605424,949,n5,grip
605426,910,n5,grip
605428,925,n5,grip
605430,910,n5,grip
605432,895,n5,grip
605434,912,n5,grip
605436,973,n5,grip
605438,959,n5,grip
605440,938,n5,grip
605442,906,n5,grip
605444,901,n5,grip
605446,913,n5,grip
605448,895,n5,grip
605450,852,n5,grip
605452,848,n5,grip
605454,819,n5,grip
605456,834,n5,grip
605458,921,n5,grip
605460,975,n5,grip
605462,985,n5,grip
605464,1133,n5,grip
605466,1232,n5,grip
605468,1229,n5,grip
605470,1174,n5,grip
605472,1143,n5,grip
605474,1153,n5,grip
605476,1213,n5,grip
605478,1219,n5,grip
605480,1188,n5,grip
605482,1197,n5,grip
605484,1175,n5,grip
605486,1160,n5,grip
605488,1143,n5,grip
605490,1104,n5,grip
605492,1071,n5,grip
605494,1039,n5,grip
605496,1023,n5,grip
605498,1109,n5,grip
605500,1104,n5,grip
605502,1135,n5,grip
605504,1104,n5,grip
605506,1076,n5,grip
605508,1063,n5,grip
605510,1051,n5,grip
605512,1010,n5,grip
605514,962,n5,grip
605516,945,n5,grip
605518,923,n5,grip
605520,890,n5,grip
605522,863,n5,grip
605524,848,n5,grip
605526,819,n5,grip
605528,842,n5,grip
605530,830,n5,grip
605532,861,n5,grip
605534,833,n5,grip
605536,832,n5,grip
605538,845,n5,grip
605540,820,n5,grip
605542,811,n5,grip
605544,778,n5,grip
605546,774,n5,grip
605548,752,n5,grip
605550,720,n5,grip
605552,723,n5,grip
605554,807,n5,grip
605556,832,n5,grip
605558,817,n5,grip
605560,790,n5,grip
605562,784,n5,grip
605564,785,n5,grip
605566,770,n5,grip
605568,769,n5,grip
605570,784,n5,grip
605572,810,n5,grip
605574,787,n5,grip
605576,769,n5,grip
605578,735,n5,grip
605580,730,n5,grip
605582,769,n5,grip
605584,816,n5,grip
605586,837,n5,grip
605588,815,n5,grip
605590,775,n5,grip
605592,763,n5,grip
605594,730,n5,grip
605596,731,n5,grip
605598,802,n5,grip
605600,823,n5,grip
605602,790,n5,grip
605604,782,n5,grip
605606,827,n5,grip
605608,899,n5,grip
605610,878,n5,grip
605612,855,n5,grip
605614,838,n5,grip
605616,851,n5,grip
605618,874,n5,grip
605620,883,n5,grip
605622,845,n5,grip
605624,848,n5,grip
605626,841,n5,grip
605628,907,n5,grip
605630,912,n5,grip
605632,894,n5,grip
605634,875,n5,grip
605636,851,n5,grip
605638,816,n5,grip
605640,791,n5,grip
605642,786,n5,grip
605644,778,n5,grip
605646,754,n5,grip
605648,769,n5,grip
605650,762,n5,grip
605652,759,n5,grip
605654,738,n5,grip
605656,713,n5,grip
605658,693,n5,grip
605660,704,n5,grip
605662,688,n5,grip
605664,677,n5,grip
605666,672,n5,grip
605668,691,n5,grip
605670,675,n5,grip
605672,747,n5,grip
605674,813,n5,grip
605676,807,n5,grip
605678,912,n5,grip
605680,993,n5,grip
605682,976,n5,grip
605684,955,n5,grip
605686,915,n5,grip
605688,921,n5,grip
605690,915,n5,grip
605692,886,n5,grip
605694,907,n5,grip
605696,944,n5,grip
605698,957,n5,grip
605700,918,n5,grip
605702,935,n5,grip
605704,955,n5,grip
605706,918,n5,grip
605708,880,n5,grip
605710,893,n5,grip
605712,902,n5,grip
605714,877,n5,grip
605716,857,n5,grip
605718,851,n5,grip
605720,896,n5,grip
605722,912,n5,grip
605724,894,n5,grip
605726,891,n5,grip
605728,871,n5,grip
605730,850,n5,grip
605732,869,n5,grip
605734,861,n5,grip
605736,876,n5,grip
605738,944,n5,grip
605740,960,n5,grip
605742,956,n5,grip
605744,919,n5,grip
605746,930,n5,grip
605748,890,n5,grip
605750,855,n5,grip
605752,837,n5,grip
605754,857,n5,grip
605756,843,n5,grip
605758,851,n5,grip
605760,851,n5,grip
605762,874,n5,grip
605764,836,n5,grip
605766,803,n5,grip
605768,768,n5,grip
605770,773,n5,grip
605772,784,n5,grip
605774,803,n5,grip
605776,794,n5,grip
605778,821,n5,grip
605780,884,n5,grip
605782,906,n5,grip
605784,893,n5,grip
605786,973,n5,grip
605788,1089,n5,grip
605790,1072,n5,grip
605792,1050,n5,grip
605794,1023,n5,grip
605796,978,n5,grip
605798,955,n5,grip
605800,971,n5,grip
605802,1044,n5,grip
605804,1083,n5,grip
605806,1067,n5,grip
605808,1092,n5,grip
605810,1082,n5,grip
605812,1110,n5,grip
605814,1100,n5,grip
605816,1121,n5,grip
605818,1142,n5,grip
605820,1145,n5,grip
605822,1126,n5,grip
605824,1097,n5,grip
605826,1057,n5,grip
605828,1066,n5,grip
605830,1054,n5,grip
605832,1011,n5,grip
605834,989,n5,grip
605836,1051,n5,grip
605838,1057,n5,grip
605840,1015,n5,grip
605842,995,n5,grip
605844,991,n5,grip
605846,984,n5,grip
605848,950,n5,grip
605850,923,n5,grip
605852,926,n5,grip
605854,884,n5,grip
605856,852,n5,grip
605858,833,n5,grip
605860,795,n5,grip
605862,768,n5,grip
605864,753,n5,grip
605866,835,n5,grip
605868,907,n5,grip
605870,909,n5,grip
605872,949,n5,grip
605874,976,n5,grip
605876,975,n5,grip
605878,953,n5,grip
605880,947,n5,grip
605882,947,n5,grip
605884,1011,n5,grip
605886,1074,n5,grip
605888,1121,n5,grip
605890,1104,n5,grip
605892,1239,n5,grip
605894,1445,n5,grip
605896,1503,n5,grip
605898,1439,n5,grip
605900,1383,n5,grip
605902,1324,n5,grip
605904,1270,n5,grip
605906,1260,n5,grip
605908,1267,n5,grip
605910,1250,n5,grip
605912,1291,n5,grip
605914,1299,n5,grip
605916,1246,n5,grip
605918,1249,n5,grip
605920,1290,n5,grip
605922,1343,n5,grip
605924,1355,n5,grip
605926,1328,n5,grip
605928,1342,n5,grip
605930,1349,n5,grip
605932,1303,n5,grip
605934,1338,n5,grip
605936,1305,n5,grip
605938,1275,n5,grip
605940,1297,n5,grip
605942,1264,n5,grip
605944,1254,n5,grip
605946,1253,n5,grip
605948,1296,n5,grip
605950,1351,n5,grip
605952,1358,n5,grip
605954,1326,n5,grip
605956,1345,n5,grip
605958,1325,n5,grip
605960,1294,n5,grip
605962,1251,n5,grip
605964,1236,n5,grip
605966,1270,n5,grip
605968,1264,n5,grip
605970,1236,n5,grip
605972,1239,n5,grip
605974,1200,n5,grip
605976,1157,n5,grip
605978,1149,n5,grip
605980,1108,n5,grip
605982,1110,n5,grip
605984,1125,n5,grip
605986,1075,n5,grip
605988,1042,n5,grip
605990,1001,n5,grip
605992,973,n5,grip
605994,963,n5,grip
605996,941,n5,grip
605998,901,n5,grip
606000,895,n5,grip
606002,880,n5,grip
606004,846,n5,grip
606006,849,n5,grip
606008,897,n5,grip
606010,895,n5,grip
606012,949,n5,grip
606014,941,n5,grip
606016,945,n5,grip
606018,941,n5,grip
606020,902,n5,grip
606022,864,n5,grip
606024,870,n5,grip
606026,883,n5,grip
606028,853,n5,grip
606030,816,n5,grip
606032,778,n5,grip
606034,744,n5,grip
606036,749,n5,grip
606038,736,n5,grip
606040,702,n5,grip
606042,682,n5,grip
606044,656,n5,grip
606046,656,n5,grip
606048,654,n5,grip
606050,658,n5,grip
606052,631,n5,grip
606054,607,n5,grip
606056,598,n5,grip
606058,609,n5,grip
606060,587,n5,grip
606062,576,n5,grip
606064,591,n5,grip
606066,610,n5,grip
606068,640,n5,grip
606070,619,n5,grip
606072,590,n5,grip
606074,560,n5,grip
606076,574,n5,grip
606078,560,n5,grip
606080,545,n5,grip
606082,544,n5,grip
606084,543,n5,grip
606086,624,n5,grip
606088,663,n5,grip
606090,656,n5,grip
606092,635,n5,grip
606094,611,n5,grip
606096,625,n5,grip
606098,612,n5,grip
606100,589,n5,grip
606102,597,n5,grip
606104,656,n5,grip
606106,628,n5,grip
606108,610,n5,grip
606110,611,n5,grip
606112,631,n5,grip
606114,632,n5,grip
606116,630,n5,grip
606118,602,n5,grip
606120,615,n5,grip
606122,628,n5,grip
606124,676,n5,grip
606126,691,n5,grip
606128,710,n5,grip
606130,707,n5,grip
606132,717,n5,grip
606134,706,n5,grip
606136,684,n5,grip
606138,663,n5,grip
606140,640,n5,grip
606142,624,n5,grip
606144,609,n5,grip
606146,593,n5,grip
606148,597,n5,grip
606150,621,n5,grip
606152,628,n5,grip
606154,622,n5,grip
606156,599,n5,grip
606158,641,n5,grip
606160,630,n5,grip
606162,624,n5,grip
606164,615,n5,grip
606166,624,n5,grip
606168,640,n5,grip
606170,675,n5,grip
606172,784,n5,grip
606174,784,n5,grip
606176,770,n5,grip
606178,762,n5,grip
606180,791,n5,grip
606182,816,n5,grip
606184,823,n5,grip
606186,827,n5,grip
606188,889,n5,grip
606190,870,n5,grip
606192,880,n5,grip
606194,862,n5,grip
606196,866,n5,grip
606198,913,n5,grip
606200,934,n5,grip
606202,957,n5,grip
606204,918,n5,grip
606206,923,n5,grip
606208,1049,n5,grip
606210,1008,n5,grip
606212,981,n5,grip
606214,1019,n5,grip
606216,999,n5,grip
606218,951,n5,grip
606220,923,n5,grip
606222,912,n5,grip
606224,880,n5,grip
606226,848,n5,grip
606228,806,n5,grip
606230,777,n5,grip
606232,752,n5,grip
606234,730,n5,grip
606236,706,n5,grip
606238,711,n5,grip
606240,784,n5,grip
606242,848,n5,grip
606244,846,n5,grip
606246,934,n5,grip
606248,1106,n5,grip
606250,1181,n5,grip
606252,1145,n5,grip
606254,1104,n5,grip
606256,1135,n5,grip
606258,1260,n5,grip
606260,1310,n5,grip
606262,1283,n5,grip
606264,1259,n5,grip
606266,1218,n5,grip
606268,1171,n5,grip
606270,1133,n5,grip
606272,1084,n5,grip
606274,1043,n5,grip
606276,1080,n5,grip
606278,1069,n5,grip
606280,1015,n5,grip
606282,1069,n5,grip
606284,1090,n5,grip
606286,1055,n5,grip
606288,1041,n5,grip
606290,1062,n5,grip
606292,1083,n5,grip
606294,1090,n5,grip
606296,1087,n5,grip
606298,1056,n5,grip
606300,1013,n5,grip
606302,1040,n5,grip
606304,1047,n5,grip
606306,1040,n5,grip
606308,1005,n5,grip
606310,957,n5,grip
606312,923,n5,grip
606314,883,n5,grip
606316,846,n5,grip
606318,805,n5,grip
606320,818,n5,grip
606322,877,n5,grip
606324,835,n5,grip
606326,854,n5,grip
606328,935,n5,grip
606330,953,n5,grip
606332,962,n5,grip
606334,1011,n5,grip
606336,1009,n5,grip
606338,977,n5,grip
606340,944,n5,grip
606342,929,n5,grip
606344,1039,n5,grip
606346,1095,n5,grip
606348,1063,n5,grip
606350,1052,n5,grip
606352,1055,n5,grip
606354,1021,n5,grip
606356,1008,n5,grip
606358,967,n5,grip
606360,971,n5,grip
606362,941,n5,grip
606364,928,n5,grip
606366,907,n5,grip
606368,896,n5,grip
606370,930,n5,grip
606372,899,n5,grip
606374,913,n5,grip
606376,907,n5,grip
606378,912,n5,grip
606380,885,n5,grip
606382,934,n5,grip
606384,976,n5,grip
606386,946,n5,grip
606388,922,n5,grip
606390,896,n5,grip
606392,858,n5,grip
606394,855,n5,grip
606396,859,n5,grip
606398,853,n5,grip
606400,851,n5,grip
606402,826,n5,grip
606404,814,n5,grip
606406,819,n5,grip
606408,810,n5,grip
606410,772,n5,grip
606412,743,n5,grip
606414,742,n5,grip
606416,790,n5,grip
606418,828,n5,grip
606420,966,n5,grip
606422,1143,n5,grip
606424,1143,n5,grip
606426,1089,n5,grip
606428,1051,n5,grip
606430,1003,n5,grip
606432,986,n5,grip
606434,959,n5,grip
606436,923,n5,grip
606438,906,n5,grip
606440,912,n5,grip
606442,903,n5,grip
606444,883,n5,grip
606446,868,n5,grip
606448,835,n5,grip
606450,831,n5,grip
606452,823,n5,grip
606454,813,n5,grip
606456,779,n5,grip
606458,786,n5,grip
606460,807,n5,grip
606462,882,n5,grip
606464,871,n5,grip
606466,845,n5,grip
606468,820,n5,grip
606470,791,n5,grip
606472,783,n5,grip
606474,816,n5,grip
606476,806,n5,grip
606478,818,n5,grip
606480,851,n5,grip
606482,823,n5,grip
606484,789,n5,grip
606486,769,n5,grip
606488,762,n5,grip
606490,751,n5,grip
606492,734,n5,grip
606494,722,n5,grip
606496,725,n5,grip
606498,727,n5,grip
606500,706,n5,grip
606502,711,n5,grip
606504,734,n5,grip
620530,693,n5,grip
620532,673,n5,grip
620534,650,n5,grip
620536,619,n5,grip
620538,594,n5,grip
620540,601,n5,grip
620542,577,n5,grip
620544,555,n5,grip
620546,529,n5,grip
620548,553,n5,grip
620550,619,n5,grip
620552,633,n5,grip
620554,649,n5,grip
620556,714,n5,grip
620558,723,n5,grip
620560,688,n5,grip
620562,656,n5,grip
620564,624,n5,grip
620566,598,n5,grip
620568,603,n5,grip
620570,605,n5,grip
620572,586,n5,grip
620574,599,n5,grip
620576,605,n5,grip
620578,592,n5,grip
620580,656,n5,grip
620582,665,n5,grip
620584,641,n5,grip
620586,622,n5,grip
620588,625,n5,grip
620590,617,n5,grip
620592,610,n5,grip
620594,613,n5,grip
620596,593,n5,grip
620598,576,n5,grip
620600,567,n5,grip
620602,543,n5,grip
620604,560,n5,grip
620606,593,n5,grip
620608,607,n5,grip
620610,595,n5,grip
620612,606,n5,grip
620614,637,n5,grip
620616,686,n5,grip
620618,676,n5,grip
620620,658,n5,grip
620622,656,n5,grip
620624,655,n5,grip
620626,629,n5,grip
620628,599,n5,grip
620630,587,n5,grip
620632,560,n5,grip
620634,535,n5,grip
620636,535,n5,grip
620638,553,n5,grip
620640,557,n5,grip
620642,571,n5,grip
620644,551,n5,grip
620646,547,n5,grip
620648,544,n5,grip
620650,511,n5,grip
620652,496,n5,grip
620654,491,n5,grip
620656,470,n5,grip
620658,476,n5,grip
620660,496,n5,grip
620662,494,n5,grip
620664,483,n5,grip
620666,494,n5,grip
620668,539,n5,grip
620670,526,n5,grip
620672,497,n5,grip
620674,482,n5,grip
620676,459,n5,grip
620678,465,n5,grip
620680,560,n5,grip
620682,589,n5,grip
620684,578,n5,grip
620686,614,n5,grip
620688,651,n5,grip
620690,634,n5,grip
620692,656,n5,grip
620694,660,n5,grip
620696,637,n5,grip
620698,627,n5,grip
620700,603,n5,grip
620702,650,n5,grip
620704,647,n5,grip
620706,639,n5,grip
620708,609,n5,grip
620710,583,n5,grip
620712,567,n5,grip
620714,559,n5,grip
620716,533,n5,grip
620718,560,n5,grip
620720,607,n5,grip
620722,653,n5,grip
620724,711,n5,grip
620726,776,n5,grip
620728,828,n5,grip
620730,836,n5,grip
620732,802,n5,grip
620734,773,n5,grip
620736,758,n5,grip
620738,747,n5,grip
620740,733,n5,grip
620742,718,n5,grip
620744,688,n5,grip
620746,656,n5,grip
620748,635,n5,grip
620750,627,n5,grip
620752,624,n5,grip
620754,669,n5,grip
620756,650,n5,grip
620758,656,n5,grip
620760,653,n5,grip
620762,624,n5,grip
620764,598,n5,grip
620766,592,n5,grip
620768,582,n5,grip
620770,576,n5,grip
620772,583,n5,grip
620774,634,n5,grip
620776,657,n5,grip
620778,656,n5,grip
620780,707,n5,grip
620782,713,n5,grip
620784,682,n5,grip
620786,656,n5,grip
620788,629,n5,grip
620790,613,n5,grip
620792,592,n5,grip
620794,590,n5,grip
620796,575,n5,grip
620798,555,n5,grip
620800,528,n5,grip
620802,558,n5,grip
620804,605,n5,grip
620806,621,n5,grip
620808,605,n5,grip
620810,620,n5,grip
620812,650,n5,grip
620814,641,n5,grip
620816,658,n5,grip
620818,644,n5,grip
620820,619,n5,grip
620822,615,n5,grip
620824,592,n5,grip
620826,576,n5,grip
620828,545,n5,grip
620830,533,n5,grip
620832,549,n5,grip
620834,533,n5,grip
620836,528,n5,grip
620838,507,n5,grip
620840,478,n5,grip
620842,464,n5,grip
620844,443,n5,grip
620846,432,n5,grip
620848,439,n5,grip
620850,443,n5,grip
620852,455,n5,grip
620854,480,n5,grip
620856,587,n5,grip
620858,689,n5,grip
620860,659,n5,grip
620862,627,n5,grip
620864,597,n5,grip
620866,574,n5,grip
620868,566,n5,grip
620870,560,n5,grip
620872,572,n5,grip
620874,555,n5,grip
620876,534,n5,grip
620878,528,n5,grip
620880,506,n5,grip
620882,496,n5,grip
620884,471,n5,grip
620886,452,n5,grip
620888,442,n5,grip
620890,429,n5,grip
620892,432,n5,grip
620894,438,n5,grip
620896,496,n5,grip
620898,497,n5,grip
620900,486,n5,grip
620902,464,n5,grip
620904,449,n5,grip
620906,436,n5,grip
620908,417,n5,grip
620910,432,n5,grip
620912,443,n5,grip
620914,433,n5,grip
620916,445,n5,grip
620918,430,n5,grip
620920,413,n5,grip
620922,402,n5,grip
620924,390,n5,grip
620926,379,n5,grip
620928,374,n5,grip
620930,366,n5,grip
620932,375,n5,grip
620934,373,n5,grip
620936,393,n5,grip
620938,384,n5,grip
620940,368,n5,grip
620942,374,n5,grip
620944,400,n5,grip
620946,438,n5,grip
620948,433,n5,grip
620950,415,n5,grip
620952,405,n5,grip
620954,409,n5,grip
620956,447,n5,grip
620958,482,n5,grip
620960,467,n5,grip
620962,486,n5,grip
620964,537,n5,grip
620966,528,n5,grip
620968,511,n5,grip
620970,499,n5,grip
620972,474,n5,grip
620974,461,n5,grip
620976,445,n5,grip
620978,424,n5,grip
620980,411,n5,grip
620982,396,n5,grip
620984,379,n5,grip
620986,368,n5,grip
620988,361,n5,grip
620990,352,n5,grip
620992,337,n5,grip
620994,338,n5,grip
620996,351,n5,grip
620998,368,n5,grip
621000,373,n5,grip
621002,354,n5,grip
621004,358,n5,grip
621006,354,n5,grip
621008,365,n5,grip
621010,440,n5,grip
621012,501,n5,grip
621014,501,n5,grip
621016,482,n5,grip
621018,462,n5,grip
621020,441,n5,grip
621022,421,n5,grip
621024,418,n5,grip
621026,441,n5,grip
621028,432,n5,grip
621030,419,n5,grip
621032,400,n5,grip
621034,382,n5,grip
621036,373,n5,grip
621038,368,n5,grip
621040,353,n5,grip
621042,338,n5,grip
621044,335,n5,grip
621046,326,n5,grip
621048,318,n5,grip
621050,308,n5,grip
621052,309,n5,grip
621054,301,n5,grip
621056,290,n5,grip
621058,313,n5,grip
621060,314,n5,grip
621062,299,n5,grip
621064,300,n5,grip
621066,284,n5,grip
621068,269,n5,grip
621070,253,n5,grip
621072,294,n5,grip
621074,307,n5,grip
621076,334,n5,grip
621078,407,n5,grip
621080,420,n5,grip
621082,400,n5,grip
621084,394,n5,grip
621086,395,n5,grip
621088,401,n5,grip
621090,414,n5,grip
621092,423,n5,grip
621094,433,n5,grip
621096,415,n5,grip
621098,417,n5,grip
621100,400,n5,grip
621102,383,n5,grip
621104,361,n5,grip
621106,401,n5,grip
621108,400,n5,grip
621110,406,n5,grip
621112,508,n5,grip
621114,531,n5,grip
621116,497,n5,grip
621118,502,n5,grip
621120,548,n5,grip
621122,549,n5,grip
621124,554,n5,grip
621126,601,n5,grip
621128,595,n5,grip
621130,578,n5,grip
621132,564,n5,grip
621134,546,n5,grip
621136,526,n5,grip
621138,497,n5,grip
621140,479,n5,grip
621142,466,n5,grip
621144,444,n5,grip
621146,440,n5,grip
621148,433,n5,grip
621150,413,n5,grip
621152,394,n5,grip
621154,394,n5,grip
621156,399,n5,grip
621158,402,n5,grip
621160,395,n5,grip
621162,381,n5,grip
621164,364,n5,grip
621166,343,n5,grip
621168,326,n5,grip
621170,353,n5,grip
621172,368,n5,grip
621174,369,n5,grip
621176,370,n5,grip
621178,356,n5,grip
621180,393,n5,grip
621182,388,n5,grip
621184,373,n5,grip
621186,359,n5,grip
621188,351,n5,grip
621190,339,n5,grip
621192,343,n5,grip
621194,327,n5,grip
621196,323,n5,grip
621198,333,n5,grip
621200,375,n5,grip
621202,423,n5,grip
621204,494,n5,grip
621206,610,n5,grip
621208,607,n5,grip
621210,579,n5,grip
621212,567,n5,grip
621214,545,n5,grip
621216,537,n5,grip
621218,507,n5,grip
621220,479,n5,grip
621222,475,n5,grip
621224,455,n5,grip
621226,447,n5,grip
621228,464,n5,grip
621230,463,n5,grip
621232,454,n5,grip
621234,489,n5,grip
621236,494,n5,grip
621238,489,n5,grip
621240,474,n5,grip
621242,461,n5,grip
621244,454,n5,grip
621246,473,n5,grip
621248,467,n5,grip
621250,451,n5,grip
621252,449,n5,grip
621254,461,n5,grip
621256,447,n5,grip
621258,438,n5,grip
621260,432,n5,grip
621262,419,n5,grip
621264,412,n5,grip
621266,417,n5,grip
621268,442,n5,grip
621270,470,n5,grip
621272,459,n5,grip
621274,444,n5,grip
621276,426,n5,grip
621278,431,n5,grip
621280,459,n5,grip
621282,451,n5,grip
621284,502,n5,grip
621286,529,n5,grip
621288,528,n5,grip
621290,511,n5,grip
621292,501,n5,grip
621294,505,n5,grip
621296,482,n5,grip
621298,502,n5,grip
621300,492,n5,grip
621302,479,n5,grip
621304,473,n5,grip
621306,492,n5,grip
621308,495,n5,grip
621310,511,n5,grip
621312,528,n5,grip
621314,511,n5,grip
621316,494,n5,grip
621318,506,n5,grip
621320,491,n5,grip
621322,484,n5,grip
621324,482,n5,grip
621326,464,n5,grip
621328,449,n5,grip
621330,432,n5,grip
621332,413,n5,grip
621334,392,n5,grip
621336,386,n5,grip
621338,414,n5,grip
621340,426,n5,grip
621342,421,n5,grip
621344,434,n5,grip
621346,430,n5,grip
621348,453,n5,grip
621350,467,n5,grip
621352,449,n5,grip
621354,433,n5,grip
621356,448,n5,grip
621358,439,n5,grip
621360,437,n5,grip
621362,435,n5,grip
621364,429,n5,grip
621366,428,n5,grip
621368,433,n5,grip
621370,415,n5,grip
621372,408,n5,grip
621374,395,n5,grip
621376,376,n5,grip
621378,370,n5,grip
621380,401,n5,grip
621382,403,n5,grip
621384,403,n5,grip
621386,431,n5,grip
621388,421,n5,grip
621390,406,n5,grip
621392,398,n5,grip
621394,393,n5,grip
621396,385,n5,grip
621398,368,n5,grip
621400,357,n5,grip
621402,341,n5,grip
621404,322,n5,grip
621406,325,n5,grip
621408,318,n5,grip
621410,304,n5,grip
621412,311,n5,grip
621414,303,n5,grip
621416,300,n5,grip
621418,299,n5,grip
621420,291,n5,grip
621422,288,n5,grip
621424,291,n5,grip
621426,290,n5,grip
621428,304,n5,grip
621430,307,n5,grip
621432,327,n5,grip
621434,316,n5,grip
621436,323,n5,grip
621438,317,n5,grip
621440,315,n5,grip
621442,328,n5,grip
621444,319,n5,grip
621446,308,n5,grip
621448,299,n5,grip
621450,295,n5,grip
621452,292,n5,grip
621454,278,n5,grip
621456,272,n5,grip
621458,306,n5,grip
621460,304,n5,grip
621462,304,n5,grip
621464,299,n5,grip
621466,291,n5,grip
621468,275,n5,grip
621470,271,n5,grip
621472,271,n5,grip
621474,258,n5,grip
621476,256,n5,grip
621478,267,n5,grip
621480,270,n5,grip
621482,259,n5,grip
621484,261,n5,grip
621486,257,n5,grip
621488,262,n5,grip
621490,274,n5,grip
621492,273,n5,grip
621494,272,n5,grip
621496,265,n5,grip
621498,283,n5,grip
621500,290,n5,grip
621502,283,n5,grip
621504,279,n5,grip
621506,299,n5,grip
621508,291,n5,grip
621510,273,n5,grip
621512,261,n5,grip
621514,253,n5,grip
621516,240,n5,grip
621518,253,n5,grip
621520,274,n5,grip
621522,267,n5,grip
621524,272,n5,grip
621526,290,n5,grip
621528,284,n5,grip
621530,300,n5,grip
621532,302,n5,grip
621534,325,n5,grip
621536,326,n5,grip
621538,330,n5,grip
621540,335,n5,grip
621542,333,n5,grip
621544,355,n5,grip
621546,381,n5,grip
621548,414,n5,grip
621550,416,n5,grip
621552,407,n5,grip
621554,446,n5,grip
621556,439,n5,grip
621558,443,n5,grip
621560,464,n5,grip
621562,445,n5,grip
621564,427,n5,grip
621566,409,n5,grip
621568,400,n5,grip
621570,419,n5,grip
621572,412,n5,grip
621574,400,n5,grip
621576,393,n5,grip
621578,406,n5,grip
621580,447,n5,grip
621582,475,n5,grip
621584,550,n5,grip
621586,547,n5,grip
621588,528,n5,grip
621590,496,n5,grip
621592,473,n5,grip
621594,453,n5,grip
621596,457,n5,grip
621598,443,n5,grip
621600,441,n5,grip
621602,464,n5,grip
621604,469,n5,grip
621606,480,n5,grip
621608,459,n5,grip
621610,464,n5,grip
621612,458,n5,grip
621614,436,n5,grip
621616,432,n5,grip
621618,458,n5,grip
621620,454,n5,grip
621622,471,n5,grip
621624,464,n5,grip
621626,475,n5,grip
621628,458,n5,grip
621630,443,n5,grip
621632,427,n5,grip
621634,432,n5,grip
621636,415,n5,grip
621638,414,n5,grip
621640,398,n5,grip
621642,390,n5,grip
621644,377,n5,grip
621646,385,n5,grip
621648,374,n5,grip
621650,368,n5,grip
621652,371,n5,grip
621654,423,n5,grip
621656,432,n5,grip
621658,415,n5,grip
621660,400,n5,grip
621662,386,n5,grip
621664,409,n5,grip
621666,391,n5,grip
621668,393,n5,grip
621670,402,n5,grip
621672,395,n5,grip
621674,382,n5,grip
621676,368,n5,grip
621678,355,n5,grip
621680,346,n5,grip
621682,349,n5,grip
621684,368,n5,grip
621686,368,n5,grip
621688,369,n5,grip
621690,351,n5,grip
621692,339,n5,grip
621694,343,n5,grip
621696,369,n5,grip
621698,415,n5,grip
621700,450,n5,grip
621702,529,n5,grip
621704,525,n5,grip
621706,511,n5,grip
621708,505,n5,grip
621710,575,n5,grip
621712,623,n5,grip
621714,683,n5,grip
621716,852,n5,grip
621718,922,n5,grip
621720,944,n5,grip
621722,912,n5,grip
621724,886,n5,grip
621726,848,n5,grip
621728,871,n5,grip
621730,904,n5,grip
621732,907,n5,grip
621734,913,n5,grip
621736,909,n5,grip
621738,865,n5,grip
621740,833,n5,grip
621742,814,n5,grip
621744,800,n5,grip
621746,851,n5,grip
621748,841,n5,grip
621750,826,n5,grip
621752,797,n5,grip
621754,788,n5,grip
621756,786,n5,grip
621758,766,n5,grip
621760,736,n5,grip
621762,723,n5,grip
621764,699,n5,grip
621766,675,n5,grip
621768,646,n5,grip
621770,628,n5,grip
621772,599,n5,grip
621774,577,n5,grip
621776,574,n5,grip
621778,558,n5,grip
621780,543,n5,grip
621782,511,n5,grip
621784,491,n5,grip
621786,496,n5,grip
621788,502,n5,grip
621790,486,n5,grip
621792,505,n5,grip
621794,551,n5,grip
621796,539,n5,grip
621798,553,n5,grip
621800,538,n5,grip
621802,545,n5,grip
621804,592,n5,grip
621806,586,n5,grip
621808,567,n5,grip
621810,543,n5,grip
621812,528,n5,grip
621814,501,n5,grip
621816,487,n5,grip
621818,467,n5,grip
621820,470,n5,grip
621822,485,n5,grip
621824,469,n5,grip
621826,467,n5,grip
621828,449,n5,grip
621830,464,n5,grip
621832,475,n5,grip
621834,497,n5,grip
621836,469,n5,grip
621838,462,n5,grip
621840,442,n5,grip
621842,428,n5,grip
621844,432,n5,grip
621846,436,n5,grip
621848,477,n5,grip
621850,529,n5,grip
621852,505,n5,grip
621854,592,n5,grip
621856,717,n5,grip
621858,718,n5,grip
621860,686,n5,grip
621862,659,n5,grip
621864,653,n5,grip
621866,646,n5,grip
621868,640,n5,grip
621870,673,n5,grip
621872,707,n5,grip
621874,720,n5,grip
621876,722,n5,grip
621878,724,n5,grip
621880,702,n5,grip
621882,682,n5,grip
621884,647,n5,grip
621886,625,n5,grip
621888,656,n5,grip
621890,697,n5,grip
621892,703,n5,grip
621894,682,n5,grip
621896,677,n5,grip
621898,746,n5,grip
621900,807,n5,grip
621902,787,n5,grip
621904,753,n5,grip
621906,735,n5,grip
621908,703,n5,grip
621910,670,n5,grip
621912,640,n5,grip
621914,623,n5,grip
621916,611,n5,grip
621918,601,n5,grip
621920,574,n5,grip
621922,563,n5,grip
621924,540,n5,grip
621926,541,n5,grip
621928,554,n5,grip
621930,559,n5,grip
621932,587,n5,grip
621934,567,n5,grip
621936,545,n5,grip
621938,573,n5,grip
621940,589,n5,grip
621942,589,n5,grip
621944,622,n5,grip
621946,642,n5,grip
621948,615,n5,grip
621950,592,n5,grip
621952,581,n5,grip
621954,566,n5,grip
621956,595,n5,grip
621958,650,n5,grip
621960,641,n5,grip
621962,624,n5,grip
621964,678,n5,grip
621966,759,n5,grip
621968,789,n5,grip
621970,762,n5,grip
621972,762,n5,grip
621974,765,n5,grip
621976,735,n5,grip
621978,718,n5,grip
621980,703,n5,grip
621982,679,n5,grip
621984,660,n5,grip
621986,678,n5,grip
621988,677,n5,grip
621990,651,n5,grip
621992,618,n5,grip
621994,609,n5,grip
621996,641,n5,grip
621998,611,n5,grip
622000,592,n5,grip
622002,589,n5,grip
622004,576,n5,grip
622006,574,n5,grip
622008,643,n5,grip
622010,689,n5,grip
622012,725,n5,grip
622014,778,n5,grip
622016,816,n5,grip
622018,811,n5,grip
622020,779,n5,grip
622022,784,n5,grip
622024,793,n5,grip
622026,773,n5,grip
622028,743,n5,grip
622030,720,n5,grip
622032,691,n5,grip
622034,678,n5,grip
622036,705,n5,grip
622038,691,n5,grip
622040,687,n5,grip
622042,700,n5,grip
622044,753,n5,grip
622046,727,n5,grip
622048,723,n5,grip
622050,766,n5,grip
622052,808,n5,grip
622054,813,n5,grip
622056,849,n5,grip
622058,819,n5,grip
622060,816,n5,grip
622062,886,n5,grip
622064,885,n5,grip
622066,868,n5,grip
622068,831,n5,grip
622070,813,n5,grip
622072,797,n5,grip
622074,839,n5,grip
622076,885,n5,grip
622078,864,n5,grip
622080,825,n5,grip
622082,795,n5,grip
622084,842,n5,grip
622086,909,n5,grip
622088,934,n5,grip
622090,1002,n5,grip
622092,1090,n5,grip
622094,1095,n5,grip
622096,1057,n5,grip
622098,1003,n5,grip
622100,978,n5,grip
622102,1017,n5,grip
622104,1104,n5,grip
622106,1155,n5,grip
622108,1200,n5,grip
622110,1249,n5,grip
622112,1305,n5,grip
622114,1317,n5,grip
622116,1264,n5,grip
622118,1232,n5,grip
622120,1259,n5,grip
622122,1282,n5,grip
622124,1264,n5,grip
622126,1233,n5,grip
622128,1197,n5,grip
622130,1181,n5,grip
622132,1139,n5,grip
622134,1094,n5,grip
622136,1054,n5,grip
622138,1061,n5,grip
622140,1101,n5,grip
622142,1232,n5,grip
622144,1218,n5,grip
622146,1222,n5,grip
622148,1360,n5,grip
622150,1420,n5,grip
622152,1382,n5,grip
622154,1394,n5,grip
622156,1382,n5,grip
622158,1339,n5,grip
622160,1277,n5,grip
622162,1218,n5,grip
622164,1181,n5,grip
622166,1126,n5,grip
622168,1083,n5,grip
622170,1034,n5,grip
622172,1009,n5,grip
622174,989,n5,grip
622176,945,n5,grip
622178,945,n5,grip
622180,987,n5,grip
622182,1058,n5,grip
622184,1083,n5,grip
622186,1220,n5,grip
622188,1333,n5,grip
622190,1354,n5,grip
622192,1309,n5,grip
622194,1294,n5,grip
622196,1279,n5,grip
622198,1255,n5,grip
622200,1272,n5,grip
622202,1319,n5,grip
622204,1367,n5,grip
622206,1424,n5,grip
622208,1469,n5,grip
622210,1456,n5,grip
622212,1424,n5,grip
622214,1366,n5,grip
622216,1303,n5,grip
622218,1255,n5,grip
622220,1307,n5,grip
622222,1386,n5,grip
622224,1371,n5,grip
622226,1488,n5,grip
622228,1602,n5,grip
622230,1535,n5,grip
622232,1473,n5,grip
622234,1424,n5,grip
622236,1373,n5,grip
622238,1328,n5,grip
622240,1299,n5,grip
622242,1264,n5,grip
622244,1230,n5,grip
622246,1226,n5,grip
622248,1201,n5,grip
622250,1151,n5,grip
622252,1128,n5,grip
622254,1081,n5,grip
622256,1033,n5,grip
622258,987,n5,grip
622260,948,n5,grip
622262,913,n5,grip
622264,1013,n5,grip
622266,1100,n5,grip
622268,1152,n5,grip
622270,1316,n5,grip
622272,1314,n5,grip
622274,1262,n5,grip
622276,1212,n5,grip
622278,1159,n5,grip
622280,1107,n5,grip
622282,1095,n5,grip
622284,1061,n5,grip
622286,1072,n5,grip
622288,1086,n5,grip
622290,1057,n5,grip
622292,1011,n5,grip
622294,1019,n5,grip
622296,1104,n5,grip
622298,1107,n5,grip
622300,1250,n5,grip
622302,1317,n5,grip
622304,1287,n5,grip
622306,1238,n5,grip
622308,1212,n5,grip
622310,1233,n5,grip
622312,1264,n5,grip
622314,1249,n5,grip
622316,1250,n5,grip
622318,1347,n5,grip
622320,1415,n5,grip
622322,1372,n5,grip
622324,1344,n5,grip
622326,1317,n5,grip
622328,1301,n5,grip
622330,1266,n5,grip
622332,1231,n5,grip
622334,1170,n5,grip
622336,1155,n5,grip
622338,1130,n5,grip
622340,1075,n5,grip
622342,1023,n5,grip
622344,994,n5,grip
622346,1023,n5,grip
622348,1002,n5,grip
622350,970,n5,grip
622352,926,n5,grip
622354,887,n5,grip
622356,890,n5,grip
622358,921,n5,grip
622360,912,n5,grip
622362,985,n5,grip
622364,1009,n5,grip
622366,970,n5,grip
622368,931,n5,grip
622370,894,n5,grip
622372,864,n5,grip
622374,842,n5,grip
622376,815,n5,grip
622378,795,n5,grip
622380,781,n5,grip
622382,762,n5,grip
622384,752,n5,grip
622386,726,n5,grip
622388,734,n5,grip
622390,720,n5,grip
622392,730,n5,grip
622394,765,n5,grip
622396,768,n5,grip
622398,784,n5,grip
622400,823,n5,grip
622402,806,n5,grip
622404,783,n5,grip
622406,789,n5,grip
622408,784,n5,grip
622410,764,n5,grip
622412,748,n5,grip
622414,737,n5,grip
622416,731,n5,grip
622418,739,n5,grip
622420,788,n5,grip
622422,779,n5,grip
622424,767,n5,grip
622426,787,n5,grip
622428,767,n5,grip
622430,758,n5,grip
622432,752,n5,grip
622434,718,n5,grip
622436,703,n5,grip
622438,687,n5,grip
622440,688,n5,grip
622442,702,n5,grip
622444,704,n5,grip
622446,698,n5,grip
622448,684,n5,grip
622450,653,n5,grip
622452,677,n5,grip
622454,690,n5,grip
622456,718,n5,grip
622458,737,n5,grip
622460,719,n5,grip
622462,722,n5,grip
622464,723,n5,grip
622466,739,n5,grip
622468,726,n5,grip
622470,703,n5,grip
622472,712,n5,grip
622474,692,n5,grip
622476,788,n5,grip
622478,813,n5,grip
622480,785,n5,grip
622482,778,n5,grip
622484,783,n5,grip
622486,815,n5,grip
622488,843,n5,grip
622490,843,n5,grip
622492,848,n5,grip
622494,848,n5,grip
622496,811,n5,grip
622498,776,n5,grip
622500,746,n5,grip
622502,722,n5,grip
622504,694,n5,grip
622506,667,n5,grip
622508,647,n5,grip
622510,674,n5,grip
622512,686,n5,grip
622514,721,n5,grip
622516,738,n5,grip
622518,721,n5,grip
622520,739,n5,grip
622522,752,n5,grip
622524,802,n5,grip
622526,818,n5,grip
622528,810,n5,grip
622530,773,n5,grip
622532,752,n5,grip
622534,726,n5,grip
622536,702,n5,grip
622538,720,n5,grip
622540,699,n5,grip
622542,675,n5,grip
622544,668,n5,grip
622546,674,n5,grip
622548,647,n5,grip
622550,688,n5,grip
622552,685,n5,grip
622554,671,n5,grip
622556,657,n5,grip
622558,638,n5,grip
622560,693,n5,grip
622562,720,n5,grip
622564,689,n5,grip
622566,672,n5,grip
622568,670,n5,grip
622570,671,n5,grip
622572,686,n5,grip
622574,755,n5,grip
622576,773,n5,grip
622578,763,n5,grip
622580,751,n5,grip
622582,877,n5,grip
622584,888,n5,grip
622586,861,n5,grip
622588,836,n5,grip
622590,804,n5,grip
622592,807,n5,grip
622594,937,n5,grip
622596,1015,n5,grip
622598,1015,n5,grip
622600,1065,n5,grip
622602,1122,n5,grip
622604,1130,n5,grip
622606,1126,n5,grip
622608,1132,n5,grip
622610,1125,n5,grip
622612,1110,n5,grip
622614,1072,n5,grip
622616,1038,n5,grip
622618,1003,n5,grip
622620,994,n5,grip
622622,975,n5,grip
622624,979,n5,grip
622626,999,n5,grip
622628,962,n5,grip
622630,925,n5,grip
622632,881,n5,grip
622634,851,n5,grip
622636,821,n5,grip
622638,879,n5,grip
622640,889,n5,grip
622642,861,n5,grip
622644,882,n5,grip
622646,905,n5,grip
622648,895,n5,grip
622650,875,n5,grip
622652,850,n5,grip
622654,816,n5,grip
622656,790,n5,grip
622658,778,n5,grip
622660,752,n5,grip
622662,745,n5,grip
622664,752,n5,grip
622666,797,n5,grip
622668,769,n5,grip
622670,752,n5,grip
622672,739,n5,grip
622674,785,n5,grip
622676,819,n5,grip
622678,816,n5,grip
622680,816,n5,grip
622682,796,n5,grip
622684,839,n5,grip
622686,929,n5,grip
622688,913,n5,grip
622690,948,n5,grip
622692,956,n5,grip
622694,959,n5,grip
622696,989,n5,grip
622698,974,n5,grip
622700,960,n5,grip
622702,961,n5,grip
622704,923,n5,grip
622706,895,n5,grip
622708,882,n5,grip
622710,861,n5,grip
622712,880,n5,grip
622714,881,n5,grip
622716,863,n5,grip
622718,855,n5,grip
622720,864,n5,grip
622722,865,n5,grip
622724,841,n5,grip
622726,817,n5,grip
622728,784,n5,grip
622730,765,n5,grip
622732,751,n5,grip
622734,720,n5,grip
622736,730,n5,grip
622738,745,n5,grip
622740,837,n5,grip
622742,859,n5,grip
622744,838,n5,grip
622746,816,n5,grip
622748,785,n5,grip
622750,752,n5,grip
622752,719,n5,grip
622754,687,n5,grip
622756,656,n5,grip
622758,624,n5,grip
622760,612,n5,grip
622762,615,n5,grip
622764,613,n5,grip
622766,669,n5,grip
622768,726,n5,grip
622770,751,n5,grip
622772,752,n5,grip
622774,823,n5,grip
622776,903,n5,grip
622778,912,n5,grip
622780,870,n5,grip
622782,831,n5,grip
622784,798,n5,grip
622786,816,n5,grip
622788,880,n5,grip
622790,875,n5,grip
622792,859,n5,grip
622794,848,n5,grip
622796,865,n5,grip
622798,881,n5,grip
622800,912,n5,grip
622802,912,n5,grip
622804,944,n5,grip
622806,915,n5,grip
622808,932,n5,grip
622810,909,n5,grip
622812,914,n5,grip
622814,879,n5,grip
622816,893,n5,grip
622818,887,n5,grip
622820,848,n5,grip
622822,813,n5,grip
622824,784,n5,grip
622826,747,n5,grip
622828,715,n5,grip
622830,681,n5,grip
622832,655,n5,grip
622834,630,n5,grip
622836,617,n5,grip
622838,649,n5,grip
622840,734,n5,grip
622842,790,n5,grip
622844,829,n5,grip
622846,959,n5,grip
622848,994,n5,grip
622850,951,n5,grip
622852,931,n5,grip
622854,914,n5,grip
622856,876,n5,grip
622858,832,n5,grip
622860,816,n5,grip
622862,880,n5,grip
622864,876,n5,grip
622866,912,n5,grip
622868,901,n5,grip
622870,976,n5,grip
622872,978,n5,grip
622874,1019,n5,grip
622876,1065,n5,grip
622878,1045,n5,grip
622880,1072,n5,grip
622882,1043,n5,grip
622884,995,n5,grip
622886,966,n5,grip
622888,926,n5,grip
622890,895,n5,grip
622892,866,n5,grip
622894,836,n5,grip
622896,809,n5,grip
622898,787,n5,grip
622900,779,n5,grip
622902,745,n5,grip
622904,720,n5,grip
622906,692,n5,grip
622908,659,n5,grip
622910,667,n5,grip
622912,645,n5,grip
622914,632,n5,grip
622916,669,n5,grip
622918,643,n5,grip
622920,640,n5,grip
622922,672,n5,grip
622924,654,n5,grip
622926,639,n5,grip
622928,608,n5,grip
622930,609,n5,grip
622932,591,n5,grip
622934,570,n5,grip
622936,578,n5,grip
622938,589,n5,grip
622940,575,n5,grip
622942,562,n5,grip
622944,544,n5,grip
622946,530,n5,grip
622948,506,n5,grip
622950,496,n5,grip
622952,510,n5,grip
622954,492,n5,grip
622956,479,n5,grip
622958,475,n5,grip
622960,461,n5,grip
622962,486,n5,grip
622964,555,n5,grip
622966,543,n5,grip
622968,511,n5,grip
622970,496,n5,grip
622972,475,n5,grip
622974,458,n5,grip
622976,498,n5,grip
622978,485,n5,grip
622980,468,n5,grip
622982,486,n5,grip
622984,511,n5,grip
622986,503,n5,grip
622988,547,n5,grip
622990,566,n5,grip
622992,592,n5,grip
622994,573,n5,grip
622996,549,n5,grip
622998,511,n5,grip
623000,505,n5,grip
623002,510,n5,grip
623004,523,n5,grip
623006,527,n5,grip
623008,498,n5,grip
623010,475,n5,grip
623012,471,n5,grip
623014,495,n5,grip
623016,487,n5,grip
623018,470,n5,grip
623020,462,n5,grip
623022,458,n5,grip
623024,454,n5,grip
623026,443,n5,grip
623028,430,n5,grip
623030,432,n5,grip
623032,459,n5,grip
623034,442,n5,grip
623036,428,n5,grip
623038,414,n5,grip
623040,410,n5,grip
623042,413,n5,grip
623044,453,n5,grip
623046,560,n5,grip
623048,577,n5,grip
623050,558,n5,grip
623052,551,n5,grip
623054,529,n5,grip
623056,511,n5,grip
623058,496,n5,grip
623060,511,n5,grip
623062,536,n5,grip
623064,511,n5,grip
623066,503,n5,grip
623068,485,n5,grip
623070,464,n5,grip
623072,448,n5,grip
623074,450,n5,grip
623076,457,n5,grip
623078,439,n5,grip
623080,435,n5,grip
623082,430,n5,grip
623084,411,n5,grip
623086,403,n5,grip
623088,395,n5,grip
623090,403,n5,grip
623092,410,n5,grip
623094,393,n5,grip
623096,381,n5,grip
623098,369,n5,grip
623100,368,n5,grip
623102,366,n5,grip
623104,352,n5,grip
623106,359,n5,grip
623108,367,n5,grip
623110,385,n5,grip
623112,399,n5,grip
623114,404,n5,grip
623116,422,n5,grip
623118,436,n5,grip
623120,438,n5,grip
623122,445,n5,grip
623124,425,n5,grip
623126,432,n5,grip
623128,421,n5,grip
623130,405,n5,grip
623132,430,n5,grip
623134,422,n5,grip
623136,413,n5,grip
623138,410,n5,grip
623140,418,n5,grip
623142,464,n5,grip
623144,471,n5,grip
623146,459,n5,grip
623148,503,n5,grip
623150,496,n5,grip
623152,476,n5,grip
623154,500,n5,grip
623156,497,n5,grip
623158,479,n5,grip
623160,506,n5,grip
623162,545,n5,grip
623164,537,n5,grip
623166,544,n5,grip
623168,555,n5,grip
623170,560,n5,grip
623172,562,n5,grip
623174,586,n5,grip
623176,638,n5,grip
623178,630,n5,grip
623180,613,n5,grip
623182,620,n5,grip
623184,658,n5,grip
623186,669,n5,grip
623188,683,n5,grip
623190,663,n5,grip
623192,636,n5,grip
623194,618,n5,grip
623196,636,n5,grip
623198,679,n5,grip
623200,698,n5,grip
623202,703,n5,grip
623204,690,n5,grip
623206,658,n5,grip
623208,640,n5,grip
623210,610,n5,grip
623212,583,n5,grip
623214,563,n5,grip
623216,547,n5,grip
623218,546,n5,grip
623220,554,n5,grip
623222,567,n5,grip
623224,560,n5,grip
623226,543,n5,grip
623228,539,n5,grip
623230,511,n5,grip
623232,487,n5,grip
623234,464,n5,grip
623236,449,n5,grip
623238,432,n5,grip
623240,407,n5,grip
623242,423,n5,grip
623244,415,n5,grip
623246,416,n5,grip
623248,399,n5,grip
623250,397,n5,grip
623252,377,n5,grip
623254,382,n5,grip
623256,397,n5,grip
623258,380,n5,grip
623260,361,n5,grip
623262,350,n5,grip
623264,338,n5,grip
623266,322,n5,grip
623268,317,n5,grip
623270,307,n5,grip
623272,304,n5,grip
623274,304,n5,grip
623276,314,n5,grip
623278,304,n5,grip
623280,303,n5,grip
623282,304,n5,grip
623284,290,n5,grip
623286,279,n5,grip
623288,270,n5,grip
623290,272,n5,grip
623292,271,n5,grip
623294,257,n5,grip
623296,256,n5,grip
623298,240,n5,grip
623300,227,n5,grip
623302,214,n5,grip
623304,209,n5,grip
623306,204,n5,grip
623308,192,n5,grip
623310,182,n5,grip
623312,175,n5,grip
623314,174,n5,grip
623316,557,n5,grip
623318,813,n5,grip
623320,1023,n5,grip
623322,1213,n5,grip
623324,1375,n5,grip
623326,1517,n5,grip
623328,1646,n5,grip
623330,1760,n5,grip
623332,1871,n5,grip
623334,1968,n5,grip
623336,2066,n5,grip
623338,2153,n5,grip
623340,2232,n5,grip
623342,2311,n5,grip
623344,2387,n5,grip
623346,2512,n5,grip
623348,3026,n5,grip
623350,4009,n5,grip
623352,4095,n5,grip
623354,4095,n5,grip
623356,4095,n5,grip
623358,4095,n5,grip
623360,4095,n5,grip
623362,4095,n5,grip
623364,4095,n5,grip
623366,4095,n5,grip
623368,4095,n5,grip
623370,4095,n5,grip
623372,4095,n5,grip
623374,4095,n5,grip
623376,4095,n5,grip
623378,4095,n5,grip
623380,4095,n5,grip
623382,3869,n5,grip
623384,3690,n5,grip
623386,3558,n5,grip
623388,3470,n5,grip
623390,3401,n5,grip
623392,3347,n5,grip
623394,3305,n5,grip
623396,3269,n5,grip
623398,3242,n5,grip
623400,3215,n5,grip
623402,3198,n5,grip
623404,3181,n5,grip
623406,3164,n5,grip
623408,3147,n5,grip
623410,3130,n5,grip
623412,3120,n5,grip
623414,3105,n5,grip
623416,3091,n5,grip
623418,3084,n5,grip
623420,3065,n5,grip
623422,3057,n5,grip
623424,3049,n5,grip
623426,3040,n5,grip
623428,3031,n5,grip
623430,3024,n5,grip
623432,3018,n5,grip
623434,3010,n5,grip
623436,3006,n5,grip
623438,3001,n5,grip
623440,2992,n5,grip
623442,2988,n5,grip
623444,2983,n5,grip
623446,2978,n5,grip
623448,2974,n5,grip
623450,2964,n5,grip
623452,2961,n5,grip
623454,2959,n5,grip
623456,2955,n5,grip
623458,2947,n5,grip
623460,2945,n5,grip
623462,2941,n5,grip
623464,2935,n5,grip
623466,2930,n5,grip
623468,2928,n5,grip
623470,2924,n5,grip
623472,2919,n5,grip
623474,2913,n5,grip
623476,2910,n5,grip
623478,2903,n5,grip
623480,2896,n5,grip
623482,2893,n5,grip
623484,2886,n5,grip
623486,2882,n5,grip
623488,2874,n5,grip
623490,2867,n5,grip
623492,2862,n5,grip
623494,2853,n5,grip
623496,2846,n5,grip
623498,2842,n5,grip
623500,2839,n5,grip
623502,2835,n5,grip
623504,2834,n5,grip
623506,2834,n5,grip
623508,2835,n5,grip
623510,2835,n5,grip
623512,2834,n5,grip
623514,2837,n5,grip
623516,2837,n5,grip
623518,2835,n5,grip
623520,2835,n5,grip
623522,2835,n5,grip
623524,2838,n5,grip
623526,2840,n5,grip
637544,2907,n5,grip
637546,2910,n5,grip
637548,2911,n5,grip
637550,2911,n5,grip
637552,2911,n5,grip
637554,2909,n5,grip
637556,2909,n5,grip
637558,2910,n5,grip
637560,2910,n5,grip
637562,2912,n5,grip
637564,2911,n5,grip
637566,2910,n5,grip
637568,2911,n5,grip
637570,2914,n5,grip
637572,2912,n5,grip
637574,2912,n5,grip
637576,2911,n5,grip
637578,2911,n5,grip
637580,2912,n5,grip
637582,2911,n5,grip
637584,2912,n5,grip
637586,2912,n5,grip
637588,2913,n5,grip
637590,2913,n5,grip
637592,2913,n5,grip
637594,2911,n5,grip
637596,2913,n5,grip
637598,2913,n5,grip
637600,2915,n5,grip
637602,2914,n5,grip
637604,2913,n5,grip
637606,2915,n5,grip
637608,2915,n5,grip
637610,2915,n5,grip
637612,2914,n5,grip
637614,2914,n5,grip
637616,2917,n5,grip
637618,2916,n5,grip
637620,2914,n5,grip
637622,2913,n5,grip
637624,2913,n5,grip
637626,2916,n5,grip
637628,2915,n5,grip
637630,2915,n5,grip
637632,2915,n5,grip
637634,2915,n5,grip
637636,2914,n5,grip
637638,2917,n5,grip
637640,2917,n5,grip
637642,2914,n5,grip
637644,2915,n5,grip
637646,2917,n5,grip
637648,2919,n5,grip
637650,2917,n5,grip
637652,2915,n5,grip
637654,2916,n5,grip
637656,2917,n5,grip
637658,2917,n5,grip
637660,2914,n5,grip
637662,2917,n5,grip
637664,2917,n5,grip
637666,2919,n5,grip
637668,2919,n5,grip
637670,2917,n5,grip
637672,2918,n5,grip
637674,2918,n5,grip
637676,2919,n5,grip
637678,2918,n5,grip
637680,2918,n5,grip
637682,2917,n5,grip
637684,2918,n5,grip
637686,2919,n5,grip
637688,2918,n5,grip
637690,2917,n5,grip
637692,2917,n5,grip
637694,2918,n5,grip
637696,2919,n5,grip
637698,2919,n5,grip
637700,2919,n5,grip
637702,2919,n5,grip
637704,2921,n5,grip
637706,2919,n5,grip
637708,2918,n5,grip
637710,2919,n5,grip
637712,2917,n5,grip
637714,2917,n5,grip
637716,2921,n5,grip
637718,2919,n5,grip
637720,2919,n5,grip
637722,2918,n5,grip
637724,2918,n5,grip
637726,2918,n5,grip
637728,2917,n5,grip
637730,2918,n5,grip
637732,2921,n5,grip
637734,2919,n5,grip
637736,2918,n5,grip
637738,2917,n5,grip
637740,2917,n5,grip
637742,2918,n5,grip
637744,2917,n5,grip
637746,2918,n5,grip
637748,2919,n5,grip
637750,2921,n5,grip
637752,2918,n5,grip
637754,2921,n5,grip
637756,2917,n5,grip
637758,2918,n5,grip
637760,2922,n5,grip
637762,2922,n5,grip
637764,2921,n5,grip
637766,2921,n5,grip
637768,2919,n5,grip
637770,2920,n5,grip
637772,2919,n5,grip
637774,2918,n5,grip
637776,2919,n5,grip
637778,2921,n5,grip
637780,2919,n5,grip
637782,2922,n5,grip
637784,2922,n5,grip
637786,2918,n5,grip
637788,2918,n5,grip
637790,2919,n5,grip
637792,2917,n5,grip
637794,2919,n5,grip
637796,2922,n5,grip
637798,2920,n5,grip
637800,2922,n5,grip
637802,2917,n5,grip
637804,2919,n5,grip
637806,2919,n5,grip
637808,2917,n5,grip
637810,2919,n5,grip
637812,2919,n5,grip
637814,2918,n5,grip
637816,2919,n5,grip
637818,2919,n5,grip
637820,2919,n5,grip
637822,2919,n5,grip
637824,2921,n5,grip
637826,2922,n5,grip
637828,2918,n5,grip
637830,2919,n5,grip
637832,2918,n5,grip
637834,2919,n5,grip
637836,2919,n5,grip
637838,2921,n5,grip
637840,2918,n5,grip
637842,2917,n5,grip
637844,2921,n5,grip
637846,2919,n5,grip
637848,2919,n5,grip
637850,2922,n5,grip
637852,2921,n5,grip
637854,2921,n5,grip
637856,2920,n5,grip
637858,2917,n5,grip
637860,2918,n5,grip
637862,2918,n5,grip
637864,2923,n5,grip
637866,2921,n5,grip
637868,2923,n5,grip
637870,2921,n5,grip
637872,2919,n5,grip
637874,2921,n5,grip
637876,2919,n5,grip
637878,2919,n5,grip
637880,2919,n5,grip
637882,2918,n5,grip
637884,2919,n5,grip
637886,2919,n5,grip
637888,2921,n5,grip
637890,2922,n5,grip
637892,2921,n5,grip
637894,2919,n5,grip
637896,2919,n5,grip
637898,2921,n5,grip
637900,2919,n5,grip
637902,2923,n5,grip
637904,2922,n5,grip
637906,2920,n5,grip
637908,2918,n5,grip
637910,2919,n5,grip
637912,2919,n5,grip
637914,2919,n5,grip
637916,2919,n5,grip
637918,2918,n5,grip
637920,2919,n5,grip
637922,2915,n5,grip
637924,2919,n5,grip
637926,2917,n5,grip
637928,2919,n5,grip
637930,2919,n5,grip
637932,2919,n5,grip
637934,2919,n5,grip
637936,2919,n5,grip
637938,2918,n5,grip
637940,2919,n5,grip
637942,2919,n5,grip
637944,2921,n5,grip
637946,2919,n5,grip
637948,2918,n5,grip
637950,2921,n5,grip
637952,2918,n5,grip
637954,2919,n5,grip
637956,2917,n5,grip
637958,2918,n5,grip
637960,2917,n5,grip
637962,2919,n5,grip
637964,2918,n5,grip
637966,2921,n5,grip
637968,2919,n5,grip
637970,2919,n5,grip
637972,2921,n5,grip
637974,2918,n5,grip
637976,2919,n5,grip
637978,2918,n5,grip
637980,2919,n5,grip
637982,2917,n5,grip
637984,2918,n5,grip
637986,2917,n5,grip
637988,2919,n5,grip
637990,2916,n5,grip
637992,2918,n5,grip
637994,2917,n5,grip
637996,2918,n5,grip
637998,2917,n5,grip
638000,2920,n5,grip
638002,2917,n5,grip
638004,2919,n5,grip
638006,2915,n5,grip
638008,2919,n5,grip
638010,2917,n5,grip
638012,2918,n5,grip
638014,2917,n5,grip
638016,2918,n5,grip
638018,2919,n5,grip
638020,2917,n5,grip
638022,2916,n5,grip
638024,2919,n5,grip
638026,2918,n5,grip
638028,2917,n5,grip
638030,2919,n5,grip
638032,2921,n5,grip
638034,2919,n5,grip
638036,2919,n5,grip
638038,2918,n5,grip
638040,2920,n5,grip
638042,2919,n5,grip
638044,2922,n5,grip
638046,2917,n5,grip
638048,2918,n5,grip
638050,2919,n5,grip
638052,2917,n5,grip
638054,2921,n5,grip
638056,2919,n5,grip
638058,2919,n5,grip
638060,2918,n5,grip
638062,2918,n5,grip
638064,2918,n5,grip
638066,2921,n5,grip
638068,2918,n5,grip
638070,2917,n5,grip
638072,2918,n5,grip
638074,2915,n5,grip
638076,2918,n5,grip
638078,2918,n5,grip
638080,2921,n5,grip
638082,2921,n5,grip
638084,2919,n5,grip
638086,2917,n5,grip
638088,2918,n5,grip
638090,2918,n5,grip
638092,2917,n5,grip
638094,2918,n5,grip
638096,2918,n5,grip
638098,2919,n5,grip
638100,2919,n5,grip
638102,2921,n5,grip
638104,2919,n5,grip
638106,2917,n5,grip
638108,2918,n5,grip
638110,2917,n5,grip
638112,2917,n5,grip
638114,2919,n5,grip
638116,2918,n5,grip
638118,2918,n5,grip
638120,2919,n5,grip
638122,2916,n5,grip
638124,2918,n5,grip
638126,2918,n5,grip
638128,2918,n5,grip
638130,2919,n5,grip
638132,2919,n5,grip
638134,2919,n5,grip
638136,2915,n5,grip
638138,2917,n5,grip
638140,2915,n5,grip
638142,2919,n5,grip
638144,2915,n5,grip
638146,2917,n5,grip
638148,2918,n5,grip
638150,2919,n5,grip
638152,2917,n5,grip
638154,2917,n5,grip
638156,2918,n5,grip
638158,2918,n5,grip
638160,2917,n5,grip
638162,2918,n5,grip
638164,2918,n5,grip
638166,2917,n5,grip
638168,2917,n5,grip
638170,2919,n5,grip
638172,2919,n5,grip
638174,2921,n5,grip
638176,2919,n5,grip
638178,2917,n5,grip
638180,2919,n5,grip
638182,2922,n5,grip
638184,2921,n5,grip
638186,2918,n5,grip
638188,2919,n5,grip
638190,2919,n5,grip
638192,2918,n5,grip
638194,2918,n5,grip
638196,2921,n5,grip
638198,2921,n5,grip
638200,2921,n5,grip
638202,2917,n5,grip
638204,2918,n5,grip
638206,2921,n5,grip
638208,2919,n5,grip
638210,2919,n5,grip
638212,2921,n5,grip
638214,2919,n5,grip
638216,2922,n5,grip
638218,2922,n5,grip
638220,2918,n5,grip
638222,2919,n5,grip
638224,2918,n5,grip
638226,2921,n5,grip
638228,2921,n5,grip
638230,2918,n5,grip
638232,2919,n5,grip
638234,2919,n5,grip
638236,2919,n5,grip
638238,2919,n5,grip
638240,2919,n5,grip
638242,2919,n5,grip
638244,2918,n5,grip
638246,2921,n5,grip
638248,2918,n5,grip
638250,2919,n5,grip
638252,2919,n5,grip
638254,2919,n5,grip
638256,2917,n5,grip
638258,2918,n5,grip
638260,2920,n5,grip
638262,2917,n5,grip
638264,2921,n5,grip
638266,2921,n5,grip
638268,2918,n5,grip
638270,2919,n5,grip
638272,2918,n5,grip
638274,2918,n5,grip
638276,2918,n5,grip
638278,2916,n5,grip
638280,2917,n5,grip
638282,2919,n5,grip
638284,2915,n5,grip
638286,2918,n5,grip
638288,2919,n5,grip
638290,2916,n5,grip
638292,2917,n5,grip
638294,2918,n5,grip
638296,2918,n5,grip
638298,2915,n5,grip
638300,2918,n5,grip
638302,2918,n5,grip
638304,2918,n5,grip
638306,2919,n5,grip
638308,2915,n5,grip
638310,2919,n5,grip
638312,2919,n5,grip
638314,2921,n5,grip
638316,2919,n5,grip
638318,2919,n5,grip
638320,2917,n5,grip
638322,2919,n5,grip
638324,2917,n5,grip
638326,2915,n5,grip
638328,2915,n5,grip
638330,2916,n5,grip
638332,2921,n5,grip
638334,2918,n5,grip
638336,2917,n5,grip
638338,2918,n5,grip
638340,2918,n5,grip
638342,2918,n5,grip
638344,2917,n5,grip
638346,2919,n5,grip
638348,2918,n5,grip
638350,2917,n5,grip
638352,2917,n5,grip
638354,2919,n5,grip
638356,2918,n5,grip
638358,2919,n5,grip
638360,2916,n5,grip
638362,2919,n5,grip
638364,2919,n5,grip
638366,2919,n5,grip
638368,2919,n5,grip
638370,2918,n5,grip
638372,2917,n5,grip
638374,2916,n5,grip
638376,2918,n5,grip
638378,2921,n5,grip
638380,2917,n5,grip
638382,2917,n5,grip
638384,2918,n5,grip
638386,2919,n5,grip
638388,2918,n5,grip
638390,2918,n5,grip
638392,2917,n5,grip
638394,2919,n5,grip
638396,2919,n5,grip
638398,2920,n5,grip
638400,2919,n5,grip
638402,2917,n5,grip
638404,2918,n5,grip
638406,2919,n5,grip
638408,2918,n5,grip
638410,2919,n5,grip
638412,2918,n5,grip
638414,2919,n5,grip
638416,2918,n5,grip
638418,2917,n5,grip
638420,2919,n5,grip
638422,2918,n5,grip
638424,2918,n5,grip
638426,2918,n5,grip
638428,2917,n5,grip
638430,2919,n5,grip
638432,2916,n5,grip
638434,2918,n5,grip
638436,2919,n5,grip
638438,2917,n5,grip
638440,2918,n5,grip
638442,2918,n5,grip
638444,2919,n5,grip
638446,2919,n5,grip
638448,2919,n5,grip
638450,2918,n5,grip
638452,2919,n5,grip
638454,2918,n5,grip
638456,2918,n5,grip
638458,2917,n5,grip
638460,2917,n5,grip
638462,2920,n5,grip
638464,2922,n5,grip
638466,2917,n5,grip
638468,2918,n5,grip
638470,2919,n5,grip
638472,2921,n5,grip
638474,2919,n5,grip
638476,2918,n5,grip
638478,2919,n5,grip
638480,2919,n5,grip
638482,2917,n5,grip
638484,2922,n5,grip
638486,2919,n5,grip
638488,2919,n5,grip
638490,2919,n5,grip
638492,2919,n5,grip
638494,2919,n5,grip
638496,2917,n5,grip
638498,2921,n5,grip
638500,2920,n5,grip
638502,2918,n5,grip
638504,2921,n5,grip
638506,2919,n5,grip
638508,2919,n5,grip
638510,2922,n5,grip
638512,2919,n5,grip
638514,2919,n5,grip
638516,2922,n5,grip
638518,2921,n5,grip
638520,2919,n5,grip
638522,2919,n5,grip
638524,2920,n5,grip
638526,2919,n5,grip
638528,2921,n5,grip
638530,2921,n5,grip
638532,2921,n5,grip
638534,2919,n5,grip
638536,2921,n5,grip
638538,2919,n5,grip
638540,2921,n5,grip
638542,2921,n5,grip
638544,2920,n5,grip
638546,2922,n5,grip
638548,2922,n5,grip
638550,2922,n5,grip
638552,2922,n5,grip
638554,2923,n5,grip
638556,2921,n5,grip
638558,2922,n5,grip
638560,2924,n5,grip
638562,2922,n5,grip
638564,2923,n5,grip
638566,2923,n5,grip
638568,2923,n5,grip
638570,2922,n5,grip
638572,2922,n5,grip
638574,2918,n5,grip
638576,2922,n5,grip
638578,2921,n5,grip
638580,2919,n5,grip
638582,2919,n5,grip
638584,2922,n5,grip
638586,2921,n5,grip
638588,2922,n5,grip
638590,2919,n5,grip
638592,2923,n5,grip
638594,2923,n5,grip
638596,2922,n5,grip
638598,2921,n5,grip
638600,2923,n5,grip
638602,2923,n5,grip
638604,2921,n5,grip
638606,2919,n5,grip
638608,2919,n5,grip
638610,2922,n5,grip
638612,2921,n5,grip
638614,2922,n5,grip
638616,2922,n5,grip
638618,2922,n5,grip
638620,2922,n5,grip
638622,2922,n5,grip
638624,2919,n5,grip
638626,2921,n5,grip
638628,2919,n5,grip
638630,2918,n5,grip
638632,2924,n5,grip
638634,2923,n5,grip
638636,2921,n5,grip
638638,2918,n5,grip
638640,2922,n5,grip
638642,2922,n5,grip
638644,2919,n5,grip
638646,2921,n5,grip
638648,2919,n5,grip
638650,2919,n5,grip
638652,2919,n5,grip
638654,2921,n5,grip
638656,2918,n5,grip
638658,2919,n5,grip
638660,2919,n5,grip
638662,2922,n5,grip
638664,2922,n5,grip
638666,2921,n5,grip
638668,2923,n5,grip
638670,2923,n5,grip
638672,2921,n5,grip
638674,2921,n5,grip
638676,2922,n5,grip
638678,2922,n5,grip
638680,2923,n5,grip
638682,2926,n5,grip
638684,2921,n5,grip
638686,2922,n5,grip
638688,2923,n5,grip
638690,2922,n5,grip
638692,2922,n5,grip
638694,2923,n5,grip
638696,2922,n5,grip
638698,2923,n5,grip
638700,2922,n5,grip
638702,2923,n5,grip
638704,2924,n5,grip
638706,2919,n5,grip
638708,2921,n5,grip
638710,2923,n5,grip
638712,2923,n5,grip
638714,2923,n5,grip
638716,2919,n5,grip
638718,2924,n5,grip
638720,2924,n5,grip
638722,2922,n5,grip
638724,2922,n5,grip
638726,2919,n5,grip
638728,2922,n5,grip
638730,2923,n5,grip
638732,2923,n5,grip
638734,2921,n5,grip
638736,2923,n5,grip
638738,2924,n5,grip
638740,2918,n5,grip
638742,2921,n5,grip
638744,2919,n5,grip
638746,2922,n5,grip
638748,2922,n5,grip
638750,2923,n5,grip
638752,2923,n5,grip
638754,2926,n5,grip
638756,2921,n5,grip
638758,2919,n5,grip
638760,2924,n5,grip
638762,2923,n5,grip
638764,2923,n5,grip
638766,2922,n5,grip
638768,2923,n5,grip
638770,2923,n5,grip
638772,2921,n5,grip
638774,2922,n5,grip
638776,2923,n5,grip
638778,2925,n5,grip
638780,2923,n5,grip
638782,2923,n5,grip
638784,2925,n5,grip
638786,2922,n5,grip
638788,2923,n5,grip
638790,2925,n5,grip
638792,2922,n5,grip
638794,2922,n5,grip
638796,2923,n5,grip
638798,2925,n5,grip
638800,2923,n5,grip
638802,2922,n5,grip
638804,2925,n5,grip
638806,2923,n5,grip
638808,2922,n5,grip
638810,2922,n5,grip
638812,2923,n5,grip
638814,2923,n5,grip
638816,2924,n5,grip
638818,2923,n5,grip
638820,2923,n5,grip
638822,2924,n5,grip
638824,2922,n5,grip
638826,2922,n5,grip
638828,2923,n5,grip
638830,2925,n5,grip
638832,2924,n5,grip
638834,2925,n5,grip
638836,2923,n5,grip
638838,2923,n5,grip
638840,2925,n5,grip
638842,2923,n5,grip
638844,2925,n5,grip
638846,2925,n5,grip
638848,2923,n5,grip
638850,2925,n5,grip
638852,2925,n5,grip
638854,2926,n5,grip
638856,2924,n5,grip
638858,2924,n5,grip
638860,2925,n5,grip
638862,2925,n5,grip
638864,2925,n5,grip
638866,2925,n5,grip
638868,2926,n5,grip
638870,2923,n5,grip
638872,2923,n5,grip
638874,2924,n5,grip
638876,2924,n5,grip
638878,2926,n5,grip
638880,2924,n5,grip
638882,2926,n5,grip
638884,2925,n5,grip
638886,2925,n5,grip
638888,2924,n5,grip
638890,2925,n5,grip
638892,2923,n5,grip
638894,2925,n5,grip
638896,2923,n5,grip
638898,2923,n5,grip
638900,2926,n5,grip
638902,2924,n5,grip
638904,2925,n5,grip
638906,2924,n5,grip
638908,2924,n5,grip
638910,2925,n5,grip
638912,2925,n5,grip
638914,2926,n5,grip
638916,2926,n5,grip
638918,2926,n5,grip
638920,2924,n5,grip
638922,2925,n5,grip
638924,2923,n5,grip
638926,2925,n5,grip
638928,2926,n5,grip
638930,2925,n5,grip
638932,2924,n5,grip
638934,2925,n5,grip
638936,2925,n5,grip
638938,2924,n5,grip
638940,2924,n5,grip
638942,2925,n5,grip
638944,2924,n5,grip
638946,2926,n5,grip
638948,2925,n5,grip
638950,2925,n5,grip
638952,2926,n5,grip
638954,2926,n5,grip
638956,2926,n5,grip
638958,2923,n5,grip
638960,2925,n5,grip
638962,2927,n5,grip
638964,2926,n5,grip
638966,2926,n5,grip
638968,2926,n5,grip
638970,2928,n5,grip
638972,2925,n5,grip
638974,2921,n5,grip
638976,2926,n5,grip
638978,2926,n5,grip
638980,2927,n5,grip
638982,2927,n5,grip
638984,2925,n5,grip
638986,2927,n5,grip
638988,2927,n5,grip
638990,2926,n5,grip
638992,2926,n5,grip
638994,2923,n5,grip
638996,2925,n5,grip
638998,2928,n5,grip
639000,2926,n5,grip
639002,2927,n5,grip
639004,2927,n5,grip
639006,2927,n5,grip
639008,2924,n5,grip
639010,2925,n5,grip
639012,2924,n5,grip
639014,2927,n5,grip
639016,2927,n5,grip
639018,2925,n5,grip
639020,2925,n5,grip
639022,2927,n5,grip
639024,2926,n5,grip
639026,2925,n5,grip
639028,2927,n5,grip
639030,2925,n5,grip
639032,2927,n5,grip
639034,2925,n5,grip
639036,2927,n5,grip
639038,2926,n5,grip
639040,2926,n5,grip
639042,2925,n5,grip
639044,2926,n5,grip
639046,2927,n5,grip
639048,2928,n5,grip
639050,2928,n5,grip
639052,2927,n5,grip
639054,2927,n5,grip
639056,2927,n5,grip
639058,2926,n5,grip
639060,2927,n5,grip
639062,2928,n5,grip
639064,2928,n5,grip
639066,2927,n5,grip
639068,2928,n5,grip
639070,2928,n5,grip
639072,2927,n5,grip
639074,2928,n5,grip
639076,2927,n5,grip
639078,2928,n5,grip
639080,2926,n5,grip
639082,2928,n5,grip
639084,2928,n5,grip
639086,2927,n5,grip
639088,2927,n5,grip
639090,2927,n5,grip
639092,2927,n5,grip
639094,2927,n5,grip
639096,2928,n5,grip
639098,2928,n5,grip
639100,2928,n5,grip
639102,2928,n5,grip
639104,2928,n5,grip
639106,2928,n5,grip
639108,2925,n5,grip
639110,2928,n5,grip
639112,2928,n5,grip
639114,2925,n5,grip
639116,2927,n5,grip
639118,2927,n5,grip
639120,2927,n5,grip
639122,2927,n5,grip
639124,2927,n5,grip
639126,2928,n5,grip
639128,2928,n5,grip
639130,2927,n5,grip
639132,2927,n5,grip
639134,2927,n5,grip
639136,2927,n5,grip
639138,2927,n5,grip
639140,2927,n5,grip
639142,2927,n5,grip
639144,2928,n5,grip
639146,2927,n5,grip
639148,2928,n5,grip
639150,2928,n5,grip
639152,2927,n5,grip
639154,2928,n5,grip
639156,2928,n5,grip
639158,2927,n5,grip
639160,2927,n5,grip
639162,2928,n5,grip
639164,2927,n5,grip
639166,2928,n5,grip
639168,2928,n5,grip
639170,2928,n5,grip
639172,2928,n5,grip
639174,2928,n5,grip
639176,2928,n5,grip
639178,2928,n5,grip
639180,2925,n5,grip
639182,2927,n5,grip
639184,2928,n5,grip
639186,2928,n5,grip
639188,2928,n5,grip
639190,2928,n5,grip
639192,2925,n5,grip
639194,2926,n5,grip
639196,2928,n5,grip
639198,2927,n5,grip
639200,2928,n5,grip
639202,2927,n5,grip
639204,2927,n5,grip
639206,2927,n5,grip
639208,2928,n5,grip
639210,2928,n5,grip
639212,2928,n5,grip
639214,2928,n5,grip
639216,2928,n5,grip
639218,2928,n5,grip
639220,2928,n5,grip
639222,2928,n5,grip
639224,2928,n5,grip
639226,2928,n5,grip
639228,2928,n5,grip
639230,2929,n5,grip
639232,2928,n5,grip
639234,2928,n5,grip
639236,2928,n5,grip
639238,2928,n5,grip
639240,2927,n5,grip
639242,2928,n5,grip
639244,2928,n5,grip
639246,2928,n5,grip
639248,2928,n5,grip
639250,2929,n5,grip
639252,2928,n5,grip
639254,2928,n5,grip
639256,2928,n5,grip
639258,2927,n5,grip
639260,2927,n5,grip
639262,2928,n5,grip
639264,2928,n5,grip
639266,2931,n5,grip
639268,2928,n5,grip
639270,2928,n5,grip
639272,2928,n5,grip
639274,2928,n5,grip
639276,2928,n5,grip
639278,2928,n5,grip
639280,2928,n5,grip
639282,2928,n5,grip
639284,2928,n5,grip
639286,2928,n5,grip
639288,2928,n5,grip
639290,2928,n5,grip
639292,2928,n5,grip
639294,2928,n5,grip
639296,2928,n5,grip
639298,2928,n5,grip
639300,2928,n5,grip
639302,2928,n5,grip
639304,2928,n5,grip
639306,2928,n5,grip
639308,2928,n5,grip
639310,2928,n5,grip
639312,2928,n5,grip
639314,2928,n5,grip
639316,2930,n5,grip
639318,2928,n5,grip
639320,2928,n5,grip
639322,2929,n5,grip
639324,2928,n5,grip
639326,2928,n5,grip
639328,2928,n5,grip
639330,2928,n5,grip
639332,2930,n5,grip
639334,2929,n5,grip
639336,2928,n5,grip
639338,2929,n5,grip
639340,2928,n5,grip
639342,2928,n5,grip
639344,2928,n5,grip
639346,2929,n5,grip
639348,2929,n5,grip
639350,2928,n5,grip
639352,2928,n5,grip
639354,2929,n5,grip
639356,2928,n5,grip
639358,2928,n5,grip
639360,2928,n5,grip
639362,2928,n5,grip
639364,2928,n5,grip
639366,2928,n5,grip
639368,2929,n5,grip
639370,2928,n5,grip
639372,2928,n5,grip
639374,2928,n5,grip
639376,2928,n5,grip
639378,2928,n5,grip
639380,2928,n5,grip
639382,2928,n5,grip
639384,2928,n5,grip
639386,2928,n5,grip
639388,2928,n5,grip
639390,2928,n5,grip
639392,2928,n5,grip
639394,2928,n5,grip
639396,2929,n5,grip
639398,2928,n5,grip
639400,2929,n5,grip
639402,2928,n5,grip
639404,2928,n5,grip
639406,2928,n5,grip
639408,2928,n5,grip
639410,2928,n5,grip
639412,2928,n5,grip
639414,2929,n5,grip
639416,2929,n5,grip
639418,2929,n5,grip
639420,2928,n5,grip
639422,2929,n5,grip
639424,2928,n5,grip
639426,2928,n5,grip
639428,2929,n5,grip
639430,2928,n5,grip
639432,2930,n5,grip
639434,2928,n5,grip
639436,2930,n5,grip
639438,2930,n5,grip
639440,2929,n5,grip
639442,2929,n5,grip
639444,2929,n5,grip
639446,2929,n5,grip
639448,2929,n5,grip
639450,2930,n5,grip
639452,2929,n5,grip
639454,2928,n5,grip
639456,2928,n5,grip
639458,2928,n5,grip
639460,2928,n5,grip
639462,2929,n5,grip
639464,2930,n5,grip
639466,2928,n5,grip
639468,2929,n5,grip
639470,2930,n5,grip
639472,2929,n5,grip
639474,2929,n5,grip
639476,2928,n5,grip
639478,2929,n5,grip
639480,2928,n5,grip
639482,2928,n5,grip
639484,2929,n5,grip
639486,2929,n5,grip
639488,2929,n5,grip
639490,2928,n5,grip
639492,2928,n5,grip
639494,2929,n5,grip
639496,2928,n5,grip
639498,2928,n5,grip
639500,2930,n5,grip
639502,2928,n5,grip
639504,2928,n5,grip
639506,2928,n5,grip
639508,2928,n5,grip
639510,2929,n5,grip
639512,2928,n5,grip
639514,2928,n5,grip
639516,2928,n5,grip
639518,2929,n5,grip
639520,2930,n5,grip
639522,2929,n5,grip
639524,2929,n5,grip
639526,2929,n5,grip
639528,2930,n5,grip
639530,2929,n5,grip
639532,2929,n5,grip
639534,2929,n5,grip
639536,2929,n5,grip
639538,2928,n5,grip
639540,2928,n5,grip
639542,2928,n5,grip
639544,2928,n5,grip
639546,2928,n5,grip
639548,2928,n5,grip
639550,2929,n5,grip
639552,2929,n5,grip
639554,2928,n5,grip
639556,2928,n5,grip
639558,2928,n5,grip
639560,2929,n5,grip
639562,2929,n5,grip
639564,2930,n5,grip
639566,2930,n5,grip
639568,2930,n5,grip
639570,2929,n5,grip
639572,2931,n5,grip
639574,2930,n5,grip
639576,2928,n5,grip
639578,2929,n5,grip
639580,2929,n5,grip
639582,2929,n5,grip
639584,2928,n5,grip
639586,2929,n5,grip
639588,2929,n5,grip
639590,2929,n5,grip
639592,2931,n5,grip
639594,2929,n5,grip
639596,2930,n5,grip
639598,2930,n5,grip
639600,2931,n5,grip
639602,2931,n5,grip
639604,2929,n5,grip
639606,2930,n5,grip
639608,2928,n5,grip
639610,2930,n5,grip
639612,2928,n5,grip
639614,2930,n5,grip
639616,2929,n5,grip
639618,2929,n5,grip
639620,2930,n5,grip
639622,2931,n5,grip
639624,2928,n5,grip
639626,2931,n5,grip
639628,2930,n5,grip
639630,2929,n5,grip
639632,2933,n5,grip
639634,2929,n5,grip
639636,2930,n5,grip
639638,2930,n5,grip
639640,2930,n5,grip
639642,2928,n5,grip
639644,2930,n5,grip
639646,2928,n5,grip
639648,2931,n5,grip
639650,2930,n5,grip
639652,2930,n5,grip
639654,2929,n5,grip
639656,2929,n5,grip
639658,2929,n5,grip
639660,2931,n5,grip
639662,2930,n5,grip
639664,2930,n5,grip
639666,2930,n5,grip
639668,2930,n5,grip
639670,2929,n5,grip
639672,2931,n5,grip
639674,2928,n5,grip
639676,2930,n5,grip
639678,2931,n5,grip
639680,2930,n5,grip
639682,2930,n5,grip
639684,2930,n5,grip
639686,2931,n5,grip
639688,2929,n5,grip
639690,2931,n5,grip
639692,2930,n5,grip
639694,2929,n5,grip
639696,2929,n5,grip
639698,2930,n5,grip
639700,2931,n5,grip
639702,2929,n5,grip
639704,2931,n5,grip
639706,2929,n5,grip
639708,2928,n5,grip
639710,2930,n5,grip
639712,2928,n5,grip
639714,2929,n5,grip
639716,2933,n5,grip
639718,2932,n5,grip
639720,2931,n5,grip
639722,2932,n5,grip
639724,2929,n5,grip
639726,2930,n5,grip
639728,2929,n5,grip
639730,2929,n5,grip
639732,2931,n5,grip
639734,2930,n5,grip
639736,2930,n5,grip
639738,2929,n5,grip
639740,2929,n5,grip
639742,2930,n5,grip
639744,2929,n5,grip
639746,2928,n5,grip
639748,2930,n5,grip
639750,2931,n5,grip
639752,2929,n5,grip
639754,2932,n5,grip
639756,2931,n5,grip
639758,2929,n5,grip
639760,2929,n5,grip
639762,2929,n5,grip
639764,2929,n5,grip
639766,2931,n5,grip
639768,2929,n5,grip
639770,2931,n5,grip
639772,2930,n5,grip
639774,2930,n5,grip
639776,2930,n5,grip
639778,2929,n5,grip
639780,2929,n5,grip
639782,2930,n5,grip
639784,2930,n5,grip
639786,2931,n5,grip
639788,2930,n5,grip
639790,2931,n5,grip
639792,2928,n5,grip
639794,2930,n5,grip
639796,2929,n5,grip
639798,2931,n5,grip
639800,2931,n5,grip
639802,2930,n5,grip
639804,2928,n5,grip
639806,2929,n5,grip
639808,2929,n5,grip
639810,2931,n5,grip
639812,2929,n5,grip
639814,2931,n5,grip
639816,2930,n5,grip
639818,2932,n5,grip
639820,2928,n5,grip
639822,2931,n5,grip
639824,2929,n5,grip
639826,2931,n5,grip
639828,2931,n5,grip
639830,2928,n5,grip
639832,2931,n5,grip
639834,2935,n5,grip
639836,2930,n5,grip
639838,2929,n5,grip
639840,2929,n5,grip
639842,2930,n5,grip
639844,2929,n5,grip
639846,2929,n5,grip
639848,2930,n5,grip
639850,2931,n5,grip
639852,2931,n5,grip
639854,2930,n5,grip
639856,2929,n5,grip
639858,2930,n5,grip
639860,2929,n5,grip
639862,2930,n5,grip
639864,2930,n5,grip
639866,2931,n5,grip
639868,2931,n5,grip
639870,2932,n5,grip
639872,2930,n5,grip
639874,2931,n5,grip
639876,2930,n5,grip
639878,2929,n5,grip
639880,2932,n5,grip
639882,2930,n5,grip
639884,2933,n5,grip
639886,2930,n5,grip
639888,2931,n5,grip
639890,2930,n5,grip
639892,2928,n5,grip
639894,2929,n5,grip
639896,2930,n5,grip
639898,2930,n5,grip
639900,2931,n5,grip
639902,2931,n5,grip
639904,2930,n5,grip
639906,2930,n5,grip
639908,2929,n5,grip
639910,2929,n5,grip
639912,2931,n5,grip
639914,2931,n5,grip
639916,2933,n5,grip
639918,2931,n5,grip
639920,2930,n5,grip
639922,2931,n5,grip
639924,2931,n5,grip
639926,2928,n5,grip
639928,2930,n5,grip
639930,2931,n5,grip
639932,2931,n5,grip
639934,2930,n5,grip
639936,2931,n5,grip
639938,2930,n5,grip
639940,2930,n5,grip
639942,2929,n5,grip
639944,2930,n5,grip
639946,2931,n5,grip
639948,2931,n5,grip
639950,2931,n5,grip
639952,2930,n5,grip
639954,2928,n5,grip
639956,2931,n5,grip
639958,2929,n5,grip
639960,2931,n5,grip
639962,2928,n5,grip
639964,2929,n5,grip
639966,2929,n5,grip
639968,2931,n5,grip
639970,2930,n5,grip
639972,2928,n5,grip
639974,2930,n5,grip
639976,2929,n5,grip
639978,2931,n5,grip
639980,2930,n5,grip
639982,2930,n5,grip
639984,2930,n5,grip
639986,2930,n5,grip
639988,2930,n5,grip
639990,2930,n5,grip
639992,2930,n5,grip
639994,2930,n5,grip
639996,2928,n5,grip
639998,2931,n5,grip
640000,2931,n5,grip
640002,2931,n5,grip
640004,2929,n5,grip
640006,2929,n5,grip
640008,2928,n5,grip
640010,2930,n5,grip
640012,2929,n5,grip
640014,2929,n5,grip
640016,2930,n5,grip
640018,2929,n5,grip
640020,2929,n5,grip
640022,2930,n5,grip
640024,2930,n5,grip
640026,2930,n5,grip
640028,2929,n5,grip
640030,2931,n5,grip
640032,2929,n5,grip
640034,2930,n5,grip
640036,2931,n5,grip
640038,2929,n5,grip
640040,2928,n5,grip
640042,2928,n5,grip
640044,2929,n5,grip
640046,2931,n5,grip
640048,2929,n5,grip
640050,2932,n5,grip
640052,2929,n5,grip
640054,2931,n5,grip
640056,2928,n5,grip
640058,2931,n5,grip
640060,2929,n5,grip
640062,2932,n5,grip
640064,2931,n5,grip
640066,2933,n5,grip
640068,2930,n5,grip
640070,2930,n5,grip
640072,2929,n5,grip
640074,2929,n5,grip
640076,2929,n5,grip
640078,2929,n5,grip
640080,2930,n5,grip
640082,2928,n5,grip
640084,2929,n5,grip
640086,2930,n5,grip
640088,2930,n5,grip
640090,2929,n5,grip
640092,2928,n5,grip
640094,2928,n5,grip
640096,2929,n5,grip
640098,2930,n5,grip
640100,2930,n5,grip
640102,2930,n5,grip
640104,2931,n5,grip
640106,2928,n5,grip
640108,2931,n5,grip
640110,2929,n5,grip
640112,2929,n5,grip
640114,2930,n5,grip
640116,2930,n5,grip
640118,2930,n5,grip
640120,2931,n5,grip
640122,2929,n5,grip
640124,2928,n5,grip
640126,2929,n5,grip
640128,2928,n5,grip
640130,2929,n5,grip
640132,2931,n5,grip
640134,2929,n5,grip
640136,2929,n5,grip
640138,2928,n5,grip
640140,2929,n5,grip
640142,2928,n5,grip
640144,2928,n5,grip
640146,2928,n5,grip
640148,2929,n5,grip
640150,2929,n5,grip
640152,2928,n5,grip
640154,2928,n5,grip
640156,2928,n5,grip
640158,2928,n5,grip
640160,2928,n5,grip
640162,2928,n5,grip
640164,2928,n5,grip
640166,2929,n5,grip
640168,2928,n5,grip
640170,2930,n5,grip
640172,2928,n5,grip
640174,2928,n5,grip
640176,2928,n5,grip
640178,2929,n5,grip
640180,2930,n5,grip
640182,2931,n5,grip
640184,2929,n5,grip
640186,2928,n5,grip
640188,2929,n5,grip
640190,2930,n5,grip
640192,2928,n5,grip
640194,2931,n5,grip
640196,2929,n5,grip
640198,2928,n5,grip
640200,2930,n5,grip
640202,2928,n5,grip
640204,2930,n5,grip
640206,2928,n5,grip
640208,2928,n5,grip
640210,2928,n5,grip
640212,2930,n5,grip
640214,2930,n5,grip
640216,2930,n5,grip
640218,2932,n5,grip
640220,2930,n5,grip
640222,2931,n5,grip
640224,2928,n5,grip
640226,2929,n5,grip
640228,2930,n5,grip
640230,2929,n5,grip
640232,2928,n5,grip
640234,2930,n5,grip
640236,2930,n5,grip
640238,2931,n5,grip
640240,2931,n5,grip
640242,2928,n5,grip
640244,2929,n5,grip
640246,2928,n5,grip
640248,2928,n5,grip
640250,2929,n5,grip
640252,2930,n5,grip
640254,2928,n5,grip
640256,2928,n5,grip
640258,2928,n5,grip
640260,2928,n5,grip
640262,2928,n5,grip
640264,2930,n5,grip
640266,2929,n5,grip
640268,2929,n5,grip
640270,2931,n5,grip
640272,2928,n5,grip
640274,2928,n5,grip
640276,2928,n5,grip
640278,2929,n5,grip
640280,2929,n5,grip
640282,2930,n5,grip
640284,2930,n5,grip
640286,2928,n5,grip
640288,2931,n5,grip
640290,2928,n5,grip
640292,2930,n5,grip
640294,2928,n5,grip
640296,2929,n5,grip
640298,2929,n5,grip
640300,2930,n5,grip
640302,2929,n5,grip
640304,2928,n5,grip
640306,2930,n5,grip
640308,2929,n5,grip
640310,2928,n5,grip
640312,2928,n5,grip
640314,2929,n5,grip
640316,2930,n5,grip
640318,2930,n5,grip
640320,2929,n5,grip
640322,2931,n5,grip
640324,2929,n5,grip
640326,2930,n5,grip
640328,2929,n5,grip
640330,2928,n5,grip
640332,2929,n5,grip
640334,2928,n5,grip
640336,2928,n5,grip
640338,2929,n5,grip
640340,2928,n5,grip
640342,2930,n5,grip
640344,2929,n5,grip
640346,2930,n5,grip
640348,2929,n5,grip
640350,2931,n5,grip
640352,2930,n5,grip
640354,2930,n5,grip
640356,2928,n5,grip
640358,2929,n5,grip
640360,2928,n5,grip
640362,2927,n5,grip
640364,2928,n5,grip
640366,2932,n5,grip
640368,2931,n5,grip
640370,2932,n5,grip
640372,2930,n5,grip
640374,2928,n5,grip
640376,2929,n5,grip
640378,2928,n5,grip
640380,2928,n5,grip
640382,2929,n5,grip
640384,2931,n5,grip
640386,2930,n5,grip
640388,2928,n5,grip
640390,2929,n5,grip
640392,2929,n5,grip
640394,2930,n5,grip
640396,2928,n5,grip
640398,2929,n5,grip
640400,2930,n5,grip
640402,2928,n5,grip
640404,2929,n5,grip
640406,2929,n5,grip
640408,2928,n5,grip
640410,2929,n5,grip
640412,2930,n5,grip
640414,2928,n5,grip
640416,2929,n5,grip
640418,2928,n5,grip
640420,2931,n5,grip
640422,2928,n5,grip
640424,2928,n5,grip
640426,2929,n5,grip
640428,2928,n5,grip
640430,2928,n5,grip
640432,2928,n5,grip
640434,2931,n5,grip
640436,2931,n5,grip
640438,2929,n5,grip
640440,2930,n5,grip
640442,2928,n5,grip
640444,2928,n5,grip
640446,2928,n5,grip
640448,2931,n5,grip
640450,2929,n5,grip
640452,2928,n5,grip
640454,2929,n5,grip
640456,2929,n5,grip
640458,2929,n5,grip
640460,2928,n5,grip
640462,2928,n5,grip
640464,2929,n5,grip
640466,2930,n5,grip
640468,2928,n5,grip
640470,2930,n5,grip
640472,2930,n5,grip
640474,2928,n5,grip
640476,2929,n5,grip
640478,2929,n5,grip
640480,2929,n5,grip
640482,2929,n5,grip
640484,2929,n5,grip
640486,2930,n5,grip
640488,2929,n5,grip
640490,2928,n5,grip
640492,2928,n5,grip
640494,2930,n5,grip
640496,2929,n5,grip
640498,2930,n5,grip
640500,2929,n5,grip
640502,2929,n5,grip
640504,2929,n5,grip
640506,2930,n5,grip
640508,2929,n5,grip
640510,2930,n5,grip
640512,2929,n5,grip
640514,2928,n5,grip
640516,2930,n5,grip
640518,2928,n5,grip
640520,2931,n5,grip
640522,2928,n5,grip
640524,2928,n5,grip
640526,2928,n5,grip
640528,2928,n5,grip
640530,2929,n5,grip
640532,2930,n5,grip
640534,2929,n5,grip
640536,2930,n5,grip
640538,2928,n5,grip
640540,2928,n5,grip
640542,2928,n5,grip
640544,2928,n5,grip
640546,2929,n5,grip
654566,868,n5,grip
654568,830,n5,grip
654570,816,n5,grip
654572,786,n5,grip
654574,772,n5,grip
654576,743,n5,grip
654578,722,n5,grip
654580,709,n5,grip
654582,704,n5,grip
654584,718,n5,grip
654586,726,n5,grip
654588,739,n5,grip
654590,768,n5,grip
654592,807,n5,grip
654594,801,n5,grip
654596,779,n5,grip
654598,775,n5,grip
654600,751,n5,grip
654602,714,n5,grip
654604,701,n5,grip
654606,709,n5,grip
654608,719,n5,grip
654610,727,n5,grip
654612,752,n5,grip
654614,752,n5,grip
654616,763,n5,grip
654618,775,n5,grip
654620,743,n5,grip
654622,767,n5,grip
654624,831,n5,grip
654626,806,n5,grip
654628,787,n5,grip
654630,757,n5,grip
654632,765,n5,grip
654634,755,n5,grip
654636,720,n5,grip
654638,689,n5,grip
654640,657,n5,grip
654642,656,n5,grip
654644,630,n5,grip
654646,622,n5,grip
654648,592,n5,grip
654650,566,n5,grip
654652,549,n5,grip
654654,573,n5,grip
654656,565,n5,grip
654658,544,n5,grip
654660,541,n5,grip
654662,541,n5,grip
654664,511,n5,grip
654666,530,n5,grip
654668,539,n5,grip
654670,604,n5,grip
654672,624,n5,grip
654674,640,n5,grip
654676,631,n5,grip
654678,658,n5,grip
654680,635,n5,grip
654682,607,n5,grip
654684,587,n5,grip
654686,560,n5,grip
654688,542,n5,grip
654690,529,n5,grip
654692,538,n5,grip
654694,511,n5,grip
654696,586,n5,grip
654698,624,n5,grip
654700,622,n5,grip
654702,606,n5,grip
654704,598,n5,grip
654706,574,n5,grip
654708,551,n5,grip
654710,542,n5,grip
654712,527,n5,grip
654714,503,n5,grip
654716,530,n5,grip
654718,548,n5,grip
654720,564,n5,grip
654722,628,n5,grip
654724,640,n5,grip
654726,611,n5,grip
654728,587,n5,grip
654730,560,n5,grip
654732,531,n5,grip
654734,533,n5,grip
654736,545,n5,grip
654738,561,n5,grip
654740,576,n5,grip
654742,582,n5,grip
654744,619,n5,grip
654746,716,n5,grip
654748,752,n5,grip
654750,747,n5,grip
654752,737,n5,grip
654754,715,n5,grip
654756,723,n5,grip
654758,709,n5,grip
654760,689,n5,grip
654762,676,n5,grip
654764,644,n5,grip
654766,651,n5,grip
654768,635,n5,grip
654770,624,n5,grip
654772,656,n5,grip
654774,658,n5,grip
654776,727,n5,grip
654778,779,n5,grip
654780,751,n5,grip
654782,740,n5,grip
654784,752,n5,grip
654786,758,n5,grip
654788,742,n5,grip
654790,719,n5,grip
654792,686,n5,grip
654794,656,n5,grip
654796,624,n5,grip
654798,594,n5,grip
654800,577,n5,grip
654802,597,n5,grip
654804,631,n5,grip
654806,651,n5,grip
654808,657,n5,grip
654810,642,n5,grip
654812,613,n5,grip
654814,614,n5,grip
654816,603,n5,grip
654818,643,n5,grip
654820,705,n5,grip
654822,704,n5,grip
654824,749,n5,grip
654826,805,n5,grip
654828,851,n5,grip
654830,844,n5,grip
654832,805,n5,grip
654834,771,n5,grip
654836,779,n5,grip
654838,789,n5,grip
654840,781,n5,grip
654842,752,n5,grip
654844,773,n5,grip
654846,741,n5,grip
654848,706,n5,grip
654850,682,n5,grip
654852,679,n5,grip
654854,680,n5,grip
654856,677,n5,grip
654858,686,n5,grip
654860,719,n5,grip
654862,692,n5,grip
654864,665,n5,grip
654866,643,n5,grip
654868,623,n5,grip
654870,609,n5,grip
654872,585,n5,grip
654874,566,n5,grip
654876,558,n5,grip
654878,538,n5,grip
654880,511,n5,grip
654882,507,n5,grip
654884,485,n5,grip
654886,488,n5,grip
654888,477,n5,grip
654890,464,n5,grip
654892,467,n5,grip
654894,467,n5,grip
654896,465,n5,grip
654898,466,n5,grip
654900,458,n5,grip
654902,490,n5,grip
654904,537,n5,grip
654906,511,n5,grip
654908,496,n5,grip
654910,496,n5,grip
654912,500,n5,grip
654914,491,n5,grip
654916,490,n5,grip
654918,464,n5,grip
654920,446,n5,grip
654922,478,n5,grip
654924,472,n5,grip
654926,468,n5,grip
654928,465,n5,grip
654930,462,n5,grip
654932,455,n5,grip
654934,459,n5,grip
654936,449,n5,grip
654938,428,n5,grip
654940,432,n5,grip
654942,432,n5,grip
654944,442,n5,grip
654946,435,n5,grip
654948,417,n5,grip
654950,436,n5,grip
654952,464,n5,grip
654954,451,n5,grip
654956,445,n5,grip
654958,496,n5,grip
654960,555,n5,grip
654962,533,n5,grip
654964,511,n5,grip
654966,487,n5,grip
654968,511,n5,grip
654970,530,n5,grip
654972,511,n5,grip
654974,576,n5,grip
654976,577,n5,grip
654978,591,n5,grip
654980,677,n5,grip
654982,666,n5,grip
654984,635,n5,grip
654986,639,n5,grip
654988,631,n5,grip
654990,640,n5,grip
654992,624,n5,grip
654994,592,n5,grip
654996,576,n5,grip
654998,549,n5,grip
655000,545,n5,grip
655002,534,n5,grip
655004,506,n5,grip
655006,511,n5,grip
655008,528,n5,grip
655010,505,n5,grip
655012,510,n5,grip
655014,529,n5,grip
655016,511,n5,grip
655018,528,n5,grip
655020,499,n5,grip
655022,483,n5,grip
655024,464,n5,grip
655026,471,n5,grip
655028,497,n5,grip
655030,544,n5,grip
655032,554,n5,grip
655034,576,n5,grip
655036,559,n5,grip
655038,560,n5,grip
655040,596,n5,grip
655042,595,n5,grip
655044,574,n5,grip
655046,565,n5,grip
655048,586,n5,grip
655050,573,n5,grip
655052,564,n5,grip
655054,541,n5,grip
655056,537,n5,grip
655058,576,n5,grip
655060,614,n5,grip
655062,611,n5,grip
655064,670,n5,grip
655066,659,n5,grip
655068,672,n5,grip
655070,657,n5,grip
655072,645,n5,grip
655074,683,n5,grip
655076,665,n5,grip
655078,659,n5,grip
655080,690,n5,grip
655082,686,n5,grip
655084,671,n5,grip
655086,662,n5,grip
655088,631,n5,grip
655090,608,n5,grip
655092,591,n5,grip
655094,567,n5,grip
655096,555,n5,grip
655098,566,n5,grip
655100,576,n5,grip
655102,571,n5,grip
655104,562,n5,grip
655106,573,n5,grip
655108,557,n5,grip
655110,530,n5,grip
655112,522,n5,grip
655114,538,n5,grip
655116,528,n5,grip
655118,540,n5,grip
655120,547,n5,grip
655122,563,n5,grip
655124,643,n5,grip
655126,637,n5,grip
655128,639,n5,grip
655130,623,n5,grip
655132,594,n5,grip
655134,594,n5,grip
655136,573,n5,grip
655138,544,n5,grip
655140,545,n5,grip
655142,523,n5,grip
655144,498,n5,grip
655146,496,n5,grip
655148,484,n5,grip
655150,506,n5,grip
655152,485,n5,grip
655154,466,n5,grip
655156,453,n5,grip
655158,477,n5,grip
655160,460,n5,grip
655162,456,n5,grip
655164,443,n5,grip
655166,432,n5,grip
655168,427,n5,grip
655170,417,n5,grip
655172,410,n5,grip
655174,417,n5,grip
655176,447,n5,grip
655178,451,n5,grip
655180,527,n5,grip
655182,500,n5,grip
655184,482,n5,grip
655186,459,n5,grip
655188,442,n5,grip
655190,423,n5,grip
655192,401,n5,grip
655194,383,n5,grip
655196,407,n5,grip
655198,394,n5,grip
655200,370,n5,grip
655202,388,n5,grip
655204,409,n5,grip
655206,389,n5,grip
655208,371,n5,grip
655210,351,n5,grip
655212,337,n5,grip
655214,338,n5,grip
655216,354,n5,grip
655218,354,n5,grip
655220,402,n5,grip
655222,438,n5,grip
655224,470,n5,grip
655226,459,n5,grip
655228,449,n5,grip
655230,430,n5,grip
655232,432,n5,grip
655234,441,n5,grip
655236,455,n5,grip
655238,471,n5,grip
655240,502,n5,grip
655242,538,n5,grip
655244,529,n5,grip
655246,498,n5,grip
655248,477,n5,grip
655250,486,n5,grip
655252,482,n5,grip
655254,466,n5,grip
655256,481,n5,grip
655258,496,n5,grip
655260,502,n5,grip
655262,497,n5,grip
655264,544,n5,grip
655266,598,n5,grip
655268,587,n5,grip
655270,622,n5,grip
655272,599,n5,grip
655274,587,n5,grip
655276,571,n5,grip
655278,545,n5,grip
655280,527,n5,grip
655282,511,n5,grip
655284,511,n5,grip
655286,543,n5,grip
655288,528,n5,grip
655290,557,n5,grip
655292,540,n5,grip
655294,525,n5,grip
655296,496,n5,grip
655298,487,n5,grip
655300,467,n5,grip
655302,447,n5,grip
655304,431,n5,grip
655306,483,n5,grip
655308,527,n5,grip
655310,501,n5,grip
655312,542,n5,grip
655314,591,n5,grip
655316,571,n5,grip
655318,592,n5,grip
655320,629,n5,grip
655322,608,n5,grip
655324,599,n5,grip
655326,576,n5,grip
655328,558,n5,grip
655330,538,n5,grip
655332,528,n5,grip
655334,505,n5,grip
655336,555,n5,grip
655338,551,n5,grip
655340,560,n5,grip
655342,557,n5,grip
655344,693,n5,grip
655346,778,n5,grip
655348,755,n5,grip
655350,752,n5,grip
655352,749,n5,grip
655354,748,n5,grip
655356,766,n5,grip
655358,782,n5,grip
655360,785,n5,grip
655362,839,n5,grip
655364,842,n5,grip
655366,803,n5,grip
655368,791,n5,grip
655370,816,n5,grip
655372,810,n5,grip
655374,821,n5,grip
655376,816,n5,grip
655378,789,n5,grip
655380,765,n5,grip
655382,751,n5,grip
655384,725,n5,grip
655386,698,n5,grip
655388,679,n5,grip
655390,663,n5,grip
655392,645,n5,grip
655394,614,n5,grip
655396,592,n5,grip
655398,560,n5,grip
655400,551,n5,grip
655402,548,n5,grip
655404,582,n5,grip
655406,626,n5,grip
655408,605,n5,grip
655410,577,n5,grip
655412,575,n5,grip
655414,565,n5,grip
655416,539,n5,grip
655418,566,n5,grip
655420,592,n5,grip
655422,578,n5,grip
655424,593,n5,grip
655426,658,n5,grip
655428,658,n5,grip
655430,644,n5,grip
655432,656,n5,grip
655434,624,n5,grip
655436,596,n5,grip
655438,583,n5,grip
655440,560,n5,grip
655442,555,n5,grip
655444,555,n5,grip
655446,562,n5,grip
655448,585,n5,grip
655450,569,n5,grip
655452,568,n5,grip
655454,561,n5,grip
655456,538,n5,grip
655458,526,n5,grip
655460,496,n5,grip
655462,470,n5,grip
655464,481,n5,grip
655466,479,n5,grip
655468,478,n5,grip
655470,464,n5,grip
655472,445,n5,grip
655474,443,n5,grip
655476,451,n5,grip
655478,453,n5,grip
655480,451,n5,grip
655482,464,n5,grip
655484,446,n5,grip
655486,464,n5,grip
655488,502,n5,grip
655490,485,n5,grip
655492,486,n5,grip
655494,534,n5,grip
655496,525,n5,grip
655498,511,n5,grip
655500,508,n5,grip
655502,481,n5,grip
655504,464,n5,grip
655506,464,n5,grip
655508,442,n5,grip
655510,423,n5,grip
655512,405,n5,grip
655514,411,n5,grip
655516,401,n5,grip
655518,390,n5,grip
655520,376,n5,grip
655522,363,n5,grip
655524,369,n5,grip
655526,367,n5,grip
655528,370,n5,grip
655530,386,n5,grip
655532,387,n5,grip
655534,655,n5,grip
655536,647,n5,grip
655538,966,n5,grip
655540,1199,n5,grip
655542,1453,n5,grip
655544,1675,n5,grip
655546,1826,n5,grip
655548,1954,n5,grip
655550,2112,n5,grip
655552,2226,n5,grip
655554,2316,n5,grip
655556,2409,n5,grip
655558,2485,n5,grip
655560,2559,n5,grip
655562,2640,n5,grip
655564,2706,n5,grip
655566,2788,n5,grip
655568,3167,n5,grip
655570,4095,n5,grip
655572,4095,n5,grip
655574,4095,n5,grip
655576,4095,n5,grip
655578,4095,n5,grip
655580,4095,n5,grip
655582,4095,n5,grip
655584,4095,n5,grip
655586,4095,n5,grip
655588,4095,n5,grip
655590,4095,n5,grip
655592,4095,n5,grip
655594,4095,n5,grip
655596,4095,n5,grip
655598,4095,n5,grip
655600,3693,n5,grip
655602,3698,n5,grip
655604,3699,n5,grip
655606,3699,n5,grip
655608,3697,n5,grip
655610,3697,n5,grip
655612,3699,n5,grip
655614,3701,n5,grip
655616,3699,n5,grip
655618,3699,n5,grip
655620,3697,n5,grip
655622,3701,n5,grip
655624,3696,n5,grip
655626,3698,n5,grip
655628,3697,n5,grip
655630,3702,n5,grip
655632,3698,n5,grip
655634,4095,n5,grip
655636,4095,n5,grip
655638,4095,n5,grip
655640,4095,n5,grip
655642,4095,n5,grip
655644,4095,n5,grip
655646,4095,n5,grip
655648,4095,n5,grip
655650,4095,n5,grip
655652,4095,n5,grip
655654,4095,n5,grip
655656,4095,n5,grip
655658,4077,n5,grip
655660,4071,n5,grip
655662,4068,n5,grip
655664,4046,n5,grip
655666,4030,n5,grip
655668,4009,n5,grip
655670,4005,n5,grip
655672,4006,n5,grip
655674,3998,n5,grip
655676,4004,n5,grip
655678,3959,n5,grip
655680,3952,n5,grip
655682,3887,n5,grip
655684,3831,n5,grip
655686,3810,n5,grip
655688,3805,n5,grip
655690,3798,n5,grip
655692,3761,n5,grip
655694,3763,n5,grip
655696,3728,n5,grip
655698,3724,n5,grip
655700,3712,n5,grip
655702,3497,n5,grip
655704,3248,n5,grip
655706,3059,n5,grip
655708,2955,n5,grip
655710,2813,n5,grip
655712,2682,n5,grip
655714,2559,n5,grip
655716,2455,n5,grip
655718,2352,n5,grip
655720,2258,n5,grip
655722,2160,n5,grip
655724,2067,n5,grip
655726,1978,n5,grip
655728,1902,n5,grip
655730,1822,n5,grip
655732,1746,n5,grip
655734,1683,n5,grip
655736,1614,n5,grip
655738,1535,n5,grip
655740,1482,n5,grip
655742,1458,n5,grip
655744,1421,n5,grip
655746,1381,n5,grip
655748,1343,n5,grip
655750,1294,n5,grip
655752,1277,n5,grip
655754,1227,n5,grip
655756,1201,n5,grip
655758,1166,n5,grip
655760,1162,n5,grip
655762,1117,n5,grip
655764,1098,n5,grip
655766,1072,n5,grip
655768,1035,n5,grip
655770,981,n5,grip
655772,943,n5,grip
655774,913,n5,grip
655776,890,n5,grip
655778,858,n5,grip
655780,832,n5,grip
655782,821,n5,grip
655784,801,n5,grip
655786,767,n5,grip
655788,734,n5,grip
655790,720,n5,grip
655792,715,n5,grip
655794,690,n5,grip
655796,674,n5,grip
655798,659,n5,grip
655800,640,n5,grip
655802,614,n5,grip
655804,589,n5,grip
655806,594,n5,grip
655808,590,n5,grip
655810,566,n5,grip
655812,551,n5,grip
655814,549,n5,grip
655816,534,n5,grip
655818,587,n5,grip
655820,618,n5,grip
655822,656,n5,grip
655824,640,n5,grip
655826,650,n5,grip
655828,688,n5,grip
655830,683,n5,grip
655832,700,n5,grip
655834,687,n5,grip
655836,679,n5,grip
655838,723,n5,grip
655840,782,n5,grip
655842,766,n5,grip
655844,786,n5,grip
655846,832,n5,grip
655848,848,n5,grip
655850,897,n5,grip
655852,903,n5,grip
655854,862,n5,grip
655856,822,n5,grip
655858,784,n5,grip
655860,752,n5,grip
655862,720,n5,grip
655864,707,n5,grip
655866,688,n5,grip
655868,678,n5,grip
655870,656,n5,grip
655872,639,n5,grip
655874,649,n5,grip
655876,634,n5,grip
655878,672,n5,grip
655880,656,n5,grip
655882,624,n5,grip
655884,623,n5,grip
655886,593,n5,grip
655888,566,n5,grip
655890,564,n5,grip
655892,594,n5,grip
655894,601,n5,grip
655896,593,n5,grip
655898,612,n5,grip
655900,634,n5,grip
655902,628,n5,grip
655904,625,n5,grip
655906,621,n5,grip
655908,611,n5,grip
655910,659,n5,grip
655912,703,n5,grip
655914,693,n5,grip
655916,734,n5,grip
655918,819,n5,grip
655920,799,n5,grip
655922,773,n5,grip
655924,753,n5,grip
655926,759,n5,grip
655928,770,n5,grip
655930,723,n5,grip
655932,705,n5,grip
655934,704,n5,grip
655936,699,n5,grip
655938,670,n5,grip
655940,657,n5,grip
655942,643,n5,grip
655944,643,n5,grip
655946,628,n5,grip
655948,661,n5,grip
655950,693,n5,grip
655952,691,n5,grip
655954,667,n5,grip
655956,656,n5,grip
655958,637,n5,grip
655960,605,n5,grip
655962,591,n5,grip
655964,610,n5,grip
655966,631,n5,grip
655968,656,n5,grip
655970,731,n5,grip
655972,1233,n5,grip
655974,1495,n5,grip
655976,1706,n5,grip
655978,1866,n5,grip
655980,1998,n5,grip
655982,2127,n5,grip
655984,2225,n5,grip
655986,2343,n5,grip
655988,2450,n5,grip
655990,945,n5,grip
655992,1166,n5,grip
655994,1113,n5,grip
655996,1075,n5,grip
655998,1022,n5,grip
656000,1017,n5,grip
656002,1009,n5,grip
656004,1001,n5,grip
656006,978,n5,grip
656008,944,n5,grip
656010,903,n5,grip
656012,866,n5,grip
656014,837,n5,grip
656016,804,n5,grip
656018,816,n5,grip
656020,800,n5,grip
656022,787,n5,grip
656024,778,n5,grip
656026,756,n5,grip
656028,758,n5,grip
656030,729,n5,grip
656032,726,n5,grip
656034,741,n5,grip
656036,731,n5,grip
656038,704,n5,grip
656040,683,n5,grip
656042,672,n5,grip
656044,656,n5,grip
656046,669,n5,grip
656048,669,n5,grip
656050,651,n5,grip
656052,624,n5,grip
656054,613,n5,grip
656056,592,n5,grip
656058,579,n5,grip
656060,555,n5,grip
656062,563,n5,grip
656064,575,n5,grip
656066,574,n5,grip
656068,591,n5,grip
656070,587,n5,grip
656072,564,n5,grip
656074,544,n5,grip
656076,511,n5,grip
656078,496,n5,grip
656080,474,n5,grip
656082,465,n5,grip
656084,485,n5,grip
656086,511,n5,grip
656088,511,n5,grip
656090,502,n5,grip
656092,481,n5,grip
656094,455,n5,grip
656096,464,n5,grip
656098,486,n5,grip
656100,505,n5,grip
656102,499,n5,grip
656104,560,n5,grip
656106,566,n5,grip
656108,570,n5,grip
656110,576,n5,grip
656112,573,n5,grip
656114,550,n5,grip
656116,551,n5,grip
656118,560,n5,grip
656120,550,n5,grip
656122,529,n5,grip
656124,533,n5,grip
656126,554,n5,grip
656128,637,n5,grip
656130,621,n5,grip
656132,595,n5,grip
656134,567,n5,grip
656136,548,n5,grip
656138,531,n5,grip
656140,523,n5,grip
656142,495,n5,grip
656144,485,n5,grip
656146,473,n5,grip
656148,457,n5,grip
656150,446,n5,grip
656152,435,n5,grip
656154,445,n5,grip
656156,454,n5,grip
656158,503,n5,grip
656160,481,n5,grip
656162,460,n5,grip
656164,459,n5,grip
656166,448,n5,grip
656168,436,n5,grip
656170,415,n5,grip
656172,399,n5,grip
656174,384,n5,grip
656176,372,n5,grip
656178,400,n5,grip
656180,406,n5,grip
656182,448,n5,grip
656184,451,n5,grip
656186,439,n5,grip
656188,445,n5,grip
656190,441,n5,grip
656192,439,n5,grip
656194,434,n5,grip
656196,433,n5,grip
656198,427,n5,grip
656200,417,n5,grip
656202,418,n5,grip
656204,431,n5,grip
656206,446,n5,grip
656208,426,n5,grip
656210,420,n5,grip
656212,435,n5,grip
656214,419,n5,grip
656216,411,n5,grip
656218,417,n5,grip
656220,420,n5,grip
656222,415,n5,grip
656224,428,n5,grip
656226,405,n5,grip
656228,401,n5,grip
656230,421,n5,grip
656232,448,n5,grip
656234,443,n5,grip
656236,434,n5,grip
656238,464,n5,grip
656240,579,n5,grip
656242,634,n5,grip
656244,629,n5,grip
656246,617,n5,grip
656248,613,n5,grip
656250,587,n5,grip
656252,570,n5,grip
656254,576,n5,grip
656256,558,n5,grip
656258,549,n5,grip
656260,528,n5,grip
656262,498,n5,grip
656264,491,n5,grip
656266,464,n5,grip
656268,462,n5,grip
656270,496,n5,grip
656272,481,n5,grip
656274,467,n5,grip
656276,452,n5,grip
656278,451,n5,grip
656280,437,n5,grip
656282,432,n5,grip
656284,433,n5,grip
656286,426,n5,grip
656288,417,n5,grip
656290,400,n5,grip
656292,403,n5,grip
656294,464,n5,grip
656296,495,n5,grip
656298,509,n5,grip
656300,545,n5,grip
656302,575,n5,grip
656304,579,n5,grip
656306,555,n5,grip
656308,527,n5,grip
656310,525,n5,grip
656312,511,n5,grip
656314,541,n5,grip
656316,619,n5,grip
656318,640,n5,grip
656320,621,n5,grip
656322,641,n5,grip
656324,623,n5,grip
656326,721,n5,grip
656328,714,n5,grip
656330,758,n5,grip
656332,965,n5,grip
656334,1087,n5,grip
656336,1104,n5,grip
656338,1059,n5,grip
656340,1023,n5,grip
656342,985,n5,grip
656344,944,n5,grip
656346,924,n5,grip
656348,907,n5,grip
656350,892,n5,grip
656352,878,n5,grip
656354,867,n5,grip
656356,867,n5,grip
656358,857,n5,grip
656360,858,n5,grip
656362,854,n5,grip
656364,825,n5,grip
656366,797,n5,grip
656368,774,n5,grip
656370,756,n5,grip
656372,822,n5,grip
656374,903,n5,grip
656376,910,n5,grip
656378,903,n5,grip
656380,859,n5,grip
656382,820,n5,grip
656384,816,n5,grip
656386,829,n5,grip
656388,819,n5,grip
656390,816,n5,grip
656392,801,n5,grip
656394,767,n5,grip
656396,731,n5,grip
656398,722,n5,grip
656400,726,n5,grip
656402,705,n5,grip
656404,713,n5,grip
656406,737,n5,grip
656408,719,n5,grip
656410,735,n5,grip
656412,776,n5,grip
656414,769,n5,grip
656416,732,n5,grip
656418,717,n5,grip
656420,727,n5,grip
656422,742,n5,grip
656424,734,n5,grip
656426,708,n5,grip
656428,699,n5,grip
656430,683,n5,grip
656432,700,n5,grip
656434,709,n5,grip
656436,684,n5,grip
656438,658,n5,grip
656440,629,n5,grip
656442,608,n5,grip
656444,587,n5,grip
656446,560,n5,grip
656448,537,n5,grip
656450,508,n5,grip
656452,509,n5,grip
656454,528,n5,grip
656456,540,n5,grip
656458,576,n5,grip
656460,595,n5,grip
656462,615,n5,grip
656464,592,n5,grip
656466,573,n5,grip
656468,594,n5,grip
656470,597,n5,grip
656472,574,n5,grip
656474,565,n5,grip
656476,590,n5,grip
656478,608,n5,grip
656480,633,n5,grip
656482,635,n5,grip
656484,623,n5,grip
656486,597,n5,grip
656488,591,n5,grip
656490,576,n5,grip
656492,581,n5,grip
656494,611,n5,grip
656496,624,n5,grip
656498,630,n5,grip
656500,619,n5,grip
656502,601,n5,grip
656504,581,n5,grip
656506,554,n5,grip
656508,537,n5,grip
656510,511,n5,grip
656512,498,n5,grip
656514,483,n5,grip
656516,481,n5,grip
656518,463,n5,grip
656520,443,n5,grip
656522,421,n5,grip
656524,417,n5,grip
656526,419,n5,grip
656528,400,n5,grip
656530,384,n5,grip
656532,387,n5,grip
656534,397,n5,grip
656536,385,n5,grip
656538,368,n5,grip
656540,357,n5,grip
656542,338,n5,grip
656544,365,n5,grip
656546,355,n5,grip
656548,401,n5,grip
656550,450,n5,grip
656552,534,n5,grip
656554,566,n5,grip
656556,570,n5,grip
656558,545,n5,grip
656560,535,n5,grip
656562,544,n5,grip
656564,562,n5,grip
656566,587,n5,grip
656568,598,n5,grip
656570,605,n5,grip
656572,628,n5,grip
656574,619,n5,grip
656576,632,n5,grip
656578,677,n5,grip
656580,656,n5,grip
656582,670,n5,grip
656584,670,n5,grip
656586,631,n5,grip
656588,619,n5,grip
656590,617,n5,grip
656592,624,n5,grip
656594,619,n5,grip
656596,640,n5,grip
656598,667,n5,grip
656600,653,n5,grip
656602,632,n5,grip
656604,604,n5,grip
656606,589,n5,grip
656608,562,n5,grip
656610,540,n5,grip
656612,505,n5,grip
656614,528,n5,grip
656616,546,n5,grip
656618,511,n5,grip
656620,496,n5,grip
656622,489,n5,grip
656624,502,n5,grip
656626,495,n5,grip
656628,471,n5,grip
656630,469,n5,grip
656632,467,n5,grip
656634,456,n5,grip
656636,451,n5,grip
656638,478,n5,grip
656640,529,n5,grip
656642,583,n5,grip
656644,643,n5,grip
656646,624,n5,grip
656648,635,n5,grip
656650,656,n5,grip
656652,649,n5,grip
656654,622,n5,grip
656656,635,n5,grip
656658,693,n5,grip
656660,703,n5,grip
656662,671,n5,grip
656664,703,n5,grip
656666,706,n5,grip
656668,688,n5,grip
656670,697,n5,grip
656672,699,n5,grip
656674,686,n5,grip
656676,679,n5,grip
656678,669,n5,grip
656680,695,n5,grip
656682,674,n5,grip
656684,673,n5,grip
656686,720,n5,grip
656688,723,n5,grip
656690,688,n5,grip
656692,658,n5,grip
656694,694,n5,grip
656696,720,n5,grip
656698,711,n5,grip
656700,722,n5,grip
656702,708,n5,grip
656704,699,n5,grip
656706,742,n5,grip
656708,815,n5,grip
656710,784,n5,grip
656712,785,n5,grip
656714,801,n5,grip
656716,785,n5,grip
656718,751,n5,grip
656720,723,n5,grip
656722,731,n5,grip
656724,721,n5,grip
656726,702,n5,grip
656728,674,n5,grip
656730,647,n5,grip
656732,621,n5,grip
656734,608,n5,grip
656736,635,n5,grip
656738,641,n5,grip
656740,634,n5,grip
656742,615,n5,grip
656744,647,n5,grip
656746,662,n5,grip
656748,652,n5,grip
656750,657,n5,grip
656752,641,n5,grip
656754,638,n5,grip
656756,621,n5,grip
656758,601,n5,grip
656760,590,n5,grip
656762,560,n5,grip
656764,539,n5,grip
656766,528,n5,grip
656768,529,n5,grip
656770,550,n5,grip
656772,550,n5,grip
656774,532,n5,grip
656776,556,n5,grip
656778,554,n5,grip
656780,532,n5,grip
656782,511,n5,grip
656784,511,n5,grip
656786,538,n5,grip
656788,549,n5,grip
656790,541,n5,grip
656792,544,n5,grip
656794,525,n5,grip
656796,501,n5,grip
656798,484,n5,grip
656800,465,n5,grip
656802,493,n5,grip
656804,479,n5,grip
656806,475,n5,grip
656808,481,n5,grip
656810,486,n5,grip
656812,498,n5,grip
656814,486,n5,grip
656816,543,n5,grip
656818,555,n5,grip
656820,540,n5,grip
656822,534,n5,grip
656824,529,n5,grip
656826,580,n5,grip
656828,608,n5,grip
656830,594,n5,grip
656832,624,n5,grip
656834,625,n5,grip
656836,602,n5,grip
656838,592,n5,grip
656840,612,n5,grip
656842,589,n5,grip
656844,561,n5,grip
656846,541,n5,grip
656848,555,n5,grip
656850,541,n5,grip
656852,544,n5,grip
656854,561,n5,grip
656856,565,n5,grip
656858,547,n5,grip
656860,544,n5,grip
656862,525,n5,grip
656864,528,n5,grip
656866,528,n5,grip
656868,564,n5,grip
656870,560,n5,grip
656872,555,n5,grip
656874,569,n5,grip
656876,560,n5,grip
656878,567,n5,grip
656880,588,n5,grip
656882,622,n5,grip
656884,611,n5,grip
656886,679,n5,grip
656888,681,n5,grip
656890,706,n5,grip
656892,704,n5,grip
656894,680,n5,grip
656896,659,n5,grip
656898,662,n5,grip
656900,709,n5,grip
656902,721,n5,grip
656904,711,n5,grip
656906,679,n5,grip
656908,650,n5,grip
656910,656,n5,grip
656912,669,n5,grip
656914,653,n5,grip
656916,640,n5,grip
656918,615,n5,grip
656920,606,n5,grip
656922,650,n5,grip
656924,698,n5,grip
656926,684,n5,grip
656928,711,n5,grip
656930,761,n5,grip
656932,784,n5,grip
656934,771,n5,grip
656936,774,n5,grip
656938,738,n5,grip
656940,706,n5,grip
656942,677,n5,grip
656944,652,n5,grip
656946,634,n5,grip
656948,619,n5,grip
656950,592,n5,grip
656952,599,n5,grip
656954,592,n5,grip
656956,590,n5,grip
656958,599,n5,grip
656960,576,n5,grip
656962,567,n5,grip
656964,544,n5,grip
656966,528,n5,grip
656968,511,n5,grip
656970,528,n5,grip
656972,523,n5,grip
656974,505,n5,grip
656976,490,n5,grip
656978,480,n5,grip
656980,485,n5,grip
656982,496,n5,grip
656984,503,n5,grip
656986,582,n5,grip
656988,593,n5,grip
656990,577,n5,grip
656992,557,n5,grip
656994,528,n5,grip
656996,503,n5,grip
656998,496,n5,grip
657000,502,n5,grip
657002,485,n5,grip
657004,479,n5,grip
657006,479,n5,grip
657008,478,n5,grip
657010,465,n5,grip
657012,464,n5,grip
657014,459,n5,grip
657016,450,n5,grip
657018,445,n5,grip
657020,464,n5,grip
657022,468,n5,grip
657024,498,n5,grip
657026,530,n5,grip
657028,545,n5,grip
657030,562,n5,grip
657032,558,n5,grip
657034,537,n5,grip
657036,545,n5,grip
657038,579,n5,grip
657040,583,n5,grip
657042,560,n5,grip
657044,551,n5,grip
657046,554,n5,grip
657048,548,n5,grip
657050,563,n5,grip
657052,586,n5,grip
657054,576,n5,grip
657056,587,n5,grip
657058,567,n5,grip
657060,543,n5,grip
657062,511,n5,grip
657064,495,n5,grip
657066,477,n5,grip
657068,490,n5,grip
657070,474,n5,grip
657072,480,n5,grip
657074,469,n5,grip
657076,452,n5,grip
657078,434,n5,grip
657080,413,n5,grip
657082,414,n5,grip
657084,417,n5,grip
657086,455,n5,grip
657088,482,n5,grip
657090,505,n5,grip
657092,529,n5,grip
657094,537,n5,grip
657096,525,n5,grip
657098,533,n5,grip
657100,510,n5,grip
657102,511,n5,grip
657104,535,n5,grip
657106,511,n5,grip
657108,529,n5,grip
657110,557,n5,grip
657112,543,n5,grip
657114,527,n5,grip
657116,527,n5,grip
657118,511,n5,grip
657120,555,n5,grip
657122,595,n5,grip
657124,597,n5,grip
657126,644,n5,grip
657128,633,n5,grip
657130,629,n5,grip
657132,643,n5,grip
657134,703,n5,grip
657136,695,n5,grip
657138,694,n5,grip
657140,783,n5,grip
657142,791,n5,grip
657144,772,n5,grip
657146,755,n5,grip
657148,747,n5,grip
657150,716,n5,grip
657152,687,n5,grip
657154,683,n5,grip
657156,689,n5,grip
657158,667,n5,grip
657160,687,n5,grip
657162,698,n5,grip
657164,679,n5,grip
657166,675,n5,grip
657168,673,n5,grip
657170,667,n5,grip
657172,636,n5,grip
657174,611,n5,grip
657176,592,n5,grip
657178,610,n5,grip
657180,617,n5,grip
657182,631,n5,grip
657184,639,n5,grip
657186,686,n5,grip
657188,666,n5,grip
657190,656,n5,grip
657192,640,n5,grip
657194,629,n5,grip
657196,613,n5,grip
657198,583,n5,grip
657200,562,n5,grip
657202,576,n5,grip
657204,560,n5,grip
657206,530,n5,grip
657208,509,n5,grip
657210,497,n5,grip
657212,485,n5,grip
657214,493,n5,grip
657216,493,n5,grip
657218,511,n5,grip
657220,511,n5,grip
657222,540,n5,grip
657224,525,n5,grip
657226,533,n5,grip
657228,511,n5,grip
657230,499,n5,grip
657232,487,n5,grip
657234,469,n5,grip
657236,499,n5,grip
657238,538,n5,grip
657240,547,n5,grip
657242,511,n5,grip
657244,492,n5,grip
657246,466,n5,grip
657248,449,n5,grip
657250,448,n5,grip
657252,431,n5,grip
657254,426,n5,grip
657256,421,n5,grip
657258,413,n5,grip
657260,411,n5,grip
657262,395,n5,grip
657264,375,n5,grip
657266,379,n5,grip
657268,403,n5,grip
657270,407,n5,grip
657272,400,n5,grip
657274,405,n5,grip
657276,393,n5,grip
657278,403,n5,grip
657280,466,n5,grip
657282,470,n5,grip
657284,494,n5,grip
657286,558,n5,grip
657288,571,n5,grip
657290,566,n5,grip
657292,557,n5,grip
657294,592,n5,grip
657296,565,n5,grip
657298,565,n5,grip
657300,560,n5,grip
657302,539,n5,grip
657304,527,n5,grip
657306,528,n5,grip
657308,511,n5,grip
657310,506,n5,grip
657312,502,n5,grip
657314,511,n5,grip
657316,511,n5,grip
657318,505,n5,grip
657320,482,n5,grip
657322,470,n5,grip
657324,450,n5,grip
657326,435,n5,grip
657328,418,n5,grip
657330,428,n5,grip
657332,422,n5,grip
657334,458,n5,grip
657336,453,n5,grip
657338,461,n5,grip
657340,449,n5,grip
657342,433,n5,grip
657344,425,n5,grip
657346,497,n5,grip
657348,567,n5,grip
657350,579,n5,grip
657352,635,n5,grip
657354,635,n5,grip
657356,610,n5,grip
657358,590,n5,grip
657360,649,n5,grip
657362,629,n5,grip
657364,606,n5,grip
657366,576,n5,grip
657368,550,n5,grip
657370,545,n5,grip
657372,541,n5,grip
657374,562,n5,grip
657376,589,n5,grip
657378,625,n5,grip
657380,617,n5,grip
657382,639,n5,grip
657384,639,n5,grip
657386,619,n5,grip
657388,592,n5,grip
657390,575,n5,grip
657392,579,n5,grip
657394,560,n5,grip
657396,560,n5,grip
657398,555,n5,grip
657400,538,n5,grip
657402,509,n5,grip
657404,509,n5,grip
657406,529,n5,grip
657408,529,n5,grip
657410,511,n5,grip
657412,511,n5,grip
657414,495,n5,grip
657416,475,n5,grip
657418,465,n5,grip
657420,496,n5,grip
657422,525,n5,grip
657424,535,n5,grip
657426,547,n5,grip
657428,583,n5,grip
657430,570,n5,grip
657432,560,n5,grip
657434,621,n5,grip
657436,617,n5,grip
657438,592,n5,grip
657440,573,n5,grip
657442,592,n5,grip
657444,642,n5,grip
657446,710,n5,grip
657448,743,n5,grip
657450,783,n5,grip
657452,823,n5,grip
657454,847,n5,grip
657456,880,n5,grip
657458,863,n5,grip
657460,834,n5,grip
657462,824,n5,grip
657464,815,n5,grip
657466,777,n5,grip
657468,764,n5,grip
657470,733,n5,grip
657472,714,n5,grip
657474,701,n5,grip
657476,707,n5,grip
657478,694,n5,grip
657480,710,n5,grip
657482,695,n5,grip
657484,669,n5,grip
657486,655,n5,grip
657488,645,n5,grip
657490,621,n5,grip
657492,589,n5,grip
657494,592,n5,grip
657496,599,n5,grip
657498,579,n5,grip
657500,560,n5,grip
657502,569,n5,grip
657504,574,n5,grip
657506,601,n5,grip
657508,618,n5,grip
657510,629,n5,grip
657512,610,n5,grip
657514,595,n5,grip
657516,578,n5,grip
657518,594,n5,grip
657520,662,n5,grip
657522,647,n5,grip
657524,617,n5,grip
657526,605,n5,grip
657528,601,n5,grip
657530,610,n5,grip
657532,703,n5,grip
657534,733,n5,grip
657536,774,n5,grip
657538,844,n5,grip
657540,894,n5,grip
657542,903,n5,grip
657544,949,n5,grip
657546,959,n5,grip
657548,937,n5,grip
657550,942,n5,grip
657552,931,n5,grip
657554,911,n5,grip
657556,898,n5,grip
657558,868,n5,grip
657560,859,n5,grip
671582,510,n5,grip
671584,490,n5,grip
671586,502,n5,grip
671588,549,n5,grip
671590,540,n5,grip
671592,640,n5,grip
671594,769,n5,grip
671596,748,n5,grip
671598,720,n5,grip
671600,688,n5,grip
671602,656,n5,grip
671604,639,n5,grip
671606,624,n5,grip
671608,596,n5,grip
671610,617,n5,grip
671612,620,n5,grip
671614,622,n5,grip
671616,640,n5,grip
671618,635,n5,grip
671620,608,n5,grip
671622,583,n5,grip
671624,570,n5,grip
671626,546,n5,grip
671628,535,n5,grip
671630,528,n5,grip
671632,511,n5,grip
671634,530,n5,grip
671636,503,n5,grip
671638,492,n5,grip
671640,471,n5,grip
671642,473,n5,grip
671644,477,n5,grip
671646,464,n5,grip
671648,479,n5,grip
671650,462,n5,grip
671652,475,n5,grip
671654,481,n5,grip
671656,553,n5,grip
671658,560,n5,grip
671660,569,n5,grip
671662,603,n5,grip
671664,647,n5,grip
671666,647,n5,grip
671668,628,n5,grip
671670,614,n5,grip
671672,586,n5,grip
671674,560,n5,grip
671676,544,n5,grip
671678,555,n5,grip
671680,567,n5,grip
671682,546,n5,grip
671684,529,n5,grip
671686,501,n5,grip
671688,495,n5,grip
671690,481,n5,grip
671692,495,n5,grip
671694,477,n5,grip
671696,458,n5,grip
671698,472,n5,grip
671700,494,n5,grip
671702,486,n5,grip
671704,470,n5,grip
671706,464,n5,grip
671708,455,n5,grip
671710,442,n5,grip
671712,480,n5,grip
671714,499,n5,grip
671716,527,n5,grip
671718,563,n5,grip
671720,561,n5,grip
671722,541,n5,grip
671724,540,n5,grip
671726,511,n5,grip
671728,505,n5,grip
671730,504,n5,grip
671732,487,n5,grip
671734,482,n5,grip
671736,459,n5,grip
671738,471,n5,grip
671740,498,n5,grip
671742,478,n5,grip
671744,448,n5,grip
671746,432,n5,grip
671748,426,n5,grip
671750,410,n5,grip
671752,426,n5,grip
671754,434,n5,grip
671756,419,n5,grip
671758,409,n5,grip
671760,388,n5,grip
671762,368,n5,grip
671764,421,n5,grip
671766,505,n5,grip
671768,487,n5,grip
671770,534,n5,grip
671772,640,n5,grip
671774,655,n5,grip
671776,666,n5,grip
671778,663,n5,grip
671780,647,n5,grip
671782,632,n5,grip
671784,624,n5,grip
671786,608,n5,grip
671788,592,n5,grip
671790,581,n5,grip
671792,557,n5,grip
671794,529,n5,grip
671796,507,n5,grip
671798,494,n5,grip
671800,478,n5,grip
671802,486,n5,grip
671804,496,n5,grip
671806,475,n5,grip
671808,463,n5,grip
671810,464,n5,grip
671812,487,n5,grip
671814,490,n5,grip
671816,466,n5,grip
671818,492,n5,grip
671820,496,n5,grip
671822,471,n5,grip
671824,496,n5,grip
671826,503,n5,grip
671828,488,n5,grip
671830,511,n5,grip
671832,511,n5,grip
671834,496,n5,grip
671836,503,n5,grip
671838,507,n5,grip
671840,498,n5,grip
671842,546,n5,grip
671844,546,n5,grip
671846,537,n5,grip
671848,563,n5,grip
671850,598,n5,grip
671852,639,n5,grip
671854,628,n5,grip
671856,646,n5,grip
671858,655,n5,grip
671860,638,n5,grip
671862,665,n5,grip
671864,669,n5,grip
671866,654,n5,grip
671868,635,n5,grip
671870,609,n5,grip
671872,594,n5,grip
671874,572,n5,grip
671876,571,n5,grip
671878,575,n5,grip
671880,560,n5,grip
671882,549,n5,grip
671884,535,n5,grip
671886,502,n5,grip
671888,541,n5,grip
671890,576,n5,grip
671892,574,n5,grip
671894,653,n5,grip
671896,677,n5,grip
671898,682,n5,grip
671900,656,n5,grip
671902,642,n5,grip
671904,637,n5,grip
671906,669,n5,grip
671908,689,n5,grip
671910,682,n5,grip
671912,688,n5,grip
671914,766,n5,grip
671916,758,n5,grip
671918,752,n5,grip
671920,732,n5,grip
671922,709,n5,grip
671924,706,n5,grip
671926,681,n5,grip
671928,656,n5,grip
671930,651,n5,grip
671932,640,n5,grip
671934,618,n5,grip
671936,591,n5,grip
671938,574,n5,grip
671940,597,n5,grip
671942,588,n5,grip
671944,566,n5,grip
671946,540,n5,grip
671948,508,n5,grip
671950,527,n5,grip
671952,511,n5,grip
671954,511,n5,grip
671956,560,n5,grip
671958,594,n5,grip
671960,593,n5,grip
671962,599,n5,grip
671964,626,n5,grip
671966,656,n5,grip
671968,648,n5,grip
671970,637,n5,grip
671972,619,n5,grip
671974,598,n5,grip
671976,577,n5,grip
671978,596,n5,grip
671980,589,n5,grip
671982,592,n5,grip
671984,603,n5,grip
671986,599,n5,grip
671988,612,n5,grip
671990,645,n5,grip
671992,635,n5,grip
671994,622,n5,grip
671996,626,n5,grip
671998,641,n5,grip
672000,640,n5,grip
672002,615,n5,grip
672004,603,n5,grip
672006,597,n5,grip
672008,603,n5,grip
672010,667,n5,grip
672012,798,n5,grip
672014,827,n5,grip
672016,818,n5,grip
672018,848,n5,grip
672020,855,n5,grip
672022,830,n5,grip
672024,847,n5,grip
672026,807,n5,grip
672028,768,n5,grip
672030,733,n5,grip
672032,707,n5,grip
672034,688,n5,grip
672036,659,n5,grip
672038,645,n5,grip
672040,622,n5,grip
672042,594,n5,grip
672044,614,n5,grip
672046,626,n5,grip
672048,607,n5,grip
672050,594,n5,grip
672052,566,n5,grip
672054,590,n5,grip
672056,606,n5,grip
672058,599,n5,grip
672060,587,n5,grip
672062,630,n5,grip
672064,611,n5,grip
672066,609,n5,grip
672068,593,n5,grip
672070,592,n5,grip
672072,695,n5,grip
672074,727,n5,grip
672076,752,n5,grip
672078,831,n5,grip
672080,835,n5,grip
672082,796,n5,grip
672084,822,n5,grip
672086,857,n5,grip
672088,842,n5,grip
672090,912,n5,grip
672092,971,n5,grip
672094,979,n5,grip
672096,944,n5,grip
672098,934,n5,grip
672100,901,n5,grip
672102,879,n5,grip
672104,839,n5,grip
672106,829,n5,grip
672108,817,n5,grip
672110,845,n5,grip
672112,866,n5,grip
672114,880,n5,grip
672116,865,n5,grip
672118,854,n5,grip
672120,850,n5,grip
672122,869,n5,grip
672124,833,n5,grip
672126,798,n5,grip
672128,801,n5,grip
672130,829,n5,grip
672132,871,n5,grip
672134,888,n5,grip
672136,968,n5,grip
672138,944,n5,grip
672140,925,n5,grip
672142,907,n5,grip
672144,894,n5,grip
672146,892,n5,grip
672148,870,n5,grip
672150,858,n5,grip
672152,848,n5,grip
672154,865,n5,grip
672156,848,n5,grip
672158,833,n5,grip
672160,816,n5,grip
672162,791,n5,grip
672164,783,n5,grip
672166,758,n5,grip
672168,761,n5,grip
672170,737,n5,grip
672172,717,n5,grip
672174,692,n5,grip
672176,663,n5,grip
672178,628,n5,grip
672180,653,n5,grip
672182,715,n5,grip
672184,721,n5,grip
672186,715,n5,grip
672188,758,n5,grip
672190,785,n5,grip
672192,799,n5,grip
672194,846,n5,grip
672196,834,n5,grip
672198,813,n5,grip
672200,785,n5,grip
672202,793,n5,grip
672204,779,n5,grip
672206,743,n5,grip
672208,720,n5,grip
672210,707,n5,grip
672212,706,n5,grip
672214,695,n5,grip
672216,687,n5,grip
672218,677,n5,grip
672220,699,n5,grip
672222,690,n5,grip
672224,694,n5,grip
672226,672,n5,grip
672228,656,n5,grip
672230,638,n5,grip
672232,639,n5,grip
672234,630,n5,grip
672236,624,n5,grip
672238,608,n5,grip
672240,597,n5,grip
672242,627,n5,grip
672244,636,n5,grip
672246,691,n5,grip
672248,796,n5,grip
672250,815,n5,grip
672252,781,n5,grip
672254,768,n5,grip
672256,784,n5,grip
672258,754,n5,grip
672260,730,n5,grip
672262,718,n5,grip
672264,688,n5,grip
672266,667,n5,grip
672268,643,n5,grip
672270,640,n5,grip
672272,640,n5,grip
672274,657,n5,grip
672276,663,n5,grip
672278,640,n5,grip
672280,642,n5,grip
672282,624,n5,grip
672284,613,n5,grip
672286,599,n5,grip
672288,577,n5,grip
672290,564,n5,grip
672292,564,n5,grip
672294,562,n5,grip
672296,547,n5,grip
672298,558,n5,grip
672300,549,n5,grip
672302,527,n5,grip
672304,526,n5,grip
672306,496,n5,grip
672308,495,n5,grip
672310,499,n5,grip
672312,510,n5,grip
672314,499,n5,grip
672316,511,n5,grip
672318,486,n5,grip
672320,506,n5,grip
672322,615,n5,grip
672324,656,n5,grip
672326,669,n5,grip
672328,670,n5,grip
672330,643,n5,grip
672332,626,n5,grip
672334,642,n5,grip
672336,622,n5,grip
672338,620,n5,grip
672340,619,n5,grip
672342,611,n5,grip
672344,620,n5,grip
672346,601,n5,grip
672348,613,n5,grip
672350,594,n5,grip
672352,595,n5,grip
672354,624,n5,grip
672356,614,n5,grip
672358,598,n5,grip
672360,591,n5,grip
672362,610,n5,grip
672364,604,n5,grip
672366,574,n5,grip
672368,554,n5,grip
672370,528,n5,grip
672372,505,n5,grip
672374,482,n5,grip
672376,464,n5,grip
672378,442,n5,grip
672380,433,n5,grip
672382,485,n5,grip
672384,494,n5,grip
672386,555,n5,grip
672388,592,n5,grip
672390,576,n5,grip
672392,575,n5,grip
672394,653,n5,grip
672396,707,n5,grip
672398,710,n5,grip
672400,720,n5,grip
672402,737,n5,grip
672404,784,n5,grip
672406,784,n5,grip
672408,848,n5,grip
672410,981,n5,grip
672412,962,n5,grip
672414,941,n5,grip
672416,944,n5,grip
672418,945,n5,grip
672420,924,n5,grip
672422,891,n5,grip
672424,865,n5,grip
672426,842,n5,grip
672428,814,n5,grip
672430,801,n5,grip
672432,770,n5,grip
672434,739,n5,grip
672436,704,n5,grip
672438,671,n5,grip
672440,697,n5,grip
672442,688,n5,grip
672444,699,n5,grip
672446,719,n5,grip
672448,716,n5,grip
672450,683,n5,grip
672452,656,n5,grip
672454,624,n5,grip
672456,613,n5,grip
672458,589,n5,grip
672460,563,n5,grip
672462,555,n5,grip
672464,528,n5,grip
672466,545,n5,grip
672468,528,n5,grip
672470,506,n5,grip
672472,529,n5,grip
672474,503,n5,grip
672476,485,n5,grip
672478,507,n5,grip
672480,560,n5,grip
672482,553,n5,grip
672484,575,n5,grip
672486,567,n5,grip
672488,555,n5,grip
672490,535,n5,grip
672492,525,n5,grip
672494,560,n5,grip
672496,586,n5,grip
672498,560,n5,grip
672500,550,n5,grip
672502,547,n5,grip
672504,640,n5,grip
672506,714,n5,grip
672508,719,n5,grip
672510,729,n5,grip
672512,727,n5,grip
672514,720,n5,grip
672516,694,n5,grip
672518,697,n5,grip
672520,679,n5,grip
672522,645,n5,grip
672524,630,n5,grip
672526,616,n5,grip
672528,590,n5,grip
672530,578,n5,grip
672532,577,n5,grip
672534,571,n5,grip
672536,582,n5,grip
672538,559,n5,grip
672540,544,n5,grip
672542,538,n5,grip
672544,510,n5,grip
672546,494,n5,grip
672548,479,n5,grip
672550,494,n5,grip
672552,496,n5,grip
672554,543,n5,grip
672556,570,n5,grip
672558,564,n5,grip
672560,549,n5,grip
672562,578,n5,grip
672564,612,n5,grip
672566,595,n5,grip
672568,588,n5,grip
672570,566,n5,grip
672572,542,n5,grip
672574,544,n5,grip
672576,548,n5,grip
672578,528,n5,grip
672580,511,n5,grip
672582,492,n5,grip
672584,471,n5,grip
672586,481,n5,grip
672588,470,n5,grip
672590,467,n5,grip
672592,464,n5,grip
672594,454,n5,grip
672596,483,n5,grip
672598,529,n5,grip
672600,553,n5,grip
672602,547,n5,grip
672604,553,n5,grip
672606,624,n5,grip
672608,624,n5,grip
672610,607,n5,grip
672612,591,n5,grip
672614,573,n5,grip
672616,563,n5,grip
672618,599,n5,grip
672620,596,n5,grip
672622,658,n5,grip
672624,646,n5,grip
672626,630,n5,grip
672628,606,n5,grip
672630,592,n5,grip
672632,565,n5,grip
672634,536,n5,grip
672636,525,n5,grip
672638,554,n5,grip
672640,560,n5,grip
672642,576,n5,grip
672644,583,n5,grip
672646,575,n5,grip
672648,548,n5,grip
672650,534,n5,grip
672652,551,n5,grip
672654,577,n5,grip
672656,561,n5,grip
672658,537,n5,grip
672660,529,n5,grip
672662,508,n5,grip
672664,528,n5,grip
672666,528,n5,grip
672668,496,n5,grip
672670,496,n5,grip
672672,531,n5,grip
672674,525,n5,grip
672676,501,n5,grip
672678,482,n5,grip
672680,465,n5,grip
672682,491,n5,grip
672684,487,n5,grip
672686,485,n5,grip
672688,464,n5,grip
672690,457,n5,grip
672692,443,n5,grip
672694,454,n5,grip
672696,469,n5,grip
672698,457,n5,grip
672700,448,n5,grip
672702,499,n5,grip
672704,560,n5,grip
672706,563,n5,grip
672708,563,n5,grip
672710,544,n5,grip
672712,528,n5,grip
672714,508,n5,grip
672716,486,n5,grip
672718,464,n5,grip
672720,464,n5,grip
672722,473,n5,grip
672724,482,n5,grip
672726,475,n5,grip
672728,462,n5,grip
672730,447,n5,grip
672732,432,n5,grip
672734,432,n5,grip
672736,433,n5,grip
672738,416,n5,grip
672740,415,n5,grip
672742,401,n5,grip
672744,440,n5,grip
672746,451,n5,grip
672748,431,n5,grip
672750,442,n5,grip
672752,430,n5,grip
672754,407,n5,grip
672756,399,n5,grip
672758,400,n5,grip
672760,465,n5,grip
672762,473,n5,grip
672764,464,n5,grip
672766,461,n5,grip
672768,443,n5,grip
672770,445,n5,grip
672772,450,n5,grip
672774,432,n5,grip
672776,462,n5,grip
672778,455,n5,grip
672780,448,n5,grip
672782,432,n5,grip
672784,417,n5,grip
672786,402,n5,grip
672788,386,n5,grip
672790,371,n5,grip
672792,357,n5,grip
672794,344,n5,grip
672796,365,n5,grip
672798,370,n5,grip
672800,355,n5,grip
672802,343,n5,grip
672804,345,n5,grip
672806,379,n5,grip
672808,407,n5,grip
672810,404,n5,grip
672812,415,n5,grip
672814,463,n5,grip
672816,509,n5,grip
672818,497,n5,grip
672820,497,n5,grip
672822,592,n5,grip
672824,631,n5,grip
672826,660,n5,grip
672828,705,n5,grip
672830,727,n5,grip
672832,702,n5,grip
672834,683,n5,grip
672836,659,n5,grip
672838,631,n5,grip
672840,613,n5,grip
672842,592,n5,grip
672844,648,n5,grip
672846,641,n5,grip
672848,639,n5,grip
672850,624,n5,grip
672852,598,n5,grip
672854,576,n5,grip
672856,579,n5,grip
672858,560,n5,grip
672860,533,n5,grip
672862,511,n5,grip
672864,507,n5,grip
672866,511,n5,grip
672868,560,n5,grip
672870,588,n5,grip
672872,583,n5,grip
672874,646,n5,grip
672876,687,n5,grip
672878,666,n5,grip
672880,704,n5,grip
672882,717,n5,grip
672884,691,n5,grip
672886,702,n5,grip
672888,688,n5,grip
672890,693,n5,grip
672892,719,n5,grip
672894,733,n5,grip
672896,735,n5,grip
672898,767,n5,grip
672900,806,n5,grip
672902,846,n5,grip
672904,837,n5,grip
672906,818,n5,grip
672908,780,n5,grip
672910,746,n5,grip
672912,754,n5,grip
672914,751,n5,grip
672916,728,n5,grip
672918,735,n5,grip
672920,759,n5,grip
672922,768,n5,grip
672924,780,n5,grip
672926,831,n5,grip
672928,825,n5,grip
672930,805,n5,grip
672932,787,n5,grip
672934,754,n5,grip
672936,730,n5,grip
672938,698,n5,grip
672940,679,n5,grip
672942,689,n5,grip
672944,687,n5,grip
672946,690,n5,grip
672948,707,n5,grip
672950,698,n5,grip
672952,665,n5,grip
672954,677,n5,grip
672956,679,n5,grip
672958,678,n5,grip
672960,667,n5,grip
672962,665,n5,grip
672964,645,n5,grip
672966,635,n5,grip
672968,634,n5,grip
672970,633,n5,grip
672972,673,n5,grip
672974,689,n5,grip
672976,690,n5,grip
672978,690,n5,grip
672980,691,n5,grip
672982,668,n5,grip
672984,709,n5,grip
672986,771,n5,grip
672988,779,n5,grip
672990,783,n5,grip
672992,802,n5,grip
672994,837,n5,grip
672996,821,n5,grip
672998,827,n5,grip
673000,878,n5,grip
673002,847,n5,grip
673004,825,n5,grip
673006,863,n5,grip
673008,880,n5,grip
673010,945,n5,grip
673012,951,n5,grip
673014,915,n5,grip
673016,918,n5,grip
673018,914,n5,grip
673020,880,n5,grip
673022,874,n5,grip
673024,841,n5,grip
673026,798,n5,grip
673028,759,n5,grip
673030,731,n5,grip
673032,702,n5,grip
673034,721,n5,grip
673036,725,n5,grip
673038,693,n5,grip
673040,659,n5,grip
673042,661,n5,grip
673044,658,n5,grip
673046,640,n5,grip
673048,667,n5,grip
673050,670,n5,grip
673052,664,n5,grip
673054,649,n5,grip
673056,676,n5,grip
673058,706,n5,grip
673060,697,n5,grip
673062,676,n5,grip
673064,647,n5,grip
673066,638,n5,grip
673068,630,n5,grip
673070,627,n5,grip
673072,624,n5,grip
673074,613,n5,grip
673076,589,n5,grip
673078,562,n5,grip
673080,535,n5,grip
673082,551,n5,grip
673084,602,n5,grip
673086,582,n5,grip
673088,576,n5,grip
673090,565,n5,grip
673092,538,n5,grip
673094,511,n5,grip
673096,494,n5,grip
673098,481,n5,grip
673100,487,n5,grip
673102,470,n5,grip
673104,448,n5,grip
673106,431,n5,grip
673108,405,n5,grip
673110,430,n5,grip
673112,432,n5,grip
673114,425,n5,grip
673116,427,n5,grip
673118,485,n5,grip
673120,506,n5,grip
673122,490,n5,grip
673124,560,n5,grip
673126,639,n5,grip
673128,623,n5,grip
673130,603,n5,grip
673132,589,n5,grip
673134,582,n5,grip
673136,556,n5,grip
673138,542,n5,grip
673140,565,n5,grip
673142,574,n5,grip
673144,567,n5,grip
673146,560,n5,grip
673148,543,n5,grip
673150,511,n5,grip
673152,495,n5,grip
673154,471,n5,grip
673156,450,n5,grip
673158,434,n5,grip
673160,419,n5,grip
673162,407,n5,grip
673164,412,n5,grip
673166,403,n5,grip
673168,435,n5,grip
673170,464,n5,grip
673172,459,n5,grip
673174,439,n5,grip
673176,447,n5,grip
673178,482,n5,grip
673180,496,n5,grip
673182,478,n5,grip
673184,491,n5,grip
673186,566,n5,grip
673188,605,n5,grip
673190,582,n5,grip
673192,595,n5,grip
673194,591,n5,grip
673196,604,n5,grip
673198,653,n5,grip
673200,678,n5,grip
673202,653,n5,grip
673204,640,n5,grip
673206,618,n5,grip
673208,594,n5,grip
673210,581,n5,grip
673212,560,n5,grip
673214,592,n5,grip
673216,595,n5,grip
673218,589,n5,grip
673220,592,n5,grip
673222,571,n5,grip
673224,543,n5,grip
673226,528,n5,grip
673228,524,n5,grip
673230,511,n5,grip
673232,491,n5,grip
673234,464,n5,grip
673236,464,n5,grip
673238,462,n5,grip
673240,473,n5,grip
673242,480,n5,grip
673244,496,n5,grip
673246,502,n5,grip
673248,496,n5,grip
673250,490,n5,grip
673252,506,n5,grip
673254,501,n5,grip
673256,487,n5,grip
673258,462,n5,grip
673260,447,n5,grip
673262,432,n5,grip
673264,434,n5,grip
673266,528,n5,grip
673268,594,n5,grip
673270,593,n5,grip
673272,606,n5,grip
673274,637,n5,grip
673276,640,n5,grip
673278,618,n5,grip
673280,625,n5,grip
673282,610,n5,grip
673284,646,n5,grip
673286,640,n5,grip
673288,625,n5,grip
673290,653,n5,grip
673292,688,n5,grip
673294,658,n5,grip
673296,627,n5,grip
673298,602,n5,grip
673300,592,n5,grip
673302,608,n5,grip
673304,608,n5,grip
673306,639,n5,grip
673308,661,n5,grip
673310,645,n5,grip
673312,620,n5,grip
673314,625,n5,grip
673316,634,n5,grip
673318,626,n5,grip
673320,655,n5,grip
673322,642,n5,grip
673324,645,n5,grip
673326,649,n5,grip
673328,620,n5,grip
673330,602,n5,grip
673332,590,n5,grip
673334,576,n5,grip
673336,555,n5,grip
673338,559,n5,grip
673340,575,n5,grip
673342,565,n5,grip
673344,560,n5,grip
673346,547,n5,grip
673348,528,n5,grip
673350,533,n5,grip
673352,505,n5,grip
673354,504,n5,grip
673356,490,n5,grip
673358,475,n5,grip
673360,467,n5,grip
673362,464,n5,grip
673364,464,n5,grip
673366,449,n5,grip
673368,432,n5,grip
673370,427,n5,grip
673372,418,n5,grip
673374,407,n5,grip
673376,391,n5,grip
673378,371,n5,grip
673380,379,n5,grip
673382,400,n5,grip
673384,407,n5,grip
673386,407,n5,grip
673388,403,n5,grip
673390,431,n5,grip
673392,417,n5,grip
673394,422,n5,grip
673396,487,n5,grip
673398,558,n5,grip
673400,576,n5,grip
673402,656,n5,grip
673404,640,n5,grip
673406,655,n5,grip
673408,635,n5,grip
673410,604,n5,grip
673412,576,n5,grip
673414,561,n5,grip
673416,555,n5,grip
673418,558,n5,grip
673420,562,n5,grip
673422,571,n5,grip
673424,599,n5,grip
673426,607,n5,grip
673428,589,n5,grip
673430,592,n5,grip
673432,599,n5,grip
673434,587,n5,grip
673436,561,n5,grip
673438,560,n5,grip
673440,531,n5,grip
673442,511,n5,grip
673444,502,n5,grip
673446,527,n5,grip
673448,541,n5,grip
673450,543,n5,grip
673452,542,n5,grip
673454,531,n5,grip
673456,507,n5,grip
673458,511,n5,grip
673460,511,n5,grip
673462,507,n5,grip
673464,495,n5,grip
673466,476,n5,grip
673468,453,n5,grip
673470,462,n5,grip
673472,476,n5,grip
673474,479,n5,grip
673476,533,n5,grip
673478,579,n5,grip
673480,629,n5,grip
673482,640,n5,grip
673484,688,n5,grip
673486,711,n5,grip
673488,717,n5,grip
673490,681,n5,grip
673492,652,n5,grip
673494,681,n5,grip
673496,678,n5,grip
673498,647,n5,grip
673500,622,n5,grip
673502,617,n5,grip
673504,640,n5,grip
673506,654,n5,grip
673508,626,n5,grip
673510,639,n5,grip
673512,666,n5,grip
673514,651,n5,grip
673516,688,n5,grip
673518,696,n5,grip
673520,695,n5,grip
673522,733,n5,grip
673524,716,n5,grip
673526,698,n5,grip
673528,705,n5,grip
673530,679,n5,grip
673532,666,n5,grip
673534,681,n5,grip
673536,695,n5,grip
673538,688,n5,grip
673540,659,n5,grip
673542,661,n5,grip
673544,653,n5,grip
673546,639,n5,grip
673548,647,n5,grip
673550,626,n5,grip
673552,625,n5,grip
673554,599,n5,grip
673556,586,n5,grip
673558,560,n5,grip
673560,562,n5,grip
673562,581,n5,grip
673564,592,n5,grip
673566,577,n5,grip
673568,587,n5,grip
673570,583,n5,grip
673572,587,n5,grip
673574,576,n5,grip
673576,591,n5,grip
673578,609,n5,grip
673580,597,n5,grip
673582,624,n5,grip
673584,661,n5,grip
673586,671,n5,grip
673588,642,n5,grip
673590,624,n5,grip
673592,619,n5,grip
673594,595,n5,grip
673596,588,n5,grip
673598,623,n5,grip
673600,626,n5,grip
673602,608,n5,grip
673604,594,n5,grip
673606,586,n5,grip
673608,561,n5,grip
673610,545,n5,grip
673612,527,n5,grip
673614,511,n5,grip
673616,491,n5,grip
673618,465,n5,grip
673620,464,n5,grip
673622,454,n5,grip
673624,432,n5,grip
673626,415,n5,grip
673628,412,n5,grip
673630,394,n5,grip
673632,393,n5,grip
673634,413,n5,grip
673636,400,n5,grip
673638,396,n5,grip
673640,390,n5,grip
673642,382,n5,grip
673644,366,n5,grip
673646,352,n5,grip
673648,342,n5,grip
673650,386,n5,grip
673652,381,n5,grip
673654,371,n5,grip
673656,404,n5,grip
673658,432,n5,grip
673660,434,n5,grip
673662,493,n5,grip
673664,501,n5,grip
673666,477,n5,grip
673668,454,n5,grip
673670,454,n5,grip
673672,450,n5,grip
673674,448,n5,grip
673676,467,n5,grip
673678,481,n5,grip
673680,528,n5,grip
673682,529,n5,grip
673684,563,n5,grip
673686,557,n5,grip
673688,560,n5,grip
673690,543,n5,grip
673692,538,n5,grip
673694,575,n5,grip
673696,610,n5,grip
673698,591,n5,grip
673700,602,n5,grip
673702,598,n5,grip
673704,579,n5,grip
673706,560,n5,grip
673708,537,n5,grip
673710,511,n5,grip
673712,485,n5,grip
673714,463,n5,grip
673716,445,n5,grip
673718,439,n5,grip
673720,430,n5,grip
673722,411,n5,grip
673724,447,n5,grip
673726,438,n5,grip
673728,436,n5,grip
673730,466,n5,grip
673732,478,n5,grip
673734,475,n5,grip
673736,493,n5,grip
673738,511,n5,grip
673740,624,n5,grip
673742,711,n5,grip
673744,704,n5,grip
673746,715,n5,grip
673748,688,n5,grip
673750,673,n5,grip
673752,681,n5,grip
673754,655,n5,grip
673756,667,n5,grip
673758,705,n5,grip
673760,687,n5,grip
673762,657,n5,grip
673764,633,n5,grip
673766,614,n5,grip
673768,602,n5,grip
673770,650,n5,grip
673772,689,n5,grip
673774,705,n5,grip
673776,724,n5,grip
673778,761,n5,grip
673780,755,n5,grip
673782,746,n5,grip
673784,720,n5,grip
673786,696,n5,grip
673788,725,n5,grip
673790,711,n5,grip
673792,707,n5,grip
673794,743,n5,grip
673796,752,n5,grip
673798,732,n5,grip
673800,742,n5,grip
673802,752,n5,grip
673804,748,n5,grip
673806,720,n5,grip
673808,690,n5,grip
673810,661,n5,grip
673812,636,n5,grip
673814,645,n5,grip
673816,670,n5,grip
673818,669,n5,grip
673820,657,n5,grip
673822,651,n5,grip
673824,628,n5,grip
673826,609,n5,grip
673828,622,n5,grip
673830,624,n5,grip
673832,618,n5,grip
673834,651,n5,grip
673836,648,n5,grip
673838,626,n5,grip
673840,647,n5,grip
673842,669,n5,grip
673844,727,n5,grip
673846,727,n5,grip
673848,723,n5,grip
673850,756,n5,grip
673852,747,n5,grip
673854,721,n5,grip
673856,714,n5,grip
673858,747,n5,grip
673860,750,n5,grip
673862,763,n5,grip
673864,739,n5,grip
673866,720,n5,grip
673868,713,n5,grip
673870,709,n5,grip
673872,706,n5,grip
673874,704,n5,grip
673876,687,n5,grip
673878,688,n5,grip
673880,662,n5,grip
673882,647,n5,grip
673884,647,n5,grip
673886,624,n5,grip
673888,610,n5,grip
673890,613,n5,grip
673892,592,n5,grip
673894,562,n5,grip
673896,561,n5,grip
673898,547,n5,grip
673900,538,n5,grip
673902,511,n5,grip
673904,494,n5,grip
673906,469,n5,grip
673908,450,n5,grip
673910,432,n5,grip
673912,410,n5,grip
673914,406,n5,grip
673916,410,n5,grip
673918,432,n5,grip
673920,427,n5,grip
673922,429,n5,grip
673924,436,n5,grip
673926,429,n5,grip
673928,416,n5,grip
673930,477,n5,grip
673932,483,n5,grip
673934,486,n5,grip
673936,475,n5,grip
673938,464,n5,grip
673940,494,n5,grip
673942,511,n5,grip
673944,486,n5,grip
673946,467,n5,grip
673948,499,n5,grip
673950,496,n5,grip
673952,533,n5,grip
673954,549,n5,grip
673956,544,n5,grip
673958,562,n5,grip
673960,557,n5,grip
673962,541,n5,grip
673964,511,n5,grip
673966,502,n5,grip
673968,496,n5,grip
673970,485,n5,grip
673972,464,n5,grip
673974,446,n5,grip
673976,480,n5,grip
673978,478,n5,grip
673980,480,n5,grip
673982,529,n5,grip
673984,578,n5,grip
673986,575,n5,grip
673988,571,n5,grip
673990,583,n5,grip
673992,566,n5,grip
673994,565,n5,grip
673996,550,n5,grip
673998,557,n5,grip
674000,558,n5,grip
674002,544,n5,grip
674004,511,n5,grip
674006,506,n5,grip
674008,491,n5,grip
674010,477,n5,grip
674012,486,n5,grip
674014,476,n5,grip
674016,535,n5,grip
674018,541,n5,grip
674020,550,n5,grip
674022,538,n5,grip
674024,558,n5,grip
674026,566,n5,grip
674028,553,n5,grip
674030,536,n5,grip
674032,561,n5,grip
674034,559,n5,grip
674036,537,n5,grip
674038,511,n5,grip
674040,492,n5,grip
674042,468,n5,grip
674044,482,n5,grip
674046,544,n5,grip
674048,598,n5,grip
674050,583,n5,grip
674052,573,n5,grip
674054,607,n5,grip
674056,595,n5,grip
674058,579,n5,grip
674060,569,n5,grip
674062,560,n5,grip
674064,567,n5,grip
674066,547,n5,grip
674068,531,n5,grip
674070,535,n5,grip
674072,525,n5,grip
674074,502,n5,grip
674076,511,n5,grip
674078,496,n5,grip
674080,502,n5,grip
674082,505,n5,grip
674084,489,n5,grip
674086,487,n5,grip
674088,497,n5,grip
674090,494,n5,grip
674092,470,n5,grip
674094,467,n5,grip
674096,531,n5,grip
674098,537,n5,grip
674100,534,n5,grip
674102,576,n5,grip
674104,620,n5,grip
674106,606,n5,grip
674108,610,n5,grip
674110,608,n5,grip
674112,589,n5,grip
674114,566,n5,grip
674116,576,n5,grip
674118,559,n5,grip
674120,541,n5,grip
674122,525,n5,grip
674124,496,n5,grip
674126,490,n5,grip
674128,501,n5,grip
674130,487,n5,grip
674132,474,n5,grip
674134,473,n5,grip
674136,475,n5,grip
674138,503,n5,grip
674140,551,n5,grip
674142,541,n5,grip
674144,549,n5,grip
674146,567,n5,grip
674148,567,n5,grip
674150,550,n5,grip
674152,533,n5,grip
674154,566,n5,grip
674156,560,n5,grip
674158,560,n5,grip
674160,551,n5,grip
674162,535,n5,grip
674164,530,n5,grip
674166,504,n5,grip
674168,498,n5,grip
674170,544,n5,grip
674172,549,n5,grip
674174,598,n5,grip
674176,633,n5,grip
674178,624,n5,grip
674180,708,n5,grip
674182,718,n5,grip
674184,724,n5,grip
674186,784,n5,grip
674188,812,n5,grip
674190,805,n5,grip
674192,827,n5,grip
674194,896,n5,grip
674196,875,n5,grip
674198,869,n5,grip
674200,850,n5,grip
674202,814,n5,grip
674204,789,n5,grip
674206,766,n5,grip
674208,806,n5,grip
674210,811,n5,grip
674212,793,n5,grip
674214,800,n5,grip
674216,795,n5,grip
674218,765,n5,grip
674220,731,n5,grip
674222,718,n5,grip
674224,691,n5,grip
674226,663,n5,grip
674228,650,n5,grip
674230,620,n5,grip
674232,610,n5,grip
674234,586,n5,grip
674236,566,n5,grip
674238,560,n5,grip
674240,532,n5,grip
674242,503,n5,grip
674244,487,n5,grip
674246,487,n5,grip
674248,467,n5,grip
674250,463,n5,grip
674252,459,n5,grip
674254,453,n5,grip
674256,448,n5,grip
674258,487,n5,grip
674260,537,n5,grip
674262,530,n5,grip
674264,560,n5,grip
674266,586,n5,grip
674268,570,n5,grip
674270,566,n5,grip
674272,578,n5,grip
674274,557,n5,grip
674276,539,n5,grip
674278,530,n5,grip
674280,534,n5,grip
674282,531,n5,grip
674284,511,n5,grip
674286,497,n5,grip
674288,496,n5,grip
674290,489,n5,grip
674292,529,n5,grip
674294,528,n5,grip
674296,528,n5,grip
674298,535,n5,grip
674300,507,n5,grip
674302,483,n5,grip
674304,471,n5,grip
674306,464,n5,grip
674308,461,n5,grip
674310,478,n5,grip
674312,528,n5,grip
674314,534,n5,grip
674316,555,n5,grip
674318,556,n5,grip
674320,533,n5,grip
674322,561,n5,grip
674324,569,n5,grip
674326,563,n5,grip
674328,545,n5,grip
674330,582,n5,grip
674332,606,n5,grip
674334,583,n5,grip
674336,583,n5,grip
674338,589,n5,grip
674340,594,n5,grip
674342,570,n5,grip
674344,550,n5,grip
674346,533,n5,grip
674348,567,n5,grip
674350,630,n5,grip
674352,666,n5,grip
674354,667,n5,grip
674356,803,n5,grip
674358,883,n5,grip
674360,861,n5,grip
674362,878,n5,grip
674364,889,n5,grip
674366,853,n5,grip
674368,854,n5,grip
674370,863,n5,grip
674372,833,n5,grip
674374,810,n5,grip
674376,783,n5,grip
674378,762,n5,grip
674380,743,n5,grip
674382,729,n5,grip
674384,706,n5,grip
674386,672,n5,grip
674388,651,n5,grip
674390,625,n5,grip
674392,617,n5,grip
674394,587,n5,grip
674396,560,n5,grip
674398,533,n5,grip
674400,511,n5,grip
674402,510,n5,grip
674404,502,n5,grip
674406,496,n5,grip
674408,486,n5,grip
674410,467,n5,grip
674412,528,n5,grip
674414,554,n5,grip
674416,560,n5,grip
674418,642,n5,grip
674420,753,n5,grip
674422,731,n5,grip
674424,726,n5,grip
674426,725,n5,grip
674428,720,n5,grip
674430,707,n5,grip
674432,678,n5,grip
674434,671,n5,grip
674436,643,n5,grip
674438,624,n5,grip
674440,597,n5,grip
674442,587,n5,grip
674444,567,n5,grip
674446,543,n5,grip
674448,528,n5,grip
674450,556,n5,grip
674452,554,n5,grip
674454,558,n5,grip
674456,570,n5,grip
674458,576,n5,grip
674460,562,n5,grip
674462,557,n5,grip
674464,530,n5,grip
674466,510,n5,grip
674468,500,n5,grip
674470,489,n5,grip
674472,466,n5,grip
674474,454,n5,grip
674476,459,n5,grip
674478,478,n5,grip
674480,467,n5,grip
674482,487,n5,grip
674484,498,n5,grip
674486,480,n5,grip
674488,467,n5,grip
674490,486,n5,grip
674492,485,n5,grip
674494,501,n5,grip
674496,534,n5,grip
674498,553,n5,grip
674500,532,n5,grip
674502,528,n5,grip
674504,506,n5,grip
674506,494,n5,grip
674508,485,n5,grip
674510,499,n5,grip
674512,510,n5,grip
674514,507,n5,grip
674516,496,n5,grip
674518,487,n5,grip
674520,496,n5,grip
674522,498,n5,grip
674524,479,n5,grip
674526,476,n5,grip
674528,535,n5,grip
674530,574,n5,grip
674532,570,n5,grip
674534,563,n5,grip
674536,597,n5,grip
674538,590,n5,grip
674540,591,n5,grip
674542,613,n5,grip
674544,603,n5,grip
674546,597,n5,grip
674548,579,n5,grip
674550,640,n5,grip
674552,667,n5,grip
674554,657,n5,grip
674556,688,n5,grip
674558,677,n5,grip
674560,674,n5,grip
674562,661,n5,grip
674564,643,n5,grip
674566,627,n5,grip
674568,634,n5,grip
674570,603,n5,grip
674572,577,n5,grip
674574,561,n5,grip
674576,544,n5,grip
674578,528,n5,grip
674580,496,n5,grip
674582,491,n5,grip
674584,474,n5,grip
674586,462,n5,grip
674588,457,n5,grip
