t_ms,raw,subject,gesture
425948,0,n5,light
425950,0,n5,light
425952,0,n5,light
425954,0,n5,light
425956,0,n5,light
425958,0,n5,light
425960,0,n5,light
425962,0,n5,light
425964,0,n5,light
425966,0,n5,light
425968,0,n5,light
425970,0,n5,light
425972,0,n5,light
425974,0,n5,light
425976,0,n5,light
425978,0,n5,light
425980,0,n5,light
425982,0,n5,light
425984,0,n5,light
425986,0,n5,light
425988,0,n5,light
425990,0,n5,light
425992,0,n5,light
425994,0,n5,light
425996,0,n5,light
425998,0,n5,light
426000,0,n5,light
426002,0,n5,light
426004,0,n5,light
426006,0,n5,light
426008,0,n5,light
426010,0,n5,light
426012,0,n5,light
426014,0,n5,light
426016,0,n5,light
426018,0,n5,light
426020,6,n5,light
426022,12,n5,light
426024,22,n5,light
426026,31,n5,light
426028,23,n5,light
426030,24,n5,light
426032,20,n5,light
426034,16,n5,light
426036,16,n5,light
426038,19,n5,light
426040,27,n5,light
426042,33,n5,light
426044,45,n5,light
426046,39,n5,light
426048,34,n5,light
426050,34,n5,light
426052,32,n5,light
426054,48,n5,light
426056,46,n5,light
426058,39,n5,light
426060,34,n5,light
426062,29,n5,light
426064,41,n5,light
426066,47,n5,light
426068,48,n5,light
426070,48,n5,light
426072,48,n5,light
426074,64,n5,light
426076,70,n5,light
426078,64,n5,light
426080,77,n5,light
426082,71,n5,light
426084,80,n5,light
426086,97,n5,light
426088,104,n5,light
426090,101,n5,light
426092,105,n5,light
426094,112,n5,light
426096,102,n5,light
426098,97,n5,light
426100,97,n5,light
426102,127,n5,light
426104,142,n5,light
426106,176,n5,light
426108,172,n5,light
426110,166,n5,light
426112,156,n5,light
426114,160,n5,light
426116,178,n5,light
426118,180,n5,light
426120,179,n5,light
426122,199,n5,light
426124,195,n5,light
426126,188,n5,light
426128,176,n5,light
426130,178,n5,light
426132,187,n5,light
426134,178,n5,light
426136,174,n5,light
426138,164,n5,light
426140,162,n5,light
426142,159,n5,light
426144,181,n5,light
426146,189,n5,light
426148,190,n5,light
426150,180,n5,light
426152,176,n5,light
426154,206,n5,light
426156,227,n5,light
426158,226,n5,light
426160,257,n5,light
426162,283,n5,light
426164,278,n5,light
426166,273,n5,light
426168,289,n5,light
426170,285,n5,light
426172,274,n5,light
426174,267,n5,light
426176,270,n5,light
426178,289,n5,light
426180,288,n5,light
426182,291,n5,light
426184,283,n5,light
426186,279,n5,light
426188,277,n5,light
426190,270,n5,light
426192,293,n5,light
426194,289,n5,light
426196,277,n5,light
426198,288,n5,light
426200,279,n5,light
426202,278,n5,light
426204,289,n5,light
426206,278,n5,light
426208,267,n5,light
426210,256,n5,light
426212,258,n5,light
426214,251,n5,light
426216,245,n5,light
426218,243,n5,light
426220,246,n5,light
426222,258,n5,light
426224,278,n5,light
426226,275,n5,light
426228,279,n5,light
426230,290,n5,light
426232,298,n5,light
426234,292,n5,light
426236,290,n5,light
426238,282,n5,light
426240,270,n5,light
426242,254,n5,light
426244,254,n5,light
426246,240,n5,light
426248,229,n5,light
426250,225,n5,light
426252,246,n5,light
426254,244,n5,light
426256,302,n5,light
426258,287,n5,light
426260,273,n5,light
426262,295,n5,light
426264,322,n5,light
426266,323,n5,light
426268,330,n5,light
426270,359,n5,light
426272,354,n5,light
426274,380,n5,light
426276,399,n5,light
426278,395,n5,light
426280,404,n5,light
426282,402,n5,light
426284,412,n5,light
426286,411,n5,light
426288,431,n5,light
426290,454,n5,light
426292,462,n5,light
426294,439,n5,light
426296,425,n5,light
426298,400,n5,light
426300,395,n5,light
426302,393,n5,light
426304,391,n5,light
426306,377,n5,light
426308,377,n5,light
426310,362,n5,light
426312,370,n5,light
426314,350,n5,light
426316,348,n5,light
426318,342,n5,light
426320,351,n5,light
426322,363,n5,light
426324,413,n5,light
426326,401,n5,light
426328,400,n5,light
426330,404,n5,light
426332,422,n5,light
426334,403,n5,light
426336,397,n5,light
426338,375,n5,light
426340,361,n5,light
426342,342,n5,light
426344,331,n5,light
426346,329,n5,light
426348,354,n5,light
426350,356,n5,light
426352,356,n5,light
426354,408,n5,light
426356,439,n5,light
426358,421,n5,light
426360,409,n5,light
426362,394,n5,light
426364,394,n5,light
426366,416,n5,light
426368,398,n5,light
426370,400,n5,light
426372,397,n5,light
426374,407,n5,light
426376,439,n5,light
426378,431,n5,light
426380,403,n5,light
426382,427,n5,light
426384,433,n5,light
426386,410,n5,light
426388,437,n5,light
426390,465,n5,light
426392,448,n5,light
426394,438,n5,light
426396,431,n5,light
426398,427,n5,light
426400,421,n5,light
426402,413,n5,light
426404,417,n5,light
426406,416,n5,light
426408,406,n5,light
426410,390,n5,light
426412,378,n5,light
426414,368,n5,light
426416,368,n5,light
426418,366,n5,light
426420,368,n5,light
426422,349,n5,light
426424,345,n5,light
426426,330,n5,light
426428,309,n5,light
426430,299,n5,light
426432,283,n5,light
426434,272,n5,light
426436,263,n5,light
426438,272,n5,light
426440,272,n5,light
426442,261,n5,light
426444,293,n5,light
426446,301,n5,light
426448,314,n5,light
426450,351,n5,light
426452,358,n5,light
426454,341,n5,light
426456,331,n5,light
426458,320,n5,light
426460,306,n5,light
426462,304,n5,light
426464,339,n5,light
426466,348,n5,light
426468,352,n5,light
426470,339,n5,light
426472,330,n5,light
426474,339,n5,light
426476,351,n5,light
426478,337,n5,light
426480,372,n5,light
426482,418,n5,light
426484,422,n5,light
426486,413,n5,light
426488,400,n5,light
426490,400,n5,light
426492,400,n5,light
426494,402,n5,light
426496,387,n5,light
426498,368,n5,light
426500,361,n5,light
426502,384,n5,light
426504,373,n5,light
426506,388,n5,light
426508,373,n5,light
426510,360,n5,light
426512,354,n5,light
426514,365,n5,light
426516,354,n5,light
426518,338,n5,light
426520,339,n5,light
426522,351,n5,light
426524,342,n5,light
426526,349,n5,light
426528,368,n5,light
426530,368,n5,light
426532,398,n5,light
426534,417,n5,light
426536,443,n5,light
426538,443,n5,light
426540,481,n5,light
426542,530,n5,light
426544,585,n5,light
426546,653,n5,light
426548,753,n5,light
426550,784,n5,light
426552,754,n5,light
426554,739,n5,light
426556,781,n5,light
426558,743,n5,light
426560,719,n5,light
426562,719,n5,light
426564,694,n5,light
426566,672,n5,light
426568,668,n5,light
426570,651,n5,light
426572,634,n5,light
426574,611,n5,light
426576,619,n5,light
426578,597,n5,light
426580,576,n5,light
426582,550,n5,light
426584,525,n5,light
426586,496,n5,light
426588,481,n5,light
426590,465,n5,light
426592,463,n5,light
426594,452,n5,light
426596,446,n5,light
426598,437,n5,light
426600,454,n5,light
426602,445,n5,light
426604,432,n5,light
426606,434,n5,light
426608,432,n5,light
426610,478,n5,light
426612,538,n5,light
426614,539,n5,light
426616,560,n5,light
426618,567,n5,light
426620,550,n5,light
426622,528,n5,light
426624,527,n5,light
426626,532,n5,light
426628,510,n5,light
426630,511,n5,light
426632,530,n5,light
426634,544,n5,light
426636,587,n5,light
426638,561,n5,light
426640,547,n5,light
426642,550,n5,light
426644,557,n5,light
426646,543,n5,light
426648,511,n5,light
426650,493,n5,light
426652,483,n5,light
426654,469,n5,light
426656,462,n5,light
426658,489,n5,light
426660,479,n5,light
426662,500,n5,light
426664,499,n5,light
426666,474,n5,light
426668,467,n5,light
426670,462,n5,light
426672,490,n5,light
426674,486,n5,light
426676,496,n5,light
426678,492,n5,light
426680,491,n5,light
426682,496,n5,light
426684,482,n5,light
426686,464,n5,light
426688,486,n5,light
426690,464,n5,light
426692,446,n5,light
426694,457,n5,light
426696,460,n5,light
426698,448,n5,light
426700,432,n5,light
426702,432,n5,light
426704,414,n5,light
426706,399,n5,light
426708,392,n5,light
426710,394,n5,light
426712,374,n5,light
426714,368,n5,light
426716,359,n5,light
426718,348,n5,light
426720,359,n5,light
426722,385,n5,light
426724,375,n5,light
426726,391,n5,light
426728,387,n5,light
426730,370,n5,light
426732,424,n5,light
426734,464,n5,light
426736,490,n5,light
426738,487,n5,light
426740,474,n5,light
426742,461,n5,light
426744,437,n5,light
426746,459,n5,light
426748,457,n5,light
426750,439,n5,light
426752,450,n5,light
426754,504,n5,light
426756,485,n5,light
426758,496,n5,light
426760,503,n5,light
426762,479,n5,light
426764,457,n5,light
426766,436,n5,light
426768,423,n5,light
426770,425,n5,light
426772,403,n5,light
426774,398,n5,light
426776,400,n5,light
426778,388,n5,light
426780,381,n5,light
426782,382,n5,light
426784,432,n5,light
426786,433,n5,light
426788,418,n5,light
426790,432,n5,light
426792,435,n5,light
426794,422,n5,light
426796,431,n5,light
426798,426,n5,light
426800,410,n5,light
426802,405,n5,light
426804,441,n5,light
426806,459,n5,light
426808,448,n5,light
426810,496,n5,light
426812,506,n5,light
426814,491,n5,light
426816,479,n5,light
426818,488,n5,light
426820,501,n5,light
426822,487,n5,light
426824,494,n5,light
426826,496,n5,light
426828,486,n5,light
426830,469,n5,light
426832,469,n5,light
426834,478,n5,light
426836,480,n5,light
426838,479,n5,light
426840,453,n5,light
426842,451,n5,light
426844,439,n5,light
426846,419,n5,light
426848,406,n5,light
426850,410,n5,light
426852,505,n5,light
426854,550,n5,light
426856,530,n5,light
426858,528,n5,light
426860,528,n5,light
426862,527,n5,light
426864,543,n5,light
426866,528,n5,light
426868,532,n5,light
426870,502,n5,light
426872,480,n5,light
426874,470,n5,light
426876,451,n5,light
426878,433,n5,light
426880,445,n5,light
426882,466,n5,light
426884,447,n5,light
426886,448,n5,light
426888,497,n5,light
426890,569,n5,light
426892,555,n5,light
426894,558,n5,light
426896,576,n5,light
426898,554,n5,light
426900,533,n5,light
426902,511,n5,light
426904,529,n5,light
426906,511,n5,light
426908,551,n5,light
426910,599,n5,light
426912,615,n5,light
426914,592,n5,light
426916,583,n5,light
426918,591,n5,light
426920,581,n5,light
426922,560,n5,light
426924,554,n5,light
426926,563,n5,light
426928,540,n5,light
426930,511,n5,light
426932,511,n5,light
426934,511,n5,light
426936,576,n5,light
426938,577,n5,light
426940,604,n5,light
426942,621,n5,light
426944,604,n5,light
426946,576,n5,light
426948,549,n5,light
426950,525,n5,light
426952,507,n5,light
426954,530,n5,light
426956,498,n5,light
426958,481,n5,light
426960,464,n5,light
426962,445,n5,light
426964,432,n5,light
426966,453,n5,light
426968,506,n5,light
426970,587,n5,light
426972,598,n5,light
426974,664,n5,light
426976,699,n5,light
426978,673,n5,light
426980,654,n5,light
426982,631,n5,light
426984,599,n5,light
426986,592,n5,light
426988,592,n5,light
426990,611,n5,light
426992,634,n5,light
426994,615,n5,light
426996,597,n5,light
426998,582,n5,light
427000,573,n5,light
427002,560,n5,light
427004,535,n5,light
427006,503,n5,light
427008,533,n5,light
427010,542,n5,light
427012,590,n5,light
427014,585,n5,light
427016,569,n5,light
427018,560,n5,light
427020,542,n5,light
427022,529,n5,light
427024,510,n5,light
427026,511,n5,light
427028,505,n5,light
427030,495,n5,light
427032,501,n5,light
427034,492,n5,light
427036,466,n5,light
427038,461,n5,light
427040,448,n5,light
427042,495,n5,light
427044,478,n5,light
427046,464,n5,light
427048,474,n5,light
427050,496,n5,light
427052,480,n5,light
427054,464,n5,light
427056,540,n5,light
427058,534,n5,light
427060,507,n5,light
427062,576,n5,light
427064,596,n5,light
427066,641,n5,light
427068,624,n5,light
427070,598,n5,light
427072,576,n5,light
427074,559,n5,light
427076,562,n5,light
427078,542,n5,light
427080,535,n5,light
427082,511,n5,light
427084,503,n5,light
427086,491,n5,light
427088,481,n5,light
427090,486,n5,light
427092,477,n5,light
427094,472,n5,light
427096,458,n5,light
427098,437,n5,light
427100,420,n5,light
427102,411,n5,light
427104,397,n5,light
427106,411,n5,light
427108,403,n5,light
427110,407,n5,light
427112,401,n5,light
427114,437,n5,light
427116,427,n5,light
427118,427,n5,light
427120,432,n5,light
427122,432,n5,light
427124,446,n5,light
427126,462,n5,light
427128,494,n5,light
427130,483,n5,light
427132,502,n5,light
427134,489,n5,light
427136,480,n5,light
427138,468,n5,light
427140,471,n5,light
427142,468,n5,light
427144,487,n5,light
427146,487,n5,light
427148,511,n5,light
427150,524,n5,light
427152,509,n5,light
427154,497,n5,light
427156,479,n5,light
427158,461,n5,light
427160,496,n5,light
427162,511,n5,light
427164,531,n5,light
427166,609,n5,light
427168,594,n5,light
427170,576,n5,light
427172,564,n5,light
427174,583,n5,light
427176,575,n5,light
427178,560,n5,light
427180,555,n5,light
427182,538,n5,light
427184,558,n5,light
427186,559,n5,light
427188,548,n5,light
427190,534,n5,light
427192,554,n5,light
427194,539,n5,light
427196,533,n5,light
427198,506,n5,light
427200,511,n5,light
427202,524,n5,light
427204,562,n5,light
427206,551,n5,light
427208,542,n5,light
427210,525,n5,light
427212,564,n5,light
427214,557,n5,light
427216,533,n5,light
427218,507,n5,light
427220,496,n5,light
427222,482,n5,light
427224,478,n5,light
427226,455,n5,light
427228,450,n5,light
427230,450,n5,light
427232,482,n5,light
427234,487,n5,light
427236,464,n5,light
427238,454,n5,light
427240,463,n5,light
427242,464,n5,light
427244,464,n5,light
427246,459,n5,light
427248,492,n5,light
427250,531,n5,light
427252,534,n5,light
427254,543,n5,light
427256,528,n5,light
427258,500,n5,light
427260,480,n5,light
427262,466,n5,light
427264,461,n5,light
427266,455,n5,light
427268,484,n5,light
427270,493,n5,light
427272,469,n5,light
427274,448,n5,light
427276,452,n5,light
427278,458,n5,light
427280,436,n5,light
427282,432,n5,light
427284,457,n5,light
427286,438,n5,light
427288,445,n5,light
427290,429,n5,light
427292,426,n5,light
427294,407,n5,light
427296,399,n5,light
427298,405,n5,light
427300,455,n5,light
427302,503,n5,light
427304,556,n5,light
427306,528,n5,light
427308,511,n5,light
427310,509,n5,light
427312,482,n5,light
427314,469,n5,light
427316,486,n5,light
427318,478,n5,light
427320,454,n5,light
427322,450,n5,light
427324,448,n5,light
427326,481,n5,light
427328,485,n5,light
427330,474,n5,light
427332,455,n5,light
427334,445,n5,light
427336,432,n5,light
427338,457,n5,light
427340,439,n5,light
427342,431,n5,light
427344,421,n5,light
427346,414,n5,light
427348,407,n5,light
427350,400,n5,light
427352,400,n5,light
427354,397,n5,light
427356,388,n5,light
427358,379,n5,light
427360,392,n5,light
427362,400,n5,light
427364,385,n5,light
427366,372,n5,light
427368,373,n5,light
427370,373,n5,light
427372,387,n5,light
427374,383,n5,light
427376,373,n5,light
427378,356,n5,light
427380,342,n5,light
427382,325,n5,light
427384,319,n5,light
427386,322,n5,light
427388,366,n5,light
427390,379,n5,light
427392,374,n5,light
427394,400,n5,light
427396,406,n5,light
427398,393,n5,light
427400,407,n5,light
427402,398,n5,light
427404,377,n5,light
427406,367,n5,light
427408,379,n5,light
427410,383,n5,light
427412,370,n5,light
427414,449,n5,light
427416,464,n5,light
427418,478,n5,light
427420,489,n5,light
427422,489,n5,light
427424,486,n5,light
427426,490,n5,light
427428,469,n5,light
427430,448,n5,light
427432,453,n5,light
427434,447,n5,light
427436,458,n5,light
427438,465,n5,light
427440,465,n5,light
427442,486,n5,light
427444,469,n5,light
427446,449,n5,light
427448,437,n5,light
427450,449,n5,light
427452,439,n5,light
427454,426,n5,light
427456,410,n5,light
427458,400,n5,light
427460,399,n5,light
427462,412,n5,light
427464,395,n5,light
427466,373,n5,light
427468,372,n5,light
427470,377,n5,light
427472,361,n5,light
427474,365,n5,light
427476,350,n5,light
427478,335,n5,light
427480,321,n5,light
427482,313,n5,light
427484,302,n5,light
427486,290,n5,light
427488,289,n5,light
427490,288,n5,light
427492,292,n5,light
427494,308,n5,light
427496,304,n5,light
427498,294,n5,light
427500,289,n5,light
427502,285,n5,light
427504,304,n5,light
427506,301,n5,light
427508,301,n5,light
427510,299,n5,light
427512,284,n5,light
427514,272,n5,light
427516,272,n5,light
427518,265,n5,light
427520,283,n5,light
427522,291,n5,light
427524,283,n5,light
427526,284,n5,light
427528,304,n5,light
427530,331,n5,light
427532,338,n5,light
427534,379,n5,light
427536,381,n5,light
427538,374,n5,light
427540,363,n5,light
427542,366,n5,light
427544,356,n5,light
427546,373,n5,light
427548,378,n5,light
427550,366,n5,light
427552,384,n5,light
427554,384,n5,light
427556,369,n5,light
427558,425,n5,light
427560,460,n5,light
427562,531,n5,light
427564,619,n5,light
427566,610,n5,light
427568,591,n5,light
427570,592,n5,light
427572,576,n5,light
427574,549,n5,light
427576,528,n5,light
427578,568,n5,light
427580,582,n5,light
427582,604,n5,light
427584,606,n5,light
427586,597,n5,light
427588,571,n5,light
427590,543,n5,light
427592,511,n5,light
427594,496,n5,light
427596,500,n5,light
427598,533,n5,light
427600,564,n5,light
427602,544,n5,light
427604,509,n5,light
427606,509,n5,light
427608,486,n5,light
427610,471,n5,light
427612,477,n5,light
427614,459,n5,light
427616,443,n5,light
427618,439,n5,light
427620,435,n5,light
427622,448,n5,light
427624,439,n5,light
427626,443,n5,light
427628,439,n5,light
427630,423,n5,light
427632,400,n5,light
427634,395,n5,light
427636,393,n5,light
427638,390,n5,light
427640,399,n5,light
427642,391,n5,light
427644,424,n5,light
427646,412,n5,light
427648,453,n5,light
427650,495,n5,light
427652,483,n5,light
427654,486,n5,light
427656,479,n5,light
427658,464,n5,light
427660,448,n5,light
427662,448,n5,light
427664,486,n5,light
427666,479,n5,light
427668,471,n5,light
427670,485,n5,light
427672,553,n5,light
427674,581,n5,light
427676,555,n5,light
427678,535,n5,light
427680,548,n5,light
427682,591,n5,light
427684,590,n5,light
427686,585,n5,light
427688,624,n5,light
427690,592,n5,light
427692,578,n5,light
427694,555,n5,light
427696,545,n5,light
427698,526,n5,light
427700,510,n5,light
427702,496,n5,light
427704,493,n5,light
427706,485,n5,light
427708,474,n5,light
427710,475,n5,light
427712,475,n5,light
427714,491,n5,light
427716,511,n5,light
427718,508,n5,light
427720,509,n5,light
427722,525,n5,light
427724,502,n5,light
427726,496,n5,light
427728,497,n5,light
427730,482,n5,light
427732,483,n5,light
427734,478,n5,light
427736,477,n5,light
427738,503,n5,light
427740,484,n5,light
427742,495,n5,light
427744,479,n5,light
427746,469,n5,light
427748,455,n5,light
427750,450,n5,light
427752,431,n5,light
427754,432,n5,light
427756,445,n5,light
427758,441,n5,light
427760,450,n5,light
427762,477,n5,light
427764,463,n5,light
427766,473,n5,light
427768,489,n5,light
427770,467,n5,light
427772,446,n5,light
427774,443,n5,light
427776,456,n5,light
427778,448,n5,light
427780,445,n5,light
427782,427,n5,light
427784,414,n5,light
427786,394,n5,light
427788,369,n5,light
427790,361,n5,light
427792,353,n5,light
427794,343,n5,light
427796,359,n5,light
427798,353,n5,light
427800,364,n5,light
427802,354,n5,light
427804,346,n5,light
427806,336,n5,light
427808,336,n5,light
427810,334,n5,light
427812,337,n5,light
427814,321,n5,light
427816,304,n5,light
427818,291,n5,light
427820,278,n5,light
427822,292,n5,light
427824,285,n5,light
427826,283,n5,light
427828,272,n5,light
427830,258,n5,light
427832,251,n5,light
427834,270,n5,light
427836,257,n5,light
427838,283,n5,light
427840,343,n5,light
427842,345,n5,light
427844,351,n5,light
427846,387,n5,light
427848,410,n5,light
427850,400,n5,light
427852,380,n5,light
427854,369,n5,light
427856,352,n5,light
427858,336,n5,light
427860,325,n5,light
427862,307,n5,light
427864,309,n5,light
427866,306,n5,light
427868,291,n5,light
427870,281,n5,light
427872,279,n5,light
427874,313,n5,light
427876,310,n5,light
427878,310,n5,light
427880,310,n5,light
427882,307,n5,light
427884,325,n5,light
427886,330,n5,light
427888,334,n5,light
427890,340,n5,light
427892,324,n5,light
427894,315,n5,light
427896,307,n5,light
427898,291,n5,light
427900,278,n5,light
427902,273,n5,light
427904,301,n5,light
427906,304,n5,light
427908,285,n5,light
427910,280,n5,light
427912,267,n5,light
427914,278,n5,light
427916,304,n5,light
427918,295,n5,light
427920,295,n5,light
427922,291,n5,light
427924,292,n5,light
427926,321,n5,light
427928,319,n5,light
427930,371,n5,light
427932,384,n5,light
427934,368,n5,light
427936,352,n5,light
427938,334,n5,light
427940,324,n5,light
427942,355,n5,light
427944,357,n5,light
427946,361,n5,light
427948,346,n5,light
427950,338,n5,light
427952,362,n5,light
427954,371,n5,light
427956,368,n5,light
427958,368,n5,light
427960,378,n5,light
427962,364,n5,light
427964,341,n5,light
427966,335,n5,light
427968,329,n5,light
427970,311,n5,light
427972,301,n5,light
427974,286,n5,light
427976,273,n5,light
427978,262,n5,light
427980,251,n5,light
427982,240,n5,light
427984,226,n5,light
427986,222,n5,light
427988,217,n5,light
427990,210,n5,light
427992,219,n5,light
427994,213,n5,light
427996,217,n5,light
427998,235,n5,light
428000,233,n5,light
428002,270,n5,light
428004,273,n5,light
428006,272,n5,light
428008,294,n5,light
428010,279,n5,light
428012,278,n5,light
428014,285,n5,light
428016,278,n5,light
428018,289,n5,light
428020,272,n5,light
428022,262,n5,light
428024,272,n5,light
428026,271,n5,light
428028,274,n5,light
428030,272,n5,light
428032,259,n5,light
428034,251,n5,light
428036,254,n5,light
428038,251,n5,light
428040,266,n5,light
428042,262,n5,light
428044,249,n5,light
428046,237,n5,light
428048,227,n5,light
428050,216,n5,light
428052,237,n5,light
428054,231,n5,light
428056,222,n5,light
428058,208,n5,light
428060,219,n5,light
428062,245,n5,light
428064,285,n5,light
428066,304,n5,light
428068,346,n5,light
428070,347,n5,light
428072,338,n5,light
428074,334,n5,light
428076,320,n5,light
428078,313,n5,light
428080,305,n5,light
428082,307,n5,light
428084,333,n5,light
428086,326,n5,light
428088,342,n5,light
428090,334,n5,light
428092,336,n5,light
428094,367,n5,light
428096,393,n5,light
428098,432,n5,light
428100,460,n5,light
428102,466,n5,light
428104,447,n5,light
428106,425,n5,light
428108,419,n5,light
428110,402,n5,light
428112,397,n5,light
428114,384,n5,light
428116,393,n5,light
428118,375,n5,light
428120,359,n5,light
428122,359,n5,light
428124,352,n5,light
428126,368,n5,light
428128,354,n5,light
428130,343,n5,light
428132,363,n5,light
428134,347,n5,light
428136,336,n5,light
428138,333,n5,light
428140,320,n5,light
428142,311,n5,light
428144,300,n5,light
428146,286,n5,light
428148,271,n5,light
428150,255,n5,light
428152,240,n5,light
428154,227,n5,light
428156,216,n5,light
428158,240,n5,light
428160,272,n5,light
428162,262,n5,light
428164,252,n5,light
428166,278,n5,light
428168,311,n5,light
428170,307,n5,light
428172,311,n5,light
428174,313,n5,light
428176,301,n5,light
428178,311,n5,light
428180,303,n5,light
428182,288,n5,light
428184,302,n5,light
428186,315,n5,light
428188,323,n5,light
428190,304,n5,light
428192,318,n5,light
428194,309,n5,light
428196,303,n5,light
428198,297,n5,light
428200,289,n5,light
428202,336,n5,light
428204,335,n5,light
428206,315,n5,light
428208,301,n5,light
428210,291,n5,light
428212,278,n5,light
428214,263,n5,light
428216,250,n5,light
428218,250,n5,light
428220,238,n5,light
428222,238,n5,light
428224,225,n5,light
428226,212,n5,light
428228,205,n5,light
428230,215,n5,light
428232,229,n5,light
428234,263,n5,light
428236,273,n5,light
428238,300,n5,light
428240,291,n5,light
428242,315,n5,light
428244,305,n5,light
428246,336,n5,light
428248,369,n5,light
428250,374,n5,light
428252,401,n5,light
428254,424,n5,light
428256,405,n5,light
428258,387,n5,light
428260,379,n5,light
428262,367,n5,light
428264,360,n5,light
428266,363,n5,light
428268,342,n5,light
428270,346,n5,light
428272,336,n5,light
428274,326,n5,light
428276,314,n5,light
428278,311,n5,light
428280,299,n5,light
428282,286,n5,light
428284,272,n5,light
428286,284,n5,light
428288,295,n5,light
428290,283,n5,light
428292,269,n5,light
428294,265,n5,light
428296,261,n5,light
428298,262,n5,light
428300,245,n5,light
428302,240,n5,light
428304,240,n5,light
428306,239,n5,light
428308,233,n5,light
428310,237,n5,light
428312,227,n5,light
428314,237,n5,light
428316,229,n5,light
428318,234,n5,light
428320,250,n5,light
428322,270,n5,light
428324,277,n5,light
428326,314,n5,light
428328,321,n5,light
428330,305,n5,light
428332,312,n5,light
428334,304,n5,light
428336,304,n5,light
428338,343,n5,light
428340,370,n5,light
428342,366,n5,light
428344,352,n5,light
428346,335,n5,light
428348,317,n5,light
428350,305,n5,light
428352,292,n5,light
428354,301,n5,light
428356,303,n5,light
428358,286,n5,light
428360,290,n5,light
428362,279,n5,light
428364,270,n5,light
428366,276,n5,light
428368,267,n5,light
428370,256,n5,light
428372,246,n5,light
428374,243,n5,light
428376,251,n5,light
428378,236,n5,light
428380,233,n5,light
428382,242,n5,light
428384,233,n5,light
428386,225,n5,light
428388,243,n5,light
428390,276,n5,light
428392,263,n5,light
428394,263,n5,light
428396,249,n5,light
428398,240,n5,light
428400,231,n5,light
428402,229,n5,light
428404,230,n5,light
428406,239,n5,light
428408,234,n5,light
428410,260,n5,light
428412,272,n5,light
428414,265,n5,light
428416,272,n5,light
428418,277,n5,light
428420,262,n5,light
428422,266,n5,light
428424,258,n5,light
428426,256,n5,light
428428,250,n5,light
428430,283,n5,light
428432,292,n5,light
428434,285,n5,light
428436,279,n5,light
428438,267,n5,light
428440,253,n5,light
428442,240,n5,light
428444,225,n5,light
428446,220,n5,light
428448,213,n5,light
428450,269,n5,light
428452,272,n5,light
428454,281,n5,light
428456,311,n5,light
428458,311,n5,light
428460,308,n5,light
428462,298,n5,light
428464,282,n5,light
428466,270,n5,light
428468,263,n5,light
428470,267,n5,light
428472,266,n5,light
428474,254,n5,light
428476,240,n5,light
428478,256,n5,light
428480,262,n5,light
428482,275,n5,light
428484,268,n5,light
428486,261,n5,light
428488,256,n5,light
428490,256,n5,light
428492,257,n5,light
428494,241,n5,light
428496,230,n5,light
428498,219,n5,light
428500,239,n5,light
428502,267,n5,light
428504,257,n5,light
428506,242,n5,light
428508,240,n5,light
428510,230,n5,light
428512,228,n5,light
428514,214,n5,light
428516,240,n5,light
428518,293,n5,light
428520,299,n5,light
428522,282,n5,light
428524,270,n5,light
428526,273,n5,light
428528,259,n5,light
428530,243,n5,light
428532,242,n5,light
428534,240,n5,light
428536,272,n5,light
428538,286,n5,light
428540,307,n5,light
428542,336,n5,light
428544,339,n5,light
428546,358,n5,light
428548,425,n5,light
428550,446,n5,light
428552,443,n5,light
428554,426,n5,light
428556,422,n5,light
428558,420,n5,light
428560,415,n5,light
428562,399,n5,light
428564,386,n5,light
428566,375,n5,light
428568,399,n5,light
428570,390,n5,light
428572,378,n5,light
428574,362,n5,light
428576,352,n5,light
428578,336,n5,light
428580,343,n5,light
428582,323,n5,light
428584,307,n5,light
428586,300,n5,light
428588,292,n5,light
428590,285,n5,light
428592,272,n5,light
428594,269,n5,light
428596,256,n5,light
428598,251,n5,light
428600,251,n5,light
428602,240,n5,light
428604,225,n5,light
428606,221,n5,light
428608,239,n5,light
428610,234,n5,light
428612,221,n5,light
428614,214,n5,light
428616,206,n5,light
428618,230,n5,light
428620,240,n5,light
428622,237,n5,light
428624,235,n5,light
428626,229,n5,light
428628,217,n5,light
428630,217,n5,light
428632,210,n5,light
428634,212,n5,light
428636,201,n5,light
428638,197,n5,light
428640,209,n5,light
428642,205,n5,light
428644,210,n5,light
428646,238,n5,light
428648,226,n5,light
428650,213,n5,light
428652,202,n5,light
428654,192,n5,light
428656,183,n5,light
428658,177,n5,light
428660,171,n5,light
428662,173,n5,light
428664,161,n5,light
428666,178,n5,light
428668,182,n5,light
428670,181,n5,light
428672,192,n5,light
428674,187,n5,light
428676,178,n5,light
428678,197,n5,light
428680,206,n5,light
428682,203,n5,light
428684,224,n5,light
428686,224,n5,light
428688,208,n5,light
428690,198,n5,light
428692,187,n5,light
428694,177,n5,light
428696,182,n5,light
428698,207,n5,light
428700,222,n5,light
428702,225,n5,light
428704,241,n5,light
428706,276,n5,light
428708,281,n5,light
428710,270,n5,light
428712,264,n5,light
428714,272,n5,light
428716,273,n5,light
428718,271,n5,light
428720,267,n5,light
428722,265,n5,light
428724,251,n5,light
428726,257,n5,light
428728,250,n5,light
428730,262,n5,light
428732,258,n5,light
428734,255,n5,light
428736,237,n5,light
428738,228,n5,light
428740,238,n5,light
428742,240,n5,light
428744,237,n5,light
428746,224,n5,light
428748,229,n5,light
428750,239,n5,light
428752,238,n5,light
428754,228,n5,light
428756,219,n5,light
428758,215,n5,light
428760,215,n5,light
428762,211,n5,light
428764,203,n5,light
428766,191,n5,light
428768,192,n5,light
428770,191,n5,light
428772,202,n5,light
428774,202,n5,light
428776,192,n5,light
428778,177,n5,light
428780,178,n5,light
428782,187,n5,light
428784,192,n5,light
428786,188,n5,light
428788,226,n5,light
428790,241,n5,light
428792,237,n5,light
428794,228,n5,light
428796,220,n5,light
428798,289,n5,light
428800,369,n5,light
428802,412,n5,light
428804,405,n5,light
428806,446,n5,light
428808,445,n5,light
428810,478,n5,light
428812,511,n5,light
428814,543,n5,light
428816,560,n5,light
428818,547,n5,light
428820,526,n5,light
428822,507,n5,light
428824,486,n5,light
428826,506,n5,light
428828,592,n5,light
428830,657,n5,light
428832,652,n5,light
428834,720,n5,light
428836,764,n5,light
428838,738,n5,light
428840,707,n5,light
428842,688,n5,light
428844,656,n5,light
428846,645,n5,light
428848,631,n5,light
428850,608,n5,light
428852,611,n5,light
428854,591,n5,light
428856,571,n5,light
428858,557,n5,light
428860,529,n5,light
428862,523,n5,light
428864,499,n5,light
428866,477,n5,light
428868,468,n5,light
428870,457,n5,light
428872,448,n5,light
428874,427,n5,light
428876,402,n5,light
428878,395,n5,light
428880,389,n5,light
428882,373,n5,light
428884,355,n5,light
428886,341,n5,light
428888,331,n5,light
428890,321,n5,light
428892,308,n5,light
428894,305,n5,light
428896,290,n5,light
428898,274,n5,light
428900,268,n5,light
428902,265,n5,light
428904,256,n5,light
428906,275,n5,light
428908,270,n5,light
428910,261,n5,light
428912,253,n5,light
428914,252,n5,light
428916,247,n5,light
428918,256,n5,light
428920,277,n5,light
428922,277,n5,light
428924,273,n5,light
428926,272,n5,light
428928,274,n5,light
428930,268,n5,light
428932,271,n5,light
428934,298,n5,light
428936,297,n5,light
428938,294,n5,light
428940,288,n5,light
437960,203,n5,light
437962,197,n5,light
437964,198,n5,light
437966,204,n5,light
437968,240,n5,light
437970,244,n5,light
437972,273,n5,light
437974,291,n5,light
437976,286,n5,light
437978,291,n5,light
437980,310,n5,light
437982,307,n5,light
437984,338,n5,light
437986,333,n5,light
437988,332,n5,light
437990,331,n5,light
437992,326,n5,light
437994,347,n5,light
437996,353,n5,light
437998,370,n5,light
438000,355,n5,light
438002,384,n5,light
438004,441,n5,light
438006,464,n5,light
438008,492,n5,light
438010,508,n5,light
438012,496,n5,light
438014,469,n5,light
438016,451,n5,light
438018,432,n5,light
438020,430,n5,light
438022,419,n5,light
438024,416,n5,light
438026,397,n5,light
438028,391,n5,light
438030,399,n5,light
438032,398,n5,light
438034,384,n5,light
438036,374,n5,light
438038,359,n5,light
438040,345,n5,light
438042,342,n5,light
438044,377,n5,light
438046,369,n5,light
438048,368,n5,light
438050,348,n5,light
438052,354,n5,light
438054,378,n5,light
438056,387,n5,light
438058,396,n5,light
438060,384,n5,light
438062,374,n5,light
438064,358,n5,light
438066,346,n5,light
438068,338,n5,light
438070,327,n5,light
438072,321,n5,light
438074,318,n5,light
438076,336,n5,light
438078,335,n5,light
438080,330,n5,light
438082,314,n5,light
438084,315,n5,light
438086,304,n5,light
438088,304,n5,light
438090,314,n5,light
438092,304,n5,light
438094,307,n5,light
438096,304,n5,light
438098,314,n5,light
438100,314,n5,light
438102,305,n5,light
438104,327,n5,light
438106,318,n5,light
438108,304,n5,light
438110,295,n5,light
438112,278,n5,light
438114,267,n5,light
438116,263,n5,light
438118,251,n5,light
438120,295,n5,light
438122,301,n5,light
438124,284,n5,light
438126,320,n5,light
438128,331,n5,light
438130,332,n5,light
438132,335,n5,light
438134,338,n5,light
438136,329,n5,light
438138,362,n5,light
438140,378,n5,light
438142,417,n5,light
438144,413,n5,light
438146,447,n5,light
438148,475,n5,light
438150,479,n5,light
438152,454,n5,light
438154,438,n5,light
438156,422,n5,light
438158,415,n5,light
438160,417,n5,light
438162,418,n5,light
438164,406,n5,light
438166,403,n5,light
438168,381,n5,light
438170,402,n5,light
438172,414,n5,light
438174,398,n5,light
438176,404,n5,light
438178,433,n5,light
438180,432,n5,light
438182,475,n5,light
438184,474,n5,light
438186,465,n5,light
438188,465,n5,light
438190,480,n5,light
438192,453,n5,light
438194,462,n5,light
438196,451,n5,light
438198,445,n5,light
438200,422,n5,light
438202,410,n5,light
438204,400,n5,light
438206,379,n5,light
438208,368,n5,light
438210,349,n5,light
438212,368,n5,light
438214,401,n5,light
438216,396,n5,light
438218,374,n5,light
438220,361,n5,light
438222,379,n5,light
438224,372,n5,light
438226,366,n5,light
438228,395,n5,light
438230,379,n5,light
438232,367,n5,light
438234,359,n5,light
438236,368,n5,light
438238,368,n5,light
438240,368,n5,light
438242,363,n5,light
438244,368,n5,light
438246,351,n5,light
438248,335,n5,light
438250,317,n5,light
438252,316,n5,light
438254,303,n5,light
438256,293,n5,light
438258,294,n5,light
438260,278,n5,light
438262,272,n5,light
438264,281,n5,light
438266,276,n5,light
438268,268,n5,light
438270,256,n5,light
438272,259,n5,light
438274,246,n5,light
438276,235,n5,light
438278,233,n5,light
438280,227,n5,light
438282,237,n5,light
438284,221,n5,light
438286,232,n5,light
438288,242,n5,light
438290,259,n5,light
438292,266,n5,light
438294,266,n5,light
438296,272,n5,light
438298,260,n5,light
438300,247,n5,light
438302,240,n5,light
438304,233,n5,light
438306,235,n5,light
438308,225,n5,light
438310,220,n5,light
438312,238,n5,light
438314,231,n5,light
438316,237,n5,light
438318,259,n5,light
438320,257,n5,light
438322,272,n5,light
438324,256,n5,light
438326,243,n5,light
438328,239,n5,light
438330,237,n5,light
438332,250,n5,light
438334,256,n5,light
438336,256,n5,light
438338,247,n5,light
438340,235,n5,light
438342,244,n5,light
438344,249,n5,light
438346,257,n5,light
438348,272,n5,light
438350,288,n5,light
438352,278,n5,light
438354,288,n5,light
438356,275,n5,light
438358,277,n5,light
438360,292,n5,light
438362,288,n5,light
438364,281,n5,light
438366,279,n5,light
438368,319,n5,light
438370,306,n5,light
438372,294,n5,light
438374,301,n5,light
438376,325,n5,light
438378,318,n5,light
438380,311,n5,light
438382,304,n5,light
438384,289,n5,light
438386,276,n5,light
438388,269,n5,light
438390,254,n5,light
438392,262,n5,light
438394,250,n5,light
438396,243,n5,light
438398,244,n5,light
438400,272,n5,light
438402,260,n5,light
438404,266,n5,light
438406,272,n5,light
438408,272,n5,light
438410,272,n5,light
438412,271,n5,light
438414,259,n5,light
438416,257,n5,light
438418,258,n5,light
438420,304,n5,light
438422,336,n5,light
438424,387,n5,light
438426,416,n5,light
438428,466,n5,light
438430,495,n5,light
438432,482,n5,light
438434,466,n5,light
438436,455,n5,light
438438,433,n5,light
438440,421,n5,light
438442,400,n5,light
438444,395,n5,light
438446,370,n5,light
438448,359,n5,light
438450,340,n5,light
438452,341,n5,light
438454,352,n5,light
438456,356,n5,light
438458,336,n5,light
438460,324,n5,light
438462,336,n5,light
438464,328,n5,light
438466,323,n5,light
438468,326,n5,light
438470,321,n5,light
438472,368,n5,light
438474,371,n5,light
438476,366,n5,light
438478,405,n5,light
438480,397,n5,light
438482,382,n5,light
438484,400,n5,light
438486,390,n5,light
438488,381,n5,light
438490,368,n5,light
438492,362,n5,light
438494,357,n5,light
438496,350,n5,light
438498,350,n5,light
438500,368,n5,light
438502,365,n5,light
438504,349,n5,light
438506,330,n5,light
438508,351,n5,light
438510,348,n5,light
438512,342,n5,light
438514,327,n5,light
438516,309,n5,light
438518,303,n5,light
438520,287,n5,light
438522,279,n5,light
438524,273,n5,light
438526,260,n5,light
438528,245,n5,light
438530,262,n5,light
438532,272,n5,light
438534,267,n5,light
438536,272,n5,light
438538,265,n5,light
438540,267,n5,light
438542,267,n5,light
438544,281,n5,light
438546,301,n5,light
438548,320,n5,light
438550,327,n5,light
438552,310,n5,light
438554,329,n5,light
438556,349,n5,light
438558,336,n5,light
438560,337,n5,light
438562,334,n5,light
438564,336,n5,light
438566,323,n5,light
438568,306,n5,light
438570,304,n5,light
438572,300,n5,light
438574,322,n5,light
438576,363,n5,light
438578,369,n5,light
438580,407,n5,light
438582,410,n5,light
438584,395,n5,light
438586,377,n5,light
438588,358,n5,light
438590,348,n5,light
438592,368,n5,light
438594,361,n5,light
438596,341,n5,light
438598,324,n5,light
438600,320,n5,light
438602,316,n5,light
438604,317,n5,light
438606,365,n5,light
438608,358,n5,light
438610,368,n5,light
438612,403,n5,light
438614,397,n5,light
438616,379,n5,light
438618,378,n5,light
438620,358,n5,light
438622,371,n5,light
438624,371,n5,light
438626,368,n5,light
438628,353,n5,light
438630,358,n5,light
438632,365,n5,light
438634,355,n5,light
438636,355,n5,light
438638,350,n5,light
438640,334,n5,light
438642,321,n5,light
438644,305,n5,light
438646,295,n5,light
438648,286,n5,light
438650,272,n5,light
438652,262,n5,light
438654,246,n5,light
438656,235,n5,light
438658,223,n5,light
438660,214,n5,light
438662,238,n5,light
438664,233,n5,light
438666,221,n5,light
438668,224,n5,light
438670,216,n5,light
438672,222,n5,light
438674,211,n5,light
438676,206,n5,light
438678,227,n5,light
438680,214,n5,light
438682,246,n5,light
438684,254,n5,light
438686,256,n5,light
438688,246,n5,light
438690,246,n5,light
438692,234,n5,light
438694,225,n5,light
438696,215,n5,light
438698,205,n5,light
438700,205,n5,light
438702,203,n5,light
438704,202,n5,light
438706,210,n5,light
438708,208,n5,light
438710,193,n5,light
438712,191,n5,light
438714,177,n5,light
438716,175,n5,light
438718,167,n5,light
438720,176,n5,light
438722,167,n5,light
438724,174,n5,light
438726,173,n5,light
438728,176,n5,light
438730,179,n5,light
438732,176,n5,light
438734,176,n5,light
438736,181,n5,light
438738,186,n5,light
438740,185,n5,light
438742,183,n5,light
438744,219,n5,light
438746,234,n5,light
438748,229,n5,light
438750,235,n5,light
438752,247,n5,light
438754,242,n5,light
438756,254,n5,light
438758,273,n5,light
438760,272,n5,light
438762,276,n5,light
438764,274,n5,light
438766,258,n5,light
438768,258,n5,light
438770,249,n5,light
438772,243,n5,light
438774,258,n5,light
438776,250,n5,light
438778,240,n5,light
438780,265,n5,light
438782,260,n5,light
438784,259,n5,light
438786,255,n5,light
438788,245,n5,light
438790,239,n5,light
438792,231,n5,light
438794,223,n5,light
438796,222,n5,light
438798,256,n5,light
438800,251,n5,light
438802,267,n5,light
438804,289,n5,light
438806,297,n5,light
438808,281,n5,light
438810,267,n5,light
438812,251,n5,light
438814,240,n5,light
438816,234,n5,light
438818,240,n5,light
438820,240,n5,light
438822,237,n5,light
438824,224,n5,light
438826,222,n5,light
438828,214,n5,light
438830,221,n5,light
438832,246,n5,light
438834,243,n5,light
438836,250,n5,light
438838,251,n5,light
438840,241,n5,light
438842,238,n5,light
438844,225,n5,light
438846,214,n5,light
438848,204,n5,light
438850,192,n5,light
438852,192,n5,light
438854,189,n5,light
438856,182,n5,light
438858,176,n5,light
438860,182,n5,light
438862,190,n5,light
438864,192,n5,light
438866,209,n5,light
438868,230,n5,light
438870,227,n5,light
438872,257,n5,light
438874,270,n5,light
438876,276,n5,light
438878,270,n5,light
438880,281,n5,light
438882,278,n5,light
438884,275,n5,light
438886,277,n5,light
438888,304,n5,light
438890,325,n5,light
438892,359,n5,light
438894,359,n5,light
438896,359,n5,light
438898,373,n5,light
438900,374,n5,light
438902,362,n5,light
438904,372,n5,light
438906,368,n5,light
438908,375,n5,light
438910,362,n5,light
438912,349,n5,light
438914,342,n5,light
438916,341,n5,light
438918,367,n5,light
438920,351,n5,light
438922,350,n5,light
438924,333,n5,light
438926,332,n5,light
438928,324,n5,light
438930,325,n5,light
438932,337,n5,light
438934,336,n5,light
438936,323,n5,light
438938,305,n5,light
438940,321,n5,light
438942,338,n5,light
438944,330,n5,light
438946,342,n5,light
438948,362,n5,light
438950,353,n5,light
438952,336,n5,light
438954,327,n5,light
438956,324,n5,light
438958,310,n5,light
438960,304,n5,light
438962,301,n5,light
438964,287,n5,light
438966,292,n5,light
438968,301,n5,light
438970,292,n5,light
438972,304,n5,light
438974,305,n5,light
438976,304,n5,light
438978,295,n5,light
438980,295,n5,light
438982,293,n5,light
438984,281,n5,light
438986,286,n5,light
438988,279,n5,light
438990,318,n5,light
438992,322,n5,light
438994,326,n5,light
438996,336,n5,light
438998,345,n5,light
439000,338,n5,light
439002,325,n5,light
439004,335,n5,light
439006,333,n5,light
439008,321,n5,light
439010,304,n5,light
439012,292,n5,light
439014,275,n5,light
439016,272,n5,light
439018,258,n5,light
439020,245,n5,light
439022,237,n5,light
439024,226,n5,light
439026,225,n5,light
439028,215,n5,light
439030,206,n5,light
439032,193,n5,light
439034,193,n5,light
439036,185,n5,light
439038,176,n5,light
439040,185,n5,light
439042,177,n5,light
439044,169,n5,light
439046,158,n5,light
439048,157,n5,light
439050,147,n5,light
439052,139,n5,light
439054,144,n5,light
439056,158,n5,light
439058,162,n5,light
439060,170,n5,light
439062,162,n5,light
439064,161,n5,light
439066,163,n5,light
439068,167,n5,light
439070,175,n5,light
439072,214,n5,light
439074,219,n5,light
439076,222,n5,light
439078,221,n5,light
439080,223,n5,light
439082,221,n5,light
439084,217,n5,light
439086,209,n5,light
439088,222,n5,light
439090,226,n5,light
439092,226,n5,light
439094,216,n5,light
439096,208,n5,light
439098,194,n5,light
439100,188,n5,light
439102,192,n5,light
439104,194,n5,light
439106,199,n5,light
439108,197,n5,light
439110,210,n5,light
439112,202,n5,light
439114,199,n5,light
439116,198,n5,light
439118,195,n5,light
439120,227,n5,light
439122,225,n5,light
439124,210,n5,light
439126,202,n5,light
439128,199,n5,light
439130,183,n5,light
439132,176,n5,light
439134,171,n5,light
439136,186,n5,light
439138,187,n5,light
439140,181,n5,light
439142,176,n5,light
439144,176,n5,light
439146,174,n5,light
439148,173,n5,light
439150,176,n5,light
439152,182,n5,light
439154,181,n5,light
439156,176,n5,light
439158,192,n5,light
439160,182,n5,light
439162,173,n5,light
439164,176,n5,light
439166,176,n5,light
439168,194,n5,light
439170,205,n5,light
439172,204,n5,light
439174,211,n5,light
439176,216,n5,light
439178,222,n5,light
439180,230,n5,light
439182,240,n5,light
439184,238,n5,light
439186,229,n5,light
439188,245,n5,light
439190,247,n5,light
439192,240,n5,light
439194,241,n5,light
439196,265,n5,light
439198,286,n5,light
439200,272,n5,light
439202,257,n5,light
439204,246,n5,light
439206,240,n5,light
439208,240,n5,light
439210,254,n5,light
439212,240,n5,light
439214,227,n5,light
439216,215,n5,light
439218,205,n5,light
439220,194,n5,light
439222,183,n5,light
439224,175,n5,light
439226,170,n5,light
439228,159,n5,light
439230,155,n5,light
439232,144,n5,light
439234,143,n5,light
439236,133,n5,light
439238,125,n5,light
439240,128,n5,light
439242,157,n5,light
439244,161,n5,light
439246,157,n5,light
439248,154,n5,light
439250,181,n5,light
439252,197,n5,light
439254,185,n5,light
439256,178,n5,light
439258,183,n5,light
439260,174,n5,light
439262,171,n5,light
439264,162,n5,light
439266,160,n5,light
439268,162,n5,light
439270,155,n5,light
439272,149,n5,light
439274,145,n5,light
439276,138,n5,light
439278,144,n5,light
439280,139,n5,light
439282,141,n5,light
439284,132,n5,light
439286,136,n5,light
439288,154,n5,light
439290,144,n5,light
439292,150,n5,light
439294,163,n5,light
439296,181,n5,light
439298,190,n5,light
439300,202,n5,light
439302,216,n5,light
439304,230,n5,light
439306,240,n5,light
439308,240,n5,light
439310,253,n5,light
439312,242,n5,light
439314,235,n5,light
439316,222,n5,light
439318,208,n5,light
439320,205,n5,light
439322,208,n5,light
439324,203,n5,light
439326,210,n5,light
439328,209,n5,light
439330,215,n5,light
439332,215,n5,light
439334,204,n5,light
439336,195,n5,light
439338,207,n5,light
439340,206,n5,light
439342,196,n5,light
439344,189,n5,light
439346,182,n5,light
439348,178,n5,light
439350,183,n5,light
439352,182,n5,light
439354,217,n5,light
439356,244,n5,light
439358,239,n5,light
439360,238,n5,light
439362,230,n5,light
439364,222,n5,light
439366,211,n5,light
439368,215,n5,light
439370,209,n5,light
439372,207,n5,light
439374,208,n5,light
439376,209,n5,light
439378,234,n5,light
439380,224,n5,light
439382,209,n5,light
439384,205,n5,light
439386,203,n5,light
439388,202,n5,light
439390,198,n5,light
439392,191,n5,light
439394,179,n5,light
439396,173,n5,light
439398,162,n5,light
439400,155,n5,light
439402,155,n5,light
439404,177,n5,light
439406,196,n5,light
439408,193,n5,light
439410,181,n5,light
439412,237,n5,light
439414,262,n5,light
439416,254,n5,light
439418,245,n5,light
439420,237,n5,light
439422,235,n5,light
439424,223,n5,light
439426,212,n5,light
439428,206,n5,light
439430,205,n5,light
439432,192,n5,light
439434,195,n5,light
439436,206,n5,light
439438,198,n5,light
439440,192,n5,light
439442,189,n5,light
439444,180,n5,light
439446,183,n5,light
439448,181,n5,light
439450,181,n5,light
439452,179,n5,light
439454,171,n5,light
439456,165,n5,light
439458,167,n5,light
439460,164,n5,light
439462,167,n5,light
439464,174,n5,light
439466,175,n5,light
439468,178,n5,light
439470,187,n5,light
439472,176,n5,light
439474,182,n5,light
439476,187,n5,light
439478,192,n5,light
439480,189,n5,light
439482,208,n5,light
439484,206,n5,light
439486,215,n5,light
439488,237,n5,light
439490,228,n5,light
439492,276,n5,light
439494,306,n5,light
439496,293,n5,light
439498,301,n5,light
439500,287,n5,light
439502,281,n5,light
439504,269,n5,light
439506,273,n5,light
439508,272,n5,light
439510,268,n5,light
439512,256,n5,light
439514,242,n5,light
439516,234,n5,light
439518,223,n5,light
439520,212,n5,light
439522,211,n5,light
439524,209,n5,light
439526,207,n5,light
439528,222,n5,light
439530,234,n5,light
439532,267,n5,light
439534,263,n5,light
439536,249,n5,light
439538,242,n5,light
439540,239,n5,light
439542,227,n5,light
439544,217,n5,light
439546,208,n5,light
439548,208,n5,light
439550,228,n5,light
439552,232,n5,light
439554,224,n5,light
439556,265,n5,light
439558,279,n5,light
439560,303,n5,light
439562,313,n5,light
439564,303,n5,light
439566,324,n5,light
439568,342,n5,light
439570,390,n5,light
439572,407,n5,light
439574,435,n5,light
439576,424,n5,light
439578,437,n5,light
439580,446,n5,light
439582,426,n5,light
439584,412,n5,light
439586,394,n5,light
439588,383,n5,light
439590,389,n5,light
439592,377,n5,light
439594,357,n5,light
439596,352,n5,light
439598,336,n5,light
439600,321,n5,light
439602,314,n5,light
439604,299,n5,light
439606,297,n5,light
439608,330,n5,light
439610,320,n5,light
439612,304,n5,light
439614,304,n5,light
439616,295,n5,light
439618,293,n5,light
439620,305,n5,light
439622,304,n5,light
439624,298,n5,light
439626,314,n5,light
439628,308,n5,light
439630,293,n5,light
439632,295,n5,light
439634,293,n5,light
439636,302,n5,light
439638,316,n5,light
439640,303,n5,light
439642,290,n5,light
439644,279,n5,light
439646,272,n5,light
439648,258,n5,light
439650,272,n5,light
439652,273,n5,light
439654,286,n5,light
439656,283,n5,light
439658,275,n5,light
439660,277,n5,light
439662,304,n5,light
439664,313,n5,light
439666,320,n5,light
439668,309,n5,light
439670,323,n5,light
439672,317,n5,light
439674,305,n5,light
439676,307,n5,light
439678,331,n5,light
439680,327,n5,light
439682,317,n5,light
439684,319,n5,light
439686,320,n5,light
439688,310,n5,light
439690,305,n5,light
439692,299,n5,light
439694,290,n5,light
439696,291,n5,light
439698,299,n5,light
439700,299,n5,light
439702,295,n5,light
439704,303,n5,light
439706,306,n5,light
439708,289,n5,light
439710,284,n5,light
439712,272,n5,light
439714,282,n5,light
439716,287,n5,light
439718,334,n5,light
439720,337,n5,light
439722,336,n5,light
439724,360,n5,light
439726,351,n5,light
439728,351,n5,light
439730,352,n5,light
439732,336,n5,light
439734,319,n5,light
439736,318,n5,light
439738,352,n5,light
439740,343,n5,light
439742,334,n5,light
439744,329,n5,light
439746,337,n5,light
439748,371,n5,light
439750,397,n5,light
439752,375,n5,light
439754,374,n5,light
439756,401,n5,light
439758,431,n5,light
439760,457,n5,light
439762,464,n5,light
439764,445,n5,light
439766,430,n5,light
439768,432,n5,light
439770,407,n5,light
439772,397,n5,light
439774,384,n5,light
439776,379,n5,light
439778,366,n5,light
439780,348,n5,light
439782,333,n5,light
439784,315,n5,light
439786,301,n5,light
439788,290,n5,light
439790,282,n5,light
439792,265,n5,light
439794,258,n5,light
439796,262,n5,light
439798,282,n5,light
439800,285,n5,light
439802,295,n5,light
439804,336,n5,light
439806,370,n5,light
439808,368,n5,light
439810,353,n5,light
439812,354,n5,light
439814,374,n5,light
439816,370,n5,light
439818,384,n5,light
439820,400,n5,light
439822,394,n5,light
439824,391,n5,light
439826,382,n5,light
439828,385,n5,light
439830,417,n5,light
439832,496,n5,light
439834,511,n5,light
439836,506,n5,light
439838,544,n5,light
439840,565,n5,light
439842,549,n5,light
439844,544,n5,light
439846,537,n5,light
439848,511,n5,light
439850,497,n5,light
439852,476,n5,light
439854,464,n5,light
439856,446,n5,light
439858,423,n5,light
439860,403,n5,light
439862,387,n5,light
439864,371,n5,light
439866,359,n5,light
439868,365,n5,light
439870,347,n5,light
439872,331,n5,light
439874,313,n5,light
439876,317,n5,light
439878,353,n5,light
439880,350,n5,light
439882,335,n5,light
439884,323,n5,light
439886,319,n5,light
439888,338,n5,light
439890,358,n5,light
439892,367,n5,light
439894,383,n5,light
439896,417,n5,light
439898,440,n5,light
439900,427,n5,light
439902,438,n5,light
439904,423,n5,light
439906,404,n5,light
439908,407,n5,light
439910,411,n5,light
439912,446,n5,light
439914,455,n5,light
439916,474,n5,light
439918,464,n5,light
439920,448,n5,light
439922,442,n5,light
439924,436,n5,light
439926,432,n5,light
439928,430,n5,light
439930,432,n5,light
439932,450,n5,light
439934,464,n5,light
439936,473,n5,light
439938,485,n5,light
439940,471,n5,light
439942,448,n5,light
439944,441,n5,light
439946,430,n5,light
439948,403,n5,light
439950,390,n5,light
439952,396,n5,light
439954,384,n5,light
439956,384,n5,light
439958,373,n5,light
439960,379,n5,light
439962,368,n5,light
439964,375,n5,light
439966,395,n5,light
439968,380,n5,light
439970,373,n5,light
439972,368,n5,light
439974,346,n5,light
439976,334,n5,light
439978,330,n5,light
439980,336,n5,light
439982,347,n5,light
439984,333,n5,light
439986,343,n5,light
439988,349,n5,light
439990,379,n5,light
439992,403,n5,light
439994,414,n5,light
439996,405,n5,light
439998,457,n5,light
440000,476,n5,light
440002,464,n5,light
440004,455,n5,light
440006,471,n5,light
440008,490,n5,light
440010,501,n5,light
440012,499,n5,light
440014,511,n5,light
440016,491,n5,light
440018,477,n5,light
440020,455,n5,light
440022,433,n5,light
440024,432,n5,light
440026,409,n5,light
440028,407,n5,light
440030,397,n5,light
440032,373,n5,light
440034,365,n5,light
440036,358,n5,light
440038,341,n5,light
440040,336,n5,light
440042,339,n5,light
440044,339,n5,light
440046,338,n5,light
440048,321,n5,light
440050,336,n5,light
440052,346,n5,light
440054,330,n5,light
440056,318,n5,light
440058,304,n5,light
440060,291,n5,light
440062,278,n5,light
440064,269,n5,light
440066,268,n5,light
440068,256,n5,light
440070,246,n5,light
440072,255,n5,light
440074,273,n5,light
440076,283,n5,light
440078,273,n5,light
440080,272,n5,light
440082,257,n5,light
440084,247,n5,light
440086,262,n5,light
440088,268,n5,light
440090,282,n5,light
440092,299,n5,light
440094,304,n5,light
440096,324,n5,light
440098,321,n5,light
440100,356,n5,light
440102,353,n5,light
440104,352,n5,light
440106,367,n5,light
440108,361,n5,light
440110,350,n5,light
440112,336,n5,light
440114,339,n5,light
440116,326,n5,light
440118,321,n5,light
440120,307,n5,light
440122,301,n5,light
440124,298,n5,light
440126,291,n5,light
440128,277,n5,light
440130,267,n5,light
440132,262,n5,light
440134,266,n5,light
440136,262,n5,light
440138,251,n5,light
440140,256,n5,light
440142,256,n5,light
440144,249,n5,light
440146,257,n5,light
440148,274,n5,light
440150,270,n5,light
440152,260,n5,light
440154,259,n5,light
440156,294,n5,light
440158,347,n5,light
440160,354,n5,light
440162,393,n5,light
440164,414,n5,light
440166,399,n5,light
440168,386,n5,light
440170,383,n5,light
440172,366,n5,light
440174,352,n5,light
440176,336,n5,light
440178,324,n5,light
440180,313,n5,light
440182,303,n5,light
440184,304,n5,light
440186,292,n5,light
440188,279,n5,light
440190,267,n5,light
440192,275,n5,light
440194,278,n5,light
440196,277,n5,light
440198,278,n5,light
440200,266,n5,light
440202,257,n5,light
440204,255,n5,light
440206,267,n5,light
440208,290,n5,light
440210,315,n5,light
440212,311,n5,light
440214,304,n5,light
440216,288,n5,light
440218,277,n5,light
440220,265,n5,light
440222,262,n5,light
440224,251,n5,light
440226,248,n5,light
440228,251,n5,light
440230,256,n5,light
440232,257,n5,light
440234,259,n5,light
440236,251,n5,light
440238,240,n5,light
440240,243,n5,light
440242,240,n5,light
440244,227,n5,light
440246,225,n5,light
440248,241,n5,light
440250,242,n5,light
440252,235,n5,light
440254,223,n5,light
440256,229,n5,light
440258,225,n5,light
440260,211,n5,light
440262,207,n5,light
440264,192,n5,light
440266,182,n5,light
440268,179,n5,light
440270,206,n5,light
440272,201,n5,light
440274,218,n5,light
440276,224,n5,light
440278,226,n5,light
440280,240,n5,light
440282,241,n5,light
440284,240,n5,light
440286,257,n5,light
440288,293,n5,light
440290,283,n5,light
440292,272,n5,light
440294,262,n5,light
440296,260,n5,light
440298,259,n5,light
440300,251,n5,light
440302,247,n5,light
440304,245,n5,light
440306,272,n5,light
440308,284,n5,light
440310,293,n5,light
440312,276,n5,light
440314,264,n5,light
440316,254,n5,light
440318,241,n5,light
440320,240,n5,light
440322,227,n5,light
440324,214,n5,light
440326,224,n5,light
440328,249,n5,light
440330,244,n5,light
440332,245,n5,light
440334,240,n5,light
440336,257,n5,light
440338,278,n5,light
440340,281,n5,light
440342,267,n5,light
440344,271,n5,light
440346,257,n5,light
440348,245,n5,light
440350,240,n5,light
440352,254,n5,light
440354,281,n5,light
440356,288,n5,light
440358,275,n5,light
440360,286,n5,light
440362,288,n5,light
440364,273,n5,light
440366,265,n5,light
440368,258,n5,light
440370,261,n5,light
440372,256,n5,light
440374,255,n5,light
440376,241,n5,light
440378,249,n5,light
440380,248,n5,light
440382,250,n5,light
440384,261,n5,light
440386,250,n5,light
440388,278,n5,light
440390,278,n5,light
440392,267,n5,light
440394,263,n5,light
440396,258,n5,light
440398,267,n5,light
440400,264,n5,light
440402,273,n5,light
440404,279,n5,light
440406,269,n5,light
440408,295,n5,light
440410,299,n5,light
440412,347,n5,light
440414,370,n5,light
440416,373,n5,light
440418,394,n5,light
440420,429,n5,light
440422,406,n5,light
440424,386,n5,light
440426,385,n5,light
440428,400,n5,light
440430,391,n5,light
440432,369,n5,light
440434,350,n5,light
440436,334,n5,light
440438,320,n5,light
440440,322,n5,light
440442,336,n5,light
440444,367,n5,light
440446,363,n5,light
440448,361,n5,light
440450,375,n5,light
440452,373,n5,light
440454,378,n5,light
440456,384,n5,light
440458,373,n5,light
440460,367,n5,light
440462,355,n5,light
440464,360,n5,light
440466,371,n5,light
440468,379,n5,light
440470,369,n5,light
440472,361,n5,light
440474,366,n5,light
440476,394,n5,light
440478,400,n5,light
440480,386,n5,light
440482,375,n5,light
440484,362,n5,light
440486,363,n5,light
440488,412,n5,light
440490,419,n5,light
440492,433,n5,light
440494,438,n5,light
440496,448,n5,light
440498,433,n5,light
440500,435,n5,light
440502,432,n5,light
440504,410,n5,light
440506,400,n5,light
440508,390,n5,light
440510,384,n5,light
440512,397,n5,light
440514,383,n5,light
440516,368,n5,light
440518,387,n5,light
440520,419,n5,light
440522,407,n5,light
440524,401,n5,light
440526,394,n5,light
440528,383,n5,light
440530,384,n5,light
440532,371,n5,light
440534,361,n5,light
440536,372,n5,light
440538,365,n5,light
440540,354,n5,light
440542,338,n5,light
440544,338,n5,light
440546,323,n5,light
440548,310,n5,light
440550,299,n5,light
440552,304,n5,light
440554,303,n5,light
440556,289,n5,light
440558,297,n5,light
440560,317,n5,light
440562,319,n5,light
440564,325,n5,light
440566,317,n5,light
440568,307,n5,light
440570,325,n5,light
440572,322,n5,light
440574,309,n5,light
440576,309,n5,light
440578,305,n5,light
440580,298,n5,light
440582,284,n5,light
440584,290,n5,light
440586,280,n5,light
440588,311,n5,light
440590,326,n5,light
440592,313,n5,light
440594,305,n5,light
440596,295,n5,light
440598,328,n5,light
440600,333,n5,light
440602,318,n5,light
440604,325,n5,light
440606,317,n5,light
440608,302,n5,light
440610,282,n5,light
440612,278,n5,light
440614,277,n5,light
440616,299,n5,light
440618,283,n5,light
440620,272,n5,light
440622,272,n5,light
440624,266,n5,light
440626,252,n5,light
440628,242,n5,light
440630,237,n5,light
440632,231,n5,light
440634,231,n5,light
440636,226,n5,light
440638,211,n5,light
440640,206,n5,light
440642,217,n5,light
440644,207,n5,light
440646,199,n5,light
440648,190,n5,light
440650,187,n5,light
440652,195,n5,light
440654,194,n5,light
440656,206,n5,light
440658,226,n5,light
440660,229,n5,light
440662,228,n5,light
440664,257,n5,light
440666,250,n5,light
440668,241,n5,light
440670,239,n5,light
440672,230,n5,light
440674,221,n5,light
440676,209,n5,light
440678,219,n5,light
440680,227,n5,light
440682,254,n5,light
440684,272,n5,light
440686,259,n5,light
440688,261,n5,light
440690,261,n5,light
440692,250,n5,light
440694,245,n5,light
440696,234,n5,light
440698,222,n5,light
440700,215,n5,light
440702,220,n5,light
440704,217,n5,light
440706,209,n5,light
440708,233,n5,light
440710,240,n5,light
440712,240,n5,light
440714,270,n5,light
440716,274,n5,light
440718,264,n5,light
440720,304,n5,light
440722,336,n5,light
440724,336,n5,light
440726,328,n5,light
440728,323,n5,light
440730,339,n5,light
440732,332,n5,light
440734,321,n5,light
440736,306,n5,light
440738,302,n5,light
440740,283,n5,light
440742,283,n5,light
440744,276,n5,light
440746,277,n5,light
440748,279,n5,light
440750,304,n5,light
440752,291,n5,light
440754,305,n5,light
440756,325,n5,light
440758,320,n5,light
440760,304,n5,light
440762,300,n5,light
440764,297,n5,light
440766,283,n5,light
440768,306,n5,light
440770,311,n5,light
440772,300,n5,light
440774,286,n5,light
440776,275,n5,light
440778,295,n5,light
440780,287,n5,light
440782,283,n5,light
440784,275,n5,light
440786,278,n5,light
440788,266,n5,light
440790,255,n5,light
440792,267,n5,light
440794,256,n5,light
440796,242,n5,light
440798,241,n5,light
440800,234,n5,light
440802,240,n5,light
440804,234,n5,light
440806,248,n5,light
440808,238,n5,light
440810,229,n5,light
440812,231,n5,light
440814,239,n5,light
440816,228,n5,light
440818,219,n5,light
440820,208,n5,light
440822,196,n5,light
440824,197,n5,light
440826,192,n5,light
440828,191,n5,light
440830,210,n5,light
440832,221,n5,light
440834,222,n5,light
440836,210,n5,light
440838,203,n5,light
440840,208,n5,light
440842,197,n5,light
440844,189,n5,light
440846,207,n5,light
440848,202,n5,light
440850,205,n5,light
440852,214,n5,light
440854,218,n5,light
440856,210,n5,light
440858,205,n5,light
440860,192,n5,light
440862,179,n5,light
440864,175,n5,light
440866,161,n5,light
440868,154,n5,light
440870,171,n5,light
440872,180,n5,light
440874,179,n5,light
440876,176,n5,light
440878,182,n5,light
440880,174,n5,light
440882,168,n5,light
440884,155,n5,light
440886,155,n5,light
440888,156,n5,light
440890,160,n5,light
440892,165,n5,light
440894,166,n5,light
440896,159,n5,light
440898,192,n5,light
440900,208,n5,light
440902,208,n5,light
440904,202,n5,light
440906,200,n5,light
440908,192,n5,light
440910,190,n5,light
440912,199,n5,light
440914,235,n5,light
440916,240,n5,light
440918,263,n5,light
440920,263,n5,light
440922,269,n5,light
440924,265,n5,light
440926,289,n5,light
440928,305,n5,light
440930,302,n5,light
440932,279,n5,light
440934,281,n5,light
440936,302,n5,light
440938,318,n5,light
440940,314,n5,light
440942,299,n5,light
440944,299,n5,light
440946,285,n5,light
440948,275,n5,light
440950,286,n5,light
440952,281,n5,light
440954,278,n5,light
440956,272,n5,light
440958,272,n5,light
440960,269,n5,light
440962,272,n5,light
440964,269,n5,light
440966,270,n5,light
449992,3667,n5,light
449994,1840,n5,light
449996,1867,n5,light
449998,1793,n5,light
450000,1719,n5,light
450002,1659,n5,light
450004,1621,n5,light
450006,1583,n5,light
450008,1511,n5,light
450010,1456,n5,light
450012,1409,n5,light
450014,1345,n5,light
450016,1294,n5,light
450018,1250,n5,light
450020,1217,n5,light
450022,1197,n5,light
450024,1152,n5,light
450026,1133,n5,light
450028,1079,n5,light
450030,1051,n5,light
450032,1008,n5,light
450034,971,n5,light
450036,926,n5,light
450038,883,n5,light
450040,852,n5,light
450042,815,n5,light
450044,775,n5,light
450046,740,n5,light
450048,706,n5,light
450050,674,n5,light
450052,652,n5,light
450054,640,n5,light
450056,610,n5,light
450058,607,n5,light
450060,587,n5,light
450062,560,n5,light
450064,561,n5,light
450066,543,n5,light
450068,511,n5,light
450070,505,n5,light
450072,503,n5,light
450074,496,n5,light
450076,507,n5,light
450078,486,n5,light
450080,464,n5,light
450082,442,n5,light
450084,421,n5,light
450086,400,n5,light
450088,389,n5,light
450090,389,n5,light
450092,388,n5,light
450094,375,n5,light
450096,391,n5,light
450098,373,n5,light
450100,381,n5,light
450102,371,n5,light
450104,355,n5,light
450106,337,n5,light
450108,322,n5,light
450110,314,n5,light
450112,302,n5,light
450114,283,n5,light
450116,270,n5,light
450118,267,n5,light
450120,251,n5,light
450122,245,n5,light
450124,239,n5,light
450126,229,n5,light
450128,223,n5,light
450130,215,n5,light
450132,208,n5,light
450134,199,n5,light
450136,204,n5,light
450138,204,n5,light
450140,192,n5,light
450142,190,n5,light
450144,224,n5,light
450146,230,n5,light
450148,226,n5,light
450150,270,n5,light
450152,260,n5,light
450154,242,n5,light
450156,231,n5,light
450158,231,n5,light
450160,235,n5,light
450162,230,n5,light
450164,237,n5,light
450166,240,n5,light
450168,239,n5,light
450170,225,n5,light
450172,224,n5,light
450174,229,n5,light
450176,243,n5,light
450178,246,n5,light
450180,249,n5,light
450182,240,n5,light
450184,226,n5,light
450186,218,n5,light
450188,238,n5,light
450190,252,n5,light
450192,253,n5,light
450194,247,n5,light
450196,250,n5,light
450198,246,n5,light
450200,259,n5,light
450202,322,n5,light
450204,320,n5,light
450206,305,n5,light
450208,306,n5,light
450210,305,n5,light
450212,295,n5,light
450214,296,n5,light
450216,280,n5,light
450218,271,n5,light
450220,259,n5,light
450222,246,n5,light
450224,281,n5,light
450226,309,n5,light
450228,368,n5,light
450230,376,n5,light
450232,373,n5,light
450234,376,n5,light
450236,368,n5,light
450238,349,n5,light
450240,353,n5,light
450242,397,n5,light
450244,394,n5,light
450246,398,n5,light
450248,448,n5,light
450250,443,n5,light
450252,428,n5,light
450254,422,n5,light
450256,414,n5,light
450258,418,n5,light
450260,411,n5,light
450262,390,n5,light
450264,391,n5,light
450266,386,n5,light
450268,394,n5,light
450270,384,n5,light
450272,368,n5,light
450274,368,n5,light
450276,399,n5,light
450278,411,n5,light
450280,414,n5,light
450282,455,n5,light
450284,441,n5,light
450286,455,n5,light
450288,443,n5,light
450290,433,n5,light
450292,427,n5,light
450294,419,n5,light
450296,429,n5,light
450298,415,n5,light
450300,443,n5,light
450302,467,n5,light
450304,509,n5,light
450306,556,n5,light
450308,532,n5,light
450310,501,n5,light
450312,479,n5,light
450314,458,n5,light
450316,434,n5,light
450318,421,n5,light
450320,401,n5,light
450322,414,n5,light
450324,450,n5,light
450326,453,n5,light
450328,450,n5,light
450330,434,n5,light
450332,434,n5,light
450334,418,n5,light
450336,416,n5,light
450338,422,n5,light
450340,445,n5,light
450342,421,n5,light
450344,400,n5,light
450346,386,n5,light
450348,373,n5,light
450350,379,n5,light
450352,359,n5,light
450354,342,n5,light
450356,354,n5,light
450358,368,n5,light
450360,359,n5,light
450362,349,n5,light
450364,342,n5,light
450366,339,n5,light
450368,349,n5,light
450370,371,n5,light
450372,367,n5,light
450374,354,n5,light
450376,391,n5,light
450378,446,n5,light
450380,439,n5,light
450382,577,n5,light
450384,880,n5,light
450386,1127,n5,light
450388,1322,n5,light
450390,1473,n5,light
450392,1619,n5,light
450394,1747,n5,light
450396,1870,n5,light
450398,2023,n5,light
450400,2143,n5,light
450402,2263,n5,light
450404,2354,n5,light
450406,2434,n5,light
450408,2511,n5,light
450410,2625,n5,light
450412,2678,n5,light
450414,510,n5,light
450416,883,n5,light
450418,866,n5,light
450420,835,n5,light
450422,823,n5,light
450424,845,n5,light
450426,826,n5,light
450428,822,n5,light
450430,816,n5,light
450432,785,n5,light
450434,763,n5,light
450436,739,n5,light
450438,706,n5,light
450440,672,n5,light
450442,640,n5,light
450444,613,n5,light
450446,583,n5,light
450448,562,n5,light
450450,559,n5,light
450452,560,n5,light
450454,581,n5,light
450456,569,n5,light
450458,570,n5,light
450460,551,n5,light
450462,545,n5,light
450464,538,n5,light
450466,528,n5,light
450468,506,n5,light
450470,487,n5,light
450472,483,n5,light
450474,511,n5,light
450476,500,n5,light
450478,528,n5,light
450480,528,n5,light
450482,510,n5,light
450484,506,n5,light
450486,486,n5,light
450488,477,n5,light
450490,477,n5,light
450492,453,n5,light
450494,458,n5,light
450496,483,n5,light
450498,475,n5,light
450500,485,n5,light
450502,469,n5,light
450504,466,n5,light
450506,458,n5,light
450508,461,n5,light
450510,448,n5,light
450512,432,n5,light
450514,410,n5,light
450516,388,n5,light
450518,370,n5,light
450520,363,n5,light
450522,381,n5,light
450524,363,n5,light
450526,350,n5,light
450528,340,n5,light
450530,354,n5,light
450532,380,n5,light
450534,371,n5,light
450536,370,n5,light
450538,368,n5,light
450540,345,n5,light
450542,346,n5,light
450544,330,n5,light
450546,313,n5,light
450548,294,n5,light
450550,290,n5,light
450552,298,n5,light
450554,292,n5,light
450556,276,n5,light
450558,269,n5,light
450560,278,n5,light
450562,268,n5,light
450564,263,n5,light
450566,245,n5,light
450568,235,n5,light
450570,223,n5,light
450572,263,n5,light
450574,270,n5,light
450576,270,n5,light
450578,261,n5,light
450580,266,n5,light
450582,269,n5,light
450584,264,n5,light
450586,256,n5,light
450588,267,n5,light
450590,272,n5,light
450592,261,n5,light
450594,274,n5,light
450596,288,n5,light
450598,276,n5,light
450600,271,n5,light
450602,262,n5,light
450604,259,n5,light
450606,258,n5,light
450608,272,n5,light
450610,285,n5,light
450612,304,n5,light
450614,293,n5,light
450616,275,n5,light
450618,299,n5,light
450620,327,n5,light
450622,334,n5,light
450624,367,n5,light
450626,358,n5,light
450628,343,n5,light
450630,331,n5,light
450632,331,n5,light
450634,343,n5,light
450636,339,n5,light
450638,359,n5,light
450640,382,n5,light
450642,376,n5,light
450644,359,n5,light
450646,368,n5,light
450648,395,n5,light
450650,409,n5,light
450652,422,n5,light
450654,444,n5,light
450656,470,n5,light
450658,457,n5,light
450660,463,n5,light
450662,448,n5,light
450664,454,n5,light
450666,434,n5,light
450668,431,n5,light
450670,415,n5,light
450672,428,n5,light
450674,417,n5,light
450676,400,n5,light
450678,419,n5,light
450680,430,n5,light
450682,430,n5,light
450684,416,n5,light
450686,438,n5,light
450688,429,n5,light
450690,411,n5,light
450692,395,n5,light
450694,395,n5,light
450696,399,n5,light
450698,385,n5,light
450700,385,n5,light
450702,368,n5,light
450704,362,n5,light
450706,358,n5,light
450708,339,n5,light
450710,326,n5,light
450712,323,n5,light
450714,307,n5,light
450716,313,n5,light
450718,314,n5,light
450720,297,n5,light
450722,314,n5,light
450724,346,n5,light
450726,343,n5,light
450728,330,n5,light
450730,327,n5,light
450732,320,n5,light
450734,317,n5,light
450736,309,n5,light
450738,320,n5,light
450740,304,n5,light
450742,314,n5,light
450744,315,n5,light
450746,304,n5,light
450748,297,n5,light
450750,305,n5,light
450752,290,n5,light
450754,298,n5,light
450756,306,n5,light
450758,308,n5,light
450760,336,n5,light
450762,337,n5,light
450764,354,n5,light
450766,362,n5,light
450768,351,n5,light
450770,397,n5,light
450772,451,n5,light
450774,467,n5,light
450776,467,n5,light
450778,495,n5,light
450780,550,n5,light
450782,548,n5,light
450784,543,n5,light
450786,528,n5,light
450788,531,n5,light
450790,543,n5,light
450792,912,n5,light
450794,1175,n5,light
450796,1392,n5,light
450798,1561,n5,light
450800,1710,n5,light
450802,1840,n5,light
450804,1977,n5,light
450806,2127,n5,light
450808,2258,n5,light
450810,2359,n5,light
450812,2461,n5,light
450814,2559,n5,light
450816,2672,n5,light
450818,2753,n5,light
450820,2861,n5,light
450822,3034,n5,light
450824,3791,n5,light
450826,4095,n5,light
450828,4095,n5,light
450830,2489,n5,light
450832,3023,n5,light
450834,3252,n5,light
450836,3394,n5,light
450838,3393,n5,light
450840,3314,n5,light
450842,3175,n5,light
450844,3041,n5,light
450846,2887,n5,light
450848,2818,n5,light
450850,2733,n5,light
450852,2624,n5,light
450854,2532,n5,light
450856,2451,n5,light
450858,2400,n5,light
450860,2310,n5,light
450862,2225,n5,light
450864,2190,n5,light
450866,2123,n5,light
450868,2055,n5,light
450870,2427,n5,light
450872,2665,n5,light
450874,2801,n5,light
450876,2928,n5,light
450878,3027,n5,light
450880,3127,n5,light
450882,3216,n5,light
450884,3317,n5,light
450886,3408,n5,light
450888,3485,n5,light
450890,3600,n5,light
450892,3670,n5,light
450894,3739,n5,light
450896,3903,n5,light
450898,4095,n5,light
450900,4095,n5,light
450902,4095,n5,light
450904,4095,n5,light
450906,4095,n5,light
450908,4095,n5,light
450910,4095,n5,light
450912,4095,n5,light
450914,4095,n5,light
450916,4095,n5,light
450918,4095,n5,light
450920,4095,n5,light
450922,4095,n5,light
450924,4095,n5,light
450926,4095,n5,light
450928,4095,n5,light
450930,4095,n5,light
450932,3933,n5,light
450934,3731,n5,light
450936,3568,n5,light
450938,3454,n5,light
450940,3367,n5,light
450942,3302,n5,light
450944,3246,n5,light
450946,3202,n5,light
450948,3170,n5,light
450950,3142,n5,light
450952,3118,n5,light
450954,3098,n5,light
450956,3071,n5,light
450958,3062,n5,light
450960,3047,n5,light
450962,3034,n5,light
450964,3024,n5,light
450966,3011,n5,light
450968,3006,n5,light
450970,2998,n5,light
450972,2993,n5,light
450974,2987,n5,light
450976,2982,n5,light
450978,2970,n5,light
450980,2967,n5,light
450982,2961,n5,light
450984,2960,n5,light
450986,2954,n5,light
450988,2950,n5,light
450990,2947,n5,light
450992,2944,n5,light
450994,2941,n5,light
450996,2937,n5,light
450998,2930,n5,light
451000,2926,n5,light
451002,2922,n5,light
451004,2917,n5,light
451006,2919,n5,light
451008,2915,n5,light
451010,2914,n5,light
451012,2910,n5,light
451014,2907,n5,light
451016,2903,n5,light
451018,2901,n5,light
451020,2901,n5,light
451022,2901,n5,light
451024,2898,n5,light
451026,2897,n5,light
451028,2896,n5,light
451030,2896,n5,light
451032,2896,n5,light
451034,2890,n5,light
451036,2894,n5,light
451038,2892,n5,light
451040,2891,n5,light
451042,2893,n5,light
451044,2891,n5,light
451046,2887,n5,light
451048,2885,n5,light
451050,2883,n5,light
451052,2882,n5,light
451054,2881,n5,light
451056,2880,n5,light
451058,2881,n5,light
451060,2881,n5,light
451062,2878,n5,light
451064,2876,n5,light
451066,2874,n5,light
451068,2871,n5,light
451070,2875,n5,light
451072,2873,n5,light
451074,2869,n5,light
451076,2864,n5,light
451078,2866,n5,light
451080,2865,n5,light
451082,2864,n5,light
451084,2864,n5,light
451086,2864,n5,light
451088,2863,n5,light
451090,2863,n5,light
451092,2863,n5,light
451094,2863,n5,light
451096,94,n5,light
451098,283,n5,light
451100,270,n5,light
451102,287,n5,light
451104,336,n5,light
451106,339,n5,light
451108,336,n5,light
451110,330,n5,light
451112,338,n5,light
451114,336,n5,light
451116,321,n5,light
451118,320,n5,light
451120,320,n5,light
451122,313,n5,light
451124,297,n5,light
451126,304,n5,light
451128,331,n5,light
451130,327,n5,light
451132,349,n5,light
451134,353,n5,light
451136,353,n5,light
451138,336,n5,light
451140,350,n5,light
451142,336,n5,light
451144,348,n5,light
451146,350,n5,light
451148,368,n5,light
451150,359,n5,light
451152,338,n5,light
451154,350,n5,light
451156,334,n5,light
451158,319,n5,light
451160,308,n5,light
451162,306,n5,light
451164,304,n5,light
451166,304,n5,light
451168,311,n5,light
451170,305,n5,light
451172,315,n5,light
451174,327,n5,light
451176,369,n5,light
451178,356,n5,light
451180,357,n5,light
451182,346,n5,light
451184,336,n5,light
451186,350,n5,light
451188,341,n5,light
451190,335,n5,light
451192,343,n5,light
451194,355,n5,light
451196,349,n5,light
451198,353,n5,light
451200,371,n5,light
451202,360,n5,light
451204,351,n5,light
451206,346,n5,light
451208,373,n5,light
451210,384,n5,light
451212,369,n5,light
451214,368,n5,light
451216,400,n5,light
451218,418,n5,light
451220,432,n5,light
451222,495,n5,light
451224,543,n5,light
451226,549,n5,light
451228,594,n5,light
451230,613,n5,light
451232,593,n5,light
451234,597,n5,light
451236,589,n5,light
451238,617,n5,light
451240,640,n5,light
451242,641,n5,light
451244,649,n5,light
451246,630,n5,light
451248,606,n5,light
451250,593,n5,light
451252,593,n5,light
451254,611,n5,light
451256,623,n5,light
451258,593,n5,light
451260,567,n5,light
451262,551,n5,light
451264,543,n5,light
451266,545,n5,light
451268,560,n5,light
451270,567,n5,light
451272,592,n5,light
451274,576,n5,light
451276,560,n5,light
451278,562,n5,light
451280,547,n5,light
451282,511,n5,light
451284,490,n5,light
451286,464,n5,light
451288,446,n5,light
451290,427,n5,light
451292,418,n5,light
451294,404,n5,light
451296,387,n5,light
451298,368,n5,light
451300,357,n5,light
451302,359,n5,light
451304,354,n5,light
451306,341,n5,light
451308,324,n5,light
451310,326,n5,light
451312,330,n5,light
451314,333,n5,light
451316,347,n5,light
451318,360,n5,light
451320,349,n5,light
451322,335,n5,light
451324,326,n5,light
451326,352,n5,light
451328,354,n5,light
451330,342,n5,light
451332,368,n5,light
451334,411,n5,light
451336,396,n5,light
451338,385,n5,light
451340,370,n5,light
451342,387,n5,light
451344,402,n5,light
451346,405,n5,light
451348,391,n5,light
451350,381,n5,light
451352,400,n5,light
451354,496,n5,light
451356,528,n5,light
451358,511,n5,light
451360,511,n5,light
451362,496,n5,light
451364,474,n5,light
451366,473,n5,light
451368,496,n5,light
451370,493,n5,light
451372,483,n5,light
451374,478,n5,light
451376,453,n5,light
451378,432,n5,light
451380,410,n5,light
451382,405,n5,light
451384,437,n5,light
451386,439,n5,light
451388,460,n5,light
451390,450,n5,light
451392,468,n5,light
451394,469,n5,light
451396,455,n5,light
451398,445,n5,light
451400,459,n5,light
451402,474,n5,light
451404,468,n5,light
451406,458,n5,light
451408,446,n5,light
451410,436,n5,light
451412,464,n5,light
451414,453,n5,light
451416,435,n5,light
451418,418,n5,light
451420,419,n5,light
451422,413,n5,light
451424,397,n5,light
451426,381,n5,light
451428,362,n5,light
451430,363,n5,light
451432,375,n5,light
451434,397,n5,light
451436,413,n5,light
451438,461,n5,light
451440,541,n5,light
451442,541,n5,light
451444,539,n5,light
451446,545,n5,light
451448,547,n5,light
451450,526,n5,light
451452,533,n5,light
451454,525,n5,light
451456,501,n5,light
451458,496,n5,light
451460,511,n5,light
451462,510,n5,light
451464,510,n5,light
451466,498,n5,light
451468,497,n5,light
451470,506,n5,light
451472,526,n5,light
451474,529,n5,light
451476,535,n5,light
451478,528,n5,light
451480,551,n5,light
451482,535,n5,light
451484,549,n5,light
451486,573,n5,light
451488,626,n5,light
451490,624,n5,light
451492,599,n5,light
451494,587,n5,light
451496,561,n5,light
451498,563,n5,light
451500,597,n5,light
451502,614,n5,light
451504,605,n5,light
451506,633,n5,light
451508,611,n5,light
451510,592,n5,light
451512,583,n5,light
451514,557,n5,light
451516,530,n5,light
451518,496,n5,light
451520,484,n5,light
451522,500,n5,light
451524,511,n5,light
451526,562,n5,light
451528,569,n5,light
451530,606,n5,light
451532,594,n5,light
451534,588,n5,light
451536,613,n5,light
451538,594,n5,light
451540,582,n5,light
451542,565,n5,light
451544,549,n5,light
451546,554,n5,light
451548,569,n5,light
451550,551,n5,light
451552,554,n5,light
451554,589,n5,light
451556,588,n5,light
451558,607,n5,light
451560,644,n5,light
451562,630,n5,light
451564,650,n5,light
451566,627,n5,light
451568,611,n5,light
451570,586,n5,light
451572,577,n5,light
451574,575,n5,light
451576,555,n5,light
451578,538,n5,light
451580,528,n5,light
451582,498,n5,light
451584,491,n5,light
451586,470,n5,light
451588,462,n5,light
451590,459,n5,light
451592,458,n5,light
451594,482,n5,light
451596,494,n5,light
451598,494,n5,light
451600,467,n5,light
451602,455,n5,light
451604,465,n5,light
451606,479,n5,light
451608,464,n5,light
451610,446,n5,light
451612,423,n5,light
451614,412,n5,light
451616,410,n5,light
451618,407,n5,light
451620,397,n5,light
451622,417,n5,light
451624,430,n5,light
451626,414,n5,light
451628,400,n5,light
451630,388,n5,light
451632,384,n5,light
451634,363,n5,light
451636,341,n5,light
451638,336,n5,light
451640,375,n5,light
451642,398,n5,light
451644,398,n5,light
451646,399,n5,light
451648,400,n5,light
451650,406,n5,light
451652,413,n5,light
451654,414,n5,light
451656,397,n5,light
451658,389,n5,light
451660,381,n5,light
451662,363,n5,light
451664,354,n5,light
451666,349,n5,light
451668,324,n5,light
451670,331,n5,light
451672,336,n5,light
451674,351,n5,light
451676,368,n5,light
451678,378,n5,light
451680,383,n5,light
451682,363,n5,light
451684,368,n5,light
451686,370,n5,light
451688,358,n5,light
451690,352,n5,light
451692,384,n5,light
451694,379,n5,light
451696,372,n5,light
451698,387,n5,light
451700,395,n5,light
451702,383,n5,light
451704,422,n5,light
451706,418,n5,light
451708,427,n5,light
451710,417,n5,light
451712,401,n5,light
451714,409,n5,light
451716,400,n5,light
451718,400,n5,light
451720,403,n5,light
451722,402,n5,light
451724,398,n5,light
451726,384,n5,light
451728,386,n5,light
451730,379,n5,light
451732,369,n5,light
451734,356,n5,light
451736,348,n5,light
451738,354,n5,light
451740,359,n5,light
451742,342,n5,light
451744,325,n5,light
451746,320,n5,light
451748,336,n5,light
451750,319,n5,light
451752,322,n5,light
451754,325,n5,light
451756,357,n5,light
451758,362,n5,light
451760,352,n5,light
451762,341,n5,light
451764,324,n5,light
451766,318,n5,light
451768,311,n5,light
451770,304,n5,light
451772,289,n5,light
451774,283,n5,light
451776,302,n5,light
451778,320,n5,light
451780,348,n5,light
451782,357,n5,light
451784,338,n5,light
451786,331,n5,light
451788,393,n5,light
451790,401,n5,light
451792,400,n5,light
451794,413,n5,light
451796,422,n5,light
451798,401,n5,light
451800,384,n5,light
451802,371,n5,light
451804,362,n5,light
451806,350,n5,light
451808,342,n5,light
451810,343,n5,light
451812,329,n5,light
451814,318,n5,light
451816,330,n5,light
451818,339,n5,light
451820,336,n5,light
451822,331,n5,light
451824,326,n5,light
451826,334,n5,light
451828,330,n5,light
451830,335,n5,light
451832,366,n5,light
451834,353,n5,light
451836,381,n5,light
451838,396,n5,light
451840,390,n5,light
451842,372,n5,light
451844,400,n5,light
451846,383,n5,light
451848,377,n5,light
451850,413,n5,light
451852,422,n5,light
451854,408,n5,light
451856,414,n5,light
451858,417,n5,light
451860,410,n5,light
451862,401,n5,light
451864,401,n5,light
451866,395,n5,light
451868,382,n5,light
451870,368,n5,light
451872,355,n5,light
451874,337,n5,light
451876,331,n5,light
451878,320,n5,light
451880,317,n5,light
451882,317,n5,light
451884,310,n5,light
451886,302,n5,light
451888,302,n5,light
451890,287,n5,light
451892,289,n5,light
451894,318,n5,light
451896,316,n5,light
451898,304,n5,light
451900,287,n5,light
451902,310,n5,light
451904,345,n5,light
451906,363,n5,light
451908,415,n5,light
451910,435,n5,light
451912,416,n5,light
451914,400,n5,light
451916,391,n5,light
451918,435,n5,light
451920,441,n5,light
451922,462,n5,light
451924,462,n5,light
451926,452,n5,light
451928,432,n5,light
451930,412,n5,light
451932,401,n5,light
451934,384,n5,light
451936,367,n5,light
451938,355,n5,light
451940,371,n5,light
451942,396,n5,light
451944,384,n5,light
451946,389,n5,light
451948,371,n5,light
451950,375,n5,light
451952,384,n5,light
451954,378,n5,light
451956,369,n5,light
451958,352,n5,light
451960,342,n5,light
451962,340,n5,light
451964,346,n5,light
451966,357,n5,light
451968,413,n5,light
451970,405,n5,light
451972,414,n5,light
451974,419,n5,light
451976,416,n5,light
451978,463,n5,light
451980,457,n5,light
451982,448,n5,light
451984,447,n5,light
451986,442,n5,light
451988,418,n5,light
451990,399,n5,light
451992,375,n5,light
451994,358,n5,light
451996,369,n5,light
451998,363,n5,light
452000,362,n5,light
452002,347,n5,light
452004,336,n5,light
452006,363,n5,light
452008,395,n5,light
452010,391,n5,light
452012,394,n5,light
452014,417,n5,light
452016,411,n5,light
452018,399,n5,light
452020,385,n5,light
452022,371,n5,light
452024,355,n5,light
452026,347,n5,light
452028,336,n5,light
452030,318,n5,light
452032,304,n5,light
452034,294,n5,light
452036,284,n5,light
452038,272,n5,light
452040,277,n5,light
452042,271,n5,light
452044,257,n5,light
452046,253,n5,light
452048,272,n5,light
452050,262,n5,light
452052,253,n5,light
452054,246,n5,light
452056,243,n5,light
452058,233,n5,light
452060,218,n5,light
452062,208,n5,light
452064,212,n5,light
452066,214,n5,light
452068,223,n5,light
452070,229,n5,light
452072,267,n5,light
452074,271,n5,light
452076,270,n5,light
452078,286,n5,light
452080,295,n5,light
452082,279,n5,light
452084,268,n5,light
452086,270,n5,light
452088,275,n5,light
452090,280,n5,light
452092,275,n5,light
452094,271,n5,light
452096,294,n5,light
452098,309,n5,light
452100,334,n5,light
452102,335,n5,light
452104,336,n5,light
452106,354,n5,light
452108,349,n5,light
452110,350,n5,light
452112,333,n5,light
452114,320,n5,light
452116,303,n5,light
452118,311,n5,light
452120,326,n5,light
452122,317,n5,light
452124,324,n5,light
452126,325,n5,light
452128,342,n5,light
452130,349,n5,light
452132,382,n5,light
452134,427,n5,light
452136,419,n5,light
452138,411,n5,light
452140,393,n5,light
452142,371,n5,light
452144,354,n5,light
452146,346,n5,light
452148,338,n5,light
452150,325,n5,light
452152,319,n5,light
452154,309,n5,light
452156,315,n5,light
452158,354,n5,light
452160,357,n5,light
452162,371,n5,light
452164,373,n5,light
452166,380,n5,light
452168,381,n5,light
452170,382,n5,light
452172,391,n5,light
452174,378,n5,light
452176,381,n5,light
452178,371,n5,light
452180,353,n5,light
452182,337,n5,light
452184,337,n5,light
452186,339,n5,light
452188,355,n5,light
452190,338,n5,light
452192,339,n5,light
452194,339,n5,light
452196,343,n5,light
452198,335,n5,light
452200,324,n5,light
452202,333,n5,light
452204,325,n5,light
452206,338,n5,light
452208,330,n5,light
452210,369,n5,light
452212,368,n5,light
452214,367,n5,light
452216,388,n5,light
452218,417,n5,light
452220,400,n5,light
452222,383,n5,light
452224,368,n5,light
452226,350,n5,light
452228,337,n5,light
452230,334,n5,light
452232,336,n5,light
452234,327,n5,light
452236,341,n5,light
452238,323,n5,light
452240,318,n5,light
452242,306,n5,light
452244,318,n5,light
452246,341,n5,light
452248,336,n5,light
452250,346,n5,light
452252,336,n5,light
452254,391,n5,light
452256,434,n5,light
452258,424,n5,light
452260,401,n5,light
452262,390,n5,light
452264,378,n5,light
452266,362,n5,light
452268,341,n5,light
452270,335,n5,light
452272,322,n5,light
452274,306,n5,light
452276,298,n5,light
452278,295,n5,light
452280,283,n5,light
452282,269,n5,light
452284,265,n5,light
452286,278,n5,light
452288,309,n5,light
452290,301,n5,light
452292,311,n5,light
452294,336,n5,light
452296,331,n5,light
452298,322,n5,light
452300,311,n5,light
452302,317,n5,light
452304,320,n5,light
452306,321,n5,light
452308,310,n5,light
452310,304,n5,light
452312,336,n5,light
452314,319,n5,light
452316,304,n5,light
452318,301,n5,light
452320,290,n5,light
452322,272,n5,light
452324,263,n5,light
452326,250,n5,light
452328,240,n5,light
452330,231,n5,light
452332,220,n5,light
452334,237,n5,light
452336,273,n5,light
452338,273,n5,light
452340,308,n5,light
452342,313,n5,light
452344,304,n5,light
452346,305,n5,light
452348,316,n5,light
452350,336,n5,light
452352,322,n5,light
452354,363,n5,light
452356,374,n5,light
452358,358,n5,light
452360,347,n5,light
452362,342,n5,light
452364,336,n5,light
452366,320,n5,light
452368,305,n5,light
452370,304,n5,light
452372,299,n5,light
452374,301,n5,light
452376,320,n5,light
452378,306,n5,light
452380,297,n5,light
452382,289,n5,light
452384,289,n5,light
452386,304,n5,light
452388,287,n5,light
452390,304,n5,light
452392,311,n5,light
452394,309,n5,light
452396,305,n5,light
452398,295,n5,light
452400,286,n5,light
452402,275,n5,light
452404,274,n5,light
452406,289,n5,light
452408,314,n5,light
452410,309,n5,light
452412,292,n5,light
452414,275,n5,light
452416,274,n5,light
452418,262,n5,light
452420,253,n5,light
452422,245,n5,light
452424,240,n5,light
452426,229,n5,light
452428,251,n5,light
452430,267,n5,light
452432,266,n5,light
452434,258,n5,light
452436,276,n5,light
452438,273,n5,light
452440,317,n5,light
452442,317,n5,light
452444,313,n5,light
452446,309,n5,light
452448,298,n5,light
452450,291,n5,light
452452,283,n5,light
452454,272,n5,light
452456,259,n5,light
452458,252,n5,light
452460,239,n5,light
452462,228,n5,light
452464,211,n5,light
452466,200,n5,light
452468,187,n5,light
452470,240,n5,light
452472,262,n5,light
452474,275,n5,light
452476,334,n5,light
452478,320,n5,light
452480,303,n5,light
452482,302,n5,light
452484,323,n5,light
452486,330,n5,light
452488,337,n5,light
452490,339,n5,light
452492,323,n5,light
452494,322,n5,light
452496,317,n5,light
452498,306,n5,light
452500,294,n5,light
452502,282,n5,light
452504,276,n5,light
452506,282,n5,light
452508,275,n5,light
452510,266,n5,light
452512,256,n5,light
452514,247,n5,light
452516,241,n5,light
452518,258,n5,light
452520,259,n5,light
452522,250,n5,light
452524,254,n5,light
452526,284,n5,light
452528,303,n5,light
452530,299,n5,light
452532,310,n5,light
452534,305,n5,light
452536,306,n5,light
452538,304,n5,light
452540,298,n5,light
452542,332,n5,light
452544,343,n5,light
452546,330,n5,light
452548,338,n5,light
452550,330,n5,light
452552,317,n5,light
452554,332,n5,light
452556,334,n5,light
452558,336,n5,light
452560,324,n5,light
452562,315,n5,light
452564,307,n5,light
452566,304,n5,light
452568,289,n5,light
452570,284,n5,light
452572,283,n5,light
452574,276,n5,light
452576,276,n5,light
452578,271,n5,light
452580,260,n5,light
452582,255,n5,light
452584,244,n5,light
452586,230,n5,light
452588,231,n5,light
452590,221,n5,light
452592,215,n5,light
452594,223,n5,light
452596,211,n5,light
452598,212,n5,light
452600,209,n5,light
452602,208,n5,light
452604,203,n5,light
452606,195,n5,light
452608,185,n5,light
452610,175,n5,light
452612,165,n5,light
452614,163,n5,light
452616,163,n5,light
452618,168,n5,light
452620,169,n5,light
452622,162,n5,light
452624,157,n5,light
452626,160,n5,light
452628,150,n5,light
452630,144,n5,light
452632,133,n5,light
452634,125,n5,light
452636,114,n5,light
452638,116,n5,light
452640,135,n5,light
452642,145,n5,light
452644,144,n5,light
452646,195,n5,light
452648,240,n5,light
452650,237,n5,light
452652,237,n5,light
452654,231,n5,light
452656,219,n5,light
452658,206,n5,light
452660,204,n5,light
452662,193,n5,light
452664,215,n5,light
452666,223,n5,light
452668,226,n5,light
452670,239,n5,light
452672,249,n5,light
452674,254,n5,light
452676,251,n5,light
452678,237,n5,light
452680,230,n5,light
452682,218,n5,light
452684,210,n5,light
452686,207,n5,light
452688,216,n5,light
452690,248,n5,light
452692,285,n5,light
452694,273,n5,light
452696,290,n5,light
452698,277,n5,light
452700,310,n5,light
452702,337,n5,light
452704,333,n5,light
452706,337,n5,light
452708,346,n5,light
452710,341,n5,light
452712,324,n5,light
452714,320,n5,light
452716,304,n5,light
452718,318,n5,light
452720,347,n5,light
452722,340,n5,light
452724,368,n5,light
452726,368,n5,light
452728,366,n5,light
452730,365,n5,light
452732,349,n5,light
452734,339,n5,light
452736,331,n5,light
452738,313,n5,light
452740,303,n5,light
452742,294,n5,light
452744,282,n5,light
452746,270,n5,light
452748,272,n5,light
452750,298,n5,light
452752,301,n5,light
452754,304,n5,light
452756,329,n5,light
452758,314,n5,light
452760,324,n5,light
452762,337,n5,light
452764,369,n5,light
452766,419,n5,light
452768,412,n5,light
452770,394,n5,light
452772,398,n5,light
452774,386,n5,light
452776,382,n5,light
452778,377,n5,light
452780,357,n5,light
452782,351,n5,light
452784,337,n5,light
452786,331,n5,light
452788,313,n5,light
452790,302,n5,light
452792,297,n5,light
452794,286,n5,light
452796,271,n5,light
452798,256,n5,light
452800,245,n5,light
452802,251,n5,light
452804,245,n5,light
452806,240,n5,light
452808,245,n5,light
452810,240,n5,light
452812,231,n5,light
452814,229,n5,light
452816,220,n5,light
452818,214,n5,light
452820,224,n5,light
452822,256,n5,light
452824,252,n5,light
452826,270,n5,light
452828,304,n5,light
452830,309,n5,light
452832,311,n5,light
452834,303,n5,light
452836,298,n5,light
452838,301,n5,light
452840,325,n5,light
452842,330,n5,light
452844,318,n5,light
452846,311,n5,light
452848,302,n5,light
452850,318,n5,light
452852,316,n5,light
452854,311,n5,light
452856,331,n5,light
452858,331,n5,light
452860,336,n5,light
452862,337,n5,light
452864,342,n5,light
452866,340,n5,light
452868,389,n5,light
452870,387,n5,light
452872,377,n5,light
452874,363,n5,light
452876,368,n5,light
452878,377,n5,light
452880,387,n5,light
452882,383,n5,light
452884,367,n5,light
452886,362,n5,light
452888,390,n5,light
452890,400,n5,light
452892,426,n5,light
452894,475,n5,light
452896,483,n5,light
452898,471,n5,light
452900,511,n5,light
452902,511,n5,light
452904,529,n5,light
452906,530,n5,light
452908,502,n5,light
452910,494,n5,light
452912,495,n5,light
452914,500,n5,light
452916,495,n5,light
452918,480,n5,light
452920,465,n5,light
452922,484,n5,light
452924,464,n5,light
452926,448,n5,light
452928,432,n5,light
452930,414,n5,light
452932,422,n5,light
452934,449,n5,light
452936,449,n5,light
452938,436,n5,light
452940,447,n5,light
452942,464,n5,light
452944,511,n5,light
452946,506,n5,light
452948,502,n5,light
452950,509,n5,light
452952,528,n5,light
452954,500,n5,light
452956,490,n5,light
452958,528,n5,light
452960,534,n5,light
452962,528,n5,light
452964,502,n5,light
452966,495,n5,light
452968,475,n5,light
452970,461,n5,light
452972,464,n5,light
452974,473,n5,light
452976,461,n5,light
452978,457,n5,light
452980,451,n5,light
452982,434,n5,light
452984,423,n5,light
452986,421,n5,light
452988,402,n5,light
452990,403,n5,light
462010,0,n5,light
462012,0,n5,light
462014,0,n5,light
462016,0,n5,light
462018,0,n5,light
462020,0,n5,light
462022,0,n5,light
462024,0,n5,light
462026,0,n5,light
462028,0,n5,light
462030,0,n5,light
462032,0,n5,light
462034,0,n5,light
462036,0,n5,light
462038,0,n5,light
462040,0,n5,light
462042,0,n5,light
462044,0,n5,light
462046,0,n5,light
462048,0,n5,light
462050,0,n5,light
462052,0,n5,light
462054,0,n5,light
462056,0,n5,light
462058,0,n5,light
462060,0,n5,light
462062,0,n5,light
462064,0,n5,light
462066,0,n5,light
462068,0,n5,light
462070,0,n5,light
462072,0,n5,light
462074,0,n5,light
462076,0,n5,light
462078,0,n5,light
462080,0,n5,light
462082,0,n5,light
462084,0,n5,light
462086,0,n5,light
462088,0,n5,light
462090,0,n5,light
462092,0,n5,light
462094,0,n5,light
462096,0,n5,light
462098,0,n5,light
462100,0,n5,light
462102,0,n5,light
462104,0,n5,light
462106,0,n5,light
462108,0,n5,light
462110,0,n5,light
462112,0,n5,light
462114,0,n5,light
462116,0,n5,light
462118,0,n5,light
462120,0,n5,light
462122,0,n5,light
462124,0,n5,light
462126,1,n5,light
462128,0,n5,light
462130,9,n5,light
462132,14,n5,light
462134,16,n5,light
462136,34,n5,light
462138,46,n5,light
462140,64,n5,light
462142,74,n5,light
462144,80,n5,light
462146,75,n5,light
462148,67,n5,light
462150,67,n5,light
462152,70,n5,light
462154,80,n5,light
462156,84,n5,light
462158,83,n5,light
462160,91,n5,light
462162,85,n5,light
462164,101,n5,light
462166,96,n5,light
462168,91,n5,light
462170,100,n5,light
462172,105,n5,light
462174,108,n5,light
462176,98,n5,light
462178,99,n5,light
462180,102,n5,light
462182,112,n5,light
462184,111,n5,light
462186,103,n5,light
462188,105,n5,light
462190,161,n5,light
462192,176,n5,light
462194,194,n5,light
462196,192,n5,light
462198,238,n5,light
462200,240,n5,light
462202,228,n5,light
462204,215,n5,light
462206,229,n5,light
462208,234,n5,light
462210,251,n5,light
462212,254,n5,light
462214,257,n5,light
462216,263,n5,light
462218,257,n5,light
462220,257,n5,light
462222,270,n5,light
462224,293,n5,light
462226,278,n5,light
462228,288,n5,light
462230,288,n5,light
462232,288,n5,light
462234,293,n5,light
462236,289,n5,light
462238,295,n5,light
462240,282,n5,light
462242,277,n5,light
462244,272,n5,light
462246,274,n5,light
462248,286,n5,light
462250,272,n5,light
462252,277,n5,light
462254,284,n5,light
462256,304,n5,light
462258,297,n5,light
462260,320,n5,light
462262,305,n5,light
462264,304,n5,light
462266,314,n5,light
462268,330,n5,light
462270,336,n5,light
462272,321,n5,light
462274,318,n5,light
462276,320,n5,light
462278,316,n5,light
462280,309,n5,light
462282,309,n5,light
462284,304,n5,light
462286,318,n5,light
462288,304,n5,light
462290,299,n5,light
462292,304,n5,light
462294,304,n5,light
462296,321,n5,light
462298,375,n5,light
462300,413,n5,light
462302,527,n5,light
462304,511,n5,light
462306,496,n5,light
462308,497,n5,light
462310,496,n5,light
462312,522,n5,light
462314,529,n5,light
462316,528,n5,light
462318,539,n5,light
462320,550,n5,light
462322,525,n5,light
462324,501,n5,light
462326,499,n5,light
462328,495,n5,light
462330,476,n5,light
462332,455,n5,light
462334,463,n5,light
462336,454,n5,light
462338,433,n5,light
462340,441,n5,light
462342,464,n5,light
462344,450,n5,light
462346,437,n5,light
462348,438,n5,light
462350,428,n5,light
462352,423,n5,light
462354,411,n5,light
462356,403,n5,light
462358,397,n5,light
462360,400,n5,light
462362,389,n5,light
462364,400,n5,light
462366,417,n5,light
462368,399,n5,light
462370,382,n5,light
462372,384,n5,light
462374,369,n5,light
462376,363,n5,light
462378,365,n5,light
462380,383,n5,light
462382,374,n5,light
462384,373,n5,light
462386,403,n5,light
462388,448,n5,light
462390,497,n5,light
462392,479,n5,light
462394,506,n5,light
462396,503,n5,light
462398,537,n5,light
462400,531,n5,light
462402,538,n5,light
462404,511,n5,light
462406,507,n5,light
462408,511,n5,light
462410,502,n5,light
462412,501,n5,light
462414,487,n5,light
462416,474,n5,light
462418,477,n5,light
462420,477,n5,light
462422,496,n5,light
462424,496,n5,light
462426,528,n5,light
462428,532,n5,light
462430,498,n5,light
462432,535,n5,light
462434,553,n5,light
462436,531,n5,light
462438,500,n5,light
462440,477,n5,light
462442,466,n5,light
462444,464,n5,light
462446,456,n5,light
462448,432,n5,light
462450,416,n5,light
462452,397,n5,light
462454,391,n5,light
462456,380,n5,light
462458,361,n5,light
462460,341,n5,light
462462,326,n5,light
462464,316,n5,light
462466,306,n5,light
462468,289,n5,light
462470,289,n5,light
462472,272,n5,light
462474,262,n5,light
462476,256,n5,light
462478,241,n5,light
462480,244,n5,light
462482,251,n5,light
462484,269,n5,light
462486,327,n5,light
462488,330,n5,light
462490,373,n5,light
462492,391,n5,light
462494,386,n5,light
462496,371,n5,light
462498,365,n5,light
462500,349,n5,light
462502,344,n5,light
462504,378,n5,light
462506,400,n5,light
462508,417,n5,light
462510,431,n5,light
462512,451,n5,light
462514,441,n5,light
462516,430,n5,light
462518,432,n5,light
462520,432,n5,light
462522,427,n5,light
462524,432,n5,light
462526,445,n5,light
462528,431,n5,light
462530,447,n5,light
462532,460,n5,light
462534,470,n5,light
462536,463,n5,light
462538,464,n5,light
462540,467,n5,light
462542,462,n5,light
462544,464,n5,light
462546,443,n5,light
462548,427,n5,light
462550,416,n5,light
462552,400,n5,light
462554,401,n5,light
462556,384,n5,light
462558,401,n5,light
462560,431,n5,light
462562,459,n5,light
462564,475,n5,light
462566,463,n5,light
462568,443,n5,light
462570,432,n5,light
462572,416,n5,light
462574,400,n5,light
462576,384,n5,light
462578,414,n5,light
462580,441,n5,light
462582,430,n5,light
462584,415,n5,light
462586,448,n5,light
462588,502,n5,light
462590,511,n5,light
462592,511,n5,light
462594,531,n5,light
462596,511,n5,light
462598,496,n5,light
462600,502,n5,light
462602,483,n5,light
462604,483,n5,light
462606,469,n5,light
462608,497,n5,light
462610,537,n5,light
462612,511,n5,light
462614,510,n5,light
462616,496,n5,light
462618,474,n5,light
462620,464,n5,light
462622,448,n5,light
462624,442,n5,light
462626,452,n5,light
462628,450,n5,light
462630,441,n5,light
462632,433,n5,light
462634,434,n5,light
462636,451,n5,light
462638,498,n5,light
462640,485,n5,light
462642,499,n5,light
462644,534,n5,light
462646,554,n5,light
462648,580,n5,light
462650,583,n5,light
462652,605,n5,light
462654,611,n5,light
462656,591,n5,light
462658,577,n5,light
462660,556,n5,light
462662,538,n5,light
462664,511,n5,light
462666,494,n5,light
462668,483,n5,light
462670,473,n5,light
462672,477,n5,light
462674,473,n5,light
462676,464,n5,light
462678,454,n5,light
462680,439,n5,light
462682,419,n5,light
462684,423,n5,light
462686,455,n5,light
462688,475,n5,light
462690,523,n5,light
462692,531,n5,light
462694,545,n5,light
462696,511,n5,light
462698,495,n5,light
462700,471,n5,light
462702,475,n5,light
462704,464,n5,light
462706,482,n5,light
462708,493,n5,light
462710,493,n5,light
462712,507,n5,light
462714,568,n5,light
462716,585,n5,light
462718,563,n5,light
462720,539,n5,light
462722,511,n5,light
462724,511,n5,light
462726,499,n5,light
462728,485,n5,light
462730,464,n5,light
462732,448,n5,light
462734,481,n5,light
462736,500,n5,light
462738,495,n5,light
462740,485,n5,light
462742,467,n5,light
462744,457,n5,light
462746,469,n5,light
462748,457,n5,light
462750,464,n5,light
462752,491,n5,light
462754,495,n5,light
462756,502,n5,light
462758,498,n5,light
462760,495,n5,light
462762,496,n5,light
462764,492,n5,light
462766,487,n5,light
462768,495,n5,light
462770,492,n5,light
462772,487,n5,light
462774,491,n5,light
462776,480,n5,light
462778,482,n5,light
462780,480,n5,light
462782,464,n5,light
462784,447,n5,light
462786,430,n5,light
462788,407,n5,light
462790,399,n5,light
462792,385,n5,light
462794,373,n5,light
462796,371,n5,light
462798,351,n5,light
462800,351,n5,light
462802,338,n5,light
462804,378,n5,light
462806,384,n5,light
462808,368,n5,light
462810,352,n5,light
462812,349,n5,light
462814,335,n5,light
462816,317,n5,light
462818,303,n5,light
462820,325,n5,light
462822,335,n5,light
462824,315,n5,light
462826,350,n5,light
462828,368,n5,light
462830,361,n5,light
462832,368,n5,light
462834,363,n5,light
462836,346,n5,light
462838,347,n5,light
462840,343,n5,light
462842,352,n5,light
462844,336,n5,light
462846,327,n5,light
462848,364,n5,light
462850,386,n5,light
462852,398,n5,light
462854,387,n5,light
462856,381,n5,light
462858,371,n5,light
462860,368,n5,light
462862,363,n5,light
462864,363,n5,light
462866,353,n5,light
462868,343,n5,light
462870,342,n5,light
462872,336,n5,light
462874,326,n5,light
462876,307,n5,light
462878,304,n5,light
462880,294,n5,light
462882,278,n5,light
462884,282,n5,light
462886,271,n5,light
462888,261,n5,light
462890,246,n5,light
462892,238,n5,light
462894,240,n5,light
462896,240,n5,light
462898,241,n5,light
462900,277,n5,light
462902,274,n5,light
462904,261,n5,light
462906,261,n5,light
462908,282,n5,light
462910,294,n5,light
462912,290,n5,light
462914,313,n5,light
462916,316,n5,light
462918,305,n5,light
462920,290,n5,light
462922,288,n5,light
462924,288,n5,light
462926,295,n5,light
462928,294,n5,light
462930,304,n5,light
462932,325,n5,light
462934,326,n5,light
462936,318,n5,light
462938,304,n5,light
462940,310,n5,light
462942,336,n5,light
462944,363,n5,light
462946,383,n5,light
462948,424,n5,light
462950,427,n5,light
462952,409,n5,light
462954,418,n5,light
462956,407,n5,light
462958,394,n5,light
462960,400,n5,light
462962,385,n5,light
462964,368,n5,light
462966,386,n5,light
462968,381,n5,light
462970,359,n5,light
462972,349,n5,light
462974,343,n5,light
462976,331,n5,light
462978,320,n5,light
462980,321,n5,light
462982,304,n5,light
462984,289,n5,light
462986,291,n5,light
462988,295,n5,light
462990,305,n5,light
462992,334,n5,light
462994,323,n5,light
462996,306,n5,light
462998,293,n5,light
463000,282,n5,light
463002,299,n5,light
463004,332,n5,light
463006,354,n5,light
463008,351,n5,light
463010,342,n5,light
463012,368,n5,light
463014,380,n5,light
463016,390,n5,light
463018,373,n5,light
463020,384,n5,light
463022,386,n5,light
463024,376,n5,light
463026,366,n5,light
463028,360,n5,light
463030,379,n5,light
463032,367,n5,light
463034,399,n5,light
463036,399,n5,light
463038,389,n5,light
463040,368,n5,light
463042,353,n5,light
463044,364,n5,light
463046,361,n5,light
463048,411,n5,light
463050,431,n5,light
463052,413,n5,light
463054,400,n5,light
463056,404,n5,light
463058,407,n5,light
463060,396,n5,light
463062,375,n5,light
463064,358,n5,light
463066,367,n5,light
463068,369,n5,light
463070,355,n5,light
463072,371,n5,light
463074,358,n5,light
463076,346,n5,light
463078,353,n5,light
463080,339,n5,light
463082,330,n5,light
463084,320,n5,light
463086,304,n5,light
463088,291,n5,light
463090,284,n5,light
463092,309,n5,light
463094,325,n5,light
463096,336,n5,light
463098,334,n5,light
463100,316,n5,light
463102,323,n5,light
463104,317,n5,light
463106,305,n5,light
463108,289,n5,light
463110,292,n5,light
463112,283,n5,light
463114,271,n5,light
463116,257,n5,light
463118,247,n5,light
463120,261,n5,light
463122,272,n5,light
463124,287,n5,light
463126,329,n5,light
463128,334,n5,light
463130,317,n5,light
463132,304,n5,light
463134,297,n5,light
463136,289,n5,light
463138,272,n5,light
463140,272,n5,light
463142,272,n5,light
463144,267,n5,light
463146,269,n5,light
463148,279,n5,light
463150,302,n5,light
463152,298,n5,light
463154,304,n5,light
463156,303,n5,light
463158,297,n5,light
463160,306,n5,light
463162,303,n5,light
463164,336,n5,light
463166,343,n5,light
463168,331,n5,light
463170,310,n5,light
463172,305,n5,light
463174,306,n5,light
463176,307,n5,light
463178,310,n5,light
463180,297,n5,light
463182,304,n5,light
463184,293,n5,light
463186,293,n5,light
463188,279,n5,light
463190,267,n5,light
463192,272,n5,light
463194,289,n5,light
463196,282,n5,light
463198,290,n5,light
463200,295,n5,light
463202,304,n5,light
463204,350,n5,light
463206,339,n5,light
463208,354,n5,light
463210,342,n5,light
463212,337,n5,light
463214,354,n5,light
463216,333,n5,light
463218,318,n5,light
463220,330,n5,light
463222,326,n5,light
463224,322,n5,light
463226,315,n5,light
463228,323,n5,light
463230,319,n5,light
463232,336,n5,light
463234,365,n5,light
463236,355,n5,light
463238,361,n5,light
463240,371,n5,light
463242,380,n5,light
463244,373,n5,light
463246,369,n5,light
463248,377,n5,light
463250,384,n5,light
463252,368,n5,light
463254,368,n5,light
463256,353,n5,light
463258,339,n5,light
463260,325,n5,light
463262,307,n5,light
463264,298,n5,light
463266,293,n5,light
463268,290,n5,light
463270,273,n5,light
463272,273,n5,light
463274,272,n5,light
463276,277,n5,light
463278,279,n5,light
463280,281,n5,light
463282,314,n5,light
463284,326,n5,light
463286,314,n5,light
463288,303,n5,light
463290,309,n5,light
463292,352,n5,light
463294,341,n5,light
463296,353,n5,light
463298,387,n5,light
463300,378,n5,light
463302,368,n5,light
463304,359,n5,light
463306,347,n5,light
463308,331,n5,light
463310,314,n5,light
463312,325,n5,light
463314,346,n5,light
463316,345,n5,light
463318,333,n5,light
463320,315,n5,light
463322,373,n5,light
463324,386,n5,light
463326,373,n5,light
463328,354,n5,light
463330,344,n5,light
463332,338,n5,light
463334,347,n5,light
463336,361,n5,light
463338,365,n5,light
463340,365,n5,light
463342,351,n5,light
463344,351,n5,light
463346,358,n5,light
463348,374,n5,light
463350,367,n5,light
463352,350,n5,light
463354,337,n5,light
463356,347,n5,light
463358,345,n5,light
463360,336,n5,light
463362,320,n5,light
463364,304,n5,light
463366,304,n5,light
463368,290,n5,light
463370,274,n5,light
463372,262,n5,light
463374,261,n5,light
463376,254,n5,light
463378,240,n5,light
463380,244,n5,light
463382,240,n5,light
463384,245,n5,light
463386,240,n5,light
463388,259,n5,light
463390,244,n5,light
463392,230,n5,light
463394,231,n5,light
463396,215,n5,light
463398,243,n5,light
463400,247,n5,light
463402,299,n5,light
463404,294,n5,light
463406,277,n5,light
463408,267,n5,light
463410,253,n5,light
463412,243,n5,light
463414,240,n5,light
463416,230,n5,light
463418,237,n5,light
463420,233,n5,light
463422,219,n5,light
463424,221,n5,light
463426,239,n5,light
463428,233,n5,light
463430,219,n5,light
463432,206,n5,light
463434,198,n5,light
463436,192,n5,light
463438,208,n5,light
463440,216,n5,light
463442,211,n5,light
463444,206,n5,light
463446,233,n5,light
463448,247,n5,light
463450,240,n5,light
463452,235,n5,light
463454,225,n5,light
463456,213,n5,light
463458,208,n5,light
463460,243,n5,light
463462,246,n5,light
463464,272,n5,light
463466,300,n5,light
463468,304,n5,light
463470,290,n5,light
463472,285,n5,light
463474,304,n5,light
463476,310,n5,light
463478,331,n5,light
463480,341,n5,light
463482,352,n5,light
463484,336,n5,light
463486,328,n5,light
463488,309,n5,light
463490,304,n5,light
463492,288,n5,light
463494,274,n5,light
463496,272,n5,light
463498,260,n5,light
463500,251,n5,light
463502,261,n5,light
463504,246,n5,light
463506,246,n5,light
463508,233,n5,light
463510,219,n5,light
463512,210,n5,light
463514,206,n5,light
463516,193,n5,light
463518,191,n5,light
463520,205,n5,light
463522,215,n5,light
463524,213,n5,light
463526,208,n5,light
463528,207,n5,light
463530,195,n5,light
463532,185,n5,light
463534,175,n5,light
463536,177,n5,light
463538,176,n5,light
463540,167,n5,light
463542,170,n5,light
463544,163,n5,light
463546,157,n5,light
463548,173,n5,light
463550,173,n5,light
463552,196,n5,light
463554,194,n5,light
463556,199,n5,light
463558,201,n5,light
463560,197,n5,light
463562,198,n5,light
463564,188,n5,light
463566,189,n5,light
463568,194,n5,light
463570,213,n5,light
463572,240,n5,light
463574,252,n5,light
463576,241,n5,light
463578,237,n5,light
463580,223,n5,light
463582,208,n5,light
463584,212,n5,light
463586,218,n5,light
463588,216,n5,light
463590,229,n5,light
463592,239,n5,light
463594,240,n5,light
463596,239,n5,light
463598,240,n5,light
463600,251,n5,light
463602,255,n5,light
463604,254,n5,light
463606,254,n5,light
463608,244,n5,light
463610,233,n5,light
463612,221,n5,light
463614,208,n5,light
463616,202,n5,light
463618,207,n5,light
463620,240,n5,light
463622,247,n5,light
463624,254,n5,light
463626,241,n5,light
463628,235,n5,light
463630,226,n5,light
463632,211,n5,light
463634,220,n5,light
463636,239,n5,light
463638,241,n5,light
463640,259,n5,light
463642,271,n5,light
463644,320,n5,light
463646,321,n5,light
463648,311,n5,light
463650,318,n5,light
463652,310,n5,light
463654,297,n5,light
463656,311,n5,light
463658,327,n5,light
463660,320,n5,light
463662,315,n5,light
463664,320,n5,light
463666,309,n5,light
463668,338,n5,light
463670,336,n5,light
463672,320,n5,light
463674,304,n5,light
463676,290,n5,light
463678,301,n5,light
463680,319,n5,light
463682,342,n5,light
463684,358,n5,light
463686,397,n5,light
463688,389,n5,light
463690,368,n5,light
463692,347,n5,light
463694,343,n5,light
463696,336,n5,light
463698,324,n5,light
463700,319,n5,light
463702,336,n5,light
463704,325,n5,light
463706,333,n5,light
463708,335,n5,light
463710,315,n5,light
463712,301,n5,light
463714,289,n5,light
463716,273,n5,light
463718,275,n5,light
463720,268,n5,light
463722,277,n5,light
463724,272,n5,light
463726,261,n5,light
463728,247,n5,light
463730,235,n5,light
463732,224,n5,light
463734,210,n5,light
463736,199,n5,light
463738,191,n5,light
463740,208,n5,light
463742,210,n5,light
463744,211,n5,light
463746,198,n5,light
463748,195,n5,light
463750,187,n5,light
463752,199,n5,light
463754,204,n5,light
463756,194,n5,light
463758,183,n5,light
463760,174,n5,light
463762,161,n5,light
463764,163,n5,light
463766,157,n5,light
463768,176,n5,light
463770,176,n5,light
463772,166,n5,light
463774,156,n5,light
463776,176,n5,light
463778,174,n5,light
463780,166,n5,light
463782,158,n5,light
463784,170,n5,light
463786,161,n5,light
463788,158,n5,light
463790,174,n5,light
463792,217,n5,light
463794,225,n5,light
463796,253,n5,light
463798,323,n5,light
463800,342,n5,light
463802,330,n5,light
463804,339,n5,light
463806,337,n5,light
463808,323,n5,light
463810,308,n5,light
463812,294,n5,light
463814,288,n5,light
463816,275,n5,light
463818,263,n5,light
463820,253,n5,light
463822,244,n5,light
463824,245,n5,light
463826,235,n5,light
463828,219,n5,light
463830,219,n5,light
463832,210,n5,light
463834,202,n5,light
463836,197,n5,light
463838,193,n5,light
463840,207,n5,light
463842,193,n5,light
463844,185,n5,light
463846,182,n5,light
463848,177,n5,light
463850,183,n5,light
463852,202,n5,light
463854,199,n5,light
463856,207,n5,light
463858,203,n5,light
463860,188,n5,light
463862,176,n5,light
463864,170,n5,light
463866,157,n5,light
463868,151,n5,light
463870,173,n5,light
463872,178,n5,light
463874,178,n5,light
463876,218,n5,light
463878,218,n5,light
463880,210,n5,light
463882,213,n5,light
463884,208,n5,light
463886,197,n5,light
463888,202,n5,light
463890,208,n5,light
463892,205,n5,light
463894,193,n5,light
463896,193,n5,light
463898,183,n5,light
463900,185,n5,light
463902,176,n5,light
463904,165,n5,light
463906,177,n5,light
463908,180,n5,light
463910,188,n5,light
463912,176,n5,light
463914,167,n5,light
463916,159,n5,light
463918,150,n5,light
463920,144,n5,light
463922,144,n5,light
463924,171,n5,light
463926,167,n5,light
463928,179,n5,light
463930,237,n5,light
463932,238,n5,light
463934,243,n5,light
463936,241,n5,light
463938,240,n5,light
463940,239,n5,light
463942,227,n5,light
463944,220,n5,light
463946,213,n5,light
463948,205,n5,light
463950,214,n5,light
463952,241,n5,light
463954,243,n5,light
463956,243,n5,light
463958,256,n5,light
463960,269,n5,light
463962,258,n5,light
463964,244,n5,light
463966,232,n5,light
463968,218,n5,light
463970,208,n5,light
463972,205,n5,light
463974,208,n5,light
463976,218,n5,light
463978,209,n5,light
463980,210,n5,light
463982,211,n5,light
463984,205,n5,light
463986,193,n5,light
463988,206,n5,light
463990,202,n5,light
463992,190,n5,light
463994,207,n5,light
463996,208,n5,light
463998,208,n5,light
464000,203,n5,light
464002,198,n5,light
464004,197,n5,light
464006,194,n5,light
464008,192,n5,light
464010,193,n5,light
464012,199,n5,light
464014,216,n5,light
464016,208,n5,light
464018,236,n5,light
464020,245,n5,light
464022,257,n5,light
464024,273,n5,light
464026,275,n5,light
464028,259,n5,light
464030,251,n5,light
464032,240,n5,light
464034,226,n5,light
464036,217,n5,light
464038,203,n5,light
464040,215,n5,light
464042,217,n5,light
464044,257,n5,light
464046,245,n5,light
464048,233,n5,light
464050,234,n5,light
464052,226,n5,light
464054,221,n5,light
464056,215,n5,light
464058,219,n5,light
464060,240,n5,light
464062,240,n5,light
464064,236,n5,light
464066,235,n5,light
464068,263,n5,light
464070,267,n5,light
464072,262,n5,light
464074,259,n5,light
464076,252,n5,light
464078,253,n5,light
464080,240,n5,light
464082,228,n5,light
464084,237,n5,light
464086,239,n5,light
464088,250,n5,light
464090,238,n5,light
464092,240,n5,light
464094,268,n5,light
464096,266,n5,light
464098,263,n5,light
464100,281,n5,light
464102,278,n5,light
464104,272,n5,light
464106,268,n5,light
464108,278,n5,light
464110,271,n5,light
464112,271,n5,light
464114,271,n5,light
464116,277,n5,light
464118,272,n5,light
464120,271,n5,light
464122,267,n5,light
464124,269,n5,light
464126,256,n5,light
464128,247,n5,light
464130,251,n5,light
464132,270,n5,light
464134,255,n5,light
464136,270,n5,light
464138,285,n5,light
464140,310,n5,light
464142,336,n5,light
464144,327,n5,light
464146,334,n5,light
464148,375,n5,light
464150,369,n5,light
464152,368,n5,light
464154,369,n5,light
464156,368,n5,light
464158,387,n5,light
464160,397,n5,light
464162,384,n5,light
464164,375,n5,light
464166,367,n5,light
464168,358,n5,light
464170,343,n5,light
464172,336,n5,light
464174,347,n5,light
464176,357,n5,light
464178,337,n5,light
464180,343,n5,light
464182,342,n5,light
464184,336,n5,light
464186,336,n5,light
464188,327,n5,light
464190,333,n5,light
464192,347,n5,light
464194,342,n5,light
464196,347,n5,light
464198,361,n5,light
464200,355,n5,light
464202,357,n5,light
464204,355,n5,light
464206,341,n5,light
464208,333,n5,light
464210,329,n5,light
464212,354,n5,light
464214,370,n5,light
464216,393,n5,light
464218,407,n5,light
464220,399,n5,light
464222,400,n5,light
464224,434,n5,light
464226,449,n5,light
464228,439,n5,light
464230,425,n5,light
464232,406,n5,light
464234,395,n5,light
464236,400,n5,light
464238,389,n5,light
464240,386,n5,light
464242,375,n5,light
464244,380,n5,light
464246,367,n5,light
464248,364,n5,light
464250,368,n5,light
464252,351,n5,light
464254,333,n5,light
464256,334,n5,light
464258,326,n5,light
464260,316,n5,light
464262,342,n5,light
464264,352,n5,light
464266,336,n5,light
464268,379,n5,light
464270,381,n5,light
464272,403,n5,light
464274,385,n5,light
464276,389,n5,light
464278,373,n5,light
464280,357,n5,light
464282,338,n5,light
464284,320,n5,light
464286,305,n5,light
464288,306,n5,light
464290,302,n5,light
464292,322,n5,light
464294,304,n5,light
464296,294,n5,light
464298,288,n5,light
464300,275,n5,light
464302,269,n5,light
464304,291,n5,light
464306,343,n5,light
464308,338,n5,light
464310,362,n5,light
464312,366,n5,light
464314,369,n5,light
464316,353,n5,light
464318,355,n5,light
464320,340,n5,light
464322,331,n5,light
464324,318,n5,light
464326,303,n5,light
464328,288,n5,light
464330,272,n5,light
464332,261,n5,light
464334,247,n5,light
464336,237,n5,light
464338,231,n5,light
464340,222,n5,light
464342,208,n5,light
464344,198,n5,light
464346,189,n5,light
464348,178,n5,light
464350,178,n5,light
464352,172,n5,light
464354,163,n5,light
464356,159,n5,light
464358,148,n5,light
464360,144,n5,light
464362,135,n5,light
464364,130,n5,light
464366,167,n5,light
464368,167,n5,light
464370,169,n5,light
464372,171,n5,light
464374,165,n5,light
464376,165,n5,light
464378,181,n5,light
464380,173,n5,light
464382,173,n5,light
464384,178,n5,light
464386,191,n5,light
464388,182,n5,light
464390,179,n5,light
464392,183,n5,light
464394,192,n5,light
464396,192,n5,light
464398,193,n5,light
464400,203,n5,light
464402,252,n5,light
464404,269,n5,light
464406,269,n5,light
464408,273,n5,light
464410,290,n5,light
464412,278,n5,light
464414,271,n5,light
464416,287,n5,light
464418,287,n5,light
464420,285,n5,light
464422,304,n5,light
464424,347,n5,light
464426,336,n5,light
464428,318,n5,light
464430,304,n5,light
464432,304,n5,light
464434,307,n5,light
464436,301,n5,light
464438,298,n5,light
464440,298,n5,light
464442,309,n5,light
464444,297,n5,light
464446,294,n5,light
464448,348,n5,light
464450,349,n5,light
464452,339,n5,light
464454,357,n5,light
464456,346,n5,light
464458,343,n5,light
464460,335,n5,light
464462,320,n5,light
464464,304,n5,light
464466,293,n5,light
464468,291,n5,light
464470,320,n5,light
464472,374,n5,light
464474,374,n5,light
464476,367,n5,light
464478,439,n5,light
464480,462,n5,light
464482,450,n5,light
464484,434,n5,light
464486,416,n5,light
464488,395,n5,light
464490,403,n5,light
464492,422,n5,light
464494,417,n5,light
464496,400,n5,light
464498,387,n5,light
464500,368,n5,light
464502,350,n5,light
464504,342,n5,light
464506,333,n5,light
464508,317,n5,light
464510,304,n5,light
464512,293,n5,light
464514,273,n5,light
464516,279,n5,light
464518,294,n5,light
464520,311,n5,light
464522,302,n5,light
464524,287,n5,light
464526,283,n5,light
464528,272,n5,light
464530,274,n5,light
464532,271,n5,light
464534,257,n5,light
464536,250,n5,light
464538,240,n5,light
464540,226,n5,light
464542,214,n5,light
464544,221,n5,light
464546,226,n5,light
464548,244,n5,light
464550,236,n5,light
464552,224,n5,light
464554,225,n5,light
464556,221,n5,light
464558,221,n5,light
464560,209,n5,light
464562,205,n5,light
464564,249,n5,light
464566,254,n5,light
464568,253,n5,light
464570,240,n5,light
464572,241,n5,light
464574,247,n5,light
464576,283,n5,light
464578,272,n5,light
464580,270,n5,light
464582,257,n5,light
464584,240,n5,light
464586,234,n5,light
464588,224,n5,light
464590,211,n5,light
464592,222,n5,light
464594,213,n5,light
464596,224,n5,light
464598,219,n5,light
464600,208,n5,light
464602,226,n5,light
464604,229,n5,light
464606,233,n5,light
464608,217,n5,light
464610,208,n5,light
464612,208,n5,light
464614,211,n5,light
464616,215,n5,light
464618,225,n5,light
464620,239,n5,light
464622,226,n5,light
464624,215,n5,light
464626,227,n5,light
464628,227,n5,light
464630,211,n5,light
464632,211,n5,light
464634,267,n5,light
464636,278,n5,light
464638,281,n5,light
464640,327,n5,light
464642,331,n5,light
464644,313,n5,light
464646,297,n5,light
464648,279,n5,light
464650,287,n5,light
464652,279,n5,light
464654,277,n5,light
464656,265,n5,light
464658,295,n5,light
464660,294,n5,light
464662,304,n5,light
464664,323,n5,light
464666,306,n5,light
464668,305,n5,light
464670,321,n5,light
464672,314,n5,light
464674,302,n5,light
464676,290,n5,light
464678,281,n5,light
464680,325,n5,light
464682,355,n5,light
464684,370,n5,light
464686,449,n5,light
464688,464,n5,light
464690,448,n5,light
464692,431,n5,light
464694,406,n5,light
464696,387,n5,light
464698,384,n5,light
464700,389,n5,light
464702,381,n5,light
464704,365,n5,light
464706,350,n5,light
464708,336,n5,light
464710,347,n5,light
464712,335,n5,light
464714,315,n5,light
464716,305,n5,light
464718,298,n5,light
464720,283,n5,light
464722,294,n5,light
464724,278,n5,light
464726,287,n5,light
464728,284,n5,light
464730,298,n5,light
464732,290,n5,light
464734,277,n5,light
464736,264,n5,light
464738,254,n5,light
464740,254,n5,light
464742,247,n5,light
464744,243,n5,light
464746,231,n5,light
464748,215,n5,light
464750,233,n5,light
464752,255,n5,light
464754,285,n5,light
464756,293,n5,light
464758,285,n5,light
464760,289,n5,light
464762,279,n5,light
464764,274,n5,light
464766,267,n5,light
464768,259,n5,light
464770,246,n5,light
464772,241,n5,light
464774,240,n5,light
464776,273,n5,light
464778,272,n5,light
464780,294,n5,light
464782,313,n5,light
464784,311,n5,light
464786,297,n5,light
464788,301,n5,light
464790,310,n5,light
464792,298,n5,light
464794,296,n5,light
464796,283,n5,light
464798,297,n5,light
464800,304,n5,light
464802,290,n5,light
464804,288,n5,light
464806,295,n5,light
464808,291,n5,light
464810,322,n5,light
464812,339,n5,light
464814,331,n5,light
464816,318,n5,light
464818,305,n5,light
464820,304,n5,light
464822,310,n5,light
464824,310,n5,light
464826,334,n5,light
464828,346,n5,light
464830,334,n5,light
464832,311,n5,light
464834,315,n5,light
464836,337,n5,light
464838,351,n5,light
464840,338,n5,light
464842,335,n5,light
464844,320,n5,light
464846,336,n5,light
464848,402,n5,light
464850,447,n5,light
464852,430,n5,light
464854,417,n5,light
464856,400,n5,light
464858,395,n5,light
464860,379,n5,light
464862,360,n5,light
464864,352,n5,light
464866,343,n5,light
464868,366,n5,light
464870,391,n5,light
464872,399,n5,light
464874,395,n5,light
464876,410,n5,light
464878,395,n5,light
464880,373,n5,light
464882,367,n5,light
464884,364,n5,light
464886,355,n5,light
464888,336,n5,light
464890,325,n5,light
464892,317,n5,light
464894,310,n5,light
464896,301,n5,light
464898,308,n5,light
464900,297,n5,light
464902,304,n5,light
464904,294,n5,light
464906,283,n5,light
464908,283,n5,light
464910,306,n5,light
464912,300,n5,light
464914,287,n5,light
464916,279,n5,light
464918,282,n5,light
464920,271,n5,light
464922,257,n5,light
464924,247,n5,light
464926,242,n5,light
464928,235,n5,light
464930,239,n5,light
464932,247,n5,light
464934,244,n5,light
464936,241,n5,light
464938,245,n5,light
464940,272,n5,light
464942,284,n5,light
464944,276,n5,light
464946,262,n5,light
464948,250,n5,light
464950,240,n5,light
464952,240,n5,light
464954,245,n5,light
464956,272,n5,light
464958,301,n5,light
464960,336,n5,light
464962,357,n5,light
464964,342,n5,light
464966,323,n5,light
464968,306,n5,light
464970,289,n5,light
464972,287,n5,light
464974,285,n5,light
464976,272,n5,light
464978,261,n5,light
464980,256,n5,light
464982,253,n5,light
464984,240,n5,light
464986,231,n5,light
464988,221,n5,light
464990,208,n5,light
464992,201,n5,light
464994,189,n5,light
464996,179,n5,light
464998,176,n5,light
465000,176,n5,light
465002,192,n5,light
465004,199,n5,light
465006,240,n5,light
465008,262,n5,light
474026,510,n5,light
474028,485,n5,light
474030,471,n5,light
474032,476,n5,light
474034,488,n5,light
474036,483,n5,light
474038,477,n5,light
474040,478,n5,light
474042,464,n5,light
474044,553,n5,light
474046,598,n5,light
474048,603,n5,light
474050,577,n5,light
474052,560,n5,light
474054,544,n5,light
474056,511,n5,light
474058,495,n5,light
474060,470,n5,light
474062,464,n5,light
474064,445,n5,light
474066,451,n5,light
474068,496,n5,light
474070,475,n5,light
474072,451,n5,light
474074,497,n5,light
474076,558,n5,light
474078,576,n5,light
474080,551,n5,light
474082,537,n5,light
474084,542,n5,light
474086,526,n5,light
474088,501,n5,light
474090,574,n5,light
474092,620,n5,light
474094,604,n5,light
474096,592,n5,light
474098,576,n5,light
474100,547,n5,light
474102,523,n5,light
474104,499,n5,light
474106,511,n5,light
474108,527,n5,light
474110,496,n5,light
474112,481,n5,light
474114,464,n5,light
474116,445,n5,light
474118,442,n5,light
474120,425,n5,light
474122,448,n5,light
474124,449,n5,light
474126,457,n5,light
474128,434,n5,light
474130,464,n5,light
474132,464,n5,light
474134,456,n5,light
474136,524,n5,light
474138,527,n5,light
474140,507,n5,light
474142,485,n5,light
474144,478,n5,light
474146,458,n5,light
474148,433,n5,light
474150,413,n5,light
474152,422,n5,light
474154,419,n5,light
474156,421,n5,light
474158,426,n5,light
474160,411,n5,light
474162,411,n5,light
474164,399,n5,light
474166,418,n5,light
474168,452,n5,light
474170,509,n5,light
474172,487,n5,light
474174,467,n5,light
474176,464,n5,light
474178,450,n5,light
474180,485,n5,light
474182,471,n5,light
474184,458,n5,light
474186,441,n5,light
474188,433,n5,light
474190,413,n5,light
474192,398,n5,light
474194,384,n5,light
474196,368,n5,light
474198,368,n5,light
474200,357,n5,light
474202,354,n5,light
474204,347,n5,light
474206,335,n5,light
474208,336,n5,light
474210,327,n5,light
474212,314,n5,light
474214,314,n5,light
474216,322,n5,light
474218,307,n5,light
474220,300,n5,light
474222,284,n5,light
474224,310,n5,light
474226,341,n5,light
474228,370,n5,light
474230,384,n5,light
474232,462,n5,light
474234,506,n5,light
474236,493,n5,light
474238,494,n5,light
474240,494,n5,light
474242,479,n5,light
474244,462,n5,light
474246,444,n5,light
474248,434,n5,light
474250,432,n5,light
474252,440,n5,light
474254,432,n5,light
474256,421,n5,light
474258,414,n5,light
474260,419,n5,light
474262,398,n5,light
474264,383,n5,light
474266,375,n5,light
474268,373,n5,light
474270,370,n5,light
474272,354,n5,light
474274,338,n5,light
474276,320,n5,light
474278,315,n5,light
474280,325,n5,light
474282,310,n5,light
474284,298,n5,light
474286,289,n5,light
474288,285,n5,light
474290,287,n5,light
474292,325,n5,light
474294,361,n5,light
474296,347,n5,light
474298,370,n5,light
474300,432,n5,light
474302,425,n5,light
474304,447,n5,light
474306,433,n5,light
474308,422,n5,light
474310,405,n5,light
474312,427,n5,light
474314,423,n5,light
474316,410,n5,light
474318,395,n5,light
474320,400,n5,light
474322,415,n5,light
474324,464,n5,light
474326,443,n5,light
474328,422,n5,light
474330,407,n5,light
474332,432,n5,light
474334,410,n5,light
474336,395,n5,light
474338,410,n5,light
474340,426,n5,light
474342,410,n5,light
474344,406,n5,light
474346,389,n5,light
474348,367,n5,light
474350,347,n5,light
474352,362,n5,light
474354,347,n5,light
474356,362,n5,light
474358,383,n5,light
474360,416,n5,light
474362,457,n5,light
474364,491,n5,light
474366,588,n5,light
474368,614,n5,light
474370,597,n5,light
474372,574,n5,light
474374,550,n5,light
474376,559,n5,light
474378,544,n5,light
474380,528,n5,light
474382,498,n5,light
474384,476,n5,light
474386,477,n5,light
474388,505,n5,light
474390,534,n5,light
474392,585,n5,light
474394,618,n5,light
474396,748,n5,light
474398,831,n5,light
474400,807,n5,light
474402,769,n5,light
474404,747,n5,light
474406,720,n5,light
474408,702,n5,light
474410,688,n5,light
474412,698,n5,light
474414,715,n5,light
474416,702,n5,light
474418,721,n5,light
474420,724,n5,light
474422,697,n5,light
474424,689,n5,light
474426,675,n5,light
474428,655,n5,light
474430,625,n5,light
474432,595,n5,light
474434,585,n5,light
474436,563,n5,light
474438,539,n5,light
474440,507,n5,light
474442,489,n5,light
474444,478,n5,light
474446,467,n5,light
474448,481,n5,light
474450,465,n5,light
474452,466,n5,light
474454,492,n5,light
474456,497,n5,light
474458,537,n5,light
474460,525,n5,light
474462,495,n5,light
474464,501,n5,light
474466,533,n5,light
474468,560,n5,light
474470,574,n5,light
474472,637,n5,light
474474,685,n5,light
474476,682,n5,light
474478,666,n5,light
474480,650,n5,light
474482,715,n5,light
474484,803,n5,light
474486,823,n5,light
474488,934,n5,light
474490,959,n5,light
474492,920,n5,light
474494,909,n5,light
474496,879,n5,light
474498,834,n5,light
474500,824,n5,light
474502,849,n5,light
474504,871,n5,light
474506,844,n5,light
474508,846,n5,light
474510,880,n5,light
474512,866,n5,light
474514,837,n5,light
474516,798,n5,light
474518,777,n5,light
474520,752,n5,light
474522,719,n5,light
474524,687,n5,light
474526,668,n5,light
474528,643,n5,light
474530,627,n5,light
474532,617,n5,light
474534,608,n5,light
474536,646,n5,light
474538,677,n5,light
474540,709,n5,light
474542,918,n5,light
474544,1013,n5,light
474546,976,n5,light
474548,929,n5,light
474550,891,n5,light
474552,866,n5,light
474554,847,n5,light
474556,845,n5,light
474558,822,n5,light
474560,789,n5,light
474562,757,n5,light
474564,749,n5,light
474566,720,n5,light
474568,737,n5,light
474570,784,n5,light
474572,767,n5,light
474574,737,n5,light
474576,795,n5,light
474578,788,n5,light
474580,786,n5,light
474582,758,n5,light
474584,733,n5,light
474586,704,n5,light
474588,683,n5,light
474590,663,n5,light
474592,640,n5,light
474594,639,n5,light
474596,692,n5,light
474598,735,n5,light
474600,739,n5,light
474602,723,n5,light
474604,704,n5,light
474606,687,n5,light
474608,656,n5,light
474610,658,n5,light
474612,681,n5,light
474614,663,n5,light
474616,685,n5,light
474618,660,n5,light
474620,635,n5,light
474622,624,n5,light
474624,592,n5,light
474626,573,n5,light
474628,565,n5,light
474630,545,n5,light
474632,511,n5,light
474634,511,n5,light
474636,502,n5,light
474638,560,n5,light
474640,549,n5,light
474642,537,n5,light
474644,538,n5,light
474646,538,n5,light
474648,511,n5,light
474650,526,n5,light
474652,502,n5,light
474654,483,n5,light
474656,476,n5,light
474658,481,n5,light
474660,465,n5,light
474662,448,n5,light
474664,426,n5,light
474666,412,n5,light
474668,426,n5,light
474670,409,n5,light
474672,411,n5,light
474674,441,n5,light
474676,469,n5,light
474678,527,n5,light
474680,526,n5,light
474682,527,n5,light
474684,496,n5,light
474686,482,n5,light
474688,464,n5,light
474690,460,n5,light
474692,435,n5,light
474694,415,n5,light
474696,410,n5,light
474698,432,n5,light
474700,432,n5,light
474702,428,n5,light
474704,411,n5,light
474706,401,n5,light
474708,415,n5,light
474710,400,n5,light
474712,430,n5,light
474714,450,n5,light
474716,464,n5,light
474718,464,n5,light
474720,454,n5,light
474722,443,n5,light
474724,426,n5,light
474726,415,n5,light
474728,405,n5,light
474730,414,n5,light
474732,450,n5,light
474734,503,n5,light
474736,499,n5,light
474738,506,n5,light
474740,569,n5,light
474742,558,n5,light
474744,533,n5,light
474746,566,n5,light
474748,560,n5,light
474750,532,n5,light
474752,506,n5,light
474754,491,n5,light
474756,482,n5,light
474758,473,n5,light
474760,480,n5,light
474762,494,n5,light
474764,489,n5,light
474766,530,n5,light
474768,525,n5,light
474770,495,n5,light
474772,474,n5,light
474774,452,n5,light
474776,443,n5,light
474778,440,n5,light
474780,431,n5,light
474782,409,n5,light
474784,395,n5,light
474786,385,n5,light
474788,399,n5,light
474790,394,n5,light
474792,413,n5,light
474794,427,n5,light
474796,401,n5,light
474798,400,n5,light
474800,389,n5,light
474802,381,n5,light
474804,392,n5,light
474806,402,n5,light
474808,412,n5,light
474810,414,n5,light
474812,410,n5,light
474814,425,n5,light
474816,438,n5,light
474818,434,n5,light
474820,493,n5,light
474822,475,n5,light
474824,473,n5,light
474826,454,n5,light
474828,457,n5,light
474830,454,n5,light
474832,447,n5,light
474834,424,n5,light
474836,438,n5,light
474838,452,n5,light
474840,437,n5,light
474842,426,n5,light
474844,419,n5,light
474846,401,n5,light
474848,417,n5,light
474850,455,n5,light
474852,437,n5,light
474854,416,n5,light
474856,406,n5,light
474858,403,n5,light
474860,421,n5,light
474862,435,n5,light
474864,432,n5,light
474866,417,n5,light
474868,404,n5,light
474870,396,n5,light
474872,438,n5,light
474874,453,n5,light
474876,452,n5,light
474878,432,n5,light
474880,415,n5,light
474882,422,n5,light
474884,431,n5,light
474886,411,n5,light
474888,396,n5,light
474890,397,n5,light
474892,402,n5,light
474894,413,n5,light
474896,406,n5,light
474898,406,n5,light
474900,400,n5,light
474902,401,n5,light
474904,418,n5,light
474906,459,n5,light
474908,460,n5,light
474910,443,n5,light
474912,419,n5,light
474914,407,n5,light
474916,417,n5,light
474918,402,n5,light
474920,395,n5,light
474922,420,n5,light
474924,497,n5,light
474926,511,n5,light
474928,592,n5,light
474930,637,n5,light
474932,630,n5,light
474934,613,n5,light
474936,599,n5,light
474938,591,n5,light
474940,566,n5,light
474942,558,n5,light
474944,576,n5,light
474946,564,n5,light
474948,546,n5,light
474950,576,n5,light
474952,565,n5,light
474954,598,n5,light
474956,615,n5,light
474958,613,n5,light
474960,593,n5,light
474962,589,n5,light
474964,590,n5,light
474966,574,n5,light
474968,551,n5,light
474970,534,n5,light
474972,528,n5,light
474974,576,n5,light
474976,566,n5,light
474978,587,n5,light
474980,598,n5,light
474982,574,n5,light
474984,549,n5,light
474986,539,n5,light
474988,531,n5,light
474990,509,n5,light
474992,541,n5,light
474994,575,n5,light
474996,567,n5,light
474998,575,n5,light
475000,586,n5,light
475002,562,n5,light
475004,539,n5,light
475006,531,n5,light
475008,593,n5,light
475010,583,n5,light
475012,565,n5,light
475014,576,n5,light
475016,607,n5,light
475018,594,n5,light
475020,585,n5,light
475022,587,n5,light
475024,579,n5,light
475026,590,n5,light
475028,582,n5,light
475030,574,n5,light
475032,569,n5,light
475034,548,n5,light
475036,511,n5,light
475038,505,n5,light
475040,496,n5,light
475042,498,n5,light
475044,526,n5,light
475046,511,n5,light
475048,523,n5,light
475050,559,n5,light
475052,635,n5,light
475054,619,n5,light
475056,607,n5,light
475058,589,n5,light
475060,562,n5,light
475062,539,n5,light
475064,509,n5,light
475066,502,n5,light
475068,503,n5,light
475070,500,n5,light
475072,493,n5,light
475074,468,n5,light
475076,448,n5,light
475078,429,n5,light
475080,438,n5,light
475082,426,n5,light
475084,410,n5,light
475086,470,n5,light
475088,473,n5,light
475090,479,n5,light
475092,511,n5,light
475094,533,n5,light
475096,528,n5,light
475098,510,n5,light
475100,505,n5,light
475102,530,n5,light
475104,529,n5,light
475106,511,n5,light
475108,497,n5,light
475110,496,n5,light
475112,581,n5,light
475114,598,n5,light
475116,597,n5,light
475118,587,n5,light
475120,575,n5,light
475122,550,n5,light
475124,549,n5,light
475126,549,n5,light
475128,538,n5,light
475130,507,n5,light
475132,502,n5,light
475134,497,n5,light
475136,487,n5,light
475138,495,n5,light
475140,511,n5,light
475142,511,n5,light
475144,490,n5,light
475146,465,n5,light
475148,449,n5,light
475150,451,n5,light
475152,464,n5,light
475154,461,n5,light
475156,460,n5,light
475158,464,n5,light
475160,443,n5,light
475162,425,n5,light
475164,432,n5,light
475166,418,n5,light
475168,400,n5,light
475170,391,n5,light
475172,390,n5,light
475174,389,n5,light
475176,401,n5,light
475178,389,n5,light
475180,400,n5,light
475182,404,n5,light
475184,412,n5,light
475186,393,n5,light
475188,455,n5,light
475190,446,n5,light
475192,423,n5,light
475194,441,n5,light
475196,453,n5,light
475198,491,n5,light
475200,569,n5,light
475202,565,n5,light
475204,557,n5,light
475206,554,n5,light
475208,560,n5,light
475210,559,n5,light
475212,529,n5,light
475214,503,n5,light
475216,496,n5,light
475218,479,n5,light
475220,461,n5,light
475222,439,n5,light
475224,453,n5,light
475226,436,n5,light
475228,464,n5,light
475230,461,n5,light
475232,491,n5,light
475234,528,n5,light
475236,506,n5,light
475238,538,n5,light
475240,590,n5,light
475242,567,n5,light
475244,559,n5,light
475246,554,n5,light
475248,554,n5,light
475250,528,n5,light
475252,511,n5,light
475254,496,n5,light
475256,483,n5,light
475258,471,n5,light
475260,461,n5,light
475262,445,n5,light
475264,433,n5,light
475266,417,n5,light
475268,396,n5,light
475270,386,n5,light
475272,400,n5,light
475274,407,n5,light
475276,390,n5,light
475278,384,n5,light
475280,375,n5,light
475282,378,n5,light
475284,365,n5,light
475286,357,n5,light
475288,349,n5,light
475290,353,n5,light
475292,359,n5,light
475294,390,n5,light
475296,459,n5,light
475298,491,n5,light
475300,547,n5,light
475302,539,n5,light
475304,575,n5,light
475306,600,n5,light
475308,579,n5,light
475310,571,n5,light
475312,611,n5,light
475314,624,n5,light
475316,602,n5,light
475318,575,n5,light
475320,549,n5,light
475322,538,n5,light
475324,537,n5,light
475326,543,n5,light
475328,511,n5,light
475330,496,n5,light
475332,472,n5,light
475334,466,n5,light
475336,459,n5,light
475338,454,n5,light
475340,452,n5,light
475342,449,n5,light
475344,446,n5,light
475346,429,n5,light
475348,424,n5,light
475350,432,n5,light
475352,413,n5,light
475354,400,n5,light
475356,400,n5,light
475358,425,n5,light
475360,453,n5,light
475362,439,n5,light
475364,421,n5,light
475366,400,n5,light
475368,385,n5,light
475370,384,n5,light
475372,382,n5,light
475374,373,n5,light
475376,370,n5,light
475378,368,n5,light
475380,401,n5,light
475382,403,n5,light
475384,419,n5,light
475386,419,n5,light
475388,407,n5,light
475390,429,n5,light
475392,464,n5,light
475394,464,n5,light
475396,525,n5,light
475398,551,n5,light
475400,541,n5,light
475402,523,n5,light
475404,496,n5,light
475406,483,n5,light
475408,470,n5,light
475410,453,n5,light
475412,465,n5,light
475414,485,n5,light
475416,491,n5,light
475418,470,n5,light
475420,476,n5,light
475422,487,n5,light
475424,511,n5,light
475426,556,n5,light
475428,546,n5,light
475430,511,n5,light
475432,507,n5,light
475434,497,n5,light
475436,503,n5,light
475438,483,n5,light
475440,502,n5,light
475442,548,n5,light
475444,585,n5,light
475446,667,n5,light
475448,653,n5,light
475450,624,n5,light
475452,604,n5,light
475454,576,n5,light
475456,560,n5,light
475458,535,n5,light
475460,556,n5,light
475462,581,n5,light
475464,561,n5,light
475466,560,n5,light
475468,613,n5,light
475470,594,n5,light
475472,610,n5,light
475474,606,n5,light
475476,610,n5,light
475478,667,n5,light
475480,649,n5,light
475482,618,n5,light
475484,603,n5,light
475486,599,n5,light
475488,591,n5,light
475490,592,n5,light
475492,647,n5,light
475494,619,n5,light
475496,597,n5,light
475498,607,n5,light
475500,591,n5,light
475502,606,n5,light
475504,592,n5,light
475506,589,n5,light
475508,582,n5,light
475510,577,n5,light
475512,560,n5,light
475514,550,n5,light
475516,542,n5,light
475518,545,n5,light
475520,551,n5,light
475522,538,n5,light
475524,539,n5,light
475526,545,n5,light
475528,565,n5,light
475530,541,n5,light
475532,511,n5,light
475534,503,n5,light
475536,508,n5,light
475538,497,n5,light
475540,511,n5,light
475542,532,n5,light
475544,559,n5,light
475546,560,n5,light
475548,551,n5,light
475550,559,n5,light
475552,558,n5,light
475554,550,n5,light
475556,541,n5,light
475558,555,n5,light
475560,544,n5,light
475562,528,n5,light
475564,556,n5,light
475566,595,n5,light
475568,608,n5,light
475570,659,n5,light
475572,658,n5,light
475574,666,n5,light
475576,670,n5,light
475578,645,n5,light
475580,635,n5,light
475582,624,n5,light
475584,646,n5,light
475586,656,n5,light
475588,651,n5,light
475590,651,n5,light
475592,648,n5,light
475594,647,n5,light
475596,637,n5,light
475598,656,n5,light
475600,626,n5,light
475602,603,n5,light
475604,576,n5,light
475606,559,n5,light
475608,533,n5,light
475610,507,n5,light
475612,493,n5,light
475614,484,n5,light
475616,497,n5,light
475618,501,n5,light
475620,485,n5,light
475622,464,n5,light
475624,453,n5,light
475626,438,n5,light
475628,421,n5,light
475630,445,n5,light
475632,461,n5,light
475634,461,n5,light
475636,507,n5,light
475638,547,n5,light
475640,533,n5,light
475642,539,n5,light
475644,511,n5,light
475646,496,n5,light
475648,477,n5,light
475650,455,n5,light
475652,448,n5,light
475654,450,n5,light
475656,464,n5,light
475658,448,n5,light
475660,435,n5,light
475662,415,n5,light
475664,400,n5,light
475666,384,n5,light
475668,368,n5,light
475670,367,n5,light
475672,359,n5,light
475674,339,n5,light
475676,331,n5,light
475678,320,n5,light
475680,309,n5,light
475682,304,n5,light
475684,297,n5,light
475686,279,n5,light
475688,279,n5,light
475690,265,n5,light
475692,261,n5,light
475694,262,n5,light
475696,274,n5,light
475698,299,n5,light
475700,291,n5,light
475702,282,n5,light
475704,307,n5,light
475706,336,n5,light
475708,383,n5,light
475710,381,n5,light
475712,385,n5,light
475714,418,n5,light
475716,418,n5,light
475718,444,n5,light
475720,432,n5,light
475722,423,n5,light
475724,410,n5,light
475726,401,n5,light
475728,397,n5,light
475730,393,n5,light
475732,397,n5,light
475734,397,n5,light
475736,438,n5,light
475738,427,n5,light
475740,429,n5,light
475742,485,n5,light
475744,511,n5,light
475746,496,n5,light
475748,485,n5,light
475750,473,n5,light
475752,449,n5,light
475754,434,n5,light
475756,439,n5,light
475758,441,n5,light
475760,434,n5,light
475762,442,n5,light
475764,464,n5,light
475766,468,n5,light
475768,449,n5,light
475770,499,n5,light
475772,533,n5,light
475774,501,n5,light
475776,482,n5,light
475778,460,n5,light
475780,442,n5,light
475782,421,n5,light
475784,400,n5,light
475786,384,n5,light
475788,376,n5,light
475790,378,n5,light
475792,388,n5,light
475794,393,n5,light
475796,396,n5,light
475798,390,n5,light
475800,419,n5,light
475802,402,n5,light
475804,435,n5,light
475806,449,n5,light
475808,437,n5,light
475810,432,n5,light
475812,411,n5,light
475814,406,n5,light
475816,402,n5,light
475818,394,n5,light
475820,382,n5,light
475822,363,n5,light
475824,343,n5,light
475826,329,n5,light
475828,308,n5,light
475830,304,n5,light
475832,298,n5,light
475834,309,n5,light
475836,328,n5,light
475838,337,n5,light
475840,334,n5,light
475842,339,n5,light
475844,339,n5,light
475846,331,n5,light
475848,349,n5,light
475850,384,n5,light
475852,368,n5,light
475854,356,n5,light
475856,363,n5,light
475858,343,n5,light
475860,326,n5,light
475862,308,n5,light
475864,304,n5,light
475866,294,n5,light
475868,292,n5,light
475870,288,n5,light
475872,279,n5,light
475874,269,n5,light
475876,259,n5,light
475878,246,n5,light
475880,240,n5,light
475882,257,n5,light
475884,271,n5,light
475886,269,n5,light
475888,251,n5,light
475890,246,n5,light
475892,301,n5,light
475894,306,n5,light
475896,310,n5,light
475898,337,n5,light
475900,423,n5,light
475902,423,n5,light
475904,435,n5,light
475906,420,n5,light
475908,418,n5,light
475910,400,n5,light
475912,392,n5,light
475914,379,n5,light
475916,380,n5,light
475918,387,n5,light
475920,389,n5,light
475922,378,n5,light
475924,368,n5,light
475926,365,n5,light
475928,357,n5,light
475930,341,n5,light
475932,330,n5,light
475934,311,n5,light
475936,306,n5,light
475938,323,n5,light
475940,339,n5,light
475942,333,n5,light
475944,327,n5,light
475946,367,n5,light
475948,368,n5,light
475950,359,n5,light
475952,369,n5,light
475954,371,n5,light
475956,364,n5,light
475958,350,n5,light
475960,372,n5,light
475962,377,n5,light
475964,368,n5,light
475966,358,n5,light
475968,352,n5,light
475970,352,n5,light
475972,347,n5,light
475974,331,n5,light
475976,317,n5,light
475978,331,n5,light
475980,333,n5,light
475982,355,n5,light
475984,347,n5,light
475986,337,n5,light
475988,340,n5,light
475990,342,n5,light
475992,361,n5,light
475994,350,n5,light
475996,353,n5,light
475998,347,n5,light
476000,347,n5,light
476002,342,n5,light
476004,351,n5,light
476006,384,n5,light
476008,385,n5,light
476010,411,n5,light
476012,426,n5,light
476014,413,n5,light
476016,422,n5,light
476018,420,n5,light
476020,419,n5,light
476022,420,n5,light
476024,400,n5,light
476026,388,n5,light
476028,375,n5,light
476030,355,n5,light
476032,351,n5,light
476034,336,n5,light
476036,334,n5,light
476038,336,n5,light
476040,361,n5,light
476042,356,n5,light
476044,386,n5,light
476046,395,n5,light
476048,378,n5,light
476050,359,n5,light
476052,347,n5,light
476054,334,n5,light
476056,324,n5,light
476058,321,n5,light
476060,349,n5,light
476062,339,n5,light
476064,343,n5,light
476066,338,n5,light
476068,343,n5,light
476070,359,n5,light
476072,363,n5,light
476074,352,n5,light
476076,359,n5,light
476078,359,n5,light
476080,379,n5,light
476082,366,n5,light
476084,354,n5,light
476086,345,n5,light
476088,330,n5,light
476090,323,n5,light
476092,341,n5,light
476094,352,n5,light
476096,343,n5,light
476098,353,n5,light
476100,344,n5,light
476102,341,n5,light
476104,363,n5,light
476106,345,n5,light
476108,337,n5,light
476110,322,n5,light
476112,307,n5,light
476114,306,n5,light
476116,304,n5,light
476118,285,n5,light
476120,304,n5,light
476122,338,n5,light
476124,349,n5,light
476126,385,n5,light
476128,427,n5,light
476130,434,n5,light
476132,432,n5,light
476134,439,n5,light
476136,439,n5,light
476138,433,n5,light
476140,447,n5,light
476142,441,n5,light
476144,427,n5,light
476146,411,n5,light
476148,423,n5,light
476150,406,n5,light
476152,398,n5,light
476154,380,n5,light
476156,383,n5,light
476158,397,n5,light
476160,395,n5,light
476162,383,n5,light
476164,384,n5,light
476166,368,n5,light
476168,421,n5,light
476170,433,n5,light
476172,418,n5,light
476174,401,n5,light
476176,402,n5,light
476178,405,n5,light
476180,389,n5,light
476182,370,n5,light
476184,397,n5,light
476186,389,n5,light
476188,371,n5,light
476190,355,n5,light
476192,336,n5,light
476194,320,n5,light
476196,311,n5,light
476198,299,n5,light
476200,297,n5,light
476202,316,n5,light
476204,334,n5,light
476206,346,n5,light
476208,411,n5,light
476210,417,n5,light
476212,400,n5,light
476214,382,n5,light
476216,378,n5,light
476218,368,n5,light
476220,362,n5,light
476222,368,n5,light
476224,371,n5,light
476226,371,n5,light
476228,361,n5,light
476230,340,n5,light
476232,334,n5,light
476234,326,n5,light
476236,327,n5,light
476238,336,n5,light
476240,336,n5,light
476242,327,n5,light
476244,353,n5,light
476246,355,n5,light
476248,365,n5,light
476250,367,n5,light
476252,368,n5,light
476254,362,n5,light
476256,350,n5,light
476258,339,n5,light
476260,346,n5,light
476262,336,n5,light
476264,320,n5,light
476266,323,n5,light
476268,313,n5,light
476270,302,n5,light
476272,310,n5,light
476274,303,n5,light
476276,290,n5,light
476278,273,n5,light
476280,259,n5,light
476282,255,n5,light
476284,271,n5,light
476286,313,n5,light
476288,333,n5,light
476290,368,n5,light
476292,367,n5,light
476294,349,n5,light
476296,352,n5,light
476298,353,n5,light
476300,343,n5,light
476302,329,n5,light
476304,347,n5,light
476306,351,n5,light
476308,366,n5,light
476310,368,n5,light
476312,364,n5,light
476314,350,n5,light
476316,363,n5,light
476318,352,n5,light
476320,378,n5,light
476322,371,n5,light
476324,379,n5,light
476326,376,n5,light
476328,384,n5,light
476330,397,n5,light
476332,393,n5,light
476334,373,n5,light
476336,375,n5,light
476338,379,n5,light
476340,365,n5,light
476342,368,n5,light
476344,367,n5,light
476346,357,n5,light
476348,342,n5,light
476350,340,n5,light
476352,329,n5,light
476354,323,n5,light
476356,304,n5,light
476358,313,n5,light
476360,320,n5,light
476362,307,n5,light
476364,303,n5,light
476366,327,n5,light
476368,308,n5,light
476370,311,n5,light
476372,318,n5,light
476374,315,n5,light
476376,305,n5,light
476378,304,n5,light
476380,289,n5,light
476382,273,n5,light
476384,258,n5,light
476386,270,n5,light
476388,322,n5,light
476390,325,n5,light
476392,317,n5,light
476394,321,n5,light
476396,320,n5,light
476398,321,n5,light
476400,332,n5,light
476402,356,n5,light
476404,356,n5,light
476406,342,n5,light
476408,376,n5,light
476410,368,n5,light
476412,359,n5,light
476414,362,n5,light
476416,343,n5,light
476418,350,n5,light
476420,344,n5,light
476422,335,n5,light
476424,321,n5,light
476426,309,n5,light
476428,307,n5,light
476430,298,n5,light
476432,288,n5,light
476434,272,n5,light
476436,257,n5,light
476438,246,n5,light
476440,242,n5,light
476442,265,n5,light
476444,320,n5,light
476446,384,n5,light
476448,369,n5,light
476450,352,n5,light
476452,336,n5,light
476454,331,n5,light
476456,324,n5,light
476458,318,n5,light
476460,309,n5,light
476462,297,n5,light
476464,311,n5,light
476466,333,n5,light
476468,336,n5,light
476470,318,n5,light
476472,295,n5,light
476474,285,n5,light
476476,269,n5,light
476478,279,n5,light
476480,277,n5,light
476482,271,n5,light
476484,272,n5,light
476486,266,n5,light
476488,301,n5,light
476490,310,n5,light
476492,303,n5,light
476494,317,n5,light
476496,336,n5,light
476498,352,n5,light
476500,364,n5,light
476502,371,n5,light
476504,406,n5,light
476506,447,n5,light
476508,447,n5,light
476510,435,n5,light
476512,428,n5,light
476514,421,n5,light
476516,441,n5,light
476518,435,n5,light
476520,432,n5,light
476522,425,n5,light
476524,402,n5,light
476526,384,n5,light
476528,368,n5,light
476530,355,n5,light
476532,339,n5,light
476534,329,n5,light
476536,321,n5,light
476538,328,n5,light
476540,322,n5,light
476542,310,n5,light
476544,333,n5,light
476546,349,n5,light
476548,359,n5,light
476550,355,n5,light
476552,367,n5,light
476554,343,n5,light
476556,358,n5,light
476558,368,n5,light
476560,363,n5,light
476562,346,n5,light
476564,375,n5,light
476566,405,n5,light
476568,400,n5,light
476570,399,n5,light
476572,410,n5,light
476574,411,n5,light
476576,404,n5,light
476578,421,n5,light
476580,433,n5,light
476582,479,n5,light
476584,494,n5,light
476586,481,n5,light
476588,471,n5,light
476590,450,n5,light
476592,432,n5,light
476594,416,n5,light
476596,405,n5,light
476598,387,n5,light
476600,368,n5,light
476602,368,n5,light
476604,375,n5,light
476606,400,n5,light
476608,398,n5,light
476610,385,n5,light
476612,384,n5,light
476614,396,n5,light
476616,384,n5,light
476618,368,n5,light
476620,355,n5,light
476622,337,n5,light
476624,330,n5,light
476626,336,n5,light
476628,319,n5,light
476630,306,n5,light
476632,316,n5,light
476634,313,n5,light
476636,333,n5,light
476638,331,n5,light
476640,319,n5,light
476642,304,n5,light
476644,288,n5,light
476646,291,n5,light
476648,286,n5,light
476650,321,n5,light
476652,322,n5,light
476654,341,n5,light
476656,336,n5,light
476658,318,n5,light
476660,323,n5,light
476662,320,n5,light
476664,304,n5,light
476666,305,n5,light
476668,301,n5,light
476670,278,n5,light
476672,271,n5,light
476674,258,n5,light
476676,248,n5,light
476678,240,n5,light
476680,257,n5,light
476682,252,n5,light
476684,237,n5,light
476686,227,n5,light
476688,218,n5,light
476690,208,n5,light
476692,194,n5,light
476694,208,n5,light
476696,218,n5,light
476698,245,n5,light
476700,254,n5,light
476702,251,n5,light
476704,240,n5,light
476706,228,n5,light
476708,222,n5,light
476710,208,n5,light
476712,214,n5,light
476714,270,n5,light
476716,290,n5,light
476718,290,n5,light
476720,336,n5,light
476722,337,n5,light
476724,332,n5,light
476726,331,n5,light
476728,337,n5,light
476730,334,n5,light
476732,313,n5,light
476734,302,n5,light
476736,303,n5,light
476738,326,n5,light
476740,314,n5,light
476742,297,n5,light
476744,289,n5,light
476746,295,n5,light
476748,288,n5,light
476750,282,n5,light
476752,296,n5,light
476754,285,n5,light
476756,271,n5,light
476758,254,n5,light
476760,240,n5,light
476762,238,n5,light
476764,224,n5,light
476766,224,n5,light
476768,221,n5,light
476770,215,n5,light
476772,229,n5,light
476774,226,n5,light
476776,221,n5,light
476778,228,n5,light
476780,217,n5,light
476782,225,n5,light
476784,231,n5,light
476786,221,n5,light
476788,211,n5,light
476790,215,n5,light
476792,203,n5,light
476794,208,n5,light
476796,208,n5,light
476798,203,n5,light
476800,197,n5,light
476802,203,n5,light
476804,201,n5,light
476806,205,n5,light
476808,213,n5,light
476810,223,n5,light
476812,208,n5,light
476814,199,n5,light
476816,208,n5,light
476818,199,n5,light
476820,208,n5,light
476822,221,n5,light
476824,209,n5,light
476826,206,n5,light
476828,196,n5,light
476830,187,n5,light
476832,181,n5,light
476834,171,n5,light
476836,187,n5,light
476838,211,n5,light
476840,227,n5,light
476842,240,n5,light
476844,274,n5,light
476846,291,n5,light
476848,286,n5,light
476850,282,n5,light
476852,270,n5,light
476854,272,n5,light
476856,304,n5,light
476858,322,n5,light
476860,336,n5,light
476862,363,n5,light
476864,347,n5,light
476866,333,n5,light
476868,314,n5,light
476870,306,n5,light
476872,297,n5,light
476874,290,n5,light
476876,312,n5,light
476878,322,n5,light
476880,314,n5,light
476882,336,n5,light
476884,375,n5,light
476886,362,n5,light
476888,363,n5,light
476890,354,n5,light
476892,347,n5,light
476894,342,n5,light
476896,349,n5,light
476898,332,n5,light
476900,325,n5,light
476902,321,n5,light
476904,314,n5,light
476906,304,n5,light
476908,299,n5,light
476910,333,n5,light
476912,336,n5,light
476914,354,n5,light
476916,359,n5,light
476918,359,n5,light
476920,346,n5,light
476922,331,n5,light
476924,313,n5,light
476926,307,n5,light
476928,304,n5,light
476930,290,n5,light
476932,272,n5,light
476934,261,n5,light
476936,260,n5,light
476938,270,n5,light
476940,289,n5,light
476942,283,n5,light
476944,336,n5,light
476946,400,n5,light
476948,398,n5,light
476950,378,n5,light
476952,371,n5,light
476954,368,n5,light
476956,355,n5,light
476958,387,n5,light
476960,383,n5,light
476962,389,n5,light
476964,397,n5,light
476966,400,n5,light
476968,444,n5,light
476970,435,n5,light
476972,418,n5,light
476974,405,n5,light
476976,386,n5,light
476978,372,n5,light
476980,365,n5,light
476982,346,n5,light
476984,335,n5,light
476986,345,n5,light
476988,350,n5,light
476990,346,n5,light
476992,343,n5,light
476994,354,n5,light
476996,375,n5,light
476998,370,n5,light
477000,369,n5,light
477002,371,n5,light
477004,368,n5,light
477006,359,n5,light
477008,353,n5,light
477010,372,n5,light
477012,369,n5,light
477014,404,n5,light
477016,414,n5,light
477018,406,n5,light
477020,435,n5,light
477022,423,n5,light
477024,405,n5,light
477026,426,n5,light
477028,428,n5,light
477030,454,n5,light
477032,466,n5,light
486050,0,n5,light
486052,0,n5,light
486054,0,n5,light
486056,0,n5,light
486058,0,n5,light
486060,0,n5,light
486062,0,n5,light
486064,0,n5,light
486066,0,n5,light
486068,0,n5,light
486070,0,n5,light
486072,0,n5,light
486074,0,n5,light
486076,0,n5,light
486078,0,n5,light
486080,0,n5,light
486082,0,n5,light
486084,0,n5,light
486086,0,n5,light
486088,0,n5,light
486090,0,n5,light
486092,0,n5,light
486094,0,n5,light
486096,0,n5,light
486098,0,n5,light
486100,0,n5,light
486102,0,n5,light
486104,0,n5,light
486106,0,n5,light
486108,0,n5,light
486110,0,n5,light
486112,0,n5,light
486114,0,n5,light
486116,0,n5,light
486118,0,n5,light
486120,0,n5,light
486122,0,n5,light
486124,0,n5,light
486126,0,n5,light
486128,0,n5,light
486130,0,n5,light
486132,0,n5,light
486134,0,n5,light
486136,0,n5,light
486138,0,n5,light
486140,0,n5,light
486142,0,n5,light
486144,0,n5,light
486146,0,n5,light
486148,0,n5,light
486150,0,n5,light
486152,0,n5,light
486154,0,n5,light
486156,0,n5,light
486158,0,n5,light
486160,0,n5,light
486162,0,n5,light
486164,0,n5,light
486166,0,n5,light
486168,0,n5,light
486170,0,n5,light
486172,0,n5,light
486174,0,n5,light
486176,0,n5,light
486178,0,n5,light
486180,0,n5,light
486182,0,n5,light
486184,0,n5,light
486186,0,n5,light
486188,0,n5,light
486190,0,n5,light
486192,0,n5,light
486194,0,n5,light
486196,0,n5,light
486198,0,n5,light
486200,0,n5,light
486202,0,n5,light
486204,0,n5,light
486206,0,n5,light
486208,0,n5,light
486210,0,n5,light
486212,0,n5,light
486214,0,n5,light
486216,0,n5,light
486218,0,n5,light
486220,0,n5,light
486222,0,n5,light
486224,0,n5,light
486226,0,n5,light
486228,0,n5,light
486230,0,n5,light
486232,0,n5,light
486234,0,n5,light
486236,0,n5,light
486238,0,n5,light
486240,0,n5,light
486242,0,n5,light
486244,0,n5,light
486246,0,n5,light
486248,0,n5,light
486250,0,n5,light
486252,0,n5,light
486254,0,n5,light
486256,0,n5,light
486258,0,n5,light
486260,0,n5,light
486262,0,n5,light
486264,0,n5,light
486266,0,n5,light
486268,0,n5,light
486270,0,n5,light
486272,0,n5,light
486274,0,n5,light
486276,0,n5,light
486278,0,n5,light
486280,0,n5,light
486282,0,n5,light
486284,0,n5,light
486286,0,n5,light
486288,0,n5,light
486290,0,n5,light
486292,0,n5,light
486294,0,n5,light
486296,0,n5,light
486298,0,n5,light
486300,0,n5,light
486302,0,n5,light
486304,0,n5,light
486306,23,n5,light
486308,436,n5,light
486310,959,n5,light
486312,1273,n5,light
486314,1223,n5,light
486316,1178,n5,light
486318,1135,n5,light
486320,1088,n5,light
486322,1049,n5,light
486324,1008,n5,light
486326,977,n5,light
486328,947,n5,light
486330,914,n5,light
486332,880,n5,light
486334,823,n5,light
486336,719,n5,light
486338,583,n5,light
486340,464,n5,light
486342,371,n5,light
486344,304,n5,light
486346,243,n5,light
486348,194,n5,light
486350,156,n5,light
486352,128,n5,light
486354,94,n5,light
486356,2627,n5,light
486358,3686,n5,light
486360,3654,n5,light
486362,3482,n5,light
486364,3442,n5,light
486366,3604,n5,light
486368,3648,n5,light
486370,3648,n5,light
486372,3683,n5,light
486374,3690,n5,light
486376,3680,n5,light
486378,3680,n5,light
486380,3689,n5,light
486382,3679,n5,light
486384,3663,n5,light
486386,3647,n5,light
486388,3667,n5,light
486390,3441,n5,light
486392,3226,n5,light
486394,3041,n5,light
486396,2887,n5,light
486398,2751,n5,light
486400,2623,n5,light
486402,2496,n5,light
486404,2384,n5,light
486406,2278,n5,light
486408,2175,n5,light
486410,2079,n5,light
486412,1978,n5,light
486414,1887,n5,light
486416,1802,n5,light
486418,1719,n5,light
486420,1641,n5,light
486422,1567,n5,light
486424,1488,n5,light
486426,1421,n5,light
486428,1355,n5,light
486430,1291,n5,light
486432,1230,n5,light
486434,1168,n5,light
486436,1116,n5,light
486438,1066,n5,light
486440,1008,n5,light
486442,960,n5,light
486444,912,n5,light
486446,870,n5,light
486448,828,n5,light
486450,786,n5,light
486452,750,n5,light
486454,713,n5,light
486456,678,n5,light
486458,643,n5,light
486460,611,n5,light
486462,582,n5,light
486464,557,n5,light
486466,527,n5,light
486468,496,n5,light
486470,470,n5,light
486472,446,n5,light
486474,426,n5,light
486476,400,n5,light
486478,381,n5,light
486480,363,n5,light
486482,342,n5,light
486484,323,n5,light
486486,304,n5,light
486488,290,n5,light
486490,272,n5,light
486492,257,n5,light
486494,241,n5,light
486496,230,n5,light
486498,212,n5,light
486500,204,n5,light
486502,191,n5,light
486504,178,n5,light
486506,169,n5,light
486508,157,n5,light
486510,144,n5,light
486512,137,n5,light
486514,128,n5,light
486516,115,n5,light
486518,112,n5,light
486520,103,n5,light
486522,95,n5,light
486524,85,n5,light
486526,80,n5,light
486528,71,n5,light
486530,67,n5,light
486532,62,n5,light
486534,54,n5,light
486536,48,n5,light
486538,45,n5,light
486540,38,n5,light
486542,34,n5,light
486544,30,n5,light
486546,22,n5,light
486548,17,n5,light
486550,15,n5,light
486552,11,n5,light
486554,10,n5,light
486556,6,n5,light
486558,2,n5,light
486560,0,n5,light
486562,0,n5,light
486564,0,n5,light
486566,0,n5,light
486568,0,n5,light
486570,0,n5,light
486572,0,n5,light
486574,0,n5,light
486576,0,n5,light
486578,0,n5,light
486580,0,n5,light
486582,0,n5,light
486584,0,n5,light
486586,0,n5,light
486588,0,n5,light
486590,0,n5,light
486592,0,n5,light
486594,0,n5,light
486596,0,n5,light
486598,0,n5,light
486600,0,n5,light
486602,0,n5,light
486604,0,n5,light
486606,0,n5,light
486608,0,n5,light
486610,0,n5,light
486612,0,n5,light
486614,0,n5,light
486616,0,n5,light
486618,0,n5,light
486620,0,n5,light
486622,0,n5,light
486624,0,n5,light
486626,0,n5,light
486628,0,n5,light
486630,0,n5,light
486632,0,n5,light
486634,0,n5,light
486636,0,n5,light
486638,0,n5,light
486640,0,n5,light
486642,0,n5,light
486644,0,n5,light
486646,0,n5,light
486648,0,n5,light
486650,0,n5,light
486652,0,n5,light
486654,0,n5,light
486656,0,n5,light
486658,0,n5,light
486660,0,n5,light
486662,0,n5,light
486664,0,n5,light
486666,0,n5,light
486668,0,n5,light
486670,0,n5,light
486672,0,n5,light
486674,0,n5,light
486676,0,n5,light
486678,0,n5,light
486680,0,n5,light
486682,0,n5,light
486684,0,n5,light
486686,0,n5,light
486688,0,n5,light
486690,0,n5,light
486692,0,n5,light
486694,0,n5,light
486696,0,n5,light
486698,0,n5,light
486700,0,n5,light
486702,0,n5,light
486704,0,n5,light
486706,0,n5,light
486708,0,n5,light
486710,0,n5,light
486712,0,n5,light
486714,0,n5,light
486716,0,n5,light
486718,0,n5,light
486720,0,n5,light
486722,0,n5,light
486724,0,n5,light
486726,0,n5,light
486728,0,n5,light
486730,0,n5,light
486732,0,n5,light
486734,0,n5,light
486736,0,n5,light
486738,0,n5,light
486740,0,n5,light
486742,0,n5,light
486744,0,n5,light
486746,0,n5,light
486748,0,n5,light
486750,0,n5,light
486752,0,n5,light
486754,0,n5,light
486756,0,n5,light
486758,0,n5,light
486760,0,n5,light
486762,0,n5,light
486764,0,n5,light
486766,0,n5,light
486768,0,n5,light
486770,0,n5,light
486772,0,n5,light
486774,0,n5,light
486776,0,n5,light
486778,0,n5,light
486780,0,n5,light
486782,0,n5,light
486784,0,n5,light
486786,0,n5,light
486788,0,n5,light
486790,0,n5,light
486792,0,n5,light
486794,0,n5,light
486796,0,n5,light
486798,0,n5,light
486800,0,n5,light
486802,0,n5,light
486804,0,n5,light
486806,0,n5,light
486808,0,n5,light
486810,0,n5,light
486812,0,n5,light
486814,0,n5,light
486816,0,n5,light
486818,0,n5,light
486820,0,n5,light
486822,0,n5,light
486824,0,n5,light
486826,0,n5,light
486828,0,n5,light
486830,0,n5,light
486832,0,n5,light
486834,0,n5,light
486836,0,n5,light
486838,0,n5,light
486840,0,n5,light
486842,0,n5,light
486844,0,n5,light
486846,0,n5,light
486848,0,n5,light
486850,0,n5,light
486852,0,n5,light
486854,0,n5,light
486856,0,n5,light
486858,0,n5,light
486860,0,n5,light
486862,0,n5,light
486864,0,n5,light
486866,0,n5,light
486868,0,n5,light
486870,0,n5,light
486872,0,n5,light
486874,0,n5,light
486876,0,n5,light
486878,0,n5,light
486880,0,n5,light
486882,0,n5,light
486884,0,n5,light
486886,0,n5,light
486888,0,n5,light
486890,0,n5,light
486892,0,n5,light
486894,0,n5,light
486896,0,n5,light
486898,0,n5,light
486900,0,n5,light
486902,0,n5,light
486904,0,n5,light
486906,0,n5,light
486908,0,n5,light
486910,0,n5,light
486912,0,n5,light
486914,0,n5,light
486916,0,n5,light
486918,0,n5,light
486920,0,n5,light
486922,0,n5,light
486924,0,n5,light
486926,0,n5,light
486928,0,n5,light
486930,0,n5,light
486932,0,n5,light
486934,0,n5,light
486936,0,n5,light
486938,0,n5,light
486940,0,n5,light
486942,0,n5,light
486944,0,n5,light
486946,0,n5,light
486948,0,n5,light
486950,0,n5,light
486952,0,n5,light
486954,0,n5,light
486956,0,n5,light
486958,0,n5,light
486960,0,n5,light
486962,0,n5,light
486964,0,n5,light
486966,0,n5,light
486968,0,n5,light
486970,0,n5,light
486972,0,n5,light
486974,0,n5,light
486976,0,n5,light
486978,0,n5,light
486980,0,n5,light
486982,0,n5,light
486984,0,n5,light
486986,0,n5,light
486988,0,n5,light
486990,0,n5,light
486992,0,n5,light
486994,0,n5,light
486996,0,n5,light
486998,0,n5,light
487000,0,n5,light
487002,0,n5,light
487004,0,n5,light
487006,0,n5,light
487008,0,n5,light
487010,0,n5,light
487012,0,n5,light
487014,0,n5,light
487016,0,n5,light
487018,0,n5,light
487020,0,n5,light
487022,0,n5,light
487024,0,n5,light
487026,0,n5,light
487028,0,n5,light
487030,0,n5,light
487032,0,n5,light
487034,0,n5,light
487036,0,n5,light
487038,0,n5,light
487040,0,n5,light
487042,0,n5,light
487044,0,n5,light
487046,0,n5,light
487048,0,n5,light
487050,0,n5,light
487052,0,n5,light
487054,0,n5,light
487056,0,n5,light
487058,0,n5,light
487060,0,n5,light
487062,0,n5,light
487064,0,n5,light
487066,0,n5,light
487068,0,n5,light
487070,0,n5,light
487072,0,n5,light
487074,0,n5,light
487076,0,n5,light
487078,0,n5,light
487080,0,n5,light
487082,0,n5,light
487084,0,n5,light
487086,0,n5,light
487088,0,n5,light
487090,0,n5,light
487092,0,n5,light
487094,0,n5,light
487096,0,n5,light
487098,0,n5,light
487100,0,n5,light
487102,0,n5,light
487104,0,n5,light
487106,0,n5,light
487108,0,n5,light
487110,0,n5,light
487112,0,n5,light
487114,0,n5,light
487116,0,n5,light
487118,0,n5,light
487120,0,n5,light
487122,0,n5,light
487124,0,n5,light
487126,0,n5,light
487128,0,n5,light
487130,0,n5,light
487132,0,n5,light
487134,0,n5,light
487136,0,n5,light
487138,0,n5,light
487140,0,n5,light
487142,0,n5,light
487144,0,n5,light
487146,0,n5,light
487148,0,n5,light
487150,0,n5,light
487152,0,n5,light
487154,0,n5,light
487156,0,n5,light
487158,0,n5,light
487160,0,n5,light
487162,0,n5,light
487164,0,n5,light
487166,0,n5,light
487168,0,n5,light
487170,0,n5,light
487172,0,n5,light
487174,0,n5,light
487176,0,n5,light
487178,0,n5,light
487180,0,n5,light
487182,0,n5,light
487184,0,n5,light
487186,0,n5,light
487188,0,n5,light
487190,0,n5,light
487192,0,n5,light
487194,0,n5,light
487196,0,n5,light
487198,0,n5,light
487200,0,n5,light
487202,0,n5,light
487204,0,n5,light
487206,0,n5,light
487208,0,n5,light
487210,0,n5,light
487212,0,n5,light
487214,0,n5,light
487216,0,n5,light
487218,0,n5,light
487220,0,n5,light
487222,0,n5,light
487224,0,n5,light
487226,0,n5,light
487228,0,n5,light
487230,0,n5,light
487232,0,n5,light
487234,0,n5,light
487236,0,n5,light
487238,0,n5,light
487240,0,n5,light
487242,0,n5,light
487244,0,n5,light
487246,0,n5,light
487248,0,n5,light
487250,0,n5,light
487252,0,n5,light
487254,0,n5,light
487256,0,n5,light
487258,0,n5,light
487260,0,n5,light
487262,0,n5,light
487264,0,n5,light
487266,0,n5,light
487268,0,n5,light
487270,0,n5,light
487272,0,n5,light
487274,0,n5,light
487276,0,n5,light
487278,0,n5,light
487280,0,n5,light
487282,0,n5,light
487284,0,n5,light
487286,0,n5,light
487288,0,n5,light
487290,0,n5,light
487292,0,n5,light
487294,0,n5,light
487296,0,n5,light
487298,0,n5,light
487300,0,n5,light
487302,0,n5,light
487304,0,n5,light
487306,0,n5,light
487308,0,n5,light
487310,0,n5,light
487312,0,n5,light
487314,0,n5,light
487316,0,n5,light
487318,0,n5,light
487320,0,n5,light
487322,0,n5,light
487324,0,n5,light
487326,0,n5,light
487328,0,n5,light
487330,0,n5,light
487332,0,n5,light
487334,0,n5,light
487336,0,n5,light
487338,0,n5,light
487340,0,n5,light
487342,0,n5,light
487344,0,n5,light
487346,0,n5,light
487348,0,n5,light
487350,0,n5,light
487352,0,n5,light
487354,0,n5,light
487356,0,n5,light
487358,0,n5,light
487360,0,n5,light
487362,0,n5,light
487364,0,n5,light
487366,0,n5,light
487368,0,n5,light
487370,0,n5,light
487372,0,n5,light
487374,0,n5,light
487376,0,n5,light
487378,0,n5,light
487380,0,n5,light
487382,0,n5,light
487384,0,n5,light
487386,0,n5,light
487388,0,n5,light
487390,0,n5,light
487392,0,n5,light
487394,0,n5,light
487396,0,n5,light
487398,0,n5,light
487400,0,n5,light
487402,0,n5,light
487404,0,n5,light
487406,0,n5,light
487408,0,n5,light
487410,0,n5,light
487412,0,n5,light
487414,0,n5,light
487416,0,n5,light
487418,0,n5,light
487420,0,n5,light
487422,0,n5,light
487424,0,n5,light
487426,0,n5,light
487428,0,n5,light
487430,0,n5,light
487432,0,n5,light
487434,0,n5,light
487436,0,n5,light
487438,0,n5,light
487440,0,n5,light
487442,0,n5,light
487444,0,n5,light
487446,0,n5,light
487448,0,n5,light
487450,0,n5,light
487452,0,n5,light
487454,0,n5,light
487456,0,n5,light
487458,0,n5,light
487460,0,n5,light
487462,0,n5,light
487464,0,n5,light
487466,0,n5,light
487468,0,n5,light
487470,0,n5,light
487472,0,n5,light
487474,0,n5,light
487476,0,n5,light
487478,0,n5,light
487480,0,n5,light
487482,0,n5,light
487484,0,n5,light
487486,0,n5,light
487488,0,n5,light
487490,0,n5,light
487492,0,n5,light
487494,0,n5,light
487496,0,n5,light
487498,0,n5,light
487500,0,n5,light
487502,0,n5,light
487504,0,n5,light
487506,0,n5,light
487508,0,n5,light
487510,0,n5,light
487512,0,n5,light
487514,0,n5,light
487516,0,n5,light
487518,0,n5,light
487520,0,n5,light
487522,0,n5,light
487524,0,n5,light
487526,0,n5,light
487528,0,n5,light
487530,0,n5,light
487532,0,n5,light
487534,0,n5,light
487536,0,n5,light
487538,0,n5,light
487540,0,n5,light
487542,0,n5,light
487544,0,n5,light
487546,0,n5,light
487548,0,n5,light
487550,0,n5,light
487552,0,n5,light
487554,0,n5,light
487556,0,n5,light
487558,0,n5,light
487560,0,n5,light
487562,0,n5,light
487564,0,n5,light
487566,0,n5,light
487568,0,n5,light
487570,0,n5,light
487572,0,n5,light
487574,0,n5,light
487576,0,n5,light
487578,0,n5,light
487580,0,n5,light
487582,0,n5,light
487584,0,n5,light
487586,0,n5,light
487588,0,n5,light
487590,0,n5,light
487592,0,n5,light
487594,0,n5,light
487596,0,n5,light
487598,0,n5,light
487600,0,n5,light
487602,0,n5,light
487604,0,n5,light
487606,0,n5,light
487608,0,n5,light
487610,0,n5,light
487612,0,n5,light
487614,0,n5,light
487616,0,n5,light
487618,0,n5,light
487620,0,n5,light
487622,0,n5,light
487624,0,n5,light
487626,0,n5,light
487628,0,n5,light
487630,0,n5,light
487632,0,n5,light
487634,0,n5,light
487636,78,n5,light
487638,459,n5,light
487640,701,n5,light
487642,905,n5,light
487644,1084,n5,light
487646,1232,n5,light
487648,1374,n5,light
487650,1499,n5,light
487652,1621,n5,light
487654,1729,n5,light
487656,1835,n5,light
487658,1933,n5,light
487660,2021,n5,light
487662,2112,n5,light
487664,2194,n5,light
487666,2284,n5,light
487668,2477,n5,light
487670,3109,n5,light
487672,4090,n5,light
487674,4095,n5,light
487676,4095,n5,light
487678,4095,n5,light
487680,4095,n5,light
487682,4095,n5,light
487684,4095,n5,light
487686,4095,n5,light
487688,4095,n5,light
487690,4095,n5,light
487692,4095,n5,light
487694,4095,n5,light
487696,4095,n5,light
487698,4095,n5,light
487700,4095,n5,light
487702,3915,n5,light
487704,3705,n5,light
487706,3540,n5,light
487708,3430,n5,light
487710,3344,n5,light
487712,3281,n5,light
487714,3235,n5,light
487716,3199,n5,light
487718,3167,n5,light
487720,3139,n5,light
487722,3120,n5,light
487724,3103,n5,light
487726,3088,n5,light
487728,3068,n5,light
487730,3055,n5,light
487732,3045,n5,light
487734,3035,n5,light
487736,3024,n5,light
487738,3018,n5,light
487740,3010,n5,light
487742,3001,n5,light
487744,2993,n5,light
487746,2984,n5,light
487748,2980,n5,light
487750,2975,n5,light
487752,2966,n5,light
487754,2961,n5,light
487756,2960,n5,light
487758,2950,n5,light
487760,2949,n5,light
487762,2946,n5,light
487764,2942,n5,light
487766,2942,n5,light
487768,2935,n5,light
487770,2935,n5,light
487772,2928,n5,light
487774,2927,n5,light
487776,2926,n5,light
487778,2923,n5,light
487780,2922,n5,light
487782,2919,n5,light
487784,2916,n5,light
487786,2915,n5,light
487788,2913,n5,light
487790,2911,n5,light
487792,2906,n5,light
487794,2905,n5,light
487796,2906,n5,light
487798,2901,n5,light
487800,2901,n5,light
487802,2898,n5,light
487804,2895,n5,light
487806,2896,n5,light
487808,2891,n5,light
487810,2895,n5,light
487812,2889,n5,light
487814,2886,n5,light
487816,2884,n5,light
487818,2882,n5,light
487820,2880,n5,light
487822,2875,n5,light
487824,2871,n5,light
487826,2870,n5,light
487828,2867,n5,light
487830,2865,n5,light
487832,2864,n5,light
487834,2863,n5,light
487836,2859,n5,light
487838,2857,n5,light
487840,2851,n5,light
487842,2848,n5,light
487844,2848,n5,light
487846,2847,n5,light
487848,2848,n5,light
487850,2850,n5,light
487852,2850,n5,light
487854,2847,n5,light
487856,2847,n5,light
487858,2850,n5,light
487860,2849,n5,light
487862,2851,n5,light
487864,2850,n5,light
487866,2851,n5,light
487868,2853,n5,light
487870,2851,n5,light
487872,2850,n5,light
487874,2853,n5,light
487876,2852,n5,light
487878,2853,n5,light
487880,2854,n5,light
487882,2854,n5,light
487884,2854,n5,light
487886,2855,n5,light
487888,2853,n5,light
487890,2858,n5,light
487892,2858,n5,light
487894,2852,n5,light
487896,2855,n5,light
487898,2858,n5,light
487900,2862,n5,light
487902,2853,n5,light
487904,2861,n5,light
487906,2863,n5,light
487908,2859,n5,light
487910,2862,n5,light
487912,2863,n5,light
487914,2862,n5,light
487916,2863,n5,light
487918,2863,n5,light
487920,2864,n5,light
487922,2864,n5,light
487924,2863,n5,light
487926,2864,n5,light
487928,2864,n5,light
487930,2864,n5,light
487932,2864,n5,light
487934,2864,n5,light
487936,2864,n5,light
487938,2864,n5,light
487940,2865,n5,light
487942,2866,n5,light
487944,2867,n5,light
487946,2866,n5,light
487948,2864,n5,light
487950,2865,n5,light
487952,2866,n5,light
487954,2867,n5,light
487956,2867,n5,light
487958,2869,n5,light
487960,2867,n5,light
487962,2869,n5,light
487964,2871,n5,light
487966,2871,n5,light
487968,2873,n5,light
487970,2869,n5,light
487972,2871,n5,light
487974,2870,n5,light
487976,2873,n5,light
487978,2871,n5,light
487980,2873,n5,light
487982,2875,n5,light
487984,2875,n5,light
487986,2874,n5,light
487988,2873,n5,light
487990,2875,n5,light
487992,2874,n5,light
487994,2874,n5,light
487996,2876,n5,light
487998,2875,n5,light
488000,2874,n5,light
488002,2877,n5,light
488004,2875,n5,light
488006,2875,n5,light
488008,2874,n5,light
488010,2877,n5,light
488012,2876,n5,light
488014,2875,n5,light
488016,2879,n5,light
488018,2879,n5,light
488020,2879,n5,light
488022,2877,n5,light
488024,2879,n5,light
488026,2880,n5,light
488028,2877,n5,light
488030,2880,n5,light
488032,2880,n5,light
488034,2881,n5,light
488036,2881,n5,light
488038,2880,n5,light
488040,2882,n5,light
488042,2882,n5,light
488044,2881,n5,light
488046,2880,n5,light
488048,2880,n5,light
488050,2883,n5,light
488052,2880,n5,light
488054,2880,n5,light
488056,2882,n5,light
488058,2881,n5,light
488060,2882,n5,light
488062,2881,n5,light
488064,2882,n5,light
488066,2884,n5,light
488068,2885,n5,light
488070,2883,n5,light
488072,2883,n5,light
488074,2883,n5,light
488076,2882,n5,light
488078,2882,n5,light
488080,2883,n5,light
488082,2885,n5,light
488084,2886,n5,light
488086,2884,n5,light
488088,2883,n5,light
488090,2886,n5,light
488092,2885,n5,light
488094,2885,n5,light
488096,2885,n5,light
488098,2851,n5,light
488100,2538,n5,light
488102,2879,n5,light
488104,0,n5,light
488106,0,n5,light
488108,0,n5,light
488110,0,n5,light
488112,0,n5,light
488114,0,n5,light
488116,0,n5,light
488118,0,n5,light
488120,0,n5,light
488122,0,n5,light
488124,0,n5,light
488126,0,n5,light
488128,0,n5,light
488130,0,n5,light
488132,0,n5,light
488134,429,n5,light
488136,617,n5,light
488138,722,n5,light
488140,0,n5,light
488142,0,n5,light
488144,0,n5,light
488146,0,n5,light
488148,0,n5,light
488150,16,n5,light
488152,671,n5,light
488154,1035,n5,light
488156,1002,n5,light
488158,966,n5,light
488160,935,n5,light
488162,891,n5,light
488164,819,n5,light
488166,697,n5,light
488168,564,n5,light
488170,448,n5,light
488172,356,n5,light
488174,235,n5,light
488176,1887,n5,light
488178,2680,n5,light
488180,3333,n5,light
488182,3687,n5,light
488184,3691,n5,light
488186,3692,n5,light
488188,3695,n5,light
488190,3710,n5,light
488192,3696,n5,light
488194,3696,n5,light
488196,3695,n5,light
488198,3653,n5,light
488200,3398,n5,light
488202,3191,n5,light
488204,3014,n5,light
488206,2867,n5,light
488208,2739,n5,light
488210,2610,n5,light
488212,2486,n5,light
488214,2380,n5,light
488216,2285,n5,light
488218,2192,n5,light
488220,2111,n5,light
488222,2017,n5,light
488224,1936,n5,light
488226,1899,n5,light
488228,2251,n5,light
488230,2423,n5,light
488232,2559,n5,light
488234,2677,n5,light
488236,2774,n5,light
488238,2863,n5,light
488240,2934,n5,light
488242,3005,n5,light
488244,3071,n5,light
488246,3136,n5,light
488248,3196,n5,light
488250,3250,n5,light
488252,3309,n5,light
488254,3370,n5,light
488256,3516,n5,light
488258,4095,n5,light
488260,4095,n5,light
488262,4095,n5,light
488264,4095,n5,light
488266,4095,n5,light
488268,4095,n5,light
488270,4095,n5,light
488272,4095,n5,light
488274,4095,n5,light
488276,4095,n5,light
488278,4095,n5,light
488280,4095,n5,light
488282,4095,n5,light
488284,4095,n5,light
488286,4095,n5,light
488288,4095,n5,light
488290,3991,n5,light
488292,3766,n5,light
488294,3599,n5,light
488296,3467,n5,light
488298,3376,n5,light
488300,3306,n5,light
488302,3257,n5,light
488304,3216,n5,light
488306,3184,n5,light
488308,3153,n5,light
488310,3133,n5,light
488312,3115,n5,light
488314,3099,n5,light
488316,3083,n5,light
488318,3070,n5,light
488320,3055,n5,light
488322,3041,n5,light
488324,3031,n5,light
488326,3024,n5,light
488328,3017,n5,light
488330,3007,n5,light
488332,2998,n5,light
488334,2992,n5,light
488336,2988,n5,light
488338,2979,n5,light
488340,2973,n5,light
488342,2967,n5,light
488344,2961,n5,light
488346,2960,n5,light
488348,2957,n5,light
488350,2953,n5,light
488352,2947,n5,light
488354,2943,n5,light
488356,2941,n5,light
488358,2934,n5,light
488360,2934,n5,light
488362,2928,n5,light
488364,2927,n5,light
488366,2926,n5,light
488368,2924,n5,light
488370,2925,n5,light
488372,2919,n5,light
488374,2914,n5,light
488376,2913,n5,light
488378,2909,n5,light
488380,2908,n5,light
488382,2906,n5,light
488384,2902,n5,light
488386,2898,n5,light
488388,2898,n5,light
488390,2894,n5,light
488392,2891,n5,light
488394,2889,n5,light
488396,2885,n5,light
488398,2883,n5,light
488400,2879,n5,light
488402,2878,n5,light
488404,2874,n5,light
488406,2868,n5,light
488408,2864,n5,light
488410,2862,n5,light
488412,2859,n5,light
488414,2854,n5,light
488416,2855,n5,light
488418,2849,n5,light
488420,2848,n5,light
488422,2851,n5,light
488424,2850,n5,light
488426,2848,n5,light
488428,2850,n5,light
488430,2850,n5,light
488432,2853,n5,light
488434,2853,n5,light
488436,2854,n5,light
488438,2851,n5,light
488440,2854,n5,light
488442,2854,n5,light
488444,2854,n5,light
488446,2855,n5,light
488448,2858,n5,light
488450,2859,n5,light
488452,2857,n5,light
488454,2857,n5,light
488456,2859,n5,light
488458,2859,n5,light
488460,2859,n5,light
488462,2859,n5,light
488464,2861,n5,light
488466,2862,n5,light
488468,2862,n5,light
488470,2864,n5,light
488472,2863,n5,light
488474,2863,n5,light
488476,2863,n5,light
488478,2864,n5,light
488480,2864,n5,light
488482,2864,n5,light
488484,2864,n5,light
488486,2865,n5,light
488488,2865,n5,light
488490,2864,n5,light
488492,2864,n5,light
488494,2865,n5,light
488496,2867,n5,light
488498,2867,n5,light
488500,2867,n5,light
488502,2867,n5,light
488504,2867,n5,light
488506,2867,n5,light
488508,2871,n5,light
488510,2870,n5,light
488512,2871,n5,light
488514,2869,n5,light
488516,2870,n5,light
488518,2870,n5,light
488520,2873,n5,light
488522,2871,n5,light
488524,2870,n5,light
488526,2870,n5,light
488528,2871,n5,light
488530,2874,n5,light
488532,2875,n5,light
488534,2873,n5,light
488536,2875,n5,light
488538,2873,n5,light
488540,2876,n5,light
488542,2877,n5,light
488544,2875,n5,light
488546,2879,n5,light
488548,2878,n5,light
488550,2877,n5,light
488552,2877,n5,light
488554,2878,n5,light
488556,2879,n5,light
488558,2877,n5,light
488560,2879,n5,light
488562,2879,n5,light
488564,2879,n5,light
488566,2879,n5,light
488568,2879,n5,light
488570,2880,n5,light
488572,2881,n5,light
488574,2880,n5,light
488576,2879,n5,light
488578,2881,n5,light
488580,2879,n5,light
488582,2882,n5,light
488584,2880,n5,light
488586,2883,n5,light
488588,2882,n5,light
488590,2882,n5,light
488592,2882,n5,light
488594,2883,n5,light
488596,2883,n5,light
488598,2881,n5,light
488600,2882,n5,light
488602,2882,n5,light
488604,2885,n5,light
488606,2882,n5,light
488608,2883,n5,light
488610,2886,n5,light
488612,2885,n5,light
488614,2887,n5,light
488616,2886,n5,light
488618,2885,n5,light
488620,2886,n5,light
488622,2886,n5,light
488624,2886,n5,light
488626,2886,n5,light
488628,2886,n5,light
488630,2887,n5,light
488632,2887,n5,light
488634,2888,n5,light
488636,2887,n5,light
488638,2887,n5,light
488640,2887,n5,light
488642,2890,n5,light
488644,2890,n5,light
488646,2890,n5,light
488648,2889,n5,light
488650,2889,n5,light
488652,2890,n5,light
488654,2890,n5,light
488656,2887,n5,light
488658,2889,n5,light
488660,2887,n5,light
488662,2890,n5,light
488664,2890,n5,light
488666,2891,n5,light
488668,2890,n5,light
488670,2891,n5,light
488672,2891,n5,light
488674,2890,n5,light
488676,2890,n5,light
488678,2891,n5,light
488680,2891,n5,light
488682,2893,n5,light
488684,2893,n5,light
488686,2893,n5,light
488688,2893,n5,light
488690,2891,n5,light
488692,2893,n5,light
488694,2894,n5,light
488696,2895,n5,light
488698,2893,n5,light
488700,2895,n5,light
488702,2894,n5,light
488704,2892,n5,light
488706,2893,n5,light
488708,2891,n5,light
488710,2892,n5,light
488712,2894,n5,light
488714,2895,n5,light
488716,2895,n5,light
488718,2896,n5,light
488720,2893,n5,light
488722,2895,n5,light
488724,2894,n5,light
488726,2895,n5,light
488728,2895,n5,light
488730,2895,n5,light
488732,2894,n5,light
488734,2895,n5,light
488736,2895,n5,light
488738,2894,n5,light
488740,2894,n5,light
488742,2895,n5,light
488744,2896,n5,light
488746,2896,n5,light
488748,2896,n5,light
488750,2896,n5,light
488752,2896,n5,light
488754,2896,n5,light
488756,2896,n5,light
488758,2896,n5,light
488760,2896,n5,light
488762,2895,n5,light
488764,2896,n5,light
488766,2896,n5,light
488768,2896,n5,light
488770,2896,n5,light
488772,2896,n5,light
488774,2896,n5,light
488776,2896,n5,light
488778,2895,n5,light
488780,2896,n5,light
488782,2897,n5,light
488784,2896,n5,light
488786,2896,n5,light
488788,2896,n5,light
488790,2896,n5,light
488792,2896,n5,light
488794,2896,n5,light
488796,2896,n5,light
488798,2896,n5,light
488800,2896,n5,light
488802,2896,n5,light
488804,2897,n5,light
488806,2896,n5,light
488808,2896,n5,light
488810,2896,n5,light
488812,2896,n5,light
488814,2897,n5,light
488816,2896,n5,light
488818,2896,n5,light
488820,2896,n5,light
488822,2901,n5,light
488824,2896,n5,light
488826,2897,n5,light
488828,2896,n5,light
488830,2897,n5,light
488832,2897,n5,light
488834,2898,n5,light
488836,2897,n5,light
488838,2900,n5,light
488840,2898,n5,light
488842,2897,n5,light
488844,2899,n5,light
488846,2896,n5,light
488848,2897,n5,light
488850,2898,n5,light
488852,2898,n5,light
488854,2899,n5,light
488856,2897,n5,light
488858,2898,n5,light
488860,2899,n5,light
488862,2897,n5,light
488864,2901,n5,light
488866,2897,n5,light
488868,2899,n5,light
488870,2897,n5,light
488872,2899,n5,light
488874,2899,n5,light
488876,2899,n5,light
488878,2898,n5,light
488880,2899,n5,light
488882,2899,n5,light
488884,2901,n5,light
488886,2899,n5,light
488888,2898,n5,light
488890,2899,n5,light
488892,2896,n5,light
488894,2899,n5,light
488896,2901,n5,light
488898,2899,n5,light
488900,2899,n5,light
488902,2897,n5,light
488904,2899,n5,light
488906,2901,n5,light
488908,2899,n5,light
488910,2897,n5,light
488912,2899,n5,light
488914,2900,n5,light
488916,2901,n5,light
488918,2899,n5,light
488920,2901,n5,light
488922,2901,n5,light
488924,2899,n5,light
488926,2899,n5,light
488928,2901,n5,light
488930,2899,n5,light
488932,2901,n5,light
488934,2899,n5,light
488936,2907,n5,light
488938,2902,n5,light
488940,2898,n5,light
488942,2902,n5,light
488944,2899,n5,light
488946,2899,n5,light
488948,2903,n5,light
488950,2903,n5,light
488952,2902,n5,light
488954,2903,n5,light
488956,2901,n5,light
488958,2902,n5,light
488960,2903,n5,light
488962,2899,n5,light
488964,2902,n5,light
488966,2903,n5,light
488968,2902,n5,light
488970,2903,n5,light
488972,2903,n5,light
488974,2905,n5,light
488976,2901,n5,light
488978,2903,n5,light
488980,2903,n5,light
488982,2905,n5,light
488984,2896,n5,light
488986,2896,n5,light
488988,2902,n5,light
488990,2903,n5,light
488992,2902,n5,light
488994,2903,n5,light
488996,2902,n5,light
488998,2903,n5,light
489000,2905,n5,light
489002,2905,n5,light
489004,2907,n5,light
489006,2903,n5,light
489008,2902,n5,light
489010,2907,n5,light
489012,2906,n5,light
489014,2903,n5,light
489016,2909,n5,light
489018,2907,n5,light
489020,2906,n5,light
489022,2905,n5,light
489024,2907,n5,light
489026,2907,n5,light
489028,2909,n5,light
489030,2907,n5,light
489032,2906,n5,light
489034,2909,n5,light
489036,2907,n5,light
489038,2910,n5,light
489040,2910,n5,light
489042,2911,n5,light
489044,2912,n5,light
489046,2911,n5,light
489048,2912,n5,light
489050,2914,n5,light
489052,2911,n5,light
