t_ms,raw,subject,gesture
46186,2047,n6,grip
46188,1985,n6,grip
46190,1936,n6,grip
46192,1890,n6,grip
46194,1902,n6,grip
46196,1853,n6,grip
46198,1941,n6,grip
46200,1971,n6,grip
46202,1932,n6,grip
46204,1929,n6,grip
46206,1906,n6,grip
46208,1866,n6,grip
46210,1808,n6,grip
46212,1915,n6,grip
46214,2230,n6,grip
46216,2229,n6,grip
46218,2230,n6,grip
46220,2253,n6,grip
46222,2210,n6,grip
46224,2231,n6,grip
46226,2189,n6,grip
46228,2112,n6,grip
46230,2033,n6,grip
46232,2057,n6,grip
46234,2022,n6,grip
46236,1968,n6,grip
46238,1923,n6,grip
46240,1942,n6,grip
46242,1958,n6,grip
46244,1921,n6,grip
46246,1888,n6,grip
46248,1946,n6,grip
46250,1962,n6,grip
46252,1936,n6,grip
46254,1935,n6,grip
46256,1905,n6,grip
46258,1856,n6,grip
46260,1808,n6,grip
46262,1748,n6,grip
46264,1743,n6,grip
46266,1887,n6,grip
46268,1965,n6,grip
46270,2063,n6,grip
46272,2087,n6,grip
46274,2002,n6,grip
46276,2000,n6,grip
46278,1949,n6,grip
46280,1919,n6,grip
46282,1858,n6,grip
46284,1792,n6,grip
46286,1813,n6,grip
46288,1934,n6,grip
46290,1935,n6,grip
46292,2031,n6,grip
46294,2015,n6,grip
46296,1975,n6,grip
46298,1982,n6,grip
46300,1909,n6,grip
46302,1857,n6,grip
46304,1900,n6,grip
46306,1974,n6,grip
46308,1936,n6,grip
46310,1940,n6,grip
46312,1878,n6,grip
46314,1840,n6,grip
46316,1815,n6,grip
46318,1758,n6,grip
46320,1765,n6,grip
46322,1858,n6,grip
46324,1825,n6,grip
46326,1818,n6,grip
46328,1853,n6,grip
46330,1783,n6,grip
46332,1858,n6,grip
46334,1914,n6,grip
46336,1938,n6,grip
46338,2112,n6,grip
46340,2179,n6,grip
46342,2124,n6,grip
46344,2151,n6,grip
46346,2190,n6,grip
46348,2133,n6,grip
46350,2095,n6,grip
46352,2044,n6,grip
46354,2001,n6,grip
46356,1942,n6,grip
46358,1886,n6,grip
46360,1838,n6,grip
46362,1792,n6,grip
46364,1816,n6,grip
46366,1764,n6,grip
46368,1700,n6,grip
46370,1680,n6,grip
46372,1616,n6,grip
46374,1566,n6,grip
46376,1535,n6,grip
46378,1623,n6,grip
46380,1652,n6,grip
46382,1668,n6,grip
46384,1805,n6,grip
46386,1797,n6,grip
46388,1735,n6,grip
46390,1725,n6,grip
46392,1709,n6,grip
46394,1670,n6,grip
46396,1867,n6,grip
46398,2086,n6,grip
46400,2124,n6,grip
46402,2307,n6,grip
46404,2307,n6,grip
46406,2317,n6,grip
46408,2438,n6,grip
46410,2431,n6,grip
46412,2594,n6,grip
46414,2625,n6,grip
46416,2589,n6,grip
46418,2522,n6,grip
46420,2539,n6,grip
46422,2594,n6,grip
46424,2584,n6,grip
46426,2478,n6,grip
46428,2433,n6,grip
46430,2465,n6,grip
46432,2447,n6,grip
46434,2362,n6,grip
46436,2384,n6,grip
46438,2419,n6,grip
46440,2320,n6,grip
46442,2263,n6,grip
46444,2301,n6,grip
46446,2307,n6,grip
46448,2263,n6,grip
46450,2176,n6,grip
46452,2133,n6,grip
46454,2167,n6,grip
46456,2108,n6,grip
46458,2031,n6,grip
46460,2109,n6,grip
46462,2098,n6,grip
46464,2211,n6,grip
46466,2215,n6,grip
46468,2181,n6,grip
46470,2192,n6,grip
46472,2272,n6,grip
46474,2247,n6,grip
46476,2193,n6,grip
46478,2101,n6,grip
46480,2062,n6,grip
46482,2005,n6,grip
46484,2097,n6,grip
46486,2064,n6,grip
46488,2019,n6,grip
46490,1941,n6,grip
46492,1887,n6,grip
46494,1890,n6,grip
46496,1857,n6,grip
46498,1808,n6,grip
46500,1779,n6,grip
46502,1747,n6,grip
46504,1703,n6,grip
46506,1663,n6,grip
46508,1824,n6,grip
46510,2013,n6,grip
46512,2076,n6,grip
46514,2326,n6,grip
46516,2436,n6,grip
46518,2389,n6,grip
46520,2347,n6,grip
46522,2319,n6,grip
46524,2224,n6,grip
46526,2162,n6,grip
46528,2096,n6,grip
46530,2055,n6,grip
46532,2067,n6,grip
46534,2098,n6,grip
46536,2095,n6,grip
46538,2260,n6,grip
46540,2277,n6,grip
46542,2219,n6,grip
46544,2171,n6,grip
46546,2111,n6,grip
46548,2055,n6,grip
46550,1995,n6,grip
46552,1933,n6,grip
46554,1858,n6,grip
46556,1803,n6,grip
46558,1766,n6,grip
46560,1776,n6,grip
46562,1771,n6,grip
46564,1718,n6,grip
46566,1729,n6,grip
46568,1715,n6,grip
46570,1761,n6,grip
46572,1826,n6,grip
46574,1834,n6,grip
46576,1818,n6,grip
46578,1879,n6,grip
46580,1978,n6,grip
46582,1935,n6,grip
46584,1859,n6,grip
46586,1810,n6,grip
46588,1776,n6,grip
46590,1754,n6,grip
46592,1728,n6,grip
46594,1679,n6,grip
46596,1606,n6,grip
46598,1613,n6,grip
46600,1617,n6,grip
46602,1754,n6,grip
46604,1776,n6,grip
46606,1708,n6,grip
46608,1680,n6,grip
46610,1671,n6,grip
46612,1623,n6,grip
46614,1718,n6,grip
46616,1803,n6,grip
46618,1770,n6,grip
46620,1753,n6,grip
46622,1821,n6,grip
46624,1776,n6,grip
46626,1732,n6,grip
46628,1923,n6,grip
46630,1948,n6,grip
46632,1901,n6,grip
46634,1877,n6,grip
46636,1875,n6,grip
46638,1866,n6,grip
46640,1839,n6,grip
46642,1903,n6,grip
46644,1904,n6,grip
46646,1931,n6,grip
46648,1923,n6,grip
46650,1917,n6,grip
46652,1931,n6,grip
46654,1914,n6,grip
46656,1904,n6,grip
46658,2015,n6,grip
46660,2065,n6,grip
46662,2080,n6,grip
46664,1996,n6,grip
46666,1915,n6,grip
46668,1943,n6,grip
46670,1895,n6,grip
46672,1870,n6,grip
46674,1907,n6,grip
46676,1951,n6,grip
46678,1919,n6,grip
46680,1918,n6,grip
46682,1906,n6,grip
46684,1850,n6,grip
46686,1815,n6,grip
46688,1879,n6,grip
46690,1904,n6,grip
46692,1879,n6,grip
46694,1998,n6,grip
46696,2206,n6,grip
46698,2213,n6,grip
46700,2149,n6,grip
46702,2090,n6,grip
46704,2129,n6,grip
46706,2227,n6,grip
46708,2250,n6,grip
46710,2314,n6,grip
46712,2348,n6,grip
46714,2255,n6,grip
46716,2192,n6,grip
46718,2118,n6,grip
46720,2042,n6,grip
46722,1983,n6,grip
46724,1917,n6,grip
46726,1841,n6,grip
46728,1769,n6,grip
46730,1712,n6,grip
46732,1668,n6,grip
46734,1697,n6,grip
46736,1799,n6,grip
46738,2030,n6,grip
46740,2086,n6,grip
46742,2109,n6,grip
46744,2039,n6,grip
46746,1968,n6,grip
46748,1917,n6,grip
46750,1950,n6,grip
46752,1927,n6,grip
46754,1869,n6,grip
46756,1856,n6,grip
46758,1858,n6,grip
46760,1836,n6,grip
46762,1853,n6,grip
46764,1815,n6,grip
46766,1822,n6,grip
46768,1849,n6,grip
46770,1827,n6,grip
46772,1776,n6,grip
46774,1749,n6,grip
46776,1693,n6,grip
46778,1628,n6,grip
46780,1586,n6,grip
46782,1627,n6,grip
46784,1657,n6,grip
46786,1664,n6,grip
46788,1677,n6,grip
46790,1616,n6,grip
46792,1535,n6,grip
46794,1491,n6,grip
46796,1535,n6,grip
46798,1735,n6,grip
46800,1910,n6,grip
46802,2086,n6,grip
46804,2159,n6,grip
46806,2064,n6,grip
46808,2119,n6,grip
46810,2106,n6,grip
46812,2077,n6,grip
46814,1989,n6,grip
46816,1953,n6,grip
46818,1885,n6,grip
46820,1856,n6,grip
46822,1846,n6,grip
46824,1875,n6,grip
46826,1809,n6,grip
46828,1787,n6,grip
46830,1879,n6,grip
46832,1843,n6,grip
46834,1901,n6,grip
46836,1899,n6,grip
46838,1872,n6,grip
46840,1851,n6,grip
46842,1795,n6,grip
46844,1904,n6,grip
46846,1990,n6,grip
46848,1997,n6,grip
46850,2154,n6,grip
46852,2087,n6,grip
46854,2038,n6,grip
46856,1953,n6,grip
46858,1958,n6,grip
46860,1970,n6,grip
46862,1968,n6,grip
46864,1984,n6,grip
46866,1979,n6,grip
46868,2113,n6,grip
46870,2128,n6,grip
46872,2034,n6,grip
46874,1951,n6,grip
46876,1876,n6,grip
46878,1794,n6,grip
46880,1755,n6,grip
46882,1697,n6,grip
46884,1662,n6,grip
46886,1815,n6,grip
46888,1973,n6,grip
46890,1959,n6,grip
46892,1915,n6,grip
46894,1843,n6,grip
46896,1858,n6,grip
46898,1851,n6,grip
46900,1829,n6,grip
46902,1853,n6,grip
46904,1870,n6,grip
46906,1891,n6,grip
46908,1884,n6,grip
46910,1806,n6,grip
46912,1750,n6,grip
46914,1705,n6,grip
46916,1638,n6,grip
46918,1582,n6,grip
46920,1526,n6,grip
46922,1457,n6,grip
46924,1424,n6,grip
46926,1598,n6,grip
46928,1712,n6,grip
46930,1702,n6,grip
46932,1748,n6,grip
46934,1906,n6,grip
46936,1904,n6,grip
46938,2015,n6,grip
46940,2047,n6,grip
46942,1986,n6,grip
46944,2043,n6,grip
46946,2163,n6,grip
46948,2198,n6,grip
46950,2133,n6,grip
46952,2079,n6,grip
46954,2014,n6,grip
46956,1965,n6,grip
46958,2037,n6,grip
46960,2079,n6,grip
46962,2185,n6,grip
46964,2171,n6,grip
46966,2096,n6,grip
46968,2026,n6,grip
46970,2128,n6,grip
46972,2237,n6,grip
46974,2195,n6,grip
46976,2179,n6,grip
46978,2099,n6,grip
46980,2080,n6,grip
46982,2223,n6,grip
46984,2222,n6,grip
46986,2191,n6,grip
46988,2102,n6,grip
46990,2093,n6,grip
46992,2031,n6,grip
46994,1957,n6,grip
46996,2000,n6,grip
46998,2054,n6,grip
47000,1995,n6,grip
47002,1951,n6,grip
47004,1904,n6,grip
47006,1894,n6,grip
47008,1845,n6,grip
47010,1868,n6,grip
47012,1970,n6,grip
47014,1923,n6,grip
47016,1861,n6,grip
47018,1786,n6,grip
47020,1739,n6,grip
47022,1675,n6,grip
47024,1782,n6,grip
47026,1954,n6,grip
47028,1979,n6,grip
47030,2149,n6,grip
47032,2123,n6,grip
47034,2095,n6,grip
47036,2032,n6,grip
47038,2086,n6,grip
47040,2064,n6,grip
47042,2012,n6,grip
47044,2000,n6,grip
47046,1998,n6,grip
47048,1963,n6,grip
47050,2098,n6,grip
47052,2457,n6,grip
47054,2533,n6,grip
47056,2794,n6,grip
47058,2868,n6,grip
47060,2807,n6,grip
47062,2752,n6,grip
47064,2658,n6,grip
47066,2595,n6,grip
47068,2514,n6,grip
47070,2480,n6,grip
47072,2453,n6,grip
47074,2430,n6,grip
47076,2339,n6,grip
47078,2309,n6,grip
47080,2256,n6,grip
47082,2190,n6,grip
47084,2099,n6,grip
47086,2064,n6,grip
47088,1988,n6,grip
47090,1918,n6,grip
47092,2013,n6,grip
47094,2147,n6,grip
47096,2080,n6,grip
47098,2219,n6,grip
47100,2237,n6,grip
47102,2143,n6,grip
47104,2054,n6,grip
47106,1955,n6,grip
47108,1872,n6,grip
47110,1801,n6,grip
47112,1755,n6,grip
47114,1714,n6,grip
47116,1648,n6,grip
47118,1666,n6,grip
47120,1725,n6,grip
47122,1707,n6,grip
47124,1738,n6,grip
47126,1691,n6,grip
47128,1651,n6,grip
47130,1607,n6,grip
47132,1569,n6,grip
47134,1535,n6,grip
47136,1520,n6,grip
47138,1535,n6,grip
47140,1535,n6,grip
47142,1535,n6,grip
47144,1525,n6,grip
47146,1533,n6,grip
47148,1511,n6,grip
47150,1458,n6,grip
47152,1508,n6,grip
47154,1678,n6,grip
47156,1735,n6,grip
47158,1733,n6,grip
47160,1769,n6,grip
47162,1818,n6,grip
47164,1806,n6,grip
47166,1775,n6,grip
47168,1738,n6,grip
47170,1676,n6,grip
47172,1651,n6,grip
47174,1787,n6,grip
47176,1867,n6,grip
47178,1827,n6,grip
47180,1861,n6,grip
47182,1946,n6,grip
47184,1949,n6,grip
47186,1946,n6,grip
47188,1969,n6,grip
47190,1970,n6,grip
47192,2007,n6,grip
47194,2006,n6,grip
47196,2206,n6,grip
47198,2539,n6,grip
47200,2735,n6,grip
47202,2976,n6,grip
47204,2896,n6,grip
47206,2763,n6,grip
47208,2636,n6,grip
47210,2513,n6,grip
47212,2513,n6,grip
47214,2587,n6,grip
47216,2555,n6,grip
47218,2670,n6,grip
47220,2559,n6,grip
47222,2559,n6,grip
47224,2489,n6,grip
47226,2386,n6,grip
47228,2339,n6,grip
47230,2273,n6,grip
47232,2187,n6,grip
47234,2167,n6,grip
47236,2274,n6,grip
47238,2387,n6,grip
47240,2431,n6,grip
47242,2544,n6,grip
47244,2506,n6,grip
47246,2402,n6,grip
47248,2334,n6,grip
47250,2288,n6,grip
47252,2293,n6,grip
47254,2255,n6,grip
47256,2180,n6,grip
47258,2097,n6,grip
47260,2116,n6,grip
47262,2127,n6,grip
47264,2099,n6,grip
47266,2135,n6,grip
47268,2143,n6,grip
47270,2346,n6,grip
47272,2374,n6,grip
47274,2299,n6,grip
47276,2437,n6,grip
47278,2614,n6,grip
47280,2678,n6,grip
47282,2601,n6,grip
47284,2602,n6,grip
47286,2676,n6,grip
47288,2624,n6,grip
47290,2639,n6,grip
47292,2583,n6,grip
47294,2597,n6,grip
47296,2505,n6,grip
47298,2423,n6,grip
47300,2341,n6,grip
47302,2389,n6,grip
47304,2387,n6,grip
47306,2503,n6,grip
47308,2775,n6,grip
47310,3013,n6,grip
47312,3193,n6,grip
47314,3664,n6,grip
47316,3663,n6,grip
47318,3654,n6,grip
47320,3408,n6,grip
47322,3248,n6,grip
47324,3187,n6,grip
47326,3236,n6,grip
47328,3273,n6,grip
47330,3227,n6,grip
47332,3247,n6,grip
47334,3444,n6,grip
47336,3402,n6,grip
47338,3209,n6,grip
47340,3152,n6,grip
47342,3017,n6,grip
47344,2889,n6,grip
47346,2815,n6,grip
47348,2716,n6,grip
47350,2627,n6,grip
47352,2621,n6,grip
47354,2526,n6,grip
47356,2559,n6,grip
47358,2641,n6,grip
47360,2645,n6,grip
47362,2673,n6,grip
47364,2723,n6,grip
47366,2655,n6,grip
47368,2593,n6,grip
47370,2629,n6,grip
47372,2720,n6,grip
47374,2794,n6,grip
47376,2937,n6,grip
47378,3011,n6,grip
47380,2974,n6,grip
47382,2930,n6,grip
47384,2886,n6,grip
47386,2979,n6,grip
47388,2930,n6,grip
47390,2974,n6,grip
47392,2969,n6,grip
47394,3036,n6,grip
47396,3015,n6,grip
47398,2978,n6,grip
47400,3122,n6,grip
47402,3045,n6,grip
47404,3392,n6,grip
47406,3562,n6,grip
47408,3487,n6,grip
47410,3291,n6,grip
47412,3132,n6,grip
47414,3024,n6,grip
47416,2933,n6,grip
47418,2834,n6,grip
47420,2800,n6,grip
47422,2682,n6,grip
47424,2631,n6,grip
47426,2637,n6,grip
47428,2530,n6,grip
47430,2443,n6,grip
47432,2369,n6,grip
47434,2411,n6,grip
47436,2417,n6,grip
47438,2401,n6,grip
47440,2497,n6,grip
47442,2595,n6,grip
47444,2475,n6,grip
47446,2411,n6,grip
47448,2416,n6,grip
47450,2647,n6,grip
47452,2707,n6,grip
47454,2651,n6,grip
47456,2688,n6,grip
47458,2613,n6,grip
47460,2526,n6,grip
47462,2475,n6,grip
47464,2473,n6,grip
47466,2385,n6,grip
47468,2470,n6,grip
47470,2743,n6,grip
47472,2863,n6,grip
47474,3147,n6,grip
47476,3259,n6,grip
47478,3274,n6,grip
47480,3179,n6,grip
47482,3024,n6,grip
47484,2886,n6,grip
47486,2844,n6,grip
47488,2733,n6,grip
47490,2647,n6,grip
47492,2543,n6,grip
47494,2469,n6,grip
47496,2389,n6,grip
47498,2301,n6,grip
47500,2256,n6,grip
47502,2192,n6,grip
47504,2206,n6,grip
47506,2118,n6,grip
47508,2129,n6,grip
47510,2413,n6,grip
47512,2538,n6,grip
47514,2794,n6,grip
47516,2870,n6,grip
47518,2922,n6,grip
47520,2834,n6,grip
47522,2770,n6,grip
47524,2755,n6,grip
47526,2713,n6,grip
47528,2729,n6,grip
47530,2685,n6,grip
47532,2649,n6,grip
47534,2603,n6,grip
47536,2549,n6,grip
47538,2458,n6,grip
47540,2544,n6,grip
47542,2647,n6,grip
47544,2559,n6,grip
47546,2528,n6,grip
47548,2593,n6,grip
47550,2503,n6,grip
47552,2477,n6,grip
47554,2601,n6,grip
47556,2820,n6,grip
47558,2799,n6,grip
47560,2864,n6,grip
47562,2870,n6,grip
47564,2767,n6,grip
47566,2730,n6,grip
47568,2719,n6,grip
47570,2691,n6,grip
47572,2593,n6,grip
47574,2501,n6,grip
47576,2498,n6,grip
47578,2448,n6,grip
47580,2387,n6,grip
47582,2320,n6,grip
47584,2318,n6,grip
47586,2263,n6,grip
47588,2234,n6,grip
47590,2137,n6,grip
47592,2113,n6,grip
47594,2067,n6,grip
47596,2004,n6,grip
47598,1926,n6,grip
47600,1876,n6,grip
47602,1857,n6,grip
47604,1830,n6,grip
47606,1762,n6,grip
47608,1721,n6,grip
47610,1783,n6,grip
47612,1761,n6,grip
47614,1763,n6,grip
47616,1943,n6,grip
47618,2018,n6,grip
47620,2100,n6,grip
47622,2320,n6,grip
47624,2320,n6,grip
47626,2362,n6,grip
47628,2310,n6,grip
47630,2267,n6,grip
47632,2285,n6,grip
47634,2253,n6,grip
47636,2208,n6,grip
47638,2215,n6,grip
47640,2246,n6,grip
47642,2253,n6,grip
47644,2194,n6,grip
47646,2231,n6,grip
47648,2495,n6,grip
47650,2591,n6,grip
47652,2986,n6,grip
47654,2981,n6,grip
47656,2896,n6,grip
47658,2829,n6,grip
47660,2697,n6,grip
47662,2675,n6,grip
47664,2619,n6,grip
47666,2618,n6,grip
47668,2640,n6,grip
47670,2607,n6,grip
47672,2603,n6,grip
47674,2533,n6,grip
47676,2478,n6,grip
47678,2377,n6,grip
47680,2310,n6,grip
47682,2227,n6,grip
47684,2287,n6,grip
47686,2363,n6,grip
47688,2341,n6,grip
47690,2289,n6,grip
47692,2266,n6,grip
47694,2307,n6,grip
47696,2303,n6,grip
47698,2273,n6,grip
47700,2305,n6,grip
47702,2384,n6,grip
47704,2430,n6,grip
47706,2414,n6,grip
47708,2305,n6,grip
47710,2329,n6,grip
47712,2360,n6,grip
47714,2417,n6,grip
47716,2710,n6,grip
47718,2817,n6,grip
47720,3063,n6,grip
47722,3056,n6,grip
47724,2994,n6,grip
47726,2882,n6,grip
47728,2974,n6,grip
47730,2962,n6,grip
47732,2929,n6,grip
47734,3070,n6,grip
47736,2959,n6,grip
47738,2831,n6,grip
47740,2843,n6,grip
47742,3042,n6,grip
47744,3088,n6,grip
47746,3061,n6,grip
47748,2999,n6,grip
47750,3034,n6,grip
47752,2966,n6,grip
47754,2979,n6,grip
47756,2896,n6,grip
47758,2923,n6,grip
47760,2999,n6,grip
47762,3183,n6,grip
47764,3443,n6,grip
47766,3319,n6,grip
47768,3191,n6,grip
47770,3133,n6,grip
47772,3018,n6,grip
47774,2893,n6,grip
47776,2765,n6,grip
47778,2749,n6,grip
47780,2672,n6,grip
47782,2657,n6,grip
47784,2533,n6,grip
47786,2480,n6,grip
47788,2418,n6,grip
47790,2343,n6,grip
47792,2432,n6,grip
47794,2435,n6,grip
47796,2399,n6,grip
47798,2417,n6,grip
47800,2477,n6,grip
47802,2606,n6,grip
47804,2546,n6,grip
47806,2589,n6,grip
47808,2543,n6,grip
47810,2559,n6,grip
47812,2528,n6,grip
47814,2538,n6,grip
47816,2607,n6,grip
47818,2531,n6,grip
47820,2447,n6,grip
47822,2361,n6,grip
47824,2304,n6,grip
47826,2270,n6,grip
47828,2393,n6,grip
47830,2381,n6,grip
47832,2288,n6,grip
47834,2256,n6,grip
47836,2325,n6,grip
47838,2355,n6,grip
47840,2341,n6,grip
47842,2403,n6,grip
47844,2415,n6,grip
47846,2424,n6,grip
47848,2357,n6,grip
47850,2293,n6,grip
47852,2203,n6,grip
47854,2176,n6,grip
47856,2213,n6,grip
47858,2236,n6,grip
47860,2211,n6,grip
47862,2225,n6,grip
47864,2161,n6,grip
47866,2131,n6,grip
47868,2075,n6,grip
47870,2064,n6,grip
47872,2018,n6,grip
47874,1973,n6,grip
47876,2092,n6,grip
47878,2158,n6,grip
47880,2139,n6,grip
47882,2334,n6,grip
47884,2402,n6,grip
47886,2341,n6,grip
47888,2342,n6,grip
47890,2347,n6,grip
47892,2402,n6,grip
47894,2754,n6,grip
47896,3001,n6,grip
47898,3577,n6,grip
47900,3658,n6,grip
47902,3663,n6,grip
47904,3664,n6,grip
47906,3659,n6,grip
47908,3659,n6,grip
47910,3664,n6,grip
47912,3659,n6,grip
47914,3662,n6,grip
47916,3663,n6,grip
47918,3658,n6,grip
47920,3519,n6,grip
47922,3386,n6,grip
47924,3197,n6,grip
47926,3049,n6,grip
47928,2928,n6,grip
47930,2829,n6,grip
47932,2702,n6,grip
47934,2624,n6,grip
47936,2785,n6,grip
47938,3030,n6,grip
47940,3162,n6,grip
47942,3280,n6,grip
47944,3424,n6,grip
47946,3431,n6,grip
47948,3295,n6,grip
47950,3204,n6,grip
47952,3184,n6,grip
47954,3029,n6,grip
47956,2880,n6,grip
47958,2796,n6,grip
47960,2731,n6,grip
47962,2690,n6,grip
47964,2697,n6,grip
47966,2860,n6,grip
47968,2826,n6,grip
47970,2781,n6,grip
47972,2657,n6,grip
47974,2645,n6,grip
47976,2672,n6,grip
47978,2559,n6,grip
47980,2686,n6,grip
47982,2672,n6,grip
47984,2682,n6,grip
47986,2833,n6,grip
47988,2823,n6,grip
47990,2726,n6,grip
47992,2624,n6,grip
47994,2619,n6,grip
47996,2526,n6,grip
47998,2559,n6,grip
48000,2512,n6,grip
48002,2529,n6,grip
48004,2495,n6,grip
48006,2416,n6,grip
48008,2338,n6,grip
48010,2266,n6,grip
48012,2319,n6,grip
48014,2326,n6,grip
48016,2226,n6,grip
48018,2205,n6,grip
48020,2150,n6,grip
48022,2095,n6,grip
48024,2274,n6,grip
48026,2584,n6,grip
48028,2711,n6,grip
48030,3213,n6,grip
48032,3246,n6,grip
48034,3229,n6,grip
48036,3098,n6,grip
48038,2987,n6,grip
48040,2845,n6,grip
48042,2722,n6,grip
48044,2638,n6,grip
48046,2805,n6,grip
48048,3037,n6,grip
48050,3024,n6,grip
48052,3191,n6,grip
48054,3056,n6,grip
48056,3086,n6,grip
48058,3035,n6,grip
48060,2965,n6,grip
48062,3126,n6,grip
48064,3206,n6,grip
48066,3304,n6,grip
48068,3430,n6,grip
48070,3277,n6,grip
48072,3129,n6,grip
48074,3100,n6,grip
48076,3325,n6,grip
48078,3531,n6,grip
48080,3539,n6,grip
48082,3648,n6,grip
48084,3614,n6,grip
48086,3499,n6,grip
48088,3339,n6,grip
48090,3167,n6,grip
48092,3040,n6,grip
48094,2897,n6,grip
48096,2829,n6,grip
48098,2710,n6,grip
48100,2627,n6,grip
48102,2625,n6,grip
48104,2742,n6,grip
48106,2737,n6,grip
48108,2823,n6,grip
48110,2879,n6,grip
48112,2811,n6,grip
48114,2698,n6,grip
48116,2610,n6,grip
48118,2595,n6,grip
48120,2527,n6,grip
48122,2449,n6,grip
48124,2382,n6,grip
48126,2378,n6,grip
48128,2321,n6,grip
48130,2467,n6,grip
48132,2542,n6,grip
48134,2491,n6,grip
48136,2754,n6,grip
48138,2943,n6,grip
48140,2869,n6,grip
48142,2967,n6,grip
48144,3082,n6,grip
48146,3127,n6,grip
48148,3104,n6,grip
48150,3015,n6,grip
48152,3157,n6,grip
48154,3382,n6,grip
48156,3314,n6,grip
48158,3271,n6,grip
48160,3168,n6,grip
48162,3085,n6,grip
48164,3022,n6,grip
48166,3024,n6,grip
48168,2986,n6,grip
48170,3040,n6,grip
48172,2972,n6,grip
48174,2934,n6,grip
48176,2804,n6,grip
48178,2719,n6,grip
48180,2621,n6,grip
48182,2689,n6,grip
48184,2670,n6,grip
48186,2546,n6,grip
48188,2608,n6,grip
48190,2658,n6,grip
48192,2647,n6,grip
48194,2593,n6,grip
48196,2555,n6,grip
48198,2679,n6,grip
48200,2591,n6,grip
48202,2548,n6,grip
48204,2535,n6,grip
48206,2555,n6,grip
48208,2471,n6,grip
48210,2402,n6,grip
48212,2427,n6,grip
48214,2347,n6,grip
48216,2274,n6,grip
48218,2204,n6,grip
48220,2222,n6,grip
48222,2174,n6,grip
48224,2102,n6,grip
48226,2107,n6,grip
48228,2354,n6,grip
48230,2418,n6,grip
48232,2717,n6,grip
48234,3008,n6,grip
48236,2959,n6,grip
48238,2945,n6,grip
48240,2842,n6,grip
48242,2736,n6,grip
48244,2608,n6,grip
48246,2557,n6,grip
48248,2477,n6,grip
48250,2477,n6,grip
48252,2800,n6,grip
48254,3050,n6,grip
48256,3291,n6,grip
48258,3427,n6,grip
48260,3408,n6,grip
48262,3248,n6,grip
48264,3059,n6,grip
48266,2923,n6,grip
48268,2851,n6,grip
48270,2847,n6,grip
48272,2937,n6,grip
48274,2937,n6,grip
48276,2943,n6,grip
48278,2832,n6,grip
48280,2754,n6,grip
48282,2658,n6,grip
48284,2647,n6,grip
48286,2559,n6,grip
48288,2474,n6,grip
48290,2416,n6,grip
48292,2549,n6,grip
48294,2542,n6,grip
48296,2606,n6,grip
48298,2699,n6,grip
48300,2686,n6,grip
48302,2634,n6,grip
48304,2542,n6,grip
48306,2427,n6,grip
48308,2353,n6,grip
48310,2274,n6,grip
48312,2203,n6,grip
48314,2325,n6,grip
48316,2400,n6,grip
48318,2416,n6,grip
48320,2495,n6,grip
48322,2650,n6,grip
48324,2559,n6,grip
48326,2495,n6,grip
48328,2497,n6,grip
48330,2450,n6,grip
48332,2369,n6,grip
48334,2320,n6,grip
48336,2306,n6,grip
48338,2249,n6,grip
48340,2278,n6,grip
48342,2377,n6,grip
48344,2369,n6,grip
48346,2399,n6,grip
48348,2307,n6,grip
48350,2309,n6,grip
48352,2355,n6,grip
48354,2286,n6,grip
48356,2230,n6,grip
48358,2157,n6,grip
48360,2078,n6,grip
48362,1995,n6,grip
48364,1925,n6,grip
48366,1950,n6,grip
48368,1933,n6,grip
48370,2001,n6,grip
48372,2206,n6,grip
48374,2288,n6,grip
48376,2375,n6,grip
48378,2543,n6,grip
48380,2547,n6,grip
48382,2502,n6,grip
48384,2431,n6,grip
48386,2348,n6,grip
48388,2415,n6,grip
48390,2544,n6,grip
48392,2614,n6,grip
48394,2768,n6,grip
48396,2833,n6,grip
48398,2749,n6,grip
48400,2701,n6,grip
48402,2621,n6,grip
48404,2554,n6,grip
48406,2503,n6,grip
48408,2397,n6,grip
48410,2319,n6,grip
48412,2256,n6,grip
48414,2189,n6,grip
48416,2195,n6,grip
48418,2130,n6,grip
48420,2133,n6,grip
48422,2174,n6,grip
48424,2110,n6,grip
48426,2027,n6,grip
48428,1957,n6,grip
48430,1895,n6,grip
48432,1899,n6,grip
48434,1954,n6,grip
48436,2200,n6,grip
48438,2219,n6,grip
48440,2427,n6,grip
48442,2559,n6,grip
48444,2559,n6,grip
48446,2559,n6,grip
48448,2553,n6,grip
48450,2464,n6,grip
48452,2421,n6,grip
48454,2453,n6,grip
48456,2506,n6,grip
48458,2480,n6,grip
48460,2413,n6,grip
48462,2502,n6,grip
48464,2608,n6,grip
48466,2535,n6,grip
48468,2511,n6,grip
48470,2473,n6,grip
48472,2390,n6,grip
48474,2290,n6,grip
48476,2258,n6,grip
48478,2234,n6,grip
48480,2250,n6,grip
48482,2208,n6,grip
48484,2244,n6,grip
48486,2255,n6,grip
48488,2197,n6,grip
48490,2198,n6,grip
48492,2140,n6,grip
48494,2107,n6,grip
48496,2112,n6,grip
48498,2210,n6,grip
48500,2224,n6,grip
48502,2379,n6,grip
48504,2310,n6,grip
48506,2238,n6,grip
48508,2180,n6,grip
48510,2176,n6,grip
48512,2131,n6,grip
48514,2240,n6,grip
48516,2434,n6,grip
48518,2404,n6,grip
48520,2352,n6,grip
48522,2418,n6,grip
48524,2367,n6,grip
48526,2272,n6,grip
48528,2174,n6,grip
48530,2096,n6,grip
48532,2046,n6,grip
48534,2115,n6,grip
48536,2156,n6,grip
48538,2224,n6,grip
48540,2160,n6,grip
48542,2099,n6,grip
48544,2060,n6,grip
48546,2032,n6,grip
48548,1975,n6,grip
48550,2019,n6,grip
48552,2058,n6,grip
48554,1968,n6,grip
48556,1917,n6,grip
48558,1999,n6,grip
48560,1995,n6,grip
48562,2000,n6,grip
48564,1991,n6,grip
48566,1945,n6,grip
48568,1891,n6,grip
48570,1903,n6,grip
48572,1843,n6,grip
48574,1823,n6,grip
48576,1881,n6,grip
48578,1852,n6,grip
48580,1845,n6,grip
48582,1941,n6,grip
48584,1949,n6,grip
48586,1895,n6,grip
48588,1855,n6,grip
48590,1782,n6,grip
48592,1774,n6,grip
48594,1709,n6,grip
48596,1637,n6,grip
48598,1591,n6,grip
48600,1613,n6,grip
48602,1607,n6,grip
48604,1691,n6,grip
48606,1634,n6,grip
48608,1620,n6,grip
48610,1628,n6,grip
48612,1616,n6,grip
48614,1575,n6,grip
48616,1590,n6,grip
48618,1638,n6,grip
48620,1729,n6,grip
48622,1702,n6,grip
48624,1807,n6,grip
48626,1776,n6,grip
48628,1734,n6,grip
48630,1666,n6,grip
48632,1634,n6,grip
48634,1591,n6,grip
48636,1633,n6,grip
48638,1719,n6,grip
48640,1713,n6,grip
48642,1666,n6,grip
48644,1634,n6,grip
48646,1730,n6,grip
48648,1815,n6,grip
48650,1793,n6,grip
48652,1744,n6,grip
48654,1744,n6,grip
48656,1767,n6,grip
48658,1774,n6,grip
48660,1707,n6,grip
48662,1648,n6,grip
48664,1676,n6,grip
48666,1734,n6,grip
48668,1748,n6,grip
48670,1868,n6,grip
48672,2007,n6,grip
48674,1971,n6,grip
48676,2032,n6,grip
48678,2128,n6,grip
48680,2064,n6,grip
48682,1971,n6,grip
48684,1917,n6,grip
48686,1840,n6,grip
48688,1805,n6,grip
48690,1872,n6,grip
48692,1919,n6,grip
48694,1956,n6,grip
48696,2105,n6,grip
48698,2112,n6,grip
48700,2046,n6,grip
48702,1971,n6,grip
48704,1910,n6,grip
48706,1849,n6,grip
48708,1821,n6,grip
48710,1760,n6,grip
48712,1697,n6,grip
48714,1661,n6,grip
48716,1616,n6,grip
48718,1613,n6,grip
48720,1809,n6,grip
48722,1978,n6,grip
48724,1983,n6,grip
48726,2248,n6,grip
48728,2320,n6,grip
48730,2288,n6,grip
48732,2203,n6,grip
48734,2106,n6,grip
48736,2012,n6,grip
48738,1936,n6,grip
48740,1922,n6,grip
48742,1919,n6,grip
48744,1872,n6,grip
48746,1853,n6,grip
48748,1808,n6,grip
48750,1769,n6,grip
48752,1807,n6,grip
48754,1807,n6,grip
48756,1758,n6,grip
48758,1712,n6,grip
48760,1687,n6,grip
48762,1801,n6,grip
48764,1807,n6,grip
48766,1773,n6,grip
48768,1714,n6,grip
48770,1675,n6,grip
48772,1695,n6,grip
48774,1638,n6,grip
48776,1580,n6,grip
48778,1614,n6,grip
48780,1587,n6,grip
48782,1584,n6,grip
48784,1530,n6,grip
48786,1514,n6,grip
48788,1461,n6,grip
48790,1410,n6,grip
48792,1373,n6,grip
48794,1344,n6,grip
48796,1503,n6,grip
48798,1590,n6,grip
48800,1743,n6,grip
48802,1759,n6,grip
48804,1867,n6,grip
48806,1907,n6,grip
48808,1949,n6,grip
48810,1951,n6,grip
48812,1918,n6,grip
48814,1882,n6,grip
48816,1950,n6,grip
48818,2001,n6,grip
48820,1995,n6,grip
48822,2080,n6,grip
48824,2063,n6,grip
48826,2097,n6,grip
48828,2094,n6,grip
48830,2119,n6,grip
48832,2033,n6,grip
48834,1967,n6,grip
48836,1901,n6,grip
48838,1855,n6,grip
48840,1853,n6,grip
48842,1940,n6,grip
48844,1885,n6,grip
48846,1831,n6,grip
48848,1789,n6,grip
48850,1744,n6,grip
48852,1776,n6,grip
48854,1827,n6,grip
48856,1776,n6,grip
48858,1714,n6,grip
48860,1655,n6,grip
48862,1605,n6,grip
48864,1600,n6,grip
48866,1616,n6,grip
48868,1595,n6,grip
48870,1517,n6,grip
48872,1501,n6,grip
48874,1439,n6,grip
48876,1379,n6,grip
48878,1326,n6,grip
48880,1290,n6,grip
48882,1328,n6,grip
48884,1331,n6,grip
48886,1286,n6,grip
48888,1285,n6,grip
48890,1335,n6,grip
48892,1309,n6,grip
48894,1262,n6,grip
48896,1216,n6,grip
48898,1197,n6,grip
48900,1159,n6,grip
48902,1118,n6,grip
48904,1117,n6,grip
48906,1086,n6,grip
48908,1072,n6,grip
48910,1065,n6,grip
48912,1057,n6,grip
48914,1049,n6,grip
48916,1069,n6,grip
48918,1104,n6,grip
48920,1125,n6,grip
48922,1111,n6,grip
48924,1082,n6,grip
48926,1045,n6,grip
48928,1063,n6,grip
48930,1072,n6,grip
48932,1054,n6,grip
48934,1118,n6,grip
48936,1131,n6,grip
48938,1162,n6,grip
48940,1127,n6,grip
48942,1079,n6,grip
48944,1050,n6,grip
48946,1009,n6,grip
48948,974,n6,grip
48950,1049,n6,grip
48952,1079,n6,grip
48954,1085,n6,grip
48956,1173,n6,grip
48958,1217,n6,grip
48960,1280,n6,grip
48962,1271,n6,grip
48964,1409,n6,grip
48966,1387,n6,grip
48968,1494,n6,grip
48970,1471,n6,grip
48972,1423,n6,grip
48974,1378,n6,grip
48976,1472,n6,grip
48978,1573,n6,grip
48980,1642,n6,grip
48982,1823,n6,grip
48984,1921,n6,grip
48986,1863,n6,grip
48988,1849,n6,grip
48990,1805,n6,grip
48992,1774,n6,grip
48994,1715,n6,grip
48996,1658,n6,grip
48998,1629,n6,grip
49000,1585,n6,grip
49002,1678,n6,grip
49004,1910,n6,grip
49006,1921,n6,grip
49008,1990,n6,grip
49010,2008,n6,grip
49012,2103,n6,grip
49014,2103,n6,grip
49016,2031,n6,grip
49018,1950,n6,grip
49020,1943,n6,grip
49022,1871,n6,grip
49024,1796,n6,grip
49026,1735,n6,grip
49028,1660,n6,grip
49030,1585,n6,grip
49032,1520,n6,grip
49034,1503,n6,grip
49036,1518,n6,grip
49038,1600,n6,grip
49040,1584,n6,grip
49042,1571,n6,grip
49044,1591,n6,grip
49046,1569,n6,grip
49048,1535,n6,grip
49050,1483,n6,grip
49052,1442,n6,grip
49054,1433,n6,grip
49056,1395,n6,grip
49058,1394,n6,grip
49060,1438,n6,grip
49062,1392,n6,grip
49064,1380,n6,grip
49066,1390,n6,grip
49068,1438,n6,grip
49070,1399,n6,grip
49072,1411,n6,grip
49074,1451,n6,grip
49076,1519,n6,grip
49078,1490,n6,grip
49080,1474,n6,grip
49082,1472,n6,grip
49084,1490,n6,grip
49086,1535,n6,grip
49088,1508,n6,grip
49090,1501,n6,grip
49092,1535,n6,grip
49094,1517,n6,grip
49096,1515,n6,grip
49098,1456,n6,grip
49100,1407,n6,grip
49102,1407,n6,grip
49104,1370,n6,grip
49106,1409,n6,grip
49108,1382,n6,grip
49110,1328,n6,grip
49112,1271,n6,grip
49114,1250,n6,grip
49116,1257,n6,grip
49118,1245,n6,grip
49120,1203,n6,grip
49122,1207,n6,grip
49124,1232,n6,grip
49126,1277,n6,grip
49128,1255,n6,grip
49130,1269,n6,grip
49132,1281,n6,grip
49134,1353,n6,grip
49136,1443,n6,grip
49138,1489,n6,grip
49140,1488,n6,grip
49142,1437,n6,grip
49144,1385,n6,grip
49146,1359,n6,grip
49148,1328,n6,grip
49150,1410,n6,grip
49152,1415,n6,grip
49154,1374,n6,grip
49156,1310,n6,grip
49158,1279,n6,grip
49160,1237,n6,grip
49162,1306,n6,grip
49164,1503,n6,grip
49166,1586,n6,grip
49168,1765,n6,grip
49170,1781,n6,grip
49172,1713,n6,grip
49174,1657,n6,grip
49176,1594,n6,grip
49178,1583,n6,grip
49180,1579,n6,grip
49182,1565,n6,grip
49184,1569,n6,grip
49186,1648,n6,grip
49188,1627,n6,grip
49190,1629,n6,grip
49192,1600,n6,grip
63218,3020,n6,grip
63220,2954,n6,grip
63222,2902,n6,grip
63224,2982,n6,grip
63226,2921,n6,grip
63228,2864,n6,grip
63230,2823,n6,grip
63232,2821,n6,grip
63234,2766,n6,grip
63236,2665,n6,grip
63238,2551,n6,grip
63240,2559,n6,grip
63242,2640,n6,grip
63244,2626,n6,grip
63246,2667,n6,grip
63248,2666,n6,grip
63250,2619,n6,grip
63252,2674,n6,grip
63254,2758,n6,grip
63256,2723,n6,grip
63258,2865,n6,grip
63260,2811,n6,grip
63262,2897,n6,grip
63264,2862,n6,grip
63266,2898,n6,grip
63268,2800,n6,grip
63270,2818,n6,grip
63272,2843,n6,grip
63274,2869,n6,grip
63276,2867,n6,grip
63278,2810,n6,grip
63280,2742,n6,grip
63282,2638,n6,grip
63284,2604,n6,grip
63286,2534,n6,grip
63288,2439,n6,grip
63290,2410,n6,grip
63292,2349,n6,grip
63294,2291,n6,grip
63296,2309,n6,grip
63298,2464,n6,grip
63300,2394,n6,grip
63302,2371,n6,grip
63304,2301,n6,grip
63306,2425,n6,grip
63308,2455,n6,grip
63310,2431,n6,grip
63312,2382,n6,grip
63314,2419,n6,grip
63316,2533,n6,grip
63318,2501,n6,grip
63320,2511,n6,grip
63322,2449,n6,grip
63324,2455,n6,grip
63326,2403,n6,grip
63328,2458,n6,grip
63330,2516,n6,grip
63332,2529,n6,grip
63334,2500,n6,grip
63336,2453,n6,grip
63338,2511,n6,grip
63340,2448,n6,grip
63342,2406,n6,grip
63344,2403,n6,grip
63346,2483,n6,grip
63348,2463,n6,grip
63350,2533,n6,grip
63352,2448,n6,grip
63354,2426,n6,grip
63356,2450,n6,grip
63358,2445,n6,grip
63360,2347,n6,grip
63362,2255,n6,grip
63364,2320,n6,grip
63366,2599,n6,grip
63368,2771,n6,grip
63370,2865,n6,grip
63372,3117,n6,grip
63374,3151,n6,grip
63376,3047,n6,grip
63378,2928,n6,grip
63380,2895,n6,grip
63382,2965,n6,grip
63384,3184,n6,grip
63386,3269,n6,grip
63388,3565,n6,grip
63390,3655,n6,grip
63392,3659,n6,grip
63394,3662,n6,grip
63396,3659,n6,grip
63398,3662,n6,grip
63400,3658,n6,grip
63402,3659,n6,grip
63404,3661,n6,grip
63406,3583,n6,grip
63408,3459,n6,grip
63410,3376,n6,grip
63412,3507,n6,grip
63414,3444,n6,grip
63416,3251,n6,grip
63418,3125,n6,grip
63420,3045,n6,grip
63422,3178,n6,grip
63424,3141,n6,grip
63426,3152,n6,grip
63428,3193,n6,grip
63430,3083,n6,grip
63432,2931,n6,grip
63434,2800,n6,grip
63436,2784,n6,grip
63438,2815,n6,grip
63440,2769,n6,grip
63442,2769,n6,grip
63444,2806,n6,grip
63446,2726,n6,grip
63448,2645,n6,grip
63450,2545,n6,grip
63452,2447,n6,grip
63454,2353,n6,grip
63456,2368,n6,grip
63458,2445,n6,grip
63460,2491,n6,grip
63462,2659,n6,grip
63464,2706,n6,grip
63466,2640,n6,grip
63468,2542,n6,grip
63470,2447,n6,grip
63472,2464,n6,grip
63474,2449,n6,grip
63476,2453,n6,grip
63478,2438,n6,grip
63480,2493,n6,grip
63482,2451,n6,grip
63484,2433,n6,grip
63486,2362,n6,grip
63488,2259,n6,grip
63490,2198,n6,grip
63492,2150,n6,grip
63494,2114,n6,grip
63496,2132,n6,grip
63498,2341,n6,grip
63500,2407,n6,grip
63502,2387,n6,grip
63504,2469,n6,grip
63506,2509,n6,grip
63508,2606,n6,grip
63510,2525,n6,grip
63512,2591,n6,grip
63514,2586,n6,grip
63516,2553,n6,grip
63518,2487,n6,grip
63520,2475,n6,grip
63522,2559,n6,grip
63524,2480,n6,grip
63526,2399,n6,grip
63528,2323,n6,grip
63530,2230,n6,grip
63532,2164,n6,grip
63534,2143,n6,grip
63536,2239,n6,grip
63538,2304,n6,grip
63540,2401,n6,grip
63542,2368,n6,grip
63544,2367,n6,grip
63546,2362,n6,grip
63548,2383,n6,grip
63550,2331,n6,grip
63552,2249,n6,grip
63554,2223,n6,grip
63556,2159,n6,grip
63558,2201,n6,grip
63560,2221,n6,grip
63562,2175,n6,grip
63564,2254,n6,grip
63566,2206,n6,grip
63568,2146,n6,grip
63570,2118,n6,grip
63572,2084,n6,grip
63574,2005,n6,grip
63576,1968,n6,grip
63578,2251,n6,grip
63580,2559,n6,grip
63582,2624,n6,grip
63584,2771,n6,grip
63586,2679,n6,grip
63588,2757,n6,grip
63590,2953,n6,grip
63592,2955,n6,grip
63594,2826,n6,grip
63596,2853,n6,grip
63598,2849,n6,grip
63600,2817,n6,grip
63602,2698,n6,grip
63604,2595,n6,grip
63606,2512,n6,grip
63608,2421,n6,grip
63610,2364,n6,grip
63612,2297,n6,grip
63614,2326,n6,grip
63616,2396,n6,grip
63618,2439,n6,grip
63620,2435,n6,grip
63622,2546,n6,grip
63624,2480,n6,grip
63626,2384,n6,grip
63628,2319,n6,grip
63630,2222,n6,grip
63632,2160,n6,grip
63634,2162,n6,grip
63636,2203,n6,grip
63638,2165,n6,grip
63640,2115,n6,grip
63642,2096,n6,grip
63644,2075,n6,grip
63646,2006,n6,grip
63648,2084,n6,grip
63650,2282,n6,grip
63652,2531,n6,grip
63654,2635,n6,grip
63656,2830,n6,grip
63658,3015,n6,grip
63660,3015,n6,grip
63662,2975,n6,grip
63664,3085,n6,grip
63666,3050,n6,grip
63668,3047,n6,grip
63670,2971,n6,grip
63672,2887,n6,grip
63674,2763,n6,grip
63676,2655,n6,grip
63678,2549,n6,grip
63680,2509,n6,grip
63682,2466,n6,grip
63684,2366,n6,grip
63686,2290,n6,grip
63688,2204,n6,grip
63690,2131,n6,grip
63692,2262,n6,grip
63694,2380,n6,grip
63696,2502,n6,grip
63698,2704,n6,grip
63700,2671,n6,grip
63702,2663,n6,grip
63704,2599,n6,grip
63706,2554,n6,grip
63708,2559,n6,grip
63710,2511,n6,grip
63712,2483,n6,grip
63714,2591,n6,grip
63716,2673,n6,grip
63718,2711,n6,grip
63720,2791,n6,grip
63722,2750,n6,grip
63724,2644,n6,grip
63726,2543,n6,grip
63728,2435,n6,grip
63730,2352,n6,grip
63732,2329,n6,grip
63734,2270,n6,grip
63736,2194,n6,grip
63738,2224,n6,grip
63740,2185,n6,grip
63742,2158,n6,grip
63744,2117,n6,grip
63746,2071,n6,grip
63748,2105,n6,grip
63750,2196,n6,grip
63752,2137,n6,grip
63754,2201,n6,grip
63756,2165,n6,grip
63758,2135,n6,grip
63760,2120,n6,grip
63762,2160,n6,grip
63764,2171,n6,grip
63766,2107,n6,grip
63768,2037,n6,grip
63770,2096,n6,grip
63772,2192,n6,grip
63774,2256,n6,grip
63776,2339,n6,grip
63778,2267,n6,grip
63780,2213,n6,grip
63782,2128,n6,grip
63784,2030,n6,grip
63786,1959,n6,grip
63788,1898,n6,grip
63790,1851,n6,grip
63792,1863,n6,grip
63794,1822,n6,grip
63796,1931,n6,grip
63798,1967,n6,grip
63800,2037,n6,grip
63802,2112,n6,grip
63804,2117,n6,grip
63806,2043,n6,grip
63808,2093,n6,grip
63810,2208,n6,grip
63812,2210,n6,grip
63814,2283,n6,grip
63816,2205,n6,grip
63818,2166,n6,grip
63820,2134,n6,grip
63822,2145,n6,grip
63824,2089,n6,grip
63826,2007,n6,grip
63828,1962,n6,grip
63830,1989,n6,grip
63832,1997,n6,grip
63834,1919,n6,grip
63836,1853,n6,grip
63838,1803,n6,grip
63840,1795,n6,grip
63842,1841,n6,grip
63844,1801,n6,grip
63846,1803,n6,grip
63848,1747,n6,grip
63850,1830,n6,grip
63852,2067,n6,grip
63854,2142,n6,grip
63856,2351,n6,grip
63858,2605,n6,grip
63860,2615,n6,grip
63862,2559,n6,grip
63864,2448,n6,grip
63866,2352,n6,grip
63868,2402,n6,grip
63870,2384,n6,grip
63872,2323,n6,grip
63874,2230,n6,grip
63876,2143,n6,grip
63878,2069,n6,grip
63880,2019,n6,grip
63882,1964,n6,grip
63884,1920,n6,grip
63886,1905,n6,grip
63888,1852,n6,grip
63890,1863,n6,grip
63892,1808,n6,grip
63894,1746,n6,grip
63896,1737,n6,grip
63898,1710,n6,grip
63900,1657,n6,grip
63902,1595,n6,grip
63904,1516,n6,grip
63906,1456,n6,grip
63908,1409,n6,grip
63910,1405,n6,grip
63912,1361,n6,grip
63914,1405,n6,grip
63916,1488,n6,grip
63918,1479,n6,grip
63920,1474,n6,grip
63922,1473,n6,grip
63924,1555,n6,grip
63926,1556,n6,grip
63928,1665,n6,grip
63930,1645,n6,grip
63932,1674,n6,grip
63934,1683,n6,grip
63936,1689,n6,grip
63938,1744,n6,grip
63940,1750,n6,grip
63942,1696,n6,grip
63944,1664,n6,grip
63946,1629,n6,grip
63948,1618,n6,grip
63950,1649,n6,grip
63952,1737,n6,grip
63954,1678,n6,grip
63956,1677,n6,grip
63958,1763,n6,grip
63960,1775,n6,grip
63962,1742,n6,grip
63964,1744,n6,grip
63966,1712,n6,grip
63968,1687,n6,grip
63970,1648,n6,grip
63972,1632,n6,grip
63974,1616,n6,grip
63976,1658,n6,grip
63978,1734,n6,grip
63980,1680,n6,grip
63982,1685,n6,grip
63984,1646,n6,grip
63986,1583,n6,grip
63988,1535,n6,grip
63990,1663,n6,grip
63992,1829,n6,grip
63994,1906,n6,grip
63996,2160,n6,grip
63998,2206,n6,grip
64000,2192,n6,grip
64002,2155,n6,grip
64004,2127,n6,grip
64006,2057,n6,grip
64008,2082,n6,grip
64010,2096,n6,grip
64012,2047,n6,grip
64014,2101,n6,grip
64016,2032,n6,grip
64018,2035,n6,grip
64020,2032,n6,grip
64022,2071,n6,grip
64024,2124,n6,grip
64026,2070,n6,grip
64028,2045,n6,grip
64030,1984,n6,grip
64032,1936,n6,grip
64034,1877,n6,grip
64036,1814,n6,grip
64038,1850,n6,grip
64040,1851,n6,grip
64042,1775,n6,grip
64044,1709,n6,grip
64046,1696,n6,grip
64048,1872,n6,grip
64050,2173,n6,grip
64052,2321,n6,grip
64054,2543,n6,grip
64056,2771,n6,grip
64058,2877,n6,grip
64060,2883,n6,grip
64062,2783,n6,grip
64064,2786,n6,grip
64066,2741,n6,grip
64068,2626,n6,grip
64070,2559,n6,grip
64072,2514,n6,grip
64074,2463,n6,grip
64076,2417,n6,grip
64078,2333,n6,grip
64080,2291,n6,grip
64082,2261,n6,grip
64084,2177,n6,grip
64086,2134,n6,grip
64088,2071,n6,grip
64090,2000,n6,grip
64092,1924,n6,grip
64094,1878,n6,grip
64096,1879,n6,grip
64098,1830,n6,grip
64100,1754,n6,grip
64102,1745,n6,grip
64104,1728,n6,grip
64106,1775,n6,grip
64108,1789,n6,grip
64110,1720,n6,grip
64112,1738,n6,grip
64114,1883,n6,grip
64116,1927,n6,grip
64118,1893,n6,grip
64120,1870,n6,grip
64122,1937,n6,grip
64124,1899,n6,grip
64126,1916,n6,grip
64128,1859,n6,grip
64130,1830,n6,grip
64132,1881,n6,grip
64134,1819,n6,grip
64136,1788,n6,grip
64138,1759,n6,grip
64140,1796,n6,grip
64142,1764,n6,grip
64144,1756,n6,grip
64146,1763,n6,grip
64148,1741,n6,grip
64150,1665,n6,grip
64152,1635,n6,grip
64154,1610,n6,grip
64156,1619,n6,grip
64158,1585,n6,grip
64160,1625,n6,grip
64162,1659,n6,grip
64164,1695,n6,grip
64166,1648,n6,grip
64168,1645,n6,grip
64170,1667,n6,grip
64172,1791,n6,grip
64174,1829,n6,grip
64176,1911,n6,grip
64178,1930,n6,grip
64180,1982,n6,grip
64182,2019,n6,grip
64184,2187,n6,grip
64186,2112,n6,grip
64188,2013,n6,grip
64190,1936,n6,grip
64192,1876,n6,grip
64194,1843,n6,grip
64196,1826,n6,grip
64198,1744,n6,grip
64200,1675,n6,grip
64202,1648,n6,grip
64204,1589,n6,grip
64206,1514,n6,grip
64208,1469,n6,grip
64210,1593,n6,grip
64212,1590,n6,grip
64214,1557,n6,grip
64216,1631,n6,grip
64218,1637,n6,grip
64220,1619,n6,grip
64222,1649,n6,grip
64224,1634,n6,grip
64226,1663,n6,grip
64228,1647,n6,grip
64230,1731,n6,grip
64232,1662,n6,grip
64234,1586,n6,grip
64236,1535,n6,grip
64238,1488,n6,grip
64240,1443,n6,grip
64242,1405,n6,grip
64244,1363,n6,grip
64246,1401,n6,grip
64248,1471,n6,grip
64250,1441,n6,grip
64252,1463,n6,grip
64254,1459,n6,grip
64256,1427,n6,grip
64258,1408,n6,grip
64260,1417,n6,grip
64262,1361,n6,grip
64264,1328,n6,grip
64266,1456,n6,grip
64268,1493,n6,grip
64270,1455,n6,grip
64272,1408,n6,grip
64274,1615,n6,grip
64276,1793,n6,grip
64278,1783,n6,grip
64280,1769,n6,grip
64282,1737,n6,grip
64284,1677,n6,grip
64286,1639,n6,grip
64288,1573,n6,grip
64290,1511,n6,grip
64292,1445,n6,grip
64294,1393,n6,grip
64296,1488,n6,grip
64298,1575,n6,grip
64300,1595,n6,grip
64302,1620,n6,grip
64304,1615,n6,grip
64306,1616,n6,grip
64308,1587,n6,grip
64310,1511,n6,grip
64312,1454,n6,grip
64314,1449,n6,grip
64316,1511,n6,grip
64318,1503,n6,grip
64320,1515,n6,grip
64322,1462,n6,grip
64324,1477,n6,grip
64326,1479,n6,grip
64328,1439,n6,grip
64330,1409,n6,grip
64332,1347,n6,grip
64334,1308,n6,grip
64336,1295,n6,grip
64338,1255,n6,grip
64340,1223,n6,grip
64342,1189,n6,grip
64344,1170,n6,grip
64346,1140,n6,grip
64348,1139,n6,grip
64350,1163,n6,grip
64352,1155,n6,grip
64354,1200,n6,grip
64356,1191,n6,grip
64358,1219,n6,grip
64360,1213,n6,grip
64362,1251,n6,grip
64364,1266,n6,grip
64366,1334,n6,grip
64368,1339,n6,grip
64370,1281,n6,grip
64372,1243,n6,grip
64374,1232,n6,grip
64376,1242,n6,grip
64378,1197,n6,grip
64380,1185,n6,grip
64382,1218,n6,grip
64384,1239,n6,grip
64386,1326,n6,grip
64388,1329,n6,grip
64390,1365,n6,grip
64392,1376,n6,grip
64394,1393,n6,grip
64396,1361,n6,grip
64398,1356,n6,grip
64400,1325,n6,grip
64402,1278,n6,grip
64404,1222,n6,grip
64406,1176,n6,grip
64408,1132,n6,grip
64410,1142,n6,grip
64412,1149,n6,grip
64414,1146,n6,grip
64416,1265,n6,grip
64418,1247,n6,grip
64420,1194,n6,grip
64422,1140,n6,grip
64424,1102,n6,grip
64426,1094,n6,grip
64428,1125,n6,grip
64430,1142,n6,grip
64432,1211,n6,grip
64434,1205,n6,grip
64436,1216,n6,grip
64438,1163,n6,grip
64440,1120,n6,grip
64442,1087,n6,grip
64444,1155,n6,grip
64446,1185,n6,grip
64448,1250,n6,grip
64450,1296,n6,grip
64452,1423,n6,grip
64454,1564,n6,grip
64456,1616,n6,grip
64458,1847,n6,grip
64460,1904,n6,grip
64462,1859,n6,grip
64464,1942,n6,grip
64466,1939,n6,grip
64468,1925,n6,grip
64470,1936,n6,grip
64472,1941,n6,grip
64474,1889,n6,grip
64476,1822,n6,grip
64478,1803,n6,grip
64480,1872,n6,grip
64482,1917,n6,grip
64484,1860,n6,grip
64486,1818,n6,grip
64488,1899,n6,grip
64490,1904,n6,grip
64492,1831,n6,grip
64494,1785,n6,grip
64496,1868,n6,grip
64498,1926,n6,grip
64500,1963,n6,grip
64502,1894,n6,grip
64504,1859,n6,grip
64506,1826,n6,grip
64508,1745,n6,grip
64510,1679,n6,grip
64512,1628,n6,grip
64514,1692,n6,grip
64516,1683,n6,grip
64518,1647,n6,grip
64520,1623,n6,grip
64522,1701,n6,grip
64524,1776,n6,grip
64526,1739,n6,grip
64528,1746,n6,grip
64530,1898,n6,grip
64532,2007,n6,grip
64534,2023,n6,grip
64536,2123,n6,grip
64538,2195,n6,grip
64540,2151,n6,grip
64542,2083,n6,grip
64544,2000,n6,grip
64546,1939,n6,grip
64548,1872,n6,grip
64550,1815,n6,grip
64552,1773,n6,grip
64554,1718,n6,grip
64556,1724,n6,grip
64558,1687,n6,grip
64560,1682,n6,grip
64562,1616,n6,grip
64564,1535,n6,grip
64566,1495,n6,grip
64568,1495,n6,grip
64570,1463,n6,grip
64572,1418,n6,grip
64574,1389,n6,grip
64576,1327,n6,grip
64578,1335,n6,grip
64580,1306,n6,grip
64582,1244,n6,grip
64584,1189,n6,grip
64586,1178,n6,grip
64588,1200,n6,grip
64590,1191,n6,grip
64592,1247,n6,grip
64594,1314,n6,grip
64596,1279,n6,grip
64598,1243,n6,grip
64600,1255,n6,grip
64602,1332,n6,grip
64604,1371,n6,grip
64606,1315,n6,grip
64608,1285,n6,grip
64610,1294,n6,grip
64612,1268,n6,grip
64614,1310,n6,grip
64616,1353,n6,grip
64618,1344,n6,grip
64620,1390,n6,grip
64622,1520,n6,grip
64624,1594,n6,grip
64626,1600,n6,grip
64628,1799,n6,grip
64630,1851,n6,grip
64632,1933,n6,grip
64634,1955,n6,grip
64636,1950,n6,grip
64638,2010,n6,grip
64640,2004,n6,grip
64642,1939,n6,grip
64644,1966,n6,grip
64646,2046,n6,grip
64648,2096,n6,grip
64650,2080,n6,grip
64652,2075,n6,grip
64654,2192,n6,grip
64656,2101,n6,grip
64658,2146,n6,grip
64660,2218,n6,grip
64662,2158,n6,grip
64664,2112,n6,grip
64666,2140,n6,grip
64668,2066,n6,grip
64670,1979,n6,grip
64672,1983,n6,grip
64674,2035,n6,grip
64676,2064,n6,grip
64678,2170,n6,grip
64680,2076,n6,grip
64682,2029,n6,grip
64684,2031,n6,grip
64686,2095,n6,grip
64688,2096,n6,grip
64690,2032,n6,grip
64692,1981,n6,grip
64694,1936,n6,grip
64696,1895,n6,grip
64698,1939,n6,grip
64700,1946,n6,grip
64702,2074,n6,grip
64704,1998,n6,grip
64706,1918,n6,grip
64708,1873,n6,grip
64710,1812,n6,grip
64712,1808,n6,grip
64714,2089,n6,grip
64716,2385,n6,grip
64718,2439,n6,grip
64720,2852,n6,grip
64722,3013,n6,grip
64724,3011,n6,grip
64726,2957,n6,grip
64728,2832,n6,grip
64730,2795,n6,grip
64732,2805,n6,grip
64734,2818,n6,grip
64736,2727,n6,grip
64738,2813,n6,grip
64740,2869,n6,grip
64742,2907,n6,grip
64744,3243,n6,grip
64746,3149,n6,grip
64748,2992,n6,grip
64750,2886,n6,grip
64752,2814,n6,grip
64754,2717,n6,grip
64756,2701,n6,grip
64758,2634,n6,grip
64760,2719,n6,grip
64762,2635,n6,grip
64764,2512,n6,grip
64766,2415,n6,grip
64768,2311,n6,grip
64770,2211,n6,grip
64772,2126,n6,grip
64774,2043,n6,grip
64776,2039,n6,grip
64778,1997,n6,grip
64780,1947,n6,grip
64782,1936,n6,grip
64784,2166,n6,grip
64786,2256,n6,grip
64788,2466,n6,grip
64790,2586,n6,grip
64792,2544,n6,grip
64794,2483,n6,grip
64796,2394,n6,grip
64798,2305,n6,grip
64800,2307,n6,grip
64802,2272,n6,grip
64804,2198,n6,grip
64806,2125,n6,grip
64808,2062,n6,grip
64810,2010,n6,grip
64812,1963,n6,grip
64814,2005,n6,grip
64816,1985,n6,grip
64818,1951,n6,grip
64820,1884,n6,grip
64822,1825,n6,grip
64824,1755,n6,grip
64826,1693,n6,grip
64828,1677,n6,grip
64830,1671,n6,grip
64832,1651,n6,grip
64834,1731,n6,grip
64836,1704,n6,grip
64838,1751,n6,grip
64840,1845,n6,grip
64842,1906,n6,grip
64844,1855,n6,grip
64846,1918,n6,grip
64848,2021,n6,grip
64850,1951,n6,grip
64852,1969,n6,grip
64854,2023,n6,grip
64856,1974,n6,grip
64858,1937,n6,grip
64860,1959,n6,grip
64862,1919,n6,grip
64864,1855,n6,grip
64866,1821,n6,grip
64868,1805,n6,grip
64870,1760,n6,grip
64872,1735,n6,grip
64874,1664,n6,grip
64876,1603,n6,grip
64878,1555,n6,grip
64880,1587,n6,grip
64882,1629,n6,grip
64884,1610,n6,grip
64886,1535,n6,grip
64888,1514,n6,grip
64890,1470,n6,grip
64892,1472,n6,grip
64894,1451,n6,grip
64896,1454,n6,grip
64898,1482,n6,grip
64900,1457,n6,grip
64902,1468,n6,grip
64904,1509,n6,grip
64906,1535,n6,grip
64908,1609,n6,grip
64910,1602,n6,grip
64912,1554,n6,grip
64914,1499,n6,grip
64916,1502,n6,grip
64918,1489,n6,grip
64920,1456,n6,grip
64922,1476,n6,grip
64924,1457,n6,grip
64926,1412,n6,grip
64928,1422,n6,grip
64930,1492,n6,grip
64932,1535,n6,grip
64934,1578,n6,grip
64936,1535,n6,grip
64938,1583,n6,grip
64940,1513,n6,grip
64942,1478,n6,grip
64944,1426,n6,grip
64946,1461,n6,grip
64948,1589,n6,grip
64950,1598,n6,grip
64952,1599,n6,grip
64954,1633,n6,grip
64956,1597,n6,grip
64958,1531,n6,grip
64960,1511,n6,grip
64962,1485,n6,grip
64964,1456,n6,grip
64966,1463,n6,grip
64968,1478,n6,grip
64970,1462,n6,grip
64972,1471,n6,grip
64974,1466,n6,grip
64976,1422,n6,grip
64978,1403,n6,grip
64980,1346,n6,grip
64982,1286,n6,grip
64984,1280,n6,grip
64986,1261,n6,grip
64988,1203,n6,grip
64990,1200,n6,grip
64992,1199,n6,grip
64994,1220,n6,grip
64996,1185,n6,grip
64998,1191,n6,grip
65000,1169,n6,grip
65002,1215,n6,grip
65004,1257,n6,grip
65006,1281,n6,grip
65008,1264,n6,grip
65010,1270,n6,grip
65012,1287,n6,grip
65014,1404,n6,grip
65016,1443,n6,grip
65018,1502,n6,grip
65020,1507,n6,grip
65022,1520,n6,grip
65024,1520,n6,grip
65026,1478,n6,grip
65028,1424,n6,grip
65030,1449,n6,grip
65032,1571,n6,grip
65034,1653,n6,grip
65036,1656,n6,grip
65038,1746,n6,grip
65040,1744,n6,grip
65042,1695,n6,grip
65044,1706,n6,grip
65046,1687,n6,grip
65048,1625,n6,grip
65050,1622,n6,grip
65052,1734,n6,grip
65054,1715,n6,grip
65056,1690,n6,grip
65058,1767,n6,grip
65060,2023,n6,grip
65062,2001,n6,grip
65064,1936,n6,grip
65066,1872,n6,grip
65068,1808,n6,grip
65070,1730,n6,grip
65072,1663,n6,grip
65074,1600,n6,grip
65076,1616,n6,grip
65078,1611,n6,grip
65080,1581,n6,grip
65082,1535,n6,grip
65084,1557,n6,grip
65086,1599,n6,grip
65088,1556,n6,grip
65090,1502,n6,grip
65092,1483,n6,grip
65094,1440,n6,grip
65096,1509,n6,grip
65098,1478,n6,grip
65100,1489,n6,grip
65102,1621,n6,grip
65104,1647,n6,grip
65106,1775,n6,grip
65108,1779,n6,grip
65110,1722,n6,grip
65112,1753,n6,grip
65114,1808,n6,grip
65116,1791,n6,grip
65118,1786,n6,grip
65120,1857,n6,grip
65122,1973,n6,grip
65124,1939,n6,grip
65126,1855,n6,grip
65128,1840,n6,grip
65130,1783,n6,grip
65132,1739,n6,grip
65134,1775,n6,grip
65136,1734,n6,grip
65138,1733,n6,grip
65140,1715,n6,grip
65142,1723,n6,grip
65144,1669,n6,grip
65146,1649,n6,grip
65148,1606,n6,grip
65150,1535,n6,grip
65152,1555,n6,grip
65154,1568,n6,grip
65156,1520,n6,grip
65158,1456,n6,grip
65160,1454,n6,grip
65162,1510,n6,grip
65164,1532,n6,grip
65166,1470,n6,grip
65168,1426,n6,grip
65170,1383,n6,grip
65172,1385,n6,grip
65174,1328,n6,grip
65176,1272,n6,grip
65178,1222,n6,grip
65180,1217,n6,grip
65182,1246,n6,grip
65184,1328,n6,grip
65186,1344,n6,grip
65188,1391,n6,grip
65190,1471,n6,grip
65192,1476,n6,grip
65194,1441,n6,grip
65196,1392,n6,grip
65198,1394,n6,grip
65200,1425,n6,grip
65202,1403,n6,grip
65204,1360,n6,grip
65206,1334,n6,grip
65208,1329,n6,grip
65210,1358,n6,grip
65212,1415,n6,grip
65214,1387,n6,grip
65216,1393,n6,grip
65218,1341,n6,grip
65220,1307,n6,grip
65222,1359,n6,grip
65224,1360,n6,grip
65226,1307,n6,grip
65228,1335,n6,grip
65230,1339,n6,grip
65232,1306,n6,grip
65234,1295,n6,grip
65236,1250,n6,grip
65238,1286,n6,grip
65240,1264,n6,grip
65242,1230,n6,grip
65244,1248,n6,grip
65246,1411,n6,grip
65248,1555,n6,grip
65250,1535,n6,grip
65252,1595,n6,grip
65254,1629,n6,grip
65256,1613,n6,grip
65258,1596,n6,grip
65260,1565,n6,grip
65262,1507,n6,grip
65264,1463,n6,grip
65266,1519,n6,grip
65268,1616,n6,grip
65270,1621,n6,grip
65272,1673,n6,grip
65274,1693,n6,grip
65276,1684,n6,grip
65278,1648,n6,grip
65280,1627,n6,grip
65282,1591,n6,grip
65284,1636,n6,grip
65286,1575,n6,grip
65288,1598,n6,grip
65290,1604,n6,grip
65292,1663,n6,grip
65294,1722,n6,grip
65296,1667,n6,grip
65298,1629,n6,grip
65300,1577,n6,grip
65302,1527,n6,grip
65304,1483,n6,grip
65306,1425,n6,grip
65308,1427,n6,grip
65310,1398,n6,grip
65312,1342,n6,grip
65314,1323,n6,grip
65316,1293,n6,grip
65318,1235,n6,grip
65320,1201,n6,grip
65322,1211,n6,grip
65324,1200,n6,grip
65326,1168,n6,grip
65328,1126,n6,grip
65330,1104,n6,grip
65332,1136,n6,grip
65334,1226,n6,grip
65336,1303,n6,grip
65338,1360,n6,grip
65340,1535,n6,grip
65342,1561,n6,grip
65344,1555,n6,grip
65346,1535,n6,grip
65348,1495,n6,grip
65350,1487,n6,grip
65352,1442,n6,grip
65354,1384,n6,grip
65356,1340,n6,grip
65358,1282,n6,grip
65360,1236,n6,grip
65362,1234,n6,grip
65364,1319,n6,grip
65366,1357,n6,grip
65368,1325,n6,grip
65370,1365,n6,grip
65372,1398,n6,grip
65374,1383,n6,grip
65376,1347,n6,grip
65378,1354,n6,grip
65380,1471,n6,grip
65382,1445,n6,grip
65384,1454,n6,grip
65386,1418,n6,grip
65388,1427,n6,grip
65390,1406,n6,grip
65392,1351,n6,grip
65394,1299,n6,grip
65396,1258,n6,grip
65398,1232,n6,grip
65400,1232,n6,grip
65402,1248,n6,grip
65404,1202,n6,grip
65406,1168,n6,grip
65408,1151,n6,grip
65410,1119,n6,grip
65412,1103,n6,grip
65414,1095,n6,grip
65416,1209,n6,grip
65418,1216,n6,grip
65420,1225,n6,grip
65422,1214,n6,grip
65424,1292,n6,grip
65426,1266,n6,grip
65428,1234,n6,grip
65430,1195,n6,grip
65432,1233,n6,grip
65434,1382,n6,grip
65436,1377,n6,grip
65438,1456,n6,grip
65440,1473,n6,grip
65442,1412,n6,grip
65444,1360,n6,grip
65446,1315,n6,grip
65448,1271,n6,grip
65450,1231,n6,grip
65452,1259,n6,grip
65454,1325,n6,grip
65456,1296,n6,grip
65458,1257,n6,grip
65460,1329,n6,grip
65462,1351,n6,grip
65464,1308,n6,grip
65466,1312,n6,grip
65468,1291,n6,grip
65470,1235,n6,grip
65472,1190,n6,grip
65474,1154,n6,grip
65476,1135,n6,grip
65478,1100,n6,grip
65480,1053,n6,grip
65482,1011,n6,grip
65484,981,n6,grip
65486,966,n6,grip
65488,967,n6,grip
65490,930,n6,grip
65492,895,n6,grip
65494,859,n6,grip
65496,966,n6,grip
65498,1021,n6,grip
65500,1111,n6,grip
65502,1156,n6,grip
65504,1191,n6,grip
65506,1187,n6,grip
65508,1169,n6,grip
65510,1127,n6,grip
65512,1242,n6,grip
65514,1328,n6,grip
65516,1328,n6,grip
65518,1296,n6,grip
65520,1317,n6,grip
65522,1411,n6,grip
65524,1395,n6,grip
65526,1439,n6,grip
65528,1418,n6,grip
65530,1460,n6,grip
65532,1475,n6,grip
65534,1482,n6,grip
65536,1456,n6,grip
65538,1405,n6,grip
65540,1409,n6,grip
65542,1370,n6,grip
65544,1355,n6,grip
65546,1314,n6,grip
65548,1373,n6,grip
65550,1387,n6,grip
65552,1344,n6,grip
65554,1327,n6,grip
65556,1392,n6,grip
65558,1377,n6,grip
65560,1437,n6,grip
65562,1399,n6,grip
65564,1346,n6,grip
65566,1311,n6,grip
65568,1361,n6,grip
65570,1331,n6,grip
65572,1325,n6,grip
65574,1402,n6,grip
65576,1535,n6,grip
65578,1765,n6,grip
65580,1734,n6,grip
65582,1722,n6,grip
65584,1733,n6,grip
65586,1808,n6,grip
65588,1817,n6,grip
65590,1774,n6,grip
65592,1770,n6,grip
65594,1763,n6,grip
65596,1861,n6,grip
65598,1825,n6,grip
65600,1797,n6,grip
65602,1942,n6,grip
65604,2015,n6,grip
65606,2011,n6,grip
65608,2107,n6,grip
65610,2224,n6,grip
65612,2466,n6,grip
65614,2530,n6,grip
65616,2460,n6,grip
65618,2411,n6,grip
65620,2330,n6,grip
65622,2266,n6,grip
65624,2198,n6,grip
65626,2223,n6,grip
65628,2192,n6,grip
65630,2106,n6,grip
65632,2019,n6,grip
65634,2117,n6,grip
65636,2193,n6,grip
65638,2229,n6,grip
65640,2487,n6,grip
65642,2482,n6,grip
65644,2401,n6,grip
65646,2355,n6,grip
65648,2281,n6,grip
65650,2182,n6,grip
65652,2185,n6,grip
65654,2129,n6,grip
65656,2089,n6,grip
65658,2037,n6,grip
65660,1967,n6,grip
65662,1916,n6,grip
65664,1883,n6,grip
65666,1813,n6,grip
65668,1814,n6,grip
65670,1817,n6,grip
65672,1754,n6,grip
65674,1717,n6,grip
65676,1727,n6,grip
65678,1837,n6,grip
65680,1803,n6,grip
65682,1724,n6,grip
65684,1680,n6,grip
65686,1679,n6,grip
65688,1680,n6,grip
65690,1645,n6,grip
65692,1627,n6,grip
65694,1584,n6,grip
65696,1586,n6,grip
65698,1584,n6,grip
65700,1571,n6,grip
65702,1535,n6,grip
65704,1598,n6,grip
65706,1562,n6,grip
65708,1495,n6,grip
65710,1440,n6,grip
65712,1414,n6,grip
65714,1473,n6,grip
65716,1519,n6,grip
65718,1488,n6,grip
65720,1534,n6,grip
65722,1579,n6,grip
65724,1810,n6,grip
65726,1882,n6,grip
65728,1839,n6,grip
65730,1765,n6,grip
65732,1685,n6,grip
65734,1678,n6,grip
65736,1733,n6,grip
65738,1825,n6,grip
65740,1825,n6,grip
65742,1950,n6,grip
65744,2070,n6,grip
65746,1999,n6,grip
65748,1918,n6,grip
65750,1855,n6,grip
65752,1875,n6,grip
65754,1936,n6,grip
65756,1993,n6,grip
65758,2112,n6,grip
65760,2055,n6,grip
65762,2015,n6,grip
65764,1982,n6,grip
65766,1947,n6,grip
65768,1871,n6,grip
65770,1820,n6,grip
65772,1787,n6,grip
65774,1732,n6,grip
65776,1693,n6,grip
65778,1626,n6,grip
65780,1561,n6,grip
65782,1525,n6,grip
65784,1515,n6,grip
65786,1489,n6,grip
65788,1477,n6,grip
65790,1419,n6,grip
65792,1360,n6,grip
65794,1336,n6,grip
65796,1288,n6,grip
65798,1328,n6,grip
65800,1428,n6,grip
65802,1409,n6,grip
65804,1484,n6,grip
65806,1584,n6,grip
65808,1622,n6,grip
65810,1579,n6,grip
65812,1571,n6,grip
65814,1499,n6,grip
65816,1467,n6,grip
65818,1411,n6,grip
65820,1373,n6,grip
65822,1408,n6,grip
65824,1443,n6,grip
65826,1527,n6,grip
65828,1535,n6,grip
65830,1590,n6,grip
65832,1605,n6,grip
65834,1589,n6,grip
65836,1535,n6,grip
65838,1487,n6,grip
65840,1424,n6,grip
65842,1422,n6,grip
65844,1397,n6,grip
65846,1361,n6,grip
65848,1360,n6,grip
65850,1310,n6,grip
65852,1391,n6,grip
65854,1463,n6,grip
65856,1507,n6,grip
65858,1584,n6,grip
65860,1663,n6,grip
65862,1631,n6,grip
65864,1623,n6,grip
65866,1623,n6,grip
65868,1600,n6,grip
65870,1583,n6,grip
65872,1600,n6,grip
65874,1578,n6,grip
65876,1513,n6,grip
65878,1491,n6,grip
65880,1494,n6,grip
65882,1505,n6,grip
65884,1520,n6,grip
65886,1535,n6,grip
65888,1485,n6,grip
65890,1474,n6,grip
65892,1490,n6,grip
65894,1456,n6,grip
65896,1408,n6,grip
65898,1378,n6,grip
65900,1336,n6,grip
65902,1289,n6,grip
65904,1292,n6,grip
65906,1392,n6,grip
65908,1391,n6,grip
65910,1357,n6,grip
65912,1386,n6,grip
65914,1378,n6,grip
65916,1346,n6,grip
65918,1334,n6,grip
65920,1287,n6,grip
65922,1269,n6,grip
65924,1260,n6,grip
65926,1301,n6,grip
65928,1366,n6,grip
65930,1395,n6,grip
65932,1391,n6,grip
65934,1462,n6,grip
65936,1513,n6,grip
65938,1520,n6,grip
65940,1494,n6,grip
65942,1452,n6,grip
65944,1425,n6,grip
65946,1408,n6,grip
65948,1355,n6,grip
65950,1303,n6,grip
65952,1248,n6,grip
65954,1200,n6,grip
65956,1183,n6,grip
65958,1177,n6,grip
65960,1153,n6,grip
65962,1172,n6,grip
65964,1296,n6,grip
65966,1338,n6,grip
65968,1301,n6,grip
65970,1298,n6,grip
65972,1344,n6,grip
65974,1374,n6,grip
65976,1346,n6,grip
65978,1425,n6,grip
65980,1514,n6,grip
65982,1477,n6,grip
65984,1523,n6,grip
65986,1535,n6,grip
65988,1489,n6,grip
65990,1434,n6,grip
65992,1406,n6,grip
65994,1391,n6,grip
65996,1411,n6,grip
65998,1425,n6,grip
66000,1411,n6,grip
66002,1388,n6,grip
66004,1455,n6,grip
66006,1456,n6,grip
66008,1454,n6,grip
66010,1535,n6,grip
66012,1664,n6,grip
66014,1723,n6,grip
66016,1823,n6,grip
66018,1755,n6,grip
66020,1712,n6,grip
66022,1675,n6,grip
66024,1617,n6,grip
66026,1535,n6,grip
66028,1510,n6,grip
66030,1589,n6,grip
66032,1561,n6,grip
66034,1506,n6,grip
66036,1463,n6,grip
66038,1407,n6,grip
66040,1343,n6,grip
66042,1296,n6,grip
66044,1263,n6,grip
66046,1225,n6,grip
66048,1171,n6,grip
66050,1118,n6,grip
66052,1088,n6,grip
66054,1088,n6,grip
66056,1121,n6,grip
66058,1105,n6,grip
66060,1182,n6,grip
66062,1178,n6,grip
66064,1211,n6,grip
66066,1227,n6,grip
66068,1282,n6,grip
66070,1340,n6,grip
66072,1343,n6,grip
66074,1360,n6,grip
66076,1334,n6,grip
66078,1308,n6,grip
66080,1281,n6,grip
66082,1244,n6,grip
66084,1268,n6,grip
66086,1256,n6,grip
66088,1261,n6,grip
66090,1243,n6,grip
66092,1270,n6,grip
66094,1264,n6,grip
66096,1264,n6,grip
66098,1266,n6,grip
66100,1332,n6,grip
66102,1370,n6,grip
66104,1357,n6,grip
66106,1367,n6,grip
66108,1388,n6,grip
66110,1452,n6,grip
66112,1472,n6,grip
66114,1535,n6,grip
66116,1519,n6,grip
66118,1467,n6,grip
66120,1469,n6,grip
66122,1511,n6,grip
66124,1473,n6,grip
66126,1413,n6,grip
66128,1406,n6,grip
66130,1500,n6,grip
66132,1623,n6,grip
66134,1648,n6,grip
66136,1825,n6,grip
66138,1887,n6,grip
66140,1887,n6,grip
66142,1874,n6,grip
66144,1853,n6,grip
66146,1884,n6,grip
66148,1862,n6,grip
66150,1810,n6,grip
66152,1754,n6,grip
66154,1788,n6,grip
66156,1923,n6,grip
66158,1897,n6,grip
66160,1893,n6,grip
66162,1872,n6,grip
66164,2033,n6,grip
66166,2153,n6,grip
66168,2161,n6,grip
66170,2078,n6,grip
66172,1984,n6,grip
66174,1923,n6,grip
66176,1911,n6,grip
66178,1841,n6,grip
66180,1789,n6,grip
66182,1757,n6,grip
66184,1744,n6,grip
66186,1728,n6,grip
66188,1662,n6,grip
66190,1632,n6,grip
66192,1614,n6,grip
66194,1591,n6,grip
66196,1649,n6,grip
66198,1618,n6,grip
66200,1621,n6,grip
66202,1582,n6,grip
66204,1535,n6,grip
66206,1502,n6,grip
66208,1451,n6,grip
66210,1399,n6,grip
66212,1458,n6,grip
66214,1559,n6,grip
66216,1570,n6,grip
66218,1575,n6,grip
66220,1684,n6,grip
66222,1763,n6,grip
66224,1715,n6,grip
80246,1335,n6,grip
80248,1274,n6,grip
80250,1263,n6,grip
80252,1269,n6,grip
80254,1215,n6,grip
80256,1201,n6,grip
80258,1237,n6,grip
80260,1200,n6,grip
80262,1179,n6,grip
80264,1174,n6,grip
80266,1121,n6,grip
80268,1083,n6,grip
80270,1033,n6,grip
80272,999,n6,grip
80274,963,n6,grip
80276,997,n6,grip
80278,1001,n6,grip
80280,1018,n6,grip
80282,979,n6,grip
80284,1010,n6,grip
80286,1053,n6,grip
80288,1141,n6,grip
80290,1130,n6,grip
80292,1134,n6,grip
80294,1129,n6,grip
80296,1162,n6,grip
80298,1245,n6,grip
80300,1282,n6,grip
80302,1396,n6,grip
80304,1355,n6,grip
80306,1328,n6,grip
80308,1335,n6,grip
80310,1306,n6,grip
80312,1279,n6,grip
80314,1276,n6,grip
80316,1221,n6,grip
80318,1168,n6,grip
80320,1141,n6,grip
80322,1138,n6,grip
80324,1121,n6,grip
80326,1174,n6,grip
80328,1264,n6,grip
80330,1279,n6,grip
80332,1344,n6,grip
80334,1321,n6,grip
80336,1287,n6,grip
80338,1238,n6,grip
80340,1255,n6,grip
80342,1303,n6,grip
80344,1338,n6,grip
80346,1301,n6,grip
80348,1299,n6,grip
80350,1275,n6,grip
80352,1282,n6,grip
80354,1308,n6,grip
80356,1271,n6,grip
80358,1226,n6,grip
80360,1245,n6,grip
80362,1269,n6,grip
80364,1260,n6,grip
80366,1254,n6,grip
80368,1243,n6,grip
80370,1264,n6,grip
80372,1323,n6,grip
80374,1294,n6,grip
80376,1251,n6,grip
80378,1245,n6,grip
80380,1288,n6,grip
80382,1286,n6,grip
80384,1251,n6,grip
80386,1279,n6,grip
80388,1360,n6,grip
80390,1382,n6,grip
80392,1328,n6,grip
80394,1291,n6,grip
80396,1326,n6,grip
80398,1296,n6,grip
80400,1286,n6,grip
80402,1276,n6,grip
80404,1237,n6,grip
80406,1199,n6,grip
80408,1189,n6,grip
80410,1159,n6,grip
80412,1121,n6,grip
80414,1168,n6,grip
80416,1184,n6,grip
80418,1217,n6,grip
80420,1193,n6,grip
80422,1154,n6,grip
80424,1136,n6,grip
80426,1236,n6,grip
80428,1238,n6,grip
80430,1243,n6,grip
80432,1315,n6,grip
80434,1271,n6,grip
80436,1285,n6,grip
80438,1271,n6,grip
80440,1251,n6,grip
80442,1320,n6,grip
80444,1424,n6,grip
80446,1454,n6,grip
80448,1567,n6,grip
80450,1638,n6,grip
80452,1650,n6,grip
80454,1630,n6,grip
80456,1569,n6,grip
80458,1535,n6,grip
80460,1468,n6,grip
80462,1402,n6,grip
80464,1417,n6,grip
80466,1386,n6,grip
80468,1361,n6,grip
80470,1342,n6,grip
80472,1300,n6,grip
80474,1354,n6,grip
80476,1456,n6,grip
80478,1398,n6,grip
80480,1383,n6,grip
80482,1454,n6,grip
80484,1421,n6,grip
80486,1386,n6,grip
80488,1455,n6,grip
80490,1424,n6,grip
80492,1410,n6,grip
80494,1387,n6,grip
80496,1341,n6,grip
80498,1298,n6,grip
80500,1245,n6,grip
80502,1200,n6,grip
80504,1166,n6,grip
80506,1122,n6,grip
80508,1141,n6,grip
80510,1107,n6,grip
80512,1068,n6,grip
80514,1021,n6,grip
80516,987,n6,grip
80518,960,n6,grip
80520,998,n6,grip
80522,1021,n6,grip
80524,1021,n6,grip
80526,983,n6,grip
80528,982,n6,grip
80530,950,n6,grip
80532,921,n6,grip
80534,926,n6,grip
80536,938,n6,grip
80538,1002,n6,grip
80540,973,n6,grip
80542,976,n6,grip
80544,970,n6,grip
80546,1010,n6,grip
80548,992,n6,grip
80550,1041,n6,grip
80552,1122,n6,grip
80554,1123,n6,grip
80556,1237,n6,grip
80558,1363,n6,grip
80560,1361,n6,grip
80562,1358,n6,grip
80564,1340,n6,grip
80566,1301,n6,grip
80568,1311,n6,grip
80570,1303,n6,grip
80572,1281,n6,grip
80574,1318,n6,grip
80576,1391,n6,grip
80578,1350,n6,grip
80580,1331,n6,grip
80582,1411,n6,grip
80584,1392,n6,grip
80586,1344,n6,grip
80588,1289,n6,grip
80590,1255,n6,grip
80592,1210,n6,grip
80594,1201,n6,grip
80596,1232,n6,grip
80598,1299,n6,grip
80600,1286,n6,grip
80602,1247,n6,grip
80604,1200,n6,grip
80606,1183,n6,grip
80608,1246,n6,grip
80610,1223,n6,grip
80612,1177,n6,grip
80614,1147,n6,grip
80616,1128,n6,grip
80618,1142,n6,grip
80620,1179,n6,grip
80622,1184,n6,grip
80624,1221,n6,grip
80626,1174,n6,grip
80628,1138,n6,grip
80630,1136,n6,grip
80632,1101,n6,grip
80634,1059,n6,grip
80636,1051,n6,grip
80638,1125,n6,grip
80640,1117,n6,grip
80642,1148,n6,grip
80644,1191,n6,grip
80646,1173,n6,grip
80648,1145,n6,grip
80650,1168,n6,grip
80652,1162,n6,grip
80654,1125,n6,grip
80656,1081,n6,grip
80658,1063,n6,grip
80660,1084,n6,grip
80662,1065,n6,grip
80664,1065,n6,grip
80666,1020,n6,grip
80668,1009,n6,grip
80670,977,n6,grip
80672,963,n6,grip
80674,1008,n6,grip
80676,1052,n6,grip
80678,1035,n6,grip
80680,1018,n6,grip
80682,1058,n6,grip
80684,1015,n6,grip
80686,976,n6,grip
80688,963,n6,grip
80690,974,n6,grip
80692,943,n6,grip
80694,944,n6,grip
80696,927,n6,grip
80698,894,n6,grip
80700,866,n6,grip
80702,847,n6,grip
80704,871,n6,grip
80706,868,n6,grip
80708,875,n6,grip
80710,866,n6,grip
80712,864,n6,grip
80714,874,n6,grip
80716,915,n6,grip
80718,970,n6,grip
80720,963,n6,grip
80722,1008,n6,grip
80724,1041,n6,grip
80726,1014,n6,grip
80728,1037,n6,grip
80730,1072,n6,grip
80732,1151,n6,grip
80734,1232,n6,grip
80736,1186,n6,grip
80738,1245,n6,grip
80740,1271,n6,grip
80742,1270,n6,grip
80744,1349,n6,grip
80746,1353,n6,grip
80748,1318,n6,grip
80750,1290,n6,grip
80752,1265,n6,grip
80754,1235,n6,grip
80756,1207,n6,grip
80758,1199,n6,grip
80760,1152,n6,grip
80762,1138,n6,grip
80764,1243,n6,grip
80766,1328,n6,grip
80768,1329,n6,grip
80770,1455,n6,grip
80772,1488,n6,grip
80774,1451,n6,grip
80776,1393,n6,grip
80778,1356,n6,grip
80780,1329,n6,grip
80782,1313,n6,grip
80784,1305,n6,grip
80786,1252,n6,grip
80788,1226,n6,grip
80790,1184,n6,grip
80792,1167,n6,grip
80794,1157,n6,grip
80796,1202,n6,grip
80798,1211,n6,grip
80800,1169,n6,grip
80802,1130,n6,grip
80804,1088,n6,grip
80806,1072,n6,grip
80808,1061,n6,grip
80810,1040,n6,grip
80812,1057,n6,grip
80814,1040,n6,grip
80816,1068,n6,grip
80818,1047,n6,grip
80820,995,n6,grip
80822,967,n6,grip
80824,1038,n6,grip
80826,1106,n6,grip
80828,1087,n6,grip
80830,1119,n6,grip
80832,1148,n6,grip
80834,1114,n6,grip
80836,1113,n6,grip
80838,1101,n6,grip
80840,1104,n6,grip
80842,1104,n6,grip
80844,1058,n6,grip
80846,1023,n6,grip
80848,990,n6,grip
80850,949,n6,grip
80852,957,n6,grip
80854,923,n6,grip
80856,885,n6,grip
80858,866,n6,grip
80860,880,n6,grip
80862,883,n6,grip
80864,867,n6,grip
80866,851,n6,grip
80868,882,n6,grip
80870,873,n6,grip
80872,885,n6,grip
80874,875,n6,grip
80876,841,n6,grip
80878,851,n6,grip
80880,875,n6,grip
80882,941,n6,grip
80884,937,n6,grip
80886,933,n6,grip
80888,930,n6,grip
80890,939,n6,grip
80892,942,n6,grip
80894,902,n6,grip
80896,906,n6,grip
80898,973,n6,grip
80900,955,n6,grip
80902,910,n6,grip
80904,914,n6,grip
80906,947,n6,grip
80908,961,n6,grip
80910,929,n6,grip
80912,944,n6,grip
80914,970,n6,grip
80916,940,n6,grip
80918,974,n6,grip
80920,963,n6,grip
80922,960,n6,grip
80924,961,n6,grip
80926,1023,n6,grip
80928,1013,n6,grip
80930,1078,n6,grip
80932,1098,n6,grip
80934,1200,n6,grip
80936,1157,n6,grip
80938,1110,n6,grip
80940,1072,n6,grip
80942,1038,n6,grip
80944,1035,n6,grip
80946,986,n6,grip
80948,959,n6,grip
80950,912,n6,grip
80952,879,n6,grip
80954,896,n6,grip
80956,886,n6,grip
80958,901,n6,grip
80960,874,n6,grip
80962,844,n6,grip
80964,843,n6,grip
80966,805,n6,grip
80968,801,n6,grip
80970,786,n6,grip
80972,837,n6,grip
80974,829,n6,grip
80976,815,n6,grip
80978,826,n6,grip
80980,838,n6,grip
80982,860,n6,grip
80984,880,n6,grip
80986,848,n6,grip
80988,817,n6,grip
80990,848,n6,grip
80992,848,n6,grip
80994,880,n6,grip
80996,861,n6,grip
80998,870,n6,grip
81000,863,n6,grip
81002,931,n6,grip
81004,973,n6,grip
81006,993,n6,grip
81008,970,n6,grip
81010,961,n6,grip
81012,931,n6,grip
81014,933,n6,grip
81016,912,n6,grip
81018,896,n6,grip
81020,942,n6,grip
81022,930,n6,grip
81024,911,n6,grip
81026,896,n6,grip
81028,873,n6,grip
81030,906,n6,grip
81032,949,n6,grip
81034,938,n6,grip
81036,958,n6,grip
81038,943,n6,grip
81040,903,n6,grip
81042,915,n6,grip
81044,881,n6,grip
81046,885,n6,grip
81048,868,n6,grip
81050,855,n6,grip
81052,880,n6,grip
81054,858,n6,grip
81056,839,n6,grip
81058,848,n6,grip
81060,828,n6,grip
81062,810,n6,grip
81064,801,n6,grip
81066,781,n6,grip
81068,784,n6,grip
81070,862,n6,grip
81072,897,n6,grip
81074,939,n6,grip
81076,1107,n6,grip
81078,1103,n6,grip
81080,1116,n6,grip
81082,1165,n6,grip
81084,1171,n6,grip
81086,1173,n6,grip
81088,1203,n6,grip
81090,1226,n6,grip
81092,1233,n6,grip
81094,1207,n6,grip
81096,1155,n6,grip
81098,1137,n6,grip
81100,1111,n6,grip
81102,1088,n6,grip
81104,1095,n6,grip
81106,1057,n6,grip
81108,1071,n6,grip
81110,1087,n6,grip
81112,1086,n6,grip
81114,1093,n6,grip
81116,1072,n6,grip
81118,1040,n6,grip
81120,1012,n6,grip
81122,986,n6,grip
81124,973,n6,grip
81126,954,n6,grip
81128,921,n6,grip
81130,884,n6,grip
81132,884,n6,grip
81134,867,n6,grip
81136,836,n6,grip
81138,816,n6,grip
81140,928,n6,grip
81142,1004,n6,grip
81144,1018,n6,grip
81146,1034,n6,grip
81148,1040,n6,grip
81150,1015,n6,grip
81152,1040,n6,grip
81154,1099,n6,grip
81156,1119,n6,grip
81158,1073,n6,grip
81160,1093,n6,grip
81162,1117,n6,grip
81164,1126,n6,grip
81166,1223,n6,grip
81168,1200,n6,grip
81170,1140,n6,grip
81172,1099,n6,grip
81174,1061,n6,grip
81176,1092,n6,grip
81178,1063,n6,grip
81180,1021,n6,grip
81182,1062,n6,grip
81184,1043,n6,grip
81186,1076,n6,grip
81188,1083,n6,grip
81190,1061,n6,grip
81192,1042,n6,grip
81194,1006,n6,grip
81196,985,n6,grip
81198,993,n6,grip
81200,976,n6,grip
81202,950,n6,grip
81204,970,n6,grip
81206,964,n6,grip
81208,965,n6,grip
81210,1043,n6,grip
81212,1126,n6,grip
81214,1087,n6,grip
81216,1039,n6,grip
81218,993,n6,grip
81220,950,n6,grip
81222,937,n6,grip
81224,978,n6,grip
81226,1023,n6,grip
81228,1018,n6,grip
81230,987,n6,grip
81232,1042,n6,grip
81234,1091,n6,grip
81236,1103,n6,grip
81238,1079,n6,grip
81240,1062,n6,grip
81242,1061,n6,grip
81244,1081,n6,grip
81246,1167,n6,grip
81248,1178,n6,grip
81250,1251,n6,grip
81252,1237,n6,grip
81254,1227,n6,grip
81256,1193,n6,grip
81258,1141,n6,grip
81260,1142,n6,grip
81262,1143,n6,grip
81264,1179,n6,grip
81266,1175,n6,grip
81268,1181,n6,grip
81270,1196,n6,grip
81272,1217,n6,grip
81274,1257,n6,grip
81276,1253,n6,grip
81278,1262,n6,grip
81280,1216,n6,grip
81282,1193,n6,grip
81284,1215,n6,grip
81286,1223,n6,grip
81288,1197,n6,grip
81290,1231,n6,grip
81292,1238,n6,grip
81294,1232,n6,grip
81296,1210,n6,grip
81298,1215,n6,grip
81300,1262,n6,grip
81302,1221,n6,grip
81304,1171,n6,grip
81306,1150,n6,grip
81308,1123,n6,grip
81310,1082,n6,grip
81312,1046,n6,grip
81314,999,n6,grip
81316,951,n6,grip
81318,906,n6,grip
81320,942,n6,grip
81322,944,n6,grip
81324,1019,n6,grip
81326,1115,n6,grip
81328,1104,n6,grip
81330,1085,n6,grip
81332,1058,n6,grip
81334,1014,n6,grip
81336,989,n6,grip
81338,993,n6,grip
81340,974,n6,grip
81342,934,n6,grip
81344,912,n6,grip
81346,880,n6,grip
81348,850,n6,grip
81350,826,n6,grip
81352,803,n6,grip
81354,790,n6,grip
81356,811,n6,grip
81358,789,n6,grip
81360,790,n6,grip
81362,769,n6,grip
81364,759,n6,grip
81366,752,n6,grip
81368,726,n6,grip
81370,709,n6,grip
81372,694,n6,grip
81374,714,n6,grip
81376,719,n6,grip
81378,699,n6,grip
81380,698,n6,grip
81382,667,n6,grip
81384,672,n6,grip
81386,660,n6,grip
81388,635,n6,grip
81390,609,n6,grip
81392,590,n6,grip
81394,575,n6,grip
81396,552,n6,grip
81398,537,n6,grip
81400,503,n6,grip
81402,486,n6,grip
81404,499,n6,grip
81406,497,n6,grip
81408,553,n6,grip
81410,555,n6,grip
81412,539,n6,grip
81414,511,n6,grip
81416,496,n6,grip
81418,479,n6,grip
81420,507,n6,grip
81422,511,n6,grip
81424,581,n6,grip
81426,565,n6,grip
81428,552,n6,grip
81430,545,n6,grip
81432,541,n6,grip
81434,557,n6,grip
81436,553,n6,grip
81438,572,n6,grip
81440,577,n6,grip
81442,590,n6,grip
81444,582,n6,grip
81446,565,n6,grip
81448,571,n6,grip
81450,577,n6,grip
81452,576,n6,grip
81454,576,n6,grip
81456,570,n6,grip
81458,553,n6,grip
81460,560,n6,grip
81462,565,n6,grip
81464,554,n6,grip
81466,551,n6,grip
81468,578,n6,grip
81470,583,n6,grip
81472,657,n6,grip
81474,635,n6,grip
81476,623,n6,grip
81478,601,n6,grip
81480,599,n6,grip
81482,579,n6,grip
81484,592,n6,grip
81486,604,n6,grip
81488,593,n6,grip
81490,670,n6,grip
81492,649,n6,grip
81494,623,n6,grip
81496,599,n6,grip
81498,606,n6,grip
81500,613,n6,grip
81502,592,n6,grip
81504,580,n6,grip
81506,562,n6,grip
81508,547,n6,grip
81510,574,n6,grip
81512,587,n6,grip
81514,585,n6,grip
81516,579,n6,grip
81518,577,n6,grip
81520,599,n6,grip
81522,638,n6,grip
81524,630,n6,grip
81526,618,n6,grip
81528,599,n6,grip
81530,590,n6,grip
81532,607,n6,grip
81534,612,n6,grip
81536,695,n6,grip
81538,698,n6,grip
81540,709,n6,grip
81542,702,n6,grip
81544,667,n6,grip
81546,641,n6,grip
81548,640,n6,grip
81550,661,n6,grip
81552,656,n6,grip
81554,631,n6,grip
81556,637,n6,grip
81558,655,n6,grip
81560,653,n6,grip
81562,714,n6,grip
81564,769,n6,grip
81566,755,n6,grip
81568,853,n6,grip
81570,951,n6,grip
81572,938,n6,grip
81574,961,n6,grip
81576,950,n6,grip
81578,912,n6,grip
81580,934,n6,grip
81582,973,n6,grip
81584,956,n6,grip
81586,962,n6,grip
81588,1051,n6,grip
81590,1046,n6,grip
81592,1023,n6,grip
81594,977,n6,grip
81596,977,n6,grip
81598,995,n6,grip
81600,979,n6,grip
81602,942,n6,grip
81604,906,n6,grip
81606,869,n6,grip
81608,881,n6,grip
81610,869,n6,grip
81612,846,n6,grip
81614,808,n6,grip
81616,786,n6,grip
81618,775,n6,grip
81620,746,n6,grip
81622,723,n6,grip
81624,773,n6,grip
81626,819,n6,grip
81628,814,n6,grip
81630,816,n6,grip
81632,853,n6,grip
81634,845,n6,grip
81636,901,n6,grip
81638,958,n6,grip
81640,975,n6,grip
81642,960,n6,grip
81644,1033,n6,grip
81646,1146,n6,grip
81648,1205,n6,grip
81650,1232,n6,grip
81652,1221,n6,grip
81654,1179,n6,grip
81656,1134,n6,grip
81658,1093,n6,grip
81660,1060,n6,grip
81662,1023,n6,grip
81664,996,n6,grip
81666,977,n6,grip
81668,941,n6,grip
81670,912,n6,grip
81672,890,n6,grip
81674,882,n6,grip
81676,923,n6,grip
81678,898,n6,grip
81680,909,n6,grip
81682,896,n6,grip
81684,869,n6,grip
81686,848,n6,grip
81688,832,n6,grip
81690,833,n6,grip
81692,837,n6,grip
81694,831,n6,grip
81696,829,n6,grip
81698,826,n6,grip
81700,796,n6,grip
81702,785,n6,grip
81704,770,n6,grip
81706,797,n6,grip
81708,784,n6,grip
81710,827,n6,grip
81712,870,n6,grip
81714,843,n6,grip
81716,877,n6,grip
81718,908,n6,grip
81720,894,n6,grip
81722,875,n6,grip
81724,865,n6,grip
81726,851,n6,grip
81728,833,n6,grip
81730,800,n6,grip
81732,779,n6,grip
81734,737,n6,grip
81736,720,n6,grip
81738,742,n6,grip
81740,735,n6,grip
81742,762,n6,grip
81744,769,n6,grip
81746,750,n6,grip
81748,739,n6,grip
81750,726,n6,grip
81752,711,n6,grip
81754,697,n6,grip
81756,683,n6,grip
81758,688,n6,grip
81760,675,n6,grip
81762,663,n6,grip
81764,641,n6,grip
81766,626,n6,grip
81768,656,n6,grip
81770,698,n6,grip
81772,685,n6,grip
81774,714,n6,grip
81776,746,n6,grip
81778,732,n6,grip
81780,731,n6,grip
81782,732,n6,grip
81784,809,n6,grip
81786,801,n6,grip
81788,778,n6,grip
81790,745,n6,grip
81792,737,n6,grip
81794,746,n6,grip
81796,732,n6,grip
81798,705,n6,grip
81800,674,n6,grip
81802,656,n6,grip
81804,651,n6,grip
81806,638,n6,grip
81808,619,n6,grip
81810,631,n6,grip
81812,671,n6,grip
81814,657,n6,grip
81816,648,n6,grip
81818,667,n6,grip
81820,678,n6,grip
81822,655,n6,grip
81824,640,n6,grip
81826,622,n6,grip
81828,601,n6,grip
81830,578,n6,grip
81832,560,n6,grip
81834,546,n6,grip
81836,540,n6,grip
81838,531,n6,grip
81840,511,n6,grip
81842,500,n6,grip
81844,475,n6,grip
81846,459,n6,grip
81848,480,n6,grip
81850,489,n6,grip
81852,491,n6,grip
81854,474,n6,grip
81856,466,n6,grip
81858,449,n6,grip
81860,442,n6,grip
81862,437,n6,grip
81864,451,n6,grip
81866,432,n6,grip
81868,437,n6,grip
81870,454,n6,grip
81872,445,n6,grip
81874,486,n6,grip
81876,530,n6,grip
81878,498,n6,grip
81880,495,n6,grip
81882,473,n6,grip
81884,494,n6,grip
81886,576,n6,grip
81888,577,n6,grip
81890,576,n6,grip
81892,578,n6,grip
81894,551,n6,grip
81896,550,n6,grip
81898,540,n6,grip
81900,548,n6,grip
81902,555,n6,grip
81904,557,n6,grip
81906,534,n6,grip
81908,511,n6,grip
81910,497,n6,grip
81912,510,n6,grip
81914,506,n6,grip
81916,502,n6,grip
81918,496,n6,grip
81920,511,n6,grip
81922,534,n6,grip
81924,658,n6,grip
81926,694,n6,grip
81928,721,n6,grip
81930,762,n6,grip
81932,730,n6,grip
81934,711,n6,grip
81936,701,n6,grip
81938,754,n6,grip
81940,790,n6,grip
81942,757,n6,grip
81944,748,n6,grip
81946,772,n6,grip
81948,763,n6,grip
81950,773,n6,grip
81952,752,n6,grip
81954,720,n6,grip
81956,704,n6,grip
81958,737,n6,grip
81960,755,n6,grip
81962,754,n6,grip
81964,765,n6,grip
81966,797,n6,grip
81968,801,n6,grip
81970,786,n6,grip
81972,758,n6,grip
81974,756,n6,grip
81976,816,n6,grip
81978,838,n6,grip
81980,827,n6,grip
81982,865,n6,grip
81984,847,n6,grip
81986,818,n6,grip
81988,803,n6,grip
81990,774,n6,grip
81992,740,n6,grip
81994,719,n6,grip
81996,689,n6,grip
81998,673,n6,grip
82000,672,n6,grip
82002,651,n6,grip
82004,650,n6,grip
82006,640,n6,grip
82008,656,n6,grip
82010,639,n6,grip
82012,671,n6,grip
82014,672,n6,grip
82016,699,n6,grip
82018,697,n6,grip
82020,674,n6,grip
82022,670,n6,grip
82024,693,n6,grip
82026,701,n6,grip
82028,677,n6,grip
82030,686,n6,grip
82032,697,n6,grip
82034,726,n6,grip
82036,743,n6,grip
82038,742,n6,grip
82040,720,n6,grip
82042,731,n6,grip
82044,766,n6,grip
82046,779,n6,grip
82048,820,n6,grip
82050,848,n6,grip
82052,811,n6,grip
82054,789,n6,grip
82056,813,n6,grip
82058,784,n6,grip
82060,752,n6,grip
82062,719,n6,grip
82064,688,n6,grip
82066,685,n6,grip
82068,682,n6,grip
82070,690,n6,grip
82072,677,n6,grip
82074,652,n6,grip
82076,635,n6,grip
82078,654,n6,grip
82080,656,n6,grip
82082,663,n6,grip
82084,659,n6,grip
82086,651,n6,grip
82088,689,n6,grip
82090,746,n6,grip
82092,765,n6,grip
82094,801,n6,grip
82096,776,n6,grip
82098,768,n6,grip
82100,756,n6,grip
82102,720,n6,grip
82104,698,n6,grip
82106,678,n6,grip
82108,678,n6,grip
82110,676,n6,grip
82112,646,n6,grip
82114,663,n6,grip
82116,654,n6,grip
82118,638,n6,grip
82120,693,n6,grip
82122,717,n6,grip
82124,683,n6,grip
82126,667,n6,grip
82128,663,n6,grip
82130,699,n6,grip
82132,695,n6,grip
82134,705,n6,grip
82136,698,n6,grip
82138,688,n6,grip
82140,722,n6,grip
82142,726,n6,grip
82144,733,n6,grip
82146,722,n6,grip
82148,688,n6,grip
82150,658,n6,grip
82152,625,n6,grip
82154,603,n6,grip
82156,580,n6,grip
82158,565,n6,grip
82160,589,n6,grip
82162,623,n6,grip
82164,601,n6,grip
82166,640,n6,grip
82168,695,n6,grip
82170,662,n6,grip
82172,654,n6,grip
82174,640,n6,grip
82176,613,n6,grip
82178,595,n6,grip
82180,575,n6,grip
82182,560,n6,grip
82184,558,n6,grip
82186,587,n6,grip
82188,598,n6,grip
82190,624,n6,grip
82192,652,n6,grip
82194,626,n6,grip
82196,615,n6,grip
82198,613,n6,grip
82200,647,n6,grip
82202,681,n6,grip
82204,656,n6,grip
82206,640,n6,grip
82208,640,n6,grip
82210,655,n6,grip
82212,680,n6,grip
82214,688,n6,grip
82216,661,n6,grip
82218,671,n6,grip
82220,656,n6,grip
82222,631,n6,grip
82224,613,n6,grip
82226,609,n6,grip
82228,607,n6,grip
82230,631,n6,grip
82232,608,n6,grip
82234,596,n6,grip
82236,573,n6,grip
82238,565,n6,grip
82240,576,n6,grip
82242,616,n6,grip
82244,641,n6,grip
82246,623,n6,grip
82248,594,n6,grip
82250,599,n6,grip
82252,626,n6,grip
82254,615,n6,grip
82256,586,n6,grip
82258,592,n6,grip
82260,581,n6,grip
82262,577,n6,grip
82264,574,n6,grip
82266,545,n6,grip
82268,524,n6,grip
82270,497,n6,grip
82272,496,n6,grip
82274,553,n6,grip
82276,574,n6,grip
82278,606,n6,grip
82280,607,n6,grip
82282,599,n6,grip
82284,574,n6,grip
82286,562,n6,grip
82288,598,n6,grip
82290,640,n6,grip
82292,703,n6,grip
82294,713,n6,grip
82296,726,n6,grip
82298,716,n6,grip
82300,711,n6,grip
82302,691,n6,grip
82304,697,n6,grip
82306,705,n6,grip
82308,683,n6,grip
82310,662,n6,grip
82312,631,n6,grip
82314,621,n6,grip
82316,597,n6,grip
82318,576,n6,grip
82320,560,n6,grip
82322,561,n6,grip
82324,545,n6,grip
82326,528,n6,grip
82328,506,n6,grip
82330,496,n6,grip
82332,511,n6,grip
82334,509,n6,grip
82336,525,n6,grip
82338,506,n6,grip
82340,496,n6,grip
82342,528,n6,grip
82344,534,n6,grip
82346,507,n6,grip
82348,498,n6,grip
82350,485,n6,grip
82352,491,n6,grip
82354,484,n6,grip
82356,501,n6,grip
82358,549,n6,grip
82360,645,n6,grip
82362,656,n6,grip
82364,652,n6,grip
82366,636,n6,grip
82368,621,n6,grip
82370,608,n6,grip
82372,591,n6,grip
82374,591,n6,grip
82376,593,n6,grip
82378,593,n6,grip
82380,590,n6,grip
82382,606,n6,grip
82384,597,n6,grip
82386,576,n6,grip
82388,562,n6,grip
82390,599,n6,grip
82392,633,n6,grip
82394,623,n6,grip
82396,609,n6,grip
82398,580,n6,grip
82400,573,n6,grip
82402,570,n6,grip
82404,577,n6,grip
82406,605,n6,grip
82408,685,n6,grip
82410,754,n6,grip
82412,771,n6,grip
82414,756,n6,grip
82416,863,n6,grip
82418,957,n6,grip
82420,923,n6,grip
82422,890,n6,grip
82424,851,n6,grip
82426,827,n6,grip
82428,798,n6,grip
82430,811,n6,grip
82432,784,n6,grip
82434,752,n6,grip
82436,720,n6,grip
82438,688,n6,grip
82440,657,n6,grip
82442,658,n6,grip
82444,702,n6,grip
82446,688,n6,grip
82448,688,n6,grip
82450,691,n6,grip
82452,675,n6,grip
82454,641,n6,grip
82456,625,n6,grip
82458,597,n6,grip
82460,599,n6,grip
82462,625,n6,grip
82464,638,n6,grip
82466,640,n6,grip
82468,624,n6,grip
82470,647,n6,grip
82472,734,n6,grip
82474,725,n6,grip
82476,702,n6,grip
82478,675,n6,grip
82480,656,n6,grip
82482,658,n6,grip
82484,626,n6,grip
82486,618,n6,grip
82488,609,n6,grip
82490,637,n6,grip
82492,613,n6,grip
82494,589,n6,grip
82496,586,n6,grip
82498,581,n6,grip
82500,592,n6,grip
82502,634,n6,grip
82504,647,n6,grip
82506,652,n6,grip
82508,733,n6,grip
82510,782,n6,grip
82512,779,n6,grip
82514,805,n6,grip
82516,786,n6,grip
82518,791,n6,grip
82520,795,n6,grip
82522,801,n6,grip
82524,768,n6,grip
82526,781,n6,grip
82528,755,n6,grip
82530,747,n6,grip
82532,720,n6,grip
82534,720,n6,grip
82536,694,n6,grip
82538,685,n6,grip
82540,678,n6,grip
82542,687,n6,grip
82544,672,n6,grip
82546,655,n6,grip
82548,663,n6,grip
82550,689,n6,grip
82552,672,n6,grip
82554,651,n6,grip
82556,667,n6,grip
82558,720,n6,grip
82560,741,n6,grip
82562,747,n6,grip
82564,742,n6,grip
82566,721,n6,grip
82568,695,n6,grip
82570,681,n6,grip
82572,667,n6,grip
82574,689,n6,grip
82576,723,n6,grip
82578,734,n6,grip
82580,730,n6,grip
82582,777,n6,grip
82584,751,n6,grip
82586,740,n6,grip
82588,759,n6,grip
82590,734,n6,grip
82592,731,n6,grip
82594,703,n6,grip
82596,686,n6,grip
82598,662,n6,grip
82600,646,n6,grip
82602,656,n6,grip
82604,631,n6,grip
82606,640,n6,grip
82608,703,n6,grip
82610,689,n6,grip
82612,673,n6,grip
82614,655,n6,grip
82616,655,n6,grip
82618,633,n6,grip
82620,639,n6,grip
82622,656,n6,grip
82624,649,n6,grip
82626,624,n6,grip
82628,606,n6,grip
82630,590,n6,grip
82632,567,n6,grip
82634,557,n6,grip
82636,554,n6,grip
82638,592,n6,grip
82640,593,n6,grip
82642,577,n6,grip
82644,567,n6,grip
82646,546,n6,grip
82648,560,n6,grip
82650,560,n6,grip
82652,544,n6,grip
82654,535,n6,grip
82656,592,n6,grip
82658,656,n6,grip
82660,637,n6,grip
82662,633,n6,grip
82664,638,n6,grip
82666,667,n6,grip
82668,681,n6,grip
82670,666,n6,grip
82672,652,n6,grip
82674,688,n6,grip
82676,771,n6,grip
82678,775,n6,grip
82680,765,n6,grip
82682,754,n6,grip
82684,822,n6,grip
82686,893,n6,grip
82688,932,n6,grip
82690,911,n6,grip
82692,905,n6,grip
82694,933,n6,grip
82696,944,n6,grip
82698,957,n6,grip
82700,977,n6,grip
82702,935,n6,grip
82704,901,n6,grip
82706,908,n6,grip
82708,885,n6,grip
82710,853,n6,grip
82712,833,n6,grip
82714,809,n6,grip
82716,800,n6,grip
82718,786,n6,grip
82720,752,n6,grip
82722,717,n6,grip
82724,710,n6,grip
82726,741,n6,grip
82728,765,n6,grip
82730,742,n6,grip
82732,752,n6,grip
82734,816,n6,grip
82736,809,n6,grip
82738,783,n6,grip
82740,782,n6,grip
82742,752,n6,grip
82744,719,n6,grip
82746,690,n6,grip
82748,675,n6,grip
82750,665,n6,grip
82752,638,n6,grip
82754,637,n6,grip
82756,627,n6,grip
82758,669,n6,grip
82760,749,n6,grip
82762,771,n6,grip
82764,769,n6,grip
82766,793,n6,grip
82768,774,n6,grip
82770,817,n6,grip
82772,810,n6,grip
82774,815,n6,grip
82776,861,n6,grip
82778,886,n6,grip
82780,903,n6,grip
82782,944,n6,grip
82784,933,n6,grip
82786,896,n6,grip
82788,879,n6,grip
82790,859,n6,grip
82792,845,n6,grip
82794,847,n6,grip
82796,816,n6,grip
82798,785,n6,grip
82800,752,n6,grip
82802,752,n6,grip
82804,718,n6,grip
82806,689,n6,grip
82808,663,n6,grip
82810,685,n6,grip
82812,748,n6,grip
82814,756,n6,grip
82816,802,n6,grip
82818,777,n6,grip
82820,752,n6,grip
82822,732,n6,grip
82824,723,n6,grip
82826,724,n6,grip
82828,727,n6,grip
82830,727,n6,grip
82832,752,n6,grip
82834,750,n6,grip
82836,775,n6,grip
82838,807,n6,grip
82840,786,n6,grip
82842,789,n6,grip
82844,755,n6,grip
82846,731,n6,grip
82848,720,n6,grip
82850,718,n6,grip
82852,713,n6,grip
82854,763,n6,grip
82856,817,n6,grip
82858,799,n6,grip
82860,788,n6,grip
82862,786,n6,grip
82864,836,n6,grip
82866,881,n6,grip
82868,875,n6,grip
82870,846,n6,grip
82872,878,n6,grip
82874,880,n6,grip
82876,870,n6,grip
82878,847,n6,grip
82880,853,n6,grip
82882,868,n6,grip
82884,836,n6,grip
82886,797,n6,grip
82888,783,n6,grip
82890,745,n6,grip
82892,726,n6,grip
82894,747,n6,grip
82896,802,n6,grip
82898,803,n6,grip
82900,803,n6,grip
82902,795,n6,grip
82904,765,n6,grip
82906,738,n6,grip
82908,741,n6,grip
82910,753,n6,grip
82912,755,n6,grip
82914,733,n6,grip
82916,727,n6,grip
82918,765,n6,grip
82920,799,n6,grip
82922,787,n6,grip
82924,831,n6,grip
82926,913,n6,grip
82928,903,n6,grip
82930,919,n6,grip
82932,949,n6,grip
82934,951,n6,grip
82936,946,n6,grip
82938,937,n6,grip
82940,1008,n6,grip
82942,1105,n6,grip
82944,1155,n6,grip
82946,1154,n6,grip
82948,1270,n6,grip
82950,1323,n6,grip
82952,1309,n6,grip
82954,1265,n6,grip
82956,1231,n6,grip
82958,1215,n6,grip
82960,1170,n6,grip
82962,1133,n6,grip
82964,1095,n6,grip
82966,1069,n6,grip
82968,1017,n6,grip
82970,994,n6,grip
82972,976,n6,grip
82974,964,n6,grip
82976,966,n6,grip
82978,986,n6,grip
82980,991,n6,grip
82982,1019,n6,grip
82984,1095,n6,grip
82986,1083,n6,grip
82988,1055,n6,grip
82990,1006,n6,grip
82992,962,n6,grip
82994,928,n6,grip
82996,955,n6,grip
82998,941,n6,grip
83000,980,n6,grip
83002,1023,n6,grip
83004,1046,n6,grip
83006,1054,n6,grip
83008,1101,n6,grip
83010,1107,n6,grip
83012,1095,n6,grip
83014,1061,n6,grip
83016,1022,n6,grip
83018,981,n6,grip
83020,981,n6,grip
83022,965,n6,grip
83024,974,n6,grip
83026,939,n6,grip
83028,909,n6,grip
83030,890,n6,grip
83032,895,n6,grip
83034,894,n6,grip
83036,944,n6,grip
83038,916,n6,grip
83040,902,n6,grip
83042,893,n6,grip
83044,880,n6,grip
83046,861,n6,grip
83048,829,n6,grip
83050,794,n6,grip
83052,766,n6,grip
83054,746,n6,grip
83056,743,n6,grip
83058,737,n6,grip
83060,763,n6,grip
83062,790,n6,grip
83064,778,n6,grip
83066,779,n6,grip
83068,781,n6,grip
83070,846,n6,grip
83072,862,n6,grip
83074,932,n6,grip
83076,944,n6,grip
83078,907,n6,grip
83080,865,n6,grip
83082,823,n6,grip
83084,795,n6,grip
83086,790,n6,grip
83088,806,n6,grip
83090,783,n6,grip
83092,752,n6,grip
83094,801,n6,grip
83096,978,n6,grip
83098,995,n6,grip
83100,994,n6,grip
83102,1120,n6,grip
83104,1159,n6,grip
83106,1119,n6,grip
83108,1078,n6,grip
83110,1039,n6,grip
83112,994,n6,grip
83114,973,n6,grip
83116,951,n6,grip
83118,976,n6,grip
83120,991,n6,grip
83122,989,n6,grip
83124,983,n6,grip
83126,946,n6,grip
83128,916,n6,grip
83130,882,n6,grip
83132,901,n6,grip
83134,901,n6,grip
83136,880,n6,grip
83138,869,n6,grip
83140,859,n6,grip
83142,848,n6,grip
83144,828,n6,grip
83146,847,n6,grip
83148,874,n6,grip
83150,862,n6,grip
83152,850,n6,grip
83154,819,n6,grip
83156,819,n6,grip
83158,835,n6,grip
83160,862,n6,grip
83162,855,n6,grip
83164,861,n6,grip
83166,869,n6,grip
83168,920,n6,grip
83170,943,n6,grip
83172,996,n6,grip
83174,975,n6,grip
83176,966,n6,grip
83178,925,n6,grip
83180,891,n6,grip
83182,853,n6,grip
83184,836,n6,grip
83186,801,n6,grip
83188,777,n6,grip
83190,769,n6,grip
83192,752,n6,grip
83194,727,n6,grip
83196,768,n6,grip
83198,790,n6,grip
83200,779,n6,grip
83202,755,n6,grip
83204,798,n6,grip
83206,788,n6,grip
83208,778,n6,grip
83210,752,n6,grip
83212,722,n6,grip
83214,699,n6,grip
83216,681,n6,grip
83218,678,n6,grip
83220,679,n6,grip
83222,656,n6,grip
83224,656,n6,grip
83226,682,n6,grip
83228,732,n6,grip
83230,727,n6,grip
83232,758,n6,grip
83234,736,n6,grip
83236,734,n6,grip
83238,736,n6,grip
83240,720,n6,grip
97274,1398,n6,grip
97276,1421,n6,grip
97278,1477,n6,grip
97280,1424,n6,grip
97282,1413,n6,grip
97284,1405,n6,grip
97286,1373,n6,grip
97288,1386,n6,grip
97290,1413,n6,grip
97292,1427,n6,grip
97294,1462,n6,grip
97296,1598,n6,grip
97298,1535,n6,grip
97300,1486,n6,grip
97302,1472,n6,grip
97304,1594,n6,grip
97306,1671,n6,grip
97308,1649,n6,grip
97310,1680,n6,grip
97312,1808,n6,grip
97314,1785,n6,grip
97316,1746,n6,grip
97318,1814,n6,grip
97320,1781,n6,grip
97322,1802,n6,grip
97324,1771,n6,grip
97326,1874,n6,grip
97328,1961,n6,grip
97330,1957,n6,grip
97332,2118,n6,grip
97334,2206,n6,grip
97336,2157,n6,grip
97338,2097,n6,grip
97340,2037,n6,grip
97342,2000,n6,grip
97344,1960,n6,grip
97346,1916,n6,grip
97348,1855,n6,grip
97350,1793,n6,grip
97352,1819,n6,grip
97354,1877,n6,grip
97356,1927,n6,grip
97358,1955,n6,grip
97360,1901,n6,grip
97362,1867,n6,grip
97364,1835,n6,grip
97366,1924,n6,grip
97368,1895,n6,grip
97370,1862,n6,grip
97372,1838,n6,grip
97374,1785,n6,grip
97376,1703,n6,grip
97378,1638,n6,grip
97380,1563,n6,grip
97382,1535,n6,grip
97384,1581,n6,grip
97386,1586,n6,grip
97388,1604,n6,grip
97390,1702,n6,grip
97392,1747,n6,grip
97394,1723,n6,grip
97396,1883,n6,grip
97398,1893,n6,grip
97400,1894,n6,grip
97402,1926,n6,grip
97404,1920,n6,grip
97406,1873,n6,grip
97408,1843,n6,grip
97410,1841,n6,grip
97412,1781,n6,grip
97414,1799,n6,grip
97416,1757,n6,grip
97418,1743,n6,grip
97420,1677,n6,grip
97422,1647,n6,grip
97424,1595,n6,grip
97426,1567,n6,grip
97428,1587,n6,grip
97430,1535,n6,grip
97432,1494,n6,grip
97434,1461,n6,grip
97436,1417,n6,grip
97438,1366,n6,grip
97440,1424,n6,grip
97442,1393,n6,grip
97444,1440,n6,grip
97446,1415,n6,grip
97448,1387,n6,grip
97450,1360,n6,grip
97452,1360,n6,grip
97454,1355,n6,grip
97456,1323,n6,grip
97458,1299,n6,grip
97460,1249,n6,grip
97462,1190,n6,grip
97464,1146,n6,grip
97466,1103,n6,grip
97468,1118,n6,grip
97470,1095,n6,grip
97472,1124,n6,grip
97474,1102,n6,grip
97476,1059,n6,grip
97478,1053,n6,grip
97480,1040,n6,grip
97482,1010,n6,grip
97484,972,n6,grip
97486,958,n6,grip
97488,960,n6,grip
97490,938,n6,grip
97492,940,n6,grip
97494,935,n6,grip
97496,970,n6,grip
97498,988,n6,grip
97500,1067,n6,grip
97502,1105,n6,grip
97504,1342,n6,grip
97506,1450,n6,grip
97508,1584,n6,grip
97510,1590,n6,grip
97512,1583,n6,grip
97514,1562,n6,grip
97516,1525,n6,grip
97518,1474,n6,grip
97520,1455,n6,grip
97522,1456,n6,grip
97524,1418,n6,grip
97526,1401,n6,grip
97528,1373,n6,grip
97530,1430,n6,grip
97532,1462,n6,grip
97534,1483,n6,grip
97536,1535,n6,grip
97538,1495,n6,grip
97540,1455,n6,grip
97542,1477,n6,grip
97544,1467,n6,grip
97546,1472,n6,grip
97548,1553,n6,grip
97550,1562,n6,grip
97552,1508,n6,grip
97554,1465,n6,grip
97556,1425,n6,grip
97558,1388,n6,grip
97560,1358,n6,grip
97562,1310,n6,grip
97564,1307,n6,grip
97566,1295,n6,grip
97568,1252,n6,grip
97570,1232,n6,grip
97572,1236,n6,grip
97574,1201,n6,grip
97576,1220,n6,grip
97578,1206,n6,grip
97580,1235,n6,grip
97582,1264,n6,grip
97584,1299,n6,grip
97586,1303,n6,grip
97588,1441,n6,grip
97590,1457,n6,grip
97592,1407,n6,grip
97594,1437,n6,grip
97596,1425,n6,grip
97598,1427,n6,grip
97600,1402,n6,grip
97602,1399,n6,grip
97604,1357,n6,grip
97606,1365,n6,grip
97608,1311,n6,grip
97610,1315,n6,grip
97612,1354,n6,grip
97614,1321,n6,grip
97616,1402,n6,grip
97618,1392,n6,grip
97620,1355,n6,grip
97622,1331,n6,grip
97624,1310,n6,grip
97626,1283,n6,grip
97628,1243,n6,grip
97630,1198,n6,grip
97632,1155,n6,grip
97634,1154,n6,grip
97636,1107,n6,grip
97638,1071,n6,grip
97640,1043,n6,grip
97642,1043,n6,grip
97644,1039,n6,grip
97646,1013,n6,grip
97648,1035,n6,grip
97650,1004,n6,grip
97652,993,n6,grip
97654,1057,n6,grip
97656,1109,n6,grip
97658,1095,n6,grip
97660,1165,n6,grip
97662,1200,n6,grip
97664,1196,n6,grip
97666,1151,n6,grip
97668,1146,n6,grip
97670,1177,n6,grip
97672,1211,n6,grip
97674,1193,n6,grip
97676,1241,n6,grip
97678,1296,n6,grip
97680,1262,n6,grip
97682,1213,n6,grip
97684,1214,n6,grip
97686,1236,n6,grip
97688,1316,n6,grip
97690,1296,n6,grip
97692,1303,n6,grip
97694,1342,n6,grip
97696,1358,n6,grip
97698,1346,n6,grip
97700,1345,n6,grip
97702,1293,n6,grip
97704,1367,n6,grip
97706,1425,n6,grip
97708,1482,n6,grip
97710,1454,n6,grip
97712,1447,n6,grip
97714,1520,n6,grip
97716,1488,n6,grip
97718,1449,n6,grip
97720,1424,n6,grip
97722,1392,n6,grip
97724,1351,n6,grip
97726,1318,n6,grip
97728,1296,n6,grip
97730,1251,n6,grip
97732,1247,n6,grip
97734,1214,n6,grip
97736,1179,n6,grip
97738,1152,n6,grip
97740,1199,n6,grip
97742,1190,n6,grip
97744,1207,n6,grip
97746,1255,n6,grip
97748,1260,n6,grip
97750,1250,n6,grip
97752,1360,n6,grip
97754,1453,n6,grip
97756,1488,n6,grip
97758,1584,n6,grip
97760,1535,n6,grip
97762,1527,n6,grip
97764,1473,n6,grip
97766,1430,n6,grip
97768,1382,n6,grip
97770,1328,n6,grip
97772,1296,n6,grip
97774,1269,n6,grip
97776,1232,n6,grip
97778,1191,n6,grip
97780,1155,n6,grip
97782,1218,n6,grip
97784,1211,n6,grip
97786,1296,n6,grip
97788,1423,n6,grip
97790,1426,n6,grip
97792,1408,n6,grip
97794,1488,n6,grip
97796,1511,n6,grip
97798,1477,n6,grip
97800,1414,n6,grip
97802,1375,n6,grip
97804,1381,n6,grip
97806,1391,n6,grip
97808,1360,n6,grip
97810,1333,n6,grip
97812,1276,n6,grip
97814,1264,n6,grip
97816,1298,n6,grip
97818,1271,n6,grip
97820,1294,n6,grip
97822,1247,n6,grip
97824,1193,n6,grip
97826,1170,n6,grip
97828,1175,n6,grip
97830,1150,n6,grip
97832,1099,n6,grip
97834,1086,n6,grip
97836,1097,n6,grip
97838,1102,n6,grip
97840,1065,n6,grip
97842,1023,n6,grip
97844,1063,n6,grip
97846,1041,n6,grip
97848,1070,n6,grip
97850,1066,n6,grip
97852,1037,n6,grip
97854,1005,n6,grip
97856,1004,n6,grip
97858,1039,n6,grip
97860,1039,n6,grip
97862,1110,n6,grip
97864,1109,n6,grip
97866,1309,n6,grip
97868,1414,n6,grip
97870,1386,n6,grip
97872,1337,n6,grip
97874,1285,n6,grip
97876,1235,n6,grip
97878,1200,n6,grip
97880,1168,n6,grip
97882,1115,n6,grip
97884,1102,n6,grip
97886,1168,n6,grip
97888,1187,n6,grip
97890,1167,n6,grip
97892,1150,n6,grip
97894,1137,n6,grip
97896,1129,n6,grip
97898,1081,n6,grip
97900,1058,n6,grip
97902,1072,n6,grip
97904,1040,n6,grip
97906,1015,n6,grip
97908,1035,n6,grip
97910,997,n6,grip
97912,955,n6,grip
97914,971,n6,grip
97916,1003,n6,grip
97918,1019,n6,grip
97920,1042,n6,grip
97922,1072,n6,grip
97924,1077,n6,grip
97926,1040,n6,grip
97928,1008,n6,grip
97930,1061,n6,grip
97932,1054,n6,grip
97934,1104,n6,grip
97936,1169,n6,grip
97938,1133,n6,grip
97940,1131,n6,grip
97942,1200,n6,grip
97944,1200,n6,grip
97946,1212,n6,grip
97948,1190,n6,grip
97950,1155,n6,grip
97952,1185,n6,grip
97954,1233,n6,grip
97956,1285,n6,grip
97958,1315,n6,grip
97960,1325,n6,grip
97962,1408,n6,grip
97964,1397,n6,grip
97966,1348,n6,grip
97968,1327,n6,grip
97970,1329,n6,grip
97972,1324,n6,grip
97974,1330,n6,grip
97976,1337,n6,grip
97978,1344,n6,grip
97980,1299,n6,grip
97982,1285,n6,grip
97984,1313,n6,grip
97986,1296,n6,grip
97988,1264,n6,grip
97990,1215,n6,grip
97992,1245,n6,grip
97994,1274,n6,grip
97996,1236,n6,grip
97998,1182,n6,grip
98000,1150,n6,grip
98002,1146,n6,grip
98004,1249,n6,grip
98006,1390,n6,grip
98008,1424,n6,grip
98010,1535,n6,grip
98012,1591,n6,grip
98014,1533,n6,grip
98016,1488,n6,grip
98018,1455,n6,grip
98020,1395,n6,grip
98022,1353,n6,grip
98024,1306,n6,grip
98026,1309,n6,grip
98028,1298,n6,grip
98030,1262,n6,grip
98032,1202,n6,grip
98034,1171,n6,grip
98036,1158,n6,grip
98038,1150,n6,grip
98040,1153,n6,grip
98042,1130,n6,grip
98044,1125,n6,grip
98046,1107,n6,grip
98048,1141,n6,grip
98050,1125,n6,grip
98052,1190,n6,grip
98054,1181,n6,grip
98056,1150,n6,grip
98058,1119,n6,grip
98060,1088,n6,grip
98062,1073,n6,grip
98064,1053,n6,grip
98066,1021,n6,grip
98068,981,n6,grip
98070,966,n6,grip
98072,947,n6,grip
98074,912,n6,grip
98076,897,n6,grip
98078,887,n6,grip
98080,855,n6,grip
98082,859,n6,grip
98084,902,n6,grip
98086,892,n6,grip
98088,916,n6,grip
98090,894,n6,grip
98092,869,n6,grip
98094,871,n6,grip
98096,880,n6,grip
98098,859,n6,grip
98100,835,n6,grip
98102,849,n6,grip
98104,886,n6,grip
98106,962,n6,grip
98108,967,n6,grip
98110,983,n6,grip
98112,1094,n6,grip
98114,1105,n6,grip
98116,1074,n6,grip
98118,1111,n6,grip
98120,1119,n6,grip
98122,1076,n6,grip
98124,1063,n6,grip
98126,1037,n6,grip
98128,983,n6,grip
98130,946,n6,grip
98132,945,n6,grip
98134,955,n6,grip
98136,945,n6,grip
98138,921,n6,grip
98140,913,n6,grip
98142,879,n6,grip
98144,848,n6,grip
98146,817,n6,grip
98148,794,n6,grip
98150,784,n6,grip
98152,757,n6,grip
98154,741,n6,grip
98156,726,n6,grip
98158,730,n6,grip
98160,703,n6,grip
98162,702,n6,grip
98164,705,n6,grip
98166,689,n6,grip
98168,677,n6,grip
98170,688,n6,grip
98172,709,n6,grip
98174,697,n6,grip
98176,676,n6,grip
98178,675,n6,grip
98180,669,n6,grip
98182,655,n6,grip
98184,637,n6,grip
98186,707,n6,grip
98188,805,n6,grip
98190,815,n6,grip
98192,893,n6,grip
98194,1002,n6,grip
98196,982,n6,grip
98198,1023,n6,grip
98200,1010,n6,grip
98202,1040,n6,grip
98204,1023,n6,grip
98206,982,n6,grip
98208,945,n6,grip
98210,911,n6,grip
98212,901,n6,grip
98214,1017,n6,grip
98216,1131,n6,grip
98218,1167,n6,grip
98220,1333,n6,grip
98222,1381,n6,grip
98224,1377,n6,grip
98226,1360,n6,grip
98228,1306,n6,grip
98230,1317,n6,grip
98232,1307,n6,grip
98234,1252,n6,grip
98236,1200,n6,grip
98238,1146,n6,grip
98240,1134,n6,grip
98242,1101,n6,grip
98244,1063,n6,grip
98246,1035,n6,grip
98248,985,n6,grip
98250,954,n6,grip
98252,976,n6,grip
98254,945,n6,grip
98256,903,n6,grip
98258,884,n6,grip
98260,865,n6,grip
98262,894,n6,grip
98264,880,n6,grip
98266,884,n6,grip
98268,869,n6,grip
98270,867,n6,grip
98272,860,n6,grip
98274,846,n6,grip
98276,844,n6,grip
98278,896,n6,grip
98280,910,n6,grip
98282,874,n6,grip
98284,853,n6,grip
98286,846,n6,grip
98288,815,n6,grip
98290,787,n6,grip
98292,756,n6,grip
98294,749,n6,grip
98296,782,n6,grip
98298,759,n6,grip
98300,839,n6,grip
98302,859,n6,grip
98304,935,n6,grip
98306,971,n6,grip
98308,967,n6,grip
98310,1059,n6,grip
98312,1090,n6,grip
98314,1059,n6,grip
98316,1088,n6,grip
98318,1116,n6,grip
98320,1079,n6,grip
98322,1090,n6,grip
98324,1054,n6,grip
98326,1003,n6,grip
98328,958,n6,grip
98330,944,n6,grip
98332,935,n6,grip
98334,902,n6,grip
98336,931,n6,grip
98338,970,n6,grip
98340,961,n6,grip
98342,929,n6,grip
98344,890,n6,grip
98346,851,n6,grip
98348,817,n6,grip
98350,810,n6,grip
98352,811,n6,grip
98354,844,n6,grip
98356,823,n6,grip
98358,800,n6,grip
98360,839,n6,grip
98362,847,n6,grip
98364,814,n6,grip
98366,861,n6,grip
98368,879,n6,grip
98370,845,n6,grip
98372,929,n6,grip
98374,1023,n6,grip
98376,1008,n6,grip
98378,1058,n6,grip
98380,1085,n6,grip
98382,1097,n6,grip
98384,1099,n6,grip
98386,1185,n6,grip
98388,1235,n6,grip
98390,1246,n6,grip
98392,1275,n6,grip
98394,1296,n6,grip
98396,1259,n6,grip
98398,1223,n6,grip
98400,1179,n6,grip
98402,1171,n6,grip
98404,1150,n6,grip
98406,1141,n6,grip
98408,1100,n6,grip
98410,1066,n6,grip
98412,1018,n6,grip
98414,998,n6,grip
98416,963,n6,grip
98418,939,n6,grip
98420,898,n6,grip
98422,878,n6,grip
98424,918,n6,grip
98426,903,n6,grip
98428,933,n6,grip
98430,933,n6,grip
98432,933,n6,grip
98434,977,n6,grip
98436,995,n6,grip
98438,994,n6,grip
98440,981,n6,grip
98442,1019,n6,grip
98444,990,n6,grip
98446,948,n6,grip
98448,926,n6,grip
98450,900,n6,grip
98452,901,n6,grip
98454,928,n6,grip
98456,931,n6,grip
98458,909,n6,grip
98460,912,n6,grip
98462,906,n6,grip
98464,958,n6,grip
98466,978,n6,grip
98468,981,n6,grip
98470,1013,n6,grip
98472,1021,n6,grip
98474,1041,n6,grip
98476,1023,n6,grip
98478,981,n6,grip
98480,955,n6,grip
98482,932,n6,grip
98484,930,n6,grip
98486,918,n6,grip
98488,883,n6,grip
98490,848,n6,grip
98492,819,n6,grip
98494,801,n6,grip
98496,816,n6,grip
98498,803,n6,grip
98500,805,n6,grip
98502,795,n6,grip
98504,757,n6,grip
98506,754,n6,grip
98508,730,n6,grip
98510,707,n6,grip
98512,742,n6,grip
98514,732,n6,grip
98516,714,n6,grip
98518,688,n6,grip
98520,690,n6,grip
98522,677,n6,grip
98524,655,n6,grip
98526,624,n6,grip
98528,597,n6,grip
98530,587,n6,grip
98532,618,n6,grip
98534,612,n6,grip
98536,636,n6,grip
98538,613,n6,grip
98540,593,n6,grip
98542,582,n6,grip
98544,554,n6,grip
98546,528,n6,grip
98548,511,n6,grip
98550,499,n6,grip
98552,496,n6,grip
98554,482,n6,grip
98556,500,n6,grip
98558,486,n6,grip
98560,464,n6,grip
98562,457,n6,grip
98564,435,n6,grip
98566,426,n6,grip
98568,414,n6,grip
98570,432,n6,grip
98572,525,n6,grip
98574,565,n6,grip
98576,683,n6,grip
98578,735,n6,grip
98580,734,n6,grip
98582,711,n6,grip
98584,723,n6,grip
98586,754,n6,grip
98588,774,n6,grip
98590,767,n6,grip
98592,784,n6,grip
98594,755,n6,grip
98596,755,n6,grip
98598,752,n6,grip
98600,735,n6,grip
98602,811,n6,grip
98604,947,n6,grip
98606,981,n6,grip
98608,1100,n6,grip
98610,1163,n6,grip
98612,1155,n6,grip
98614,1135,n6,grip
98616,1092,n6,grip
98618,1062,n6,grip
98620,1015,n6,grip
98622,986,n6,grip
98624,976,n6,grip
98626,1034,n6,grip
98628,1112,n6,grip
98630,1119,n6,grip
98632,1267,n6,grip
98634,1331,n6,grip
98636,1287,n6,grip
98638,1259,n6,grip
98640,1237,n6,grip
98642,1191,n6,grip
98644,1200,n6,grip
98646,1183,n6,grip
98648,1200,n6,grip
98650,1218,n6,grip
98652,1174,n6,grip
98654,1191,n6,grip
98656,1152,n6,grip
98658,1100,n6,grip
98660,1072,n6,grip
98662,1021,n6,grip
98664,1001,n6,grip
98666,993,n6,grip
98668,1037,n6,grip
98670,1023,n6,grip
98672,1002,n6,grip
98674,989,n6,grip
98676,996,n6,grip
98678,983,n6,grip
98680,987,n6,grip
98682,969,n6,grip
98684,959,n6,grip
98686,942,n6,grip
98688,903,n6,grip
98690,896,n6,grip
98692,913,n6,grip
98694,881,n6,grip
98696,839,n6,grip
98698,862,n6,grip
98700,868,n6,grip
98702,839,n6,grip
98704,834,n6,grip
98706,818,n6,grip
98708,810,n6,grip
98710,787,n6,grip
98712,795,n6,grip
98714,785,n6,grip
98716,799,n6,grip
98718,807,n6,grip
98720,843,n6,grip
98722,838,n6,grip
98724,848,n6,grip
98726,887,n6,grip
98728,880,n6,grip
98730,848,n6,grip
98732,816,n6,grip
98734,787,n6,grip
98736,801,n6,grip
98738,831,n6,grip
98740,824,n6,grip
98742,811,n6,grip
98744,810,n6,grip
98746,801,n6,grip
98748,778,n6,grip
98750,807,n6,grip
98752,795,n6,grip
98754,832,n6,grip
98756,839,n6,grip
98758,830,n6,grip
98760,855,n6,grip
98762,832,n6,grip
98764,826,n6,grip
98766,841,n6,grip
98768,821,n6,grip
98770,821,n6,grip
98772,790,n6,grip
98774,765,n6,grip
98776,763,n6,grip
98778,734,n6,grip
98780,721,n6,grip
98782,745,n6,grip
98784,739,n6,grip
98786,746,n6,grip
98788,772,n6,grip
98790,811,n6,grip
98792,785,n6,grip
98794,778,n6,grip
98796,752,n6,grip
98798,720,n6,grip
98800,766,n6,grip
98802,783,n6,grip
98804,784,n6,grip
98806,786,n6,grip
98808,790,n6,grip
98810,797,n6,grip
98812,917,n6,grip
98814,957,n6,grip
98816,933,n6,grip
98818,960,n6,grip
98820,941,n6,grip
98822,912,n6,grip
98824,887,n6,grip
98826,877,n6,grip
98828,839,n6,grip
98830,832,n6,grip
98832,819,n6,grip
98834,848,n6,grip
98836,833,n6,grip
98838,828,n6,grip
98840,832,n6,grip
98842,848,n6,grip
98844,878,n6,grip
98846,1006,n6,grip
98848,1039,n6,grip
98850,991,n6,grip
98852,1021,n6,grip
98854,1067,n6,grip
98856,1050,n6,grip
98858,1105,n6,grip
98860,1147,n6,grip
98862,1114,n6,grip
98864,1072,n6,grip
98866,1045,n6,grip
98868,1087,n6,grip
98870,1073,n6,grip
98872,1042,n6,grip
98874,1008,n6,grip
98876,974,n6,grip
98878,939,n6,grip
98880,927,n6,grip
98882,898,n6,grip
98884,883,n6,grip
98886,859,n6,grip
98888,880,n6,grip
98890,911,n6,grip
98892,984,n6,grip
98894,973,n6,grip
98896,1005,n6,grip
98898,1062,n6,grip
98900,1117,n6,grip
98902,1175,n6,grip
98904,1136,n6,grip
98906,1088,n6,grip
98908,1058,n6,grip
98910,1018,n6,grip
98912,1023,n6,grip
98914,1009,n6,grip
98916,960,n6,grip
98918,949,n6,grip
98920,938,n6,grip
98922,959,n6,grip
98924,934,n6,grip
98926,897,n6,grip
98928,864,n6,grip
98930,848,n6,grip
98932,885,n6,grip
98934,925,n6,grip
98936,975,n6,grip
98938,944,n6,grip
98940,939,n6,grip
98942,911,n6,grip
98944,944,n6,grip
98946,960,n6,grip
98948,919,n6,grip
98950,912,n6,grip
98952,882,n6,grip
98954,850,n6,grip
98956,848,n6,grip
98958,816,n6,grip
98960,832,n6,grip
98962,837,n6,grip
98964,922,n6,grip
98966,960,n6,grip
98968,976,n6,grip
98970,990,n6,grip
98972,1111,n6,grip
98974,1100,n6,grip
98976,1091,n6,grip
98978,1162,n6,grip
98980,1124,n6,grip
98982,1093,n6,grip
98984,1054,n6,grip
98986,1040,n6,grip
98988,1019,n6,grip
98990,985,n6,grip
98992,971,n6,grip
98994,947,n6,grip
98996,904,n6,grip
98998,879,n6,grip
99000,843,n6,grip
99002,875,n6,grip
99004,849,n6,grip
99006,854,n6,grip
99008,906,n6,grip
99010,894,n6,grip
99012,983,n6,grip
99014,1008,n6,grip
99016,1013,n6,grip
99018,1093,n6,grip
99020,1152,n6,grip
99022,1200,n6,grip
99024,1263,n6,grip
99026,1207,n6,grip
99028,1154,n6,grip
99030,1165,n6,grip
99032,1158,n6,grip
99034,1144,n6,grip
99036,1207,n6,grip
99038,1213,n6,grip
99040,1266,n6,grip
99042,1226,n6,grip
99044,1169,n6,grip
99046,1135,n6,grip
99048,1093,n6,grip
99050,1055,n6,grip
99052,1010,n6,grip
99054,979,n6,grip
99056,966,n6,grip
99058,964,n6,grip
99060,1010,n6,grip
99062,1007,n6,grip
99064,1021,n6,grip
99066,1015,n6,grip
99068,1001,n6,grip
99070,958,n6,grip
99072,929,n6,grip
99074,918,n6,grip
99076,881,n6,grip
99078,853,n6,grip
99080,937,n6,grip
99082,947,n6,grip
99084,1059,n6,grip
99086,1041,n6,grip
99088,993,n6,grip
99090,1040,n6,grip
99092,1039,n6,grip
99094,1149,n6,grip
99096,1169,n6,grip
99098,1200,n6,grip
99100,1265,n6,grip
99102,1294,n6,grip
99104,1329,n6,grip
99106,1294,n6,grip
99108,1270,n6,grip
99110,1227,n6,grip
99112,1174,n6,grip
99114,1144,n6,grip
99116,1169,n6,grip
99118,1120,n6,grip
99120,1075,n6,grip
99122,1039,n6,grip
99124,1083,n6,grip
99126,1149,n6,grip
99128,1144,n6,grip
99130,1187,n6,grip
99132,1194,n6,grip
99134,1209,n6,grip
99136,1220,n6,grip
99138,1182,n6,grip
99140,1153,n6,grip
99142,1197,n6,grip
99144,1203,n6,grip
99146,1177,n6,grip
99148,1185,n6,grip
99150,1319,n6,grip
99152,1385,n6,grip
99154,1378,n6,grip
99156,1361,n6,grip
99158,1360,n6,grip
99160,1306,n6,grip
99162,1248,n6,grip
99164,1200,n6,grip
99166,1158,n6,grip
99168,1191,n6,grip
99170,1238,n6,grip
99172,1266,n6,grip
99174,1232,n6,grip
99176,1202,n6,grip
99178,1158,n6,grip
99180,1150,n6,grip
99182,1143,n6,grip
99184,1119,n6,grip
99186,1111,n6,grip
99188,1106,n6,grip
99190,1081,n6,grip
99192,1036,n6,grip
99194,979,n6,grip
99196,940,n6,grip
99198,942,n6,grip
99200,982,n6,grip
99202,1097,n6,grip
99204,1136,n6,grip
99206,1190,n6,grip
99208,1189,n6,grip
99210,1135,n6,grip
99212,1163,n6,grip
99214,1203,n6,grip
99216,1167,n6,grip
99218,1174,n6,grip
99220,1253,n6,grip
99222,1279,n6,grip
99224,1277,n6,grip
99226,1360,n6,grip
99228,1327,n6,grip
99230,1294,n6,grip
99232,1259,n6,grip
99234,1232,n6,grip
99236,1193,n6,grip
99238,1165,n6,grip
99240,1147,n6,grip
99242,1131,n6,grip
99244,1127,n6,grip
99246,1166,n6,grip
99248,1323,n6,grip
99250,1361,n6,grip
99252,1328,n6,grip
99254,1308,n6,grip
99256,1309,n6,grip
99258,1350,n6,grip
99260,1339,n6,grip
99262,1404,n6,grip
99264,1465,n6,grip
99266,1419,n6,grip
99268,1472,n6,grip
99270,1519,n6,grip
99272,1472,n6,grip
99274,1463,n6,grip
99276,1489,n6,grip
99278,1469,n6,grip
99280,1418,n6,grip
99282,1363,n6,grip
99284,1338,n6,grip
99286,1365,n6,grip
99288,1323,n6,grip
99290,1293,n6,grip
99292,1264,n6,grip
99294,1236,n6,grip
99296,1210,n6,grip
99298,1255,n6,grip
99300,1279,n6,grip
99302,1353,n6,grip
99304,1296,n6,grip
99306,1280,n6,grip
99308,1319,n6,grip
99310,1265,n6,grip
99312,1227,n6,grip
99314,1202,n6,grip
99316,1186,n6,grip
99318,1168,n6,grip
99320,1193,n6,grip
99322,1164,n6,grip
99324,1137,n6,grip
99326,1135,n6,grip
99328,1242,n6,grip
99330,1263,n6,grip
99332,1357,n6,grip
99334,1414,n6,grip
99336,1403,n6,grip
99338,1435,n6,grip
99340,1428,n6,grip
99342,1392,n6,grip
99344,1429,n6,grip
99346,1392,n6,grip
99348,1332,n6,grip
99350,1293,n6,grip
99352,1294,n6,grip
99354,1247,n6,grip
99356,1195,n6,grip
99358,1153,n6,grip
99360,1197,n6,grip
99362,1243,n6,grip
99364,1227,n6,grip
99366,1329,n6,grip
99368,1293,n6,grip
99370,1252,n6,grip
99372,1216,n6,grip
99374,1257,n6,grip
99376,1269,n6,grip
99378,1299,n6,grip
99380,1424,n6,grip
99382,1391,n6,grip
99384,1418,n6,grip
99386,1421,n6,grip
99388,1438,n6,grip
99390,1394,n6,grip
99392,1331,n6,grip
99394,1283,n6,grip
99396,1261,n6,grip
99398,1232,n6,grip
99400,1296,n6,grip
99402,1370,n6,grip
99404,1348,n6,grip
99406,1310,n6,grip
99408,1424,n6,grip
99410,1402,n6,grip
99412,1365,n6,grip
99414,1360,n6,grip
99416,1317,n6,grip
99418,1328,n6,grip
99420,1412,n6,grip
99422,1399,n6,grip
99424,1344,n6,grip
99426,1296,n6,grip
99428,1255,n6,grip
99430,1213,n6,grip
99432,1164,n6,grip
99434,1164,n6,grip
99436,1173,n6,grip
99438,1137,n6,grip
99440,1104,n6,grip
99442,1078,n6,grip
99444,1085,n6,grip
99446,1059,n6,grip
99448,1010,n6,grip
99450,1084,n6,grip
99452,1095,n6,grip
99454,1074,n6,grip
99456,1091,n6,grip
99458,1090,n6,grip
99460,1088,n6,grip
99462,1053,n6,grip
99464,1037,n6,grip
99466,998,n6,grip
99468,976,n6,grip
99470,944,n6,grip
99472,944,n6,grip
99474,967,n6,grip
99476,935,n6,grip
99478,908,n6,grip
99480,886,n6,grip
99482,868,n6,grip
99484,837,n6,grip
99486,820,n6,grip
99488,816,n6,grip
99490,960,n6,grip
99492,992,n6,grip
99494,955,n6,grip
99496,1079,n6,grip
99498,1200,n6,grip
99500,1233,n6,grip
99502,1203,n6,grip
99504,1171,n6,grip
99506,1134,n6,grip
99508,1088,n6,grip
99510,1070,n6,grip
99512,1037,n6,grip
99514,1023,n6,grip
99516,987,n6,grip
99518,946,n6,grip
99520,915,n6,grip
99522,990,n6,grip
99524,1055,n6,grip
99526,1063,n6,grip
99528,1118,n6,grip
99530,1132,n6,grip
99532,1119,n6,grip
99534,1073,n6,grip
99536,1059,n6,grip
99538,1049,n6,grip
99540,999,n6,grip
99542,973,n6,grip
99544,957,n6,grip
99546,925,n6,grip
99548,898,n6,grip
99550,929,n6,grip
99552,931,n6,grip
99554,992,n6,grip
99556,965,n6,grip
99558,933,n6,grip
99560,921,n6,grip
99562,953,n6,grip
99564,1013,n6,grip
99566,982,n6,grip
99568,955,n6,grip
99570,926,n6,grip
99572,903,n6,grip
99574,884,n6,grip
99576,891,n6,grip
99578,871,n6,grip
99580,842,n6,grip
99582,852,n6,grip
99584,849,n6,grip
99586,871,n6,grip
99588,847,n6,grip
99590,837,n6,grip
99592,816,n6,grip
99594,816,n6,grip
99596,791,n6,grip
99598,768,n6,grip
99600,784,n6,grip
99602,795,n6,grip
99604,880,n6,grip
99606,951,n6,grip
99608,978,n6,grip
99610,1063,n6,grip
99612,1115,n6,grip
99614,1143,n6,grip
99616,1134,n6,grip
99618,1187,n6,grip
99620,1230,n6,grip
99622,1307,n6,grip
99624,1335,n6,grip
99626,1281,n6,grip
99628,1306,n6,grip
99630,1301,n6,grip
99632,1310,n6,grip
99634,1290,n6,grip
99636,1285,n6,grip
99638,1249,n6,grip
99640,1216,n6,grip
99642,1186,n6,grip
99644,1181,n6,grip
99646,1193,n6,grip
99648,1179,n6,grip
99650,1168,n6,grip
99652,1179,n6,grip
99654,1141,n6,grip
99656,1133,n6,grip
99658,1103,n6,grip
99660,1181,n6,grip
99662,1213,n6,grip
99664,1168,n6,grip
99666,1133,n6,grip
99668,1123,n6,grip
99670,1151,n6,grip
99672,1184,n6,grip
99674,1168,n6,grip
99676,1230,n6,grip
99678,1181,n6,grip
99680,1127,n6,grip
99682,1078,n6,grip
99684,1050,n6,grip
99686,1021,n6,grip
99688,1087,n6,grip
99690,1088,n6,grip
99692,1154,n6,grip
99694,1237,n6,grip
99696,1197,n6,grip
99698,1150,n6,grip
99700,1127,n6,grip
99702,1099,n6,grip
99704,1095,n6,grip
99706,1084,n6,grip
99708,1042,n6,grip
99710,1058,n6,grip
99712,1046,n6,grip
99714,1010,n6,grip
99716,976,n6,grip
99718,1013,n6,grip
99720,1061,n6,grip
99722,1074,n6,grip
99724,1069,n6,grip
99726,1085,n6,grip
99728,1088,n6,grip
99730,1097,n6,grip
99732,1072,n6,grip
99734,1088,n6,grip
99736,1134,n6,grip
99738,1101,n6,grip
99740,1054,n6,grip
99742,1012,n6,grip
99744,1003,n6,grip
99746,970,n6,grip
99748,962,n6,grip
99750,983,n6,grip
99752,971,n6,grip
99754,938,n6,grip
99756,922,n6,grip
99758,911,n6,grip
99760,1057,n6,grip
99762,1088,n6,grip
99764,1137,n6,grip
99766,1234,n6,grip
99768,1203,n6,grip
99770,1253,n6,grip
99772,1371,n6,grip
99774,1366,n6,grip
99776,1534,n6,grip
99778,1605,n6,grip
99780,1573,n6,grip
99782,1589,n6,grip
99784,1562,n6,grip
99786,1535,n6,grip
99788,1529,n6,grip
99790,1475,n6,grip
99792,1425,n6,grip
99794,1378,n6,grip
99796,1328,n6,grip
99798,1300,n6,grip
99800,1248,n6,grip
99802,1214,n6,grip
99804,1162,n6,grip
99806,1175,n6,grip
99808,1151,n6,grip
99810,1131,n6,grip
99812,1121,n6,grip
99814,1089,n6,grip
99816,1049,n6,grip
99818,1023,n6,grip
99820,1008,n6,grip
99822,1013,n6,grip
99824,1122,n6,grip
99826,1147,n6,grip
99828,1196,n6,grip
99830,1295,n6,grip
99832,1339,n6,grip
99834,1326,n6,grip
99836,1265,n6,grip
99838,1327,n6,grip
99840,1467,n6,grip
99842,1515,n6,grip
99844,1655,n6,grip
99846,1652,n6,grip
99848,1701,n6,grip
99850,1671,n6,grip
99852,1741,n6,grip
99854,1698,n6,grip
99856,1629,n6,grip
99858,1579,n6,grip
99860,1535,n6,grip
99862,1493,n6,grip
99864,1503,n6,grip
99866,1503,n6,grip
99868,1487,n6,grip
99870,1458,n6,grip
99872,1443,n6,grip
99874,1396,n6,grip
99876,1418,n6,grip
99878,1449,n6,grip
99880,1392,n6,grip
99882,1349,n6,grip
99884,1306,n6,grip
99886,1248,n6,grip
99888,1213,n6,grip
99890,1210,n6,grip
99892,1231,n6,grip
99894,1267,n6,grip
99896,1279,n6,grip
99898,1415,n6,grip
99900,1429,n6,grip
99902,1376,n6,grip
99904,1338,n6,grip
99906,1316,n6,grip
99908,1268,n6,grip
99910,1255,n6,grip
99912,1227,n6,grip
99914,1203,n6,grip
99916,1195,n6,grip
99918,1172,n6,grip
99920,1196,n6,grip
99922,1186,n6,grip
99924,1214,n6,grip
99926,1211,n6,grip
99928,1162,n6,grip
99930,1165,n6,grip
99932,1141,n6,grip
99934,1114,n6,grip
99936,1078,n6,grip
99938,1062,n6,grip
99940,1044,n6,grip
99942,1076,n6,grip
99944,1091,n6,grip
99946,1099,n6,grip
99948,1143,n6,grip
99950,1257,n6,grip
99952,1228,n6,grip
99954,1182,n6,grip
99956,1136,n6,grip
99958,1143,n6,grip
99960,1157,n6,grip
99962,1141,n6,grip
99964,1200,n6,grip
99966,1186,n6,grip
99968,1175,n6,grip
99970,1163,n6,grip
99972,1113,n6,grip
99974,1088,n6,grip
99976,1040,n6,grip
99978,1035,n6,grip
99980,1046,n6,grip
99982,1017,n6,grip
99984,1009,n6,grip
99986,994,n6,grip
99988,969,n6,grip
99990,942,n6,grip
99992,919,n6,grip
99994,915,n6,grip
99996,909,n6,grip
99998,919,n6,grip
100000,955,n6,grip
100002,935,n6,grip
100004,943,n6,grip
100006,966,n6,grip
100008,948,n6,grip
100010,923,n6,grip
100012,898,n6,grip
100014,874,n6,grip
100016,874,n6,grip
100018,854,n6,grip
100020,889,n6,grip
100022,913,n6,grip
100024,901,n6,grip
100026,920,n6,grip
100028,895,n6,grip
100030,865,n6,grip
100032,865,n6,grip
100034,910,n6,grip
100036,919,n6,grip
100038,902,n6,grip
100040,933,n6,grip
100042,991,n6,grip
100044,1017,n6,grip
100046,982,n6,grip
100048,976,n6,grip
100050,983,n6,grip
100052,959,n6,grip
100054,934,n6,grip
100056,912,n6,grip
100058,873,n6,grip
100060,837,n6,grip
100062,829,n6,grip
100064,832,n6,grip
100066,811,n6,grip
100068,794,n6,grip
100070,793,n6,grip
100072,782,n6,grip
100074,752,n6,grip
100076,749,n6,grip
100078,786,n6,grip
100080,775,n6,grip
100082,761,n6,grip
100084,747,n6,grip
100086,731,n6,grip
100088,720,n6,grip
100090,689,n6,grip
100092,686,n6,grip
100094,704,n6,grip
100096,682,n6,grip
100098,657,n6,grip
100100,693,n6,grip
100102,765,n6,grip
100104,775,n6,grip
100106,801,n6,grip
100108,767,n6,grip
100110,734,n6,grip
100112,738,n6,grip
100114,727,n6,grip
100116,715,n6,grip
100118,715,n6,grip
100120,682,n6,grip
100122,656,n6,grip
100124,656,n6,grip
100126,651,n6,grip
100128,640,n6,grip
100130,695,n6,grip
100132,704,n6,grip
100134,779,n6,grip
100136,903,n6,grip
100138,920,n6,grip
100140,994,n6,grip
100142,1015,n6,grip
100144,1017,n6,grip
100146,974,n6,grip
100148,950,n6,grip
100150,967,n6,grip
100152,994,n6,grip
100154,998,n6,grip
100156,956,n6,grip
100158,919,n6,grip
100160,947,n6,grip
100162,951,n6,grip
100164,951,n6,grip
100166,919,n6,grip
100168,882,n6,grip
100170,881,n6,grip
100172,849,n6,grip
100174,834,n6,grip
100176,844,n6,grip
100178,944,n6,grip
100180,1060,n6,grip
100182,1100,n6,grip
100184,1303,n6,grip
100186,1370,n6,grip
100188,1345,n6,grip
100190,1344,n6,grip
100192,1299,n6,grip
100194,1253,n6,grip
100196,1195,n6,grip
100198,1143,n6,grip
100200,1104,n6,grip
100202,1078,n6,grip
100204,1059,n6,grip
100206,1107,n6,grip
100208,1101,n6,grip
100210,1146,n6,grip
100212,1146,n6,grip
100214,1109,n6,grip
100216,1137,n6,grip
100218,1162,n6,grip
100220,1137,n6,grip
100222,1127,n6,grip
100224,1098,n6,grip
100226,1155,n6,grip
100228,1160,n6,grip
100230,1129,n6,grip
100232,1085,n6,grip
100234,1040,n6,grip
100236,1041,n6,grip
100238,1042,n6,grip
100240,1056,n6,grip
100242,1034,n6,grip
100244,1034,n6,grip
100246,1007,n6,grip
100248,1022,n6,grip
100250,1014,n6,grip
100252,1065,n6,grip
100254,1015,n6,grip
100256,973,n6,grip
100258,958,n6,grip
100260,943,n6,grip
100262,993,n6,grip
100264,1039,n6,grip
100266,1008,n6,grip
100268,1021,n6,grip
100270,996,n6,grip
100272,949,n6,grip
114296,1136,n6,grip
114298,1087,n6,grip
114300,1042,n6,grip
114302,1023,n6,grip
114304,1038,n6,grip
114306,1074,n6,grip
114308,1072,n6,grip
114310,1038,n6,grip
114312,1088,n6,grip
114314,1102,n6,grip
114316,1084,n6,grip
114318,1053,n6,grip
114320,1002,n6,grip
114322,986,n6,grip
114324,971,n6,grip
114326,941,n6,grip
114328,904,n6,grip
114330,907,n6,grip
114332,887,n6,grip
114334,912,n6,grip
114336,971,n6,grip
114338,980,n6,grip
114340,1006,n6,grip
114342,1014,n6,grip
114344,1023,n6,grip
114346,1047,n6,grip
114348,1104,n6,grip
114350,1112,n6,grip
114352,1074,n6,grip
114354,1045,n6,grip
114356,1040,n6,grip
114358,1068,n6,grip
114360,1081,n6,grip
114362,1059,n6,grip
114364,1101,n6,grip
114366,1107,n6,grip
114368,1120,n6,grip
114370,1130,n6,grip
114372,1088,n6,grip
114374,1040,n6,grip
114376,1011,n6,grip
114378,1001,n6,grip
114380,991,n6,grip
114382,949,n6,grip
114384,945,n6,grip
114386,946,n6,grip
114388,926,n6,grip
114390,897,n6,grip
114392,879,n6,grip
114394,855,n6,grip
114396,866,n6,grip
114398,957,n6,grip
114400,943,n6,grip
114402,937,n6,grip
114404,901,n6,grip
114406,879,n6,grip
114408,858,n6,grip
114410,838,n6,grip
114412,812,n6,grip
114414,813,n6,grip
114416,792,n6,grip
114418,755,n6,grip
114420,752,n6,grip
114422,740,n6,grip
114424,738,n6,grip
114426,730,n6,grip
114428,707,n6,grip
114430,697,n6,grip
114432,677,n6,grip
114434,665,n6,grip
114436,685,n6,grip
114438,677,n6,grip
114440,709,n6,grip
114442,692,n6,grip
114444,730,n6,grip
114446,742,n6,grip
114448,731,n6,grip
114450,707,n6,grip
114452,674,n6,grip
114454,656,n6,grip
114456,646,n6,grip
114458,637,n6,grip
114460,612,n6,grip
114462,625,n6,grip
114464,672,n6,grip
114466,745,n6,grip
114468,755,n6,grip
114470,820,n6,grip
114472,835,n6,grip
114474,850,n6,grip
114476,867,n6,grip
114478,866,n6,grip
114480,893,n6,grip
114482,1017,n6,grip
114484,1079,n6,grip
114486,1069,n6,grip
114488,1023,n6,grip
114490,1042,n6,grip
114492,1019,n6,grip
114494,1003,n6,grip
114496,1015,n6,grip
114498,981,n6,grip
114500,941,n6,grip
114502,946,n6,grip
114504,1072,n6,grip
114506,1109,n6,grip
114508,1235,n6,grip
114510,1299,n6,grip
114512,1298,n6,grip
114514,1274,n6,grip
114516,1296,n6,grip
114518,1264,n6,grip
114520,1233,n6,grip
114522,1182,n6,grip
114524,1147,n6,grip
114526,1122,n6,grip
114528,1081,n6,grip
114530,1044,n6,grip
114532,1001,n6,grip
114534,1003,n6,grip
114536,975,n6,grip
114538,967,n6,grip
114540,940,n6,grip
114542,897,n6,grip
114544,871,n6,grip
114546,835,n6,grip
114548,797,n6,grip
114550,766,n6,grip
114552,789,n6,grip
114554,802,n6,grip
114556,812,n6,grip
114558,835,n6,grip
114560,837,n6,grip
114562,842,n6,grip
114564,828,n6,grip
114566,853,n6,grip
114568,858,n6,grip
114570,848,n6,grip
114572,858,n6,grip
114574,829,n6,grip
114576,838,n6,grip
114578,917,n6,grip
114580,976,n6,grip
114582,955,n6,grip
114584,909,n6,grip
114586,886,n6,grip
114588,848,n6,grip
114590,827,n6,grip
114592,891,n6,grip
114594,942,n6,grip
114596,965,n6,grip
114598,1008,n6,grip
114600,965,n6,grip
114602,975,n6,grip
114604,1008,n6,grip
114606,979,n6,grip
114608,976,n6,grip
114610,1008,n6,grip
114612,1062,n6,grip
114614,1067,n6,grip
114616,1057,n6,grip
114618,1083,n6,grip
114620,1074,n6,grip
114622,1047,n6,grip
114624,1087,n6,grip
114626,1070,n6,grip
114628,1023,n6,grip
114630,1005,n6,grip
114632,1079,n6,grip
114634,1106,n6,grip
114636,1088,n6,grip
114638,1074,n6,grip
114640,1046,n6,grip
114642,1152,n6,grip
114644,1166,n6,grip
114646,1168,n6,grip
114648,1162,n6,grip
114650,1151,n6,grip
114652,1159,n6,grip
114654,1163,n6,grip
114656,1147,n6,grip
114658,1167,n6,grip
114660,1126,n6,grip
114662,1091,n6,grip
114664,1041,n6,grip
114666,1006,n6,grip
114668,1023,n6,grip
114670,1115,n6,grip
114672,1105,n6,grip
114674,1151,n6,grip
114676,1250,n6,grip
114678,1258,n6,grip
114680,1253,n6,grip
114682,1232,n6,grip
114684,1195,n6,grip
114686,1169,n6,grip
114688,1161,n6,grip
114690,1152,n6,grip
114692,1154,n6,grip
114694,1105,n6,grip
114696,1153,n6,grip
114698,1138,n6,grip
114700,1103,n6,grip
114702,1129,n6,grip
114704,1109,n6,grip
114706,1150,n6,grip
114708,1136,n6,grip
114710,1092,n6,grip
114712,1045,n6,grip
114714,1037,n6,grip
114716,1015,n6,grip
114718,976,n6,grip
114720,944,n6,grip
114722,943,n6,grip
114724,944,n6,grip
114726,943,n6,grip
114728,1014,n6,grip
114730,999,n6,grip
114732,975,n6,grip
114734,953,n6,grip
114736,919,n6,grip
114738,894,n6,grip
114740,873,n6,grip
114742,906,n6,grip
114744,949,n6,grip
114746,959,n6,grip
114748,925,n6,grip
114750,918,n6,grip
114752,892,n6,grip
114754,876,n6,grip
114756,874,n6,grip
114758,944,n6,grip
114760,966,n6,grip
114762,941,n6,grip
114764,944,n6,grip
114766,999,n6,grip
114768,976,n6,grip
114770,944,n6,grip
114772,944,n6,grip
114774,944,n6,grip
114776,906,n6,grip
114778,879,n6,grip
114780,848,n6,grip
114782,808,n6,grip
114784,774,n6,grip
114786,822,n6,grip
114788,874,n6,grip
114790,871,n6,grip
114792,925,n6,grip
114794,945,n6,grip
114796,930,n6,grip
114798,1060,n6,grip
114800,1098,n6,grip
114802,1088,n6,grip
114804,1094,n6,grip
114806,1121,n6,grip
114808,1147,n6,grip
114810,1117,n6,grip
114812,1104,n6,grip
114814,1125,n6,grip
114816,1118,n6,grip
114818,1138,n6,grip
114820,1199,n6,grip
114822,1189,n6,grip
114824,1259,n6,grip
114826,1296,n6,grip
114828,1248,n6,grip
114830,1247,n6,grip
114832,1217,n6,grip
114834,1200,n6,grip
114836,1202,n6,grip
114838,1233,n6,grip
114840,1207,n6,grip
114842,1285,n6,grip
114844,1296,n6,grip
114846,1253,n6,grip
114848,1230,n6,grip
114850,1207,n6,grip
114852,1168,n6,grip
114854,1151,n6,grip
114856,1117,n6,grip
114858,1107,n6,grip
114860,1088,n6,grip
114862,1043,n6,grip
114864,1002,n6,grip
114866,970,n6,grip
114868,969,n6,grip
114870,971,n6,grip
114872,943,n6,grip
114874,944,n6,grip
114876,943,n6,grip
114878,910,n6,grip
114880,960,n6,grip
114882,1049,n6,grip
114884,1053,n6,grip
114886,1070,n6,grip
114888,1062,n6,grip
114890,1043,n6,grip
114892,995,n6,grip
114894,1001,n6,grip
114896,1019,n6,grip
114898,1034,n6,grip
114900,1013,n6,grip
114902,979,n6,grip
114904,975,n6,grip
114906,955,n6,grip
114908,947,n6,grip
114910,944,n6,grip
114912,965,n6,grip
114914,985,n6,grip
114916,983,n6,grip
114918,998,n6,grip
114920,1060,n6,grip
114922,1055,n6,grip
114924,1115,n6,grip
114926,1142,n6,grip
114928,1104,n6,grip
114930,1072,n6,grip
114932,1023,n6,grip
114934,992,n6,grip
114936,999,n6,grip
114938,984,n6,grip
114940,959,n6,grip
114942,924,n6,grip
114944,881,n6,grip
114946,867,n6,grip
114948,892,n6,grip
114950,875,n6,grip
114952,870,n6,grip
114954,848,n6,grip
114956,863,n6,grip
114958,939,n6,grip
114960,959,n6,grip
114962,928,n6,grip
114964,1034,n6,grip
114966,1139,n6,grip
114968,1136,n6,grip
114970,1105,n6,grip
114972,1062,n6,grip
114974,1023,n6,grip
114976,990,n6,grip
114978,954,n6,grip
114980,946,n6,grip
114982,992,n6,grip
114984,1008,n6,grip
114986,1047,n6,grip
114988,1219,n6,grip
114990,1209,n6,grip
114992,1339,n6,grip
114994,1470,n6,grip
114996,1502,n6,grip
114998,1446,n6,grip
115000,1383,n6,grip
115002,1349,n6,grip
115004,1345,n6,grip
115006,1301,n6,grip
115008,1267,n6,grip
115010,1274,n6,grip
115012,1231,n6,grip
115014,1200,n6,grip
115016,1222,n6,grip
115018,1241,n6,grip
115020,1200,n6,grip
115022,1210,n6,grip
115024,1247,n6,grip
115026,1246,n6,grip
115028,1200,n6,grip
115030,1247,n6,grip
115032,1366,n6,grip
115034,1488,n6,grip
115036,1483,n6,grip
115038,1609,n6,grip
115040,1707,n6,grip
115042,1696,n6,grip
115044,1646,n6,grip
115046,1602,n6,grip
115048,1535,n6,grip
115050,1498,n6,grip
115052,1491,n6,grip
115054,1519,n6,grip
115056,1520,n6,grip
115058,1488,n6,grip
115060,1446,n6,grip
115062,1414,n6,grip
115064,1368,n6,grip
115066,1321,n6,grip
115068,1289,n6,grip
115070,1296,n6,grip
115072,1296,n6,grip
115074,1264,n6,grip
115076,1327,n6,grip
115078,1370,n6,grip
115080,1356,n6,grip
115082,1378,n6,grip
115084,1386,n6,grip
115086,1328,n6,grip
115088,1274,n6,grip
115090,1246,n6,grip
115092,1219,n6,grip
115094,1234,n6,grip
115096,1203,n6,grip
115098,1200,n6,grip
115100,1159,n6,grip
115102,1139,n6,grip
115104,1100,n6,grip
115106,1136,n6,grip
115108,1175,n6,grip
115110,1127,n6,grip
115112,1095,n6,grip
115114,1109,n6,grip
115116,1090,n6,grip
115118,1115,n6,grip
115120,1072,n6,grip
115122,1043,n6,grip
115124,1062,n6,grip
115126,1056,n6,grip
115128,1014,n6,grip
115130,1075,n6,grip
115132,1082,n6,grip
115134,1040,n6,grip
115136,1014,n6,grip
115138,996,n6,grip
115140,1023,n6,grip
115142,1042,n6,grip
115144,1078,n6,grip
115146,1071,n6,grip
115148,1099,n6,grip
115150,1169,n6,grip
115152,1229,n6,grip
115154,1207,n6,grip
115156,1239,n6,grip
115158,1321,n6,grip
115160,1303,n6,grip
115162,1261,n6,grip
115164,1217,n6,grip
115166,1227,n6,grip
115168,1181,n6,grip
115170,1139,n6,grip
115172,1102,n6,grip
115174,1084,n6,grip
115176,1043,n6,grip
115178,1023,n6,grip
115180,1008,n6,grip
115182,1066,n6,grip
115184,1069,n6,grip
115186,1101,n6,grip
115188,1078,n6,grip
115190,1083,n6,grip
115192,1045,n6,grip
115194,1061,n6,grip
115196,1033,n6,grip
115198,1043,n6,grip
115200,1092,n6,grip
115202,1104,n6,grip
115204,1136,n6,grip
115206,1200,n6,grip
115208,1226,n6,grip
115210,1205,n6,grip
115212,1170,n6,grip
115214,1182,n6,grip
115216,1184,n6,grip
115218,1218,n6,grip
115220,1280,n6,grip
115222,1265,n6,grip
115224,1308,n6,grip
115226,1325,n6,grip
115228,1356,n6,grip
115230,1350,n6,grip
115232,1351,n6,grip
115234,1301,n6,grip
115236,1284,n6,grip
115238,1279,n6,grip
115240,1418,n6,grip
115242,1439,n6,grip
115244,1389,n6,grip
115246,1331,n6,grip
115248,1291,n6,grip
115250,1268,n6,grip
115252,1234,n6,grip
115254,1199,n6,grip
115256,1145,n6,grip
115258,1101,n6,grip
115260,1072,n6,grip
115262,1083,n6,grip
115264,1120,n6,grip
115266,1184,n6,grip
115268,1186,n6,grip
115270,1221,n6,grip
115272,1198,n6,grip
115274,1172,n6,grip
115276,1153,n6,grip
115278,1114,n6,grip
115280,1164,n6,grip
115282,1215,n6,grip
115284,1202,n6,grip
115286,1225,n6,grip
115288,1169,n6,grip
115290,1120,n6,grip
115292,1094,n6,grip
115294,1084,n6,grip
115296,1088,n6,grip
115298,1070,n6,grip
115300,1014,n6,grip
115302,989,n6,grip
115304,1003,n6,grip
115306,960,n6,grip
115308,978,n6,grip
115310,1105,n6,grip
115312,1173,n6,grip
115314,1155,n6,grip
115316,1183,n6,grip
115318,1180,n6,grip
115320,1143,n6,grip
115322,1114,n6,grip
115324,1094,n6,grip
115326,1061,n6,grip
115328,1049,n6,grip
115330,1067,n6,grip
115332,1040,n6,grip
115334,1023,n6,grip
115336,1015,n6,grip
115338,1087,n6,grip
115340,1141,n6,grip
115342,1182,n6,grip
115344,1225,n6,grip
115346,1349,n6,grip
115348,1370,n6,grip
115350,1306,n6,grip
115352,1264,n6,grip
115354,1225,n6,grip
115356,1174,n6,grip
115358,1133,n6,grip
115360,1094,n6,grip
115362,1065,n6,grip
115364,1098,n6,grip
115366,1072,n6,grip
115368,1023,n6,grip
115370,1005,n6,grip
115372,985,n6,grip
115374,979,n6,grip
115376,977,n6,grip
115378,960,n6,grip
115380,928,n6,grip
115382,914,n6,grip
115384,887,n6,grip
115386,950,n6,grip
115388,943,n6,grip
115390,935,n6,grip
115392,915,n6,grip
115394,912,n6,grip
115396,922,n6,grip
115398,908,n6,grip
115400,870,n6,grip
115402,864,n6,grip
115404,875,n6,grip
115406,842,n6,grip
115408,845,n6,grip
115410,811,n6,grip
115412,793,n6,grip
115414,797,n6,grip
115416,862,n6,grip
115418,890,n6,grip
115420,911,n6,grip
115422,881,n6,grip
115424,891,n6,grip
115426,906,n6,grip
115428,1049,n6,grip
115430,1087,n6,grip
115432,1172,n6,grip
115434,1286,n6,grip
115436,1309,n6,grip
115438,1261,n6,grip
115440,1210,n6,grip
115442,1177,n6,grip
115444,1136,n6,grip
115446,1102,n6,grip
115448,1067,n6,grip
115450,1045,n6,grip
115452,1070,n6,grip
115454,1088,n6,grip
115456,1098,n6,grip
115458,1125,n6,grip
115460,1101,n6,grip
115462,1072,n6,grip
115464,1078,n6,grip
115466,1143,n6,grip
115468,1137,n6,grip
115470,1157,n6,grip
115472,1152,n6,grip
115474,1210,n6,grip
115476,1218,n6,grip
115478,1187,n6,grip
115480,1200,n6,grip
115482,1278,n6,grip
115484,1239,n6,grip
115486,1274,n6,grip
115488,1301,n6,grip
115490,1424,n6,grip
115492,1423,n6,grip
115494,1361,n6,grip
115496,1312,n6,grip
115498,1303,n6,grip
115500,1333,n6,grip
115502,1308,n6,grip
115504,1254,n6,grip
115506,1200,n6,grip
115508,1167,n6,grip
115510,1149,n6,grip
115512,1125,n6,grip
115514,1130,n6,grip
115516,1134,n6,grip
115518,1086,n6,grip
115520,1059,n6,grip
115522,1022,n6,grip
115524,1006,n6,grip
115526,1023,n6,grip
115528,1044,n6,grip
115530,1033,n6,grip
115532,989,n6,grip
115534,976,n6,grip
115536,1089,n6,grip
115538,1169,n6,grip
115540,1147,n6,grip
115542,1217,n6,grip
115544,1222,n6,grip
115546,1198,n6,grip
115548,1168,n6,grip
115550,1174,n6,grip
115552,1156,n6,grip
115554,1114,n6,grip
115556,1090,n6,grip
115558,1067,n6,grip
115560,1072,n6,grip
115562,1056,n6,grip
115564,1018,n6,grip
115566,975,n6,grip
115568,928,n6,grip
115570,919,n6,grip
115572,891,n6,grip
115574,863,n6,grip
115576,846,n6,grip
115578,837,n6,grip
115580,831,n6,grip
115582,871,n6,grip
115584,899,n6,grip
115586,897,n6,grip
115588,875,n6,grip
115590,960,n6,grip
115592,1021,n6,grip
115594,1008,n6,grip
115596,1095,n6,grip
115598,1075,n6,grip
115600,1085,n6,grip
115602,1088,n6,grip
115604,1122,n6,grip
115606,1105,n6,grip
115608,1202,n6,grip
115610,1220,n6,grip
115612,1276,n6,grip
115614,1462,n6,grip
115616,1458,n6,grip
115618,1420,n6,grip
115620,1361,n6,grip
115622,1322,n6,grip
115624,1368,n6,grip
115626,1456,n6,grip
115628,1419,n6,grip
115630,1465,n6,grip
115632,1498,n6,grip
115634,1535,n6,grip
115636,1535,n6,grip
115638,1521,n6,grip
115640,1455,n6,grip
115642,1444,n6,grip
115644,1477,n6,grip
115646,1579,n6,grip
115648,1526,n6,grip
115650,1481,n6,grip
115652,1425,n6,grip
115654,1373,n6,grip
115656,1329,n6,grip
115658,1274,n6,grip
115660,1216,n6,grip
115662,1168,n6,grip
115664,1161,n6,grip
115666,1216,n6,grip
115668,1359,n6,grip
115670,1410,n6,grip
115672,1450,n6,grip
115674,1445,n6,grip
115676,1397,n6,grip
115678,1381,n6,grip
115680,1344,n6,grip
115682,1395,n6,grip
115684,1426,n6,grip
115686,1379,n6,grip
115688,1322,n6,grip
115690,1269,n6,grip
115692,1229,n6,grip
115694,1189,n6,grip
115696,1217,n6,grip
115698,1238,n6,grip
115700,1245,n6,grip
115702,1217,n6,grip
115704,1200,n6,grip
115706,1163,n6,grip
115708,1110,n6,grip
115710,1063,n6,grip
115712,1059,n6,grip
115714,1014,n6,grip
115716,970,n6,grip
115718,939,n6,grip
115720,986,n6,grip
115722,1116,n6,grip
115724,1079,n6,grip
115726,1085,n6,grip
115728,1147,n6,grip
115730,1155,n6,grip
115732,1119,n6,grip
115734,1104,n6,grip
115736,1248,n6,grip
115738,1290,n6,grip
115740,1255,n6,grip
115742,1303,n6,grip
115744,1259,n6,grip
115746,1232,n6,grip
115748,1209,n6,grip
115750,1209,n6,grip
115752,1235,n6,grip
115754,1194,n6,grip
115756,1173,n6,grip
115758,1136,n6,grip
115760,1104,n6,grip
115762,1075,n6,grip
115764,1057,n6,grip
115766,1010,n6,grip
115768,1003,n6,grip
115770,1022,n6,grip
115772,1015,n6,grip
115774,977,n6,grip
115776,974,n6,grip
115778,1064,n6,grip
115780,1072,n6,grip
115782,1083,n6,grip
115784,1148,n6,grip
115786,1146,n6,grip
115788,1129,n6,grip
115790,1130,n6,grip
115792,1103,n6,grip
115794,1072,n6,grip
115796,1022,n6,grip
115798,1069,n6,grip
115800,1063,n6,grip
115802,1023,n6,grip
115804,1114,n6,grip
115806,1103,n6,grip
115808,1139,n6,grip
115810,1133,n6,grip
115812,1213,n6,grip
115814,1195,n6,grip
115816,1294,n6,grip
115818,1375,n6,grip
115820,1396,n6,grip
115822,1355,n6,grip
115824,1337,n6,grip
115826,1410,n6,grip
115828,1568,n6,grip
115830,1616,n6,grip
115832,1565,n6,grip
115834,1520,n6,grip
115836,1618,n6,grip
115838,1599,n6,grip
115840,1533,n6,grip
115842,1582,n6,grip
115844,1616,n6,grip
115846,1535,n6,grip
115848,1572,n6,grip
115850,1634,n6,grip
115852,1665,n6,grip
115854,1643,n6,grip
115856,1647,n6,grip
115858,1630,n6,grip
115860,1600,n6,grip
115862,1535,n6,grip
115864,1485,n6,grip
115866,1421,n6,grip
115868,1361,n6,grip
115870,1375,n6,grip
115872,1467,n6,grip
115874,1535,n6,grip
115876,1520,n6,grip
115878,1626,n6,grip
115880,1682,n6,grip
115882,1683,n6,grip
115884,1641,n6,grip
115886,1570,n6,grip
115888,1526,n6,grip
115890,1481,n6,grip
115892,1424,n6,grip
115894,1441,n6,grip
115896,1450,n6,grip
115898,1431,n6,grip
115900,1535,n6,grip
115902,1584,n6,grip
115904,1535,n6,grip
115906,1671,n6,grip
115908,1690,n6,grip
115910,1617,n6,grip
115912,1575,n6,grip
115914,1615,n6,grip
115916,1605,n6,grip
115918,1597,n6,grip
115920,1600,n6,grip
115922,1616,n6,grip
115924,1630,n6,grip
115926,1628,n6,grip
115928,1737,n6,grip
115930,1677,n6,grip
115932,1643,n6,grip
115934,1637,n6,grip
115936,1637,n6,grip
115938,1678,n6,grip
115940,1646,n6,grip
115942,1634,n6,grip
115944,1691,n6,grip
115946,1685,n6,grip
115948,1776,n6,grip
115950,1738,n6,grip
115952,1674,n6,grip
115954,1680,n6,grip
115956,1616,n6,grip
115958,1629,n6,grip
115960,1591,n6,grip
115962,1535,n6,grip
115964,1568,n6,grip
115966,1745,n6,grip
115968,1808,n6,grip
115970,1813,n6,grip
115972,1867,n6,grip
115974,1893,n6,grip
115976,1858,n6,grip
115978,1969,n6,grip
115980,2012,n6,grip
115982,1941,n6,grip
115984,1893,n6,grip
115986,1816,n6,grip
115988,1741,n6,grip
115990,1673,n6,grip
115992,1602,n6,grip
115994,1535,n6,grip
115996,1498,n6,grip
115998,1465,n6,grip
116000,1402,n6,grip
116002,1337,n6,grip
116004,1355,n6,grip
116006,1507,n6,grip
116008,1602,n6,grip
116010,1570,n6,grip
116012,1622,n6,grip
116014,1840,n6,grip
116016,1841,n6,grip
116018,1811,n6,grip
116020,1806,n6,grip
116022,1808,n6,grip
116024,1828,n6,grip
116026,1811,n6,grip
116028,1971,n6,grip
116030,1968,n6,grip
116032,1953,n6,grip
116034,1892,n6,grip
116036,1893,n6,grip
116038,1819,n6,grip
116040,1791,n6,grip
116042,1760,n6,grip
116044,1701,n6,grip
116046,1649,n6,grip
116048,1583,n6,grip
116050,1507,n6,grip
116052,1442,n6,grip
116054,1381,n6,grip
116056,1329,n6,grip
116058,1274,n6,grip
116060,1220,n6,grip
116062,1168,n6,grip
116064,1132,n6,grip
116066,1111,n6,grip
116068,1124,n6,grip
116070,1109,n6,grip
116072,1072,n6,grip
116074,1046,n6,grip
116076,1071,n6,grip
116078,1038,n6,grip
116080,1046,n6,grip
116082,1058,n6,grip
116084,1042,n6,grip
116086,1062,n6,grip
116088,1088,n6,grip
116090,1110,n6,grip
116092,1138,n6,grip
116094,1111,n6,grip
116096,1127,n6,grip
116098,1117,n6,grip
116100,1070,n6,grip
116102,1021,n6,grip
116104,1057,n6,grip
116106,1111,n6,grip
116108,1099,n6,grip
116110,1162,n6,grip
116112,1127,n6,grip
116114,1120,n6,grip
116116,1168,n6,grip
116118,1175,n6,grip
116120,1168,n6,grip
116122,1186,n6,grip
116124,1187,n6,grip
116126,1314,n6,grip
116128,1351,n6,grip
116130,1312,n6,grip
116132,1296,n6,grip
116134,1259,n6,grip
116136,1232,n6,grip
116138,1197,n6,grip
116140,1166,n6,grip
116142,1135,n6,grip
116144,1088,n6,grip
116146,1045,n6,grip
116148,1009,n6,grip
116150,978,n6,grip
116152,951,n6,grip
116154,949,n6,grip
116156,970,n6,grip
116158,976,n6,grip
116160,975,n6,grip
116162,966,n6,grip
116164,944,n6,grip
116166,910,n6,grip
116168,896,n6,grip
116170,911,n6,grip
116172,943,n6,grip
116174,1082,n6,grip
116176,1090,n6,grip
116178,1091,n6,grip
116180,1118,n6,grip
116182,1098,n6,grip
116184,1062,n6,grip
116186,1040,n6,grip
116188,1019,n6,grip
116190,1056,n6,grip
116192,1057,n6,grip
116194,1110,n6,grip
116196,1154,n6,grip
116198,1104,n6,grip
116200,1093,n6,grip
116202,1078,n6,grip
116204,1065,n6,grip
116206,1063,n6,grip
116208,1014,n6,grip
116210,995,n6,grip
116212,963,n6,grip
116214,921,n6,grip
116216,885,n6,grip
116218,866,n6,grip
116220,892,n6,grip
116222,899,n6,grip
116224,1000,n6,grip
116226,995,n6,grip
116228,981,n6,grip
116230,998,n6,grip
116232,1105,n6,grip
116234,1147,n6,grip
116236,1131,n6,grip
116238,1138,n6,grip
116240,1138,n6,grip
116242,1111,n6,grip
116244,1079,n6,grip
116246,1042,n6,grip
116248,1053,n6,grip
116250,1093,n6,grip
116252,1067,n6,grip
116254,1053,n6,grip
116256,1092,n6,grip
116258,1088,n6,grip
116260,1077,n6,grip
116262,1136,n6,grip
116264,1247,n6,grip
116266,1235,n6,grip
116268,1255,n6,grip
116270,1248,n6,grip
116272,1305,n6,grip
116274,1306,n6,grip
116276,1257,n6,grip
116278,1219,n6,grip
116280,1200,n6,grip
116282,1198,n6,grip
116284,1164,n6,grip
116286,1161,n6,grip
116288,1249,n6,grip
116290,1309,n6,grip
116292,1389,n6,grip
116294,1366,n6,grip
116296,1371,n6,grip
116298,1401,n6,grip
116300,1377,n6,grip
116302,1404,n6,grip
116304,1362,n6,grip
116306,1317,n6,grip
116308,1274,n6,grip
116310,1258,n6,grip
116312,1222,n6,grip
116314,1295,n6,grip
116316,1326,n6,grip
116318,1354,n6,grip
116320,1395,n6,grip
116322,1361,n6,grip
116324,1322,n6,grip
116326,1385,n6,grip
116328,1449,n6,grip
116330,1487,n6,grip
116332,1587,n6,grip
116334,1575,n6,grip
116336,1621,n6,grip
116338,1591,n6,grip
116340,1559,n6,grip
116342,1495,n6,grip
116344,1449,n6,grip
116346,1390,n6,grip
116348,1344,n6,grip
116350,1356,n6,grip
116352,1423,n6,grip
116354,1427,n6,grip
116356,1472,n6,grip
116358,1461,n6,grip
116360,1409,n6,grip
116362,1465,n6,grip
116364,1535,n6,grip
116366,1712,n6,grip
116368,1869,n6,grip
116370,1828,n6,grip
116372,1873,n6,grip
116374,1871,n6,grip
116376,1802,n6,grip
116378,1875,n6,grip
116380,1859,n6,grip
116382,1856,n6,grip
116384,1778,n6,grip
116386,1766,n6,grip
116388,1703,n6,grip
116390,1708,n6,grip
116392,1730,n6,grip
116394,1718,n6,grip
116396,1713,n6,grip
116398,1705,n6,grip
116400,1806,n6,grip
116402,1790,n6,grip
116404,1839,n6,grip
116406,2027,n6,grip
116408,2118,n6,grip
116410,2275,n6,grip
116412,2541,n6,grip
116414,2487,n6,grip
116416,2460,n6,grip
116418,2405,n6,grip
116420,2339,n6,grip
116422,2343,n6,grip
116424,2343,n6,grip
116426,2277,n6,grip
116428,2208,n6,grip
116430,2145,n6,grip
116432,2142,n6,grip
116434,2147,n6,grip
116436,2074,n6,grip
116438,1997,n6,grip
116440,1925,n6,grip
116442,1866,n6,grip
116444,1793,n6,grip
116446,1742,n6,grip
116448,1839,n6,grip
116450,1842,n6,grip
116452,1766,n6,grip
116454,1808,n6,grip
116456,1826,n6,grip
116458,1782,n6,grip
116460,1822,n6,grip
116462,1919,n6,grip
116464,1904,n6,grip
116466,1909,n6,grip
116468,1920,n6,grip
116470,1916,n6,grip
116472,1870,n6,grip
116474,1946,n6,grip
116476,1918,n6,grip
116478,1856,n6,grip
116480,1783,n6,grip
116482,1729,n6,grip
116484,1673,n6,grip
116486,1604,n6,grip
116488,1565,n6,grip
116490,1523,n6,grip
116492,1535,n6,grip
116494,1507,n6,grip
116496,1466,n6,grip
116498,1441,n6,grip
116500,1403,n6,grip
116502,1393,n6,grip
116504,1418,n6,grip
116506,1455,n6,grip
116508,1485,n6,grip
116510,1483,n6,grip
116512,1638,n6,grip
116514,1697,n6,grip
116516,1621,n6,grip
116518,1611,n6,grip
116520,1662,n6,grip
116522,1691,n6,grip
116524,1677,n6,grip
116526,1614,n6,grip
116528,1535,n6,grip
116530,1472,n6,grip
116532,1427,n6,grip
116534,1370,n6,grip
116536,1335,n6,grip
116538,1294,n6,grip
116540,1250,n6,grip
116542,1216,n6,grip
116544,1171,n6,grip
116546,1123,n6,grip
116548,1104,n6,grip
116550,1066,n6,grip
116552,1170,n6,grip
116554,1360,n6,grip
116556,1393,n6,grip
116558,1631,n6,grip
116560,1750,n6,grip
116562,1717,n6,grip
116564,1651,n6,grip
116566,1708,n6,grip
116568,1753,n6,grip
116570,1727,n6,grip
116572,1761,n6,grip
116574,1722,n6,grip
116576,1671,n6,grip
116578,1680,n6,grip
116580,1701,n6,grip
116582,1634,n6,grip
116584,1581,n6,grip
116586,1611,n6,grip
116588,1585,n6,grip
116590,1599,n6,grip
116592,1645,n6,grip
116594,1694,n6,grip
116596,1648,n6,grip
116598,1584,n6,grip
116600,1535,n6,grip
116602,1483,n6,grip
116604,1427,n6,grip
116606,1393,n6,grip
116608,1344,n6,grip
116610,1299,n6,grip
116612,1298,n6,grip
116614,1269,n6,grip
116616,1214,n6,grip
116618,1189,n6,grip
116620,1205,n6,grip
116622,1196,n6,grip
116624,1150,n6,grip
116626,1198,n6,grip
116628,1216,n6,grip
116630,1238,n6,grip
116632,1331,n6,grip
116634,1318,n6,grip
116636,1296,n6,grip
116638,1270,n6,grip
116640,1257,n6,grip
116642,1253,n6,grip
116644,1232,n6,grip
116646,1264,n6,grip
116648,1253,n6,grip
116650,1253,n6,grip
116652,1235,n6,grip
116654,1281,n6,grip
116656,1243,n6,grip
116658,1294,n6,grip
116660,1343,n6,grip
116662,1305,n6,grip
116664,1267,n6,grip
116666,1217,n6,grip
116668,1200,n6,grip
116670,1201,n6,grip
116672,1233,n6,grip
116674,1339,n6,grip
116676,1475,n6,grip
116678,1573,n6,grip
116680,1511,n6,grip
116682,1443,n6,grip
116684,1379,n6,grip
116686,1346,n6,grip
116688,1296,n6,grip
116690,1267,n6,grip
116692,1319,n6,grip
116694,1504,n6,grip
116696,1619,n6,grip
116698,1630,n6,grip
116700,1785,n6,grip
116702,1743,n6,grip
116704,1756,n6,grip
116706,1790,n6,grip
116708,1770,n6,grip
116710,1698,n6,grip
116712,1649,n6,grip
116714,1710,n6,grip
116716,1823,n6,grip
116718,1856,n6,grip
116720,1826,n6,grip
116722,1839,n6,grip
116724,1894,n6,grip
116726,1879,n6,grip
116728,1825,n6,grip
116730,1925,n6,grip
116732,1895,n6,grip
116734,1867,n6,grip
116736,1881,n6,grip
116738,1828,n6,grip
116740,1807,n6,grip
116742,1811,n6,grip
116744,1870,n6,grip
116746,1911,n6,grip
116748,2007,n6,grip
116750,1945,n6,grip
116752,1891,n6,grip
116754,1840,n6,grip
116756,1853,n6,grip
116758,1897,n6,grip
116760,1887,n6,grip
116762,1954,n6,grip
116764,1985,n6,grip
116766,1949,n6,grip
116768,2103,n6,grip
116770,2317,n6,grip
116772,2381,n6,grip
116774,2735,n6,grip
116776,2891,n6,grip
116778,2865,n6,grip
116780,2787,n6,grip
116782,2751,n6,grip
116784,2658,n6,grip
116786,2559,n6,grip
116788,2475,n6,grip
116790,2369,n6,grip
116792,2288,n6,grip
116794,2196,n6,grip
116796,2125,n6,grip
116798,2064,n6,grip
116800,1974,n6,grip
116802,1899,n6,grip
116804,1915,n6,grip
116806,2026,n6,grip
116808,1999,n6,grip
116810,2004,n6,grip
116812,2171,n6,grip
116814,2156,n6,grip
116816,2128,n6,grip
116818,2132,n6,grip
116820,2100,n6,grip
116822,2128,n6,grip
116824,2208,n6,grip
116826,2130,n6,grip
116828,2115,n6,grip
116830,2031,n6,grip
116832,2000,n6,grip
116834,1929,n6,grip
116836,1856,n6,grip
116838,1787,n6,grip
116840,1714,n6,grip
116842,1646,n6,grip
116844,1597,n6,grip
116846,1637,n6,grip
116848,1684,n6,grip
116850,1657,n6,grip
116852,1615,n6,grip
116854,1634,n6,grip
116856,1674,n6,grip
116858,1648,n6,grip
116860,1591,n6,grip
116862,1530,n6,grip
116864,1487,n6,grip
116866,1471,n6,grip
116868,1421,n6,grip
116870,1383,n6,grip
116872,1328,n6,grip
116874,1309,n6,grip
116876,1302,n6,grip
116878,1337,n6,grip
116880,1299,n6,grip
116882,1264,n6,grip
116884,1210,n6,grip
116886,1171,n6,grip
116888,1135,n6,grip
116890,1243,n6,grip
116892,1373,n6,grip
116894,1385,n6,grip
116896,1507,n6,grip
116898,1502,n6,grip
116900,1455,n6,grip
116902,1450,n6,grip
116904,1418,n6,grip
116906,1424,n6,grip
116908,1395,n6,grip
116910,1353,n6,grip
116912,1319,n6,grip
116914,1264,n6,grip
116916,1249,n6,grip
116918,1204,n6,grip
116920,1214,n6,grip
116922,1253,n6,grip
116924,1265,n6,grip
116926,1359,n6,grip
116928,1415,n6,grip
116930,1386,n6,grip
116932,1372,n6,grip
116934,1328,n6,grip
116936,1281,n6,grip
116938,1249,n6,grip
116940,1206,n6,grip
116942,1173,n6,grip
116944,1127,n6,grip
116946,1098,n6,grip
116948,1072,n6,grip
116950,1023,n6,grip
116952,989,n6,grip
116954,955,n6,grip
116956,914,n6,grip
116958,880,n6,grip
116960,880,n6,grip
116962,842,n6,grip
116964,821,n6,grip
116966,802,n6,grip
116968,810,n6,grip
116970,854,n6,grip
116972,867,n6,grip
116974,886,n6,grip
116976,1007,n6,grip
116978,1086,n6,grip
116980,1058,n6,grip
116982,1047,n6,grip
116984,1017,n6,grip
116986,1008,n6,grip
116988,985,n6,grip
116990,978,n6,grip
116992,993,n6,grip
116994,1151,n6,grip
116996,1196,n6,grip
116998,1169,n6,grip
117000,1212,n6,grip
117002,1281,n6,grip
117004,1257,n6,grip
117006,1268,n6,grip
117008,1319,n6,grip
117010,1279,n6,grip
117012,1222,n6,grip
117014,1198,n6,grip
117016,1157,n6,grip
117018,1155,n6,grip
117020,1168,n6,grip
117022,1136,n6,grip
117024,1159,n6,grip
117026,1154,n6,grip
117028,1124,n6,grip
117030,1110,n6,grip
117032,1120,n6,grip
117034,1104,n6,grip
117036,1121,n6,grip
117038,1127,n6,grip
117040,1107,n6,grip
117042,1072,n6,grip
117044,1021,n6,grip
117046,981,n6,grip
117048,1035,n6,grip
117050,1088,n6,grip
117052,1055,n6,grip
117054,1022,n6,grip
117056,1082,n6,grip
117058,1066,n6,grip
117060,1045,n6,grip
117062,1057,n6,grip
117064,1039,n6,grip
117066,989,n6,grip
117068,945,n6,grip
117070,931,n6,grip
117072,944,n6,grip
117074,976,n6,grip
117076,1084,n6,grip
117078,1205,n6,grip
117080,1265,n6,grip
117082,1280,n6,grip
117084,1275,n6,grip
117086,1393,n6,grip
117088,1445,n6,grip
117090,1501,n6,grip
117092,1519,n6,grip
117094,1519,n6,grip
117096,1488,n6,grip
117098,1473,n6,grip
117100,1479,n6,grip
117102,1473,n6,grip
117104,1527,n6,grip
117106,1488,n6,grip
117108,1445,n6,grip
117110,1383,n6,grip
117112,1322,n6,grip
117114,1312,n6,grip
117116,1298,n6,grip
117118,1263,n6,grip
117120,1226,n6,grip
117122,1178,n6,grip
117124,1139,n6,grip
117126,1136,n6,grip
117128,1140,n6,grip
117130,1129,n6,grip
117132,1138,n6,grip
117134,1157,n6,grip
117136,1204,n6,grip
117138,1193,n6,grip
117140,1252,n6,grip
117142,1280,n6,grip
117144,1328,n6,grip
117146,1300,n6,grip
117148,1281,n6,grip
117150,1266,n6,grip
117152,1271,n6,grip
117154,1261,n6,grip
117156,1259,n6,grip
117158,1295,n6,grip
117160,1264,n6,grip
117162,1225,n6,grip
117164,1170,n6,grip
117166,1193,n6,grip
117168,1414,n6,grip
117170,1808,n6,grip
117172,2018,n6,grip
117174,2302,n6,grip
117176,2386,n6,grip
117178,2402,n6,grip
117180,2383,n6,grip
117182,2512,n6,grip
117184,2664,n6,grip
117186,2685,n6,grip
117188,2813,n6,grip
117190,2823,n6,grip
117192,2769,n6,grip
117194,2687,n6,grip
117196,2587,n6,grip
117198,2495,n6,grip
117200,2511,n6,grip
117202,2597,n6,grip
117204,2553,n6,grip
117206,2622,n6,grip
117208,2559,n6,grip
117210,2467,n6,grip
117212,2360,n6,grip
117214,2270,n6,grip
117216,2209,n6,grip
117218,2212,n6,grip
117220,2270,n6,grip
117222,2347,n6,grip
117224,2289,n6,grip
117226,2266,n6,grip
117228,2407,n6,grip
117230,2353,n6,grip
117232,2267,n6,grip
117234,2209,n6,grip
117236,2135,n6,grip
117238,2047,n6,grip
117240,2059,n6,grip
117242,2069,n6,grip
117244,2078,n6,grip
117246,2176,n6,grip
117248,2246,n6,grip
117250,2315,n6,grip
117252,2320,n6,grip
117254,2407,n6,grip
117256,2407,n6,grip
117258,2338,n6,grip
117260,2263,n6,grip
117262,2175,n6,grip
117264,2096,n6,grip
117266,2186,n6,grip
117268,2355,n6,grip
117270,2371,n6,grip
117272,2483,n6,grip
117274,2512,n6,grip
117276,2449,n6,grip
117278,2354,n6,grip
117280,2289,n6,grip
117282,2279,n6,grip
117284,2256,n6,grip
117286,2237,n6,grip
117288,2199,n6,grip
117290,2118,n6,grip
117292,2137,n6,grip
117294,2154,n6,grip
117296,2076,n6,grip
117298,1985,n6,grip
117300,1908,n6,grip
131320,2167,n6,grip
131322,2191,n6,grip
131324,2151,n6,grip
131326,2253,n6,grip
131328,2221,n6,grip
131330,2128,n6,grip
131332,2062,n6,grip
131334,2054,n6,grip
131336,1991,n6,grip
131338,1994,n6,grip
131340,1981,n6,grip
131342,1907,n6,grip
131344,1865,n6,grip
131346,1860,n6,grip
131348,1856,n6,grip
131350,1851,n6,grip
131352,1840,n6,grip
131354,1890,n6,grip
131356,1882,n6,grip
131358,1855,n6,grip
131360,1815,n6,grip
131362,1755,n6,grip
131364,1712,n6,grip
131366,1674,n6,grip
131368,1638,n6,grip
131370,1616,n6,grip
131372,1650,n6,grip
131374,1622,n6,grip
131376,1648,n6,grip
131378,1641,n6,grip
131380,1719,n6,grip
131382,1750,n6,grip
131384,1780,n6,grip
131386,1875,n6,grip
131388,1855,n6,grip
131390,1809,n6,grip
131392,1750,n6,grip
131394,1713,n6,grip
131396,1650,n6,grip
131398,1600,n6,grip
131400,1535,n6,grip
131402,1523,n6,grip
131404,1504,n6,grip
131406,1502,n6,grip
131408,1510,n6,grip
131410,1510,n6,grip
131412,1454,n6,grip
131414,1401,n6,grip
131416,1456,n6,grip
131418,1509,n6,grip
131420,1579,n6,grip
131422,1783,n6,grip
131424,1878,n6,grip
131426,1872,n6,grip
131428,1822,n6,grip
131430,1766,n6,grip
131432,1736,n6,grip
131434,1725,n6,grip
131436,1679,n6,grip
131438,1607,n6,grip
131440,1535,n6,grip
131442,1566,n6,grip
131444,1535,n6,grip
131446,1477,n6,grip
131448,1440,n6,grip
131450,1399,n6,grip
131452,1416,n6,grip
131454,1413,n6,grip
131456,1441,n6,grip
131458,1466,n6,grip
131460,1811,n6,grip
131462,2159,n6,grip
131464,2224,n6,grip
131466,2480,n6,grip
131468,2559,n6,grip
131470,2559,n6,grip
131472,2555,n6,grip
131474,2551,n6,grip
131476,2527,n6,grip
131478,2493,n6,grip
131480,2480,n6,grip
131482,2559,n6,grip
131484,2555,n6,grip
131486,2475,n6,grip
131488,2399,n6,grip
131490,2321,n6,grip
131492,2277,n6,grip
131494,2193,n6,grip
131496,2177,n6,grip
131498,2337,n6,grip
131500,2336,n6,grip
131502,2281,n6,grip
131504,2320,n6,grip
131506,2465,n6,grip
131508,2403,n6,grip
131510,2381,n6,grip
131512,2487,n6,grip
131514,2475,n6,grip
131516,2393,n6,grip
131518,2423,n6,grip
131520,2346,n6,grip
131522,2259,n6,grip
131524,2173,n6,grip
131526,2084,n6,grip
131528,2064,n6,grip
131530,1981,n6,grip
131532,2046,n6,grip
131534,2214,n6,grip
131536,2224,n6,grip
131538,2413,n6,grip
131540,2553,n6,grip
131542,2521,n6,grip
131544,2623,n6,grip
131546,2739,n6,grip
131548,2739,n6,grip
131550,2862,n6,grip
131552,2820,n6,grip
131554,2718,n6,grip
131556,2637,n6,grip
131558,2559,n6,grip
131560,2509,n6,grip
131562,2416,n6,grip
131564,2320,n6,grip
131566,2235,n6,grip
131568,2166,n6,grip
131570,2194,n6,grip
131572,2217,n6,grip
131574,2186,n6,grip
131576,2101,n6,grip
131578,2022,n6,grip
131580,1971,n6,grip
131582,2034,n6,grip
131584,1978,n6,grip
131586,1915,n6,grip
131588,1889,n6,grip
131590,1879,n6,grip
131592,1851,n6,grip
131594,1807,n6,grip
131596,1729,n6,grip
131598,1682,n6,grip
131600,1631,n6,grip
131602,1637,n6,grip
131604,1586,n6,grip
131606,1597,n6,grip
131608,1666,n6,grip
131610,1643,n6,grip
131612,1619,n6,grip
131614,1584,n6,grip
131616,1585,n6,grip
131618,1569,n6,grip
131620,1616,n6,grip
131622,1616,n6,grip
131624,1601,n6,grip
131626,1593,n6,grip
131628,1533,n6,grip
131630,1577,n6,grip
131632,1602,n6,grip
131634,1587,n6,grip
131636,1556,n6,grip
131638,1533,n6,grip
131640,1530,n6,grip
131642,1680,n6,grip
131644,1803,n6,grip
131646,1761,n6,grip
131648,1952,n6,grip
131650,2064,n6,grip
131652,2047,n6,grip
131654,2032,n6,grip
131656,2096,n6,grip
131658,2103,n6,grip
131660,2094,n6,grip
131662,2059,n6,grip
131664,1993,n6,grip
131666,1963,n6,grip
131668,1934,n6,grip
131670,1903,n6,grip
131672,1918,n6,grip
131674,1893,n6,grip
131676,2115,n6,grip
131678,2275,n6,grip
131680,2279,n6,grip
131682,2422,n6,grip
131684,2446,n6,grip
131686,2397,n6,grip
131688,2448,n6,grip
131690,2414,n6,grip
131692,2496,n6,grip
131694,2451,n6,grip
131696,2398,n6,grip
131698,2320,n6,grip
131700,2283,n6,grip
131702,2288,n6,grip
131704,2347,n6,grip
131706,2418,n6,grip
131708,2407,n6,grip
131710,2403,n6,grip
131712,2432,n6,grip
131714,2394,n6,grip
131716,2304,n6,grip
131718,2277,n6,grip
131720,2214,n6,grip
131722,2160,n6,grip
131724,2083,n6,grip
131726,1987,n6,grip
131728,1998,n6,grip
131730,2021,n6,grip
131732,1994,n6,grip
131734,2038,n6,grip
131736,2086,n6,grip
131738,2027,n6,grip
131740,1957,n6,grip
131742,1927,n6,grip
131744,1963,n6,grip
131746,1906,n6,grip
131748,1847,n6,grip
131750,1901,n6,grip
131752,1919,n6,grip
131754,2017,n6,grip
131756,1962,n6,grip
131758,1953,n6,grip
131760,1886,n6,grip
131762,1836,n6,grip
131764,1783,n6,grip
131766,1718,n6,grip
131768,1655,n6,grip
131770,1695,n6,grip
131772,1685,n6,grip
131774,1695,n6,grip
131776,1777,n6,grip
131778,1744,n6,grip
131780,1695,n6,grip
131782,1660,n6,grip
131784,1712,n6,grip
131786,1872,n6,grip
131788,1883,n6,grip
131790,2037,n6,grip
131792,2069,n6,grip
131794,1985,n6,grip
131796,1978,n6,grip
131798,1923,n6,grip
131800,1854,n6,grip
131802,1847,n6,grip
131804,1870,n6,grip
131806,1931,n6,grip
131808,1927,n6,grip
131810,1913,n6,grip
131812,1997,n6,grip
131814,2089,n6,grip
131816,2037,n6,grip
131818,1966,n6,grip
131820,1931,n6,grip
131822,1856,n6,grip
131824,1808,n6,grip
131826,1770,n6,grip
131828,1712,n6,grip
131830,1648,n6,grip
131832,1582,n6,grip
131834,1527,n6,grip
131836,1470,n6,grip
131838,1424,n6,grip
131840,1462,n6,grip
131842,1442,n6,grip
131844,1477,n6,grip
131846,1427,n6,grip
131848,1363,n6,grip
131850,1347,n6,grip
131852,1345,n6,grip
131854,1296,n6,grip
131856,1266,n6,grip
131858,1292,n6,grip
131860,1355,n6,grip
131862,1315,n6,grip
131864,1287,n6,grip
131866,1329,n6,grip
131868,1335,n6,grip
131870,1331,n6,grip
131872,1439,n6,grip
131874,1443,n6,grip
131876,1535,n6,grip
131878,1535,n6,grip
131880,1594,n6,grip
131882,1616,n6,grip
131884,1821,n6,grip
131886,1931,n6,grip
131888,1879,n6,grip
131890,1827,n6,grip
131892,1766,n6,grip
131894,1779,n6,grip
131896,1891,n6,grip
131898,1931,n6,grip
131900,1893,n6,grip
131902,1853,n6,grip
131904,1835,n6,grip
131906,1775,n6,grip
131908,1719,n6,grip
131910,1680,n6,grip
131912,1861,n6,grip
131914,2032,n6,grip
131916,2009,n6,grip
131918,2244,n6,grip
131920,2320,n6,grip
131922,2283,n6,grip
131924,2219,n6,grip
131926,2143,n6,grip
131928,2123,n6,grip
131930,2062,n6,grip
131932,1991,n6,grip
131934,1959,n6,grip
131936,1907,n6,grip
131938,1857,n6,grip
131940,1872,n6,grip
131942,1857,n6,grip
131944,1823,n6,grip
131946,1771,n6,grip
131948,1719,n6,grip
131950,1707,n6,grip
131952,1695,n6,grip
131954,1671,n6,grip
131956,1747,n6,grip
131958,1754,n6,grip
131960,1774,n6,grip
131962,1712,n6,grip
131964,1696,n6,grip
131966,1777,n6,grip
131968,1759,n6,grip
131970,1759,n6,grip
131972,1744,n6,grip
131974,1853,n6,grip
131976,2128,n6,grip
131978,2182,n6,grip
131980,2387,n6,grip
131982,2495,n6,grip
131984,2499,n6,grip
131986,2471,n6,grip
131988,2381,n6,grip
131990,2331,n6,grip
131992,2414,n6,grip
131994,2397,n6,grip
131996,2443,n6,grip
131998,2416,n6,grip
132000,2325,n6,grip
132002,2275,n6,grip
132004,2199,n6,grip
132006,2109,n6,grip
132008,2064,n6,grip
132010,2077,n6,grip
132012,2005,n6,grip
132014,1973,n6,grip
132016,1978,n6,grip
132018,1959,n6,grip
132020,1979,n6,grip
132022,1982,n6,grip
132024,1919,n6,grip
132026,1845,n6,grip
132028,1773,n6,grip
132030,1706,n6,grip
132032,1810,n6,grip
132034,1977,n6,grip
132036,2010,n6,grip
132038,2093,n6,grip
132040,2250,n6,grip
132042,2252,n6,grip
132044,2181,n6,grip
132046,2210,n6,grip
132048,2373,n6,grip
132050,2619,n6,grip
132052,2659,n6,grip
132054,2815,n6,grip
132056,3053,n6,grip
132058,3071,n6,grip
132060,2943,n6,grip
132062,2821,n6,grip
132064,2705,n6,grip
132066,2603,n6,grip
132068,2503,n6,grip
132070,2461,n6,grip
132072,2377,n6,grip
132074,2302,n6,grip
132076,2207,n6,grip
132078,2107,n6,grip
132080,2064,n6,grip
132082,2144,n6,grip
132084,2100,n6,grip
132086,2111,n6,grip
132088,2159,n6,grip
132090,2167,n6,grip
132092,2416,n6,grip
132094,2405,n6,grip
132096,2303,n6,grip
132098,2218,n6,grip
132100,2141,n6,grip
132102,2081,n6,grip
132104,1997,n6,grip
132106,2037,n6,grip
132108,2069,n6,grip
132110,2125,n6,grip
132112,2149,n6,grip
132114,2112,n6,grip
132116,2032,n6,grip
132118,2007,n6,grip
132120,2011,n6,grip
132122,2057,n6,grip
132124,2002,n6,grip
132126,1958,n6,grip
132128,1967,n6,grip
132130,1999,n6,grip
132132,1925,n6,grip
132134,1895,n6,grip
132136,1838,n6,grip
132138,1774,n6,grip
132140,1744,n6,grip
132142,1861,n6,grip
132144,1879,n6,grip
132146,1883,n6,grip
132148,1862,n6,grip
132150,1790,n6,grip
132152,1823,n6,grip
132154,1812,n6,grip
132156,1814,n6,grip
132158,1829,n6,grip
132160,1872,n6,grip
132162,1914,n6,grip
132164,1895,n6,grip
132166,1849,n6,grip
132168,1854,n6,grip
132170,1805,n6,grip
132172,1781,n6,grip
132174,1710,n6,grip
132176,1646,n6,grip
132178,1643,n6,grip
132180,1617,n6,grip
132182,1571,n6,grip
132184,1507,n6,grip
132186,1473,n6,grip
132188,1423,n6,grip
132190,1372,n6,grip
132192,1407,n6,grip
132194,1393,n6,grip
132196,1445,n6,grip
132198,1394,n6,grip
132200,1350,n6,grip
132202,1350,n6,grip
132204,1331,n6,grip
132206,1350,n6,grip
132208,1331,n6,grip
132210,1429,n6,grip
132212,1557,n6,grip
132214,1523,n6,grip
132216,1469,n6,grip
132218,1462,n6,grip
132220,1483,n6,grip
132222,1488,n6,grip
132224,1534,n6,grip
132226,1495,n6,grip
132228,1598,n6,grip
132230,1733,n6,grip
132232,1897,n6,grip
132234,2006,n6,grip
132236,2030,n6,grip
132238,2140,n6,grip
132240,2209,n6,grip
132242,2205,n6,grip
132244,2286,n6,grip
132246,2243,n6,grip
132248,2202,n6,grip
132250,2151,n6,grip
132252,2068,n6,grip
132254,2064,n6,grip
132256,2147,n6,grip
132258,2075,n6,grip
132260,2000,n6,grip
132262,1929,n6,grip
132264,1932,n6,grip
132266,1915,n6,grip
132268,1907,n6,grip
132270,1885,n6,grip
132272,1939,n6,grip
132274,1939,n6,grip
132276,1889,n6,grip
132278,1839,n6,grip
132280,1817,n6,grip
132282,1829,n6,grip
132284,1787,n6,grip
132286,1797,n6,grip
132288,1776,n6,grip
132290,1809,n6,grip
132292,1756,n6,grip
132294,1731,n6,grip
132296,1739,n6,grip
132298,1763,n6,grip
132300,1708,n6,grip
132302,1695,n6,grip
132304,1691,n6,grip
132306,1629,n6,grip
132308,1569,n6,grip
132310,1499,n6,grip
132312,1499,n6,grip
132314,1580,n6,grip
132316,1626,n6,grip
132318,1649,n6,grip
132320,1642,n6,grip
132322,1694,n6,grip
132324,1701,n6,grip
132326,1632,n6,grip
132328,1565,n6,grip
132330,1589,n6,grip
132332,1771,n6,grip
132334,1855,n6,grip
132336,2000,n6,grip
132338,2086,n6,grip
132340,2128,n6,grip
132342,2064,n6,grip
132344,2046,n6,grip
132346,2035,n6,grip
132348,2044,n6,grip
132350,2043,n6,grip
132352,2000,n6,grip
132354,1996,n6,grip
132356,1963,n6,grip
132358,1917,n6,grip
132360,1911,n6,grip
132362,1872,n6,grip
132364,1897,n6,grip
132366,1872,n6,grip
132368,1879,n6,grip
132370,1904,n6,grip
132372,1831,n6,grip
132374,1791,n6,grip
132376,1869,n6,grip
132378,1906,n6,grip
132380,1855,n6,grip
132382,1796,n6,grip
132384,1856,n6,grip
132386,1994,n6,grip
132388,1923,n6,grip
132390,1855,n6,grip
132392,1850,n6,grip
132394,1884,n6,grip
132396,1886,n6,grip
132398,1909,n6,grip
132400,1975,n6,grip
132402,1916,n6,grip
132404,1853,n6,grip
132406,1795,n6,grip
132408,1763,n6,grip
132410,1817,n6,grip
132412,1938,n6,grip
132414,1903,n6,grip
132416,1950,n6,grip
132418,2026,n6,grip
132420,2033,n6,grip
132422,1952,n6,grip
132424,1872,n6,grip
132426,1857,n6,grip
132428,1840,n6,grip
132430,1906,n6,grip
132432,1879,n6,grip
132434,1959,n6,grip
132436,1934,n6,grip
132438,1874,n6,grip
132440,1872,n6,grip
132442,1866,n6,grip
132444,1818,n6,grip
132446,1798,n6,grip
132448,1754,n6,grip
132450,1727,n6,grip
132452,1778,n6,grip
132454,1894,n6,grip
132456,1953,n6,grip
132458,2183,n6,grip
132460,2155,n6,grip
132462,2064,n6,grip
132464,2071,n6,grip
132466,2132,n6,grip
132468,2099,n6,grip
132470,2054,n6,grip
132472,2017,n6,grip
132474,2131,n6,grip
132476,2186,n6,grip
132478,2126,n6,grip
132480,2036,n6,grip
132482,1951,n6,grip
132484,1865,n6,grip
132486,1785,n6,grip
132488,1738,n6,grip
132490,1710,n6,grip
132492,1712,n6,grip
132494,1693,n6,grip
132496,1744,n6,grip
132498,1706,n6,grip
132500,1686,n6,grip
132502,1741,n6,grip
132504,1758,n6,grip
132506,1713,n6,grip
132508,1745,n6,grip
132510,1758,n6,grip
132512,1695,n6,grip
132514,1664,n6,grip
132516,1677,n6,grip
132518,1616,n6,grip
132520,1573,n6,grip
132522,1535,n6,grip
132524,1515,n6,grip
132526,1487,n6,grip
132528,1424,n6,grip
132530,1360,n6,grip
132532,1346,n6,grip
132534,1366,n6,grip
132536,1323,n6,grip
132538,1315,n6,grip
132540,1367,n6,grip
132542,1360,n6,grip
132544,1315,n6,grip
132546,1345,n6,grip
132548,1424,n6,grip
132550,1559,n6,grip
132552,1821,n6,grip
132554,1960,n6,grip
132556,2289,n6,grip
132558,2340,n6,grip
132560,2261,n6,grip
132562,2175,n6,grip
132564,2099,n6,grip
132566,2022,n6,grip
132568,1952,n6,grip
132570,1891,n6,grip
132572,1858,n6,grip
132574,1934,n6,grip
132576,2057,n6,grip
132578,2154,n6,grip
132580,2096,n6,grip
132582,2017,n6,grip
132584,1936,n6,grip
132586,1909,n6,grip
132588,1959,n6,grip
132590,1975,n6,grip
132592,1927,n6,grip
132594,1915,n6,grip
132596,1897,n6,grip
132598,1818,n6,grip
132600,1762,n6,grip
132602,1685,n6,grip
132604,1641,n6,grip
132606,1585,n6,grip
132608,1529,n6,grip
132610,1472,n6,grip
132612,1477,n6,grip
132614,1430,n6,grip
132616,1375,n6,grip
132618,1335,n6,grip
132620,1290,n6,grip
132622,1251,n6,grip
132624,1223,n6,grip
132626,1194,n6,grip
132628,1200,n6,grip
132630,1281,n6,grip
132632,1267,n6,grip
132634,1271,n6,grip
132636,1375,n6,grip
132638,1429,n6,grip
132640,1383,n6,grip
132642,1362,n6,grip
132644,1325,n6,grip
132646,1293,n6,grip
132648,1295,n6,grip
132650,1283,n6,grip
132652,1230,n6,grip
132654,1201,n6,grip
132656,1219,n6,grip
132658,1223,n6,grip
132660,1178,n6,grip
132662,1152,n6,grip
132664,1131,n6,grip
132666,1095,n6,grip
132668,1169,n6,grip
132670,1170,n6,grip
132672,1217,n6,grip
132674,1260,n6,grip
132676,1317,n6,grip
132678,1301,n6,grip
132680,1376,n6,grip
132682,1354,n6,grip
132684,1357,n6,grip
132686,1347,n6,grip
132688,1327,n6,grip
132690,1284,n6,grip
132692,1279,n6,grip
132694,1379,n6,grip
132696,1460,n6,grip
132698,1405,n6,grip
132700,1439,n6,grip
132702,1465,n6,grip
132704,1409,n6,grip
132706,1379,n6,grip
132708,1333,n6,grip
132710,1366,n6,grip
132712,1422,n6,grip
132714,1407,n6,grip
132716,1503,n6,grip
132718,1577,n6,grip
132720,1529,n6,grip
132722,1461,n6,grip
132724,1409,n6,grip
132726,1406,n6,grip
132728,1396,n6,grip
132730,1360,n6,grip
132732,1297,n6,grip
132734,1266,n6,grip
132736,1269,n6,grip
132738,1244,n6,grip
132740,1217,n6,grip
132742,1217,n6,grip
132744,1218,n6,grip
132746,1178,n6,grip
132748,1187,n6,grip
132750,1168,n6,grip
132752,1124,n6,grip
132754,1152,n6,grip
132756,1171,n6,grip
132758,1282,n6,grip
132760,1269,n6,grip
132762,1241,n6,grip
132764,1249,n6,grip
132766,1258,n6,grip
132768,1241,n6,grip
132770,1185,n6,grip
132772,1135,n6,grip
132774,1095,n6,grip
132776,1067,n6,grip
132778,1056,n6,grip
132780,1041,n6,grip
132782,1118,n6,grip
132784,1104,n6,grip
132786,1105,n6,grip
132788,1103,n6,grip
132790,1072,n6,grip
132792,1072,n6,grip
132794,1206,n6,grip
132796,1509,n6,grip
132798,1519,n6,grip
132800,1647,n6,grip
132802,1840,n6,grip
132804,1855,n6,grip
132806,1810,n6,grip
132808,1753,n6,grip
132810,1717,n6,grip
132812,1661,n6,grip
132814,1622,n6,grip
132816,1638,n6,grip
132818,1664,n6,grip
132820,1655,n6,grip
132822,1677,n6,grip
132824,1627,n6,grip
132826,1574,n6,grip
132828,1520,n6,grip
132830,1483,n6,grip
132832,1442,n6,grip
132834,1445,n6,grip
132836,1459,n6,grip
132838,1418,n6,grip
132840,1362,n6,grip
132842,1356,n6,grip
132844,1347,n6,grip
132846,1313,n6,grip
132848,1291,n6,grip
132850,1271,n6,grip
132852,1331,n6,grip
132854,1317,n6,grip
132856,1392,n6,grip
132858,1499,n6,grip
132860,1556,n6,grip
132862,1535,n6,grip
132864,1526,n6,grip
132866,1535,n6,grip
132868,1488,n6,grip
132870,1420,n6,grip
132872,1402,n6,grip
132874,1392,n6,grip
132876,1424,n6,grip
132878,1456,n6,grip
132880,1426,n6,grip
132882,1370,n6,grip
132884,1350,n6,grip
132886,1323,n6,grip
132888,1339,n6,grip
132890,1320,n6,grip
132892,1313,n6,grip
132894,1367,n6,grip
132896,1394,n6,grip
132898,1375,n6,grip
132900,1427,n6,grip
132902,1483,n6,grip
132904,1469,n6,grip
132906,1424,n6,grip
132908,1360,n6,grip
132910,1351,n6,grip
132912,1389,n6,grip
132914,1403,n6,grip
132916,1365,n6,grip
132918,1381,n6,grip
132920,1424,n6,grip
132922,1386,n6,grip
132924,1392,n6,grip
132926,1367,n6,grip
132928,1329,n6,grip
132930,1343,n6,grip
132932,1293,n6,grip
132934,1246,n6,grip
132936,1345,n6,grip
132938,1353,n6,grip
132940,1363,n6,grip
132942,1397,n6,grip
132944,1415,n6,grip
132946,1366,n6,grip
132948,1343,n6,grip
132950,1327,n6,grip
132952,1326,n6,grip
132954,1409,n6,grip
132956,1415,n6,grip
132958,1429,n6,grip
132960,1488,n6,grip
132962,1492,n6,grip
132964,1441,n6,grip
132966,1402,n6,grip
132968,1373,n6,grip
132970,1423,n6,grip
132972,1563,n6,grip
132974,1589,n6,grip
132976,1590,n6,grip
132978,1587,n6,grip
132980,1535,n6,grip
132982,1520,n6,grip
132984,1517,n6,grip
132986,1475,n6,grip
132988,1412,n6,grip
132990,1378,n6,grip
132992,1443,n6,grip
132994,1462,n6,grip
132996,1435,n6,grip
132998,1444,n6,grip
133000,1488,n6,grip
133002,1506,n6,grip
133004,1505,n6,grip
133006,1481,n6,grip
133008,1635,n6,grip
133010,1651,n6,grip
133012,1584,n6,grip
133014,1520,n6,grip
133016,1455,n6,grip
133018,1456,n6,grip
133020,1425,n6,grip
133022,1374,n6,grip
133024,1371,n6,grip
133026,1430,n6,grip
133028,1439,n6,grip
133030,1393,n6,grip
133032,1332,n6,grip
133034,1302,n6,grip
133036,1280,n6,grip
133038,1263,n6,grip
133040,1232,n6,grip
133042,1204,n6,grip
133044,1247,n6,grip
133046,1313,n6,grip
133048,1313,n6,grip
133050,1311,n6,grip
133052,1271,n6,grip
133054,1350,n6,grip
133056,1363,n6,grip
133058,1399,n6,grip
133060,1482,n6,grip
133062,1481,n6,grip
133064,1535,n6,grip
133066,1486,n6,grip
133068,1427,n6,grip
133070,1391,n6,grip
133072,1332,n6,grip
133074,1285,n6,grip
133076,1296,n6,grip
133078,1408,n6,grip
133080,1602,n6,grip
133082,1714,n6,grip
133084,1715,n6,grip
133086,1951,n6,grip
133088,2032,n6,grip
133090,2063,n6,grip
133092,2035,n6,grip
133094,2025,n6,grip
133096,2096,n6,grip
133098,2057,n6,grip
133100,2037,n6,grip
133102,2041,n6,grip
133104,2097,n6,grip
133106,2043,n6,grip
133108,2013,n6,grip
133110,1927,n6,grip
133112,1855,n6,grip
133114,1798,n6,grip
133116,1729,n6,grip
133118,1659,n6,grip
133120,1617,n6,grip
133122,1602,n6,grip
133124,1570,n6,grip
133126,1575,n6,grip
133128,1511,n6,grip
133130,1511,n6,grip
133132,1456,n6,grip
133134,1393,n6,grip
133136,1341,n6,grip
133138,1311,n6,grip
133140,1359,n6,grip
133142,1473,n6,grip
133144,1519,n6,grip
133146,1642,n6,grip
133148,1638,n6,grip
133150,1587,n6,grip
133152,1535,n6,grip
133154,1527,n6,grip
133156,1531,n6,grip
133158,1484,n6,grip
133160,1473,n6,grip
133162,1439,n6,grip
133164,1419,n6,grip
133166,1378,n6,grip
133168,1318,n6,grip
133170,1269,n6,grip
133172,1230,n6,grip
133174,1199,n6,grip
133176,1181,n6,grip
133178,1168,n6,grip
133180,1251,n6,grip
133182,1269,n6,grip
133184,1356,n6,grip
133186,1363,n6,grip
133188,1309,n6,grip
133190,1265,n6,grip
133192,1234,n6,grip
133194,1331,n6,grip
133196,1374,n6,grip
133198,1331,n6,grip
133200,1382,n6,grip
133202,1460,n6,grip
133204,1472,n6,grip
133206,1456,n6,grip
133208,1424,n6,grip
133210,1385,n6,grip
133212,1408,n6,grip
133214,1455,n6,grip
133216,1423,n6,grip
133218,1359,n6,grip
133220,1328,n6,grip
133222,1297,n6,grip
133224,1296,n6,grip
133226,1255,n6,grip
133228,1254,n6,grip
133230,1217,n6,grip
133232,1180,n6,grip
133234,1223,n6,grip
133236,1230,n6,grip
133238,1223,n6,grip
133240,1184,n6,grip
133242,1230,n6,grip
133244,1326,n6,grip
133246,1331,n6,grip
133248,1354,n6,grip
133250,1331,n6,grip
133252,1357,n6,grip
133254,1325,n6,grip
133256,1264,n6,grip
133258,1273,n6,grip
133260,1229,n6,grip
133262,1185,n6,grip
133264,1154,n6,grip
133266,1106,n6,grip
133268,1088,n6,grip
133270,1082,n6,grip
133272,1045,n6,grip
133274,1086,n6,grip
133276,1168,n6,grip
133278,1141,n6,grip
133280,1104,n6,grip
133282,1061,n6,grip
133284,1121,n6,grip
133286,1206,n6,grip
133288,1193,n6,grip
133290,1161,n6,grip
133292,1164,n6,grip
133294,1218,n6,grip
133296,1293,n6,grip
133298,1357,n6,grip
133300,1392,n6,grip
133302,1360,n6,grip
133304,1376,n6,grip
133306,1470,n6,grip
133308,1450,n6,grip
133310,1586,n6,grip
133312,1661,n6,grip
133314,1616,n6,grip
133316,1563,n6,grip
133318,1555,n6,grip
133320,1498,n6,grip
133322,1456,n6,grip
133324,1406,n6,grip
133326,1362,n6,grip
133328,1361,n6,grip
133330,1385,n6,grip
133332,1331,n6,grip
133334,1268,n6,grip
133336,1232,n6,grip
133338,1277,n6,grip
133340,1329,n6,grip
133342,1309,n6,grip
133344,1361,n6,grip
133346,1391,n6,grip
133348,1350,n6,grip
133350,1373,n6,grip
133352,1405,n6,grip
133354,1382,n6,grip
133356,1402,n6,grip
133358,1385,n6,grip
133360,1346,n6,grip
133362,1292,n6,grip
133364,1239,n6,grip
133366,1184,n6,grip
133368,1141,n6,grip
133370,1115,n6,grip
133372,1094,n6,grip
133374,1068,n6,grip
133376,1060,n6,grip
133378,1046,n6,grip
133380,1018,n6,grip
133382,1055,n6,grip
133384,1103,n6,grip
133386,1093,n6,grip
133388,1161,n6,grip
133390,1143,n6,grip
133392,1200,n6,grip
133394,1229,n6,grip
133396,1200,n6,grip
133398,1214,n6,grip
133400,1200,n6,grip
133402,1194,n6,grip
133404,1182,n6,grip
133406,1233,n6,grip
133408,1446,n6,grip
133410,1558,n6,grip
133412,1535,n6,grip
133414,1699,n6,grip
133416,1773,n6,grip
133418,1776,n6,grip
133420,1723,n6,grip
133422,1660,n6,grip
133424,1625,n6,grip
133426,1691,n6,grip
133428,1645,n6,grip
133430,1650,n6,grip
133432,1673,n6,grip
133434,1616,n6,grip
133436,1535,n6,grip
133438,1477,n6,grip
133440,1458,n6,grip
133442,1429,n6,grip
133444,1437,n6,grip
133446,1457,n6,grip
133448,1407,n6,grip
133450,1387,n6,grip
133452,1387,n6,grip
133454,1397,n6,grip
133456,1374,n6,grip
133458,1365,n6,grip
133460,1365,n6,grip
133462,1328,n6,grip
133464,1287,n6,grip
133466,1253,n6,grip
133468,1205,n6,grip
133470,1251,n6,grip
133472,1318,n6,grip
133474,1359,n6,grip
133476,1367,n6,grip
133478,1342,n6,grip
133480,1283,n6,grip
133482,1232,n6,grip
133484,1235,n6,grip
133486,1190,n6,grip
133488,1142,n6,grip
133490,1136,n6,grip
133492,1089,n6,grip
133494,1094,n6,grip
133496,1153,n6,grip
133498,1142,n6,grip
133500,1124,n6,grip
133502,1129,n6,grip
133504,1105,n6,grip
133506,1082,n6,grip
133508,1066,n6,grip
133510,1139,n6,grip
133512,1184,n6,grip
133514,1187,n6,grip
133516,1158,n6,grip
133518,1221,n6,grip
133520,1245,n6,grip
133522,1257,n6,grip
133524,1239,n6,grip
133526,1250,n6,grip
133528,1341,n6,grip
133530,1399,n6,grip
133532,1388,n6,grip
133534,1372,n6,grip
133536,1438,n6,grip
133538,1450,n6,grip
133540,1404,n6,grip
133542,1566,n6,grip
133544,1662,n6,grip
133546,1639,n6,grip
133548,1637,n6,grip
133550,1586,n6,grip
133552,1519,n6,grip
133554,1535,n6,grip
133556,1571,n6,grip
133558,1565,n6,grip
133560,1517,n6,grip
133562,1524,n6,grip
133564,1493,n6,grip
133566,1447,n6,grip
133568,1408,n6,grip
133570,1359,n6,grip
133572,1318,n6,grip
133574,1298,n6,grip
133576,1377,n6,grip
133578,1392,n6,grip
133580,1398,n6,grip
133582,1403,n6,grip
133584,1392,n6,grip
133586,1329,n6,grip
133588,1275,n6,grip
133590,1269,n6,grip
133592,1227,n6,grip
133594,1169,n6,grip
133596,1154,n6,grip
133598,1121,n6,grip
133600,1095,n6,grip
133602,1045,n6,grip
133604,1010,n6,grip
133606,983,n6,grip
133608,976,n6,grip
133610,961,n6,grip
133612,977,n6,grip
133614,997,n6,grip
133616,1012,n6,grip
133618,1081,n6,grip
133620,1088,n6,grip
133622,1094,n6,grip
133624,1109,n6,grip
133626,1077,n6,grip
133628,1088,n6,grip
133630,1053,n6,grip
133632,1050,n6,grip
133634,1136,n6,grip
133636,1146,n6,grip
133638,1136,n6,grip
133640,1102,n6,grip
133642,1098,n6,grip
133644,1173,n6,grip
133646,1159,n6,grip
133648,1129,n6,grip
133650,1197,n6,grip
133652,1247,n6,grip
133654,1210,n6,grip
133656,1190,n6,grip
133658,1158,n6,grip
133660,1159,n6,grip
133662,1136,n6,grip
133664,1133,n6,grip
133666,1123,n6,grip
133668,1124,n6,grip
133670,1102,n6,grip
133672,1070,n6,grip
133674,1051,n6,grip
133676,1040,n6,grip
133678,992,n6,grip
133680,1007,n6,grip
133682,1080,n6,grip
133684,1051,n6,grip
133686,1037,n6,grip
133688,1131,n6,grip
133690,1180,n6,grip
133692,1275,n6,grip
133694,1450,n6,grip
133696,1411,n6,grip
133698,1408,n6,grip
133700,1379,n6,grip
133702,1392,n6,grip
133704,1390,n6,grip
133706,1333,n6,grip
133708,1299,n6,grip
133710,1312,n6,grip
133712,1315,n6,grip
133714,1328,n6,grip
133716,1306,n6,grip
133718,1259,n6,grip
133720,1295,n6,grip
133722,1323,n6,grip
133724,1284,n6,grip
133726,1296,n6,grip
133728,1277,n6,grip
133730,1244,n6,grip
133732,1355,n6,grip
133734,1413,n6,grip
133736,1399,n6,grip
133738,1535,n6,grip
133740,1619,n6,grip
133742,1579,n6,grip
133744,1535,n6,grip
133746,1506,n6,grip
133748,1503,n6,grip
133750,1513,n6,grip
133752,1502,n6,grip
133754,1482,n6,grip
133756,1488,n6,grip
133758,1474,n6,grip
133760,1475,n6,grip
133762,1437,n6,grip
133764,1403,n6,grip
133766,1360,n6,grip
133768,1321,n6,grip
133770,1268,n6,grip
133772,1236,n6,grip
133774,1362,n6,grip
133776,1599,n6,grip
133778,1575,n6,grip
133780,1590,n6,grip
133782,1616,n6,grip
133784,1627,n6,grip
133786,1753,n6,grip
133788,1783,n6,grip
133790,1790,n6,grip
133792,1746,n6,grip
133794,1748,n6,grip
133796,1742,n6,grip
133798,1680,n6,grip
133800,1613,n6,grip
133802,1535,n6,grip
133804,1477,n6,grip
133806,1501,n6,grip
133808,1473,n6,grip
133810,1495,n6,grip
133812,1499,n6,grip
133814,1482,n6,grip
133816,1452,n6,grip
133818,1497,n6,grip
133820,1648,n6,grip
133822,1711,n6,grip
133824,1829,n6,grip
133826,1920,n6,grip
133828,1887,n6,grip
133830,1806,n6,grip
133832,1754,n6,grip
133834,1679,n6,grip
133836,1649,n6,grip
133838,1664,n6,grip
133840,1617,n6,grip
133842,1629,n6,grip
133844,1663,n6,grip
133846,1691,n6,grip
133848,1657,n6,grip
133850,1663,n6,grip
133852,1648,n6,grip
133854,1623,n6,grip
133856,1582,n6,grip
133858,1611,n6,grip
133860,1619,n6,grip
133862,1562,n6,grip
133864,1495,n6,grip
133866,1430,n6,grip
133868,1398,n6,grip
133870,1344,n6,grip
133872,1342,n6,grip
133874,1317,n6,grip
133876,1317,n6,grip
133878,1329,n6,grip
133880,1280,n6,grip
133882,1251,n6,grip
133884,1246,n6,grip
133886,1259,n6,grip
133888,1297,n6,grip
133890,1261,n6,grip
133892,1236,n6,grip
133894,1184,n6,grip
133896,1134,n6,grip
133898,1087,n6,grip
133900,1061,n6,grip
133902,1009,n6,grip
133904,985,n6,grip
133906,981,n6,grip
133908,937,n6,grip
133910,891,n6,grip
133912,859,n6,grip
133914,859,n6,grip
133916,841,n6,grip
133918,838,n6,grip
133920,823,n6,grip
133922,823,n6,grip
133924,813,n6,grip
133926,857,n6,grip
133928,942,n6,grip
133930,957,n6,grip
133932,984,n6,grip
133934,1075,n6,grip
133936,1072,n6,grip
133938,1037,n6,grip
133940,994,n6,grip
133942,955,n6,grip
133944,917,n6,grip
133946,898,n6,grip
133948,889,n6,grip
133950,886,n6,grip
133952,849,n6,grip
133954,815,n6,grip
133956,799,n6,grip
133958,785,n6,grip
133960,801,n6,grip
133962,773,n6,grip
133964,743,n6,grip
133966,715,n6,grip
133968,710,n6,grip
133970,710,n6,grip
133972,680,n6,grip
133974,687,n6,grip
133976,702,n6,grip
133978,702,n6,grip
133980,677,n6,grip
133982,695,n6,grip
133984,726,n6,grip
133986,714,n6,grip
133988,688,n6,grip
133990,666,n6,grip
133992,651,n6,grip
133994,690,n6,grip
133996,721,n6,grip
133998,757,n6,grip
134000,885,n6,grip
134002,879,n6,grip
134004,1095,n6,grip
134006,1228,n6,grip
134008,1223,n6,grip
134010,1177,n6,grip
134012,1130,n6,grip
134014,1151,n6,grip
134016,1146,n6,grip
134018,1122,n6,grip
134020,1142,n6,grip
134022,1128,n6,grip
134024,1104,n6,grip
134026,1141,n6,grip
134028,1141,n6,grip
134030,1209,n6,grip
134032,1435,n6,grip
134034,1442,n6,grip
134036,1473,n6,grip
134038,1453,n6,grip
134040,1415,n6,grip
134042,1360,n6,grip
134044,1317,n6,grip
134046,1257,n6,grip
134048,1215,n6,grip
134050,1168,n6,grip
134052,1146,n6,grip
134054,1196,n6,grip
134056,1166,n6,grip
134058,1162,n6,grip
134060,1136,n6,grip
134062,1140,n6,grip
134064,1138,n6,grip
134066,1165,n6,grip
134068,1275,n6,grip
134070,1318,n6,grip
134072,1270,n6,grip
134074,1230,n6,grip
134076,1187,n6,grip
134078,1199,n6,grip
134080,1363,n6,grip
134082,1383,n6,grip
134084,1424,n6,grip
134086,1391,n6,grip
134088,1351,n6,grip
134090,1469,n6,grip
134092,1467,n6,grip
134094,1507,n6,grip
134096,1578,n6,grip
134098,1534,n6,grip
134100,1558,n6,grip
134102,1503,n6,grip
134104,1467,n6,grip
134106,1455,n6,grip
134108,1413,n6,grip
134110,1405,n6,grip
134112,1414,n6,grip
134114,1375,n6,grip
134116,1348,n6,grip
134118,1349,n6,grip
134120,1363,n6,grip
134122,1563,n6,grip
134124,1665,n6,grip
134126,1682,n6,grip
134128,1839,n6,grip
134130,1872,n6,grip
134132,1808,n6,grip
134134,1732,n6,grip
134136,1680,n6,grip
134138,1679,n6,grip
134140,1663,n6,grip
134142,1639,n6,grip
134144,1616,n6,grip
134146,1535,n6,grip
134148,1497,n6,grip
134150,1478,n6,grip
134152,1439,n6,grip
134154,1398,n6,grip
134156,1375,n6,grip
134158,1381,n6,grip
134160,1345,n6,grip
134162,1314,n6,grip
134164,1269,n6,grip
134166,1225,n6,grip
134168,1181,n6,grip
134170,1136,n6,grip
134172,1168,n6,grip
134174,1250,n6,grip
134176,1347,n6,grip
134178,1343,n6,grip
134180,1488,n6,grip
134182,1535,n6,grip
134184,1579,n6,grip
134186,1530,n6,grip
134188,1559,n6,grip
134190,1513,n6,grip
134192,1575,n6,grip
134194,1524,n6,grip
134196,1456,n6,grip
134198,1396,n6,grip
134200,1347,n6,grip
134202,1321,n6,grip
134204,1340,n6,grip
134206,1298,n6,grip
134208,1258,n6,grip
134210,1245,n6,grip
134212,1206,n6,grip
134214,1190,n6,grip
134216,1199,n6,grip
134218,1191,n6,grip
134220,1163,n6,grip
134222,1147,n6,grip
134224,1178,n6,grip
134226,1293,n6,grip
134228,1359,n6,grip
134230,1371,n6,grip
134232,1360,n6,grip
134234,1386,n6,grip
134236,1328,n6,grip
134238,1315,n6,grip
134240,1338,n6,grip
134242,1344,n6,grip
134244,1312,n6,grip
134246,1323,n6,grip
134248,1357,n6,grip
134250,1363,n6,grip
134252,1389,n6,grip
134254,1351,n6,grip
134256,1295,n6,grip
134258,1294,n6,grip
134260,1258,n6,grip
134262,1206,n6,grip
134264,1163,n6,grip
134266,1125,n6,grip
134268,1150,n6,grip
134270,1143,n6,grip
134272,1118,n6,grip
134274,1123,n6,grip
134276,1123,n6,grip
134278,1123,n6,grip
134280,1161,n6,grip
134282,1152,n6,grip
134284,1129,n6,grip
134286,1239,n6,grip
134288,1299,n6,grip
134290,1281,n6,grip
134292,1315,n6,grip
134294,1291,n6,grip
134296,1252,n6,grip
134298,1237,n6,grip
134300,1192,n6,grip
134302,1163,n6,grip
134304,1198,n6,grip
134306,1226,n6,grip
134308,1227,n6,grip
134310,1311,n6,grip
134312,1283,n6,grip
134314,1328,n6,grip
134316,1391,n6,grip
134318,1408,n6,grip
134320,1406,n6,grip
