t_ms,raw,subject,gesture
3008886,160,n6,light
3008888,153,n6,light
3008890,147,n6,light
3008892,159,n6,light
3008894,159,n6,light
3008896,174,n6,light
3008898,166,n6,light
3008900,176,n6,light
3008902,162,n6,light
3008904,165,n6,light
3008906,173,n6,light
3008908,162,n6,light
3008910,176,n6,light
3008912,173,n6,light
3008914,160,n6,light
3008916,157,n6,light
3008918,148,n6,light
3008920,140,n6,light
3008922,132,n6,light
3008924,123,n6,light
3008926,113,n6,light
3008928,107,n6,light
3008930,98,n6,light
3008932,90,n6,light
3008934,81,n6,light
3008936,75,n6,light
3008938,82,n6,light
3008940,84,n6,light
3008942,80,n6,light
3008944,78,n6,light
3008946,80,n6,light
3008948,141,n6,light
3008950,163,n6,light
3008952,165,n6,light
3008954,154,n6,light
3008956,144,n6,light
3008958,135,n6,light
3008960,127,n6,light
3008962,121,n6,light
3008964,112,n6,light
3008966,101,n6,light
3008968,95,n6,light
3008970,85,n6,light
3008972,80,n6,light
3008974,71,n6,light
3008976,66,n6,light
3008978,58,n6,light
3008980,57,n6,light
3008982,48,n6,light
3008984,51,n6,light
3008986,48,n6,light
3008988,81,n6,light
3008990,153,n6,light
3008992,192,n6,light
3008994,229,n6,light
3008996,215,n6,light
3008998,218,n6,light
3009000,208,n6,light
3009002,199,n6,light
3009004,190,n6,light
3009006,176,n6,light
3009008,163,n6,light
3009010,154,n6,light
3009012,144,n6,light
3009014,137,n6,light
3009016,134,n6,light
3009018,132,n6,light
3009020,125,n6,light
3009022,114,n6,light
3009024,111,n6,light
3009026,121,n6,light
3009028,127,n6,light
3009030,147,n6,light
3009032,156,n6,light
3009034,146,n6,light
3009036,145,n6,light
3009038,139,n6,light
3009040,128,n6,light
3009042,123,n6,light
3009044,129,n6,light
3009046,124,n6,light
3009048,128,n6,light
3009050,114,n6,light
3009052,111,n6,light
3009054,100,n6,light
3009056,98,n6,light
3009058,93,n6,light
3009060,81,n6,light
3009062,86,n6,light
3009064,80,n6,light
3009066,71,n6,light
3009068,65,n6,light
3009070,61,n6,light
3009072,53,n6,light
3009074,48,n6,light
3009076,45,n6,light
3009078,42,n6,light
3009080,34,n6,light
3009082,29,n6,light
3009084,25,n6,light
3009086,19,n6,light
3009088,16,n6,light
3009090,12,n6,light
3009092,14,n6,light
3009094,12,n6,light
3009096,10,n6,light
3009098,7,n6,light
3009100,4,n6,light
3009102,16,n6,light
3009104,26,n6,light
3009106,39,n6,light
3009108,50,n6,light
3009110,48,n6,light
3009112,43,n6,light
3009114,47,n6,light
3009116,39,n6,light
3009118,35,n6,light
3009120,35,n6,light
3009122,27,n6,light
3009124,25,n6,light
3009126,21,n6,light
3009128,19,n6,light
3009130,30,n6,light
3009132,48,n6,light
3009134,40,n6,light
3009136,47,n6,light
3009138,42,n6,light
3009140,38,n6,light
3009142,38,n6,light
3009144,35,n6,light
3009146,31,n6,light
3009148,26,n6,light
3009150,31,n6,light
3009152,27,n6,light
3009154,22,n6,light
3009156,22,n6,light
3009158,16,n6,light
3009160,14,n6,light
3009162,11,n6,light
3009164,7,n6,light
3009166,6,n6,light
3009168,13,n6,light
3009170,13,n6,light
3009172,11,n6,light
3009174,14,n6,light
3009176,6,n6,light
3009178,5,n6,light
3009180,4,n6,light
3009182,0,n6,light
3009184,0,n6,light
3009186,0,n6,light
3009188,0,n6,light
3009190,0,n6,light
3009192,0,n6,light
3009194,0,n6,light
3009196,10,n6,light
3009198,38,n6,light
3009200,57,n6,light
3009202,78,n6,light
3009204,97,n6,light
3009206,103,n6,light
3009208,91,n6,light
3009210,86,n6,light
3009212,80,n6,light
3009214,77,n6,light
3009216,70,n6,light
3009218,66,n6,light
3009220,65,n6,light
3009222,58,n6,light
3009224,54,n6,light
3009226,53,n6,light
3009228,48,n6,light
3009230,47,n6,light
3009232,38,n6,light
3009234,42,n6,light
3009236,45,n6,light
3009238,52,n6,light
3009240,65,n6,light
3009242,71,n6,light
3009244,72,n6,light
3009246,69,n6,light
3009248,59,n6,light
3009250,59,n6,light
3009252,74,n6,light
3009254,80,n6,light
3009256,90,n6,light
3009258,119,n6,light
3009260,119,n6,light
3009262,126,n6,light
3009264,119,n6,light
3009266,112,n6,light
3009268,106,n6,light
3009270,97,n6,light
3009272,91,n6,light
3009274,82,n6,light
3009276,80,n6,light
3009278,73,n6,light
3009280,64,n6,light
3009282,60,n6,light
3009284,74,n6,light
3009286,70,n6,light
3009288,66,n6,light
3009290,72,n6,light
3009292,71,n6,light
3009294,79,n6,light
3009296,78,n6,light
3009298,74,n6,light
3009300,66,n6,light
3009302,59,n6,light
3009304,53,n6,light
3009306,58,n6,light
3009308,55,n6,light
3009310,58,n6,light
3009312,72,n6,light
3009314,79,n6,light
3009316,116,n6,light
3009318,114,n6,light
3009320,115,n6,light
3009322,112,n6,light
3009324,98,n6,light
3009326,93,n6,light
3009328,89,n6,light
3009330,80,n6,light
3009332,77,n6,light
3009334,66,n6,light
3009336,64,n6,light
3009338,57,n6,light
3009340,63,n6,light
3009342,63,n6,light
3009344,61,n6,light
3009346,67,n6,light
3009348,61,n6,light
3009350,62,n6,light
3009352,53,n6,light
3009354,50,n6,light
3009356,49,n6,light
3009358,49,n6,light
3009360,48,n6,light
3009362,49,n6,light
3009364,54,n6,light
3009366,54,n6,light
3009368,80,n6,light
3009370,80,n6,light
3009372,91,n6,light
3009374,88,n6,light
3009376,90,n6,light
3009378,84,n6,light
3009380,80,n6,light
3009382,74,n6,light
3009384,65,n6,light
3009386,68,n6,light
3009388,80,n6,light
3009390,83,n6,light
3009392,89,n6,light
3009394,108,n6,light
3009396,96,n6,light
3009398,92,n6,light
3009400,90,n6,light
3009402,80,n6,light
3009404,78,n6,light
3009406,73,n6,light
3009408,70,n6,light
3009410,71,n6,light
3009412,62,n6,light
3009414,62,n6,light
3009416,54,n6,light
3009418,48,n6,light
3009420,46,n6,light
3009422,39,n6,light
3009424,41,n6,light
3009426,42,n6,light
3009428,35,n6,light
3009430,42,n6,light
3009432,80,n6,light
3009434,105,n6,light
3009436,157,n6,light
3009438,151,n6,light
3009440,147,n6,light
3009442,140,n6,light
3009444,129,n6,light
3009446,123,n6,light
3009448,114,n6,light
3009450,110,n6,light
3009452,97,n6,light
3009454,93,n6,light
3009456,86,n6,light
3009458,83,n6,light
3009460,82,n6,light
3009462,78,n6,light
3009464,76,n6,light
3009466,84,n6,light
3009468,96,n6,light
3009470,94,n6,light
3009472,95,n6,light
3009474,97,n6,light
3009476,94,n6,light
3009478,83,n6,light
3009480,78,n6,light
3009482,76,n6,light
3009484,75,n6,light
3009486,69,n6,light
3009488,64,n6,light
3009490,57,n6,light
3009492,61,n6,light
3009494,66,n6,light
3009496,74,n6,light
3009498,80,n6,light
3009500,90,n6,light
3009502,93,n6,light
3009504,91,n6,light
3009506,93,n6,light
3009508,97,n6,light
3009510,87,n6,light
3009512,80,n6,light
3009514,80,n6,light
3009516,71,n6,light
3009518,62,n6,light
3009520,61,n6,light
3009522,59,n6,light
3009524,62,n6,light
3009526,78,n6,light
3009528,73,n6,light
3009530,68,n6,light
3009532,69,n6,light
3009534,77,n6,light
3009536,66,n6,light
3009538,64,n6,light
3009540,61,n6,light
3009542,62,n6,light
3009544,59,n6,light
3009546,53,n6,light
3009548,59,n6,light
3009550,50,n6,light
3009552,49,n6,light
3009554,53,n6,light
3009556,49,n6,light
3009558,49,n6,light
3009560,58,n6,light
3009562,53,n6,light
3009564,48,n6,light
3009566,45,n6,light
3009568,48,n6,light
3009570,43,n6,light
3009572,45,n6,light
3009574,43,n6,light
3009576,35,n6,light
3009578,29,n6,light
3009580,35,n6,light
3009582,42,n6,light
3009584,61,n6,light
3009586,61,n6,light
3009588,64,n6,light
3009590,69,n6,light
3009592,65,n6,light
3009594,57,n6,light
3009596,52,n6,light
3009598,64,n6,light
3009600,58,n6,light
3009602,52,n6,light
3009604,50,n6,light
3009606,51,n6,light
3009608,48,n6,light
3009610,45,n6,light
3009612,47,n6,light
3009614,62,n6,light
3009616,64,n6,light
3009618,71,n6,light
3009620,80,n6,light
3009622,70,n6,light
3009624,68,n6,light
3009626,70,n6,light
3009628,75,n6,light
3009630,64,n6,light
3009632,61,n6,light
3009634,54,n6,light
3009636,48,n6,light
3009638,48,n6,light
3009640,48,n6,light
3009642,48,n6,light
3009644,67,n6,light
3009646,72,n6,light
3009648,70,n6,light
3009650,70,n6,light
3009652,79,n6,light
3009654,79,n6,light
3009656,75,n6,light
3009658,64,n6,light
3009660,63,n6,light
3009662,55,n6,light
3009664,49,n6,light
3009666,47,n6,light
3009668,42,n6,light
3009670,39,n6,light
3009672,36,n6,light
3009674,32,n6,light
3009676,25,n6,light
3009678,23,n6,light
3009680,19,n6,light
3009682,16,n6,light
3009684,11,n6,light
3009686,15,n6,light
3009688,19,n6,light
3009690,23,n6,light
3009692,16,n6,light
3009694,21,n6,light
3009696,23,n6,light
3009698,25,n6,light
3009700,18,n6,light
3009702,17,n6,light
3009704,15,n6,light
3009706,9,n6,light
3009708,10,n6,light
3009710,15,n6,light
3009712,17,n6,light
3009714,19,n6,light
3009716,41,n6,light
3009718,52,n6,light
3009720,49,n6,light
3009722,54,n6,light
3009724,71,n6,light
3009726,78,n6,light
3009728,75,n6,light
3009730,70,n6,light
3009732,66,n6,light
3009734,75,n6,light
3009736,77,n6,light
3009738,70,n6,light
3009740,67,n6,light
3009742,77,n6,light
3009744,68,n6,light
3009746,64,n6,light
3009748,64,n6,light
3009750,53,n6,light
3009752,54,n6,light
3009754,52,n6,light
3009756,51,n6,light
3009758,63,n6,light
3009760,64,n6,light
3009762,83,n6,light
3009764,87,n6,light
3009766,86,n6,light
3009768,91,n6,light
3009770,103,n6,light
3009772,108,n6,light
3009774,114,n6,light
3009776,128,n6,light
3009778,132,n6,light
3009780,123,n6,light
3009782,132,n6,light
3009784,128,n6,light
3009786,121,n6,light
3009788,109,n6,light
3009790,106,n6,light
3009792,97,n6,light
3009794,98,n6,light
3009796,87,n6,light
3009798,91,n6,light
3009800,101,n6,light
3009802,111,n6,light
3009804,114,n6,light
3009806,126,n6,light
3009808,118,n6,light
3009810,115,n6,light
3009812,112,n6,light
3009814,99,n6,light
3009816,94,n6,light
3009818,85,n6,light
3009820,91,n6,light
3009822,82,n6,light
3009824,87,n6,light
3009826,87,n6,light
3009828,81,n6,light
3009830,79,n6,light
3009832,73,n6,light
3009834,69,n6,light
3009836,61,n6,light
3009838,54,n6,light
3009840,48,n6,light
3009842,48,n6,light
3009844,43,n6,light
3009846,42,n6,light
3009848,55,n6,light
3009850,83,n6,light
3009852,94,n6,light
3009854,102,n6,light
3009856,99,n6,light
3009858,99,n6,light
3009860,92,n6,light
3009862,80,n6,light
3009864,81,n6,light
3009866,84,n6,light
3009868,87,n6,light
3009870,93,n6,light
3009872,81,n6,light
3009874,80,n6,light
3009876,80,n6,light
3009878,74,n6,light
3009880,65,n6,light
3009882,60,n6,light
3009884,62,n6,light
3009886,58,n6,light
3009888,64,n6,light
3009890,53,n6,light
3009892,49,n6,light
3009894,48,n6,light
3009896,48,n6,light
3009898,44,n6,light
3009900,41,n6,light
3009902,34,n6,light
3009904,41,n6,light
3009906,44,n6,light
3009908,42,n6,light
3009910,43,n6,light
3009912,39,n6,light
3009914,46,n6,light
3009916,38,n6,light
3009918,35,n6,light
3009920,32,n6,light
3009922,32,n6,light
3009924,22,n6,light
3009926,22,n6,light
3009928,19,n6,light
3009930,21,n6,light
3009932,42,n6,light
3009934,63,n6,light
3009936,64,n6,light
3009938,106,n6,light
3009940,122,n6,light
3009942,117,n6,light
3009944,108,n6,light
3009946,106,n6,light
3009948,95,n6,light
3009950,90,n6,light
3009952,83,n6,light
3009954,80,n6,light
3009956,83,n6,light
3009958,80,n6,light
3009960,78,n6,light
3009962,77,n6,light
3009964,89,n6,light
3009966,93,n6,light
3009968,81,n6,light
3009970,87,n6,light
3009972,87,n6,light
3009974,96,n6,light
3009976,105,n6,light
3009978,98,n6,light
3009980,101,n6,light
3009982,111,n6,light
3009984,109,n6,light
3009986,102,n6,light
3009988,101,n6,light
3009990,110,n6,light
3009992,111,n6,light
3009994,104,n6,light
3009996,99,n6,light
3009998,90,n6,light
3010000,96,n6,light
3010002,112,n6,light
3010004,100,n6,light
3010006,95,n6,light
3010008,90,n6,light
3010010,81,n6,light
3010012,86,n6,light
3010014,84,n6,light
3010016,113,n6,light
3010018,110,n6,light
3010020,105,n6,light
3010022,96,n6,light
3010024,86,n6,light
3010026,80,n6,light
3010028,75,n6,light
3010030,64,n6,light
3010032,64,n6,light
3010034,57,n6,light
3010036,49,n6,light
3010038,50,n6,light
3010040,48,n6,light
3010042,47,n6,light
3010044,48,n6,light
3010046,74,n6,light
3010048,75,n6,light
3010050,68,n6,light
3010052,65,n6,light
3010054,62,n6,light
3010056,80,n6,light
3010058,71,n6,light
3010060,96,n6,light
3010062,94,n6,light
3010064,87,n6,light
3010066,80,n6,light
3010068,74,n6,light
3010070,90,n6,light
3010072,90,n6,light
3010074,101,n6,light
3010076,90,n6,light
3010078,90,n6,light
3010080,86,n6,light
3010082,79,n6,light
3010084,73,n6,light
3010086,73,n6,light
3010088,77,n6,light
3010090,83,n6,light
3010092,85,n6,light
3010094,85,n6,light
3010096,107,n6,light
3010098,110,n6,light
3010100,108,n6,light
3010102,97,n6,light
3010104,94,n6,light
3010106,94,n6,light
3010108,80,n6,light
3010110,80,n6,light
3010112,82,n6,light
3010114,78,n6,light
3010116,75,n6,light
3010118,67,n6,light
3010120,80,n6,light
3010122,98,n6,light
3010124,94,n6,light
3010126,103,n6,light
3010128,94,n6,light
3010130,86,n6,light
3010132,80,n6,light
3010134,74,n6,light
3010136,66,n6,light
3010138,63,n6,light
3010140,60,n6,light
3010142,59,n6,light
3010144,64,n6,light
3010146,64,n6,light
3010148,70,n6,light
3010150,66,n6,light
3010152,69,n6,light
3010154,65,n6,light
3010156,60,n6,light
3010158,55,n6,light
3010160,61,n6,light
3010162,63,n6,light
3010164,59,n6,light
3010166,69,n6,light
3010168,77,n6,light
3010170,78,n6,light
3010172,82,n6,light
3010174,75,n6,light
3010176,71,n6,light
3010178,69,n6,light
3010180,73,n6,light
3010182,78,n6,light
3010184,80,n6,light
3010186,75,n6,light
3010188,66,n6,light
3010190,59,n6,light
3010192,64,n6,light
3010194,70,n6,light
3010196,64,n6,light
3010198,61,n6,light
3010200,58,n6,light
3010202,51,n6,light
3010204,46,n6,light
3010206,44,n6,light
3010208,37,n6,light
3010210,33,n6,light
3010212,30,n6,light
3010214,32,n6,light
3010216,34,n6,light
3010218,27,n6,light
3010220,17,n6,light
3010222,16,n6,light
3010224,16,n6,light
3010226,16,n6,light
3010228,16,n6,light
3010230,8,n6,light
3010232,5,n6,light
3010234,2,n6,light
3010236,0,n6,light
3010238,0,n6,light
3010240,0,n6,light
3010242,0,n6,light
3010244,0,n6,light
3010246,0,n6,light
3010248,0,n6,light
3010250,0,n6,light
3010252,0,n6,light
3010254,0,n6,light
3010256,0,n6,light
3010258,0,n6,light
3010260,0,n6,light
3010262,0,n6,light
3010264,0,n6,light
3010266,0,n6,light
3010268,0,n6,light
3010270,0,n6,light
3010272,0,n6,light
3010274,0,n6,light
3010276,9,n6,light
3010278,8,n6,light
3010280,6,n6,light
3010282,2,n6,light
3010284,17,n6,light
3010286,19,n6,light
3010288,22,n6,light
3010290,18,n6,light
3010292,16,n6,light
3010294,11,n6,light
3010296,16,n6,light
3010298,25,n6,light
3010300,23,n6,light
3010302,26,n6,light
3010304,22,n6,light
3010306,18,n6,light
3010308,16,n6,light
3010310,15,n6,light
3010312,16,n6,light
3010314,11,n6,light
3010316,36,n6,light
3010318,43,n6,light
3010320,43,n6,light
3010322,37,n6,light
3010324,39,n6,light
3010326,34,n6,light
3010328,32,n6,light
3010330,31,n6,light
3010332,35,n6,light
3010334,31,n6,light
3010336,26,n6,light
3010338,19,n6,light
3010340,20,n6,light
3010342,36,n6,light
3010344,39,n6,light
3010346,37,n6,light
3010348,34,n6,light
3010350,54,n6,light
3010352,48,n6,light
3010354,47,n6,light
3010356,48,n6,light
3010358,48,n6,light
3010360,48,n6,light
3010362,45,n6,light
3010364,42,n6,light
3010366,37,n6,light
3010368,34,n6,light
3010370,27,n6,light
3010372,45,n6,light
3010374,48,n6,light
3010376,55,n6,light
3010378,62,n6,light
3010380,63,n6,light
3010382,63,n6,light
3010384,53,n6,light
3010386,49,n6,light
3010388,49,n6,light
3010390,41,n6,light
3010392,34,n6,light
3010394,32,n6,light
3010396,30,n6,light
3010398,32,n6,light
3010400,42,n6,light
3010402,42,n6,light
3010404,59,n6,light
3010406,51,n6,light
3010408,47,n6,light
3010410,47,n6,light
3010412,38,n6,light
3010414,42,n6,light
3010416,31,n6,light
3010418,24,n6,light
3010420,21,n6,light
3010422,21,n6,light
3010424,29,n6,light
3010426,34,n6,light
3010428,34,n6,light
3010430,34,n6,light
3010432,34,n6,light
3010434,27,n6,light
3010436,21,n6,light
3010438,17,n6,light
3010440,18,n6,light
3010442,19,n6,light
3010444,16,n6,light
3010446,12,n6,light
3010448,16,n6,light
3010450,13,n6,light
3010452,11,n6,light
3010454,10,n6,light
3010456,4,n6,light
3010458,6,n6,light
3010460,11,n6,light
3010462,10,n6,light
3010464,39,n6,light
3010466,46,n6,light
3010468,53,n6,light
3010470,59,n6,light
3010472,61,n6,light
3010474,80,n6,light
3010476,87,n6,light
3010478,111,n6,light
3010480,141,n6,light
3010482,140,n6,light
3010484,130,n6,light
3010486,121,n6,light
3010488,112,n6,light
3010490,108,n6,light
3010492,93,n6,light
3010494,91,n6,light
3010496,80,n6,light
3010498,77,n6,light
3010500,74,n6,light
3010502,68,n6,light
3010504,64,n6,light
3010506,65,n6,light
3010508,60,n6,light
3010510,59,n6,light
3010512,64,n6,light
3010514,66,n6,light
3010516,62,n6,light
3010518,64,n6,light
3010520,57,n6,light
3010522,52,n6,light
3010524,45,n6,light
3010526,45,n6,light
3010528,35,n6,light
3010530,33,n6,light
3010532,28,n6,light
3010534,33,n6,light
3010536,32,n6,light
3010538,35,n6,light
3010540,43,n6,light
3010542,46,n6,light
3010544,53,n6,light
3010546,49,n6,light
3010548,47,n6,light
3010550,48,n6,light
3010552,50,n6,light
3010554,64,n6,light
3010556,65,n6,light
3010558,58,n6,light
3010560,58,n6,light
3010562,66,n6,light
3010564,59,n6,light
3010566,67,n6,light
3010568,59,n6,light
3010570,57,n6,light
3010572,48,n6,light
3010574,50,n6,light
3010576,60,n6,light
3010578,51,n6,light
3010580,46,n6,light
3010582,49,n6,light
3010584,49,n6,light
3010586,48,n6,light
3010588,45,n6,light
3010590,43,n6,light
3010592,46,n6,light
3010594,41,n6,light
3010596,41,n6,light
3010598,33,n6,light
3010600,34,n6,light
3010602,21,n6,light
3010604,19,n6,light
3010606,17,n6,light
3010608,15,n6,light
3010610,10,n6,light
3010612,1,n6,light
3010614,10,n6,light
3010616,5,n6,light
3010618,4,n6,light
3010620,2,n6,light
3010622,3,n6,light
3010624,5,n6,light
3010626,1,n6,light
3010628,1,n6,light
3010630,0,n6,light
3010632,0,n6,light
3010634,0,n6,light
3010636,3,n6,light
3010638,16,n6,light
3010640,15,n6,light
3010642,12,n6,light
3010644,16,n6,light
3010646,11,n6,light
3010648,11,n6,light
3010650,7,n6,light
3010652,5,n6,light
3010654,8,n6,light
3010656,5,n6,light
3010658,11,n6,light
3010660,16,n6,light
3010662,21,n6,light
3010664,16,n6,light
3010666,17,n6,light
3010668,16,n6,light
3010670,16,n6,light
3010672,16,n6,light
3010674,16,n6,light
3010676,9,n6,light
3010678,13,n6,light
3010680,5,n6,light
3010682,16,n6,light
3010684,15,n6,light
3010686,21,n6,light
3010688,29,n6,light
3010690,21,n6,light
3010692,18,n6,light
3010694,18,n6,light
3010696,19,n6,light
3010698,16,n6,light
3010700,16,n6,light
3010702,16,n6,light
3010704,14,n6,light
3010706,11,n6,light
3010708,16,n6,light
3010710,31,n6,light
3010712,30,n6,light
3010714,35,n6,light
3010716,32,n6,light
3010718,39,n6,light
3010720,48,n6,light
3010722,45,n6,light
3010724,39,n6,light
3010726,39,n6,light
3010728,35,n6,light
3010730,30,n6,light
3010732,25,n6,light
3010734,17,n6,light
3010736,21,n6,light
3010738,30,n6,light
3010740,38,n6,light
3010742,49,n6,light
3010744,47,n6,light
3010746,40,n6,light
3010748,38,n6,light
3010750,32,n6,light
3010752,26,n6,light
3010754,19,n6,light
3010756,19,n6,light
3010758,16,n6,light
3010760,16,n6,light
3010762,15,n6,light
3010764,12,n6,light
3010766,11,n6,light
3010768,11,n6,light
3010770,3,n6,light
3010772,0,n6,light
3010774,0,n6,light
3010776,0,n6,light
3010778,0,n6,light
3010780,0,n6,light
3010782,0,n6,light
3010784,0,n6,light
3010786,22,n6,light
3010788,35,n6,light
3010790,50,n6,light
3010792,63,n6,light
3010794,80,n6,light
3010796,80,n6,light
3010798,80,n6,light
3010800,84,n6,light
3010802,77,n6,light
3010804,75,n6,light
3010806,68,n6,light
3010808,64,n6,light
3010810,61,n6,light
3010812,51,n6,light
3010814,48,n6,light
3010816,43,n6,light
3010818,41,n6,light
3010820,33,n6,light
3010822,45,n6,light
3010824,48,n6,light
3010826,62,n6,light
3010828,70,n6,light
3010830,78,n6,light
3010832,67,n6,light
3010834,64,n6,light
3010836,50,n6,light
3010838,48,n6,light
3010840,48,n6,light
3010842,42,n6,light
3010844,39,n6,light
3010846,40,n6,light
3010848,34,n6,light
3010850,28,n6,light
3010852,27,n6,light
3010854,17,n6,light
3010856,16,n6,light
3010858,6,n6,light
3010860,7,n6,light
3010862,7,n6,light
3010864,0,n6,light
3010866,0,n6,light
3010868,0,n6,light
3010870,0,n6,light
3010872,9,n6,light
3010874,23,n6,light
3010876,34,n6,light
3010878,48,n6,light
3010880,62,n6,light
3010882,59,n6,light
3010884,55,n6,light
3010886,48,n6,light
3010888,55,n6,light
3010890,57,n6,light
3010892,54,n6,light
3010894,54,n6,light
3010896,48,n6,light
3010898,48,n6,light
3010900,45,n6,light
3010902,41,n6,light
3010904,49,n6,light
3010906,50,n6,light
3010908,47,n6,light
3010910,46,n6,light
3010912,49,n6,light
3010914,49,n6,light
3010916,47,n6,light
3010918,50,n6,light
3010920,49,n6,light
3010922,59,n6,light
3010924,74,n6,light
3010926,75,n6,light
3010928,73,n6,light
3010930,64,n6,light
3010932,62,n6,light
3010934,52,n6,light
3010936,50,n6,light
3010938,49,n6,light
3010940,48,n6,light
3010942,50,n6,light
3010944,59,n6,light
3010946,68,n6,light
3010948,65,n6,light
3010950,73,n6,light
3010952,78,n6,light
3010954,66,n6,light
3010956,65,n6,light
3010958,57,n6,light
3010960,53,n6,light
3010962,48,n6,light
3010964,42,n6,light
3010966,41,n6,light
3010968,32,n6,light
3010970,28,n6,light
3010972,25,n6,light
3010974,21,n6,light
3010976,18,n6,light
3010978,14,n6,light
3010980,8,n6,light
3010982,9,n6,light
3010984,32,n6,light
3010986,35,n6,light
3010988,57,n6,light
3010990,59,n6,light
3010992,54,n6,light
3010994,61,n6,light
3010996,65,n6,light
3010998,76,n6,light
3011000,84,n6,light
3011002,84,n6,light
3011004,80,n6,light
3011006,78,n6,light
3011008,66,n6,light
3011010,62,n6,light
3011012,57,n6,light
3011014,49,n6,light
3011016,47,n6,light
3011018,42,n6,light
3011020,39,n6,light
3011022,42,n6,light
3011024,48,n6,light
3011026,42,n6,light
3011028,48,n6,light
3011030,43,n6,light
3011032,37,n6,light
3011034,31,n6,light
3011036,28,n6,light
3011038,21,n6,light
3011040,17,n6,light
3011042,33,n6,light
3011044,35,n6,light
3011046,39,n6,light
3011048,43,n6,light
3011050,48,n6,light
3011052,42,n6,light
3011054,43,n6,light
3011056,37,n6,light
3011058,35,n6,light
3011060,28,n6,light
3011062,29,n6,light
3011064,33,n6,light
3011066,41,n6,light
3011068,48,n6,light
3011070,47,n6,light
3011072,41,n6,light
3011074,35,n6,light
3011076,38,n6,light
3011078,35,n6,light
3011080,30,n6,light
3011082,23,n6,light
3011084,21,n6,light
3011086,16,n6,light
3011088,17,n6,light
3011090,19,n6,light
3011092,13,n6,light
3011094,14,n6,light
3011096,14,n6,light
3011098,14,n6,light
3011100,13,n6,light
3011102,14,n6,light
3011104,19,n6,light
3011106,16,n6,light
3011108,16,n6,light
3011110,14,n6,light
3011112,16,n6,light
3011114,23,n6,light
3011116,18,n6,light
3011118,14,n6,light
3011120,15,n6,light
3011122,11,n6,light
3011124,3,n6,light
3011126,14,n6,light
3011128,34,n6,light
3011130,35,n6,light
3011132,55,n6,light
3011134,65,n6,light
3011136,63,n6,light
3011138,57,n6,light
3011140,52,n6,light
3011142,48,n6,light
3011144,42,n6,light
3011146,34,n6,light
3011148,39,n6,light
3011150,31,n6,light
3011152,31,n6,light
3011154,29,n6,light
3011156,48,n6,light
3011158,57,n6,light
3011160,55,n6,light
3011162,48,n6,light
3011164,47,n6,light
3011166,39,n6,light
3011168,41,n6,light
3011170,48,n6,light
3011172,65,n6,light
3011174,71,n6,light
3011176,75,n6,light
3011178,74,n6,light
3011180,77,n6,light
3011182,85,n6,light
3011184,81,n6,light
3011186,75,n6,light
3011188,69,n6,light
3011190,64,n6,light
3011192,59,n6,light
3011194,50,n6,light
3011196,51,n6,light
3011198,50,n6,light
3011200,57,n6,light
3011202,64,n6,light
3011204,64,n6,light
3011206,50,n6,light
3011208,48,n6,light
3011210,49,n6,light
3011212,55,n6,light
3011214,55,n6,light
3011216,59,n6,light
3011218,58,n6,light
3011220,78,n6,light
3011222,71,n6,light
3011224,69,n6,light
3011226,69,n6,light
3011228,66,n6,light
3011230,57,n6,light
3011232,52,n6,light
3011234,48,n6,light
3011236,41,n6,light
3011238,48,n6,light
3011240,64,n6,light
3011242,61,n6,light
3011244,69,n6,light
3011246,64,n6,light
3011248,64,n6,light
3011250,64,n6,light
3011252,60,n6,light
3011254,53,n6,light
3011256,62,n6,light
3011258,64,n6,light
3011260,57,n6,light
3011262,50,n6,light
3011264,48,n6,light
3011266,48,n6,light
3011268,46,n6,light
3011270,48,n6,light
3011272,41,n6,light
3011274,37,n6,light
3011276,40,n6,light
3011278,47,n6,light
3011280,48,n6,light
3011282,39,n6,light
3011284,33,n6,light
3011286,29,n6,light
3011288,27,n6,light
3011290,23,n6,light
3011292,18,n6,light
3011294,16,n6,light
3011296,16,n6,light
3011298,17,n6,light
3011300,20,n6,light
3011302,16,n6,light
3011304,12,n6,light
3011306,19,n6,light
3011308,20,n6,light
3011310,33,n6,light
3011312,44,n6,light
3011314,60,n6,light
3011316,58,n6,light
3011318,51,n6,light
3011320,48,n6,light
3011322,48,n6,light
3011324,37,n6,light
3011326,55,n6,light
3011328,64,n6,light
3011330,78,n6,light
3011332,88,n6,light
3011334,87,n6,light
3011336,80,n6,light
3011338,67,n6,light
3011340,64,n6,light
3011342,59,n6,light
3011344,52,n6,light
3011346,51,n6,light
3011348,51,n6,light
3011350,49,n6,light
3011352,58,n6,light
3011354,51,n6,light
3011356,51,n6,light
3011358,66,n6,light
3011360,89,n6,light
3011362,93,n6,light
3011364,95,n6,light
3011366,94,n6,light
3011368,106,n6,light
3011370,105,n6,light
3011372,108,n6,light
3011374,96,n6,light
3011376,97,n6,light
3011378,95,n6,light
3011380,97,n6,light
3011382,93,n6,light
3011384,96,n6,light
3011386,99,n6,light
3011388,100,n6,light
3011390,94,n6,light
3011392,88,n6,light
3011394,81,n6,light
3011396,74,n6,light
3011398,74,n6,light
3011400,77,n6,light
3011402,79,n6,light
3011404,86,n6,light
3011406,80,n6,light
3011408,76,n6,light
3011410,80,n6,light
3011412,83,n6,light
3011414,70,n6,light
3011416,69,n6,light
3011418,83,n6,light
3011420,94,n6,light
3011422,93,n6,light
3011424,90,n6,light
3011426,87,n6,light
3011428,84,n6,light
3011430,109,n6,light
3011432,113,n6,light
3011434,138,n6,light
3011436,133,n6,light
3011438,127,n6,light
3011440,125,n6,light
3011442,121,n6,light
3011444,107,n6,light
3011446,106,n6,light
3011448,100,n6,light
3011450,98,n6,light
3011452,107,n6,light
3011454,133,n6,light
3011456,146,n6,light
3011458,159,n6,light
3011460,150,n6,light
3011462,142,n6,light
3011464,128,n6,light
3011466,124,n6,light
3011468,116,n6,light
3011470,111,n6,light
3011472,101,n6,light
3011474,94,n6,light
3011476,94,n6,light
3011478,85,n6,light
3011480,83,n6,light
3011482,93,n6,light
3011484,85,n6,light
3011486,97,n6,light
3011488,89,n6,light
3011490,97,n6,light
3011492,93,n6,light
3011494,82,n6,light
3011496,78,n6,light
3011498,74,n6,light
3011500,67,n6,light
3011502,64,n6,light
3011504,51,n6,light
3011506,49,n6,light
3011508,51,n6,light
3011510,53,n6,light
3011512,51,n6,light
3011514,51,n6,light
3011516,48,n6,light
3011518,44,n6,light
3011520,48,n6,light
3011522,50,n6,light
3011524,44,n6,light
3011526,39,n6,light
3011528,35,n6,light
3011530,34,n6,light
3011532,28,n6,light
3011534,21,n6,light
3011536,19,n6,light
3011538,16,n6,light
3011540,11,n6,light
3011542,10,n6,light
3011544,5,n6,light
3011546,12,n6,light
3011548,23,n6,light
3011550,44,n6,light
3011552,64,n6,light
3011554,55,n6,light
3011556,49,n6,light
3011558,48,n6,light
3011560,42,n6,light
3011562,35,n6,light
3011564,29,n6,light
3011566,42,n6,light
3011568,41,n6,light
3011570,43,n6,light
3011572,44,n6,light
3011574,55,n6,light
3011576,65,n6,light
3011578,57,n6,light
3011580,53,n6,light
3011582,53,n6,light
3011584,48,n6,light
3011586,46,n6,light
3011588,37,n6,light
3011590,39,n6,light
3011592,36,n6,light
3011594,31,n6,light
3011596,31,n6,light
3011598,29,n6,light
3011600,33,n6,light
3011602,50,n6,light
3011604,52,n6,light
3011606,50,n6,light
3011608,47,n6,light
3011610,47,n6,light
3011612,46,n6,light
3011614,37,n6,light
3011616,35,n6,light
3011618,30,n6,light
3011620,30,n6,light
3011622,33,n6,light
3011624,23,n6,light
3011626,37,n6,light
3011628,39,n6,light
3011630,44,n6,light
3011632,33,n6,light
3011634,43,n6,light
3011636,38,n6,light
3011638,37,n6,light
3011640,27,n6,light
3011642,27,n6,light
3011644,29,n6,light
3011646,21,n6,light
3011648,54,n6,light
3011650,95,n6,light
3011652,112,n6,light
3011654,157,n6,light
3011656,156,n6,light
3011658,144,n6,light
3011660,144,n6,light
3011662,169,n6,light
3011664,160,n6,light
3011666,147,n6,light
3011668,157,n6,light
3011670,177,n6,light
3011672,175,n6,light
3011674,161,n6,light
3011676,154,n6,light
3011678,176,n6,light
3011680,176,n6,light
3011682,195,n6,light
3011684,199,n6,light
3011686,195,n6,light
3011688,193,n6,light
3011690,189,n6,light
3011692,178,n6,light
3011694,176,n6,light
3011696,166,n6,light
3011698,151,n6,light
3011700,145,n6,light
3011702,132,n6,light
3011704,126,n6,light
3011706,117,n6,light
3011708,108,n6,light
3011710,105,n6,light
3011712,95,n6,light
3011714,81,n6,light
3011716,78,n6,light
3011718,75,n6,light
3011720,69,n6,light
3011722,63,n6,light
3011724,55,n6,light
3011726,51,n6,light
3011728,50,n6,light
3011730,48,n6,light
3011732,45,n6,light
3011734,41,n6,light
3011736,37,n6,light
3011738,31,n6,light
3011740,29,n6,light
3011742,32,n6,light
3011744,30,n6,light
3011746,42,n6,light
3011748,33,n6,light
3011750,35,n6,light
3011752,32,n6,light
3011754,32,n6,light
3011756,22,n6,light
3011758,48,n6,light
3011760,57,n6,light
3011762,55,n6,light
3011764,50,n6,light
3011766,48,n6,light
3011768,48,n6,light
3011770,46,n6,light
3011772,48,n6,light
3011774,44,n6,light
3011776,34,n6,light
3011778,32,n6,light
3011780,26,n6,light
3011782,21,n6,light
3011784,19,n6,light
3011786,17,n6,light
3011788,21,n6,light
3011790,25,n6,light
3011792,21,n6,light
3011794,22,n6,light
3011796,33,n6,light
3011798,29,n6,light
3011800,26,n6,light
3011802,30,n6,light
3011804,31,n6,light
3011806,26,n6,light
3011808,38,n6,light
3011810,38,n6,light
3011812,39,n6,light
3011814,39,n6,light
3011816,35,n6,light
3011818,31,n6,light
3011820,26,n6,light
3011822,20,n6,light
3011824,17,n6,light
3011826,16,n6,light
3011828,16,n6,light
3011830,14,n6,light
3011832,14,n6,light
3011834,13,n6,light
3011836,9,n6,light
3011838,6,n6,light
3011840,8,n6,light
3011842,5,n6,light
3011844,2,n6,light
3011846,2,n6,light
3011848,0,n6,light
3011850,0,n6,light
3011852,1,n6,light
3011854,2,n6,light
3011856,0,n6,light
3011858,0,n6,light
3011860,5,n6,light
3011862,22,n6,light
3011864,27,n6,light
3011866,38,n6,light
3011868,34,n6,light
3011870,33,n6,light
3011872,39,n6,light
3011874,35,n6,light
3011876,32,n6,light
3011878,34,n6,light
3011880,26,n6,light
3011882,23,n6,light
3011884,17,n6,light
3011886,26,n6,light
3020910,805,n6,light
3020912,799,n6,light
3020914,832,n6,light
3020916,831,n6,light
3020918,562,n6,light
3020920,567,n6,light
3020922,511,n6,light
3020924,498,n6,light
3020926,479,n6,light
3020928,448,n6,light
3020930,429,n6,light
3020932,430,n6,light
3020934,411,n6,light
3020936,735,n6,light
3020938,937,n6,light
3020940,1115,n6,light
3020942,1273,n6,light
3020944,1424,n6,light
3020946,1566,n6,light
3020948,1682,n6,light
3020950,1795,n6,light
3020952,1909,n6,light
3020954,2002,n6,light
3020956,2098,n6,light
3020958,2187,n6,light
3020960,2261,n6,light
3020962,2341,n6,light
3020964,2416,n6,light
3020966,2516,n6,light
3020968,2879,n6,light
3020970,3703,n6,light
3020972,3153,n6,light
3020974,4095,n6,light
3020976,4095,n6,light
3020978,4095,n6,light
3020980,4095,n6,light
3020982,4095,n6,light
3020984,1893,n6,light
3020986,2145,n6,light
3020988,2559,n6,light
3020990,2928,n6,light
3020992,3059,n6,light
3020994,3176,n6,light
3020996,3255,n6,light
3020998,3137,n6,light
3021000,3051,n6,light
3021002,2950,n6,light
3021004,2842,n6,light
3021006,2741,n6,light
3021008,2623,n6,light
3021010,2547,n6,light
3021012,2426,n6,light
3021014,2315,n6,light
3021016,2194,n6,light
3021018,2091,n6,light
3021020,1990,n6,light
3021022,1903,n6,light
3021024,1815,n6,light
3021026,1749,n6,light
3021028,1675,n6,light
3021030,1597,n6,light
3021032,1519,n6,light
3021034,1455,n6,light
3021036,1385,n6,light
3021038,1321,n6,light
3021040,1265,n6,light
3021042,1243,n6,light
3021044,1195,n6,light
3021046,1136,n6,light
3021048,1099,n6,light
3021050,1059,n6,light
3021052,1008,n6,light
3021054,961,n6,light
3021056,915,n6,light
3021058,873,n6,light
3021060,834,n6,light
3021062,811,n6,light
3021064,784,n6,light
3021066,759,n6,light
3021068,750,n6,light
3021070,725,n6,light
3021072,701,n6,light
3021074,668,n6,light
3021076,654,n6,light
3021078,624,n6,light
3021080,597,n6,light
3021082,572,n6,light
3021084,545,n6,light
3021086,528,n6,light
3021088,511,n6,light
3021090,496,n6,light
3021092,470,n6,light
3021094,447,n6,light
3021096,432,n6,light
3021098,430,n6,light
3021100,426,n6,light
3021102,425,n6,light
3021104,444,n6,light
3021106,462,n6,light
3021108,463,n6,light
3021110,475,n6,light
3021112,465,n6,light
3021114,453,n6,light
3021116,436,n6,light
3021118,419,n6,light
3021120,413,n6,light
3021122,400,n6,light
3021124,387,n6,light
3021126,381,n6,light
3021128,372,n6,light
3021130,362,n6,light
3021132,343,n6,light
3021134,326,n6,light
3021136,330,n6,light
3021138,306,n6,light
3021140,293,n6,light
3021142,278,n6,light
3021144,266,n6,light
3021146,256,n6,light
3021148,238,n6,light
3021150,230,n6,light
3021152,218,n6,light
3021154,207,n6,light
3021156,197,n6,light
3021158,189,n6,light
3021160,183,n6,light
3021162,187,n6,light
3021164,183,n6,light
3021166,192,n6,light
3021168,208,n6,light
3021170,209,n6,light
3021172,199,n6,light
3021174,192,n6,light
3021176,176,n6,light
3021178,177,n6,light
3021180,187,n6,light
3021182,176,n6,light
3021184,195,n6,light
3021186,180,n6,light
3021188,194,n6,light
3021190,208,n6,light
3021192,225,n6,light
3021194,223,n6,light
3021196,211,n6,light
3021198,198,n6,light
3021200,190,n6,light
3021202,203,n6,light
3021204,198,n6,light
3021206,187,n6,light
3021208,186,n6,light
3021210,178,n6,light
3021212,173,n6,light
3021214,159,n6,light
3021216,147,n6,light
3021218,144,n6,light
3021220,130,n6,light
3021222,118,n6,light
3021224,112,n6,light
3021226,127,n6,light
3021228,132,n6,light
3021230,153,n6,light
3021232,192,n6,light
3021234,208,n6,light
3021236,194,n6,light
3021238,186,n6,light
3021240,171,n6,light
3021242,171,n6,light
3021244,158,n6,light
3021246,167,n6,light
3021248,161,n6,light
3021250,155,n6,light
3021252,158,n6,light
3021254,147,n6,light
3021256,139,n6,light
3021258,139,n6,light
3021260,155,n6,light
3021262,150,n6,light
3021264,146,n6,light
3021266,144,n6,light
3021268,142,n6,light
3021270,141,n6,light
3021272,133,n6,light
3021274,126,n6,light
3021276,128,n6,light
3021278,125,n6,light
3021280,144,n6,light
3021282,159,n6,light
3021284,158,n6,light
3021286,154,n6,light
3021288,146,n6,light
3021290,149,n6,light
3021292,147,n6,light
3021294,141,n6,light
3021296,136,n6,light
3021298,127,n6,light
3021300,122,n6,light
3021302,116,n6,light
3021304,110,n6,light
3021306,99,n6,light
3021308,96,n6,light
3021310,86,n6,light
3021312,85,n6,light
3021314,85,n6,light
3021316,93,n6,light
3021318,86,n6,light
3021320,103,n6,light
3021322,114,n6,light
3021324,144,n6,light
3021326,141,n6,light
3021328,160,n6,light
3021330,182,n6,light
3021332,371,n6,light
3021334,587,n6,light
3021336,602,n6,light
3021338,596,n6,light
3021340,560,n6,light
3021342,746,n6,light
3021344,912,n6,light
3021346,910,n6,light
3021348,974,n6,light
3021350,986,n6,light
3021352,1162,n6,light
3021354,1277,n6,light
3021356,1408,n6,light
3021358,1522,n6,light
3021360,1658,n6,light
3021362,1779,n6,light
3021364,212,n6,light
3021366,260,n6,light
3021368,287,n6,light
3021370,287,n6,light
3021372,322,n6,light
3021374,317,n6,light
3021376,281,n6,light
3021378,271,n6,light
3021380,266,n6,light
3021382,285,n6,light
3021384,314,n6,light
3021386,362,n6,light
3021388,198,n6,light
3021390,42,n6,light
3021392,0,n6,light
3021394,0,n6,light
3021396,0,n6,light
3021398,0,n6,light
3021400,559,n6,light
3021402,495,n6,light
3021404,399,n6,light
3021406,413,n6,light
3021408,689,n6,light
3021410,918,n6,light
3021412,1178,n6,light
3021414,1373,n6,light
3021416,1535,n6,light
3021418,1732,n6,light
3021420,910,n6,light
3021422,595,n6,light
3021424,573,n6,light
3021426,640,n6,light
3021428,418,n6,light
3021430,239,n6,light
3021432,138,n6,light
3021434,83,n6,light
3021436,0,n6,light
3021438,0,n6,light
3021440,0,n6,light
3021442,0,n6,light
3021444,0,n6,light
3021446,0,n6,light
3021448,0,n6,light
3021450,0,n6,light
3021452,0,n6,light
3021454,0,n6,light
3021456,0,n6,light
3021458,0,n6,light
3021460,661,n6,light
3021462,639,n6,light
3021464,631,n6,light
3021466,624,n6,light
3021468,656,n6,light
3021470,667,n6,light
3021472,687,n6,light
3021474,672,n6,light
3021476,687,n6,light
3021478,691,n6,light
3021480,717,n6,light
3021482,720,n6,light
3021484,755,n6,light
3021486,767,n6,light
3021488,741,n6,light
3021490,730,n6,light
3021492,754,n6,light
3021494,779,n6,light
3021496,806,n6,light
3021498,810,n6,light
3021500,784,n6,light
3021502,757,n6,light
3021504,767,n6,light
3021506,753,n6,light
3021508,735,n6,light
3021510,717,n6,light
3021512,701,n6,light
3021514,706,n6,light
3021516,737,n6,light
3021518,753,n6,light
3021520,768,n6,light
3021522,774,n6,light
3021524,752,n6,light
3021526,773,n6,light
3021528,795,n6,light
3021530,783,n6,light
3021532,799,n6,light
3021534,774,n6,light
3021536,784,n6,light
3021538,837,n6,light
3021540,847,n6,light
3021542,885,n6,light
3021544,886,n6,light
3021546,887,n6,light
3021548,891,n6,light
3021550,859,n6,light
3021552,847,n6,light
3021554,823,n6,light
3021556,839,n6,light
3021558,779,n6,light
3021560,545,n6,light
3021562,317,n6,light
3021564,123,n6,light
3021566,0,n6,light
3021568,0,n6,light
3021570,0,n6,light
3021572,713,n6,light
3021574,688,n6,light
3021576,684,n6,light
3021578,654,n6,light
3021580,677,n6,light
3021582,788,n6,light
3021584,1203,n6,light
3021586,1327,n6,light
3021588,1270,n6,light
3021590,1222,n6,light
3021592,1177,n6,light
3021594,1136,n6,light
3021596,1105,n6,light
3021598,1072,n6,light
3021600,1042,n6,light
3021602,1004,n6,light
3021604,976,n6,light
3021606,947,n6,light
3021608,912,n6,light
3021610,858,n6,light
3021612,749,n6,light
3021614,609,n6,light
3021616,1744,n6,light
3021618,1805,n6,light
3021620,1853,n6,light
3021622,1980,n6,light
3021624,2095,n6,light
3021626,2087,n6,light
3021628,2025,n6,light
3021630,1936,n6,light
3021632,1904,n6,light
3021634,1859,n6,light
3021636,1835,n6,light
3021638,1776,n6,light
3021640,1712,n6,light
3021642,1714,n6,light
3021644,1650,n6,light
3021646,1584,n6,light
3021648,1506,n6,light
3021650,1455,n6,light
3021652,1407,n6,light
3021654,1390,n6,light
3021656,1405,n6,light
3021658,1350,n6,light
3021660,1328,n6,light
3021662,1299,n6,light
3021664,1286,n6,light
3021666,1245,n6,light
3021668,1232,n6,light
3021670,1190,n6,light
3021672,1138,n6,light
3021674,1098,n6,light
3021676,1071,n6,light
3021678,1066,n6,light
3021680,1557,n6,light
3021682,1351,n6,light
3021684,1473,n6,light
3021686,1331,n6,light
3021688,1264,n6,light
3021690,1299,n6,light
3021692,1335,n6,light
3021694,1341,n6,light
3021696,1643,n6,light
3021698,1802,n6,light
3021700,1627,n6,light
3021702,1770,n6,light
3021704,1645,n6,light
3021706,1702,n6,light
3021708,1481,n6,light
3021710,1344,n6,light
3021712,1535,n6,light
3021714,1655,n6,light
3021716,1505,n6,light
3021718,1197,n6,light
3021720,915,n6,light
3021722,731,n6,light
3021724,560,n6,light
3021726,379,n6,light
3021728,199,n6,light
3021730,43,n6,light
3021732,0,n6,light
3021734,0,n6,light
3021736,0,n6,light
3021738,0,n6,light
3021740,0,n6,light
3021742,0,n6,light
3021744,0,n6,light
3021746,0,n6,light
3021748,0,n6,light
3021750,4095,n6,light
3021752,2988,n6,light
3021754,2432,n6,light
3021756,2015,n6,light
3021758,1655,n6,light
3021760,1317,n6,light
3021762,985,n6,light
3021764,693,n6,light
3021766,1948,n6,light
3021768,2305,n6,light
3021770,2427,n6,light
3021772,2767,n6,light
3021774,2927,n6,light
3021776,2953,n6,light
3021778,3014,n6,light
3021780,2914,n6,light
3021782,2891,n6,light
3021784,2485,n6,light
3021786,2059,n6,light
3021788,1710,n6,light
3021790,1413,n6,light
3021792,2813,n6,light
3021794,2286,n6,light
3021796,1773,n6,light
3021798,1363,n6,light
3021800,891,n6,light
3021802,561,n6,light
3021804,295,n6,light
3021806,159,n6,light
3021808,74,n6,light
3021810,0,n6,light
3021812,0,n6,light
3021814,0,n6,light
3021816,0,n6,light
3021818,0,n6,light
3021820,0,n6,light
3021822,0,n6,light
3021824,0,n6,light
3021826,0,n6,light
3021828,0,n6,light
3021830,0,n6,light
3021832,0,n6,light
3021834,0,n6,light
3021836,0,n6,light
3021838,0,n6,light
3021840,0,n6,light
3021842,0,n6,light
3021844,0,n6,light
3021846,0,n6,light
3021848,0,n6,light
3021850,0,n6,light
3021852,0,n6,light
3021854,0,n6,light
3021856,0,n6,light
3021858,0,n6,light
3021860,0,n6,light
3021862,0,n6,light
3021864,0,n6,light
3021866,0,n6,light
3021868,0,n6,light
3021870,0,n6,light
3021872,0,n6,light
3021874,0,n6,light
3021876,0,n6,light
3021878,0,n6,light
3021880,0,n6,light
3021882,0,n6,light
3021884,0,n6,light
3021886,0,n6,light
3021888,0,n6,light
3021890,0,n6,light
3021892,0,n6,light
3021894,0,n6,light
3021896,0,n6,light
3021898,0,n6,light
3021900,0,n6,light
3021902,0,n6,light
3021904,0,n6,light
3021906,0,n6,light
3021908,0,n6,light
3021910,0,n6,light
3021912,0,n6,light
3021914,957,n6,light
3021916,485,n6,light
3021918,1284,n6,light
3021920,1671,n6,light
3021922,1893,n6,light
3021924,2022,n6,light
3021926,2143,n6,light
3021928,2197,n6,light
3021930,2158,n6,light
3021932,2160,n6,light
3021934,2106,n6,light
3021936,2074,n6,light
3021938,2000,n6,light
3021940,1919,n6,light
3021942,1840,n6,light
3021944,1843,n6,light
3021946,1851,n6,light
3021948,1961,n6,light
3021950,1937,n6,light
3021952,1918,n6,light
3021954,1856,n6,light
3021956,1823,n6,light
3021958,1749,n6,light
3021960,1760,n6,light
3021962,1984,n6,light
3021964,2192,n6,light
3021966,2320,n6,light
3021968,2454,n6,light
3021970,2559,n6,light
3021972,2725,n6,light
3021974,2864,n6,light
3021976,2944,n6,light
3021978,3122,n6,light
3021980,3251,n6,light
3021982,3381,n6,light
3021984,3501,n6,light
3021986,3626,n6,light
3021988,3743,n6,light
3021990,3857,n6,light
3021992,4030,n6,light
3021994,4095,n6,light
3021996,4095,n6,light
3021998,4095,n6,light
3022000,4095,n6,light
3022002,4095,n6,light
3022004,4095,n6,light
3022006,4095,n6,light
3022008,4095,n6,light
3022010,4095,n6,light
3022012,4095,n6,light
3022014,4095,n6,light
3022016,4095,n6,light
3022018,4095,n6,light
3022020,4095,n6,light
3022022,4095,n6,light
3022024,3943,n6,light
3022026,3697,n6,light
3022028,3520,n6,light
3022030,3343,n6,light
3022032,3513,n6,light
3022034,3485,n6,light
3022036,3358,n6,light
3022038,1632,n6,light
3022040,1904,n6,light
3022042,1841,n6,light
3022044,1780,n6,light
3022046,1744,n6,light
3022048,1688,n6,light
3022050,1626,n6,light
3022052,1584,n6,light
3022054,1586,n6,light
3022056,1535,n6,light
3022058,1521,n6,light
3022060,1497,n6,light
3022062,1483,n6,light
3022064,1483,n6,light
3022066,1482,n6,light
3022068,1438,n6,light
3022070,1389,n6,light
3022072,1347,n6,light
3022074,1303,n6,light
3022076,1274,n6,light
3022078,1259,n6,light
3022080,1303,n6,light
3022082,1264,n6,light
3022084,1244,n6,light
3022086,1210,n6,light
3022088,1212,n6,light
3022090,1228,n6,light
3022092,1236,n6,light
3022094,1198,n6,light
3022096,1168,n6,light
3022098,1143,n6,light
3022100,1132,n6,light
3022102,1099,n6,light
3022104,1059,n6,light
3022106,1023,n6,light
3022108,1023,n6,light
3022110,1019,n6,light
3022112,999,n6,light
3022114,969,n6,light
3022116,1069,n6,light
3022118,1040,n6,light
3022120,1005,n6,light
3022122,974,n6,light
3022124,944,n6,light
3022126,708,n6,light
3022128,375,n6,light
3022130,69,n6,light
3022132,0,n6,light
3022134,0,n6,light
3022136,0,n6,light
3022138,0,n6,light
3022140,0,n6,light
3022142,0,n6,light
3022144,0,n6,light
3022146,0,n6,light
3022148,798,n6,light
3022150,739,n6,light
3022152,649,n6,light
3022154,526,n6,light
3022156,421,n6,light
3022158,285,n6,light
3022160,77,n6,light
3022162,0,n6,light
3022164,0,n6,light
3022166,0,n6,light
3022168,0,n6,light
3022170,0,n6,light
3022172,4,n6,light
3022174,0,n6,light
3022176,0,n6,light
3022178,0,n6,light
3022180,0,n6,light
3022182,0,n6,light
3022184,0,n6,light
3022186,0,n6,light
3022188,0,n6,light
3022190,41,n6,light
3022192,910,n6,light
3022194,952,n6,light
3022196,935,n6,light
3022198,942,n6,light
3022200,944,n6,light
3022202,909,n6,light
3022204,902,n6,light
3022206,1022,n6,light
3022208,1062,n6,light
3022210,1347,n6,light
3022212,1323,n6,light
3022214,1266,n6,light
3022216,1215,n6,light
3022218,1175,n6,light
3022220,1135,n6,light
3022222,1098,n6,light
3022224,2323,n6,light
3022226,1039,n6,light
3022228,1005,n6,light
3022230,1953,n6,light
3022232,1331,n6,light
3022234,907,n6,light
3022236,4095,n6,light
3022238,4050,n6,light
3022240,3787,n6,light
3022242,3582,n6,light
3022244,3440,n6,light
3022246,3337,n6,light
3022248,3270,n6,light
3022250,3211,n6,light
3022252,3169,n6,light
3022254,4095,n6,light
3022256,3198,n6,light
3022258,3697,n6,light
3022260,2941,n6,light
3022262,3041,n6,light
3022264,3027,n6,light
3022266,3018,n6,light
3022268,3102,n6,light
3022270,3280,n6,light
3022272,4041,n6,light
3022274,4095,n6,light
3022276,3474,n6,light
3022278,2228,n6,light
3022280,979,n6,light
3022282,313,n6,light
3022284,511,n6,light
3022286,2678,n6,light
3022288,3626,n6,light
3022290,3247,n6,light
3022292,2955,n6,light
3022294,2903,n6,light
3022296,2890,n6,light
3022298,2942,n6,light
3022300,2942,n6,light
3022302,3018,n6,light
3022304,3638,n6,light
3022306,3187,n6,light
3022308,3650,n6,light
3022310,2830,n6,light
3022312,2821,n6,light
3022314,2766,n6,light
3022316,2871,n6,light
3022318,2938,n6,light
3022320,3315,n6,light
3022322,2939,n6,light
3022324,2937,n6,light
3022326,2882,n6,light
3022328,2931,n6,light
3022330,2769,n6,light
3022332,2918,n6,light
3022334,2934,n6,light
3022336,2975,n6,light
3022338,2931,n6,light
3022340,2934,n6,light
3022342,2937,n6,light
3022344,2931,n6,light
3022346,2934,n6,light
3022348,2940,n6,light
3022350,2940,n6,light
3022352,2939,n6,light
3022354,2937,n6,light
3022356,3024,n6,light
3022358,2938,n6,light
3022360,2897,n6,light
3022362,2941,n6,light
3022364,2942,n6,light
3022366,2942,n6,light
3022368,2941,n6,light
3022370,2942,n6,light
3022372,2943,n6,light
3022374,2943,n6,light
3022376,2941,n6,light
3022378,2943,n6,light
3022380,2946,n6,light
3022382,2945,n6,light
3022384,2947,n6,light
3022386,2943,n6,light
3022388,2946,n6,light
3022390,2948,n6,light
3022392,2949,n6,light
3022394,2951,n6,light
3022396,2946,n6,light
3022398,2948,n6,light
3022400,2951,n6,light
3022402,2951,n6,light
3022404,2950,n6,light
3022406,2954,n6,light
3022408,2954,n6,light
3022410,2957,n6,light
3022412,2959,n6,light
3022414,2957,n6,light
3022416,2954,n6,light
3022418,2960,n6,light
3022420,2960,n6,light
3022422,2962,n6,light
3022424,2960,n6,light
3022426,2963,n6,light
3022428,2960,n6,light
3022430,2962,n6,light
3022432,2960,n6,light
3022434,2963,n6,light
3022436,2963,n6,light
3022438,2963,n6,light
3022440,2961,n6,light
3022442,2960,n6,light
3022444,2967,n6,light
3022446,2966,n6,light
3022448,2962,n6,light
3022450,2968,n6,light
3022452,2967,n6,light
3022454,2974,n6,light
3022456,2973,n6,light
3022458,2967,n6,light
3022460,2969,n6,light
3022462,2973,n6,light
3022464,2965,n6,light
3022466,2979,n6,light
3022468,2980,n6,light
3022470,2975,n6,light
3022472,2977,n6,light
3022474,2978,n6,light
3022476,2976,n6,light
3022478,2979,n6,light
3022480,2973,n6,light
3022482,2974,n6,light
3022484,2979,n6,light
3022486,2990,n6,light
3022488,2987,n6,light
3022490,2989,n6,light
3022492,2986,n6,light
3022494,2983,n6,light
3022496,2983,n6,light
3022498,2981,n6,light
3022500,2980,n6,light
3022502,2987,n6,light
3022504,2991,n6,light
3022506,2991,n6,light
3022508,2989,n6,light
3022510,2988,n6,light
3022512,2992,n6,light
3022514,2992,n6,light
3022516,2993,n6,light
3022518,2992,n6,light
3022520,2992,n6,light
3022522,2992,n6,light
3022524,2993,n6,light
3022526,2994,n6,light
3022528,2994,n6,light
3022530,2995,n6,light
3022532,2995,n6,light
3022534,2992,n6,light
3022536,2994,n6,light
3022538,3003,n6,light
3022540,2995,n6,light
3022542,2997,n6,light
3022544,2997,n6,light
3022546,2999,n6,light
3022548,2999,n6,light
3022550,3006,n6,light
3022552,2995,n6,light
3022554,3007,n6,light
3022556,3003,n6,light
3022558,3001,n6,light
3022560,3003,n6,light
3022562,3003,n6,light
3022564,3004,n6,light
3022566,3013,n6,light
3022568,3010,n6,light
3022570,3005,n6,light
3022572,3003,n6,light
3022574,3006,n6,light
3022576,3010,n6,light
3022578,3009,n6,light
3022580,3010,n6,light
3022582,3007,n6,light
3022584,3009,n6,light
3022586,3015,n6,light
3022588,3011,n6,light
3022590,3017,n6,light
3022592,3019,n6,light
3022594,3018,n6,light
3022596,3009,n6,light
3022598,3018,n6,light
3022600,3011,n6,light
3022602,3011,n6,light
3022604,3022,n6,light
3022606,3014,n6,light
3022608,3021,n6,light
3022610,3018,n6,light
3022612,3019,n6,light
3022614,3025,n6,light
3022616,3019,n6,light
3022618,3026,n6,light
3022620,3019,n6,light
3022622,3024,n6,light
3022624,3029,n6,light
3022626,3023,n6,light
3022628,3028,n6,light
3022630,3029,n6,light
3022632,3022,n6,light
3022634,3025,n6,light
3022636,3027,n6,light
3022638,3024,n6,light
3022640,3027,n6,light
3022642,3026,n6,light
3022644,3024,n6,light
3022646,3035,n6,light
3022648,3031,n6,light
3022650,3039,n6,light
3022652,3038,n6,light
3022654,3030,n6,light
3022656,3034,n6,light
3022658,3039,n6,light
3022660,3040,n6,light
3022662,3033,n6,light
3022664,3033,n6,light
3022666,3034,n6,light
3022668,3030,n6,light
3022670,3034,n6,light
3022672,3041,n6,light
3022674,3043,n6,light
3022676,3040,n6,light
3022678,3034,n6,light
3022680,509,n6,light
3022682,994,n6,light
3022684,1372,n6,light
3022686,1647,n6,light
3022688,1751,n6,light
3022690,1808,n6,light
3022692,1743,n6,light
3022694,1709,n6,light
3022696,1765,n6,light
3022698,1712,n6,light
3022700,1678,n6,light
3022702,1632,n6,light
3022704,1599,n6,light
3022706,1535,n6,light
3022708,1493,n6,light
3022710,1455,n6,light
3022712,1407,n6,light
3022714,1350,n6,light
3022716,1487,n6,light
3022718,1535,n6,light
3022720,1705,n6,light
3022722,1644,n6,light
3022724,1604,n6,light
3022726,1535,n6,light
3022728,1462,n6,light
3022730,1404,n6,light
3022732,1351,n6,light
3022734,1298,n6,light
3022736,1246,n6,light
3022738,1185,n6,light
3022740,1136,n6,light
3022742,1077,n6,light
3022744,1045,n6,light
3022746,1015,n6,light
3022748,1023,n6,light
3022750,1049,n6,light
3022752,1034,n6,light
3022754,989,n6,light
3022756,946,n6,light
3022758,901,n6,light
3022760,862,n6,light
3022762,842,n6,light
3022764,817,n6,light
3022766,810,n6,light
3022768,791,n6,light
3022770,755,n6,light
3022772,755,n6,light
3022774,752,n6,light
3022776,775,n6,light
3022778,816,n6,light
3022780,875,n6,light
3022782,880,n6,light
3022784,933,n6,light
3022786,924,n6,light
3022788,893,n6,light
3022790,850,n6,light
3022792,816,n6,light
3022794,803,n6,light
3022796,783,n6,light
3022798,745,n6,light
3022800,735,n6,light
3022802,719,n6,light
3022804,801,n6,light
3022806,695,n6,light
3022808,802,n6,light
3022810,786,n6,light
3022812,859,n6,light
3022814,822,n6,light
3022816,961,n6,light
3022818,898,n6,light
3022820,795,n6,light
3022822,752,n6,light
3022824,722,n6,light
3022826,698,n6,light
3022828,715,n6,light
3022830,704,n6,light
3022832,700,n6,light
3022834,672,n6,light
3022836,642,n6,light
3022838,615,n6,light
3022840,582,n6,light
3022842,560,n6,light
3022844,598,n6,light
3022846,656,n6,light
3022848,688,n6,light
3022850,789,n6,light
3022852,782,n6,light
3022854,773,n6,light
3022856,773,n6,light
3022858,779,n6,light
3022860,859,n6,light
3022862,880,n6,light
3022864,947,n6,light
3022866,924,n6,light
3022868,892,n6,light
3022870,863,n6,light
3022872,822,n6,light
3022874,802,n6,light
3022876,773,n6,light
3022878,743,n6,light
3022880,719,n6,light
3022882,691,n6,light
3022884,688,n6,light
3022886,725,n6,light
3022888,816,n6,light
3022890,741,n6,light
3022892,670,n6,light
3022894,663,n6,light
3022896,673,n6,light
3022898,630,n6,light
3022900,743,n6,light
3022902,675,n6,light
3022904,702,n6,light
3022906,631,n6,light
3022908,509,n6,light
3022910,301,n6,light
3022912,30,n6,light
3022914,0,n6,light
3022916,0,n6,light
3022918,0,n6,light
3022920,0,n6,light
3022922,0,n6,light
3022924,5,n6,light
3022926,0,n6,light
3022928,0,n6,light
3022930,0,n6,light
3022932,0,n6,light
3022934,0,n6,light
3022936,0,n6,light
3022938,0,n6,light
3022940,18,n6,light
3022942,0,n6,light
3022944,0,n6,light
3022946,0,n6,light
3022948,0,n6,light
3022950,0,n6,light
3022952,0,n6,light
3022954,0,n6,light
3022956,14,n6,light
3022958,0,n6,light
3022960,0,n6,light
3022962,0,n6,light
3022964,0,n6,light
3022966,0,n6,light
3022968,0,n6,light
3022970,0,n6,light
3022972,0,n6,light
3022974,0,n6,light
3022976,0,n6,light
3022978,0,n6,light
3022980,0,n6,light
3022982,0,n6,light
3022984,0,n6,light
3022986,0,n6,light
3022988,0,n6,light
3022990,4,n6,light
3022992,0,n6,light
3022994,0,n6,light
3022996,0,n6,light
3022998,0,n6,light
3023000,0,n6,light
3023002,0,n6,light
3023004,0,n6,light
3023006,7,n6,light
3023008,0,n6,light
3023010,0,n6,light
3023012,0,n6,light
3023014,0,n6,light
3023016,0,n6,light
3023018,0,n6,light
3023020,0,n6,light
3023022,0,n6,light
3023024,0,n6,light
3023026,0,n6,light
3023028,0,n6,light
3023030,0,n6,light
3023032,0,n6,light
3023034,0,n6,light
3023036,0,n6,light
3023038,0,n6,light
3023040,5,n6,light
3023042,0,n6,light
3023044,0,n6,light
3023046,0,n6,light
3023048,0,n6,light
3023050,0,n6,light
3023052,0,n6,light
3023054,0,n6,light
3023056,0,n6,light
3023058,0,n6,light
3023060,0,n6,light
3023062,0,n6,light
3023064,0,n6,light
3023066,0,n6,light
3023068,0,n6,light
3023070,0,n6,light
3023072,0,n6,light
3023074,0,n6,light
3023076,0,n6,light
3023078,0,n6,light
3023080,0,n6,light
3023082,0,n6,light
3023084,0,n6,light
3023086,0,n6,light
3023088,0,n6,light
3023090,0,n6,light
3023092,0,n6,light
3023094,0,n6,light
3023096,0,n6,light
3023098,0,n6,light
3023100,0,n6,light
3023102,0,n6,light
3023104,0,n6,light
3023106,0,n6,light
3023108,0,n6,light
3023110,0,n6,light
3023112,0,n6,light
3023114,0,n6,light
3023116,0,n6,light
3023118,0,n6,light
3023120,0,n6,light
3023122,0,n6,light
3023124,0,n6,light
3023126,0,n6,light
3023128,0,n6,light
3023130,0,n6,light
3023132,0,n6,light
3023134,0,n6,light
3023136,0,n6,light
3023138,0,n6,light
3023140,0,n6,light
3023142,0,n6,light
3023144,0,n6,light
3023146,0,n6,light
3023148,0,n6,light
3023150,0,n6,light
3023152,0,n6,light
3023154,0,n6,light
3023156,0,n6,light
3023158,0,n6,light
3023160,0,n6,light
3023162,0,n6,light
3023164,0,n6,light
3023166,0,n6,light
3023168,0,n6,light
3023170,0,n6,light
3023172,0,n6,light
3023174,0,n6,light
3023176,0,n6,light
3023178,0,n6,light
3023180,0,n6,light
3023182,0,n6,light
3023184,0,n6,light
3023186,0,n6,light
3023188,0,n6,light
3023190,0,n6,light
3023192,0,n6,light
3023194,0,n6,light
3023196,0,n6,light
3023198,0,n6,light
3023200,0,n6,light
3023202,0,n6,light
3023204,0,n6,light
3023206,0,n6,light
3023208,0,n6,light
3023210,0,n6,light
3023212,0,n6,light
3023214,0,n6,light
3023216,0,n6,light
3023218,0,n6,light
3023220,0,n6,light
3023222,0,n6,light
3023224,0,n6,light
3023226,0,n6,light
3023228,0,n6,light
3023230,0,n6,light
3023232,0,n6,light
3023234,0,n6,light
3023236,0,n6,light
3023238,0,n6,light
3023240,0,n6,light
3023242,0,n6,light
3023244,0,n6,light
3023246,0,n6,light
3023248,0,n6,light
3023250,0,n6,light
3023252,0,n6,light
3023254,0,n6,light
3023256,0,n6,light
3023258,0,n6,light
3023260,0,n6,light
3023262,0,n6,light
3023264,0,n6,light
3023266,0,n6,light
3023268,0,n6,light
3023270,0,n6,light
3023272,0,n6,light
3023274,0,n6,light
3023276,0,n6,light
3023278,0,n6,light
3023280,0,n6,light
3023282,0,n6,light
3023284,0,n6,light
3023286,0,n6,light
3023288,0,n6,light
3023290,0,n6,light
3023292,0,n6,light
3023294,0,n6,light
3023296,0,n6,light
3023298,0,n6,light
3023300,0,n6,light
3023302,0,n6,light
3023304,0,n6,light
3023306,0,n6,light
3023308,0,n6,light
3023310,0,n6,light
3023312,0,n6,light
3023314,0,n6,light
3023316,0,n6,light
3023318,0,n6,light
3023320,0,n6,light
3023322,0,n6,light
3023324,0,n6,light
3023326,0,n6,light
3023328,0,n6,light
3023330,0,n6,light
3023332,0,n6,light
3023334,0,n6,light
3023336,0,n6,light
3023338,0,n6,light
3023340,0,n6,light
3023342,0,n6,light
3023344,0,n6,light
3023346,0,n6,light
3023348,0,n6,light
3023350,0,n6,light
3023352,0,n6,light
3023354,0,n6,light
3023356,0,n6,light
3023358,0,n6,light
3023360,0,n6,light
3023362,0,n6,light
3023364,0,n6,light
3023366,0,n6,light
3023368,0,n6,light
3023370,0,n6,light
3023372,0,n6,light
3023374,0,n6,light
3023376,0,n6,light
3023378,0,n6,light
3023380,0,n6,light
3023382,0,n6,light
3023384,0,n6,light
3023386,0,n6,light
3023388,0,n6,light
3023390,0,n6,light
3023392,0,n6,light
3023394,0,n6,light
3023396,0,n6,light
3023398,0,n6,light
3023400,0,n6,light
3023402,0,n6,light
3023404,0,n6,light
3023406,0,n6,light
3023408,0,n6,light
3023410,0,n6,light
3023412,0,n6,light
3023414,0,n6,light
3023416,0,n6,light
3023418,0,n6,light
3023420,0,n6,light
3023422,0,n6,light
3023424,0,n6,light
3023426,0,n6,light
3023428,0,n6,light
3023430,0,n6,light
3023432,0,n6,light
3023434,0,n6,light
3023436,0,n6,light
3023438,0,n6,light
3023440,0,n6,light
3023442,0,n6,light
3023444,0,n6,light
3023446,0,n6,light
3023448,0,n6,light
3023450,0,n6,light
3023452,0,n6,light
3023454,0,n6,light
3023456,0,n6,light
3023458,0,n6,light
3023460,0,n6,light
3023462,0,n6,light
3023464,0,n6,light
3023466,0,n6,light
3023468,0,n6,light
3023470,0,n6,light
3023472,0,n6,light
3023474,0,n6,light
3023476,0,n6,light
3023478,0,n6,light
3023480,0,n6,light
3023482,0,n6,light
3023484,0,n6,light
3023486,0,n6,light
3023488,0,n6,light
3023490,0,n6,light
3023492,0,n6,light
3023494,0,n6,light
3023496,0,n6,light
3023498,0,n6,light
3023500,0,n6,light
3023502,0,n6,light
3023504,0,n6,light
3023506,0,n6,light
3023508,0,n6,light
3023510,0,n6,light
3023512,0,n6,light
3023514,0,n6,light
3023516,0,n6,light
3023518,0,n6,light
3023520,365,n6,light
3023522,379,n6,light
3023524,362,n6,light
3023526,287,n6,light
3023528,368,n6,light
3023530,496,n6,light
3023532,319,n6,light
3023534,174,n6,light
3023536,73,n6,light
3023538,10,n6,light
3023540,0,n6,light
3023542,0,n6,light
3023544,0,n6,light
3023546,0,n6,light
3023548,0,n6,light
3023550,0,n6,light
3023552,0,n6,light
3023554,0,n6,light
3023556,0,n6,light
3023558,0,n6,light
3023560,0,n6,light
3023562,0,n6,light
3023564,0,n6,light
3023566,0,n6,light
3023568,0,n6,light
3023570,0,n6,light
3023572,0,n6,light
3023574,0,n6,light
3023576,0,n6,light
3023578,0,n6,light
3023580,0,n6,light
3023582,0,n6,light
3023584,0,n6,light
3023586,0,n6,light
3023588,0,n6,light
3023590,0,n6,light
3023592,0,n6,light
3023594,0,n6,light
3023596,0,n6,light
3023598,0,n6,light
3023600,0,n6,light
3023602,0,n6,light
3023604,0,n6,light
3023606,0,n6,light
3023608,0,n6,light
3023610,0,n6,light
3023612,0,n6,light
3023614,0,n6,light
3023616,0,n6,light
3023618,0,n6,light
3023620,0,n6,light
3023622,0,n6,light
3023624,0,n6,light
3023626,0,n6,light
3023628,0,n6,light
3023630,0,n6,light
3023632,0,n6,light
3023634,0,n6,light
3023636,0,n6,light
3023638,0,n6,light
3023640,0,n6,light
3023642,0,n6,light
3023644,0,n6,light
3023646,0,n6,light
3023648,0,n6,light
3023650,0,n6,light
3023652,0,n6,light
3023654,0,n6,light
3023656,0,n6,light
3023658,0,n6,light
3023660,0,n6,light
3023662,0,n6,light
3023664,0,n6,light
3023666,0,n6,light
3023668,0,n6,light
3023670,0,n6,light
3023672,0,n6,light
3023674,0,n6,light
3023676,0,n6,light
3023678,0,n6,light
3023680,0,n6,light
3023682,0,n6,light
3023684,0,n6,light
3023686,0,n6,light
3023688,0,n6,light
3023690,0,n6,light
3023692,0,n6,light
3023694,0,n6,light
3023696,0,n6,light
3023698,0,n6,light
3023700,0,n6,light
3023702,0,n6,light
3023704,0,n6,light
3023706,0,n6,light
3023708,0,n6,light
3023710,0,n6,light
3023712,0,n6,light
3023714,0,n6,light
3023716,0,n6,light
3023718,0,n6,light
3023720,0,n6,light
3023722,0,n6,light
3023724,0,n6,light
3023726,0,n6,light
3023728,0,n6,light
3023730,0,n6,light
3023732,0,n6,light
3023734,0,n6,light
3023736,0,n6,light
3023738,0,n6,light
3023740,0,n6,light
3023742,0,n6,light
3023744,0,n6,light
3023746,0,n6,light
3023748,0,n6,light
3023750,0,n6,light
3023752,0,n6,light
3023754,0,n6,light
3023756,0,n6,light
3023758,0,n6,light
3023760,0,n6,light
3023762,0,n6,light
3023764,0,n6,light
3023766,0,n6,light
3023768,0,n6,light
3023770,0,n6,light
3023772,0,n6,light
3023774,0,n6,light
3023776,0,n6,light
3023778,0,n6,light
3023780,0,n6,light
3023782,0,n6,light
3023784,0,n6,light
3023786,0,n6,light
3023788,0,n6,light
3023790,0,n6,light
3023792,0,n6,light
3023794,0,n6,light
3023796,0,n6,light
3023798,0,n6,light
3023800,0,n6,light
3023802,0,n6,light
3023804,0,n6,light
3023806,0,n6,light
3023808,0,n6,light
3023810,0,n6,light
3023812,0,n6,light
3023814,0,n6,light
3023816,0,n6,light
3023818,0,n6,light
3023820,0,n6,light
3023822,0,n6,light
3023824,0,n6,light
3023826,0,n6,light
3023828,0,n6,light
3023830,0,n6,light
3023832,0,n6,light
3023834,0,n6,light
3023836,0,n6,light
3023838,0,n6,light
3023840,0,n6,light
3023842,0,n6,light
3023844,0,n6,light
3023846,0,n6,light
3023848,0,n6,light
3023850,0,n6,light
3023852,0,n6,light
3023854,0,n6,light
3023856,0,n6,light
3023858,0,n6,light
3023860,0,n6,light
3023862,0,n6,light
3023864,0,n6,light
3023866,0,n6,light
3023868,0,n6,light
3023870,0,n6,light
3023872,0,n6,light
3023874,0,n6,light
3023876,0,n6,light
3023878,0,n6,light
3023880,0,n6,light
3023882,0,n6,light
3023884,0,n6,light
3023886,0,n6,light
3023888,0,n6,light
3023890,0,n6,light
3023892,0,n6,light
3023894,0,n6,light
3023896,0,n6,light
3023898,0,n6,light
3023900,0,n6,light
3023902,0,n6,light
3023904,0,n6,light
3023906,0,n6,light
3023908,0,n6,light
3023910,0,n6,light
3023912,0,n6,light
3023914,0,n6,light
3023916,0,n6,light
3023918,0,n6,light
3023920,0,n6,light
3032938,384,n6,light
3032940,385,n6,light
3032942,405,n6,light
3032944,400,n6,light
3032946,421,n6,light
3032948,409,n6,light
3032950,450,n6,light
3032952,482,n6,light
3032954,583,n6,light
3032956,640,n6,light
3032958,646,n6,light
3032960,641,n6,light
3032962,613,n6,light
3032964,583,n6,light
3032966,557,n6,light
3032968,529,n6,light
3032970,496,n6,light
3032972,475,n6,light
3032974,449,n6,light
3032976,428,n6,light
3032978,403,n6,light
3032980,385,n6,light
3032982,378,n6,light
3032984,363,n6,light
3032986,343,n6,light
3032988,329,n6,light
3032990,312,n6,light
3032992,299,n6,light
3032994,282,n6,light
3032996,266,n6,light
3032998,251,n6,light
3033000,240,n6,light
3033002,234,n6,light
3033004,212,n6,light
3033006,228,n6,light
3033008,233,n6,light
3033010,240,n6,light
3033012,256,n6,light
3033014,249,n6,light
3033016,235,n6,light
3033018,227,n6,light
3033020,227,n6,light
3033022,259,n6,light
3033024,268,n6,light
3033026,251,n6,light
3033028,249,n6,light
3033030,256,n6,light
3033032,295,n6,light
3033034,336,n6,light
3033036,349,n6,light
3033038,363,n6,light
3033040,345,n6,light
3033042,323,n6,light
3033044,310,n6,light
3033046,294,n6,light
3033048,300,n6,light
3033050,382,n6,light
3033052,409,n6,light
3033054,487,n6,light
3033056,485,n6,light
3033058,464,n6,light
3033060,445,n6,light
3033062,426,n6,light
3033064,410,n6,light
3033066,400,n6,light
3033068,400,n6,light
3033070,397,n6,light
3033072,390,n6,light
3033074,391,n6,light
3033076,380,n6,light
3033078,364,n6,light
3033080,341,n6,light
3033082,343,n6,light
3033084,342,n6,light
3033086,361,n6,light
3033088,357,n6,light
3033090,339,n6,light
3033092,324,n6,light
3033094,306,n6,light
3033096,289,n6,light
3033098,276,n6,light
3033100,263,n6,light
3033102,243,n6,light
3033104,238,n6,light
3033106,226,n6,light
3033108,221,n6,light
3033110,210,n6,light
3033112,212,n6,light
3033114,234,n6,light
3033116,226,n6,light
3033118,211,n6,light
3033120,198,n6,light
3033122,189,n6,light
3033124,179,n6,light
3033126,166,n6,light
3033128,161,n6,light
3033130,155,n6,light
3033132,170,n6,light
3033134,180,n6,light
3033136,177,n6,light
3033138,186,n6,light
3033140,205,n6,light
3033142,196,n6,light
3033144,212,n6,light
3033146,208,n6,light
3033148,208,n6,light
3033150,194,n6,light
3033152,185,n6,light
3033154,176,n6,light
3033156,163,n6,light
3033158,151,n6,light
3033160,144,n6,light
3033162,154,n6,light
3033164,151,n6,light
3033166,144,n6,light
3033168,163,n6,light
3033170,174,n6,light
3033172,158,n6,light
3033174,146,n6,light
3033176,135,n6,light
3033178,128,n6,light
3033180,123,n6,light
3033182,112,n6,light
3033184,105,n6,light
3033186,106,n6,light
3033188,114,n6,light
3033190,147,n6,light
3033192,157,n6,light
3033194,188,n6,light
3033196,198,n6,light
3033198,194,n6,light
3033200,206,n6,light
3033202,198,n6,light
3033204,274,n6,light
3033206,272,n6,light
3033208,266,n6,light
3033210,249,n6,light
3033212,240,n6,light
3033214,229,n6,light
3033216,210,n6,light
3033218,200,n6,light
3033220,192,n6,light
3033222,173,n6,light
3033224,220,n6,light
3033226,272,n6,light
3033228,334,n6,light
3033230,368,n6,light
3033232,357,n6,light
3033234,337,n6,light
3033236,323,n6,light
3033238,309,n6,light
3033240,308,n6,light
3033242,328,n6,light
3033244,332,n6,light
3033246,343,n6,light
3033248,332,n6,light
3033250,320,n6,light
3033252,303,n6,light
3033254,286,n6,light
3033256,272,n6,light
3033258,252,n6,light
3033260,250,n6,light
3033262,250,n6,light
3033264,245,n6,light
3033266,252,n6,light
3033268,243,n6,light
3033270,237,n6,light
3033272,225,n6,light
3033274,222,n6,light
3033276,231,n6,light
3033278,224,n6,light
3033280,240,n6,light
3033282,250,n6,light
3033284,282,n6,light
3033286,339,n6,light
3033288,357,n6,light
3033290,400,n6,light
3033292,400,n6,light
3033294,448,n6,light
3033296,477,n6,light
3033298,560,n6,light
3033300,576,n6,light
3033302,557,n6,light
3033304,547,n6,light
3033306,541,n6,light
3033308,535,n6,light
3033310,511,n6,light
3033312,491,n6,light
3033314,464,n6,light
3033316,439,n6,light
3033318,422,n6,light
3033320,398,n6,light
3033322,384,n6,light
3033324,423,n6,light
3033326,434,n6,light
3033328,464,n6,light
3033330,499,n6,light
3033332,494,n6,light
3033334,478,n6,light
3033336,473,n6,light
3033338,465,n6,light
3033340,441,n6,light
3033342,432,n6,light
3033344,417,n6,light
3033346,419,n6,light
3033348,448,n6,light
3033350,459,n6,light
3033352,494,n6,light
3033354,502,n6,light
3033356,492,n6,light
3033358,467,n6,light
3033360,447,n6,light
3033362,427,n6,light
3033364,400,n6,light
3033366,383,n6,light
3033368,364,n6,light
3033370,339,n6,light
3033372,339,n6,light
3033374,351,n6,light
3033376,342,n6,light
3033378,330,n6,light
3033380,319,n6,light
3033382,326,n6,light
3033384,322,n6,light
3033386,306,n6,light
3033388,292,n6,light
3033390,277,n6,light
3033392,261,n6,light
3033394,247,n6,light
3033396,254,n6,light
3033398,342,n6,light
3033400,399,n6,light
3033402,527,n6,light
3033404,587,n6,light
3033406,592,n6,light
3033408,586,n6,light
3033410,561,n6,light
3033412,536,n6,light
3033414,506,n6,light
3033416,478,n6,light
3033418,451,n6,light
3033420,448,n6,light
3033422,435,n6,light
3033424,464,n6,light
3033426,454,n6,light
3033428,439,n6,light
3033430,430,n6,light
3033432,415,n6,light
3033434,397,n6,light
3033436,379,n6,light
3033438,371,n6,light
3033440,365,n6,light
3033442,341,n6,light
3033444,330,n6,light
3033446,317,n6,light
3033448,315,n6,light
3033450,302,n6,light
3033452,295,n6,light
3033454,282,n6,light
3033456,267,n6,light
3033458,272,n6,light
3033460,255,n6,light
3033462,281,n6,light
3033464,285,n6,light
3033466,364,n6,light
3033468,378,n6,light
3033470,408,n6,light
3033472,412,n6,light
3033474,412,n6,light
3033476,413,n6,light
3033478,447,n6,light
3033480,444,n6,light
3033482,429,n6,light
3033484,410,n6,light
3033486,387,n6,light
3033488,370,n6,light
3033490,353,n6,light
3033492,395,n6,light
3033494,534,n6,light
3033496,576,n6,light
3033498,609,n6,light
3033500,627,n6,light
3033502,663,n6,light
3033504,650,n6,light
3033506,624,n6,light
3033508,599,n6,light
3033510,576,n6,light
3033512,567,n6,light
3033514,571,n6,light
3033516,563,n6,light
3033518,614,n6,light
3033520,624,n6,light
3033522,597,n6,light
3033524,568,n6,light
3033526,539,n6,light
3033528,511,n6,light
3033530,486,n6,light
3033532,463,n6,light
3033534,450,n6,light
3033536,438,n6,light
3033538,429,n6,light
3033540,423,n6,light
3033542,419,n6,light
3033544,400,n6,light
3033546,385,n6,light
3033548,368,n6,light
3033550,356,n6,light
3033552,341,n6,light
3033554,333,n6,light
3033556,352,n6,light
3033558,353,n6,light
3033560,371,n6,light
3033562,417,n6,light
3033564,443,n6,light
3033566,505,n6,light
3033568,611,n6,light
3033570,654,n6,light
3033572,707,n6,light
3033574,734,n6,light
3033576,759,n6,light
3033578,743,n6,light
3033580,786,n6,light
3033582,817,n6,light
3033584,800,n6,light
3033586,790,n6,light
3033588,791,n6,light
3033590,805,n6,light
3033592,784,n6,light
3033594,790,n6,light
3033596,764,n6,light
3033598,723,n6,light
3033600,691,n6,light
3033602,658,n6,light
3033604,629,n6,light
3033606,598,n6,light
3033608,567,n6,light
3033610,543,n6,light
3033612,554,n6,light
3033614,541,n6,light
3033616,528,n6,light
3033618,507,n6,light
3033620,498,n6,light
3033622,475,n6,light
3033624,452,n6,light
3033626,432,n6,light
3033628,405,n6,light
3033630,384,n6,light
3033632,384,n6,light
3033634,369,n6,light
3033636,375,n6,light
3033638,374,n6,light
3033640,415,n6,light
3033642,432,n6,light
3033644,421,n6,light
3033646,419,n6,light
3033648,400,n6,light
3033650,381,n6,light
3033652,363,n6,light
3033654,339,n6,light
3033656,326,n6,light
3033658,304,n6,light
3033660,291,n6,light
3033662,277,n6,light
3033664,273,n6,light
3033666,271,n6,light
3033668,254,n6,light
3033670,251,n6,light
3033672,240,n6,light
3033674,240,n6,light
3033676,236,n6,light
3033678,234,n6,light
3033680,227,n6,light
3033682,219,n6,light
3033684,206,n6,light
3033686,195,n6,light
3033688,189,n6,light
3033690,208,n6,light
3033692,208,n6,light
3033694,212,n6,light
3033696,216,n6,light
3033698,208,n6,light
3033700,204,n6,light
3033702,194,n6,light
3033704,186,n6,light
3033706,176,n6,light
3033708,176,n6,light
3033710,171,n6,light
3033712,160,n6,light
3033714,149,n6,light
3033716,154,n6,light
3033718,171,n6,light
3033720,173,n6,light
3033722,192,n6,light
3033724,190,n6,light
3033726,183,n6,light
3033728,181,n6,light
3033730,178,n6,light
3033732,171,n6,light
3033734,160,n6,light
3033736,175,n6,light
3033738,170,n6,light
3033740,203,n6,light
3033742,241,n6,light
3033744,295,n6,light
3033746,353,n6,light
3033748,339,n6,light
3033750,330,n6,light
3033752,311,n6,light
3033754,304,n6,light
3033756,291,n6,light
3033758,275,n6,light
3033760,274,n6,light
3033762,303,n6,light
3033764,304,n6,light
3033766,331,n6,light
3033768,325,n6,light
3033770,314,n6,light
3033772,295,n6,light
3033774,288,n6,light
3033776,273,n6,light
3033778,277,n6,light
3033780,271,n6,light
3033782,256,n6,light
3033784,241,n6,light
3033786,243,n6,light
3033788,233,n6,light
3033790,220,n6,light
3033792,208,n6,light
3033794,215,n6,light
3033796,210,n6,light
3033798,217,n6,light
3033800,211,n6,light
3033802,234,n6,light
3033804,229,n6,light
3033806,227,n6,light
3033808,239,n6,light
3033810,240,n6,light
3033812,250,n6,light
3033814,246,n6,light
3033816,290,n6,light
3033818,400,n6,light
3033820,349,n6,light
3033822,355,n6,light
3033824,370,n6,light
3033826,357,n6,light
3033828,346,n6,light
3033830,352,n6,light
3033832,352,n6,light
3033834,368,n6,light
3033836,354,n6,light
3033838,353,n6,light
3033840,341,n6,light
3033842,368,n6,light
3033844,368,n6,light
3033846,348,n6,light
3033848,345,n6,light
3033850,330,n6,light
3033852,336,n6,light
3033854,331,n6,light
3033856,336,n6,light
3033858,324,n6,light
3033860,305,n6,light
3033862,286,n6,light
3033864,332,n6,light
3033866,323,n6,light
3033868,357,n6,light
3033870,366,n6,light
3033872,368,n6,light
3033874,362,n6,light
3033876,351,n6,light
3033878,338,n6,light
3033880,327,n6,light
3033882,313,n6,light
3033884,293,n6,light
3033886,277,n6,light
3033888,272,n6,light
3033890,257,n6,light
3033892,250,n6,light
3033894,268,n6,light
3033896,259,n6,light
3033898,269,n6,light
3033900,260,n6,light
3033902,264,n6,light
3033904,250,n6,light
3033906,247,n6,light
3033908,334,n6,light
3033910,352,n6,light
3033912,388,n6,light
3033914,389,n6,light
3033916,416,n6,light
3033918,457,n6,light
3033920,458,n6,light
3033922,479,n6,light
3033924,511,n6,light
3033926,528,n6,light
3033928,505,n6,light
3033930,490,n6,light
3033932,474,n6,light
3033934,450,n6,light
3033936,430,n6,light
3033938,409,n6,light
3033940,386,n6,light
3033942,366,n6,light
3033944,346,n6,light
3033946,329,n6,light
3033948,313,n6,light
3033950,304,n6,light
3033952,319,n6,light
3033954,315,n6,light
3033956,342,n6,light
3033958,336,n6,light
3033960,336,n6,light
3033962,326,n6,light
3033964,310,n6,light
3033966,367,n6,light
3033968,398,n6,light
3033970,432,n6,light
3033972,434,n6,light
3033974,414,n6,light
3033976,403,n6,light
3033978,382,n6,light
3033980,391,n6,light
3033982,414,n6,light
3033984,402,n6,light
3033986,380,n6,light
3033988,383,n6,light
3033990,432,n6,light
3033992,526,n6,light
3033994,540,n6,light
3033996,612,n6,light
3033998,622,n6,light
3034000,645,n6,light
3034002,637,n6,light
3034004,612,n6,light
3034006,589,n6,light
3034008,565,n6,light
3034010,560,n6,light
3034012,585,n6,light
3034014,583,n6,light
3034016,638,n6,light
3034018,651,n6,light
3034020,636,n6,light
3034022,615,n6,light
3034024,586,n6,light
3034026,559,n6,light
3034028,528,n6,light
3034030,497,n6,light
3034032,474,n6,light
3034034,459,n6,light
3034036,439,n6,light
3034038,429,n6,light
3034040,422,n6,light
3034042,403,n6,light
3034044,386,n6,light
3034046,367,n6,light
3034048,357,n6,light
3034050,350,n6,light
3034052,334,n6,light
3034054,337,n6,light
3034056,344,n6,light
3034058,332,n6,light
3034060,311,n6,light
3034062,302,n6,light
3034064,322,n6,light
3034066,352,n6,light
3034068,342,n6,light
3034070,379,n6,light
3034072,411,n6,light
3034074,482,n6,light
3034076,479,n6,light
3034078,480,n6,light
3034080,465,n6,light
3034082,457,n6,light
3034084,438,n6,light
3034086,415,n6,light
3034088,396,n6,light
3034090,381,n6,light
3034092,383,n6,light
3034094,369,n6,light
3034096,353,n6,light
3034098,336,n6,light
3034100,372,n6,light
3034102,368,n6,light
3034104,382,n6,light
3034106,394,n6,light
3034108,386,n6,light
3034110,394,n6,light
3034112,383,n6,light
3034114,368,n6,light
3034116,357,n6,light
3034118,336,n6,light
3034120,304,n6,light
3034122,284,n6,light
3034124,281,n6,light
3034126,266,n6,light
3034128,247,n6,light
3034130,234,n6,light
3034132,218,n6,light
3034134,227,n6,light
3034136,229,n6,light
3034138,214,n6,light
3034140,205,n6,light
3034142,195,n6,light
3034144,189,n6,light
3034146,272,n6,light
3034148,235,n6,light
3034150,318,n6,light
3034152,255,n6,light
3034154,336,n6,light
3034156,229,n6,light
3034158,245,n6,light
3034160,321,n6,light
3034162,272,n6,light
3034164,296,n6,light
3034166,304,n6,light
3034168,397,n6,light
3034170,443,n6,light
3034172,445,n6,light
3034174,298,n6,light
3034176,341,n6,light
3034178,311,n6,light
3034180,275,n6,light
3034182,354,n6,light
3034184,333,n6,light
3034186,480,n6,light
3034188,475,n6,light
3034190,389,n6,light
3034192,639,n6,light
3034194,624,n6,light
3034196,630,n6,light
3034198,727,n6,light
3034200,807,n6,light
3034202,816,n6,light
3034204,1013,n6,light
3034206,1164,n6,light
3034208,1072,n6,light
3034210,555,n6,light
3034212,304,n6,light
3034214,254,n6,light
3034216,243,n6,light
3034218,267,n6,light
3034220,301,n6,light
3034222,311,n6,light
3034224,330,n6,light
3034226,333,n6,light
3034228,325,n6,light
3034230,314,n6,light
3034232,301,n6,light
3034234,289,n6,light
3034236,289,n6,light
3034238,263,n6,light
3034240,247,n6,light
3034242,251,n6,light
3034244,221,n6,light
3034246,207,n6,light
3034248,197,n6,light
3034250,225,n6,light
3034252,295,n6,light
3034254,422,n6,light
3034256,490,n6,light
3034258,546,n6,light
3034260,339,n6,light
3034262,327,n6,light
3034264,308,n6,light
3034266,287,n6,light
3034268,275,n6,light
3034270,262,n6,light
3034272,256,n6,light
3034274,273,n6,light
3034276,306,n6,light
3034278,320,n6,light
3034280,464,n6,light
3034282,348,n6,light
3034284,340,n6,light
3034286,317,n6,light
3034288,305,n6,light
3034290,299,n6,light
3034292,282,n6,light
3034294,266,n6,light
3034296,290,n6,light
3034298,328,n6,light
3034300,371,n6,light
3034302,332,n6,light
3034304,302,n6,light
3034306,310,n6,light
3034308,336,n6,light
3034310,404,n6,light
3034312,218,n6,light
3034314,289,n6,light
3034316,244,n6,light
3034318,272,n6,light
3034320,302,n6,light
3034322,286,n6,light
3034324,456,n6,light
3034326,348,n6,light
3034328,243,n6,light
3034330,229,n6,light
3034332,218,n6,light
3034334,259,n6,light
3034336,546,n6,light
3034338,288,n6,light
3034340,313,n6,light
3034342,304,n6,light
3034344,193,n6,light
3034346,161,n6,light
3034348,154,n6,light
3034350,163,n6,light
3034352,366,n6,light
3034354,251,n6,light
3034356,234,n6,light
3034358,214,n6,light
3034360,194,n6,light
3034362,187,n6,light
3034364,189,n6,light
3034366,209,n6,light
3034368,295,n6,light
3034370,313,n6,light
3034372,353,n6,light
3034374,352,n6,light
3034376,378,n6,light
3034378,378,n6,light
3034380,358,n6,light
3034382,339,n6,light
3034384,336,n6,light
3034386,319,n6,light
3034388,309,n6,light
3034390,305,n6,light
3034392,286,n6,light
3034394,265,n6,light
3034396,258,n6,light
3034398,250,n6,light
3034400,253,n6,light
3034402,255,n6,light
3034404,258,n6,light
3034406,282,n6,light
3034408,269,n6,light
3034410,252,n6,light
3034412,240,n6,light
3034414,226,n6,light
3034416,213,n6,light
3034418,205,n6,light
3034420,191,n6,light
3034422,181,n6,light
3034424,225,n6,light
3034426,333,n6,light
3034428,357,n6,light
3034430,444,n6,light
3034432,459,n6,light
3034434,477,n6,light
3034436,469,n6,light
3034438,449,n6,light
3034440,432,n6,light
3034442,409,n6,light
3034444,390,n6,light
3034446,369,n6,light
3034448,353,n6,light
3034450,341,n6,light
3034452,327,n6,light
3034454,362,n6,light
3034456,371,n6,light
3034458,400,n6,light
3034460,409,n6,light
3034462,405,n6,light
3034464,382,n6,light
3034466,364,n6,light
3034468,346,n6,light
3034470,326,n6,light
3034472,309,n6,light
3034474,294,n6,light
3034476,276,n6,light
3034478,262,n6,light
3034480,245,n6,light
3034482,234,n6,light
3034484,223,n6,light
3034486,208,n6,light
3034488,197,n6,light
3034490,186,n6,light
3034492,177,n6,light
3034494,175,n6,light
3034496,163,n6,light
3034498,152,n6,light
3034500,147,n6,light
3034502,144,n6,light
3034504,139,n6,light
3034506,126,n6,light
3034508,133,n6,light
3034510,182,n6,light
3034512,234,n6,light
3034514,464,n6,light
3034516,433,n6,light
3034518,256,n6,light
3034520,303,n6,light
3034522,354,n6,light
3034524,336,n6,light
3034526,336,n6,light
3034528,333,n6,light
3034530,304,n6,light
3034532,287,n6,light
3034534,288,n6,light
3034536,277,n6,light
3034538,279,n6,light
3034540,274,n6,light
3034542,283,n6,light
3034544,275,n6,light
3034546,320,n6,light
3034548,361,n6,light
3034550,359,n6,light
3034552,407,n6,light
3034554,375,n6,light
3034556,347,n6,light
3034558,335,n6,light
3034560,331,n6,light
3034562,316,n6,light
3034564,304,n6,light
3034566,295,n6,light
3034568,297,n6,light
3034570,345,n6,light
3034572,259,n6,light
3034574,237,n6,light
3034576,354,n6,light
3034578,432,n6,light
3034580,551,n6,light
3034582,528,n6,light
3034584,483,n6,light
3034586,435,n6,light
3034588,477,n6,light
3034590,614,n6,light
3034592,534,n6,light
3034594,368,n6,light
3034596,407,n6,light
3034598,529,n6,light
3034600,461,n6,light
3034602,335,n6,light
3034604,325,n6,light
3034606,305,n6,light
3034608,299,n6,light
3034610,325,n6,light
3034612,337,n6,light
3034614,304,n6,light
3034616,330,n6,light
3034618,323,n6,light
3034620,310,n6,light
3034622,299,n6,light
3034624,278,n6,light
3034626,286,n6,light
3034628,307,n6,light
3034630,283,n6,light
3034632,294,n6,light
3034634,290,n6,light
3034636,277,n6,light
3034638,270,n6,light
3034640,253,n6,light
3034642,242,n6,light
3034644,235,n6,light
3034646,241,n6,light
3034648,241,n6,light
3034650,267,n6,light
3034652,236,n6,light
3034654,220,n6,light
3034656,204,n6,light
3034658,187,n6,light
3034660,175,n6,light
3034662,163,n6,light
3034664,156,n6,light
3034666,151,n6,light
3034668,169,n6,light
3034670,208,n6,light
3034672,206,n6,light
3034674,229,n6,light
3034676,219,n6,light
3034678,225,n6,light
3034680,221,n6,light
3034682,224,n6,light
3034684,211,n6,light
3034686,201,n6,light
3034688,194,n6,light
3034690,205,n6,light
3034692,191,n6,light
3034694,182,n6,light
3034696,195,n6,light
3034698,205,n6,light
3034700,202,n6,light
3034702,196,n6,light
3034704,192,n6,light
3034706,180,n6,light
3034708,183,n6,light
3034710,196,n6,light
3034712,192,n6,light
3034714,205,n6,light
3034716,181,n6,light
3034718,308,n6,light
3034720,415,n6,light
3034722,335,n6,light
3034724,304,n6,light
3034726,320,n6,light
3034728,323,n6,light
3034730,468,n6,light
3034732,467,n6,light
3034734,406,n6,light
3034736,317,n6,light
3034738,318,n6,light
3034740,342,n6,light
3034742,347,n6,light
3034744,320,n6,light
3034746,286,n6,light
3034748,205,n6,light
3034750,237,n6,light
3034752,179,n6,light
3034754,186,n6,light
3034756,183,n6,light
3034758,174,n6,light
3034760,173,n6,light
3034762,190,n6,light
3034764,187,n6,light
3034766,176,n6,light
3034768,163,n6,light
3034770,165,n6,light
3034772,157,n6,light
3034774,147,n6,light
3034776,140,n6,light
3034778,130,n6,light
3034780,122,n6,light
3034782,117,n6,light
3034784,117,n6,light
3034786,110,n6,light
3034788,124,n6,light
3034790,169,n6,light
3034792,203,n6,light
3034794,203,n6,light
3034796,208,n6,light
3034798,193,n6,light
3034800,182,n6,light
3034802,174,n6,light
3034804,161,n6,light
3034806,157,n6,light
3034808,146,n6,light
3034810,138,n6,light
3034812,131,n6,light
3034814,122,n6,light
3034816,112,n6,light
3034818,106,n6,light
3034820,98,n6,light
3034822,92,n6,light
3034824,96,n6,light
3034826,107,n6,light
3034828,133,n6,light
3034830,133,n6,light
3034832,128,n6,light
3034834,123,n6,light
3034836,114,n6,light
3034838,110,n6,light
3034840,101,n6,light
3034842,98,n6,light
3034844,143,n6,light
3034846,144,n6,light
3034848,163,n6,light
3034850,202,n6,light
3034852,209,n6,light
3034854,208,n6,light
3034856,197,n6,light
3034858,192,n6,light
3034860,189,n6,light
3034862,181,n6,light
3034864,178,n6,light
3034866,182,n6,light
3034868,188,n6,light
3034870,192,n6,light
3034872,191,n6,light
3034874,187,n6,light
3034876,175,n6,light
3034878,172,n6,light
3034880,160,n6,light
3034882,146,n6,light
3034884,144,n6,light
3034886,135,n6,light
3034888,140,n6,light
3034890,144,n6,light
3034892,138,n6,light
3034894,129,n6,light
3034896,121,n6,light
3034898,113,n6,light
3034900,106,n6,light
3034902,95,n6,light
3034904,92,n6,light
3034906,90,n6,light
3034908,90,n6,light
3034910,86,n6,light
3034912,112,n6,light
3034914,115,n6,light
3034916,142,n6,light
3034918,150,n6,light
3034920,174,n6,light
3034922,202,n6,light
3034924,206,n6,light
3034926,256,n6,light
3034928,252,n6,light
3034930,258,n6,light
3034932,241,n6,light
3034934,233,n6,light
3034936,223,n6,light
3034938,208,n6,light
3034940,197,n6,light
3034942,187,n6,light
3034944,213,n6,light
3034946,231,n6,light
3034948,329,n6,light
3034950,361,n6,light
3034952,378,n6,light
3034954,419,n6,light
3034956,412,n6,light
3034958,406,n6,light
3034960,389,n6,light
3034962,379,n6,light
3034964,368,n6,light
3034966,342,n6,light
3034968,320,n6,light
3034970,303,n6,light
3034972,287,n6,light
3034974,272,n6,light
3034976,256,n6,light
3034978,240,n6,light
3034980,229,n6,light
3034982,223,n6,light
3034984,234,n6,light
3034986,240,n6,light
3034988,240,n6,light
3034990,227,n6,light
3034992,214,n6,light
3034994,205,n6,light
3034996,190,n6,light
3034998,177,n6,light
3035000,170,n6,light
3035002,160,n6,light
3035004,149,n6,light
3035006,144,n6,light
3035008,144,n6,light
3035010,167,n6,light
3035012,183,n6,light
3035014,222,n6,light
3035016,298,n6,light
3035018,290,n6,light
3035020,305,n6,light
3035022,327,n6,light
3035024,320,n6,light
3035026,321,n6,light
3035028,308,n6,light
3035030,304,n6,light
3035032,271,n6,light
3035034,250,n6,light
3035036,239,n6,light
3035038,233,n6,light
3035040,219,n6,light
3035042,210,n6,light
3035044,231,n6,light
3035046,403,n6,light
3035048,446,n6,light
3035050,625,n6,light
3035052,592,n6,light
3035054,595,n6,light
3035056,577,n6,light
3035058,547,n6,light
3035060,511,n6,light
3035062,489,n6,light
3035064,464,n6,light
3035066,449,n6,light
3035068,447,n6,light
3035070,434,n6,light
3035072,400,n6,light
3035074,399,n6,light
3035076,400,n6,light
3035078,361,n6,light
3035080,326,n6,light
3035082,309,n6,light
3035084,306,n6,light
3035086,313,n6,light
3035088,288,n6,light
3035090,281,n6,light
3035092,265,n6,light
3035094,258,n6,light
3035096,256,n6,light
3035098,248,n6,light
3035100,252,n6,light
3035102,249,n6,light
3035104,278,n6,light
3035106,259,n6,light
3035108,206,n6,light
3035110,202,n6,light
3035112,187,n6,light
3035114,186,n6,light
3035116,187,n6,light
3035118,202,n6,light
3035120,199,n6,light
3035122,217,n6,light
3035124,209,n6,light
3035126,199,n6,light
3035128,189,n6,light
3035130,179,n6,light
3035132,199,n6,light
3035134,217,n6,light
3035136,240,n6,light
3035138,237,n6,light
3035140,229,n6,light
3035142,237,n6,light
3035144,240,n6,light
3035146,228,n6,light
3035148,210,n6,light
3035150,199,n6,light
3035152,188,n6,light
3035154,177,n6,light
3035156,171,n6,light
3035158,164,n6,light
3035160,160,n6,light
3035162,150,n6,light
3035164,160,n6,light
3035166,166,n6,light
3035168,160,n6,light
3035170,148,n6,light
3035172,145,n6,light
3035174,142,n6,light
3035176,146,n6,light
3035178,144,n6,light
3035180,138,n6,light
3035182,130,n6,light
3035184,123,n6,light
3035186,116,n6,light
3035188,115,n6,light
3035190,125,n6,light
3035192,137,n6,light
3035194,142,n6,light
3035196,166,n6,light
3035198,153,n6,light
3035200,144,n6,light
3035202,151,n6,light
3035204,153,n6,light
3035206,155,n6,light
3035208,157,n6,light
3035210,172,n6,light
3035212,169,n6,light
3035214,173,n6,light
3035216,160,n6,light
3035218,151,n6,light
3035220,142,n6,light
3035222,141,n6,light
3035224,139,n6,light
3035226,134,n6,light
3035228,126,n6,light
3035230,118,n6,light
3035232,113,n6,light
3035234,112,n6,light
3035236,112,n6,light
3035238,113,n6,light
3035240,150,n6,light
3035242,165,n6,light
3035244,199,n6,light
3035246,218,n6,light
3035248,228,n6,light
3035250,240,n6,light
3035252,233,n6,light
3035254,222,n6,light
3035256,208,n6,light
3035258,196,n6,light
3035260,181,n6,light
3035262,173,n6,light
3035264,163,n6,light
3035266,150,n6,light
3035268,144,n6,light
3035270,133,n6,light
3035272,127,n6,light
3035274,115,n6,light
3035276,113,n6,light
3035278,109,n6,light
3035280,102,n6,light
3035282,103,n6,light
3035284,96,n6,light
3035286,91,n6,light
3035288,81,n6,light
3035290,73,n6,light
3035292,65,n6,light
3035294,64,n6,light
3035296,60,n6,light
3035298,53,n6,light
3035300,48,n6,light
3035302,50,n6,light
3035304,48,n6,light
3035306,48,n6,light
3035308,61,n6,light
3035310,369,n6,light
3035312,603,n6,light
3035314,849,n6,light
3035316,1059,n6,light
3035318,1255,n6,light
3035320,1446,n6,light
3035322,1616,n6,light
3035324,1749,n6,light
3035326,1875,n6,light
3035328,1997,n6,light
3035330,2161,n6,light
3035332,2267,n6,light
3035334,2355,n6,light
3035336,2443,n6,light
3035338,2512,n6,light
3035340,2605,n6,light
3035342,2923,n6,light
3035344,3765,n6,light
3035346,4095,n6,light
3035348,4095,n6,light
3035350,4095,n6,light
3035352,4095,n6,light
3035354,4095,n6,light
3035356,4095,n6,light
3035358,4095,n6,light
3035360,4095,n6,light
3035362,4095,n6,light
3035364,4095,n6,light
3035366,4095,n6,light
3035368,4095,n6,light
3035370,4095,n6,light
3035372,3882,n6,light
3035374,3648,n6,light
3035376,3487,n6,light
3035378,3372,n6,light
3035380,3290,n6,light
3035382,3225,n6,light
3035384,3175,n6,light
3035386,3139,n6,light
3035388,3109,n6,light
3035390,3087,n6,light
3035392,3061,n6,light
3035394,3043,n6,light
3035396,3035,n6,light
3035398,3021,n6,light
3035400,3007,n6,light
3035402,2997,n6,light
3035404,2992,n6,light
3035406,2985,n6,light
3035408,2977,n6,light
3035410,2979,n6,light
3035412,2971,n6,light
3035414,2969,n6,light
3035416,2967,n6,light
3035418,2964,n6,light
3035420,2956,n6,light
3035422,2949,n6,light
3035424,2948,n6,light
3035426,2955,n6,light
3035428,2944,n6,light
3035430,2947,n6,light
3035432,2943,n6,light
3035434,2945,n6,light
3035436,2944,n6,light
3035438,2934,n6,light
3035440,2937,n6,light
3035442,2929,n6,light
3035444,2931,n6,light
3035446,2934,n6,light
3035448,2932,n6,light
3035450,2933,n6,light
3035452,2931,n6,light
3035454,2931,n6,light
3035456,2929,n6,light
3035458,2931,n6,light
3035460,2933,n6,light
3035462,2934,n6,light
3035464,2938,n6,light
3035466,2932,n6,light
3035468,2930,n6,light
3035470,2930,n6,light
3035472,2929,n6,light
3035474,2930,n6,light
3035476,2933,n6,light
3035478,2935,n6,light
3035480,2931,n6,light
3035482,2935,n6,light
3035484,2935,n6,light
3035486,2935,n6,light
3035488,2933,n6,light
3035490,2935,n6,light
3035492,2937,n6,light
3035494,2937,n6,light
3035496,2934,n6,light
3035498,2937,n6,light
3035500,2939,n6,light
3035502,2939,n6,light
3035504,2938,n6,light
3035506,2942,n6,light
3035508,2941,n6,light
3035510,2941,n6,light
3035512,2944,n6,light
3035514,2944,n6,light
3035516,2945,n6,light
3035518,2943,n6,light
3035520,2946,n6,light
3035522,2941,n6,light
3035524,2944,n6,light
3035526,2949,n6,light
3035528,2946,n6,light
3035530,2945,n6,light
3035532,2949,n6,light
3035534,2953,n6,light
3035536,2951,n6,light
3035538,2949,n6,light
3035540,2955,n6,light
3035542,2953,n6,light
3035544,2950,n6,light
3035546,2948,n6,light
3035548,2951,n6,light
3035550,2950,n6,light
3035552,2955,n6,light
3035554,2960,n6,light
3035556,2960,n6,light
3035558,2959,n6,light
3035560,2960,n6,light
3035562,2961,n6,light
3035564,2960,n6,light
3035566,2960,n6,light
3035568,2962,n6,light
3035570,2959,n6,light
3035572,2959,n6,light
3035574,2960,n6,light
3035576,2970,n6,light
3035578,2971,n6,light
3035580,2961,n6,light
3035582,2961,n6,light
3035584,2962,n6,light
3035586,2967,n6,light
3035588,2963,n6,light
3035590,2970,n6,light
3035592,2971,n6,light
3035594,2965,n6,light
3035596,2973,n6,light
3035598,2975,n6,light
3035600,2971,n6,light
3035602,2976,n6,light
3035604,2971,n6,light
3035606,2975,n6,light
3035608,2968,n6,light
3035610,2981,n6,light
3035612,2979,n6,light
3035614,2977,n6,light
3035616,2974,n6,light
3035618,2983,n6,light
3035620,2982,n6,light
3035622,2981,n6,light
3035624,2980,n6,light
3035626,2974,n6,light
3035628,2980,n6,light
3035630,2983,n6,light
3035632,2975,n6,light
3035634,2985,n6,light
3035636,2987,n6,light
3035638,2991,n6,light
3035640,2990,n6,light
3035642,2990,n6,light
3035644,2990,n6,light
3035646,2991,n6,light
3035648,2979,n6,light
3035650,2992,n6,light
3035652,2985,n6,light
3035654,2986,n6,light
3035656,2992,n6,light
3035658,3001,n6,light
3035660,2990,n6,light
3035662,2988,n6,light
3035664,2991,n6,light
3035666,2998,n6,light
3035668,2994,n6,light
3035670,2991,n6,light
3035672,2998,n6,light
3035674,2991,n6,light
3035676,3005,n6,light
3035678,2996,n6,light
3035680,2993,n6,light
3035682,2995,n6,light
3035684,3008,n6,light
3035686,3003,n6,light
3035688,2997,n6,light
3035690,2999,n6,light
3035692,2999,n6,light
3035694,3006,n6,light
3035696,2999,n6,light
3035698,2998,n6,light
3035700,3009,n6,light
3035702,2998,n6,light
3035704,3008,n6,light
3035706,3013,n6,light
3035708,3021,n6,light
3035710,3008,n6,light
3035712,3005,n6,light
3035714,3007,n6,light
3035716,3020,n6,light
3035718,3009,n6,light
3035720,3014,n6,light
3035722,3010,n6,light
3035724,3005,n6,light
3035726,3015,n6,light
3035728,3019,n6,light
3035730,3021,n6,light
3035732,3019,n6,light
3035734,3020,n6,light
3035736,3015,n6,light
3035738,3019,n6,light
3035740,3022,n6,light
3035742,3010,n6,light
3035744,3012,n6,light
3035746,3024,n6,light
3035748,3023,n6,light
3035750,3023,n6,light
3035752,3019,n6,light
3035754,3023,n6,light
3035756,3021,n6,light
3035758,3021,n6,light
3035760,3022,n6,light
3035762,3025,n6,light
3035764,3018,n6,light
3035766,3022,n6,light
3035768,3023,n6,light
3035770,3022,n6,light
3035772,3031,n6,light
3035774,3023,n6,light
3035776,3022,n6,light
3035778,3031,n6,light
3035780,3033,n6,light
3035782,3029,n6,light
3035784,3027,n6,light
3035786,3034,n6,light
3035788,3035,n6,light
3035790,3039,n6,light
3035792,3031,n6,light
3035794,3031,n6,light
3035796,3035,n6,light
3035798,3031,n6,light
3035800,3030,n6,light
3035802,3034,n6,light
3035804,3034,n6,light
3035806,3040,n6,light
3035808,3029,n6,light
3035810,3041,n6,light
3035812,3050,n6,light
3035814,3036,n6,light
3035816,3035,n6,light
3035818,3043,n6,light
3035820,3041,n6,light
3035822,3051,n6,light
3035824,3041,n6,light
3035826,3037,n6,light
3035828,3039,n6,light
3035830,3039,n6,light
3035832,3034,n6,light
3035834,3041,n6,light
3035836,3043,n6,light
3035838,3046,n6,light
3035840,3046,n6,light
3035842,3047,n6,light
3035844,3050,n6,light
3035846,3052,n6,light
3035848,3047,n6,light
3035850,3040,n6,light
3035852,3050,n6,light
3035854,3054,n6,light
3035856,3056,n6,light
3035858,3049,n6,light
3035860,3049,n6,light
3035862,3051,n6,light
3035864,3051,n6,light
3035866,3062,n6,light
3035868,3052,n6,light
3035870,3053,n6,light
3035872,3056,n6,light
3035874,3045,n6,light
3035876,3059,n6,light
3035878,3056,n6,light
3035880,3050,n6,light
3035882,3048,n6,light
3035884,3054,n6,light
3035886,3055,n6,light
3035888,3062,n6,light
3035890,3057,n6,light
3035892,3057,n6,light
3035894,3061,n6,light
3035896,3059,n6,light
3035898,3069,n6,light
3035900,3057,n6,light
3035902,3065,n6,light
3035904,3071,n6,light
3035906,3066,n6,light
3035908,3061,n6,light
3035910,3058,n6,light
3035912,3061,n6,light
3035914,3067,n6,light
3035916,3063,n6,light
3035918,3069,n6,light
3035920,3056,n6,light
3035922,3065,n6,light
3035924,3071,n6,light
3035926,3069,n6,light
3035928,3069,n6,light
3035930,3071,n6,light
3035932,3071,n6,light
3035934,3069,n6,light
3035936,3071,n6,light
3035938,3083,n6,light
3035940,3071,n6,light
3035942,3070,n6,light
3044974,600,n6,light
3044976,576,n6,light
3044978,560,n6,light
3044980,528,n6,light
3044982,510,n6,light
3044984,491,n6,light
3044986,466,n6,light
3044988,448,n6,light
3044990,432,n6,light
3044992,415,n6,light
3044994,394,n6,light
3044996,375,n6,light
3044998,359,n6,light
3045000,405,n6,light
3045002,423,n6,light
3045004,486,n6,light
3045006,544,n6,light
3045008,560,n6,light
3045010,551,n6,light
3045012,585,n6,light
3045014,566,n6,light
3045016,576,n6,light
3045018,629,n6,light
3045020,621,n6,light
3045022,641,n6,light
3045024,658,n6,light
3045026,626,n6,light
3045028,625,n6,light
3045030,654,n6,light
3045032,683,n6,light
3045034,699,n6,light
3045036,688,n6,light
3045038,754,n6,light
3045040,742,n6,light
3045042,720,n6,light
3045044,706,n6,light
3045046,699,n6,light
3045048,713,n6,light
3045050,691,n6,light
3045052,729,n6,light
3045054,754,n6,light
3045056,738,n6,light
3045058,717,n6,light
3045060,694,n6,light
3045062,671,n6,light
3045064,695,n6,light
3045066,704,n6,light
3045068,722,n6,light
3045070,710,n6,light
3045072,684,n6,light
3045074,659,n6,light
3045076,632,n6,light
3045078,608,n6,light
3045080,589,n6,light
3045082,564,n6,light
3045084,541,n6,light
3045086,526,n6,light
3045088,503,n6,light
3045090,486,n6,light
3045092,525,n6,light
3045094,549,n6,light
3045096,558,n6,light
3045098,577,n6,light
3045100,597,n6,light
3045102,630,n6,light
3045104,658,n6,light
3045106,660,n6,light
3045108,672,n6,light
3045110,665,n6,light
3045112,648,n6,light
3045114,611,n6,light
3045116,592,n6,light
3045118,581,n6,light
3045120,569,n6,light
3045122,573,n6,light
3045124,558,n6,light
3045126,561,n6,light
3045128,535,n6,light
3045130,504,n6,light
3045132,485,n6,light
3045134,466,n6,light
3045136,457,n6,light
3045138,481,n6,light
3045140,491,n6,light
3045142,511,n6,light
3045144,535,n6,light
3045146,501,n6,light
3045148,488,n6,light
3045150,462,n6,light
3045152,447,n6,light
3045154,459,n6,light
3045156,454,n6,light
3045158,445,n6,light
3045160,430,n6,light
3045162,405,n6,light
3045164,398,n6,light
3045166,439,n6,light
3045168,448,n6,light
3045170,484,n6,light
3045172,482,n6,light
3045174,477,n6,light
3045176,467,n6,light
3045178,449,n6,light
3045180,430,n6,light
3045182,419,n6,light
3045184,412,n6,light
3045186,436,n6,light
3045188,447,n6,light
3045190,435,n6,light
3045192,444,n6,light
3045194,463,n6,light
3045196,454,n6,light
3045198,475,n6,light
3045200,466,n6,light
3045202,483,n6,light
3045204,491,n6,light
3045206,473,n6,light
3045208,455,n6,light
3045210,447,n6,light
3045212,460,n6,light
3045214,451,n6,light
3045216,460,n6,light
3045218,441,n6,light
3045220,418,n6,light
3045222,401,n6,light
3045224,391,n6,light
3045226,384,n6,light
3045228,363,n6,light
3045230,342,n6,light
3045232,326,n6,light
3045234,343,n6,light
3045236,342,n6,light
3045238,397,n6,light
3045240,502,n6,light
3045242,528,n6,light
3045244,627,n6,light
3045246,653,n6,light
3045248,657,n6,light
3045250,645,n6,light
3045252,615,n6,light
3045254,586,n6,light
3045256,560,n6,light
3045258,532,n6,light
3045260,506,n6,light
3045262,493,n6,light
3045264,478,n6,light
3045266,493,n6,light
3045268,510,n6,light
3045270,576,n6,light
3045272,572,n6,light
3045274,621,n6,light
3045276,607,n6,light
3045278,596,n6,light
3045280,585,n6,light
3045282,597,n6,light
3045284,593,n6,light
3045286,583,n6,light
3045288,581,n6,light
3045290,566,n6,light
3045292,542,n6,light
3045294,511,n6,light
3045296,496,n6,light
3045298,487,n6,light
3045300,471,n6,light
3045302,464,n6,light
3045304,470,n6,light
3045306,460,n6,light
3045308,445,n6,light
3045310,413,n6,light
3045312,401,n6,light
3045314,395,n6,light
3045316,379,n6,light
3045318,362,n6,light
3045320,394,n6,light
3045322,407,n6,light
3045324,496,n6,light
3045326,499,n6,light
3045328,510,n6,light
3045330,492,n6,light
3045332,482,n6,light
3045334,505,n6,light
3045336,506,n6,light
3045338,502,n6,light
3045340,525,n6,light
3045342,464,n6,light
3045344,453,n6,light
3045346,455,n6,light
3045348,527,n6,light
3045350,625,n6,light
3045352,666,n6,light
3045354,777,n6,light
3045356,865,n6,light
3045358,865,n6,light
3045360,849,n6,light
3045362,813,n6,light
3045364,780,n6,light
3045366,722,n6,light
3045368,683,n6,light
3045370,655,n6,light
3045372,622,n6,light
3045374,622,n6,light
3045376,601,n6,light
3045378,576,n6,light
3045380,537,n6,light
3045382,483,n6,light
3045384,451,n6,light
3045386,422,n6,light
3045388,411,n6,light
3045390,396,n6,light
3045392,370,n6,light
3045394,351,n6,light
3045396,334,n6,light
3045398,320,n6,light
3045400,318,n6,light
3045402,357,n6,light
3045404,353,n6,light
3045406,416,n6,light
3045408,430,n6,light
3045410,403,n6,light
3045412,388,n6,light
3045414,380,n6,light
3045416,391,n6,light
3045418,395,n6,light
3045420,386,n6,light
3045422,393,n6,light
3045424,375,n6,light
3045426,359,n6,light
3045428,367,n6,light
3045430,357,n6,light
3045432,381,n6,light
3045434,407,n6,light
3045436,414,n6,light
3045438,448,n6,light
3045440,448,n6,light
3045442,430,n6,light
3045444,403,n6,light
3045446,403,n6,light
3045448,406,n6,light
3045450,395,n6,light
3045452,393,n6,light
3045454,389,n6,light
3045456,380,n6,light
3045458,364,n6,light
3045460,342,n6,light
3045462,332,n6,light
3045464,323,n6,light
3045466,303,n6,light
3045468,298,n6,light
3045470,269,n6,light
3045472,256,n6,light
3045474,246,n6,light
3045476,236,n6,light
3045478,227,n6,light
3045480,210,n6,light
3045482,197,n6,light
3045484,227,n6,light
3045486,272,n6,light
3045488,294,n6,light
3045490,350,n6,light
3045492,341,n6,light
3045494,331,n6,light
3045496,321,n6,light
3045498,305,n6,light
3045500,306,n6,light
3045502,322,n6,light
3045504,343,n6,light
3045506,330,n6,light
3045508,327,n6,light
3045510,325,n6,light
3045512,315,n6,light
3045514,313,n6,light
3045516,310,n6,light
3045518,335,n6,light
3045520,368,n6,light
3045522,346,n6,light
3045524,382,n6,light
3045526,391,n6,light
3045528,374,n6,light
3045530,365,n6,light
3045532,348,n6,light
3045534,317,n6,light
3045536,311,n6,light
3045538,307,n6,light
3045540,293,n6,light
3045542,278,n6,light
3045544,267,n6,light
3045546,251,n6,light
3045548,254,n6,light
3045550,265,n6,light
3045552,244,n6,light
3045554,235,n6,light
3045556,234,n6,light
3045558,237,n6,light
3045560,229,n6,light
3045562,217,n6,light
3045564,208,n6,light
3045566,195,n6,light
3045568,189,n6,light
3045570,206,n6,light
3045572,199,n6,light
3045574,198,n6,light
3045576,203,n6,light
3045578,239,n6,light
3045580,249,n6,light
3045582,242,n6,light
3045584,240,n6,light
3045586,238,n6,light
3045588,227,n6,light
3045590,229,n6,light
3045592,211,n6,light
3045594,206,n6,light
3045596,196,n6,light
3045598,197,n6,light
3045600,192,n6,light
3045602,230,n6,light
3045604,309,n6,light
3045606,335,n6,light
3045608,361,n6,light
3045610,346,n6,light
3045612,361,n6,light
3045614,352,n6,light
3045616,336,n6,light
3045618,319,n6,light
3045620,308,n6,light
3045622,296,n6,light
3045624,279,n6,light
3045626,263,n6,light
3045628,254,n6,light
3045630,247,n6,light
3045632,236,n6,light
3045634,227,n6,light
3045636,224,n6,light
3045638,211,n6,light
3045640,203,n6,light
3045642,190,n6,light
3045644,176,n6,light
3045646,170,n6,light
3045648,155,n6,light
3045650,147,n6,light
3045652,137,n6,light
3045654,128,n6,light
3045656,126,n6,light
3045658,141,n6,light
3045660,138,n6,light
3045662,156,n6,light
3045664,163,n6,light
3045666,168,n6,light
3045668,222,n6,light
3045670,234,n6,light
3045672,236,n6,light
3045674,237,n6,light
3045676,256,n6,light
3045678,291,n6,light
3045680,292,n6,light
3045682,285,n6,light
3045684,275,n6,light
3045686,267,n6,light
3045688,267,n6,light
3045690,252,n6,light
3045692,240,n6,light
3045694,237,n6,light
3045696,224,n6,light
3045698,208,n6,light
3045700,197,n6,light
3045702,208,n6,light
3045704,222,n6,light
3045706,230,n6,light
3045708,227,n6,light
3045710,225,n6,light
3045712,225,n6,light
3045714,218,n6,light
3045716,209,n6,light
3045718,194,n6,light
3045720,189,n6,light
3045722,186,n6,light
3045724,176,n6,light
3045726,164,n6,light
3045728,153,n6,light
3045730,144,n6,light
3045732,139,n6,light
3045734,144,n6,light
3045736,139,n6,light
3045738,130,n6,light
3045740,130,n6,light
3045742,127,n6,light
3045744,119,n6,light
3045746,125,n6,light
3045748,114,n6,light
3045750,110,n6,light
3045752,112,n6,light
3045754,112,n6,light
3045756,107,n6,light
3045758,106,n6,light
3045760,107,n6,light
3045762,138,n6,light
3045764,147,n6,light
3045766,157,n6,light
3045768,195,n6,light
3045770,223,n6,light
3045772,225,n6,light
3045774,213,n6,light
3045776,205,n6,light
3045778,219,n6,light
3045780,240,n6,light
3045782,230,n6,light
3045784,256,n6,light
3045786,307,n6,light
3045788,245,n6,light
3045790,229,n6,light
3045792,211,n6,light
3045794,208,n6,light
3045796,208,n6,light
3045798,215,n6,light
3045800,282,n6,light
3045802,239,n6,light
3045804,205,n6,light
3045806,373,n6,light
3045808,397,n6,light
3045810,494,n6,light
3045812,545,n6,light
3045814,570,n6,light
3045816,464,n6,light
3045818,741,n6,light
3045820,777,n6,light
3045822,848,n6,light
3045824,358,n6,light
3045826,216,n6,light
3045828,204,n6,light
3045830,124,n6,light
3045832,141,n6,light
3045834,112,n6,light
3045836,82,n6,light
3045838,98,n6,light
3045840,110,n6,light
3045842,110,n6,light
3045844,97,n6,light
3045846,91,n6,light
3045848,112,n6,light
3045850,158,n6,light
3045852,174,n6,light
3045854,171,n6,light
3045856,183,n6,light
3045858,187,n6,light
3045860,177,n6,light
3045862,167,n6,light
3045864,175,n6,light
3045866,171,n6,light
3045868,158,n6,light
3045870,154,n6,light
3045872,155,n6,light
3045874,166,n6,light
3045876,158,n6,light
3045878,195,n6,light
3045880,289,n6,light
3045882,427,n6,light
3045884,410,n6,light
3045886,543,n6,light
3045888,384,n6,light
3045890,368,n6,light
3045892,398,n6,light
3045894,438,n6,light
3045896,361,n6,light
3045898,502,n6,light
3045900,606,n6,light
3045902,511,n6,light
3045904,573,n6,light
3045906,471,n6,light
3045908,281,n6,light
3045910,261,n6,light
3045912,379,n6,light
3045914,389,n6,light
3045916,496,n6,light
3045918,550,n6,light
3045920,403,n6,light
3045922,400,n6,light
3045924,305,n6,light
3045926,346,n6,light
3045928,222,n6,light
3045930,178,n6,light
3045932,146,n6,light
3045934,178,n6,light
3045936,221,n6,light
3045938,211,n6,light
3045940,174,n6,light
3045942,128,n6,light
3045944,114,n6,light
3045946,118,n6,light
3045948,134,n6,light
3045950,198,n6,light
3045952,197,n6,light
3045954,122,n6,light
3045956,118,n6,light
3045958,150,n6,light
3045960,304,n6,light
3045962,273,n6,light
3045964,219,n6,light
3045966,198,n6,light
3045968,235,n6,light
3045970,527,n6,light
3045972,745,n6,light
3045974,369,n6,light
3045976,197,n6,light
3045978,394,n6,light
3045980,506,n6,light
3045982,305,n6,light
3045984,410,n6,light
3045986,352,n6,light
3045988,321,n6,light
3045990,231,n6,light
3045992,278,n6,light
3045994,217,n6,light
3045996,201,n6,light
3045998,213,n6,light
3046000,196,n6,light
3046002,176,n6,light
3046004,166,n6,light
3046006,160,n6,light
3046008,144,n6,light
3046010,138,n6,light
3046012,131,n6,light
3046014,128,n6,light
3046016,128,n6,light
3046018,124,n6,light
3046020,118,n6,light
3046022,139,n6,light
3046024,136,n6,light
3046026,112,n6,light
3046028,90,n6,light
3046030,138,n6,light
3046032,131,n6,light
3046034,128,n6,light
3046036,108,n6,light
3046038,90,n6,light
3046040,80,n6,light
3046042,70,n6,light
3046044,80,n6,light
3046046,103,n6,light
3046048,110,n6,light
3046050,133,n6,light
3046052,144,n6,light
3046054,160,n6,light
3046056,175,n6,light
3046058,182,n6,light
3046060,185,n6,light
3046062,173,n6,light
3046064,165,n6,light
3046066,198,n6,light
3046068,176,n6,light
3046070,178,n6,light
3046072,192,n6,light
3046074,193,n6,light
3046076,176,n6,light
3046078,165,n6,light
3046080,170,n6,light
3046082,191,n6,light
3046084,176,n6,light
3046086,189,n6,light
3046088,187,n6,light
3046090,181,n6,light
3046092,171,n6,light
3046094,159,n6,light
3046096,153,n6,light
3046098,144,n6,light
3046100,142,n6,light
3046102,142,n6,light
3046104,133,n6,light
3046106,194,n6,light
3046108,284,n6,light
3046110,191,n6,light
3046112,144,n6,light
3046114,291,n6,light
3046116,188,n6,light
3046118,551,n6,light
3046120,752,n6,light
3046122,930,n6,light
3046124,1106,n6,light
3046126,1273,n6,light
3046128,1456,n6,light
3046130,1598,n6,light
3046132,1757,n6,light
3046134,1900,n6,light
3046136,1994,n6,light
3046138,2089,n6,light
3046140,2175,n6,light
3046142,2256,n6,light
3046144,2352,n6,light
3046146,2455,n6,light
3046148,2559,n6,light
3046150,3003,n6,light
3046152,3852,n6,light
3046154,4095,n6,light
3046156,4095,n6,light
3046158,4095,n6,light
3046160,1988,n6,light
3046162,2401,n6,light
3046164,2837,n6,light
3046166,3187,n6,light
3046168,3296,n6,light
3046170,3392,n6,light
3046172,3373,n6,light
3046174,3435,n6,light
3046176,3025,n6,light
3046178,2935,n6,light
3046180,2848,n6,light
3046182,2911,n6,light
3046184,3417,n6,light
3046186,4095,n6,light
3046188,4095,n6,light
3046190,4095,n6,light
3046192,4095,n6,light
3046194,4095,n6,light
3046196,4095,n6,light
3046198,4095,n6,light
3046200,4095,n6,light
3046202,3838,n6,light
3046204,3711,n6,light
3046206,3819,n6,light
3046208,3519,n6,light
3046210,3445,n6,light
3046212,3307,n6,light
3046214,3568,n6,light
3046216,3705,n6,light
3046218,3782,n6,light
3046220,3870,n6,light
3046222,4079,n6,light
3046224,4095,n6,light
3046226,4095,n6,light
3046228,4095,n6,light
3046230,4095,n6,light
3046232,4095,n6,light
3046234,4095,n6,light
3046236,4095,n6,light
3046238,4095,n6,light
3046240,4095,n6,light
3046242,4095,n6,light
3046244,4095,n6,light
3046246,4095,n6,light
3046248,4095,n6,light
3046250,4095,n6,light
3046252,4095,n6,light
3046254,3890,n6,light
3046256,3678,n6,light
3046258,3504,n6,light
3046260,3741,n6,light
3046262,3898,n6,light
3046264,3849,n6,light
3046266,3824,n6,light
3046268,3651,n6,light
3046270,3494,n6,light
3046272,3401,n6,light
3046274,3336,n6,light
3046276,3280,n6,light
3046278,3235,n6,light
3046280,3200,n6,light
3046282,3169,n6,light
3046284,3136,n6,light
3046286,3124,n6,light
3046288,3103,n6,light
3046290,3086,n6,light
3046292,3058,n6,light
3046294,3058,n6,light
3046296,3056,n6,light
3046298,3055,n6,light
3046300,3047,n6,light
3046302,3055,n6,light
3046304,3053,n6,light
3046306,3043,n6,light
3046308,3056,n6,light
3046310,3049,n6,light
3046312,3055,n6,light
3046314,3062,n6,light
3046316,3053,n6,light
3046318,3038,n6,light
3046320,3009,n6,light
3046322,2999,n6,light
3046324,3022,n6,light
3046326,3068,n6,light
3046328,3403,n6,light
3046330,3791,n6,light
3046332,4095,n6,light
3046334,4095,n6,light
3046336,4095,n6,light
3046338,4095,n6,light
3046340,4095,n6,light
3046342,4095,n6,light
3046344,4095,n6,light
3046346,4095,n6,light
3046348,4095,n6,light
3046350,4095,n6,light
3046352,4095,n6,light
3046354,4095,n6,light
3046356,4095,n6,light
3046358,4095,n6,light
3046360,4095,n6,light
3046362,4095,n6,light
3046364,4095,n6,light
3046366,4095,n6,light
3046368,4095,n6,light
3046370,4095,n6,light
3046372,4095,n6,light
3046374,4095,n6,light
3046376,4095,n6,light
3046378,4095,n6,light
3046380,4095,n6,light
3046382,4095,n6,light
3046384,4095,n6,light
3046386,4095,n6,light
3046388,4095,n6,light
3046390,4095,n6,light
3046392,4095,n6,light
3046394,4095,n6,light
3046396,4095,n6,light
3046398,4095,n6,light
3046400,4095,n6,light
3046402,4095,n6,light
3046404,4095,n6,light
3046406,4095,n6,light
3046408,4095,n6,light
3046410,4095,n6,light
3046412,4095,n6,light
3046414,4095,n6,light
3046416,4095,n6,light
3046418,4095,n6,light
3046420,4095,n6,light
3046422,4095,n6,light
3046424,4095,n6,light
3046426,4049,n6,light
3046428,4046,n6,light
3046430,4026,n6,light
3046432,3883,n6,light
3046434,3612,n6,light
3046436,3422,n6,light
3046438,3220,n6,light
3046440,3024,n6,light
3046442,2895,n6,light
3046444,2768,n6,light
3046446,2659,n6,light
3046448,2558,n6,light
3046450,2478,n6,light
3046452,2397,n6,light
3046454,2320,n6,light
3046456,2259,n6,light
3046458,2205,n6,light
3046460,2153,n6,light
3046462,2100,n6,light
3046464,2042,n6,light
3046466,2018,n6,light
3046468,1979,n6,light
3046470,1939,n6,light
3046472,1888,n6,light
3046474,1857,n6,light
3046476,1825,n6,light
3046478,1798,n6,light
3046480,1755,n6,light
3046482,1730,n6,light
3046484,1703,n6,light
3046486,1680,n6,light
3046488,1680,n6,light
3046490,1680,n6,light
3046492,1719,n6,light
3046494,1686,n6,light
3046496,1665,n6,light
3046498,1643,n6,light
3046500,1613,n6,light
3046502,1597,n6,light
3046504,1572,n6,light
3046506,1555,n6,light
3046508,1534,n6,light
3046510,1507,n6,light
3046512,1455,n6,light
3046514,1391,n6,light
3046516,1360,n6,light
3046518,1389,n6,light
3046520,1521,n6,light
3046522,1698,n6,light
3046524,1793,n6,light
3046526,1023,n6,light
3046528,464,n6,light
3046530,527,n6,light
3046532,467,n6,light
3046534,400,n6,light
3046536,400,n6,light
3046538,452,n6,light
3046540,411,n6,light
3046542,400,n6,light
3046544,401,n6,light
3046546,384,n6,light
3046548,368,n6,light
3046550,351,n6,light
3046552,333,n6,light
3046554,318,n6,light
3046556,304,n6,light
3046558,306,n6,light
3046560,354,n6,light
3046562,347,n6,light
3046564,358,n6,light
3046566,353,n6,light
3046568,350,n6,light
3046570,346,n6,light
3046572,323,n6,light
3046574,307,n6,light
3046576,311,n6,light
3046578,310,n6,light
3046580,293,n6,light
3046582,286,n6,light
3046584,272,n6,light
3046586,262,n6,light
3046588,246,n6,light
3046590,234,n6,light
3046592,229,n6,light
3046594,243,n6,light
3046596,237,n6,light
3046598,256,n6,light
3046600,258,n6,light
3046602,256,n6,light
3046604,241,n6,light
3046606,228,n6,light
3046608,218,n6,light
3046610,206,n6,light
3046612,194,n6,light
3046614,185,n6,light
3046616,176,n6,light
3046618,176,n6,light
3046620,173,n6,light
3046622,170,n6,light
3046624,172,n6,light
3046626,171,n6,light
3046628,172,n6,light
3046630,173,n6,light
3046632,178,n6,light
3046634,191,n6,light
3046636,193,n6,light
3046638,191,n6,light
3046640,179,n6,light
3046642,181,n6,light
3046644,176,n6,light
3046646,174,n6,light
3046648,176,n6,light
3046650,175,n6,light
3046652,169,n6,light
3046654,165,n6,light
3046656,176,n6,light
3046658,175,n6,light
3046660,204,n6,light
3046662,202,n6,light
3046664,253,n6,light
3046666,260,n6,light
3046668,250,n6,light
3046670,241,n6,light
3046672,225,n6,light
3046674,208,n6,light
3046676,199,n6,light
3046678,190,n6,light
3046680,175,n6,light
3046682,166,n6,light
3046684,154,n6,light
3046686,146,n6,light
3046688,138,n6,light
3046690,128,n6,light
3046692,125,n6,light
3046694,114,n6,light
3046696,112,n6,light
3046698,101,n6,light
3046700,98,n6,light
3046702,92,n6,light
3046704,86,n6,light
3046706,83,n6,light
3046708,80,n6,light
3046710,78,n6,light
3046712,70,n6,light
3046714,77,n6,light
3046716,82,n6,light
3046718,81,n6,light
3046720,71,n6,light
3046722,97,n6,light
3046724,128,n6,light
3046726,135,n6,light
3046728,145,n6,light
3046730,143,n6,light
3046732,134,n6,light
3046734,128,n6,light
3046736,117,n6,light
3046738,123,n6,light
3046740,120,n6,light
3046742,113,n6,light
3046744,127,n6,light
3046746,125,n6,light
3046748,136,n6,light
3046750,140,n6,light
3046752,179,n6,light
3046754,194,n6,light
3046756,183,n6,light
3046758,179,n6,light
3046760,178,n6,light
3046762,165,n6,light
3046764,172,n6,light
3046766,175,n6,light
3046768,163,n6,light
3046770,149,n6,light
3046772,144,n6,light
3046774,157,n6,light
3046776,194,n6,light
3046778,208,n6,light
3046780,253,n6,light
3046782,244,n6,light
3046784,227,n6,light
3046786,219,n6,light
3046788,213,n6,light
3046790,202,n6,light
3046792,197,n6,light
3046794,186,n6,light
3046796,179,n6,light
3046798,169,n6,light
3046800,161,n6,light
3046802,166,n6,light
3046804,160,n6,light
3046806,177,n6,light
3046808,174,n6,light
3046810,169,n6,light
3046812,159,n6,light
3046814,149,n6,light
3046816,135,n6,light
3046818,128,n6,light
3046820,140,n6,light
3046822,133,n6,light
3046824,135,n6,light
3046826,128,n6,light
3046828,128,n6,light
3046830,128,n6,light
3046832,144,n6,light
3046834,157,n6,light
3046836,148,n6,light
3046838,149,n6,light
3046840,176,n6,light
3046842,175,n6,light
3046844,171,n6,light
3046846,163,n6,light
3046848,155,n6,light
3046850,144,n6,light
3046852,133,n6,light
3046854,124,n6,light
3046856,119,n6,light
3046858,119,n6,light
3046860,112,n6,light
3046862,102,n6,light
3046864,107,n6,light
3046866,132,n6,light
3046868,118,n6,light
3046870,118,n6,light
3046872,111,n6,light
3046874,98,n6,light
3046876,87,n6,light
3046878,81,n6,light
3046880,79,n6,light
3046882,71,n6,light
3046884,75,n6,light
3046886,75,n6,light
3046888,83,n6,light
3046890,112,n6,light
3046892,133,n6,light
3046894,129,n6,light
3046896,127,n6,light
3046898,130,n6,light
3046900,128,n6,light
3046902,129,n6,light
3046904,151,n6,light
3046906,157,n6,light
3046908,163,n6,light
3046910,176,n6,light
3046912,183,n6,light
3046914,185,n6,light
3046916,214,n6,light
3046918,241,n6,light
3046920,271,n6,light
3046922,294,n6,light
3046924,285,n6,light
3046926,265,n6,light
3046928,256,n6,light
3046930,240,n6,light
3046932,238,n6,light
3046934,228,n6,light
3046936,220,n6,light
3046938,217,n6,light
3046940,203,n6,light
3046942,208,n6,light
3046944,225,n6,light
3046946,224,n6,light
3046948,262,n6,light
3046950,253,n6,light
3046952,258,n6,light
3046954,246,n6,light
3046956,247,n6,light
3046958,223,n6,light
3046960,224,n6,light
3046962,205,n6,light
3046964,196,n6,light
3046966,198,n6,light
3046968,176,n6,light
3046970,171,n6,light
3046972,160,n6,light
3046974,160,n6,light
3046976,176,n6,light
3046978,175,n6,light
3046980,169,n6,light
3046982,192,n6,light
3046984,171,n6,light
3046986,186,n6,light
3046988,157,n6,light
3046990,158,n6,light
3046992,156,n6,light
3046994,164,n6,light
3046996,173,n6,light
3046998,173,n6,light
3047000,188,n6,light
3047002,181,n6,light
3047004,199,n6,light
3047006,195,n6,light
3047008,179,n6,light
3047010,209,n6,light
3047012,223,n6,light
3047014,210,n6,light
3047016,224,n6,light
3047018,238,n6,light
3047020,272,n6,light
3047022,283,n6,light
3047024,263,n6,light
3047026,254,n6,light
3047028,237,n6,light
3047030,225,n6,light
3047032,208,n6,light
3047034,204,n6,light
3047036,189,n6,light
3047038,176,n6,light
3047040,167,n6,light
3047042,151,n6,light
3047044,155,n6,light
3047046,176,n6,light
3047048,169,n6,light
3047050,178,n6,light
3047052,182,n6,light
3047054,180,n6,light
3047056,176,n6,light
3047058,171,n6,light
3047060,159,n6,light
3047062,149,n6,light
3047064,171,n6,light
3047066,198,n6,light
3047068,193,n6,light
3047070,224,n6,light
3047072,231,n6,light
3047074,234,n6,light
3047076,231,n6,light
3047078,234,n6,light
3047080,225,n6,light
3047082,203,n6,light
3047084,194,n6,light
3047086,202,n6,light
3047088,240,n6,light
3047090,242,n6,light
3047092,253,n6,light
3047094,245,n6,light
3047096,238,n6,light
3047098,230,n6,light
3047100,225,n6,light
3047102,213,n6,light
3047104,209,n6,light
3047106,208,n6,light
3047108,197,n6,light
3047110,184,n6,light
3047112,173,n6,light
3047114,159,n6,light
3047116,151,n6,light
3047118,153,n6,light
3047120,144,n6,light
3047122,150,n6,light
3047124,183,n6,light
3047126,192,n6,light
3047128,234,n6,light
3047130,237,n6,light
3047132,241,n6,light
3047134,233,n6,light
3047136,210,n6,light
3047138,205,n6,light
3047140,187,n6,light
3047142,176,n6,light
3047144,169,n6,light
3047146,160,n6,light
3047148,173,n6,light
3047150,181,n6,light
3047152,179,n6,light
3047154,179,n6,light
3047156,178,n6,light
3047158,182,n6,light
3047160,188,n6,light
3047162,179,n6,light
3047164,162,n6,light
3047166,146,n6,light
3047168,138,n6,light
3047170,133,n6,light
3047172,122,n6,light
3047174,112,n6,light
3047176,107,n6,light
3047178,98,n6,light
3047180,90,n6,light
3047182,94,n6,light
3047184,142,n6,light
3047186,144,n6,light
3047188,208,n6,light
3047190,208,n6,light
3047192,209,n6,light
3047194,193,n6,light
3047196,205,n6,light
3047198,187,n6,light
3047200,174,n6,light
3047202,160,n6,light
3047204,151,n6,light
3047206,144,n6,light
3047208,138,n6,light
3047210,128,n6,light
3047212,128,n6,light
3047214,171,n6,light
3047216,367,n6,light
3047218,414,n6,light
3047220,349,n6,light
3047222,258,n6,light
3047224,208,n6,light
3047226,176,n6,light
3047228,189,n6,light
3047230,139,n6,light
3047232,149,n6,light
3047234,180,n6,light
3047236,326,n6,light
3047238,262,n6,light
3047240,148,n6,light
3047242,132,n6,light
3047244,130,n6,light
3047246,135,n6,light
3047248,141,n6,light
3047250,149,n6,light
3047252,148,n6,light
3047254,144,n6,light
3047256,140,n6,light
3047258,134,n6,light
3047260,146,n6,light
3047262,150,n6,light
3047264,153,n6,light
3047266,147,n6,light
3047268,145,n6,light
3047270,144,n6,light
3047272,131,n6,light
3047274,123,n6,light
3047276,112,n6,light
3047278,106,n6,light
3047280,98,n6,light
3047282,92,n6,light
3047284,102,n6,light
3047286,106,n6,light
3047288,107,n6,light
3047290,109,n6,light
3047292,103,n6,light
3047294,115,n6,light
3047296,114,n6,light
3047298,139,n6,light
3047300,145,n6,light
3047302,160,n6,light
3047304,151,n6,light
3047306,144,n6,light
3047308,141,n6,light
3047310,150,n6,light
3047312,137,n6,light
3047314,131,n6,light
3047316,176,n6,light
3047318,217,n6,light
3047320,283,n6,light
3047322,368,n6,light
3047324,321,n6,light
3047326,414,n6,light
3047328,400,n6,light
3047330,334,n6,light
3047332,305,n6,light
3047334,326,n6,light
3047336,315,n6,light
3047338,292,n6,light
3047340,291,n6,light
3047342,275,n6,light
3047344,269,n6,light
3047346,249,n6,light
3047348,263,n6,light
3047350,299,n6,light
3047352,298,n6,light
3047354,272,n6,light
3047356,204,n6,light
3047358,198,n6,light
3047360,192,n6,light
3047362,199,n6,light
3047364,179,n6,light
3047366,175,n6,light
3047368,166,n6,light
3047370,147,n6,light
3047372,149,n6,light
3047374,135,n6,light
3047376,137,n6,light
3047378,134,n6,light
3047380,139,n6,light
3047382,175,n6,light
3047384,176,n6,light
3047386,182,n6,light
3047388,188,n6,light
3047390,227,n6,light
3047392,235,n6,light
3047394,259,n6,light
3047396,256,n6,light
3047398,257,n6,light
3047400,258,n6,light
3047402,244,n6,light
3047404,234,n6,light
3047406,213,n6,light
3047408,206,n6,light
3047410,191,n6,light
3047412,183,n6,light
3047414,169,n6,light
3047416,160,n6,light
3047418,148,n6,light
3047420,144,n6,light
3047422,142,n6,light
3047424,166,n6,light
3047426,196,n6,light
3047428,208,n6,light
3047430,240,n6,light
3047432,230,n6,light
3047434,222,n6,light
3047436,215,n6,light
3047438,203,n6,light
3047440,192,n6,light
3047442,179,n6,light
3047444,176,n6,light
3047446,194,n6,light
3047448,189,n6,light
3047450,206,n6,light
3047452,208,n6,light
3047454,202,n6,light
3047456,196,n6,light
3047458,187,n6,light
3047460,178,n6,light
3047462,176,n6,light
3047464,176,n6,light
3047466,177,n6,light
3047468,190,n6,light
3047470,176,n6,light
3047472,170,n6,light
3047474,157,n6,light
3047476,149,n6,light
3047478,158,n6,light
3047480,176,n6,light
3047482,173,n6,light
3047484,202,n6,light
3047486,212,n6,light
3047488,203,n6,light
3047490,212,n6,light
3047492,208,n6,light
3047494,193,n6,light
3047496,187,n6,light
3047498,176,n6,light
3047500,171,n6,light
3047502,160,n6,light
3047504,158,n6,light
3047506,170,n6,light
3047508,211,n6,light
3047510,237,n6,light
3047512,250,n6,light
3047514,240,n6,light
3047516,231,n6,light
3047518,216,n6,light
3047520,202,n6,light
3047522,188,n6,light
3047524,178,n6,light
3047526,168,n6,light
3047528,155,n6,light
3047530,144,n6,light
3047532,138,n6,light
3047534,131,n6,light
3047536,136,n6,light
3047538,145,n6,light
3047540,148,n6,light
3047542,146,n6,light
3047544,151,n6,light
3047546,160,n6,light
3047548,165,n6,light
3047550,157,n6,light
3047552,145,n6,light
3047554,144,n6,light
3047556,138,n6,light
3047558,132,n6,light
3047560,127,n6,light
3047562,119,n6,light
3047564,112,n6,light
3047566,103,n6,light
3047568,110,n6,light
3047570,172,n6,light
3047572,192,n6,light
3047574,283,n6,light
3047576,321,n6,light
3047578,318,n6,light
3047580,302,n6,light
3047582,287,n6,light
3047584,271,n6,light
3047586,253,n6,light
3047588,240,n6,light
3047590,227,n6,light
3047592,213,n6,light
3047594,207,n6,light
3047596,192,n6,light
3047598,176,n6,light
3047600,166,n6,light
3047602,159,n6,light
3047604,144,n6,light
3047606,139,n6,light
3047608,128,n6,light
3047610,125,n6,light
3047612,167,n6,light
3047614,188,n6,light
3047616,219,n6,light
3047618,256,n6,light
3047620,249,n6,light
3047622,242,n6,light
3047624,237,n6,light
3047626,222,n6,light
3047628,208,n6,light
3047630,192,n6,light
3047632,193,n6,light
3047634,177,n6,light
3047636,171,n6,light
3047638,170,n6,light
3047640,177,n6,light
3047642,167,n6,light
3047644,174,n6,light
3047646,164,n6,light
3047648,154,n6,light
3047650,146,n6,light
3047652,159,n6,light
3047654,162,n6,light
3047656,157,n6,light
3047658,158,n6,light
3047660,159,n6,light
3047662,154,n6,light
3047664,151,n6,light
3047666,144,n6,light
3047668,153,n6,light
3047670,206,n6,light
3047672,223,n6,light
3047674,289,n6,light
3047676,309,n6,light
3047678,305,n6,light
3047680,294,n6,light
3047682,282,n6,light
3047684,263,n6,light
3047686,257,n6,light
3047688,249,n6,light
3047690,240,n6,light
3047692,231,n6,light
3047694,224,n6,light
3047696,212,n6,light
3047698,198,n6,light
3047700,192,n6,light
3047702,183,n6,light
3047704,177,n6,light
3047706,176,n6,light
3047708,169,n6,light
3047710,170,n6,light
3047712,160,n6,light
3047714,165,n6,light
3047716,157,n6,light
3047718,145,n6,light
3047720,144,n6,light
3047722,147,n6,light
3047724,142,n6,light
3047726,146,n6,light
3047728,142,n6,light
3047730,133,n6,light
3047732,142,n6,light
3047734,144,n6,light
3047736,178,n6,light
3047738,187,n6,light
3047740,213,n6,light
3047742,215,n6,light
3047744,208,n6,light
3047746,197,n6,light
3047748,194,n6,light
3047750,184,n6,light
3047752,187,n6,light
3047754,177,n6,light
3047756,174,n6,light
3047758,167,n6,light
3047760,158,n6,light
3047762,144,n6,light
3047764,144,n6,light
3047766,150,n6,light
3047768,148,n6,light
3047770,149,n6,light
3047772,144,n6,light
3047774,139,n6,light
3047776,128,n6,light
3047778,128,n6,light
3047780,123,n6,light
3047782,112,n6,light
3047784,103,n6,light
3047786,100,n6,light
3047788,89,n6,light
3047790,85,n6,light
3047792,83,n6,light
3047794,86,n6,light
3047796,101,n6,light
3047798,98,n6,light
3047800,87,n6,light
3047802,82,n6,light
3047804,96,n6,light
3047806,97,n6,light
3047808,117,n6,light
3047810,122,n6,light
3047812,117,n6,light
3047814,112,n6,light
3047816,101,n6,light
3047818,100,n6,light
3047820,107,n6,light
3047822,120,n6,light
3047824,124,n6,light
3047826,141,n6,light
3047828,132,n6,light
3047830,128,n6,light
3047832,122,n6,light
3047834,133,n6,light
3047836,139,n6,light
3047838,142,n6,light
3047840,146,n6,light
3047842,144,n6,light
3047844,144,n6,light
3047846,130,n6,light
3047848,128,n6,light
3047850,123,n6,light
3047852,128,n6,light
3047854,140,n6,light
3047856,135,n6,light
3047858,144,n6,light
3047860,140,n6,light
3047862,137,n6,light
3047864,146,n6,light
3047866,158,n6,light
3047868,158,n6,light
3047870,159,n6,light
3047872,198,n6,light
3047874,202,n6,light
3047876,208,n6,light
3047878,203,n6,light
3047880,192,n6,light
3047882,192,n6,light
3047884,188,n6,light
3047886,176,n6,light
3047888,169,n6,light
3047890,158,n6,light
3047892,149,n6,light
3047894,142,n6,light
3047896,130,n6,light
3047898,118,n6,light
3047900,116,n6,light
3047902,116,n6,light
3047904,128,n6,light
3047906,125,n6,light
3047908,122,n6,light
3047910,122,n6,light
3047912,129,n6,light
3047914,128,n6,light
3047916,146,n6,light
3047918,143,n6,light
3047920,167,n6,light
3047922,240,n6,light
3047924,253,n6,light
3047926,318,n6,light
3047928,346,n6,light
3047930,330,n6,light
3047932,310,n6,light
3047934,293,n6,light
3047936,278,n6,light
3047938,267,n6,light
3047940,255,n6,light
3047942,254,n6,light
3047944,241,n6,light
3047946,235,n6,light
3047948,223,n6,light
3047950,211,n6,light
3047952,206,n6,light
3047954,193,n6,light
3047956,183,n6,light
3047958,176,n6,light
3047960,176,n6,light
3047962,170,n6,light
3047964,191,n6,light
3047966,231,n6,light
3047968,257,n6,light
3047970,294,n6,light
3056988,426,n6,light
3056990,403,n6,light
3056992,402,n6,light
3056994,400,n6,light
3056996,399,n6,light
3056998,418,n6,light
3057000,496,n6,light
3057002,525,n6,light
3057004,584,n6,light
3057006,564,n6,light
3057008,595,n6,light
3057010,597,n6,light
3057012,587,n6,light
3057014,566,n6,light
3057016,542,n6,light
3057018,529,n6,light
3057020,582,n6,light
3057022,571,n6,light
3057024,566,n6,light
3057026,569,n6,light
3057028,592,n6,light
3057030,599,n6,light
3057032,582,n6,light
3057034,561,n6,light
3057036,542,n6,light
3057038,609,n6,light
3057040,623,n6,light
3057042,694,n6,light
3057044,689,n6,light
3057046,658,n6,light
3057048,627,n6,light
3057050,614,n6,light
3057052,606,n6,light
3057054,590,n6,light
3057056,561,n6,light
3057058,538,n6,light
3057060,509,n6,light
3057062,503,n6,light
3057064,499,n6,light
3057066,491,n6,light
3057068,486,n6,light
3057070,478,n6,light
3057072,511,n6,light
3057074,670,n6,light
3057076,725,n6,light
3057078,892,n6,light
3057080,870,n6,light
3057082,876,n6,light
3057084,867,n6,light
3057086,985,n6,light
3057088,1006,n6,light
3057090,1088,n6,light
3057092,1067,n6,light
3057094,1035,n6,light
3057096,1014,n6,light
3057098,993,n6,light
3057100,970,n6,light
3057102,981,n6,light
3057104,954,n6,light
3057106,944,n6,light
3057108,937,n6,light
3057110,973,n6,light
3057112,955,n6,light
3057114,1021,n6,light
3057116,1093,n6,light
3057118,1104,n6,light
3057120,1173,n6,light
3057122,1152,n6,light
3057124,1113,n6,light
3057126,1073,n6,light
3057128,1056,n6,light
3057130,1011,n6,light
3057132,963,n6,light
3057134,964,n6,light
3057136,930,n6,light
3057138,975,n6,light
3057140,955,n6,light
3057142,913,n6,light
3057144,898,n6,light
3057146,865,n6,light
3057148,846,n6,light
3057150,833,n6,light
3057152,806,n6,light
3057154,790,n6,light
3057156,757,n6,light
3057158,722,n6,light
3057160,742,n6,light
3057162,881,n6,light
3057164,976,n6,light
3057166,1022,n6,light
3057168,1088,n6,light
3057170,1136,n6,light
3057172,1163,n6,light
3057174,1127,n6,light
3057176,1135,n6,light
3057178,1114,n6,light
3057180,1073,n6,light
3057182,1045,n6,light
3057184,1013,n6,light
3057186,977,n6,light
3057188,965,n6,light
3057190,938,n6,light
3057192,976,n6,light
3057194,974,n6,light
3057196,1011,n6,light
3057198,982,n6,light
3057200,973,n6,light
3057202,1004,n6,light
3057204,1011,n6,light
3057206,1089,n6,light
3057208,1051,n6,light
3057210,1018,n6,light
3057212,1008,n6,light
3057214,983,n6,light
3057216,981,n6,light
3057218,955,n6,light
3057220,915,n6,light
3057222,880,n6,light
3057224,842,n6,light
3057226,813,n6,light
3057228,787,n6,light
3057230,752,n6,light
3057232,721,n6,light
3057234,732,n6,light
3057236,721,n6,light
3057238,701,n6,light
3057240,679,n6,light
3057242,654,n6,light
3057244,614,n6,light
3057246,602,n6,light
3057248,576,n6,light
3057250,563,n6,light
3057252,602,n6,light
3057254,602,n6,light
3057256,613,n6,light
3057258,655,n6,light
3057260,656,n6,light
3057262,784,n6,light
3057264,802,n6,light
3057266,779,n6,light
3057268,760,n6,light
3057270,751,n6,light
3057272,733,n6,light
3057274,722,n6,light
3057276,710,n6,light
3057278,674,n6,light
3057280,643,n6,light
3057282,637,n6,light
3057284,609,n6,light
3057286,599,n6,light
3057288,657,n6,light
3057290,656,n6,light
3057292,698,n6,light
3057294,709,n6,light
3057296,719,n6,light
3057298,747,n6,light
3057300,739,n6,light
3057302,758,n6,light
3057304,775,n6,light
3057306,762,n6,light
3057308,784,n6,light
3057310,753,n6,light
3057312,727,n6,light
3057314,709,n6,light
3057316,691,n6,light
3057318,683,n6,light
3057320,656,n6,light
3057322,637,n6,light
3057324,631,n6,light
3057326,611,n6,light
3057328,629,n6,light
3057330,668,n6,light
3057332,816,n6,light
3057334,849,n6,light
3057336,925,n6,light
3057338,916,n6,light
3057340,921,n6,light
3057342,912,n6,light
3057344,898,n6,light
3057346,866,n6,light
3057348,837,n6,light
3057350,878,n6,light
3057352,902,n6,light
3057354,903,n6,light
3057356,879,n6,light
3057358,841,n6,light
3057360,809,n6,light
3057362,770,n6,light
3057364,773,n6,light
3057366,763,n6,light
3057368,766,n6,light
3057370,731,n6,light
3057372,710,n6,light
3057374,745,n6,light
3057376,727,n6,light
3057378,699,n6,light
3057380,665,n6,light
3057382,649,n6,light
3057384,656,n6,light
3057386,631,n6,light
3057388,653,n6,light
3057390,646,n6,light
3057392,636,n6,light
3057394,654,n6,light
3057396,677,n6,light
3057398,663,n6,light
3057400,639,n6,light
3057402,608,n6,light
3057404,581,n6,light
3057406,589,n6,light
3057408,571,n6,light
3057410,563,n6,light
3057412,570,n6,light
3057414,635,n6,light
3057416,624,n6,light
3057418,623,n6,light
3057420,599,n6,light
3057422,606,n6,light
3057424,602,n6,light
3057426,592,n6,light
3057428,581,n6,light
3057430,572,n6,light
3057432,550,n6,light
3057434,549,n6,light
3057436,529,n6,light
3057438,507,n6,light
3057440,498,n6,light
3057442,494,n6,light
3057444,479,n6,light
3057446,458,n6,light
3057448,439,n6,light
3057450,422,n6,light
3057452,401,n6,light
3057454,387,n6,light
3057456,403,n6,light
3057458,442,n6,light
3057460,458,n6,light
3057462,496,n6,light
3057464,508,n6,light
3057466,478,n6,light
3057468,464,n6,light
3057470,464,n6,light
3057472,448,n6,light
3057474,449,n6,light
3057476,463,n6,light
3057478,459,n6,light
3057480,511,n6,light
3057482,529,n6,light
3057484,592,n6,light
3057486,576,n6,light
3057488,560,n6,light
3057490,554,n6,light
3057492,531,n6,light
3057494,537,n6,light
3057496,533,n6,light
3057498,529,n6,light
3057500,511,n6,light
3057502,528,n6,light
3057504,511,n6,light
3057506,505,n6,light
3057508,528,n6,light
3057510,530,n6,light
3057512,549,n6,light
3057514,553,n6,light
3057516,538,n6,light
3057518,506,n6,light
3057520,495,n6,light
3057522,496,n6,light
3057524,482,n6,light
3057526,457,n6,light
3057528,439,n6,light
3057530,426,n6,light
3057532,411,n6,light
3057534,402,n6,light
3057536,382,n6,light
3057538,411,n6,light
3057540,437,n6,light
3057542,438,n6,light
3057544,503,n6,light
3057546,526,n6,light
3057548,530,n6,light
3057550,525,n6,light
3057552,496,n6,light
3057554,467,n6,light
3057556,464,n6,light
3057558,446,n6,light
3057560,448,n6,light
3057562,463,n6,light
3057564,491,n6,light
3057566,557,n6,light
3057568,617,n6,light
3057570,624,n6,light
3057572,615,n6,light
3057574,624,n6,light
3057576,601,n6,light
3057578,577,n6,light
3057580,560,n6,light
3057582,550,n6,light
3057584,560,n6,light
3057586,538,n6,light
3057588,508,n6,light
3057590,483,n6,light
3057592,465,n6,light
3057594,448,n6,light
3057596,430,n6,light
3057598,410,n6,light
3057600,391,n6,light
3057602,371,n6,light
3057604,361,n6,light
3057606,346,n6,light
3057608,339,n6,light
3057610,337,n6,light
3057612,325,n6,light
3057614,309,n6,light
3057616,295,n6,light
3057618,273,n6,light
3057620,266,n6,light
3057622,304,n6,light
3057624,348,n6,light
3057626,423,n6,light
3057628,431,n6,light
3057630,414,n6,light
3057632,407,n6,light
3057634,403,n6,light
3057636,420,n6,light
3057638,414,n6,light
3057640,458,n6,light
3057642,489,n6,light
3057644,496,n6,light
3057646,574,n6,light
3057648,601,n6,light
3057650,669,n6,light
3057652,671,n6,light
3057654,653,n6,light
3057656,641,n6,light
3057658,635,n6,light
3057660,659,n6,light
3057662,657,n6,light
3057664,635,n6,light
3057666,603,n6,light
3057668,579,n6,light
3057670,596,n6,light
3057672,601,n6,light
3057674,645,n6,light
3057676,661,n6,light
3057678,699,n6,light
3057680,759,n6,light
3057682,740,n6,light
3057684,779,n6,light
3057686,795,n6,light
3057688,787,n6,light
3057690,764,n6,light
3057692,769,n6,light
3057694,736,n6,light
3057696,739,n6,light
3057698,767,n6,light
3057700,736,n6,light
3057702,722,n6,light
3057704,774,n6,light
3057706,818,n6,light
3057708,807,n6,light
3057710,822,n6,light
3057712,864,n6,light
3057714,848,n6,light
3057716,817,n6,light
3057718,814,n6,light
3057720,810,n6,light
3057722,811,n6,light
3057724,837,n6,light
3057726,869,n6,light
3057728,843,n6,light
3057730,802,n6,light
3057732,764,n6,light
3057734,735,n6,light
3057736,718,n6,light
3057738,702,n6,light
3057740,682,n6,light
3057742,662,n6,light
3057744,654,n6,light
3057746,643,n6,light
3057748,623,n6,light
3057750,607,n6,light
3057752,578,n6,light
3057754,553,n6,light
3057756,534,n6,light
3057758,508,n6,light
3057760,499,n6,light
3057762,503,n6,light
3057764,529,n6,light
3057766,535,n6,light
3057768,503,n6,light
3057770,490,n6,light
3057772,473,n6,light
3057774,459,n6,light
3057776,499,n6,light
3057778,528,n6,light
3057780,624,n6,light
3057782,616,n6,light
3057784,590,n6,light
3057786,563,n6,light
3057788,560,n6,light
3057790,539,n6,light
3057792,525,n6,light
3057794,561,n6,light
3057796,637,n6,light
3057798,662,n6,light
3057800,656,n6,light
3057802,714,n6,light
3057804,739,n6,light
3057806,718,n6,light
3057808,762,n6,light
3057810,778,n6,light
3057812,818,n6,light
3057814,822,n6,light
3057816,805,n6,light
3057818,784,n6,light
3057820,751,n6,light
3057822,759,n6,light
3057824,764,n6,light
3057826,784,n6,light
3057828,755,n6,light
3057830,787,n6,light
3057832,772,n6,light
3057834,751,n6,light
3057836,736,n6,light
3057838,687,n6,light
3057840,675,n6,light
3057842,653,n6,light
3057844,616,n6,light
3057846,590,n6,light
3057848,575,n6,light
3057850,549,n6,light
3057852,530,n6,light
3057854,507,n6,light
3057856,510,n6,light
3057858,483,n6,light
3057860,495,n6,light
3057862,472,n6,light
3057864,481,n6,light
3057866,457,n6,light
3057868,438,n6,light
3057870,417,n6,light
3057872,416,n6,light
3057874,395,n6,light
3057876,385,n6,light
3057878,390,n6,light
3057880,381,n6,light
3057882,407,n6,light
3057884,463,n6,light
3057886,490,n6,light
3057888,465,n6,light
3057890,459,n6,light
3057892,442,n6,light
3057894,511,n6,light
3057896,556,n6,light
3057898,609,n6,light
3057900,607,n6,light
3057902,651,n6,light
3057904,665,n6,light
3057906,656,n6,light
3057908,631,n6,light
3057910,630,n6,light
3057912,596,n6,light
3057914,610,n6,light
3057916,624,n6,light
3057918,675,n6,light
3057920,686,n6,light
3057922,683,n6,light
3057924,649,n6,light
3057926,619,n6,light
3057928,589,n6,light
3057930,560,n6,light
3057932,566,n6,light
3057934,557,n6,light
3057936,575,n6,light
3057938,559,n6,light
3057940,535,n6,light
3057942,511,n6,light
3057944,496,n6,light
3057946,471,n6,light
3057948,463,n6,light
3057950,464,n6,light
3057952,463,n6,light
3057954,459,n6,light
3057956,441,n6,light
3057958,423,n6,light
3057960,401,n6,light
3057962,381,n6,light
3057964,363,n6,light
3057966,400,n6,light
3057968,412,n6,light
3057970,402,n6,light
3057972,399,n6,light
3057974,385,n6,light
3057976,382,n6,light
3057978,384,n6,light
3057980,386,n6,light
3057982,384,n6,light
3057984,375,n6,light
3057986,381,n6,light
3057988,370,n6,light
3057990,395,n6,light
3057992,377,n6,light
3057994,388,n6,light
3057996,449,n6,light
3057998,486,n6,light
3058000,511,n6,light
3058002,501,n6,light
3058004,496,n6,light
3058006,492,n6,light
3058008,479,n6,light
3058010,511,n6,light
3058012,498,n6,light
3058014,474,n6,light
3058016,469,n6,light
3058018,454,n6,light
3058020,432,n6,light
3058022,415,n6,light
3058024,417,n6,light
3058026,399,n6,light
3058028,387,n6,light
3058030,370,n6,light
3058032,362,n6,light
3058034,400,n6,light
3058036,406,n6,light
3058038,509,n6,light
3058040,499,n6,light
3058042,528,n6,light
3058044,499,n6,light
3058046,476,n6,light
3058048,452,n6,light
3058050,432,n6,light
3058052,410,n6,light
3058054,395,n6,light
3058056,423,n6,light
3058058,450,n6,light
3058060,464,n6,light
3058062,493,n6,light
3058064,475,n6,light
3058066,470,n6,light
3058068,460,n6,light
3058070,487,n6,light
3058072,509,n6,light
3058074,506,n6,light
3058076,510,n6,light
3058078,501,n6,light
3058080,499,n6,light
3058082,477,n6,light
3058084,458,n6,light
3058086,437,n6,light
3058088,438,n6,light
3058090,439,n6,light
3058092,455,n6,light
3058094,440,n6,light
3058096,434,n6,light
3058098,430,n6,light
3058100,411,n6,light
3058102,425,n6,light
3058104,426,n6,light
3058106,432,n6,light
3058108,414,n6,light
3058110,400,n6,light
3058112,395,n6,light
3058114,377,n6,light
3058116,359,n6,light
3058118,345,n6,light
3058120,327,n6,light
3058122,311,n6,light
3058124,292,n6,light
3058126,281,n6,light
3058128,266,n6,light
3058130,347,n6,light
3058132,420,n6,light
3058134,476,n6,light
3058136,478,n6,light
3058138,506,n6,light
3058140,497,n6,light
3058142,475,n6,light
3058144,448,n6,light
3058146,433,n6,light
3058148,412,n6,light
3058150,410,n6,light
3058152,395,n6,light
3058154,373,n6,light
3058156,369,n6,light
3058158,370,n6,light
3058160,451,n6,light
3058162,562,n6,light
3058164,672,n6,light
3058166,741,n6,light
3058168,726,n6,light
3058170,699,n6,light
3058172,667,n6,light
3058174,638,n6,light
3058176,607,n6,light
3058178,577,n6,light
3058180,557,n6,light
3058182,525,n6,light
3058184,494,n6,light
3058186,467,n6,light
3058188,446,n6,light
3058190,426,n6,light
3058192,400,n6,light
3058194,388,n6,light
3058196,371,n6,light
3058198,358,n6,light
3058200,357,n6,light
3058202,343,n6,light
3058204,356,n6,light
3058206,352,n6,light
3058208,356,n6,light
3058210,336,n6,light
3058212,323,n6,light
3058214,310,n6,light
3058216,298,n6,light
3058218,281,n6,light
3058220,282,n6,light
3058222,299,n6,light
3058224,342,n6,light
3058226,354,n6,light
3058228,355,n6,light
3058230,381,n6,light
3058232,411,n6,light
3058234,424,n6,light
3058236,413,n6,light
3058238,395,n6,light
3058240,385,n6,light
3058242,394,n6,light
3058244,389,n6,light
3058246,383,n6,light
3058248,374,n6,light
3058250,385,n6,light
3058252,375,n6,light
3058254,362,n6,light
3058256,353,n6,light
3058258,336,n6,light
3058260,331,n6,light
3058262,322,n6,light
3058264,310,n6,light
3058266,304,n6,light
3058268,304,n6,light
3058270,293,n6,light
3058272,304,n6,light
3058274,302,n6,light
3058276,347,n6,light
3058278,347,n6,light
3058280,355,n6,light
3058282,336,n6,light
3058284,325,n6,light
3058286,305,n6,light
3058288,298,n6,light
3058290,287,n6,light
3058292,308,n6,light
3058294,310,n6,light
3058296,336,n6,light
3058298,327,n6,light
3058300,317,n6,light
3058302,304,n6,light
3058304,312,n6,light
3058306,272,n6,light
3058308,246,n6,light
3058310,230,n6,light
3058312,220,n6,light
3058314,250,n6,light
3058316,270,n6,light
3058318,272,n6,light
3058320,270,n6,light
3058322,259,n6,light
3058324,267,n6,light
3058326,295,n6,light
3058328,299,n6,light
3058330,295,n6,light
3058332,323,n6,light
3058334,355,n6,light
3058336,359,n6,light
3058338,349,n6,light
3058340,325,n6,light
3058342,321,n6,light
3058344,366,n6,light
3058346,367,n6,light
3058348,361,n6,light
3058350,345,n6,light
3058352,346,n6,light
3058354,348,n6,light
3058356,335,n6,light
3058358,318,n6,light
3058360,311,n6,light
3058362,291,n6,light
3058364,279,n6,light
3058366,283,n6,light
3058368,266,n6,light
3058370,249,n6,light
3058372,253,n6,light
3058374,231,n6,light
3058376,268,n6,light
3058378,274,n6,light
3058380,304,n6,light
3058382,302,n6,light
3058384,287,n6,light
3058386,273,n6,light
3058388,260,n6,light
3058390,271,n6,light
3058392,262,n6,light
3058394,288,n6,light
3058396,293,n6,light
3058398,277,n6,light
3058400,269,n6,light
3058402,267,n6,light
3058404,257,n6,light
3058406,242,n6,light
3058408,231,n6,light
3058410,263,n6,light
3058412,303,n6,light
3058414,350,n6,light
3058416,374,n6,light
3058418,347,n6,light
3058420,328,n6,light
3058422,318,n6,light
3058424,295,n6,light
3058426,282,n6,light
3058428,271,n6,light
3058430,249,n6,light
3058432,259,n6,light
3058434,285,n6,light
3058436,299,n6,light
3058438,311,n6,light
3058440,304,n6,light
3058442,307,n6,light
3058444,346,n6,light
3058446,341,n6,light
3058448,365,n6,light
3058450,340,n6,light
3058452,338,n6,light
3058454,322,n6,light
3058456,336,n6,light
3058458,363,n6,light
3058460,372,n6,light
3058462,475,n6,light
3058464,737,n6,light
3058466,450,n6,light
3058468,503,n6,light
3058470,394,n6,light
3058472,240,n6,light
3058474,247,n6,light
3058476,290,n6,light
3058478,300,n6,light
3058480,303,n6,light
3058482,310,n6,light
3058484,298,n6,light
3058486,286,n6,light
3058488,323,n6,light
3058490,304,n6,light
3058492,269,n6,light
3058494,292,n6,light
3058496,359,n6,light
3058498,372,n6,light
3058500,544,n6,light
3058502,818,n6,light
3058504,410,n6,light
3058506,379,n6,light
3058508,320,n6,light
3058510,567,n6,light
3058512,749,n6,light
3058514,976,n6,light
3058516,1148,n6,light
3058518,1303,n6,light
3058520,1446,n6,light
3058522,1593,n6,light
3058524,1714,n6,light
3058526,1828,n6,light
3058528,1936,n6,light
3058530,2045,n6,light
3058532,2141,n6,light
3058534,2236,n6,light
3058536,2318,n6,light
3058538,2397,n6,light
3058540,2482,n6,light
3058542,2803,n6,light
3058544,3600,n6,light
3058546,4095,n6,light
3058548,4095,n6,light
3058550,4095,n6,light
3058552,4095,n6,light
3058554,4095,n6,light
3058556,4095,n6,light
3058558,4095,n6,light
3058560,4095,n6,light
3058562,4095,n6,light
3058564,3679,n6,light
3058566,4095,n6,light
3058568,4095,n6,light
3058570,4095,n6,light
3058572,3874,n6,light
3058574,3662,n6,light
3058576,2922,n6,light
3058578,3376,n6,light
3058580,3286,n6,light
3058582,3227,n6,light
3058584,3178,n6,light
3058586,3141,n6,light
3058588,3113,n6,light
3058590,3084,n6,light
3058592,3059,n6,light
3058594,3039,n6,light
3058596,3025,n6,light
3058598,3021,n6,light
3058600,3008,n6,light
3058602,2998,n6,light
3058604,2993,n6,light
3058606,2979,n6,light
3058608,2979,n6,light
3058610,2975,n6,light
3058612,2967,n6,light
3058614,2963,n6,light
3058616,2958,n6,light
3058618,2955,n6,light
3058620,2951,n6,light
3058622,2949,n6,light
3058624,2950,n6,light
3058626,2943,n6,light
3058628,2942,n6,light
3058630,2938,n6,light
3058632,2940,n6,light
3058634,2932,n6,light
3058636,2935,n6,light
3058638,2933,n6,light
3058640,2935,n6,light
3058642,2933,n6,light
3058644,2928,n6,light
3058646,2933,n6,light
3058648,2928,n6,light
3058650,2927,n6,light
3058652,2931,n6,light
3058654,2933,n6,light
3058656,2927,n6,light
3058658,2928,n6,light
3058660,2928,n6,light
3058662,2930,n6,light
3058664,2843,n6,light
3058666,2930,n6,light
3058668,2930,n6,light
3058670,4095,n6,light
3058672,4095,n6,light
3058674,2943,n6,light
3058676,2531,n6,light
3058678,1230,n6,light
3058680,2928,n6,light
3058682,2923,n6,light
3058684,2931,n6,light
3058686,3330,n6,light
3058688,2934,n6,light
3058690,3730,n6,light
3058692,3169,n6,light
3058694,1973,n6,light
3058696,705,n6,light
3058698,0,n6,light
3058700,157,n6,light
3058702,1086,n6,light
3058704,2249,n6,light
3058706,3408,n6,light
3058708,3199,n6,light
3058710,2191,n6,light
3058712,783,n6,light
3058714,0,n6,light
3058716,0,n6,light
3058718,503,n6,light
3058720,2699,n6,light
3058722,3615,n6,light
3058724,2941,n6,light
3058726,2946,n6,light
3058728,2946,n6,light
3058730,2948,n6,light
3058732,2947,n6,light
3058734,2943,n6,light
3058736,2947,n6,light
3058738,2947,n6,light
3058740,2947,n6,light
3058742,2953,n6,light
3058744,2946,n6,light
3058746,2950,n6,light
3058748,2953,n6,light
3058750,2953,n6,light
3058752,2951,n6,light
3058754,2955,n6,light
3058756,2956,n6,light
3058758,2953,n6,light
3058760,2956,n6,light
3058762,2955,n6,light
3058764,2960,n6,light
3058766,2960,n6,light
3058768,2962,n6,light
3058770,2960,n6,light
3058772,2960,n6,light
3058774,2962,n6,light
3058776,2961,n6,light
3058778,2960,n6,light
3058780,2970,n6,light
3058782,2966,n6,light
3058784,2961,n6,light
3058786,2959,n6,light
3058788,2962,n6,light
3058790,2967,n6,light
3058792,2961,n6,light
3058794,2967,n6,light
3058796,2969,n6,light
3058798,2947,n6,light
3058800,2971,n6,light
3058802,2967,n6,light
3058804,2978,n6,light
3058806,2971,n6,light
3058808,2971,n6,light
3058810,2973,n6,light
3058812,2855,n6,light
3058814,2971,n6,light
3058816,2979,n6,light
3058818,2976,n6,light
3058820,2979,n6,light
3058822,2979,n6,light
3058824,2977,n6,light
3058826,2979,n6,light
3058828,2975,n6,light
3058830,2978,n6,light
3058832,2982,n6,light
3058834,2983,n6,light
3058836,2982,n6,light
3058838,2977,n6,light
3058840,2983,n6,light
3058842,2980,n6,light
3058844,2982,n6,light
3058846,2985,n6,light
3058848,2985,n6,light
3058850,2983,n6,light
3058852,2986,n6,light
3058854,2985,n6,light
3058856,2985,n6,light
3058858,2992,n6,light
3058860,2989,n6,light
3058862,2990,n6,light
3058864,2992,n6,light
3058866,2993,n6,light
3058868,2992,n6,light
3058870,2992,n6,light
3058872,2992,n6,light
3058874,2991,n6,light
3058876,2998,n6,light
3058878,2994,n6,light
3058880,2995,n6,light
3058882,2995,n6,light
3058884,2997,n6,light
3058886,2997,n6,light
3058888,2993,n6,light
3058890,2998,n6,light
3058892,2992,n6,light
3058894,2995,n6,light
3058896,2996,n6,light
3058898,3003,n6,light
3058900,2998,n6,light
3058902,2997,n6,light
3058904,2996,n6,light
3058906,3003,n6,light
3058908,3003,n6,light
3058910,3010,n6,light
3058912,3007,n6,light
3058914,3005,n6,light
3058916,3011,n6,light
3058918,3003,n6,light
3058920,3002,n6,light
3058922,3007,n6,light
3058924,3015,n6,light
3058926,3018,n6,light
3058928,3003,n6,light
3058930,3012,n6,light
3058932,3009,n6,light
3058934,3007,n6,light
3058936,3014,n6,light
3058938,3013,n6,light
3058940,3009,n6,light
3058942,3015,n6,light
3058944,3015,n6,light
3058946,3024,n6,light
3058948,3008,n6,light
3058950,3017,n6,light
3058952,3010,n6,light
3058954,3021,n6,light
3058956,3018,n6,light
3058958,3021,n6,light
3058960,3012,n6,light
3058962,3018,n6,light
3058964,3019,n6,light
3058966,3015,n6,light
3058968,3024,n6,light
3058970,3027,n6,light
3058972,3024,n6,light
3058974,3021,n6,light
3058976,3023,n6,light
3058978,3021,n6,light
3058980,3024,n6,light
3058982,3018,n6,light
3058984,3024,n6,light
3058986,3026,n6,light
3058988,3025,n6,light
3058990,3026,n6,light
3058992,3025,n6,light
3058994,3029,n6,light
3058996,3028,n6,light
3058998,3031,n6,light
3059000,3023,n6,light
3059002,3031,n6,light
3059004,3025,n6,light
3059006,3036,n6,light
3059008,3030,n6,light
3059010,352,n6,light
3059012,1021,n6,light
3059014,1375,n6,light
3059016,1572,n6,light
3059018,1710,n6,light
3059020,1779,n6,light
3059022,1808,n6,light
3059024,1813,n6,light
3059026,1781,n6,light
3059028,1769,n6,light
3059030,1707,n6,light
3059032,1635,n6,light
3059034,1575,n6,light
3059036,1501,n6,light
3059038,1434,n6,light
3059040,1374,n6,light
3059042,1322,n6,light
3059044,1296,n6,light
3059046,1264,n6,light
3059048,1206,n6,light
3059050,1168,n6,light
3059052,1138,n6,light
3059054,1089,n6,light
3059056,1040,n6,light
3059058,984,n6,light
3059060,943,n6,light
3059062,915,n6,light
3059064,923,n6,light
3059066,935,n6,light
3059068,930,n6,light
3059070,887,n6,light
3059072,848,n6,light
3059074,860,n6,light
3059076,915,n6,light
3059078,911,n6,light
3059080,939,n6,light
3059082,960,n6,light
3059084,949,n6,light
3059086,912,n6,light
3059088,881,n6,light
3059090,848,n6,light
3059092,827,n6,light
3059094,811,n6,light
3059096,794,n6,light
3059098,762,n6,light
3059100,725,n6,light
3059102,736,n6,light
3059104,715,n6,light
3059106,716,n6,light
3059108,697,n6,light
3059110,661,n6,light
3059112,629,n6,light
3059114,612,n6,light
3059116,587,n6,light
3059118,592,n6,light
3059120,593,n6,light
3059122,589,n6,light
3059124,573,n6,light
3059126,543,n6,light
3059128,537,n6,light
3059130,530,n6,light
3059132,511,n6,light
3059134,496,n6,light
3059136,483,n6,light
3059138,510,n6,light
3059140,511,n6,light
3059142,548,n6,light
3059144,545,n6,light
3059146,511,n6,light
3059148,496,n6,light
3059150,473,n6,light
3059152,489,n6,light
3059154,487,n6,light
3059156,524,n6,light
3059158,499,n6,light
3059160,475,n6,light
3059162,466,n6,light
3059164,507,n6,light
3059166,548,n6,light
3059168,528,n6,light
3059170,539,n6,light
3059172,562,n6,light
3059174,553,n6,light
3059176,528,n6,light
3059178,498,n6,light
3059180,496,n6,light
3059182,478,n6,light
3059184,469,n6,light
3059186,452,n6,light
3059188,434,n6,light
3059190,412,n6,light
3059192,393,n6,light
3059194,371,n6,light
3059196,350,n6,light
3059198,334,n6,light
3059200,319,n6,light
3059202,326,n6,light
3059204,333,n6,light
3059206,343,n6,light
3059208,336,n6,light
3059210,314,n6,light
3059212,298,n6,light
3059214,281,n6,light
3059216,270,n6,light
3059218,293,n6,light
3059220,306,n6,light
3059222,322,n6,light
3059224,367,n6,light
3059226,387,n6,light
3059228,404,n6,light
3059230,390,n6,light
3059232,400,n6,light
3059234,432,n6,light
3059236,407,n6,light
3059238,415,n6,light
3059240,415,n6,light
3059242,399,n6,light
3059244,385,n6,light
3059246,370,n6,light
3059248,368,n6,light
3059250,349,n6,light
3059252,336,n6,light
3059254,323,n6,light
3059256,306,n6,light
3059258,296,n6,light
3059260,277,n6,light
3059262,266,n6,light
3059264,253,n6,light
3059266,240,n6,light
3059268,233,n6,light
3059270,222,n6,light
3059272,224,n6,light
3059274,241,n6,light
3059276,238,n6,light
3059278,256,n6,light
3059280,267,n6,light
3059282,258,n6,light
3059284,258,n6,light
3059286,262,n6,light
3059288,259,n6,light
3059290,242,n6,light
3059292,235,n6,light
3059294,239,n6,light
3059296,258,n6,light
3059298,253,n6,light
3059300,246,n6,light
3059302,241,n6,light
3059304,231,n6,light
3059306,235,n6,light
3059308,241,n6,light
3059310,243,n6,light
3059312,242,n6,light
3059314,266,n6,light
3059316,269,n6,light
3059318,303,n6,light
3059320,298,n6,light
3059322,297,n6,light
3059324,283,n6,light
3059326,273,n6,light
3059328,261,n6,light
3059330,269,n6,light
3059332,277,n6,light
3059334,286,n6,light
3059336,302,n6,light
3059338,295,n6,light
3059340,298,n6,light
3059342,280,n6,light
3059344,267,n6,light
3059346,255,n6,light
3059348,243,n6,light
3059350,235,n6,light
3059352,240,n6,light
3059354,257,n6,light
3059356,254,n6,light
3059358,259,n6,light
3059360,277,n6,light
3059362,297,n6,light
3059364,298,n6,light
3059366,279,n6,light
3059368,262,n6,light
3059370,250,n6,light
3059372,240,n6,light
3059374,227,n6,light
3059376,229,n6,light
3059378,243,n6,light
3059380,284,n6,light
3059382,298,n6,light
3059384,313,n6,light
3059386,318,n6,light
3059388,307,n6,light
3059390,290,n6,light
3059392,295,n6,light
3059394,282,n6,light
3059396,272,n6,light
3059398,267,n6,light
3059400,260,n6,light
3059402,249,n6,light
3059404,242,n6,light
3059406,239,n6,light
3059408,226,n6,light
3059410,224,n6,light
3059412,225,n6,light
3059414,208,n6,light
3059416,207,n6,light
3059418,224,n6,light
3059420,299,n6,light
3059422,192,n6,light
3059424,183,n6,light
3059426,197,n6,light
3059428,226,n6,light
3059430,161,n6,light
3059432,161,n6,light
3059434,201,n6,light
3059436,220,n6,light
3059438,222,n6,light
3059440,238,n6,light
3059442,233,n6,light
3059444,227,n6,light
3059446,219,n6,light
3059448,205,n6,light
3059450,182,n6,light
3059452,176,n6,light
3059454,171,n6,light
3059456,209,n6,light
3059458,201,n6,light
3059460,182,n6,light
3059462,329,n6,light
3059464,253,n6,light
3059466,528,n6,light
3059468,199,n6,light
3059470,219,n6,light
3059472,202,n6,light
3059474,192,n6,light
3059476,186,n6,light
3059478,173,n6,light
3059480,164,n6,light
3059482,147,n6,light
3059484,257,n6,light
3059486,208,n6,light
3059488,173,n6,light
3059490,139,n6,light
3059492,155,n6,light
3059494,192,n6,light
3059496,246,n6,light
3059498,234,n6,light
3059500,261,n6,light
3059502,289,n6,light
3059504,154,n6,light
3059506,177,n6,light
3059508,258,n6,light
3059510,127,n6,light
3059512,128,n6,light
3059514,156,n6,light
3059516,197,n6,light
3059518,393,n6,light
3059520,304,n6,light
3059522,306,n6,light
3059524,302,n6,light
3059526,320,n6,light
3059528,346,n6,light
3059530,359,n6,light
3059532,416,n6,light
3059534,275,n6,light
3059536,243,n6,light
3059538,299,n6,light
3059540,310,n6,light
3059542,362,n6,light
3059544,373,n6,light
3059546,366,n6,light
3059548,336,n6,light
3059550,382,n6,light
3059552,385,n6,light
3059554,426,n6,light
3059556,419,n6,light
3059558,436,n6,light
3059560,433,n6,light
3059562,418,n6,light
3059564,400,n6,light
3059566,422,n6,light
3059568,403,n6,light
3059570,419,n6,light
3059572,323,n6,light
3059574,347,n6,light
3059576,354,n6,light
3059578,391,n6,light
3059580,426,n6,light
3059582,484,n6,light
3059584,606,n6,light
3059586,368,n6,light
3059588,390,n6,light
3059590,343,n6,light
3059592,354,n6,light
3059594,336,n6,light
3059596,343,n6,light
3059598,331,n6,light
3059600,349,n6,light
3059602,361,n6,light
3059604,328,n6,light
3059606,317,n6,light
3059608,320,n6,light
3059610,304,n6,light
3059612,288,n6,light
3059614,277,n6,light
3059616,259,n6,light
3059618,251,n6,light
3059620,240,n6,light
3059622,246,n6,light
3059624,282,n6,light
3059626,279,n6,light
3059628,317,n6,light
3059630,323,n6,light
3059632,331,n6,light
3059634,327,n6,light
3059636,327,n6,light
3059638,322,n6,light
3059640,309,n6,light
3059642,304,n6,light
3059644,336,n6,light
3059646,368,n6,light
3059648,423,n6,light
3059650,420,n6,light
3059652,416,n6,light
3059654,391,n6,light
3059656,374,n6,light
3059658,355,n6,light
3059660,336,n6,light
3059662,341,n6,light
3059664,337,n6,light
3059666,343,n6,light
3059668,325,n6,light
3059670,309,n6,light
3059672,298,n6,light
3059674,281,n6,light
3059676,265,n6,light
3059678,247,n6,light
3059680,239,n6,light
3059682,222,n6,light
3059684,210,n6,light
3059686,198,n6,light
3059688,189,n6,light
3059690,176,n6,light
3059692,170,n6,light
3059694,156,n6,light
3059696,145,n6,light
3059698,138,n6,light
3059700,128,n6,light
3059702,116,n6,light
3059704,112,n6,light
3059706,111,n6,light
3059708,115,n6,light
3059710,112,n6,light
3059712,115,n6,light
3059714,128,n6,light
3059716,159,n6,light
3059718,176,n6,light
3059720,217,n6,light
3059722,239,n6,light
3059724,242,n6,light
3059726,235,n6,light
3059728,277,n6,light
3059730,304,n6,light
3059732,315,n6,light
3059734,330,n6,light
3059736,343,n6,light
3059738,336,n6,light
3059740,319,n6,light
3059742,299,n6,light
3059744,284,n6,light
3059746,281,n6,light
3059748,273,n6,light
3059750,313,n6,light
3059752,327,n6,light
3059754,317,n6,light
3059756,308,n6,light
3059758,297,n6,light
3059760,307,n6,light
3059762,294,n6,light
3059764,278,n6,light
3059766,268,n6,light
3059768,270,n6,light
3059770,256,n6,light
3059772,248,n6,light
3059774,241,n6,light
3059776,235,n6,light
3059778,220,n6,light
3059780,209,n6,light
3059782,235,n6,light
3059784,245,n6,light
3059786,240,n6,light
3059788,227,n6,light
3059790,217,n6,light
3059792,219,n6,light
3059794,208,n6,light
3059796,205,n6,light
3059798,193,n6,light
3059800,195,n6,light
3059802,237,n6,light
3059804,256,n6,light
3059806,268,n6,light
3059808,265,n6,light
3059810,252,n6,light
3059812,240,n6,light
3059814,241,n6,light
3059816,239,n6,light
3059818,221,n6,light
3059820,225,n6,light
3059822,219,n6,light
3059824,221,n6,light
3059826,242,n6,light
3059828,247,n6,light
3059830,238,n6,light
3059832,224,n6,light
3059834,212,n6,light
3059836,212,n6,light
3059838,208,n6,light
3059840,223,n6,light
3059842,214,n6,light
3059844,213,n6,light
3059846,197,n6,light
3059848,207,n6,light
3059850,206,n6,light
3059852,207,n6,light
3059854,208,n6,light
3059856,203,n6,light
3059858,208,n6,light
3059860,198,n6,light
3059862,195,n6,light
3059864,218,n6,light
3059866,193,n6,light
3059868,205,n6,light
3059870,210,n6,light
3059872,214,n6,light
3059874,226,n6,light
3059876,218,n6,light
3059878,220,n6,light
3059880,204,n6,light
3059882,189,n6,light
3059884,176,n6,light
3059886,171,n6,light
3059888,173,n6,light
3059890,176,n6,light
3059892,153,n6,light
3059894,144,n6,light
3059896,141,n6,light
3059898,131,n6,light
3059900,128,n6,light
3059902,162,n6,light
3059904,160,n6,light
3059906,191,n6,light
3059908,191,n6,light
3059910,180,n6,light
3059912,180,n6,light
3059914,178,n6,light
3059916,176,n6,light
3059918,167,n6,light
3059920,157,n6,light
3059922,145,n6,light
3059924,141,n6,light
3059926,130,n6,light
3059928,119,n6,light
3059930,112,n6,light
3059932,112,n6,light
3059934,112,n6,light
3059936,117,n6,light
3059938,175,n6,light
3059940,179,n6,light
3059942,211,n6,light
3059944,203,n6,light
3059946,204,n6,light
3059948,197,n6,light
3059950,184,n6,light
3059952,177,n6,light
3059954,165,n6,light
3059956,160,n6,light
3059958,152,n6,light
3059960,141,n6,light
3059962,158,n6,light
3059964,163,n6,light
3059966,162,n6,light
3059968,162,n6,light
3059970,161,n6,light
3059972,179,n6,light
3059974,186,n6,light
3059976,177,n6,light
3059978,174,n6,light
3059980,162,n6,light
3059982,176,n6,light
3059984,165,n6,light
3059986,175,n6,light
3059988,170,n6,light
3059990,158,n6,light
3059992,156,n6,light
3059994,144,n6,light
3069016,915,n6,light
3069018,906,n6,light
3069020,976,n6,light
3069022,998,n6,light
3069024,1074,n6,light
3069026,1093,n6,light
3069028,1068,n6,light
3069030,1017,n6,light
3069032,995,n6,light
3069034,963,n6,light
3069036,937,n6,light
3069038,903,n6,light
3069040,860,n6,light
3069042,825,n6,light
3069044,815,n6,light
3069046,816,n6,light
3069048,816,n6,light
3069050,783,n6,light
3069052,759,n6,light
3069054,737,n6,light
3069056,719,n6,light
3069058,720,n6,light
3069060,728,n6,light
3069062,705,n6,light
3069064,715,n6,light
3069066,699,n6,light
3069068,679,n6,light
3069070,651,n6,light
3069072,656,n6,light
3069074,637,n6,light
3069076,612,n6,light
3069078,597,n6,light
3069080,598,n6,light
3069082,579,n6,light
3069084,569,n6,light
3069086,574,n6,light
3069088,566,n6,light
3069090,723,n6,light
3069092,787,n6,light
3069094,900,n6,light
3069096,894,n6,light
3069098,893,n6,light
3069100,881,n6,light
3069102,862,n6,light
3069104,839,n6,light
3069106,832,n6,light
3069108,796,n6,light
3069110,775,n6,light
3069112,795,n6,light
3069114,801,n6,light
3069116,799,n6,light
3069118,823,n6,light
3069120,789,n6,light
3069122,771,n6,light
3069124,752,n6,light
3069126,767,n6,light
3069128,733,n6,light
3069130,724,n6,light
3069132,707,n6,light
3069134,684,n6,light
3069136,663,n6,light
3069138,702,n6,light
3069140,688,n6,light
3069142,678,n6,light
3069144,669,n6,light
3069146,659,n6,light
3069148,634,n6,light
3069150,607,n6,light
3069152,570,n6,light
3069154,560,n6,light
3069156,534,n6,light
3069158,547,n6,light
3069160,497,n6,light
3069162,472,n6,light
3069164,480,n6,light
3069166,560,n6,light
3069168,553,n6,light
3069170,555,n6,light
3069172,537,n6,light
3069174,529,n6,light
3069176,511,n6,light
3069178,487,n6,light
3069180,491,n6,light
3069182,489,n6,light
3069184,496,n6,light
3069186,477,n6,light
3069188,473,n6,light
3069190,455,n6,light
3069192,432,n6,light
3069194,416,n6,light
3069196,413,n6,light
3069198,399,n6,light
3069200,379,n6,light
3069202,466,n6,light
3069204,655,n6,light
3069206,721,n6,light
3069208,837,n6,light
3069210,842,n6,light
3069212,817,n6,light
3069214,784,n6,light
3069216,752,n6,light
3069218,729,n6,light
3069220,707,n6,light
3069222,685,n6,light
3069224,669,n6,light
3069226,639,n6,light
3069228,610,n6,light
3069230,586,n6,light
3069232,566,n6,light
3069234,558,n6,light
3069236,548,n6,light
3069238,539,n6,light
3069240,511,n6,light
3069242,493,n6,light
3069244,465,n6,light
3069246,510,n6,light
3069248,587,n6,light
3069250,615,n6,light
3069252,645,n6,light
3069254,640,n6,light
3069256,646,n6,light
3069258,627,n6,light
3069260,602,n6,light
3069262,573,n6,light
3069264,550,n6,light
3069266,567,n6,light
3069268,553,n6,light
3069270,559,n6,light
3069272,536,n6,light
3069274,511,n6,light
3069276,503,n6,light
3069278,576,n6,light
3069280,592,n6,light
3069282,650,n6,light
3069284,645,n6,light
3069286,618,n6,light
3069288,586,n6,light
3069290,563,n6,light
3069292,538,n6,light
3069294,532,n6,light
3069296,501,n6,light
3069298,495,n6,light
3069300,497,n6,light
3069302,478,n6,light
3069304,449,n6,light
3069306,443,n6,light
3069308,426,n6,light
3069310,400,n6,light
3069312,384,n6,light
3069314,374,n6,light
3069316,360,n6,light
3069318,339,n6,light
3069320,325,n6,light
3069322,311,n6,light
3069324,301,n6,light
3069326,283,n6,light
3069328,340,n6,light
3069330,376,n6,light
3069332,416,n6,light
3069334,434,n6,light
3069336,441,n6,light
3069338,438,n6,light
3069340,421,n6,light
3069342,406,n6,light
3069344,388,n6,light
3069346,384,n6,light
3069348,400,n6,light
3069350,403,n6,light
3069352,416,n6,light
3069354,457,n6,light
3069356,508,n6,light
3069358,511,n6,light
3069360,475,n6,light
3069362,481,n6,light
3069364,432,n6,light
3069366,455,n6,light
3069368,401,n6,light
3069370,398,n6,light
3069372,1263,n6,light
3069374,1415,n6,light
3069376,1555,n6,light
3069378,1682,n6,light
3069380,688,n6,light
3069382,373,n6,light
3069384,365,n6,light
3069386,354,n6,light
3069388,327,n6,light
3069390,308,n6,light
3069392,293,n6,light
3069394,283,n6,light
3069396,272,n6,light
3069398,256,n6,light
3069400,303,n6,light
3069402,298,n6,light
3069404,544,n6,light
3069406,855,n6,light
3069408,414,n6,light
3069410,469,n6,light
3069412,395,n6,light
3069414,336,n6,light
3069416,493,n6,light
3069418,576,n6,light
3069420,701,n6,light
3069422,587,n6,light
3069424,585,n6,light
3069426,534,n6,light
3069428,511,n6,light
3069430,485,n6,light
3069432,464,n6,light
3069434,473,n6,light
3069436,461,n6,light
3069438,467,n6,light
3069440,463,n6,light
3069442,614,n6,light
3069444,620,n6,light
3069446,567,n6,light
3069448,496,n6,light
3069450,498,n6,light
3069452,380,n6,light
3069454,336,n6,light
3069456,336,n6,light
3069458,331,n6,light
3069460,333,n6,light
3069462,353,n6,light
3069464,337,n6,light
3069466,329,n6,light
3069468,325,n6,light
3069470,310,n6,light
3069472,297,n6,light
3069474,302,n6,light
3069476,317,n6,light
3069478,303,n6,light
3069480,304,n6,light
3069482,337,n6,light
3069484,656,n6,light
3069486,609,n6,light
3069488,748,n6,light
3069490,772,n6,light
3069492,887,n6,light
3069494,597,n6,light
3069496,558,n6,light
3069498,537,n6,light
3069500,699,n6,light
3069502,527,n6,light
3069504,547,n6,light
3069506,777,n6,light
3069508,752,n6,light
3069510,982,n6,light
3069512,1182,n6,light
3069514,770,n6,light
3069516,909,n6,light
3069518,816,n6,light
3069520,996,n6,light
3069522,1037,n6,light
3069524,944,n6,light
3069526,979,n6,light
3069528,816,n6,light
3069530,589,n6,light
3069532,490,n6,light
3069534,511,n6,light
3069536,506,n6,light
3069538,349,n6,light
3069540,75,n6,light
3069542,0,n6,light
3069544,0,n6,light
3069546,0,n6,light
3069548,0,n6,light
3069550,48,n6,light
3069552,134,n6,light
3069554,81,n6,light
3069556,0,n6,light
3069558,0,n6,light
3069560,0,n6,light
3069562,0,n6,light
3069564,0,n6,light
3069566,16,n6,light
3069568,0,n6,light
3069570,0,n6,light
3069572,0,n6,light
3069574,0,n6,light
3069576,0,n6,light
3069578,0,n6,light
3069580,0,n6,light
3069582,0,n6,light
3069584,58,n6,light
3069586,78,n6,light
3069588,0,n6,light
3069590,0,n6,light
3069592,0,n6,light
3069594,0,n6,light
3069596,0,n6,light
3069598,0,n6,light
3069600,30,n6,light
3069602,116,n6,light
3069604,16,n6,light
3069606,0,n6,light
3069608,0,n6,light
3069610,0,n6,light
3069612,0,n6,light
3069614,0,n6,light
3069616,0,n6,light
3069618,29,n6,light
3069620,76,n6,light
3069622,0,n6,light
3069624,0,n6,light
3069626,0,n6,light
3069628,0,n6,light
3069630,0,n6,light
3069632,0,n6,light
3069634,60,n6,light
3069636,1179,n6,light
3069638,1359,n6,light
3069640,1497,n6,light
3069642,1648,n6,light
3069644,1750,n6,light
3069646,1857,n6,light
3069648,1627,n6,light
3069650,1505,n6,light
3069652,1424,n6,light
3069654,1211,n6,light
3069656,869,n6,light
3069658,447,n6,light
3069660,128,n6,light
3069662,62,n6,light
3069664,64,n6,light
3069666,119,n6,light
3069668,176,n6,light
3069670,0,n6,light
3069672,0,n6,light
3069674,0,n6,light
3069676,0,n6,light
3069678,784,n6,light
3069680,775,n6,light
3069682,769,n6,light
3069684,735,n6,light
3069686,716,n6,light
3069688,725,n6,light
3069690,708,n6,light
3069692,752,n6,light
3069694,726,n6,light
3069696,739,n6,light
3069698,729,n6,light
3069700,737,n6,light
3069702,751,n6,light
3069704,740,n6,light
3069706,720,n6,light
3069708,694,n6,light
3069710,671,n6,light
3069712,715,n6,light
3069714,715,n6,light
3069716,757,n6,light
3069718,707,n6,light
3069720,705,n6,light
3069722,688,n6,light
3069724,666,n6,light
3069726,687,n6,light
3069728,666,n6,light
3069730,640,n6,light
3069732,625,n6,light
3069734,606,n6,light
3069736,613,n6,light
3069738,586,n6,light
3069740,560,n6,light
3069742,541,n6,light
3069744,509,n6,light
3069746,480,n6,light
3069748,460,n6,light
3069750,433,n6,light
3069752,416,n6,light
3069754,401,n6,light
3069756,396,n6,light
3069758,383,n6,light
3069760,364,n6,light
3069762,345,n6,light
3069764,330,n6,light
3069766,349,n6,light
3069768,418,n6,light
3069770,431,n6,light
3069772,511,n6,light
3069774,496,n6,light
3069776,474,n6,light
3069778,490,n6,light
3069780,486,n6,light
3069782,526,n6,light
3069784,501,n6,light
3069786,480,n6,light
3069788,464,n6,light
3069790,438,n6,light
3069792,421,n6,light
3069794,464,n6,light
3069796,464,n6,light
3069798,509,n6,light
3069800,496,n6,light
3069802,471,n6,light
3069804,448,n6,light
3069806,425,n6,light
3069808,405,n6,light
3069810,419,n6,light
3069812,405,n6,light
3069814,393,n6,light
3069816,383,n6,light
3069818,370,n6,light
3069820,351,n6,light
3069822,346,n6,light
3069824,361,n6,light
3069826,346,n6,light
3069828,331,n6,light
3069830,326,n6,light
3069832,345,n6,light
3069834,331,n6,light
3069836,328,n6,light
3069838,315,n6,light
3069840,304,n6,light
3069842,293,n6,light
3069844,286,n6,light
3069846,294,n6,light
3069848,291,n6,light
3069850,319,n6,light
3069852,314,n6,light
3069854,309,n6,light
3069856,303,n6,light
3069858,303,n6,light
3069860,291,n6,light
3069862,277,n6,light
3069864,269,n6,light
3069866,263,n6,light
3069868,272,n6,light
3069870,288,n6,light
3069872,286,n6,light
3069874,282,n6,light
3069876,277,n6,light
3069878,274,n6,light
3069880,279,n6,light
3069882,315,n6,light
3069884,316,n6,light
3069886,325,n6,light
3069888,332,n6,light
3069890,357,n6,light
3069892,396,n6,light
3069894,389,n6,light
3069896,399,n6,light
3069898,395,n6,light
3069900,390,n6,light
3069902,375,n6,light
3069904,356,n6,light
3069906,340,n6,light
3069908,335,n6,light
3069910,322,n6,light
3069912,304,n6,light
3069914,293,n6,light
3069916,278,n6,light
3069918,272,n6,light
3069920,261,n6,light
3069922,251,n6,light
3069924,238,n6,light
3069926,220,n6,light
3069928,208,n6,light
3069930,203,n6,light
3069932,194,n6,light
3069934,182,n6,light
3069936,208,n6,light
3069938,201,n6,light
3069940,198,n6,light
3069942,191,n6,light
3069944,189,n6,light
3069946,192,n6,light
3069948,178,n6,light
3069950,176,n6,light
3069952,170,n6,light
3069954,176,n6,light
3069956,175,n6,light
3069958,194,n6,light
3069960,203,n6,light
3069962,210,n6,light
3069964,203,n6,light
3069966,191,n6,light
3069968,182,n6,light
3069970,178,n6,light
3069972,185,n6,light
3069974,186,n6,light
3069976,200,n6,light
3069978,178,n6,light
3069980,183,n6,light
3069982,176,n6,light
3069984,173,n6,light
3069986,156,n6,light
3069988,148,n6,light
3069990,495,n6,light
3069992,705,n6,light
3069994,891,n6,light
3069996,1079,n6,light
3069998,1253,n6,light
3070000,1399,n6,light
3070002,1555,n6,light
3070004,1680,n6,light
3070006,1788,n6,light
3070008,1894,n6,light
3070010,1988,n6,light
3070012,2094,n6,light
3070014,2192,n6,light
3070016,2287,n6,light
3070018,2362,n6,light
3070020,2454,n6,light
3070022,2842,n6,light
3070024,2640,n6,light
3070026,1169,n6,light
3070028,1344,n6,light
3070030,1283,n6,light
3070032,1234,n6,light
3070034,1949,n6,light
3070036,2435,n6,light
3070038,2740,n6,light
3070040,3007,n6,light
3070042,3154,n6,light
3070044,3216,n6,light
3070046,3244,n6,light
3070048,3185,n6,light
3070050,3056,n6,light
3070052,2960,n6,light
3070054,2849,n6,light
3070056,2743,n6,light
3070058,2643,n6,light
3070060,2543,n6,light
3070062,2430,n6,light
3070064,2325,n6,light
3070066,2254,n6,light
3070068,2149,n6,light
3070070,2064,n6,light
3070072,2129,n6,light
3070074,2275,n6,light
3070076,2447,n6,light
3070078,2559,n6,light
3070080,2683,n6,light
3070082,2780,n6,light
3070084,2871,n6,light
3070086,2937,n6,light
3070088,3017,n6,light
3070090,3088,n6,light
3070092,3210,n6,light
3070094,3301,n6,light
3070096,3436,n6,light
3070098,3495,n6,light
3070100,3561,n6,light
3070102,3639,n6,light
3070104,4095,n6,light
3070106,4095,n6,light
3070108,4095,n6,light
3070110,2547,n6,light
3070112,2880,n6,light
3070114,3185,n6,light
3070116,3366,n6,light
3070118,3711,n6,light
3070120,3679,n6,light
3070122,3632,n6,light
3070124,3522,n6,light
3070126,3218,n6,light
3070128,3059,n6,light
3070130,3021,n6,light
3070132,3170,n6,light
3070134,2951,n6,light
3070136,2753,n6,light
3070138,2514,n6,light
3070140,2416,n6,light
3070142,2351,n6,light
3070144,2198,n6,light
3070146,2131,n6,light
3070148,2038,n6,light
3070150,1946,n6,light
3070152,1854,n6,light
3070154,1772,n6,light
3070156,1691,n6,light
3070158,1617,n6,light
3070160,1535,n6,light
3070162,1468,n6,light
3070164,1399,n6,light
3070166,1343,n6,light
3070168,1282,n6,light
3070170,1229,n6,light
3070172,1185,n6,light
3070174,1127,n6,light
3070176,1072,n6,light
3070178,1014,n6,light
3070180,973,n6,light
3070182,928,n6,light
3070184,913,n6,light
3070186,913,n6,light
3070188,884,n6,light
3070190,865,n6,light
3070192,825,n6,light
3070194,816,n6,light
3070196,784,n6,light
3070198,752,n6,light
3070200,733,n6,light
3070202,705,n6,light
3070204,694,n6,light
3070206,686,n6,light
3070208,686,n6,light
3070210,651,n6,light
3070212,621,n6,light
3070214,592,n6,light
3070216,573,n6,light
3070218,589,n6,light
3070220,627,n6,light
3070222,654,n6,light
3070224,688,n6,light
3070226,675,n6,light
3070228,641,n6,light
3070230,611,n6,light
3070232,581,n6,light
3070234,554,n6,light
3070236,539,n6,light
3070238,559,n6,light
3070240,542,n6,light
3070242,562,n6,light
3070244,566,n6,light
3070246,537,n6,light
3070248,506,n6,light
3070250,479,n6,light
3070252,454,n6,light
3070254,439,n6,light
3070256,419,n6,light
3070258,402,n6,light
3070260,384,n6,light
3070262,373,n6,light
3070264,354,n6,light
3070266,337,n6,light
3070268,320,n6,light
3070270,321,n6,light
3070272,386,n6,light
3070274,400,n6,light
3070276,451,n6,light
3070278,448,n6,light
3070280,432,n6,light
3070282,414,n6,light
3070284,393,n6,light
3070286,368,n6,light
3070288,352,n6,light
3070290,336,n6,light
3070292,318,n6,light
3070294,297,n6,light
3070296,288,n6,light
3070298,279,n6,light
3070300,271,n6,light
3070302,273,n6,light
3070304,271,n6,light
3070306,271,n6,light
3070308,262,n6,light
3070310,256,n6,light
3070312,243,n6,light
3070314,237,n6,light
3070316,231,n6,light
3070318,225,n6,light
3070320,213,n6,light
3070322,208,n6,light
3070324,206,n6,light
3070326,225,n6,light
3070328,229,n6,light
3070330,268,n6,light
3070332,270,n6,light
3070334,274,n6,light
3070336,271,n6,light
3070338,272,n6,light
3070340,264,n6,light
3070342,242,n6,light
3070344,240,n6,light
3070346,239,n6,light
3070348,242,n6,light
3070350,224,n6,light
3070352,229,n6,light
3070354,218,n6,light
3070356,210,n6,light
3070358,205,n6,light
3070360,218,n6,light
3070362,272,n6,light
3070364,291,n6,light
3070366,346,n6,light
3070368,347,n6,light
3070370,336,n6,light
3070372,320,n6,light
3070374,303,n6,light
3070376,283,n6,light
3070378,270,n6,light
3070380,253,n6,light
3070382,242,n6,light
3070384,226,n6,light
3070386,224,n6,light
3070388,220,n6,light
3070390,215,n6,light
3070392,219,n6,light
3070394,214,n6,light
3070396,219,n6,light
3070398,219,n6,light
3070400,223,n6,light
3070402,222,n6,light
3070404,210,n6,light
3070406,187,n6,light
3070408,176,n6,light
3070410,193,n6,light
3070412,197,n6,light
3070414,229,n6,light
3070416,256,n6,light
3070418,263,n6,light
3070420,257,n6,light
3070422,240,n6,light
3070424,247,n6,light
3070426,235,n6,light
3070428,219,n6,light
3070430,211,n6,light
3070432,211,n6,light
3070434,197,n6,light
3070436,195,n6,light
3070438,189,n6,light
3070440,174,n6,light
3070442,170,n6,light
3070444,167,n6,light
3070446,176,n6,light
3070448,170,n6,light
3070450,160,n6,light
3070452,145,n6,light
3070454,142,n6,light
3070456,148,n6,light
3070458,151,n6,light
3070460,155,n6,light
3070462,176,n6,light
3070464,174,n6,light
3070466,162,n6,light
3070468,167,n6,light
3070470,167,n6,light
3070472,177,n6,light
3070474,203,n6,light
3070476,208,n6,light
3070478,189,n6,light
3070480,173,n6,light
3070482,169,n6,light
3070484,157,n6,light
3070486,165,n6,light
3070488,171,n6,light
3070490,159,n6,light
3070492,181,n6,light
3070494,179,n6,light
3070496,174,n6,light
3070498,161,n6,light
3070500,192,n6,light
3070502,236,n6,light
3070504,240,n6,light
3070506,271,n6,light
3070508,296,n6,light
3070510,293,n6,light
3070512,277,n6,light
3070514,263,n6,light
3070516,245,n6,light
3070518,241,n6,light
3070520,240,n6,light
3070522,223,n6,light
3070524,215,n6,light
3070526,207,n6,light
3070528,197,n6,light
3070530,208,n6,light
3070532,197,n6,light
3070534,208,n6,light
3070536,226,n6,light
3070538,256,n6,light
3070540,256,n6,light
3070542,295,n6,light
3070544,303,n6,light
3070546,307,n6,light
3070548,305,n6,light
3070550,287,n6,light
3070552,275,n6,light
3070554,277,n6,light
3070556,314,n6,light
3070558,307,n6,light
3070560,299,n6,light
3070562,284,n6,light
3070564,274,n6,light
3070566,288,n6,light
3070568,297,n6,light
3070570,299,n6,light
3070572,304,n6,light
3070574,290,n6,light
3070576,274,n6,light
3070578,257,n6,light
3070580,254,n6,light
3070582,269,n6,light
3070584,259,n6,light
3070586,269,n6,light
3070588,261,n6,light
3070590,250,n6,light
3070592,240,n6,light
3070594,226,n6,light
3070596,230,n6,light
3070598,243,n6,light
3070600,241,n6,light
3070602,272,n6,light
3070604,270,n6,light
3070606,270,n6,light
3070608,257,n6,light
3070610,270,n6,light
3070612,272,n6,light
3070614,258,n6,light
3070616,246,n6,light
3070618,254,n6,light
3070620,245,n6,light
3070622,240,n6,light
3070624,238,n6,light
3070626,238,n6,light
3070628,239,n6,light
3070630,227,n6,light
3070632,218,n6,light
3070634,286,n6,light
3070636,304,n6,light
3070638,336,n6,light
3070640,352,n6,light
3070642,367,n6,light
3070644,353,n6,light
3070646,334,n6,light
3070648,317,n6,light
3070650,310,n6,light
3070652,317,n6,light
3070654,324,n6,light
3070656,336,n6,light
3070658,333,n6,light
3070660,336,n6,light
3070662,334,n6,light
3070664,331,n6,light
3070666,368,n6,light
3070668,370,n6,light
3070670,365,n6,light
3070672,368,n6,light
3070674,382,n6,light
3070676,363,n6,light
3070678,357,n6,light
3070680,341,n6,light
3070682,336,n6,light
3070684,351,n6,light
3070686,354,n6,light
3070688,289,n6,light
3070690,478,n6,light
3070692,658,n6,light
3070694,627,n6,light
3070696,304,n6,light
3070698,263,n6,light
3070700,225,n6,light
3070702,216,n6,light
3070704,203,n6,light
3070706,196,n6,light
3070708,221,n6,light
3070710,201,n6,light
3070712,208,n6,light
3070714,198,n6,light
3070716,511,n6,light
3070718,727,n6,light
3070720,912,n6,light
3070722,1088,n6,light
3070724,1243,n6,light
3070726,1389,n6,light
3070728,1519,n6,light
3070730,1648,n6,light
3070732,1783,n6,light
3070734,1909,n6,light
3070736,2019,n6,light
3070738,2122,n6,light
3070740,2217,n6,light
3070742,2353,n6,light
3070744,260,n6,light
3070746,338,n6,light
3070748,560,n6,light
3070750,656,n6,light
3070752,352,n6,light
3070754,357,n6,light
3070756,276,n6,light
3070758,315,n6,light
3070760,240,n6,light
3070762,208,n6,light
3070764,207,n6,light
3070766,200,n6,light
3070768,197,n6,light
3070770,187,n6,light
3070772,182,n6,light
3070774,199,n6,light
3070776,227,n6,light
3070778,230,n6,light
3070780,251,n6,light
3070782,266,n6,light
3070784,261,n6,light
3070786,249,n6,light
3070788,240,n6,light
3070790,226,n6,light
3070792,220,n6,light
3070794,208,n6,light
3070796,194,n6,light
3070798,183,n6,light
3070800,175,n6,light
3070802,162,n6,light
3070804,146,n6,light
3070806,144,n6,light
3070808,160,n6,light
3070810,155,n6,light
3070812,145,n6,light
3070814,166,n6,light
3070816,167,n6,light
3070818,172,n6,light
3070820,166,n6,light
3070822,162,n6,light
3070824,145,n6,light
3070826,151,n6,light
3070828,153,n6,light
3070830,151,n6,light
3070832,142,n6,light
3070834,154,n6,light
3070836,144,n6,light
3070838,151,n6,light
3070840,145,n6,light
3070842,129,n6,light
3070844,144,n6,light
3070846,142,n6,light
3070848,141,n6,light
3070850,142,n6,light
3070852,135,n6,light
3070854,127,n6,light
3070856,142,n6,light
3070858,147,n6,light
3070860,161,n6,light
3070862,154,n6,light
3070864,160,n6,light
3070866,269,n6,light
3070868,775,n6,light
3070870,1262,n6,light
3070872,1264,n6,light
3070874,1214,n6,light
3070876,1170,n6,light
3070878,1135,n6,light
3070880,1094,n6,light
3070882,1074,n6,light
3070884,1040,n6,light
3070886,1005,n6,light
3070888,967,n6,light
3070890,943,n6,light
3070892,906,n6,light
3070894,839,n6,light
3070896,723,n6,light
3070898,582,n6,light
3070900,464,n6,light
3070902,388,n6,light
3070904,325,n6,light
3070906,311,n6,light
3070908,273,n6,light
3070910,224,n6,light
3070912,182,n6,light
3070914,1584,n6,light
3070916,1717,n6,light
3070918,1761,n6,light
3070920,1737,n6,light
3070922,1666,n6,light
3070924,1668,n6,light
3070926,1666,n6,light
3070928,1615,n6,light
3070930,1535,n6,light
3070932,1471,n6,light
3070934,1405,n6,light
3070936,1343,n6,light
3070938,1282,n6,light
3070940,1226,n6,light
3070942,1169,n6,light
3070944,1135,n6,light
3070946,1090,n6,light
3070948,1047,n6,light
3070950,998,n6,light
3070952,971,n6,light
3070954,934,n6,light
3070956,913,n6,light
3070958,876,n6,light
3070960,832,n6,light
3070962,789,n6,light
3070964,757,n6,light
3070966,752,n6,light
3070968,743,n6,light
3070970,735,n6,light
3070972,723,n6,light
3070974,693,n6,light
3070976,673,n6,light
3070978,665,n6,light
3070980,635,n6,light
3070982,618,n6,light
3070984,621,n6,light
3070986,592,n6,light
3070988,576,n6,light
3070990,544,n6,light
3070992,531,n6,light
3070994,511,n6,light
3070996,490,n6,light
3070998,482,n6,light
3071000,479,n6,light
3071002,464,n6,light
3071004,441,n6,light
3071006,438,n6,light
3071008,427,n6,light
3071010,406,n6,light
3071012,386,n6,light
3071014,391,n6,light
3071016,374,n6,light
3071018,352,n6,light
3071020,341,n6,light
3071022,336,n6,light
3071024,341,n6,light
3071026,341,n6,light
3071028,327,n6,light
3071030,309,n6,light
3071032,304,n6,light
3071034,283,n6,light
3071036,269,n6,light
3071038,256,n6,light
3071040,248,n6,light
3071042,235,n6,light
3071044,227,n6,light
3071046,215,n6,light
3071048,208,n6,light
3071050,193,n6,light
3071052,183,n6,light
3071054,191,n6,light
3071056,192,n6,light
3071058,179,n6,light
3071060,167,n6,light
3071062,158,n6,light
3071064,150,n6,light
3071066,141,n6,light
3071068,140,n6,light
3071070,144,n6,light
3071072,135,n6,light
3071074,137,n6,light
3071076,133,n6,light
3071078,132,n6,light
3071080,125,n6,light
3071082,117,n6,light
3071084,123,n6,light
3071086,116,n6,light
3071088,110,n6,light
3071090,111,n6,light
3071092,126,n6,light
3071094,116,n6,light
3071096,126,n6,light
3071098,129,n6,light
3071100,151,n6,light
3071102,150,n6,light
3071104,144,n6,light
3071106,149,n6,light
3071108,144,n6,light
3071110,136,n6,light
3071112,136,n6,light
3071114,135,n6,light
3071116,129,n6,light
3071118,128,n6,light
3071120,119,n6,light
3071122,110,n6,light
3071124,112,n6,light
3071126,109,n6,light
3071128,144,n6,light
3071130,464,n6,light
3071132,927,n6,light
3071134,1059,n6,light
3071136,1192,n6,light
3071138,1268,n6,light
3071140,1319,n6,light
3071142,1343,n6,light
3071144,1319,n6,light
3071146,1289,n6,light
3071148,1251,n6,light
3071150,1206,n6,light
3071152,1168,n6,light
3071154,1115,n6,light
3071156,1079,n6,light
3071158,1040,n6,light
3071160,1003,n6,light
3071162,976,n6,light
3071164,934,n6,light
3071166,895,n6,light
3071168,854,n6,light
3071170,831,n6,light
3071172,785,n6,light
3071174,752,n6,light
3071176,729,n6,light
3071178,689,n6,light
3071180,658,n6,light
3071182,624,n6,light
3071184,597,n6,light
3071186,569,n6,light
3071188,542,n6,light
3071190,511,n6,light
3071192,492,n6,light
3071194,470,n6,light
3071196,448,n6,light
3071198,432,n6,light
3071200,416,n6,light
3071202,400,n6,light
3071204,406,n6,light
3071206,398,n6,light
3071208,395,n6,light
3071210,387,n6,light
3071212,381,n6,light
3071214,361,n6,light
3071216,341,n6,light
3071218,321,n6,light
3071220,307,n6,light
3071222,291,n6,light
3071224,274,n6,light
3071226,262,n6,light
3071228,255,n6,light
3071230,240,n6,light
3071232,240,n6,light
3071234,230,n6,light
3071236,211,n6,light
3071238,203,n6,light
3071240,196,n6,light
3071242,197,n6,light
3071244,187,n6,light
3071246,178,n6,light
3071248,170,n6,light
3071250,159,n6,light
3071252,176,n6,light
3071254,210,n6,light
3071256,210,n6,light
3071258,214,n6,light
3071260,223,n6,light
3071262,229,n6,light
3071264,227,n6,light
3071266,220,n6,light
3071268,207,n6,light
3071270,192,n6,light
3071272,193,n6,light
3071274,192,n6,light
3071276,190,n6,light
3071278,177,n6,light
3071280,166,n6,light
3071282,159,n6,light
3071284,145,n6,light
3071286,142,n6,light
3071288,132,n6,light
3071290,128,n6,light
3071292,122,n6,light
3071294,113,n6,light
3071296,112,n6,light
3071298,112,n6,light
3071300,110,n6,light
3071302,110,n6,light
3071304,95,n6,light
3071306,109,n6,light
3071308,109,n6,light
3071310,105,n6,light
3071312,101,n6,light
3071314,94,n6,light
3071316,105,n6,light
3071318,112,n6,light
3071320,103,n6,light
3071322,111,n6,light
3071324,130,n6,light
3071326,131,n6,light
3071328,115,n6,light
3071330,115,n6,light
3071332,117,n6,light
3071334,131,n6,light
3071336,133,n6,light
3071338,162,n6,light
3071340,167,n6,light
3071342,163,n6,light
3071344,151,n6,light
3071346,149,n6,light
3071348,139,n6,light
3071350,138,n6,light
3071352,128,n6,light
3071354,112,n6,light
3071356,107,n6,light
3071358,110,n6,light
3071360,102,n6,light
3071362,98,n6,light
3071364,125,n6,light
3071366,121,n6,light
3071368,132,n6,light
3071370,139,n6,light
3071372,131,n6,light
3071374,140,n6,light
3071376,144,n6,light
3071378,159,n6,light
3071380,187,n6,light
3071382,187,n6,light
3071384,176,n6,light
3071386,173,n6,light
3071388,277,n6,light
3071390,737,n6,light
3071392,1223,n6,light
3071394,1389,n6,light
3071396,1578,n6,light
3071398,1693,n6,light
3071400,1741,n6,light
3071402,1744,n6,light
3071404,1722,n6,light
3071406,1690,n6,light
3071408,1662,n6,light
3071410,1593,n6,light
3071412,1520,n6,light
3071414,1490,n6,light
3071416,1437,n6,light
3071418,1403,n6,light
3071420,1354,n6,light
3071422,1317,n6,light
3071424,1274,n6,light
3071426,1217,n6,light
3071428,1168,n6,light
3071430,1108,n6,light
3071432,1060,n6,light
3071434,1008,n6,light
3071436,962,n6,light
3071438,917,n6,light
3071440,871,n6,light
3071442,832,n6,light
3071444,799,n6,light
3071446,835,n6,light
3071448,817,n6,light
3071450,835,n6,light
3071452,815,n6,light
3071454,784,n6,light
3071456,750,n6,light
3071458,714,n6,light
3071460,706,n6,light
3071462,719,n6,light
3071464,718,n6,light
3071466,715,n6,light
3071468,688,n6,light
3071470,670,n6,light
3071472,641,n6,light
3071474,609,n6,light
3071476,576,n6,light
3071478,554,n6,light
3071480,526,n6,light
3071482,502,n6,light
3071484,489,n6,light
3071486,464,n6,light
3071488,445,n6,light
3071490,429,n6,light
3071492,427,n6,light
3071494,405,n6,light
3071496,390,n6,light
3071498,375,n6,light
3071500,357,n6,light
3071502,357,n6,light
3071504,357,n6,light
3071506,366,n6,light
3071508,361,n6,light
3071510,347,n6,light
3071512,330,n6,light
3071514,334,n6,light
3071516,387,n6,light
3071518,400,n6,light
3071520,452,n6,light
3071522,473,n6,light
3071524,468,n6,light
3071526,463,n6,light
3071528,439,n6,light
3071530,426,n6,light
3071532,406,n6,light
3071534,389,n6,light
3071536,378,n6,light
3071538,375,n6,light
3071540,366,n6,light
3071542,365,n6,light
3071544,347,n6,light
3071546,333,n6,light
3071548,317,n6,light
3071550,328,n6,light
3071552,352,n6,light
3071554,359,n6,light
3071556,383,n6,light
3071558,367,n6,light
3071560,347,n6,light
3071562,336,n6,light
3071564,325,n6,light
3071566,307,n6,light
3071568,298,n6,light
3071570,283,n6,light
3071572,285,n6,light
3071574,271,n6,light
3071576,252,n6,light
3071578,250,n6,light
3071580,242,n6,light
3071582,256,n6,light
3071584,281,n6,light
3071586,295,n6,light
3071588,301,n6,light
3071590,306,n6,light
3071592,299,n6,light
3071594,291,n6,light
3071596,272,n6,light
3071598,262,n6,light
3071600,245,n6,light
3071602,231,n6,light
3071604,220,n6,light
3071606,234,n6,light
3071608,236,n6,light
3071610,283,n6,light
3071612,299,n6,light
3071614,318,n6,light
3071616,322,n6,light
3071618,318,n6,light
3071620,340,n6,light
3071622,331,n6,light
3071624,334,n6,light
3071626,316,n6,light
3071628,304,n6,light
3071630,286,n6,light
3071632,272,n6,light
3071634,261,n6,light
3071636,242,n6,light
3071638,236,n6,light
3071640,243,n6,light
3071642,245,n6,light
3071644,256,n6,light
3071646,310,n6,light
3071648,377,n6,light
3071650,404,n6,light
3071652,471,n6,light
3071654,454,n6,light
3071656,478,n6,light
3071658,464,n6,light
3071660,454,n6,light
3071662,463,n6,light
3071664,483,n6,light
3071666,469,n6,light
3071668,460,n6,light
3071670,434,n6,light
3071672,418,n6,light
3071674,398,n6,light
3071676,376,n6,light
3071678,363,n6,light
3071680,341,n6,light
3071682,327,n6,light
3071684,307,n6,light
3071686,294,n6,light
3071688,274,n6,light
3071690,262,n6,light
3071692,251,n6,light
3071694,255,n6,light
3071696,272,n6,light
3071698,259,n6,light
3071700,271,n6,light
3071702,281,n6,light
3071704,297,n6,light
3071706,304,n6,light
3071708,335,n6,light
3071710,328,n6,light
3071712,314,n6,light
3071714,305,n6,light
3071716,311,n6,light
3071718,304,n6,light
3071720,306,n6,light
3071722,325,n6,light
3071724,326,n6,light
3071726,319,n6,light
3071728,303,n6,light
3071730,289,n6,light
3071732,283,n6,light
3071734,287,n6,light
3071736,299,n6,light
3071738,349,n6,light
3071740,369,n6,light
3071742,368,n6,light
3071744,388,n6,light
3071746,390,n6,light
3071748,373,n6,light
3071750,378,n6,light
3071752,370,n6,light
3071754,357,n6,light
3071756,405,n6,light
3071758,487,n6,light
3071760,485,n6,light
3071762,495,n6,light
3071764,499,n6,light
3071766,528,n6,light
3071768,528,n6,light
3071770,510,n6,light
3071772,511,n6,light
3071774,503,n6,light
3071776,485,n6,light
3071778,471,n6,light
3071780,450,n6,light
3071782,434,n6,light
3071784,415,n6,light
3071786,398,n6,light
3071788,414,n6,light
3071790,405,n6,light
3071792,399,n6,light
3071794,375,n6,light
3071796,373,n6,light
3071798,405,n6,light
3071800,424,n6,light
3071802,423,n6,light
3071804,400,n6,light
3071806,390,n6,light
3071808,373,n6,light
3071810,370,n6,light
3071812,358,n6,light
3071814,352,n6,light
3071816,347,n6,light
3071818,431,n6,light
3071820,459,n6,light
3071822,476,n6,light
3071824,503,n6,light
3071826,550,n6,light
3071828,555,n6,light
3071830,563,n6,light
3071832,544,n6,light
3071834,528,n6,light
3071836,566,n6,light
3071838,560,n6,light
3071840,576,n6,light
3071842,582,n6,light
3071844,574,n6,light
3071846,612,n6,light
3071848,1008,n6,light
3071850,1358,n6,light
3071852,1315,n6,light
3071854,1281,n6,light
3071856,1235,n6,light
3071858,2512,n6,light
3071860,2966,n6,light
3071862,3347,n6,light
3071864,3376,n6,light
3071866,2716,n6,light
3071868,2312,n6,light
3071870,2096,n6,light
3071872,1953,n6,light
3071874,1845,n6,light
3071876,1753,n6,light
3071878,1653,n6,light
3071880,1564,n6,light
3071882,1477,n6,light
3071884,1407,n6,light
3071886,3283,n6,light
3071888,3359,n6,light
3071890,3402,n6,light
3071892,3345,n6,light
3071894,3230,n6,light
3071896,3152,n6,light
3071898,2992,n6,light
3071900,2939,n6,light
3071902,2803,n6,light
3071904,2738,n6,light
3071906,2663,n6,light
3071908,2599,n6,light
3071910,2489,n6,light
3071912,2393,n6,light
3071914,2309,n6,light
3071916,2213,n6,light
3071918,2153,n6,light
3071920,2076,n6,light
3071922,1987,n6,light
3071924,1904,n6,light
3071926,1817,n6,light
3071928,1730,n6,light
3071930,1659,n6,light
3071932,1585,n6,light
3071934,1515,n6,light
3071936,1439,n6,light
3071938,1378,n6,light
3071940,1314,n6,light
3071942,1250,n6,light
3071944,1200,n6,light
3071946,1151,n6,light
3071948,1103,n6,light
3071950,1059,n6,light
3071952,1005,n6,light
3071954,972,n6,light
3071956,970,n6,light
3071958,961,n6,light
3071960,959,n6,light
3071962,912,n6,light
3071964,880,n6,light
3071966,834,n6,light
3071968,795,n6,light
3071970,755,n6,light
3071972,734,n6,light
3071974,692,n6,light
3071976,679,n6,light
3071978,656,n6,light
3071980,627,n6,light
3071982,784,n6,light
3071984,1316,n6,light
3071986,1297,n6,light
3071988,1243,n6,light
3071990,1216,n6,light
3071992,1168,n6,light
3071994,1123,n6,light
3071996,1093,n6,light
3071998,1061,n6,light
3072000,1023,n6,light
3072002,992,n6,light
3072004,971,n6,light
3072006,928,n6,light
3072008,885,n6,light
3072010,818,n6,light
3072012,687,n6,light
